[2025-11-27T11:11:48.383-0300] {processor.py:161} INFO - Started process (PID=88743) to work on /Users/davispecia/Documents/GitHub/Pf_pipeline_dados/Projeto_final_fase3/venv/lib/python3.9/site-packages/airflow/example_dags/plugins/event_listener.py
[2025-11-27T11:11:48.383-0300] {processor.py:830} INFO - Processing file /Users/davispecia/Documents/GitHub/Pf_pipeline_dados/Projeto_final_fase3/venv/lib/python3.9/site-packages/airflow/example_dags/plugins/event_listener.py for tasks to queue
[2025-11-27T11:11:48.384-0300] {logging_mixin.py:188} INFO - [2025-11-27T11:11:48.384-0300] {dagbag.py:545} INFO - Filling up the DagBag from /Users/davispecia/Documents/GitHub/Pf_pipeline_dados/Projeto_final_fase3/venv/lib/python3.9/site-packages/airflow/example_dags/plugins/event_listener.py
[2025-11-27T11:11:48.384-0300] {processor.py:842} WARNING - No viable dags retrieved from /Users/davispecia/Documents/GitHub/Pf_pipeline_dados/Projeto_final_fase3/venv/lib/python3.9/site-packages/airflow/example_dags/plugins/event_listener.py
[2025-11-27T11:11:48.428-0300] {processor.py:183} INFO - Processing /Users/davispecia/Documents/GitHub/Pf_pipeline_dados/Projeto_final_fase3/venv/lib/python3.9/site-packages/airflow/example_dags/plugins/event_listener.py took 0.047 seconds
[2025-11-27T11:13:34.136-0300] {processor.py:161} INFO - Started process (PID=89120) to work on /Users/davispecia/Documents/GitHub/Pf_pipeline_dados/Projeto_final_fase3/venv/lib/python3.9/site-packages/airflow/example_dags/plugins/event_listener.py
[2025-11-27T11:13:34.138-0300] {processor.py:830} INFO - Processing file /Users/davispecia/Documents/GitHub/Pf_pipeline_dados/Projeto_final_fase3/venv/lib/python3.9/site-packages/airflow/example_dags/plugins/event_listener.py for tasks to queue
[2025-11-27T11:13:34.138-0300] {logging_mixin.py:188} INFO - [2025-11-27T11:13:34.138-0300] {dagbag.py:545} INFO - Filling up the DagBag from /Users/davispecia/Documents/GitHub/Pf_pipeline_dados/Projeto_final_fase3/venv/lib/python3.9/site-packages/airflow/example_dags/plugins/event_listener.py
[2025-11-27T11:13:34.138-0300] {processor.py:842} WARNING - No viable dags retrieved from /Users/davispecia/Documents/GitHub/Pf_pipeline_dados/Projeto_final_fase3/venv/lib/python3.9/site-packages/airflow/example_dags/plugins/event_listener.py
[2025-11-27T11:13:34.181-0300] {processor.py:183} INFO - Processing /Users/davispecia/Documents/GitHub/Pf_pipeline_dados/Projeto_final_fase3/venv/lib/python3.9/site-packages/airflow/example_dags/plugins/event_listener.py took 0.047 seconds
[2025-11-27T11:14:35.621-0300] {processor.py:161} INFO - Started process (PID=89963) to work on /Users/davispecia/Documents/GitHub/Pf_pipeline_dados/Projeto_final_fase3/venv/lib/python3.9/site-packages/airflow/example_dags/plugins/event_listener.py
[2025-11-27T11:14:35.622-0300] {processor.py:830} INFO - Processing file /Users/davispecia/Documents/GitHub/Pf_pipeline_dados/Projeto_final_fase3/venv/lib/python3.9/site-packages/airflow/example_dags/plugins/event_listener.py for tasks to queue
[2025-11-27T11:14:35.622-0300] {logging_mixin.py:188} INFO - [2025-11-27T11:14:35.622-0300] {dagbag.py:545} INFO - Filling up the DagBag from /Users/davispecia/Documents/GitHub/Pf_pipeline_dados/Projeto_final_fase3/venv/lib/python3.9/site-packages/airflow/example_dags/plugins/event_listener.py
[2025-11-27T11:14:35.623-0300] {processor.py:842} WARNING - No viable dags retrieved from /Users/davispecia/Documents/GitHub/Pf_pipeline_dados/Projeto_final_fase3/venv/lib/python3.9/site-packages/airflow/example_dags/plugins/event_listener.py
[2025-11-27T11:14:35.672-0300] {processor.py:183} INFO - Processing /Users/davispecia/Documents/GitHub/Pf_pipeline_dados/Projeto_final_fase3/venv/lib/python3.9/site-packages/airflow/example_dags/plugins/event_listener.py took 0.053 seconds
[2025-11-27T11:16:39.914-0300] {processor.py:161} INFO - Started process (PID=90709) to work on /Users/davispecia/Documents/GitHub/Pf_pipeline_dados/Projeto_final_fase3/venv/lib/python3.9/site-packages/airflow/example_dags/plugins/event_listener.py
[2025-11-27T11:16:39.915-0300] {processor.py:830} INFO - Processing file /Users/davispecia/Documents/GitHub/Pf_pipeline_dados/Projeto_final_fase3/venv/lib/python3.9/site-packages/airflow/example_dags/plugins/event_listener.py for tasks to queue
[2025-11-27T11:16:39.915-0300] {logging_mixin.py:188} INFO - [2025-11-27T11:16:39.915-0300] {dagbag.py:545} INFO - Filling up the DagBag from /Users/davispecia/Documents/GitHub/Pf_pipeline_dados/Projeto_final_fase3/venv/lib/python3.9/site-packages/airflow/example_dags/plugins/event_listener.py
[2025-11-27T11:16:39.916-0300] {processor.py:842} WARNING - No viable dags retrieved from /Users/davispecia/Documents/GitHub/Pf_pipeline_dados/Projeto_final_fase3/venv/lib/python3.9/site-packages/airflow/example_dags/plugins/event_listener.py
[2025-11-27T11:16:39.961-0300] {processor.py:183} INFO - Processing /Users/davispecia/Documents/GitHub/Pf_pipeline_dados/Projeto_final_fase3/venv/lib/python3.9/site-packages/airflow/example_dags/plugins/event_listener.py took 0.049 seconds
[2025-11-27T11:18:03.054-0300] {processor.py:161} INFO - Started process (PID=91073) to work on /Users/davispecia/Documents/GitHub/Pf_pipeline_dados/Projeto_final_fase3/venv/lib/python3.9/site-packages/airflow/example_dags/plugins/event_listener.py
[2025-11-27T11:18:03.055-0300] {processor.py:830} INFO - Processing file /Users/davispecia/Documents/GitHub/Pf_pipeline_dados/Projeto_final_fase3/venv/lib/python3.9/site-packages/airflow/example_dags/plugins/event_listener.py for tasks to queue
[2025-11-27T11:18:03.055-0300] {logging_mixin.py:188} INFO - [2025-11-27T11:18:03.055-0300] {dagbag.py:545} INFO - Filling up the DagBag from /Users/davispecia/Documents/GitHub/Pf_pipeline_dados/Projeto_final_fase3/venv/lib/python3.9/site-packages/airflow/example_dags/plugins/event_listener.py
[2025-11-27T11:18:03.056-0300] {processor.py:842} WARNING - No viable dags retrieved from /Users/davispecia/Documents/GitHub/Pf_pipeline_dados/Projeto_final_fase3/venv/lib/python3.9/site-packages/airflow/example_dags/plugins/event_listener.py
[2025-11-27T11:18:03.099-0300] {processor.py:183} INFO - Processing /Users/davispecia/Documents/GitHub/Pf_pipeline_dados/Projeto_final_fase3/venv/lib/python3.9/site-packages/airflow/example_dags/plugins/event_listener.py took 0.047 seconds
[2025-11-27T11:19:17.239-0300] {processor.py:161} INFO - Started process (PID=91311) to work on /Users/davispecia/Documents/GitHub/Pf_pipeline_dados/Projeto_final_fase3/venv/lib/python3.9/site-packages/airflow/example_dags/plugins/event_listener.py
[2025-11-27T11:19:17.239-0300] {processor.py:830} INFO - Processing file /Users/davispecia/Documents/GitHub/Pf_pipeline_dados/Projeto_final_fase3/venv/lib/python3.9/site-packages/airflow/example_dags/plugins/event_listener.py for tasks to queue
[2025-11-27T11:19:17.240-0300] {logging_mixin.py:188} INFO - [2025-11-27T11:19:17.240-0300] {dagbag.py:545} INFO - Filling up the DagBag from /Users/davispecia/Documents/GitHub/Pf_pipeline_dados/Projeto_final_fase3/venv/lib/python3.9/site-packages/airflow/example_dags/plugins/event_listener.py
[2025-11-27T11:19:17.240-0300] {processor.py:842} WARNING - No viable dags retrieved from /Users/davispecia/Documents/GitHub/Pf_pipeline_dados/Projeto_final_fase3/venv/lib/python3.9/site-packages/airflow/example_dags/plugins/event_listener.py
[2025-11-27T11:19:17.285-0300] {processor.py:183} INFO - Processing /Users/davispecia/Documents/GitHub/Pf_pipeline_dados/Projeto_final_fase3/venv/lib/python3.9/site-packages/airflow/example_dags/plugins/event_listener.py took 0.049 seconds
[2025-11-27T11:20:18.727-0300] {processor.py:161} INFO - Started process (PID=91460) to work on /Users/davispecia/Documents/GitHub/Pf_pipeline_dados/Projeto_final_fase3/venv/lib/python3.9/site-packages/airflow/example_dags/plugins/event_listener.py
[2025-11-27T11:20:18.728-0300] {processor.py:830} INFO - Processing file /Users/davispecia/Documents/GitHub/Pf_pipeline_dados/Projeto_final_fase3/venv/lib/python3.9/site-packages/airflow/example_dags/plugins/event_listener.py for tasks to queue
[2025-11-27T11:20:18.728-0300] {logging_mixin.py:188} INFO - [2025-11-27T11:20:18.728-0300] {dagbag.py:545} INFO - Filling up the DagBag from /Users/davispecia/Documents/GitHub/Pf_pipeline_dados/Projeto_final_fase3/venv/lib/python3.9/site-packages/airflow/example_dags/plugins/event_listener.py
[2025-11-27T11:20:18.729-0300] {processor.py:842} WARNING - No viable dags retrieved from /Users/davispecia/Documents/GitHub/Pf_pipeline_dados/Projeto_final_fase3/venv/lib/python3.9/site-packages/airflow/example_dags/plugins/event_listener.py
[2025-11-27T11:20:18.772-0300] {processor.py:183} INFO - Processing /Users/davispecia/Documents/GitHub/Pf_pipeline_dados/Projeto_final_fase3/venv/lib/python3.9/site-packages/airflow/example_dags/plugins/event_listener.py took 0.048 seconds
[2025-11-27T11:21:23.187-0300] {processor.py:161} INFO - Started process (PID=91624) to work on /Users/davispecia/Documents/GitHub/Pf_pipeline_dados/Projeto_final_fase3/venv/lib/python3.9/site-packages/airflow/example_dags/plugins/event_listener.py
[2025-11-27T11:21:23.188-0300] {processor.py:830} INFO - Processing file /Users/davispecia/Documents/GitHub/Pf_pipeline_dados/Projeto_final_fase3/venv/lib/python3.9/site-packages/airflow/example_dags/plugins/event_listener.py for tasks to queue
[2025-11-27T11:21:23.188-0300] {logging_mixin.py:188} INFO - [2025-11-27T11:21:23.188-0300] {dagbag.py:545} INFO - Filling up the DagBag from /Users/davispecia/Documents/GitHub/Pf_pipeline_dados/Projeto_final_fase3/venv/lib/python3.9/site-packages/airflow/example_dags/plugins/event_listener.py
[2025-11-27T11:21:23.189-0300] {processor.py:842} WARNING - No viable dags retrieved from /Users/davispecia/Documents/GitHub/Pf_pipeline_dados/Projeto_final_fase3/venv/lib/python3.9/site-packages/airflow/example_dags/plugins/event_listener.py
[2025-11-27T11:21:23.233-0300] {processor.py:183} INFO - Processing /Users/davispecia/Documents/GitHub/Pf_pipeline_dados/Projeto_final_fase3/venv/lib/python3.9/site-packages/airflow/example_dags/plugins/event_listener.py took 0.049 seconds
[2025-11-27T11:22:22.170-0300] {processor.py:161} INFO - Started process (PID=91765) to work on /Users/davispecia/Documents/GitHub/Pf_pipeline_dados/Projeto_final_fase3/venv/lib/python3.9/site-packages/airflow/example_dags/plugins/event_listener.py
[2025-11-27T11:22:22.171-0300] {processor.py:830} INFO - Processing file /Users/davispecia/Documents/GitHub/Pf_pipeline_dados/Projeto_final_fase3/venv/lib/python3.9/site-packages/airflow/example_dags/plugins/event_listener.py for tasks to queue
[2025-11-27T11:22:22.171-0300] {logging_mixin.py:188} INFO - [2025-11-27T11:22:22.171-0300] {dagbag.py:545} INFO - Filling up the DagBag from /Users/davispecia/Documents/GitHub/Pf_pipeline_dados/Projeto_final_fase3/venv/lib/python3.9/site-packages/airflow/example_dags/plugins/event_listener.py
[2025-11-27T11:22:22.172-0300] {processor.py:842} WARNING - No viable dags retrieved from /Users/davispecia/Documents/GitHub/Pf_pipeline_dados/Projeto_final_fase3/venv/lib/python3.9/site-packages/airflow/example_dags/plugins/event_listener.py
[2025-11-27T11:22:22.216-0300] {processor.py:183} INFO - Processing /Users/davispecia/Documents/GitHub/Pf_pipeline_dados/Projeto_final_fase3/venv/lib/python3.9/site-packages/airflow/example_dags/plugins/event_listener.py took 0.049 seconds
[2025-11-27T11:23:25.047-0300] {processor.py:161} INFO - Started process (PID=91924) to work on /Users/davispecia/Documents/GitHub/Pf_pipeline_dados/Projeto_final_fase3/venv/lib/python3.9/site-packages/airflow/example_dags/plugins/event_listener.py
[2025-11-27T11:23:25.048-0300] {processor.py:830} INFO - Processing file /Users/davispecia/Documents/GitHub/Pf_pipeline_dados/Projeto_final_fase3/venv/lib/python3.9/site-packages/airflow/example_dags/plugins/event_listener.py for tasks to queue
[2025-11-27T11:23:25.048-0300] {logging_mixin.py:188} INFO - [2025-11-27T11:23:25.048-0300] {dagbag.py:545} INFO - Filling up the DagBag from /Users/davispecia/Documents/GitHub/Pf_pipeline_dados/Projeto_final_fase3/venv/lib/python3.9/site-packages/airflow/example_dags/plugins/event_listener.py
[2025-11-27T11:23:25.049-0300] {processor.py:842} WARNING - No viable dags retrieved from /Users/davispecia/Documents/GitHub/Pf_pipeline_dados/Projeto_final_fase3/venv/lib/python3.9/site-packages/airflow/example_dags/plugins/event_listener.py
[2025-11-27T11:23:25.092-0300] {processor.py:183} INFO - Processing /Users/davispecia/Documents/GitHub/Pf_pipeline_dados/Projeto_final_fase3/venv/lib/python3.9/site-packages/airflow/example_dags/plugins/event_listener.py took 0.047 seconds
[2025-11-27T11:24:27.325-0300] {processor.py:161} INFO - Started process (PID=92070) to work on /Users/davispecia/Documents/GitHub/Pf_pipeline_dados/Projeto_final_fase3/venv/lib/python3.9/site-packages/airflow/example_dags/plugins/event_listener.py
[2025-11-27T11:24:27.326-0300] {processor.py:830} INFO - Processing file /Users/davispecia/Documents/GitHub/Pf_pipeline_dados/Projeto_final_fase3/venv/lib/python3.9/site-packages/airflow/example_dags/plugins/event_listener.py for tasks to queue
[2025-11-27T11:24:27.326-0300] {logging_mixin.py:188} INFO - [2025-11-27T11:24:27.326-0300] {dagbag.py:545} INFO - Filling up the DagBag from /Users/davispecia/Documents/GitHub/Pf_pipeline_dados/Projeto_final_fase3/venv/lib/python3.9/site-packages/airflow/example_dags/plugins/event_listener.py
[2025-11-27T11:24:27.327-0300] {processor.py:842} WARNING - No viable dags retrieved from /Users/davispecia/Documents/GitHub/Pf_pipeline_dados/Projeto_final_fase3/venv/lib/python3.9/site-packages/airflow/example_dags/plugins/event_listener.py
[2025-11-27T11:24:27.370-0300] {processor.py:183} INFO - Processing /Users/davispecia/Documents/GitHub/Pf_pipeline_dados/Projeto_final_fase3/venv/lib/python3.9/site-packages/airflow/example_dags/plugins/event_listener.py took 0.047 seconds
[2025-11-27T11:25:38.855-0300] {processor.py:161} INFO - Started process (PID=92304) to work on /Users/davispecia/Documents/GitHub/Pf_pipeline_dados/Projeto_final_fase3/venv/lib/python3.9/site-packages/airflow/example_dags/plugins/event_listener.py
[2025-11-27T11:25:38.856-0300] {processor.py:830} INFO - Processing file /Users/davispecia/Documents/GitHub/Pf_pipeline_dados/Projeto_final_fase3/venv/lib/python3.9/site-packages/airflow/example_dags/plugins/event_listener.py for tasks to queue
[2025-11-27T11:25:38.856-0300] {logging_mixin.py:188} INFO - [2025-11-27T11:25:38.856-0300] {dagbag.py:545} INFO - Filling up the DagBag from /Users/davispecia/Documents/GitHub/Pf_pipeline_dados/Projeto_final_fase3/venv/lib/python3.9/site-packages/airflow/example_dags/plugins/event_listener.py
[2025-11-27T11:25:38.857-0300] {processor.py:842} WARNING - No viable dags retrieved from /Users/davispecia/Documents/GitHub/Pf_pipeline_dados/Projeto_final_fase3/venv/lib/python3.9/site-packages/airflow/example_dags/plugins/event_listener.py
[2025-11-27T11:25:38.901-0300] {processor.py:183} INFO - Processing /Users/davispecia/Documents/GitHub/Pf_pipeline_dados/Projeto_final_fase3/venv/lib/python3.9/site-packages/airflow/example_dags/plugins/event_listener.py took 0.049 seconds
[2025-11-27T11:26:40.536-0300] {processor.py:161} INFO - Started process (PID=92458) to work on /Users/davispecia/Documents/GitHub/Pf_pipeline_dados/Projeto_final_fase3/venv/lib/python3.9/site-packages/airflow/example_dags/plugins/event_listener.py
[2025-11-27T11:26:40.538-0300] {processor.py:830} INFO - Processing file /Users/davispecia/Documents/GitHub/Pf_pipeline_dados/Projeto_final_fase3/venv/lib/python3.9/site-packages/airflow/example_dags/plugins/event_listener.py for tasks to queue
[2025-11-27T11:26:40.538-0300] {logging_mixin.py:188} INFO - [2025-11-27T11:26:40.538-0300] {dagbag.py:545} INFO - Filling up the DagBag from /Users/davispecia/Documents/GitHub/Pf_pipeline_dados/Projeto_final_fase3/venv/lib/python3.9/site-packages/airflow/example_dags/plugins/event_listener.py
[2025-11-27T11:26:40.538-0300] {processor.py:842} WARNING - No viable dags retrieved from /Users/davispecia/Documents/GitHub/Pf_pipeline_dados/Projeto_final_fase3/venv/lib/python3.9/site-packages/airflow/example_dags/plugins/event_listener.py
[2025-11-27T11:26:40.581-0300] {processor.py:183} INFO - Processing /Users/davispecia/Documents/GitHub/Pf_pipeline_dados/Projeto_final_fase3/venv/lib/python3.9/site-packages/airflow/example_dags/plugins/event_listener.py took 0.046 seconds
[2025-11-27T11:27:41.020-0300] {processor.py:161} INFO - Started process (PID=92623) to work on /Users/davispecia/Documents/GitHub/Pf_pipeline_dados/Projeto_final_fase3/venv/lib/python3.9/site-packages/airflow/example_dags/plugins/event_listener.py
[2025-11-27T11:27:41.020-0300] {processor.py:830} INFO - Processing file /Users/davispecia/Documents/GitHub/Pf_pipeline_dados/Projeto_final_fase3/venv/lib/python3.9/site-packages/airflow/example_dags/plugins/event_listener.py for tasks to queue
[2025-11-27T11:27:41.021-0300] {logging_mixin.py:188} INFO - [2025-11-27T11:27:41.021-0300] {dagbag.py:545} INFO - Filling up the DagBag from /Users/davispecia/Documents/GitHub/Pf_pipeline_dados/Projeto_final_fase3/venv/lib/python3.9/site-packages/airflow/example_dags/plugins/event_listener.py
[2025-11-27T11:27:41.021-0300] {processor.py:842} WARNING - No viable dags retrieved from /Users/davispecia/Documents/GitHub/Pf_pipeline_dados/Projeto_final_fase3/venv/lib/python3.9/site-packages/airflow/example_dags/plugins/event_listener.py
[2025-11-27T11:27:41.064-0300] {processor.py:183} INFO - Processing /Users/davispecia/Documents/GitHub/Pf_pipeline_dados/Projeto_final_fase3/venv/lib/python3.9/site-packages/airflow/example_dags/plugins/event_listener.py took 0.046 seconds
[2025-11-27T11:28:42.197-0300] {processor.py:161} INFO - Started process (PID=92774) to work on /Users/davispecia/Documents/GitHub/Pf_pipeline_dados/Projeto_final_fase3/venv/lib/python3.9/site-packages/airflow/example_dags/plugins/event_listener.py
[2025-11-27T11:28:42.198-0300] {processor.py:830} INFO - Processing file /Users/davispecia/Documents/GitHub/Pf_pipeline_dados/Projeto_final_fase3/venv/lib/python3.9/site-packages/airflow/example_dags/plugins/event_listener.py for tasks to queue
[2025-11-27T11:28:42.199-0300] {logging_mixin.py:188} INFO - [2025-11-27T11:28:42.199-0300] {dagbag.py:545} INFO - Filling up the DagBag from /Users/davispecia/Documents/GitHub/Pf_pipeline_dados/Projeto_final_fase3/venv/lib/python3.9/site-packages/airflow/example_dags/plugins/event_listener.py
[2025-11-27T11:28:42.199-0300] {processor.py:842} WARNING - No viable dags retrieved from /Users/davispecia/Documents/GitHub/Pf_pipeline_dados/Projeto_final_fase3/venv/lib/python3.9/site-packages/airflow/example_dags/plugins/event_listener.py
[2025-11-27T11:28:42.243-0300] {processor.py:183} INFO - Processing /Users/davispecia/Documents/GitHub/Pf_pipeline_dados/Projeto_final_fase3/venv/lib/python3.9/site-packages/airflow/example_dags/plugins/event_listener.py took 0.048 seconds
[2025-11-27T11:29:45.660-0300] {processor.py:161} INFO - Started process (PID=92921) to work on /Users/davispecia/Documents/GitHub/Pf_pipeline_dados/Projeto_final_fase3/venv/lib/python3.9/site-packages/airflow/example_dags/plugins/event_listener.py
[2025-11-27T11:29:45.660-0300] {processor.py:830} INFO - Processing file /Users/davispecia/Documents/GitHub/Pf_pipeline_dados/Projeto_final_fase3/venv/lib/python3.9/site-packages/airflow/example_dags/plugins/event_listener.py for tasks to queue
[2025-11-27T11:29:45.661-0300] {logging_mixin.py:188} INFO - [2025-11-27T11:29:45.661-0300] {dagbag.py:545} INFO - Filling up the DagBag from /Users/davispecia/Documents/GitHub/Pf_pipeline_dados/Projeto_final_fase3/venv/lib/python3.9/site-packages/airflow/example_dags/plugins/event_listener.py
[2025-11-27T11:29:45.661-0300] {processor.py:842} WARNING - No viable dags retrieved from /Users/davispecia/Documents/GitHub/Pf_pipeline_dados/Projeto_final_fase3/venv/lib/python3.9/site-packages/airflow/example_dags/plugins/event_listener.py
[2025-11-27T11:29:45.705-0300] {processor.py:183} INFO - Processing /Users/davispecia/Documents/GitHub/Pf_pipeline_dados/Projeto_final_fase3/venv/lib/python3.9/site-packages/airflow/example_dags/plugins/event_listener.py took 0.047 seconds
[2025-11-27T11:30:57.443-0300] {processor.py:161} INFO - Started process (PID=93153) to work on /Users/davispecia/Documents/GitHub/Pf_pipeline_dados/Projeto_final_fase3/venv/lib/python3.9/site-packages/airflow/example_dags/plugins/event_listener.py
[2025-11-27T11:30:57.444-0300] {processor.py:830} INFO - Processing file /Users/davispecia/Documents/GitHub/Pf_pipeline_dados/Projeto_final_fase3/venv/lib/python3.9/site-packages/airflow/example_dags/plugins/event_listener.py for tasks to queue
[2025-11-27T11:30:57.444-0300] {logging_mixin.py:188} INFO - [2025-11-27T11:30:57.444-0300] {dagbag.py:545} INFO - Filling up the DagBag from /Users/davispecia/Documents/GitHub/Pf_pipeline_dados/Projeto_final_fase3/venv/lib/python3.9/site-packages/airflow/example_dags/plugins/event_listener.py
[2025-11-27T11:30:57.445-0300] {processor.py:842} WARNING - No viable dags retrieved from /Users/davispecia/Documents/GitHub/Pf_pipeline_dados/Projeto_final_fase3/venv/lib/python3.9/site-packages/airflow/example_dags/plugins/event_listener.py
[2025-11-27T11:30:57.488-0300] {processor.py:183} INFO - Processing /Users/davispecia/Documents/GitHub/Pf_pipeline_dados/Projeto_final_fase3/venv/lib/python3.9/site-packages/airflow/example_dags/plugins/event_listener.py took 0.047 seconds
[2025-11-27T11:31:55.893-0300] {processor.py:161} INFO - Started process (PID=93290) to work on /Users/davispecia/Documents/GitHub/Pf_pipeline_dados/Projeto_final_fase3/venv/lib/python3.9/site-packages/airflow/example_dags/plugins/event_listener.py
[2025-11-27T11:31:55.894-0300] {processor.py:830} INFO - Processing file /Users/davispecia/Documents/GitHub/Pf_pipeline_dados/Projeto_final_fase3/venv/lib/python3.9/site-packages/airflow/example_dags/plugins/event_listener.py for tasks to queue
[2025-11-27T11:31:55.894-0300] {logging_mixin.py:188} INFO - [2025-11-27T11:31:55.894-0300] {dagbag.py:545} INFO - Filling up the DagBag from /Users/davispecia/Documents/GitHub/Pf_pipeline_dados/Projeto_final_fase3/venv/lib/python3.9/site-packages/airflow/example_dags/plugins/event_listener.py
[2025-11-27T11:31:55.895-0300] {processor.py:842} WARNING - No viable dags retrieved from /Users/davispecia/Documents/GitHub/Pf_pipeline_dados/Projeto_final_fase3/venv/lib/python3.9/site-packages/airflow/example_dags/plugins/event_listener.py
[2025-11-27T11:31:55.937-0300] {processor.py:183} INFO - Processing /Users/davispecia/Documents/GitHub/Pf_pipeline_dados/Projeto_final_fase3/venv/lib/python3.9/site-packages/airflow/example_dags/plugins/event_listener.py took 0.045 seconds
[2025-11-27T11:32:58.905-0300] {processor.py:161} INFO - Started process (PID=93442) to work on /Users/davispecia/Documents/GitHub/Pf_pipeline_dados/Projeto_final_fase3/venv/lib/python3.9/site-packages/airflow/example_dags/plugins/event_listener.py
[2025-11-27T11:32:58.906-0300] {processor.py:830} INFO - Processing file /Users/davispecia/Documents/GitHub/Pf_pipeline_dados/Projeto_final_fase3/venv/lib/python3.9/site-packages/airflow/example_dags/plugins/event_listener.py for tasks to queue
[2025-11-27T11:32:58.906-0300] {logging_mixin.py:188} INFO - [2025-11-27T11:32:58.906-0300] {dagbag.py:545} INFO - Filling up the DagBag from /Users/davispecia/Documents/GitHub/Pf_pipeline_dados/Projeto_final_fase3/venv/lib/python3.9/site-packages/airflow/example_dags/plugins/event_listener.py
[2025-11-27T11:32:58.907-0300] {processor.py:842} WARNING - No viable dags retrieved from /Users/davispecia/Documents/GitHub/Pf_pipeline_dados/Projeto_final_fase3/venv/lib/python3.9/site-packages/airflow/example_dags/plugins/event_listener.py
[2025-11-27T11:32:58.950-0300] {processor.py:183} INFO - Processing /Users/davispecia/Documents/GitHub/Pf_pipeline_dados/Projeto_final_fase3/venv/lib/python3.9/site-packages/airflow/example_dags/plugins/event_listener.py took 0.048 seconds
[2025-11-27T11:34:02.702-0300] {processor.py:161} INFO - Started process (PID=93596) to work on /Users/davispecia/Documents/GitHub/Pf_pipeline_dados/Projeto_final_fase3/venv/lib/python3.9/site-packages/airflow/example_dags/plugins/event_listener.py
[2025-11-27T11:34:02.703-0300] {processor.py:830} INFO - Processing file /Users/davispecia/Documents/GitHub/Pf_pipeline_dados/Projeto_final_fase3/venv/lib/python3.9/site-packages/airflow/example_dags/plugins/event_listener.py for tasks to queue
[2025-11-27T11:34:02.704-0300] {logging_mixin.py:188} INFO - [2025-11-27T11:34:02.704-0300] {dagbag.py:545} INFO - Filling up the DagBag from /Users/davispecia/Documents/GitHub/Pf_pipeline_dados/Projeto_final_fase3/venv/lib/python3.9/site-packages/airflow/example_dags/plugins/event_listener.py
[2025-11-27T11:34:02.704-0300] {processor.py:842} WARNING - No viable dags retrieved from /Users/davispecia/Documents/GitHub/Pf_pipeline_dados/Projeto_final_fase3/venv/lib/python3.9/site-packages/airflow/example_dags/plugins/event_listener.py
[2025-11-27T11:34:02.747-0300] {processor.py:183} INFO - Processing /Users/davispecia/Documents/GitHub/Pf_pipeline_dados/Projeto_final_fase3/venv/lib/python3.9/site-packages/airflow/example_dags/plugins/event_listener.py took 0.047 seconds
[2025-11-27T11:35:04.799-0300] {processor.py:161} INFO - Started process (PID=93745) to work on /Users/davispecia/Documents/GitHub/Pf_pipeline_dados/Projeto_final_fase3/venv/lib/python3.9/site-packages/airflow/example_dags/plugins/event_listener.py
[2025-11-27T11:35:04.801-0300] {processor.py:830} INFO - Processing file /Users/davispecia/Documents/GitHub/Pf_pipeline_dados/Projeto_final_fase3/venv/lib/python3.9/site-packages/airflow/example_dags/plugins/event_listener.py for tasks to queue
[2025-11-27T11:35:04.801-0300] {logging_mixin.py:188} INFO - [2025-11-27T11:35:04.801-0300] {dagbag.py:545} INFO - Filling up the DagBag from /Users/davispecia/Documents/GitHub/Pf_pipeline_dados/Projeto_final_fase3/venv/lib/python3.9/site-packages/airflow/example_dags/plugins/event_listener.py
[2025-11-27T11:35:04.801-0300] {processor.py:842} WARNING - No viable dags retrieved from /Users/davispecia/Documents/GitHub/Pf_pipeline_dados/Projeto_final_fase3/venv/lib/python3.9/site-packages/airflow/example_dags/plugins/event_listener.py
[2025-11-27T11:35:04.843-0300] {processor.py:183} INFO - Processing /Users/davispecia/Documents/GitHub/Pf_pipeline_dados/Projeto_final_fase3/venv/lib/python3.9/site-packages/airflow/example_dags/plugins/event_listener.py took 0.046 seconds
[2025-11-27T11:36:18.267-0300] {processor.py:161} INFO - Started process (PID=93978) to work on /Users/davispecia/Documents/GitHub/Pf_pipeline_dados/Projeto_final_fase3/venv/lib/python3.9/site-packages/airflow/example_dags/plugins/event_listener.py
[2025-11-27T11:36:18.267-0300] {processor.py:830} INFO - Processing file /Users/davispecia/Documents/GitHub/Pf_pipeline_dados/Projeto_final_fase3/venv/lib/python3.9/site-packages/airflow/example_dags/plugins/event_listener.py for tasks to queue
[2025-11-27T11:36:18.268-0300] {logging_mixin.py:188} INFO - [2025-11-27T11:36:18.268-0300] {dagbag.py:545} INFO - Filling up the DagBag from /Users/davispecia/Documents/GitHub/Pf_pipeline_dados/Projeto_final_fase3/venv/lib/python3.9/site-packages/airflow/example_dags/plugins/event_listener.py
[2025-11-27T11:36:18.268-0300] {processor.py:842} WARNING - No viable dags retrieved from /Users/davispecia/Documents/GitHub/Pf_pipeline_dados/Projeto_final_fase3/venv/lib/python3.9/site-packages/airflow/example_dags/plugins/event_listener.py
[2025-11-27T11:36:18.312-0300] {processor.py:183} INFO - Processing /Users/davispecia/Documents/GitHub/Pf_pipeline_dados/Projeto_final_fase3/venv/lib/python3.9/site-packages/airflow/example_dags/plugins/event_listener.py took 0.047 seconds
[2025-11-27T11:37:20.068-0300] {processor.py:161} INFO - Started process (PID=94123) to work on /Users/davispecia/Documents/GitHub/Pf_pipeline_dados/Projeto_final_fase3/venv/lib/python3.9/site-packages/airflow/example_dags/plugins/event_listener.py
[2025-11-27T11:37:20.069-0300] {processor.py:830} INFO - Processing file /Users/davispecia/Documents/GitHub/Pf_pipeline_dados/Projeto_final_fase3/venv/lib/python3.9/site-packages/airflow/example_dags/plugins/event_listener.py for tasks to queue
[2025-11-27T11:37:20.070-0300] {logging_mixin.py:188} INFO - [2025-11-27T11:37:20.070-0300] {dagbag.py:545} INFO - Filling up the DagBag from /Users/davispecia/Documents/GitHub/Pf_pipeline_dados/Projeto_final_fase3/venv/lib/python3.9/site-packages/airflow/example_dags/plugins/event_listener.py
[2025-11-27T11:37:20.070-0300] {processor.py:842} WARNING - No viable dags retrieved from /Users/davispecia/Documents/GitHub/Pf_pipeline_dados/Projeto_final_fase3/venv/lib/python3.9/site-packages/airflow/example_dags/plugins/event_listener.py
[2025-11-27T11:37:20.112-0300] {processor.py:183} INFO - Processing /Users/davispecia/Documents/GitHub/Pf_pipeline_dados/Projeto_final_fase3/venv/lib/python3.9/site-packages/airflow/example_dags/plugins/event_listener.py took 0.046 seconds
[2025-11-27T11:38:24.444-0300] {processor.py:161} INFO - Started process (PID=94274) to work on /Users/davispecia/Documents/GitHub/Pf_pipeline_dados/Projeto_final_fase3/venv/lib/python3.9/site-packages/airflow/example_dags/plugins/event_listener.py
[2025-11-27T11:38:24.445-0300] {processor.py:830} INFO - Processing file /Users/davispecia/Documents/GitHub/Pf_pipeline_dados/Projeto_final_fase3/venv/lib/python3.9/site-packages/airflow/example_dags/plugins/event_listener.py for tasks to queue
[2025-11-27T11:38:24.445-0300] {logging_mixin.py:188} INFO - [2025-11-27T11:38:24.445-0300] {dagbag.py:545} INFO - Filling up the DagBag from /Users/davispecia/Documents/GitHub/Pf_pipeline_dados/Projeto_final_fase3/venv/lib/python3.9/site-packages/airflow/example_dags/plugins/event_listener.py
[2025-11-27T11:38:24.446-0300] {processor.py:842} WARNING - No viable dags retrieved from /Users/davispecia/Documents/GitHub/Pf_pipeline_dados/Projeto_final_fase3/venv/lib/python3.9/site-packages/airflow/example_dags/plugins/event_listener.py
[2025-11-27T11:38:24.489-0300] {processor.py:183} INFO - Processing /Users/davispecia/Documents/GitHub/Pf_pipeline_dados/Projeto_final_fase3/venv/lib/python3.9/site-packages/airflow/example_dags/plugins/event_listener.py took 0.047 seconds
[2025-11-27T11:39:27.809-0300] {processor.py:161} INFO - Started process (PID=94419) to work on /Users/davispecia/Documents/GitHub/Pf_pipeline_dados/Projeto_final_fase3/venv/lib/python3.9/site-packages/airflow/example_dags/plugins/event_listener.py
[2025-11-27T11:39:27.810-0300] {processor.py:830} INFO - Processing file /Users/davispecia/Documents/GitHub/Pf_pipeline_dados/Projeto_final_fase3/venv/lib/python3.9/site-packages/airflow/example_dags/plugins/event_listener.py for tasks to queue
[2025-11-27T11:39:27.811-0300] {logging_mixin.py:188} INFO - [2025-11-27T11:39:27.811-0300] {dagbag.py:545} INFO - Filling up the DagBag from /Users/davispecia/Documents/GitHub/Pf_pipeline_dados/Projeto_final_fase3/venv/lib/python3.9/site-packages/airflow/example_dags/plugins/event_listener.py
[2025-11-27T11:39:27.811-0300] {processor.py:842} WARNING - No viable dags retrieved from /Users/davispecia/Documents/GitHub/Pf_pipeline_dados/Projeto_final_fase3/venv/lib/python3.9/site-packages/airflow/example_dags/plugins/event_listener.py
[2025-11-27T11:39:27.856-0300] {processor.py:183} INFO - Processing /Users/davispecia/Documents/GitHub/Pf_pipeline_dados/Projeto_final_fase3/venv/lib/python3.9/site-packages/airflow/example_dags/plugins/event_listener.py took 0.049 seconds
[2025-11-27T11:40:30.432-0300] {processor.py:161} INFO - Started process (PID=94566) to work on /Users/davispecia/Documents/GitHub/Pf_pipeline_dados/Projeto_final_fase3/venv/lib/python3.9/site-packages/airflow/example_dags/plugins/event_listener.py
[2025-11-27T11:40:30.433-0300] {processor.py:830} INFO - Processing file /Users/davispecia/Documents/GitHub/Pf_pipeline_dados/Projeto_final_fase3/venv/lib/python3.9/site-packages/airflow/example_dags/plugins/event_listener.py for tasks to queue
[2025-11-27T11:40:30.433-0300] {logging_mixin.py:188} INFO - [2025-11-27T11:40:30.433-0300] {dagbag.py:545} INFO - Filling up the DagBag from /Users/davispecia/Documents/GitHub/Pf_pipeline_dados/Projeto_final_fase3/venv/lib/python3.9/site-packages/airflow/example_dags/plugins/event_listener.py
[2025-11-27T11:40:30.434-0300] {processor.py:842} WARNING - No viable dags retrieved from /Users/davispecia/Documents/GitHub/Pf_pipeline_dados/Projeto_final_fase3/venv/lib/python3.9/site-packages/airflow/example_dags/plugins/event_listener.py
[2025-11-27T11:40:30.477-0300] {processor.py:183} INFO - Processing /Users/davispecia/Documents/GitHub/Pf_pipeline_dados/Projeto_final_fase3/venv/lib/python3.9/site-packages/airflow/example_dags/plugins/event_listener.py took 0.047 seconds
[2025-11-27T11:41:41.775-0300] {processor.py:161} INFO - Started process (PID=94809) to work on /Users/davispecia/Documents/GitHub/Pf_pipeline_dados/Projeto_final_fase3/venv/lib/python3.9/site-packages/airflow/example_dags/plugins/event_listener.py
[2025-11-27T11:41:41.776-0300] {processor.py:830} INFO - Processing file /Users/davispecia/Documents/GitHub/Pf_pipeline_dados/Projeto_final_fase3/venv/lib/python3.9/site-packages/airflow/example_dags/plugins/event_listener.py for tasks to queue
[2025-11-27T11:41:41.777-0300] {logging_mixin.py:188} INFO - [2025-11-27T11:41:41.777-0300] {dagbag.py:545} INFO - Filling up the DagBag from /Users/davispecia/Documents/GitHub/Pf_pipeline_dados/Projeto_final_fase3/venv/lib/python3.9/site-packages/airflow/example_dags/plugins/event_listener.py
[2025-11-27T11:41:41.777-0300] {processor.py:842} WARNING - No viable dags retrieved from /Users/davispecia/Documents/GitHub/Pf_pipeline_dados/Projeto_final_fase3/venv/lib/python3.9/site-packages/airflow/example_dags/plugins/event_listener.py
[2025-11-27T11:41:41.820-0300] {processor.py:183} INFO - Processing /Users/davispecia/Documents/GitHub/Pf_pipeline_dados/Projeto_final_fase3/venv/lib/python3.9/site-packages/airflow/example_dags/plugins/event_listener.py took 0.046 seconds
[2025-11-27T11:42:45.729-0300] {processor.py:161} INFO - Started process (PID=94961) to work on /Users/davispecia/Documents/GitHub/Pf_pipeline_dados/Projeto_final_fase3/venv/lib/python3.9/site-packages/airflow/example_dags/plugins/event_listener.py
[2025-11-27T11:42:45.730-0300] {processor.py:830} INFO - Processing file /Users/davispecia/Documents/GitHub/Pf_pipeline_dados/Projeto_final_fase3/venv/lib/python3.9/site-packages/airflow/example_dags/plugins/event_listener.py for tasks to queue
[2025-11-27T11:42:45.730-0300] {logging_mixin.py:188} INFO - [2025-11-27T11:42:45.730-0300] {dagbag.py:545} INFO - Filling up the DagBag from /Users/davispecia/Documents/GitHub/Pf_pipeline_dados/Projeto_final_fase3/venv/lib/python3.9/site-packages/airflow/example_dags/plugins/event_listener.py
[2025-11-27T11:42:45.731-0300] {processor.py:842} WARNING - No viable dags retrieved from /Users/davispecia/Documents/GitHub/Pf_pipeline_dados/Projeto_final_fase3/venv/lib/python3.9/site-packages/airflow/example_dags/plugins/event_listener.py
[2025-11-27T11:42:45.773-0300] {processor.py:183} INFO - Processing /Users/davispecia/Documents/GitHub/Pf_pipeline_dados/Projeto_final_fase3/venv/lib/python3.9/site-packages/airflow/example_dags/plugins/event_listener.py took 0.045 seconds
[2025-11-27T11:43:49.779-0300] {processor.py:161} INFO - Started process (PID=95113) to work on /Users/davispecia/Documents/GitHub/Pf_pipeline_dados/Projeto_final_fase3/venv/lib/python3.9/site-packages/airflow/example_dags/plugins/event_listener.py
[2025-11-27T11:43:49.782-0300] {processor.py:830} INFO - Processing file /Users/davispecia/Documents/GitHub/Pf_pipeline_dados/Projeto_final_fase3/venv/lib/python3.9/site-packages/airflow/example_dags/plugins/event_listener.py for tasks to queue
[2025-11-27T11:43:49.782-0300] {logging_mixin.py:188} INFO - [2025-11-27T11:43:49.782-0300] {dagbag.py:545} INFO - Filling up the DagBag from /Users/davispecia/Documents/GitHub/Pf_pipeline_dados/Projeto_final_fase3/venv/lib/python3.9/site-packages/airflow/example_dags/plugins/event_listener.py
[2025-11-27T11:43:49.783-0300] {processor.py:842} WARNING - No viable dags retrieved from /Users/davispecia/Documents/GitHub/Pf_pipeline_dados/Projeto_final_fase3/venv/lib/python3.9/site-packages/airflow/example_dags/plugins/event_listener.py
[2025-11-27T11:43:49.825-0300] {processor.py:183} INFO - Processing /Users/davispecia/Documents/GitHub/Pf_pipeline_dados/Projeto_final_fase3/venv/lib/python3.9/site-packages/airflow/example_dags/plugins/event_listener.py took 0.049 seconds
[2025-11-27T11:44:52.944-0300] {processor.py:161} INFO - Started process (PID=95262) to work on /Users/davispecia/Documents/GitHub/Pf_pipeline_dados/Projeto_final_fase3/venv/lib/python3.9/site-packages/airflow/example_dags/plugins/event_listener.py
[2025-11-27T11:44:52.945-0300] {processor.py:830} INFO - Processing file /Users/davispecia/Documents/GitHub/Pf_pipeline_dados/Projeto_final_fase3/venv/lib/python3.9/site-packages/airflow/example_dags/plugins/event_listener.py for tasks to queue
[2025-11-27T11:44:52.945-0300] {logging_mixin.py:188} INFO - [2025-11-27T11:44:52.945-0300] {dagbag.py:545} INFO - Filling up the DagBag from /Users/davispecia/Documents/GitHub/Pf_pipeline_dados/Projeto_final_fase3/venv/lib/python3.9/site-packages/airflow/example_dags/plugins/event_listener.py
[2025-11-27T11:44:52.946-0300] {processor.py:842} WARNING - No viable dags retrieved from /Users/davispecia/Documents/GitHub/Pf_pipeline_dados/Projeto_final_fase3/venv/lib/python3.9/site-packages/airflow/example_dags/plugins/event_listener.py
[2025-11-27T11:44:52.989-0300] {processor.py:183} INFO - Processing /Users/davispecia/Documents/GitHub/Pf_pipeline_dados/Projeto_final_fase3/venv/lib/python3.9/site-packages/airflow/example_dags/plugins/event_listener.py took 0.047 seconds
[2025-11-27T11:45:54.625-0300] {processor.py:161} INFO - Started process (PID=95410) to work on /Users/davispecia/Documents/GitHub/Pf_pipeline_dados/Projeto_final_fase3/venv/lib/python3.9/site-packages/airflow/example_dags/plugins/event_listener.py
[2025-11-27T11:45:54.627-0300] {processor.py:830} INFO - Processing file /Users/davispecia/Documents/GitHub/Pf_pipeline_dados/Projeto_final_fase3/venv/lib/python3.9/site-packages/airflow/example_dags/plugins/event_listener.py for tasks to queue
[2025-11-27T11:45:54.627-0300] {logging_mixin.py:188} INFO - [2025-11-27T11:45:54.627-0300] {dagbag.py:545} INFO - Filling up the DagBag from /Users/davispecia/Documents/GitHub/Pf_pipeline_dados/Projeto_final_fase3/venv/lib/python3.9/site-packages/airflow/example_dags/plugins/event_listener.py
[2025-11-27T11:45:54.627-0300] {processor.py:842} WARNING - No viable dags retrieved from /Users/davispecia/Documents/GitHub/Pf_pipeline_dados/Projeto_final_fase3/venv/lib/python3.9/site-packages/airflow/example_dags/plugins/event_listener.py
[2025-11-27T11:45:54.670-0300] {processor.py:183} INFO - Processing /Users/davispecia/Documents/GitHub/Pf_pipeline_dados/Projeto_final_fase3/venv/lib/python3.9/site-packages/airflow/example_dags/plugins/event_listener.py took 0.047 seconds
[2025-11-27T11:47:05.706-0300] {processor.py:161} INFO - Started process (PID=95679) to work on /Users/davispecia/Documents/GitHub/Pf_pipeline_dados/Projeto_final_fase3/venv/lib/python3.9/site-packages/airflow/example_dags/plugins/event_listener.py
[2025-11-27T11:47:05.706-0300] {processor.py:830} INFO - Processing file /Users/davispecia/Documents/GitHub/Pf_pipeline_dados/Projeto_final_fase3/venv/lib/python3.9/site-packages/airflow/example_dags/plugins/event_listener.py for tasks to queue
[2025-11-27T11:47:05.707-0300] {logging_mixin.py:188} INFO - [2025-11-27T11:47:05.707-0300] {dagbag.py:545} INFO - Filling up the DagBag from /Users/davispecia/Documents/GitHub/Pf_pipeline_dados/Projeto_final_fase3/venv/lib/python3.9/site-packages/airflow/example_dags/plugins/event_listener.py
[2025-11-27T11:47:05.707-0300] {processor.py:842} WARNING - No viable dags retrieved from /Users/davispecia/Documents/GitHub/Pf_pipeline_dados/Projeto_final_fase3/venv/lib/python3.9/site-packages/airflow/example_dags/plugins/event_listener.py
[2025-11-27T11:47:05.752-0300] {processor.py:183} INFO - Processing /Users/davispecia/Documents/GitHub/Pf_pipeline_dados/Projeto_final_fase3/venv/lib/python3.9/site-packages/airflow/example_dags/plugins/event_listener.py took 0.048 seconds
[2025-11-27T11:48:08.734-0300] {processor.py:161} INFO - Started process (PID=95826) to work on /Users/davispecia/Documents/GitHub/Pf_pipeline_dados/Projeto_final_fase3/venv/lib/python3.9/site-packages/airflow/example_dags/plugins/event_listener.py
[2025-11-27T11:48:08.735-0300] {processor.py:830} INFO - Processing file /Users/davispecia/Documents/GitHub/Pf_pipeline_dados/Projeto_final_fase3/venv/lib/python3.9/site-packages/airflow/example_dags/plugins/event_listener.py for tasks to queue
[2025-11-27T11:48:08.735-0300] {logging_mixin.py:188} INFO - [2025-11-27T11:48:08.735-0300] {dagbag.py:545} INFO - Filling up the DagBag from /Users/davispecia/Documents/GitHub/Pf_pipeline_dados/Projeto_final_fase3/venv/lib/python3.9/site-packages/airflow/example_dags/plugins/event_listener.py
[2025-11-27T11:48:08.736-0300] {processor.py:842} WARNING - No viable dags retrieved from /Users/davispecia/Documents/GitHub/Pf_pipeline_dados/Projeto_final_fase3/venv/lib/python3.9/site-packages/airflow/example_dags/plugins/event_listener.py
[2025-11-27T11:48:08.780-0300] {processor.py:183} INFO - Processing /Users/davispecia/Documents/GitHub/Pf_pipeline_dados/Projeto_final_fase3/venv/lib/python3.9/site-packages/airflow/example_dags/plugins/event_listener.py took 0.048 seconds
[2025-11-27T11:49:12.246-0300] {processor.py:161} INFO - Started process (PID=95983) to work on /Users/davispecia/Documents/GitHub/Pf_pipeline_dados/Projeto_final_fase3/venv/lib/python3.9/site-packages/airflow/example_dags/plugins/event_listener.py
[2025-11-27T11:49:12.248-0300] {processor.py:830} INFO - Processing file /Users/davispecia/Documents/GitHub/Pf_pipeline_dados/Projeto_final_fase3/venv/lib/python3.9/site-packages/airflow/example_dags/plugins/event_listener.py for tasks to queue
[2025-11-27T11:49:12.248-0300] {logging_mixin.py:188} INFO - [2025-11-27T11:49:12.248-0300] {dagbag.py:545} INFO - Filling up the DagBag from /Users/davispecia/Documents/GitHub/Pf_pipeline_dados/Projeto_final_fase3/venv/lib/python3.9/site-packages/airflow/example_dags/plugins/event_listener.py
[2025-11-27T11:49:12.249-0300] {processor.py:842} WARNING - No viable dags retrieved from /Users/davispecia/Documents/GitHub/Pf_pipeline_dados/Projeto_final_fase3/venv/lib/python3.9/site-packages/airflow/example_dags/plugins/event_listener.py
[2025-11-27T11:49:12.292-0300] {processor.py:183} INFO - Processing /Users/davispecia/Documents/GitHub/Pf_pipeline_dados/Projeto_final_fase3/venv/lib/python3.9/site-packages/airflow/example_dags/plugins/event_listener.py took 0.048 seconds
[2025-11-27T11:50:17.364-0300] {processor.py:161} INFO - Started process (PID=96145) to work on /Users/davispecia/Documents/GitHub/Pf_pipeline_dados/Projeto_final_fase3/venv/lib/python3.9/site-packages/airflow/example_dags/plugins/event_listener.py
[2025-11-27T11:50:17.365-0300] {processor.py:830} INFO - Processing file /Users/davispecia/Documents/GitHub/Pf_pipeline_dados/Projeto_final_fase3/venv/lib/python3.9/site-packages/airflow/example_dags/plugins/event_listener.py for tasks to queue
[2025-11-27T11:50:17.365-0300] {logging_mixin.py:188} INFO - [2025-11-27T11:50:17.365-0300] {dagbag.py:545} INFO - Filling up the DagBag from /Users/davispecia/Documents/GitHub/Pf_pipeline_dados/Projeto_final_fase3/venv/lib/python3.9/site-packages/airflow/example_dags/plugins/event_listener.py
[2025-11-27T11:50:17.366-0300] {processor.py:842} WARNING - No viable dags retrieved from /Users/davispecia/Documents/GitHub/Pf_pipeline_dados/Projeto_final_fase3/venv/lib/python3.9/site-packages/airflow/example_dags/plugins/event_listener.py
[2025-11-27T11:50:17.408-0300] {processor.py:183} INFO - Processing /Users/davispecia/Documents/GitHub/Pf_pipeline_dados/Projeto_final_fase3/venv/lib/python3.9/site-packages/airflow/example_dags/plugins/event_listener.py took 0.046 seconds
[2025-11-27T11:51:21.627-0300] {processor.py:161} INFO - Started process (PID=96302) to work on /Users/davispecia/Documents/GitHub/Pf_pipeline_dados/Projeto_final_fase3/venv/lib/python3.9/site-packages/airflow/example_dags/plugins/event_listener.py
[2025-11-27T11:51:21.629-0300] {processor.py:830} INFO - Processing file /Users/davispecia/Documents/GitHub/Pf_pipeline_dados/Projeto_final_fase3/venv/lib/python3.9/site-packages/airflow/example_dags/plugins/event_listener.py for tasks to queue
[2025-11-27T11:51:21.629-0300] {logging_mixin.py:188} INFO - [2025-11-27T11:51:21.629-0300] {dagbag.py:545} INFO - Filling up the DagBag from /Users/davispecia/Documents/GitHub/Pf_pipeline_dados/Projeto_final_fase3/venv/lib/python3.9/site-packages/airflow/example_dags/plugins/event_listener.py
[2025-11-27T11:51:21.629-0300] {processor.py:842} WARNING - No viable dags retrieved from /Users/davispecia/Documents/GitHub/Pf_pipeline_dados/Projeto_final_fase3/venv/lib/python3.9/site-packages/airflow/example_dags/plugins/event_listener.py
[2025-11-27T11:51:21.673-0300] {processor.py:183} INFO - Processing /Users/davispecia/Documents/GitHub/Pf_pipeline_dados/Projeto_final_fase3/venv/lib/python3.9/site-packages/airflow/example_dags/plugins/event_listener.py took 0.047 seconds
[2025-11-27T11:52:22.297-0300] {processor.py:161} INFO - Started process (PID=96454) to work on /Users/davispecia/Documents/GitHub/Pf_pipeline_dados/Projeto_final_fase3/venv/lib/python3.9/site-packages/airflow/example_dags/plugins/event_listener.py
[2025-11-27T11:52:22.298-0300] {processor.py:830} INFO - Processing file /Users/davispecia/Documents/GitHub/Pf_pipeline_dados/Projeto_final_fase3/venv/lib/python3.9/site-packages/airflow/example_dags/plugins/event_listener.py for tasks to queue
[2025-11-27T11:52:22.298-0300] {logging_mixin.py:188} INFO - [2025-11-27T11:52:22.298-0300] {dagbag.py:545} INFO - Filling up the DagBag from /Users/davispecia/Documents/GitHub/Pf_pipeline_dados/Projeto_final_fase3/venv/lib/python3.9/site-packages/airflow/example_dags/plugins/event_listener.py
[2025-11-27T11:52:22.299-0300] {processor.py:842} WARNING - No viable dags retrieved from /Users/davispecia/Documents/GitHub/Pf_pipeline_dados/Projeto_final_fase3/venv/lib/python3.9/site-packages/airflow/example_dags/plugins/event_listener.py
[2025-11-27T11:52:22.343-0300] {processor.py:183} INFO - Processing /Users/davispecia/Documents/GitHub/Pf_pipeline_dados/Projeto_final_fase3/venv/lib/python3.9/site-packages/airflow/example_dags/plugins/event_listener.py took 0.048 seconds
[2025-11-27T11:53:33.670-0300] {processor.py:161} INFO - Started process (PID=96779) to work on /Users/davispecia/Documents/GitHub/Pf_pipeline_dados/Projeto_final_fase3/venv/lib/python3.9/site-packages/airflow/example_dags/plugins/event_listener.py
[2025-11-27T11:53:33.671-0300] {processor.py:830} INFO - Processing file /Users/davispecia/Documents/GitHub/Pf_pipeline_dados/Projeto_final_fase3/venv/lib/python3.9/site-packages/airflow/example_dags/plugins/event_listener.py for tasks to queue
[2025-11-27T11:53:33.672-0300] {logging_mixin.py:188} INFO - [2025-11-27T11:53:33.671-0300] {dagbag.py:545} INFO - Filling up the DagBag from /Users/davispecia/Documents/GitHub/Pf_pipeline_dados/Projeto_final_fase3/venv/lib/python3.9/site-packages/airflow/example_dags/plugins/event_listener.py
[2025-11-27T11:53:33.672-0300] {processor.py:842} WARNING - No viable dags retrieved from /Users/davispecia/Documents/GitHub/Pf_pipeline_dados/Projeto_final_fase3/venv/lib/python3.9/site-packages/airflow/example_dags/plugins/event_listener.py
[2025-11-27T11:53:33.714-0300] {processor.py:183} INFO - Processing /Users/davispecia/Documents/GitHub/Pf_pipeline_dados/Projeto_final_fase3/venv/lib/python3.9/site-packages/airflow/example_dags/plugins/event_listener.py took 0.047 seconds
[2025-11-27T11:54:35.121-0300] {processor.py:161} INFO - Started process (PID=96920) to work on /Users/davispecia/Documents/GitHub/Pf_pipeline_dados/Projeto_final_fase3/venv/lib/python3.9/site-packages/airflow/example_dags/plugins/event_listener.py
[2025-11-27T11:54:35.122-0300] {processor.py:830} INFO - Processing file /Users/davispecia/Documents/GitHub/Pf_pipeline_dados/Projeto_final_fase3/venv/lib/python3.9/site-packages/airflow/example_dags/plugins/event_listener.py for tasks to queue
[2025-11-27T11:54:35.122-0300] {logging_mixin.py:188} INFO - [2025-11-27T11:54:35.122-0300] {dagbag.py:545} INFO - Filling up the DagBag from /Users/davispecia/Documents/GitHub/Pf_pipeline_dados/Projeto_final_fase3/venv/lib/python3.9/site-packages/airflow/example_dags/plugins/event_listener.py
[2025-11-27T11:54:35.123-0300] {processor.py:842} WARNING - No viable dags retrieved from /Users/davispecia/Documents/GitHub/Pf_pipeline_dados/Projeto_final_fase3/venv/lib/python3.9/site-packages/airflow/example_dags/plugins/event_listener.py
[2025-11-27T11:54:35.166-0300] {processor.py:183} INFO - Processing /Users/davispecia/Documents/GitHub/Pf_pipeline_dados/Projeto_final_fase3/venv/lib/python3.9/site-packages/airflow/example_dags/plugins/event_listener.py took 0.047 seconds
[2025-11-27T11:55:33.270-0300] {processor.py:161} INFO - Started process (PID=97062) to work on /Users/davispecia/Documents/GitHub/Pf_pipeline_dados/Projeto_final_fase3/venv/lib/python3.9/site-packages/airflow/example_dags/plugins/event_listener.py
[2025-11-27T11:55:33.271-0300] {processor.py:830} INFO - Processing file /Users/davispecia/Documents/GitHub/Pf_pipeline_dados/Projeto_final_fase3/venv/lib/python3.9/site-packages/airflow/example_dags/plugins/event_listener.py for tasks to queue
[2025-11-27T11:55:33.271-0300] {logging_mixin.py:188} INFO - [2025-11-27T11:55:33.271-0300] {dagbag.py:545} INFO - Filling up the DagBag from /Users/davispecia/Documents/GitHub/Pf_pipeline_dados/Projeto_final_fase3/venv/lib/python3.9/site-packages/airflow/example_dags/plugins/event_listener.py
[2025-11-27T11:55:33.272-0300] {processor.py:842} WARNING - No viable dags retrieved from /Users/davispecia/Documents/GitHub/Pf_pipeline_dados/Projeto_final_fase3/venv/lib/python3.9/site-packages/airflow/example_dags/plugins/event_listener.py
[2025-11-27T11:55:33.315-0300] {processor.py:183} INFO - Processing /Users/davispecia/Documents/GitHub/Pf_pipeline_dados/Projeto_final_fase3/venv/lib/python3.9/site-packages/airflow/example_dags/plugins/event_listener.py took 0.047 seconds
[2025-11-27T11:56:34.311-0300] {processor.py:161} INFO - Started process (PID=97207) to work on /Users/davispecia/Documents/GitHub/Pf_pipeline_dados/Projeto_final_fase3/venv/lib/python3.9/site-packages/airflow/example_dags/plugins/event_listener.py
[2025-11-27T11:56:34.312-0300] {processor.py:830} INFO - Processing file /Users/davispecia/Documents/GitHub/Pf_pipeline_dados/Projeto_final_fase3/venv/lib/python3.9/site-packages/airflow/example_dags/plugins/event_listener.py for tasks to queue
[2025-11-27T11:56:34.312-0300] {logging_mixin.py:188} INFO - [2025-11-27T11:56:34.312-0300] {dagbag.py:545} INFO - Filling up the DagBag from /Users/davispecia/Documents/GitHub/Pf_pipeline_dados/Projeto_final_fase3/venv/lib/python3.9/site-packages/airflow/example_dags/plugins/event_listener.py
[2025-11-27T11:56:34.313-0300] {processor.py:842} WARNING - No viable dags retrieved from /Users/davispecia/Documents/GitHub/Pf_pipeline_dados/Projeto_final_fase3/venv/lib/python3.9/site-packages/airflow/example_dags/plugins/event_listener.py
[2025-11-27T11:56:34.355-0300] {processor.py:183} INFO - Processing /Users/davispecia/Documents/GitHub/Pf_pipeline_dados/Projeto_final_fase3/venv/lib/python3.9/site-packages/airflow/example_dags/plugins/event_listener.py took 0.046 seconds
[2025-11-27T11:57:38.451-0300] {processor.py:161} INFO - Started process (PID=97367) to work on /Users/davispecia/Documents/GitHub/Pf_pipeline_dados/Projeto_final_fase3/venv/lib/python3.9/site-packages/airflow/example_dags/plugins/event_listener.py
[2025-11-27T11:57:38.452-0300] {processor.py:830} INFO - Processing file /Users/davispecia/Documents/GitHub/Pf_pipeline_dados/Projeto_final_fase3/venv/lib/python3.9/site-packages/airflow/example_dags/plugins/event_listener.py for tasks to queue
[2025-11-27T11:57:38.452-0300] {logging_mixin.py:188} INFO - [2025-11-27T11:57:38.452-0300] {dagbag.py:545} INFO - Filling up the DagBag from /Users/davispecia/Documents/GitHub/Pf_pipeline_dados/Projeto_final_fase3/venv/lib/python3.9/site-packages/airflow/example_dags/plugins/event_listener.py
[2025-11-27T11:57:38.453-0300] {processor.py:842} WARNING - No viable dags retrieved from /Users/davispecia/Documents/GitHub/Pf_pipeline_dados/Projeto_final_fase3/venv/lib/python3.9/site-packages/airflow/example_dags/plugins/event_listener.py
[2025-11-27T11:57:38.495-0300] {processor.py:183} INFO - Processing /Users/davispecia/Documents/GitHub/Pf_pipeline_dados/Projeto_final_fase3/venv/lib/python3.9/site-packages/airflow/example_dags/plugins/event_listener.py took 0.047 seconds
[2025-11-27T11:58:51.835-0300] {processor.py:161} INFO - Started process (PID=97603) to work on /Users/davispecia/Documents/GitHub/Pf_pipeline_dados/Projeto_final_fase3/venv/lib/python3.9/site-packages/airflow/example_dags/plugins/event_listener.py
[2025-11-27T11:58:51.836-0300] {processor.py:830} INFO - Processing file /Users/davispecia/Documents/GitHub/Pf_pipeline_dados/Projeto_final_fase3/venv/lib/python3.9/site-packages/airflow/example_dags/plugins/event_listener.py for tasks to queue
[2025-11-27T11:58:51.836-0300] {logging_mixin.py:188} INFO - [2025-11-27T11:58:51.836-0300] {dagbag.py:545} INFO - Filling up the DagBag from /Users/davispecia/Documents/GitHub/Pf_pipeline_dados/Projeto_final_fase3/venv/lib/python3.9/site-packages/airflow/example_dags/plugins/event_listener.py
[2025-11-27T11:58:51.837-0300] {processor.py:842} WARNING - No viable dags retrieved from /Users/davispecia/Documents/GitHub/Pf_pipeline_dados/Projeto_final_fase3/venv/lib/python3.9/site-packages/airflow/example_dags/plugins/event_listener.py
[2025-11-27T11:58:51.878-0300] {processor.py:183} INFO - Processing /Users/davispecia/Documents/GitHub/Pf_pipeline_dados/Projeto_final_fase3/venv/lib/python3.9/site-packages/airflow/example_dags/plugins/event_listener.py took 0.045 seconds
[2025-11-27T11:59:57.360-0300] {processor.py:161} INFO - Started process (PID=97771) to work on /Users/davispecia/Documents/GitHub/Pf_pipeline_dados/Projeto_final_fase3/venv/lib/python3.9/site-packages/airflow/example_dags/plugins/event_listener.py
[2025-11-27T11:59:57.361-0300] {processor.py:830} INFO - Processing file /Users/davispecia/Documents/GitHub/Pf_pipeline_dados/Projeto_final_fase3/venv/lib/python3.9/site-packages/airflow/example_dags/plugins/event_listener.py for tasks to queue
[2025-11-27T11:59:57.362-0300] {logging_mixin.py:188} INFO - [2025-11-27T11:59:57.361-0300] {dagbag.py:545} INFO - Filling up the DagBag from /Users/davispecia/Documents/GitHub/Pf_pipeline_dados/Projeto_final_fase3/venv/lib/python3.9/site-packages/airflow/example_dags/plugins/event_listener.py
[2025-11-27T11:59:57.362-0300] {processor.py:842} WARNING - No viable dags retrieved from /Users/davispecia/Documents/GitHub/Pf_pipeline_dados/Projeto_final_fase3/venv/lib/python3.9/site-packages/airflow/example_dags/plugins/event_listener.py
[2025-11-27T11:59:57.405-0300] {processor.py:183} INFO - Processing /Users/davispecia/Documents/GitHub/Pf_pipeline_dados/Projeto_final_fase3/venv/lib/python3.9/site-packages/airflow/example_dags/plugins/event_listener.py took 0.047 seconds
[2025-11-27T12:01:02.744-0300] {processor.py:161} INFO - Started process (PID=97927) to work on /Users/davispecia/Documents/GitHub/Pf_pipeline_dados/Projeto_final_fase3/venv/lib/python3.9/site-packages/airflow/example_dags/plugins/event_listener.py
[2025-11-27T12:01:02.746-0300] {processor.py:830} INFO - Processing file /Users/davispecia/Documents/GitHub/Pf_pipeline_dados/Projeto_final_fase3/venv/lib/python3.9/site-packages/airflow/example_dags/plugins/event_listener.py for tasks to queue
[2025-11-27T12:01:02.746-0300] {logging_mixin.py:188} INFO - [2025-11-27T12:01:02.746-0300] {dagbag.py:545} INFO - Filling up the DagBag from /Users/davispecia/Documents/GitHub/Pf_pipeline_dados/Projeto_final_fase3/venv/lib/python3.9/site-packages/airflow/example_dags/plugins/event_listener.py
[2025-11-27T12:01:02.746-0300] {processor.py:842} WARNING - No viable dags retrieved from /Users/davispecia/Documents/GitHub/Pf_pipeline_dados/Projeto_final_fase3/venv/lib/python3.9/site-packages/airflow/example_dags/plugins/event_listener.py
[2025-11-27T12:01:02.788-0300] {processor.py:183} INFO - Processing /Users/davispecia/Documents/GitHub/Pf_pipeline_dados/Projeto_final_fase3/venv/lib/python3.9/site-packages/airflow/example_dags/plugins/event_listener.py took 0.046 seconds
[2025-11-27T12:02:06.222-0300] {processor.py:161} INFO - Started process (PID=98079) to work on /Users/davispecia/Documents/GitHub/Pf_pipeline_dados/Projeto_final_fase3/venv/lib/python3.9/site-packages/airflow/example_dags/plugins/event_listener.py
[2025-11-27T12:02:06.223-0300] {processor.py:830} INFO - Processing file /Users/davispecia/Documents/GitHub/Pf_pipeline_dados/Projeto_final_fase3/venv/lib/python3.9/site-packages/airflow/example_dags/plugins/event_listener.py for tasks to queue
[2025-11-27T12:02:06.223-0300] {logging_mixin.py:188} INFO - [2025-11-27T12:02:06.223-0300] {dagbag.py:545} INFO - Filling up the DagBag from /Users/davispecia/Documents/GitHub/Pf_pipeline_dados/Projeto_final_fase3/venv/lib/python3.9/site-packages/airflow/example_dags/plugins/event_listener.py
[2025-11-27T12:02:06.224-0300] {processor.py:842} WARNING - No viable dags retrieved from /Users/davispecia/Documents/GitHub/Pf_pipeline_dados/Projeto_final_fase3/venv/lib/python3.9/site-packages/airflow/example_dags/plugins/event_listener.py
[2025-11-27T12:02:06.266-0300] {processor.py:183} INFO - Processing /Users/davispecia/Documents/GitHub/Pf_pipeline_dados/Projeto_final_fase3/venv/lib/python3.9/site-packages/airflow/example_dags/plugins/event_listener.py took 0.046 seconds
[2025-11-27T12:03:08.131-0300] {processor.py:161} INFO - Started process (PID=98224) to work on /Users/davispecia/Documents/GitHub/Pf_pipeline_dados/Projeto_final_fase3/venv/lib/python3.9/site-packages/airflow/example_dags/plugins/event_listener.py
[2025-11-27T12:03:08.132-0300] {processor.py:830} INFO - Processing file /Users/davispecia/Documents/GitHub/Pf_pipeline_dados/Projeto_final_fase3/venv/lib/python3.9/site-packages/airflow/example_dags/plugins/event_listener.py for tasks to queue
[2025-11-27T12:03:08.132-0300] {logging_mixin.py:188} INFO - [2025-11-27T12:03:08.132-0300] {dagbag.py:545} INFO - Filling up the DagBag from /Users/davispecia/Documents/GitHub/Pf_pipeline_dados/Projeto_final_fase3/venv/lib/python3.9/site-packages/airflow/example_dags/plugins/event_listener.py
[2025-11-27T12:03:08.133-0300] {processor.py:842} WARNING - No viable dags retrieved from /Users/davispecia/Documents/GitHub/Pf_pipeline_dados/Projeto_final_fase3/venv/lib/python3.9/site-packages/airflow/example_dags/plugins/event_listener.py
[2025-11-27T12:03:08.177-0300] {processor.py:183} INFO - Processing /Users/davispecia/Documents/GitHub/Pf_pipeline_dados/Projeto_final_fase3/venv/lib/python3.9/site-packages/airflow/example_dags/plugins/event_listener.py took 0.048 seconds
[2025-11-27T12:04:15.165-0300] {processor.py:161} INFO - Started process (PID=98442) to work on /Users/davispecia/Documents/GitHub/Pf_pipeline_dados/Projeto_final_fase3/venv/lib/python3.9/site-packages/airflow/example_dags/plugins/event_listener.py
[2025-11-27T12:04:15.166-0300] {processor.py:830} INFO - Processing file /Users/davispecia/Documents/GitHub/Pf_pipeline_dados/Projeto_final_fase3/venv/lib/python3.9/site-packages/airflow/example_dags/plugins/event_listener.py for tasks to queue
[2025-11-27T12:04:15.166-0300] {logging_mixin.py:188} INFO - [2025-11-27T12:04:15.166-0300] {dagbag.py:545} INFO - Filling up the DagBag from /Users/davispecia/Documents/GitHub/Pf_pipeline_dados/Projeto_final_fase3/venv/lib/python3.9/site-packages/airflow/example_dags/plugins/event_listener.py
[2025-11-27T12:04:15.167-0300] {processor.py:842} WARNING - No viable dags retrieved from /Users/davispecia/Documents/GitHub/Pf_pipeline_dados/Projeto_final_fase3/venv/lib/python3.9/site-packages/airflow/example_dags/plugins/event_listener.py
[2025-11-27T12:04:15.211-0300] {processor.py:183} INFO - Processing /Users/davispecia/Documents/GitHub/Pf_pipeline_dados/Projeto_final_fase3/venv/lib/python3.9/site-packages/airflow/example_dags/plugins/event_listener.py took 0.048 seconds
[2025-11-27T12:05:22.777-0300] {processor.py:161} INFO - Started process (PID=98657) to work on /Users/davispecia/Documents/GitHub/Pf_pipeline_dados/Projeto_final_fase3/venv/lib/python3.9/site-packages/airflow/example_dags/plugins/event_listener.py
[2025-11-27T12:05:22.778-0300] {processor.py:830} INFO - Processing file /Users/davispecia/Documents/GitHub/Pf_pipeline_dados/Projeto_final_fase3/venv/lib/python3.9/site-packages/airflow/example_dags/plugins/event_listener.py for tasks to queue
[2025-11-27T12:05:22.778-0300] {logging_mixin.py:188} INFO - [2025-11-27T12:05:22.778-0300] {dagbag.py:545} INFO - Filling up the DagBag from /Users/davispecia/Documents/GitHub/Pf_pipeline_dados/Projeto_final_fase3/venv/lib/python3.9/site-packages/airflow/example_dags/plugins/event_listener.py
[2025-11-27T12:05:22.779-0300] {processor.py:842} WARNING - No viable dags retrieved from /Users/davispecia/Documents/GitHub/Pf_pipeline_dados/Projeto_final_fase3/venv/lib/python3.9/site-packages/airflow/example_dags/plugins/event_listener.py
[2025-11-27T12:05:22.821-0300] {processor.py:183} INFO - Processing /Users/davispecia/Documents/GitHub/Pf_pipeline_dados/Projeto_final_fase3/venv/lib/python3.9/site-packages/airflow/example_dags/plugins/event_listener.py took 0.046 seconds
[2025-11-27T12:06:28.503-0300] {processor.py:161} INFO - Started process (PID=98810) to work on /Users/davispecia/Documents/GitHub/Pf_pipeline_dados/Projeto_final_fase3/venv/lib/python3.9/site-packages/airflow/example_dags/plugins/event_listener.py
[2025-11-27T12:06:28.504-0300] {processor.py:830} INFO - Processing file /Users/davispecia/Documents/GitHub/Pf_pipeline_dados/Projeto_final_fase3/venv/lib/python3.9/site-packages/airflow/example_dags/plugins/event_listener.py for tasks to queue
[2025-11-27T12:06:28.505-0300] {logging_mixin.py:188} INFO - [2025-11-27T12:06:28.504-0300] {dagbag.py:545} INFO - Filling up the DagBag from /Users/davispecia/Documents/GitHub/Pf_pipeline_dados/Projeto_final_fase3/venv/lib/python3.9/site-packages/airflow/example_dags/plugins/event_listener.py
[2025-11-27T12:06:28.505-0300] {processor.py:842} WARNING - No viable dags retrieved from /Users/davispecia/Documents/GitHub/Pf_pipeline_dados/Projeto_final_fase3/venv/lib/python3.9/site-packages/airflow/example_dags/plugins/event_listener.py
[2025-11-27T12:06:28.548-0300] {processor.py:183} INFO - Processing /Users/davispecia/Documents/GitHub/Pf_pipeline_dados/Projeto_final_fase3/venv/lib/python3.9/site-packages/airflow/example_dags/plugins/event_listener.py took 0.047 seconds
[2025-11-27T12:07:33.634-0300] {processor.py:161} INFO - Started process (PID=98968) to work on /Users/davispecia/Documents/GitHub/Pf_pipeline_dados/Projeto_final_fase3/venv/lib/python3.9/site-packages/airflow/example_dags/plugins/event_listener.py
[2025-11-27T12:07:33.635-0300] {processor.py:830} INFO - Processing file /Users/davispecia/Documents/GitHub/Pf_pipeline_dados/Projeto_final_fase3/venv/lib/python3.9/site-packages/airflow/example_dags/plugins/event_listener.py for tasks to queue
[2025-11-27T12:07:33.635-0300] {logging_mixin.py:188} INFO - [2025-11-27T12:07:33.635-0300] {dagbag.py:545} INFO - Filling up the DagBag from /Users/davispecia/Documents/GitHub/Pf_pipeline_dados/Projeto_final_fase3/venv/lib/python3.9/site-packages/airflow/example_dags/plugins/event_listener.py
[2025-11-27T12:07:33.636-0300] {processor.py:842} WARNING - No viable dags retrieved from /Users/davispecia/Documents/GitHub/Pf_pipeline_dados/Projeto_final_fase3/venv/lib/python3.9/site-packages/airflow/example_dags/plugins/event_listener.py
[2025-11-27T12:07:33.679-0300] {processor.py:183} INFO - Processing /Users/davispecia/Documents/GitHub/Pf_pipeline_dados/Projeto_final_fase3/venv/lib/python3.9/site-packages/airflow/example_dags/plugins/event_listener.py took 0.047 seconds
[2025-11-27T12:08:37.382-0300] {processor.py:161} INFO - Started process (PID=99121) to work on /Users/davispecia/Documents/GitHub/Pf_pipeline_dados/Projeto_final_fase3/venv/lib/python3.9/site-packages/airflow/example_dags/plugins/event_listener.py
[2025-11-27T12:08:37.384-0300] {processor.py:830} INFO - Processing file /Users/davispecia/Documents/GitHub/Pf_pipeline_dados/Projeto_final_fase3/venv/lib/python3.9/site-packages/airflow/example_dags/plugins/event_listener.py for tasks to queue
[2025-11-27T12:08:37.384-0300] {logging_mixin.py:188} INFO - [2025-11-27T12:08:37.384-0300] {dagbag.py:545} INFO - Filling up the DagBag from /Users/davispecia/Documents/GitHub/Pf_pipeline_dados/Projeto_final_fase3/venv/lib/python3.9/site-packages/airflow/example_dags/plugins/event_listener.py
[2025-11-27T12:08:37.384-0300] {processor.py:842} WARNING - No viable dags retrieved from /Users/davispecia/Documents/GitHub/Pf_pipeline_dados/Projeto_final_fase3/venv/lib/python3.9/site-packages/airflow/example_dags/plugins/event_listener.py
[2025-11-27T12:08:37.427-0300] {processor.py:183} INFO - Processing /Users/davispecia/Documents/GitHub/Pf_pipeline_dados/Projeto_final_fase3/venv/lib/python3.9/site-packages/airflow/example_dags/plugins/event_listener.py took 0.047 seconds
[2025-11-27T12:09:40.197-0300] {processor.py:161} INFO - Started process (PID=99275) to work on /Users/davispecia/Documents/GitHub/Pf_pipeline_dados/Projeto_final_fase3/venv/lib/python3.9/site-packages/airflow/example_dags/plugins/event_listener.py
[2025-11-27T12:09:40.199-0300] {processor.py:830} INFO - Processing file /Users/davispecia/Documents/GitHub/Pf_pipeline_dados/Projeto_final_fase3/venv/lib/python3.9/site-packages/airflow/example_dags/plugins/event_listener.py for tasks to queue
[2025-11-27T12:09:40.199-0300] {logging_mixin.py:188} INFO - [2025-11-27T12:09:40.199-0300] {dagbag.py:545} INFO - Filling up the DagBag from /Users/davispecia/Documents/GitHub/Pf_pipeline_dados/Projeto_final_fase3/venv/lib/python3.9/site-packages/airflow/example_dags/plugins/event_listener.py
[2025-11-27T12:09:40.200-0300] {processor.py:842} WARNING - No viable dags retrieved from /Users/davispecia/Documents/GitHub/Pf_pipeline_dados/Projeto_final_fase3/venv/lib/python3.9/site-packages/airflow/example_dags/plugins/event_listener.py
[2025-11-27T12:09:40.243-0300] {processor.py:183} INFO - Processing /Users/davispecia/Documents/GitHub/Pf_pipeline_dados/Projeto_final_fase3/venv/lib/python3.9/site-packages/airflow/example_dags/plugins/event_listener.py took 0.047 seconds
[2025-11-27T12:10:52.324-0300] {processor.py:161} INFO - Started process (PID=99503) to work on /Users/davispecia/Documents/GitHub/Pf_pipeline_dados/Projeto_final_fase3/venv/lib/python3.9/site-packages/airflow/example_dags/plugins/event_listener.py
[2025-11-27T12:10:52.325-0300] {processor.py:830} INFO - Processing file /Users/davispecia/Documents/GitHub/Pf_pipeline_dados/Projeto_final_fase3/venv/lib/python3.9/site-packages/airflow/example_dags/plugins/event_listener.py for tasks to queue
[2025-11-27T12:10:52.325-0300] {logging_mixin.py:188} INFO - [2025-11-27T12:10:52.325-0300] {dagbag.py:545} INFO - Filling up the DagBag from /Users/davispecia/Documents/GitHub/Pf_pipeline_dados/Projeto_final_fase3/venv/lib/python3.9/site-packages/airflow/example_dags/plugins/event_listener.py
[2025-11-27T12:10:52.326-0300] {processor.py:842} WARNING - No viable dags retrieved from /Users/davispecia/Documents/GitHub/Pf_pipeline_dados/Projeto_final_fase3/venv/lib/python3.9/site-packages/airflow/example_dags/plugins/event_listener.py
[2025-11-27T12:10:52.368-0300] {processor.py:183} INFO - Processing /Users/davispecia/Documents/GitHub/Pf_pipeline_dados/Projeto_final_fase3/venv/lib/python3.9/site-packages/airflow/example_dags/plugins/event_listener.py took 0.046 seconds
[2025-11-27T12:11:55.633-0300] {processor.py:161} INFO - Started process (PID=99654) to work on /Users/davispecia/Documents/GitHub/Pf_pipeline_dados/Projeto_final_fase3/venv/lib/python3.9/site-packages/airflow/example_dags/plugins/event_listener.py
[2025-11-27T12:11:55.633-0300] {processor.py:830} INFO - Processing file /Users/davispecia/Documents/GitHub/Pf_pipeline_dados/Projeto_final_fase3/venv/lib/python3.9/site-packages/airflow/example_dags/plugins/event_listener.py for tasks to queue
[2025-11-27T12:11:55.634-0300] {logging_mixin.py:188} INFO - [2025-11-27T12:11:55.633-0300] {dagbag.py:545} INFO - Filling up the DagBag from /Users/davispecia/Documents/GitHub/Pf_pipeline_dados/Projeto_final_fase3/venv/lib/python3.9/site-packages/airflow/example_dags/plugins/event_listener.py
[2025-11-27T12:11:55.634-0300] {processor.py:842} WARNING - No viable dags retrieved from /Users/davispecia/Documents/GitHub/Pf_pipeline_dados/Projeto_final_fase3/venv/lib/python3.9/site-packages/airflow/example_dags/plugins/event_listener.py
[2025-11-27T12:11:55.677-0300] {processor.py:183} INFO - Processing /Users/davispecia/Documents/GitHub/Pf_pipeline_dados/Projeto_final_fase3/venv/lib/python3.9/site-packages/airflow/example_dags/plugins/event_listener.py took 0.047 seconds
[2025-11-27T12:12:59.048-0300] {processor.py:161} INFO - Started process (PID=99802) to work on /Users/davispecia/Documents/GitHub/Pf_pipeline_dados/Projeto_final_fase3/venv/lib/python3.9/site-packages/airflow/example_dags/plugins/event_listener.py
[2025-11-27T12:12:59.049-0300] {processor.py:830} INFO - Processing file /Users/davispecia/Documents/GitHub/Pf_pipeline_dados/Projeto_final_fase3/venv/lib/python3.9/site-packages/airflow/example_dags/plugins/event_listener.py for tasks to queue
[2025-11-27T12:12:59.049-0300] {logging_mixin.py:188} INFO - [2025-11-27T12:12:59.049-0300] {dagbag.py:545} INFO - Filling up the DagBag from /Users/davispecia/Documents/GitHub/Pf_pipeline_dados/Projeto_final_fase3/venv/lib/python3.9/site-packages/airflow/example_dags/plugins/event_listener.py
[2025-11-27T12:12:59.050-0300] {processor.py:842} WARNING - No viable dags retrieved from /Users/davispecia/Documents/GitHub/Pf_pipeline_dados/Projeto_final_fase3/venv/lib/python3.9/site-packages/airflow/example_dags/plugins/event_listener.py
[2025-11-27T12:12:59.093-0300] {processor.py:183} INFO - Processing /Users/davispecia/Documents/GitHub/Pf_pipeline_dados/Projeto_final_fase3/venv/lib/python3.9/site-packages/airflow/example_dags/plugins/event_listener.py took 0.047 seconds
[2025-11-27T12:14:02.318-0300] {processor.py:161} INFO - Started process (PID=99953) to work on /Users/davispecia/Documents/GitHub/Pf_pipeline_dados/Projeto_final_fase3/venv/lib/python3.9/site-packages/airflow/example_dags/plugins/event_listener.py
[2025-11-27T12:14:02.320-0300] {processor.py:830} INFO - Processing file /Users/davispecia/Documents/GitHub/Pf_pipeline_dados/Projeto_final_fase3/venv/lib/python3.9/site-packages/airflow/example_dags/plugins/event_listener.py for tasks to queue
[2025-11-27T12:14:02.320-0300] {logging_mixin.py:188} INFO - [2025-11-27T12:14:02.320-0300] {dagbag.py:545} INFO - Filling up the DagBag from /Users/davispecia/Documents/GitHub/Pf_pipeline_dados/Projeto_final_fase3/venv/lib/python3.9/site-packages/airflow/example_dags/plugins/event_listener.py
[2025-11-27T12:14:02.320-0300] {processor.py:842} WARNING - No viable dags retrieved from /Users/davispecia/Documents/GitHub/Pf_pipeline_dados/Projeto_final_fase3/venv/lib/python3.9/site-packages/airflow/example_dags/plugins/event_listener.py
[2025-11-27T12:14:02.363-0300] {processor.py:183} INFO - Processing /Users/davispecia/Documents/GitHub/Pf_pipeline_dados/Projeto_final_fase3/venv/lib/python3.9/site-packages/airflow/example_dags/plugins/event_listener.py took 0.046 seconds
[2025-11-27T12:15:02.463-0300] {processor.py:161} INFO - Started process (PID=250) to work on /Users/davispecia/Documents/GitHub/Pf_pipeline_dados/Projeto_final_fase3/venv/lib/python3.9/site-packages/airflow/example_dags/plugins/event_listener.py
[2025-11-27T12:15:02.464-0300] {processor.py:830} INFO - Processing file /Users/davispecia/Documents/GitHub/Pf_pipeline_dados/Projeto_final_fase3/venv/lib/python3.9/site-packages/airflow/example_dags/plugins/event_listener.py for tasks to queue
[2025-11-27T12:15:02.464-0300] {logging_mixin.py:188} INFO - [2025-11-27T12:15:02.464-0300] {dagbag.py:545} INFO - Filling up the DagBag from /Users/davispecia/Documents/GitHub/Pf_pipeline_dados/Projeto_final_fase3/venv/lib/python3.9/site-packages/airflow/example_dags/plugins/event_listener.py
[2025-11-27T12:15:02.465-0300] {processor.py:842} WARNING - No viable dags retrieved from /Users/davispecia/Documents/GitHub/Pf_pipeline_dados/Projeto_final_fase3/venv/lib/python3.9/site-packages/airflow/example_dags/plugins/event_listener.py
[2025-11-27T12:15:02.507-0300] {processor.py:183} INFO - Processing /Users/davispecia/Documents/GitHub/Pf_pipeline_dados/Projeto_final_fase3/venv/lib/python3.9/site-packages/airflow/example_dags/plugins/event_listener.py took 0.046 seconds
[2025-11-27T12:16:14.936-0300] {processor.py:161} INFO - Started process (PID=548) to work on /Users/davispecia/Documents/GitHub/Pf_pipeline_dados/Projeto_final_fase3/venv/lib/python3.9/site-packages/airflow/example_dags/plugins/event_listener.py
[2025-11-27T12:16:14.937-0300] {processor.py:830} INFO - Processing file /Users/davispecia/Documents/GitHub/Pf_pipeline_dados/Projeto_final_fase3/venv/lib/python3.9/site-packages/airflow/example_dags/plugins/event_listener.py for tasks to queue
[2025-11-27T12:16:14.937-0300] {logging_mixin.py:188} INFO - [2025-11-27T12:16:14.937-0300] {dagbag.py:545} INFO - Filling up the DagBag from /Users/davispecia/Documents/GitHub/Pf_pipeline_dados/Projeto_final_fase3/venv/lib/python3.9/site-packages/airflow/example_dags/plugins/event_listener.py
[2025-11-27T12:16:14.938-0300] {processor.py:842} WARNING - No viable dags retrieved from /Users/davispecia/Documents/GitHub/Pf_pipeline_dados/Projeto_final_fase3/venv/lib/python3.9/site-packages/airflow/example_dags/plugins/event_listener.py
[2025-11-27T12:16:14.980-0300] {processor.py:183} INFO - Processing /Users/davispecia/Documents/GitHub/Pf_pipeline_dados/Projeto_final_fase3/venv/lib/python3.9/site-packages/airflow/example_dags/plugins/event_listener.py took 0.046 seconds
[2025-11-27T12:17:14.197-0300] {processor.py:161} INFO - Started process (PID=717) to work on /Users/davispecia/Documents/GitHub/Pf_pipeline_dados/Projeto_final_fase3/venv/lib/python3.9/site-packages/airflow/example_dags/plugins/event_listener.py
[2025-11-27T12:17:14.198-0300] {processor.py:830} INFO - Processing file /Users/davispecia/Documents/GitHub/Pf_pipeline_dados/Projeto_final_fase3/venv/lib/python3.9/site-packages/airflow/example_dags/plugins/event_listener.py for tasks to queue
[2025-11-27T12:17:14.199-0300] {logging_mixin.py:188} INFO - [2025-11-27T12:17:14.199-0300] {dagbag.py:545} INFO - Filling up the DagBag from /Users/davispecia/Documents/GitHub/Pf_pipeline_dados/Projeto_final_fase3/venv/lib/python3.9/site-packages/airflow/example_dags/plugins/event_listener.py
[2025-11-27T12:17:14.199-0300] {processor.py:842} WARNING - No viable dags retrieved from /Users/davispecia/Documents/GitHub/Pf_pipeline_dados/Projeto_final_fase3/venv/lib/python3.9/site-packages/airflow/example_dags/plugins/event_listener.py
[2025-11-27T12:17:14.242-0300] {processor.py:183} INFO - Processing /Users/davispecia/Documents/GitHub/Pf_pipeline_dados/Projeto_final_fase3/venv/lib/python3.9/site-packages/airflow/example_dags/plugins/event_listener.py took 0.047 seconds
[2025-11-27T12:18:14.850-0300] {processor.py:161} INFO - Started process (PID=905) to work on /Users/davispecia/Documents/GitHub/Pf_pipeline_dados/Projeto_final_fase3/venv/lib/python3.9/site-packages/airflow/example_dags/plugins/event_listener.py
[2025-11-27T12:18:14.852-0300] {processor.py:830} INFO - Processing file /Users/davispecia/Documents/GitHub/Pf_pipeline_dados/Projeto_final_fase3/venv/lib/python3.9/site-packages/airflow/example_dags/plugins/event_listener.py for tasks to queue
[2025-11-27T12:18:14.852-0300] {logging_mixin.py:188} INFO - [2025-11-27T12:18:14.852-0300] {dagbag.py:545} INFO - Filling up the DagBag from /Users/davispecia/Documents/GitHub/Pf_pipeline_dados/Projeto_final_fase3/venv/lib/python3.9/site-packages/airflow/example_dags/plugins/event_listener.py
[2025-11-27T12:18:14.853-0300] {processor.py:842} WARNING - No viable dags retrieved from /Users/davispecia/Documents/GitHub/Pf_pipeline_dados/Projeto_final_fase3/venv/lib/python3.9/site-packages/airflow/example_dags/plugins/event_listener.py
[2025-11-27T12:18:14.896-0300] {processor.py:183} INFO - Processing /Users/davispecia/Documents/GitHub/Pf_pipeline_dados/Projeto_final_fase3/venv/lib/python3.9/site-packages/airflow/example_dags/plugins/event_listener.py took 0.047 seconds
[2025-11-27T12:19:15.139-0300] {processor.py:161} INFO - Started process (PID=1054) to work on /Users/davispecia/Documents/GitHub/Pf_pipeline_dados/Projeto_final_fase3/venv/lib/python3.9/site-packages/airflow/example_dags/plugins/event_listener.py
[2025-11-27T12:19:15.140-0300] {processor.py:830} INFO - Processing file /Users/davispecia/Documents/GitHub/Pf_pipeline_dados/Projeto_final_fase3/venv/lib/python3.9/site-packages/airflow/example_dags/plugins/event_listener.py for tasks to queue
[2025-11-27T12:19:15.140-0300] {logging_mixin.py:188} INFO - [2025-11-27T12:19:15.140-0300] {dagbag.py:545} INFO - Filling up the DagBag from /Users/davispecia/Documents/GitHub/Pf_pipeline_dados/Projeto_final_fase3/venv/lib/python3.9/site-packages/airflow/example_dags/plugins/event_listener.py
[2025-11-27T12:19:15.141-0300] {processor.py:842} WARNING - No viable dags retrieved from /Users/davispecia/Documents/GitHub/Pf_pipeline_dados/Projeto_final_fase3/venv/lib/python3.9/site-packages/airflow/example_dags/plugins/event_listener.py
[2025-11-27T12:19:15.184-0300] {processor.py:183} INFO - Processing /Users/davispecia/Documents/GitHub/Pf_pipeline_dados/Projeto_final_fase3/venv/lib/python3.9/site-packages/airflow/example_dags/plugins/event_listener.py took 0.047 seconds
[2025-11-27T12:20:16.849-0300] {processor.py:161} INFO - Started process (PID=1203) to work on /Users/davispecia/Documents/GitHub/Pf_pipeline_dados/Projeto_final_fase3/venv/lib/python3.9/site-packages/airflow/example_dags/plugins/event_listener.py
[2025-11-27T12:20:16.849-0300] {processor.py:830} INFO - Processing file /Users/davispecia/Documents/GitHub/Pf_pipeline_dados/Projeto_final_fase3/venv/lib/python3.9/site-packages/airflow/example_dags/plugins/event_listener.py for tasks to queue
[2025-11-27T12:20:16.850-0300] {logging_mixin.py:188} INFO - [2025-11-27T12:20:16.850-0300] {dagbag.py:545} INFO - Filling up the DagBag from /Users/davispecia/Documents/GitHub/Pf_pipeline_dados/Projeto_final_fase3/venv/lib/python3.9/site-packages/airflow/example_dags/plugins/event_listener.py
[2025-11-27T12:20:16.850-0300] {processor.py:842} WARNING - No viable dags retrieved from /Users/davispecia/Documents/GitHub/Pf_pipeline_dados/Projeto_final_fase3/venv/lib/python3.9/site-packages/airflow/example_dags/plugins/event_listener.py
[2025-11-27T12:20:16.893-0300] {processor.py:183} INFO - Processing /Users/davispecia/Documents/GitHub/Pf_pipeline_dados/Projeto_final_fase3/venv/lib/python3.9/site-packages/airflow/example_dags/plugins/event_listener.py took 0.046 seconds
[2025-11-27T12:21:27.900-0300] {processor.py:161} INFO - Started process (PID=1459) to work on /Users/davispecia/Documents/GitHub/Pf_pipeline_dados/Projeto_final_fase3/venv/lib/python3.9/site-packages/airflow/example_dags/plugins/event_listener.py
[2025-11-27T12:21:27.901-0300] {processor.py:830} INFO - Processing file /Users/davispecia/Documents/GitHub/Pf_pipeline_dados/Projeto_final_fase3/venv/lib/python3.9/site-packages/airflow/example_dags/plugins/event_listener.py for tasks to queue
[2025-11-27T12:21:27.901-0300] {logging_mixin.py:188} INFO - [2025-11-27T12:21:27.901-0300] {dagbag.py:545} INFO - Filling up the DagBag from /Users/davispecia/Documents/GitHub/Pf_pipeline_dados/Projeto_final_fase3/venv/lib/python3.9/site-packages/airflow/example_dags/plugins/event_listener.py
[2025-11-27T12:21:27.902-0300] {processor.py:842} WARNING - No viable dags retrieved from /Users/davispecia/Documents/GitHub/Pf_pipeline_dados/Projeto_final_fase3/venv/lib/python3.9/site-packages/airflow/example_dags/plugins/event_listener.py
[2025-11-27T12:21:27.944-0300] {processor.py:183} INFO - Processing /Users/davispecia/Documents/GitHub/Pf_pipeline_dados/Projeto_final_fase3/venv/lib/python3.9/site-packages/airflow/example_dags/plugins/event_listener.py took 0.046 seconds
[2025-11-27T12:22:29.339-0300] {processor.py:161} INFO - Started process (PID=1610) to work on /Users/davispecia/Documents/GitHub/Pf_pipeline_dados/Projeto_final_fase3/venv/lib/python3.9/site-packages/airflow/example_dags/plugins/event_listener.py
[2025-11-27T12:22:29.340-0300] {processor.py:830} INFO - Processing file /Users/davispecia/Documents/GitHub/Pf_pipeline_dados/Projeto_final_fase3/venv/lib/python3.9/site-packages/airflow/example_dags/plugins/event_listener.py for tasks to queue
[2025-11-27T12:22:29.340-0300] {logging_mixin.py:188} INFO - [2025-11-27T12:22:29.340-0300] {dagbag.py:545} INFO - Filling up the DagBag from /Users/davispecia/Documents/GitHub/Pf_pipeline_dados/Projeto_final_fase3/venv/lib/python3.9/site-packages/airflow/example_dags/plugins/event_listener.py
[2025-11-27T12:22:29.341-0300] {processor.py:842} WARNING - No viable dags retrieved from /Users/davispecia/Documents/GitHub/Pf_pipeline_dados/Projeto_final_fase3/venv/lib/python3.9/site-packages/airflow/example_dags/plugins/event_listener.py
[2025-11-27T12:22:29.384-0300] {processor.py:183} INFO - Processing /Users/davispecia/Documents/GitHub/Pf_pipeline_dados/Projeto_final_fase3/venv/lib/python3.9/site-packages/airflow/example_dags/plugins/event_listener.py took 0.047 seconds
[2025-11-27T12:23:31.158-0300] {processor.py:161} INFO - Started process (PID=1761) to work on /Users/davispecia/Documents/GitHub/Pf_pipeline_dados/Projeto_final_fase3/venv/lib/python3.9/site-packages/airflow/example_dags/plugins/event_listener.py
[2025-11-27T12:23:31.159-0300] {processor.py:830} INFO - Processing file /Users/davispecia/Documents/GitHub/Pf_pipeline_dados/Projeto_final_fase3/venv/lib/python3.9/site-packages/airflow/example_dags/plugins/event_listener.py for tasks to queue
[2025-11-27T12:23:31.159-0300] {logging_mixin.py:188} INFO - [2025-11-27T12:23:31.159-0300] {dagbag.py:545} INFO - Filling up the DagBag from /Users/davispecia/Documents/GitHub/Pf_pipeline_dados/Projeto_final_fase3/venv/lib/python3.9/site-packages/airflow/example_dags/plugins/event_listener.py
[2025-11-27T12:23:31.160-0300] {processor.py:842} WARNING - No viable dags retrieved from /Users/davispecia/Documents/GitHub/Pf_pipeline_dados/Projeto_final_fase3/venv/lib/python3.9/site-packages/airflow/example_dags/plugins/event_listener.py
[2025-11-27T12:23:31.204-0300] {processor.py:183} INFO - Processing /Users/davispecia/Documents/GitHub/Pf_pipeline_dados/Projeto_final_fase3/venv/lib/python3.9/site-packages/airflow/example_dags/plugins/event_listener.py took 0.048 seconds
[2025-11-27T12:24:31.975-0300] {processor.py:161} INFO - Started process (PID=1916) to work on /Users/davispecia/Documents/GitHub/Pf_pipeline_dados/Projeto_final_fase3/venv/lib/python3.9/site-packages/airflow/example_dags/plugins/event_listener.py
[2025-11-27T12:24:31.976-0300] {processor.py:830} INFO - Processing file /Users/davispecia/Documents/GitHub/Pf_pipeline_dados/Projeto_final_fase3/venv/lib/python3.9/site-packages/airflow/example_dags/plugins/event_listener.py for tasks to queue
[2025-11-27T12:24:31.976-0300] {logging_mixin.py:188} INFO - [2025-11-27T12:24:31.976-0300] {dagbag.py:545} INFO - Filling up the DagBag from /Users/davispecia/Documents/GitHub/Pf_pipeline_dados/Projeto_final_fase3/venv/lib/python3.9/site-packages/airflow/example_dags/plugins/event_listener.py
[2025-11-27T12:24:31.977-0300] {processor.py:842} WARNING - No viable dags retrieved from /Users/davispecia/Documents/GitHub/Pf_pipeline_dados/Projeto_final_fase3/venv/lib/python3.9/site-packages/airflow/example_dags/plugins/event_listener.py
[2025-11-27T12:24:32.020-0300] {processor.py:183} INFO - Processing /Users/davispecia/Documents/GitHub/Pf_pipeline_dados/Projeto_final_fase3/venv/lib/python3.9/site-packages/airflow/example_dags/plugins/event_listener.py took 0.047 seconds
[2025-11-27T12:25:33.998-0300] {processor.py:161} INFO - Started process (PID=2075) to work on /Users/davispecia/Documents/GitHub/Pf_pipeline_dados/Projeto_final_fase3/venv/lib/python3.9/site-packages/airflow/example_dags/plugins/event_listener.py
[2025-11-27T12:25:33.998-0300] {processor.py:830} INFO - Processing file /Users/davispecia/Documents/GitHub/Pf_pipeline_dados/Projeto_final_fase3/venv/lib/python3.9/site-packages/airflow/example_dags/plugins/event_listener.py for tasks to queue
[2025-11-27T12:25:33.998-0300] {logging_mixin.py:188} INFO - [2025-11-27T12:25:33.998-0300] {dagbag.py:545} INFO - Filling up the DagBag from /Users/davispecia/Documents/GitHub/Pf_pipeline_dados/Projeto_final_fase3/venv/lib/python3.9/site-packages/airflow/example_dags/plugins/event_listener.py
[2025-11-27T12:25:33.999-0300] {processor.py:842} WARNING - No viable dags retrieved from /Users/davispecia/Documents/GitHub/Pf_pipeline_dados/Projeto_final_fase3/venv/lib/python3.9/site-packages/airflow/example_dags/plugins/event_listener.py
[2025-11-27T12:25:34.041-0300] {processor.py:183} INFO - Processing /Users/davispecia/Documents/GitHub/Pf_pipeline_dados/Projeto_final_fase3/venv/lib/python3.9/site-packages/airflow/example_dags/plugins/event_listener.py took 0.046 seconds
[2025-11-27T12:26:44.913-0300] {processor.py:161} INFO - Started process (PID=2302) to work on /Users/davispecia/Documents/GitHub/Pf_pipeline_dados/Projeto_final_fase3/venv/lib/python3.9/site-packages/airflow/example_dags/plugins/event_listener.py
[2025-11-27T12:26:44.914-0300] {processor.py:830} INFO - Processing file /Users/davispecia/Documents/GitHub/Pf_pipeline_dados/Projeto_final_fase3/venv/lib/python3.9/site-packages/airflow/example_dags/plugins/event_listener.py for tasks to queue
[2025-11-27T12:26:44.914-0300] {logging_mixin.py:188} INFO - [2025-11-27T12:26:44.914-0300] {dagbag.py:545} INFO - Filling up the DagBag from /Users/davispecia/Documents/GitHub/Pf_pipeline_dados/Projeto_final_fase3/venv/lib/python3.9/site-packages/airflow/example_dags/plugins/event_listener.py
[2025-11-27T12:26:44.915-0300] {processor.py:842} WARNING - No viable dags retrieved from /Users/davispecia/Documents/GitHub/Pf_pipeline_dados/Projeto_final_fase3/venv/lib/python3.9/site-packages/airflow/example_dags/plugins/event_listener.py
[2025-11-27T12:26:44.958-0300] {processor.py:183} INFO - Processing /Users/davispecia/Documents/GitHub/Pf_pipeline_dados/Projeto_final_fase3/venv/lib/python3.9/site-packages/airflow/example_dags/plugins/event_listener.py took 0.047 seconds
[2025-11-27T12:27:49.998-0300] {processor.py:161} INFO - Started process (PID=2479) to work on /Users/davispecia/Documents/GitHub/Pf_pipeline_dados/Projeto_final_fase3/venv/lib/python3.9/site-packages/airflow/example_dags/plugins/event_listener.py
[2025-11-27T12:27:49.999-0300] {processor.py:830} INFO - Processing file /Users/davispecia/Documents/GitHub/Pf_pipeline_dados/Projeto_final_fase3/venv/lib/python3.9/site-packages/airflow/example_dags/plugins/event_listener.py for tasks to queue
[2025-11-27T12:27:50.000-0300] {logging_mixin.py:188} INFO - [2025-11-27T12:27:50.000-0300] {dagbag.py:545} INFO - Filling up the DagBag from /Users/davispecia/Documents/GitHub/Pf_pipeline_dados/Projeto_final_fase3/venv/lib/python3.9/site-packages/airflow/example_dags/plugins/event_listener.py
[2025-11-27T12:27:50.000-0300] {processor.py:842} WARNING - No viable dags retrieved from /Users/davispecia/Documents/GitHub/Pf_pipeline_dados/Projeto_final_fase3/venv/lib/python3.9/site-packages/airflow/example_dags/plugins/event_listener.py
[2025-11-27T12:27:50.043-0300] {processor.py:183} INFO - Processing /Users/davispecia/Documents/GitHub/Pf_pipeline_dados/Projeto_final_fase3/venv/lib/python3.9/site-packages/airflow/example_dags/plugins/event_listener.py took 0.047 seconds
[2025-11-27T13:07:07.511-0300] {processor.py:161} INFO - Started process (PID=2766) to work on /Users/davispecia/Documents/GitHub/Pf_pipeline_dados/Projeto_final_fase3/venv/lib/python3.9/site-packages/airflow/example_dags/plugins/event_listener.py
[2025-11-27T13:07:07.512-0300] {processor.py:830} INFO - Processing file /Users/davispecia/Documents/GitHub/Pf_pipeline_dados/Projeto_final_fase3/venv/lib/python3.9/site-packages/airflow/example_dags/plugins/event_listener.py for tasks to queue
[2025-11-27T13:07:07.512-0300] {logging_mixin.py:188} INFO - [2025-11-27T13:07:07.512-0300] {dagbag.py:545} INFO - Filling up the DagBag from /Users/davispecia/Documents/GitHub/Pf_pipeline_dados/Projeto_final_fase3/venv/lib/python3.9/site-packages/airflow/example_dags/plugins/event_listener.py
[2025-11-27T13:07:07.512-0300] {processor.py:842} WARNING - No viable dags retrieved from /Users/davispecia/Documents/GitHub/Pf_pipeline_dados/Projeto_final_fase3/venv/lib/python3.9/site-packages/airflow/example_dags/plugins/event_listener.py
[2025-11-27T13:07:07.554-0300] {processor.py:183} INFO - Processing /Users/davispecia/Documents/GitHub/Pf_pipeline_dados/Projeto_final_fase3/venv/lib/python3.9/site-packages/airflow/example_dags/plugins/event_listener.py took 0.046 seconds
[2025-11-27T14:07:52.016-0300] {processor.py:161} INFO - Started process (PID=3213) to work on /Users/davispecia/Documents/GitHub/Pf_pipeline_dados/Projeto_final_fase3/venv/lib/python3.9/site-packages/airflow/example_dags/plugins/event_listener.py
[2025-11-27T14:07:52.017-0300] {processor.py:830} INFO - Processing file /Users/davispecia/Documents/GitHub/Pf_pipeline_dados/Projeto_final_fase3/venv/lib/python3.9/site-packages/airflow/example_dags/plugins/event_listener.py for tasks to queue
[2025-11-27T14:07:52.018-0300] {logging_mixin.py:188} INFO - [2025-11-27T14:07:52.018-0300] {dagbag.py:545} INFO - Filling up the DagBag from /Users/davispecia/Documents/GitHub/Pf_pipeline_dados/Projeto_final_fase3/venv/lib/python3.9/site-packages/airflow/example_dags/plugins/event_listener.py
[2025-11-27T14:07:52.018-0300] {processor.py:842} WARNING - No viable dags retrieved from /Users/davispecia/Documents/GitHub/Pf_pipeline_dados/Projeto_final_fase3/venv/lib/python3.9/site-packages/airflow/example_dags/plugins/event_listener.py
[2025-11-27T14:07:52.067-0300] {processor.py:183} INFO - Processing /Users/davispecia/Documents/GitHub/Pf_pipeline_dados/Projeto_final_fase3/venv/lib/python3.9/site-packages/airflow/example_dags/plugins/event_listener.py took 0.054 seconds
[2025-11-27T14:09:27.485-0300] {processor.py:161} INFO - Started process (PID=3508) to work on /Users/davispecia/Documents/GitHub/Pf_pipeline_dados/Projeto_final_fase3/venv/lib/python3.9/site-packages/airflow/example_dags/plugins/event_listener.py
[2025-11-27T14:09:27.486-0300] {processor.py:830} INFO - Processing file /Users/davispecia/Documents/GitHub/Pf_pipeline_dados/Projeto_final_fase3/venv/lib/python3.9/site-packages/airflow/example_dags/plugins/event_listener.py for tasks to queue
[2025-11-27T14:09:27.486-0300] {logging_mixin.py:188} INFO - [2025-11-27T14:09:27.486-0300] {dagbag.py:545} INFO - Filling up the DagBag from /Users/davispecia/Documents/GitHub/Pf_pipeline_dados/Projeto_final_fase3/venv/lib/python3.9/site-packages/airflow/example_dags/plugins/event_listener.py
[2025-11-27T14:09:27.487-0300] {processor.py:842} WARNING - No viable dags retrieved from /Users/davispecia/Documents/GitHub/Pf_pipeline_dados/Projeto_final_fase3/venv/lib/python3.9/site-packages/airflow/example_dags/plugins/event_listener.py
[2025-11-27T14:09:27.532-0300] {processor.py:183} INFO - Processing /Users/davispecia/Documents/GitHub/Pf_pipeline_dados/Projeto_final_fase3/venv/lib/python3.9/site-packages/airflow/example_dags/plugins/event_listener.py took 0.049 seconds
[2025-11-27T14:10:29.013-0300] {processor.py:161} INFO - Started process (PID=3656) to work on /Users/davispecia/Documents/GitHub/Pf_pipeline_dados/Projeto_final_fase3/venv/lib/python3.9/site-packages/airflow/example_dags/plugins/event_listener.py
[2025-11-27T14:10:29.015-0300] {processor.py:830} INFO - Processing file /Users/davispecia/Documents/GitHub/Pf_pipeline_dados/Projeto_final_fase3/venv/lib/python3.9/site-packages/airflow/example_dags/plugins/event_listener.py for tasks to queue
[2025-11-27T14:10:29.015-0300] {logging_mixin.py:188} INFO - [2025-11-27T14:10:29.015-0300] {dagbag.py:545} INFO - Filling up the DagBag from /Users/davispecia/Documents/GitHub/Pf_pipeline_dados/Projeto_final_fase3/venv/lib/python3.9/site-packages/airflow/example_dags/plugins/event_listener.py
[2025-11-27T14:10:29.016-0300] {processor.py:842} WARNING - No viable dags retrieved from /Users/davispecia/Documents/GitHub/Pf_pipeline_dados/Projeto_final_fase3/venv/lib/python3.9/site-packages/airflow/example_dags/plugins/event_listener.py
[2025-11-27T14:10:29.058-0300] {processor.py:183} INFO - Processing /Users/davispecia/Documents/GitHub/Pf_pipeline_dados/Projeto_final_fase3/venv/lib/python3.9/site-packages/airflow/example_dags/plugins/event_listener.py took 0.047 seconds
[2025-11-27T14:11:31.289-0300] {processor.py:161} INFO - Started process (PID=3799) to work on /Users/davispecia/Documents/GitHub/Pf_pipeline_dados/Projeto_final_fase3/venv/lib/python3.9/site-packages/airflow/example_dags/plugins/event_listener.py
[2025-11-27T14:11:31.290-0300] {processor.py:830} INFO - Processing file /Users/davispecia/Documents/GitHub/Pf_pipeline_dados/Projeto_final_fase3/venv/lib/python3.9/site-packages/airflow/example_dags/plugins/event_listener.py for tasks to queue
[2025-11-27T14:11:31.291-0300] {logging_mixin.py:188} INFO - [2025-11-27T14:11:31.291-0300] {dagbag.py:545} INFO - Filling up the DagBag from /Users/davispecia/Documents/GitHub/Pf_pipeline_dados/Projeto_final_fase3/venv/lib/python3.9/site-packages/airflow/example_dags/plugins/event_listener.py
[2025-11-27T14:11:31.291-0300] {processor.py:842} WARNING - No viable dags retrieved from /Users/davispecia/Documents/GitHub/Pf_pipeline_dados/Projeto_final_fase3/venv/lib/python3.9/site-packages/airflow/example_dags/plugins/event_listener.py
[2025-11-27T14:11:31.336-0300] {processor.py:183} INFO - Processing /Users/davispecia/Documents/GitHub/Pf_pipeline_dados/Projeto_final_fase3/venv/lib/python3.9/site-packages/airflow/example_dags/plugins/event_listener.py took 0.049 seconds
[2025-11-27T14:12:31.615-0300] {processor.py:161} INFO - Started process (PID=3941) to work on /Users/davispecia/Documents/GitHub/Pf_pipeline_dados/Projeto_final_fase3/venv/lib/python3.9/site-packages/airflow/example_dags/plugins/event_listener.py
[2025-11-27T14:12:31.615-0300] {processor.py:830} INFO - Processing file /Users/davispecia/Documents/GitHub/Pf_pipeline_dados/Projeto_final_fase3/venv/lib/python3.9/site-packages/airflow/example_dags/plugins/event_listener.py for tasks to queue
[2025-11-27T14:12:31.616-0300] {logging_mixin.py:188} INFO - [2025-11-27T14:12:31.616-0300] {dagbag.py:545} INFO - Filling up the DagBag from /Users/davispecia/Documents/GitHub/Pf_pipeline_dados/Projeto_final_fase3/venv/lib/python3.9/site-packages/airflow/example_dags/plugins/event_listener.py
[2025-11-27T14:12:31.616-0300] {processor.py:842} WARNING - No viable dags retrieved from /Users/davispecia/Documents/GitHub/Pf_pipeline_dados/Projeto_final_fase3/venv/lib/python3.9/site-packages/airflow/example_dags/plugins/event_listener.py
[2025-11-27T14:12:31.660-0300] {processor.py:183} INFO - Processing /Users/davispecia/Documents/GitHub/Pf_pipeline_dados/Projeto_final_fase3/venv/lib/python3.9/site-packages/airflow/example_dags/plugins/event_listener.py took 0.048 seconds
[2025-11-27T14:13:35.252-0300] {processor.py:161} INFO - Started process (PID=4119) to work on /Users/davispecia/Documents/GitHub/Pf_pipeline_dados/Projeto_final_fase3/venv/lib/python3.9/site-packages/airflow/example_dags/plugins/event_listener.py
[2025-11-27T14:13:35.253-0300] {processor.py:830} INFO - Processing file /Users/davispecia/Documents/GitHub/Pf_pipeline_dados/Projeto_final_fase3/venv/lib/python3.9/site-packages/airflow/example_dags/plugins/event_listener.py for tasks to queue
[2025-11-27T14:13:35.254-0300] {logging_mixin.py:188} INFO - [2025-11-27T14:13:35.254-0300] {dagbag.py:545} INFO - Filling up the DagBag from /Users/davispecia/Documents/GitHub/Pf_pipeline_dados/Projeto_final_fase3/venv/lib/python3.9/site-packages/airflow/example_dags/plugins/event_listener.py
[2025-11-27T14:13:35.254-0300] {processor.py:842} WARNING - No viable dags retrieved from /Users/davispecia/Documents/GitHub/Pf_pipeline_dados/Projeto_final_fase3/venv/lib/python3.9/site-packages/airflow/example_dags/plugins/event_listener.py
[2025-11-27T14:13:35.296-0300] {processor.py:183} INFO - Processing /Users/davispecia/Documents/GitHub/Pf_pipeline_dados/Projeto_final_fase3/venv/lib/python3.9/site-packages/airflow/example_dags/plugins/event_listener.py took 0.046 seconds
[2025-11-27T14:14:53.553-0300] {processor.py:161} INFO - Started process (PID=4379) to work on /Users/davispecia/Documents/GitHub/Pf_pipeline_dados/Projeto_final_fase3/venv/lib/python3.9/site-packages/airflow/example_dags/plugins/event_listener.py
[2025-11-27T14:14:53.554-0300] {processor.py:830} INFO - Processing file /Users/davispecia/Documents/GitHub/Pf_pipeline_dados/Projeto_final_fase3/venv/lib/python3.9/site-packages/airflow/example_dags/plugins/event_listener.py for tasks to queue
[2025-11-27T14:14:53.554-0300] {logging_mixin.py:188} INFO - [2025-11-27T14:14:53.554-0300] {dagbag.py:545} INFO - Filling up the DagBag from /Users/davispecia/Documents/GitHub/Pf_pipeline_dados/Projeto_final_fase3/venv/lib/python3.9/site-packages/airflow/example_dags/plugins/event_listener.py
[2025-11-27T14:14:53.555-0300] {processor.py:842} WARNING - No viable dags retrieved from /Users/davispecia/Documents/GitHub/Pf_pipeline_dados/Projeto_final_fase3/venv/lib/python3.9/site-packages/airflow/example_dags/plugins/event_listener.py
[2025-11-27T14:14:53.598-0300] {processor.py:183} INFO - Processing /Users/davispecia/Documents/GitHub/Pf_pipeline_dados/Projeto_final_fase3/venv/lib/python3.9/site-packages/airflow/example_dags/plugins/event_listener.py took 0.046 seconds
[2025-11-27T14:16:00.973-0300] {processor.py:161} INFO - Started process (PID=4543) to work on /Users/davispecia/Documents/GitHub/Pf_pipeline_dados/Projeto_final_fase3/venv/lib/python3.9/site-packages/airflow/example_dags/plugins/event_listener.py
[2025-11-27T14:16:00.974-0300] {processor.py:830} INFO - Processing file /Users/davispecia/Documents/GitHub/Pf_pipeline_dados/Projeto_final_fase3/venv/lib/python3.9/site-packages/airflow/example_dags/plugins/event_listener.py for tasks to queue
[2025-11-27T14:16:00.974-0300] {logging_mixin.py:188} INFO - [2025-11-27T14:16:00.974-0300] {dagbag.py:545} INFO - Filling up the DagBag from /Users/davispecia/Documents/GitHub/Pf_pipeline_dados/Projeto_final_fase3/venv/lib/python3.9/site-packages/airflow/example_dags/plugins/event_listener.py
[2025-11-27T14:16:00.974-0300] {processor.py:842} WARNING - No viable dags retrieved from /Users/davispecia/Documents/GitHub/Pf_pipeline_dados/Projeto_final_fase3/venv/lib/python3.9/site-packages/airflow/example_dags/plugins/event_listener.py
[2025-11-27T14:16:01.017-0300] {processor.py:183} INFO - Processing /Users/davispecia/Documents/GitHub/Pf_pipeline_dados/Projeto_final_fase3/venv/lib/python3.9/site-packages/airflow/example_dags/plugins/event_listener.py took 0.046 seconds
[2025-11-27T14:17:06.089-0300] {processor.py:161} INFO - Started process (PID=4700) to work on /Users/davispecia/Documents/GitHub/Pf_pipeline_dados/Projeto_final_fase3/venv/lib/python3.9/site-packages/airflow/example_dags/plugins/event_listener.py
[2025-11-27T14:17:06.090-0300] {processor.py:830} INFO - Processing file /Users/davispecia/Documents/GitHub/Pf_pipeline_dados/Projeto_final_fase3/venv/lib/python3.9/site-packages/airflow/example_dags/plugins/event_listener.py for tasks to queue
[2025-11-27T14:17:06.090-0300] {logging_mixin.py:188} INFO - [2025-11-27T14:17:06.090-0300] {dagbag.py:545} INFO - Filling up the DagBag from /Users/davispecia/Documents/GitHub/Pf_pipeline_dados/Projeto_final_fase3/venv/lib/python3.9/site-packages/airflow/example_dags/plugins/event_listener.py
[2025-11-27T14:17:06.091-0300] {processor.py:842} WARNING - No viable dags retrieved from /Users/davispecia/Documents/GitHub/Pf_pipeline_dados/Projeto_final_fase3/venv/lib/python3.9/site-packages/airflow/example_dags/plugins/event_listener.py
[2025-11-27T14:17:06.134-0300] {processor.py:183} INFO - Processing /Users/davispecia/Documents/GitHub/Pf_pipeline_dados/Projeto_final_fase3/venv/lib/python3.9/site-packages/airflow/example_dags/plugins/event_listener.py took 0.047 seconds
[2025-11-27T14:18:16.286-0300] {processor.py:161} INFO - Started process (PID=4867) to work on /Users/davispecia/Documents/GitHub/Pf_pipeline_dados/Projeto_final_fase3/venv/lib/python3.9/site-packages/airflow/example_dags/plugins/event_listener.py
[2025-11-27T14:18:16.287-0300] {processor.py:830} INFO - Processing file /Users/davispecia/Documents/GitHub/Pf_pipeline_dados/Projeto_final_fase3/venv/lib/python3.9/site-packages/airflow/example_dags/plugins/event_listener.py for tasks to queue
[2025-11-27T14:18:16.287-0300] {logging_mixin.py:188} INFO - [2025-11-27T14:18:16.287-0300] {dagbag.py:545} INFO - Filling up the DagBag from /Users/davispecia/Documents/GitHub/Pf_pipeline_dados/Projeto_final_fase3/venv/lib/python3.9/site-packages/airflow/example_dags/plugins/event_listener.py
[2025-11-27T14:18:16.288-0300] {processor.py:842} WARNING - No viable dags retrieved from /Users/davispecia/Documents/GitHub/Pf_pipeline_dados/Projeto_final_fase3/venv/lib/python3.9/site-packages/airflow/example_dags/plugins/event_listener.py
[2025-11-27T14:18:16.336-0300] {processor.py:183} INFO - Processing /Users/davispecia/Documents/GitHub/Pf_pipeline_dados/Projeto_final_fase3/venv/lib/python3.9/site-packages/airflow/example_dags/plugins/event_listener.py took 0.053 seconds
[2025-11-27T14:19:25.508-0300] {processor.py:161} INFO - Started process (PID=5029) to work on /Users/davispecia/Documents/GitHub/Pf_pipeline_dados/Projeto_final_fase3/venv/lib/python3.9/site-packages/airflow/example_dags/plugins/event_listener.py
[2025-11-27T14:19:25.508-0300] {processor.py:830} INFO - Processing file /Users/davispecia/Documents/GitHub/Pf_pipeline_dados/Projeto_final_fase3/venv/lib/python3.9/site-packages/airflow/example_dags/plugins/event_listener.py for tasks to queue
[2025-11-27T14:19:25.509-0300] {logging_mixin.py:188} INFO - [2025-11-27T14:19:25.509-0300] {dagbag.py:545} INFO - Filling up the DagBag from /Users/davispecia/Documents/GitHub/Pf_pipeline_dados/Projeto_final_fase3/venv/lib/python3.9/site-packages/airflow/example_dags/plugins/event_listener.py
[2025-11-27T14:19:25.510-0300] {processor.py:842} WARNING - No viable dags retrieved from /Users/davispecia/Documents/GitHub/Pf_pipeline_dados/Projeto_final_fase3/venv/lib/python3.9/site-packages/airflow/example_dags/plugins/event_listener.py
[2025-11-27T14:19:25.556-0300] {processor.py:183} INFO - Processing /Users/davispecia/Documents/GitHub/Pf_pipeline_dados/Projeto_final_fase3/venv/lib/python3.9/site-packages/airflow/example_dags/plugins/event_listener.py took 0.050 seconds
[2025-11-27T14:20:41.411-0300] {processor.py:161} INFO - Started process (PID=5269) to work on /Users/davispecia/Documents/GitHub/Pf_pipeline_dados/Projeto_final_fase3/venv/lib/python3.9/site-packages/airflow/example_dags/plugins/event_listener.py
[2025-11-27T14:20:41.412-0300] {processor.py:830} INFO - Processing file /Users/davispecia/Documents/GitHub/Pf_pipeline_dados/Projeto_final_fase3/venv/lib/python3.9/site-packages/airflow/example_dags/plugins/event_listener.py for tasks to queue
[2025-11-27T14:20:41.412-0300] {logging_mixin.py:188} INFO - [2025-11-27T14:20:41.412-0300] {dagbag.py:545} INFO - Filling up the DagBag from /Users/davispecia/Documents/GitHub/Pf_pipeline_dados/Projeto_final_fase3/venv/lib/python3.9/site-packages/airflow/example_dags/plugins/event_listener.py
[2025-11-27T14:20:41.413-0300] {processor.py:842} WARNING - No viable dags retrieved from /Users/davispecia/Documents/GitHub/Pf_pipeline_dados/Projeto_final_fase3/venv/lib/python3.9/site-packages/airflow/example_dags/plugins/event_listener.py
[2025-11-27T14:20:41.457-0300] {processor.py:183} INFO - Processing /Users/davispecia/Documents/GitHub/Pf_pipeline_dados/Projeto_final_fase3/venv/lib/python3.9/site-packages/airflow/example_dags/plugins/event_listener.py took 0.049 seconds
[2025-11-27T14:21:46.339-0300] {processor.py:161} INFO - Started process (PID=5421) to work on /Users/davispecia/Documents/GitHub/Pf_pipeline_dados/Projeto_final_fase3/venv/lib/python3.9/site-packages/airflow/example_dags/plugins/event_listener.py
[2025-11-27T14:21:46.340-0300] {processor.py:830} INFO - Processing file /Users/davispecia/Documents/GitHub/Pf_pipeline_dados/Projeto_final_fase3/venv/lib/python3.9/site-packages/airflow/example_dags/plugins/event_listener.py for tasks to queue
[2025-11-27T14:21:46.340-0300] {logging_mixin.py:188} INFO - [2025-11-27T14:21:46.340-0300] {dagbag.py:545} INFO - Filling up the DagBag from /Users/davispecia/Documents/GitHub/Pf_pipeline_dados/Projeto_final_fase3/venv/lib/python3.9/site-packages/airflow/example_dags/plugins/event_listener.py
[2025-11-27T14:21:46.341-0300] {processor.py:842} WARNING - No viable dags retrieved from /Users/davispecia/Documents/GitHub/Pf_pipeline_dados/Projeto_final_fase3/venv/lib/python3.9/site-packages/airflow/example_dags/plugins/event_listener.py
[2025-11-27T14:21:46.388-0300] {processor.py:183} INFO - Processing /Users/davispecia/Documents/GitHub/Pf_pipeline_dados/Projeto_final_fase3/venv/lib/python3.9/site-packages/airflow/example_dags/plugins/event_listener.py took 0.052 seconds
[2025-11-27T14:22:51.522-0300] {processor.py:161} INFO - Started process (PID=5573) to work on /Users/davispecia/Documents/GitHub/Pf_pipeline_dados/Projeto_final_fase3/venv/lib/python3.9/site-packages/airflow/example_dags/plugins/event_listener.py
[2025-11-27T14:22:51.524-0300] {processor.py:830} INFO - Processing file /Users/davispecia/Documents/GitHub/Pf_pipeline_dados/Projeto_final_fase3/venv/lib/python3.9/site-packages/airflow/example_dags/plugins/event_listener.py for tasks to queue
[2025-11-27T14:22:51.524-0300] {logging_mixin.py:188} INFO - [2025-11-27T14:22:51.524-0300] {dagbag.py:545} INFO - Filling up the DagBag from /Users/davispecia/Documents/GitHub/Pf_pipeline_dados/Projeto_final_fase3/venv/lib/python3.9/site-packages/airflow/example_dags/plugins/event_listener.py
[2025-11-27T14:22:51.525-0300] {processor.py:842} WARNING - No viable dags retrieved from /Users/davispecia/Documents/GitHub/Pf_pipeline_dados/Projeto_final_fase3/venv/lib/python3.9/site-packages/airflow/example_dags/plugins/event_listener.py
[2025-11-27T14:22:51.574-0300] {processor.py:183} INFO - Processing /Users/davispecia/Documents/GitHub/Pf_pipeline_dados/Projeto_final_fase3/venv/lib/python3.9/site-packages/airflow/example_dags/plugins/event_listener.py took 0.054 seconds
[2025-11-27T14:23:58.867-0300] {processor.py:161} INFO - Started process (PID=5730) to work on /Users/davispecia/Documents/GitHub/Pf_pipeline_dados/Projeto_final_fase3/venv/lib/python3.9/site-packages/airflow/example_dags/plugins/event_listener.py
[2025-11-27T14:23:58.868-0300] {processor.py:830} INFO - Processing file /Users/davispecia/Documents/GitHub/Pf_pipeline_dados/Projeto_final_fase3/venv/lib/python3.9/site-packages/airflow/example_dags/plugins/event_listener.py for tasks to queue
[2025-11-27T14:23:58.868-0300] {logging_mixin.py:188} INFO - [2025-11-27T14:23:58.868-0300] {dagbag.py:545} INFO - Filling up the DagBag from /Users/davispecia/Documents/GitHub/Pf_pipeline_dados/Projeto_final_fase3/venv/lib/python3.9/site-packages/airflow/example_dags/plugins/event_listener.py
[2025-11-27T14:23:58.869-0300] {processor.py:842} WARNING - No viable dags retrieved from /Users/davispecia/Documents/GitHub/Pf_pipeline_dados/Projeto_final_fase3/venv/lib/python3.9/site-packages/airflow/example_dags/plugins/event_listener.py
[2025-11-27T14:23:58.912-0300] {processor.py:183} INFO - Processing /Users/davispecia/Documents/GitHub/Pf_pipeline_dados/Projeto_final_fase3/venv/lib/python3.9/site-packages/airflow/example_dags/plugins/event_listener.py took 0.046 seconds
[2025-11-27T14:25:08.827-0300] {processor.py:161} INFO - Started process (PID=5888) to work on /Users/davispecia/Documents/GitHub/Pf_pipeline_dados/Projeto_final_fase3/venv/lib/python3.9/site-packages/airflow/example_dags/plugins/event_listener.py
[2025-11-27T14:25:08.828-0300] {processor.py:830} INFO - Processing file /Users/davispecia/Documents/GitHub/Pf_pipeline_dados/Projeto_final_fase3/venv/lib/python3.9/site-packages/airflow/example_dags/plugins/event_listener.py for tasks to queue
[2025-11-27T14:25:08.828-0300] {logging_mixin.py:188} INFO - [2025-11-27T14:25:08.828-0300] {dagbag.py:545} INFO - Filling up the DagBag from /Users/davispecia/Documents/GitHub/Pf_pipeline_dados/Projeto_final_fase3/venv/lib/python3.9/site-packages/airflow/example_dags/plugins/event_listener.py
[2025-11-27T14:25:08.829-0300] {processor.py:842} WARNING - No viable dags retrieved from /Users/davispecia/Documents/GitHub/Pf_pipeline_dados/Projeto_final_fase3/venv/lib/python3.9/site-packages/airflow/example_dags/plugins/event_listener.py
[2025-11-27T14:25:08.871-0300] {processor.py:183} INFO - Processing /Users/davispecia/Documents/GitHub/Pf_pipeline_dados/Projeto_final_fase3/venv/lib/python3.9/site-packages/airflow/example_dags/plugins/event_listener.py took 0.046 seconds
[2025-11-27T14:26:30.985-0300] {processor.py:161} INFO - Started process (PID=6141) to work on /Users/davispecia/Documents/GitHub/Pf_pipeline_dados/Projeto_final_fase3/venv/lib/python3.9/site-packages/airflow/example_dags/plugins/event_listener.py
[2025-11-27T14:26:30.987-0300] {processor.py:830} INFO - Processing file /Users/davispecia/Documents/GitHub/Pf_pipeline_dados/Projeto_final_fase3/venv/lib/python3.9/site-packages/airflow/example_dags/plugins/event_listener.py for tasks to queue
[2025-11-27T14:26:30.987-0300] {logging_mixin.py:188} INFO - [2025-11-27T14:26:30.987-0300] {dagbag.py:545} INFO - Filling up the DagBag from /Users/davispecia/Documents/GitHub/Pf_pipeline_dados/Projeto_final_fase3/venv/lib/python3.9/site-packages/airflow/example_dags/plugins/event_listener.py
[2025-11-27T14:26:30.988-0300] {processor.py:842} WARNING - No viable dags retrieved from /Users/davispecia/Documents/GitHub/Pf_pipeline_dados/Projeto_final_fase3/venv/lib/python3.9/site-packages/airflow/example_dags/plugins/event_listener.py
[2025-11-27T14:26:31.036-0300] {processor.py:183} INFO - Processing /Users/davispecia/Documents/GitHub/Pf_pipeline_dados/Projeto_final_fase3/venv/lib/python3.9/site-packages/airflow/example_dags/plugins/event_listener.py took 0.054 seconds
[2025-11-27T14:27:49.567-0300] {processor.py:161} INFO - Started process (PID=6380) to work on /Users/davispecia/Documents/GitHub/Pf_pipeline_dados/Projeto_final_fase3/venv/lib/python3.9/site-packages/airflow/example_dags/plugins/event_listener.py
[2025-11-27T14:27:49.568-0300] {processor.py:830} INFO - Processing file /Users/davispecia/Documents/GitHub/Pf_pipeline_dados/Projeto_final_fase3/venv/lib/python3.9/site-packages/airflow/example_dags/plugins/event_listener.py for tasks to queue
[2025-11-27T14:27:49.569-0300] {logging_mixin.py:188} INFO - [2025-11-27T14:27:49.568-0300] {dagbag.py:545} INFO - Filling up the DagBag from /Users/davispecia/Documents/GitHub/Pf_pipeline_dados/Projeto_final_fase3/venv/lib/python3.9/site-packages/airflow/example_dags/plugins/event_listener.py
[2025-11-27T14:27:49.569-0300] {processor.py:842} WARNING - No viable dags retrieved from /Users/davispecia/Documents/GitHub/Pf_pipeline_dados/Projeto_final_fase3/venv/lib/python3.9/site-packages/airflow/example_dags/plugins/event_listener.py
[2025-11-27T14:27:49.616-0300] {processor.py:183} INFO - Processing /Users/davispecia/Documents/GitHub/Pf_pipeline_dados/Projeto_final_fase3/venv/lib/python3.9/site-packages/airflow/example_dags/plugins/event_listener.py took 0.051 seconds
[2025-11-27T14:28:54.025-0300] {processor.py:161} INFO - Started process (PID=6538) to work on /Users/davispecia/Documents/GitHub/Pf_pipeline_dados/Projeto_final_fase3/venv/lib/python3.9/site-packages/airflow/example_dags/plugins/event_listener.py
[2025-11-27T14:28:54.026-0300] {processor.py:830} INFO - Processing file /Users/davispecia/Documents/GitHub/Pf_pipeline_dados/Projeto_final_fase3/venv/lib/python3.9/site-packages/airflow/example_dags/plugins/event_listener.py for tasks to queue
[2025-11-27T14:28:54.026-0300] {logging_mixin.py:188} INFO - [2025-11-27T14:28:54.026-0300] {dagbag.py:545} INFO - Filling up the DagBag from /Users/davispecia/Documents/GitHub/Pf_pipeline_dados/Projeto_final_fase3/venv/lib/python3.9/site-packages/airflow/example_dags/plugins/event_listener.py
[2025-11-27T14:28:54.027-0300] {processor.py:842} WARNING - No viable dags retrieved from /Users/davispecia/Documents/GitHub/Pf_pipeline_dados/Projeto_final_fase3/venv/lib/python3.9/site-packages/airflow/example_dags/plugins/event_listener.py
[2025-11-27T14:28:54.076-0300] {processor.py:183} INFO - Processing /Users/davispecia/Documents/GitHub/Pf_pipeline_dados/Projeto_final_fase3/venv/lib/python3.9/site-packages/airflow/example_dags/plugins/event_listener.py took 0.054 seconds
[2025-11-27T14:29:59.064-0300] {processor.py:161} INFO - Started process (PID=6688) to work on /Users/davispecia/Documents/GitHub/Pf_pipeline_dados/Projeto_final_fase3/venv/lib/python3.9/site-packages/airflow/example_dags/plugins/event_listener.py
[2025-11-27T14:29:59.065-0300] {processor.py:830} INFO - Processing file /Users/davispecia/Documents/GitHub/Pf_pipeline_dados/Projeto_final_fase3/venv/lib/python3.9/site-packages/airflow/example_dags/plugins/event_listener.py for tasks to queue
[2025-11-27T14:29:59.066-0300] {logging_mixin.py:188} INFO - [2025-11-27T14:29:59.066-0300] {dagbag.py:545} INFO - Filling up the DagBag from /Users/davispecia/Documents/GitHub/Pf_pipeline_dados/Projeto_final_fase3/venv/lib/python3.9/site-packages/airflow/example_dags/plugins/event_listener.py
[2025-11-27T14:29:59.066-0300] {processor.py:842} WARNING - No viable dags retrieved from /Users/davispecia/Documents/GitHub/Pf_pipeline_dados/Projeto_final_fase3/venv/lib/python3.9/site-packages/airflow/example_dags/plugins/event_listener.py
[2025-11-27T14:29:59.109-0300] {processor.py:183} INFO - Processing /Users/davispecia/Documents/GitHub/Pf_pipeline_dados/Projeto_final_fase3/venv/lib/python3.9/site-packages/airflow/example_dags/plugins/event_listener.py took 0.046 seconds
[2025-11-27T14:31:05.407-0300] {processor.py:161} INFO - Started process (PID=6848) to work on /Users/davispecia/Documents/GitHub/Pf_pipeline_dados/Projeto_final_fase3/venv/lib/python3.9/site-packages/airflow/example_dags/plugins/event_listener.py
[2025-11-27T14:31:05.408-0300] {processor.py:830} INFO - Processing file /Users/davispecia/Documents/GitHub/Pf_pipeline_dados/Projeto_final_fase3/venv/lib/python3.9/site-packages/airflow/example_dags/plugins/event_listener.py for tasks to queue
[2025-11-27T14:31:05.408-0300] {logging_mixin.py:188} INFO - [2025-11-27T14:31:05.408-0300] {dagbag.py:545} INFO - Filling up the DagBag from /Users/davispecia/Documents/GitHub/Pf_pipeline_dados/Projeto_final_fase3/venv/lib/python3.9/site-packages/airflow/example_dags/plugins/event_listener.py
[2025-11-27T14:31:05.409-0300] {processor.py:842} WARNING - No viable dags retrieved from /Users/davispecia/Documents/GitHub/Pf_pipeline_dados/Projeto_final_fase3/venv/lib/python3.9/site-packages/airflow/example_dags/plugins/event_listener.py
[2025-11-27T14:31:05.455-0300] {processor.py:183} INFO - Processing /Users/davispecia/Documents/GitHub/Pf_pipeline_dados/Projeto_final_fase3/venv/lib/python3.9/site-packages/airflow/example_dags/plugins/event_listener.py took 0.049 seconds
[2025-11-27T14:32:08.589-0300] {processor.py:161} INFO - Started process (PID=6998) to work on /Users/davispecia/Documents/GitHub/Pf_pipeline_dados/Projeto_final_fase3/venv/lib/python3.9/site-packages/airflow/example_dags/plugins/event_listener.py
[2025-11-27T14:32:08.590-0300] {processor.py:830} INFO - Processing file /Users/davispecia/Documents/GitHub/Pf_pipeline_dados/Projeto_final_fase3/venv/lib/python3.9/site-packages/airflow/example_dags/plugins/event_listener.py for tasks to queue
[2025-11-27T14:32:08.590-0300] {logging_mixin.py:188} INFO - [2025-11-27T14:32:08.590-0300] {dagbag.py:545} INFO - Filling up the DagBag from /Users/davispecia/Documents/GitHub/Pf_pipeline_dados/Projeto_final_fase3/venv/lib/python3.9/site-packages/airflow/example_dags/plugins/event_listener.py
[2025-11-27T14:32:08.591-0300] {processor.py:842} WARNING - No viable dags retrieved from /Users/davispecia/Documents/GitHub/Pf_pipeline_dados/Projeto_final_fase3/venv/lib/python3.9/site-packages/airflow/example_dags/plugins/event_listener.py
[2025-11-27T14:32:08.633-0300] {processor.py:183} INFO - Processing /Users/davispecia/Documents/GitHub/Pf_pipeline_dados/Projeto_final_fase3/venv/lib/python3.9/site-packages/airflow/example_dags/plugins/event_listener.py took 0.046 seconds
[2025-11-27T14:33:23.605-0300] {processor.py:161} INFO - Started process (PID=7256) to work on /Users/davispecia/Documents/GitHub/Pf_pipeline_dados/Projeto_final_fase3/venv/lib/python3.9/site-packages/airflow/example_dags/plugins/event_listener.py
[2025-11-27T14:33:23.606-0300] {processor.py:830} INFO - Processing file /Users/davispecia/Documents/GitHub/Pf_pipeline_dados/Projeto_final_fase3/venv/lib/python3.9/site-packages/airflow/example_dags/plugins/event_listener.py for tasks to queue
[2025-11-27T14:33:23.606-0300] {logging_mixin.py:188} INFO - [2025-11-27T14:33:23.606-0300] {dagbag.py:545} INFO - Filling up the DagBag from /Users/davispecia/Documents/GitHub/Pf_pipeline_dados/Projeto_final_fase3/venv/lib/python3.9/site-packages/airflow/example_dags/plugins/event_listener.py
[2025-11-27T14:33:23.607-0300] {processor.py:842} WARNING - No viable dags retrieved from /Users/davispecia/Documents/GitHub/Pf_pipeline_dados/Projeto_final_fase3/venv/lib/python3.9/site-packages/airflow/example_dags/plugins/event_listener.py
[2025-11-27T14:33:23.650-0300] {processor.py:183} INFO - Processing /Users/davispecia/Documents/GitHub/Pf_pipeline_dados/Projeto_final_fase3/venv/lib/python3.9/site-packages/airflow/example_dags/plugins/event_listener.py took 0.048 seconds
[2025-11-27T14:34:28.859-0300] {processor.py:161} INFO - Started process (PID=7413) to work on /Users/davispecia/Documents/GitHub/Pf_pipeline_dados/Projeto_final_fase3/venv/lib/python3.9/site-packages/airflow/example_dags/plugins/event_listener.py
[2025-11-27T14:34:28.860-0300] {processor.py:830} INFO - Processing file /Users/davispecia/Documents/GitHub/Pf_pipeline_dados/Projeto_final_fase3/venv/lib/python3.9/site-packages/airflow/example_dags/plugins/event_listener.py for tasks to queue
[2025-11-27T14:34:28.860-0300] {logging_mixin.py:188} INFO - [2025-11-27T14:34:28.860-0300] {dagbag.py:545} INFO - Filling up the DagBag from /Users/davispecia/Documents/GitHub/Pf_pipeline_dados/Projeto_final_fase3/venv/lib/python3.9/site-packages/airflow/example_dags/plugins/event_listener.py
[2025-11-27T14:34:28.861-0300] {processor.py:842} WARNING - No viable dags retrieved from /Users/davispecia/Documents/GitHub/Pf_pipeline_dados/Projeto_final_fase3/venv/lib/python3.9/site-packages/airflow/example_dags/plugins/event_listener.py
[2025-11-27T14:34:28.903-0300] {processor.py:183} INFO - Processing /Users/davispecia/Documents/GitHub/Pf_pipeline_dados/Projeto_final_fase3/venv/lib/python3.9/site-packages/airflow/example_dags/plugins/event_listener.py took 0.046 seconds
[2025-11-27T14:35:42.058-0300] {processor.py:161} INFO - Started process (PID=7722) to work on /Users/davispecia/Documents/GitHub/Pf_pipeline_dados/Projeto_final_fase3/venv/lib/python3.9/site-packages/airflow/example_dags/plugins/event_listener.py
[2025-11-27T14:35:42.059-0300] {processor.py:830} INFO - Processing file /Users/davispecia/Documents/GitHub/Pf_pipeline_dados/Projeto_final_fase3/venv/lib/python3.9/site-packages/airflow/example_dags/plugins/event_listener.py for tasks to queue
[2025-11-27T14:35:42.060-0300] {logging_mixin.py:188} INFO - [2025-11-27T14:35:42.060-0300] {dagbag.py:545} INFO - Filling up the DagBag from /Users/davispecia/Documents/GitHub/Pf_pipeline_dados/Projeto_final_fase3/venv/lib/python3.9/site-packages/airflow/example_dags/plugins/event_listener.py
[2025-11-27T14:35:42.060-0300] {processor.py:842} WARNING - No viable dags retrieved from /Users/davispecia/Documents/GitHub/Pf_pipeline_dados/Projeto_final_fase3/venv/lib/python3.9/site-packages/airflow/example_dags/plugins/event_listener.py
[2025-11-27T14:35:42.107-0300] {processor.py:183} INFO - Processing /Users/davispecia/Documents/GitHub/Pf_pipeline_dados/Projeto_final_fase3/venv/lib/python3.9/site-packages/airflow/example_dags/plugins/event_listener.py took 0.051 seconds
[2025-11-27T14:36:50.890-0300] {processor.py:161} INFO - Started process (PID=7885) to work on /Users/davispecia/Documents/GitHub/Pf_pipeline_dados/Projeto_final_fase3/venv/lib/python3.9/site-packages/airflow/example_dags/plugins/event_listener.py
[2025-11-27T14:36:50.891-0300] {processor.py:830} INFO - Processing file /Users/davispecia/Documents/GitHub/Pf_pipeline_dados/Projeto_final_fase3/venv/lib/python3.9/site-packages/airflow/example_dags/plugins/event_listener.py for tasks to queue
[2025-11-27T14:36:50.891-0300] {logging_mixin.py:188} INFO - [2025-11-27T14:36:50.891-0300] {dagbag.py:545} INFO - Filling up the DagBag from /Users/davispecia/Documents/GitHub/Pf_pipeline_dados/Projeto_final_fase3/venv/lib/python3.9/site-packages/airflow/example_dags/plugins/event_listener.py
[2025-11-27T14:36:50.892-0300] {processor.py:842} WARNING - No viable dags retrieved from /Users/davispecia/Documents/GitHub/Pf_pipeline_dados/Projeto_final_fase3/venv/lib/python3.9/site-packages/airflow/example_dags/plugins/event_listener.py
[2025-11-27T14:36:50.936-0300] {processor.py:183} INFO - Processing /Users/davispecia/Documents/GitHub/Pf_pipeline_dados/Projeto_final_fase3/venv/lib/python3.9/site-packages/airflow/example_dags/plugins/event_listener.py took 0.049 seconds
[2025-11-27T14:37:57.873-0300] {processor.py:161} INFO - Started process (PID=8043) to work on /Users/davispecia/Documents/GitHub/Pf_pipeline_dados/Projeto_final_fase3/venv/lib/python3.9/site-packages/airflow/example_dags/plugins/event_listener.py
[2025-11-27T14:37:57.874-0300] {processor.py:830} INFO - Processing file /Users/davispecia/Documents/GitHub/Pf_pipeline_dados/Projeto_final_fase3/venv/lib/python3.9/site-packages/airflow/example_dags/plugins/event_listener.py for tasks to queue
[2025-11-27T14:37:57.874-0300] {logging_mixin.py:188} INFO - [2025-11-27T14:37:57.874-0300] {dagbag.py:545} INFO - Filling up the DagBag from /Users/davispecia/Documents/GitHub/Pf_pipeline_dados/Projeto_final_fase3/venv/lib/python3.9/site-packages/airflow/example_dags/plugins/event_listener.py
[2025-11-27T14:37:57.875-0300] {processor.py:842} WARNING - No viable dags retrieved from /Users/davispecia/Documents/GitHub/Pf_pipeline_dados/Projeto_final_fase3/venv/lib/python3.9/site-packages/airflow/example_dags/plugins/event_listener.py
[2025-11-27T14:37:57.918-0300] {processor.py:183} INFO - Processing /Users/davispecia/Documents/GitHub/Pf_pipeline_dados/Projeto_final_fase3/venv/lib/python3.9/site-packages/airflow/example_dags/plugins/event_listener.py took 0.047 seconds
[2025-11-27T14:39:13.238-0300] {processor.py:161} INFO - Started process (PID=8283) to work on /Users/davispecia/Documents/GitHub/Pf_pipeline_dados/Projeto_final_fase3/venv/lib/python3.9/site-packages/airflow/example_dags/plugins/event_listener.py
[2025-11-27T14:39:13.240-0300] {processor.py:830} INFO - Processing file /Users/davispecia/Documents/GitHub/Pf_pipeline_dados/Projeto_final_fase3/venv/lib/python3.9/site-packages/airflow/example_dags/plugins/event_listener.py for tasks to queue
[2025-11-27T14:39:13.240-0300] {logging_mixin.py:188} INFO - [2025-11-27T14:39:13.240-0300] {dagbag.py:545} INFO - Filling up the DagBag from /Users/davispecia/Documents/GitHub/Pf_pipeline_dados/Projeto_final_fase3/venv/lib/python3.9/site-packages/airflow/example_dags/plugins/event_listener.py
[2025-11-27T14:39:13.241-0300] {processor.py:842} WARNING - No viable dags retrieved from /Users/davispecia/Documents/GitHub/Pf_pipeline_dados/Projeto_final_fase3/venv/lib/python3.9/site-packages/airflow/example_dags/plugins/event_listener.py
[2025-11-27T14:39:13.295-0300] {processor.py:183} INFO - Processing /Users/davispecia/Documents/GitHub/Pf_pipeline_dados/Projeto_final_fase3/venv/lib/python3.9/site-packages/airflow/example_dags/plugins/event_listener.py took 0.059 seconds
[2025-11-27T14:40:17.931-0300] {processor.py:161} INFO - Started process (PID=8441) to work on /Users/davispecia/Documents/GitHub/Pf_pipeline_dados/Projeto_final_fase3/venv/lib/python3.9/site-packages/airflow/example_dags/plugins/event_listener.py
[2025-11-27T14:40:17.931-0300] {processor.py:830} INFO - Processing file /Users/davispecia/Documents/GitHub/Pf_pipeline_dados/Projeto_final_fase3/venv/lib/python3.9/site-packages/airflow/example_dags/plugins/event_listener.py for tasks to queue
[2025-11-27T14:40:17.932-0300] {logging_mixin.py:188} INFO - [2025-11-27T14:40:17.932-0300] {dagbag.py:545} INFO - Filling up the DagBag from /Users/davispecia/Documents/GitHub/Pf_pipeline_dados/Projeto_final_fase3/venv/lib/python3.9/site-packages/airflow/example_dags/plugins/event_listener.py
[2025-11-27T14:40:17.932-0300] {processor.py:842} WARNING - No viable dags retrieved from /Users/davispecia/Documents/GitHub/Pf_pipeline_dados/Projeto_final_fase3/venv/lib/python3.9/site-packages/airflow/example_dags/plugins/event_listener.py
[2025-11-27T14:40:17.975-0300] {processor.py:183} INFO - Processing /Users/davispecia/Documents/GitHub/Pf_pipeline_dados/Projeto_final_fase3/venv/lib/python3.9/site-packages/airflow/example_dags/plugins/event_listener.py took 0.046 seconds
[2025-11-27T14:41:21.704-0300] {processor.py:161} INFO - Started process (PID=8652) to work on /Users/davispecia/Documents/GitHub/Pf_pipeline_dados/Projeto_final_fase3/venv/lib/python3.9/site-packages/airflow/example_dags/plugins/event_listener.py
[2025-11-27T14:41:21.705-0300] {processor.py:830} INFO - Processing file /Users/davispecia/Documents/GitHub/Pf_pipeline_dados/Projeto_final_fase3/venv/lib/python3.9/site-packages/airflow/example_dags/plugins/event_listener.py for tasks to queue
[2025-11-27T14:41:21.705-0300] {logging_mixin.py:188} INFO - [2025-11-27T14:41:21.705-0300] {dagbag.py:545} INFO - Filling up the DagBag from /Users/davispecia/Documents/GitHub/Pf_pipeline_dados/Projeto_final_fase3/venv/lib/python3.9/site-packages/airflow/example_dags/plugins/event_listener.py
[2025-11-27T14:41:21.706-0300] {processor.py:842} WARNING - No viable dags retrieved from /Users/davispecia/Documents/GitHub/Pf_pipeline_dados/Projeto_final_fase3/venv/lib/python3.9/site-packages/airflow/example_dags/plugins/event_listener.py
[2025-11-27T14:41:21.750-0300] {processor.py:183} INFO - Processing /Users/davispecia/Documents/GitHub/Pf_pipeline_dados/Projeto_final_fase3/venv/lib/python3.9/site-packages/airflow/example_dags/plugins/event_listener.py took 0.048 seconds
[2025-11-27T14:42:24.208-0300] {processor.py:161} INFO - Started process (PID=8815) to work on /Users/davispecia/Documents/GitHub/Pf_pipeline_dados/Projeto_final_fase3/venv/lib/python3.9/site-packages/airflow/example_dags/plugins/event_listener.py
[2025-11-27T14:42:24.209-0300] {processor.py:830} INFO - Processing file /Users/davispecia/Documents/GitHub/Pf_pipeline_dados/Projeto_final_fase3/venv/lib/python3.9/site-packages/airflow/example_dags/plugins/event_listener.py for tasks to queue
[2025-11-27T14:42:24.209-0300] {logging_mixin.py:188} INFO - [2025-11-27T14:42:24.209-0300] {dagbag.py:545} INFO - Filling up the DagBag from /Users/davispecia/Documents/GitHub/Pf_pipeline_dados/Projeto_final_fase3/venv/lib/python3.9/site-packages/airflow/example_dags/plugins/event_listener.py
[2025-11-27T14:42:24.210-0300] {processor.py:842} WARNING - No viable dags retrieved from /Users/davispecia/Documents/GitHub/Pf_pipeline_dados/Projeto_final_fase3/venv/lib/python3.9/site-packages/airflow/example_dags/plugins/event_listener.py
[2025-11-27T14:42:24.255-0300] {processor.py:183} INFO - Processing /Users/davispecia/Documents/GitHub/Pf_pipeline_dados/Projeto_final_fase3/venv/lib/python3.9/site-packages/airflow/example_dags/plugins/event_listener.py took 0.049 seconds
[2025-11-27T14:43:25.131-0300] {processor.py:161} INFO - Started process (PID=8981) to work on /Users/davispecia/Documents/GitHub/Pf_pipeline_dados/Projeto_final_fase3/venv/lib/python3.9/site-packages/airflow/example_dags/plugins/event_listener.py
[2025-11-27T14:43:25.132-0300] {processor.py:830} INFO - Processing file /Users/davispecia/Documents/GitHub/Pf_pipeline_dados/Projeto_final_fase3/venv/lib/python3.9/site-packages/airflow/example_dags/plugins/event_listener.py for tasks to queue
[2025-11-27T14:43:25.133-0300] {logging_mixin.py:188} INFO - [2025-11-27T14:43:25.132-0300] {dagbag.py:545} INFO - Filling up the DagBag from /Users/davispecia/Documents/GitHub/Pf_pipeline_dados/Projeto_final_fase3/venv/lib/python3.9/site-packages/airflow/example_dags/plugins/event_listener.py
[2025-11-27T14:43:25.133-0300] {processor.py:842} WARNING - No viable dags retrieved from /Users/davispecia/Documents/GitHub/Pf_pipeline_dados/Projeto_final_fase3/venv/lib/python3.9/site-packages/airflow/example_dags/plugins/event_listener.py
[2025-11-27T14:43:25.178-0300] {processor.py:183} INFO - Processing /Users/davispecia/Documents/GitHub/Pf_pipeline_dados/Projeto_final_fase3/venv/lib/python3.9/site-packages/airflow/example_dags/plugins/event_listener.py took 0.049 seconds
[2025-11-27T14:44:37.629-0300] {processor.py:161} INFO - Started process (PID=9267) to work on /Users/davispecia/Documents/GitHub/Pf_pipeline_dados/Projeto_final_fase3/venv/lib/python3.9/site-packages/airflow/example_dags/plugins/event_listener.py
[2025-11-27T14:44:37.630-0300] {processor.py:830} INFO - Processing file /Users/davispecia/Documents/GitHub/Pf_pipeline_dados/Projeto_final_fase3/venv/lib/python3.9/site-packages/airflow/example_dags/plugins/event_listener.py for tasks to queue
[2025-11-27T14:44:37.630-0300] {logging_mixin.py:188} INFO - [2025-11-27T14:44:37.630-0300] {dagbag.py:545} INFO - Filling up the DagBag from /Users/davispecia/Documents/GitHub/Pf_pipeline_dados/Projeto_final_fase3/venv/lib/python3.9/site-packages/airflow/example_dags/plugins/event_listener.py
[2025-11-27T14:44:37.631-0300] {processor.py:842} WARNING - No viable dags retrieved from /Users/davispecia/Documents/GitHub/Pf_pipeline_dados/Projeto_final_fase3/venv/lib/python3.9/site-packages/airflow/example_dags/plugins/event_listener.py
[2025-11-27T14:44:37.674-0300] {processor.py:183} INFO - Processing /Users/davispecia/Documents/GitHub/Pf_pipeline_dados/Projeto_final_fase3/venv/lib/python3.9/site-packages/airflow/example_dags/plugins/event_listener.py took 0.047 seconds
[2025-11-27T14:45:43.305-0300] {processor.py:161} INFO - Started process (PID=9432) to work on /Users/davispecia/Documents/GitHub/Pf_pipeline_dados/Projeto_final_fase3/venv/lib/python3.9/site-packages/airflow/example_dags/plugins/event_listener.py
[2025-11-27T14:45:43.306-0300] {processor.py:830} INFO - Processing file /Users/davispecia/Documents/GitHub/Pf_pipeline_dados/Projeto_final_fase3/venv/lib/python3.9/site-packages/airflow/example_dags/plugins/event_listener.py for tasks to queue
[2025-11-27T14:45:43.306-0300] {logging_mixin.py:188} INFO - [2025-11-27T14:45:43.306-0300] {dagbag.py:545} INFO - Filling up the DagBag from /Users/davispecia/Documents/GitHub/Pf_pipeline_dados/Projeto_final_fase3/venv/lib/python3.9/site-packages/airflow/example_dags/plugins/event_listener.py
[2025-11-27T14:45:43.307-0300] {processor.py:842} WARNING - No viable dags retrieved from /Users/davispecia/Documents/GitHub/Pf_pipeline_dados/Projeto_final_fase3/venv/lib/python3.9/site-packages/airflow/example_dags/plugins/event_listener.py
[2025-11-27T14:45:43.351-0300] {processor.py:183} INFO - Processing /Users/davispecia/Documents/GitHub/Pf_pipeline_dados/Projeto_final_fase3/venv/lib/python3.9/site-packages/airflow/example_dags/plugins/event_listener.py took 0.048 seconds
[2025-11-27T14:46:49.118-0300] {processor.py:161} INFO - Started process (PID=9581) to work on /Users/davispecia/Documents/GitHub/Pf_pipeline_dados/Projeto_final_fase3/venv/lib/python3.9/site-packages/airflow/example_dags/plugins/event_listener.py
[2025-11-27T14:46:49.119-0300] {processor.py:830} INFO - Processing file /Users/davispecia/Documents/GitHub/Pf_pipeline_dados/Projeto_final_fase3/venv/lib/python3.9/site-packages/airflow/example_dags/plugins/event_listener.py for tasks to queue
[2025-11-27T14:46:49.119-0300] {logging_mixin.py:188} INFO - [2025-11-27T14:46:49.119-0300] {dagbag.py:545} INFO - Filling up the DagBag from /Users/davispecia/Documents/GitHub/Pf_pipeline_dados/Projeto_final_fase3/venv/lib/python3.9/site-packages/airflow/example_dags/plugins/event_listener.py
[2025-11-27T14:46:49.120-0300] {processor.py:842} WARNING - No viable dags retrieved from /Users/davispecia/Documents/GitHub/Pf_pipeline_dados/Projeto_final_fase3/venv/lib/python3.9/site-packages/airflow/example_dags/plugins/event_listener.py
[2025-11-27T14:46:49.163-0300] {processor.py:183} INFO - Processing /Users/davispecia/Documents/GitHub/Pf_pipeline_dados/Projeto_final_fase3/venv/lib/python3.9/site-packages/airflow/example_dags/plugins/event_listener.py took 0.047 seconds
[2025-11-27T14:47:53.284-0300] {processor.py:161} INFO - Started process (PID=9744) to work on /Users/davispecia/Documents/GitHub/Pf_pipeline_dados/Projeto_final_fase3/venv/lib/python3.9/site-packages/airflow/example_dags/plugins/event_listener.py
[2025-11-27T14:47:53.285-0300] {processor.py:830} INFO - Processing file /Users/davispecia/Documents/GitHub/Pf_pipeline_dados/Projeto_final_fase3/venv/lib/python3.9/site-packages/airflow/example_dags/plugins/event_listener.py for tasks to queue
[2025-11-27T14:47:53.286-0300] {logging_mixin.py:188} INFO - [2025-11-27T14:47:53.285-0300] {dagbag.py:545} INFO - Filling up the DagBag from /Users/davispecia/Documents/GitHub/Pf_pipeline_dados/Projeto_final_fase3/venv/lib/python3.9/site-packages/airflow/example_dags/plugins/event_listener.py
[2025-11-27T14:47:53.287-0300] {processor.py:842} WARNING - No viable dags retrieved from /Users/davispecia/Documents/GitHub/Pf_pipeline_dados/Projeto_final_fase3/venv/lib/python3.9/site-packages/airflow/example_dags/plugins/event_listener.py
[2025-11-27T14:47:53.331-0300] {processor.py:183} INFO - Processing /Users/davispecia/Documents/GitHub/Pf_pipeline_dados/Projeto_final_fase3/venv/lib/python3.9/site-packages/airflow/example_dags/plugins/event_listener.py took 0.049 seconds
[2025-11-27T14:48:56.129-0300] {processor.py:161} INFO - Started process (PID=9894) to work on /Users/davispecia/Documents/GitHub/Pf_pipeline_dados/Projeto_final_fase3/venv/lib/python3.9/site-packages/airflow/example_dags/plugins/event_listener.py
[2025-11-27T14:48:56.130-0300] {processor.py:830} INFO - Processing file /Users/davispecia/Documents/GitHub/Pf_pipeline_dados/Projeto_final_fase3/venv/lib/python3.9/site-packages/airflow/example_dags/plugins/event_listener.py for tasks to queue
[2025-11-27T14:48:56.130-0300] {logging_mixin.py:188} INFO - [2025-11-27T14:48:56.130-0300] {dagbag.py:545} INFO - Filling up the DagBag from /Users/davispecia/Documents/GitHub/Pf_pipeline_dados/Projeto_final_fase3/venv/lib/python3.9/site-packages/airflow/example_dags/plugins/event_listener.py
[2025-11-27T14:48:56.131-0300] {processor.py:842} WARNING - No viable dags retrieved from /Users/davispecia/Documents/GitHub/Pf_pipeline_dados/Projeto_final_fase3/venv/lib/python3.9/site-packages/airflow/example_dags/plugins/event_listener.py
[2025-11-27T14:48:56.175-0300] {processor.py:183} INFO - Processing /Users/davispecia/Documents/GitHub/Pf_pipeline_dados/Projeto_final_fase3/venv/lib/python3.9/site-packages/airflow/example_dags/plugins/event_listener.py took 0.048 seconds
[2025-11-27T14:50:10.039-0300] {processor.py:161} INFO - Started process (PID=10142) to work on /Users/davispecia/Documents/GitHub/Pf_pipeline_dados/Projeto_final_fase3/venv/lib/python3.9/site-packages/airflow/example_dags/plugins/event_listener.py
[2025-11-27T14:50:10.040-0300] {processor.py:830} INFO - Processing file /Users/davispecia/Documents/GitHub/Pf_pipeline_dados/Projeto_final_fase3/venv/lib/python3.9/site-packages/airflow/example_dags/plugins/event_listener.py for tasks to queue
[2025-11-27T14:50:10.041-0300] {logging_mixin.py:188} INFO - [2025-11-27T14:50:10.041-0300] {dagbag.py:545} INFO - Filling up the DagBag from /Users/davispecia/Documents/GitHub/Pf_pipeline_dados/Projeto_final_fase3/venv/lib/python3.9/site-packages/airflow/example_dags/plugins/event_listener.py
[2025-11-27T14:50:10.041-0300] {processor.py:842} WARNING - No viable dags retrieved from /Users/davispecia/Documents/GitHub/Pf_pipeline_dados/Projeto_final_fase3/venv/lib/python3.9/site-packages/airflow/example_dags/plugins/event_listener.py
[2025-11-27T14:50:10.083-0300] {processor.py:183} INFO - Processing /Users/davispecia/Documents/GitHub/Pf_pipeline_dados/Projeto_final_fase3/venv/lib/python3.9/site-packages/airflow/example_dags/plugins/event_listener.py took 0.046 seconds
[2025-11-27T14:51:13.689-0300] {processor.py:161} INFO - Started process (PID=10295) to work on /Users/davispecia/Documents/GitHub/Pf_pipeline_dados/Projeto_final_fase3/venv/lib/python3.9/site-packages/airflow/example_dags/plugins/event_listener.py
[2025-11-27T14:51:13.690-0300] {processor.py:830} INFO - Processing file /Users/davispecia/Documents/GitHub/Pf_pipeline_dados/Projeto_final_fase3/venv/lib/python3.9/site-packages/airflow/example_dags/plugins/event_listener.py for tasks to queue
[2025-11-27T14:51:13.690-0300] {logging_mixin.py:188} INFO - [2025-11-27T14:51:13.690-0300] {dagbag.py:545} INFO - Filling up the DagBag from /Users/davispecia/Documents/GitHub/Pf_pipeline_dados/Projeto_final_fase3/venv/lib/python3.9/site-packages/airflow/example_dags/plugins/event_listener.py
[2025-11-27T14:51:13.691-0300] {processor.py:842} WARNING - No viable dags retrieved from /Users/davispecia/Documents/GitHub/Pf_pipeline_dados/Projeto_final_fase3/venv/lib/python3.9/site-packages/airflow/example_dags/plugins/event_listener.py
[2025-11-27T14:51:13.733-0300] {processor.py:183} INFO - Processing /Users/davispecia/Documents/GitHub/Pf_pipeline_dados/Projeto_final_fase3/venv/lib/python3.9/site-packages/airflow/example_dags/plugins/event_listener.py took 0.046 seconds
[2025-11-27T14:52:18.513-0300] {processor.py:161} INFO - Started process (PID=10467) to work on /Users/davispecia/Documents/GitHub/Pf_pipeline_dados/Projeto_final_fase3/venv/lib/python3.9/site-packages/airflow/example_dags/plugins/event_listener.py
[2025-11-27T14:52:18.514-0300] {processor.py:830} INFO - Processing file /Users/davispecia/Documents/GitHub/Pf_pipeline_dados/Projeto_final_fase3/venv/lib/python3.9/site-packages/airflow/example_dags/plugins/event_listener.py for tasks to queue
[2025-11-27T14:52:18.515-0300] {logging_mixin.py:188} INFO - [2025-11-27T14:52:18.514-0300] {dagbag.py:545} INFO - Filling up the DagBag from /Users/davispecia/Documents/GitHub/Pf_pipeline_dados/Projeto_final_fase3/venv/lib/python3.9/site-packages/airflow/example_dags/plugins/event_listener.py
[2025-11-27T14:52:18.515-0300] {processor.py:842} WARNING - No viable dags retrieved from /Users/davispecia/Documents/GitHub/Pf_pipeline_dados/Projeto_final_fase3/venv/lib/python3.9/site-packages/airflow/example_dags/plugins/event_listener.py
[2025-11-27T14:52:18.562-0300] {processor.py:183} INFO - Processing /Users/davispecia/Documents/GitHub/Pf_pipeline_dados/Projeto_final_fase3/venv/lib/python3.9/site-packages/airflow/example_dags/plugins/event_listener.py took 0.051 seconds
[2025-11-27T14:53:21.238-0300] {processor.py:161} INFO - Started process (PID=10613) to work on /Users/davispecia/Documents/GitHub/Pf_pipeline_dados/Projeto_final_fase3/venv/lib/python3.9/site-packages/airflow/example_dags/plugins/event_listener.py
[2025-11-27T14:53:21.239-0300] {processor.py:830} INFO - Processing file /Users/davispecia/Documents/GitHub/Pf_pipeline_dados/Projeto_final_fase3/venv/lib/python3.9/site-packages/airflow/example_dags/plugins/event_listener.py for tasks to queue
[2025-11-27T14:53:21.240-0300] {logging_mixin.py:188} INFO - [2025-11-27T14:53:21.239-0300] {dagbag.py:545} INFO - Filling up the DagBag from /Users/davispecia/Documents/GitHub/Pf_pipeline_dados/Projeto_final_fase3/venv/lib/python3.9/site-packages/airflow/example_dags/plugins/event_listener.py
[2025-11-27T14:53:21.240-0300] {processor.py:842} WARNING - No viable dags retrieved from /Users/davispecia/Documents/GitHub/Pf_pipeline_dados/Projeto_final_fase3/venv/lib/python3.9/site-packages/airflow/example_dags/plugins/event_listener.py
[2025-11-27T14:53:21.282-0300] {processor.py:183} INFO - Processing /Users/davispecia/Documents/GitHub/Pf_pipeline_dados/Projeto_final_fase3/venv/lib/python3.9/site-packages/airflow/example_dags/plugins/event_listener.py took 0.046 seconds
[2025-11-27T14:54:21.689-0300] {processor.py:161} INFO - Started process (PID=10762) to work on /Users/davispecia/Documents/GitHub/Pf_pipeline_dados/Projeto_final_fase3/venv/lib/python3.9/site-packages/airflow/example_dags/plugins/event_listener.py
[2025-11-27T14:54:21.690-0300] {processor.py:830} INFO - Processing file /Users/davispecia/Documents/GitHub/Pf_pipeline_dados/Projeto_final_fase3/venv/lib/python3.9/site-packages/airflow/example_dags/plugins/event_listener.py for tasks to queue
[2025-11-27T14:54:21.691-0300] {logging_mixin.py:188} INFO - [2025-11-27T14:54:21.691-0300] {dagbag.py:545} INFO - Filling up the DagBag from /Users/davispecia/Documents/GitHub/Pf_pipeline_dados/Projeto_final_fase3/venv/lib/python3.9/site-packages/airflow/example_dags/plugins/event_listener.py
[2025-11-27T14:54:21.691-0300] {processor.py:842} WARNING - No viable dags retrieved from /Users/davispecia/Documents/GitHub/Pf_pipeline_dados/Projeto_final_fase3/venv/lib/python3.9/site-packages/airflow/example_dags/plugins/event_listener.py
[2025-11-27T14:54:21.736-0300] {processor.py:183} INFO - Processing /Users/davispecia/Documents/GitHub/Pf_pipeline_dados/Projeto_final_fase3/venv/lib/python3.9/site-packages/airflow/example_dags/plugins/event_listener.py took 0.049 seconds
[2025-11-27T14:55:32.846-0300] {processor.py:161} INFO - Started process (PID=10990) to work on /Users/davispecia/Documents/GitHub/Pf_pipeline_dados/Projeto_final_fase3/venv/lib/python3.9/site-packages/airflow/example_dags/plugins/event_listener.py
[2025-11-27T14:55:32.847-0300] {processor.py:830} INFO - Processing file /Users/davispecia/Documents/GitHub/Pf_pipeline_dados/Projeto_final_fase3/venv/lib/python3.9/site-packages/airflow/example_dags/plugins/event_listener.py for tasks to queue
[2025-11-27T14:55:32.847-0300] {logging_mixin.py:188} INFO - [2025-11-27T14:55:32.847-0300] {dagbag.py:545} INFO - Filling up the DagBag from /Users/davispecia/Documents/GitHub/Pf_pipeline_dados/Projeto_final_fase3/venv/lib/python3.9/site-packages/airflow/example_dags/plugins/event_listener.py
[2025-11-27T14:55:32.848-0300] {processor.py:842} WARNING - No viable dags retrieved from /Users/davispecia/Documents/GitHub/Pf_pipeline_dados/Projeto_final_fase3/venv/lib/python3.9/site-packages/airflow/example_dags/plugins/event_listener.py
[2025-11-27T14:55:32.891-0300] {processor.py:183} INFO - Processing /Users/davispecia/Documents/GitHub/Pf_pipeline_dados/Projeto_final_fase3/venv/lib/python3.9/site-packages/airflow/example_dags/plugins/event_listener.py took 0.047 seconds
[2025-11-27T14:56:39.424-0300] {processor.py:161} INFO - Started process (PID=11162) to work on /Users/davispecia/Documents/GitHub/Pf_pipeline_dados/Projeto_final_fase3/venv/lib/python3.9/site-packages/airflow/example_dags/plugins/event_listener.py
[2025-11-27T14:56:39.425-0300] {processor.py:830} INFO - Processing file /Users/davispecia/Documents/GitHub/Pf_pipeline_dados/Projeto_final_fase3/venv/lib/python3.9/site-packages/airflow/example_dags/plugins/event_listener.py for tasks to queue
[2025-11-27T14:56:39.425-0300] {logging_mixin.py:188} INFO - [2025-11-27T14:56:39.425-0300] {dagbag.py:545} INFO - Filling up the DagBag from /Users/davispecia/Documents/GitHub/Pf_pipeline_dados/Projeto_final_fase3/venv/lib/python3.9/site-packages/airflow/example_dags/plugins/event_listener.py
[2025-11-27T14:56:39.426-0300] {processor.py:842} WARNING - No viable dags retrieved from /Users/davispecia/Documents/GitHub/Pf_pipeline_dados/Projeto_final_fase3/venv/lib/python3.9/site-packages/airflow/example_dags/plugins/event_listener.py
[2025-11-27T14:56:39.468-0300] {processor.py:183} INFO - Processing /Users/davispecia/Documents/GitHub/Pf_pipeline_dados/Projeto_final_fase3/venv/lib/python3.9/site-packages/airflow/example_dags/plugins/event_listener.py took 0.046 seconds
[2025-11-27T14:57:40.142-0300] {processor.py:161} INFO - Started process (PID=11303) to work on /Users/davispecia/Documents/GitHub/Pf_pipeline_dados/Projeto_final_fase3/venv/lib/python3.9/site-packages/airflow/example_dags/plugins/event_listener.py
[2025-11-27T14:57:40.143-0300] {processor.py:830} INFO - Processing file /Users/davispecia/Documents/GitHub/Pf_pipeline_dados/Projeto_final_fase3/venv/lib/python3.9/site-packages/airflow/example_dags/plugins/event_listener.py for tasks to queue
[2025-11-27T14:57:40.143-0300] {logging_mixin.py:188} INFO - [2025-11-27T14:57:40.143-0300] {dagbag.py:545} INFO - Filling up the DagBag from /Users/davispecia/Documents/GitHub/Pf_pipeline_dados/Projeto_final_fase3/venv/lib/python3.9/site-packages/airflow/example_dags/plugins/event_listener.py
[2025-11-27T14:57:40.143-0300] {processor.py:842} WARNING - No viable dags retrieved from /Users/davispecia/Documents/GitHub/Pf_pipeline_dados/Projeto_final_fase3/venv/lib/python3.9/site-packages/airflow/example_dags/plugins/event_listener.py
[2025-11-27T14:57:40.185-0300] {processor.py:183} INFO - Processing /Users/davispecia/Documents/GitHub/Pf_pipeline_dados/Projeto_final_fase3/venv/lib/python3.9/site-packages/airflow/example_dags/plugins/event_listener.py took 0.045 seconds
[2025-11-27T14:58:43.487-0300] {processor.py:161} INFO - Started process (PID=11452) to work on /Users/davispecia/Documents/GitHub/Pf_pipeline_dados/Projeto_final_fase3/venv/lib/python3.9/site-packages/airflow/example_dags/plugins/event_listener.py
[2025-11-27T14:58:43.488-0300] {processor.py:830} INFO - Processing file /Users/davispecia/Documents/GitHub/Pf_pipeline_dados/Projeto_final_fase3/venv/lib/python3.9/site-packages/airflow/example_dags/plugins/event_listener.py for tasks to queue
[2025-11-27T14:58:43.488-0300] {logging_mixin.py:188} INFO - [2025-11-27T14:58:43.488-0300] {dagbag.py:545} INFO - Filling up the DagBag from /Users/davispecia/Documents/GitHub/Pf_pipeline_dados/Projeto_final_fase3/venv/lib/python3.9/site-packages/airflow/example_dags/plugins/event_listener.py
[2025-11-27T14:58:43.489-0300] {processor.py:842} WARNING - No viable dags retrieved from /Users/davispecia/Documents/GitHub/Pf_pipeline_dados/Projeto_final_fase3/venv/lib/python3.9/site-packages/airflow/example_dags/plugins/event_listener.py
[2025-11-27T14:58:43.532-0300] {processor.py:183} INFO - Processing /Users/davispecia/Documents/GitHub/Pf_pipeline_dados/Projeto_final_fase3/venv/lib/python3.9/site-packages/airflow/example_dags/plugins/event_listener.py took 0.047 seconds
[2025-11-27T14:59:47.472-0300] {processor.py:161} INFO - Started process (PID=11607) to work on /Users/davispecia/Documents/GitHub/Pf_pipeline_dados/Projeto_final_fase3/venv/lib/python3.9/site-packages/airflow/example_dags/plugins/event_listener.py
[2025-11-27T14:59:47.472-0300] {processor.py:830} INFO - Processing file /Users/davispecia/Documents/GitHub/Pf_pipeline_dados/Projeto_final_fase3/venv/lib/python3.9/site-packages/airflow/example_dags/plugins/event_listener.py for tasks to queue
[2025-11-27T14:59:47.473-0300] {logging_mixin.py:188} INFO - [2025-11-27T14:59:47.473-0300] {dagbag.py:545} INFO - Filling up the DagBag from /Users/davispecia/Documents/GitHub/Pf_pipeline_dados/Projeto_final_fase3/venv/lib/python3.9/site-packages/airflow/example_dags/plugins/event_listener.py
[2025-11-27T14:59:47.473-0300] {processor.py:842} WARNING - No viable dags retrieved from /Users/davispecia/Documents/GitHub/Pf_pipeline_dados/Projeto_final_fase3/venv/lib/python3.9/site-packages/airflow/example_dags/plugins/event_listener.py
[2025-11-27T14:59:47.516-0300] {processor.py:183} INFO - Processing /Users/davispecia/Documents/GitHub/Pf_pipeline_dados/Projeto_final_fase3/venv/lib/python3.9/site-packages/airflow/example_dags/plugins/event_listener.py took 0.047 seconds
[2025-11-27T15:00:59.094-0300] {processor.py:161} INFO - Started process (PID=11837) to work on /Users/davispecia/Documents/GitHub/Pf_pipeline_dados/Projeto_final_fase3/venv/lib/python3.9/site-packages/airflow/example_dags/plugins/event_listener.py
[2025-11-27T15:00:59.095-0300] {processor.py:830} INFO - Processing file /Users/davispecia/Documents/GitHub/Pf_pipeline_dados/Projeto_final_fase3/venv/lib/python3.9/site-packages/airflow/example_dags/plugins/event_listener.py for tasks to queue
[2025-11-27T15:00:59.095-0300] {logging_mixin.py:188} INFO - [2025-11-27T15:00:59.095-0300] {dagbag.py:545} INFO - Filling up the DagBag from /Users/davispecia/Documents/GitHub/Pf_pipeline_dados/Projeto_final_fase3/venv/lib/python3.9/site-packages/airflow/example_dags/plugins/event_listener.py
[2025-11-27T15:00:59.096-0300] {processor.py:842} WARNING - No viable dags retrieved from /Users/davispecia/Documents/GitHub/Pf_pipeline_dados/Projeto_final_fase3/venv/lib/python3.9/site-packages/airflow/example_dags/plugins/event_listener.py
[2025-11-27T15:00:59.139-0300] {processor.py:183} INFO - Processing /Users/davispecia/Documents/GitHub/Pf_pipeline_dados/Projeto_final_fase3/venv/lib/python3.9/site-packages/airflow/example_dags/plugins/event_listener.py took 0.047 seconds
[2025-11-27T15:02:01.485-0300] {processor.py:161} INFO - Started process (PID=11991) to work on /Users/davispecia/Documents/GitHub/Pf_pipeline_dados/Projeto_final_fase3/venv/lib/python3.9/site-packages/airflow/example_dags/plugins/event_listener.py
[2025-11-27T15:02:01.486-0300] {processor.py:830} INFO - Processing file /Users/davispecia/Documents/GitHub/Pf_pipeline_dados/Projeto_final_fase3/venv/lib/python3.9/site-packages/airflow/example_dags/plugins/event_listener.py for tasks to queue
[2025-11-27T15:02:01.487-0300] {logging_mixin.py:188} INFO - [2025-11-27T15:02:01.487-0300] {dagbag.py:545} INFO - Filling up the DagBag from /Users/davispecia/Documents/GitHub/Pf_pipeline_dados/Projeto_final_fase3/venv/lib/python3.9/site-packages/airflow/example_dags/plugins/event_listener.py
[2025-11-27T15:02:01.487-0300] {processor.py:842} WARNING - No viable dags retrieved from /Users/davispecia/Documents/GitHub/Pf_pipeline_dados/Projeto_final_fase3/venv/lib/python3.9/site-packages/airflow/example_dags/plugins/event_listener.py
[2025-11-27T15:02:01.530-0300] {processor.py:183} INFO - Processing /Users/davispecia/Documents/GitHub/Pf_pipeline_dados/Projeto_final_fase3/venv/lib/python3.9/site-packages/airflow/example_dags/plugins/event_listener.py took 0.047 seconds
[2025-11-27T15:03:07.079-0300] {processor.py:161} INFO - Started process (PID=12147) to work on /Users/davispecia/Documents/GitHub/Pf_pipeline_dados/Projeto_final_fase3/venv/lib/python3.9/site-packages/airflow/example_dags/plugins/event_listener.py
[2025-11-27T15:03:07.080-0300] {processor.py:830} INFO - Processing file /Users/davispecia/Documents/GitHub/Pf_pipeline_dados/Projeto_final_fase3/venv/lib/python3.9/site-packages/airflow/example_dags/plugins/event_listener.py for tasks to queue
[2025-11-27T15:03:07.080-0300] {logging_mixin.py:188} INFO - [2025-11-27T15:03:07.080-0300] {dagbag.py:545} INFO - Filling up the DagBag from /Users/davispecia/Documents/GitHub/Pf_pipeline_dados/Projeto_final_fase3/venv/lib/python3.9/site-packages/airflow/example_dags/plugins/event_listener.py
[2025-11-27T15:03:07.081-0300] {processor.py:842} WARNING - No viable dags retrieved from /Users/davispecia/Documents/GitHub/Pf_pipeline_dados/Projeto_final_fase3/venv/lib/python3.9/site-packages/airflow/example_dags/plugins/event_listener.py
[2025-11-27T15:03:07.125-0300] {processor.py:183} INFO - Processing /Users/davispecia/Documents/GitHub/Pf_pipeline_dados/Projeto_final_fase3/venv/lib/python3.9/site-packages/airflow/example_dags/plugins/event_listener.py took 0.047 seconds
[2025-11-27T15:04:09.328-0300] {processor.py:161} INFO - Started process (PID=12293) to work on /Users/davispecia/Documents/GitHub/Pf_pipeline_dados/Projeto_final_fase3/venv/lib/python3.9/site-packages/airflow/example_dags/plugins/event_listener.py
[2025-11-27T15:04:09.329-0300] {processor.py:830} INFO - Processing file /Users/davispecia/Documents/GitHub/Pf_pipeline_dados/Projeto_final_fase3/venv/lib/python3.9/site-packages/airflow/example_dags/plugins/event_listener.py for tasks to queue
[2025-11-27T15:04:09.329-0300] {logging_mixin.py:188} INFO - [2025-11-27T15:04:09.329-0300] {dagbag.py:545} INFO - Filling up the DagBag from /Users/davispecia/Documents/GitHub/Pf_pipeline_dados/Projeto_final_fase3/venv/lib/python3.9/site-packages/airflow/example_dags/plugins/event_listener.py
[2025-11-27T15:04:09.330-0300] {processor.py:842} WARNING - No viable dags retrieved from /Users/davispecia/Documents/GitHub/Pf_pipeline_dados/Projeto_final_fase3/venv/lib/python3.9/site-packages/airflow/example_dags/plugins/event_listener.py
[2025-11-27T15:04:09.372-0300] {processor.py:183} INFO - Processing /Users/davispecia/Documents/GitHub/Pf_pipeline_dados/Projeto_final_fase3/venv/lib/python3.9/site-packages/airflow/example_dags/plugins/event_listener.py took 0.046 seconds
[2025-11-27T15:05:12.464-0300] {processor.py:161} INFO - Started process (PID=12442) to work on /Users/davispecia/Documents/GitHub/Pf_pipeline_dados/Projeto_final_fase3/venv/lib/python3.9/site-packages/airflow/example_dags/plugins/event_listener.py
[2025-11-27T15:05:12.465-0300] {processor.py:830} INFO - Processing file /Users/davispecia/Documents/GitHub/Pf_pipeline_dados/Projeto_final_fase3/venv/lib/python3.9/site-packages/airflow/example_dags/plugins/event_listener.py for tasks to queue
[2025-11-27T15:05:12.466-0300] {logging_mixin.py:188} INFO - [2025-11-27T15:05:12.466-0300] {dagbag.py:545} INFO - Filling up the DagBag from /Users/davispecia/Documents/GitHub/Pf_pipeline_dados/Projeto_final_fase3/venv/lib/python3.9/site-packages/airflow/example_dags/plugins/event_listener.py
[2025-11-27T15:05:12.466-0300] {processor.py:842} WARNING - No viable dags retrieved from /Users/davispecia/Documents/GitHub/Pf_pipeline_dados/Projeto_final_fase3/venv/lib/python3.9/site-packages/airflow/example_dags/plugins/event_listener.py
[2025-11-27T15:05:12.509-0300] {processor.py:183} INFO - Processing /Users/davispecia/Documents/GitHub/Pf_pipeline_dados/Projeto_final_fase3/venv/lib/python3.9/site-packages/airflow/example_dags/plugins/event_listener.py took 0.048 seconds
[2025-11-27T15:06:15.328-0300] {processor.py:161} INFO - Started process (PID=12594) to work on /Users/davispecia/Documents/GitHub/Pf_pipeline_dados/Projeto_final_fase3/venv/lib/python3.9/site-packages/airflow/example_dags/plugins/event_listener.py
[2025-11-27T15:06:15.329-0300] {processor.py:830} INFO - Processing file /Users/davispecia/Documents/GitHub/Pf_pipeline_dados/Projeto_final_fase3/venv/lib/python3.9/site-packages/airflow/example_dags/plugins/event_listener.py for tasks to queue
[2025-11-27T15:06:15.329-0300] {logging_mixin.py:188} INFO - [2025-11-27T15:06:15.329-0300] {dagbag.py:545} INFO - Filling up the DagBag from /Users/davispecia/Documents/GitHub/Pf_pipeline_dados/Projeto_final_fase3/venv/lib/python3.9/site-packages/airflow/example_dags/plugins/event_listener.py
[2025-11-27T15:06:15.330-0300] {processor.py:842} WARNING - No viable dags retrieved from /Users/davispecia/Documents/GitHub/Pf_pipeline_dados/Projeto_final_fase3/venv/lib/python3.9/site-packages/airflow/example_dags/plugins/event_listener.py
[2025-11-27T15:06:15.372-0300] {processor.py:183} INFO - Processing /Users/davispecia/Documents/GitHub/Pf_pipeline_dados/Projeto_final_fase3/venv/lib/python3.9/site-packages/airflow/example_dags/plugins/event_listener.py took 0.046 seconds
[2025-11-27T15:07:29.406-0300] {processor.py:161} INFO - Started process (PID=12825) to work on /Users/davispecia/Documents/GitHub/Pf_pipeline_dados/Projeto_final_fase3/venv/lib/python3.9/site-packages/airflow/example_dags/plugins/event_listener.py
[2025-11-27T15:07:29.408-0300] {processor.py:830} INFO - Processing file /Users/davispecia/Documents/GitHub/Pf_pipeline_dados/Projeto_final_fase3/venv/lib/python3.9/site-packages/airflow/example_dags/plugins/event_listener.py for tasks to queue
[2025-11-27T15:07:29.408-0300] {logging_mixin.py:188} INFO - [2025-11-27T15:07:29.408-0300] {dagbag.py:545} INFO - Filling up the DagBag from /Users/davispecia/Documents/GitHub/Pf_pipeline_dados/Projeto_final_fase3/venv/lib/python3.9/site-packages/airflow/example_dags/plugins/event_listener.py
[2025-11-27T15:07:29.409-0300] {processor.py:842} WARNING - No viable dags retrieved from /Users/davispecia/Documents/GitHub/Pf_pipeline_dados/Projeto_final_fase3/venv/lib/python3.9/site-packages/airflow/example_dags/plugins/event_listener.py
[2025-11-27T15:07:29.451-0300] {processor.py:183} INFO - Processing /Users/davispecia/Documents/GitHub/Pf_pipeline_dados/Projeto_final_fase3/venv/lib/python3.9/site-packages/airflow/example_dags/plugins/event_listener.py took 0.047 seconds
[2025-11-27T15:08:32.393-0300] {processor.py:161} INFO - Started process (PID=12979) to work on /Users/davispecia/Documents/GitHub/Pf_pipeline_dados/Projeto_final_fase3/venv/lib/python3.9/site-packages/airflow/example_dags/plugins/event_listener.py
[2025-11-27T15:08:32.394-0300] {processor.py:830} INFO - Processing file /Users/davispecia/Documents/GitHub/Pf_pipeline_dados/Projeto_final_fase3/venv/lib/python3.9/site-packages/airflow/example_dags/plugins/event_listener.py for tasks to queue
[2025-11-27T15:08:32.394-0300] {logging_mixin.py:188} INFO - [2025-11-27T15:08:32.394-0300] {dagbag.py:545} INFO - Filling up the DagBag from /Users/davispecia/Documents/GitHub/Pf_pipeline_dados/Projeto_final_fase3/venv/lib/python3.9/site-packages/airflow/example_dags/plugins/event_listener.py
[2025-11-27T15:08:32.395-0300] {processor.py:842} WARNING - No viable dags retrieved from /Users/davispecia/Documents/GitHub/Pf_pipeline_dados/Projeto_final_fase3/venv/lib/python3.9/site-packages/airflow/example_dags/plugins/event_listener.py
[2025-11-27T15:08:32.437-0300] {processor.py:183} INFO - Processing /Users/davispecia/Documents/GitHub/Pf_pipeline_dados/Projeto_final_fase3/venv/lib/python3.9/site-packages/airflow/example_dags/plugins/event_listener.py took 0.046 seconds
[2025-11-27T15:09:35.102-0300] {processor.py:161} INFO - Started process (PID=13132) to work on /Users/davispecia/Documents/GitHub/Pf_pipeline_dados/Projeto_final_fase3/venv/lib/python3.9/site-packages/airflow/example_dags/plugins/event_listener.py
[2025-11-27T15:09:35.103-0300] {processor.py:830} INFO - Processing file /Users/davispecia/Documents/GitHub/Pf_pipeline_dados/Projeto_final_fase3/venv/lib/python3.9/site-packages/airflow/example_dags/plugins/event_listener.py for tasks to queue
[2025-11-27T15:09:35.104-0300] {logging_mixin.py:188} INFO - [2025-11-27T15:09:35.104-0300] {dagbag.py:545} INFO - Filling up the DagBag from /Users/davispecia/Documents/GitHub/Pf_pipeline_dados/Projeto_final_fase3/venv/lib/python3.9/site-packages/airflow/example_dags/plugins/event_listener.py
[2025-11-27T15:09:35.104-0300] {processor.py:842} WARNING - No viable dags retrieved from /Users/davispecia/Documents/GitHub/Pf_pipeline_dados/Projeto_final_fase3/venv/lib/python3.9/site-packages/airflow/example_dags/plugins/event_listener.py
[2025-11-27T15:09:35.146-0300] {processor.py:183} INFO - Processing /Users/davispecia/Documents/GitHub/Pf_pipeline_dados/Projeto_final_fase3/venv/lib/python3.9/site-packages/airflow/example_dags/plugins/event_listener.py took 0.047 seconds
[2025-11-27T15:10:38.097-0300] {processor.py:161} INFO - Started process (PID=13280) to work on /Users/davispecia/Documents/GitHub/Pf_pipeline_dados/Projeto_final_fase3/venv/lib/python3.9/site-packages/airflow/example_dags/plugins/event_listener.py
[2025-11-27T15:10:38.098-0300] {processor.py:830} INFO - Processing file /Users/davispecia/Documents/GitHub/Pf_pipeline_dados/Projeto_final_fase3/venv/lib/python3.9/site-packages/airflow/example_dags/plugins/event_listener.py for tasks to queue
[2025-11-27T15:10:38.098-0300] {logging_mixin.py:188} INFO - [2025-11-27T15:10:38.098-0300] {dagbag.py:545} INFO - Filling up the DagBag from /Users/davispecia/Documents/GitHub/Pf_pipeline_dados/Projeto_final_fase3/venv/lib/python3.9/site-packages/airflow/example_dags/plugins/event_listener.py
[2025-11-27T15:10:38.099-0300] {processor.py:842} WARNING - No viable dags retrieved from /Users/davispecia/Documents/GitHub/Pf_pipeline_dados/Projeto_final_fase3/venv/lib/python3.9/site-packages/airflow/example_dags/plugins/event_listener.py
[2025-11-27T15:10:38.141-0300] {processor.py:183} INFO - Processing /Users/davispecia/Documents/GitHub/Pf_pipeline_dados/Projeto_final_fase3/venv/lib/python3.9/site-packages/airflow/example_dags/plugins/event_listener.py took 0.047 seconds
[2025-11-27T15:11:42.145-0300] {processor.py:161} INFO - Started process (PID=13444) to work on /Users/davispecia/Documents/GitHub/Pf_pipeline_dados/Projeto_final_fase3/venv/lib/python3.9/site-packages/airflow/example_dags/plugins/event_listener.py
[2025-11-27T15:11:42.145-0300] {processor.py:830} INFO - Processing file /Users/davispecia/Documents/GitHub/Pf_pipeline_dados/Projeto_final_fase3/venv/lib/python3.9/site-packages/airflow/example_dags/plugins/event_listener.py for tasks to queue
[2025-11-27T15:11:42.146-0300] {logging_mixin.py:188} INFO - [2025-11-27T15:11:42.145-0300] {dagbag.py:545} INFO - Filling up the DagBag from /Users/davispecia/Documents/GitHub/Pf_pipeline_dados/Projeto_final_fase3/venv/lib/python3.9/site-packages/airflow/example_dags/plugins/event_listener.py
[2025-11-27T15:11:42.146-0300] {processor.py:842} WARNING - No viable dags retrieved from /Users/davispecia/Documents/GitHub/Pf_pipeline_dados/Projeto_final_fase3/venv/lib/python3.9/site-packages/airflow/example_dags/plugins/event_listener.py
[2025-11-27T15:11:42.189-0300] {processor.py:183} INFO - Processing /Users/davispecia/Documents/GitHub/Pf_pipeline_dados/Projeto_final_fase3/venv/lib/python3.9/site-packages/airflow/example_dags/plugins/event_listener.py took 0.046 seconds
[2025-11-27T15:12:54.263-0300] {processor.py:161} INFO - Started process (PID=13742) to work on /Users/davispecia/Documents/GitHub/Pf_pipeline_dados/Projeto_final_fase3/venv/lib/python3.9/site-packages/airflow/example_dags/plugins/event_listener.py
[2025-11-27T15:12:54.264-0300] {processor.py:830} INFO - Processing file /Users/davispecia/Documents/GitHub/Pf_pipeline_dados/Projeto_final_fase3/venv/lib/python3.9/site-packages/airflow/example_dags/plugins/event_listener.py for tasks to queue
[2025-11-27T15:12:54.264-0300] {logging_mixin.py:188} INFO - [2025-11-27T15:12:54.264-0300] {dagbag.py:545} INFO - Filling up the DagBag from /Users/davispecia/Documents/GitHub/Pf_pipeline_dados/Projeto_final_fase3/venv/lib/python3.9/site-packages/airflow/example_dags/plugins/event_listener.py
[2025-11-27T15:12:54.264-0300] {processor.py:842} WARNING - No viable dags retrieved from /Users/davispecia/Documents/GitHub/Pf_pipeline_dados/Projeto_final_fase3/venv/lib/python3.9/site-packages/airflow/example_dags/plugins/event_listener.py
[2025-11-27T15:12:54.306-0300] {processor.py:183} INFO - Processing /Users/davispecia/Documents/GitHub/Pf_pipeline_dados/Projeto_final_fase3/venv/lib/python3.9/site-packages/airflow/example_dags/plugins/event_listener.py took 0.045 seconds
[2025-11-27T15:13:53.544-0300] {processor.py:161} INFO - Started process (PID=13902) to work on /Users/davispecia/Documents/GitHub/Pf_pipeline_dados/Projeto_final_fase3/venv/lib/python3.9/site-packages/airflow/example_dags/plugins/event_listener.py
[2025-11-27T15:13:53.545-0300] {processor.py:830} INFO - Processing file /Users/davispecia/Documents/GitHub/Pf_pipeline_dados/Projeto_final_fase3/venv/lib/python3.9/site-packages/airflow/example_dags/plugins/event_listener.py for tasks to queue
[2025-11-27T15:13:53.545-0300] {logging_mixin.py:188} INFO - [2025-11-27T15:13:53.545-0300] {dagbag.py:545} INFO - Filling up the DagBag from /Users/davispecia/Documents/GitHub/Pf_pipeline_dados/Projeto_final_fase3/venv/lib/python3.9/site-packages/airflow/example_dags/plugins/event_listener.py
[2025-11-27T15:13:53.546-0300] {processor.py:842} WARNING - No viable dags retrieved from /Users/davispecia/Documents/GitHub/Pf_pipeline_dados/Projeto_final_fase3/venv/lib/python3.9/site-packages/airflow/example_dags/plugins/event_listener.py
[2025-11-27T15:13:53.589-0300] {processor.py:183} INFO - Processing /Users/davispecia/Documents/GitHub/Pf_pipeline_dados/Projeto_final_fase3/venv/lib/python3.9/site-packages/airflow/example_dags/plugins/event_listener.py took 0.047 seconds
[2025-11-27T15:14:50.289-0300] {processor.py:161} INFO - Started process (PID=14043) to work on /Users/davispecia/Documents/GitHub/Pf_pipeline_dados/Projeto_final_fase3/venv/lib/python3.9/site-packages/airflow/example_dags/plugins/event_listener.py
[2025-11-27T15:14:50.290-0300] {processor.py:830} INFO - Processing file /Users/davispecia/Documents/GitHub/Pf_pipeline_dados/Projeto_final_fase3/venv/lib/python3.9/site-packages/airflow/example_dags/plugins/event_listener.py for tasks to queue
[2025-11-27T15:14:50.290-0300] {logging_mixin.py:188} INFO - [2025-11-27T15:14:50.290-0300] {dagbag.py:545} INFO - Filling up the DagBag from /Users/davispecia/Documents/GitHub/Pf_pipeline_dados/Projeto_final_fase3/venv/lib/python3.9/site-packages/airflow/example_dags/plugins/event_listener.py
[2025-11-27T15:14:50.291-0300] {processor.py:842} WARNING - No viable dags retrieved from /Users/davispecia/Documents/GitHub/Pf_pipeline_dados/Projeto_final_fase3/venv/lib/python3.9/site-packages/airflow/example_dags/plugins/event_listener.py
[2025-11-27T15:14:50.333-0300] {processor.py:183} INFO - Processing /Users/davispecia/Documents/GitHub/Pf_pipeline_dados/Projeto_final_fase3/venv/lib/python3.9/site-packages/airflow/example_dags/plugins/event_listener.py took 0.045 seconds
[2025-11-27T15:15:48.894-0300] {processor.py:161} INFO - Started process (PID=14183) to work on /Users/davispecia/Documents/GitHub/Pf_pipeline_dados/Projeto_final_fase3/venv/lib/python3.9/site-packages/airflow/example_dags/plugins/event_listener.py
[2025-11-27T15:15:48.896-0300] {processor.py:830} INFO - Processing file /Users/davispecia/Documents/GitHub/Pf_pipeline_dados/Projeto_final_fase3/venv/lib/python3.9/site-packages/airflow/example_dags/plugins/event_listener.py for tasks to queue
[2025-11-27T15:15:48.896-0300] {logging_mixin.py:188} INFO - [2025-11-27T15:15:48.896-0300] {dagbag.py:545} INFO - Filling up the DagBag from /Users/davispecia/Documents/GitHub/Pf_pipeline_dados/Projeto_final_fase3/venv/lib/python3.9/site-packages/airflow/example_dags/plugins/event_listener.py
[2025-11-27T15:15:48.897-0300] {processor.py:842} WARNING - No viable dags retrieved from /Users/davispecia/Documents/GitHub/Pf_pipeline_dados/Projeto_final_fase3/venv/lib/python3.9/site-packages/airflow/example_dags/plugins/event_listener.py
[2025-11-27T15:15:48.939-0300] {processor.py:183} INFO - Processing /Users/davispecia/Documents/GitHub/Pf_pipeline_dados/Projeto_final_fase3/venv/lib/python3.9/site-packages/airflow/example_dags/plugins/event_listener.py took 0.047 seconds
[2025-11-27T15:16:50.837-0300] {processor.py:161} INFO - Started process (PID=14333) to work on /Users/davispecia/Documents/GitHub/Pf_pipeline_dados/Projeto_final_fase3/venv/lib/python3.9/site-packages/airflow/example_dags/plugins/event_listener.py
[2025-11-27T15:16:50.839-0300] {processor.py:830} INFO - Processing file /Users/davispecia/Documents/GitHub/Pf_pipeline_dados/Projeto_final_fase3/venv/lib/python3.9/site-packages/airflow/example_dags/plugins/event_listener.py for tasks to queue
[2025-11-27T15:16:50.839-0300] {logging_mixin.py:188} INFO - [2025-11-27T15:16:50.839-0300] {dagbag.py:545} INFO - Filling up the DagBag from /Users/davispecia/Documents/GitHub/Pf_pipeline_dados/Projeto_final_fase3/venv/lib/python3.9/site-packages/airflow/example_dags/plugins/event_listener.py
[2025-11-27T15:16:50.840-0300] {processor.py:842} WARNING - No viable dags retrieved from /Users/davispecia/Documents/GitHub/Pf_pipeline_dados/Projeto_final_fase3/venv/lib/python3.9/site-packages/airflow/example_dags/plugins/event_listener.py
[2025-11-27T15:16:50.883-0300] {processor.py:183} INFO - Processing /Users/davispecia/Documents/GitHub/Pf_pipeline_dados/Projeto_final_fase3/venv/lib/python3.9/site-packages/airflow/example_dags/plugins/event_listener.py took 0.048 seconds
[2025-11-27T15:18:02.110-0300] {processor.py:161} INFO - Started process (PID=14573) to work on /Users/davispecia/Documents/GitHub/Pf_pipeline_dados/Projeto_final_fase3/venv/lib/python3.9/site-packages/airflow/example_dags/plugins/event_listener.py
[2025-11-27T15:18:02.111-0300] {processor.py:830} INFO - Processing file /Users/davispecia/Documents/GitHub/Pf_pipeline_dados/Projeto_final_fase3/venv/lib/python3.9/site-packages/airflow/example_dags/plugins/event_listener.py for tasks to queue
[2025-11-27T15:18:02.112-0300] {logging_mixin.py:188} INFO - [2025-11-27T15:18:02.112-0300] {dagbag.py:545} INFO - Filling up the DagBag from /Users/davispecia/Documents/GitHub/Pf_pipeline_dados/Projeto_final_fase3/venv/lib/python3.9/site-packages/airflow/example_dags/plugins/event_listener.py
[2025-11-27T15:18:02.112-0300] {processor.py:842} WARNING - No viable dags retrieved from /Users/davispecia/Documents/GitHub/Pf_pipeline_dados/Projeto_final_fase3/venv/lib/python3.9/site-packages/airflow/example_dags/plugins/event_listener.py
[2025-11-27T15:18:02.155-0300] {processor.py:183} INFO - Processing /Users/davispecia/Documents/GitHub/Pf_pipeline_dados/Projeto_final_fase3/venv/lib/python3.9/site-packages/airflow/example_dags/plugins/event_listener.py took 0.047 seconds
[2025-11-27T15:19:00.511-0300] {processor.py:161} INFO - Started process (PID=14711) to work on /Users/davispecia/Documents/GitHub/Pf_pipeline_dados/Projeto_final_fase3/venv/lib/python3.9/site-packages/airflow/example_dags/plugins/event_listener.py
[2025-11-27T15:19:00.512-0300] {processor.py:830} INFO - Processing file /Users/davispecia/Documents/GitHub/Pf_pipeline_dados/Projeto_final_fase3/venv/lib/python3.9/site-packages/airflow/example_dags/plugins/event_listener.py for tasks to queue
[2025-11-27T15:19:00.512-0300] {logging_mixin.py:188} INFO - [2025-11-27T15:19:00.512-0300] {dagbag.py:545} INFO - Filling up the DagBag from /Users/davispecia/Documents/GitHub/Pf_pipeline_dados/Projeto_final_fase3/venv/lib/python3.9/site-packages/airflow/example_dags/plugins/event_listener.py
[2025-11-27T15:19:00.513-0300] {processor.py:842} WARNING - No viable dags retrieved from /Users/davispecia/Documents/GitHub/Pf_pipeline_dados/Projeto_final_fase3/venv/lib/python3.9/site-packages/airflow/example_dags/plugins/event_listener.py
[2025-11-27T15:19:00.556-0300] {processor.py:183} INFO - Processing /Users/davispecia/Documents/GitHub/Pf_pipeline_dados/Projeto_final_fase3/venv/lib/python3.9/site-packages/airflow/example_dags/plugins/event_listener.py took 0.047 seconds
[2025-11-27T15:20:01.254-0300] {processor.py:161} INFO - Started process (PID=14866) to work on /Users/davispecia/Documents/GitHub/Pf_pipeline_dados/Projeto_final_fase3/venv/lib/python3.9/site-packages/airflow/example_dags/plugins/event_listener.py
[2025-11-27T15:20:01.255-0300] {processor.py:830} INFO - Processing file /Users/davispecia/Documents/GitHub/Pf_pipeline_dados/Projeto_final_fase3/venv/lib/python3.9/site-packages/airflow/example_dags/plugins/event_listener.py for tasks to queue
[2025-11-27T15:20:01.255-0300] {logging_mixin.py:188} INFO - [2025-11-27T15:20:01.255-0300] {dagbag.py:545} INFO - Filling up the DagBag from /Users/davispecia/Documents/GitHub/Pf_pipeline_dados/Projeto_final_fase3/venv/lib/python3.9/site-packages/airflow/example_dags/plugins/event_listener.py
[2025-11-27T15:20:01.256-0300] {processor.py:842} WARNING - No viable dags retrieved from /Users/davispecia/Documents/GitHub/Pf_pipeline_dados/Projeto_final_fase3/venv/lib/python3.9/site-packages/airflow/example_dags/plugins/event_listener.py
[2025-11-27T15:20:01.298-0300] {processor.py:183} INFO - Processing /Users/davispecia/Documents/GitHub/Pf_pipeline_dados/Projeto_final_fase3/venv/lib/python3.9/site-packages/airflow/example_dags/plugins/event_listener.py took 0.046 seconds
[2025-11-27T15:24:46.245-0300] {processor.py:161} INFO - Started process (PID=15140) to work on /Users/davispecia/Documents/GitHub/Pf_pipeline_dados/Projeto_final_fase3/venv/lib/python3.9/site-packages/airflow/example_dags/plugins/event_listener.py
[2025-11-27T15:24:46.245-0300] {processor.py:830} INFO - Processing file /Users/davispecia/Documents/GitHub/Pf_pipeline_dados/Projeto_final_fase3/venv/lib/python3.9/site-packages/airflow/example_dags/plugins/event_listener.py for tasks to queue
[2025-11-27T15:24:46.246-0300] {logging_mixin.py:188} INFO - [2025-11-27T15:24:46.246-0300] {dagbag.py:545} INFO - Filling up the DagBag from /Users/davispecia/Documents/GitHub/Pf_pipeline_dados/Projeto_final_fase3/venv/lib/python3.9/site-packages/airflow/example_dags/plugins/event_listener.py
[2025-11-27T15:24:46.246-0300] {processor.py:842} WARNING - No viable dags retrieved from /Users/davispecia/Documents/GitHub/Pf_pipeline_dados/Projeto_final_fase3/venv/lib/python3.9/site-packages/airflow/example_dags/plugins/event_listener.py
[2025-11-27T15:24:46.290-0300] {processor.py:183} INFO - Processing /Users/davispecia/Documents/GitHub/Pf_pipeline_dados/Projeto_final_fase3/venv/lib/python3.9/site-packages/airflow/example_dags/plugins/event_listener.py took 0.047 seconds
[2025-11-27T15:25:47.961-0300] {processor.py:161} INFO - Started process (PID=15302) to work on /Users/davispecia/Documents/GitHub/Pf_pipeline_dados/Projeto_final_fase3/venv/lib/python3.9/site-packages/airflow/example_dags/plugins/event_listener.py
[2025-11-27T15:25:47.962-0300] {processor.py:830} INFO - Processing file /Users/davispecia/Documents/GitHub/Pf_pipeline_dados/Projeto_final_fase3/venv/lib/python3.9/site-packages/airflow/example_dags/plugins/event_listener.py for tasks to queue
[2025-11-27T15:25:47.963-0300] {logging_mixin.py:188} INFO - [2025-11-27T15:25:47.962-0300] {dagbag.py:545} INFO - Filling up the DagBag from /Users/davispecia/Documents/GitHub/Pf_pipeline_dados/Projeto_final_fase3/venv/lib/python3.9/site-packages/airflow/example_dags/plugins/event_listener.py
[2025-11-27T15:25:47.963-0300] {processor.py:842} WARNING - No viable dags retrieved from /Users/davispecia/Documents/GitHub/Pf_pipeline_dados/Projeto_final_fase3/venv/lib/python3.9/site-packages/airflow/example_dags/plugins/event_listener.py
[2025-11-27T15:25:48.006-0300] {processor.py:183} INFO - Processing /Users/davispecia/Documents/GitHub/Pf_pipeline_dados/Projeto_final_fase3/venv/lib/python3.9/site-packages/airflow/example_dags/plugins/event_listener.py took 0.047 seconds
[2025-11-27T15:26:48.717-0300] {processor.py:161} INFO - Started process (PID=15450) to work on /Users/davispecia/Documents/GitHub/Pf_pipeline_dados/Projeto_final_fase3/venv/lib/python3.9/site-packages/airflow/example_dags/plugins/event_listener.py
[2025-11-27T15:26:48.719-0300] {processor.py:830} INFO - Processing file /Users/davispecia/Documents/GitHub/Pf_pipeline_dados/Projeto_final_fase3/venv/lib/python3.9/site-packages/airflow/example_dags/plugins/event_listener.py for tasks to queue
[2025-11-27T15:26:48.719-0300] {logging_mixin.py:188} INFO - [2025-11-27T15:26:48.719-0300] {dagbag.py:545} INFO - Filling up the DagBag from /Users/davispecia/Documents/GitHub/Pf_pipeline_dados/Projeto_final_fase3/venv/lib/python3.9/site-packages/airflow/example_dags/plugins/event_listener.py
[2025-11-27T15:26:48.720-0300] {processor.py:842} WARNING - No viable dags retrieved from /Users/davispecia/Documents/GitHub/Pf_pipeline_dados/Projeto_final_fase3/venv/lib/python3.9/site-packages/airflow/example_dags/plugins/event_listener.py
[2025-11-27T15:26:48.763-0300] {processor.py:183} INFO - Processing /Users/davispecia/Documents/GitHub/Pf_pipeline_dados/Projeto_final_fase3/venv/lib/python3.9/site-packages/airflow/example_dags/plugins/event_listener.py took 0.049 seconds
