[2025-11-27T11:11:46.434-0300] {processor.py:161} INFO - Started process (PID=88731) to work on /Users/davispecia/Documents/GitHub/Pf_pipeline_dados/Projeto_final_fase3/venv/lib/python3.9/site-packages/airflow/example_dags/plugins/listener_plugin.py
[2025-11-27T11:11:46.435-0300] {processor.py:830} INFO - Processing file /Users/davispecia/Documents/GitHub/Pf_pipeline_dados/Projeto_final_fase3/venv/lib/python3.9/site-packages/airflow/example_dags/plugins/listener_plugin.py for tasks to queue
[2025-11-27T11:11:46.436-0300] {logging_mixin.py:188} INFO - [2025-11-27T11:11:46.436-0300] {dagbag.py:545} INFO - Filling up the DagBag from /Users/davispecia/Documents/GitHub/Pf_pipeline_dados/Projeto_final_fase3/venv/lib/python3.9/site-packages/airflow/example_dags/plugins/listener_plugin.py
[2025-11-27T11:11:46.438-0300] {processor.py:842} WARNING - No viable dags retrieved from /Users/davispecia/Documents/GitHub/Pf_pipeline_dados/Projeto_final_fase3/venv/lib/python3.9/site-packages/airflow/example_dags/plugins/listener_plugin.py
[2025-11-27T11:11:46.487-0300] {processor.py:183} INFO - Processing /Users/davispecia/Documents/GitHub/Pf_pipeline_dados/Projeto_final_fase3/venv/lib/python3.9/site-packages/airflow/example_dags/plugins/listener_plugin.py took 0.056 seconds
[2025-11-27T11:13:32.250-0300] {processor.py:161} INFO - Started process (PID=89116) to work on /Users/davispecia/Documents/GitHub/Pf_pipeline_dados/Projeto_final_fase3/venv/lib/python3.9/site-packages/airflow/example_dags/plugins/listener_plugin.py
[2025-11-27T11:13:32.252-0300] {processor.py:830} INFO - Processing file /Users/davispecia/Documents/GitHub/Pf_pipeline_dados/Projeto_final_fase3/venv/lib/python3.9/site-packages/airflow/example_dags/plugins/listener_plugin.py for tasks to queue
[2025-11-27T11:13:32.252-0300] {logging_mixin.py:188} INFO - [2025-11-27T11:13:32.252-0300] {dagbag.py:545} INFO - Filling up the DagBag from /Users/davispecia/Documents/GitHub/Pf_pipeline_dados/Projeto_final_fase3/venv/lib/python3.9/site-packages/airflow/example_dags/plugins/listener_plugin.py
[2025-11-27T11:13:32.254-0300] {processor.py:842} WARNING - No viable dags retrieved from /Users/davispecia/Documents/GitHub/Pf_pipeline_dados/Projeto_final_fase3/venv/lib/python3.9/site-packages/airflow/example_dags/plugins/listener_plugin.py
[2025-11-27T11:13:32.296-0300] {processor.py:183} INFO - Processing /Users/davispecia/Documents/GitHub/Pf_pipeline_dados/Projeto_final_fase3/venv/lib/python3.9/site-packages/airflow/example_dags/plugins/listener_plugin.py took 0.048 seconds
[2025-11-27T11:14:33.641-0300] {processor.py:161} INFO - Started process (PID=89599) to work on /Users/davispecia/Documents/GitHub/Pf_pipeline_dados/Projeto_final_fase3/venv/lib/python3.9/site-packages/airflow/example_dags/plugins/listener_plugin.py
[2025-11-27T11:14:33.642-0300] {processor.py:830} INFO - Processing file /Users/davispecia/Documents/GitHub/Pf_pipeline_dados/Projeto_final_fase3/venv/lib/python3.9/site-packages/airflow/example_dags/plugins/listener_plugin.py for tasks to queue
[2025-11-27T11:14:33.642-0300] {logging_mixin.py:188} INFO - [2025-11-27T11:14:33.642-0300] {dagbag.py:545} INFO - Filling up the DagBag from /Users/davispecia/Documents/GitHub/Pf_pipeline_dados/Projeto_final_fase3/venv/lib/python3.9/site-packages/airflow/example_dags/plugins/listener_plugin.py
[2025-11-27T11:14:33.644-0300] {processor.py:842} WARNING - No viable dags retrieved from /Users/davispecia/Documents/GitHub/Pf_pipeline_dados/Projeto_final_fase3/venv/lib/python3.9/site-packages/airflow/example_dags/plugins/listener_plugin.py
[2025-11-27T11:14:33.689-0300] {processor.py:183} INFO - Processing /Users/davispecia/Documents/GitHub/Pf_pipeline_dados/Projeto_final_fase3/venv/lib/python3.9/site-packages/airflow/example_dags/plugins/listener_plugin.py took 0.050 seconds
[2025-11-27T11:16:22.171-0300] {processor.py:161} INFO - Started process (PID=90602) to work on /Users/davispecia/Documents/GitHub/Pf_pipeline_dados/Projeto_final_fase3/venv/lib/python3.9/site-packages/airflow/example_dags/plugins/listener_plugin.py
[2025-11-27T11:16:22.173-0300] {processor.py:830} INFO - Processing file /Users/davispecia/Documents/GitHub/Pf_pipeline_dados/Projeto_final_fase3/venv/lib/python3.9/site-packages/airflow/example_dags/plugins/listener_plugin.py for tasks to queue
[2025-11-27T11:16:22.173-0300] {logging_mixin.py:188} INFO - [2025-11-27T11:16:22.173-0300] {dagbag.py:545} INFO - Filling up the DagBag from /Users/davispecia/Documents/GitHub/Pf_pipeline_dados/Projeto_final_fase3/venv/lib/python3.9/site-packages/airflow/example_dags/plugins/listener_plugin.py
[2025-11-27T11:16:22.174-0300] {processor.py:842} WARNING - No viable dags retrieved from /Users/davispecia/Documents/GitHub/Pf_pipeline_dados/Projeto_final_fase3/venv/lib/python3.9/site-packages/airflow/example_dags/plugins/listener_plugin.py
[2025-11-27T11:16:22.223-0300] {processor.py:183} INFO - Processing /Users/davispecia/Documents/GitHub/Pf_pipeline_dados/Projeto_final_fase3/venv/lib/python3.9/site-packages/airflow/example_dags/plugins/listener_plugin.py took 0.055 seconds
[2025-11-27T11:18:01.470-0300] {processor.py:161} INFO - Started process (PID=91068) to work on /Users/davispecia/Documents/GitHub/Pf_pipeline_dados/Projeto_final_fase3/venv/lib/python3.9/site-packages/airflow/example_dags/plugins/listener_plugin.py
[2025-11-27T11:18:01.471-0300] {processor.py:830} INFO - Processing file /Users/davispecia/Documents/GitHub/Pf_pipeline_dados/Projeto_final_fase3/venv/lib/python3.9/site-packages/airflow/example_dags/plugins/listener_plugin.py for tasks to queue
[2025-11-27T11:18:01.471-0300] {logging_mixin.py:188} INFO - [2025-11-27T11:18:01.471-0300] {dagbag.py:545} INFO - Filling up the DagBag from /Users/davispecia/Documents/GitHub/Pf_pipeline_dados/Projeto_final_fase3/venv/lib/python3.9/site-packages/airflow/example_dags/plugins/listener_plugin.py
[2025-11-27T11:18:01.473-0300] {processor.py:842} WARNING - No viable dags retrieved from /Users/davispecia/Documents/GitHub/Pf_pipeline_dados/Projeto_final_fase3/venv/lib/python3.9/site-packages/airflow/example_dags/plugins/listener_plugin.py
[2025-11-27T11:18:01.518-0300] {processor.py:183} INFO - Processing /Users/davispecia/Documents/GitHub/Pf_pipeline_dados/Projeto_final_fase3/venv/lib/python3.9/site-packages/airflow/example_dags/plugins/listener_plugin.py took 0.050 seconds
[2025-11-27T11:19:15.340-0300] {processor.py:161} INFO - Started process (PID=91304) to work on /Users/davispecia/Documents/GitHub/Pf_pipeline_dados/Projeto_final_fase3/venv/lib/python3.9/site-packages/airflow/example_dags/plugins/listener_plugin.py
[2025-11-27T11:19:15.342-0300] {processor.py:830} INFO - Processing file /Users/davispecia/Documents/GitHub/Pf_pipeline_dados/Projeto_final_fase3/venv/lib/python3.9/site-packages/airflow/example_dags/plugins/listener_plugin.py for tasks to queue
[2025-11-27T11:19:15.342-0300] {logging_mixin.py:188} INFO - [2025-11-27T11:19:15.342-0300] {dagbag.py:545} INFO - Filling up the DagBag from /Users/davispecia/Documents/GitHub/Pf_pipeline_dados/Projeto_final_fase3/venv/lib/python3.9/site-packages/airflow/example_dags/plugins/listener_plugin.py
[2025-11-27T11:19:15.344-0300] {processor.py:842} WARNING - No viable dags retrieved from /Users/davispecia/Documents/GitHub/Pf_pipeline_dados/Projeto_final_fase3/venv/lib/python3.9/site-packages/airflow/example_dags/plugins/listener_plugin.py
[2025-11-27T11:19:15.387-0300] {processor.py:183} INFO - Processing /Users/davispecia/Documents/GitHub/Pf_pipeline_dados/Projeto_final_fase3/venv/lib/python3.9/site-packages/airflow/example_dags/plugins/listener_plugin.py took 0.049 seconds
[2025-11-27T11:20:17.772-0300] {processor.py:161} INFO - Started process (PID=91459) to work on /Users/davispecia/Documents/GitHub/Pf_pipeline_dados/Projeto_final_fase3/venv/lib/python3.9/site-packages/airflow/example_dags/plugins/listener_plugin.py
[2025-11-27T11:20:17.773-0300] {processor.py:830} INFO - Processing file /Users/davispecia/Documents/GitHub/Pf_pipeline_dados/Projeto_final_fase3/venv/lib/python3.9/site-packages/airflow/example_dags/plugins/listener_plugin.py for tasks to queue
[2025-11-27T11:20:17.774-0300] {logging_mixin.py:188} INFO - [2025-11-27T11:20:17.773-0300] {dagbag.py:545} INFO - Filling up the DagBag from /Users/davispecia/Documents/GitHub/Pf_pipeline_dados/Projeto_final_fase3/venv/lib/python3.9/site-packages/airflow/example_dags/plugins/listener_plugin.py
[2025-11-27T11:20:17.775-0300] {processor.py:842} WARNING - No viable dags retrieved from /Users/davispecia/Documents/GitHub/Pf_pipeline_dados/Projeto_final_fase3/venv/lib/python3.9/site-packages/airflow/example_dags/plugins/listener_plugin.py
[2025-11-27T11:20:17.820-0300] {processor.py:183} INFO - Processing /Users/davispecia/Documents/GitHub/Pf_pipeline_dados/Projeto_final_fase3/venv/lib/python3.9/site-packages/airflow/example_dags/plugins/listener_plugin.py took 0.049 seconds
[2025-11-27T11:21:21.315-0300] {processor.py:161} INFO - Started process (PID=91618) to work on /Users/davispecia/Documents/GitHub/Pf_pipeline_dados/Projeto_final_fase3/venv/lib/python3.9/site-packages/airflow/example_dags/plugins/listener_plugin.py
[2025-11-27T11:21:21.316-0300] {processor.py:830} INFO - Processing file /Users/davispecia/Documents/GitHub/Pf_pipeline_dados/Projeto_final_fase3/venv/lib/python3.9/site-packages/airflow/example_dags/plugins/listener_plugin.py for tasks to queue
[2025-11-27T11:21:21.316-0300] {logging_mixin.py:188} INFO - [2025-11-27T11:21:21.316-0300] {dagbag.py:545} INFO - Filling up the DagBag from /Users/davispecia/Documents/GitHub/Pf_pipeline_dados/Projeto_final_fase3/venv/lib/python3.9/site-packages/airflow/example_dags/plugins/listener_plugin.py
[2025-11-27T11:21:21.318-0300] {processor.py:842} WARNING - No viable dags retrieved from /Users/davispecia/Documents/GitHub/Pf_pipeline_dados/Projeto_final_fase3/venv/lib/python3.9/site-packages/airflow/example_dags/plugins/listener_plugin.py
[2025-11-27T11:21:21.360-0300] {processor.py:183} INFO - Processing /Users/davispecia/Documents/GitHub/Pf_pipeline_dados/Projeto_final_fase3/venv/lib/python3.9/site-packages/airflow/example_dags/plugins/listener_plugin.py took 0.048 seconds
[2025-11-27T11:22:20.723-0300] {processor.py:161} INFO - Started process (PID=91761) to work on /Users/davispecia/Documents/GitHub/Pf_pipeline_dados/Projeto_final_fase3/venv/lib/python3.9/site-packages/airflow/example_dags/plugins/listener_plugin.py
[2025-11-27T11:22:20.724-0300] {processor.py:830} INFO - Processing file /Users/davispecia/Documents/GitHub/Pf_pipeline_dados/Projeto_final_fase3/venv/lib/python3.9/site-packages/airflow/example_dags/plugins/listener_plugin.py for tasks to queue
[2025-11-27T11:22:20.724-0300] {logging_mixin.py:188} INFO - [2025-11-27T11:22:20.724-0300] {dagbag.py:545} INFO - Filling up the DagBag from /Users/davispecia/Documents/GitHub/Pf_pipeline_dados/Projeto_final_fase3/venv/lib/python3.9/site-packages/airflow/example_dags/plugins/listener_plugin.py
[2025-11-27T11:22:20.726-0300] {processor.py:842} WARNING - No viable dags retrieved from /Users/davispecia/Documents/GitHub/Pf_pipeline_dados/Projeto_final_fase3/venv/lib/python3.9/site-packages/airflow/example_dags/plugins/listener_plugin.py
[2025-11-27T11:22:20.770-0300] {processor.py:183} INFO - Processing /Users/davispecia/Documents/GitHub/Pf_pipeline_dados/Projeto_final_fase3/venv/lib/python3.9/site-packages/airflow/example_dags/plugins/listener_plugin.py took 0.050 seconds
[2025-11-27T11:23:23.889-0300] {processor.py:161} INFO - Started process (PID=91923) to work on /Users/davispecia/Documents/GitHub/Pf_pipeline_dados/Projeto_final_fase3/venv/lib/python3.9/site-packages/airflow/example_dags/plugins/listener_plugin.py
[2025-11-27T11:23:23.890-0300] {processor.py:830} INFO - Processing file /Users/davispecia/Documents/GitHub/Pf_pipeline_dados/Projeto_final_fase3/venv/lib/python3.9/site-packages/airflow/example_dags/plugins/listener_plugin.py for tasks to queue
[2025-11-27T11:23:23.891-0300] {logging_mixin.py:188} INFO - [2025-11-27T11:23:23.890-0300] {dagbag.py:545} INFO - Filling up the DagBag from /Users/davispecia/Documents/GitHub/Pf_pipeline_dados/Projeto_final_fase3/venv/lib/python3.9/site-packages/airflow/example_dags/plugins/listener_plugin.py
[2025-11-27T11:23:23.892-0300] {processor.py:842} WARNING - No viable dags retrieved from /Users/davispecia/Documents/GitHub/Pf_pipeline_dados/Projeto_final_fase3/venv/lib/python3.9/site-packages/airflow/example_dags/plugins/listener_plugin.py
[2025-11-27T11:23:23.934-0300] {processor.py:183} INFO - Processing /Users/davispecia/Documents/GitHub/Pf_pipeline_dados/Projeto_final_fase3/venv/lib/python3.9/site-packages/airflow/example_dags/plugins/listener_plugin.py took 0.047 seconds
[2025-11-27T11:24:25.476-0300] {processor.py:161} INFO - Started process (PID=92065) to work on /Users/davispecia/Documents/GitHub/Pf_pipeline_dados/Projeto_final_fase3/venv/lib/python3.9/site-packages/airflow/example_dags/plugins/listener_plugin.py
[2025-11-27T11:24:25.476-0300] {processor.py:830} INFO - Processing file /Users/davispecia/Documents/GitHub/Pf_pipeline_dados/Projeto_final_fase3/venv/lib/python3.9/site-packages/airflow/example_dags/plugins/listener_plugin.py for tasks to queue
[2025-11-27T11:24:25.476-0300] {logging_mixin.py:188} INFO - [2025-11-27T11:24:25.476-0300] {dagbag.py:545} INFO - Filling up the DagBag from /Users/davispecia/Documents/GitHub/Pf_pipeline_dados/Projeto_final_fase3/venv/lib/python3.9/site-packages/airflow/example_dags/plugins/listener_plugin.py
[2025-11-27T11:24:25.478-0300] {processor.py:842} WARNING - No viable dags retrieved from /Users/davispecia/Documents/GitHub/Pf_pipeline_dados/Projeto_final_fase3/venv/lib/python3.9/site-packages/airflow/example_dags/plugins/listener_plugin.py
[2025-11-27T11:24:25.520-0300] {processor.py:183} INFO - Processing /Users/davispecia/Documents/GitHub/Pf_pipeline_dados/Projeto_final_fase3/venv/lib/python3.9/site-packages/airflow/example_dags/plugins/listener_plugin.py took 0.046 seconds
[2025-11-27T11:25:36.969-0300] {processor.py:161} INFO - Started process (PID=92298) to work on /Users/davispecia/Documents/GitHub/Pf_pipeline_dados/Projeto_final_fase3/venv/lib/python3.9/site-packages/airflow/example_dags/plugins/listener_plugin.py
[2025-11-27T11:25:36.970-0300] {processor.py:830} INFO - Processing file /Users/davispecia/Documents/GitHub/Pf_pipeline_dados/Projeto_final_fase3/venv/lib/python3.9/site-packages/airflow/example_dags/plugins/listener_plugin.py for tasks to queue
[2025-11-27T11:25:36.971-0300] {logging_mixin.py:188} INFO - [2025-11-27T11:25:36.971-0300] {dagbag.py:545} INFO - Filling up the DagBag from /Users/davispecia/Documents/GitHub/Pf_pipeline_dados/Projeto_final_fase3/venv/lib/python3.9/site-packages/airflow/example_dags/plugins/listener_plugin.py
[2025-11-27T11:25:36.972-0300] {processor.py:842} WARNING - No viable dags retrieved from /Users/davispecia/Documents/GitHub/Pf_pipeline_dados/Projeto_final_fase3/venv/lib/python3.9/site-packages/airflow/example_dags/plugins/listener_plugin.py
[2025-11-27T11:25:37.015-0300] {processor.py:183} INFO - Processing /Users/davispecia/Documents/GitHub/Pf_pipeline_dados/Projeto_final_fase3/venv/lib/python3.9/site-packages/airflow/example_dags/plugins/listener_plugin.py took 0.048 seconds
[2025-11-27T11:26:39.454-0300] {processor.py:161} INFO - Started process (PID=92453) to work on /Users/davispecia/Documents/GitHub/Pf_pipeline_dados/Projeto_final_fase3/venv/lib/python3.9/site-packages/airflow/example_dags/plugins/listener_plugin.py
[2025-11-27T11:26:39.455-0300] {processor.py:830} INFO - Processing file /Users/davispecia/Documents/GitHub/Pf_pipeline_dados/Projeto_final_fase3/venv/lib/python3.9/site-packages/airflow/example_dags/plugins/listener_plugin.py for tasks to queue
[2025-11-27T11:26:39.455-0300] {logging_mixin.py:188} INFO - [2025-11-27T11:26:39.455-0300] {dagbag.py:545} INFO - Filling up the DagBag from /Users/davispecia/Documents/GitHub/Pf_pipeline_dados/Projeto_final_fase3/venv/lib/python3.9/site-packages/airflow/example_dags/plugins/listener_plugin.py
[2025-11-27T11:26:39.456-0300] {processor.py:842} WARNING - No viable dags retrieved from /Users/davispecia/Documents/GitHub/Pf_pipeline_dados/Projeto_final_fase3/venv/lib/python3.9/site-packages/airflow/example_dags/plugins/listener_plugin.py
[2025-11-27T11:26:39.500-0300] {processor.py:183} INFO - Processing /Users/davispecia/Documents/GitHub/Pf_pipeline_dados/Projeto_final_fase3/venv/lib/python3.9/site-packages/airflow/example_dags/plugins/listener_plugin.py took 0.048 seconds
[2025-11-27T11:27:40.036-0300] {processor.py:161} INFO - Started process (PID=92604) to work on /Users/davispecia/Documents/GitHub/Pf_pipeline_dados/Projeto_final_fase3/venv/lib/python3.9/site-packages/airflow/example_dags/plugins/listener_plugin.py
[2025-11-27T11:27:40.037-0300] {processor.py:830} INFO - Processing file /Users/davispecia/Documents/GitHub/Pf_pipeline_dados/Projeto_final_fase3/venv/lib/python3.9/site-packages/airflow/example_dags/plugins/listener_plugin.py for tasks to queue
[2025-11-27T11:27:40.037-0300] {logging_mixin.py:188} INFO - [2025-11-27T11:27:40.037-0300] {dagbag.py:545} INFO - Filling up the DagBag from /Users/davispecia/Documents/GitHub/Pf_pipeline_dados/Projeto_final_fase3/venv/lib/python3.9/site-packages/airflow/example_dags/plugins/listener_plugin.py
[2025-11-27T11:27:40.039-0300] {processor.py:842} WARNING - No viable dags retrieved from /Users/davispecia/Documents/GitHub/Pf_pipeline_dados/Projeto_final_fase3/venv/lib/python3.9/site-packages/airflow/example_dags/plugins/listener_plugin.py
[2025-11-27T11:27:40.084-0300] {processor.py:183} INFO - Processing /Users/davispecia/Documents/GitHub/Pf_pipeline_dados/Projeto_final_fase3/venv/lib/python3.9/site-packages/airflow/example_dags/plugins/listener_plugin.py took 0.053 seconds
[2025-11-27T11:28:40.322-0300] {processor.py:161} INFO - Started process (PID=92769) to work on /Users/davispecia/Documents/GitHub/Pf_pipeline_dados/Projeto_final_fase3/venv/lib/python3.9/site-packages/airflow/example_dags/plugins/listener_plugin.py
[2025-11-27T11:28:40.322-0300] {processor.py:830} INFO - Processing file /Users/davispecia/Documents/GitHub/Pf_pipeline_dados/Projeto_final_fase3/venv/lib/python3.9/site-packages/airflow/example_dags/plugins/listener_plugin.py for tasks to queue
[2025-11-27T11:28:40.323-0300] {logging_mixin.py:188} INFO - [2025-11-27T11:28:40.322-0300] {dagbag.py:545} INFO - Filling up the DagBag from /Users/davispecia/Documents/GitHub/Pf_pipeline_dados/Projeto_final_fase3/venv/lib/python3.9/site-packages/airflow/example_dags/plugins/listener_plugin.py
[2025-11-27T11:28:40.324-0300] {processor.py:842} WARNING - No viable dags retrieved from /Users/davispecia/Documents/GitHub/Pf_pipeline_dados/Projeto_final_fase3/venv/lib/python3.9/site-packages/airflow/example_dags/plugins/listener_plugin.py
[2025-11-27T11:28:40.366-0300] {processor.py:183} INFO - Processing /Users/davispecia/Documents/GitHub/Pf_pipeline_dados/Projeto_final_fase3/venv/lib/python3.9/site-packages/airflow/example_dags/plugins/listener_plugin.py took 0.046 seconds
[2025-11-27T11:29:44.678-0300] {processor.py:161} INFO - Started process (PID=92919) to work on /Users/davispecia/Documents/GitHub/Pf_pipeline_dados/Projeto_final_fase3/venv/lib/python3.9/site-packages/airflow/example_dags/plugins/listener_plugin.py
[2025-11-27T11:29:44.679-0300] {processor.py:830} INFO - Processing file /Users/davispecia/Documents/GitHub/Pf_pipeline_dados/Projeto_final_fase3/venv/lib/python3.9/site-packages/airflow/example_dags/plugins/listener_plugin.py for tasks to queue
[2025-11-27T11:29:44.679-0300] {logging_mixin.py:188} INFO - [2025-11-27T11:29:44.679-0300] {dagbag.py:545} INFO - Filling up the DagBag from /Users/davispecia/Documents/GitHub/Pf_pipeline_dados/Projeto_final_fase3/venv/lib/python3.9/site-packages/airflow/example_dags/plugins/listener_plugin.py
[2025-11-27T11:29:44.681-0300] {processor.py:842} WARNING - No viable dags retrieved from /Users/davispecia/Documents/GitHub/Pf_pipeline_dados/Projeto_final_fase3/venv/lib/python3.9/site-packages/airflow/example_dags/plugins/listener_plugin.py
[2025-11-27T11:29:44.724-0300] {processor.py:183} INFO - Processing /Users/davispecia/Documents/GitHub/Pf_pipeline_dados/Projeto_final_fase3/venv/lib/python3.9/site-packages/airflow/example_dags/plugins/listener_plugin.py took 0.047 seconds
[2025-11-27T11:30:55.591-0300] {processor.py:161} INFO - Started process (PID=93148) to work on /Users/davispecia/Documents/GitHub/Pf_pipeline_dados/Projeto_final_fase3/venv/lib/python3.9/site-packages/airflow/example_dags/plugins/listener_plugin.py
[2025-11-27T11:30:55.592-0300] {processor.py:830} INFO - Processing file /Users/davispecia/Documents/GitHub/Pf_pipeline_dados/Projeto_final_fase3/venv/lib/python3.9/site-packages/airflow/example_dags/plugins/listener_plugin.py for tasks to queue
[2025-11-27T11:30:55.592-0300] {logging_mixin.py:188} INFO - [2025-11-27T11:30:55.592-0300] {dagbag.py:545} INFO - Filling up the DagBag from /Users/davispecia/Documents/GitHub/Pf_pipeline_dados/Projeto_final_fase3/venv/lib/python3.9/site-packages/airflow/example_dags/plugins/listener_plugin.py
[2025-11-27T11:30:55.593-0300] {processor.py:842} WARNING - No viable dags retrieved from /Users/davispecia/Documents/GitHub/Pf_pipeline_dados/Projeto_final_fase3/venv/lib/python3.9/site-packages/airflow/example_dags/plugins/listener_plugin.py
[2025-11-27T11:30:55.636-0300] {processor.py:183} INFO - Processing /Users/davispecia/Documents/GitHub/Pf_pipeline_dados/Projeto_final_fase3/venv/lib/python3.9/site-packages/airflow/example_dags/plugins/listener_plugin.py took 0.048 seconds
[2025-11-27T11:31:54.148-0300] {processor.py:161} INFO - Started process (PID=93289) to work on /Users/davispecia/Documents/GitHub/Pf_pipeline_dados/Projeto_final_fase3/venv/lib/python3.9/site-packages/airflow/example_dags/plugins/listener_plugin.py
[2025-11-27T11:31:54.149-0300] {processor.py:830} INFO - Processing file /Users/davispecia/Documents/GitHub/Pf_pipeline_dados/Projeto_final_fase3/venv/lib/python3.9/site-packages/airflow/example_dags/plugins/listener_plugin.py for tasks to queue
[2025-11-27T11:31:54.150-0300] {logging_mixin.py:188} INFO - [2025-11-27T11:31:54.149-0300] {dagbag.py:545} INFO - Filling up the DagBag from /Users/davispecia/Documents/GitHub/Pf_pipeline_dados/Projeto_final_fase3/venv/lib/python3.9/site-packages/airflow/example_dags/plugins/listener_plugin.py
[2025-11-27T11:31:54.151-0300] {processor.py:842} WARNING - No viable dags retrieved from /Users/davispecia/Documents/GitHub/Pf_pipeline_dados/Projeto_final_fase3/venv/lib/python3.9/site-packages/airflow/example_dags/plugins/listener_plugin.py
[2025-11-27T11:31:54.196-0300] {processor.py:183} INFO - Processing /Users/davispecia/Documents/GitHub/Pf_pipeline_dados/Projeto_final_fase3/venv/lib/python3.9/site-packages/airflow/example_dags/plugins/listener_plugin.py took 0.050 seconds
[2025-11-27T11:32:57.058-0300] {processor.py:161} INFO - Started process (PID=93440) to work on /Users/davispecia/Documents/GitHub/Pf_pipeline_dados/Projeto_final_fase3/venv/lib/python3.9/site-packages/airflow/example_dags/plugins/listener_plugin.py
[2025-11-27T11:32:57.059-0300] {processor.py:830} INFO - Processing file /Users/davispecia/Documents/GitHub/Pf_pipeline_dados/Projeto_final_fase3/venv/lib/python3.9/site-packages/airflow/example_dags/plugins/listener_plugin.py for tasks to queue
[2025-11-27T11:32:57.060-0300] {logging_mixin.py:188} INFO - [2025-11-27T11:32:57.060-0300] {dagbag.py:545} INFO - Filling up the DagBag from /Users/davispecia/Documents/GitHub/Pf_pipeline_dados/Projeto_final_fase3/venv/lib/python3.9/site-packages/airflow/example_dags/plugins/listener_plugin.py
[2025-11-27T11:32:57.061-0300] {processor.py:842} WARNING - No viable dags retrieved from /Users/davispecia/Documents/GitHub/Pf_pipeline_dados/Projeto_final_fase3/venv/lib/python3.9/site-packages/airflow/example_dags/plugins/listener_plugin.py
[2025-11-27T11:32:57.103-0300] {processor.py:183} INFO - Processing /Users/davispecia/Documents/GitHub/Pf_pipeline_dados/Projeto_final_fase3/venv/lib/python3.9/site-packages/airflow/example_dags/plugins/listener_plugin.py took 0.047 seconds
[2025-11-27T11:34:00.817-0300] {processor.py:161} INFO - Started process (PID=93590) to work on /Users/davispecia/Documents/GitHub/Pf_pipeline_dados/Projeto_final_fase3/venv/lib/python3.9/site-packages/airflow/example_dags/plugins/listener_plugin.py
[2025-11-27T11:34:00.818-0300] {processor.py:830} INFO - Processing file /Users/davispecia/Documents/GitHub/Pf_pipeline_dados/Projeto_final_fase3/venv/lib/python3.9/site-packages/airflow/example_dags/plugins/listener_plugin.py for tasks to queue
[2025-11-27T11:34:00.819-0300] {logging_mixin.py:188} INFO - [2025-11-27T11:34:00.819-0300] {dagbag.py:545} INFO - Filling up the DagBag from /Users/davispecia/Documents/GitHub/Pf_pipeline_dados/Projeto_final_fase3/venv/lib/python3.9/site-packages/airflow/example_dags/plugins/listener_plugin.py
[2025-11-27T11:34:00.822-0300] {processor.py:842} WARNING - No viable dags retrieved from /Users/davispecia/Documents/GitHub/Pf_pipeline_dados/Projeto_final_fase3/venv/lib/python3.9/site-packages/airflow/example_dags/plugins/listener_plugin.py
[2025-11-27T11:34:00.868-0300] {processor.py:183} INFO - Processing /Users/davispecia/Documents/GitHub/Pf_pipeline_dados/Projeto_final_fase3/venv/lib/python3.9/site-packages/airflow/example_dags/plugins/listener_plugin.py took 0.058 seconds
[2025-11-27T11:35:02.952-0300] {processor.py:161} INFO - Started process (PID=93741) to work on /Users/davispecia/Documents/GitHub/Pf_pipeline_dados/Projeto_final_fase3/venv/lib/python3.9/site-packages/airflow/example_dags/plugins/listener_plugin.py
[2025-11-27T11:35:02.953-0300] {processor.py:830} INFO - Processing file /Users/davispecia/Documents/GitHub/Pf_pipeline_dados/Projeto_final_fase3/venv/lib/python3.9/site-packages/airflow/example_dags/plugins/listener_plugin.py for tasks to queue
[2025-11-27T11:35:02.953-0300] {logging_mixin.py:188} INFO - [2025-11-27T11:35:02.953-0300] {dagbag.py:545} INFO - Filling up the DagBag from /Users/davispecia/Documents/GitHub/Pf_pipeline_dados/Projeto_final_fase3/venv/lib/python3.9/site-packages/airflow/example_dags/plugins/listener_plugin.py
[2025-11-27T11:35:02.954-0300] {processor.py:842} WARNING - No viable dags retrieved from /Users/davispecia/Documents/GitHub/Pf_pipeline_dados/Projeto_final_fase3/venv/lib/python3.9/site-packages/airflow/example_dags/plugins/listener_plugin.py
[2025-11-27T11:35:02.997-0300] {processor.py:183} INFO - Processing /Users/davispecia/Documents/GitHub/Pf_pipeline_dados/Projeto_final_fase3/venv/lib/python3.9/site-packages/airflow/example_dags/plugins/listener_plugin.py took 0.047 seconds
[2025-11-27T11:36:16.417-0300] {processor.py:161} INFO - Started process (PID=93974) to work on /Users/davispecia/Documents/GitHub/Pf_pipeline_dados/Projeto_final_fase3/venv/lib/python3.9/site-packages/airflow/example_dags/plugins/listener_plugin.py
[2025-11-27T11:36:16.417-0300] {processor.py:830} INFO - Processing file /Users/davispecia/Documents/GitHub/Pf_pipeline_dados/Projeto_final_fase3/venv/lib/python3.9/site-packages/airflow/example_dags/plugins/listener_plugin.py for tasks to queue
[2025-11-27T11:36:16.418-0300] {logging_mixin.py:188} INFO - [2025-11-27T11:36:16.417-0300] {dagbag.py:545} INFO - Filling up the DagBag from /Users/davispecia/Documents/GitHub/Pf_pipeline_dados/Projeto_final_fase3/venv/lib/python3.9/site-packages/airflow/example_dags/plugins/listener_plugin.py
[2025-11-27T11:36:16.419-0300] {processor.py:842} WARNING - No viable dags retrieved from /Users/davispecia/Documents/GitHub/Pf_pipeline_dados/Projeto_final_fase3/venv/lib/python3.9/site-packages/airflow/example_dags/plugins/listener_plugin.py
[2025-11-27T11:36:16.462-0300] {processor.py:183} INFO - Processing /Users/davispecia/Documents/GitHub/Pf_pipeline_dados/Projeto_final_fase3/venv/lib/python3.9/site-packages/airflow/example_dags/plugins/listener_plugin.py took 0.048 seconds
[2025-11-27T11:37:19.014-0300] {processor.py:161} INFO - Started process (PID=94122) to work on /Users/davispecia/Documents/GitHub/Pf_pipeline_dados/Projeto_final_fase3/venv/lib/python3.9/site-packages/airflow/example_dags/plugins/listener_plugin.py
[2025-11-27T11:37:19.014-0300] {processor.py:830} INFO - Processing file /Users/davispecia/Documents/GitHub/Pf_pipeline_dados/Projeto_final_fase3/venv/lib/python3.9/site-packages/airflow/example_dags/plugins/listener_plugin.py for tasks to queue
[2025-11-27T11:37:19.015-0300] {logging_mixin.py:188} INFO - [2025-11-27T11:37:19.014-0300] {dagbag.py:545} INFO - Filling up the DagBag from /Users/davispecia/Documents/GitHub/Pf_pipeline_dados/Projeto_final_fase3/venv/lib/python3.9/site-packages/airflow/example_dags/plugins/listener_plugin.py
[2025-11-27T11:37:19.016-0300] {processor.py:842} WARNING - No viable dags retrieved from /Users/davispecia/Documents/GitHub/Pf_pipeline_dados/Projeto_final_fase3/venv/lib/python3.9/site-packages/airflow/example_dags/plugins/listener_plugin.py
[2025-11-27T11:37:19.059-0300] {processor.py:183} INFO - Processing /Users/davispecia/Documents/GitHub/Pf_pipeline_dados/Projeto_final_fase3/venv/lib/python3.9/site-packages/airflow/example_dags/plugins/listener_plugin.py took 0.047 seconds
[2025-11-27T11:38:22.699-0300] {processor.py:161} INFO - Started process (PID=94268) to work on /Users/davispecia/Documents/GitHub/Pf_pipeline_dados/Projeto_final_fase3/venv/lib/python3.9/site-packages/airflow/example_dags/plugins/listener_plugin.py
[2025-11-27T11:38:22.700-0300] {processor.py:830} INFO - Processing file /Users/davispecia/Documents/GitHub/Pf_pipeline_dados/Projeto_final_fase3/venv/lib/python3.9/site-packages/airflow/example_dags/plugins/listener_plugin.py for tasks to queue
[2025-11-27T11:38:22.701-0300] {logging_mixin.py:188} INFO - [2025-11-27T11:38:22.701-0300] {dagbag.py:545} INFO - Filling up the DagBag from /Users/davispecia/Documents/GitHub/Pf_pipeline_dados/Projeto_final_fase3/venv/lib/python3.9/site-packages/airflow/example_dags/plugins/listener_plugin.py
[2025-11-27T11:38:22.702-0300] {processor.py:842} WARNING - No viable dags retrieved from /Users/davispecia/Documents/GitHub/Pf_pipeline_dados/Projeto_final_fase3/venv/lib/python3.9/site-packages/airflow/example_dags/plugins/listener_plugin.py
[2025-11-27T11:38:22.744-0300] {processor.py:183} INFO - Processing /Users/davispecia/Documents/GitHub/Pf_pipeline_dados/Projeto_final_fase3/venv/lib/python3.9/site-packages/airflow/example_dags/plugins/listener_plugin.py took 0.047 seconds
[2025-11-27T11:39:26.100-0300] {processor.py:161} INFO - Started process (PID=94418) to work on /Users/davispecia/Documents/GitHub/Pf_pipeline_dados/Projeto_final_fase3/venv/lib/python3.9/site-packages/airflow/example_dags/plugins/listener_plugin.py
[2025-11-27T11:39:26.101-0300] {processor.py:830} INFO - Processing file /Users/davispecia/Documents/GitHub/Pf_pipeline_dados/Projeto_final_fase3/venv/lib/python3.9/site-packages/airflow/example_dags/plugins/listener_plugin.py for tasks to queue
[2025-11-27T11:39:26.101-0300] {logging_mixin.py:188} INFO - [2025-11-27T11:39:26.101-0300] {dagbag.py:545} INFO - Filling up the DagBag from /Users/davispecia/Documents/GitHub/Pf_pipeline_dados/Projeto_final_fase3/venv/lib/python3.9/site-packages/airflow/example_dags/plugins/listener_plugin.py
[2025-11-27T11:39:26.103-0300] {processor.py:842} WARNING - No viable dags retrieved from /Users/davispecia/Documents/GitHub/Pf_pipeline_dados/Projeto_final_fase3/venv/lib/python3.9/site-packages/airflow/example_dags/plugins/listener_plugin.py
[2025-11-27T11:39:26.145-0300] {processor.py:183} INFO - Processing /Users/davispecia/Documents/GitHub/Pf_pipeline_dados/Projeto_final_fase3/venv/lib/python3.9/site-packages/airflow/example_dags/plugins/listener_plugin.py took 0.046 seconds
[2025-11-27T11:40:28.603-0300] {processor.py:161} INFO - Started process (PID=94562) to work on /Users/davispecia/Documents/GitHub/Pf_pipeline_dados/Projeto_final_fase3/venv/lib/python3.9/site-packages/airflow/example_dags/plugins/listener_plugin.py
[2025-11-27T11:40:28.604-0300] {processor.py:830} INFO - Processing file /Users/davispecia/Documents/GitHub/Pf_pipeline_dados/Projeto_final_fase3/venv/lib/python3.9/site-packages/airflow/example_dags/plugins/listener_plugin.py for tasks to queue
[2025-11-27T11:40:28.604-0300] {logging_mixin.py:188} INFO - [2025-11-27T11:40:28.604-0300] {dagbag.py:545} INFO - Filling up the DagBag from /Users/davispecia/Documents/GitHub/Pf_pipeline_dados/Projeto_final_fase3/venv/lib/python3.9/site-packages/airflow/example_dags/plugins/listener_plugin.py
[2025-11-27T11:40:28.606-0300] {processor.py:842} WARNING - No viable dags retrieved from /Users/davispecia/Documents/GitHub/Pf_pipeline_dados/Projeto_final_fase3/venv/lib/python3.9/site-packages/airflow/example_dags/plugins/listener_plugin.py
[2025-11-27T11:40:28.648-0300] {processor.py:183} INFO - Processing /Users/davispecia/Documents/GitHub/Pf_pipeline_dados/Projeto_final_fase3/venv/lib/python3.9/site-packages/airflow/example_dags/plugins/listener_plugin.py took 0.048 seconds
[2025-11-27T11:41:40.835-0300] {processor.py:161} INFO - Started process (PID=94805) to work on /Users/davispecia/Documents/GitHub/Pf_pipeline_dados/Projeto_final_fase3/venv/lib/python3.9/site-packages/airflow/example_dags/plugins/listener_plugin.py
[2025-11-27T11:41:40.835-0300] {processor.py:830} INFO - Processing file /Users/davispecia/Documents/GitHub/Pf_pipeline_dados/Projeto_final_fase3/venv/lib/python3.9/site-packages/airflow/example_dags/plugins/listener_plugin.py for tasks to queue
[2025-11-27T11:41:40.836-0300] {logging_mixin.py:188} INFO - [2025-11-27T11:41:40.835-0300] {dagbag.py:545} INFO - Filling up the DagBag from /Users/davispecia/Documents/GitHub/Pf_pipeline_dados/Projeto_final_fase3/venv/lib/python3.9/site-packages/airflow/example_dags/plugins/listener_plugin.py
[2025-11-27T11:41:40.837-0300] {processor.py:842} WARNING - No viable dags retrieved from /Users/davispecia/Documents/GitHub/Pf_pipeline_dados/Projeto_final_fase3/venv/lib/python3.9/site-packages/airflow/example_dags/plugins/listener_plugin.py
[2025-11-27T11:41:40.879-0300] {processor.py:183} INFO - Processing /Users/davispecia/Documents/GitHub/Pf_pipeline_dados/Projeto_final_fase3/venv/lib/python3.9/site-packages/airflow/example_dags/plugins/listener_plugin.py took 0.047 seconds
[2025-11-27T11:42:43.876-0300] {processor.py:161} INFO - Started process (PID=94957) to work on /Users/davispecia/Documents/GitHub/Pf_pipeline_dados/Projeto_final_fase3/venv/lib/python3.9/site-packages/airflow/example_dags/plugins/listener_plugin.py
[2025-11-27T11:42:43.877-0300] {processor.py:830} INFO - Processing file /Users/davispecia/Documents/GitHub/Pf_pipeline_dados/Projeto_final_fase3/venv/lib/python3.9/site-packages/airflow/example_dags/plugins/listener_plugin.py for tasks to queue
[2025-11-27T11:42:43.877-0300] {logging_mixin.py:188} INFO - [2025-11-27T11:42:43.877-0300] {dagbag.py:545} INFO - Filling up the DagBag from /Users/davispecia/Documents/GitHub/Pf_pipeline_dados/Projeto_final_fase3/venv/lib/python3.9/site-packages/airflow/example_dags/plugins/listener_plugin.py
[2025-11-27T11:42:43.878-0300] {processor.py:842} WARNING - No viable dags retrieved from /Users/davispecia/Documents/GitHub/Pf_pipeline_dados/Projeto_final_fase3/venv/lib/python3.9/site-packages/airflow/example_dags/plugins/listener_plugin.py
[2025-11-27T11:42:43.921-0300] {processor.py:183} INFO - Processing /Users/davispecia/Documents/GitHub/Pf_pipeline_dados/Projeto_final_fase3/venv/lib/python3.9/site-packages/airflow/example_dags/plugins/listener_plugin.py took 0.047 seconds
[2025-11-27T11:43:47.942-0300] {processor.py:161} INFO - Started process (PID=95109) to work on /Users/davispecia/Documents/GitHub/Pf_pipeline_dados/Projeto_final_fase3/venv/lib/python3.9/site-packages/airflow/example_dags/plugins/listener_plugin.py
[2025-11-27T11:43:47.943-0300] {processor.py:830} INFO - Processing file /Users/davispecia/Documents/GitHub/Pf_pipeline_dados/Projeto_final_fase3/venv/lib/python3.9/site-packages/airflow/example_dags/plugins/listener_plugin.py for tasks to queue
[2025-11-27T11:43:47.943-0300] {logging_mixin.py:188} INFO - [2025-11-27T11:43:47.943-0300] {dagbag.py:545} INFO - Filling up the DagBag from /Users/davispecia/Documents/GitHub/Pf_pipeline_dados/Projeto_final_fase3/venv/lib/python3.9/site-packages/airflow/example_dags/plugins/listener_plugin.py
[2025-11-27T11:43:47.944-0300] {processor.py:842} WARNING - No viable dags retrieved from /Users/davispecia/Documents/GitHub/Pf_pipeline_dados/Projeto_final_fase3/venv/lib/python3.9/site-packages/airflow/example_dags/plugins/listener_plugin.py
[2025-11-27T11:43:47.987-0300] {processor.py:183} INFO - Processing /Users/davispecia/Documents/GitHub/Pf_pipeline_dados/Projeto_final_fase3/venv/lib/python3.9/site-packages/airflow/example_dags/plugins/listener_plugin.py took 0.048 seconds
[2025-11-27T11:44:51.245-0300] {processor.py:161} INFO - Started process (PID=95258) to work on /Users/davispecia/Documents/GitHub/Pf_pipeline_dados/Projeto_final_fase3/venv/lib/python3.9/site-packages/airflow/example_dags/plugins/listener_plugin.py
[2025-11-27T11:44:51.245-0300] {processor.py:830} INFO - Processing file /Users/davispecia/Documents/GitHub/Pf_pipeline_dados/Projeto_final_fase3/venv/lib/python3.9/site-packages/airflow/example_dags/plugins/listener_plugin.py for tasks to queue
[2025-11-27T11:44:51.246-0300] {logging_mixin.py:188} INFO - [2025-11-27T11:44:51.245-0300] {dagbag.py:545} INFO - Filling up the DagBag from /Users/davispecia/Documents/GitHub/Pf_pipeline_dados/Projeto_final_fase3/venv/lib/python3.9/site-packages/airflow/example_dags/plugins/listener_plugin.py
[2025-11-27T11:44:51.247-0300] {processor.py:842} WARNING - No viable dags retrieved from /Users/davispecia/Documents/GitHub/Pf_pipeline_dados/Projeto_final_fase3/venv/lib/python3.9/site-packages/airflow/example_dags/plugins/listener_plugin.py
[2025-11-27T11:44:51.291-0300] {processor.py:183} INFO - Processing /Users/davispecia/Documents/GitHub/Pf_pipeline_dados/Projeto_final_fase3/venv/lib/python3.9/site-packages/airflow/example_dags/plugins/listener_plugin.py took 0.049 seconds
[2025-11-27T11:45:52.766-0300] {processor.py:161} INFO - Started process (PID=95404) to work on /Users/davispecia/Documents/GitHub/Pf_pipeline_dados/Projeto_final_fase3/venv/lib/python3.9/site-packages/airflow/example_dags/plugins/listener_plugin.py
[2025-11-27T11:45:52.767-0300] {processor.py:830} INFO - Processing file /Users/davispecia/Documents/GitHub/Pf_pipeline_dados/Projeto_final_fase3/venv/lib/python3.9/site-packages/airflow/example_dags/plugins/listener_plugin.py for tasks to queue
[2025-11-27T11:45:52.767-0300] {logging_mixin.py:188} INFO - [2025-11-27T11:45:52.767-0300] {dagbag.py:545} INFO - Filling up the DagBag from /Users/davispecia/Documents/GitHub/Pf_pipeline_dados/Projeto_final_fase3/venv/lib/python3.9/site-packages/airflow/example_dags/plugins/listener_plugin.py
[2025-11-27T11:45:52.769-0300] {processor.py:842} WARNING - No viable dags retrieved from /Users/davispecia/Documents/GitHub/Pf_pipeline_dados/Projeto_final_fase3/venv/lib/python3.9/site-packages/airflow/example_dags/plugins/listener_plugin.py
[2025-11-27T11:45:52.827-0300] {processor.py:183} INFO - Processing /Users/davispecia/Documents/GitHub/Pf_pipeline_dados/Projeto_final_fase3/venv/lib/python3.9/site-packages/airflow/example_dags/plugins/listener_plugin.py took 0.063 seconds
[2025-11-27T11:47:03.774-0300] {processor.py:161} INFO - Started process (PID=95674) to work on /Users/davispecia/Documents/GitHub/Pf_pipeline_dados/Projeto_final_fase3/venv/lib/python3.9/site-packages/airflow/example_dags/plugins/listener_plugin.py
[2025-11-27T11:47:03.775-0300] {processor.py:830} INFO - Processing file /Users/davispecia/Documents/GitHub/Pf_pipeline_dados/Projeto_final_fase3/venv/lib/python3.9/site-packages/airflow/example_dags/plugins/listener_plugin.py for tasks to queue
[2025-11-27T11:47:03.775-0300] {logging_mixin.py:188} INFO - [2025-11-27T11:47:03.775-0300] {dagbag.py:545} INFO - Filling up the DagBag from /Users/davispecia/Documents/GitHub/Pf_pipeline_dados/Projeto_final_fase3/venv/lib/python3.9/site-packages/airflow/example_dags/plugins/listener_plugin.py
[2025-11-27T11:47:03.777-0300] {processor.py:842} WARNING - No viable dags retrieved from /Users/davispecia/Documents/GitHub/Pf_pipeline_dados/Projeto_final_fase3/venv/lib/python3.9/site-packages/airflow/example_dags/plugins/listener_plugin.py
[2025-11-27T11:47:03.824-0300] {processor.py:183} INFO - Processing /Users/davispecia/Documents/GitHub/Pf_pipeline_dados/Projeto_final_fase3/venv/lib/python3.9/site-packages/airflow/example_dags/plugins/listener_plugin.py took 0.053 seconds
[2025-11-27T11:48:06.881-0300] {processor.py:161} INFO - Started process (PID=95825) to work on /Users/davispecia/Documents/GitHub/Pf_pipeline_dados/Projeto_final_fase3/venv/lib/python3.9/site-packages/airflow/example_dags/plugins/listener_plugin.py
[2025-11-27T11:48:06.882-0300] {processor.py:830} INFO - Processing file /Users/davispecia/Documents/GitHub/Pf_pipeline_dados/Projeto_final_fase3/venv/lib/python3.9/site-packages/airflow/example_dags/plugins/listener_plugin.py for tasks to queue
[2025-11-27T11:48:06.882-0300] {logging_mixin.py:188} INFO - [2025-11-27T11:48:06.882-0300] {dagbag.py:545} INFO - Filling up the DagBag from /Users/davispecia/Documents/GitHub/Pf_pipeline_dados/Projeto_final_fase3/venv/lib/python3.9/site-packages/airflow/example_dags/plugins/listener_plugin.py
[2025-11-27T11:48:06.885-0300] {processor.py:842} WARNING - No viable dags retrieved from /Users/davispecia/Documents/GitHub/Pf_pipeline_dados/Projeto_final_fase3/venv/lib/python3.9/site-packages/airflow/example_dags/plugins/listener_plugin.py
[2025-11-27T11:48:06.928-0300] {processor.py:183} INFO - Processing /Users/davispecia/Documents/GitHub/Pf_pipeline_dados/Projeto_final_fase3/venv/lib/python3.9/site-packages/airflow/example_dags/plugins/listener_plugin.py took 0.049 seconds
[2025-11-27T11:49:10.915-0300] {processor.py:161} INFO - Started process (PID=95978) to work on /Users/davispecia/Documents/GitHub/Pf_pipeline_dados/Projeto_final_fase3/venv/lib/python3.9/site-packages/airflow/example_dags/plugins/listener_plugin.py
[2025-11-27T11:49:10.917-0300] {processor.py:830} INFO - Processing file /Users/davispecia/Documents/GitHub/Pf_pipeline_dados/Projeto_final_fase3/venv/lib/python3.9/site-packages/airflow/example_dags/plugins/listener_plugin.py for tasks to queue
[2025-11-27T11:49:10.917-0300] {logging_mixin.py:188} INFO - [2025-11-27T11:49:10.917-0300] {dagbag.py:545} INFO - Filling up the DagBag from /Users/davispecia/Documents/GitHub/Pf_pipeline_dados/Projeto_final_fase3/venv/lib/python3.9/site-packages/airflow/example_dags/plugins/listener_plugin.py
[2025-11-27T11:49:10.918-0300] {processor.py:842} WARNING - No viable dags retrieved from /Users/davispecia/Documents/GitHub/Pf_pipeline_dados/Projeto_final_fase3/venv/lib/python3.9/site-packages/airflow/example_dags/plugins/listener_plugin.py
[2025-11-27T11:49:10.960-0300] {processor.py:183} INFO - Processing /Users/davispecia/Documents/GitHub/Pf_pipeline_dados/Projeto_final_fase3/venv/lib/python3.9/site-packages/airflow/example_dags/plugins/listener_plugin.py took 0.047 seconds
[2025-11-27T11:50:15.873-0300] {processor.py:161} INFO - Started process (PID=96141) to work on /Users/davispecia/Documents/GitHub/Pf_pipeline_dados/Projeto_final_fase3/venv/lib/python3.9/site-packages/airflow/example_dags/plugins/listener_plugin.py
[2025-11-27T11:50:15.875-0300] {processor.py:830} INFO - Processing file /Users/davispecia/Documents/GitHub/Pf_pipeline_dados/Projeto_final_fase3/venv/lib/python3.9/site-packages/airflow/example_dags/plugins/listener_plugin.py for tasks to queue
[2025-11-27T11:50:15.875-0300] {logging_mixin.py:188} INFO - [2025-11-27T11:50:15.875-0300] {dagbag.py:545} INFO - Filling up the DagBag from /Users/davispecia/Documents/GitHub/Pf_pipeline_dados/Projeto_final_fase3/venv/lib/python3.9/site-packages/airflow/example_dags/plugins/listener_plugin.py
[2025-11-27T11:50:15.876-0300] {processor.py:842} WARNING - No viable dags retrieved from /Users/davispecia/Documents/GitHub/Pf_pipeline_dados/Projeto_final_fase3/venv/lib/python3.9/site-packages/airflow/example_dags/plugins/listener_plugin.py
[2025-11-27T11:50:15.919-0300] {processor.py:183} INFO - Processing /Users/davispecia/Documents/GitHub/Pf_pipeline_dados/Projeto_final_fase3/venv/lib/python3.9/site-packages/airflow/example_dags/plugins/listener_plugin.py took 0.047 seconds
[2025-11-27T11:51:19.788-0300] {processor.py:161} INFO - Started process (PID=96298) to work on /Users/davispecia/Documents/GitHub/Pf_pipeline_dados/Projeto_final_fase3/venv/lib/python3.9/site-packages/airflow/example_dags/plugins/listener_plugin.py
[2025-11-27T11:51:19.789-0300] {processor.py:830} INFO - Processing file /Users/davispecia/Documents/GitHub/Pf_pipeline_dados/Projeto_final_fase3/venv/lib/python3.9/site-packages/airflow/example_dags/plugins/listener_plugin.py for tasks to queue
[2025-11-27T11:51:19.790-0300] {logging_mixin.py:188} INFO - [2025-11-27T11:51:19.789-0300] {dagbag.py:545} INFO - Filling up the DagBag from /Users/davispecia/Documents/GitHub/Pf_pipeline_dados/Projeto_final_fase3/venv/lib/python3.9/site-packages/airflow/example_dags/plugins/listener_plugin.py
[2025-11-27T11:51:19.791-0300] {processor.py:842} WARNING - No viable dags retrieved from /Users/davispecia/Documents/GitHub/Pf_pipeline_dados/Projeto_final_fase3/venv/lib/python3.9/site-packages/airflow/example_dags/plugins/listener_plugin.py
[2025-11-27T11:51:19.833-0300] {processor.py:183} INFO - Processing /Users/davispecia/Documents/GitHub/Pf_pipeline_dados/Projeto_final_fase3/venv/lib/python3.9/site-packages/airflow/example_dags/plugins/listener_plugin.py took 0.047 seconds
[2025-11-27T11:52:20.457-0300] {processor.py:161} INFO - Started process (PID=96450) to work on /Users/davispecia/Documents/GitHub/Pf_pipeline_dados/Projeto_final_fase3/venv/lib/python3.9/site-packages/airflow/example_dags/plugins/listener_plugin.py
[2025-11-27T11:52:20.459-0300] {processor.py:830} INFO - Processing file /Users/davispecia/Documents/GitHub/Pf_pipeline_dados/Projeto_final_fase3/venv/lib/python3.9/site-packages/airflow/example_dags/plugins/listener_plugin.py for tasks to queue
[2025-11-27T11:52:20.459-0300] {logging_mixin.py:188} INFO - [2025-11-27T11:52:20.459-0300] {dagbag.py:545} INFO - Filling up the DagBag from /Users/davispecia/Documents/GitHub/Pf_pipeline_dados/Projeto_final_fase3/venv/lib/python3.9/site-packages/airflow/example_dags/plugins/listener_plugin.py
[2025-11-27T11:52:20.460-0300] {processor.py:842} WARNING - No viable dags retrieved from /Users/davispecia/Documents/GitHub/Pf_pipeline_dados/Projeto_final_fase3/venv/lib/python3.9/site-packages/airflow/example_dags/plugins/listener_plugin.py
[2025-11-27T11:52:20.502-0300] {processor.py:183} INFO - Processing /Users/davispecia/Documents/GitHub/Pf_pipeline_dados/Projeto_final_fase3/venv/lib/python3.9/site-packages/airflow/example_dags/plugins/listener_plugin.py took 0.047 seconds
[2025-11-27T11:53:31.821-0300] {processor.py:161} INFO - Started process (PID=96775) to work on /Users/davispecia/Documents/GitHub/Pf_pipeline_dados/Projeto_final_fase3/venv/lib/python3.9/site-packages/airflow/example_dags/plugins/listener_plugin.py
[2025-11-27T11:53:31.823-0300] {processor.py:830} INFO - Processing file /Users/davispecia/Documents/GitHub/Pf_pipeline_dados/Projeto_final_fase3/venv/lib/python3.9/site-packages/airflow/example_dags/plugins/listener_plugin.py for tasks to queue
[2025-11-27T11:53:31.823-0300] {logging_mixin.py:188} INFO - [2025-11-27T11:53:31.823-0300] {dagbag.py:545} INFO - Filling up the DagBag from /Users/davispecia/Documents/GitHub/Pf_pipeline_dados/Projeto_final_fase3/venv/lib/python3.9/site-packages/airflow/example_dags/plugins/listener_plugin.py
[2025-11-27T11:53:31.825-0300] {processor.py:842} WARNING - No viable dags retrieved from /Users/davispecia/Documents/GitHub/Pf_pipeline_dados/Projeto_final_fase3/venv/lib/python3.9/site-packages/airflow/example_dags/plugins/listener_plugin.py
[2025-11-27T11:53:31.867-0300] {processor.py:183} INFO - Processing /Users/davispecia/Documents/GitHub/Pf_pipeline_dados/Projeto_final_fase3/venv/lib/python3.9/site-packages/airflow/example_dags/plugins/listener_plugin.py took 0.048 seconds
[2025-11-27T11:54:33.289-0300] {processor.py:161} INFO - Started process (PID=96916) to work on /Users/davispecia/Documents/GitHub/Pf_pipeline_dados/Projeto_final_fase3/venv/lib/python3.9/site-packages/airflow/example_dags/plugins/listener_plugin.py
[2025-11-27T11:54:33.290-0300] {processor.py:830} INFO - Processing file /Users/davispecia/Documents/GitHub/Pf_pipeline_dados/Projeto_final_fase3/venv/lib/python3.9/site-packages/airflow/example_dags/plugins/listener_plugin.py for tasks to queue
[2025-11-27T11:54:33.291-0300] {logging_mixin.py:188} INFO - [2025-11-27T11:54:33.290-0300] {dagbag.py:545} INFO - Filling up the DagBag from /Users/davispecia/Documents/GitHub/Pf_pipeline_dados/Projeto_final_fase3/venv/lib/python3.9/site-packages/airflow/example_dags/plugins/listener_plugin.py
[2025-11-27T11:54:33.292-0300] {processor.py:842} WARNING - No viable dags retrieved from /Users/davispecia/Documents/GitHub/Pf_pipeline_dados/Projeto_final_fase3/venv/lib/python3.9/site-packages/airflow/example_dags/plugins/listener_plugin.py
[2025-11-27T11:54:33.334-0300] {processor.py:183} INFO - Processing /Users/davispecia/Documents/GitHub/Pf_pipeline_dados/Projeto_final_fase3/venv/lib/python3.9/site-packages/airflow/example_dags/plugins/listener_plugin.py took 0.047 seconds
[2025-11-27T11:55:31.435-0300] {processor.py:161} INFO - Started process (PID=97058) to work on /Users/davispecia/Documents/GitHub/Pf_pipeline_dados/Projeto_final_fase3/venv/lib/python3.9/site-packages/airflow/example_dags/plugins/listener_plugin.py
[2025-11-27T11:55:31.435-0300] {processor.py:830} INFO - Processing file /Users/davispecia/Documents/GitHub/Pf_pipeline_dados/Projeto_final_fase3/venv/lib/python3.9/site-packages/airflow/example_dags/plugins/listener_plugin.py for tasks to queue
[2025-11-27T11:55:31.436-0300] {logging_mixin.py:188} INFO - [2025-11-27T11:55:31.435-0300] {dagbag.py:545} INFO - Filling up the DagBag from /Users/davispecia/Documents/GitHub/Pf_pipeline_dados/Projeto_final_fase3/venv/lib/python3.9/site-packages/airflow/example_dags/plugins/listener_plugin.py
[2025-11-27T11:55:31.437-0300] {processor.py:842} WARNING - No viable dags retrieved from /Users/davispecia/Documents/GitHub/Pf_pipeline_dados/Projeto_final_fase3/venv/lib/python3.9/site-packages/airflow/example_dags/plugins/listener_plugin.py
[2025-11-27T11:55:31.480-0300] {processor.py:183} INFO - Processing /Users/davispecia/Documents/GitHub/Pf_pipeline_dados/Projeto_final_fase3/venv/lib/python3.9/site-packages/airflow/example_dags/plugins/listener_plugin.py took 0.048 seconds
[2025-11-27T11:56:33.108-0300] {processor.py:161} INFO - Started process (PID=97203) to work on /Users/davispecia/Documents/GitHub/Pf_pipeline_dados/Projeto_final_fase3/venv/lib/python3.9/site-packages/airflow/example_dags/plugins/listener_plugin.py
[2025-11-27T11:56:33.108-0300] {processor.py:830} INFO - Processing file /Users/davispecia/Documents/GitHub/Pf_pipeline_dados/Projeto_final_fase3/venv/lib/python3.9/site-packages/airflow/example_dags/plugins/listener_plugin.py for tasks to queue
[2025-11-27T11:56:33.109-0300] {logging_mixin.py:188} INFO - [2025-11-27T11:56:33.109-0300] {dagbag.py:545} INFO - Filling up the DagBag from /Users/davispecia/Documents/GitHub/Pf_pipeline_dados/Projeto_final_fase3/venv/lib/python3.9/site-packages/airflow/example_dags/plugins/listener_plugin.py
[2025-11-27T11:56:33.110-0300] {processor.py:842} WARNING - No viable dags retrieved from /Users/davispecia/Documents/GitHub/Pf_pipeline_dados/Projeto_final_fase3/venv/lib/python3.9/site-packages/airflow/example_dags/plugins/listener_plugin.py
[2025-11-27T11:56:33.152-0300] {processor.py:183} INFO - Processing /Users/davispecia/Documents/GitHub/Pf_pipeline_dados/Projeto_final_fase3/venv/lib/python3.9/site-packages/airflow/example_dags/plugins/listener_plugin.py took 0.047 seconds
[2025-11-27T11:57:37.363-0300] {processor.py:161} INFO - Started process (PID=97361) to work on /Users/davispecia/Documents/GitHub/Pf_pipeline_dados/Projeto_final_fase3/venv/lib/python3.9/site-packages/airflow/example_dags/plugins/listener_plugin.py
[2025-11-27T11:57:37.363-0300] {processor.py:830} INFO - Processing file /Users/davispecia/Documents/GitHub/Pf_pipeline_dados/Projeto_final_fase3/venv/lib/python3.9/site-packages/airflow/example_dags/plugins/listener_plugin.py for tasks to queue
[2025-11-27T11:57:37.364-0300] {logging_mixin.py:188} INFO - [2025-11-27T11:57:37.364-0300] {dagbag.py:545} INFO - Filling up the DagBag from /Users/davispecia/Documents/GitHub/Pf_pipeline_dados/Projeto_final_fase3/venv/lib/python3.9/site-packages/airflow/example_dags/plugins/listener_plugin.py
[2025-11-27T11:57:37.365-0300] {processor.py:842} WARNING - No viable dags retrieved from /Users/davispecia/Documents/GitHub/Pf_pipeline_dados/Projeto_final_fase3/venv/lib/python3.9/site-packages/airflow/example_dags/plugins/listener_plugin.py
[2025-11-27T11:57:37.407-0300] {processor.py:183} INFO - Processing /Users/davispecia/Documents/GitHub/Pf_pipeline_dados/Projeto_final_fase3/venv/lib/python3.9/site-packages/airflow/example_dags/plugins/listener_plugin.py took 0.046 seconds
[2025-11-27T11:58:49.957-0300] {processor.py:161} INFO - Started process (PID=97599) to work on /Users/davispecia/Documents/GitHub/Pf_pipeline_dados/Projeto_final_fase3/venv/lib/python3.9/site-packages/airflow/example_dags/plugins/listener_plugin.py
[2025-11-27T11:58:49.959-0300] {processor.py:830} INFO - Processing file /Users/davispecia/Documents/GitHub/Pf_pipeline_dados/Projeto_final_fase3/venv/lib/python3.9/site-packages/airflow/example_dags/plugins/listener_plugin.py for tasks to queue
[2025-11-27T11:58:49.959-0300] {logging_mixin.py:188} INFO - [2025-11-27T11:58:49.959-0300] {dagbag.py:545} INFO - Filling up the DagBag from /Users/davispecia/Documents/GitHub/Pf_pipeline_dados/Projeto_final_fase3/venv/lib/python3.9/site-packages/airflow/example_dags/plugins/listener_plugin.py
[2025-11-27T11:58:49.961-0300] {processor.py:842} WARNING - No viable dags retrieved from /Users/davispecia/Documents/GitHub/Pf_pipeline_dados/Projeto_final_fase3/venv/lib/python3.9/site-packages/airflow/example_dags/plugins/listener_plugin.py
[2025-11-27T11:58:50.004-0300] {processor.py:183} INFO - Processing /Users/davispecia/Documents/GitHub/Pf_pipeline_dados/Projeto_final_fase3/venv/lib/python3.9/site-packages/airflow/example_dags/plugins/listener_plugin.py took 0.049 seconds
[2025-11-27T11:59:55.503-0300] {processor.py:161} INFO - Started process (PID=97765) to work on /Users/davispecia/Documents/GitHub/Pf_pipeline_dados/Projeto_final_fase3/venv/lib/python3.9/site-packages/airflow/example_dags/plugins/listener_plugin.py
[2025-11-27T11:59:55.503-0300] {processor.py:830} INFO - Processing file /Users/davispecia/Documents/GitHub/Pf_pipeline_dados/Projeto_final_fase3/venv/lib/python3.9/site-packages/airflow/example_dags/plugins/listener_plugin.py for tasks to queue
[2025-11-27T11:59:55.504-0300] {logging_mixin.py:188} INFO - [2025-11-27T11:59:55.504-0300] {dagbag.py:545} INFO - Filling up the DagBag from /Users/davispecia/Documents/GitHub/Pf_pipeline_dados/Projeto_final_fase3/venv/lib/python3.9/site-packages/airflow/example_dags/plugins/listener_plugin.py
[2025-11-27T11:59:55.505-0300] {processor.py:842} WARNING - No viable dags retrieved from /Users/davispecia/Documents/GitHub/Pf_pipeline_dados/Projeto_final_fase3/venv/lib/python3.9/site-packages/airflow/example_dags/plugins/listener_plugin.py
[2025-11-27T11:59:55.547-0300] {processor.py:183} INFO - Processing /Users/davispecia/Documents/GitHub/Pf_pipeline_dados/Projeto_final_fase3/venv/lib/python3.9/site-packages/airflow/example_dags/plugins/listener_plugin.py took 0.046 seconds
[2025-11-27T12:01:00.891-0300] {processor.py:161} INFO - Started process (PID=97921) to work on /Users/davispecia/Documents/GitHub/Pf_pipeline_dados/Projeto_final_fase3/venv/lib/python3.9/site-packages/airflow/example_dags/plugins/listener_plugin.py
[2025-11-27T12:01:00.891-0300] {processor.py:830} INFO - Processing file /Users/davispecia/Documents/GitHub/Pf_pipeline_dados/Projeto_final_fase3/venv/lib/python3.9/site-packages/airflow/example_dags/plugins/listener_plugin.py for tasks to queue
[2025-11-27T12:01:00.892-0300] {logging_mixin.py:188} INFO - [2025-11-27T12:01:00.892-0300] {dagbag.py:545} INFO - Filling up the DagBag from /Users/davispecia/Documents/GitHub/Pf_pipeline_dados/Projeto_final_fase3/venv/lib/python3.9/site-packages/airflow/example_dags/plugins/listener_plugin.py
[2025-11-27T12:01:00.893-0300] {processor.py:842} WARNING - No viable dags retrieved from /Users/davispecia/Documents/GitHub/Pf_pipeline_dados/Projeto_final_fase3/venv/lib/python3.9/site-packages/airflow/example_dags/plugins/listener_plugin.py
[2025-11-27T12:01:00.936-0300] {processor.py:183} INFO - Processing /Users/davispecia/Documents/GitHub/Pf_pipeline_dados/Projeto_final_fase3/venv/lib/python3.9/site-packages/airflow/example_dags/plugins/listener_plugin.py took 0.048 seconds
[2025-11-27T12:02:04.379-0300] {processor.py:161} INFO - Started process (PID=98075) to work on /Users/davispecia/Documents/GitHub/Pf_pipeline_dados/Projeto_final_fase3/venv/lib/python3.9/site-packages/airflow/example_dags/plugins/listener_plugin.py
[2025-11-27T12:02:04.380-0300] {processor.py:830} INFO - Processing file /Users/davispecia/Documents/GitHub/Pf_pipeline_dados/Projeto_final_fase3/venv/lib/python3.9/site-packages/airflow/example_dags/plugins/listener_plugin.py for tasks to queue
[2025-11-27T12:02:04.380-0300] {logging_mixin.py:188} INFO - [2025-11-27T12:02:04.380-0300] {dagbag.py:545} INFO - Filling up the DagBag from /Users/davispecia/Documents/GitHub/Pf_pipeline_dados/Projeto_final_fase3/venv/lib/python3.9/site-packages/airflow/example_dags/plugins/listener_plugin.py
[2025-11-27T12:02:04.382-0300] {processor.py:842} WARNING - No viable dags retrieved from /Users/davispecia/Documents/GitHub/Pf_pipeline_dados/Projeto_final_fase3/venv/lib/python3.9/site-packages/airflow/example_dags/plugins/listener_plugin.py
[2025-11-27T12:02:04.425-0300] {processor.py:183} INFO - Processing /Users/davispecia/Documents/GitHub/Pf_pipeline_dados/Projeto_final_fase3/venv/lib/python3.9/site-packages/airflow/example_dags/plugins/listener_plugin.py took 0.048 seconds
[2025-11-27T12:03:06.458-0300] {processor.py:161} INFO - Started process (PID=98220) to work on /Users/davispecia/Documents/GitHub/Pf_pipeline_dados/Projeto_final_fase3/venv/lib/python3.9/site-packages/airflow/example_dags/plugins/listener_plugin.py
[2025-11-27T12:03:06.458-0300] {processor.py:830} INFO - Processing file /Users/davispecia/Documents/GitHub/Pf_pipeline_dados/Projeto_final_fase3/venv/lib/python3.9/site-packages/airflow/example_dags/plugins/listener_plugin.py for tasks to queue
[2025-11-27T12:03:06.459-0300] {logging_mixin.py:188} INFO - [2025-11-27T12:03:06.458-0300] {dagbag.py:545} INFO - Filling up the DagBag from /Users/davispecia/Documents/GitHub/Pf_pipeline_dados/Projeto_final_fase3/venv/lib/python3.9/site-packages/airflow/example_dags/plugins/listener_plugin.py
[2025-11-27T12:03:06.460-0300] {processor.py:842} WARNING - No viable dags retrieved from /Users/davispecia/Documents/GitHub/Pf_pipeline_dados/Projeto_final_fase3/venv/lib/python3.9/site-packages/airflow/example_dags/plugins/listener_plugin.py
[2025-11-27T12:03:06.502-0300] {processor.py:183} INFO - Processing /Users/davispecia/Documents/GitHub/Pf_pipeline_dados/Projeto_final_fase3/venv/lib/python3.9/site-packages/airflow/example_dags/plugins/listener_plugin.py took 0.047 seconds
[2025-11-27T12:04:13.270-0300] {processor.py:161} INFO - Started process (PID=98437) to work on /Users/davispecia/Documents/GitHub/Pf_pipeline_dados/Projeto_final_fase3/venv/lib/python3.9/site-packages/airflow/example_dags/plugins/listener_plugin.py
[2025-11-27T12:04:13.271-0300] {processor.py:830} INFO - Processing file /Users/davispecia/Documents/GitHub/Pf_pipeline_dados/Projeto_final_fase3/venv/lib/python3.9/site-packages/airflow/example_dags/plugins/listener_plugin.py for tasks to queue
[2025-11-27T12:04:13.272-0300] {logging_mixin.py:188} INFO - [2025-11-27T12:04:13.272-0300] {dagbag.py:545} INFO - Filling up the DagBag from /Users/davispecia/Documents/GitHub/Pf_pipeline_dados/Projeto_final_fase3/venv/lib/python3.9/site-packages/airflow/example_dags/plugins/listener_plugin.py
[2025-11-27T12:04:13.273-0300] {processor.py:842} WARNING - No viable dags retrieved from /Users/davispecia/Documents/GitHub/Pf_pipeline_dados/Projeto_final_fase3/venv/lib/python3.9/site-packages/airflow/example_dags/plugins/listener_plugin.py
[2025-11-27T12:04:13.317-0300] {processor.py:183} INFO - Processing /Users/davispecia/Documents/GitHub/Pf_pipeline_dados/Projeto_final_fase3/venv/lib/python3.9/site-packages/airflow/example_dags/plugins/listener_plugin.py took 0.049 seconds
[2025-11-27T12:05:20.908-0300] {processor.py:161} INFO - Started process (PID=98653) to work on /Users/davispecia/Documents/GitHub/Pf_pipeline_dados/Projeto_final_fase3/venv/lib/python3.9/site-packages/airflow/example_dags/plugins/listener_plugin.py
[2025-11-27T12:05:20.910-0300] {processor.py:830} INFO - Processing file /Users/davispecia/Documents/GitHub/Pf_pipeline_dados/Projeto_final_fase3/venv/lib/python3.9/site-packages/airflow/example_dags/plugins/listener_plugin.py for tasks to queue
[2025-11-27T12:05:20.910-0300] {logging_mixin.py:188} INFO - [2025-11-27T12:05:20.910-0300] {dagbag.py:545} INFO - Filling up the DagBag from /Users/davispecia/Documents/GitHub/Pf_pipeline_dados/Projeto_final_fase3/venv/lib/python3.9/site-packages/airflow/example_dags/plugins/listener_plugin.py
[2025-11-27T12:05:20.911-0300] {processor.py:842} WARNING - No viable dags retrieved from /Users/davispecia/Documents/GitHub/Pf_pipeline_dados/Projeto_final_fase3/venv/lib/python3.9/site-packages/airflow/example_dags/plugins/listener_plugin.py
[2025-11-27T12:05:20.954-0300] {processor.py:183} INFO - Processing /Users/davispecia/Documents/GitHub/Pf_pipeline_dados/Projeto_final_fase3/venv/lib/python3.9/site-packages/airflow/example_dags/plugins/listener_plugin.py took 0.048 seconds
[2025-11-27T12:06:26.646-0300] {processor.py:161} INFO - Started process (PID=98804) to work on /Users/davispecia/Documents/GitHub/Pf_pipeline_dados/Projeto_final_fase3/venv/lib/python3.9/site-packages/airflow/example_dags/plugins/listener_plugin.py
[2025-11-27T12:06:26.647-0300] {processor.py:830} INFO - Processing file /Users/davispecia/Documents/GitHub/Pf_pipeline_dados/Projeto_final_fase3/venv/lib/python3.9/site-packages/airflow/example_dags/plugins/listener_plugin.py for tasks to queue
[2025-11-27T12:06:26.647-0300] {logging_mixin.py:188} INFO - [2025-11-27T12:06:26.647-0300] {dagbag.py:545} INFO - Filling up the DagBag from /Users/davispecia/Documents/GitHub/Pf_pipeline_dados/Projeto_final_fase3/venv/lib/python3.9/site-packages/airflow/example_dags/plugins/listener_plugin.py
[2025-11-27T12:06:26.649-0300] {processor.py:842} WARNING - No viable dags retrieved from /Users/davispecia/Documents/GitHub/Pf_pipeline_dados/Projeto_final_fase3/venv/lib/python3.9/site-packages/airflow/example_dags/plugins/listener_plugin.py
[2025-11-27T12:06:26.692-0300] {processor.py:183} INFO - Processing /Users/davispecia/Documents/GitHub/Pf_pipeline_dados/Projeto_final_fase3/venv/lib/python3.9/site-packages/airflow/example_dags/plugins/listener_plugin.py took 0.048 seconds
[2025-11-27T12:07:31.711-0300] {processor.py:161} INFO - Started process (PID=98963) to work on /Users/davispecia/Documents/GitHub/Pf_pipeline_dados/Projeto_final_fase3/venv/lib/python3.9/site-packages/airflow/example_dags/plugins/listener_plugin.py
[2025-11-27T12:07:31.712-0300] {processor.py:830} INFO - Processing file /Users/davispecia/Documents/GitHub/Pf_pipeline_dados/Projeto_final_fase3/venv/lib/python3.9/site-packages/airflow/example_dags/plugins/listener_plugin.py for tasks to queue
[2025-11-27T12:07:31.713-0300] {logging_mixin.py:188} INFO - [2025-11-27T12:07:31.713-0300] {dagbag.py:545} INFO - Filling up the DagBag from /Users/davispecia/Documents/GitHub/Pf_pipeline_dados/Projeto_final_fase3/venv/lib/python3.9/site-packages/airflow/example_dags/plugins/listener_plugin.py
[2025-11-27T12:07:31.714-0300] {processor.py:842} WARNING - No viable dags retrieved from /Users/davispecia/Documents/GitHub/Pf_pipeline_dados/Projeto_final_fase3/venv/lib/python3.9/site-packages/airflow/example_dags/plugins/listener_plugin.py
[2025-11-27T12:07:31.758-0300] {processor.py:183} INFO - Processing /Users/davispecia/Documents/GitHub/Pf_pipeline_dados/Projeto_final_fase3/venv/lib/python3.9/site-packages/airflow/example_dags/plugins/listener_plugin.py took 0.049 seconds
[2025-11-27T12:08:35.548-0300] {processor.py:161} INFO - Started process (PID=99117) to work on /Users/davispecia/Documents/GitHub/Pf_pipeline_dados/Projeto_final_fase3/venv/lib/python3.9/site-packages/airflow/example_dags/plugins/listener_plugin.py
[2025-11-27T12:08:35.549-0300] {processor.py:830} INFO - Processing file /Users/davispecia/Documents/GitHub/Pf_pipeline_dados/Projeto_final_fase3/venv/lib/python3.9/site-packages/airflow/example_dags/plugins/listener_plugin.py for tasks to queue
[2025-11-27T12:08:35.550-0300] {logging_mixin.py:188} INFO - [2025-11-27T12:08:35.550-0300] {dagbag.py:545} INFO - Filling up the DagBag from /Users/davispecia/Documents/GitHub/Pf_pipeline_dados/Projeto_final_fase3/venv/lib/python3.9/site-packages/airflow/example_dags/plugins/listener_plugin.py
[2025-11-27T12:08:35.551-0300] {processor.py:842} WARNING - No viable dags retrieved from /Users/davispecia/Documents/GitHub/Pf_pipeline_dados/Projeto_final_fase3/venv/lib/python3.9/site-packages/airflow/example_dags/plugins/listener_plugin.py
[2025-11-27T12:08:35.594-0300] {processor.py:183} INFO - Processing /Users/davispecia/Documents/GitHub/Pf_pipeline_dados/Projeto_final_fase3/venv/lib/python3.9/site-packages/airflow/example_dags/plugins/listener_plugin.py took 0.047 seconds
[2025-11-27T12:09:39.023-0300] {processor.py:161} INFO - Started process (PID=99269) to work on /Users/davispecia/Documents/GitHub/Pf_pipeline_dados/Projeto_final_fase3/venv/lib/python3.9/site-packages/airflow/example_dags/plugins/listener_plugin.py
[2025-11-27T12:09:39.024-0300] {processor.py:830} INFO - Processing file /Users/davispecia/Documents/GitHub/Pf_pipeline_dados/Projeto_final_fase3/venv/lib/python3.9/site-packages/airflow/example_dags/plugins/listener_plugin.py for tasks to queue
[2025-11-27T12:09:39.024-0300] {logging_mixin.py:188} INFO - [2025-11-27T12:09:39.024-0300] {dagbag.py:545} INFO - Filling up the DagBag from /Users/davispecia/Documents/GitHub/Pf_pipeline_dados/Projeto_final_fase3/venv/lib/python3.9/site-packages/airflow/example_dags/plugins/listener_plugin.py
[2025-11-27T12:09:39.026-0300] {processor.py:842} WARNING - No viable dags retrieved from /Users/davispecia/Documents/GitHub/Pf_pipeline_dados/Projeto_final_fase3/venv/lib/python3.9/site-packages/airflow/example_dags/plugins/listener_plugin.py
[2025-11-27T12:09:39.068-0300] {processor.py:183} INFO - Processing /Users/davispecia/Documents/GitHub/Pf_pipeline_dados/Projeto_final_fase3/venv/lib/python3.9/site-packages/airflow/example_dags/plugins/listener_plugin.py took 0.047 seconds
[2025-11-27T12:10:50.460-0300] {processor.py:161} INFO - Started process (PID=99499) to work on /Users/davispecia/Documents/GitHub/Pf_pipeline_dados/Projeto_final_fase3/venv/lib/python3.9/site-packages/airflow/example_dags/plugins/listener_plugin.py
[2025-11-27T12:10:50.461-0300] {processor.py:830} INFO - Processing file /Users/davispecia/Documents/GitHub/Pf_pipeline_dados/Projeto_final_fase3/venv/lib/python3.9/site-packages/airflow/example_dags/plugins/listener_plugin.py for tasks to queue
[2025-11-27T12:10:50.461-0300] {logging_mixin.py:188} INFO - [2025-11-27T12:10:50.461-0300] {dagbag.py:545} INFO - Filling up the DagBag from /Users/davispecia/Documents/GitHub/Pf_pipeline_dados/Projeto_final_fase3/venv/lib/python3.9/site-packages/airflow/example_dags/plugins/listener_plugin.py
[2025-11-27T12:10:50.463-0300] {processor.py:842} WARNING - No viable dags retrieved from /Users/davispecia/Documents/GitHub/Pf_pipeline_dados/Projeto_final_fase3/venv/lib/python3.9/site-packages/airflow/example_dags/plugins/listener_plugin.py
[2025-11-27T12:10:50.506-0300] {processor.py:183} INFO - Processing /Users/davispecia/Documents/GitHub/Pf_pipeline_dados/Projeto_final_fase3/venv/lib/python3.9/site-packages/airflow/example_dags/plugins/listener_plugin.py took 0.048 seconds
[2025-11-27T12:11:53.787-0300] {processor.py:161} INFO - Started process (PID=99650) to work on /Users/davispecia/Documents/GitHub/Pf_pipeline_dados/Projeto_final_fase3/venv/lib/python3.9/site-packages/airflow/example_dags/plugins/listener_plugin.py
[2025-11-27T12:11:53.788-0300] {processor.py:830} INFO - Processing file /Users/davispecia/Documents/GitHub/Pf_pipeline_dados/Projeto_final_fase3/venv/lib/python3.9/site-packages/airflow/example_dags/plugins/listener_plugin.py for tasks to queue
[2025-11-27T12:11:53.788-0300] {logging_mixin.py:188} INFO - [2025-11-27T12:11:53.788-0300] {dagbag.py:545} INFO - Filling up the DagBag from /Users/davispecia/Documents/GitHub/Pf_pipeline_dados/Projeto_final_fase3/venv/lib/python3.9/site-packages/airflow/example_dags/plugins/listener_plugin.py
[2025-11-27T12:11:53.790-0300] {processor.py:842} WARNING - No viable dags retrieved from /Users/davispecia/Documents/GitHub/Pf_pipeline_dados/Projeto_final_fase3/venv/lib/python3.9/site-packages/airflow/example_dags/plugins/listener_plugin.py
[2025-11-27T12:11:53.834-0300] {processor.py:183} INFO - Processing /Users/davispecia/Documents/GitHub/Pf_pipeline_dados/Projeto_final_fase3/venv/lib/python3.9/site-packages/airflow/example_dags/plugins/listener_plugin.py took 0.049 seconds
[2025-11-27T12:12:57.212-0300] {processor.py:161} INFO - Started process (PID=99796) to work on /Users/davispecia/Documents/GitHub/Pf_pipeline_dados/Projeto_final_fase3/venv/lib/python3.9/site-packages/airflow/example_dags/plugins/listener_plugin.py
[2025-11-27T12:12:57.213-0300] {processor.py:830} INFO - Processing file /Users/davispecia/Documents/GitHub/Pf_pipeline_dados/Projeto_final_fase3/venv/lib/python3.9/site-packages/airflow/example_dags/plugins/listener_plugin.py for tasks to queue
[2025-11-27T12:12:57.213-0300] {logging_mixin.py:188} INFO - [2025-11-27T12:12:57.213-0300] {dagbag.py:545} INFO - Filling up the DagBag from /Users/davispecia/Documents/GitHub/Pf_pipeline_dados/Projeto_final_fase3/venv/lib/python3.9/site-packages/airflow/example_dags/plugins/listener_plugin.py
[2025-11-27T12:12:57.215-0300] {processor.py:842} WARNING - No viable dags retrieved from /Users/davispecia/Documents/GitHub/Pf_pipeline_dados/Projeto_final_fase3/venv/lib/python3.9/site-packages/airflow/example_dags/plugins/listener_plugin.py
[2025-11-27T12:12:57.257-0300] {processor.py:183} INFO - Processing /Users/davispecia/Documents/GitHub/Pf_pipeline_dados/Projeto_final_fase3/venv/lib/python3.9/site-packages/airflow/example_dags/plugins/listener_plugin.py took 0.047 seconds
[2025-11-27T12:14:00.613-0300] {processor.py:161} INFO - Started process (PID=99948) to work on /Users/davispecia/Documents/GitHub/Pf_pipeline_dados/Projeto_final_fase3/venv/lib/python3.9/site-packages/airflow/example_dags/plugins/listener_plugin.py
[2025-11-27T12:14:00.613-0300] {processor.py:830} INFO - Processing file /Users/davispecia/Documents/GitHub/Pf_pipeline_dados/Projeto_final_fase3/venv/lib/python3.9/site-packages/airflow/example_dags/plugins/listener_plugin.py for tasks to queue
[2025-11-27T12:14:00.613-0300] {logging_mixin.py:188} INFO - [2025-11-27T12:14:00.613-0300] {dagbag.py:545} INFO - Filling up the DagBag from /Users/davispecia/Documents/GitHub/Pf_pipeline_dados/Projeto_final_fase3/venv/lib/python3.9/site-packages/airflow/example_dags/plugins/listener_plugin.py
[2025-11-27T12:14:00.615-0300] {processor.py:842} WARNING - No viable dags retrieved from /Users/davispecia/Documents/GitHub/Pf_pipeline_dados/Projeto_final_fase3/venv/lib/python3.9/site-packages/airflow/example_dags/plugins/listener_plugin.py
[2025-11-27T12:14:00.679-0300] {processor.py:183} INFO - Processing /Users/davispecia/Documents/GitHub/Pf_pipeline_dados/Projeto_final_fase3/venv/lib/python3.9/site-packages/airflow/example_dags/plugins/listener_plugin.py took 0.069 seconds
[2025-11-27T12:15:01.608-0300] {processor.py:161} INFO - Started process (PID=245) to work on /Users/davispecia/Documents/GitHub/Pf_pipeline_dados/Projeto_final_fase3/venv/lib/python3.9/site-packages/airflow/example_dags/plugins/listener_plugin.py
[2025-11-27T12:15:01.609-0300] {processor.py:830} INFO - Processing file /Users/davispecia/Documents/GitHub/Pf_pipeline_dados/Projeto_final_fase3/venv/lib/python3.9/site-packages/airflow/example_dags/plugins/listener_plugin.py for tasks to queue
[2025-11-27T12:15:01.609-0300] {logging_mixin.py:188} INFO - [2025-11-27T12:15:01.609-0300] {dagbag.py:545} INFO - Filling up the DagBag from /Users/davispecia/Documents/GitHub/Pf_pipeline_dados/Projeto_final_fase3/venv/lib/python3.9/site-packages/airflow/example_dags/plugins/listener_plugin.py
[2025-11-27T12:15:01.610-0300] {processor.py:842} WARNING - No viable dags retrieved from /Users/davispecia/Documents/GitHub/Pf_pipeline_dados/Projeto_final_fase3/venv/lib/python3.9/site-packages/airflow/example_dags/plugins/listener_plugin.py
[2025-11-27T12:15:01.654-0300] {processor.py:183} INFO - Processing /Users/davispecia/Documents/GitHub/Pf_pipeline_dados/Projeto_final_fase3/venv/lib/python3.9/site-packages/airflow/example_dags/plugins/listener_plugin.py took 0.048 seconds
[2025-11-27T12:16:13.075-0300] {processor.py:161} INFO - Started process (PID=539) to work on /Users/davispecia/Documents/GitHub/Pf_pipeline_dados/Projeto_final_fase3/venv/lib/python3.9/site-packages/airflow/example_dags/plugins/listener_plugin.py
[2025-11-27T12:16:13.077-0300] {processor.py:830} INFO - Processing file /Users/davispecia/Documents/GitHub/Pf_pipeline_dados/Projeto_final_fase3/venv/lib/python3.9/site-packages/airflow/example_dags/plugins/listener_plugin.py for tasks to queue
[2025-11-27T12:16:13.077-0300] {logging_mixin.py:188} INFO - [2025-11-27T12:16:13.077-0300] {dagbag.py:545} INFO - Filling up the DagBag from /Users/davispecia/Documents/GitHub/Pf_pipeline_dados/Projeto_final_fase3/venv/lib/python3.9/site-packages/airflow/example_dags/plugins/listener_plugin.py
[2025-11-27T12:16:13.078-0300] {processor.py:842} WARNING - No viable dags retrieved from /Users/davispecia/Documents/GitHub/Pf_pipeline_dados/Projeto_final_fase3/venv/lib/python3.9/site-packages/airflow/example_dags/plugins/listener_plugin.py
[2025-11-27T12:16:13.121-0300] {processor.py:183} INFO - Processing /Users/davispecia/Documents/GitHub/Pf_pipeline_dados/Projeto_final_fase3/venv/lib/python3.9/site-packages/airflow/example_dags/plugins/listener_plugin.py took 0.047 seconds
[2025-11-27T12:17:12.350-0300] {processor.py:161} INFO - Started process (PID=710) to work on /Users/davispecia/Documents/GitHub/Pf_pipeline_dados/Projeto_final_fase3/venv/lib/python3.9/site-packages/airflow/example_dags/plugins/listener_plugin.py
[2025-11-27T12:17:12.352-0300] {processor.py:830} INFO - Processing file /Users/davispecia/Documents/GitHub/Pf_pipeline_dados/Projeto_final_fase3/venv/lib/python3.9/site-packages/airflow/example_dags/plugins/listener_plugin.py for tasks to queue
[2025-11-27T12:17:12.352-0300] {logging_mixin.py:188} INFO - [2025-11-27T12:17:12.352-0300] {dagbag.py:545} INFO - Filling up the DagBag from /Users/davispecia/Documents/GitHub/Pf_pipeline_dados/Projeto_final_fase3/venv/lib/python3.9/site-packages/airflow/example_dags/plugins/listener_plugin.py
[2025-11-27T12:17:12.353-0300] {processor.py:842} WARNING - No viable dags retrieved from /Users/davispecia/Documents/GitHub/Pf_pipeline_dados/Projeto_final_fase3/venv/lib/python3.9/site-packages/airflow/example_dags/plugins/listener_plugin.py
[2025-11-27T12:17:12.395-0300] {processor.py:183} INFO - Processing /Users/davispecia/Documents/GitHub/Pf_pipeline_dados/Projeto_final_fase3/venv/lib/python3.9/site-packages/airflow/example_dags/plugins/listener_plugin.py took 0.047 seconds
[2025-11-27T12:18:13.198-0300] {processor.py:161} INFO - Started process (PID=898) to work on /Users/davispecia/Documents/GitHub/Pf_pipeline_dados/Projeto_final_fase3/venv/lib/python3.9/site-packages/airflow/example_dags/plugins/listener_plugin.py
[2025-11-27T12:18:13.198-0300] {processor.py:830} INFO - Processing file /Users/davispecia/Documents/GitHub/Pf_pipeline_dados/Projeto_final_fase3/venv/lib/python3.9/site-packages/airflow/example_dags/plugins/listener_plugin.py for tasks to queue
[2025-11-27T12:18:13.199-0300] {logging_mixin.py:188} INFO - [2025-11-27T12:18:13.198-0300] {dagbag.py:545} INFO - Filling up the DagBag from /Users/davispecia/Documents/GitHub/Pf_pipeline_dados/Projeto_final_fase3/venv/lib/python3.9/site-packages/airflow/example_dags/plugins/listener_plugin.py
[2025-11-27T12:18:13.200-0300] {processor.py:842} WARNING - No viable dags retrieved from /Users/davispecia/Documents/GitHub/Pf_pipeline_dados/Projeto_final_fase3/venv/lib/python3.9/site-packages/airflow/example_dags/plugins/listener_plugin.py
[2025-11-27T12:18:13.242-0300] {processor.py:183} INFO - Processing /Users/davispecia/Documents/GitHub/Pf_pipeline_dados/Projeto_final_fase3/venv/lib/python3.9/site-packages/airflow/example_dags/plugins/listener_plugin.py took 0.047 seconds
[2025-11-27T12:19:13.473-0300] {processor.py:161} INFO - Started process (PID=1050) to work on /Users/davispecia/Documents/GitHub/Pf_pipeline_dados/Projeto_final_fase3/venv/lib/python3.9/site-packages/airflow/example_dags/plugins/listener_plugin.py
[2025-11-27T12:19:13.475-0300] {processor.py:830} INFO - Processing file /Users/davispecia/Documents/GitHub/Pf_pipeline_dados/Projeto_final_fase3/venv/lib/python3.9/site-packages/airflow/example_dags/plugins/listener_plugin.py for tasks to queue
[2025-11-27T12:19:13.475-0300] {logging_mixin.py:188} INFO - [2025-11-27T12:19:13.475-0300] {dagbag.py:545} INFO - Filling up the DagBag from /Users/davispecia/Documents/GitHub/Pf_pipeline_dados/Projeto_final_fase3/venv/lib/python3.9/site-packages/airflow/example_dags/plugins/listener_plugin.py
[2025-11-27T12:19:13.477-0300] {processor.py:842} WARNING - No viable dags retrieved from /Users/davispecia/Documents/GitHub/Pf_pipeline_dados/Projeto_final_fase3/venv/lib/python3.9/site-packages/airflow/example_dags/plugins/listener_plugin.py
[2025-11-27T12:19:13.520-0300] {processor.py:183} INFO - Processing /Users/davispecia/Documents/GitHub/Pf_pipeline_dados/Projeto_final_fase3/venv/lib/python3.9/site-packages/airflow/example_dags/plugins/listener_plugin.py took 0.049 seconds
[2025-11-27T12:20:15.165-0300] {processor.py:161} INFO - Started process (PID=1197) to work on /Users/davispecia/Documents/GitHub/Pf_pipeline_dados/Projeto_final_fase3/venv/lib/python3.9/site-packages/airflow/example_dags/plugins/listener_plugin.py
[2025-11-27T12:20:15.166-0300] {processor.py:830} INFO - Processing file /Users/davispecia/Documents/GitHub/Pf_pipeline_dados/Projeto_final_fase3/venv/lib/python3.9/site-packages/airflow/example_dags/plugins/listener_plugin.py for tasks to queue
[2025-11-27T12:20:15.166-0300] {logging_mixin.py:188} INFO - [2025-11-27T12:20:15.166-0300] {dagbag.py:545} INFO - Filling up the DagBag from /Users/davispecia/Documents/GitHub/Pf_pipeline_dados/Projeto_final_fase3/venv/lib/python3.9/site-packages/airflow/example_dags/plugins/listener_plugin.py
[2025-11-27T12:20:15.167-0300] {processor.py:842} WARNING - No viable dags retrieved from /Users/davispecia/Documents/GitHub/Pf_pipeline_dados/Projeto_final_fase3/venv/lib/python3.9/site-packages/airflow/example_dags/plugins/listener_plugin.py
[2025-11-27T12:20:15.210-0300] {processor.py:183} INFO - Processing /Users/davispecia/Documents/GitHub/Pf_pipeline_dados/Projeto_final_fase3/venv/lib/python3.9/site-packages/airflow/example_dags/plugins/listener_plugin.py took 0.047 seconds
[2025-11-27T12:21:26.053-0300] {processor.py:161} INFO - Started process (PID=1454) to work on /Users/davispecia/Documents/GitHub/Pf_pipeline_dados/Projeto_final_fase3/venv/lib/python3.9/site-packages/airflow/example_dags/plugins/listener_plugin.py
[2025-11-27T12:21:26.054-0300] {processor.py:830} INFO - Processing file /Users/davispecia/Documents/GitHub/Pf_pipeline_dados/Projeto_final_fase3/venv/lib/python3.9/site-packages/airflow/example_dags/plugins/listener_plugin.py for tasks to queue
[2025-11-27T12:21:26.055-0300] {logging_mixin.py:188} INFO - [2025-11-27T12:21:26.055-0300] {dagbag.py:545} INFO - Filling up the DagBag from /Users/davispecia/Documents/GitHub/Pf_pipeline_dados/Projeto_final_fase3/venv/lib/python3.9/site-packages/airflow/example_dags/plugins/listener_plugin.py
[2025-11-27T12:21:26.056-0300] {processor.py:842} WARNING - No viable dags retrieved from /Users/davispecia/Documents/GitHub/Pf_pipeline_dados/Projeto_final_fase3/venv/lib/python3.9/site-packages/airflow/example_dags/plugins/listener_plugin.py
[2025-11-27T12:21:26.098-0300] {processor.py:183} INFO - Processing /Users/davispecia/Documents/GitHub/Pf_pipeline_dados/Projeto_final_fase3/venv/lib/python3.9/site-packages/airflow/example_dags/plugins/listener_plugin.py took 0.048 seconds
[2025-11-27T12:22:28.349-0300] {processor.py:161} INFO - Started process (PID=1607) to work on /Users/davispecia/Documents/GitHub/Pf_pipeline_dados/Projeto_final_fase3/venv/lib/python3.9/site-packages/airflow/example_dags/plugins/listener_plugin.py
[2025-11-27T12:22:28.350-0300] {processor.py:830} INFO - Processing file /Users/davispecia/Documents/GitHub/Pf_pipeline_dados/Projeto_final_fase3/venv/lib/python3.9/site-packages/airflow/example_dags/plugins/listener_plugin.py for tasks to queue
[2025-11-27T12:22:28.350-0300] {logging_mixin.py:188} INFO - [2025-11-27T12:22:28.350-0300] {dagbag.py:545} INFO - Filling up the DagBag from /Users/davispecia/Documents/GitHub/Pf_pipeline_dados/Projeto_final_fase3/venv/lib/python3.9/site-packages/airflow/example_dags/plugins/listener_plugin.py
[2025-11-27T12:22:28.351-0300] {processor.py:842} WARNING - No viable dags retrieved from /Users/davispecia/Documents/GitHub/Pf_pipeline_dados/Projeto_final_fase3/venv/lib/python3.9/site-packages/airflow/example_dags/plugins/listener_plugin.py
[2025-11-27T12:22:28.393-0300] {processor.py:183} INFO - Processing /Users/davispecia/Documents/GitHub/Pf_pipeline_dados/Projeto_final_fase3/venv/lib/python3.9/site-packages/airflow/example_dags/plugins/listener_plugin.py took 0.046 seconds
[2025-11-27T12:23:29.577-0300] {processor.py:161} INFO - Started process (PID=1752) to work on /Users/davispecia/Documents/GitHub/Pf_pipeline_dados/Projeto_final_fase3/venv/lib/python3.9/site-packages/airflow/example_dags/plugins/listener_plugin.py
[2025-11-27T12:23:29.578-0300] {processor.py:830} INFO - Processing file /Users/davispecia/Documents/GitHub/Pf_pipeline_dados/Projeto_final_fase3/venv/lib/python3.9/site-packages/airflow/example_dags/plugins/listener_plugin.py for tasks to queue
[2025-11-27T12:23:29.578-0300] {logging_mixin.py:188} INFO - [2025-11-27T12:23:29.578-0300] {dagbag.py:545} INFO - Filling up the DagBag from /Users/davispecia/Documents/GitHub/Pf_pipeline_dados/Projeto_final_fase3/venv/lib/python3.9/site-packages/airflow/example_dags/plugins/listener_plugin.py
[2025-11-27T12:23:29.580-0300] {processor.py:842} WARNING - No viable dags retrieved from /Users/davispecia/Documents/GitHub/Pf_pipeline_dados/Projeto_final_fase3/venv/lib/python3.9/site-packages/airflow/example_dags/plugins/listener_plugin.py
[2025-11-27T12:23:29.622-0300] {processor.py:183} INFO - Processing /Users/davispecia/Documents/GitHub/Pf_pipeline_dados/Projeto_final_fase3/venv/lib/python3.9/site-packages/airflow/example_dags/plugins/listener_plugin.py took 0.048 seconds
[2025-11-27T12:24:30.128-0300] {processor.py:161} INFO - Started process (PID=1912) to work on /Users/davispecia/Documents/GitHub/Pf_pipeline_dados/Projeto_final_fase3/venv/lib/python3.9/site-packages/airflow/example_dags/plugins/listener_plugin.py
[2025-11-27T12:24:30.129-0300] {processor.py:830} INFO - Processing file /Users/davispecia/Documents/GitHub/Pf_pipeline_dados/Projeto_final_fase3/venv/lib/python3.9/site-packages/airflow/example_dags/plugins/listener_plugin.py for tasks to queue
[2025-11-27T12:24:30.129-0300] {logging_mixin.py:188} INFO - [2025-11-27T12:24:30.129-0300] {dagbag.py:545} INFO - Filling up the DagBag from /Users/davispecia/Documents/GitHub/Pf_pipeline_dados/Projeto_final_fase3/venv/lib/python3.9/site-packages/airflow/example_dags/plugins/listener_plugin.py
[2025-11-27T12:24:30.131-0300] {processor.py:842} WARNING - No viable dags retrieved from /Users/davispecia/Documents/GitHub/Pf_pipeline_dados/Projeto_final_fase3/venv/lib/python3.9/site-packages/airflow/example_dags/plugins/listener_plugin.py
[2025-11-27T12:24:30.174-0300] {processor.py:183} INFO - Processing /Users/davispecia/Documents/GitHub/Pf_pipeline_dados/Projeto_final_fase3/venv/lib/python3.9/site-packages/airflow/example_dags/plugins/listener_plugin.py took 0.047 seconds
[2025-11-27T12:25:32.135-0300] {processor.py:161} INFO - Started process (PID=2070) to work on /Users/davispecia/Documents/GitHub/Pf_pipeline_dados/Projeto_final_fase3/venv/lib/python3.9/site-packages/airflow/example_dags/plugins/listener_plugin.py
[2025-11-27T12:25:32.136-0300] {processor.py:830} INFO - Processing file /Users/davispecia/Documents/GitHub/Pf_pipeline_dados/Projeto_final_fase3/venv/lib/python3.9/site-packages/airflow/example_dags/plugins/listener_plugin.py for tasks to queue
[2025-11-27T12:25:32.136-0300] {logging_mixin.py:188} INFO - [2025-11-27T12:25:32.136-0300] {dagbag.py:545} INFO - Filling up the DagBag from /Users/davispecia/Documents/GitHub/Pf_pipeline_dados/Projeto_final_fase3/venv/lib/python3.9/site-packages/airflow/example_dags/plugins/listener_plugin.py
[2025-11-27T12:25:32.138-0300] {processor.py:842} WARNING - No viable dags retrieved from /Users/davispecia/Documents/GitHub/Pf_pipeline_dados/Projeto_final_fase3/venv/lib/python3.9/site-packages/airflow/example_dags/plugins/listener_plugin.py
[2025-11-27T12:25:32.181-0300] {processor.py:183} INFO - Processing /Users/davispecia/Documents/GitHub/Pf_pipeline_dados/Projeto_final_fase3/venv/lib/python3.9/site-packages/airflow/example_dags/plugins/listener_plugin.py took 0.048 seconds
[2025-11-27T12:26:43.035-0300] {processor.py:161} INFO - Started process (PID=2295) to work on /Users/davispecia/Documents/GitHub/Pf_pipeline_dados/Projeto_final_fase3/venv/lib/python3.9/site-packages/airflow/example_dags/plugins/listener_plugin.py
[2025-11-27T12:26:43.037-0300] {processor.py:830} INFO - Processing file /Users/davispecia/Documents/GitHub/Pf_pipeline_dados/Projeto_final_fase3/venv/lib/python3.9/site-packages/airflow/example_dags/plugins/listener_plugin.py for tasks to queue
[2025-11-27T12:26:43.037-0300] {logging_mixin.py:188} INFO - [2025-11-27T12:26:43.037-0300] {dagbag.py:545} INFO - Filling up the DagBag from /Users/davispecia/Documents/GitHub/Pf_pipeline_dados/Projeto_final_fase3/venv/lib/python3.9/site-packages/airflow/example_dags/plugins/listener_plugin.py
[2025-11-27T12:26:43.039-0300] {processor.py:842} WARNING - No viable dags retrieved from /Users/davispecia/Documents/GitHub/Pf_pipeline_dados/Projeto_final_fase3/venv/lib/python3.9/site-packages/airflow/example_dags/plugins/listener_plugin.py
[2025-11-27T12:26:43.083-0300] {processor.py:183} INFO - Processing /Users/davispecia/Documents/GitHub/Pf_pipeline_dados/Projeto_final_fase3/venv/lib/python3.9/site-packages/airflow/example_dags/plugins/listener_plugin.py took 0.050 seconds
[2025-11-27T12:27:48.150-0300] {processor.py:161} INFO - Started process (PID=2475) to work on /Users/davispecia/Documents/GitHub/Pf_pipeline_dados/Projeto_final_fase3/venv/lib/python3.9/site-packages/airflow/example_dags/plugins/listener_plugin.py
[2025-11-27T12:27:48.151-0300] {processor.py:830} INFO - Processing file /Users/davispecia/Documents/GitHub/Pf_pipeline_dados/Projeto_final_fase3/venv/lib/python3.9/site-packages/airflow/example_dags/plugins/listener_plugin.py for tasks to queue
[2025-11-27T12:27:48.151-0300] {logging_mixin.py:188} INFO - [2025-11-27T12:27:48.151-0300] {dagbag.py:545} INFO - Filling up the DagBag from /Users/davispecia/Documents/GitHub/Pf_pipeline_dados/Projeto_final_fase3/venv/lib/python3.9/site-packages/airflow/example_dags/plugins/listener_plugin.py
[2025-11-27T12:27:48.152-0300] {processor.py:842} WARNING - No viable dags retrieved from /Users/davispecia/Documents/GitHub/Pf_pipeline_dados/Projeto_final_fase3/venv/lib/python3.9/site-packages/airflow/example_dags/plugins/listener_plugin.py
[2025-11-27T12:27:48.195-0300] {processor.py:183} INFO - Processing /Users/davispecia/Documents/GitHub/Pf_pipeline_dados/Projeto_final_fase3/venv/lib/python3.9/site-packages/airflow/example_dags/plugins/listener_plugin.py took 0.047 seconds
[2025-11-27T13:07:06.430-0300] {processor.py:161} INFO - Started process (PID=2764) to work on /Users/davispecia/Documents/GitHub/Pf_pipeline_dados/Projeto_final_fase3/venv/lib/python3.9/site-packages/airflow/example_dags/plugins/listener_plugin.py
[2025-11-27T13:07:06.432-0300] {processor.py:830} INFO - Processing file /Users/davispecia/Documents/GitHub/Pf_pipeline_dados/Projeto_final_fase3/venv/lib/python3.9/site-packages/airflow/example_dags/plugins/listener_plugin.py for tasks to queue
[2025-11-27T13:07:06.432-0300] {logging_mixin.py:188} INFO - [2025-11-27T13:07:06.432-0300] {dagbag.py:545} INFO - Filling up the DagBag from /Users/davispecia/Documents/GitHub/Pf_pipeline_dados/Projeto_final_fase3/venv/lib/python3.9/site-packages/airflow/example_dags/plugins/listener_plugin.py
[2025-11-27T13:07:06.433-0300] {processor.py:842} WARNING - No viable dags retrieved from /Users/davispecia/Documents/GitHub/Pf_pipeline_dados/Projeto_final_fase3/venv/lib/python3.9/site-packages/airflow/example_dags/plugins/listener_plugin.py
[2025-11-27T13:07:06.479-0300] {processor.py:183} INFO - Processing /Users/davispecia/Documents/GitHub/Pf_pipeline_dados/Projeto_final_fase3/venv/lib/python3.9/site-packages/airflow/example_dags/plugins/listener_plugin.py took 0.052 seconds
[2025-11-27T14:07:49.861-0300] {processor.py:161} INFO - Started process (PID=3197) to work on /Users/davispecia/Documents/GitHub/Pf_pipeline_dados/Projeto_final_fase3/venv/lib/python3.9/site-packages/airflow/example_dags/plugins/listener_plugin.py
[2025-11-27T14:07:49.863-0300] {processor.py:830} INFO - Processing file /Users/davispecia/Documents/GitHub/Pf_pipeline_dados/Projeto_final_fase3/venv/lib/python3.9/site-packages/airflow/example_dags/plugins/listener_plugin.py for tasks to queue
[2025-11-27T14:07:49.863-0300] {logging_mixin.py:188} INFO - [2025-11-27T14:07:49.863-0300] {dagbag.py:545} INFO - Filling up the DagBag from /Users/davispecia/Documents/GitHub/Pf_pipeline_dados/Projeto_final_fase3/venv/lib/python3.9/site-packages/airflow/example_dags/plugins/listener_plugin.py
[2025-11-27T14:07:49.866-0300] {processor.py:842} WARNING - No viable dags retrieved from /Users/davispecia/Documents/GitHub/Pf_pipeline_dados/Projeto_final_fase3/venv/lib/python3.9/site-packages/airflow/example_dags/plugins/listener_plugin.py
[2025-11-27T14:07:49.915-0300] {processor.py:183} INFO - Processing /Users/davispecia/Documents/GitHub/Pf_pipeline_dados/Projeto_final_fase3/venv/lib/python3.9/site-packages/airflow/example_dags/plugins/listener_plugin.py took 0.057 seconds
[2025-11-27T14:09:25.559-0300] {processor.py:161} INFO - Started process (PID=3503) to work on /Users/davispecia/Documents/GitHub/Pf_pipeline_dados/Projeto_final_fase3/venv/lib/python3.9/site-packages/airflow/example_dags/plugins/listener_plugin.py
[2025-11-27T14:09:25.560-0300] {processor.py:830} INFO - Processing file /Users/davispecia/Documents/GitHub/Pf_pipeline_dados/Projeto_final_fase3/venv/lib/python3.9/site-packages/airflow/example_dags/plugins/listener_plugin.py for tasks to queue
[2025-11-27T14:09:25.560-0300] {logging_mixin.py:188} INFO - [2025-11-27T14:09:25.560-0300] {dagbag.py:545} INFO - Filling up the DagBag from /Users/davispecia/Documents/GitHub/Pf_pipeline_dados/Projeto_final_fase3/venv/lib/python3.9/site-packages/airflow/example_dags/plugins/listener_plugin.py
[2025-11-27T14:09:25.562-0300] {processor.py:842} WARNING - No viable dags retrieved from /Users/davispecia/Documents/GitHub/Pf_pipeline_dados/Projeto_final_fase3/venv/lib/python3.9/site-packages/airflow/example_dags/plugins/listener_plugin.py
[2025-11-27T14:09:25.604-0300] {processor.py:183} INFO - Processing /Users/davispecia/Documents/GitHub/Pf_pipeline_dados/Projeto_final_fase3/venv/lib/python3.9/site-packages/airflow/example_dags/plugins/listener_plugin.py took 0.048 seconds
[2025-11-27T14:10:28.079-0300] {processor.py:161} INFO - Started process (PID=3652) to work on /Users/davispecia/Documents/GitHub/Pf_pipeline_dados/Projeto_final_fase3/venv/lib/python3.9/site-packages/airflow/example_dags/plugins/listener_plugin.py
[2025-11-27T14:10:28.080-0300] {processor.py:830} INFO - Processing file /Users/davispecia/Documents/GitHub/Pf_pipeline_dados/Projeto_final_fase3/venv/lib/python3.9/site-packages/airflow/example_dags/plugins/listener_plugin.py for tasks to queue
[2025-11-27T14:10:28.080-0300] {logging_mixin.py:188} INFO - [2025-11-27T14:10:28.080-0300] {dagbag.py:545} INFO - Filling up the DagBag from /Users/davispecia/Documents/GitHub/Pf_pipeline_dados/Projeto_final_fase3/venv/lib/python3.9/site-packages/airflow/example_dags/plugins/listener_plugin.py
[2025-11-27T14:10:28.082-0300] {processor.py:842} WARNING - No viable dags retrieved from /Users/davispecia/Documents/GitHub/Pf_pipeline_dados/Projeto_final_fase3/venv/lib/python3.9/site-packages/airflow/example_dags/plugins/listener_plugin.py
[2025-11-27T14:10:28.124-0300] {processor.py:183} INFO - Processing /Users/davispecia/Documents/GitHub/Pf_pipeline_dados/Projeto_final_fase3/venv/lib/python3.9/site-packages/airflow/example_dags/plugins/listener_plugin.py took 0.047 seconds
[2025-11-27T14:11:29.447-0300] {processor.py:161} INFO - Started process (PID=3798) to work on /Users/davispecia/Documents/GitHub/Pf_pipeline_dados/Projeto_final_fase3/venv/lib/python3.9/site-packages/airflow/example_dags/plugins/listener_plugin.py
[2025-11-27T14:11:29.447-0300] {processor.py:830} INFO - Processing file /Users/davispecia/Documents/GitHub/Pf_pipeline_dados/Projeto_final_fase3/venv/lib/python3.9/site-packages/airflow/example_dags/plugins/listener_plugin.py for tasks to queue
[2025-11-27T14:11:29.448-0300] {logging_mixin.py:188} INFO - [2025-11-27T14:11:29.448-0300] {dagbag.py:545} INFO - Filling up the DagBag from /Users/davispecia/Documents/GitHub/Pf_pipeline_dados/Projeto_final_fase3/venv/lib/python3.9/site-packages/airflow/example_dags/plugins/listener_plugin.py
[2025-11-27T14:11:29.449-0300] {processor.py:842} WARNING - No viable dags retrieved from /Users/davispecia/Documents/GitHub/Pf_pipeline_dados/Projeto_final_fase3/venv/lib/python3.9/site-packages/airflow/example_dags/plugins/listener_plugin.py
[2025-11-27T14:11:29.491-0300] {processor.py:183} INFO - Processing /Users/davispecia/Documents/GitHub/Pf_pipeline_dados/Projeto_final_fase3/venv/lib/python3.9/site-packages/airflow/example_dags/plugins/listener_plugin.py took 0.047 seconds
[2025-11-27T14:12:29.719-0300] {processor.py:161} INFO - Started process (PID=3936) to work on /Users/davispecia/Documents/GitHub/Pf_pipeline_dados/Projeto_final_fase3/venv/lib/python3.9/site-packages/airflow/example_dags/plugins/listener_plugin.py
[2025-11-27T14:12:29.720-0300] {processor.py:830} INFO - Processing file /Users/davispecia/Documents/GitHub/Pf_pipeline_dados/Projeto_final_fase3/venv/lib/python3.9/site-packages/airflow/example_dags/plugins/listener_plugin.py for tasks to queue
[2025-11-27T14:12:29.720-0300] {logging_mixin.py:188} INFO - [2025-11-27T14:12:29.720-0300] {dagbag.py:545} INFO - Filling up the DagBag from /Users/davispecia/Documents/GitHub/Pf_pipeline_dados/Projeto_final_fase3/venv/lib/python3.9/site-packages/airflow/example_dags/plugins/listener_plugin.py
[2025-11-27T14:12:29.722-0300] {processor.py:842} WARNING - No viable dags retrieved from /Users/davispecia/Documents/GitHub/Pf_pipeline_dados/Projeto_final_fase3/venv/lib/python3.9/site-packages/airflow/example_dags/plugins/listener_plugin.py
[2025-11-27T14:12:29.766-0300] {processor.py:183} INFO - Processing /Users/davispecia/Documents/GitHub/Pf_pipeline_dados/Projeto_final_fase3/venv/lib/python3.9/site-packages/airflow/example_dags/plugins/listener_plugin.py took 0.050 seconds
[2025-11-27T14:13:33.377-0300] {processor.py:161} INFO - Started process (PID=4115) to work on /Users/davispecia/Documents/GitHub/Pf_pipeline_dados/Projeto_final_fase3/venv/lib/python3.9/site-packages/airflow/example_dags/plugins/listener_plugin.py
[2025-11-27T14:13:33.378-0300] {processor.py:830} INFO - Processing file /Users/davispecia/Documents/GitHub/Pf_pipeline_dados/Projeto_final_fase3/venv/lib/python3.9/site-packages/airflow/example_dags/plugins/listener_plugin.py for tasks to queue
[2025-11-27T14:13:33.378-0300] {logging_mixin.py:188} INFO - [2025-11-27T14:13:33.378-0300] {dagbag.py:545} INFO - Filling up the DagBag from /Users/davispecia/Documents/GitHub/Pf_pipeline_dados/Projeto_final_fase3/venv/lib/python3.9/site-packages/airflow/example_dags/plugins/listener_plugin.py
[2025-11-27T14:13:33.379-0300] {processor.py:842} WARNING - No viable dags retrieved from /Users/davispecia/Documents/GitHub/Pf_pipeline_dados/Projeto_final_fase3/venv/lib/python3.9/site-packages/airflow/example_dags/plugins/listener_plugin.py
[2025-11-27T14:13:33.423-0300] {processor.py:183} INFO - Processing /Users/davispecia/Documents/GitHub/Pf_pipeline_dados/Projeto_final_fase3/venv/lib/python3.9/site-packages/airflow/example_dags/plugins/listener_plugin.py took 0.049 seconds
[2025-11-27T14:14:51.646-0300] {processor.py:161} INFO - Started process (PID=4375) to work on /Users/davispecia/Documents/GitHub/Pf_pipeline_dados/Projeto_final_fase3/venv/lib/python3.9/site-packages/airflow/example_dags/plugins/listener_plugin.py
[2025-11-27T14:14:51.648-0300] {processor.py:830} INFO - Processing file /Users/davispecia/Documents/GitHub/Pf_pipeline_dados/Projeto_final_fase3/venv/lib/python3.9/site-packages/airflow/example_dags/plugins/listener_plugin.py for tasks to queue
[2025-11-27T14:14:51.648-0300] {logging_mixin.py:188} INFO - [2025-11-27T14:14:51.648-0300] {dagbag.py:545} INFO - Filling up the DagBag from /Users/davispecia/Documents/GitHub/Pf_pipeline_dados/Projeto_final_fase3/venv/lib/python3.9/site-packages/airflow/example_dags/plugins/listener_plugin.py
[2025-11-27T14:14:51.650-0300] {processor.py:842} WARNING - No viable dags retrieved from /Users/davispecia/Documents/GitHub/Pf_pipeline_dados/Projeto_final_fase3/venv/lib/python3.9/site-packages/airflow/example_dags/plugins/listener_plugin.py
[2025-11-27T14:14:51.697-0300] {processor.py:183} INFO - Processing /Users/davispecia/Documents/GitHub/Pf_pipeline_dados/Projeto_final_fase3/venv/lib/python3.9/site-packages/airflow/example_dags/plugins/listener_plugin.py took 0.054 seconds
[2025-11-27T14:15:59.100-0300] {processor.py:161} INFO - Started process (PID=4537) to work on /Users/davispecia/Documents/GitHub/Pf_pipeline_dados/Projeto_final_fase3/venv/lib/python3.9/site-packages/airflow/example_dags/plugins/listener_plugin.py
[2025-11-27T14:15:59.101-0300] {processor.py:830} INFO - Processing file /Users/davispecia/Documents/GitHub/Pf_pipeline_dados/Projeto_final_fase3/venv/lib/python3.9/site-packages/airflow/example_dags/plugins/listener_plugin.py for tasks to queue
[2025-11-27T14:15:59.101-0300] {logging_mixin.py:188} INFO - [2025-11-27T14:15:59.101-0300] {dagbag.py:545} INFO - Filling up the DagBag from /Users/davispecia/Documents/GitHub/Pf_pipeline_dados/Projeto_final_fase3/venv/lib/python3.9/site-packages/airflow/example_dags/plugins/listener_plugin.py
[2025-11-27T14:15:59.103-0300] {processor.py:842} WARNING - No viable dags retrieved from /Users/davispecia/Documents/GitHub/Pf_pipeline_dados/Projeto_final_fase3/venv/lib/python3.9/site-packages/airflow/example_dags/plugins/listener_plugin.py
[2025-11-27T14:15:59.145-0300] {processor.py:183} INFO - Processing /Users/davispecia/Documents/GitHub/Pf_pipeline_dados/Projeto_final_fase3/venv/lib/python3.9/site-packages/airflow/example_dags/plugins/listener_plugin.py took 0.047 seconds
[2025-11-27T14:17:04.377-0300] {processor.py:161} INFO - Started process (PID=4696) to work on /Users/davispecia/Documents/GitHub/Pf_pipeline_dados/Projeto_final_fase3/venv/lib/python3.9/site-packages/airflow/example_dags/plugins/listener_plugin.py
[2025-11-27T14:17:04.378-0300] {processor.py:830} INFO - Processing file /Users/davispecia/Documents/GitHub/Pf_pipeline_dados/Projeto_final_fase3/venv/lib/python3.9/site-packages/airflow/example_dags/plugins/listener_plugin.py for tasks to queue
[2025-11-27T14:17:04.378-0300] {logging_mixin.py:188} INFO - [2025-11-27T14:17:04.378-0300] {dagbag.py:545} INFO - Filling up the DagBag from /Users/davispecia/Documents/GitHub/Pf_pipeline_dados/Projeto_final_fase3/venv/lib/python3.9/site-packages/airflow/example_dags/plugins/listener_plugin.py
[2025-11-27T14:17:04.380-0300] {processor.py:842} WARNING - No viable dags retrieved from /Users/davispecia/Documents/GitHub/Pf_pipeline_dados/Projeto_final_fase3/venv/lib/python3.9/site-packages/airflow/example_dags/plugins/listener_plugin.py
[2025-11-27T14:17:04.422-0300] {processor.py:183} INFO - Processing /Users/davispecia/Documents/GitHub/Pf_pipeline_dados/Projeto_final_fase3/venv/lib/python3.9/site-packages/airflow/example_dags/plugins/listener_plugin.py took 0.047 seconds
[2025-11-27T14:18:13.957-0300] {processor.py:161} INFO - Started process (PID=4862) to work on /Users/davispecia/Documents/GitHub/Pf_pipeline_dados/Projeto_final_fase3/venv/lib/python3.9/site-packages/airflow/example_dags/plugins/listener_plugin.py
[2025-11-27T14:18:13.958-0300] {processor.py:830} INFO - Processing file /Users/davispecia/Documents/GitHub/Pf_pipeline_dados/Projeto_final_fase3/venv/lib/python3.9/site-packages/airflow/example_dags/plugins/listener_plugin.py for tasks to queue
[2025-11-27T14:18:13.959-0300] {logging_mixin.py:188} INFO - [2025-11-27T14:18:13.959-0300] {dagbag.py:545} INFO - Filling up the DagBag from /Users/davispecia/Documents/GitHub/Pf_pipeline_dados/Projeto_final_fase3/venv/lib/python3.9/site-packages/airflow/example_dags/plugins/listener_plugin.py
[2025-11-27T14:18:13.963-0300] {processor.py:842} WARNING - No viable dags retrieved from /Users/davispecia/Documents/GitHub/Pf_pipeline_dados/Projeto_final_fase3/venv/lib/python3.9/site-packages/airflow/example_dags/plugins/listener_plugin.py
[2025-11-27T14:18:14.133-0300] {processor.py:183} INFO - Processing /Users/davispecia/Documents/GitHub/Pf_pipeline_dados/Projeto_final_fase3/venv/lib/python3.9/site-packages/airflow/example_dags/plugins/listener_plugin.py took 0.182 seconds
[2025-11-27T14:19:23.414-0300] {processor.py:161} INFO - Started process (PID=5022) to work on /Users/davispecia/Documents/GitHub/Pf_pipeline_dados/Projeto_final_fase3/venv/lib/python3.9/site-packages/airflow/example_dags/plugins/listener_plugin.py
[2025-11-27T14:19:23.415-0300] {processor.py:830} INFO - Processing file /Users/davispecia/Documents/GitHub/Pf_pipeline_dados/Projeto_final_fase3/venv/lib/python3.9/site-packages/airflow/example_dags/plugins/listener_plugin.py for tasks to queue
[2025-11-27T14:19:23.415-0300] {logging_mixin.py:188} INFO - [2025-11-27T14:19:23.415-0300] {dagbag.py:545} INFO - Filling up the DagBag from /Users/davispecia/Documents/GitHub/Pf_pipeline_dados/Projeto_final_fase3/venv/lib/python3.9/site-packages/airflow/example_dags/plugins/listener_plugin.py
[2025-11-27T14:19:23.417-0300] {processor.py:842} WARNING - No viable dags retrieved from /Users/davispecia/Documents/GitHub/Pf_pipeline_dados/Projeto_final_fase3/venv/lib/python3.9/site-packages/airflow/example_dags/plugins/listener_plugin.py
[2025-11-27T14:19:23.459-0300] {processor.py:183} INFO - Processing /Users/davispecia/Documents/GitHub/Pf_pipeline_dados/Projeto_final_fase3/venv/lib/python3.9/site-packages/airflow/example_dags/plugins/listener_plugin.py took 0.048 seconds
[2025-11-27T14:20:39.497-0300] {processor.py:161} INFO - Started process (PID=5260) to work on /Users/davispecia/Documents/GitHub/Pf_pipeline_dados/Projeto_final_fase3/venv/lib/python3.9/site-packages/airflow/example_dags/plugins/listener_plugin.py
[2025-11-27T14:20:39.499-0300] {processor.py:830} INFO - Processing file /Users/davispecia/Documents/GitHub/Pf_pipeline_dados/Projeto_final_fase3/venv/lib/python3.9/site-packages/airflow/example_dags/plugins/listener_plugin.py for tasks to queue
[2025-11-27T14:20:39.499-0300] {logging_mixin.py:188} INFO - [2025-11-27T14:20:39.499-0300] {dagbag.py:545} INFO - Filling up the DagBag from /Users/davispecia/Documents/GitHub/Pf_pipeline_dados/Projeto_final_fase3/venv/lib/python3.9/site-packages/airflow/example_dags/plugins/listener_plugin.py
[2025-11-27T14:20:39.502-0300] {processor.py:842} WARNING - No viable dags retrieved from /Users/davispecia/Documents/GitHub/Pf_pipeline_dados/Projeto_final_fase3/venv/lib/python3.9/site-packages/airflow/example_dags/plugins/listener_plugin.py
[2025-11-27T14:20:39.548-0300] {processor.py:183} INFO - Processing /Users/davispecia/Documents/GitHub/Pf_pipeline_dados/Projeto_final_fase3/venv/lib/python3.9/site-packages/airflow/example_dags/plugins/listener_plugin.py took 0.054 seconds
[2025-11-27T14:21:44.253-0300] {processor.py:161} INFO - Started process (PID=5417) to work on /Users/davispecia/Documents/GitHub/Pf_pipeline_dados/Projeto_final_fase3/venv/lib/python3.9/site-packages/airflow/example_dags/plugins/listener_plugin.py
[2025-11-27T14:21:44.254-0300] {processor.py:830} INFO - Processing file /Users/davispecia/Documents/GitHub/Pf_pipeline_dados/Projeto_final_fase3/venv/lib/python3.9/site-packages/airflow/example_dags/plugins/listener_plugin.py for tasks to queue
[2025-11-27T14:21:44.254-0300] {logging_mixin.py:188} INFO - [2025-11-27T14:21:44.254-0300] {dagbag.py:545} INFO - Filling up the DagBag from /Users/davispecia/Documents/GitHub/Pf_pipeline_dados/Projeto_final_fase3/venv/lib/python3.9/site-packages/airflow/example_dags/plugins/listener_plugin.py
[2025-11-27T14:21:44.256-0300] {processor.py:842} WARNING - No viable dags retrieved from /Users/davispecia/Documents/GitHub/Pf_pipeline_dados/Projeto_final_fase3/venv/lib/python3.9/site-packages/airflow/example_dags/plugins/listener_plugin.py
[2025-11-27T14:21:44.299-0300] {processor.py:183} INFO - Processing /Users/davispecia/Documents/GitHub/Pf_pipeline_dados/Projeto_final_fase3/venv/lib/python3.9/site-packages/airflow/example_dags/plugins/listener_plugin.py took 0.048 seconds
[2025-11-27T14:22:49.653-0300] {processor.py:161} INFO - Started process (PID=5569) to work on /Users/davispecia/Documents/GitHub/Pf_pipeline_dados/Projeto_final_fase3/venv/lib/python3.9/site-packages/airflow/example_dags/plugins/listener_plugin.py
[2025-11-27T14:22:49.654-0300] {processor.py:830} INFO - Processing file /Users/davispecia/Documents/GitHub/Pf_pipeline_dados/Projeto_final_fase3/venv/lib/python3.9/site-packages/airflow/example_dags/plugins/listener_plugin.py for tasks to queue
[2025-11-27T14:22:49.654-0300] {logging_mixin.py:188} INFO - [2025-11-27T14:22:49.654-0300] {dagbag.py:545} INFO - Filling up the DagBag from /Users/davispecia/Documents/GitHub/Pf_pipeline_dados/Projeto_final_fase3/venv/lib/python3.9/site-packages/airflow/example_dags/plugins/listener_plugin.py
[2025-11-27T14:22:49.656-0300] {processor.py:842} WARNING - No viable dags retrieved from /Users/davispecia/Documents/GitHub/Pf_pipeline_dados/Projeto_final_fase3/venv/lib/python3.9/site-packages/airflow/example_dags/plugins/listener_plugin.py
[2025-11-27T14:22:49.700-0300] {processor.py:183} INFO - Processing /Users/davispecia/Documents/GitHub/Pf_pipeline_dados/Projeto_final_fase3/venv/lib/python3.9/site-packages/airflow/example_dags/plugins/listener_plugin.py took 0.049 seconds
[2025-11-27T14:23:56.924-0300] {processor.py:161} INFO - Started process (PID=5729) to work on /Users/davispecia/Documents/GitHub/Pf_pipeline_dados/Projeto_final_fase3/venv/lib/python3.9/site-packages/airflow/example_dags/plugins/listener_plugin.py
[2025-11-27T14:23:56.924-0300] {processor.py:830} INFO - Processing file /Users/davispecia/Documents/GitHub/Pf_pipeline_dados/Projeto_final_fase3/venv/lib/python3.9/site-packages/airflow/example_dags/plugins/listener_plugin.py for tasks to queue
[2025-11-27T14:23:56.925-0300] {logging_mixin.py:188} INFO - [2025-11-27T14:23:56.925-0300] {dagbag.py:545} INFO - Filling up the DagBag from /Users/davispecia/Documents/GitHub/Pf_pipeline_dados/Projeto_final_fase3/venv/lib/python3.9/site-packages/airflow/example_dags/plugins/listener_plugin.py
[2025-11-27T14:23:56.926-0300] {processor.py:842} WARNING - No viable dags retrieved from /Users/davispecia/Documents/GitHub/Pf_pipeline_dados/Projeto_final_fase3/venv/lib/python3.9/site-packages/airflow/example_dags/plugins/listener_plugin.py
[2025-11-27T14:23:56.972-0300] {processor.py:183} INFO - Processing /Users/davispecia/Documents/GitHub/Pf_pipeline_dados/Projeto_final_fase3/venv/lib/python3.9/site-packages/airflow/example_dags/plugins/listener_plugin.py took 0.051 seconds
[2025-11-27T14:25:06.902-0300] {processor.py:161} INFO - Started process (PID=5884) to work on /Users/davispecia/Documents/GitHub/Pf_pipeline_dados/Projeto_final_fase3/venv/lib/python3.9/site-packages/airflow/example_dags/plugins/listener_plugin.py
[2025-11-27T14:25:06.902-0300] {processor.py:830} INFO - Processing file /Users/davispecia/Documents/GitHub/Pf_pipeline_dados/Projeto_final_fase3/venv/lib/python3.9/site-packages/airflow/example_dags/plugins/listener_plugin.py for tasks to queue
[2025-11-27T14:25:06.902-0300] {logging_mixin.py:188} INFO - [2025-11-27T14:25:06.902-0300] {dagbag.py:545} INFO - Filling up the DagBag from /Users/davispecia/Documents/GitHub/Pf_pipeline_dados/Projeto_final_fase3/venv/lib/python3.9/site-packages/airflow/example_dags/plugins/listener_plugin.py
[2025-11-27T14:25:06.904-0300] {processor.py:842} WARNING - No viable dags retrieved from /Users/davispecia/Documents/GitHub/Pf_pipeline_dados/Projeto_final_fase3/venv/lib/python3.9/site-packages/airflow/example_dags/plugins/listener_plugin.py
[2025-11-27T14:25:06.953-0300] {processor.py:183} INFO - Processing /Users/davispecia/Documents/GitHub/Pf_pipeline_dados/Projeto_final_fase3/venv/lib/python3.9/site-packages/airflow/example_dags/plugins/listener_plugin.py took 0.054 seconds
[2025-11-27T14:26:28.629-0300] {processor.py:161} INFO - Started process (PID=6137) to work on /Users/davispecia/Documents/GitHub/Pf_pipeline_dados/Projeto_final_fase3/venv/lib/python3.9/site-packages/airflow/example_dags/plugins/listener_plugin.py
[2025-11-27T14:26:28.631-0300] {processor.py:830} INFO - Processing file /Users/davispecia/Documents/GitHub/Pf_pipeline_dados/Projeto_final_fase3/venv/lib/python3.9/site-packages/airflow/example_dags/plugins/listener_plugin.py for tasks to queue
[2025-11-27T14:26:28.631-0300] {logging_mixin.py:188} INFO - [2025-11-27T14:26:28.631-0300] {dagbag.py:545} INFO - Filling up the DagBag from /Users/davispecia/Documents/GitHub/Pf_pipeline_dados/Projeto_final_fase3/venv/lib/python3.9/site-packages/airflow/example_dags/plugins/listener_plugin.py
[2025-11-27T14:26:28.633-0300] {processor.py:842} WARNING - No viable dags retrieved from /Users/davispecia/Documents/GitHub/Pf_pipeline_dados/Projeto_final_fase3/venv/lib/python3.9/site-packages/airflow/example_dags/plugins/listener_plugin.py
[2025-11-27T14:26:28.686-0300] {processor.py:183} INFO - Processing /Users/davispecia/Documents/GitHub/Pf_pipeline_dados/Projeto_final_fase3/venv/lib/python3.9/site-packages/airflow/example_dags/plugins/listener_plugin.py took 0.062 seconds
[2025-11-27T14:27:47.427-0300] {processor.py:161} INFO - Started process (PID=6376) to work on /Users/davispecia/Documents/GitHub/Pf_pipeline_dados/Projeto_final_fase3/venv/lib/python3.9/site-packages/airflow/example_dags/plugins/listener_plugin.py
[2025-11-27T14:27:47.428-0300] {processor.py:830} INFO - Processing file /Users/davispecia/Documents/GitHub/Pf_pipeline_dados/Projeto_final_fase3/venv/lib/python3.9/site-packages/airflow/example_dags/plugins/listener_plugin.py for tasks to queue
[2025-11-27T14:27:47.429-0300] {logging_mixin.py:188} INFO - [2025-11-27T14:27:47.429-0300] {dagbag.py:545} INFO - Filling up the DagBag from /Users/davispecia/Documents/GitHub/Pf_pipeline_dados/Projeto_final_fase3/venv/lib/python3.9/site-packages/airflow/example_dags/plugins/listener_plugin.py
[2025-11-27T14:27:47.430-0300] {processor.py:842} WARNING - No viable dags retrieved from /Users/davispecia/Documents/GitHub/Pf_pipeline_dados/Projeto_final_fase3/venv/lib/python3.9/site-packages/airflow/example_dags/plugins/listener_plugin.py
[2025-11-27T14:27:47.473-0300] {processor.py:183} INFO - Processing /Users/davispecia/Documents/GitHub/Pf_pipeline_dados/Projeto_final_fase3/venv/lib/python3.9/site-packages/airflow/example_dags/plugins/listener_plugin.py took 0.049 seconds
[2025-11-27T14:28:52.121-0300] {processor.py:161} INFO - Started process (PID=6533) to work on /Users/davispecia/Documents/GitHub/Pf_pipeline_dados/Projeto_final_fase3/venv/lib/python3.9/site-packages/airflow/example_dags/plugins/listener_plugin.py
[2025-11-27T14:28:52.122-0300] {processor.py:830} INFO - Processing file /Users/davispecia/Documents/GitHub/Pf_pipeline_dados/Projeto_final_fase3/venv/lib/python3.9/site-packages/airflow/example_dags/plugins/listener_plugin.py for tasks to queue
[2025-11-27T14:28:52.122-0300] {logging_mixin.py:188} INFO - [2025-11-27T14:28:52.122-0300] {dagbag.py:545} INFO - Filling up the DagBag from /Users/davispecia/Documents/GitHub/Pf_pipeline_dados/Projeto_final_fase3/venv/lib/python3.9/site-packages/airflow/example_dags/plugins/listener_plugin.py
[2025-11-27T14:28:52.123-0300] {processor.py:842} WARNING - No viable dags retrieved from /Users/davispecia/Documents/GitHub/Pf_pipeline_dados/Projeto_final_fase3/venv/lib/python3.9/site-packages/airflow/example_dags/plugins/listener_plugin.py
[2025-11-27T14:28:52.167-0300] {processor.py:183} INFO - Processing /Users/davispecia/Documents/GitHub/Pf_pipeline_dados/Projeto_final_fase3/venv/lib/python3.9/site-packages/airflow/example_dags/plugins/listener_plugin.py took 0.048 seconds
[2025-11-27T14:29:57.161-0300] {processor.py:161} INFO - Started process (PID=6684) to work on /Users/davispecia/Documents/GitHub/Pf_pipeline_dados/Projeto_final_fase3/venv/lib/python3.9/site-packages/airflow/example_dags/plugins/listener_plugin.py
[2025-11-27T14:29:57.162-0300] {processor.py:830} INFO - Processing file /Users/davispecia/Documents/GitHub/Pf_pipeline_dados/Projeto_final_fase3/venv/lib/python3.9/site-packages/airflow/example_dags/plugins/listener_plugin.py for tasks to queue
[2025-11-27T14:29:57.162-0300] {logging_mixin.py:188} INFO - [2025-11-27T14:29:57.162-0300] {dagbag.py:545} INFO - Filling up the DagBag from /Users/davispecia/Documents/GitHub/Pf_pipeline_dados/Projeto_final_fase3/venv/lib/python3.9/site-packages/airflow/example_dags/plugins/listener_plugin.py
[2025-11-27T14:29:57.164-0300] {processor.py:842} WARNING - No viable dags retrieved from /Users/davispecia/Documents/GitHub/Pf_pipeline_dados/Projeto_final_fase3/venv/lib/python3.9/site-packages/airflow/example_dags/plugins/listener_plugin.py
[2025-11-27T14:29:57.208-0300] {processor.py:183} INFO - Processing /Users/davispecia/Documents/GitHub/Pf_pipeline_dados/Projeto_final_fase3/venv/lib/python3.9/site-packages/airflow/example_dags/plugins/listener_plugin.py took 0.049 seconds
[2025-11-27T14:31:03.510-0300] {processor.py:161} INFO - Started process (PID=6844) to work on /Users/davispecia/Documents/GitHub/Pf_pipeline_dados/Projeto_final_fase3/venv/lib/python3.9/site-packages/airflow/example_dags/plugins/listener_plugin.py
[2025-11-27T14:31:03.511-0300] {processor.py:830} INFO - Processing file /Users/davispecia/Documents/GitHub/Pf_pipeline_dados/Projeto_final_fase3/venv/lib/python3.9/site-packages/airflow/example_dags/plugins/listener_plugin.py for tasks to queue
[2025-11-27T14:31:03.512-0300] {logging_mixin.py:188} INFO - [2025-11-27T14:31:03.512-0300] {dagbag.py:545} INFO - Filling up the DagBag from /Users/davispecia/Documents/GitHub/Pf_pipeline_dados/Projeto_final_fase3/venv/lib/python3.9/site-packages/airflow/example_dags/plugins/listener_plugin.py
[2025-11-27T14:31:03.513-0300] {processor.py:842} WARNING - No viable dags retrieved from /Users/davispecia/Documents/GitHub/Pf_pipeline_dados/Projeto_final_fase3/venv/lib/python3.9/site-packages/airflow/example_dags/plugins/listener_plugin.py
[2025-11-27T14:31:03.558-0300] {processor.py:183} INFO - Processing /Users/davispecia/Documents/GitHub/Pf_pipeline_dados/Projeto_final_fase3/venv/lib/python3.9/site-packages/airflow/example_dags/plugins/listener_plugin.py took 0.050 seconds
[2025-11-27T14:32:06.724-0300] {processor.py:161} INFO - Started process (PID=6994) to work on /Users/davispecia/Documents/GitHub/Pf_pipeline_dados/Projeto_final_fase3/venv/lib/python3.9/site-packages/airflow/example_dags/plugins/listener_plugin.py
[2025-11-27T14:32:06.725-0300] {processor.py:830} INFO - Processing file /Users/davispecia/Documents/GitHub/Pf_pipeline_dados/Projeto_final_fase3/venv/lib/python3.9/site-packages/airflow/example_dags/plugins/listener_plugin.py for tasks to queue
[2025-11-27T14:32:06.726-0300] {logging_mixin.py:188} INFO - [2025-11-27T14:32:06.725-0300] {dagbag.py:545} INFO - Filling up the DagBag from /Users/davispecia/Documents/GitHub/Pf_pipeline_dados/Projeto_final_fase3/venv/lib/python3.9/site-packages/airflow/example_dags/plugins/listener_plugin.py
[2025-11-27T14:32:06.728-0300] {processor.py:842} WARNING - No viable dags retrieved from /Users/davispecia/Documents/GitHub/Pf_pipeline_dados/Projeto_final_fase3/venv/lib/python3.9/site-packages/airflow/example_dags/plugins/listener_plugin.py
[2025-11-27T14:32:06.774-0300] {processor.py:183} INFO - Processing /Users/davispecia/Documents/GitHub/Pf_pipeline_dados/Projeto_final_fase3/venv/lib/python3.9/site-packages/airflow/example_dags/plugins/listener_plugin.py took 0.052 seconds
[2025-11-27T14:33:21.674-0300] {processor.py:161} INFO - Started process (PID=7250) to work on /Users/davispecia/Documents/GitHub/Pf_pipeline_dados/Projeto_final_fase3/venv/lib/python3.9/site-packages/airflow/example_dags/plugins/listener_plugin.py
[2025-11-27T14:33:21.676-0300] {processor.py:830} INFO - Processing file /Users/davispecia/Documents/GitHub/Pf_pipeline_dados/Projeto_final_fase3/venv/lib/python3.9/site-packages/airflow/example_dags/plugins/listener_plugin.py for tasks to queue
[2025-11-27T14:33:21.676-0300] {logging_mixin.py:188} INFO - [2025-11-27T14:33:21.676-0300] {dagbag.py:545} INFO - Filling up the DagBag from /Users/davispecia/Documents/GitHub/Pf_pipeline_dados/Projeto_final_fase3/venv/lib/python3.9/site-packages/airflow/example_dags/plugins/listener_plugin.py
[2025-11-27T14:33:21.678-0300] {processor.py:842} WARNING - No viable dags retrieved from /Users/davispecia/Documents/GitHub/Pf_pipeline_dados/Projeto_final_fase3/venv/lib/python3.9/site-packages/airflow/example_dags/plugins/listener_plugin.py
[2025-11-27T14:33:21.725-0300] {processor.py:183} INFO - Processing /Users/davispecia/Documents/GitHub/Pf_pipeline_dados/Projeto_final_fase3/venv/lib/python3.9/site-packages/airflow/example_dags/plugins/listener_plugin.py took 0.057 seconds
[2025-11-27T14:34:26.988-0300] {processor.py:161} INFO - Started process (PID=7412) to work on /Users/davispecia/Documents/GitHub/Pf_pipeline_dados/Projeto_final_fase3/venv/lib/python3.9/site-packages/airflow/example_dags/plugins/listener_plugin.py
[2025-11-27T14:34:26.989-0300] {processor.py:830} INFO - Processing file /Users/davispecia/Documents/GitHub/Pf_pipeline_dados/Projeto_final_fase3/venv/lib/python3.9/site-packages/airflow/example_dags/plugins/listener_plugin.py for tasks to queue
[2025-11-27T14:34:26.989-0300] {logging_mixin.py:188} INFO - [2025-11-27T14:34:26.989-0300] {dagbag.py:545} INFO - Filling up the DagBag from /Users/davispecia/Documents/GitHub/Pf_pipeline_dados/Projeto_final_fase3/venv/lib/python3.9/site-packages/airflow/example_dags/plugins/listener_plugin.py
[2025-11-27T14:34:26.990-0300] {processor.py:842} WARNING - No viable dags retrieved from /Users/davispecia/Documents/GitHub/Pf_pipeline_dados/Projeto_final_fase3/venv/lib/python3.9/site-packages/airflow/example_dags/plugins/listener_plugin.py
[2025-11-27T14:34:27.034-0300] {processor.py:183} INFO - Processing /Users/davispecia/Documents/GitHub/Pf_pipeline_dados/Projeto_final_fase3/venv/lib/python3.9/site-packages/airflow/example_dags/plugins/listener_plugin.py took 0.048 seconds
[2025-11-27T14:35:40.359-0300] {processor.py:161} INFO - Started process (PID=7712) to work on /Users/davispecia/Documents/GitHub/Pf_pipeline_dados/Projeto_final_fase3/venv/lib/python3.9/site-packages/airflow/example_dags/plugins/listener_plugin.py
[2025-11-27T14:35:40.359-0300] {processor.py:830} INFO - Processing file /Users/davispecia/Documents/GitHub/Pf_pipeline_dados/Projeto_final_fase3/venv/lib/python3.9/site-packages/airflow/example_dags/plugins/listener_plugin.py for tasks to queue
[2025-11-27T14:35:40.360-0300] {logging_mixin.py:188} INFO - [2025-11-27T14:35:40.359-0300] {dagbag.py:545} INFO - Filling up the DagBag from /Users/davispecia/Documents/GitHub/Pf_pipeline_dados/Projeto_final_fase3/venv/lib/python3.9/site-packages/airflow/example_dags/plugins/listener_plugin.py
[2025-11-27T14:35:40.361-0300] {processor.py:842} WARNING - No viable dags retrieved from /Users/davispecia/Documents/GitHub/Pf_pipeline_dados/Projeto_final_fase3/venv/lib/python3.9/site-packages/airflow/example_dags/plugins/listener_plugin.py
[2025-11-27T14:35:40.406-0300] {processor.py:183} INFO - Processing /Users/davispecia/Documents/GitHub/Pf_pipeline_dados/Projeto_final_fase3/venv/lib/python3.9/site-packages/airflow/example_dags/plugins/listener_plugin.py took 0.050 seconds
[2025-11-27T14:36:49.228-0300] {processor.py:161} INFO - Started process (PID=7881) to work on /Users/davispecia/Documents/GitHub/Pf_pipeline_dados/Projeto_final_fase3/venv/lib/python3.9/site-packages/airflow/example_dags/plugins/listener_plugin.py
[2025-11-27T14:36:49.229-0300] {processor.py:830} INFO - Processing file /Users/davispecia/Documents/GitHub/Pf_pipeline_dados/Projeto_final_fase3/venv/lib/python3.9/site-packages/airflow/example_dags/plugins/listener_plugin.py for tasks to queue
[2025-11-27T14:36:49.230-0300] {logging_mixin.py:188} INFO - [2025-11-27T14:36:49.229-0300] {dagbag.py:545} INFO - Filling up the DagBag from /Users/davispecia/Documents/GitHub/Pf_pipeline_dados/Projeto_final_fase3/venv/lib/python3.9/site-packages/airflow/example_dags/plugins/listener_plugin.py
[2025-11-27T14:36:49.231-0300] {processor.py:842} WARNING - No viable dags retrieved from /Users/davispecia/Documents/GitHub/Pf_pipeline_dados/Projeto_final_fase3/venv/lib/python3.9/site-packages/airflow/example_dags/plugins/listener_plugin.py
[2025-11-27T14:36:49.276-0300] {processor.py:183} INFO - Processing /Users/davispecia/Documents/GitHub/Pf_pipeline_dados/Projeto_final_fase3/venv/lib/python3.9/site-packages/airflow/example_dags/plugins/listener_plugin.py took 0.050 seconds
[2025-11-27T14:37:56.222-0300] {processor.py:161} INFO - Started process (PID=8036) to work on /Users/davispecia/Documents/GitHub/Pf_pipeline_dados/Projeto_final_fase3/venv/lib/python3.9/site-packages/airflow/example_dags/plugins/listener_plugin.py
[2025-11-27T14:37:56.223-0300] {processor.py:830} INFO - Processing file /Users/davispecia/Documents/GitHub/Pf_pipeline_dados/Projeto_final_fase3/venv/lib/python3.9/site-packages/airflow/example_dags/plugins/listener_plugin.py for tasks to queue
[2025-11-27T14:37:56.223-0300] {logging_mixin.py:188} INFO - [2025-11-27T14:37:56.223-0300] {dagbag.py:545} INFO - Filling up the DagBag from /Users/davispecia/Documents/GitHub/Pf_pipeline_dados/Projeto_final_fase3/venv/lib/python3.9/site-packages/airflow/example_dags/plugins/listener_plugin.py
[2025-11-27T14:37:56.225-0300] {processor.py:842} WARNING - No viable dags retrieved from /Users/davispecia/Documents/GitHub/Pf_pipeline_dados/Projeto_final_fase3/venv/lib/python3.9/site-packages/airflow/example_dags/plugins/listener_plugin.py
[2025-11-27T14:37:56.271-0300] {processor.py:183} INFO - Processing /Users/davispecia/Documents/GitHub/Pf_pipeline_dados/Projeto_final_fase3/venv/lib/python3.9/site-packages/airflow/example_dags/plugins/listener_plugin.py took 0.051 seconds
[2025-11-27T14:39:11.341-0300] {processor.py:161} INFO - Started process (PID=8276) to work on /Users/davispecia/Documents/GitHub/Pf_pipeline_dados/Projeto_final_fase3/venv/lib/python3.9/site-packages/airflow/example_dags/plugins/listener_plugin.py
[2025-11-27T14:39:11.342-0300] {processor.py:830} INFO - Processing file /Users/davispecia/Documents/GitHub/Pf_pipeline_dados/Projeto_final_fase3/venv/lib/python3.9/site-packages/airflow/example_dags/plugins/listener_plugin.py for tasks to queue
[2025-11-27T14:39:11.342-0300] {logging_mixin.py:188} INFO - [2025-11-27T14:39:11.342-0300] {dagbag.py:545} INFO - Filling up the DagBag from /Users/davispecia/Documents/GitHub/Pf_pipeline_dados/Projeto_final_fase3/venv/lib/python3.9/site-packages/airflow/example_dags/plugins/listener_plugin.py
[2025-11-27T14:39:11.343-0300] {processor.py:842} WARNING - No viable dags retrieved from /Users/davispecia/Documents/GitHub/Pf_pipeline_dados/Projeto_final_fase3/venv/lib/python3.9/site-packages/airflow/example_dags/plugins/listener_plugin.py
[2025-11-27T14:39:11.388-0300] {processor.py:183} INFO - Processing /Users/davispecia/Documents/GitHub/Pf_pipeline_dados/Projeto_final_fase3/venv/lib/python3.9/site-packages/airflow/example_dags/plugins/listener_plugin.py took 0.049 seconds
[2025-11-27T14:40:16.059-0300] {processor.py:161} INFO - Started process (PID=8437) to work on /Users/davispecia/Documents/GitHub/Pf_pipeline_dados/Projeto_final_fase3/venv/lib/python3.9/site-packages/airflow/example_dags/plugins/listener_plugin.py
[2025-11-27T14:40:16.060-0300] {processor.py:830} INFO - Processing file /Users/davispecia/Documents/GitHub/Pf_pipeline_dados/Projeto_final_fase3/venv/lib/python3.9/site-packages/airflow/example_dags/plugins/listener_plugin.py for tasks to queue
[2025-11-27T14:40:16.061-0300] {logging_mixin.py:188} INFO - [2025-11-27T14:40:16.060-0300] {dagbag.py:545} INFO - Filling up the DagBag from /Users/davispecia/Documents/GitHub/Pf_pipeline_dados/Projeto_final_fase3/venv/lib/python3.9/site-packages/airflow/example_dags/plugins/listener_plugin.py
[2025-11-27T14:40:16.062-0300] {processor.py:842} WARNING - No viable dags retrieved from /Users/davispecia/Documents/GitHub/Pf_pipeline_dados/Projeto_final_fase3/venv/lib/python3.9/site-packages/airflow/example_dags/plugins/listener_plugin.py
[2025-11-27T14:40:16.108-0300] {processor.py:183} INFO - Processing /Users/davispecia/Documents/GitHub/Pf_pipeline_dados/Projeto_final_fase3/venv/lib/python3.9/site-packages/airflow/example_dags/plugins/listener_plugin.py took 0.051 seconds
[2025-11-27T14:41:19.827-0300] {processor.py:161} INFO - Started process (PID=8647) to work on /Users/davispecia/Documents/GitHub/Pf_pipeline_dados/Projeto_final_fase3/venv/lib/python3.9/site-packages/airflow/example_dags/plugins/listener_plugin.py
[2025-11-27T14:41:19.828-0300] {processor.py:830} INFO - Processing file /Users/davispecia/Documents/GitHub/Pf_pipeline_dados/Projeto_final_fase3/venv/lib/python3.9/site-packages/airflow/example_dags/plugins/listener_plugin.py for tasks to queue
[2025-11-27T14:41:19.828-0300] {logging_mixin.py:188} INFO - [2025-11-27T14:41:19.828-0300] {dagbag.py:545} INFO - Filling up the DagBag from /Users/davispecia/Documents/GitHub/Pf_pipeline_dados/Projeto_final_fase3/venv/lib/python3.9/site-packages/airflow/example_dags/plugins/listener_plugin.py
[2025-11-27T14:41:19.830-0300] {processor.py:842} WARNING - No viable dags retrieved from /Users/davispecia/Documents/GitHub/Pf_pipeline_dados/Projeto_final_fase3/venv/lib/python3.9/site-packages/airflow/example_dags/plugins/listener_plugin.py
[2025-11-27T14:41:19.873-0300] {processor.py:183} INFO - Processing /Users/davispecia/Documents/GitHub/Pf_pipeline_dados/Projeto_final_fase3/venv/lib/python3.9/site-packages/airflow/example_dags/plugins/listener_plugin.py took 0.048 seconds
[2025-11-27T14:42:22.315-0300] {processor.py:161} INFO - Started process (PID=8811) to work on /Users/davispecia/Documents/GitHub/Pf_pipeline_dados/Projeto_final_fase3/venv/lib/python3.9/site-packages/airflow/example_dags/plugins/listener_plugin.py
[2025-11-27T14:42:22.316-0300] {processor.py:830} INFO - Processing file /Users/davispecia/Documents/GitHub/Pf_pipeline_dados/Projeto_final_fase3/venv/lib/python3.9/site-packages/airflow/example_dags/plugins/listener_plugin.py for tasks to queue
[2025-11-27T14:42:22.317-0300] {logging_mixin.py:188} INFO - [2025-11-27T14:42:22.317-0300] {dagbag.py:545} INFO - Filling up the DagBag from /Users/davispecia/Documents/GitHub/Pf_pipeline_dados/Projeto_final_fase3/venv/lib/python3.9/site-packages/airflow/example_dags/plugins/listener_plugin.py
[2025-11-27T14:42:22.318-0300] {processor.py:842} WARNING - No viable dags retrieved from /Users/davispecia/Documents/GitHub/Pf_pipeline_dados/Projeto_final_fase3/venv/lib/python3.9/site-packages/airflow/example_dags/plugins/listener_plugin.py
[2025-11-27T14:42:22.364-0300] {processor.py:183} INFO - Processing /Users/davispecia/Documents/GitHub/Pf_pipeline_dados/Projeto_final_fase3/venv/lib/python3.9/site-packages/airflow/example_dags/plugins/listener_plugin.py took 0.051 seconds
[2025-11-27T14:43:23.453-0300] {processor.py:161} INFO - Started process (PID=8977) to work on /Users/davispecia/Documents/GitHub/Pf_pipeline_dados/Projeto_final_fase3/venv/lib/python3.9/site-packages/airflow/example_dags/plugins/listener_plugin.py
[2025-11-27T14:43:23.453-0300] {processor.py:830} INFO - Processing file /Users/davispecia/Documents/GitHub/Pf_pipeline_dados/Projeto_final_fase3/venv/lib/python3.9/site-packages/airflow/example_dags/plugins/listener_plugin.py for tasks to queue
[2025-11-27T14:43:23.453-0300] {logging_mixin.py:188} INFO - [2025-11-27T14:43:23.453-0300] {dagbag.py:545} INFO - Filling up the DagBag from /Users/davispecia/Documents/GitHub/Pf_pipeline_dados/Projeto_final_fase3/venv/lib/python3.9/site-packages/airflow/example_dags/plugins/listener_plugin.py
[2025-11-27T14:43:23.455-0300] {processor.py:842} WARNING - No viable dags retrieved from /Users/davispecia/Documents/GitHub/Pf_pipeline_dados/Projeto_final_fase3/venv/lib/python3.9/site-packages/airflow/example_dags/plugins/listener_plugin.py
[2025-11-27T14:43:23.498-0300] {processor.py:183} INFO - Processing /Users/davispecia/Documents/GitHub/Pf_pipeline_dados/Projeto_final_fase3/venv/lib/python3.9/site-packages/airflow/example_dags/plugins/listener_plugin.py took 0.048 seconds
[2025-11-27T14:44:35.750-0300] {processor.py:161} INFO - Started process (PID=9263) to work on /Users/davispecia/Documents/GitHub/Pf_pipeline_dados/Projeto_final_fase3/venv/lib/python3.9/site-packages/airflow/example_dags/plugins/listener_plugin.py
[2025-11-27T14:44:35.751-0300] {processor.py:830} INFO - Processing file /Users/davispecia/Documents/GitHub/Pf_pipeline_dados/Projeto_final_fase3/venv/lib/python3.9/site-packages/airflow/example_dags/plugins/listener_plugin.py for tasks to queue
[2025-11-27T14:44:35.751-0300] {logging_mixin.py:188} INFO - [2025-11-27T14:44:35.751-0300] {dagbag.py:545} INFO - Filling up the DagBag from /Users/davispecia/Documents/GitHub/Pf_pipeline_dados/Projeto_final_fase3/venv/lib/python3.9/site-packages/airflow/example_dags/plugins/listener_plugin.py
[2025-11-27T14:44:35.753-0300] {processor.py:842} WARNING - No viable dags retrieved from /Users/davispecia/Documents/GitHub/Pf_pipeline_dados/Projeto_final_fase3/venv/lib/python3.9/site-packages/airflow/example_dags/plugins/listener_plugin.py
[2025-11-27T14:44:35.796-0300] {processor.py:183} INFO - Processing /Users/davispecia/Documents/GitHub/Pf_pipeline_dados/Projeto_final_fase3/venv/lib/python3.9/site-packages/airflow/example_dags/plugins/listener_plugin.py took 0.048 seconds
[2025-11-27T14:45:41.403-0300] {processor.py:161} INFO - Started process (PID=9423) to work on /Users/davispecia/Documents/GitHub/Pf_pipeline_dados/Projeto_final_fase3/venv/lib/python3.9/site-packages/airflow/example_dags/plugins/listener_plugin.py
[2025-11-27T14:45:41.404-0300] {processor.py:830} INFO - Processing file /Users/davispecia/Documents/GitHub/Pf_pipeline_dados/Projeto_final_fase3/venv/lib/python3.9/site-packages/airflow/example_dags/plugins/listener_plugin.py for tasks to queue
[2025-11-27T14:45:41.405-0300] {logging_mixin.py:188} INFO - [2025-11-27T14:45:41.405-0300] {dagbag.py:545} INFO - Filling up the DagBag from /Users/davispecia/Documents/GitHub/Pf_pipeline_dados/Projeto_final_fase3/venv/lib/python3.9/site-packages/airflow/example_dags/plugins/listener_plugin.py
[2025-11-27T14:45:41.407-0300] {processor.py:842} WARNING - No viable dags retrieved from /Users/davispecia/Documents/GitHub/Pf_pipeline_dados/Projeto_final_fase3/venv/lib/python3.9/site-packages/airflow/example_dags/plugins/listener_plugin.py
[2025-11-27T14:45:41.451-0300] {processor.py:183} INFO - Processing /Users/davispecia/Documents/GitHub/Pf_pipeline_dados/Projeto_final_fase3/venv/lib/python3.9/site-packages/airflow/example_dags/plugins/listener_plugin.py took 0.050 seconds
[2025-11-27T14:46:47.240-0300] {processor.py:161} INFO - Started process (PID=9577) to work on /Users/davispecia/Documents/GitHub/Pf_pipeline_dados/Projeto_final_fase3/venv/lib/python3.9/site-packages/airflow/example_dags/plugins/listener_plugin.py
[2025-11-27T14:46:47.240-0300] {processor.py:830} INFO - Processing file /Users/davispecia/Documents/GitHub/Pf_pipeline_dados/Projeto_final_fase3/venv/lib/python3.9/site-packages/airflow/example_dags/plugins/listener_plugin.py for tasks to queue
[2025-11-27T14:46:47.241-0300] {logging_mixin.py:188} INFO - [2025-11-27T14:46:47.240-0300] {dagbag.py:545} INFO - Filling up the DagBag from /Users/davispecia/Documents/GitHub/Pf_pipeline_dados/Projeto_final_fase3/venv/lib/python3.9/site-packages/airflow/example_dags/plugins/listener_plugin.py
[2025-11-27T14:46:47.242-0300] {processor.py:842} WARNING - No viable dags retrieved from /Users/davispecia/Documents/GitHub/Pf_pipeline_dados/Projeto_final_fase3/venv/lib/python3.9/site-packages/airflow/example_dags/plugins/listener_plugin.py
[2025-11-27T14:46:47.285-0300] {processor.py:183} INFO - Processing /Users/davispecia/Documents/GitHub/Pf_pipeline_dados/Projeto_final_fase3/venv/lib/python3.9/site-packages/airflow/example_dags/plugins/listener_plugin.py took 0.048 seconds
[2025-11-27T14:47:51.589-0300] {processor.py:161} INFO - Started process (PID=9740) to work on /Users/davispecia/Documents/GitHub/Pf_pipeline_dados/Projeto_final_fase3/venv/lib/python3.9/site-packages/airflow/example_dags/plugins/listener_plugin.py
[2025-11-27T14:47:51.590-0300] {processor.py:830} INFO - Processing file /Users/davispecia/Documents/GitHub/Pf_pipeline_dados/Projeto_final_fase3/venv/lib/python3.9/site-packages/airflow/example_dags/plugins/listener_plugin.py for tasks to queue
[2025-11-27T14:47:51.590-0300] {logging_mixin.py:188} INFO - [2025-11-27T14:47:51.590-0300] {dagbag.py:545} INFO - Filling up the DagBag from /Users/davispecia/Documents/GitHub/Pf_pipeline_dados/Projeto_final_fase3/venv/lib/python3.9/site-packages/airflow/example_dags/plugins/listener_plugin.py
[2025-11-27T14:47:51.592-0300] {processor.py:842} WARNING - No viable dags retrieved from /Users/davispecia/Documents/GitHub/Pf_pipeline_dados/Projeto_final_fase3/venv/lib/python3.9/site-packages/airflow/example_dags/plugins/listener_plugin.py
[2025-11-27T14:47:51.635-0300] {processor.py:183} INFO - Processing /Users/davispecia/Documents/GitHub/Pf_pipeline_dados/Projeto_final_fase3/venv/lib/python3.9/site-packages/airflow/example_dags/plugins/listener_plugin.py took 0.048 seconds
[2025-11-27T14:48:54.425-0300] {processor.py:161} INFO - Started process (PID=9889) to work on /Users/davispecia/Documents/GitHub/Pf_pipeline_dados/Projeto_final_fase3/venv/lib/python3.9/site-packages/airflow/example_dags/plugins/listener_plugin.py
[2025-11-27T14:48:54.426-0300] {processor.py:830} INFO - Processing file /Users/davispecia/Documents/GitHub/Pf_pipeline_dados/Projeto_final_fase3/venv/lib/python3.9/site-packages/airflow/example_dags/plugins/listener_plugin.py for tasks to queue
[2025-11-27T14:48:54.426-0300] {logging_mixin.py:188} INFO - [2025-11-27T14:48:54.426-0300] {dagbag.py:545} INFO - Filling up the DagBag from /Users/davispecia/Documents/GitHub/Pf_pipeline_dados/Projeto_final_fase3/venv/lib/python3.9/site-packages/airflow/example_dags/plugins/listener_plugin.py
[2025-11-27T14:48:54.427-0300] {processor.py:842} WARNING - No viable dags retrieved from /Users/davispecia/Documents/GitHub/Pf_pipeline_dados/Projeto_final_fase3/venv/lib/python3.9/site-packages/airflow/example_dags/plugins/listener_plugin.py
[2025-11-27T14:48:54.469-0300] {processor.py:183} INFO - Processing /Users/davispecia/Documents/GitHub/Pf_pipeline_dados/Projeto_final_fase3/venv/lib/python3.9/site-packages/airflow/example_dags/plugins/listener_plugin.py took 0.046 seconds
[2025-11-27T14:50:08.166-0300] {processor.py:161} INFO - Started process (PID=10138) to work on /Users/davispecia/Documents/GitHub/Pf_pipeline_dados/Projeto_final_fase3/venv/lib/python3.9/site-packages/airflow/example_dags/plugins/listener_plugin.py
[2025-11-27T14:50:08.168-0300] {processor.py:830} INFO - Processing file /Users/davispecia/Documents/GitHub/Pf_pipeline_dados/Projeto_final_fase3/venv/lib/python3.9/site-packages/airflow/example_dags/plugins/listener_plugin.py for tasks to queue
[2025-11-27T14:50:08.168-0300] {logging_mixin.py:188} INFO - [2025-11-27T14:50:08.168-0300] {dagbag.py:545} INFO - Filling up the DagBag from /Users/davispecia/Documents/GitHub/Pf_pipeline_dados/Projeto_final_fase3/venv/lib/python3.9/site-packages/airflow/example_dags/plugins/listener_plugin.py
[2025-11-27T14:50:08.169-0300] {processor.py:842} WARNING - No viable dags retrieved from /Users/davispecia/Documents/GitHub/Pf_pipeline_dados/Projeto_final_fase3/venv/lib/python3.9/site-packages/airflow/example_dags/plugins/listener_plugin.py
[2025-11-27T14:50:08.212-0300] {processor.py:183} INFO - Processing /Users/davispecia/Documents/GitHub/Pf_pipeline_dados/Projeto_final_fase3/venv/lib/python3.9/site-packages/airflow/example_dags/plugins/listener_plugin.py took 0.048 seconds
[2025-11-27T14:51:11.812-0300] {processor.py:161} INFO - Started process (PID=10288) to work on /Users/davispecia/Documents/GitHub/Pf_pipeline_dados/Projeto_final_fase3/venv/lib/python3.9/site-packages/airflow/example_dags/plugins/listener_plugin.py
[2025-11-27T14:51:11.812-0300] {processor.py:830} INFO - Processing file /Users/davispecia/Documents/GitHub/Pf_pipeline_dados/Projeto_final_fase3/venv/lib/python3.9/site-packages/airflow/example_dags/plugins/listener_plugin.py for tasks to queue
[2025-11-27T14:51:11.813-0300] {logging_mixin.py:188} INFO - [2025-11-27T14:51:11.813-0300] {dagbag.py:545} INFO - Filling up the DagBag from /Users/davispecia/Documents/GitHub/Pf_pipeline_dados/Projeto_final_fase3/venv/lib/python3.9/site-packages/airflow/example_dags/plugins/listener_plugin.py
[2025-11-27T14:51:11.814-0300] {processor.py:842} WARNING - No viable dags retrieved from /Users/davispecia/Documents/GitHub/Pf_pipeline_dados/Projeto_final_fase3/venv/lib/python3.9/site-packages/airflow/example_dags/plugins/listener_plugin.py
[2025-11-27T14:51:11.859-0300] {processor.py:183} INFO - Processing /Users/davispecia/Documents/GitHub/Pf_pipeline_dados/Projeto_final_fase3/venv/lib/python3.9/site-packages/airflow/example_dags/plugins/listener_plugin.py took 0.050 seconds
[2025-11-27T14:52:17.118-0300] {processor.py:161} INFO - Started process (PID=10460) to work on /Users/davispecia/Documents/GitHub/Pf_pipeline_dados/Projeto_final_fase3/venv/lib/python3.9/site-packages/airflow/example_dags/plugins/listener_plugin.py
[2025-11-27T14:52:17.118-0300] {processor.py:830} INFO - Processing file /Users/davispecia/Documents/GitHub/Pf_pipeline_dados/Projeto_final_fase3/venv/lib/python3.9/site-packages/airflow/example_dags/plugins/listener_plugin.py for tasks to queue
[2025-11-27T14:52:17.119-0300] {logging_mixin.py:188} INFO - [2025-11-27T14:52:17.119-0300] {dagbag.py:545} INFO - Filling up the DagBag from /Users/davispecia/Documents/GitHub/Pf_pipeline_dados/Projeto_final_fase3/venv/lib/python3.9/site-packages/airflow/example_dags/plugins/listener_plugin.py
[2025-11-27T14:52:17.120-0300] {processor.py:842} WARNING - No viable dags retrieved from /Users/davispecia/Documents/GitHub/Pf_pipeline_dados/Projeto_final_fase3/venv/lib/python3.9/site-packages/airflow/example_dags/plugins/listener_plugin.py
[2025-11-27T14:52:17.163-0300] {processor.py:183} INFO - Processing /Users/davispecia/Documents/GitHub/Pf_pipeline_dados/Projeto_final_fase3/venv/lib/python3.9/site-packages/airflow/example_dags/plugins/listener_plugin.py took 0.048 seconds
[2025-11-27T14:53:19.395-0300] {processor.py:161} INFO - Started process (PID=10609) to work on /Users/davispecia/Documents/GitHub/Pf_pipeline_dados/Projeto_final_fase3/venv/lib/python3.9/site-packages/airflow/example_dags/plugins/listener_plugin.py
[2025-11-27T14:53:19.397-0300] {processor.py:830} INFO - Processing file /Users/davispecia/Documents/GitHub/Pf_pipeline_dados/Projeto_final_fase3/venv/lib/python3.9/site-packages/airflow/example_dags/plugins/listener_plugin.py for tasks to queue
[2025-11-27T14:53:19.398-0300] {logging_mixin.py:188} INFO - [2025-11-27T14:53:19.398-0300] {dagbag.py:545} INFO - Filling up the DagBag from /Users/davispecia/Documents/GitHub/Pf_pipeline_dados/Projeto_final_fase3/venv/lib/python3.9/site-packages/airflow/example_dags/plugins/listener_plugin.py
[2025-11-27T14:53:19.399-0300] {processor.py:842} WARNING - No viable dags retrieved from /Users/davispecia/Documents/GitHub/Pf_pipeline_dados/Projeto_final_fase3/venv/lib/python3.9/site-packages/airflow/example_dags/plugins/listener_plugin.py
[2025-11-27T14:53:19.441-0300] {processor.py:183} INFO - Processing /Users/davispecia/Documents/GitHub/Pf_pipeline_dados/Projeto_final_fase3/venv/lib/python3.9/site-packages/airflow/example_dags/plugins/listener_plugin.py took 0.048 seconds
[2025-11-27T14:54:19.798-0300] {processor.py:161} INFO - Started process (PID=10757) to work on /Users/davispecia/Documents/GitHub/Pf_pipeline_dados/Projeto_final_fase3/venv/lib/python3.9/site-packages/airflow/example_dags/plugins/listener_plugin.py
[2025-11-27T14:54:19.799-0300] {processor.py:830} INFO - Processing file /Users/davispecia/Documents/GitHub/Pf_pipeline_dados/Projeto_final_fase3/venv/lib/python3.9/site-packages/airflow/example_dags/plugins/listener_plugin.py for tasks to queue
[2025-11-27T14:54:19.800-0300] {logging_mixin.py:188} INFO - [2025-11-27T14:54:19.799-0300] {dagbag.py:545} INFO - Filling up the DagBag from /Users/davispecia/Documents/GitHub/Pf_pipeline_dados/Projeto_final_fase3/venv/lib/python3.9/site-packages/airflow/example_dags/plugins/listener_plugin.py
[2025-11-27T14:54:19.801-0300] {processor.py:842} WARNING - No viable dags retrieved from /Users/davispecia/Documents/GitHub/Pf_pipeline_dados/Projeto_final_fase3/venv/lib/python3.9/site-packages/airflow/example_dags/plugins/listener_plugin.py
[2025-11-27T14:54:19.843-0300] {processor.py:183} INFO - Processing /Users/davispecia/Documents/GitHub/Pf_pipeline_dados/Projeto_final_fase3/venv/lib/python3.9/site-packages/airflow/example_dags/plugins/listener_plugin.py took 0.047 seconds
[2025-11-27T14:55:30.809-0300] {processor.py:161} INFO - Started process (PID=10985) to work on /Users/davispecia/Documents/GitHub/Pf_pipeline_dados/Projeto_final_fase3/venv/lib/python3.9/site-packages/airflow/example_dags/plugins/listener_plugin.py
[2025-11-27T14:55:30.810-0300] {processor.py:830} INFO - Processing file /Users/davispecia/Documents/GitHub/Pf_pipeline_dados/Projeto_final_fase3/venv/lib/python3.9/site-packages/airflow/example_dags/plugins/listener_plugin.py for tasks to queue
[2025-11-27T14:55:30.810-0300] {logging_mixin.py:188} INFO - [2025-11-27T14:55:30.810-0300] {dagbag.py:545} INFO - Filling up the DagBag from /Users/davispecia/Documents/GitHub/Pf_pipeline_dados/Projeto_final_fase3/venv/lib/python3.9/site-packages/airflow/example_dags/plugins/listener_plugin.py
[2025-11-27T14:55:30.812-0300] {processor.py:842} WARNING - No viable dags retrieved from /Users/davispecia/Documents/GitHub/Pf_pipeline_dados/Projeto_final_fase3/venv/lib/python3.9/site-packages/airflow/example_dags/plugins/listener_plugin.py
[2025-11-27T14:55:30.855-0300] {processor.py:183} INFO - Processing /Users/davispecia/Documents/GitHub/Pf_pipeline_dados/Projeto_final_fase3/venv/lib/python3.9/site-packages/airflow/example_dags/plugins/listener_plugin.py took 0.048 seconds
[2025-11-27T14:56:37.579-0300] {processor.py:161} INFO - Started process (PID=11158) to work on /Users/davispecia/Documents/GitHub/Pf_pipeline_dados/Projeto_final_fase3/venv/lib/python3.9/site-packages/airflow/example_dags/plugins/listener_plugin.py
[2025-11-27T14:56:37.579-0300] {processor.py:830} INFO - Processing file /Users/davispecia/Documents/GitHub/Pf_pipeline_dados/Projeto_final_fase3/venv/lib/python3.9/site-packages/airflow/example_dags/plugins/listener_plugin.py for tasks to queue
[2025-11-27T14:56:37.580-0300] {logging_mixin.py:188} INFO - [2025-11-27T14:56:37.580-0300] {dagbag.py:545} INFO - Filling up the DagBag from /Users/davispecia/Documents/GitHub/Pf_pipeline_dados/Projeto_final_fase3/venv/lib/python3.9/site-packages/airflow/example_dags/plugins/listener_plugin.py
[2025-11-27T14:56:37.581-0300] {processor.py:842} WARNING - No viable dags retrieved from /Users/davispecia/Documents/GitHub/Pf_pipeline_dados/Projeto_final_fase3/venv/lib/python3.9/site-packages/airflow/example_dags/plugins/listener_plugin.py
[2025-11-27T14:56:37.625-0300] {processor.py:183} INFO - Processing /Users/davispecia/Documents/GitHub/Pf_pipeline_dados/Projeto_final_fase3/venv/lib/python3.9/site-packages/airflow/example_dags/plugins/listener_plugin.py took 0.048 seconds
[2025-11-27T14:57:38.263-0300] {processor.py:161} INFO - Started process (PID=11299) to work on /Users/davispecia/Documents/GitHub/Pf_pipeline_dados/Projeto_final_fase3/venv/lib/python3.9/site-packages/airflow/example_dags/plugins/listener_plugin.py
[2025-11-27T14:57:38.264-0300] {processor.py:830} INFO - Processing file /Users/davispecia/Documents/GitHub/Pf_pipeline_dados/Projeto_final_fase3/venv/lib/python3.9/site-packages/airflow/example_dags/plugins/listener_plugin.py for tasks to queue
[2025-11-27T14:57:38.264-0300] {logging_mixin.py:188} INFO - [2025-11-27T14:57:38.264-0300] {dagbag.py:545} INFO - Filling up the DagBag from /Users/davispecia/Documents/GitHub/Pf_pipeline_dados/Projeto_final_fase3/venv/lib/python3.9/site-packages/airflow/example_dags/plugins/listener_plugin.py
[2025-11-27T14:57:38.266-0300] {processor.py:842} WARNING - No viable dags retrieved from /Users/davispecia/Documents/GitHub/Pf_pipeline_dados/Projeto_final_fase3/venv/lib/python3.9/site-packages/airflow/example_dags/plugins/listener_plugin.py
[2025-11-27T14:57:38.309-0300] {processor.py:183} INFO - Processing /Users/davispecia/Documents/GitHub/Pf_pipeline_dados/Projeto_final_fase3/venv/lib/python3.9/site-packages/airflow/example_dags/plugins/listener_plugin.py took 0.048 seconds
[2025-11-27T14:58:41.647-0300] {processor.py:161} INFO - Started process (PID=11446) to work on /Users/davispecia/Documents/GitHub/Pf_pipeline_dados/Projeto_final_fase3/venv/lib/python3.9/site-packages/airflow/example_dags/plugins/listener_plugin.py
[2025-11-27T14:58:41.648-0300] {processor.py:830} INFO - Processing file /Users/davispecia/Documents/GitHub/Pf_pipeline_dados/Projeto_final_fase3/venv/lib/python3.9/site-packages/airflow/example_dags/plugins/listener_plugin.py for tasks to queue
[2025-11-27T14:58:41.648-0300] {logging_mixin.py:188} INFO - [2025-11-27T14:58:41.648-0300] {dagbag.py:545} INFO - Filling up the DagBag from /Users/davispecia/Documents/GitHub/Pf_pipeline_dados/Projeto_final_fase3/venv/lib/python3.9/site-packages/airflow/example_dags/plugins/listener_plugin.py
[2025-11-27T14:58:41.649-0300] {processor.py:842} WARNING - No viable dags retrieved from /Users/davispecia/Documents/GitHub/Pf_pipeline_dados/Projeto_final_fase3/venv/lib/python3.9/site-packages/airflow/example_dags/plugins/listener_plugin.py
[2025-11-27T14:58:41.693-0300] {processor.py:183} INFO - Processing /Users/davispecia/Documents/GitHub/Pf_pipeline_dados/Projeto_final_fase3/venv/lib/python3.9/site-packages/airflow/example_dags/plugins/listener_plugin.py took 0.048 seconds
[2025-11-27T14:59:45.626-0300] {processor.py:161} INFO - Started process (PID=11606) to work on /Users/davispecia/Documents/GitHub/Pf_pipeline_dados/Projeto_final_fase3/venv/lib/python3.9/site-packages/airflow/example_dags/plugins/listener_plugin.py
[2025-11-27T14:59:45.627-0300] {processor.py:830} INFO - Processing file /Users/davispecia/Documents/GitHub/Pf_pipeline_dados/Projeto_final_fase3/venv/lib/python3.9/site-packages/airflow/example_dags/plugins/listener_plugin.py for tasks to queue
[2025-11-27T14:59:45.627-0300] {logging_mixin.py:188} INFO - [2025-11-27T14:59:45.627-0300] {dagbag.py:545} INFO - Filling up the DagBag from /Users/davispecia/Documents/GitHub/Pf_pipeline_dados/Projeto_final_fase3/venv/lib/python3.9/site-packages/airflow/example_dags/plugins/listener_plugin.py
[2025-11-27T14:59:45.629-0300] {processor.py:842} WARNING - No viable dags retrieved from /Users/davispecia/Documents/GitHub/Pf_pipeline_dados/Projeto_final_fase3/venv/lib/python3.9/site-packages/airflow/example_dags/plugins/listener_plugin.py
[2025-11-27T14:59:45.671-0300] {processor.py:183} INFO - Processing /Users/davispecia/Documents/GitHub/Pf_pipeline_dados/Projeto_final_fase3/venv/lib/python3.9/site-packages/airflow/example_dags/plugins/listener_plugin.py took 0.047 seconds
[2025-11-27T15:00:57.220-0300] {processor.py:161} INFO - Started process (PID=11832) to work on /Users/davispecia/Documents/GitHub/Pf_pipeline_dados/Projeto_final_fase3/venv/lib/python3.9/site-packages/airflow/example_dags/plugins/listener_plugin.py
[2025-11-27T15:00:57.222-0300] {processor.py:830} INFO - Processing file /Users/davispecia/Documents/GitHub/Pf_pipeline_dados/Projeto_final_fase3/venv/lib/python3.9/site-packages/airflow/example_dags/plugins/listener_plugin.py for tasks to queue
[2025-11-27T15:00:57.222-0300] {logging_mixin.py:188} INFO - [2025-11-27T15:00:57.222-0300] {dagbag.py:545} INFO - Filling up the DagBag from /Users/davispecia/Documents/GitHub/Pf_pipeline_dados/Projeto_final_fase3/venv/lib/python3.9/site-packages/airflow/example_dags/plugins/listener_plugin.py
[2025-11-27T15:00:57.224-0300] {processor.py:842} WARNING - No viable dags retrieved from /Users/davispecia/Documents/GitHub/Pf_pipeline_dados/Projeto_final_fase3/venv/lib/python3.9/site-packages/airflow/example_dags/plugins/listener_plugin.py
[2025-11-27T15:00:57.266-0300] {processor.py:183} INFO - Processing /Users/davispecia/Documents/GitHub/Pf_pipeline_dados/Projeto_final_fase3/venv/lib/python3.9/site-packages/airflow/example_dags/plugins/listener_plugin.py took 0.049 seconds
[2025-11-27T15:02:00.465-0300] {processor.py:161} INFO - Started process (PID=11987) to work on /Users/davispecia/Documents/GitHub/Pf_pipeline_dados/Projeto_final_fase3/venv/lib/python3.9/site-packages/airflow/example_dags/plugins/listener_plugin.py
[2025-11-27T15:02:00.466-0300] {processor.py:830} INFO - Processing file /Users/davispecia/Documents/GitHub/Pf_pipeline_dados/Projeto_final_fase3/venv/lib/python3.9/site-packages/airflow/example_dags/plugins/listener_plugin.py for tasks to queue
[2025-11-27T15:02:00.466-0300] {logging_mixin.py:188} INFO - [2025-11-27T15:02:00.466-0300] {dagbag.py:545} INFO - Filling up the DagBag from /Users/davispecia/Documents/GitHub/Pf_pipeline_dados/Projeto_final_fase3/venv/lib/python3.9/site-packages/airflow/example_dags/plugins/listener_plugin.py
[2025-11-27T15:02:00.467-0300] {processor.py:842} WARNING - No viable dags retrieved from /Users/davispecia/Documents/GitHub/Pf_pipeline_dados/Projeto_final_fase3/venv/lib/python3.9/site-packages/airflow/example_dags/plugins/listener_plugin.py
[2025-11-27T15:02:00.509-0300] {processor.py:183} INFO - Processing /Users/davispecia/Documents/GitHub/Pf_pipeline_dados/Projeto_final_fase3/venv/lib/python3.9/site-packages/airflow/example_dags/plugins/listener_plugin.py took 0.046 seconds
[2025-11-27T15:03:05.227-0300] {processor.py:161} INFO - Started process (PID=12143) to work on /Users/davispecia/Documents/GitHub/Pf_pipeline_dados/Projeto_final_fase3/venv/lib/python3.9/site-packages/airflow/example_dags/plugins/listener_plugin.py
[2025-11-27T15:03:05.228-0300] {processor.py:830} INFO - Processing file /Users/davispecia/Documents/GitHub/Pf_pipeline_dados/Projeto_final_fase3/venv/lib/python3.9/site-packages/airflow/example_dags/plugins/listener_plugin.py for tasks to queue
[2025-11-27T15:03:05.228-0300] {logging_mixin.py:188} INFO - [2025-11-27T15:03:05.228-0300] {dagbag.py:545} INFO - Filling up the DagBag from /Users/davispecia/Documents/GitHub/Pf_pipeline_dados/Projeto_final_fase3/venv/lib/python3.9/site-packages/airflow/example_dags/plugins/listener_plugin.py
[2025-11-27T15:03:05.230-0300] {processor.py:842} WARNING - No viable dags retrieved from /Users/davispecia/Documents/GitHub/Pf_pipeline_dados/Projeto_final_fase3/venv/lib/python3.9/site-packages/airflow/example_dags/plugins/listener_plugin.py
[2025-11-27T15:03:05.274-0300] {processor.py:183} INFO - Processing /Users/davispecia/Documents/GitHub/Pf_pipeline_dados/Projeto_final_fase3/venv/lib/python3.9/site-packages/airflow/example_dags/plugins/listener_plugin.py took 0.050 seconds
[2025-11-27T15:04:08.429-0300] {processor.py:161} INFO - Started process (PID=12289) to work on /Users/davispecia/Documents/GitHub/Pf_pipeline_dados/Projeto_final_fase3/venv/lib/python3.9/site-packages/airflow/example_dags/plugins/listener_plugin.py
[2025-11-27T15:04:08.430-0300] {processor.py:830} INFO - Processing file /Users/davispecia/Documents/GitHub/Pf_pipeline_dados/Projeto_final_fase3/venv/lib/python3.9/site-packages/airflow/example_dags/plugins/listener_plugin.py for tasks to queue
[2025-11-27T15:04:08.430-0300] {logging_mixin.py:188} INFO - [2025-11-27T15:04:08.430-0300] {dagbag.py:545} INFO - Filling up the DagBag from /Users/davispecia/Documents/GitHub/Pf_pipeline_dados/Projeto_final_fase3/venv/lib/python3.9/site-packages/airflow/example_dags/plugins/listener_plugin.py
[2025-11-27T15:04:08.431-0300] {processor.py:842} WARNING - No viable dags retrieved from /Users/davispecia/Documents/GitHub/Pf_pipeline_dados/Projeto_final_fase3/venv/lib/python3.9/site-packages/airflow/example_dags/plugins/listener_plugin.py
[2025-11-27T15:04:08.474-0300] {processor.py:183} INFO - Processing /Users/davispecia/Documents/GitHub/Pf_pipeline_dados/Projeto_final_fase3/venv/lib/python3.9/site-packages/airflow/example_dags/plugins/listener_plugin.py took 0.047 seconds
[2025-11-27T15:05:10.627-0300] {processor.py:161} INFO - Started process (PID=12438) to work on /Users/davispecia/Documents/GitHub/Pf_pipeline_dados/Projeto_final_fase3/venv/lib/python3.9/site-packages/airflow/example_dags/plugins/listener_plugin.py
[2025-11-27T15:05:10.627-0300] {processor.py:830} INFO - Processing file /Users/davispecia/Documents/GitHub/Pf_pipeline_dados/Projeto_final_fase3/venv/lib/python3.9/site-packages/airflow/example_dags/plugins/listener_plugin.py for tasks to queue
[2025-11-27T15:05:10.628-0300] {logging_mixin.py:188} INFO - [2025-11-27T15:05:10.628-0300] {dagbag.py:545} INFO - Filling up the DagBag from /Users/davispecia/Documents/GitHub/Pf_pipeline_dados/Projeto_final_fase3/venv/lib/python3.9/site-packages/airflow/example_dags/plugins/listener_plugin.py
[2025-11-27T15:05:10.629-0300] {processor.py:842} WARNING - No viable dags retrieved from /Users/davispecia/Documents/GitHub/Pf_pipeline_dados/Projeto_final_fase3/venv/lib/python3.9/site-packages/airflow/example_dags/plugins/listener_plugin.py
[2025-11-27T15:05:10.672-0300] {processor.py:183} INFO - Processing /Users/davispecia/Documents/GitHub/Pf_pipeline_dados/Projeto_final_fase3/venv/lib/python3.9/site-packages/airflow/example_dags/plugins/listener_plugin.py took 0.047 seconds
[2025-11-27T15:06:13.345-0300] {processor.py:161} INFO - Started process (PID=12586) to work on /Users/davispecia/Documents/GitHub/Pf_pipeline_dados/Projeto_final_fase3/venv/lib/python3.9/site-packages/airflow/example_dags/plugins/listener_plugin.py
[2025-11-27T15:06:13.345-0300] {processor.py:830} INFO - Processing file /Users/davispecia/Documents/GitHub/Pf_pipeline_dados/Projeto_final_fase3/venv/lib/python3.9/site-packages/airflow/example_dags/plugins/listener_plugin.py for tasks to queue
[2025-11-27T15:06:13.345-0300] {logging_mixin.py:188} INFO - [2025-11-27T15:06:13.345-0300] {dagbag.py:545} INFO - Filling up the DagBag from /Users/davispecia/Documents/GitHub/Pf_pipeline_dados/Projeto_final_fase3/venv/lib/python3.9/site-packages/airflow/example_dags/plugins/listener_plugin.py
[2025-11-27T15:06:13.347-0300] {processor.py:842} WARNING - No viable dags retrieved from /Users/davispecia/Documents/GitHub/Pf_pipeline_dados/Projeto_final_fase3/venv/lib/python3.9/site-packages/airflow/example_dags/plugins/listener_plugin.py
[2025-11-27T15:06:13.390-0300] {processor.py:183} INFO - Processing /Users/davispecia/Documents/GitHub/Pf_pipeline_dados/Projeto_final_fase3/venv/lib/python3.9/site-packages/airflow/example_dags/plugins/listener_plugin.py took 0.048 seconds
[2025-11-27T15:07:27.574-0300] {processor.py:161} INFO - Started process (PID=12821) to work on /Users/davispecia/Documents/GitHub/Pf_pipeline_dados/Projeto_final_fase3/venv/lib/python3.9/site-packages/airflow/example_dags/plugins/listener_plugin.py
[2025-11-27T15:07:27.575-0300] {processor.py:830} INFO - Processing file /Users/davispecia/Documents/GitHub/Pf_pipeline_dados/Projeto_final_fase3/venv/lib/python3.9/site-packages/airflow/example_dags/plugins/listener_plugin.py for tasks to queue
[2025-11-27T15:07:27.576-0300] {logging_mixin.py:188} INFO - [2025-11-27T15:07:27.575-0300] {dagbag.py:545} INFO - Filling up the DagBag from /Users/davispecia/Documents/GitHub/Pf_pipeline_dados/Projeto_final_fase3/venv/lib/python3.9/site-packages/airflow/example_dags/plugins/listener_plugin.py
[2025-11-27T15:07:27.577-0300] {processor.py:842} WARNING - No viable dags retrieved from /Users/davispecia/Documents/GitHub/Pf_pipeline_dados/Projeto_final_fase3/venv/lib/python3.9/site-packages/airflow/example_dags/plugins/listener_plugin.py
[2025-11-27T15:07:27.619-0300] {processor.py:183} INFO - Processing /Users/davispecia/Documents/GitHub/Pf_pipeline_dados/Projeto_final_fase3/venv/lib/python3.9/site-packages/airflow/example_dags/plugins/listener_plugin.py took 0.047 seconds
[2025-11-27T15:08:30.547-0300] {processor.py:161} INFO - Started process (PID=12975) to work on /Users/davispecia/Documents/GitHub/Pf_pipeline_dados/Projeto_final_fase3/venv/lib/python3.9/site-packages/airflow/example_dags/plugins/listener_plugin.py
[2025-11-27T15:08:30.548-0300] {processor.py:830} INFO - Processing file /Users/davispecia/Documents/GitHub/Pf_pipeline_dados/Projeto_final_fase3/venv/lib/python3.9/site-packages/airflow/example_dags/plugins/listener_plugin.py for tasks to queue
[2025-11-27T15:08:30.548-0300] {logging_mixin.py:188} INFO - [2025-11-27T15:08:30.548-0300] {dagbag.py:545} INFO - Filling up the DagBag from /Users/davispecia/Documents/GitHub/Pf_pipeline_dados/Projeto_final_fase3/venv/lib/python3.9/site-packages/airflow/example_dags/plugins/listener_plugin.py
[2025-11-27T15:08:30.550-0300] {processor.py:842} WARNING - No viable dags retrieved from /Users/davispecia/Documents/GitHub/Pf_pipeline_dados/Projeto_final_fase3/venv/lib/python3.9/site-packages/airflow/example_dags/plugins/listener_plugin.py
[2025-11-27T15:08:30.592-0300] {processor.py:183} INFO - Processing /Users/davispecia/Documents/GitHub/Pf_pipeline_dados/Projeto_final_fase3/venv/lib/python3.9/site-packages/airflow/example_dags/plugins/listener_plugin.py took 0.046 seconds
[2025-11-27T15:09:33.316-0300] {processor.py:161} INFO - Started process (PID=13128) to work on /Users/davispecia/Documents/GitHub/Pf_pipeline_dados/Projeto_final_fase3/venv/lib/python3.9/site-packages/airflow/example_dags/plugins/listener_plugin.py
[2025-11-27T15:09:33.317-0300] {processor.py:830} INFO - Processing file /Users/davispecia/Documents/GitHub/Pf_pipeline_dados/Projeto_final_fase3/venv/lib/python3.9/site-packages/airflow/example_dags/plugins/listener_plugin.py for tasks to queue
[2025-11-27T15:09:33.317-0300] {logging_mixin.py:188} INFO - [2025-11-27T15:09:33.317-0300] {dagbag.py:545} INFO - Filling up the DagBag from /Users/davispecia/Documents/GitHub/Pf_pipeline_dados/Projeto_final_fase3/venv/lib/python3.9/site-packages/airflow/example_dags/plugins/listener_plugin.py
[2025-11-27T15:09:33.318-0300] {processor.py:842} WARNING - No viable dags retrieved from /Users/davispecia/Documents/GitHub/Pf_pipeline_dados/Projeto_final_fase3/venv/lib/python3.9/site-packages/airflow/example_dags/plugins/listener_plugin.py
[2025-11-27T15:09:33.361-0300] {processor.py:183} INFO - Processing /Users/davispecia/Documents/GitHub/Pf_pipeline_dados/Projeto_final_fase3/venv/lib/python3.9/site-packages/airflow/example_dags/plugins/listener_plugin.py took 0.047 seconds
[2025-11-27T15:10:36.262-0300] {processor.py:161} INFO - Started process (PID=13276) to work on /Users/davispecia/Documents/GitHub/Pf_pipeline_dados/Projeto_final_fase3/venv/lib/python3.9/site-packages/airflow/example_dags/plugins/listener_plugin.py
[2025-11-27T15:10:36.262-0300] {processor.py:830} INFO - Processing file /Users/davispecia/Documents/GitHub/Pf_pipeline_dados/Projeto_final_fase3/venv/lib/python3.9/site-packages/airflow/example_dags/plugins/listener_plugin.py for tasks to queue
[2025-11-27T15:10:36.263-0300] {logging_mixin.py:188} INFO - [2025-11-27T15:10:36.262-0300] {dagbag.py:545} INFO - Filling up the DagBag from /Users/davispecia/Documents/GitHub/Pf_pipeline_dados/Projeto_final_fase3/venv/lib/python3.9/site-packages/airflow/example_dags/plugins/listener_plugin.py
[2025-11-27T15:10:36.264-0300] {processor.py:842} WARNING - No viable dags retrieved from /Users/davispecia/Documents/GitHub/Pf_pipeline_dados/Projeto_final_fase3/venv/lib/python3.9/site-packages/airflow/example_dags/plugins/listener_plugin.py
[2025-11-27T15:10:36.307-0300] {processor.py:183} INFO - Processing /Users/davispecia/Documents/GitHub/Pf_pipeline_dados/Projeto_final_fase3/venv/lib/python3.9/site-packages/airflow/example_dags/plugins/listener_plugin.py took 0.047 seconds
[2025-11-27T15:11:40.295-0300] {processor.py:161} INFO - Started process (PID=13440) to work on /Users/davispecia/Documents/GitHub/Pf_pipeline_dados/Projeto_final_fase3/venv/lib/python3.9/site-packages/airflow/example_dags/plugins/listener_plugin.py
[2025-11-27T15:11:40.296-0300] {processor.py:830} INFO - Processing file /Users/davispecia/Documents/GitHub/Pf_pipeline_dados/Projeto_final_fase3/venv/lib/python3.9/site-packages/airflow/example_dags/plugins/listener_plugin.py for tasks to queue
[2025-11-27T15:11:40.296-0300] {logging_mixin.py:188} INFO - [2025-11-27T15:11:40.296-0300] {dagbag.py:545} INFO - Filling up the DagBag from /Users/davispecia/Documents/GitHub/Pf_pipeline_dados/Projeto_final_fase3/venv/lib/python3.9/site-packages/airflow/example_dags/plugins/listener_plugin.py
[2025-11-27T15:11:40.297-0300] {processor.py:842} WARNING - No viable dags retrieved from /Users/davispecia/Documents/GitHub/Pf_pipeline_dados/Projeto_final_fase3/venv/lib/python3.9/site-packages/airflow/example_dags/plugins/listener_plugin.py
[2025-11-27T15:11:40.339-0300] {processor.py:183} INFO - Processing /Users/davispecia/Documents/GitHub/Pf_pipeline_dados/Projeto_final_fase3/venv/lib/python3.9/site-packages/airflow/example_dags/plugins/listener_plugin.py took 0.046 seconds
[2025-11-27T15:12:52.413-0300] {processor.py:161} INFO - Started process (PID=13741) to work on /Users/davispecia/Documents/GitHub/Pf_pipeline_dados/Projeto_final_fase3/venv/lib/python3.9/site-packages/airflow/example_dags/plugins/listener_plugin.py
[2025-11-27T15:12:52.413-0300] {processor.py:830} INFO - Processing file /Users/davispecia/Documents/GitHub/Pf_pipeline_dados/Projeto_final_fase3/venv/lib/python3.9/site-packages/airflow/example_dags/plugins/listener_plugin.py for tasks to queue
[2025-11-27T15:12:52.414-0300] {logging_mixin.py:188} INFO - [2025-11-27T15:12:52.414-0300] {dagbag.py:545} INFO - Filling up the DagBag from /Users/davispecia/Documents/GitHub/Pf_pipeline_dados/Projeto_final_fase3/venv/lib/python3.9/site-packages/airflow/example_dags/plugins/listener_plugin.py
[2025-11-27T15:12:52.415-0300] {processor.py:842} WARNING - No viable dags retrieved from /Users/davispecia/Documents/GitHub/Pf_pipeline_dados/Projeto_final_fase3/venv/lib/python3.9/site-packages/airflow/example_dags/plugins/listener_plugin.py
[2025-11-27T15:12:52.457-0300] {processor.py:183} INFO - Processing /Users/davispecia/Documents/GitHub/Pf_pipeline_dados/Projeto_final_fase3/venv/lib/python3.9/site-packages/airflow/example_dags/plugins/listener_plugin.py took 0.046 seconds
[2025-11-27T15:13:51.834-0300] {processor.py:161} INFO - Started process (PID=13898) to work on /Users/davispecia/Documents/GitHub/Pf_pipeline_dados/Projeto_final_fase3/venv/lib/python3.9/site-packages/airflow/example_dags/plugins/listener_plugin.py
[2025-11-27T15:13:51.834-0300] {processor.py:830} INFO - Processing file /Users/davispecia/Documents/GitHub/Pf_pipeline_dados/Projeto_final_fase3/venv/lib/python3.9/site-packages/airflow/example_dags/plugins/listener_plugin.py for tasks to queue
[2025-11-27T15:13:51.835-0300] {logging_mixin.py:188} INFO - [2025-11-27T15:13:51.835-0300] {dagbag.py:545} INFO - Filling up the DagBag from /Users/davispecia/Documents/GitHub/Pf_pipeline_dados/Projeto_final_fase3/venv/lib/python3.9/site-packages/airflow/example_dags/plugins/listener_plugin.py
[2025-11-27T15:13:51.836-0300] {processor.py:842} WARNING - No viable dags retrieved from /Users/davispecia/Documents/GitHub/Pf_pipeline_dados/Projeto_final_fase3/venv/lib/python3.9/site-packages/airflow/example_dags/plugins/listener_plugin.py
[2025-11-27T15:13:51.878-0300] {processor.py:183} INFO - Processing /Users/davispecia/Documents/GitHub/Pf_pipeline_dados/Projeto_final_fase3/venv/lib/python3.9/site-packages/airflow/example_dags/plugins/listener_plugin.py took 0.046 seconds
[2025-11-27T15:14:48.424-0300] {processor.py:161} INFO - Started process (PID=14039) to work on /Users/davispecia/Documents/GitHub/Pf_pipeline_dados/Projeto_final_fase3/venv/lib/python3.9/site-packages/airflow/example_dags/plugins/listener_plugin.py
[2025-11-27T15:14:48.425-0300] {processor.py:830} INFO - Processing file /Users/davispecia/Documents/GitHub/Pf_pipeline_dados/Projeto_final_fase3/venv/lib/python3.9/site-packages/airflow/example_dags/plugins/listener_plugin.py for tasks to queue
[2025-11-27T15:14:48.425-0300] {logging_mixin.py:188} INFO - [2025-11-27T15:14:48.425-0300] {dagbag.py:545} INFO - Filling up the DagBag from /Users/davispecia/Documents/GitHub/Pf_pipeline_dados/Projeto_final_fase3/venv/lib/python3.9/site-packages/airflow/example_dags/plugins/listener_plugin.py
[2025-11-27T15:14:48.426-0300] {processor.py:842} WARNING - No viable dags retrieved from /Users/davispecia/Documents/GitHub/Pf_pipeline_dados/Projeto_final_fase3/venv/lib/python3.9/site-packages/airflow/example_dags/plugins/listener_plugin.py
[2025-11-27T15:14:48.468-0300] {processor.py:183} INFO - Processing /Users/davispecia/Documents/GitHub/Pf_pipeline_dados/Projeto_final_fase3/venv/lib/python3.9/site-packages/airflow/example_dags/plugins/listener_plugin.py took 0.046 seconds
[2025-11-27T15:15:47.052-0300] {processor.py:161} INFO - Started process (PID=14179) to work on /Users/davispecia/Documents/GitHub/Pf_pipeline_dados/Projeto_final_fase3/venv/lib/python3.9/site-packages/airflow/example_dags/plugins/listener_plugin.py
[2025-11-27T15:15:47.052-0300] {processor.py:830} INFO - Processing file /Users/davispecia/Documents/GitHub/Pf_pipeline_dados/Projeto_final_fase3/venv/lib/python3.9/site-packages/airflow/example_dags/plugins/listener_plugin.py for tasks to queue
[2025-11-27T15:15:47.053-0300] {logging_mixin.py:188} INFO - [2025-11-27T15:15:47.052-0300] {dagbag.py:545} INFO - Filling up the DagBag from /Users/davispecia/Documents/GitHub/Pf_pipeline_dados/Projeto_final_fase3/venv/lib/python3.9/site-packages/airflow/example_dags/plugins/listener_plugin.py
[2025-11-27T15:15:47.054-0300] {processor.py:842} WARNING - No viable dags retrieved from /Users/davispecia/Documents/GitHub/Pf_pipeline_dados/Projeto_final_fase3/venv/lib/python3.9/site-packages/airflow/example_dags/plugins/listener_plugin.py
[2025-11-27T15:15:47.097-0300] {processor.py:183} INFO - Processing /Users/davispecia/Documents/GitHub/Pf_pipeline_dados/Projeto_final_fase3/venv/lib/python3.9/site-packages/airflow/example_dags/plugins/listener_plugin.py took 0.048 seconds
[2025-11-27T15:16:49.001-0300] {processor.py:161} INFO - Started process (PID=14329) to work on /Users/davispecia/Documents/GitHub/Pf_pipeline_dados/Projeto_final_fase3/venv/lib/python3.9/site-packages/airflow/example_dags/plugins/listener_plugin.py
[2025-11-27T15:16:49.001-0300] {processor.py:830} INFO - Processing file /Users/davispecia/Documents/GitHub/Pf_pipeline_dados/Projeto_final_fase3/venv/lib/python3.9/site-packages/airflow/example_dags/plugins/listener_plugin.py for tasks to queue
[2025-11-27T15:16:49.002-0300] {logging_mixin.py:188} INFO - [2025-11-27T15:16:49.002-0300] {dagbag.py:545} INFO - Filling up the DagBag from /Users/davispecia/Documents/GitHub/Pf_pipeline_dados/Projeto_final_fase3/venv/lib/python3.9/site-packages/airflow/example_dags/plugins/listener_plugin.py
[2025-11-27T15:16:49.003-0300] {processor.py:842} WARNING - No viable dags retrieved from /Users/davispecia/Documents/GitHub/Pf_pipeline_dados/Projeto_final_fase3/venv/lib/python3.9/site-packages/airflow/example_dags/plugins/listener_plugin.py
[2025-11-27T15:16:49.046-0300] {processor.py:183} INFO - Processing /Users/davispecia/Documents/GitHub/Pf_pipeline_dados/Projeto_final_fase3/venv/lib/python3.9/site-packages/airflow/example_dags/plugins/listener_plugin.py took 0.047 seconds
[2025-11-27T15:18:00.255-0300] {processor.py:161} INFO - Started process (PID=14564) to work on /Users/davispecia/Documents/GitHub/Pf_pipeline_dados/Projeto_final_fase3/venv/lib/python3.9/site-packages/airflow/example_dags/plugins/listener_plugin.py
[2025-11-27T15:18:00.257-0300] {processor.py:830} INFO - Processing file /Users/davispecia/Documents/GitHub/Pf_pipeline_dados/Projeto_final_fase3/venv/lib/python3.9/site-packages/airflow/example_dags/plugins/listener_plugin.py for tasks to queue
[2025-11-27T15:18:00.257-0300] {logging_mixin.py:188} INFO - [2025-11-27T15:18:00.257-0300] {dagbag.py:545} INFO - Filling up the DagBag from /Users/davispecia/Documents/GitHub/Pf_pipeline_dados/Projeto_final_fase3/venv/lib/python3.9/site-packages/airflow/example_dags/plugins/listener_plugin.py
[2025-11-27T15:18:00.259-0300] {processor.py:842} WARNING - No viable dags retrieved from /Users/davispecia/Documents/GitHub/Pf_pipeline_dados/Projeto_final_fase3/venv/lib/python3.9/site-packages/airflow/example_dags/plugins/listener_plugin.py
[2025-11-27T15:18:00.301-0300] {processor.py:183} INFO - Processing /Users/davispecia/Documents/GitHub/Pf_pipeline_dados/Projeto_final_fase3/venv/lib/python3.9/site-packages/airflow/example_dags/plugins/listener_plugin.py took 0.048 seconds
[2025-11-27T15:18:58.596-0300] {processor.py:161} INFO - Started process (PID=14703) to work on /Users/davispecia/Documents/GitHub/Pf_pipeline_dados/Projeto_final_fase3/venv/lib/python3.9/site-packages/airflow/example_dags/plugins/listener_plugin.py
[2025-11-27T15:18:58.597-0300] {processor.py:830} INFO - Processing file /Users/davispecia/Documents/GitHub/Pf_pipeline_dados/Projeto_final_fase3/venv/lib/python3.9/site-packages/airflow/example_dags/plugins/listener_plugin.py for tasks to queue
[2025-11-27T15:18:58.597-0300] {logging_mixin.py:188} INFO - [2025-11-27T15:18:58.597-0300] {dagbag.py:545} INFO - Filling up the DagBag from /Users/davispecia/Documents/GitHub/Pf_pipeline_dados/Projeto_final_fase3/venv/lib/python3.9/site-packages/airflow/example_dags/plugins/listener_plugin.py
[2025-11-27T15:18:58.599-0300] {processor.py:842} WARNING - No viable dags retrieved from /Users/davispecia/Documents/GitHub/Pf_pipeline_dados/Projeto_final_fase3/venv/lib/python3.9/site-packages/airflow/example_dags/plugins/listener_plugin.py
[2025-11-27T15:18:58.642-0300] {processor.py:183} INFO - Processing /Users/davispecia/Documents/GitHub/Pf_pipeline_dados/Projeto_final_fase3/venv/lib/python3.9/site-packages/airflow/example_dags/plugins/listener_plugin.py took 0.048 seconds
[2025-11-27T15:19:59.895-0300] {processor.py:161} INFO - Started process (PID=14862) to work on /Users/davispecia/Documents/GitHub/Pf_pipeline_dados/Projeto_final_fase3/venv/lib/python3.9/site-packages/airflow/example_dags/plugins/listener_plugin.py
[2025-11-27T15:19:59.896-0300] {processor.py:830} INFO - Processing file /Users/davispecia/Documents/GitHub/Pf_pipeline_dados/Projeto_final_fase3/venv/lib/python3.9/site-packages/airflow/example_dags/plugins/listener_plugin.py for tasks to queue
[2025-11-27T15:19:59.896-0300] {logging_mixin.py:188} INFO - [2025-11-27T15:19:59.896-0300] {dagbag.py:545} INFO - Filling up the DagBag from /Users/davispecia/Documents/GitHub/Pf_pipeline_dados/Projeto_final_fase3/venv/lib/python3.9/site-packages/airflow/example_dags/plugins/listener_plugin.py
[2025-11-27T15:19:59.898-0300] {processor.py:842} WARNING - No viable dags retrieved from /Users/davispecia/Documents/GitHub/Pf_pipeline_dados/Projeto_final_fase3/venv/lib/python3.9/site-packages/airflow/example_dags/plugins/listener_plugin.py
[2025-11-27T15:19:59.943-0300] {processor.py:183} INFO - Processing /Users/davispecia/Documents/GitHub/Pf_pipeline_dados/Projeto_final_fase3/venv/lib/python3.9/site-packages/airflow/example_dags/plugins/listener_plugin.py took 0.049 seconds
[2025-11-27T15:24:44.382-0300] {processor.py:161} INFO - Started process (PID=15133) to work on /Users/davispecia/Documents/GitHub/Pf_pipeline_dados/Projeto_final_fase3/venv/lib/python3.9/site-packages/airflow/example_dags/plugins/listener_plugin.py
[2025-11-27T15:24:44.384-0300] {processor.py:830} INFO - Processing file /Users/davispecia/Documents/GitHub/Pf_pipeline_dados/Projeto_final_fase3/venv/lib/python3.9/site-packages/airflow/example_dags/plugins/listener_plugin.py for tasks to queue
[2025-11-27T15:24:44.385-0300] {logging_mixin.py:188} INFO - [2025-11-27T15:24:44.385-0300] {dagbag.py:545} INFO - Filling up the DagBag from /Users/davispecia/Documents/GitHub/Pf_pipeline_dados/Projeto_final_fase3/venv/lib/python3.9/site-packages/airflow/example_dags/plugins/listener_plugin.py
[2025-11-27T15:24:44.386-0300] {processor.py:842} WARNING - No viable dags retrieved from /Users/davispecia/Documents/GitHub/Pf_pipeline_dados/Projeto_final_fase3/venv/lib/python3.9/site-packages/airflow/example_dags/plugins/listener_plugin.py
[2025-11-27T15:24:44.430-0300] {processor.py:183} INFO - Processing /Users/davispecia/Documents/GitHub/Pf_pipeline_dados/Projeto_final_fase3/venv/lib/python3.9/site-packages/airflow/example_dags/plugins/listener_plugin.py took 0.050 seconds
[2025-11-27T15:25:46.089-0300] {processor.py:161} INFO - Started process (PID=15298) to work on /Users/davispecia/Documents/GitHub/Pf_pipeline_dados/Projeto_final_fase3/venv/lib/python3.9/site-packages/airflow/example_dags/plugins/listener_plugin.py
[2025-11-27T15:25:46.090-0300] {processor.py:830} INFO - Processing file /Users/davispecia/Documents/GitHub/Pf_pipeline_dados/Projeto_final_fase3/venv/lib/python3.9/site-packages/airflow/example_dags/plugins/listener_plugin.py for tasks to queue
[2025-11-27T15:25:46.090-0300] {logging_mixin.py:188} INFO - [2025-11-27T15:25:46.090-0300] {dagbag.py:545} INFO - Filling up the DagBag from /Users/davispecia/Documents/GitHub/Pf_pipeline_dados/Projeto_final_fase3/venv/lib/python3.9/site-packages/airflow/example_dags/plugins/listener_plugin.py
[2025-11-27T15:25:46.092-0300] {processor.py:842} WARNING - No viable dags retrieved from /Users/davispecia/Documents/GitHub/Pf_pipeline_dados/Projeto_final_fase3/venv/lib/python3.9/site-packages/airflow/example_dags/plugins/listener_plugin.py
[2025-11-27T15:25:46.135-0300] {processor.py:183} INFO - Processing /Users/davispecia/Documents/GitHub/Pf_pipeline_dados/Projeto_final_fase3/venv/lib/python3.9/site-packages/airflow/example_dags/plugins/listener_plugin.py took 0.048 seconds
[2025-11-27T15:26:46.835-0300] {processor.py:161} INFO - Started process (PID=15446) to work on /Users/davispecia/Documents/GitHub/Pf_pipeline_dados/Projeto_final_fase3/venv/lib/python3.9/site-packages/airflow/example_dags/plugins/listener_plugin.py
[2025-11-27T15:26:46.836-0300] {processor.py:830} INFO - Processing file /Users/davispecia/Documents/GitHub/Pf_pipeline_dados/Projeto_final_fase3/venv/lib/python3.9/site-packages/airflow/example_dags/plugins/listener_plugin.py for tasks to queue
[2025-11-27T15:26:46.836-0300] {logging_mixin.py:188} INFO - [2025-11-27T15:26:46.836-0300] {dagbag.py:545} INFO - Filling up the DagBag from /Users/davispecia/Documents/GitHub/Pf_pipeline_dados/Projeto_final_fase3/venv/lib/python3.9/site-packages/airflow/example_dags/plugins/listener_plugin.py
[2025-11-27T15:26:46.838-0300] {processor.py:842} WARNING - No viable dags retrieved from /Users/davispecia/Documents/GitHub/Pf_pipeline_dados/Projeto_final_fase3/venv/lib/python3.9/site-packages/airflow/example_dags/plugins/listener_plugin.py
[2025-11-27T15:26:46.882-0300] {processor.py:183} INFO - Processing /Users/davispecia/Documents/GitHub/Pf_pipeline_dados/Projeto_final_fase3/venv/lib/python3.9/site-packages/airflow/example_dags/plugins/listener_plugin.py took 0.050 seconds
