[2025-11-27T11:11:35.421-0300] {processor.py:161} INFO - Started process (PID=88653) to work on /Users/davispecia/Documents/GitHub/Pf_pipeline_dados/Projeto_final_fase3/venv/lib/python3.9/site-packages/airflow/example_dags/plugins/workday.py
[2025-11-27T11:11:35.422-0300] {processor.py:830} INFO - Processing file /Users/davispecia/Documents/GitHub/Pf_pipeline_dados/Projeto_final_fase3/venv/lib/python3.9/site-packages/airflow/example_dags/plugins/workday.py for tasks to queue
[2025-11-27T11:11:35.422-0300] {logging_mixin.py:188} INFO - [2025-11-27T11:11:35.422-0300] {dagbag.py:545} INFO - Filling up the DagBag from /Users/davispecia/Documents/GitHub/Pf_pipeline_dados/Projeto_final_fase3/venv/lib/python3.9/site-packages/airflow/example_dags/plugins/workday.py
[2025-11-27T11:11:44.133-0300] {processor.py:842} WARNING - No viable dags retrieved from /Users/davispecia/Documents/GitHub/Pf_pipeline_dados/Projeto_final_fase3/venv/lib/python3.9/site-packages/airflow/example_dags/plugins/workday.py
[2025-11-27T11:11:44.182-0300] {processor.py:183} INFO - Processing /Users/davispecia/Documents/GitHub/Pf_pipeline_dados/Projeto_final_fase3/venv/lib/python3.9/site-packages/airflow/example_dags/plugins/workday.py took 8.763 seconds
[2025-11-27T11:13:21.350-0300] {processor.py:161} INFO - Started process (PID=89041) to work on /Users/davispecia/Documents/GitHub/Pf_pipeline_dados/Projeto_final_fase3/venv/lib/python3.9/site-packages/airflow/example_dags/plugins/workday.py
[2025-11-27T11:13:21.351-0300] {processor.py:830} INFO - Processing file /Users/davispecia/Documents/GitHub/Pf_pipeline_dados/Projeto_final_fase3/venv/lib/python3.9/site-packages/airflow/example_dags/plugins/workday.py for tasks to queue
[2025-11-27T11:13:21.352-0300] {logging_mixin.py:188} INFO - [2025-11-27T11:13:21.352-0300] {dagbag.py:545} INFO - Filling up the DagBag from /Users/davispecia/Documents/GitHub/Pf_pipeline_dados/Projeto_final_fase3/venv/lib/python3.9/site-packages/airflow/example_dags/plugins/workday.py
[2025-11-27T11:13:30.201-0300] {processor.py:842} WARNING - No viable dags retrieved from /Users/davispecia/Documents/GitHub/Pf_pipeline_dados/Projeto_final_fase3/venv/lib/python3.9/site-packages/airflow/example_dags/plugins/workday.py
[2025-11-27T11:13:30.246-0300] {processor.py:183} INFO - Processing /Users/davispecia/Documents/GitHub/Pf_pipeline_dados/Projeto_final_fase3/venv/lib/python3.9/site-packages/airflow/example_dags/plugins/workday.py took 8.898 seconds
[2025-11-27T11:14:31.184-0300] {processor.py:161} INFO - Started process (PID=89595) to work on /Users/davispecia/Documents/GitHub/Pf_pipeline_dados/Projeto_final_fase3/venv/lib/python3.9/site-packages/airflow/example_dags/plugins/workday.py
[2025-11-27T11:14:31.185-0300] {processor.py:830} INFO - Processing file /Users/davispecia/Documents/GitHub/Pf_pipeline_dados/Projeto_final_fase3/venv/lib/python3.9/site-packages/airflow/example_dags/plugins/workday.py for tasks to queue
[2025-11-27T11:14:31.185-0300] {logging_mixin.py:188} INFO - [2025-11-27T11:14:31.185-0300] {dagbag.py:545} INFO - Filling up the DagBag from /Users/davispecia/Documents/GitHub/Pf_pipeline_dados/Projeto_final_fase3/venv/lib/python3.9/site-packages/airflow/example_dags/plugins/workday.py
[2025-11-27T11:14:31.676-0300] {processor.py:842} WARNING - No viable dags retrieved from /Users/davispecia/Documents/GitHub/Pf_pipeline_dados/Projeto_final_fase3/venv/lib/python3.9/site-packages/airflow/example_dags/plugins/workday.py
[2025-11-27T11:14:31.721-0300] {processor.py:183} INFO - Processing /Users/davispecia/Documents/GitHub/Pf_pipeline_dados/Projeto_final_fase3/venv/lib/python3.9/site-packages/airflow/example_dags/plugins/workday.py took 0.539 seconds
[2025-11-27T11:15:59.587-0300] {processor.py:161} INFO - Started process (PID=90411) to work on /Users/davispecia/Documents/GitHub/Pf_pipeline_dados/Projeto_final_fase3/venv/lib/python3.9/site-packages/airflow/example_dags/plugins/workday.py
[2025-11-27T11:15:59.589-0300] {processor.py:830} INFO - Processing file /Users/davispecia/Documents/GitHub/Pf_pipeline_dados/Projeto_final_fase3/venv/lib/python3.9/site-packages/airflow/example_dags/plugins/workday.py for tasks to queue
[2025-11-27T11:15:59.589-0300] {logging_mixin.py:188} INFO - [2025-11-27T11:15:59.589-0300] {dagbag.py:545} INFO - Filling up the DagBag from /Users/davispecia/Documents/GitHub/Pf_pipeline_dados/Projeto_final_fase3/venv/lib/python3.9/site-packages/airflow/example_dags/plugins/workday.py
[2025-11-27T11:15:59.800-0300] {processor.py:842} WARNING - No viable dags retrieved from /Users/davispecia/Documents/GitHub/Pf_pipeline_dados/Projeto_final_fase3/venv/lib/python3.9/site-packages/airflow/example_dags/plugins/workday.py
[2025-11-27T11:15:59.845-0300] {processor.py:183} INFO - Processing /Users/davispecia/Documents/GitHub/Pf_pipeline_dados/Projeto_final_fase3/venv/lib/python3.9/site-packages/airflow/example_dags/plugins/workday.py took 0.260 seconds
[2025-11-27T11:17:59.067-0300] {processor.py:161} INFO - Started process (PID=91064) to work on /Users/davispecia/Documents/GitHub/Pf_pipeline_dados/Projeto_final_fase3/venv/lib/python3.9/site-packages/airflow/example_dags/plugins/workday.py
[2025-11-27T11:17:59.068-0300] {processor.py:830} INFO - Processing file /Users/davispecia/Documents/GitHub/Pf_pipeline_dados/Projeto_final_fase3/venv/lib/python3.9/site-packages/airflow/example_dags/plugins/workday.py for tasks to queue
[2025-11-27T11:17:59.069-0300] {logging_mixin.py:188} INFO - [2025-11-27T11:17:59.068-0300] {dagbag.py:545} INFO - Filling up the DagBag from /Users/davispecia/Documents/GitHub/Pf_pipeline_dados/Projeto_final_fase3/venv/lib/python3.9/site-packages/airflow/example_dags/plugins/workday.py
[2025-11-27T11:17:59.519-0300] {processor.py:842} WARNING - No viable dags retrieved from /Users/davispecia/Documents/GitHub/Pf_pipeline_dados/Projeto_final_fase3/venv/lib/python3.9/site-packages/airflow/example_dags/plugins/workday.py
[2025-11-27T11:17:59.563-0300] {processor.py:183} INFO - Processing /Users/davispecia/Documents/GitHub/Pf_pipeline_dados/Projeto_final_fase3/venv/lib/python3.9/site-packages/airflow/example_dags/plugins/workday.py took 0.498 seconds
[2025-11-27T11:19:03.985-0300] {processor.py:161} INFO - Started process (PID=91219) to work on /Users/davispecia/Documents/GitHub/Pf_pipeline_dados/Projeto_final_fase3/venv/lib/python3.9/site-packages/airflow/example_dags/plugins/workday.py
[2025-11-27T11:19:03.986-0300] {processor.py:830} INFO - Processing file /Users/davispecia/Documents/GitHub/Pf_pipeline_dados/Projeto_final_fase3/venv/lib/python3.9/site-packages/airflow/example_dags/plugins/workday.py for tasks to queue
[2025-11-27T11:19:03.986-0300] {logging_mixin.py:188} INFO - [2025-11-27T11:19:03.986-0300] {dagbag.py:545} INFO - Filling up the DagBag from /Users/davispecia/Documents/GitHub/Pf_pipeline_dados/Projeto_final_fase3/venv/lib/python3.9/site-packages/airflow/example_dags/plugins/workday.py
[2025-11-27T11:19:13.016-0300] {processor.py:842} WARNING - No viable dags retrieved from /Users/davispecia/Documents/GitHub/Pf_pipeline_dados/Projeto_final_fase3/venv/lib/python3.9/site-packages/airflow/example_dags/plugins/workday.py
[2025-11-27T11:19:13.065-0300] {processor.py:183} INFO - Processing /Users/davispecia/Documents/GitHub/Pf_pipeline_dados/Projeto_final_fase3/venv/lib/python3.9/site-packages/airflow/example_dags/plugins/workday.py took 9.082 seconds
[2025-11-27T11:20:15.448-0300] {processor.py:161} INFO - Started process (PID=91454) to work on /Users/davispecia/Documents/GitHub/Pf_pipeline_dados/Projeto_final_fase3/venv/lib/python3.9/site-packages/airflow/example_dags/plugins/workday.py
[2025-11-27T11:20:15.450-0300] {processor.py:830} INFO - Processing file /Users/davispecia/Documents/GitHub/Pf_pipeline_dados/Projeto_final_fase3/venv/lib/python3.9/site-packages/airflow/example_dags/plugins/workday.py for tasks to queue
[2025-11-27T11:20:15.450-0300] {logging_mixin.py:188} INFO - [2025-11-27T11:20:15.450-0300] {dagbag.py:545} INFO - Filling up the DagBag from /Users/davispecia/Documents/GitHub/Pf_pipeline_dados/Projeto_final_fase3/venv/lib/python3.9/site-packages/airflow/example_dags/plugins/workday.py
[2025-11-27T11:20:15.873-0300] {processor.py:842} WARNING - No viable dags retrieved from /Users/davispecia/Documents/GitHub/Pf_pipeline_dados/Projeto_final_fase3/venv/lib/python3.9/site-packages/airflow/example_dags/plugins/workday.py
[2025-11-27T11:20:15.917-0300] {processor.py:183} INFO - Processing /Users/davispecia/Documents/GitHub/Pf_pipeline_dados/Projeto_final_fase3/venv/lib/python3.9/site-packages/airflow/example_dags/plugins/workday.py took 0.471 seconds
[2025-11-27T11:21:18.987-0300] {processor.py:161} INFO - Started process (PID=91614) to work on /Users/davispecia/Documents/GitHub/Pf_pipeline_dados/Projeto_final_fase3/venv/lib/python3.9/site-packages/airflow/example_dags/plugins/workday.py
[2025-11-27T11:21:18.989-0300] {processor.py:830} INFO - Processing file /Users/davispecia/Documents/GitHub/Pf_pipeline_dados/Projeto_final_fase3/venv/lib/python3.9/site-packages/airflow/example_dags/plugins/workday.py for tasks to queue
[2025-11-27T11:21:18.989-0300] {logging_mixin.py:188} INFO - [2025-11-27T11:21:18.989-0300] {dagbag.py:545} INFO - Filling up the DagBag from /Users/davispecia/Documents/GitHub/Pf_pipeline_dados/Projeto_final_fase3/venv/lib/python3.9/site-packages/airflow/example_dags/plugins/workday.py
[2025-11-27T11:21:19.418-0300] {processor.py:842} WARNING - No viable dags retrieved from /Users/davispecia/Documents/GitHub/Pf_pipeline_dados/Projeto_final_fase3/venv/lib/python3.9/site-packages/airflow/example_dags/plugins/workday.py
[2025-11-27T11:21:19.463-0300] {processor.py:183} INFO - Processing /Users/davispecia/Documents/GitHub/Pf_pipeline_dados/Projeto_final_fase3/venv/lib/python3.9/site-packages/airflow/example_dags/plugins/workday.py took 0.477 seconds
[2025-11-27T11:22:18.418-0300] {processor.py:161} INFO - Started process (PID=91757) to work on /Users/davispecia/Documents/GitHub/Pf_pipeline_dados/Projeto_final_fase3/venv/lib/python3.9/site-packages/airflow/example_dags/plugins/workday.py
[2025-11-27T11:22:18.420-0300] {processor.py:830} INFO - Processing file /Users/davispecia/Documents/GitHub/Pf_pipeline_dados/Projeto_final_fase3/venv/lib/python3.9/site-packages/airflow/example_dags/plugins/workday.py for tasks to queue
[2025-11-27T11:22:18.420-0300] {logging_mixin.py:188} INFO - [2025-11-27T11:22:18.420-0300] {dagbag.py:545} INFO - Filling up the DagBag from /Users/davispecia/Documents/GitHub/Pf_pipeline_dados/Projeto_final_fase3/venv/lib/python3.9/site-packages/airflow/example_dags/plugins/workday.py
[2025-11-27T11:22:18.839-0300] {processor.py:842} WARNING - No viable dags retrieved from /Users/davispecia/Documents/GitHub/Pf_pipeline_dados/Projeto_final_fase3/venv/lib/python3.9/site-packages/airflow/example_dags/plugins/workday.py
[2025-11-27T11:22:18.884-0300] {processor.py:183} INFO - Processing /Users/davispecia/Documents/GitHub/Pf_pipeline_dados/Projeto_final_fase3/venv/lib/python3.9/site-packages/airflow/example_dags/plugins/workday.py took 0.468 seconds
[2025-11-27T11:23:22.583-0300] {processor.py:161} INFO - Started process (PID=91919) to work on /Users/davispecia/Documents/GitHub/Pf_pipeline_dados/Projeto_final_fase3/venv/lib/python3.9/site-packages/airflow/example_dags/plugins/workday.py
[2025-11-27T11:23:22.584-0300] {processor.py:830} INFO - Processing file /Users/davispecia/Documents/GitHub/Pf_pipeline_dados/Projeto_final_fase3/venv/lib/python3.9/site-packages/airflow/example_dags/plugins/workday.py for tasks to queue
[2025-11-27T11:23:22.584-0300] {logging_mixin.py:188} INFO - [2025-11-27T11:23:22.584-0300] {dagbag.py:545} INFO - Filling up the DagBag from /Users/davispecia/Documents/GitHub/Pf_pipeline_dados/Projeto_final_fase3/venv/lib/python3.9/site-packages/airflow/example_dags/plugins/workday.py
[2025-11-27T11:23:23.033-0300] {processor.py:842} WARNING - No viable dags retrieved from /Users/davispecia/Documents/GitHub/Pf_pipeline_dados/Projeto_final_fase3/venv/lib/python3.9/site-packages/airflow/example_dags/plugins/workday.py
[2025-11-27T11:23:23.078-0300] {processor.py:183} INFO - Processing /Users/davispecia/Documents/GitHub/Pf_pipeline_dados/Projeto_final_fase3/venv/lib/python3.9/site-packages/airflow/example_dags/plugins/workday.py took 0.497 seconds
[2025-11-27T11:24:23.330-0300] {processor.py:161} INFO - Started process (PID=92061) to work on /Users/davispecia/Documents/GitHub/Pf_pipeline_dados/Projeto_final_fase3/venv/lib/python3.9/site-packages/airflow/example_dags/plugins/workday.py
[2025-11-27T11:24:23.331-0300] {processor.py:830} INFO - Processing file /Users/davispecia/Documents/GitHub/Pf_pipeline_dados/Projeto_final_fase3/venv/lib/python3.9/site-packages/airflow/example_dags/plugins/workday.py for tasks to queue
[2025-11-27T11:24:23.331-0300] {logging_mixin.py:188} INFO - [2025-11-27T11:24:23.331-0300] {dagbag.py:545} INFO - Filling up the DagBag from /Users/davispecia/Documents/GitHub/Pf_pipeline_dados/Projeto_final_fase3/venv/lib/python3.9/site-packages/airflow/example_dags/plugins/workday.py
[2025-11-27T11:24:23.738-0300] {processor.py:842} WARNING - No viable dags retrieved from /Users/davispecia/Documents/GitHub/Pf_pipeline_dados/Projeto_final_fase3/venv/lib/python3.9/site-packages/airflow/example_dags/plugins/workday.py
[2025-11-27T11:24:23.783-0300] {processor.py:183} INFO - Processing /Users/davispecia/Documents/GitHub/Pf_pipeline_dados/Projeto_final_fase3/venv/lib/python3.9/site-packages/airflow/example_dags/plugins/workday.py took 0.455 seconds
[2025-11-27T11:25:26.469-0300] {processor.py:161} INFO - Started process (PID=92224) to work on /Users/davispecia/Documents/GitHub/Pf_pipeline_dados/Projeto_final_fase3/venv/lib/python3.9/site-packages/airflow/example_dags/plugins/workday.py
[2025-11-27T11:25:26.470-0300] {processor.py:830} INFO - Processing file /Users/davispecia/Documents/GitHub/Pf_pipeline_dados/Projeto_final_fase3/venv/lib/python3.9/site-packages/airflow/example_dags/plugins/workday.py for tasks to queue
[2025-11-27T11:25:26.470-0300] {logging_mixin.py:188} INFO - [2025-11-27T11:25:26.470-0300] {dagbag.py:545} INFO - Filling up the DagBag from /Users/davispecia/Documents/GitHub/Pf_pipeline_dados/Projeto_final_fase3/venv/lib/python3.9/site-packages/airflow/example_dags/plugins/workday.py
[2025-11-27T11:25:35.010-0300] {processor.py:842} WARNING - No viable dags retrieved from /Users/davispecia/Documents/GitHub/Pf_pipeline_dados/Projeto_final_fase3/venv/lib/python3.9/site-packages/airflow/example_dags/plugins/workday.py
[2025-11-27T11:25:35.053-0300] {processor.py:183} INFO - Processing /Users/davispecia/Documents/GitHub/Pf_pipeline_dados/Projeto_final_fase3/venv/lib/python3.9/site-packages/airflow/example_dags/plugins/workday.py took 8.586 seconds
[2025-11-27T11:26:37.162-0300] {processor.py:161} INFO - Started process (PID=92447) to work on /Users/davispecia/Documents/GitHub/Pf_pipeline_dados/Projeto_final_fase3/venv/lib/python3.9/site-packages/airflow/example_dags/plugins/workday.py
[2025-11-27T11:26:37.163-0300] {processor.py:830} INFO - Processing file /Users/davispecia/Documents/GitHub/Pf_pipeline_dados/Projeto_final_fase3/venv/lib/python3.9/site-packages/airflow/example_dags/plugins/workday.py for tasks to queue
[2025-11-27T11:26:37.163-0300] {logging_mixin.py:188} INFO - [2025-11-27T11:26:37.163-0300] {dagbag.py:545} INFO - Filling up the DagBag from /Users/davispecia/Documents/GitHub/Pf_pipeline_dados/Projeto_final_fase3/venv/lib/python3.9/site-packages/airflow/example_dags/plugins/workday.py
[2025-11-27T11:26:37.574-0300] {processor.py:842} WARNING - No viable dags retrieved from /Users/davispecia/Documents/GitHub/Pf_pipeline_dados/Projeto_final_fase3/venv/lib/python3.9/site-packages/airflow/example_dags/plugins/workday.py
[2025-11-27T11:26:37.619-0300] {processor.py:183} INFO - Processing /Users/davispecia/Documents/GitHub/Pf_pipeline_dados/Projeto_final_fase3/venv/lib/python3.9/site-packages/airflow/example_dags/plugins/workday.py took 0.459 seconds
[2025-11-27T11:27:37.683-0300] {processor.py:161} INFO - Started process (PID=92595) to work on /Users/davispecia/Documents/GitHub/Pf_pipeline_dados/Projeto_final_fase3/venv/lib/python3.9/site-packages/airflow/example_dags/plugins/workday.py
[2025-11-27T11:27:37.684-0300] {processor.py:830} INFO - Processing file /Users/davispecia/Documents/GitHub/Pf_pipeline_dados/Projeto_final_fase3/venv/lib/python3.9/site-packages/airflow/example_dags/plugins/workday.py for tasks to queue
[2025-11-27T11:27:37.684-0300] {logging_mixin.py:188} INFO - [2025-11-27T11:27:37.684-0300] {dagbag.py:545} INFO - Filling up the DagBag from /Users/davispecia/Documents/GitHub/Pf_pipeline_dados/Projeto_final_fase3/venv/lib/python3.9/site-packages/airflow/example_dags/plugins/workday.py
[2025-11-27T11:27:38.095-0300] {processor.py:842} WARNING - No viable dags retrieved from /Users/davispecia/Documents/GitHub/Pf_pipeline_dados/Projeto_final_fase3/venv/lib/python3.9/site-packages/airflow/example_dags/plugins/workday.py
[2025-11-27T11:27:38.140-0300] {processor.py:183} INFO - Processing /Users/davispecia/Documents/GitHub/Pf_pipeline_dados/Projeto_final_fase3/venv/lib/python3.9/site-packages/airflow/example_dags/plugins/workday.py took 0.459 seconds
[2025-11-27T11:28:38.850-0300] {processor.py:161} INFO - Started process (PID=92765) to work on /Users/davispecia/Documents/GitHub/Pf_pipeline_dados/Projeto_final_fase3/venv/lib/python3.9/site-packages/airflow/example_dags/plugins/workday.py
[2025-11-27T11:28:38.851-0300] {processor.py:830} INFO - Processing file /Users/davispecia/Documents/GitHub/Pf_pipeline_dados/Projeto_final_fase3/venv/lib/python3.9/site-packages/airflow/example_dags/plugins/workday.py for tasks to queue
[2025-11-27T11:28:38.851-0300] {logging_mixin.py:188} INFO - [2025-11-27T11:28:38.851-0300] {dagbag.py:545} INFO - Filling up the DagBag from /Users/davispecia/Documents/GitHub/Pf_pipeline_dados/Projeto_final_fase3/venv/lib/python3.9/site-packages/airflow/example_dags/plugins/workday.py
[2025-11-27T11:28:39.268-0300] {processor.py:842} WARNING - No viable dags retrieved from /Users/davispecia/Documents/GitHub/Pf_pipeline_dados/Projeto_final_fase3/venv/lib/python3.9/site-packages/airflow/example_dags/plugins/workday.py
[2025-11-27T11:28:39.312-0300] {processor.py:183} INFO - Processing /Users/davispecia/Documents/GitHub/Pf_pipeline_dados/Projeto_final_fase3/venv/lib/python3.9/site-packages/airflow/example_dags/plugins/workday.py took 0.463 seconds
[2025-11-27T11:29:42.375-0300] {processor.py:161} INFO - Started process (PID=92915) to work on /Users/davispecia/Documents/GitHub/Pf_pipeline_dados/Projeto_final_fase3/venv/lib/python3.9/site-packages/airflow/example_dags/plugins/workday.py
[2025-11-27T11:29:42.376-0300] {processor.py:830} INFO - Processing file /Users/davispecia/Documents/GitHub/Pf_pipeline_dados/Projeto_final_fase3/venv/lib/python3.9/site-packages/airflow/example_dags/plugins/workday.py for tasks to queue
[2025-11-27T11:29:42.376-0300] {logging_mixin.py:188} INFO - [2025-11-27T11:29:42.376-0300] {dagbag.py:545} INFO - Filling up the DagBag from /Users/davispecia/Documents/GitHub/Pf_pipeline_dados/Projeto_final_fase3/venv/lib/python3.9/site-packages/airflow/example_dags/plugins/workday.py
[2025-11-27T11:29:42.802-0300] {processor.py:842} WARNING - No viable dags retrieved from /Users/davispecia/Documents/GitHub/Pf_pipeline_dados/Projeto_final_fase3/venv/lib/python3.9/site-packages/airflow/example_dags/plugins/workday.py
[2025-11-27T11:29:42.845-0300] {processor.py:183} INFO - Processing /Users/davispecia/Documents/GitHub/Pf_pipeline_dados/Projeto_final_fase3/venv/lib/python3.9/site-packages/airflow/example_dags/plugins/workday.py took 0.472 seconds
[2025-11-27T11:30:44.889-0300] {processor.py:161} INFO - Started process (PID=93071) to work on /Users/davispecia/Documents/GitHub/Pf_pipeline_dados/Projeto_final_fase3/venv/lib/python3.9/site-packages/airflow/example_dags/plugins/workday.py
[2025-11-27T11:30:44.890-0300] {processor.py:830} INFO - Processing file /Users/davispecia/Documents/GitHub/Pf_pipeline_dados/Projeto_final_fase3/venv/lib/python3.9/site-packages/airflow/example_dags/plugins/workday.py for tasks to queue
[2025-11-27T11:30:44.891-0300] {logging_mixin.py:188} INFO - [2025-11-27T11:30:44.891-0300] {dagbag.py:545} INFO - Filling up the DagBag from /Users/davispecia/Documents/GitHub/Pf_pipeline_dados/Projeto_final_fase3/venv/lib/python3.9/site-packages/airflow/example_dags/plugins/workday.py
[2025-11-27T11:30:53.645-0300] {processor.py:842} WARNING - No viable dags retrieved from /Users/davispecia/Documents/GitHub/Pf_pipeline_dados/Projeto_final_fase3/venv/lib/python3.9/site-packages/airflow/example_dags/plugins/workday.py
[2025-11-27T11:30:53.690-0300] {processor.py:183} INFO - Processing /Users/davispecia/Documents/GitHub/Pf_pipeline_dados/Projeto_final_fase3/venv/lib/python3.9/site-packages/airflow/example_dags/plugins/workday.py took 8.802 seconds
[2025-11-27T11:31:51.898-0300] {processor.py:161} INFO - Started process (PID=93280) to work on /Users/davispecia/Documents/GitHub/Pf_pipeline_dados/Projeto_final_fase3/venv/lib/python3.9/site-packages/airflow/example_dags/plugins/workday.py
[2025-11-27T11:31:51.900-0300] {processor.py:830} INFO - Processing file /Users/davispecia/Documents/GitHub/Pf_pipeline_dados/Projeto_final_fase3/venv/lib/python3.9/site-packages/airflow/example_dags/plugins/workday.py for tasks to queue
[2025-11-27T11:31:51.900-0300] {logging_mixin.py:188} INFO - [2025-11-27T11:31:51.900-0300] {dagbag.py:545} INFO - Filling up the DagBag from /Users/davispecia/Documents/GitHub/Pf_pipeline_dados/Projeto_final_fase3/venv/lib/python3.9/site-packages/airflow/example_dags/plugins/workday.py
[2025-11-27T11:31:52.289-0300] {processor.py:842} WARNING - No viable dags retrieved from /Users/davispecia/Documents/GitHub/Pf_pipeline_dados/Projeto_final_fase3/venv/lib/python3.9/site-packages/airflow/example_dags/plugins/workday.py
[2025-11-27T11:31:52.331-0300] {processor.py:183} INFO - Processing /Users/davispecia/Documents/GitHub/Pf_pipeline_dados/Projeto_final_fase3/venv/lib/python3.9/site-packages/airflow/example_dags/plugins/workday.py took 0.435 seconds
[2025-11-27T11:32:54.824-0300] {processor.py:161} INFO - Started process (PID=93433) to work on /Users/davispecia/Documents/GitHub/Pf_pipeline_dados/Projeto_final_fase3/venv/lib/python3.9/site-packages/airflow/example_dags/plugins/workday.py
[2025-11-27T11:32:54.825-0300] {processor.py:830} INFO - Processing file /Users/davispecia/Documents/GitHub/Pf_pipeline_dados/Projeto_final_fase3/venv/lib/python3.9/site-packages/airflow/example_dags/plugins/workday.py for tasks to queue
[2025-11-27T11:32:54.825-0300] {logging_mixin.py:188} INFO - [2025-11-27T11:32:54.825-0300] {dagbag.py:545} INFO - Filling up the DagBag from /Users/davispecia/Documents/GitHub/Pf_pipeline_dados/Projeto_final_fase3/venv/lib/python3.9/site-packages/airflow/example_dags/plugins/workday.py
[2025-11-27T11:32:55.221-0300] {processor.py:842} WARNING - No viable dags retrieved from /Users/davispecia/Documents/GitHub/Pf_pipeline_dados/Projeto_final_fase3/venv/lib/python3.9/site-packages/airflow/example_dags/plugins/workday.py
[2025-11-27T11:32:55.264-0300] {processor.py:183} INFO - Processing /Users/davispecia/Documents/GitHub/Pf_pipeline_dados/Projeto_final_fase3/venv/lib/python3.9/site-packages/airflow/example_dags/plugins/workday.py took 0.442 seconds
[2025-11-27T11:33:58.493-0300] {processor.py:161} INFO - Started process (PID=93586) to work on /Users/davispecia/Documents/GitHub/Pf_pipeline_dados/Projeto_final_fase3/venv/lib/python3.9/site-packages/airflow/example_dags/plugins/workday.py
[2025-11-27T11:33:58.494-0300] {processor.py:830} INFO - Processing file /Users/davispecia/Documents/GitHub/Pf_pipeline_dados/Projeto_final_fase3/venv/lib/python3.9/site-packages/airflow/example_dags/plugins/workday.py for tasks to queue
[2025-11-27T11:33:58.494-0300] {logging_mixin.py:188} INFO - [2025-11-27T11:33:58.494-0300] {dagbag.py:545} INFO - Filling up the DagBag from /Users/davispecia/Documents/GitHub/Pf_pipeline_dados/Projeto_final_fase3/venv/lib/python3.9/site-packages/airflow/example_dags/plugins/workday.py
[2025-11-27T11:33:58.891-0300] {processor.py:842} WARNING - No viable dags retrieved from /Users/davispecia/Documents/GitHub/Pf_pipeline_dados/Projeto_final_fase3/venv/lib/python3.9/site-packages/airflow/example_dags/plugins/workday.py
[2025-11-27T11:33:58.935-0300] {processor.py:183} INFO - Processing /Users/davispecia/Documents/GitHub/Pf_pipeline_dados/Projeto_final_fase3/venv/lib/python3.9/site-packages/airflow/example_dags/plugins/workday.py took 0.445 seconds
[2025-11-27T11:35:00.604-0300] {processor.py:161} INFO - Started process (PID=93737) to work on /Users/davispecia/Documents/GitHub/Pf_pipeline_dados/Projeto_final_fase3/venv/lib/python3.9/site-packages/airflow/example_dags/plugins/workday.py
[2025-11-27T11:35:00.605-0300] {processor.py:830} INFO - Processing file /Users/davispecia/Documents/GitHub/Pf_pipeline_dados/Projeto_final_fase3/venv/lib/python3.9/site-packages/airflow/example_dags/plugins/workday.py for tasks to queue
[2025-11-27T11:35:00.605-0300] {logging_mixin.py:188} INFO - [2025-11-27T11:35:00.605-0300] {dagbag.py:545} INFO - Filling up the DagBag from /Users/davispecia/Documents/GitHub/Pf_pipeline_dados/Projeto_final_fase3/venv/lib/python3.9/site-packages/airflow/example_dags/plugins/workday.py
[2025-11-27T11:35:01.061-0300] {processor.py:842} WARNING - No viable dags retrieved from /Users/davispecia/Documents/GitHub/Pf_pipeline_dados/Projeto_final_fase3/venv/lib/python3.9/site-packages/airflow/example_dags/plugins/workday.py
[2025-11-27T11:35:01.104-0300] {processor.py:183} INFO - Processing /Users/davispecia/Documents/GitHub/Pf_pipeline_dados/Projeto_final_fase3/venv/lib/python3.9/site-packages/airflow/example_dags/plugins/workday.py took 0.502 seconds
[2025-11-27T11:36:05.807-0300] {processor.py:161} INFO - Started process (PID=93899) to work on /Users/davispecia/Documents/GitHub/Pf_pipeline_dados/Projeto_final_fase3/venv/lib/python3.9/site-packages/airflow/example_dags/plugins/workday.py
[2025-11-27T11:36:05.808-0300] {processor.py:830} INFO - Processing file /Users/davispecia/Documents/GitHub/Pf_pipeline_dados/Projeto_final_fase3/venv/lib/python3.9/site-packages/airflow/example_dags/plugins/workday.py for tasks to queue
[2025-11-27T11:36:05.808-0300] {logging_mixin.py:188} INFO - [2025-11-27T11:36:05.808-0300] {dagbag.py:545} INFO - Filling up the DagBag from /Users/davispecia/Documents/GitHub/Pf_pipeline_dados/Projeto_final_fase3/venv/lib/python3.9/site-packages/airflow/example_dags/plugins/workday.py
[2025-11-27T11:36:14.525-0300] {processor.py:842} WARNING - No viable dags retrieved from /Users/davispecia/Documents/GitHub/Pf_pipeline_dados/Projeto_final_fase3/venv/lib/python3.9/site-packages/airflow/example_dags/plugins/workday.py
[2025-11-27T11:36:14.569-0300] {processor.py:183} INFO - Processing /Users/davispecia/Documents/GitHub/Pf_pipeline_dados/Projeto_final_fase3/venv/lib/python3.9/site-packages/airflow/example_dags/plugins/workday.py took 8.764 seconds
[2025-11-27T11:37:16.741-0300] {processor.py:161} INFO - Started process (PID=94118) to work on /Users/davispecia/Documents/GitHub/Pf_pipeline_dados/Projeto_final_fase3/venv/lib/python3.9/site-packages/airflow/example_dags/plugins/workday.py
[2025-11-27T11:37:16.742-0300] {processor.py:830} INFO - Processing file /Users/davispecia/Documents/GitHub/Pf_pipeline_dados/Projeto_final_fase3/venv/lib/python3.9/site-packages/airflow/example_dags/plugins/workday.py for tasks to queue
[2025-11-27T11:37:16.742-0300] {logging_mixin.py:188} INFO - [2025-11-27T11:37:16.742-0300] {dagbag.py:545} INFO - Filling up the DagBag from /Users/davispecia/Documents/GitHub/Pf_pipeline_dados/Projeto_final_fase3/venv/lib/python3.9/site-packages/airflow/example_dags/plugins/workday.py
[2025-11-27T11:37:17.151-0300] {processor.py:842} WARNING - No viable dags retrieved from /Users/davispecia/Documents/GitHub/Pf_pipeline_dados/Projeto_final_fase3/venv/lib/python3.9/site-packages/airflow/example_dags/plugins/workday.py
[2025-11-27T11:37:17.195-0300] {processor.py:183} INFO - Processing /Users/davispecia/Documents/GitHub/Pf_pipeline_dados/Projeto_final_fase3/venv/lib/python3.9/site-packages/airflow/example_dags/plugins/workday.py took 0.456 seconds
[2025-11-27T11:38:20.387-0300] {processor.py:161} INFO - Started process (PID=94264) to work on /Users/davispecia/Documents/GitHub/Pf_pipeline_dados/Projeto_final_fase3/venv/lib/python3.9/site-packages/airflow/example_dags/plugins/workday.py
[2025-11-27T11:38:20.388-0300] {processor.py:830} INFO - Processing file /Users/davispecia/Documents/GitHub/Pf_pipeline_dados/Projeto_final_fase3/venv/lib/python3.9/site-packages/airflow/example_dags/plugins/workday.py for tasks to queue
[2025-11-27T11:38:20.388-0300] {logging_mixin.py:188} INFO - [2025-11-27T11:38:20.388-0300] {dagbag.py:545} INFO - Filling up the DagBag from /Users/davispecia/Documents/GitHub/Pf_pipeline_dados/Projeto_final_fase3/venv/lib/python3.9/site-packages/airflow/example_dags/plugins/workday.py
[2025-11-27T11:38:20.824-0300] {processor.py:842} WARNING - No viable dags retrieved from /Users/davispecia/Documents/GitHub/Pf_pipeline_dados/Projeto_final_fase3/venv/lib/python3.9/site-packages/airflow/example_dags/plugins/workday.py
[2025-11-27T11:38:20.867-0300] {processor.py:183} INFO - Processing /Users/davispecia/Documents/GitHub/Pf_pipeline_dados/Projeto_final_fase3/venv/lib/python3.9/site-packages/airflow/example_dags/plugins/workday.py took 0.482 seconds
[2025-11-27T11:39:23.819-0300] {processor.py:161} INFO - Started process (PID=94409) to work on /Users/davispecia/Documents/GitHub/Pf_pipeline_dados/Projeto_final_fase3/venv/lib/python3.9/site-packages/airflow/example_dags/plugins/workday.py
[2025-11-27T11:39:23.820-0300] {processor.py:830} INFO - Processing file /Users/davispecia/Documents/GitHub/Pf_pipeline_dados/Projeto_final_fase3/venv/lib/python3.9/site-packages/airflow/example_dags/plugins/workday.py for tasks to queue
[2025-11-27T11:39:23.820-0300] {logging_mixin.py:188} INFO - [2025-11-27T11:39:23.820-0300] {dagbag.py:545} INFO - Filling up the DagBag from /Users/davispecia/Documents/GitHub/Pf_pipeline_dados/Projeto_final_fase3/venv/lib/python3.9/site-packages/airflow/example_dags/plugins/workday.py
[2025-11-27T11:39:24.238-0300] {processor.py:842} WARNING - No viable dags retrieved from /Users/davispecia/Documents/GitHub/Pf_pipeline_dados/Projeto_final_fase3/venv/lib/python3.9/site-packages/airflow/example_dags/plugins/workday.py
[2025-11-27T11:39:24.281-0300] {processor.py:183} INFO - Processing /Users/davispecia/Documents/GitHub/Pf_pipeline_dados/Projeto_final_fase3/venv/lib/python3.9/site-packages/airflow/example_dags/plugins/workday.py took 0.464 seconds
[2025-11-27T11:40:26.479-0300] {processor.py:161} INFO - Started process (PID=94557) to work on /Users/davispecia/Documents/GitHub/Pf_pipeline_dados/Projeto_final_fase3/venv/lib/python3.9/site-packages/airflow/example_dags/plugins/workday.py
[2025-11-27T11:40:26.479-0300] {processor.py:830} INFO - Processing file /Users/davispecia/Documents/GitHub/Pf_pipeline_dados/Projeto_final_fase3/venv/lib/python3.9/site-packages/airflow/example_dags/plugins/workday.py for tasks to queue
[2025-11-27T11:40:26.479-0300] {logging_mixin.py:188} INFO - [2025-11-27T11:40:26.479-0300] {dagbag.py:545} INFO - Filling up the DagBag from /Users/davispecia/Documents/GitHub/Pf_pipeline_dados/Projeto_final_fase3/venv/lib/python3.9/site-packages/airflow/example_dags/plugins/workday.py
[2025-11-27T11:40:26.892-0300] {processor.py:842} WARNING - No viable dags retrieved from /Users/davispecia/Documents/GitHub/Pf_pipeline_dados/Projeto_final_fase3/venv/lib/python3.9/site-packages/airflow/example_dags/plugins/workday.py
[2025-11-27T11:40:26.934-0300] {processor.py:183} INFO - Processing /Users/davispecia/Documents/GitHub/Pf_pipeline_dados/Projeto_final_fase3/venv/lib/python3.9/site-packages/airflow/example_dags/plugins/workday.py took 0.458 seconds
[2025-11-27T11:41:30.075-0300] {processor.py:161} INFO - Started process (PID=94729) to work on /Users/davispecia/Documents/GitHub/Pf_pipeline_dados/Projeto_final_fase3/venv/lib/python3.9/site-packages/airflow/example_dags/plugins/workday.py
[2025-11-27T11:41:30.076-0300] {processor.py:830} INFO - Processing file /Users/davispecia/Documents/GitHub/Pf_pipeline_dados/Projeto_final_fase3/venv/lib/python3.9/site-packages/airflow/example_dags/plugins/workday.py for tasks to queue
[2025-11-27T11:41:30.076-0300] {logging_mixin.py:188} INFO - [2025-11-27T11:41:30.076-0300] {dagbag.py:545} INFO - Filling up the DagBag from /Users/davispecia/Documents/GitHub/Pf_pipeline_dados/Projeto_final_fase3/venv/lib/python3.9/site-packages/airflow/example_dags/plugins/workday.py
[2025-11-27T11:41:38.841-0300] {processor.py:842} WARNING - No viable dags retrieved from /Users/davispecia/Documents/GitHub/Pf_pipeline_dados/Projeto_final_fase3/venv/lib/python3.9/site-packages/airflow/example_dags/plugins/workday.py
[2025-11-27T11:41:38.887-0300] {processor.py:183} INFO - Processing /Users/davispecia/Documents/GitHub/Pf_pipeline_dados/Projeto_final_fase3/venv/lib/python3.9/site-packages/airflow/example_dags/plugins/workday.py took 8.814 seconds
[2025-11-27T11:42:41.563-0300] {processor.py:161} INFO - Started process (PID=94950) to work on /Users/davispecia/Documents/GitHub/Pf_pipeline_dados/Projeto_final_fase3/venv/lib/python3.9/site-packages/airflow/example_dags/plugins/workday.py
[2025-11-27T11:42:41.564-0300] {processor.py:830} INFO - Processing file /Users/davispecia/Documents/GitHub/Pf_pipeline_dados/Projeto_final_fase3/venv/lib/python3.9/site-packages/airflow/example_dags/plugins/workday.py for tasks to queue
[2025-11-27T11:42:41.564-0300] {logging_mixin.py:188} INFO - [2025-11-27T11:42:41.564-0300] {dagbag.py:545} INFO - Filling up the DagBag from /Users/davispecia/Documents/GitHub/Pf_pipeline_dados/Projeto_final_fase3/venv/lib/python3.9/site-packages/airflow/example_dags/plugins/workday.py
[2025-11-27T11:42:41.981-0300] {processor.py:842} WARNING - No viable dags retrieved from /Users/davispecia/Documents/GitHub/Pf_pipeline_dados/Projeto_final_fase3/venv/lib/python3.9/site-packages/airflow/example_dags/plugins/workday.py
[2025-11-27T11:42:42.025-0300] {processor.py:183} INFO - Processing /Users/davispecia/Documents/GitHub/Pf_pipeline_dados/Projeto_final_fase3/venv/lib/python3.9/site-packages/airflow/example_dags/plugins/workday.py took 0.464 seconds
[2025-11-27T11:43:45.635-0300] {processor.py:161} INFO - Started process (PID=95105) to work on /Users/davispecia/Documents/GitHub/Pf_pipeline_dados/Projeto_final_fase3/venv/lib/python3.9/site-packages/airflow/example_dags/plugins/workday.py
[2025-11-27T11:43:45.635-0300] {processor.py:830} INFO - Processing file /Users/davispecia/Documents/GitHub/Pf_pipeline_dados/Projeto_final_fase3/venv/lib/python3.9/site-packages/airflow/example_dags/plugins/workday.py for tasks to queue
[2025-11-27T11:43:45.636-0300] {logging_mixin.py:188} INFO - [2025-11-27T11:43:45.636-0300] {dagbag.py:545} INFO - Filling up the DagBag from /Users/davispecia/Documents/GitHub/Pf_pipeline_dados/Projeto_final_fase3/venv/lib/python3.9/site-packages/airflow/example_dags/plugins/workday.py
[2025-11-27T11:43:46.052-0300] {processor.py:842} WARNING - No viable dags retrieved from /Users/davispecia/Documents/GitHub/Pf_pipeline_dados/Projeto_final_fase3/venv/lib/python3.9/site-packages/airflow/example_dags/plugins/workday.py
[2025-11-27T11:43:46.095-0300] {processor.py:183} INFO - Processing /Users/davispecia/Documents/GitHub/Pf_pipeline_dados/Projeto_final_fase3/venv/lib/python3.9/site-packages/airflow/example_dags/plugins/workday.py took 0.463 seconds
[2025-11-27T11:44:49.010-0300] {processor.py:161} INFO - Started process (PID=95254) to work on /Users/davispecia/Documents/GitHub/Pf_pipeline_dados/Projeto_final_fase3/venv/lib/python3.9/site-packages/airflow/example_dags/plugins/workday.py
[2025-11-27T11:44:49.011-0300] {processor.py:830} INFO - Processing file /Users/davispecia/Documents/GitHub/Pf_pipeline_dados/Projeto_final_fase3/venv/lib/python3.9/site-packages/airflow/example_dags/plugins/workday.py for tasks to queue
[2025-11-27T11:44:49.011-0300] {logging_mixin.py:188} INFO - [2025-11-27T11:44:49.011-0300] {dagbag.py:545} INFO - Filling up the DagBag from /Users/davispecia/Documents/GitHub/Pf_pipeline_dados/Projeto_final_fase3/venv/lib/python3.9/site-packages/airflow/example_dags/plugins/workday.py
[2025-11-27T11:44:49.382-0300] {processor.py:842} WARNING - No viable dags retrieved from /Users/davispecia/Documents/GitHub/Pf_pipeline_dados/Projeto_final_fase3/venv/lib/python3.9/site-packages/airflow/example_dags/plugins/workday.py
[2025-11-27T11:44:49.425-0300] {processor.py:183} INFO - Processing /Users/davispecia/Documents/GitHub/Pf_pipeline_dados/Projeto_final_fase3/venv/lib/python3.9/site-packages/airflow/example_dags/plugins/workday.py took 0.418 seconds
[2025-11-27T11:45:50.665-0300] {processor.py:161} INFO - Started process (PID=95400) to work on /Users/davispecia/Documents/GitHub/Pf_pipeline_dados/Projeto_final_fase3/venv/lib/python3.9/site-packages/airflow/example_dags/plugins/workday.py
[2025-11-27T11:45:50.665-0300] {processor.py:830} INFO - Processing file /Users/davispecia/Documents/GitHub/Pf_pipeline_dados/Projeto_final_fase3/venv/lib/python3.9/site-packages/airflow/example_dags/plugins/workday.py for tasks to queue
[2025-11-27T11:45:50.666-0300] {logging_mixin.py:188} INFO - [2025-11-27T11:45:50.666-0300] {dagbag.py:545} INFO - Filling up the DagBag from /Users/davispecia/Documents/GitHub/Pf_pipeline_dados/Projeto_final_fase3/venv/lib/python3.9/site-packages/airflow/example_dags/plugins/workday.py
[2025-11-27T11:45:51.093-0300] {processor.py:842} WARNING - No viable dags retrieved from /Users/davispecia/Documents/GitHub/Pf_pipeline_dados/Projeto_final_fase3/venv/lib/python3.9/site-packages/airflow/example_dags/plugins/workday.py
[2025-11-27T11:45:51.138-0300] {processor.py:183} INFO - Processing /Users/davispecia/Documents/GitHub/Pf_pipeline_dados/Projeto_final_fase3/venv/lib/python3.9/site-packages/airflow/example_dags/plugins/workday.py took 0.475 seconds
[2025-11-27T11:46:52.307-0300] {processor.py:161} INFO - Started process (PID=95557) to work on /Users/davispecia/Documents/GitHub/Pf_pipeline_dados/Projeto_final_fase3/venv/lib/python3.9/site-packages/airflow/example_dags/plugins/workday.py
[2025-11-27T11:46:52.307-0300] {processor.py:830} INFO - Processing file /Users/davispecia/Documents/GitHub/Pf_pipeline_dados/Projeto_final_fase3/venv/lib/python3.9/site-packages/airflow/example_dags/plugins/workday.py for tasks to queue
[2025-11-27T11:46:52.308-0300] {logging_mixin.py:188} INFO - [2025-11-27T11:46:52.308-0300] {dagbag.py:545} INFO - Filling up the DagBag from /Users/davispecia/Documents/GitHub/Pf_pipeline_dados/Projeto_final_fase3/venv/lib/python3.9/site-packages/airflow/example_dags/plugins/workday.py
[2025-11-27T11:47:01.383-0300] {processor.py:842} WARNING - No viable dags retrieved from /Users/davispecia/Documents/GitHub/Pf_pipeline_dados/Projeto_final_fase3/venv/lib/python3.9/site-packages/airflow/example_dags/plugins/workday.py
[2025-11-27T11:47:01.435-0300] {processor.py:183} INFO - Processing /Users/davispecia/Documents/GitHub/Pf_pipeline_dados/Projeto_final_fase3/venv/lib/python3.9/site-packages/airflow/example_dags/plugins/workday.py took 9.130 seconds
[2025-11-27T11:48:04.648-0300] {processor.py:161} INFO - Started process (PID=95818) to work on /Users/davispecia/Documents/GitHub/Pf_pipeline_dados/Projeto_final_fase3/venv/lib/python3.9/site-packages/airflow/example_dags/plugins/workday.py
[2025-11-27T11:48:04.649-0300] {processor.py:830} INFO - Processing file /Users/davispecia/Documents/GitHub/Pf_pipeline_dados/Projeto_final_fase3/venv/lib/python3.9/site-packages/airflow/example_dags/plugins/workday.py for tasks to queue
[2025-11-27T11:48:04.650-0300] {logging_mixin.py:188} INFO - [2025-11-27T11:48:04.650-0300] {dagbag.py:545} INFO - Filling up the DagBag from /Users/davispecia/Documents/GitHub/Pf_pipeline_dados/Projeto_final_fase3/venv/lib/python3.9/site-packages/airflow/example_dags/plugins/workday.py
[2025-11-27T11:48:05.072-0300] {processor.py:842} WARNING - No viable dags retrieved from /Users/davispecia/Documents/GitHub/Pf_pipeline_dados/Projeto_final_fase3/venv/lib/python3.9/site-packages/airflow/example_dags/plugins/workday.py
[2025-11-27T11:48:05.115-0300] {processor.py:183} INFO - Processing /Users/davispecia/Documents/GitHub/Pf_pipeline_dados/Projeto_final_fase3/venv/lib/python3.9/site-packages/airflow/example_dags/plugins/workday.py took 0.468 seconds
[2025-11-27T11:49:08.973-0300] {processor.py:161} INFO - Started process (PID=95971) to work on /Users/davispecia/Documents/GitHub/Pf_pipeline_dados/Projeto_final_fase3/venv/lib/python3.9/site-packages/airflow/example_dags/plugins/workday.py
[2025-11-27T11:49:08.974-0300] {processor.py:830} INFO - Processing file /Users/davispecia/Documents/GitHub/Pf_pipeline_dados/Projeto_final_fase3/venv/lib/python3.9/site-packages/airflow/example_dags/plugins/workday.py for tasks to queue
[2025-11-27T11:49:08.974-0300] {logging_mixin.py:188} INFO - [2025-11-27T11:49:08.974-0300] {dagbag.py:545} INFO - Filling up the DagBag from /Users/davispecia/Documents/GitHub/Pf_pipeline_dados/Projeto_final_fase3/venv/lib/python3.9/site-packages/airflow/example_dags/plugins/workday.py
[2025-11-27T11:49:09.382-0300] {processor.py:842} WARNING - No viable dags retrieved from /Users/davispecia/Documents/GitHub/Pf_pipeline_dados/Projeto_final_fase3/venv/lib/python3.9/site-packages/airflow/example_dags/plugins/workday.py
[2025-11-27T11:49:09.426-0300] {processor.py:183} INFO - Processing /Users/davispecia/Documents/GitHub/Pf_pipeline_dados/Projeto_final_fase3/venv/lib/python3.9/site-packages/airflow/example_dags/plugins/workday.py took 0.455 seconds
[2025-11-27T11:50:13.597-0300] {processor.py:161} INFO - Started process (PID=96136) to work on /Users/davispecia/Documents/GitHub/Pf_pipeline_dados/Projeto_final_fase3/venv/lib/python3.9/site-packages/airflow/example_dags/plugins/workday.py
[2025-11-27T11:50:13.598-0300] {processor.py:830} INFO - Processing file /Users/davispecia/Documents/GitHub/Pf_pipeline_dados/Projeto_final_fase3/venv/lib/python3.9/site-packages/airflow/example_dags/plugins/workday.py for tasks to queue
[2025-11-27T11:50:13.598-0300] {logging_mixin.py:188} INFO - [2025-11-27T11:50:13.598-0300] {dagbag.py:545} INFO - Filling up the DagBag from /Users/davispecia/Documents/GitHub/Pf_pipeline_dados/Projeto_final_fase3/venv/lib/python3.9/site-packages/airflow/example_dags/plugins/workday.py
[2025-11-27T11:50:14.000-0300] {processor.py:842} WARNING - No viable dags retrieved from /Users/davispecia/Documents/GitHub/Pf_pipeline_dados/Projeto_final_fase3/venv/lib/python3.9/site-packages/airflow/example_dags/plugins/workday.py
[2025-11-27T11:50:14.044-0300] {processor.py:183} INFO - Processing /Users/davispecia/Documents/GitHub/Pf_pipeline_dados/Projeto_final_fase3/venv/lib/python3.9/site-packages/airflow/example_dags/plugins/workday.py took 0.450 seconds
[2025-11-27T11:51:17.606-0300] {processor.py:161} INFO - Started process (PID=96294) to work on /Users/davispecia/Documents/GitHub/Pf_pipeline_dados/Projeto_final_fase3/venv/lib/python3.9/site-packages/airflow/example_dags/plugins/workday.py
[2025-11-27T11:51:17.607-0300] {processor.py:830} INFO - Processing file /Users/davispecia/Documents/GitHub/Pf_pipeline_dados/Projeto_final_fase3/venv/lib/python3.9/site-packages/airflow/example_dags/plugins/workday.py for tasks to queue
[2025-11-27T11:51:17.607-0300] {logging_mixin.py:188} INFO - [2025-11-27T11:51:17.607-0300] {dagbag.py:545} INFO - Filling up the DagBag from /Users/davispecia/Documents/GitHub/Pf_pipeline_dados/Projeto_final_fase3/venv/lib/python3.9/site-packages/airflow/example_dags/plugins/workday.py
[2025-11-27T11:51:18.019-0300] {processor.py:842} WARNING - No viable dags retrieved from /Users/davispecia/Documents/GitHub/Pf_pipeline_dados/Projeto_final_fase3/venv/lib/python3.9/site-packages/airflow/example_dags/plugins/workday.py
[2025-11-27T11:51:18.062-0300] {processor.py:183} INFO - Processing /Users/davispecia/Documents/GitHub/Pf_pipeline_dados/Projeto_final_fase3/venv/lib/python3.9/site-packages/airflow/example_dags/plugins/workday.py took 0.458 seconds
[2025-11-27T11:52:18.173-0300] {processor.py:161} INFO - Started process (PID=96446) to work on /Users/davispecia/Documents/GitHub/Pf_pipeline_dados/Projeto_final_fase3/venv/lib/python3.9/site-packages/airflow/example_dags/plugins/workday.py
[2025-11-27T11:52:18.174-0300] {processor.py:830} INFO - Processing file /Users/davispecia/Documents/GitHub/Pf_pipeline_dados/Projeto_final_fase3/venv/lib/python3.9/site-packages/airflow/example_dags/plugins/workday.py for tasks to queue
[2025-11-27T11:52:18.175-0300] {logging_mixin.py:188} INFO - [2025-11-27T11:52:18.175-0300] {dagbag.py:545} INFO - Filling up the DagBag from /Users/davispecia/Documents/GitHub/Pf_pipeline_dados/Projeto_final_fase3/venv/lib/python3.9/site-packages/airflow/example_dags/plugins/workday.py
[2025-11-27T11:52:18.593-0300] {processor.py:842} WARNING - No viable dags retrieved from /Users/davispecia/Documents/GitHub/Pf_pipeline_dados/Projeto_final_fase3/venv/lib/python3.9/site-packages/airflow/example_dags/plugins/workday.py
[2025-11-27T11:52:18.636-0300] {processor.py:183} INFO - Processing /Users/davispecia/Documents/GitHub/Pf_pipeline_dados/Projeto_final_fase3/venv/lib/python3.9/site-packages/airflow/example_dags/plugins/workday.py took 0.465 seconds
[2025-11-27T11:53:20.759-0300] {processor.py:161} INFO - Started process (PID=96698) to work on /Users/davispecia/Documents/GitHub/Pf_pipeline_dados/Projeto_final_fase3/venv/lib/python3.9/site-packages/airflow/example_dags/plugins/workday.py
[2025-11-27T11:53:20.760-0300] {processor.py:830} INFO - Processing file /Users/davispecia/Documents/GitHub/Pf_pipeline_dados/Projeto_final_fase3/venv/lib/python3.9/site-packages/airflow/example_dags/plugins/workday.py for tasks to queue
[2025-11-27T11:53:20.760-0300] {logging_mixin.py:188} INFO - [2025-11-27T11:53:20.760-0300] {dagbag.py:545} INFO - Filling up the DagBag from /Users/davispecia/Documents/GitHub/Pf_pipeline_dados/Projeto_final_fase3/venv/lib/python3.9/site-packages/airflow/example_dags/plugins/workday.py
[2025-11-27T11:53:29.933-0300] {processor.py:842} WARNING - No viable dags retrieved from /Users/davispecia/Documents/GitHub/Pf_pipeline_dados/Projeto_final_fase3/venv/lib/python3.9/site-packages/airflow/example_dags/plugins/workday.py
[2025-11-27T11:53:29.977-0300] {processor.py:183} INFO - Processing /Users/davispecia/Documents/GitHub/Pf_pipeline_dados/Projeto_final_fase3/venv/lib/python3.9/site-packages/airflow/example_dags/plugins/workday.py took 9.220 seconds
[2025-11-27T11:54:31.009-0300] {processor.py:161} INFO - Started process (PID=96912) to work on /Users/davispecia/Documents/GitHub/Pf_pipeline_dados/Projeto_final_fase3/venv/lib/python3.9/site-packages/airflow/example_dags/plugins/workday.py
[2025-11-27T11:54:31.010-0300] {processor.py:830} INFO - Processing file /Users/davispecia/Documents/GitHub/Pf_pipeline_dados/Projeto_final_fase3/venv/lib/python3.9/site-packages/airflow/example_dags/plugins/workday.py for tasks to queue
[2025-11-27T11:54:31.010-0300] {logging_mixin.py:188} INFO - [2025-11-27T11:54:31.010-0300] {dagbag.py:545} INFO - Filling up the DagBag from /Users/davispecia/Documents/GitHub/Pf_pipeline_dados/Projeto_final_fase3/venv/lib/python3.9/site-packages/airflow/example_dags/plugins/workday.py
[2025-11-27T11:54:31.409-0300] {processor.py:842} WARNING - No viable dags retrieved from /Users/davispecia/Documents/GitHub/Pf_pipeline_dados/Projeto_final_fase3/venv/lib/python3.9/site-packages/airflow/example_dags/plugins/workday.py
[2025-11-27T11:54:31.455-0300] {processor.py:183} INFO - Processing /Users/davispecia/Documents/GitHub/Pf_pipeline_dados/Projeto_final_fase3/venv/lib/python3.9/site-packages/airflow/example_dags/plugins/workday.py took 0.448 seconds
[2025-11-27T11:55:29.142-0300] {processor.py:161} INFO - Started process (PID=97053) to work on /Users/davispecia/Documents/GitHub/Pf_pipeline_dados/Projeto_final_fase3/venv/lib/python3.9/site-packages/airflow/example_dags/plugins/workday.py
[2025-11-27T11:55:29.143-0300] {processor.py:830} INFO - Processing file /Users/davispecia/Documents/GitHub/Pf_pipeline_dados/Projeto_final_fase3/venv/lib/python3.9/site-packages/airflow/example_dags/plugins/workday.py for tasks to queue
[2025-11-27T11:55:29.143-0300] {logging_mixin.py:188} INFO - [2025-11-27T11:55:29.143-0300] {dagbag.py:545} INFO - Filling up the DagBag from /Users/davispecia/Documents/GitHub/Pf_pipeline_dados/Projeto_final_fase3/venv/lib/python3.9/site-packages/airflow/example_dags/plugins/workday.py
[2025-11-27T11:55:29.558-0300] {processor.py:842} WARNING - No viable dags retrieved from /Users/davispecia/Documents/GitHub/Pf_pipeline_dados/Projeto_final_fase3/venv/lib/python3.9/site-packages/airflow/example_dags/plugins/workday.py
[2025-11-27T11:55:29.602-0300] {processor.py:183} INFO - Processing /Users/davispecia/Documents/GitHub/Pf_pipeline_dados/Projeto_final_fase3/venv/lib/python3.9/site-packages/airflow/example_dags/plugins/workday.py took 0.463 seconds
[2025-11-27T11:56:30.816-0300] {processor.py:161} INFO - Started process (PID=97199) to work on /Users/davispecia/Documents/GitHub/Pf_pipeline_dados/Projeto_final_fase3/venv/lib/python3.9/site-packages/airflow/example_dags/plugins/workday.py
[2025-11-27T11:56:30.817-0300] {processor.py:830} INFO - Processing file /Users/davispecia/Documents/GitHub/Pf_pipeline_dados/Projeto_final_fase3/venv/lib/python3.9/site-packages/airflow/example_dags/plugins/workday.py for tasks to queue
[2025-11-27T11:56:30.817-0300] {logging_mixin.py:188} INFO - [2025-11-27T11:56:30.817-0300] {dagbag.py:545} INFO - Filling up the DagBag from /Users/davispecia/Documents/GitHub/Pf_pipeline_dados/Projeto_final_fase3/venv/lib/python3.9/site-packages/airflow/example_dags/plugins/workday.py
[2025-11-27T11:56:31.221-0300] {processor.py:842} WARNING - No viable dags retrieved from /Users/davispecia/Documents/GitHub/Pf_pipeline_dados/Projeto_final_fase3/venv/lib/python3.9/site-packages/airflow/example_dags/plugins/workday.py
[2025-11-27T11:56:31.265-0300] {processor.py:183} INFO - Processing /Users/davispecia/Documents/GitHub/Pf_pipeline_dados/Projeto_final_fase3/venv/lib/python3.9/site-packages/airflow/example_dags/plugins/workday.py took 0.451 seconds
[2025-11-27T11:57:35.204-0300] {processor.py:161} INFO - Started process (PID=97357) to work on /Users/davispecia/Documents/GitHub/Pf_pipeline_dados/Projeto_final_fase3/venv/lib/python3.9/site-packages/airflow/example_dags/plugins/workday.py
[2025-11-27T11:57:35.206-0300] {processor.py:830} INFO - Processing file /Users/davispecia/Documents/GitHub/Pf_pipeline_dados/Projeto_final_fase3/venv/lib/python3.9/site-packages/airflow/example_dags/plugins/workday.py for tasks to queue
[2025-11-27T11:57:35.206-0300] {logging_mixin.py:188} INFO - [2025-11-27T11:57:35.206-0300] {dagbag.py:545} INFO - Filling up the DagBag from /Users/davispecia/Documents/GitHub/Pf_pipeline_dados/Projeto_final_fase3/venv/lib/python3.9/site-packages/airflow/example_dags/plugins/workday.py
[2025-11-27T11:57:35.578-0300] {processor.py:842} WARNING - No viable dags retrieved from /Users/davispecia/Documents/GitHub/Pf_pipeline_dados/Projeto_final_fase3/venv/lib/python3.9/site-packages/airflow/example_dags/plugins/workday.py
[2025-11-27T11:57:35.621-0300] {processor.py:183} INFO - Processing /Users/davispecia/Documents/GitHub/Pf_pipeline_dados/Projeto_final_fase3/venv/lib/python3.9/site-packages/airflow/example_dags/plugins/workday.py took 0.418 seconds
[2025-11-27T11:58:38.056-0300] {processor.py:161} INFO - Started process (PID=97516) to work on /Users/davispecia/Documents/GitHub/Pf_pipeline_dados/Projeto_final_fase3/venv/lib/python3.9/site-packages/airflow/example_dags/plugins/workday.py
[2025-11-27T11:58:38.057-0300] {processor.py:830} INFO - Processing file /Users/davispecia/Documents/GitHub/Pf_pipeline_dados/Projeto_final_fase3/venv/lib/python3.9/site-packages/airflow/example_dags/plugins/workday.py for tasks to queue
[2025-11-27T11:58:38.057-0300] {logging_mixin.py:188} INFO - [2025-11-27T11:58:38.057-0300] {dagbag.py:545} INFO - Filling up the DagBag from /Users/davispecia/Documents/GitHub/Pf_pipeline_dados/Projeto_final_fase3/venv/lib/python3.9/site-packages/airflow/example_dags/plugins/workday.py
[2025-11-27T11:58:47.815-0300] {processor.py:842} WARNING - No viable dags retrieved from /Users/davispecia/Documents/GitHub/Pf_pipeline_dados/Projeto_final_fase3/venv/lib/python3.9/site-packages/airflow/example_dags/plugins/workday.py
[2025-11-27T11:58:47.864-0300] {processor.py:183} INFO - Processing /Users/davispecia/Documents/GitHub/Pf_pipeline_dados/Projeto_final_fase3/venv/lib/python3.9/site-packages/airflow/example_dags/plugins/workday.py took 9.810 seconds
[2025-11-27T11:59:53.165-0300] {processor.py:161} INFO - Started process (PID=97761) to work on /Users/davispecia/Documents/GitHub/Pf_pipeline_dados/Projeto_final_fase3/venv/lib/python3.9/site-packages/airflow/example_dags/plugins/workday.py
[2025-11-27T11:59:53.166-0300] {processor.py:830} INFO - Processing file /Users/davispecia/Documents/GitHub/Pf_pipeline_dados/Projeto_final_fase3/venv/lib/python3.9/site-packages/airflow/example_dags/plugins/workday.py for tasks to queue
[2025-11-27T11:59:53.166-0300] {logging_mixin.py:188} INFO - [2025-11-27T11:59:53.166-0300] {dagbag.py:545} INFO - Filling up the DagBag from /Users/davispecia/Documents/GitHub/Pf_pipeline_dados/Projeto_final_fase3/venv/lib/python3.9/site-packages/airflow/example_dags/plugins/workday.py
[2025-11-27T11:59:53.616-0300] {processor.py:842} WARNING - No viable dags retrieved from /Users/davispecia/Documents/GitHub/Pf_pipeline_dados/Projeto_final_fase3/venv/lib/python3.9/site-packages/airflow/example_dags/plugins/workday.py
[2025-11-27T11:59:53.660-0300] {processor.py:183} INFO - Processing /Users/davispecia/Documents/GitHub/Pf_pipeline_dados/Projeto_final_fase3/venv/lib/python3.9/site-packages/airflow/example_dags/plugins/workday.py took 0.497 seconds
[2025-11-27T12:00:58.512-0300] {processor.py:161} INFO - Started process (PID=97916) to work on /Users/davispecia/Documents/GitHub/Pf_pipeline_dados/Projeto_final_fase3/venv/lib/python3.9/site-packages/airflow/example_dags/plugins/workday.py
[2025-11-27T12:00:58.513-0300] {processor.py:830} INFO - Processing file /Users/davispecia/Documents/GitHub/Pf_pipeline_dados/Projeto_final_fase3/venv/lib/python3.9/site-packages/airflow/example_dags/plugins/workday.py for tasks to queue
[2025-11-27T12:00:58.513-0300] {logging_mixin.py:188} INFO - [2025-11-27T12:00:58.513-0300] {dagbag.py:545} INFO - Filling up the DagBag from /Users/davispecia/Documents/GitHub/Pf_pipeline_dados/Projeto_final_fase3/venv/lib/python3.9/site-packages/airflow/example_dags/plugins/workday.py
[2025-11-27T12:00:58.956-0300] {processor.py:842} WARNING - No viable dags retrieved from /Users/davispecia/Documents/GitHub/Pf_pipeline_dados/Projeto_final_fase3/venv/lib/python3.9/site-packages/airflow/example_dags/plugins/workday.py
[2025-11-27T12:00:58.999-0300] {processor.py:183} INFO - Processing /Users/davispecia/Documents/GitHub/Pf_pipeline_dados/Projeto_final_fase3/venv/lib/python3.9/site-packages/airflow/example_dags/plugins/workday.py took 0.489 seconds
[2025-11-27T12:02:02.968-0300] {processor.py:161} INFO - Started process (PID=98071) to work on /Users/davispecia/Documents/GitHub/Pf_pipeline_dados/Projeto_final_fase3/venv/lib/python3.9/site-packages/airflow/example_dags/plugins/workday.py
[2025-11-27T12:02:02.968-0300] {processor.py:830} INFO - Processing file /Users/davispecia/Documents/GitHub/Pf_pipeline_dados/Projeto_final_fase3/venv/lib/python3.9/site-packages/airflow/example_dags/plugins/workday.py for tasks to queue
[2025-11-27T12:02:02.968-0300] {logging_mixin.py:188} INFO - [2025-11-27T12:02:02.968-0300] {dagbag.py:545} INFO - Filling up the DagBag from /Users/davispecia/Documents/GitHub/Pf_pipeline_dados/Projeto_final_fase3/venv/lib/python3.9/site-packages/airflow/example_dags/plugins/workday.py
[2025-11-27T12:02:03.405-0300] {processor.py:842} WARNING - No viable dags retrieved from /Users/davispecia/Documents/GitHub/Pf_pipeline_dados/Projeto_final_fase3/venv/lib/python3.9/site-packages/airflow/example_dags/plugins/workday.py
[2025-11-27T12:02:03.447-0300] {processor.py:183} INFO - Processing /Users/davispecia/Documents/GitHub/Pf_pipeline_dados/Projeto_final_fase3/venv/lib/python3.9/site-packages/airflow/example_dags/plugins/workday.py took 0.482 seconds
[2025-11-27T12:03:04.151-0300] {processor.py:161} INFO - Started process (PID=98216) to work on /Users/davispecia/Documents/GitHub/Pf_pipeline_dados/Projeto_final_fase3/venv/lib/python3.9/site-packages/airflow/example_dags/plugins/workday.py
[2025-11-27T12:03:04.153-0300] {processor.py:830} INFO - Processing file /Users/davispecia/Documents/GitHub/Pf_pipeline_dados/Projeto_final_fase3/venv/lib/python3.9/site-packages/airflow/example_dags/plugins/workday.py for tasks to queue
[2025-11-27T12:03:04.153-0300] {logging_mixin.py:188} INFO - [2025-11-27T12:03:04.153-0300] {dagbag.py:545} INFO - Filling up the DagBag from /Users/davispecia/Documents/GitHub/Pf_pipeline_dados/Projeto_final_fase3/venv/lib/python3.9/site-packages/airflow/example_dags/plugins/workday.py
[2025-11-27T12:03:04.603-0300] {processor.py:842} WARNING - No viable dags retrieved from /Users/davispecia/Documents/GitHub/Pf_pipeline_dados/Projeto_final_fase3/venv/lib/python3.9/site-packages/airflow/example_dags/plugins/workday.py
[2025-11-27T12:03:04.646-0300] {processor.py:183} INFO - Processing /Users/davispecia/Documents/GitHub/Pf_pipeline_dados/Projeto_final_fase3/venv/lib/python3.9/site-packages/airflow/example_dags/plugins/workday.py took 0.496 seconds
[2025-11-27T12:04:02.159-0300] {processor.py:161} INFO - Started process (PID=98356) to work on /Users/davispecia/Documents/GitHub/Pf_pipeline_dados/Projeto_final_fase3/venv/lib/python3.9/site-packages/airflow/example_dags/plugins/workday.py
[2025-11-27T12:04:02.160-0300] {processor.py:830} INFO - Processing file /Users/davispecia/Documents/GitHub/Pf_pipeline_dados/Projeto_final_fase3/venv/lib/python3.9/site-packages/airflow/example_dags/plugins/workday.py for tasks to queue
[2025-11-27T12:04:02.160-0300] {logging_mixin.py:188} INFO - [2025-11-27T12:04:02.160-0300] {dagbag.py:545} INFO - Filling up the DagBag from /Users/davispecia/Documents/GitHub/Pf_pipeline_dados/Projeto_final_fase3/venv/lib/python3.9/site-packages/airflow/example_dags/plugins/workday.py
[2025-11-27T12:04:10.967-0300] {processor.py:842} WARNING - No viable dags retrieved from /Users/davispecia/Documents/GitHub/Pf_pipeline_dados/Projeto_final_fase3/venv/lib/python3.9/site-packages/airflow/example_dags/plugins/workday.py
[2025-11-27T12:04:11.017-0300] {processor.py:183} INFO - Processing /Users/davispecia/Documents/GitHub/Pf_pipeline_dados/Projeto_final_fase3/venv/lib/python3.9/site-packages/airflow/example_dags/plugins/workday.py took 8.860 seconds
[2025-11-27T12:05:10.218-0300] {processor.py:161} INFO - Started process (PID=98577) to work on /Users/davispecia/Documents/GitHub/Pf_pipeline_dados/Projeto_final_fase3/venv/lib/python3.9/site-packages/airflow/example_dags/plugins/workday.py
[2025-11-27T12:05:10.219-0300] {processor.py:830} INFO - Processing file /Users/davispecia/Documents/GitHub/Pf_pipeline_dados/Projeto_final_fase3/venv/lib/python3.9/site-packages/airflow/example_dags/plugins/workday.py for tasks to queue
[2025-11-27T12:05:10.219-0300] {logging_mixin.py:188} INFO - [2025-11-27T12:05:10.219-0300] {dagbag.py:545} INFO - Filling up the DagBag from /Users/davispecia/Documents/GitHub/Pf_pipeline_dados/Projeto_final_fase3/venv/lib/python3.9/site-packages/airflow/example_dags/plugins/workday.py
[2025-11-27T12:05:18.961-0300] {processor.py:842} WARNING - No viable dags retrieved from /Users/davispecia/Documents/GitHub/Pf_pipeline_dados/Projeto_final_fase3/venv/lib/python3.9/site-packages/airflow/example_dags/plugins/workday.py
[2025-11-27T12:05:19.010-0300] {processor.py:183} INFO - Processing /Users/davispecia/Documents/GitHub/Pf_pipeline_dados/Projeto_final_fase3/venv/lib/python3.9/site-packages/airflow/example_dags/plugins/workday.py took 8.794 seconds
[2025-11-27T12:06:24.352-0300] {processor.py:161} INFO - Started process (PID=98800) to work on /Users/davispecia/Documents/GitHub/Pf_pipeline_dados/Projeto_final_fase3/venv/lib/python3.9/site-packages/airflow/example_dags/plugins/workday.py
[2025-11-27T12:06:24.352-0300] {processor.py:830} INFO - Processing file /Users/davispecia/Documents/GitHub/Pf_pipeline_dados/Projeto_final_fase3/venv/lib/python3.9/site-packages/airflow/example_dags/plugins/workday.py for tasks to queue
[2025-11-27T12:06:24.353-0300] {logging_mixin.py:188} INFO - [2025-11-27T12:06:24.353-0300] {dagbag.py:545} INFO - Filling up the DagBag from /Users/davispecia/Documents/GitHub/Pf_pipeline_dados/Projeto_final_fase3/venv/lib/python3.9/site-packages/airflow/example_dags/plugins/workday.py
[2025-11-27T12:06:24.779-0300] {processor.py:842} WARNING - No viable dags retrieved from /Users/davispecia/Documents/GitHub/Pf_pipeline_dados/Projeto_final_fase3/venv/lib/python3.9/site-packages/airflow/example_dags/plugins/workday.py
[2025-11-27T12:06:24.822-0300] {processor.py:183} INFO - Processing /Users/davispecia/Documents/GitHub/Pf_pipeline_dados/Projeto_final_fase3/venv/lib/python3.9/site-packages/airflow/example_dags/plugins/workday.py took 0.472 seconds
[2025-11-27T12:07:29.630-0300] {processor.py:161} INFO - Started process (PID=98958) to work on /Users/davispecia/Documents/GitHub/Pf_pipeline_dados/Projeto_final_fase3/venv/lib/python3.9/site-packages/airflow/example_dags/plugins/workday.py
[2025-11-27T12:07:29.631-0300] {processor.py:830} INFO - Processing file /Users/davispecia/Documents/GitHub/Pf_pipeline_dados/Projeto_final_fase3/venv/lib/python3.9/site-packages/airflow/example_dags/plugins/workday.py for tasks to queue
[2025-11-27T12:07:29.631-0300] {logging_mixin.py:188} INFO - [2025-11-27T12:07:29.631-0300] {dagbag.py:545} INFO - Filling up the DagBag from /Users/davispecia/Documents/GitHub/Pf_pipeline_dados/Projeto_final_fase3/venv/lib/python3.9/site-packages/airflow/example_dags/plugins/workday.py
[2025-11-27T12:07:30.037-0300] {processor.py:842} WARNING - No viable dags retrieved from /Users/davispecia/Documents/GitHub/Pf_pipeline_dados/Projeto_final_fase3/venv/lib/python3.9/site-packages/airflow/example_dags/plugins/workday.py
[2025-11-27T12:07:30.080-0300] {processor.py:183} INFO - Processing /Users/davispecia/Documents/GitHub/Pf_pipeline_dados/Projeto_final_fase3/venv/lib/python3.9/site-packages/airflow/example_dags/plugins/workday.py took 0.452 seconds
[2025-11-27T12:08:34.052-0300] {processor.py:161} INFO - Started process (PID=99113) to work on /Users/davispecia/Documents/GitHub/Pf_pipeline_dados/Projeto_final_fase3/venv/lib/python3.9/site-packages/airflow/example_dags/plugins/workday.py
[2025-11-27T12:08:34.053-0300] {processor.py:830} INFO - Processing file /Users/davispecia/Documents/GitHub/Pf_pipeline_dados/Projeto_final_fase3/venv/lib/python3.9/site-packages/airflow/example_dags/plugins/workday.py for tasks to queue
[2025-11-27T12:08:34.053-0300] {logging_mixin.py:188} INFO - [2025-11-27T12:08:34.053-0300] {dagbag.py:545} INFO - Filling up the DagBag from /Users/davispecia/Documents/GitHub/Pf_pipeline_dados/Projeto_final_fase3/venv/lib/python3.9/site-packages/airflow/example_dags/plugins/workday.py
[2025-11-27T12:08:34.478-0300] {processor.py:842} WARNING - No viable dags retrieved from /Users/davispecia/Documents/GitHub/Pf_pipeline_dados/Projeto_final_fase3/venv/lib/python3.9/site-packages/airflow/example_dags/plugins/workday.py
[2025-11-27T12:08:34.521-0300] {processor.py:183} INFO - Processing /Users/davispecia/Documents/GitHub/Pf_pipeline_dados/Projeto_final_fase3/venv/lib/python3.9/site-packages/airflow/example_dags/plugins/workday.py took 0.472 seconds
[2025-11-27T12:09:36.863-0300] {processor.py:161} INFO - Started process (PID=99262) to work on /Users/davispecia/Documents/GitHub/Pf_pipeline_dados/Projeto_final_fase3/venv/lib/python3.9/site-packages/airflow/example_dags/plugins/workday.py
[2025-11-27T12:09:36.863-0300] {processor.py:830} INFO - Processing file /Users/davispecia/Documents/GitHub/Pf_pipeline_dados/Projeto_final_fase3/venv/lib/python3.9/site-packages/airflow/example_dags/plugins/workday.py for tasks to queue
[2025-11-27T12:09:36.864-0300] {logging_mixin.py:188} INFO - [2025-11-27T12:09:36.863-0300] {dagbag.py:545} INFO - Filling up the DagBag from /Users/davispecia/Documents/GitHub/Pf_pipeline_dados/Projeto_final_fase3/venv/lib/python3.9/site-packages/airflow/example_dags/plugins/workday.py
[2025-11-27T12:09:37.320-0300] {processor.py:842} WARNING - No viable dags retrieved from /Users/davispecia/Documents/GitHub/Pf_pipeline_dados/Projeto_final_fase3/venv/lib/python3.9/site-packages/airflow/example_dags/plugins/workday.py
[2025-11-27T12:09:37.365-0300] {processor.py:183} INFO - Processing /Users/davispecia/Documents/GitHub/Pf_pipeline_dados/Projeto_final_fase3/venv/lib/python3.9/site-packages/airflow/example_dags/plugins/workday.py took 0.505 seconds
[2025-11-27T12:10:39.889-0300] {processor.py:161} INFO - Started process (PID=99425) to work on /Users/davispecia/Documents/GitHub/Pf_pipeline_dados/Projeto_final_fase3/venv/lib/python3.9/site-packages/airflow/example_dags/plugins/workday.py
[2025-11-27T12:10:39.890-0300] {processor.py:830} INFO - Processing file /Users/davispecia/Documents/GitHub/Pf_pipeline_dados/Projeto_final_fase3/venv/lib/python3.9/site-packages/airflow/example_dags/plugins/workday.py for tasks to queue
[2025-11-27T12:10:39.890-0300] {logging_mixin.py:188} INFO - [2025-11-27T12:10:39.890-0300] {dagbag.py:545} INFO - Filling up the DagBag from /Users/davispecia/Documents/GitHub/Pf_pipeline_dados/Projeto_final_fase3/venv/lib/python3.9/site-packages/airflow/example_dags/plugins/workday.py
[2025-11-27T12:10:48.548-0300] {processor.py:842} WARNING - No viable dags retrieved from /Users/davispecia/Documents/GitHub/Pf_pipeline_dados/Projeto_final_fase3/venv/lib/python3.9/site-packages/airflow/example_dags/plugins/workday.py
[2025-11-27T12:10:48.593-0300] {processor.py:183} INFO - Processing /Users/davispecia/Documents/GitHub/Pf_pipeline_dados/Projeto_final_fase3/venv/lib/python3.9/site-packages/airflow/example_dags/plugins/workday.py took 8.706 seconds
[2025-11-27T12:11:51.609-0300] {processor.py:161} INFO - Started process (PID=99646) to work on /Users/davispecia/Documents/GitHub/Pf_pipeline_dados/Projeto_final_fase3/venv/lib/python3.9/site-packages/airflow/example_dags/plugins/workday.py
[2025-11-27T12:11:51.610-0300] {processor.py:830} INFO - Processing file /Users/davispecia/Documents/GitHub/Pf_pipeline_dados/Projeto_final_fase3/venv/lib/python3.9/site-packages/airflow/example_dags/plugins/workday.py for tasks to queue
[2025-11-27T12:11:51.610-0300] {logging_mixin.py:188} INFO - [2025-11-27T12:11:51.610-0300] {dagbag.py:545} INFO - Filling up the DagBag from /Users/davispecia/Documents/GitHub/Pf_pipeline_dados/Projeto_final_fase3/venv/lib/python3.9/site-packages/airflow/example_dags/plugins/workday.py
[2025-11-27T12:11:52.014-0300] {processor.py:842} WARNING - No viable dags retrieved from /Users/davispecia/Documents/GitHub/Pf_pipeline_dados/Projeto_final_fase3/venv/lib/python3.9/site-packages/airflow/example_dags/plugins/workday.py
[2025-11-27T12:11:52.056-0300] {processor.py:183} INFO - Processing /Users/davispecia/Documents/GitHub/Pf_pipeline_dados/Projeto_final_fase3/venv/lib/python3.9/site-packages/airflow/example_dags/plugins/workday.py took 0.449 seconds
[2025-11-27T12:12:54.924-0300] {processor.py:161} INFO - Started process (PID=99792) to work on /Users/davispecia/Documents/GitHub/Pf_pipeline_dados/Projeto_final_fase3/venv/lib/python3.9/site-packages/airflow/example_dags/plugins/workday.py
[2025-11-27T12:12:54.926-0300] {processor.py:830} INFO - Processing file /Users/davispecia/Documents/GitHub/Pf_pipeline_dados/Projeto_final_fase3/venv/lib/python3.9/site-packages/airflow/example_dags/plugins/workday.py for tasks to queue
[2025-11-27T12:12:54.926-0300] {logging_mixin.py:188} INFO - [2025-11-27T12:12:54.926-0300] {dagbag.py:545} INFO - Filling up the DagBag from /Users/davispecia/Documents/GitHub/Pf_pipeline_dados/Projeto_final_fase3/venv/lib/python3.9/site-packages/airflow/example_dags/plugins/workday.py
[2025-11-27T12:12:55.340-0300] {processor.py:842} WARNING - No viable dags retrieved from /Users/davispecia/Documents/GitHub/Pf_pipeline_dados/Projeto_final_fase3/venv/lib/python3.9/site-packages/airflow/example_dags/plugins/workday.py
[2025-11-27T12:12:55.385-0300] {processor.py:183} INFO - Processing /Users/davispecia/Documents/GitHub/Pf_pipeline_dados/Projeto_final_fase3/venv/lib/python3.9/site-packages/airflow/example_dags/plugins/workday.py took 0.463 seconds
[2025-11-27T12:13:58.309-0300] {processor.py:161} INFO - Started process (PID=99944) to work on /Users/davispecia/Documents/GitHub/Pf_pipeline_dados/Projeto_final_fase3/venv/lib/python3.9/site-packages/airflow/example_dags/plugins/workday.py
[2025-11-27T12:13:58.309-0300] {processor.py:830} INFO - Processing file /Users/davispecia/Documents/GitHub/Pf_pipeline_dados/Projeto_final_fase3/venv/lib/python3.9/site-packages/airflow/example_dags/plugins/workday.py for tasks to queue
[2025-11-27T12:13:58.310-0300] {logging_mixin.py:188} INFO - [2025-11-27T12:13:58.309-0300] {dagbag.py:545} INFO - Filling up the DagBag from /Users/davispecia/Documents/GitHub/Pf_pipeline_dados/Projeto_final_fase3/venv/lib/python3.9/site-packages/airflow/example_dags/plugins/workday.py
[2025-11-27T12:13:58.734-0300] {processor.py:842} WARNING - No viable dags retrieved from /Users/davispecia/Documents/GitHub/Pf_pipeline_dados/Projeto_final_fase3/venv/lib/python3.9/site-packages/airflow/example_dags/plugins/workday.py
[2025-11-27T12:13:58.777-0300] {processor.py:183} INFO - Processing /Users/davispecia/Documents/GitHub/Pf_pipeline_dados/Projeto_final_fase3/venv/lib/python3.9/site-packages/airflow/example_dags/plugins/workday.py took 0.471 seconds
[2025-11-27T12:14:59.748-0300] {processor.py:161} INFO - Started process (PID=238) to work on /Users/davispecia/Documents/GitHub/Pf_pipeline_dados/Projeto_final_fase3/venv/lib/python3.9/site-packages/airflow/example_dags/plugins/workday.py
[2025-11-27T12:14:59.749-0300] {processor.py:830} INFO - Processing file /Users/davispecia/Documents/GitHub/Pf_pipeline_dados/Projeto_final_fase3/venv/lib/python3.9/site-packages/airflow/example_dags/plugins/workday.py for tasks to queue
[2025-11-27T12:14:59.749-0300] {logging_mixin.py:188} INFO - [2025-11-27T12:14:59.749-0300] {dagbag.py:545} INFO - Filling up the DagBag from /Users/davispecia/Documents/GitHub/Pf_pipeline_dados/Projeto_final_fase3/venv/lib/python3.9/site-packages/airflow/example_dags/plugins/workday.py
[2025-11-27T12:15:00.178-0300] {processor.py:842} WARNING - No viable dags retrieved from /Users/davispecia/Documents/GitHub/Pf_pipeline_dados/Projeto_final_fase3/venv/lib/python3.9/site-packages/airflow/example_dags/plugins/workday.py
[2025-11-27T12:15:00.223-0300] {processor.py:183} INFO - Processing /Users/davispecia/Documents/GitHub/Pf_pipeline_dados/Projeto_final_fase3/venv/lib/python3.9/site-packages/airflow/example_dags/plugins/workday.py took 0.477 seconds
[2025-11-27T12:16:02.246-0300] {processor.py:161} INFO - Started process (PID=427) to work on /Users/davispecia/Documents/GitHub/Pf_pipeline_dados/Projeto_final_fase3/venv/lib/python3.9/site-packages/airflow/example_dags/plugins/workday.py
[2025-11-27T12:16:02.247-0300] {processor.py:830} INFO - Processing file /Users/davispecia/Documents/GitHub/Pf_pipeline_dados/Projeto_final_fase3/venv/lib/python3.9/site-packages/airflow/example_dags/plugins/workday.py for tasks to queue
[2025-11-27T12:16:02.248-0300] {logging_mixin.py:188} INFO - [2025-11-27T12:16:02.248-0300] {dagbag.py:545} INFO - Filling up the DagBag from /Users/davispecia/Documents/GitHub/Pf_pipeline_dados/Projeto_final_fase3/venv/lib/python3.9/site-packages/airflow/example_dags/plugins/workday.py
[2025-11-27T12:16:10.991-0300] {processor.py:842} WARNING - No viable dags retrieved from /Users/davispecia/Documents/GitHub/Pf_pipeline_dados/Projeto_final_fase3/venv/lib/python3.9/site-packages/airflow/example_dags/plugins/workday.py
[2025-11-27T12:16:11.035-0300] {processor.py:183} INFO - Processing /Users/davispecia/Documents/GitHub/Pf_pipeline_dados/Projeto_final_fase3/venv/lib/python3.9/site-packages/airflow/example_dags/plugins/workday.py took 8.787 seconds
[2025-11-27T12:17:10.150-0300] {processor.py:161} INFO - Started process (PID=706) to work on /Users/davispecia/Documents/GitHub/Pf_pipeline_dados/Projeto_final_fase3/venv/lib/python3.9/site-packages/airflow/example_dags/plugins/workday.py
[2025-11-27T12:17:10.151-0300] {processor.py:830} INFO - Processing file /Users/davispecia/Documents/GitHub/Pf_pipeline_dados/Projeto_final_fase3/venv/lib/python3.9/site-packages/airflow/example_dags/plugins/workday.py for tasks to queue
[2025-11-27T12:17:10.151-0300] {logging_mixin.py:188} INFO - [2025-11-27T12:17:10.151-0300] {dagbag.py:545} INFO - Filling up the DagBag from /Users/davispecia/Documents/GitHub/Pf_pipeline_dados/Projeto_final_fase3/venv/lib/python3.9/site-packages/airflow/example_dags/plugins/workday.py
[2025-11-27T12:17:10.543-0300] {processor.py:842} WARNING - No viable dags retrieved from /Users/davispecia/Documents/GitHub/Pf_pipeline_dados/Projeto_final_fase3/venv/lib/python3.9/site-packages/airflow/example_dags/plugins/workday.py
[2025-11-27T12:17:10.587-0300] {processor.py:183} INFO - Processing /Users/davispecia/Documents/GitHub/Pf_pipeline_dados/Projeto_final_fase3/venv/lib/python3.9/site-packages/airflow/example_dags/plugins/workday.py took 0.439 seconds
[2025-11-27T12:18:10.863-0300] {processor.py:161} INFO - Started process (PID=894) to work on /Users/davispecia/Documents/GitHub/Pf_pipeline_dados/Projeto_final_fase3/venv/lib/python3.9/site-packages/airflow/example_dags/plugins/workday.py
[2025-11-27T12:18:10.864-0300] {processor.py:830} INFO - Processing file /Users/davispecia/Documents/GitHub/Pf_pipeline_dados/Projeto_final_fase3/venv/lib/python3.9/site-packages/airflow/example_dags/plugins/workday.py for tasks to queue
[2025-11-27T12:18:10.864-0300] {logging_mixin.py:188} INFO - [2025-11-27T12:18:10.864-0300] {dagbag.py:545} INFO - Filling up the DagBag from /Users/davispecia/Documents/GitHub/Pf_pipeline_dados/Projeto_final_fase3/venv/lib/python3.9/site-packages/airflow/example_dags/plugins/workday.py
[2025-11-27T12:18:11.280-0300] {processor.py:842} WARNING - No viable dags retrieved from /Users/davispecia/Documents/GitHub/Pf_pipeline_dados/Projeto_final_fase3/venv/lib/python3.9/site-packages/airflow/example_dags/plugins/workday.py
[2025-11-27T12:18:11.323-0300] {processor.py:183} INFO - Processing /Users/davispecia/Documents/GitHub/Pf_pipeline_dados/Projeto_final_fase3/venv/lib/python3.9/site-packages/airflow/example_dags/plugins/workday.py took 0.463 seconds
[2025-11-27T12:19:11.145-0300] {processor.py:161} INFO - Started process (PID=1041) to work on /Users/davispecia/Documents/GitHub/Pf_pipeline_dados/Projeto_final_fase3/venv/lib/python3.9/site-packages/airflow/example_dags/plugins/workday.py
[2025-11-27T12:19:11.146-0300] {processor.py:830} INFO - Processing file /Users/davispecia/Documents/GitHub/Pf_pipeline_dados/Projeto_final_fase3/venv/lib/python3.9/site-packages/airflow/example_dags/plugins/workday.py for tasks to queue
[2025-11-27T12:19:11.147-0300] {logging_mixin.py:188} INFO - [2025-11-27T12:19:11.147-0300] {dagbag.py:545} INFO - Filling up the DagBag from /Users/davispecia/Documents/GitHub/Pf_pipeline_dados/Projeto_final_fase3/venv/lib/python3.9/site-packages/airflow/example_dags/plugins/workday.py
[2025-11-27T12:19:11.580-0300] {processor.py:842} WARNING - No viable dags retrieved from /Users/davispecia/Documents/GitHub/Pf_pipeline_dados/Projeto_final_fase3/venv/lib/python3.9/site-packages/airflow/example_dags/plugins/workday.py
[2025-11-27T12:19:11.623-0300] {processor.py:183} INFO - Processing /Users/davispecia/Documents/GitHub/Pf_pipeline_dados/Projeto_final_fase3/venv/lib/python3.9/site-packages/airflow/example_dags/plugins/workday.py took 0.480 seconds
[2025-11-27T12:20:12.868-0300] {processor.py:161} INFO - Started process (PID=1189) to work on /Users/davispecia/Documents/GitHub/Pf_pipeline_dados/Projeto_final_fase3/venv/lib/python3.9/site-packages/airflow/example_dags/plugins/workday.py
[2025-11-27T12:20:12.868-0300] {processor.py:830} INFO - Processing file /Users/davispecia/Documents/GitHub/Pf_pipeline_dados/Projeto_final_fase3/venv/lib/python3.9/site-packages/airflow/example_dags/plugins/workday.py for tasks to queue
[2025-11-27T12:20:12.869-0300] {logging_mixin.py:188} INFO - [2025-11-27T12:20:12.869-0300] {dagbag.py:545} INFO - Filling up the DagBag from /Users/davispecia/Documents/GitHub/Pf_pipeline_dados/Projeto_final_fase3/venv/lib/python3.9/site-packages/airflow/example_dags/plugins/workday.py
[2025-11-27T12:20:13.305-0300] {processor.py:842} WARNING - No viable dags retrieved from /Users/davispecia/Documents/GitHub/Pf_pipeline_dados/Projeto_final_fase3/venv/lib/python3.9/site-packages/airflow/example_dags/plugins/workday.py
[2025-11-27T12:20:13.350-0300] {processor.py:183} INFO - Processing /Users/davispecia/Documents/GitHub/Pf_pipeline_dados/Projeto_final_fase3/venv/lib/python3.9/site-packages/airflow/example_dags/plugins/workday.py took 0.484 seconds
[2025-11-27T12:21:15.095-0300] {processor.py:161} INFO - Started process (PID=1372) to work on /Users/davispecia/Documents/GitHub/Pf_pipeline_dados/Projeto_final_fase3/venv/lib/python3.9/site-packages/airflow/example_dags/plugins/workday.py
[2025-11-27T12:21:15.096-0300] {processor.py:830} INFO - Processing file /Users/davispecia/Documents/GitHub/Pf_pipeline_dados/Projeto_final_fase3/venv/lib/python3.9/site-packages/airflow/example_dags/plugins/workday.py for tasks to queue
[2025-11-27T12:21:15.096-0300] {logging_mixin.py:188} INFO - [2025-11-27T12:21:15.096-0300] {dagbag.py:545} INFO - Filling up the DagBag from /Users/davispecia/Documents/GitHub/Pf_pipeline_dados/Projeto_final_fase3/venv/lib/python3.9/site-packages/airflow/example_dags/plugins/workday.py
[2025-11-27T12:21:23.987-0300] {processor.py:842} WARNING - No viable dags retrieved from /Users/davispecia/Documents/GitHub/Pf_pipeline_dados/Projeto_final_fase3/venv/lib/python3.9/site-packages/airflow/example_dags/plugins/workday.py
[2025-11-27T12:21:24.034-0300] {processor.py:183} INFO - Processing /Users/davispecia/Documents/GitHub/Pf_pipeline_dados/Projeto_final_fase3/venv/lib/python3.9/site-packages/airflow/example_dags/plugins/workday.py took 8.941 seconds
[2025-11-27T12:22:26.084-0300] {processor.py:161} INFO - Started process (PID=1603) to work on /Users/davispecia/Documents/GitHub/Pf_pipeline_dados/Projeto_final_fase3/venv/lib/python3.9/site-packages/airflow/example_dags/plugins/workday.py
[2025-11-27T12:22:26.085-0300] {processor.py:830} INFO - Processing file /Users/davispecia/Documents/GitHub/Pf_pipeline_dados/Projeto_final_fase3/venv/lib/python3.9/site-packages/airflow/example_dags/plugins/workday.py for tasks to queue
[2025-11-27T12:22:26.086-0300] {logging_mixin.py:188} INFO - [2025-11-27T12:22:26.086-0300] {dagbag.py:545} INFO - Filling up the DagBag from /Users/davispecia/Documents/GitHub/Pf_pipeline_dados/Projeto_final_fase3/venv/lib/python3.9/site-packages/airflow/example_dags/plugins/workday.py
[2025-11-27T12:22:26.479-0300] {processor.py:842} WARNING - No viable dags retrieved from /Users/davispecia/Documents/GitHub/Pf_pipeline_dados/Projeto_final_fase3/venv/lib/python3.9/site-packages/airflow/example_dags/plugins/workday.py
[2025-11-27T12:22:26.523-0300] {processor.py:183} INFO - Processing /Users/davispecia/Documents/GitHub/Pf_pipeline_dados/Projeto_final_fase3/venv/lib/python3.9/site-packages/airflow/example_dags/plugins/workday.py took 0.441 seconds
[2025-11-27T12:23:27.137-0300] {processor.py:161} INFO - Started process (PID=1746) to work on /Users/davispecia/Documents/GitHub/Pf_pipeline_dados/Projeto_final_fase3/venv/lib/python3.9/site-packages/airflow/example_dags/plugins/workday.py
[2025-11-27T12:23:27.138-0300] {processor.py:830} INFO - Processing file /Users/davispecia/Documents/GitHub/Pf_pipeline_dados/Projeto_final_fase3/venv/lib/python3.9/site-packages/airflow/example_dags/plugins/workday.py for tasks to queue
[2025-11-27T12:23:27.138-0300] {logging_mixin.py:188} INFO - [2025-11-27T12:23:27.138-0300] {dagbag.py:545} INFO - Filling up the DagBag from /Users/davispecia/Documents/GitHub/Pf_pipeline_dados/Projeto_final_fase3/venv/lib/python3.9/site-packages/airflow/example_dags/plugins/workday.py
[2025-11-27T12:23:27.665-0300] {processor.py:842} WARNING - No viable dags retrieved from /Users/davispecia/Documents/GitHub/Pf_pipeline_dados/Projeto_final_fase3/venv/lib/python3.9/site-packages/airflow/example_dags/plugins/workday.py
[2025-11-27T12:23:27.710-0300] {processor.py:183} INFO - Processing /Users/davispecia/Documents/GitHub/Pf_pipeline_dados/Projeto_final_fase3/venv/lib/python3.9/site-packages/airflow/example_dags/plugins/workday.py took 0.575 seconds
[2025-11-27T12:24:27.829-0300] {processor.py:161} INFO - Started process (PID=1906) to work on /Users/davispecia/Documents/GitHub/Pf_pipeline_dados/Projeto_final_fase3/venv/lib/python3.9/site-packages/airflow/example_dags/plugins/workday.py
[2025-11-27T12:24:27.830-0300] {processor.py:830} INFO - Processing file /Users/davispecia/Documents/GitHub/Pf_pipeline_dados/Projeto_final_fase3/venv/lib/python3.9/site-packages/airflow/example_dags/plugins/workday.py for tasks to queue
[2025-11-27T12:24:27.830-0300] {logging_mixin.py:188} INFO - [2025-11-27T12:24:27.830-0300] {dagbag.py:545} INFO - Filling up the DagBag from /Users/davispecia/Documents/GitHub/Pf_pipeline_dados/Projeto_final_fase3/venv/lib/python3.9/site-packages/airflow/example_dags/plugins/workday.py
[2025-11-27T12:24:28.262-0300] {processor.py:842} WARNING - No viable dags retrieved from /Users/davispecia/Documents/GitHub/Pf_pipeline_dados/Projeto_final_fase3/venv/lib/python3.9/site-packages/airflow/example_dags/plugins/workday.py
[2025-11-27T12:24:28.306-0300] {processor.py:183} INFO - Processing /Users/davispecia/Documents/GitHub/Pf_pipeline_dados/Projeto_final_fase3/venv/lib/python3.9/site-packages/airflow/example_dags/plugins/workday.py took 0.480 seconds
[2025-11-27T12:25:29.713-0300] {processor.py:161} INFO - Started process (PID=2065) to work on /Users/davispecia/Documents/GitHub/Pf_pipeline_dados/Projeto_final_fase3/venv/lib/python3.9/site-packages/airflow/example_dags/plugins/workday.py
[2025-11-27T12:25:29.714-0300] {processor.py:830} INFO - Processing file /Users/davispecia/Documents/GitHub/Pf_pipeline_dados/Projeto_final_fase3/venv/lib/python3.9/site-packages/airflow/example_dags/plugins/workday.py for tasks to queue
[2025-11-27T12:25:29.714-0300] {logging_mixin.py:188} INFO - [2025-11-27T12:25:29.714-0300] {dagbag.py:545} INFO - Filling up the DagBag from /Users/davispecia/Documents/GitHub/Pf_pipeline_dados/Projeto_final_fase3/venv/lib/python3.9/site-packages/airflow/example_dags/plugins/workday.py
[2025-11-27T12:25:30.247-0300] {processor.py:842} WARNING - No viable dags retrieved from /Users/davispecia/Documents/GitHub/Pf_pipeline_dados/Projeto_final_fase3/venv/lib/python3.9/site-packages/airflow/example_dags/plugins/workday.py
[2025-11-27T12:25:30.290-0300] {processor.py:183} INFO - Processing /Users/davispecia/Documents/GitHub/Pf_pipeline_dados/Projeto_final_fase3/venv/lib/python3.9/site-packages/airflow/example_dags/plugins/workday.py took 0.579 seconds
[2025-11-27T12:26:32.030-0300] {processor.py:161} INFO - Started process (PID=2214) to work on /Users/davispecia/Documents/GitHub/Pf_pipeline_dados/Projeto_final_fase3/venv/lib/python3.9/site-packages/airflow/example_dags/plugins/workday.py
[2025-11-27T12:26:32.030-0300] {processor.py:830} INFO - Processing file /Users/davispecia/Documents/GitHub/Pf_pipeline_dados/Projeto_final_fase3/venv/lib/python3.9/site-packages/airflow/example_dags/plugins/workday.py for tasks to queue
[2025-11-27T12:26:32.030-0300] {logging_mixin.py:188} INFO - [2025-11-27T12:26:32.030-0300] {dagbag.py:545} INFO - Filling up the DagBag from /Users/davispecia/Documents/GitHub/Pf_pipeline_dados/Projeto_final_fase3/venv/lib/python3.9/site-packages/airflow/example_dags/plugins/workday.py
[2025-11-27T12:26:40.846-0300] {processor.py:842} WARNING - No viable dags retrieved from /Users/davispecia/Documents/GitHub/Pf_pipeline_dados/Projeto_final_fase3/venv/lib/python3.9/site-packages/airflow/example_dags/plugins/workday.py
[2025-11-27T12:26:40.896-0300] {processor.py:183} INFO - Processing /Users/davispecia/Documents/GitHub/Pf_pipeline_dados/Projeto_final_fase3/venv/lib/python3.9/site-packages/airflow/example_dags/plugins/workday.py took 8.868 seconds
[2025-11-27T12:27:43.094-0300] {processor.py:161} INFO - Started process (PID=2442) to work on /Users/davispecia/Documents/GitHub/Pf_pipeline_dados/Projeto_final_fase3/venv/lib/python3.9/site-packages/airflow/example_dags/plugins/workday.py
[2025-11-27T12:27:43.095-0300] {processor.py:830} INFO - Processing file /Users/davispecia/Documents/GitHub/Pf_pipeline_dados/Projeto_final_fase3/venv/lib/python3.9/site-packages/airflow/example_dags/plugins/workday.py for tasks to queue
[2025-11-27T12:27:43.096-0300] {logging_mixin.py:188} INFO - [2025-11-27T12:27:43.096-0300] {dagbag.py:545} INFO - Filling up the DagBag from /Users/davispecia/Documents/GitHub/Pf_pipeline_dados/Projeto_final_fase3/venv/lib/python3.9/site-packages/airflow/example_dags/plugins/workday.py
[2025-11-27T12:27:46.247-0300] {processor.py:842} WARNING - No viable dags retrieved from /Users/davispecia/Documents/GitHub/Pf_pipeline_dados/Projeto_final_fase3/venv/lib/python3.9/site-packages/airflow/example_dags/plugins/workday.py
[2025-11-27T12:27:46.291-0300] {processor.py:183} INFO - Processing /Users/davispecia/Documents/GitHub/Pf_pipeline_dados/Projeto_final_fase3/venv/lib/python3.9/site-packages/airflow/example_dags/plugins/workday.py took 3.199 seconds
[2025-11-27T13:06:55.484-0300] {processor.py:161} INFO - Started process (PID=2671) to work on /Users/davispecia/Documents/GitHub/Pf_pipeline_dados/Projeto_final_fase3/venv/lib/python3.9/site-packages/airflow/example_dags/plugins/workday.py
[2025-11-27T13:06:55.485-0300] {processor.py:830} INFO - Processing file /Users/davispecia/Documents/GitHub/Pf_pipeline_dados/Projeto_final_fase3/venv/lib/python3.9/site-packages/airflow/example_dags/plugins/workday.py for tasks to queue
[2025-11-27T13:06:55.485-0300] {logging_mixin.py:188} INFO - [2025-11-27T13:06:55.485-0300] {dagbag.py:545} INFO - Filling up the DagBag from /Users/davispecia/Documents/GitHub/Pf_pipeline_dados/Projeto_final_fase3/venv/lib/python3.9/site-packages/airflow/example_dags/plugins/workday.py
[2025-11-27T13:07:04.152-0300] {processor.py:842} WARNING - No viable dags retrieved from /Users/davispecia/Documents/GitHub/Pf_pipeline_dados/Projeto_final_fase3/venv/lib/python3.9/site-packages/airflow/example_dags/plugins/workday.py
[2025-11-27T13:07:04.204-0300] {processor.py:183} INFO - Processing /Users/davispecia/Documents/GitHub/Pf_pipeline_dados/Projeto_final_fase3/venv/lib/python3.9/site-packages/airflow/example_dags/plugins/workday.py took 8.718 seconds
[2025-11-27T14:07:33.681-0300] {processor.py:161} INFO - Started process (PID=3049) to work on /Users/davispecia/Documents/GitHub/Pf_pipeline_dados/Projeto_final_fase3/venv/lib/python3.9/site-packages/airflow/example_dags/plugins/workday.py
[2025-11-27T14:07:33.684-0300] {processor.py:830} INFO - Processing file /Users/davispecia/Documents/GitHub/Pf_pipeline_dados/Projeto_final_fase3/venv/lib/python3.9/site-packages/airflow/example_dags/plugins/workday.py for tasks to queue
[2025-11-27T14:07:33.685-0300] {logging_mixin.py:188} INFO - [2025-11-27T14:07:33.684-0300] {dagbag.py:545} INFO - Filling up the DagBag from /Users/davispecia/Documents/GitHub/Pf_pipeline_dados/Projeto_final_fase3/venv/lib/python3.9/site-packages/airflow/example_dags/plugins/workday.py
[2025-11-27T14:07:43.967-0300] {processor.py:842} WARNING - No viable dags retrieved from /Users/davispecia/Documents/GitHub/Pf_pipeline_dados/Projeto_final_fase3/venv/lib/python3.9/site-packages/airflow/example_dags/plugins/workday.py
[2025-11-27T14:07:44.047-0300] {processor.py:183} INFO - Processing /Users/davispecia/Documents/GitHub/Pf_pipeline_dados/Projeto_final_fase3/venv/lib/python3.9/site-packages/airflow/example_dags/plugins/workday.py took 10.368 seconds
[2025-11-27T14:09:14.832-0300] {processor.py:161} INFO - Started process (PID=3428) to work on /Users/davispecia/Documents/GitHub/Pf_pipeline_dados/Projeto_final_fase3/venv/lib/python3.9/site-packages/airflow/example_dags/plugins/workday.py
[2025-11-27T14:09:14.833-0300] {processor.py:830} INFO - Processing file /Users/davispecia/Documents/GitHub/Pf_pipeline_dados/Projeto_final_fase3/venv/lib/python3.9/site-packages/airflow/example_dags/plugins/workday.py for tasks to queue
[2025-11-27T14:09:14.833-0300] {logging_mixin.py:188} INFO - [2025-11-27T14:09:14.833-0300] {dagbag.py:545} INFO - Filling up the DagBag from /Users/davispecia/Documents/GitHub/Pf_pipeline_dados/Projeto_final_fase3/venv/lib/python3.9/site-packages/airflow/example_dags/plugins/workday.py
[2025-11-27T14:09:23.517-0300] {processor.py:842} WARNING - No viable dags retrieved from /Users/davispecia/Documents/GitHub/Pf_pipeline_dados/Projeto_final_fase3/venv/lib/python3.9/site-packages/airflow/example_dags/plugins/workday.py
[2025-11-27T14:09:23.563-0300] {processor.py:183} INFO - Processing /Users/davispecia/Documents/GitHub/Pf_pipeline_dados/Projeto_final_fase3/venv/lib/python3.9/site-packages/airflow/example_dags/plugins/workday.py took 8.734 seconds
[2025-11-27T14:10:25.791-0300] {processor.py:161} INFO - Started process (PID=3648) to work on /Users/davispecia/Documents/GitHub/Pf_pipeline_dados/Projeto_final_fase3/venv/lib/python3.9/site-packages/airflow/example_dags/plugins/workday.py
[2025-11-27T14:10:25.792-0300] {processor.py:830} INFO - Processing file /Users/davispecia/Documents/GitHub/Pf_pipeline_dados/Projeto_final_fase3/venv/lib/python3.9/site-packages/airflow/example_dags/plugins/workday.py for tasks to queue
[2025-11-27T14:10:25.792-0300] {logging_mixin.py:188} INFO - [2025-11-27T14:10:25.792-0300] {dagbag.py:545} INFO - Filling up the DagBag from /Users/davispecia/Documents/GitHub/Pf_pipeline_dados/Projeto_final_fase3/venv/lib/python3.9/site-packages/airflow/example_dags/plugins/workday.py
[2025-11-27T14:10:26.195-0300] {processor.py:842} WARNING - No viable dags retrieved from /Users/davispecia/Documents/GitHub/Pf_pipeline_dados/Projeto_final_fase3/venv/lib/python3.9/site-packages/airflow/example_dags/plugins/workday.py
[2025-11-27T14:10:26.238-0300] {processor.py:183} INFO - Processing /Users/davispecia/Documents/GitHub/Pf_pipeline_dados/Projeto_final_fase3/venv/lib/python3.9/site-packages/airflow/example_dags/plugins/workday.py took 0.449 seconds
[2025-11-27T14:11:27.291-0300] {processor.py:161} INFO - Started process (PID=3794) to work on /Users/davispecia/Documents/GitHub/Pf_pipeline_dados/Projeto_final_fase3/venv/lib/python3.9/site-packages/airflow/example_dags/plugins/workday.py
[2025-11-27T14:11:27.292-0300] {processor.py:830} INFO - Processing file /Users/davispecia/Documents/GitHub/Pf_pipeline_dados/Projeto_final_fase3/venv/lib/python3.9/site-packages/airflow/example_dags/plugins/workday.py for tasks to queue
[2025-11-27T14:11:27.293-0300] {logging_mixin.py:188} INFO - [2025-11-27T14:11:27.293-0300] {dagbag.py:545} INFO - Filling up the DagBag from /Users/davispecia/Documents/GitHub/Pf_pipeline_dados/Projeto_final_fase3/venv/lib/python3.9/site-packages/airflow/example_dags/plugins/workday.py
[2025-11-27T14:11:27.683-0300] {processor.py:842} WARNING - No viable dags retrieved from /Users/davispecia/Documents/GitHub/Pf_pipeline_dados/Projeto_final_fase3/venv/lib/python3.9/site-packages/airflow/example_dags/plugins/workday.py
[2025-11-27T14:11:27.728-0300] {processor.py:183} INFO - Processing /Users/davispecia/Documents/GitHub/Pf_pipeline_dados/Projeto_final_fase3/venv/lib/python3.9/site-packages/airflow/example_dags/plugins/workday.py took 0.439 seconds
[2025-11-27T14:12:27.579-0300] {processor.py:161} INFO - Started process (PID=3932) to work on /Users/davispecia/Documents/GitHub/Pf_pipeline_dados/Projeto_final_fase3/venv/lib/python3.9/site-packages/airflow/example_dags/plugins/workday.py
[2025-11-27T14:12:27.580-0300] {processor.py:830} INFO - Processing file /Users/davispecia/Documents/GitHub/Pf_pipeline_dados/Projeto_final_fase3/venv/lib/python3.9/site-packages/airflow/example_dags/plugins/workday.py for tasks to queue
[2025-11-27T14:12:27.581-0300] {logging_mixin.py:188} INFO - [2025-11-27T14:12:27.581-0300] {dagbag.py:545} INFO - Filling up the DagBag from /Users/davispecia/Documents/GitHub/Pf_pipeline_dados/Projeto_final_fase3/venv/lib/python3.9/site-packages/airflow/example_dags/plugins/workday.py
[2025-11-27T14:12:27.999-0300] {processor.py:842} WARNING - No viable dags retrieved from /Users/davispecia/Documents/GitHub/Pf_pipeline_dados/Projeto_final_fase3/venv/lib/python3.9/site-packages/airflow/example_dags/plugins/workday.py
[2025-11-27T14:12:28.045-0300] {processor.py:183} INFO - Processing /Users/davispecia/Documents/GitHub/Pf_pipeline_dados/Projeto_final_fase3/venv/lib/python3.9/site-packages/airflow/example_dags/plugins/workday.py took 0.469 seconds
[2025-11-27T14:13:31.233-0300] {processor.py:161} INFO - Started process (PID=4111) to work on /Users/davispecia/Documents/GitHub/Pf_pipeline_dados/Projeto_final_fase3/venv/lib/python3.9/site-packages/airflow/example_dags/plugins/workday.py
[2025-11-27T14:13:31.235-0300] {processor.py:830} INFO - Processing file /Users/davispecia/Documents/GitHub/Pf_pipeline_dados/Projeto_final_fase3/venv/lib/python3.9/site-packages/airflow/example_dags/plugins/workday.py for tasks to queue
[2025-11-27T14:13:31.235-0300] {logging_mixin.py:188} INFO - [2025-11-27T14:13:31.235-0300] {dagbag.py:545} INFO - Filling up the DagBag from /Users/davispecia/Documents/GitHub/Pf_pipeline_dados/Projeto_final_fase3/venv/lib/python3.9/site-packages/airflow/example_dags/plugins/workday.py
[2025-11-27T14:13:31.712-0300] {processor.py:842} WARNING - No viable dags retrieved from /Users/davispecia/Documents/GitHub/Pf_pipeline_dados/Projeto_final_fase3/venv/lib/python3.9/site-packages/airflow/example_dags/plugins/workday.py
[2025-11-27T14:13:31.758-0300] {processor.py:183} INFO - Processing /Users/davispecia/Documents/GitHub/Pf_pipeline_dados/Projeto_final_fase3/venv/lib/python3.9/site-packages/airflow/example_dags/plugins/workday.py took 0.526 seconds
[2025-11-27T14:14:39.576-0300] {processor.py:161} INFO - Started process (PID=4294) to work on /Users/davispecia/Documents/GitHub/Pf_pipeline_dados/Projeto_final_fase3/venv/lib/python3.9/site-packages/airflow/example_dags/plugins/workday.py
[2025-11-27T14:14:39.577-0300] {processor.py:830} INFO - Processing file /Users/davispecia/Documents/GitHub/Pf_pipeline_dados/Projeto_final_fase3/venv/lib/python3.9/site-packages/airflow/example_dags/plugins/workday.py for tasks to queue
[2025-11-27T14:14:39.577-0300] {logging_mixin.py:188} INFO - [2025-11-27T14:14:39.577-0300] {dagbag.py:545} INFO - Filling up the DagBag from /Users/davispecia/Documents/GitHub/Pf_pipeline_dados/Projeto_final_fase3/venv/lib/python3.9/site-packages/airflow/example_dags/plugins/workday.py
[2025-11-27T14:14:49.428-0300] {processor.py:842} WARNING - No viable dags retrieved from /Users/davispecia/Documents/GitHub/Pf_pipeline_dados/Projeto_final_fase3/venv/lib/python3.9/site-packages/airflow/example_dags/plugins/workday.py
[2025-11-27T14:14:49.477-0300] {processor.py:183} INFO - Processing /Users/davispecia/Documents/GitHub/Pf_pipeline_dados/Projeto_final_fase3/venv/lib/python3.9/site-packages/airflow/example_dags/plugins/workday.py took 9.903 seconds
[2025-11-27T14:15:56.778-0300] {processor.py:161} INFO - Started process (PID=4530) to work on /Users/davispecia/Documents/GitHub/Pf_pipeline_dados/Projeto_final_fase3/venv/lib/python3.9/site-packages/airflow/example_dags/plugins/workday.py
[2025-11-27T14:15:56.779-0300] {processor.py:830} INFO - Processing file /Users/davispecia/Documents/GitHub/Pf_pipeline_dados/Projeto_final_fase3/venv/lib/python3.9/site-packages/airflow/example_dags/plugins/workday.py for tasks to queue
[2025-11-27T14:15:56.780-0300] {logging_mixin.py:188} INFO - [2025-11-27T14:15:56.780-0300] {dagbag.py:545} INFO - Filling up the DagBag from /Users/davispecia/Documents/GitHub/Pf_pipeline_dados/Projeto_final_fase3/venv/lib/python3.9/site-packages/airflow/example_dags/plugins/workday.py
[2025-11-27T14:15:57.195-0300] {processor.py:842} WARNING - No viable dags retrieved from /Users/davispecia/Documents/GitHub/Pf_pipeline_dados/Projeto_final_fase3/venv/lib/python3.9/site-packages/airflow/example_dags/plugins/workday.py
[2025-11-27T14:15:57.238-0300] {processor.py:183} INFO - Processing /Users/davispecia/Documents/GitHub/Pf_pipeline_dados/Projeto_final_fase3/venv/lib/python3.9/site-packages/airflow/example_dags/plugins/workday.py took 0.462 seconds
[2025-11-27T14:17:02.092-0300] {processor.py:161} INFO - Started process (PID=4692) to work on /Users/davispecia/Documents/GitHub/Pf_pipeline_dados/Projeto_final_fase3/venv/lib/python3.9/site-packages/airflow/example_dags/plugins/workday.py
[2025-11-27T14:17:02.093-0300] {processor.py:830} INFO - Processing file /Users/davispecia/Documents/GitHub/Pf_pipeline_dados/Projeto_final_fase3/venv/lib/python3.9/site-packages/airflow/example_dags/plugins/workday.py for tasks to queue
[2025-11-27T14:17:02.093-0300] {logging_mixin.py:188} INFO - [2025-11-27T14:17:02.093-0300] {dagbag.py:545} INFO - Filling up the DagBag from /Users/davispecia/Documents/GitHub/Pf_pipeline_dados/Projeto_final_fase3/venv/lib/python3.9/site-packages/airflow/example_dags/plugins/workday.py
[2025-11-27T14:17:02.514-0300] {processor.py:842} WARNING - No viable dags retrieved from /Users/davispecia/Documents/GitHub/Pf_pipeline_dados/Projeto_final_fase3/venv/lib/python3.9/site-packages/airflow/example_dags/plugins/workday.py
[2025-11-27T14:17:02.557-0300] {processor.py:183} INFO - Processing /Users/davispecia/Documents/GitHub/Pf_pipeline_dados/Projeto_final_fase3/venv/lib/python3.9/site-packages/airflow/example_dags/plugins/workday.py took 0.467 seconds
[2025-11-27T14:18:11.525-0300] {processor.py:161} INFO - Started process (PID=4858) to work on /Users/davispecia/Documents/GitHub/Pf_pipeline_dados/Projeto_final_fase3/venv/lib/python3.9/site-packages/airflow/example_dags/plugins/workday.py
[2025-11-27T14:18:11.526-0300] {processor.py:830} INFO - Processing file /Users/davispecia/Documents/GitHub/Pf_pipeline_dados/Projeto_final_fase3/venv/lib/python3.9/site-packages/airflow/example_dags/plugins/workday.py for tasks to queue
[2025-11-27T14:18:11.526-0300] {logging_mixin.py:188} INFO - [2025-11-27T14:18:11.526-0300] {dagbag.py:545} INFO - Filling up the DagBag from /Users/davispecia/Documents/GitHub/Pf_pipeline_dados/Projeto_final_fase3/venv/lib/python3.9/site-packages/airflow/example_dags/plugins/workday.py
[2025-11-27T14:18:12.009-0300] {processor.py:842} WARNING - No viable dags retrieved from /Users/davispecia/Documents/GitHub/Pf_pipeline_dados/Projeto_final_fase3/venv/lib/python3.9/site-packages/airflow/example_dags/plugins/workday.py
[2025-11-27T14:18:12.054-0300] {processor.py:183} INFO - Processing /Users/davispecia/Documents/GitHub/Pf_pipeline_dados/Projeto_final_fase3/venv/lib/python3.9/site-packages/airflow/example_dags/plugins/workday.py took 0.532 seconds
[2025-11-27T14:19:20.793-0300] {processor.py:161} INFO - Started process (PID=5018) to work on /Users/davispecia/Documents/GitHub/Pf_pipeline_dados/Projeto_final_fase3/venv/lib/python3.9/site-packages/airflow/example_dags/plugins/workday.py
[2025-11-27T14:19:20.794-0300] {processor.py:830} INFO - Processing file /Users/davispecia/Documents/GitHub/Pf_pipeline_dados/Projeto_final_fase3/venv/lib/python3.9/site-packages/airflow/example_dags/plugins/workday.py for tasks to queue
[2025-11-27T14:19:20.794-0300] {logging_mixin.py:188} INFO - [2025-11-27T14:19:20.794-0300] {dagbag.py:545} INFO - Filling up the DagBag from /Users/davispecia/Documents/GitHub/Pf_pipeline_dados/Projeto_final_fase3/venv/lib/python3.9/site-packages/airflow/example_dags/plugins/workday.py
[2025-11-27T14:19:21.244-0300] {processor.py:842} WARNING - No viable dags retrieved from /Users/davispecia/Documents/GitHub/Pf_pipeline_dados/Projeto_final_fase3/venv/lib/python3.9/site-packages/airflow/example_dags/plugins/workday.py
[2025-11-27T14:19:21.304-0300] {processor.py:183} INFO - Processing /Users/davispecia/Documents/GitHub/Pf_pipeline_dados/Projeto_final_fase3/venv/lib/python3.9/site-packages/airflow/example_dags/plugins/workday.py took 0.513 seconds
[2025-11-27T14:20:28.033-0300] {processor.py:161} INFO - Started process (PID=5185) to work on /Users/davispecia/Documents/GitHub/Pf_pipeline_dados/Projeto_final_fase3/venv/lib/python3.9/site-packages/airflow/example_dags/plugins/workday.py
[2025-11-27T14:20:28.034-0300] {processor.py:830} INFO - Processing file /Users/davispecia/Documents/GitHub/Pf_pipeline_dados/Projeto_final_fase3/venv/lib/python3.9/site-packages/airflow/example_dags/plugins/workday.py for tasks to queue
[2025-11-27T14:20:28.034-0300] {logging_mixin.py:188} INFO - [2025-11-27T14:20:28.034-0300] {dagbag.py:545} INFO - Filling up the DagBag from /Users/davispecia/Documents/GitHub/Pf_pipeline_dados/Projeto_final_fase3/venv/lib/python3.9/site-packages/airflow/example_dags/plugins/workday.py
[2025-11-27T14:20:37.173-0300] {processor.py:842} WARNING - No viable dags retrieved from /Users/davispecia/Documents/GitHub/Pf_pipeline_dados/Projeto_final_fase3/venv/lib/python3.9/site-packages/airflow/example_dags/plugins/workday.py
[2025-11-27T14:20:37.227-0300] {processor.py:183} INFO - Processing /Users/davispecia/Documents/GitHub/Pf_pipeline_dados/Projeto_final_fase3/venv/lib/python3.9/site-packages/airflow/example_dags/plugins/workday.py took 9.196 seconds
[2025-11-27T14:21:42.153-0300] {processor.py:161} INFO - Started process (PID=5413) to work on /Users/davispecia/Documents/GitHub/Pf_pipeline_dados/Projeto_final_fase3/venv/lib/python3.9/site-packages/airflow/example_dags/plugins/workday.py
[2025-11-27T14:21:42.154-0300] {processor.py:830} INFO - Processing file /Users/davispecia/Documents/GitHub/Pf_pipeline_dados/Projeto_final_fase3/venv/lib/python3.9/site-packages/airflow/example_dags/plugins/workday.py for tasks to queue
[2025-11-27T14:21:42.154-0300] {logging_mixin.py:188} INFO - [2025-11-27T14:21:42.154-0300] {dagbag.py:545} INFO - Filling up the DagBag from /Users/davispecia/Documents/GitHub/Pf_pipeline_dados/Projeto_final_fase3/venv/lib/python3.9/site-packages/airflow/example_dags/plugins/workday.py
[2025-11-27T14:21:42.579-0300] {processor.py:842} WARNING - No viable dags retrieved from /Users/davispecia/Documents/GitHub/Pf_pipeline_dados/Projeto_final_fase3/venv/lib/python3.9/site-packages/airflow/example_dags/plugins/workday.py
[2025-11-27T14:21:42.624-0300] {processor.py:183} INFO - Processing /Users/davispecia/Documents/GitHub/Pf_pipeline_dados/Projeto_final_fase3/venv/lib/python3.9/site-packages/airflow/example_dags/plugins/workday.py took 0.472 seconds
[2025-11-27T14:22:47.251-0300] {processor.py:161} INFO - Started process (PID=5565) to work on /Users/davispecia/Documents/GitHub/Pf_pipeline_dados/Projeto_final_fase3/venv/lib/python3.9/site-packages/airflow/example_dags/plugins/workday.py
[2025-11-27T14:22:47.252-0300] {processor.py:830} INFO - Processing file /Users/davispecia/Documents/GitHub/Pf_pipeline_dados/Projeto_final_fase3/venv/lib/python3.9/site-packages/airflow/example_dags/plugins/workday.py for tasks to queue
[2025-11-27T14:22:47.252-0300] {logging_mixin.py:188} INFO - [2025-11-27T14:22:47.252-0300] {dagbag.py:545} INFO - Filling up the DagBag from /Users/davispecia/Documents/GitHub/Pf_pipeline_dados/Projeto_final_fase3/venv/lib/python3.9/site-packages/airflow/example_dags/plugins/workday.py
[2025-11-27T14:22:47.721-0300] {processor.py:842} WARNING - No viable dags retrieved from /Users/davispecia/Documents/GitHub/Pf_pipeline_dados/Projeto_final_fase3/venv/lib/python3.9/site-packages/airflow/example_dags/plugins/workday.py
[2025-11-27T14:22:47.765-0300] {processor.py:183} INFO - Processing /Users/davispecia/Documents/GitHub/Pf_pipeline_dados/Projeto_final_fase3/venv/lib/python3.9/site-packages/airflow/example_dags/plugins/workday.py took 0.517 seconds
[2025-11-27T14:23:54.527-0300] {processor.py:161} INFO - Started process (PID=5719) to work on /Users/davispecia/Documents/GitHub/Pf_pipeline_dados/Projeto_final_fase3/venv/lib/python3.9/site-packages/airflow/example_dags/plugins/workday.py
[2025-11-27T14:23:54.528-0300] {processor.py:830} INFO - Processing file /Users/davispecia/Documents/GitHub/Pf_pipeline_dados/Projeto_final_fase3/venv/lib/python3.9/site-packages/airflow/example_dags/plugins/workday.py for tasks to queue
[2025-11-27T14:23:54.529-0300] {logging_mixin.py:188} INFO - [2025-11-27T14:23:54.528-0300] {dagbag.py:545} INFO - Filling up the DagBag from /Users/davispecia/Documents/GitHub/Pf_pipeline_dados/Projeto_final_fase3/venv/lib/python3.9/site-packages/airflow/example_dags/plugins/workday.py
[2025-11-27T14:23:54.970-0300] {processor.py:842} WARNING - No viable dags retrieved from /Users/davispecia/Documents/GitHub/Pf_pipeline_dados/Projeto_final_fase3/venv/lib/python3.9/site-packages/airflow/example_dags/plugins/workday.py
[2025-11-27T14:23:55.020-0300] {processor.py:183} INFO - Processing /Users/davispecia/Documents/GitHub/Pf_pipeline_dados/Projeto_final_fase3/venv/lib/python3.9/site-packages/airflow/example_dags/plugins/workday.py took 0.495 seconds
[2025-11-27T14:25:04.245-0300] {processor.py:161} INFO - Started process (PID=5880) to work on /Users/davispecia/Documents/GitHub/Pf_pipeline_dados/Projeto_final_fase3/venv/lib/python3.9/site-packages/airflow/example_dags/plugins/workday.py
[2025-11-27T14:25:04.246-0300] {processor.py:830} INFO - Processing file /Users/davispecia/Documents/GitHub/Pf_pipeline_dados/Projeto_final_fase3/venv/lib/python3.9/site-packages/airflow/example_dags/plugins/workday.py for tasks to queue
[2025-11-27T14:25:04.246-0300] {logging_mixin.py:188} INFO - [2025-11-27T14:25:04.246-0300] {dagbag.py:545} INFO - Filling up the DagBag from /Users/davispecia/Documents/GitHub/Pf_pipeline_dados/Projeto_final_fase3/venv/lib/python3.9/site-packages/airflow/example_dags/plugins/workday.py
[2025-11-27T14:25:04.775-0300] {processor.py:842} WARNING - No viable dags retrieved from /Users/davispecia/Documents/GitHub/Pf_pipeline_dados/Projeto_final_fase3/venv/lib/python3.9/site-packages/airflow/example_dags/plugins/workday.py
[2025-11-27T14:25:04.820-0300] {processor.py:183} INFO - Processing /Users/davispecia/Documents/GitHub/Pf_pipeline_dados/Projeto_final_fase3/venv/lib/python3.9/site-packages/airflow/example_dags/plugins/workday.py took 0.578 seconds
[2025-11-27T14:26:15.845-0300] {processor.py:161} INFO - Started process (PID=6051) to work on /Users/davispecia/Documents/GitHub/Pf_pipeline_dados/Projeto_final_fase3/venv/lib/python3.9/site-packages/airflow/example_dags/plugins/workday.py
[2025-11-27T14:26:15.846-0300] {processor.py:830} INFO - Processing file /Users/davispecia/Documents/GitHub/Pf_pipeline_dados/Projeto_final_fase3/venv/lib/python3.9/site-packages/airflow/example_dags/plugins/workday.py for tasks to queue
[2025-11-27T14:26:15.846-0300] {logging_mixin.py:188} INFO - [2025-11-27T14:26:15.846-0300] {dagbag.py:545} INFO - Filling up the DagBag from /Users/davispecia/Documents/GitHub/Pf_pipeline_dados/Projeto_final_fase3/venv/lib/python3.9/site-packages/airflow/example_dags/plugins/workday.py
[2025-11-27T14:26:25.490-0300] {processor.py:842} WARNING - No viable dags retrieved from /Users/davispecia/Documents/GitHub/Pf_pipeline_dados/Projeto_final_fase3/venv/lib/python3.9/site-packages/airflow/example_dags/plugins/workday.py
[2025-11-27T14:26:25.554-0300] {processor.py:183} INFO - Processing /Users/davispecia/Documents/GitHub/Pf_pipeline_dados/Projeto_final_fase3/venv/lib/python3.9/site-packages/airflow/example_dags/plugins/workday.py took 9.712 seconds
[2025-11-27T14:27:36.440-0300] {processor.py:161} INFO - Started process (PID=6300) to work on /Users/davispecia/Documents/GitHub/Pf_pipeline_dados/Projeto_final_fase3/venv/lib/python3.9/site-packages/airflow/example_dags/plugins/workday.py
[2025-11-27T14:27:36.441-0300] {processor.py:830} INFO - Processing file /Users/davispecia/Documents/GitHub/Pf_pipeline_dados/Projeto_final_fase3/venv/lib/python3.9/site-packages/airflow/example_dags/plugins/workday.py for tasks to queue
[2025-11-27T14:27:36.441-0300] {logging_mixin.py:188} INFO - [2025-11-27T14:27:36.441-0300] {dagbag.py:545} INFO - Filling up the DagBag from /Users/davispecia/Documents/GitHub/Pf_pipeline_dados/Projeto_final_fase3/venv/lib/python3.9/site-packages/airflow/example_dags/plugins/workday.py
[2025-11-27T14:27:45.253-0300] {processor.py:842} WARNING - No viable dags retrieved from /Users/davispecia/Documents/GitHub/Pf_pipeline_dados/Projeto_final_fase3/venv/lib/python3.9/site-packages/airflow/example_dags/plugins/workday.py
[2025-11-27T14:27:45.300-0300] {processor.py:183} INFO - Processing /Users/davispecia/Documents/GitHub/Pf_pipeline_dados/Projeto_final_fase3/venv/lib/python3.9/site-packages/airflow/example_dags/plugins/workday.py took 8.861 seconds
[2025-11-27T14:28:49.779-0300] {processor.py:161} INFO - Started process (PID=6528) to work on /Users/davispecia/Documents/GitHub/Pf_pipeline_dados/Projeto_final_fase3/venv/lib/python3.9/site-packages/airflow/example_dags/plugins/workday.py
[2025-11-27T14:28:49.780-0300] {processor.py:830} INFO - Processing file /Users/davispecia/Documents/GitHub/Pf_pipeline_dados/Projeto_final_fase3/venv/lib/python3.9/site-packages/airflow/example_dags/plugins/workday.py for tasks to queue
[2025-11-27T14:28:49.780-0300] {logging_mixin.py:188} INFO - [2025-11-27T14:28:49.780-0300] {dagbag.py:545} INFO - Filling up the DagBag from /Users/davispecia/Documents/GitHub/Pf_pipeline_dados/Projeto_final_fase3/venv/lib/python3.9/site-packages/airflow/example_dags/plugins/workday.py
[2025-11-27T14:28:50.219-0300] {processor.py:842} WARNING - No viable dags retrieved from /Users/davispecia/Documents/GitHub/Pf_pipeline_dados/Projeto_final_fase3/venv/lib/python3.9/site-packages/airflow/example_dags/plugins/workday.py
[2025-11-27T14:28:50.264-0300] {processor.py:183} INFO - Processing /Users/davispecia/Documents/GitHub/Pf_pipeline_dados/Projeto_final_fase3/venv/lib/python3.9/site-packages/airflow/example_dags/plugins/workday.py took 0.488 seconds
[2025-11-27T14:29:55.033-0300] {processor.py:161} INFO - Started process (PID=6677) to work on /Users/davispecia/Documents/GitHub/Pf_pipeline_dados/Projeto_final_fase3/venv/lib/python3.9/site-packages/airflow/example_dags/plugins/workday.py
[2025-11-27T14:29:55.033-0300] {processor.py:830} INFO - Processing file /Users/davispecia/Documents/GitHub/Pf_pipeline_dados/Projeto_final_fase3/venv/lib/python3.9/site-packages/airflow/example_dags/plugins/workday.py for tasks to queue
[2025-11-27T14:29:55.034-0300] {logging_mixin.py:188} INFO - [2025-11-27T14:29:55.033-0300] {dagbag.py:545} INFO - Filling up the DagBag from /Users/davispecia/Documents/GitHub/Pf_pipeline_dados/Projeto_final_fase3/venv/lib/python3.9/site-packages/airflow/example_dags/plugins/workday.py
[2025-11-27T14:29:55.550-0300] {processor.py:842} WARNING - No viable dags retrieved from /Users/davispecia/Documents/GitHub/Pf_pipeline_dados/Projeto_final_fase3/venv/lib/python3.9/site-packages/airflow/example_dags/plugins/workday.py
[2025-11-27T14:29:55.594-0300] {processor.py:183} INFO - Processing /Users/davispecia/Documents/GitHub/Pf_pipeline_dados/Projeto_final_fase3/venv/lib/python3.9/site-packages/airflow/example_dags/plugins/workday.py took 0.563 seconds
[2025-11-27T14:31:01.153-0300] {processor.py:161} INFO - Started process (PID=6840) to work on /Users/davispecia/Documents/GitHub/Pf_pipeline_dados/Projeto_final_fase3/venv/lib/python3.9/site-packages/airflow/example_dags/plugins/workday.py
[2025-11-27T14:31:01.154-0300] {processor.py:830} INFO - Processing file /Users/davispecia/Documents/GitHub/Pf_pipeline_dados/Projeto_final_fase3/venv/lib/python3.9/site-packages/airflow/example_dags/plugins/workday.py for tasks to queue
[2025-11-27T14:31:01.154-0300] {logging_mixin.py:188} INFO - [2025-11-27T14:31:01.154-0300] {dagbag.py:545} INFO - Filling up the DagBag from /Users/davispecia/Documents/GitHub/Pf_pipeline_dados/Projeto_final_fase3/venv/lib/python3.9/site-packages/airflow/example_dags/plugins/workday.py
[2025-11-27T14:31:01.609-0300] {processor.py:842} WARNING - No viable dags retrieved from /Users/davispecia/Documents/GitHub/Pf_pipeline_dados/Projeto_final_fase3/venv/lib/python3.9/site-packages/airflow/example_dags/plugins/workday.py
[2025-11-27T14:31:01.653-0300] {processor.py:183} INFO - Processing /Users/davispecia/Documents/GitHub/Pf_pipeline_dados/Projeto_final_fase3/venv/lib/python3.9/site-packages/airflow/example_dags/plugins/workday.py took 0.502 seconds
[2025-11-27T14:32:04.393-0300] {processor.py:161} INFO - Started process (PID=6990) to work on /Users/davispecia/Documents/GitHub/Pf_pipeline_dados/Projeto_final_fase3/venv/lib/python3.9/site-packages/airflow/example_dags/plugins/workday.py
[2025-11-27T14:32:04.394-0300] {processor.py:830} INFO - Processing file /Users/davispecia/Documents/GitHub/Pf_pipeline_dados/Projeto_final_fase3/venv/lib/python3.9/site-packages/airflow/example_dags/plugins/workday.py for tasks to queue
[2025-11-27T14:32:04.394-0300] {logging_mixin.py:188} INFO - [2025-11-27T14:32:04.394-0300] {dagbag.py:545} INFO - Filling up the DagBag from /Users/davispecia/Documents/GitHub/Pf_pipeline_dados/Projeto_final_fase3/venv/lib/python3.9/site-packages/airflow/example_dags/plugins/workday.py
[2025-11-27T14:32:04.810-0300] {processor.py:842} WARNING - No viable dags retrieved from /Users/davispecia/Documents/GitHub/Pf_pipeline_dados/Projeto_final_fase3/venv/lib/python3.9/site-packages/airflow/example_dags/plugins/workday.py
[2025-11-27T14:32:04.855-0300] {processor.py:183} INFO - Processing /Users/davispecia/Documents/GitHub/Pf_pipeline_dados/Projeto_final_fase3/venv/lib/python3.9/site-packages/airflow/example_dags/plugins/workday.py took 0.464 seconds
[2025-11-27T14:33:08.498-0300] {processor.py:161} INFO - Started process (PID=7151) to work on /Users/davispecia/Documents/GitHub/Pf_pipeline_dados/Projeto_final_fase3/venv/lib/python3.9/site-packages/airflow/example_dags/plugins/workday.py
[2025-11-27T14:33:08.498-0300] {processor.py:830} INFO - Processing file /Users/davispecia/Documents/GitHub/Pf_pipeline_dados/Projeto_final_fase3/venv/lib/python3.9/site-packages/airflow/example_dags/plugins/workday.py for tasks to queue
[2025-11-27T14:33:08.499-0300] {logging_mixin.py:188} INFO - [2025-11-27T14:33:08.498-0300] {dagbag.py:545} INFO - Filling up the DagBag from /Users/davispecia/Documents/GitHub/Pf_pipeline_dados/Projeto_final_fase3/venv/lib/python3.9/site-packages/airflow/example_dags/plugins/workday.py
[2025-11-27T14:33:18.337-0300] {processor.py:842} WARNING - No viable dags retrieved from /Users/davispecia/Documents/GitHub/Pf_pipeline_dados/Projeto_final_fase3/venv/lib/python3.9/site-packages/airflow/example_dags/plugins/workday.py
[2025-11-27T14:33:18.403-0300] {processor.py:183} INFO - Processing /Users/davispecia/Documents/GitHub/Pf_pipeline_dados/Projeto_final_fase3/venv/lib/python3.9/site-packages/airflow/example_dags/plugins/workday.py took 9.907 seconds
[2025-11-27T14:34:24.624-0300] {processor.py:161} INFO - Started process (PID=7402) to work on /Users/davispecia/Documents/GitHub/Pf_pipeline_dados/Projeto_final_fase3/venv/lib/python3.9/site-packages/airflow/example_dags/plugins/workday.py
[2025-11-27T14:34:24.624-0300] {processor.py:830} INFO - Processing file /Users/davispecia/Documents/GitHub/Pf_pipeline_dados/Projeto_final_fase3/venv/lib/python3.9/site-packages/airflow/example_dags/plugins/workday.py for tasks to queue
[2025-11-27T14:34:24.625-0300] {logging_mixin.py:188} INFO - [2025-11-27T14:34:24.625-0300] {dagbag.py:545} INFO - Filling up the DagBag from /Users/davispecia/Documents/GitHub/Pf_pipeline_dados/Projeto_final_fase3/venv/lib/python3.9/site-packages/airflow/example_dags/plugins/workday.py
[2025-11-27T14:34:25.084-0300] {processor.py:842} WARNING - No viable dags retrieved from /Users/davispecia/Documents/GitHub/Pf_pipeline_dados/Projeto_final_fase3/venv/lib/python3.9/site-packages/airflow/example_dags/plugins/workday.py
[2025-11-27T14:34:25.130-0300] {processor.py:183} INFO - Processing /Users/davispecia/Documents/GitHub/Pf_pipeline_dados/Projeto_final_fase3/venv/lib/python3.9/site-packages/airflow/example_dags/plugins/workday.py took 0.508 seconds
[2025-11-27T14:35:37.947-0300] {processor.py:161} INFO - Started process (PID=7705) to work on /Users/davispecia/Documents/GitHub/Pf_pipeline_dados/Projeto_final_fase3/venv/lib/python3.9/site-packages/airflow/example_dags/plugins/workday.py
[2025-11-27T14:35:37.948-0300] {processor.py:830} INFO - Processing file /Users/davispecia/Documents/GitHub/Pf_pipeline_dados/Projeto_final_fase3/venv/lib/python3.9/site-packages/airflow/example_dags/plugins/workday.py for tasks to queue
[2025-11-27T14:35:37.948-0300] {logging_mixin.py:188} INFO - [2025-11-27T14:35:37.948-0300] {dagbag.py:545} INFO - Filling up the DagBag from /Users/davispecia/Documents/GitHub/Pf_pipeline_dados/Projeto_final_fase3/venv/lib/python3.9/site-packages/airflow/example_dags/plugins/workday.py
[2025-11-27T14:35:38.424-0300] {processor.py:842} WARNING - No viable dags retrieved from /Users/davispecia/Documents/GitHub/Pf_pipeline_dados/Projeto_final_fase3/venv/lib/python3.9/site-packages/airflow/example_dags/plugins/workday.py
[2025-11-27T14:35:38.469-0300] {processor.py:183} INFO - Processing /Users/davispecia/Documents/GitHub/Pf_pipeline_dados/Projeto_final_fase3/venv/lib/python3.9/site-packages/airflow/example_dags/plugins/workday.py took 0.524 seconds
[2025-11-27T14:36:46.888-0300] {processor.py:161} INFO - Started process (PID=7877) to work on /Users/davispecia/Documents/GitHub/Pf_pipeline_dados/Projeto_final_fase3/venv/lib/python3.9/site-packages/airflow/example_dags/plugins/workday.py
[2025-11-27T14:36:46.889-0300] {processor.py:830} INFO - Processing file /Users/davispecia/Documents/GitHub/Pf_pipeline_dados/Projeto_final_fase3/venv/lib/python3.9/site-packages/airflow/example_dags/plugins/workday.py for tasks to queue
[2025-11-27T14:36:46.889-0300] {logging_mixin.py:188} INFO - [2025-11-27T14:36:46.889-0300] {dagbag.py:545} INFO - Filling up the DagBag from /Users/davispecia/Documents/GitHub/Pf_pipeline_dados/Projeto_final_fase3/venv/lib/python3.9/site-packages/airflow/example_dags/plugins/workday.py
[2025-11-27T14:36:47.330-0300] {processor.py:842} WARNING - No viable dags retrieved from /Users/davispecia/Documents/GitHub/Pf_pipeline_dados/Projeto_final_fase3/venv/lib/python3.9/site-packages/airflow/example_dags/plugins/workday.py
[2025-11-27T14:36:47.377-0300] {processor.py:183} INFO - Processing /Users/davispecia/Documents/GitHub/Pf_pipeline_dados/Projeto_final_fase3/venv/lib/python3.9/site-packages/airflow/example_dags/plugins/workday.py took 0.492 seconds
[2025-11-27T14:37:53.882-0300] {processor.py:161} INFO - Started process (PID=8032) to work on /Users/davispecia/Documents/GitHub/Pf_pipeline_dados/Projeto_final_fase3/venv/lib/python3.9/site-packages/airflow/example_dags/plugins/workday.py
[2025-11-27T14:37:53.882-0300] {processor.py:830} INFO - Processing file /Users/davispecia/Documents/GitHub/Pf_pipeline_dados/Projeto_final_fase3/venv/lib/python3.9/site-packages/airflow/example_dags/plugins/workday.py for tasks to queue
[2025-11-27T14:37:53.883-0300] {logging_mixin.py:188} INFO - [2025-11-27T14:37:53.883-0300] {dagbag.py:545} INFO - Filling up the DagBag from /Users/davispecia/Documents/GitHub/Pf_pipeline_dados/Projeto_final_fase3/venv/lib/python3.9/site-packages/airflow/example_dags/plugins/workday.py
[2025-11-27T14:37:54.308-0300] {processor.py:842} WARNING - No viable dags retrieved from /Users/davispecia/Documents/GitHub/Pf_pipeline_dados/Projeto_final_fase3/venv/lib/python3.9/site-packages/airflow/example_dags/plugins/workday.py
[2025-11-27T14:37:54.352-0300] {processor.py:183} INFO - Processing /Users/davispecia/Documents/GitHub/Pf_pipeline_dados/Projeto_final_fase3/venv/lib/python3.9/site-packages/airflow/example_dags/plugins/workday.py took 0.472 seconds
[2025-11-27T14:39:00.668-0300] {processor.py:161} INFO - Started process (PID=8205) to work on /Users/davispecia/Documents/GitHub/Pf_pipeline_dados/Projeto_final_fase3/venv/lib/python3.9/site-packages/airflow/example_dags/plugins/workday.py
[2025-11-27T14:39:00.670-0300] {processor.py:830} INFO - Processing file /Users/davispecia/Documents/GitHub/Pf_pipeline_dados/Projeto_final_fase3/venv/lib/python3.9/site-packages/airflow/example_dags/plugins/workday.py for tasks to queue
[2025-11-27T14:39:00.670-0300] {logging_mixin.py:188} INFO - [2025-11-27T14:39:00.670-0300] {dagbag.py:545} INFO - Filling up the DagBag from /Users/davispecia/Documents/GitHub/Pf_pipeline_dados/Projeto_final_fase3/venv/lib/python3.9/site-packages/airflow/example_dags/plugins/workday.py
[2025-11-27T14:39:09.440-0300] {processor.py:842} WARNING - No viable dags retrieved from /Users/davispecia/Documents/GitHub/Pf_pipeline_dados/Projeto_final_fase3/venv/lib/python3.9/site-packages/airflow/example_dags/plugins/workday.py
[2025-11-27T14:39:09.485-0300] {processor.py:183} INFO - Processing /Users/davispecia/Documents/GitHub/Pf_pipeline_dados/Projeto_final_fase3/venv/lib/python3.9/site-packages/airflow/example_dags/plugins/workday.py took 8.819 seconds
[2025-11-27T14:40:13.926-0300] {processor.py:161} INFO - Started process (PID=8433) to work on /Users/davispecia/Documents/GitHub/Pf_pipeline_dados/Projeto_final_fase3/venv/lib/python3.9/site-packages/airflow/example_dags/plugins/workday.py
[2025-11-27T14:40:13.927-0300] {processor.py:830} INFO - Processing file /Users/davispecia/Documents/GitHub/Pf_pipeline_dados/Projeto_final_fase3/venv/lib/python3.9/site-packages/airflow/example_dags/plugins/workday.py for tasks to queue
[2025-11-27T14:40:13.928-0300] {logging_mixin.py:188} INFO - [2025-11-27T14:40:13.928-0300] {dagbag.py:545} INFO - Filling up the DagBag from /Users/davispecia/Documents/GitHub/Pf_pipeline_dados/Projeto_final_fase3/venv/lib/python3.9/site-packages/airflow/example_dags/plugins/workday.py
[2025-11-27T14:40:14.318-0300] {processor.py:842} WARNING - No viable dags retrieved from /Users/davispecia/Documents/GitHub/Pf_pipeline_dados/Projeto_final_fase3/venv/lib/python3.9/site-packages/airflow/example_dags/plugins/workday.py
[2025-11-27T14:40:14.361-0300] {processor.py:183} INFO - Processing /Users/davispecia/Documents/GitHub/Pf_pipeline_dados/Projeto_final_fase3/venv/lib/python3.9/site-packages/airflow/example_dags/plugins/workday.py took 0.437 seconds
[2025-11-27T14:41:18.273-0300] {processor.py:161} INFO - Started process (PID=8646) to work on /Users/davispecia/Documents/GitHub/Pf_pipeline_dados/Projeto_final_fase3/venv/lib/python3.9/site-packages/airflow/example_dags/plugins/workday.py
[2025-11-27T14:41:18.274-0300] {processor.py:830} INFO - Processing file /Users/davispecia/Documents/GitHub/Pf_pipeline_dados/Projeto_final_fase3/venv/lib/python3.9/site-packages/airflow/example_dags/plugins/workday.py for tasks to queue
[2025-11-27T14:41:18.274-0300] {logging_mixin.py:188} INFO - [2025-11-27T14:41:18.274-0300] {dagbag.py:545} INFO - Filling up the DagBag from /Users/davispecia/Documents/GitHub/Pf_pipeline_dados/Projeto_final_fase3/venv/lib/python3.9/site-packages/airflow/example_dags/plugins/workday.py
[2025-11-27T14:41:18.694-0300] {processor.py:842} WARNING - No viable dags retrieved from /Users/davispecia/Documents/GitHub/Pf_pipeline_dados/Projeto_final_fase3/venv/lib/python3.9/site-packages/airflow/example_dags/plugins/workday.py
[2025-11-27T14:41:18.738-0300] {processor.py:183} INFO - Processing /Users/davispecia/Documents/GitHub/Pf_pipeline_dados/Projeto_final_fase3/venv/lib/python3.9/site-packages/airflow/example_dags/plugins/workday.py took 0.467 seconds
[2025-11-27T14:42:19.959-0300] {processor.py:161} INFO - Started process (PID=8804) to work on /Users/davispecia/Documents/GitHub/Pf_pipeline_dados/Projeto_final_fase3/venv/lib/python3.9/site-packages/airflow/example_dags/plugins/workday.py
[2025-11-27T14:42:19.959-0300] {processor.py:830} INFO - Processing file /Users/davispecia/Documents/GitHub/Pf_pipeline_dados/Projeto_final_fase3/venv/lib/python3.9/site-packages/airflow/example_dags/plugins/workday.py for tasks to queue
[2025-11-27T14:42:19.960-0300] {logging_mixin.py:188} INFO - [2025-11-27T14:42:19.960-0300] {dagbag.py:545} INFO - Filling up the DagBag from /Users/davispecia/Documents/GitHub/Pf_pipeline_dados/Projeto_final_fase3/venv/lib/python3.9/site-packages/airflow/example_dags/plugins/workday.py
[2025-11-27T14:42:20.377-0300] {processor.py:842} WARNING - No viable dags retrieved from /Users/davispecia/Documents/GitHub/Pf_pipeline_dados/Projeto_final_fase3/venv/lib/python3.9/site-packages/airflow/example_dags/plugins/workday.py
[2025-11-27T14:42:20.421-0300] {processor.py:183} INFO - Processing /Users/davispecia/Documents/GitHub/Pf_pipeline_dados/Projeto_final_fase3/venv/lib/python3.9/site-packages/airflow/example_dags/plugins/workday.py took 0.465 seconds
[2025-11-27T14:43:21.125-0300] {processor.py:161} INFO - Started process (PID=8973) to work on /Users/davispecia/Documents/GitHub/Pf_pipeline_dados/Projeto_final_fase3/venv/lib/python3.9/site-packages/airflow/example_dags/plugins/workday.py
[2025-11-27T14:43:21.126-0300] {processor.py:830} INFO - Processing file /Users/davispecia/Documents/GitHub/Pf_pipeline_dados/Projeto_final_fase3/venv/lib/python3.9/site-packages/airflow/example_dags/plugins/workday.py for tasks to queue
[2025-11-27T14:43:21.126-0300] {logging_mixin.py:188} INFO - [2025-11-27T14:43:21.126-0300] {dagbag.py:545} INFO - Filling up the DagBag from /Users/davispecia/Documents/GitHub/Pf_pipeline_dados/Projeto_final_fase3/venv/lib/python3.9/site-packages/airflow/example_dags/plugins/workday.py
[2025-11-27T14:43:21.554-0300] {processor.py:842} WARNING - No viable dags retrieved from /Users/davispecia/Documents/GitHub/Pf_pipeline_dados/Projeto_final_fase3/venv/lib/python3.9/site-packages/airflow/example_dags/plugins/workday.py
[2025-11-27T14:43:21.597-0300] {processor.py:183} INFO - Processing /Users/davispecia/Documents/GitHub/Pf_pipeline_dados/Projeto_final_fase3/venv/lib/python3.9/site-packages/airflow/example_dags/plugins/workday.py took 0.474 seconds
[2025-11-27T14:44:24.930-0300] {processor.py:161} INFO - Started process (PID=9188) to work on /Users/davispecia/Documents/GitHub/Pf_pipeline_dados/Projeto_final_fase3/venv/lib/python3.9/site-packages/airflow/example_dags/plugins/workday.py
[2025-11-27T14:44:24.931-0300] {processor.py:830} INFO - Processing file /Users/davispecia/Documents/GitHub/Pf_pipeline_dados/Projeto_final_fase3/venv/lib/python3.9/site-packages/airflow/example_dags/plugins/workday.py for tasks to queue
[2025-11-27T14:44:24.931-0300] {logging_mixin.py:188} INFO - [2025-11-27T14:44:24.931-0300] {dagbag.py:545} INFO - Filling up the DagBag from /Users/davispecia/Documents/GitHub/Pf_pipeline_dados/Projeto_final_fase3/venv/lib/python3.9/site-packages/airflow/example_dags/plugins/workday.py
[2025-11-27T14:44:33.827-0300] {processor.py:842} WARNING - No viable dags retrieved from /Users/davispecia/Documents/GitHub/Pf_pipeline_dados/Projeto_final_fase3/venv/lib/python3.9/site-packages/airflow/example_dags/plugins/workday.py
[2025-11-27T14:44:33.872-0300] {processor.py:183} INFO - Processing /Users/davispecia/Documents/GitHub/Pf_pipeline_dados/Projeto_final_fase3/venv/lib/python3.9/site-packages/airflow/example_dags/plugins/workday.py took 8.944 seconds
[2025-11-27T14:45:39.107-0300] {processor.py:161} INFO - Started process (PID=9419) to work on /Users/davispecia/Documents/GitHub/Pf_pipeline_dados/Projeto_final_fase3/venv/lib/python3.9/site-packages/airflow/example_dags/plugins/workday.py
[2025-11-27T14:45:39.109-0300] {processor.py:830} INFO - Processing file /Users/davispecia/Documents/GitHub/Pf_pipeline_dados/Projeto_final_fase3/venv/lib/python3.9/site-packages/airflow/example_dags/plugins/workday.py for tasks to queue
[2025-11-27T14:45:39.109-0300] {logging_mixin.py:188} INFO - [2025-11-27T14:45:39.109-0300] {dagbag.py:545} INFO - Filling up the DagBag from /Users/davispecia/Documents/GitHub/Pf_pipeline_dados/Projeto_final_fase3/venv/lib/python3.9/site-packages/airflow/example_dags/plugins/workday.py
[2025-11-27T14:45:39.520-0300] {processor.py:842} WARNING - No viable dags retrieved from /Users/davispecia/Documents/GitHub/Pf_pipeline_dados/Projeto_final_fase3/venv/lib/python3.9/site-packages/airflow/example_dags/plugins/workday.py
[2025-11-27T14:45:39.564-0300] {processor.py:183} INFO - Processing /Users/davispecia/Documents/GitHub/Pf_pipeline_dados/Projeto_final_fase3/venv/lib/python3.9/site-packages/airflow/example_dags/plugins/workday.py took 0.460 seconds
[2025-11-27T14:46:44.895-0300] {processor.py:161} INFO - Started process (PID=9573) to work on /Users/davispecia/Documents/GitHub/Pf_pipeline_dados/Projeto_final_fase3/venv/lib/python3.9/site-packages/airflow/example_dags/plugins/workday.py
[2025-11-27T14:46:44.896-0300] {processor.py:830} INFO - Processing file /Users/davispecia/Documents/GitHub/Pf_pipeline_dados/Projeto_final_fase3/venv/lib/python3.9/site-packages/airflow/example_dags/plugins/workday.py for tasks to queue
[2025-11-27T14:46:44.897-0300] {logging_mixin.py:188} INFO - [2025-11-27T14:46:44.897-0300] {dagbag.py:545} INFO - Filling up the DagBag from /Users/davispecia/Documents/GitHub/Pf_pipeline_dados/Projeto_final_fase3/venv/lib/python3.9/site-packages/airflow/example_dags/plugins/workday.py
[2025-11-27T14:46:45.337-0300] {processor.py:842} WARNING - No viable dags retrieved from /Users/davispecia/Documents/GitHub/Pf_pipeline_dados/Projeto_final_fase3/venv/lib/python3.9/site-packages/airflow/example_dags/plugins/workday.py
[2025-11-27T14:46:45.382-0300] {processor.py:183} INFO - Processing /Users/davispecia/Documents/GitHub/Pf_pipeline_dados/Projeto_final_fase3/venv/lib/python3.9/site-packages/airflow/example_dags/plugins/workday.py took 0.489 seconds
[2025-11-27T14:47:49.264-0300] {processor.py:161} INFO - Started process (PID=9736) to work on /Users/davispecia/Documents/GitHub/Pf_pipeline_dados/Projeto_final_fase3/venv/lib/python3.9/site-packages/airflow/example_dags/plugins/workday.py
[2025-11-27T14:47:49.265-0300] {processor.py:830} INFO - Processing file /Users/davispecia/Documents/GitHub/Pf_pipeline_dados/Projeto_final_fase3/venv/lib/python3.9/site-packages/airflow/example_dags/plugins/workday.py for tasks to queue
[2025-11-27T14:47:49.265-0300] {logging_mixin.py:188} INFO - [2025-11-27T14:47:49.265-0300] {dagbag.py:545} INFO - Filling up the DagBag from /Users/davispecia/Documents/GitHub/Pf_pipeline_dados/Projeto_final_fase3/venv/lib/python3.9/site-packages/airflow/example_dags/plugins/workday.py
[2025-11-27T14:47:49.691-0300] {processor.py:842} WARNING - No viable dags retrieved from /Users/davispecia/Documents/GitHub/Pf_pipeline_dados/Projeto_final_fase3/venv/lib/python3.9/site-packages/airflow/example_dags/plugins/workday.py
[2025-11-27T14:47:49.734-0300] {processor.py:183} INFO - Processing /Users/davispecia/Documents/GitHub/Pf_pipeline_dados/Projeto_final_fase3/venv/lib/python3.9/site-packages/airflow/example_dags/plugins/workday.py took 0.472 seconds
[2025-11-27T14:48:52.133-0300] {processor.py:161} INFO - Started process (PID=9884) to work on /Users/davispecia/Documents/GitHub/Pf_pipeline_dados/Projeto_final_fase3/venv/lib/python3.9/site-packages/airflow/example_dags/plugins/workday.py
[2025-11-27T14:48:52.134-0300] {processor.py:830} INFO - Processing file /Users/davispecia/Documents/GitHub/Pf_pipeline_dados/Projeto_final_fase3/venv/lib/python3.9/site-packages/airflow/example_dags/plugins/workday.py for tasks to queue
[2025-11-27T14:48:52.134-0300] {logging_mixin.py:188} INFO - [2025-11-27T14:48:52.134-0300] {dagbag.py:545} INFO - Filling up the DagBag from /Users/davispecia/Documents/GitHub/Pf_pipeline_dados/Projeto_final_fase3/venv/lib/python3.9/site-packages/airflow/example_dags/plugins/workday.py
[2025-11-27T14:48:52.554-0300] {processor.py:842} WARNING - No viable dags retrieved from /Users/davispecia/Documents/GitHub/Pf_pipeline_dados/Projeto_final_fase3/venv/lib/python3.9/site-packages/airflow/example_dags/plugins/workday.py
[2025-11-27T14:48:52.597-0300] {processor.py:183} INFO - Processing /Users/davispecia/Documents/GitHub/Pf_pipeline_dados/Projeto_final_fase3/venv/lib/python3.9/site-packages/airflow/example_dags/plugins/workday.py took 0.465 seconds
[2025-11-27T14:49:57.186-0300] {processor.py:161} INFO - Started process (PID=10058) to work on /Users/davispecia/Documents/GitHub/Pf_pipeline_dados/Projeto_final_fase3/venv/lib/python3.9/site-packages/airflow/example_dags/plugins/workday.py
[2025-11-27T14:49:57.187-0300] {processor.py:830} INFO - Processing file /Users/davispecia/Documents/GitHub/Pf_pipeline_dados/Projeto_final_fase3/venv/lib/python3.9/site-packages/airflow/example_dags/plugins/workday.py for tasks to queue
[2025-11-27T14:49:57.188-0300] {logging_mixin.py:188} INFO - [2025-11-27T14:49:57.187-0300] {dagbag.py:545} INFO - Filling up the DagBag from /Users/davispecia/Documents/GitHub/Pf_pipeline_dados/Projeto_final_fase3/venv/lib/python3.9/site-packages/airflow/example_dags/plugins/workday.py
[2025-11-27T14:50:06.213-0300] {processor.py:842} WARNING - No viable dags retrieved from /Users/davispecia/Documents/GitHub/Pf_pipeline_dados/Projeto_final_fase3/venv/lib/python3.9/site-packages/airflow/example_dags/plugins/workday.py
[2025-11-27T14:50:06.260-0300] {processor.py:183} INFO - Processing /Users/davispecia/Documents/GitHub/Pf_pipeline_dados/Projeto_final_fase3/venv/lib/python3.9/site-packages/airflow/example_dags/plugins/workday.py took 9.076 seconds
[2025-11-27T14:51:09.580-0300] {processor.py:161} INFO - Started process (PID=10284) to work on /Users/davispecia/Documents/GitHub/Pf_pipeline_dados/Projeto_final_fase3/venv/lib/python3.9/site-packages/airflow/example_dags/plugins/workday.py
[2025-11-27T14:51:09.581-0300] {processor.py:830} INFO - Processing file /Users/davispecia/Documents/GitHub/Pf_pipeline_dados/Projeto_final_fase3/venv/lib/python3.9/site-packages/airflow/example_dags/plugins/workday.py for tasks to queue
[2025-11-27T14:51:09.585-0300] {logging_mixin.py:188} INFO - [2025-11-27T14:51:09.585-0300] {dagbag.py:545} INFO - Filling up the DagBag from /Users/davispecia/Documents/GitHub/Pf_pipeline_dados/Projeto_final_fase3/venv/lib/python3.9/site-packages/airflow/example_dags/plugins/workday.py
[2025-11-27T14:51:09.988-0300] {processor.py:842} WARNING - No viable dags retrieved from /Users/davispecia/Documents/GitHub/Pf_pipeline_dados/Projeto_final_fase3/venv/lib/python3.9/site-packages/airflow/example_dags/plugins/workday.py
[2025-11-27T14:51:10.031-0300] {processor.py:183} INFO - Processing /Users/davispecia/Documents/GitHub/Pf_pipeline_dados/Projeto_final_fase3/venv/lib/python3.9/site-packages/airflow/example_dags/plugins/workday.py took 0.454 seconds
[2025-11-27T14:52:14.889-0300] {processor.py:161} INFO - Started process (PID=10456) to work on /Users/davispecia/Documents/GitHub/Pf_pipeline_dados/Projeto_final_fase3/venv/lib/python3.9/site-packages/airflow/example_dags/plugins/workday.py
[2025-11-27T14:52:14.890-0300] {processor.py:830} INFO - Processing file /Users/davispecia/Documents/GitHub/Pf_pipeline_dados/Projeto_final_fase3/venv/lib/python3.9/site-packages/airflow/example_dags/plugins/workday.py for tasks to queue
[2025-11-27T14:52:14.890-0300] {logging_mixin.py:188} INFO - [2025-11-27T14:52:14.890-0300] {dagbag.py:545} INFO - Filling up the DagBag from /Users/davispecia/Documents/GitHub/Pf_pipeline_dados/Projeto_final_fase3/venv/lib/python3.9/site-packages/airflow/example_dags/plugins/workday.py
[2025-11-27T14:52:15.328-0300] {processor.py:842} WARNING - No viable dags retrieved from /Users/davispecia/Documents/GitHub/Pf_pipeline_dados/Projeto_final_fase3/venv/lib/python3.9/site-packages/airflow/example_dags/plugins/workday.py
[2025-11-27T14:52:15.372-0300] {processor.py:183} INFO - Processing /Users/davispecia/Documents/GitHub/Pf_pipeline_dados/Projeto_final_fase3/venv/lib/python3.9/site-packages/airflow/example_dags/plugins/workday.py took 0.486 seconds
[2025-11-27T14:53:17.400-0300] {processor.py:161} INFO - Started process (PID=10605) to work on /Users/davispecia/Documents/GitHub/Pf_pipeline_dados/Projeto_final_fase3/venv/lib/python3.9/site-packages/airflow/example_dags/plugins/workday.py
[2025-11-27T14:53:17.401-0300] {processor.py:830} INFO - Processing file /Users/davispecia/Documents/GitHub/Pf_pipeline_dados/Projeto_final_fase3/venv/lib/python3.9/site-packages/airflow/example_dags/plugins/workday.py for tasks to queue
[2025-11-27T14:53:17.401-0300] {logging_mixin.py:188} INFO - [2025-11-27T14:53:17.401-0300] {dagbag.py:545} INFO - Filling up the DagBag from /Users/davispecia/Documents/GitHub/Pf_pipeline_dados/Projeto_final_fase3/venv/lib/python3.9/site-packages/airflow/example_dags/plugins/workday.py
[2025-11-27T14:53:17.874-0300] {processor.py:842} WARNING - No viable dags retrieved from /Users/davispecia/Documents/GitHub/Pf_pipeline_dados/Projeto_final_fase3/venv/lib/python3.9/site-packages/airflow/example_dags/plugins/workday.py
[2025-11-27T14:53:17.922-0300] {processor.py:183} INFO - Processing /Users/davispecia/Documents/GitHub/Pf_pipeline_dados/Projeto_final_fase3/venv/lib/python3.9/site-packages/airflow/example_dags/plugins/workday.py took 0.524 seconds
[2025-11-27T14:54:18.213-0300] {processor.py:161} INFO - Started process (PID=10753) to work on /Users/davispecia/Documents/GitHub/Pf_pipeline_dados/Projeto_final_fase3/venv/lib/python3.9/site-packages/airflow/example_dags/plugins/workday.py
[2025-11-27T14:54:18.214-0300] {processor.py:830} INFO - Processing file /Users/davispecia/Documents/GitHub/Pf_pipeline_dados/Projeto_final_fase3/venv/lib/python3.9/site-packages/airflow/example_dags/plugins/workday.py for tasks to queue
[2025-11-27T14:54:18.214-0300] {logging_mixin.py:188} INFO - [2025-11-27T14:54:18.214-0300] {dagbag.py:545} INFO - Filling up the DagBag from /Users/davispecia/Documents/GitHub/Pf_pipeline_dados/Projeto_final_fase3/venv/lib/python3.9/site-packages/airflow/example_dags/plugins/workday.py
[2025-11-27T14:54:18.629-0300] {processor.py:842} WARNING - No viable dags retrieved from /Users/davispecia/Documents/GitHub/Pf_pipeline_dados/Projeto_final_fase3/venv/lib/python3.9/site-packages/airflow/example_dags/plugins/workday.py
[2025-11-27T14:54:18.672-0300] {processor.py:183} INFO - Processing /Users/davispecia/Documents/GitHub/Pf_pipeline_dados/Projeto_final_fase3/venv/lib/python3.9/site-packages/airflow/example_dags/plugins/workday.py took 0.462 seconds
[2025-11-27T14:55:20.773-0300] {processor.py:161} INFO - Started process (PID=10905) to work on /Users/davispecia/Documents/GitHub/Pf_pipeline_dados/Projeto_final_fase3/venv/lib/python3.9/site-packages/airflow/example_dags/plugins/workday.py
[2025-11-27T14:55:20.773-0300] {processor.py:830} INFO - Processing file /Users/davispecia/Documents/GitHub/Pf_pipeline_dados/Projeto_final_fase3/venv/lib/python3.9/site-packages/airflow/example_dags/plugins/workday.py for tasks to queue
[2025-11-27T14:55:20.774-0300] {logging_mixin.py:188} INFO - [2025-11-27T14:55:20.774-0300] {dagbag.py:545} INFO - Filling up the DagBag from /Users/davispecia/Documents/GitHub/Pf_pipeline_dados/Projeto_final_fase3/venv/lib/python3.9/site-packages/airflow/example_dags/plugins/workday.py
[2025-11-27T14:55:29.579-0300] {processor.py:842} WARNING - No viable dags retrieved from /Users/davispecia/Documents/GitHub/Pf_pipeline_dados/Projeto_final_fase3/venv/lib/python3.9/site-packages/airflow/example_dags/plugins/workday.py
[2025-11-27T14:55:29.624-0300] {processor.py:183} INFO - Processing /Users/davispecia/Documents/GitHub/Pf_pipeline_dados/Projeto_final_fase3/venv/lib/python3.9/site-packages/airflow/example_dags/plugins/workday.py took 8.853 seconds
[2025-11-27T14:56:32.205-0300] {processor.py:161} INFO - Started process (PID=11129) to work on /Users/davispecia/Documents/GitHub/Pf_pipeline_dados/Projeto_final_fase3/venv/lib/python3.9/site-packages/airflow/example_dags/plugins/workday.py
[2025-11-27T14:56:32.206-0300] {processor.py:830} INFO - Processing file /Users/davispecia/Documents/GitHub/Pf_pipeline_dados/Projeto_final_fase3/venv/lib/python3.9/site-packages/airflow/example_dags/plugins/workday.py for tasks to queue
[2025-11-27T14:56:32.206-0300] {logging_mixin.py:188} INFO - [2025-11-27T14:56:32.206-0300] {dagbag.py:545} INFO - Filling up the DagBag from /Users/davispecia/Documents/GitHub/Pf_pipeline_dados/Projeto_final_fase3/venv/lib/python3.9/site-packages/airflow/example_dags/plugins/workday.py
[2025-11-27T14:56:35.647-0300] {processor.py:842} WARNING - No viable dags retrieved from /Users/davispecia/Documents/GitHub/Pf_pipeline_dados/Projeto_final_fase3/venv/lib/python3.9/site-packages/airflow/example_dags/plugins/workday.py
[2025-11-27T14:56:35.691-0300] {processor.py:183} INFO - Processing /Users/davispecia/Documents/GitHub/Pf_pipeline_dados/Projeto_final_fase3/venv/lib/python3.9/site-packages/airflow/example_dags/plugins/workday.py took 3.489 seconds
[2025-11-27T14:57:35.945-0300] {processor.py:161} INFO - Started process (PID=11295) to work on /Users/davispecia/Documents/GitHub/Pf_pipeline_dados/Projeto_final_fase3/venv/lib/python3.9/site-packages/airflow/example_dags/plugins/workday.py
[2025-11-27T14:57:35.947-0300] {processor.py:830} INFO - Processing file /Users/davispecia/Documents/GitHub/Pf_pipeline_dados/Projeto_final_fase3/venv/lib/python3.9/site-packages/airflow/example_dags/plugins/workday.py for tasks to queue
[2025-11-27T14:57:35.947-0300] {logging_mixin.py:188} INFO - [2025-11-27T14:57:35.947-0300] {dagbag.py:545} INFO - Filling up the DagBag from /Users/davispecia/Documents/GitHub/Pf_pipeline_dados/Projeto_final_fase3/venv/lib/python3.9/site-packages/airflow/example_dags/plugins/workday.py
[2025-11-27T14:57:36.369-0300] {processor.py:842} WARNING - No viable dags retrieved from /Users/davispecia/Documents/GitHub/Pf_pipeline_dados/Projeto_final_fase3/venv/lib/python3.9/site-packages/airflow/example_dags/plugins/workday.py
[2025-11-27T14:57:36.412-0300] {processor.py:183} INFO - Processing /Users/davispecia/Documents/GitHub/Pf_pipeline_dados/Projeto_final_fase3/venv/lib/python3.9/site-packages/airflow/example_dags/plugins/workday.py took 0.468 seconds
[2025-11-27T14:58:40.330-0300] {processor.py:161} INFO - Started process (PID=11442) to work on /Users/davispecia/Documents/GitHub/Pf_pipeline_dados/Projeto_final_fase3/venv/lib/python3.9/site-packages/airflow/example_dags/plugins/workday.py
[2025-11-27T14:58:40.330-0300] {processor.py:830} INFO - Processing file /Users/davispecia/Documents/GitHub/Pf_pipeline_dados/Projeto_final_fase3/venv/lib/python3.9/site-packages/airflow/example_dags/plugins/workday.py for tasks to queue
[2025-11-27T14:58:40.331-0300] {logging_mixin.py:188} INFO - [2025-11-27T14:58:40.331-0300] {dagbag.py:545} INFO - Filling up the DagBag from /Users/davispecia/Documents/GitHub/Pf_pipeline_dados/Projeto_final_fase3/venv/lib/python3.9/site-packages/airflow/example_dags/plugins/workday.py
[2025-11-27T14:58:40.753-0300] {processor.py:842} WARNING - No viable dags retrieved from /Users/davispecia/Documents/GitHub/Pf_pipeline_dados/Projeto_final_fase3/venv/lib/python3.9/site-packages/airflow/example_dags/plugins/workday.py
[2025-11-27T14:58:40.796-0300] {processor.py:183} INFO - Processing /Users/davispecia/Documents/GitHub/Pf_pipeline_dados/Projeto_final_fase3/venv/lib/python3.9/site-packages/airflow/example_dags/plugins/workday.py took 0.468 seconds
[2025-11-27T14:59:43.346-0300] {processor.py:161} INFO - Started process (PID=11596) to work on /Users/davispecia/Documents/GitHub/Pf_pipeline_dados/Projeto_final_fase3/venv/lib/python3.9/site-packages/airflow/example_dags/plugins/workday.py
[2025-11-27T14:59:43.347-0300] {processor.py:830} INFO - Processing file /Users/davispecia/Documents/GitHub/Pf_pipeline_dados/Projeto_final_fase3/venv/lib/python3.9/site-packages/airflow/example_dags/plugins/workday.py for tasks to queue
[2025-11-27T14:59:43.348-0300] {logging_mixin.py:188} INFO - [2025-11-27T14:59:43.347-0300] {dagbag.py:545} INFO - Filling up the DagBag from /Users/davispecia/Documents/GitHub/Pf_pipeline_dados/Projeto_final_fase3/venv/lib/python3.9/site-packages/airflow/example_dags/plugins/workday.py
[2025-11-27T14:59:43.775-0300] {processor.py:842} WARNING - No viable dags retrieved from /Users/davispecia/Documents/GitHub/Pf_pipeline_dados/Projeto_final_fase3/venv/lib/python3.9/site-packages/airflow/example_dags/plugins/workday.py
[2025-11-27T14:59:43.818-0300] {processor.py:183} INFO - Processing /Users/davispecia/Documents/GitHub/Pf_pipeline_dados/Projeto_final_fase3/venv/lib/python3.9/site-packages/airflow/example_dags/plugins/workday.py took 0.474 seconds
[2025-11-27T15:00:46.472-0300] {processor.py:161} INFO - Started process (PID=11752) to work on /Users/davispecia/Documents/GitHub/Pf_pipeline_dados/Projeto_final_fase3/venv/lib/python3.9/site-packages/airflow/example_dags/plugins/workday.py
[2025-11-27T15:00:46.473-0300] {processor.py:830} INFO - Processing file /Users/davispecia/Documents/GitHub/Pf_pipeline_dados/Projeto_final_fase3/venv/lib/python3.9/site-packages/airflow/example_dags/plugins/workday.py for tasks to queue
[2025-11-27T15:00:46.473-0300] {logging_mixin.py:188} INFO - [2025-11-27T15:00:46.473-0300] {dagbag.py:545} INFO - Filling up the DagBag from /Users/davispecia/Documents/GitHub/Pf_pipeline_dados/Projeto_final_fase3/venv/lib/python3.9/site-packages/airflow/example_dags/plugins/workday.py
[2025-11-27T15:00:55.277-0300] {processor.py:842} WARNING - No viable dags retrieved from /Users/davispecia/Documents/GitHub/Pf_pipeline_dados/Projeto_final_fase3/venv/lib/python3.9/site-packages/airflow/example_dags/plugins/workday.py
[2025-11-27T15:00:55.322-0300] {processor.py:183} INFO - Processing /Users/davispecia/Documents/GitHub/Pf_pipeline_dados/Projeto_final_fase3/venv/lib/python3.9/site-packages/airflow/example_dags/plugins/workday.py took 8.852 seconds
[2025-11-27T15:01:57.493-0300] {processor.py:161} INFO - Started process (PID=11975) to work on /Users/davispecia/Documents/GitHub/Pf_pipeline_dados/Projeto_final_fase3/venv/lib/python3.9/site-packages/airflow/example_dags/plugins/workday.py
[2025-11-27T15:01:57.494-0300] {processor.py:830} INFO - Processing file /Users/davispecia/Documents/GitHub/Pf_pipeline_dados/Projeto_final_fase3/venv/lib/python3.9/site-packages/airflow/example_dags/plugins/workday.py for tasks to queue
[2025-11-27T15:01:57.494-0300] {logging_mixin.py:188} INFO - [2025-11-27T15:01:57.494-0300] {dagbag.py:545} INFO - Filling up the DagBag from /Users/davispecia/Documents/GitHub/Pf_pipeline_dados/Projeto_final_fase3/venv/lib/python3.9/site-packages/airflow/example_dags/plugins/workday.py
[2025-11-27T15:01:58.561-0300] {processor.py:842} WARNING - No viable dags retrieved from /Users/davispecia/Documents/GitHub/Pf_pipeline_dados/Projeto_final_fase3/venv/lib/python3.9/site-packages/airflow/example_dags/plugins/workday.py
[2025-11-27T15:01:58.606-0300] {processor.py:183} INFO - Processing /Users/davispecia/Documents/GitHub/Pf_pipeline_dados/Projeto_final_fase3/venv/lib/python3.9/site-packages/airflow/example_dags/plugins/workday.py took 1.114 seconds
[2025-11-27T15:03:03.151-0300] {processor.py:161} INFO - Started process (PID=12139) to work on /Users/davispecia/Documents/GitHub/Pf_pipeline_dados/Projeto_final_fase3/venv/lib/python3.9/site-packages/airflow/example_dags/plugins/workday.py
[2025-11-27T15:03:03.152-0300] {processor.py:830} INFO - Processing file /Users/davispecia/Documents/GitHub/Pf_pipeline_dados/Projeto_final_fase3/venv/lib/python3.9/site-packages/airflow/example_dags/plugins/workday.py for tasks to queue
[2025-11-27T15:03:03.152-0300] {logging_mixin.py:188} INFO - [2025-11-27T15:03:03.152-0300] {dagbag.py:545} INFO - Filling up the DagBag from /Users/davispecia/Documents/GitHub/Pf_pipeline_dados/Projeto_final_fase3/venv/lib/python3.9/site-packages/airflow/example_dags/plugins/workday.py
[2025-11-27T15:03:03.567-0300] {processor.py:842} WARNING - No viable dags retrieved from /Users/davispecia/Documents/GitHub/Pf_pipeline_dados/Projeto_final_fase3/venv/lib/python3.9/site-packages/airflow/example_dags/plugins/workday.py
[2025-11-27T15:03:03.610-0300] {processor.py:183} INFO - Processing /Users/davispecia/Documents/GitHub/Pf_pipeline_dados/Projeto_final_fase3/venv/lib/python3.9/site-packages/airflow/example_dags/plugins/workday.py took 0.461 seconds
[2025-11-27T15:04:06.127-0300] {processor.py:161} INFO - Started process (PID=12285) to work on /Users/davispecia/Documents/GitHub/Pf_pipeline_dados/Projeto_final_fase3/venv/lib/python3.9/site-packages/airflow/example_dags/plugins/workday.py
[2025-11-27T15:04:06.128-0300] {processor.py:830} INFO - Processing file /Users/davispecia/Documents/GitHub/Pf_pipeline_dados/Projeto_final_fase3/venv/lib/python3.9/site-packages/airflow/example_dags/plugins/workday.py for tasks to queue
[2025-11-27T15:04:06.129-0300] {logging_mixin.py:188} INFO - [2025-11-27T15:04:06.129-0300] {dagbag.py:545} INFO - Filling up the DagBag from /Users/davispecia/Documents/GitHub/Pf_pipeline_dados/Projeto_final_fase3/venv/lib/python3.9/site-packages/airflow/example_dags/plugins/workday.py
[2025-11-27T15:04:06.551-0300] {processor.py:842} WARNING - No viable dags retrieved from /Users/davispecia/Documents/GitHub/Pf_pipeline_dados/Projeto_final_fase3/venv/lib/python3.9/site-packages/airflow/example_dags/plugins/workday.py
[2025-11-27T15:04:06.595-0300] {processor.py:183} INFO - Processing /Users/davispecia/Documents/GitHub/Pf_pipeline_dados/Projeto_final_fase3/venv/lib/python3.9/site-packages/airflow/example_dags/plugins/workday.py took 0.470 seconds
[2025-11-27T15:05:08.300-0300] {processor.py:161} INFO - Started process (PID=12434) to work on /Users/davispecia/Documents/GitHub/Pf_pipeline_dados/Projeto_final_fase3/venv/lib/python3.9/site-packages/airflow/example_dags/plugins/workday.py
[2025-11-27T15:05:08.301-0300] {processor.py:830} INFO - Processing file /Users/davispecia/Documents/GitHub/Pf_pipeline_dados/Projeto_final_fase3/venv/lib/python3.9/site-packages/airflow/example_dags/plugins/workday.py for tasks to queue
[2025-11-27T15:05:08.302-0300] {logging_mixin.py:188} INFO - [2025-11-27T15:05:08.302-0300] {dagbag.py:545} INFO - Filling up the DagBag from /Users/davispecia/Documents/GitHub/Pf_pipeline_dados/Projeto_final_fase3/venv/lib/python3.9/site-packages/airflow/example_dags/plugins/workday.py
[2025-11-27T15:05:08.718-0300] {processor.py:842} WARNING - No viable dags retrieved from /Users/davispecia/Documents/GitHub/Pf_pipeline_dados/Projeto_final_fase3/venv/lib/python3.9/site-packages/airflow/example_dags/plugins/workday.py
[2025-11-27T15:05:08.761-0300] {processor.py:183} INFO - Processing /Users/davispecia/Documents/GitHub/Pf_pipeline_dados/Projeto_final_fase3/venv/lib/python3.9/site-packages/airflow/example_dags/plugins/workday.py took 0.464 seconds
[2025-11-27T15:06:11.021-0300] {processor.py:161} INFO - Started process (PID=12582) to work on /Users/davispecia/Documents/GitHub/Pf_pipeline_dados/Projeto_final_fase3/venv/lib/python3.9/site-packages/airflow/example_dags/plugins/workday.py
[2025-11-27T15:06:11.023-0300] {processor.py:830} INFO - Processing file /Users/davispecia/Documents/GitHub/Pf_pipeline_dados/Projeto_final_fase3/venv/lib/python3.9/site-packages/airflow/example_dags/plugins/workday.py for tasks to queue
[2025-11-27T15:06:11.023-0300] {logging_mixin.py:188} INFO - [2025-11-27T15:06:11.023-0300] {dagbag.py:545} INFO - Filling up the DagBag from /Users/davispecia/Documents/GitHub/Pf_pipeline_dados/Projeto_final_fase3/venv/lib/python3.9/site-packages/airflow/example_dags/plugins/workday.py
[2025-11-27T15:06:11.465-0300] {processor.py:842} WARNING - No viable dags retrieved from /Users/davispecia/Documents/GitHub/Pf_pipeline_dados/Projeto_final_fase3/venv/lib/python3.9/site-packages/airflow/example_dags/plugins/workday.py
[2025-11-27T15:06:11.508-0300] {processor.py:183} INFO - Processing /Users/davispecia/Documents/GitHub/Pf_pipeline_dados/Projeto_final_fase3/venv/lib/python3.9/site-packages/airflow/example_dags/plugins/workday.py took 0.489 seconds
[2025-11-27T15:07:17.100-0300] {processor.py:161} INFO - Started process (PID=12748) to work on /Users/davispecia/Documents/GitHub/Pf_pipeline_dados/Projeto_final_fase3/venv/lib/python3.9/site-packages/airflow/example_dags/plugins/workday.py
[2025-11-27T15:07:17.101-0300] {processor.py:830} INFO - Processing file /Users/davispecia/Documents/GitHub/Pf_pipeline_dados/Projeto_final_fase3/venv/lib/python3.9/site-packages/airflow/example_dags/plugins/workday.py for tasks to queue
[2025-11-27T15:07:17.102-0300] {logging_mixin.py:188} INFO - [2025-11-27T15:07:17.101-0300] {dagbag.py:545} INFO - Filling up the DagBag from /Users/davispecia/Documents/GitHub/Pf_pipeline_dados/Projeto_final_fase3/venv/lib/python3.9/site-packages/airflow/example_dags/plugins/workday.py
[2025-11-27T15:07:25.679-0300] {processor.py:842} WARNING - No viable dags retrieved from /Users/davispecia/Documents/GitHub/Pf_pipeline_dados/Projeto_final_fase3/venv/lib/python3.9/site-packages/airflow/example_dags/plugins/workday.py
[2025-11-27T15:07:25.723-0300] {processor.py:183} INFO - Processing /Users/davispecia/Documents/GitHub/Pf_pipeline_dados/Projeto_final_fase3/venv/lib/python3.9/site-packages/airflow/example_dags/plugins/workday.py took 8.626 seconds
[2025-11-27T15:08:29.224-0300] {processor.py:161} INFO - Started process (PID=12971) to work on /Users/davispecia/Documents/GitHub/Pf_pipeline_dados/Projeto_final_fase3/venv/lib/python3.9/site-packages/airflow/example_dags/plugins/workday.py
[2025-11-27T15:08:29.225-0300] {processor.py:830} INFO - Processing file /Users/davispecia/Documents/GitHub/Pf_pipeline_dados/Projeto_final_fase3/venv/lib/python3.9/site-packages/airflow/example_dags/plugins/workday.py for tasks to queue
[2025-11-27T15:08:29.226-0300] {logging_mixin.py:188} INFO - [2025-11-27T15:08:29.226-0300] {dagbag.py:545} INFO - Filling up the DagBag from /Users/davispecia/Documents/GitHub/Pf_pipeline_dados/Projeto_final_fase3/venv/lib/python3.9/site-packages/airflow/example_dags/plugins/workday.py
[2025-11-27T15:08:29.644-0300] {processor.py:842} WARNING - No viable dags retrieved from /Users/davispecia/Documents/GitHub/Pf_pipeline_dados/Projeto_final_fase3/venv/lib/python3.9/site-packages/airflow/example_dags/plugins/workday.py
[2025-11-27T15:08:29.692-0300] {processor.py:183} INFO - Processing /Users/davispecia/Documents/GitHub/Pf_pipeline_dados/Projeto_final_fase3/venv/lib/python3.9/site-packages/airflow/example_dags/plugins/workday.py took 0.469 seconds
[2025-11-27T15:09:31.722-0300] {processor.py:161} INFO - Started process (PID=13127) to work on /Users/davispecia/Documents/GitHub/Pf_pipeline_dados/Projeto_final_fase3/venv/lib/python3.9/site-packages/airflow/example_dags/plugins/workday.py
[2025-11-27T15:09:31.723-0300] {processor.py:830} INFO - Processing file /Users/davispecia/Documents/GitHub/Pf_pipeline_dados/Projeto_final_fase3/venv/lib/python3.9/site-packages/airflow/example_dags/plugins/workday.py for tasks to queue
[2025-11-27T15:09:31.723-0300] {logging_mixin.py:188} INFO - [2025-11-27T15:09:31.723-0300] {dagbag.py:545} INFO - Filling up the DagBag from /Users/davispecia/Documents/GitHub/Pf_pipeline_dados/Projeto_final_fase3/venv/lib/python3.9/site-packages/airflow/example_dags/plugins/workday.py
[2025-11-27T15:09:32.111-0300] {processor.py:842} WARNING - No viable dags retrieved from /Users/davispecia/Documents/GitHub/Pf_pipeline_dados/Projeto_final_fase3/venv/lib/python3.9/site-packages/airflow/example_dags/plugins/workday.py
[2025-11-27T15:09:32.155-0300] {processor.py:183} INFO - Processing /Users/davispecia/Documents/GitHub/Pf_pipeline_dados/Projeto_final_fase3/venv/lib/python3.9/site-packages/airflow/example_dags/plugins/workday.py took 0.436 seconds
[2025-11-27T15:10:34.446-0300] {processor.py:161} INFO - Started process (PID=13272) to work on /Users/davispecia/Documents/GitHub/Pf_pipeline_dados/Projeto_final_fase3/venv/lib/python3.9/site-packages/airflow/example_dags/plugins/workday.py
[2025-11-27T15:10:34.447-0300] {processor.py:830} INFO - Processing file /Users/davispecia/Documents/GitHub/Pf_pipeline_dados/Projeto_final_fase3/venv/lib/python3.9/site-packages/airflow/example_dags/plugins/workday.py for tasks to queue
[2025-11-27T15:10:34.448-0300] {logging_mixin.py:188} INFO - [2025-11-27T15:10:34.448-0300] {dagbag.py:545} INFO - Filling up the DagBag from /Users/davispecia/Documents/GitHub/Pf_pipeline_dados/Projeto_final_fase3/venv/lib/python3.9/site-packages/airflow/example_dags/plugins/workday.py
[2025-11-27T15:10:34.876-0300] {processor.py:842} WARNING - No viable dags retrieved from /Users/davispecia/Documents/GitHub/Pf_pipeline_dados/Projeto_final_fase3/venv/lib/python3.9/site-packages/airflow/example_dags/plugins/workday.py
[2025-11-27T15:10:34.919-0300] {processor.py:183} INFO - Processing /Users/davispecia/Documents/GitHub/Pf_pipeline_dados/Projeto_final_fase3/venv/lib/python3.9/site-packages/airflow/example_dags/plugins/workday.py took 0.475 seconds
[2025-11-27T15:11:38.154-0300] {processor.py:161} INFO - Started process (PID=13436) to work on /Users/davispecia/Documents/GitHub/Pf_pipeline_dados/Projeto_final_fase3/venv/lib/python3.9/site-packages/airflow/example_dags/plugins/workday.py
[2025-11-27T15:11:38.155-0300] {processor.py:830} INFO - Processing file /Users/davispecia/Documents/GitHub/Pf_pipeline_dados/Projeto_final_fase3/venv/lib/python3.9/site-packages/airflow/example_dags/plugins/workday.py for tasks to queue
[2025-11-27T15:11:38.155-0300] {logging_mixin.py:188} INFO - [2025-11-27T15:11:38.155-0300] {dagbag.py:545} INFO - Filling up the DagBag from /Users/davispecia/Documents/GitHub/Pf_pipeline_dados/Projeto_final_fase3/venv/lib/python3.9/site-packages/airflow/example_dags/plugins/workday.py
[2025-11-27T15:11:38.589-0300] {processor.py:842} WARNING - No viable dags retrieved from /Users/davispecia/Documents/GitHub/Pf_pipeline_dados/Projeto_final_fase3/venv/lib/python3.9/site-packages/airflow/example_dags/plugins/workday.py
[2025-11-27T15:11:38.632-0300] {processor.py:183} INFO - Processing /Users/davispecia/Documents/GitHub/Pf_pipeline_dados/Projeto_final_fase3/venv/lib/python3.9/site-packages/airflow/example_dags/plugins/workday.py took 0.481 seconds
[2025-11-27T15:12:41.775-0300] {processor.py:161} INFO - Started process (PID=13661) to work on /Users/davispecia/Documents/GitHub/Pf_pipeline_dados/Projeto_final_fase3/venv/lib/python3.9/site-packages/airflow/example_dags/plugins/workday.py
[2025-11-27T15:12:41.776-0300] {processor.py:830} INFO - Processing file /Users/davispecia/Documents/GitHub/Pf_pipeline_dados/Projeto_final_fase3/venv/lib/python3.9/site-packages/airflow/example_dags/plugins/workday.py for tasks to queue
[2025-11-27T15:12:41.776-0300] {logging_mixin.py:188} INFO - [2025-11-27T15:12:41.776-0300] {dagbag.py:545} INFO - Filling up the DagBag from /Users/davispecia/Documents/GitHub/Pf_pipeline_dados/Projeto_final_fase3/venv/lib/python3.9/site-packages/airflow/example_dags/plugins/workday.py
[2025-11-27T15:12:50.530-0300] {processor.py:842} WARNING - No viable dags retrieved from /Users/davispecia/Documents/GitHub/Pf_pipeline_dados/Projeto_final_fase3/venv/lib/python3.9/site-packages/airflow/example_dags/plugins/workday.py
[2025-11-27T15:12:50.581-0300] {processor.py:183} INFO - Processing /Users/davispecia/Documents/GitHub/Pf_pipeline_dados/Projeto_final_fase3/venv/lib/python3.9/site-packages/airflow/example_dags/plugins/workday.py took 8.808 seconds
[2025-11-27T15:13:49.560-0300] {processor.py:161} INFO - Started process (PID=13894) to work on /Users/davispecia/Documents/GitHub/Pf_pipeline_dados/Projeto_final_fase3/venv/lib/python3.9/site-packages/airflow/example_dags/plugins/workday.py
[2025-11-27T15:13:49.561-0300] {processor.py:830} INFO - Processing file /Users/davispecia/Documents/GitHub/Pf_pipeline_dados/Projeto_final_fase3/venv/lib/python3.9/site-packages/airflow/example_dags/plugins/workday.py for tasks to queue
[2025-11-27T15:13:49.562-0300] {logging_mixin.py:188} INFO - [2025-11-27T15:13:49.562-0300] {dagbag.py:545} INFO - Filling up the DagBag from /Users/davispecia/Documents/GitHub/Pf_pipeline_dados/Projeto_final_fase3/venv/lib/python3.9/site-packages/airflow/example_dags/plugins/workday.py
[2025-11-27T15:13:49.968-0300] {processor.py:842} WARNING - No viable dags retrieved from /Users/davispecia/Documents/GitHub/Pf_pipeline_dados/Projeto_final_fase3/venv/lib/python3.9/site-packages/airflow/example_dags/plugins/workday.py
[2025-11-27T15:13:50.012-0300] {processor.py:183} INFO - Processing /Users/davispecia/Documents/GitHub/Pf_pipeline_dados/Projeto_final_fase3/venv/lib/python3.9/site-packages/airflow/example_dags/plugins/workday.py took 0.454 seconds
[2025-11-27T15:14:46.609-0300] {processor.py:161} INFO - Started process (PID=14035) to work on /Users/davispecia/Documents/GitHub/Pf_pipeline_dados/Projeto_final_fase3/venv/lib/python3.9/site-packages/airflow/example_dags/plugins/workday.py
[2025-11-27T15:14:46.609-0300] {processor.py:830} INFO - Processing file /Users/davispecia/Documents/GitHub/Pf_pipeline_dados/Projeto_final_fase3/venv/lib/python3.9/site-packages/airflow/example_dags/plugins/workday.py for tasks to queue
[2025-11-27T15:14:46.610-0300] {logging_mixin.py:188} INFO - [2025-11-27T15:14:46.610-0300] {dagbag.py:545} INFO - Filling up the DagBag from /Users/davispecia/Documents/GitHub/Pf_pipeline_dados/Projeto_final_fase3/venv/lib/python3.9/site-packages/airflow/example_dags/plugins/workday.py
[2025-11-27T15:14:47.041-0300] {processor.py:842} WARNING - No viable dags retrieved from /Users/davispecia/Documents/GitHub/Pf_pipeline_dados/Projeto_final_fase3/venv/lib/python3.9/site-packages/airflow/example_dags/plugins/workday.py
[2025-11-27T15:14:47.085-0300] {processor.py:183} INFO - Processing /Users/davispecia/Documents/GitHub/Pf_pipeline_dados/Projeto_final_fase3/venv/lib/python3.9/site-packages/airflow/example_dags/plugins/workday.py took 0.478 seconds
[2025-11-27T15:15:45.512-0300] {processor.py:161} INFO - Started process (PID=14172) to work on /Users/davispecia/Documents/GitHub/Pf_pipeline_dados/Projeto_final_fase3/venv/lib/python3.9/site-packages/airflow/example_dags/plugins/workday.py
[2025-11-27T15:15:45.513-0300] {processor.py:830} INFO - Processing file /Users/davispecia/Documents/GitHub/Pf_pipeline_dados/Projeto_final_fase3/venv/lib/python3.9/site-packages/airflow/example_dags/plugins/workday.py for tasks to queue
[2025-11-27T15:15:45.513-0300] {logging_mixin.py:188} INFO - [2025-11-27T15:15:45.513-0300] {dagbag.py:545} INFO - Filling up the DagBag from /Users/davispecia/Documents/GitHub/Pf_pipeline_dados/Projeto_final_fase3/venv/lib/python3.9/site-packages/airflow/example_dags/plugins/workday.py
[2025-11-27T15:15:45.935-0300] {processor.py:842} WARNING - No viable dags retrieved from /Users/davispecia/Documents/GitHub/Pf_pipeline_dados/Projeto_final_fase3/venv/lib/python3.9/site-packages/airflow/example_dags/plugins/workday.py
[2025-11-27T15:15:45.979-0300] {processor.py:183} INFO - Processing /Users/davispecia/Documents/GitHub/Pf_pipeline_dados/Projeto_final_fase3/venv/lib/python3.9/site-packages/airflow/example_dags/plugins/workday.py took 0.470 seconds
[2025-11-27T15:16:46.690-0300] {processor.py:161} INFO - Started process (PID=14325) to work on /Users/davispecia/Documents/GitHub/Pf_pipeline_dados/Projeto_final_fase3/venv/lib/python3.9/site-packages/airflow/example_dags/plugins/workday.py
[2025-11-27T15:16:46.692-0300] {processor.py:830} INFO - Processing file /Users/davispecia/Documents/GitHub/Pf_pipeline_dados/Projeto_final_fase3/venv/lib/python3.9/site-packages/airflow/example_dags/plugins/workday.py for tasks to queue
[2025-11-27T15:16:46.693-0300] {logging_mixin.py:188} INFO - [2025-11-27T15:16:46.693-0300] {dagbag.py:545} INFO - Filling up the DagBag from /Users/davispecia/Documents/GitHub/Pf_pipeline_dados/Projeto_final_fase3/venv/lib/python3.9/site-packages/airflow/example_dags/plugins/workday.py
[2025-11-27T15:16:47.125-0300] {processor.py:842} WARNING - No viable dags retrieved from /Users/davispecia/Documents/GitHub/Pf_pipeline_dados/Projeto_final_fase3/venv/lib/python3.9/site-packages/airflow/example_dags/plugins/workday.py
[2025-11-27T15:16:47.169-0300] {processor.py:183} INFO - Processing /Users/davispecia/Documents/GitHub/Pf_pipeline_dados/Projeto_final_fase3/venv/lib/python3.9/site-packages/airflow/example_dags/plugins/workday.py took 0.482 seconds
[2025-11-27T15:17:49.467-0300] {processor.py:161} INFO - Started process (PID=14492) to work on /Users/davispecia/Documents/GitHub/Pf_pipeline_dados/Projeto_final_fase3/venv/lib/python3.9/site-packages/airflow/example_dags/plugins/workday.py
[2025-11-27T15:17:49.468-0300] {processor.py:830} INFO - Processing file /Users/davispecia/Documents/GitHub/Pf_pipeline_dados/Projeto_final_fase3/venv/lib/python3.9/site-packages/airflow/example_dags/plugins/workday.py for tasks to queue
[2025-11-27T15:17:49.468-0300] {logging_mixin.py:188} INFO - [2025-11-27T15:17:49.468-0300] {dagbag.py:545} INFO - Filling up the DagBag from /Users/davispecia/Documents/GitHub/Pf_pipeline_dados/Projeto_final_fase3/venv/lib/python3.9/site-packages/airflow/example_dags/plugins/workday.py
[2025-11-27T15:17:58.132-0300] {processor.py:842} WARNING - No viable dags retrieved from /Users/davispecia/Documents/GitHub/Pf_pipeline_dados/Projeto_final_fase3/venv/lib/python3.9/site-packages/airflow/example_dags/plugins/workday.py
[2025-11-27T15:17:58.176-0300] {processor.py:183} INFO - Processing /Users/davispecia/Documents/GitHub/Pf_pipeline_dados/Projeto_final_fase3/venv/lib/python3.9/site-packages/airflow/example_dags/plugins/workday.py took 8.711 seconds
[2025-11-27T15:18:57.325-0300] {processor.py:161} INFO - Started process (PID=14702) to work on /Users/davispecia/Documents/GitHub/Pf_pipeline_dados/Projeto_final_fase3/venv/lib/python3.9/site-packages/airflow/example_dags/plugins/workday.py
[2025-11-27T15:18:57.326-0300] {processor.py:830} INFO - Processing file /Users/davispecia/Documents/GitHub/Pf_pipeline_dados/Projeto_final_fase3/venv/lib/python3.9/site-packages/airflow/example_dags/plugins/workday.py for tasks to queue
[2025-11-27T15:18:57.327-0300] {logging_mixin.py:188} INFO - [2025-11-27T15:18:57.327-0300] {dagbag.py:545} INFO - Filling up the DagBag from /Users/davispecia/Documents/GitHub/Pf_pipeline_dados/Projeto_final_fase3/venv/lib/python3.9/site-packages/airflow/example_dags/plugins/workday.py
[2025-11-27T15:18:57.745-0300] {processor.py:842} WARNING - No viable dags retrieved from /Users/davispecia/Documents/GitHub/Pf_pipeline_dados/Projeto_final_fase3/venv/lib/python3.9/site-packages/airflow/example_dags/plugins/workday.py
[2025-11-27T15:18:57.789-0300] {processor.py:183} INFO - Processing /Users/davispecia/Documents/GitHub/Pf_pipeline_dados/Projeto_final_fase3/venv/lib/python3.9/site-packages/airflow/example_dags/plugins/workday.py took 0.466 seconds
[2025-11-27T15:19:57.231-0300] {processor.py:161} INFO - Started process (PID=14855) to work on /Users/davispecia/Documents/GitHub/Pf_pipeline_dados/Projeto_final_fase3/venv/lib/python3.9/site-packages/airflow/example_dags/plugins/workday.py
[2025-11-27T15:19:57.232-0300] {processor.py:830} INFO - Processing file /Users/davispecia/Documents/GitHub/Pf_pipeline_dados/Projeto_final_fase3/venv/lib/python3.9/site-packages/airflow/example_dags/plugins/workday.py for tasks to queue
[2025-11-27T15:19:57.232-0300] {logging_mixin.py:188} INFO - [2025-11-27T15:19:57.232-0300] {dagbag.py:545} INFO - Filling up the DagBag from /Users/davispecia/Documents/GitHub/Pf_pipeline_dados/Projeto_final_fase3/venv/lib/python3.9/site-packages/airflow/example_dags/plugins/workday.py
[2025-11-27T15:19:57.913-0300] {processor.py:842} WARNING - No viable dags retrieved from /Users/davispecia/Documents/GitHub/Pf_pipeline_dados/Projeto_final_fase3/venv/lib/python3.9/site-packages/airflow/example_dags/plugins/workday.py
[2025-11-27T15:19:57.980-0300] {processor.py:183} INFO - Processing /Users/davispecia/Documents/GitHub/Pf_pipeline_dados/Projeto_final_fase3/venv/lib/python3.9/site-packages/airflow/example_dags/plugins/workday.py took 0.750 seconds
[2025-11-27T15:24:33.715-0300] {processor.py:161} INFO - Started process (PID=15061) to work on /Users/davispecia/Documents/GitHub/Pf_pipeline_dados/Projeto_final_fase3/venv/lib/python3.9/site-packages/airflow/example_dags/plugins/workday.py
[2025-11-27T15:24:33.716-0300] {processor.py:830} INFO - Processing file /Users/davispecia/Documents/GitHub/Pf_pipeline_dados/Projeto_final_fase3/venv/lib/python3.9/site-packages/airflow/example_dags/plugins/workday.py for tasks to queue
[2025-11-27T15:24:33.716-0300] {logging_mixin.py:188} INFO - [2025-11-27T15:24:33.716-0300] {dagbag.py:545} INFO - Filling up the DagBag from /Users/davispecia/Documents/GitHub/Pf_pipeline_dados/Projeto_final_fase3/venv/lib/python3.9/site-packages/airflow/example_dags/plugins/workday.py
[2025-11-27T15:24:42.393-0300] {processor.py:842} WARNING - No viable dags retrieved from /Users/davispecia/Documents/GitHub/Pf_pipeline_dados/Projeto_final_fase3/venv/lib/python3.9/site-packages/airflow/example_dags/plugins/workday.py
[2025-11-27T15:24:42.440-0300] {processor.py:183} INFO - Processing /Users/davispecia/Documents/GitHub/Pf_pipeline_dados/Projeto_final_fase3/venv/lib/python3.9/site-packages/airflow/example_dags/plugins/workday.py took 8.728 seconds
[2025-11-27T15:25:43.763-0300] {processor.py:161} INFO - Started process (PID=15291) to work on /Users/davispecia/Documents/GitHub/Pf_pipeline_dados/Projeto_final_fase3/venv/lib/python3.9/site-packages/airflow/example_dags/plugins/workday.py
[2025-11-27T15:25:43.764-0300] {processor.py:830} INFO - Processing file /Users/davispecia/Documents/GitHub/Pf_pipeline_dados/Projeto_final_fase3/venv/lib/python3.9/site-packages/airflow/example_dags/plugins/workday.py for tasks to queue
[2025-11-27T15:25:43.764-0300] {logging_mixin.py:188} INFO - [2025-11-27T15:25:43.764-0300] {dagbag.py:545} INFO - Filling up the DagBag from /Users/davispecia/Documents/GitHub/Pf_pipeline_dados/Projeto_final_fase3/venv/lib/python3.9/site-packages/airflow/example_dags/plugins/workday.py
[2025-11-27T15:25:44.201-0300] {processor.py:842} WARNING - No viable dags retrieved from /Users/davispecia/Documents/GitHub/Pf_pipeline_dados/Projeto_final_fase3/venv/lib/python3.9/site-packages/airflow/example_dags/plugins/workday.py
[2025-11-27T15:25:44.246-0300] {processor.py:183} INFO - Processing /Users/davispecia/Documents/GitHub/Pf_pipeline_dados/Projeto_final_fase3/venv/lib/python3.9/site-packages/airflow/example_dags/plugins/workday.py took 0.485 seconds
[2025-11-27T15:26:44.508-0300] {processor.py:161} INFO - Started process (PID=15439) to work on /Users/davispecia/Documents/GitHub/Pf_pipeline_dados/Projeto_final_fase3/venv/lib/python3.9/site-packages/airflow/example_dags/plugins/workday.py
[2025-11-27T15:26:44.509-0300] {processor.py:830} INFO - Processing file /Users/davispecia/Documents/GitHub/Pf_pipeline_dados/Projeto_final_fase3/venv/lib/python3.9/site-packages/airflow/example_dags/plugins/workday.py for tasks to queue
[2025-11-27T15:26:44.509-0300] {logging_mixin.py:188} INFO - [2025-11-27T15:26:44.509-0300] {dagbag.py:545} INFO - Filling up the DagBag from /Users/davispecia/Documents/GitHub/Pf_pipeline_dados/Projeto_final_fase3/venv/lib/python3.9/site-packages/airflow/example_dags/plugins/workday.py
[2025-11-27T15:26:44.943-0300] {processor.py:842} WARNING - No viable dags retrieved from /Users/davispecia/Documents/GitHub/Pf_pipeline_dados/Projeto_final_fase3/venv/lib/python3.9/site-packages/airflow/example_dags/plugins/workday.py
[2025-11-27T15:26:44.988-0300] {processor.py:183} INFO - Processing /Users/davispecia/Documents/GitHub/Pf_pipeline_dados/Projeto_final_fase3/venv/lib/python3.9/site-packages/airflow/example_dags/plugins/workday.py took 0.482 seconds
