CODIGO_CLIENTE,IDADE,FAIXA_ETARIA,RENDA_TOTAL,CATEGORIA_RENDA,SCORE,QT_IMOVEIS,QT_CARROS,ULTIMO_SALARIO,TRABALHANDO_ATUALMENTE,capacidade_credito
1,19,Até 20,1800.0,Baixa,12,0,0,1800.0,0.0,660.0
2,23,21 a 30,4800.0,Média-Baixa,18,0,1,4800.0,0.0,1620.0
3,25,21 a 30,2200.0,Baixa,23,1,2,2200.0,0.0,890.0
4,27,21 a 30,3900.0,Média-Baixa,28,0,0,3900.0,0.0,1450.0
5,28,21 a 30,6100.0,Média,34,1,1,6100.0,0.0,2170.0
6,30,21 a 30,3100.0,Média-Baixa,39,0,2,3100.0,0.0,1320.0
7,32,31 a 45,9800.0,Média,45,1,0,6800.0,0.0,3390.0
8,35,31 a 45,24400.0,Alta,50,2,1,22000.0,0.0,7820.0
9,42,31 a 45,4500.0,Média-Baixa,56,0,2,4500.0,0.0,1910.0
10,45,31 a 45,9800.0,Média,61,0,0,9800.0,0.0,3550.0
11,48,46 a 55,15000.0,Média-Alta,67,2,1,15000.0,0.0,5170.0
12,51,46 a 55,6100.0,Média,72,0,2,6100.0,0.0,2550.0
13,53,46 a 55,9000.0,Média,78,1,0,9000.0,0.0,3480.0
14,55,46 a 55,17500.0,Média-Alta,83,3,1,17500.0,0.0,6080.0
15,57,Maior que 55,17000.0,Média-Alta,89,1,2,13000.0,0.0,5990.0
16,62,Maior que 55,8500.0,Média,94,1,0,5300.0,0.0,3490.0
17,65,Maior que 55,18300.0,Média-Alta,98,3,1,18300.0,0.0,6470.0
18,19,Até 20,1800.0,Baixa,12,0,0,1800.0,0.0,660.0
19,23,21 a 30,4800.0,Média-Baixa,18,0,1,4800.0,0.0,1620.0
20,25,21 a 30,2200.0,Baixa,23,1,2,2200.0,0.0,890.0
21,27,21 a 30,3900.0,Média-Baixa,28,0,0,3900.0,0.0,1450.0
22,28,21 a 30,11500.0,Média-Alta,34,1,1,11500.0,0.0,3790.0
23,30,21 a 30,3100.0,Média-Baixa,39,0,2,3100.0,0.0,1320.0
24,32,31 a 45,9800.0,Média,45,1,0,6800.0,0.0,3390.0
25,35,31 a 45,24400.0,Alta,50,2,1,22000.0,0.0,7820.0
26,42,31 a 45,4500.0,Média-Baixa,56,0,2,4500.0,0.0,1910.0
27,45,31 a 45,9800.0,Média,61,0,0,9800.0,0.0,3550.0
28,48,46 a 55,15000.0,Média-Alta,67,2,1,15000.0,0.0,5170.0
29,51,46 a 55,6100.0,Média,72,0,2,6100.0,0.0,2550.0
30,53,46 a 55,9000.0,Média,78,1,0,9000.0,0.0,3480.0
31,55,46 a 55,17500.0,Média-Alta,83,3,1,17500.0,0.0,6080.0
32,57,Maior que 55,17000.0,Média-Alta,89,1,2,13000.0,0.0,5990.0
33,62,Maior que 55,8500.0,Média,94,1,0,5300.0,0.0,3490.0
34,65,Maior que 55,18300.0,Média-Alta,98,3,1,18300.0,0.0,6470.0
35,19,Até 20,1800.0,Baixa,12,0,0,1800.0,0.0,660.0
36,23,21 a 30,4800.0,Média-Baixa,18,0,1,4800.0,0.0,1620.0
37,25,21 a 30,2200.0,Baixa,23,1,2,2200.0,0.0,890.0
38,27,21 a 30,3900.0,Média-Baixa,28,0,0,3900.0,0.0,1450.0
39,28,21 a 30,11500.0,Média-Alta,34,1,1,11500.0,0.0,3790.0
40,30,21 a 30,3100.0,Média-Baixa,39,0,2,3100.0,0.0,1320.0
41,32,31 a 45,9800.0,Média,45,1,0,6800.0,0.0,3390.0
42,35,31 a 45,24400.0,Alta,50,2,1,22000.0,0.0,7820.0
43,42,31 a 45,4500.0,Média-Baixa,56,0,2,4500.0,0.0,1910.0
44,45,31 a 45,9800.0,Média,61,0,0,9800.0,0.0,3550.0
45,48,46 a 55,15000.0,Média-Alta,67,2,1,15000.0,0.0,5170.0
46,51,46 a 55,6100.0,Média,72,0,2,6100.0,0.0,2550.0
47,53,46 a 55,9000.0,Média,78,1,0,9000.0,0.0,3480.0
48,55,46 a 55,17500.0,Média-Alta,83,3,1,17500.0,0.0,6080.0
49,57,Maior que 55,17000.0,Média-Alta,89,1,2,13000.0,0.0,5990.0
50,62,Maior que 55,8500.0,Média,94,1,0,5300.0,0.0,3490.0
51,65,Maior que 55,18300.0,Média-Alta,98,3,1,18300.0,0.0,6470.0
52,19,Até 20,1800.0,Baixa,12,0,0,1800.0,0.0,660.0
53,23,21 a 30,4800.0,Média-Baixa,18,0,1,4800.0,0.0,1620.0
54,25,21 a 30,2200.0,Baixa,23,1,2,2200.0,0.0,890.0
55,27,21 a 30,3900.0,Média-Baixa,28,0,0,3900.0,0.0,1450.0
56,28,21 a 30,11500.0,Média-Alta,34,1,1,11500.0,0.0,3790.0
57,30,21 a 30,3100.0,Média-Baixa,39,0,2,3100.0,0.0,1320.0
58,32,31 a 45,9800.0,Média,45,1,0,6800.0,0.0,3390.0
59,35,31 a 45,24400.0,Alta,50,2,1,22000.0,0.0,7820.0
60,42,31 a 45,4500.0,Média-Baixa,56,0,2,4500.0,0.0,1910.0
61,45,31 a 45,9800.0,Média,61,0,0,9800.0,0.0,3550.0
62,48,46 a 55,15000.0,Média-Alta,67,2,1,15000.0,0.0,5170.0
63,51,46 a 55,6100.0,Média,72,0,2,6100.0,0.0,2550.0
64,53,46 a 55,9000.0,Média,78,1,0,9000.0,0.0,3480.0
65,55,46 a 55,17500.0,Média-Alta,83,3,1,17500.0,0.0,6080.0
66,57,Maior que 55,17000.0,Média-Alta,89,1,2,13000.0,0.0,5990.0
67,62,Maior que 55,8500.0,Média,94,1,0,5300.0,0.0,3490.0
68,65,Maior que 55,18300.0,Média-Alta,98,3,1,18300.0,0.0,6470.0
69,19,Até 20,1800.0,Baixa,12,0,0,1800.0,0.0,660.0
70,23,21 a 30,4800.0,Média-Baixa,18,0,1,4800.0,0.0,1620.0
71,25,21 a 30,2200.0,Baixa,23,1,2,2200.0,0.0,890.0
72,27,21 a 30,3900.0,Média-Baixa,28,0,0,3900.0,0.0,1450.0
73,28,21 a 30,11500.0,Média-Alta,34,1,1,11500.0,0.0,3790.0
74,30,21 a 30,3100.0,Média-Baixa,39,0,2,3100.0,0.0,1320.0
75,32,31 a 45,9800.0,Média,45,1,0,6800.0,0.0,3390.0
76,35,31 a 45,24400.0,Alta,50,2,1,22000.0,0.0,7820.0
77,42,31 a 45,4500.0,Média-Baixa,56,0,2,4500.0,0.0,1910.0
78,45,31 a 45,9800.0,Média,61,0,0,9800.0,0.0,3550.0
79,48,46 a 55,15000.0,Média-Alta,67,2,1,15000.0,0.0,5170.0
80,51,46 a 55,6100.0,Média,72,0,2,6100.0,0.0,2550.0
81,53,46 a 55,9000.0,Média,78,1,0,9000.0,0.0,3480.0
82,55,46 a 55,17500.0,Média-Alta,83,3,1,17500.0,0.0,6080.0
83,57,Maior que 55,17000.0,Média-Alta,89,1,2,13000.0,0.0,5990.0
84,62,Maior que 55,8500.0,Média,94,1,0,5300.0,0.0,3490.0
85,65,Maior que 55,18300.0,Média-Alta,98,3,1,18300.0,0.0,6470.0
86,19,Até 20,1800.0,Baixa,12,0,0,1800.0,0.0,660.0
87,23,21 a 30,4800.0,Média-Baixa,18,0,1,4800.0,0.0,1620.0
88,25,21 a 30,2200.0,Baixa,23,1,2,2200.0,0.0,890.0
89,27,21 a 30,3900.0,Média-Baixa,28,0,0,3900.0,0.0,1450.0
90,28,21 a 30,11500.0,Média-Alta,34,1,1,11500.0,0.0,3790.0
91,30,21 a 30,3100.0,Média-Baixa,39,0,2,3100.0,0.0,1320.0
92,32,31 a 45,9800.0,Média,45,1,0,6800.0,0.0,3390.0
93,35,31 a 45,24400.0,Alta,50,2,1,22000.0,0.0,7820.0
94,42,31 a 45,4500.0,Média-Baixa,56,0,2,4500.0,0.0,1910.0
95,45,31 a 45,9800.0,Média,61,0,0,9800.0,0.0,3550.0
96,48,46 a 55,15000.0,Média-Alta,67,2,1,15000.0,0.0,5170.0
97,51,46 a 55,6100.0,Média,72,0,2,6100.0,0.0,2550.0
98,53,46 a 55,9000.0,Média,78,1,0,9000.0,0.0,3480.0
99,55,46 a 55,17500.0,Média-Alta,83,3,1,17500.0,0.0,6080.0
100,57,Maior que 55,17000.0,Média-Alta,89,1,2,13000.0,0.0,5990.0
101,62,Maior que 55,8500.0,Média,94,1,0,5300.0,0.0,3490.0
102,65,Maior que 55,18300.0,Média-Alta,98,3,1,18300.0,0.0,6470.0
103,19,Até 20,1800.0,Baixa,12,0,0,1800.0,0.0,660.0
104,23,21 a 30,4800.0,Média-Baixa,18,0,1,4800.0,0.0,1620.0
105,25,21 a 30,2200.0,Baixa,23,1,2,2200.0,0.0,890.0
106,27,21 a 30,3900.0,Média-Baixa,28,0,0,3900.0,0.0,1450.0
107,28,21 a 30,11500.0,Média-Alta,34,1,1,11500.0,0.0,3790.0
108,30,21 a 30,3100.0,Média-Baixa,39,0,2,3100.0,0.0,1320.0
109,32,31 a 45,9800.0,Média,45,1,0,6800.0,0.0,3390.0
110,35,31 a 45,24400.0,Alta,50,2,1,22000.0,0.0,7820.0
111,42,31 a 45,4500.0,Média-Baixa,56,0,2,4500.0,0.0,1910.0
112,45,31 a 45,9800.0,Média,61,0,0,9800.0,0.0,3550.0
113,48,46 a 55,15000.0,Média-Alta,67,2,1,15000.0,0.0,5170.0
114,51,46 a 55,6100.0,Média,72,0,2,6100.0,0.0,2550.0
115,53,46 a 55,9000.0,Média,78,1,0,9000.0,0.0,3480.0
116,55,46 a 55,17500.0,Média-Alta,83,3,1,17500.0,0.0,6080.0
117,57,Maior que 55,17000.0,Média-Alta,89,1,2,13000.0,0.0,5990.0
118,62,Maior que 55,8500.0,Média,94,1,0,5300.0,0.0,3490.0
119,65,Maior que 55,18300.0,Média-Alta,98,3,1,18300.0,0.0,6470.0
120,19,Até 20,1800.0,Baixa,12,0,0,1800.0,0.0,660.0
121,23,21 a 30,4800.0,Média-Baixa,18,0,1,4800.0,0.0,1620.0
122,25,21 a 30,2200.0,Baixa,23,1,2,2200.0,0.0,890.0
123,27,21 a 30,3900.0,Média-Baixa,28,0,0,3900.0,0.0,1450.0
124,28,21 a 30,11500.0,Média-Alta,34,1,1,11500.0,0.0,3790.0
125,30,21 a 30,3100.0,Média-Baixa,39,0,2,3100.0,0.0,1320.0
126,32,31 a 45,9800.0,Média,45,1,0,6800.0,0.0,3390.0
127,35,31 a 45,24400.0,Alta,50,2,1,22000.0,0.0,7820.0
128,42,31 a 45,4500.0,Média-Baixa,56,0,2,4500.0,0.0,1910.0
129,45,31 a 45,9800.0,Média,61,0,0,9800.0,0.0,3550.0
130,48,46 a 55,15000.0,Média-Alta,67,2,1,15000.0,0.0,5170.0
131,51,46 a 55,6100.0,Média,72,0,2,6100.0,0.0,2550.0
132,53,46 a 55,9000.0,Média,78,1,0,9000.0,0.0,3480.0
133,55,46 a 55,17500.0,Média-Alta,83,3,1,17500.0,0.0,6080.0
134,57,Maior que 55,17000.0,Média-Alta,89,1,2,13000.0,0.0,5990.0
135,62,Maior que 55,8500.0,Média,94,1,0,5300.0,0.0,3490.0
136,65,Maior que 55,18300.0,Média-Alta,98,3,1,18300.0,0.0,6470.0
137,19,Até 20,1800.0,Baixa,12,0,0,1800.0,0.0,660.0
138,23,21 a 30,4800.0,Média-Baixa,18,0,1,4800.0,0.0,1620.0
139,25,21 a 30,2200.0,Baixa,23,1,2,2200.0,0.0,890.0
140,27,21 a 30,3900.0,Média-Baixa,28,0,0,3900.0,0.0,1450.0
141,28,21 a 30,11500.0,Média-Alta,34,1,1,11500.0,0.0,3790.0
142,30,21 a 30,3100.0,Média-Baixa,39,0,2,3100.0,0.0,1320.0
143,32,31 a 45,9800.0,Média,45,1,0,6800.0,0.0,3390.0
144,35,31 a 45,24400.0,Alta,50,2,1,22000.0,0.0,7820.0
145,42,31 a 45,4500.0,Média-Baixa,56,0,2,4500.0,0.0,1910.0
146,45,31 a 45,9800.0,Média,61,0,0,9800.0,0.0,3550.0
147,48,46 a 55,15000.0,Média-Alta,67,2,1,15000.0,0.0,5170.0
148,51,46 a 55,6100.0,Média,72,0,2,6100.0,0.0,2550.0
149,53,46 a 55,9000.0,Média,78,1,0,9000.0,0.0,3480.0
150,55,46 a 55,17500.0,Média-Alta,83,3,1,17500.0,0.0,6080.0
151,57,Maior que 55,17000.0,Média-Alta,89,1,2,13000.0,0.0,5990.0
152,62,Maior que 55,8500.0,Média,94,1,0,5300.0,0.0,3490.0
153,65,Maior que 55,18300.0,Média-Alta,98,3,1,18300.0,0.0,6470.0
154,19,Até 20,1800.0,Baixa,12,0,0,1800.0,0.0,660.0
155,23,21 a 30,4800.0,Média-Baixa,18,0,1,4800.0,0.0,1620.0
156,25,21 a 30,2200.0,Baixa,23,1,2,2200.0,0.0,890.0
157,27,21 a 30,3900.0,Média-Baixa,28,0,0,3900.0,0.0,1450.0
158,28,21 a 30,11500.0,Média-Alta,34,1,1,11500.0,0.0,3790.0
159,30,21 a 30,3100.0,Média-Baixa,39,0,2,3100.0,0.0,1320.0
160,32,31 a 45,9800.0,Média,45,1,0,6800.0,0.0,3390.0
161,35,31 a 45,1800.0,Baixa,12,0,0,1800.0,0.0,660.0
162,42,31 a 45,4800.0,Média-Baixa,18,0,1,4800.0,0.0,1620.0
163,45,31 a 45,2200.0,Baixa,23,1,2,2200.0,0.0,890.0
164,48,46 a 55,3900.0,Média-Baixa,28,0,0,3900.0,0.0,1450.0
165,51,46 a 55,11500.0,Média-Alta,34,1,1,11500.0,0.0,3790.0
166,53,46 a 55,3100.0,Média-Baixa,39,0,2,3100.0,0.0,1320.0
167,55,46 a 55,9800.0,Média,45,1,0,6800.0,0.0,3390.0
168,57,Maior que 55,24400.0,Alta,50,2,1,22000.0,0.0,7820.0
169,62,Maior que 55,4500.0,Média-Baixa,56,0,2,4500.0,0.0,1910.0
170,65,Maior que 55,9800.0,Média,61,0,0,9800.0,0.0,3550.0
171,19,Até 20,15000.0,Média-Alta,67,2,1,15000.0,0.0,5170.0
172,23,21 a 30,6100.0,Média,72,0,2,6100.0,0.0,2550.0
173,25,21 a 30,9000.0,Média,78,1,0,9000.0,0.0,3480.0
174,25,21 a 30,17500.0,Média-Alta,83,3,1,17500.0,0.0,6080.0
175,28,21 a 30,17000.0,Média-Alta,89,1,2,13000.0,0.0,5990.0
176,30,21 a 30,8500.0,Média,94,1,0,5300.0,0.0,3490.0
177,32,31 a 45,18300.0,Média-Alta,98,3,1,18300.0,0.0,6470.0
178,35,31 a 45,1800.0,Baixa,12,0,0,1800.0,0.0,660.0
179,42,31 a 45,4800.0,Média-Baixa,18,0,1,4800.0,0.0,1620.0
180,45,31 a 45,2200.0,Baixa,23,1,2,2200.0,0.0,890.0
181,48,46 a 55,3900.0,Média-Baixa,28,0,0,3900.0,0.0,1450.0
182,51,46 a 55,11500.0,Média-Alta,34,1,1,11500.0,0.0,3790.0
183,53,46 a 55,3100.0,Média-Baixa,39,0,2,3100.0,0.0,1320.0
184,55,46 a 55,9800.0,Média,45,1,0,6800.0,0.0,3390.0
185,57,Maior que 55,1800.0,Baixa,12,0,0,1800.0,0.0,660.0
186,62,Maior que 55,4800.0,Média-Baixa,18,0,1,4800.0,0.0,1620.0
187,65,Maior que 55,2200.0,Baixa,23,1,2,2200.0,0.0,890.0
188,19,Até 20,3900.0,Média-Baixa,28,0,0,3900.0,0.0,1450.0
189,23,21 a 30,11500.0,Média-Alta,34,1,1,11500.0,0.0,3790.0
190,25,21 a 30,3100.0,Média-Baixa,39,0,2,3100.0,0.0,1320.0
191,27,21 a 30,9800.0,Média,45,1,0,6800.0,0.0,3390.0
192,28,21 a 30,24400.0,Alta,50,2,1,22000.0,0.0,7820.0
193,30,21 a 30,4500.0,Média-Baixa,56,0,2,4500.0,0.0,1910.0
194,32,31 a 45,9800.0,Média,61,0,0,9800.0,0.0,3550.0
195,35,31 a 45,15000.0,Média-Alta,67,2,1,15000.0,0.0,5170.0
196,42,31 a 45,6100.0,Média,72,0,2,6100.0,0.0,2550.0
197,45,31 a 45,9000.0,Média,78,1,0,9000.0,0.0,3480.0
198,48,46 a 55,17500.0,Média-Alta,83,3,1,17500.0,0.0,6080.0
199,51,46 a 55,17000.0,Média-Alta,89,1,2,13000.0,0.0,5990.0
200,53,46 a 55,8500.0,Média,94,1,0,5300.0,0.0,3490.0
201,55,46 a 55,18300.0,Média-Alta,98,3,1,18300.0,0.0,6470.0
202,57,Maior que 55,1800.0,Baixa,12,0,0,1800.0,0.0,660.0
203,62,Maior que 55,4800.0,Média-Baixa,18,0,1,4800.0,0.0,1620.0
204,65,Maior que 55,2200.0,Baixa,23,1,2,2200.0,0.0,890.0
205,19,Até 20,3900.0,Média-Baixa,28,0,0,3900.0,0.0,1450.0
206,23,21 a 30,11500.0,Média-Alta,34,1,1,11500.0,0.0,3790.0
207,25,21 a 30,3100.0,Média-Baixa,39,0,2,3100.0,0.0,1320.0
208,27,21 a 30,9800.0,Média,45,1,0,6800.0,0.0,3390.0
209,28,21 a 30,1800.0,Baixa,12,0,0,1800.0,0.0,660.0
210,30,21 a 30,4800.0,Média-Baixa,18,0,1,4800.0,0.0,1620.0
211,32,31 a 45,2200.0,Baixa,23,1,2,2200.0,0.0,890.0
212,35,31 a 45,3900.0,Média-Baixa,28,0,0,3900.0,0.0,1450.0
213,42,31 a 45,11500.0,Média-Alta,34,1,1,11500.0,0.0,3790.0
214,45,31 a 45,3100.0,Média-Baixa,39,0,2,3100.0,0.0,1320.0
215,48,46 a 55,9800.0,Média,45,1,0,6800.0,0.0,3390.0
216,51,46 a 55,24400.0,Alta,50,2,1,22000.0,0.0,7820.0
217,53,46 a 55,4500.0,Média-Baixa,56,0,2,4500.0,0.0,1910.0
218,55,46 a 55,9800.0,Média,61,0,0,9800.0,0.0,3550.0
219,57,Maior que 55,15000.0,Média-Alta,67,2,1,15000.0,0.0,5170.0
220,62,Maior que 55,6100.0,Média,72,0,2,6100.0,0.0,2550.0
221,65,Maior que 55,9000.0,Média,78,1,0,9000.0,0.0,3480.0
222,19,Até 20,17500.0,Média-Alta,83,3,1,17500.0,0.0,6080.0
223,23,21 a 30,17000.0,Média-Alta,89,1,2,13000.0,0.0,5990.0
224,25,21 a 30,8500.0,Média,94,1,0,5300.0,0.0,3490.0
225,27,21 a 30,18300.0,Média-Alta,98,3,1,18300.0,0.0,6470.0
226,28,21 a 30,1800.0,Baixa,12,0,0,1800.0,0.0,660.0
227,30,21 a 30,4800.0,Média-Baixa,18,0,1,4800.0,0.0,1620.0
228,32,31 a 45,2200.0,Baixa,23,1,2,2200.0,0.0,890.0
229,35,31 a 45,3900.0,Média-Baixa,28,0,0,3900.0,0.0,1450.0
230,42,31 a 45,11500.0,Média-Alta,34,1,1,11500.0,0.0,3790.0
231,45,31 a 45,3100.0,Média-Baixa,39,0,2,3100.0,0.0,1320.0
232,48,46 a 55,9800.0,Média,45,1,0,6800.0,0.0,3390.0
233,51,46 a 55,1800.0,Baixa,12,0,0,1800.0,0.0,660.0
234,53,46 a 55,4800.0,Média-Baixa,18,0,1,4800.0,0.0,1620.0
235,55,46 a 55,2200.0,Baixa,23,1,2,2200.0,0.0,890.0
236,57,Maior que 55,3900.0,Média-Baixa,28,0,0,3900.0,0.0,1450.0
237,62,Maior que 55,11500.0,Média-Alta,34,1,1,11500.0,0.0,3790.0
238,65,Maior que 55,3100.0,Média-Baixa,39,0,2,3100.0,0.0,1320.0
239,19,Até 20,9800.0,Média,45,1,0,6800.0,0.0,3390.0
240,23,21 a 30,24400.0,Alta,50,2,1,22000.0,0.0,7820.0
241,25,21 a 30,4500.0,Média-Baixa,56,0,2,4500.0,0.0,1910.0
242,27,21 a 30,9800.0,Média,61,0,0,9800.0,0.0,3550.0
243,28,21 a 30,15000.0,Média-Alta,67,2,1,15000.0,0.0,5170.0
244,30,21 a 30,6100.0,Média,72,0,2,6100.0,0.0,2550.0
245,32,31 a 45,9000.0,Média,78,1,0,9000.0,0.0,3480.0
246,35,31 a 45,17500.0,Média-Alta,83,3,1,17500.0,0.0,6080.0
247,42,31 a 45,17000.0,Média-Alta,89,1,2,13000.0,0.0,5990.0
248,45,31 a 45,8500.0,Média,94,1,0,5300.0,0.0,3490.0
249,48,46 a 55,18300.0,Média-Alta,98,3,1,18300.0,0.0,6470.0
250,51,46 a 55,1800.0,Baixa,12,0,0,1800.0,0.0,660.0
251,53,46 a 55,4800.0,Média-Baixa,18,0,1,4800.0,0.0,1620.0
252,55,46 a 55,2200.0,Baixa,23,1,2,2200.0,0.0,890.0
253,57,Maior que 55,3900.0,Média-Baixa,28,0,0,3900.0,0.0,1450.0
254,62,Maior que 55,11500.0,Média-Alta,34,1,1,11500.0,0.0,3790.0
255,65,Maior que 55,3100.0,Média-Baixa,39,0,2,3100.0,0.0,1320.0
256,65,Maior que 55,9800.0,Média,45,1,0,6800.0,0.0,3390.0
257,23,21 a 30,15000.0,Média-Alta,67,2,1,15000.0,0.0,5170.0
258,28,21 a 30,6100.0,Média,72,0,2,6100.0,0.0,2550.0
259,30,21 a 30,9000.0,Média,78,1,0,9000.0,0.0,3480.0
260,32,31 a 45,17500.0,Média-Alta,83,3,1,17500.0,0.0,6080.0
261,35,31 a 45,17000.0,Média-Alta,89,1,2,13000.0,0.0,5990.0
262,42,31 a 45,8500.0,Média,94,1,0,5300.0,0.0,3490.0
263,45,31 a 45,18300.0,Média-Alta,98,3,1,18300.0,0.0,6470.0
264,48,46 a 55,1800.0,Baixa,12,0,0,1800.0,0.0,660.0
265,51,46 a 55,4800.0,Média-Baixa,18,0,1,4800.0,0.0,1620.0
266,53,46 a 55,2200.0,Baixa,23,1,2,2200.0,0.0,890.0
267,55,46 a 55,3900.0,Média-Baixa,28,0,0,3900.0,0.0,1450.0
268,57,Maior que 55,11500.0,Média-Alta,34,1,1,11500.0,0.0,3790.0
269,62,Maior que 55,3100.0,Média-Baixa,39,0,2,3100.0,0.0,1320.0
270,65,Maior que 55,9800.0,Média,45,1,0,6800.0,0.0,3390.0
271,19,Até 20,1800.0,Baixa,12,0,0,1800.0,0.0,660.0
272,23,21 a 30,4800.0,Média-Baixa,18,0,1,4800.0,0.0,1620.0
273,25,21 a 30,2200.0,Baixa,23,1,2,2200.0,0.0,890.0
274,27,21 a 30,3900.0,Média-Baixa,28,0,0,3900.0,0.0,1450.0
275,28,21 a 30,11500.0,Média-Alta,34,1,1,11500.0,0.0,3790.0
276,30,21 a 30,3100.0,Média-Baixa,39,0,2,3100.0,0.0,1320.0
277,32,31 a 45,9800.0,Média,45,1,0,6800.0,0.0,3390.0
278,35,31 a 45,24400.0,Alta,50,2,1,22000.0,0.0,7820.0
279,42,31 a 45,4500.0,Média-Baixa,56,0,2,4500.0,0.0,1910.0
280,45,31 a 45,9800.0,Média,61,0,0,9800.0,0.0,3550.0
281,48,46 a 55,15000.0,Média-Alta,67,2,1,15000.0,0.0,5170.0
282,51,46 a 55,6100.0,Média,72,0,2,6100.0,0.0,2550.0
283,53,46 a 55,9000.0,Média,78,1,0,9000.0,0.0,3480.0
284,55,46 a 55,17500.0,Média-Alta,83,3,1,17500.0,0.0,6080.0
285,57,Maior que 55,17000.0,Média-Alta,89,1,2,13000.0,0.0,5990.0
286,62,Maior que 55,8500.0,Média,94,1,0,5300.0,0.0,3490.0
287,65,Maior que 55,18300.0,Média-Alta,98,3,1,18300.0,0.0,6470.0
288,19,Até 20,1800.0,Baixa,12,0,0,1800.0,0.0,660.0
289,23,21 a 30,15000.0,Média-Alta,67,2,1,15000.0,0.0,5170.0
290,25,21 a 30,6100.0,Média,72,0,2,6100.0,0.0,2550.0
291,27,21 a 30,9000.0,Média,78,1,0,9000.0,0.0,3480.0
292,28,21 a 30,17500.0,Média-Alta,83,3,1,17500.0,0.0,6080.0
293,30,21 a 30,17000.0,Média-Alta,89,1,2,13000.0,0.0,5990.0
294,32,31 a 45,8500.0,Média,94,1,0,5300.0,0.0,3490.0
295,35,31 a 45,18300.0,Média-Alta,98,3,1,18300.0,0.0,6470.0
296,42,31 a 45,1800.0,Baixa,12,0,0,1800.0,0.0,660.0
297,45,31 a 45,4800.0,Média-Baixa,18,0,1,4800.0,0.0,1620.0
298,48,46 a 55,2200.0,Baixa,23,1,2,2200.0,0.0,890.0
299,51,46 a 55,3900.0,Média-Baixa,28,0,0,3900.0,0.0,1450.0
300,53,46 a 55,11500.0,Média-Alta,34,1,1,11500.0,0.0,3790.0
301,55,46 a 55,3100.0,Média-Baixa,39,0,2,3100.0,0.0,1320.0
302,57,Maior que 55,9800.0,Média,45,1,0,6800.0,0.0,3390.0
303,62,Maior que 55,1800.0,Baixa,12,0,0,1800.0,0.0,660.0
304,65,Maior que 55,4800.0,Média-Baixa,18,0,1,4800.0,0.0,1620.0
305,19,Até 20,2200.0,Baixa,23,1,2,2200.0,0.0,890.0
306,23,21 a 30,3900.0,Média-Baixa,28,0,0,3900.0,0.0,1450.0
307,25,21 a 30,11500.0,Média-Alta,34,1,1,11500.0,0.0,3790.0
308,27,21 a 30,3100.0,Média-Baixa,39,0,2,3100.0,0.0,1320.0
309,28,21 a 30,9800.0,Média,45,1,0,6800.0,0.0,3390.0
310,30,21 a 30,24400.0,Alta,50,2,1,22000.0,0.0,7820.0
311,32,31 a 45,4500.0,Média-Baixa,56,0,2,4500.0,0.0,1910.0
312,35,31 a 45,9800.0,Média,61,0,0,9800.0,0.0,3550.0
313,42,31 a 45,15000.0,Média-Alta,67,2,1,15000.0,0.0,5170.0
314,45,31 a 45,6100.0,Média,72,0,2,6100.0,0.0,2550.0
315,48,46 a 55,9000.0,Média,78,1,0,9000.0,0.0,3480.0
316,51,46 a 55,17500.0,Média-Alta,83,3,1,17500.0,0.0,6080.0
317,53,46 a 55,17000.0,Média-Alta,89,1,2,13000.0,0.0,5990.0
318,55,46 a 55,8500.0,Média,94,1,0,5300.0,0.0,3490.0
319,57,Maior que 55,18300.0,Média-Alta,98,3,1,18300.0,0.0,6470.0
320,62,Maior que 55,1800.0,Baixa,12,0,0,1800.0,0.0,660.0
321,65,Maior que 55,15000.0,Média-Alta,67,2,1,15000.0,0.0,5170.0
322,19,Até 20,6100.0,Média,72,0,2,6100.0,0.0,2550.0
323,23,21 a 30,9000.0,Média,78,1,0,9000.0,0.0,3480.0
324,25,21 a 30,17500.0,Média-Alta,83,3,1,17500.0,0.0,6080.0
325,27,21 a 30,17000.0,Média-Alta,89,1,2,13000.0,0.0,5990.0
326,28,21 a 30,8500.0,Média,94,1,0,5300.0,0.0,3490.0
327,30,21 a 30,18300.0,Média-Alta,98,3,1,18300.0,0.0,6470.0
328,32,31 a 45,1800.0,Baixa,12,0,0,1800.0,0.0,660.0
329,35,31 a 45,4800.0,Média-Baixa,18,0,1,4800.0,0.0,1620.0
330,42,31 a 45,2200.0,Baixa,23,1,2,2200.0,0.0,890.0
331,45,31 a 45,3900.0,Média-Baixa,28,0,0,3900.0,0.0,1450.0
332,48,46 a 55,11500.0,Média-Alta,34,1,1,11500.0,0.0,3790.0
333,51,46 a 55,3100.0,Média-Baixa,39,0,2,3100.0,0.0,1320.0
334,23,21 a 30,9800.0,Média,45,1,0,6800.0,0.0,3390.0
335,28,21 a 30,1800.0,Baixa,12,0,0,1800.0,0.0,660.0
336,30,21 a 30,4800.0,Média-Baixa,18,0,1,4800.0,0.0,1620.0
337,32,31 a 45,2200.0,Baixa,23,1,2,2200.0,0.0,890.0
338,35,31 a 45,3900.0,Média-Baixa,28,0,0,3900.0,0.0,1450.0
339,42,31 a 45,11500.0,Média-Alta,34,1,1,11500.0,0.0,3790.0
340,45,31 a 45,3100.0,Média-Baixa,39,0,2,3100.0,0.0,1320.0
341,48,46 a 55,9800.0,Média,45,1,0,6800.0,0.0,3390.0
342,51,46 a 55,24400.0,Alta,50,2,1,22000.0,0.0,7820.0
343,53,46 a 55,4500.0,Média-Baixa,56,0,2,4500.0,0.0,1910.0
344,55,46 a 55,9800.0,Média,61,0,0,9800.0,0.0,3550.0
345,57,Maior que 55,15000.0,Média-Alta,67,2,1,15000.0,0.0,5170.0
346,62,Maior que 55,6100.0,Média,72,0,2,6100.0,0.0,2550.0
347,65,Maior que 55,9000.0,Média,78,1,0,9000.0,0.0,3480.0
348,19,Até 20,17500.0,Média-Alta,83,3,1,17500.0,0.0,6080.0
349,23,21 a 30,17000.0,Média-Alta,89,1,2,13000.0,0.0,5990.0
350,25,21 a 30,8500.0,Média,94,1,0,5300.0,0.0,3490.0
351,27,21 a 30,18300.0,Média-Alta,98,3,1,18300.0,0.0,6470.0
352,28,21 a 30,1800.0,Baixa,12,0,0,1800.0,0.0,660.0
353,30,21 a 30,1800.0,Baixa,12,0,0,1800.0,0.0,660.0
354,32,31 a 45,4800.0,Média-Baixa,18,0,1,4800.0,0.0,1620.0
355,35,31 a 45,2200.0,Baixa,23,1,2,2200.0,0.0,890.0
356,42,31 a 45,3900.0,Média-Baixa,28,0,0,3900.0,0.0,1450.0
357,45,31 a 45,11500.0,Média-Alta,34,1,1,11500.0,0.0,3790.0
358,48,46 a 55,3100.0,Média-Baixa,39,0,2,3100.0,0.0,1320.0
359,51,46 a 55,9800.0,Média,45,1,0,6800.0,0.0,3390.0
360,53,46 a 55,24400.0,Alta,50,2,1,22000.0,0.0,7820.0
361,55,46 a 55,4500.0,Média-Baixa,56,0,2,4500.0,0.0,1910.0
362,57,Maior que 55,9800.0,Média,61,0,0,9800.0,0.0,3550.0
363,62,Maior que 55,15000.0,Média-Alta,67,2,1,15000.0,0.0,5170.0
364,65,Maior que 55,6100.0,Média,72,0,2,6100.0,0.0,2550.0
365,19,Até 20,9000.0,Média,78,1,0,9000.0,0.0,3480.0
366,23,21 a 30,17500.0,Média-Alta,83,3,1,17500.0,0.0,6080.0
367,25,21 a 30,17000.0,Média-Alta,89,1,2,13000.0,0.0,5990.0
368,27,21 a 30,8500.0,Média,94,1,0,5300.0,0.0,3490.0
369,28,21 a 30,18300.0,Média-Alta,98,3,1,18300.0,0.0,6470.0
370,30,21 a 30,1800.0,Baixa,12,0,0,1800.0,0.0,660.0
371,32,31 a 45,4800.0,Média-Baixa,18,0,1,4800.0,0.0,1620.0
372,35,31 a 45,2200.0,Baixa,23,1,2,2200.0,0.0,890.0
373,42,31 a 45,3900.0,Média-Baixa,28,0,0,3900.0,0.0,1450.0
374,45,31 a 45,11500.0,Média-Alta,34,1,1,11500.0,0.0,3790.0
375,48,46 a 55,3100.0,Média-Baixa,39,0,2,3100.0,0.0,1320.0
376,51,46 a 55,1800.0,Baixa,12,0,0,1800.0,0.0,660.0
377,53,46 a 55,4800.0,Média-Baixa,18,0,1,4800.0,0.0,1620.0
378,55,46 a 55,2200.0,Baixa,23,1,2,2200.0,0.0,890.0
379,57,Maior que 55,3900.0,Média-Baixa,28,0,0,3900.0,0.0,1450.0
380,62,Maior que 55,11500.0,Média-Alta,34,1,1,11500.0,0.0,3790.0
381,65,Maior que 55,3100.0,Média-Baixa,39,0,2,3100.0,0.0,1320.0
382,19,Até 20,9800.0,Média,45,1,0,6800.0,0.0,3390.0
383,23,21 a 30,24400.0,Alta,50,2,1,22000.0,0.0,7820.0
384,25,21 a 30,4500.0,Média-Baixa,56,0,2,4500.0,0.0,1910.0
385,27,21 a 30,9800.0,Média,61,0,0,9800.0,0.0,3550.0
386,28,21 a 30,15000.0,Média-Alta,67,2,1,15000.0,0.0,5170.0
387,30,21 a 30,6100.0,Média,72,0,2,6100.0,0.0,2550.0
388,32,31 a 45,9000.0,Média,78,1,0,9000.0,0.0,3480.0
389,35,31 a 45,17500.0,Média-Alta,83,3,1,17500.0,0.0,6080.0
390,42,31 a 45,17000.0,Média-Alta,89,1,2,13000.0,0.0,5990.0
391,45,31 a 45,8500.0,Média,94,1,0,5300.0,0.0,3490.0
392,48,46 a 55,18300.0,Média-Alta,98,3,1,18300.0,0.0,6470.0
393,51,46 a 55,1800.0,Baixa,12,0,0,1800.0,0.0,660.0
394,53,46 a 55,4800.0,Média-Baixa,18,0,1,4800.0,0.0,1620.0
395,55,46 a 55,2200.0,Baixa,23,1,2,2200.0,0.0,890.0
396,57,Maior que 55,3900.0,Média-Baixa,28,0,0,3900.0,0.0,1450.0
397,62,Maior que 55,11500.0,Média-Alta,34,1,1,11500.0,0.0,3790.0
398,65,Maior que 55,3100.0,Média-Baixa,39,0,2,3100.0,0.0,1320.0
399,19,Até 20,1800.0,Baixa,12,0,0,1800.0,0.0,660.0
400,23,21 a 30,4800.0,Média-Baixa,18,0,1,4800.0,0.0,1620.0
401,25,21 a 30,2200.0,Baixa,23,1,2,2200.0,0.0,890.0
402,27,21 a 30,3900.0,Média-Baixa,28,0,0,3900.0,0.0,1450.0
403,28,21 a 30,11500.0,Média-Alta,34,1,1,11500.0,0.0,3790.0
404,30,21 a 30,3100.0,Média-Baixa,39,0,2,3100.0,0.0,1320.0
405,32,31 a 45,9800.0,Média,45,1,0,6800.0,0.0,3390.0
406,35,31 a 45,24400.0,Alta,50,2,1,22000.0,0.0,7820.0
407,42,31 a 45,4500.0,Média-Baixa,56,0,2,4500.0,0.0,1910.0
408,45,31 a 45,9800.0,Média,61,0,0,9800.0,0.0,3550.0
409,48,46 a 55,15000.0,Média-Alta,67,2,1,15000.0,0.0,5170.0
410,51,46 a 55,6100.0,Média,72,0,2,6100.0,0.0,2550.0
411,23,21 a 30,9000.0,Média,78,1,0,9000.0,0.0,3480.0
412,28,21 a 30,17500.0,Média-Alta,83,3,1,17500.0,0.0,6080.0
413,30,21 a 30,17000.0,Média-Alta,89,1,2,13000.0,0.0,5990.0
414,32,31 a 45,8500.0,Média,94,1,0,5300.0,0.0,3490.0
415,35,31 a 45,18300.0,Média-Alta,98,3,1,18300.0,0.0,6470.0
416,42,31 a 45,1800.0,Baixa,12,0,0,1800.0,0.0,660.0
417,45,31 a 45,4800.0,Média-Baixa,18,0,1,4800.0,0.0,1620.0
418,48,46 a 55,2200.0,Baixa,23,1,2,2200.0,0.0,890.0
419,51,46 a 55,3900.0,Média-Baixa,28,0,0,3900.0,0.0,1450.0
420,53,46 a 55,11500.0,Média-Alta,34,1,1,11500.0,0.0,3790.0
421,55,46 a 55,3100.0,Média-Baixa,39,0,2,3100.0,0.0,1320.0
422,57,Maior que 55,1800.0,Baixa,12,0,0,1800.0,0.0,660.0
423,62,Maior que 55,4800.0,Média-Baixa,18,0,1,4800.0,0.0,1620.0
424,65,Maior que 55,2200.0,Baixa,23,1,2,2200.0,0.0,890.0
425,19,Até 20,3900.0,Média-Baixa,28,0,0,3900.0,0.0,1450.0
426,23,21 a 30,11500.0,Média-Alta,34,1,1,11500.0,0.0,3790.0
427,25,21 a 30,3100.0,Média-Baixa,39,0,2,3100.0,0.0,1320.0
428,27,21 a 30,9800.0,Média,45,1,0,6800.0,0.0,3390.0
429,28,21 a 30,24400.0,Alta,50,2,1,22000.0,0.0,7820.0
430,30,21 a 30,4500.0,Média-Baixa,56,0,2,4500.0,0.0,1910.0
431,32,31 a 45,9800.0,Média,61,0,0,9800.0,0.0,3550.0
432,35,31 a 45,15000.0,Média-Alta,67,2,1,15000.0,0.0,5170.0
433,42,31 a 45,6100.0,Média,72,0,2,6100.0,0.0,2550.0
434,45,31 a 45,9000.0,Média,78,1,0,9000.0,0.0,3480.0
435,48,46 a 55,17500.0,Média-Alta,83,3,1,17500.0,0.0,6080.0
436,51,46 a 55,17000.0,Média-Alta,89,1,2,13000.0,0.0,5990.0
437,53,46 a 55,8500.0,Média,94,1,0,5300.0,0.0,3490.0
438,55,46 a 55,18300.0,Média-Alta,98,3,1,18300.0,0.0,6470.0
439,57,Maior que 55,1800.0,Baixa,12,0,0,1800.0,0.0,660.0
440,62,Maior que 55,4800.0,Média-Baixa,18,0,1,4800.0,0.0,1620.0
441,65,Maior que 55,2200.0,Baixa,23,1,2,2200.0,0.0,890.0
442,19,Até 20,3900.0,Média-Baixa,28,0,0,3900.0,0.0,1450.0
443,23,21 a 30,11500.0,Média-Alta,34,1,1,11500.0,0.0,3790.0
444,25,21 a 30,3100.0,Média-Baixa,39,0,2,3100.0,0.0,1320.0
445,27,21 a 30,1800.0,Baixa,12,0,0,1800.0,0.0,660.0
446,28,21 a 30,4800.0,Média-Baixa,18,0,1,4800.0,0.0,1620.0
447,30,21 a 30,2200.0,Baixa,23,1,2,2200.0,0.0,890.0
448,32,31 a 45,3900.0,Média-Baixa,28,0,0,3900.0,0.0,1450.0
449,35,31 a 45,11500.0,Média-Alta,34,1,1,11500.0,0.0,3790.0
450,42,31 a 45,3100.0,Média-Baixa,39,0,2,3100.0,0.0,1320.0
451,45,31 a 45,9800.0,Média,45,1,0,6800.0,0.0,3390.0
452,48,46 a 55,24400.0,Alta,50,2,1,22000.0,0.0,7820.0
453,51,46 a 55,4500.0,Média-Baixa,56,0,2,4500.0,0.0,1910.0
454,53,46 a 55,9800.0,Média,61,0,0,9800.0,0.0,3550.0
455,55,46 a 55,15000.0,Média-Alta,67,2,1,15000.0,0.0,5170.0
456,57,Maior que 55,6100.0,Média,72,0,2,6100.0,0.0,2550.0
457,62,Maior que 55,9000.0,Média,78,1,0,9000.0,0.0,3480.0
458,65,Maior que 55,17500.0,Média-Alta,83,3,1,17500.0,0.0,6080.0
459,19,Até 20,17000.0,Média-Alta,89,1,2,13000.0,0.0,5990.0
460,23,21 a 30,8500.0,Média,94,1,0,5300.0,0.0,3490.0
461,25,21 a 30,18300.0,Média-Alta,98,3,1,18300.0,0.0,6470.0
462,27,21 a 30,1800.0,Baixa,12,0,0,1800.0,0.0,660.0
463,28,21 a 30,4800.0,Média-Baixa,18,0,1,4800.0,0.0,1620.0
464,30,21 a 30,2200.0,Baixa,23,1,2,2200.0,0.0,890.0
465,32,31 a 45,3900.0,Média-Baixa,28,0,0,3900.0,0.0,1450.0
466,35,31 a 45,11500.0,Média-Alta,34,1,1,11500.0,0.0,3790.0
467,42,31 a 45,3100.0,Média-Baixa,39,0,2,3100.0,0.0,1320.0
468,45,31 a 45,1800.0,Baixa,12,0,0,1800.0,0.0,660.0
469,48,46 a 55,4800.0,Média-Baixa,18,0,1,4800.0,0.0,1620.0
470,51,46 a 55,2200.0,Baixa,23,1,2,2200.0,0.0,890.0
471,53,46 a 55,3900.0,Média-Baixa,28,0,0,3900.0,0.0,1450.0
472,55,46 a 55,11500.0,Média-Alta,34,1,1,11500.0,0.0,3790.0
473,57,Maior que 55,3100.0,Média-Baixa,39,0,2,3100.0,0.0,1320.0
474,62,Maior que 55,9800.0,Média,45,1,0,6800.0,0.0,3390.0
475,65,Maior que 55,24400.0,Alta,50,2,1,22000.0,0.0,7820.0
476,19,Até 20,4500.0,Média-Baixa,56,0,2,4500.0,0.0,1910.0
477,23,21 a 30,9800.0,Média,61,0,0,9800.0,0.0,3550.0
478,25,21 a 30,15000.0,Média-Alta,67,2,1,15000.0,0.0,5170.0
479,27,21 a 30,6100.0,Média,72,0,2,6100.0,0.0,2550.0
480,28,21 a 30,9000.0,Média,78,1,0,9000.0,0.0,3480.0
481,30,21 a 30,17500.0,Média-Alta,83,3,1,17500.0,0.0,6080.0
482,32,31 a 45,17000.0,Média-Alta,89,1,2,13000.0,0.0,5990.0
483,35,31 a 45,8500.0,Média,94,1,0,5300.0,0.0,3490.0
484,42,31 a 45,18300.0,Média-Alta,98,3,1,18300.0,0.0,6470.0
485,45,31 a 45,1800.0,Baixa,12,0,0,1800.0,0.0,660.0
486,48,46 a 55,4800.0,Média-Baixa,18,0,1,4800.0,0.0,1620.0
487,51,46 a 55,2200.0,Baixa,23,1,2,2200.0,0.0,890.0
488,23,21 a 30,3900.0,Média-Baixa,28,0,0,3900.0,0.0,1450.0
489,28,21 a 30,11500.0,Média-Alta,34,1,1,11500.0,0.0,3790.0
490,30,21 a 30,3100.0,Média-Baixa,39,0,2,3100.0,0.0,1320.0
491,32,31 a 45,1800.0,Baixa,12,0,0,1800.0,0.0,660.0
492,35,31 a 45,4800.0,Média-Baixa,18,0,1,4800.0,0.0,1620.0
493,42,31 a 45,2200.0,Baixa,23,1,2,2200.0,0.0,890.0
494,45,31 a 45,3900.0,Média-Baixa,28,0,0,3900.0,0.0,1450.0
495,48,46 a 55,11500.0,Média-Alta,34,1,1,11500.0,0.0,3790.0
496,51,46 a 55,3100.0,Média-Baixa,39,0,2,3100.0,0.0,1320.0
497,53,46 a 55,9800.0,Média,45,1,0,6800.0,0.0,3390.0
498,55,46 a 55,24400.0,Alta,50,2,1,22000.0,0.0,7820.0
499,57,Maior que 55,4500.0,Média-Baixa,56,0,2,4500.0,0.0,1910.0
500,62,Maior que 55,9800.0,Média,61,0,0,9800.0,0.0,3550.0
501,65,Maior que 55,15000.0,Média-Alta,67,2,1,15000.0,0.0,5170.0
502,19,Até 20,6100.0,Média,72,0,2,6100.0,0.0,2550.0
503,23,21 a 30,9000.0,Média,78,1,0,9000.0,0.0,3480.0
504,25,21 a 30,17500.0,Média-Alta,83,3,1,17500.0,0.0,6080.0
505,27,21 a 30,17000.0,Média-Alta,89,1,2,13000.0,0.0,5990.0
506,28,21 a 30,8500.0,Média,94,1,0,5300.0,0.0,3490.0
507,30,21 a 30,18300.0,Média-Alta,98,3,1,18300.0,0.0,6470.0
508,32,31 a 45,1800.0,Baixa,12,0,0,1800.0,0.0,660.0
509,35,31 a 45,4800.0,Média-Baixa,18,0,1,4800.0,0.0,1620.0
510,42,31 a 45,2200.0,Baixa,23,1,2,2200.0,0.0,890.0
511,45,31 a 45,3900.0,Média-Baixa,28,0,0,3900.0,0.0,1450.0
512,48,46 a 55,11500.0,Média-Alta,34,1,1,11500.0,0.0,3790.0
513,51,46 a 55,3100.0,Média-Baixa,39,0,2,3100.0,0.0,1320.0
514,53,46 a 55,1800.0,Baixa,12,0,0,1800.0,0.0,660.0
515,55,46 a 55,4800.0,Média-Baixa,18,0,1,4800.0,0.0,1620.0
516,57,Maior que 55,2200.0,Baixa,23,1,2,2200.0,0.0,890.0
517,62,Maior que 55,3900.0,Média-Baixa,28,0,0,3900.0,0.0,1450.0
518,65,Maior que 55,11500.0,Média-Alta,34,1,1,11500.0,0.0,3790.0
519,19,Até 20,3100.0,Média-Baixa,39,0,2,3100.0,0.0,1320.0
520,23,21 a 30,9800.0,Média,45,1,0,6800.0,0.0,3390.0
521,25,21 a 30,24400.0,Alta,50,2,1,22000.0,0.0,7820.0
522,27,21 a 30,4500.0,Média-Baixa,56,0,2,4500.0,0.0,1910.0
523,28,21 a 30,9800.0,Média,61,0,0,9800.0,0.0,3550.0
524,30,21 a 30,15000.0,Média-Alta,67,2,1,15000.0,0.0,5170.0
525,32,31 a 45,6100.0,Média,72,0,2,6100.0,0.0,2550.0
526,35,31 a 45,9000.0,Média,78,1,0,9000.0,0.0,3480.0
527,42,31 a 45,17500.0,Média-Alta,83,3,1,17500.0,0.0,6080.0
528,45,31 a 45,17000.0,Média-Alta,89,1,2,13000.0,0.0,5990.0
529,48,46 a 55,8500.0,Média,94,1,0,5300.0,0.0,3490.0
530,51,46 a 55,18300.0,Média-Alta,98,3,1,18300.0,0.0,6470.0
531,53,46 a 55,1800.0,Baixa,12,0,0,1800.0,0.0,660.0
532,55,46 a 55,4800.0,Média-Baixa,18,0,1,4800.0,0.0,1620.0
533,57,Maior que 55,2200.0,Baixa,23,1,2,2200.0,0.0,890.0
534,62,Maior que 55,3900.0,Média-Baixa,28,0,0,3900.0,0.0,1450.0
535,65,Maior que 55,11500.0,Média-Alta,34,1,1,11500.0,0.0,3790.0
536,19,Até 20,3100.0,Média-Baixa,39,0,2,3100.0,0.0,1320.0
537,23,21 a 30,1800.0,Baixa,12,0,0,1800.0,0.0,660.0
538,25,21 a 30,4800.0,Média-Baixa,18,0,1,4800.0,0.0,1620.0
539,27,21 a 30,2200.0,Baixa,23,1,2,2200.0,0.0,890.0
540,28,21 a 30,3900.0,Média-Baixa,28,0,0,3900.0,0.0,1450.0
541,30,21 a 30,11500.0,Média-Alta,34,1,1,11500.0,0.0,3790.0
542,32,31 a 45,3100.0,Média-Baixa,39,0,2,3100.0,0.0,1320.0
543,35,31 a 45,9800.0,Média,45,1,0,6800.0,0.0,3390.0
544,42,31 a 45,24400.0,Alta,50,2,1,22000.0,0.0,7820.0
545,45,31 a 45,4500.0,Média-Baixa,56,0,2,4500.0,0.0,1910.0
546,48,46 a 55,9800.0,Média,61,0,0,9800.0,0.0,3550.0
547,51,46 a 55,15000.0,Média-Alta,67,2,1,15000.0,0.0,5170.0
548,53,46 a 55,6100.0,Média,72,0,2,6100.0,0.0,2550.0
549,55,46 a 55,9000.0,Média,78,1,0,9000.0,0.0,3480.0
550,57,Maior que 55,17500.0,Média-Alta,83,3,1,17500.0,0.0,6080.0
551,62,Maior que 55,17000.0,Média-Alta,89,1,2,13000.0,0.0,5990.0
552,65,Maior que 55,8500.0,Média,94,1,0,5300.0,0.0,3490.0
553,19,Até 20,18300.0,Média-Alta,98,3,1,18300.0,0.0,6470.0
554,23,21 a 30,1800.0,Baixa,12,0,0,1800.0,0.0,660.0
555,25,21 a 30,4800.0,Média-Baixa,18,0,1,4800.0,0.0,1620.0
556,27,21 a 30,2200.0,Baixa,23,1,2,2200.0,0.0,890.0
557,28,21 a 30,3900.0,Média-Baixa,28,0,0,3900.0,0.0,1450.0
558,30,21 a 30,11500.0,Média-Alta,34,1,1,11500.0,0.0,3790.0
559,32,31 a 45,3100.0,Média-Baixa,39,0,2,3100.0,0.0,1320.0
560,35,31 a 45,1800.0,Baixa,12,0,0,1800.0,0.0,660.0
561,42,31 a 45,4800.0,Média-Baixa,18,0,1,4800.0,0.0,1620.0
562,45,31 a 45,2200.0,Baixa,23,1,2,2200.0,0.0,890.0
563,48,46 a 55,3900.0,Média-Baixa,28,0,0,3900.0,0.0,1450.0
564,51,46 a 55,11500.0,Média-Alta,34,1,1,11500.0,0.0,3790.0
565,42,31 a 45,3100.0,Média-Baixa,39,0,2,3100.0,0.0,1320.0
566,45,31 a 45,9800.0,Média,45,1,0,6800.0,0.0,3390.0
567,48,46 a 55,24400.0,Alta,50,2,1,22000.0,0.0,7820.0
568,51,46 a 55,4500.0,Média-Baixa,56,0,2,4500.0,0.0,1910.0
569,48,46 a 55,9800.0,Média,61,0,0,9800.0,0.0,3550.0
570,51,46 a 55,15000.0,Média-Alta,67,2,1,15000.0,0.0,5170.0
571,48,46 a 55,6100.0,Média,72,0,2,6100.0,0.0,2550.0
572,51,46 a 55,9000.0,Média,78,1,0,9000.0,0.0,3480.0
573,48,46 a 55,17500.0,Média-Alta,83,3,1,17500.0,0.0,6080.0
574,51,46 a 55,17000.0,Média-Alta,89,1,2,13000.0,0.0,5990.0
575,48,46 a 55,8500.0,Média,94,1,0,5300.0,0.0,3490.0
576,51,46 a 55,18300.0,Média-Alta,98,3,1,18300.0,0.0,6470.0
577,48,46 a 55,1800.0,Baixa,12,0,0,1800.0,0.0,660.0
578,51,46 a 55,4800.0,Média-Baixa,18,0,1,4800.0,0.0,1620.0
579,48,46 a 55,2200.0,Baixa,23,1,2,2200.0,0.0,890.0
580,51,46 a 55,3900.0,Média-Baixa,28,0,0,3900.0,0.0,1450.0
581,48,46 a 55,11500.0,Média-Alta,34,1,1,11500.0,0.0,3790.0
582,51,46 a 55,3100.0,Média-Baixa,39,0,2,3100.0,0.0,1320.0
583,19,Até 20,1800.0,Baixa,12,0,0,1800.0,0.0,660.0
584,23,21 a 30,4800.0,Média-Baixa,18,0,1,4800.0,0.0,1620.0
585,25,21 a 30,2200.0,Baixa,23,1,2,2200.0,0.0,890.0
586,27,21 a 30,3900.0,Média-Baixa,28,0,0,3900.0,0.0,1450.0
587,28,21 a 30,11500.0,Média-Alta,34,1,1,11500.0,0.0,3790.0
588,30,21 a 30,3100.0,Média-Baixa,39,0,2,3100.0,0.0,1320.0
589,32,31 a 45,9800.0,Média,45,1,0,6800.0,0.0,3390.0
590,35,31 a 45,24400.0,Alta,50,2,1,22000.0,0.0,7820.0
591,42,31 a 45,4500.0,Média-Baixa,56,0,2,4500.0,0.0,1910.0
592,45,31 a 45,9800.0,Média,61,0,0,9800.0,0.0,3550.0
593,48,46 a 55,15000.0,Média-Alta,67,2,1,15000.0,0.0,5170.0
594,51,46 a 55,6100.0,Média,72,0,2,6100.0,0.0,2550.0
595,53,46 a 55,9000.0,Média,78,1,0,9000.0,0.0,3480.0
596,55,46 a 55,17500.0,Média-Alta,83,3,1,17500.0,0.0,6080.0
597,57,Maior que 55,17000.0,Média-Alta,89,1,2,13000.0,0.0,5990.0
598,62,Maior que 55,8500.0,Média,94,1,0,5300.0,0.0,3490.0
599,65,Maior que 55,18300.0,Média-Alta,98,3,1,18300.0,0.0,6470.0
600,19,Até 20,1800.0,Baixa,12,0,0,1800.0,0.0,660.0
601,23,21 a 30,4800.0,Média-Baixa,18,0,1,4800.0,0.0,1620.0
602,25,21 a 30,2200.0,Baixa,23,1,2,2200.0,0.0,890.0
603,27,21 a 30,3900.0,Média-Baixa,28,0,0,3900.0,0.0,1450.0
604,28,21 a 30,11500.0,Média-Alta,34,1,1,11500.0,0.0,3790.0
605,30,21 a 30,3100.0,Média-Baixa,39,0,2,3100.0,0.0,1320.0
606,32,31 a 45,9800.0,Média,45,1,0,6800.0,0.0,3390.0
607,35,31 a 45,24400.0,Alta,50,2,1,22000.0,0.0,7820.0
608,42,31 a 45,4500.0,Média-Baixa,56,0,2,4500.0,0.0,1910.0
609,45,31 a 45,9800.0,Média,61,0,0,9800.0,0.0,3550.0
610,48,46 a 55,15000.0,Média-Alta,67,2,1,15000.0,0.0,5170.0
611,51,46 a 55,6100.0,Média,72,0,2,6100.0,0.0,2550.0
612,53,46 a 55,9000.0,Média,78,1,0,9000.0,0.0,3480.0
613,55,46 a 55,17500.0,Média-Alta,83,3,1,17500.0,0.0,6080.0
614,57,Maior que 55,17000.0,Média-Alta,89,1,2,13000.0,0.0,5990.0
615,62,Maior que 55,8500.0,Média,94,1,0,5300.0,0.0,3490.0
616,65,Maior que 55,18300.0,Média-Alta,98,3,1,18300.0,0.0,6470.0
617,19,Até 20,1800.0,Baixa,12,0,0,1800.0,0.0,660.0
618,23,21 a 30,4800.0,Média-Baixa,18,0,1,4800.0,0.0,1620.0
619,25,21 a 30,2200.0,Baixa,23,1,2,2200.0,0.0,890.0
620,27,21 a 30,3900.0,Média-Baixa,28,0,0,3900.0,0.0,1450.0
621,28,21 a 30,11500.0,Média-Alta,34,1,1,11500.0,0.0,3790.0
622,30,21 a 30,3100.0,Média-Baixa,39,0,2,3100.0,0.0,1320.0
623,32,31 a 45,9800.0,Média,45,1,0,6800.0,0.0,3390.0
624,35,31 a 45,24400.0,Alta,50,2,1,22000.0,0.0,7820.0
625,42,31 a 45,4500.0,Média-Baixa,56,0,2,4500.0,0.0,1910.0
626,45,31 a 45,9800.0,Média,61,0,0,9800.0,0.0,3550.0
627,48,46 a 55,15000.0,Média-Alta,67,2,1,15000.0,0.0,5170.0
628,51,46 a 55,6100.0,Média,72,0,2,6100.0,0.0,2550.0
629,53,46 a 55,9000.0,Média,78,1,0,9000.0,0.0,3480.0
630,55,46 a 55,17500.0,Média-Alta,83,3,1,17500.0,0.0,6080.0
631,57,Maior que 55,17000.0,Média-Alta,89,1,2,13000.0,0.0,5990.0
632,62,Maior que 55,8500.0,Média,94,1,0,5300.0,0.0,3490.0
633,65,Maior que 55,18300.0,Média-Alta,98,3,1,18300.0,0.0,6470.0
634,19,Até 20,1800.0,Baixa,12,0,0,1800.0,0.0,660.0
635,23,21 a 30,4800.0,Média-Baixa,18,0,1,4800.0,0.0,1620.0
636,25,21 a 30,2200.0,Baixa,23,1,2,2200.0,0.0,890.0
637,27,21 a 30,3900.0,Média-Baixa,28,0,0,3900.0,0.0,1450.0
638,28,21 a 30,11500.0,Média-Alta,34,1,1,11500.0,0.0,3790.0
639,30,21 a 30,3100.0,Média-Baixa,39,0,2,3100.0,0.0,1320.0
640,32,31 a 45,9800.0,Média,45,1,0,6800.0,0.0,3390.0
641,35,31 a 45,24400.0,Alta,50,2,1,22000.0,0.0,7820.0
642,42,31 a 45,4500.0,Média-Baixa,56,0,2,4500.0,0.0,1910.0
643,45,31 a 45,9800.0,Média,61,0,0,9800.0,0.0,3550.0
644,48,46 a 55,15000.0,Média-Alta,67,2,1,15000.0,0.0,5170.0
645,51,46 a 55,6100.0,Média,72,0,2,6100.0,0.0,2550.0
646,53,46 a 55,9000.0,Média,78,1,0,9000.0,0.0,3480.0
647,55,46 a 55,17500.0,Média-Alta,83,3,1,17500.0,0.0,6080.0
648,57,Maior que 55,17000.0,Média-Alta,89,1,2,13000.0,0.0,5990.0
649,62,Maior que 55,8500.0,Média,94,1,0,5300.0,0.0,3490.0
650,65,Maior que 55,18300.0,Média-Alta,98,3,1,18300.0,0.0,6470.0
651,19,Até 20,1800.0,Baixa,12,0,0,1800.0,0.0,660.0
652,23,21 a 30,4800.0,Média-Baixa,18,0,1,4800.0,0.0,1620.0
653,25,21 a 30,2200.0,Baixa,23,1,2,2200.0,0.0,890.0
654,27,21 a 30,3900.0,Média-Baixa,28,0,0,3900.0,0.0,1450.0
655,28,21 a 30,11500.0,Média-Alta,34,1,1,11500.0,0.0,3790.0
656,30,21 a 30,3100.0,Média-Baixa,39,0,2,3100.0,0.0,1320.0
657,32,31 a 45,9800.0,Média,45,1,0,6800.0,0.0,3390.0
658,35,31 a 45,24400.0,Alta,50,2,1,22000.0,0.0,7820.0
659,42,31 a 45,4500.0,Média-Baixa,56,0,2,4500.0,0.0,1910.0
660,45,31 a 45,9800.0,Média,61,0,0,9800.0,0.0,3550.0
661,48,46 a 55,15000.0,Média-Alta,67,2,1,15000.0,0.0,5170.0
662,51,46 a 55,6100.0,Média,72,0,2,6100.0,0.0,2550.0
663,53,46 a 55,9000.0,Média,78,1,0,9000.0,0.0,3480.0
664,55,46 a 55,17500.0,Média-Alta,83,3,1,17500.0,0.0,6080.0
665,57,Maior que 55,17000.0,Média-Alta,89,1,2,13000.0,0.0,5990.0
666,62,Maior que 55,8500.0,Média,94,1,0,5300.0,0.0,3490.0
667,65,Maior que 55,18300.0,Média-Alta,98,3,1,18300.0,0.0,6470.0
668,19,Até 20,1800.0,Baixa,12,0,0,1800.0,0.0,660.0
669,23,21 a 30,4800.0,Média-Baixa,18,0,1,4800.0,0.0,1620.0
670,25,21 a 30,2200.0,Baixa,23,1,2,2200.0,0.0,890.0
671,27,21 a 30,3900.0,Média-Baixa,28,0,0,3900.0,0.0,1450.0
672,28,21 a 30,11500.0,Média-Alta,34,1,1,11500.0,0.0,3790.0
673,30,21 a 30,3100.0,Média-Baixa,39,0,2,3100.0,0.0,1320.0
674,32,31 a 45,9800.0,Média,45,1,0,6800.0,0.0,3390.0
675,35,31 a 45,24400.0,Alta,50,2,1,22000.0,0.0,7820.0
676,42,31 a 45,4500.0,Média-Baixa,56,0,2,4500.0,0.0,1910.0
677,45,31 a 45,9800.0,Média,61,0,0,9800.0,0.0,3550.0
678,48,46 a 55,15000.0,Média-Alta,67,2,1,15000.0,0.0,5170.0
679,51,46 a 55,6100.0,Média,72,0,2,6100.0,0.0,2550.0
680,53,46 a 55,9000.0,Média,78,1,0,9000.0,0.0,3480.0
681,55,46 a 55,17500.0,Média-Alta,83,3,1,17500.0,0.0,6080.0
682,57,Maior que 55,17000.0,Média-Alta,89,1,2,13000.0,0.0,5990.0
683,62,Maior que 55,8500.0,Média,94,1,0,5300.0,0.0,3490.0
684,65,Maior que 55,18300.0,Média-Alta,98,3,1,18300.0,0.0,6470.0
685,19,Até 20,1800.0,Baixa,12,0,0,1800.0,0.0,660.0
686,23,21 a 30,4800.0,Média-Baixa,18,0,1,4800.0,0.0,1620.0
687,25,21 a 30,2200.0,Baixa,23,1,2,2200.0,0.0,890.0
688,27,21 a 30,3900.0,Média-Baixa,28,0,0,3900.0,0.0,1450.0
689,28,21 a 30,11500.0,Média-Alta,34,1,1,11500.0,0.0,3790.0
690,30,21 a 30,3100.0,Média-Baixa,39,0,2,3100.0,0.0,1320.0
691,32,31 a 45,9800.0,Média,45,1,0,6800.0,0.0,3390.0
692,35,31 a 45,24400.0,Alta,50,2,1,22000.0,0.0,7820.0
693,42,31 a 45,4500.0,Média-Baixa,56,0,2,4500.0,0.0,1910.0
694,45,31 a 45,9800.0,Média,61,0,0,9800.0,0.0,3550.0
695,48,46 a 55,15000.0,Média-Alta,67,2,1,15000.0,0.0,5170.0
696,51,46 a 55,6100.0,Média,72,0,2,6100.0,0.0,2550.0
697,53,46 a 55,9000.0,Média,78,1,0,9000.0,0.0,3480.0
698,55,46 a 55,17500.0,Média-Alta,83,3,1,17500.0,0.0,6080.0
699,57,Maior que 55,17000.0,Média-Alta,89,1,2,13000.0,0.0,5990.0
700,62,Maior que 55,8500.0,Média,94,1,0,5300.0,0.0,3490.0
701,65,Maior que 55,18300.0,Média-Alta,98,3,1,18300.0,0.0,6470.0
702,19,Até 20,1800.0,Baixa,12,0,0,1800.0,0.0,660.0
703,23,21 a 30,4800.0,Média-Baixa,18,0,1,4800.0,0.0,1620.0
704,25,21 a 30,2200.0,Baixa,23,1,2,2200.0,0.0,890.0
705,27,21 a 30,3900.0,Média-Baixa,28,0,0,3900.0,0.0,1450.0
706,28,21 a 30,11500.0,Média-Alta,34,1,1,11500.0,0.0,3790.0
707,30,21 a 30,3100.0,Média-Baixa,39,0,2,3100.0,0.0,1320.0
708,32,31 a 45,9800.0,Média,45,1,0,6800.0,0.0,3390.0
709,35,31 a 45,24400.0,Alta,50,2,1,22000.0,0.0,7820.0
710,42,31 a 45,4500.0,Média-Baixa,56,0,2,4500.0,0.0,1910.0
711,45,31 a 45,9800.0,Média,61,0,0,9800.0,0.0,3550.0
712,48,46 a 55,15000.0,Média-Alta,67,2,1,15000.0,0.0,5170.0
713,51,46 a 55,6100.0,Média,72,0,2,6100.0,0.0,2550.0
714,53,46 a 55,9000.0,Média,78,1,0,9000.0,0.0,3480.0
715,55,46 a 55,17500.0,Média-Alta,83,3,1,17500.0,0.0,6080.0
716,57,Maior que 55,17000.0,Média-Alta,89,1,2,13000.0,0.0,5990.0
717,62,Maior que 55,8500.0,Média,94,1,0,5300.0,0.0,3490.0
718,65,Maior que 55,18300.0,Média-Alta,98,3,1,18300.0,0.0,6470.0
719,19,Até 20,1800.0,Baixa,12,0,0,1800.0,0.0,660.0
720,23,21 a 30,4800.0,Média-Baixa,18,0,1,4800.0,0.0,1620.0
721,25,21 a 30,2200.0,Baixa,23,1,2,2200.0,0.0,890.0
722,27,21 a 30,3900.0,Média-Baixa,28,0,0,3900.0,0.0,1450.0
723,28,21 a 30,11500.0,Média-Alta,34,1,1,11500.0,0.0,3790.0
724,30,21 a 30,3100.0,Média-Baixa,39,0,2,3100.0,0.0,1320.0
725,32,31 a 45,9800.0,Média,45,1,0,6800.0,0.0,3390.0
726,35,31 a 45,24400.0,Alta,50,2,1,22000.0,0.0,7820.0
727,42,31 a 45,4500.0,Média-Baixa,56,0,2,4500.0,0.0,1910.0
728,45,31 a 45,9800.0,Média,61,0,0,9800.0,0.0,3550.0
729,48,46 a 55,15000.0,Média-Alta,67,2,1,15000.0,0.0,5170.0
730,51,46 a 55,6100.0,Média,72,0,2,6100.0,0.0,2550.0
731,53,46 a 55,9000.0,Média,78,1,0,9000.0,0.0,3480.0
732,55,46 a 55,17500.0,Média-Alta,83,3,1,17500.0,0.0,6080.0
733,57,Maior que 55,17000.0,Média-Alta,89,1,2,13000.0,0.0,5990.0
734,62,Maior que 55,8500.0,Média,94,1,0,5300.0,0.0,3490.0
735,65,Maior que 55,18300.0,Média-Alta,98,3,1,18300.0,0.0,6470.0
736,19,Até 20,1800.0,Baixa,12,0,0,1800.0,0.0,660.0
737,23,21 a 30,4800.0,Média-Baixa,18,0,1,4800.0,0.0,1620.0
738,25,21 a 30,2200.0,Baixa,23,1,2,2200.0,0.0,890.0
739,27,21 a 30,3900.0,Média-Baixa,28,0,0,3900.0,0.0,1450.0
740,28,21 a 30,11500.0,Média-Alta,34,1,1,11500.0,0.0,3790.0
741,30,21 a 30,3100.0,Média-Baixa,39,0,2,3100.0,0.0,1320.0
742,32,31 a 45,9800.0,Média,45,1,0,6800.0,0.0,3390.0
743,35,31 a 45,1800.0,Baixa,12,0,0,1800.0,0.0,660.0
744,42,31 a 45,4800.0,Média-Baixa,18,0,1,4800.0,0.0,1620.0
745,45,31 a 45,2200.0,Baixa,23,1,2,2200.0,0.0,890.0
746,48,46 a 55,3900.0,Média-Baixa,28,0,0,3900.0,0.0,1450.0
747,51,46 a 55,11500.0,Média-Alta,34,1,1,11500.0,0.0,3790.0
748,53,46 a 55,3100.0,Média-Baixa,39,0,2,3100.0,0.0,1320.0
749,55,46 a 55,9800.0,Média,45,1,0,6800.0,0.0,3390.0
750,57,Maior que 55,24400.0,Alta,50,2,1,22000.0,0.0,7820.0
751,62,Maior que 55,4500.0,Média-Baixa,56,0,2,4500.0,0.0,1910.0
752,65,Maior que 55,9800.0,Média,61,0,0,9800.0,0.0,3550.0
753,19,Até 20,15000.0,Média-Alta,67,2,1,15000.0,0.0,5170.0
754,23,21 a 30,6100.0,Média,72,0,2,6100.0,0.0,2550.0
755,25,21 a 30,9000.0,Média,78,1,0,9000.0,0.0,3480.0
756,26,21 a 30,17500.0,Média-Alta,83,3,1,17500.0,0.0,6080.0
757,28,21 a 30,17000.0,Média-Alta,89,1,2,13000.0,0.0,5990.0
758,30,21 a 30,8500.0,Média,94,1,0,5300.0,0.0,3490.0
759,32,31 a 45,18300.0,Média-Alta,98,3,1,18300.0,0.0,6470.0
760,35,31 a 45,1800.0,Baixa,12,0,0,1800.0,0.0,660.0
761,42,31 a 45,4800.0,Média-Baixa,18,0,1,4800.0,0.0,1620.0
762,45,31 a 45,2200.0,Baixa,23,1,2,2200.0,0.0,890.0
763,48,46 a 55,3900.0,Média-Baixa,28,0,0,3900.0,0.0,1450.0
764,51,46 a 55,11500.0,Média-Alta,34,1,1,11500.0,0.0,3790.0
765,53,46 a 55,3100.0,Média-Baixa,39,0,2,3100.0,0.0,1320.0
766,55,46 a 55,9800.0,Média,45,1,0,6800.0,0.0,3390.0
767,57,Maior que 55,1800.0,Baixa,12,0,0,1800.0,0.0,660.0
768,62,Maior que 55,4800.0,Média-Baixa,18,0,1,4800.0,0.0,1620.0
769,65,Maior que 55,2200.0,Baixa,23,1,2,2200.0,0.0,890.0
770,19,Até 20,3900.0,Média-Baixa,28,0,0,3900.0,0.0,1450.0
771,23,21 a 30,11500.0,Média-Alta,34,1,1,11500.0,0.0,3790.0
772,25,21 a 30,3100.0,Média-Baixa,39,0,2,3100.0,0.0,1320.0
773,27,21 a 30,9800.0,Média,45,1,0,6800.0,0.0,3390.0
774,28,21 a 30,24400.0,Alta,50,2,1,22000.0,0.0,7820.0
775,30,21 a 30,4500.0,Média-Baixa,56,0,2,4500.0,0.0,1910.0
776,32,31 a 45,9800.0,Média,61,0,0,9800.0,0.0,3550.0
777,35,31 a 45,15000.0,Média-Alta,67,2,1,15000.0,0.0,5170.0
778,42,31 a 45,6100.0,Média,72,0,2,6100.0,0.0,2550.0
779,45,31 a 45,9000.0,Média,78,1,0,9000.0,0.0,3480.0
780,48,46 a 55,17500.0,Média-Alta,83,3,1,17500.0,0.0,6080.0
781,51,46 a 55,17000.0,Média-Alta,89,1,2,13000.0,0.0,5990.0
782,53,46 a 55,8500.0,Média,94,1,0,5300.0,0.0,3490.0
783,55,46 a 55,18300.0,Média-Alta,98,3,1,18300.0,0.0,6470.0
784,57,Maior que 55,1800.0,Baixa,12,0,0,1800.0,0.0,660.0
785,62,Maior que 55,4800.0,Média-Baixa,18,0,1,4800.0,0.0,1620.0
786,65,Maior que 55,2200.0,Baixa,23,1,2,2200.0,0.0,890.0
787,19,Até 20,3900.0,Média-Baixa,28,0,0,3900.0,0.0,1450.0
788,23,21 a 30,11500.0,Média-Alta,34,1,1,11500.0,0.0,3790.0
789,25,21 a 30,3100.0,Média-Baixa,39,0,2,3100.0,0.0,1320.0
790,27,21 a 30,9800.0,Média,45,1,0,6800.0,0.0,3390.0
791,28,21 a 30,1800.0,Baixa,12,0,0,1800.0,0.0,660.0
792,30,21 a 30,4800.0,Média-Baixa,18,0,1,4800.0,0.0,1620.0
793,32,31 a 45,2200.0,Baixa,23,1,2,2200.0,0.0,890.0
794,35,31 a 45,3900.0,Média-Baixa,28,0,0,3900.0,0.0,1450.0
795,42,31 a 45,11500.0,Média-Alta,34,1,1,11500.0,0.0,3790.0
796,45,31 a 45,3100.0,Média-Baixa,39,0,2,3100.0,0.0,1320.0
797,48,46 a 55,9800.0,Média,45,1,0,6800.0,0.0,3390.0
798,51,46 a 55,24400.0,Alta,50,2,1,22000.0,0.0,7820.0
799,53,46 a 55,4500.0,Média-Baixa,56,0,2,4500.0,0.0,1910.0
800,55,46 a 55,9800.0,Média,61,0,0,9800.0,0.0,3550.0
801,57,Maior que 55,15000.0,Média-Alta,67,2,1,15000.0,0.0,5170.0
802,62,Maior que 55,6100.0,Média,72,0,2,6100.0,0.0,2550.0
803,65,Maior que 55,9000.0,Média,78,1,0,9000.0,0.0,3480.0
804,19,Até 20,17500.0,Média-Alta,83,3,1,17500.0,0.0,6080.0
805,23,21 a 30,17000.0,Média-Alta,89,1,2,13000.0,0.0,5990.0
806,25,21 a 30,8500.0,Média,94,1,0,5300.0,0.0,3490.0
807,27,21 a 30,18300.0,Média-Alta,98,3,1,18300.0,0.0,6470.0
808,28,21 a 30,1800.0,Baixa,12,0,0,1800.0,0.0,660.0
809,30,21 a 30,4800.0,Média-Baixa,18,0,1,4800.0,0.0,1620.0
810,32,31 a 45,2200.0,Baixa,23,1,2,2200.0,0.0,890.0
811,35,31 a 45,3900.0,Média-Baixa,28,0,0,3900.0,0.0,1450.0
812,42,31 a 45,11500.0,Média-Alta,34,1,1,11500.0,0.0,3790.0
813,45,31 a 45,3100.0,Média-Baixa,39,0,2,3100.0,0.0,1320.0
814,48,46 a 55,9800.0,Média,45,1,0,6800.0,0.0,3390.0
815,51,46 a 55,1800.0,Baixa,12,0,0,1800.0,0.0,660.0
816,53,46 a 55,4800.0,Média-Baixa,18,0,1,4800.0,0.0,1620.0
817,55,46 a 55,2200.0,Baixa,23,1,2,2200.0,0.0,890.0
818,57,Maior que 55,3900.0,Média-Baixa,28,0,0,3900.0,0.0,1450.0
819,62,Maior que 55,11500.0,Média-Alta,34,1,1,11500.0,0.0,3790.0
820,65,Maior que 55,3100.0,Média-Baixa,39,0,2,3100.0,0.0,1320.0
821,19,Até 20,9800.0,Média,45,1,0,6800.0,0.0,3390.0
822,23,21 a 30,24400.0,Alta,50,2,1,22000.0,0.0,7820.0
823,25,21 a 30,4500.0,Média-Baixa,56,0,2,4500.0,0.0,1910.0
824,27,21 a 30,9800.0,Média,61,0,0,9800.0,0.0,3550.0
825,28,21 a 30,15000.0,Média-Alta,67,2,1,15000.0,0.0,5170.0
826,30,21 a 30,6100.0,Média,72,0,2,6100.0,0.0,2550.0
827,32,31 a 45,9000.0,Média,78,1,0,9000.0,0.0,3480.0
828,35,31 a 45,17500.0,Média-Alta,83,3,1,17500.0,0.0,6080.0
829,42,31 a 45,17000.0,Média-Alta,89,1,2,13000.0,0.0,5990.0
830,45,31 a 45,8500.0,Média,94,1,0,5300.0,0.0,3490.0
831,48,46 a 55,18300.0,Média-Alta,98,3,1,18300.0,0.0,6470.0
832,51,46 a 55,1800.0,Baixa,12,0,0,1800.0,0.0,660.0
833,53,46 a 55,4800.0,Média-Baixa,18,0,1,4800.0,0.0,1620.0
834,55,46 a 55,2200.0,Baixa,23,1,2,2200.0,0.0,890.0
835,57,Maior que 55,3900.0,Média-Baixa,28,0,0,3900.0,0.0,1450.0
836,62,Maior que 55,11500.0,Média-Alta,34,1,1,11500.0,0.0,3790.0
837,65,Maior que 55,3100.0,Média-Baixa,39,0,2,3100.0,0.0,1320.0
838,65,Maior que 55,9800.0,Média,45,1,0,6800.0,0.0,3390.0
839,23,21 a 30,15000.0,Média-Alta,67,2,1,15000.0,0.0,5170.0
840,28,21 a 30,6100.0,Média,72,0,2,6100.0,0.0,2550.0
841,30,21 a 30,9000.0,Média,78,1,0,9000.0,0.0,3480.0
842,32,31 a 45,17500.0,Média-Alta,83,3,1,17500.0,0.0,6080.0
843,35,31 a 45,17000.0,Média-Alta,89,1,2,13000.0,0.0,5990.0
844,42,31 a 45,8500.0,Média,94,1,0,5300.0,0.0,3490.0
845,45,31 a 45,18300.0,Média-Alta,98,3,1,18300.0,0.0,6470.0
846,48,46 a 55,1800.0,Baixa,12,0,0,1800.0,0.0,660.0
847,51,46 a 55,4800.0,Média-Baixa,18,0,1,4800.0,0.0,1620.0
848,53,46 a 55,2200.0,Baixa,23,1,2,2200.0,0.0,890.0
849,55,46 a 55,3900.0,Média-Baixa,28,0,0,3900.0,0.0,1450.0
850,57,Maior que 55,11500.0,Média-Alta,34,1,1,11500.0,0.0,3790.0
851,62,Maior que 55,3100.0,Média-Baixa,39,0,2,3100.0,0.0,1320.0
852,65,Maior que 55,9800.0,Média,45,1,0,6800.0,0.0,3390.0
853,19,Até 20,1800.0,Baixa,12,0,0,1800.0,0.0,660.0
854,23,21 a 30,4800.0,Média-Baixa,18,0,1,4800.0,0.0,1620.0
855,25,21 a 30,2200.0,Baixa,23,1,2,2200.0,0.0,890.0
856,27,21 a 30,3900.0,Média-Baixa,28,0,0,3900.0,0.0,1450.0
857,28,21 a 30,11500.0,Média-Alta,34,1,1,11500.0,0.0,3790.0
858,30,21 a 30,3100.0,Média-Baixa,39,0,2,3100.0,0.0,1320.0
859,32,31 a 45,9800.0,Média,45,1,0,6800.0,0.0,3390.0
860,35,31 a 45,24400.0,Alta,50,2,1,22000.0,0.0,7820.0
861,42,31 a 45,4500.0,Média-Baixa,56,0,2,4500.0,0.0,1910.0
862,45,31 a 45,9800.0,Média,61,0,0,9800.0,0.0,3550.0
863,48,46 a 55,15000.0,Média-Alta,67,2,1,15000.0,0.0,5170.0
864,51,46 a 55,6100.0,Média,72,0,2,6100.0,0.0,2550.0
865,53,46 a 55,9000.0,Média,78,1,0,9000.0,0.0,3480.0
866,55,46 a 55,17500.0,Média-Alta,83,3,1,17500.0,0.0,6080.0
867,57,Maior que 55,17000.0,Média-Alta,89,1,2,13000.0,0.0,5990.0
868,62,Maior que 55,8500.0,Média,94,1,0,5300.0,0.0,3490.0
869,65,Maior que 55,18300.0,Média-Alta,98,3,1,18300.0,0.0,6470.0
870,19,Até 20,1800.0,Baixa,12,0,0,1800.0,0.0,660.0
871,23,21 a 30,15000.0,Média-Alta,67,2,1,15000.0,0.0,5170.0
872,25,21 a 30,6100.0,Média,72,0,2,6100.0,0.0,2550.0
873,27,21 a 30,9000.0,Média,78,1,0,9000.0,0.0,3480.0
874,28,21 a 30,17500.0,Média-Alta,83,3,1,17500.0,0.0,6080.0
875,30,21 a 30,17000.0,Média-Alta,89,1,2,13000.0,0.0,5990.0
876,32,31 a 45,8500.0,Média,94,1,0,5300.0,0.0,3490.0
877,35,31 a 45,18300.0,Média-Alta,98,3,1,18300.0,0.0,6470.0
878,42,31 a 45,1800.0,Baixa,12,0,0,1800.0,0.0,660.0
879,45,31 a 45,4800.0,Média-Baixa,18,0,1,4800.0,0.0,1620.0
880,48,46 a 55,2200.0,Baixa,23,1,2,2200.0,0.0,890.0
881,51,46 a 55,3900.0,Média-Baixa,28,0,0,3900.0,0.0,1450.0
882,53,46 a 55,11500.0,Média-Alta,34,1,1,11500.0,0.0,3790.0
883,55,46 a 55,3100.0,Média-Baixa,39,0,2,3100.0,0.0,1320.0
884,57,Maior que 55,9800.0,Média,45,1,0,6800.0,0.0,3390.0
885,62,Maior que 55,1800.0,Baixa,12,0,0,1800.0,0.0,660.0
886,65,Maior que 55,4800.0,Média-Baixa,18,0,1,4800.0,0.0,1620.0
887,19,Até 20,2200.0,Baixa,23,1,2,2200.0,0.0,890.0
888,23,21 a 30,3900.0,Média-Baixa,28,0,0,3900.0,0.0,1450.0
889,25,21 a 30,11500.0,Média-Alta,34,1,1,11500.0,0.0,3790.0
890,27,21 a 30,3100.0,Média-Baixa,39,0,2,3100.0,0.0,1320.0
891,28,21 a 30,9800.0,Média,45,1,0,6800.0,0.0,3390.0
892,30,21 a 30,24400.0,Alta,50,2,1,22000.0,0.0,7820.0
893,32,31 a 45,4500.0,Média-Baixa,56,0,2,4500.0,0.0,1910.0
894,35,31 a 45,9800.0,Média,61,0,0,9800.0,0.0,3550.0
895,42,31 a 45,15000.0,Média-Alta,67,2,1,15000.0,0.0,5170.0
896,45,31 a 45,6100.0,Média,72,0,2,6100.0,0.0,2550.0
897,48,46 a 55,9000.0,Média,78,1,0,9000.0,0.0,3480.0
898,51,46 a 55,17500.0,Média-Alta,83,3,1,17500.0,0.0,6080.0
899,53,46 a 55,17000.0,Média-Alta,89,1,2,13000.0,0.0,5990.0
900,55,46 a 55,8500.0,Média,94,1,0,5300.0,0.0,3490.0
901,57,Maior que 55,18300.0,Média-Alta,98,3,1,18300.0,0.0,6470.0
902,62,Maior que 55,1800.0,Baixa,12,0,0,1800.0,0.0,660.0
903,65,Maior que 55,15000.0,Média-Alta,67,2,1,15000.0,0.0,5170.0
904,19,Até 20,6100.0,Média,72,0,2,6100.0,0.0,2550.0
905,23,21 a 30,9000.0,Média,78,1,0,9000.0,0.0,3480.0
906,25,21 a 30,17500.0,Média-Alta,83,3,1,17500.0,0.0,6080.0
907,27,21 a 30,17000.0,Média-Alta,89,1,2,13000.0,0.0,5990.0
908,28,21 a 30,8500.0,Média,94,1,0,5300.0,0.0,3490.0
909,30,21 a 30,18300.0,Média-Alta,98,3,1,18300.0,0.0,6470.0
910,32,31 a 45,1800.0,Baixa,12,0,0,1800.0,0.0,660.0
911,35,31 a 45,4800.0,Média-Baixa,18,0,1,4800.0,0.0,1620.0
912,42,31 a 45,2200.0,Baixa,23,1,2,2200.0,0.0,890.0
913,45,31 a 45,3900.0,Média-Baixa,28,0,0,3900.0,0.0,1450.0
914,48,46 a 55,11500.0,Média-Alta,34,1,1,11500.0,0.0,3790.0
915,51,46 a 55,3100.0,Média-Baixa,39,0,2,3100.0,0.0,1320.0
916,23,21 a 30,9800.0,Média,45,1,0,6800.0,0.0,3390.0
917,28,21 a 30,1800.0,Baixa,12,0,0,1800.0,0.0,660.0
918,30,21 a 30,4800.0,Média-Baixa,18,0,1,4800.0,0.0,1620.0
919,32,31 a 45,2200.0,Baixa,23,1,2,2200.0,0.0,890.0
920,35,31 a 45,3900.0,Média-Baixa,28,0,0,3900.0,0.0,1450.0
921,42,31 a 45,11500.0,Média-Alta,34,1,1,11500.0,0.0,3790.0
922,45,31 a 45,3100.0,Média-Baixa,39,0,2,3100.0,0.0,1320.0
923,48,46 a 55,9800.0,Média,45,1,0,6800.0,0.0,3390.0
924,51,46 a 55,24400.0,Alta,50,2,1,22000.0,0.0,7820.0
925,53,46 a 55,4500.0,Média-Baixa,56,0,2,4500.0,0.0,1910.0
926,55,46 a 55,9800.0,Média,61,0,0,9800.0,0.0,3550.0
927,57,Maior que 55,15000.0,Média-Alta,67,2,1,15000.0,0.0,5170.0
928,62,Maior que 55,6100.0,Média,72,0,2,6100.0,0.0,2550.0
929,65,Maior que 55,9000.0,Média,78,1,0,9000.0,0.0,3480.0
930,19,Até 20,17500.0,Média-Alta,83,3,1,17500.0,0.0,6080.0
931,23,21 a 30,17000.0,Média-Alta,89,1,2,13000.0,0.0,5990.0
932,25,21 a 30,8500.0,Média,94,1,0,5300.0,0.0,3490.0
933,27,21 a 30,18300.0,Média-Alta,98,3,1,18300.0,0.0,6470.0
934,28,21 a 30,1800.0,Baixa,12,0,0,1800.0,0.0,660.0
935,30,21 a 30,1800.0,Baixa,12,0,0,1800.0,0.0,660.0
936,32,31 a 45,4800.0,Média-Baixa,18,0,1,4800.0,0.0,1620.0
937,35,31 a 45,2200.0,Baixa,23,1,2,2200.0,0.0,890.0
938,42,31 a 45,3900.0,Média-Baixa,28,0,0,3900.0,0.0,1450.0
939,45,31 a 45,11500.0,Média-Alta,34,1,1,11500.0,0.0,3790.0
940,48,46 a 55,3100.0,Média-Baixa,39,0,2,3100.0,0.0,1320.0
941,51,46 a 55,9800.0,Média,45,1,0,6800.0,0.0,3390.0
942,53,46 a 55,24400.0,Alta,50,2,1,22000.0,0.0,7820.0
943,55,46 a 55,4500.0,Média-Baixa,56,0,2,4500.0,0.0,1910.0
944,57,Maior que 55,9800.0,Média,61,0,0,9800.0,0.0,3550.0
945,62,Maior que 55,15000.0,Média-Alta,67,2,1,15000.0,0.0,5170.0
946,65,Maior que 55,6100.0,Média,72,0,2,6100.0,0.0,2550.0
947,19,Até 20,9000.0,Média,78,1,0,9000.0,0.0,3480.0
948,23,21 a 30,17500.0,Média-Alta,83,3,1,17500.0,0.0,6080.0
949,25,21 a 30,17000.0,Média-Alta,89,1,2,13000.0,0.0,5990.0
950,27,21 a 30,8500.0,Média,94,1,0,5300.0,0.0,3490.0
951,28,21 a 30,18300.0,Média-Alta,98,3,1,18300.0,0.0,6470.0
952,30,21 a 30,1800.0,Baixa,12,0,0,1800.0,0.0,660.0
953,32,31 a 45,4800.0,Média-Baixa,18,0,1,4800.0,0.0,1620.0
954,35,31 a 45,2200.0,Baixa,23,1,2,2200.0,0.0,890.0
955,42,31 a 45,3900.0,Média-Baixa,28,0,0,3900.0,0.0,1450.0
956,45,31 a 45,11500.0,Média-Alta,34,1,1,11500.0,0.0,3790.0
957,48,46 a 55,3100.0,Média-Baixa,39,0,2,3100.0,0.0,1320.0
958,51,46 a 55,1800.0,Baixa,12,0,0,1800.0,0.0,660.0
959,53,46 a 55,4800.0,Média-Baixa,18,0,1,4800.0,0.0,1620.0
960,55,46 a 55,2200.0,Baixa,23,1,2,2200.0,0.0,890.0
961,57,Maior que 55,3900.0,Média-Baixa,28,0,0,3900.0,0.0,1450.0
962,62,Maior que 55,11500.0,Média-Alta,34,1,1,11500.0,0.0,3790.0
963,65,Maior que 55,3100.0,Média-Baixa,39,0,2,3100.0,0.0,1320.0
964,19,Até 20,9800.0,Média,45,1,0,6800.0,0.0,3390.0
965,23,21 a 30,24400.0,Alta,50,2,1,22000.0,0.0,7820.0
966,25,21 a 30,4500.0,Média-Baixa,56,0,2,4500.0,0.0,1910.0
967,27,21 a 30,9800.0,Média,61,0,0,9800.0,0.0,3550.0
968,28,21 a 30,15000.0,Média-Alta,67,2,1,15000.0,0.0,5170.0
969,30,21 a 30,6100.0,Média,72,0,2,6100.0,0.0,2550.0
970,32,31 a 45,9000.0,Média,78,1,0,9000.0,0.0,3480.0
971,35,31 a 45,17500.0,Média-Alta,83,3,1,17500.0,0.0,6080.0
972,42,31 a 45,17000.0,Média-Alta,89,1,2,13000.0,0.0,5990.0
973,45,31 a 45,8500.0,Média,94,1,0,5300.0,0.0,3490.0
974,48,46 a 55,18300.0,Média-Alta,98,3,1,18300.0,0.0,6470.0
975,51,46 a 55,1800.0,Baixa,12,0,0,1800.0,0.0,660.0
976,53,46 a 55,4800.0,Média-Baixa,18,0,1,4800.0,0.0,1620.0
977,55,46 a 55,2200.0,Baixa,23,1,2,2200.0,0.0,890.0
978,57,Maior que 55,3900.0,Média-Baixa,28,0,0,3900.0,0.0,1450.0
979,62,Maior que 55,11500.0,Média-Alta,34,1,1,11500.0,0.0,3790.0
980,65,Maior que 55,3100.0,Média-Baixa,39,0,2,3100.0,0.0,1320.0
981,19,Até 20,1800.0,Baixa,12,0,0,1800.0,0.0,660.0
982,23,21 a 30,4800.0,Média-Baixa,18,0,1,4800.0,0.0,1620.0
983,25,21 a 30,2200.0,Baixa,23,1,2,2200.0,0.0,890.0
984,27,21 a 30,3900.0,Média-Baixa,28,0,0,3900.0,0.0,1450.0
985,28,21 a 30,11500.0,Média-Alta,34,1,1,11500.0,0.0,3790.0
986,30,21 a 30,3100.0,Média-Baixa,39,0,2,3100.0,0.0,1320.0
987,32,31 a 45,9800.0,Média,45,1,0,6800.0,0.0,3390.0
988,35,31 a 45,24400.0,Alta,50,2,1,22000.0,0.0,7820.0
989,42,31 a 45,4500.0,Média-Baixa,56,0,2,4500.0,0.0,1910.0
990,45,31 a 45,9800.0,Média,61,0,0,9800.0,0.0,3550.0
991,48,46 a 55,15000.0,Média-Alta,67,2,1,15000.0,0.0,5170.0
992,51,46 a 55,6100.0,Média,72,0,2,6100.0,0.0,2550.0
993,23,21 a 30,9000.0,Média,78,1,0,9000.0,0.0,3480.0
994,28,21 a 30,17500.0,Média-Alta,83,3,1,17500.0,0.0,6080.0
995,30,21 a 30,17000.0,Média-Alta,89,1,2,13000.0,0.0,5990.0
996,32,31 a 45,8500.0,Média,94,1,0,5300.0,0.0,3490.0
997,35,31 a 45,18300.0,Média-Alta,98,3,1,18300.0,0.0,6470.0
998,42,31 a 45,1800.0,Baixa,12,0,0,1800.0,0.0,660.0
999,45,31 a 45,4800.0,Média-Baixa,18,0,1,4800.0,0.0,1620.0
1000,48,46 a 55,2200.0,Baixa,23,1,2,2200.0,0.0,890.0
1001,51,46 a 55,3900.0,Média-Baixa,28,0,0,3900.0,0.0,1450.0
1002,53,46 a 55,11500.0,Média-Alta,34,1,1,11500.0,0.0,3790.0
1003,55,46 a 55,3100.0,Média-Baixa,39,0,2,3100.0,0.0,1320.0
1004,57,Maior que 55,1800.0,Baixa,12,0,0,1800.0,0.0,660.0
1005,62,Maior que 55,4800.0,Média-Baixa,18,0,1,4800.0,0.0,1620.0
1006,65,Maior que 55,2200.0,Baixa,23,1,2,2200.0,0.0,890.0
1007,19,Até 20,3900.0,Média-Baixa,28,0,0,3900.0,0.0,1450.0
1008,23,21 a 30,11500.0,Média-Alta,34,1,1,11500.0,0.0,3790.0
1009,25,21 a 30,3100.0,Média-Baixa,39,0,2,3100.0,0.0,1320.0
1010,27,21 a 30,9800.0,Média,45,1,0,6800.0,0.0,3390.0
1011,28,21 a 30,24400.0,Alta,50,2,1,22000.0,0.0,7820.0
1012,30,21 a 30,4500.0,Média-Baixa,56,0,2,4500.0,0.0,1910.0
1013,32,31 a 45,9800.0,Média,61,0,0,9800.0,0.0,3550.0
1014,35,31 a 45,15000.0,Média-Alta,67,2,1,15000.0,0.0,5170.0
1015,42,31 a 45,6100.0,Média,72,0,2,6100.0,0.0,2550.0
1016,45,31 a 45,9000.0,Média,78,1,0,9000.0,0.0,3480.0
1017,48,46 a 55,17500.0,Média-Alta,83,3,1,17500.0,0.0,6080.0
1018,51,46 a 55,17000.0,Média-Alta,89,1,2,13000.0,0.0,5990.0
1019,53,46 a 55,8500.0,Média,94,1,0,5300.0,0.0,3490.0
1020,55,46 a 55,18300.0,Média-Alta,98,3,1,18300.0,0.0,6470.0
1021,57,Maior que 55,1800.0,Baixa,12,0,0,1800.0,0.0,660.0
1022,62,Maior que 55,4800.0,Média-Baixa,18,0,1,4800.0,0.0,1620.0
1023,65,Maior que 55,2200.0,Baixa,23,1,2,2200.0,0.0,890.0
1024,19,Até 20,3900.0,Média-Baixa,28,0,0,3900.0,0.0,1450.0
1025,23,21 a 30,11500.0,Média-Alta,34,1,1,11500.0,0.0,3790.0
1026,25,21 a 30,3100.0,Média-Baixa,39,0,2,3100.0,0.0,1320.0
1027,27,21 a 30,1800.0,Baixa,12,0,0,1800.0,0.0,660.0
1028,28,21 a 30,4800.0,Média-Baixa,18,0,1,4800.0,0.0,1620.0
1029,30,21 a 30,2200.0,Baixa,23,1,2,2200.0,0.0,890.0
1030,32,31 a 45,3900.0,Média-Baixa,28,0,0,3900.0,0.0,1450.0
1031,35,31 a 45,11500.0,Média-Alta,34,1,1,11500.0,0.0,3790.0
1032,42,31 a 45,3100.0,Média-Baixa,39,0,2,3100.0,0.0,1320.0
1033,45,31 a 45,9800.0,Média,45,1,0,6800.0,0.0,3390.0
1034,48,46 a 55,24400.0,Alta,50,2,1,22000.0,0.0,7820.0
1035,51,46 a 55,4500.0,Média-Baixa,56,0,2,4500.0,0.0,1910.0
1036,53,46 a 55,9800.0,Média,61,0,0,9800.0,0.0,3550.0
1037,55,46 a 55,15000.0,Média-Alta,67,2,1,15000.0,0.0,5170.0
1038,57,Maior que 55,6100.0,Média,72,0,2,6100.0,0.0,2550.0
1039,62,Maior que 55,9000.0,Média,78,1,0,9000.0,0.0,3480.0
1040,65,Maior que 55,17500.0,Média-Alta,83,3,1,17500.0,0.0,6080.0
1041,19,Até 20,17000.0,Média-Alta,89,1,2,13000.0,0.0,5990.0
1042,23,21 a 30,8500.0,Média,94,1,0,5300.0,0.0,3490.0
1043,25,21 a 30,18300.0,Média-Alta,98,3,1,18300.0,0.0,6470.0
1044,27,21 a 30,1800.0,Baixa,12,0,0,1800.0,0.0,660.0
1045,28,21 a 30,4800.0,Média-Baixa,18,0,1,4800.0,0.0,1620.0
1046,30,21 a 30,2200.0,Baixa,23,1,2,2200.0,0.0,890.0
1047,32,31 a 45,3900.0,Média-Baixa,28,0,0,3900.0,0.0,1450.0
1048,35,31 a 45,11500.0,Média-Alta,34,1,1,11500.0,0.0,3790.0
1049,42,31 a 45,3100.0,Média-Baixa,39,0,2,3100.0,0.0,1320.0
1050,45,31 a 45,1800.0,Baixa,12,0,0,1800.0,0.0,660.0
1051,48,46 a 55,4800.0,Média-Baixa,18,0,1,4800.0,0.0,1620.0
1052,51,46 a 55,2200.0,Baixa,23,1,2,2200.0,0.0,890.0
1053,53,46 a 55,3900.0,Média-Baixa,28,0,0,3900.0,0.0,1450.0
1054,55,46 a 55,11500.0,Média-Alta,34,1,1,11500.0,0.0,3790.0
1055,57,Maior que 55,3100.0,Média-Baixa,39,0,2,3100.0,0.0,1320.0
1056,62,Maior que 55,9800.0,Média,45,1,0,6800.0,0.0,3390.0
1057,65,Maior que 55,24400.0,Alta,50,2,1,22000.0,0.0,7820.0
1058,19,Até 20,4500.0,Média-Baixa,56,0,2,4500.0,0.0,1910.0
1059,23,21 a 30,9800.0,Média,61,0,0,9800.0,0.0,3550.0
1060,25,21 a 30,15000.0,Média-Alta,67,2,1,15000.0,0.0,5170.0
1061,27,21 a 30,6100.0,Média,72,0,2,6100.0,0.0,2550.0
1062,28,21 a 30,9000.0,Média,78,1,0,9000.0,0.0,3480.0
1063,30,21 a 30,17500.0,Média-Alta,83,3,1,17500.0,0.0,6080.0
1064,32,31 a 45,17000.0,Média-Alta,89,1,2,13000.0,0.0,5990.0
1065,35,31 a 45,8500.0,Média,94,1,0,5300.0,0.0,3490.0
1066,42,31 a 45,18300.0,Média-Alta,98,3,1,18300.0,0.0,6470.0
1067,45,31 a 45,1800.0,Baixa,12,0,0,1800.0,0.0,660.0
1068,48,46 a 55,4800.0,Média-Baixa,18,0,1,4800.0,0.0,1620.0
1069,51,46 a 55,2200.0,Baixa,23,1,2,2200.0,0.0,890.0
1070,23,21 a 30,3900.0,Média-Baixa,28,0,0,3900.0,0.0,1450.0
1071,28,21 a 30,11500.0,Média-Alta,34,1,1,11500.0,0.0,3790.0
1072,30,21 a 30,3100.0,Média-Baixa,39,0,2,3100.0,0.0,1320.0
1073,32,31 a 45,1800.0,Baixa,12,0,0,1800.0,0.0,660.0
1074,35,31 a 45,4800.0,Média-Baixa,18,0,1,4800.0,0.0,1620.0
1075,42,31 a 45,2200.0,Baixa,23,1,2,2200.0,0.0,890.0
1076,45,31 a 45,3900.0,Média-Baixa,28,0,0,3900.0,0.0,1450.0
1077,48,46 a 55,11500.0,Média-Alta,34,1,1,11500.0,0.0,3790.0
1078,51,46 a 55,3100.0,Média-Baixa,39,0,2,3100.0,0.0,1320.0
1079,53,46 a 55,9800.0,Média,45,1,0,6800.0,0.0,3390.0
1080,55,46 a 55,24400.0,Alta,50,2,1,22000.0,0.0,7820.0
1081,57,Maior que 55,4500.0,Média-Baixa,56,0,2,4500.0,0.0,1910.0
1082,62,Maior que 55,9800.0,Média,61,0,0,9800.0,0.0,3550.0
1083,65,Maior que 55,15000.0,Média-Alta,67,2,1,15000.0,0.0,5170.0
1084,19,Até 20,6100.0,Média,72,0,2,6100.0,0.0,2550.0
1085,23,21 a 30,9000.0,Média,78,1,0,9000.0,0.0,3480.0
1086,25,21 a 30,17500.0,Média-Alta,83,3,1,17500.0,0.0,6080.0
1087,27,21 a 30,17000.0,Média-Alta,89,1,2,13000.0,0.0,5990.0
1088,28,21 a 30,8500.0,Média,94,1,0,5300.0,0.0,3490.0
1089,30,21 a 30,18300.0,Média-Alta,98,3,1,18300.0,0.0,6470.0
1090,32,31 a 45,1800.0,Baixa,12,0,0,1800.0,0.0,660.0
1091,35,31 a 45,4800.0,Média-Baixa,18,0,1,4800.0,0.0,1620.0
1092,42,31 a 45,2200.0,Baixa,23,1,2,2200.0,0.0,890.0
1093,45,31 a 45,3900.0,Média-Baixa,28,0,0,3900.0,0.0,1450.0
1094,48,46 a 55,11500.0,Média-Alta,34,1,1,11500.0,0.0,3790.0
1095,51,46 a 55,3100.0,Média-Baixa,39,0,2,3100.0,0.0,1320.0
1096,53,46 a 55,1800.0,Baixa,12,0,0,1800.0,0.0,660.0
1097,55,46 a 55,4800.0,Média-Baixa,18,0,1,4800.0,0.0,1620.0
1098,57,Maior que 55,2200.0,Baixa,23,1,2,2200.0,0.0,890.0
1099,62,Maior que 55,3900.0,Média-Baixa,28,0,0,3900.0,0.0,1450.0
1100,65,Maior que 55,11500.0,Média-Alta,34,1,1,11500.0,0.0,3790.0
1101,19,Até 20,3100.0,Média-Baixa,39,0,2,3100.0,0.0,1320.0
1102,23,21 a 30,9800.0,Média,45,1,0,6800.0,0.0,3390.0
1103,25,21 a 30,24400.0,Alta,50,2,1,22000.0,0.0,7820.0
1104,27,21 a 30,4500.0,Média-Baixa,56,0,2,4500.0,0.0,1910.0
1105,28,21 a 30,9800.0,Média,61,0,0,9800.0,0.0,3550.0
1106,30,21 a 30,15000.0,Média-Alta,67,2,1,15000.0,0.0,5170.0
1107,32,31 a 45,6100.0,Média,72,0,2,6100.0,0.0,2550.0
1108,35,31 a 45,9000.0,Média,78,1,0,9000.0,0.0,3480.0
1109,42,31 a 45,17500.0,Média-Alta,83,3,1,17500.0,0.0,6080.0
1110,45,31 a 45,17000.0,Média-Alta,89,1,2,13000.0,0.0,5990.0
1111,48,46 a 55,8500.0,Média,94,1,0,5300.0,0.0,3490.0
1112,51,46 a 55,18300.0,Média-Alta,98,3,1,18300.0,0.0,6470.0
1113,53,46 a 55,1800.0,Baixa,12,0,0,1800.0,0.0,660.0
1114,55,46 a 55,4800.0,Média-Baixa,18,0,1,4800.0,0.0,1620.0
1115,57,Maior que 55,2200.0,Baixa,23,1,2,2200.0,0.0,890.0
1116,62,Maior que 55,3900.0,Média-Baixa,28,0,0,3900.0,0.0,1450.0
1117,65,Maior que 55,11500.0,Média-Alta,34,1,1,11500.0,0.0,3790.0
1118,19,Até 20,3100.0,Média-Baixa,39,0,2,3100.0,0.0,1320.0
1119,23,21 a 30,1800.0,Baixa,12,0,0,1800.0,0.0,660.0
1120,25,21 a 30,4800.0,Média-Baixa,18,0,1,4800.0,0.0,1620.0
1121,27,21 a 30,2200.0,Baixa,23,1,2,2200.0,0.0,890.0
1122,28,21 a 30,3900.0,Média-Baixa,28,0,0,3900.0,0.0,1450.0
1123,30,21 a 30,11500.0,Média-Alta,34,1,1,11500.0,0.0,3790.0
1124,32,31 a 45,3100.0,Média-Baixa,39,0,2,3100.0,0.0,1320.0
1125,35,31 a 45,9800.0,Média,45,1,0,6800.0,0.0,3390.0
1126,42,31 a 45,24400.0,Alta,50,2,1,22000.0,0.0,7820.0
1127,45,31 a 45,4500.0,Média-Baixa,56,0,2,4500.0,0.0,1910.0
1128,48,46 a 55,9800.0,Média,61,0,0,9800.0,0.0,3550.0
1129,51,46 a 55,15000.0,Média-Alta,67,2,1,15000.0,0.0,5170.0
1130,53,46 a 55,6100.0,Média,72,0,2,6100.0,0.0,2550.0
1131,55,46 a 55,9000.0,Média,78,1,0,9000.0,0.0,3480.0
1132,57,Maior que 55,17500.0,Média-Alta,83,3,1,17500.0,0.0,6080.0
1133,62,Maior que 55,17000.0,Média-Alta,89,1,2,13000.0,0.0,5990.0
1134,65,Maior que 55,8500.0,Média,94,1,0,5300.0,0.0,3490.0
1135,19,Até 20,18300.0,Média-Alta,98,3,1,18300.0,0.0,6470.0
1136,23,21 a 30,1800.0,Baixa,12,0,0,1800.0,0.0,660.0
1137,25,21 a 30,4800.0,Média-Baixa,18,0,1,4800.0,0.0,1620.0
1138,27,21 a 30,2200.0,Baixa,23,1,2,2200.0,0.0,890.0
1139,28,21 a 30,3900.0,Média-Baixa,28,0,0,3900.0,0.0,1450.0
1140,30,21 a 30,11500.0,Média-Alta,34,1,1,11500.0,0.0,3790.0
1141,32,31 a 45,3100.0,Média-Baixa,39,0,2,3100.0,0.0,1320.0
1142,35,31 a 45,1800.0,Baixa,12,0,0,1800.0,0.0,660.0
1143,42,31 a 45,4800.0,Média-Baixa,18,0,1,4800.0,0.0,1620.0
1144,45,31 a 45,2200.0,Baixa,23,1,2,2200.0,0.0,890.0
1145,48,46 a 55,3900.0,Média-Baixa,28,0,0,3900.0,0.0,1450.0
1146,51,46 a 55,11500.0,Média-Alta,34,1,1,11500.0,0.0,3790.0
1147,42,31 a 45,3100.0,Média-Baixa,39,0,2,3100.0,0.0,1320.0
1148,45,31 a 45,9800.0,Média,45,1,0,6800.0,0.0,3390.0
1149,48,46 a 55,24400.0,Alta,50,2,1,22000.0,0.0,7820.0
1150,51,46 a 55,4500.0,Média-Baixa,56,0,2,4500.0,0.0,1910.0
1151,48,46 a 55,9800.0,Média,61,0,0,9800.0,0.0,3550.0
1152,51,46 a 55,15000.0,Média-Alta,67,2,1,15000.0,0.0,5170.0
1153,48,46 a 55,6100.0,Média,72,0,2,6100.0,0.0,2550.0
1154,51,46 a 55,9000.0,Média,78,1,0,9000.0,0.0,3480.0
1155,48,46 a 55,17500.0,Média-Alta,83,3,1,17500.0,0.0,6080.0
1156,51,46 a 55,17000.0,Média-Alta,89,1,2,13000.0,0.0,5990.0
1157,48,46 a 55,8500.0,Média,94,1,0,5300.0,0.0,3490.0
1158,51,46 a 55,18300.0,Média-Alta,98,3,1,18300.0,0.0,6470.0
1159,48,46 a 55,1800.0,Baixa,12,0,0,1800.0,0.0,660.0
1160,51,46 a 55,4800.0,Média-Baixa,18,0,1,4800.0,0.0,1620.0
1161,48,46 a 55,2200.0,Baixa,23,1,2,2200.0,0.0,890.0
1162,51,46 a 55,3900.0,Média-Baixa,28,0,0,3900.0,0.0,1450.0
1163,48,46 a 55,11500.0,Média-Alta,34,1,1,11500.0,0.0,3790.0
1164,51,46 a 55,3100.0,Média-Baixa,39,0,2,3100.0,0.0,1320.0
1165,19,Até 20,1800.0,Baixa,12,0,0,1800.0,0.0,660.0
1166,23,21 a 30,4800.0,Média-Baixa,18,0,1,4800.0,0.0,1620.0
1167,25,21 a 30,2200.0,Baixa,23,1,2,2200.0,0.0,890.0
1168,27,21 a 30,3900.0,Média-Baixa,28,0,0,3900.0,0.0,1450.0
1169,28,21 a 30,11500.0,Média-Alta,34,1,1,11500.0,0.0,3790.0
1170,30,21 a 30,3100.0,Média-Baixa,39,0,2,3100.0,0.0,1320.0
1171,32,31 a 45,9800.0,Média,45,1,0,6800.0,0.0,3390.0
1172,35,31 a 45,24400.0,Alta,50,2,1,22000.0,0.0,7820.0
1173,42,31 a 45,4500.0,Média-Baixa,56,0,2,4500.0,0.0,1910.0
1174,45,31 a 45,9800.0,Média,61,0,0,9800.0,0.0,3550.0
1175,48,46 a 55,15000.0,Média-Alta,67,2,1,15000.0,0.0,5170.0
1176,51,46 a 55,6100.0,Média,72,0,2,6100.0,0.0,2550.0
1177,53,46 a 55,9000.0,Média,78,1,0,9000.0,0.0,3480.0
1178,55,46 a 55,17500.0,Média-Alta,83,3,1,17500.0,0.0,6080.0
1179,57,Maior que 55,17000.0,Média-Alta,89,1,2,13000.0,0.0,5990.0
1180,62,Maior que 55,8500.0,Média,94,1,0,5300.0,0.0,3490.0
1181,65,Maior que 55,18300.0,Média-Alta,98,3,1,18300.0,0.0,6470.0
1182,19,Até 20,1800.0,Baixa,12,0,0,1800.0,0.0,660.0
1183,23,21 a 30,4800.0,Média-Baixa,18,0,1,4800.0,0.0,1620.0
1184,25,21 a 30,2200.0,Baixa,23,1,2,2200.0,0.0,890.0
1185,27,21 a 30,3900.0,Média-Baixa,28,0,0,3900.0,0.0,1450.0
1186,28,21 a 30,11500.0,Média-Alta,34,1,1,11500.0,0.0,3790.0
1187,30,21 a 30,3100.0,Média-Baixa,39,0,2,3100.0,0.0,1320.0
1188,32,31 a 45,9800.0,Média,45,1,0,6800.0,0.0,3390.0
1189,35,31 a 45,24400.0,Alta,50,2,1,22000.0,0.0,7820.0
1190,42,31 a 45,4500.0,Média-Baixa,56,0,2,4500.0,0.0,1910.0
1191,45,31 a 45,9800.0,Média,61,0,0,9800.0,0.0,3550.0
1192,48,46 a 55,15000.0,Média-Alta,67,2,1,15000.0,0.0,5170.0
1193,51,46 a 55,6100.0,Média,72,0,2,6100.0,0.0,2550.0
1194,53,46 a 55,9000.0,Média,78,1,0,9000.0,0.0,3480.0
1195,55,46 a 55,17500.0,Média-Alta,83,3,1,17500.0,0.0,6080.0
1196,57,Maior que 55,17000.0,Média-Alta,89,1,2,13000.0,0.0,5990.0
1197,62,Maior que 55,8500.0,Média,94,1,0,5300.0,0.0,3490.0
1198,65,Maior que 55,18300.0,Média-Alta,98,3,1,18300.0,0.0,6470.0
1199,19,Até 20,1800.0,Baixa,12,0,0,1800.0,0.0,660.0
1200,23,21 a 30,4800.0,Média-Baixa,18,0,1,4800.0,0.0,1620.0
1201,25,21 a 30,2200.0,Baixa,23,1,2,2200.0,0.0,890.0
1202,27,21 a 30,3900.0,Média-Baixa,28,0,0,3900.0,0.0,1450.0
1203,28,21 a 30,11500.0,Média-Alta,34,1,1,11500.0,0.0,3790.0
1204,30,21 a 30,3100.0,Média-Baixa,39,0,2,3100.0,0.0,1320.0
1205,32,31 a 45,9800.0,Média,45,1,0,6800.0,0.0,3390.0
1206,35,31 a 45,24400.0,Alta,50,2,1,22000.0,0.0,7820.0
1207,42,31 a 45,4500.0,Média-Baixa,56,0,2,4500.0,0.0,1910.0
1208,45,31 a 45,9800.0,Média,61,0,0,9800.0,0.0,3550.0
1209,48,46 a 55,15000.0,Média-Alta,67,2,1,15000.0,0.0,5170.0
1210,51,46 a 55,6100.0,Média,72,0,2,6100.0,0.0,2550.0
1211,53,46 a 55,9000.0,Média,78,1,0,9000.0,0.0,3480.0
1212,55,46 a 55,17500.0,Média-Alta,83,3,1,17500.0,0.0,6080.0
1213,57,Maior que 55,17000.0,Média-Alta,89,1,2,13000.0,0.0,5990.0
1214,62,Maior que 55,8500.0,Média,94,1,0,5300.0,0.0,3490.0
1215,65,Maior que 55,18300.0,Média-Alta,98,3,1,18300.0,0.0,6470.0
1216,19,Até 20,1800.0,Baixa,12,0,0,1800.0,0.0,660.0
1217,23,21 a 30,4800.0,Média-Baixa,18,0,1,4800.0,0.0,1620.0
1218,25,21 a 30,2200.0,Baixa,23,1,2,2200.0,0.0,890.0
1219,27,21 a 30,3900.0,Média-Baixa,28,0,0,3900.0,0.0,1450.0
1220,28,21 a 30,11500.0,Média-Alta,34,1,1,11500.0,0.0,3790.0
1221,30,21 a 30,3100.0,Média-Baixa,39,0,2,3100.0,0.0,1320.0
1222,32,31 a 45,9800.0,Média,45,1,0,6800.0,0.0,3390.0
1223,35,31 a 45,24400.0,Alta,50,2,1,22000.0,0.0,7820.0
1224,42,31 a 45,4500.0,Média-Baixa,56,0,2,4500.0,0.0,1910.0
1225,45,31 a 45,9800.0,Média,61,0,0,9800.0,0.0,3550.0
1226,48,46 a 55,15000.0,Média-Alta,67,2,1,15000.0,0.0,5170.0
1227,51,46 a 55,6100.0,Média,72,0,2,6100.0,0.0,2550.0
1228,53,46 a 55,9000.0,Média,78,1,0,9000.0,0.0,3480.0
1229,55,46 a 55,17500.0,Média-Alta,83,3,1,17500.0,0.0,6080.0
1230,57,Maior que 55,17000.0,Média-Alta,89,1,2,13000.0,0.0,5990.0
1231,62,Maior que 55,8500.0,Média,94,1,0,5300.0,0.0,3490.0
1232,65,Maior que 55,18300.0,Média-Alta,98,3,1,18300.0,0.0,6470.0
1233,19,Até 20,1800.0,Baixa,12,0,0,1800.0,0.0,660.0
1234,23,21 a 30,4800.0,Média-Baixa,18,0,1,4800.0,0.0,1620.0
1235,25,21 a 30,2200.0,Baixa,23,1,2,2200.0,0.0,890.0
1236,27,21 a 30,3900.0,Média-Baixa,28,0,0,3900.0,0.0,1450.0
1237,28,21 a 30,11500.0,Média-Alta,34,1,1,11500.0,0.0,3790.0
1238,30,21 a 30,3100.0,Média-Baixa,39,0,2,3100.0,0.0,1320.0
1239,32,31 a 45,9800.0,Média,45,1,0,6800.0,0.0,3390.0
1240,35,31 a 45,24400.0,Alta,50,2,1,22000.0,0.0,7820.0
1241,42,31 a 45,4500.0,Média-Baixa,56,0,2,4500.0,0.0,1910.0
1242,45,31 a 45,9800.0,Média,61,0,0,9800.0,0.0,3550.0
1243,48,46 a 55,15000.0,Média-Alta,67,2,1,15000.0,0.0,5170.0
1244,51,46 a 55,6100.0,Média,72,0,2,6100.0,0.0,2550.0
1245,53,46 a 55,9000.0,Média,78,1,0,9000.0,0.0,3480.0
1246,55,46 a 55,17500.0,Média-Alta,83,3,1,17500.0,0.0,6080.0
1247,57,Maior que 55,17000.0,Média-Alta,89,1,2,13000.0,0.0,5990.0
1248,62,Maior que 55,8500.0,Média,94,1,0,5300.0,0.0,3490.0
1249,65,Maior que 55,18300.0,Média-Alta,98,3,1,18300.0,0.0,6470.0
1250,19,Até 20,1800.0,Baixa,12,0,0,1800.0,0.0,660.0
1251,23,21 a 30,4800.0,Média-Baixa,18,0,1,4800.0,0.0,1620.0
1252,25,21 a 30,2200.0,Baixa,23,1,2,2200.0,0.0,890.0
1253,27,21 a 30,3900.0,Média-Baixa,28,0,0,3900.0,0.0,1450.0
1254,28,21 a 30,11500.0,Média-Alta,34,1,1,11500.0,0.0,3790.0
1255,30,21 a 30,3100.0,Média-Baixa,39,0,2,3100.0,0.0,1320.0
1256,32,31 a 45,9800.0,Média,45,1,0,6800.0,0.0,3390.0
1257,35,31 a 45,24400.0,Alta,50,2,1,22000.0,0.0,7820.0
1258,42,31 a 45,4500.0,Média-Baixa,56,0,2,4500.0,0.0,1910.0
1259,45,31 a 45,9800.0,Média,61,0,0,9800.0,0.0,3550.0
1260,48,46 a 55,15000.0,Média-Alta,67,2,1,15000.0,0.0,5170.0
1261,51,46 a 55,6100.0,Média,72,0,2,6100.0,0.0,2550.0
1262,53,46 a 55,9000.0,Média,78,1,0,9000.0,0.0,3480.0
1263,55,46 a 55,17500.0,Média-Alta,83,3,1,17500.0,0.0,6080.0
1264,57,Maior que 55,17000.0,Média-Alta,89,1,2,13000.0,0.0,5990.0
1265,62,Maior que 55,8500.0,Média,94,1,0,5300.0,0.0,3490.0
1266,65,Maior que 55,18300.0,Média-Alta,98,3,1,18300.0,0.0,6470.0
1267,19,Até 20,1800.0,Baixa,12,0,0,1800.0,0.0,660.0
1268,23,21 a 30,4800.0,Média-Baixa,18,0,1,4800.0,0.0,1620.0
1269,25,21 a 30,2200.0,Baixa,23,1,2,2200.0,0.0,890.0
1270,27,21 a 30,3900.0,Média-Baixa,28,0,0,3900.0,0.0,1450.0
1271,28,21 a 30,11500.0,Média-Alta,34,1,1,11500.0,0.0,3790.0
1272,30,21 a 30,3100.0,Média-Baixa,39,0,2,3100.0,0.0,1320.0
1273,32,31 a 45,9800.0,Média,45,1,0,6800.0,0.0,3390.0
1274,35,31 a 45,24400.0,Alta,50,2,1,22000.0,0.0,7820.0
1275,42,31 a 45,4500.0,Média-Baixa,56,0,2,4500.0,0.0,1910.0
1276,45,31 a 45,9800.0,Média,61,0,0,9800.0,0.0,3550.0
1277,48,46 a 55,15000.0,Média-Alta,67,2,1,15000.0,0.0,5170.0
1278,51,46 a 55,6100.0,Média,72,0,2,6100.0,0.0,2550.0
1279,53,46 a 55,9000.0,Média,78,1,0,9000.0,0.0,3480.0
1280,55,46 a 55,17500.0,Média-Alta,83,3,1,17500.0,0.0,6080.0
1281,57,Maior que 55,17000.0,Média-Alta,89,1,2,13000.0,0.0,5990.0
1282,62,Maior que 55,8500.0,Média,94,1,0,5300.0,0.0,3490.0
1283,65,Maior que 55,18300.0,Média-Alta,98,3,1,18300.0,0.0,6470.0
1284,19,Até 20,1800.0,Baixa,12,0,0,1800.0,0.0,660.0
1285,23,21 a 30,4800.0,Média-Baixa,18,0,1,4800.0,0.0,1620.0
1286,25,21 a 30,2200.0,Baixa,23,1,2,2200.0,0.0,890.0
1287,27,21 a 30,3900.0,Média-Baixa,28,0,0,3900.0,0.0,1450.0
1288,28,21 a 30,11500.0,Média-Alta,34,1,1,11500.0,0.0,3790.0
1289,30,21 a 30,3100.0,Média-Baixa,39,0,2,3100.0,0.0,1320.0
1290,32,31 a 45,9800.0,Média,45,1,0,6800.0,0.0,3390.0
1291,35,31 a 45,24400.0,Alta,50,2,1,22000.0,0.0,7820.0
1292,42,31 a 45,4500.0,Média-Baixa,56,0,2,4500.0,0.0,1910.0
1293,45,31 a 45,9800.0,Média,61,0,0,9800.0,0.0,3550.0
1294,48,46 a 55,15000.0,Média-Alta,67,2,1,15000.0,0.0,5170.0
1295,51,46 a 55,6100.0,Média,72,0,2,6100.0,0.0,2550.0
1296,53,46 a 55,9000.0,Média,78,1,0,9000.0,0.0,3480.0
1297,55,46 a 55,17500.0,Média-Alta,83,3,1,17500.0,0.0,6080.0
1298,57,Maior que 55,17000.0,Média-Alta,89,1,2,13000.0,0.0,5990.0
1299,62,Maior que 55,8500.0,Média,94,1,0,5300.0,0.0,3490.0
1300,65,Maior que 55,18300.0,Média-Alta,98,3,1,18300.0,0.0,6470.0
1301,19,Até 20,1800.0,Baixa,12,0,0,1800.0,0.0,660.0
1302,23,21 a 30,4800.0,Média-Baixa,18,0,1,4800.0,0.0,1620.0
1303,25,21 a 30,2200.0,Baixa,23,1,2,2200.0,0.0,890.0
1304,27,21 a 30,3900.0,Média-Baixa,28,0,0,3900.0,0.0,1450.0
1305,28,21 a 30,11500.0,Média-Alta,34,1,1,11500.0,0.0,3790.0
1306,30,21 a 30,3100.0,Média-Baixa,39,0,2,3100.0,0.0,1320.0
1307,32,31 a 45,9800.0,Média,45,1,0,6800.0,0.0,3390.0
1308,35,31 a 45,24400.0,Alta,50,2,1,22000.0,0.0,7820.0
1309,42,31 a 45,4500.0,Média-Baixa,56,0,2,4500.0,0.0,1910.0
1310,45,31 a 45,9800.0,Média,61,0,0,9800.0,0.0,3550.0
1311,48,46 a 55,15000.0,Média-Alta,67,2,1,15000.0,0.0,5170.0
1312,51,46 a 55,6100.0,Média,72,0,2,6100.0,0.0,2550.0
1313,53,46 a 55,9000.0,Média,78,1,0,9000.0,0.0,3480.0
1314,55,46 a 55,17500.0,Média-Alta,83,3,1,17500.0,0.0,6080.0
1315,57,Maior que 55,17000.0,Média-Alta,89,1,2,13000.0,0.0,5990.0
1316,62,Maior que 55,8500.0,Média,94,1,0,5300.0,0.0,3490.0
1317,65,Maior que 55,18300.0,Média-Alta,98,3,1,18300.0,0.0,6470.0
1318,19,Até 20,1800.0,Baixa,12,0,0,1800.0,0.0,660.0
1319,23,21 a 30,4800.0,Média-Baixa,18,0,1,4800.0,0.0,1620.0
1320,25,21 a 30,2200.0,Baixa,23,1,2,2200.0,0.0,890.0
1321,27,21 a 30,3900.0,Média-Baixa,28,0,0,3900.0,0.0,1450.0
1322,28,21 a 30,11500.0,Média-Alta,34,1,1,11500.0,0.0,3790.0
1323,30,21 a 30,3100.0,Média-Baixa,39,0,2,3100.0,0.0,1320.0
1324,32,31 a 45,9800.0,Média,45,1,0,6800.0,0.0,3390.0
1325,35,31 a 45,1800.0,Baixa,12,0,0,1800.0,0.0,660.0
1326,42,31 a 45,4800.0,Média-Baixa,18,0,1,4800.0,0.0,1620.0
1327,45,31 a 45,2200.0,Baixa,23,1,2,2200.0,0.0,890.0
1328,48,46 a 55,3900.0,Média-Baixa,28,0,0,3900.0,0.0,1450.0
1329,51,46 a 55,11500.0,Média-Alta,34,1,1,11500.0,0.0,3790.0
1330,53,46 a 55,3100.0,Média-Baixa,39,0,2,3100.0,0.0,1320.0
1331,55,46 a 55,9800.0,Média,45,1,0,6800.0,0.0,3390.0
1332,57,Maior que 55,24400.0,Alta,50,2,1,22000.0,0.0,7820.0
1333,62,Maior que 55,4500.0,Média-Baixa,56,0,2,4500.0,0.0,1910.0
1334,65,Maior que 55,9800.0,Média,61,0,0,9800.0,0.0,3550.0
1335,19,Até 20,15000.0,Média-Alta,67,2,1,15000.0,0.0,5170.0
1336,23,21 a 30,6100.0,Média,72,0,2,6100.0,0.0,2550.0
1337,25,21 a 30,9000.0,Média,78,1,0,9000.0,0.0,3480.0
1338,27,21 a 30,17500.0,Média-Alta,83,3,1,17500.0,0.0,6080.0
1339,28,21 a 30,17000.0,Média-Alta,89,1,2,13000.0,0.0,5990.0
1340,30,21 a 30,8500.0,Média,94,1,0,5300.0,0.0,3490.0
1341,32,31 a 45,18300.0,Média-Alta,98,3,1,18300.0,0.0,6470.0
1342,35,31 a 45,1800.0,Baixa,12,0,0,1800.0,0.0,660.0
1343,42,31 a 45,4800.0,Média-Baixa,18,0,1,4800.0,0.0,1620.0
1344,45,31 a 45,2200.0,Baixa,23,1,2,2200.0,0.0,890.0
1345,48,46 a 55,3900.0,Média-Baixa,28,0,0,3900.0,0.0,1450.0
1346,51,46 a 55,11500.0,Média-Alta,34,1,1,11500.0,0.0,3790.0
1347,53,46 a 55,3100.0,Média-Baixa,39,0,2,3100.0,0.0,1320.0
1348,55,46 a 55,9800.0,Média,45,1,0,6800.0,0.0,3390.0
1349,57,Maior que 55,1800.0,Baixa,12,0,0,1800.0,0.0,660.0
1350,62,Maior que 55,4800.0,Média-Baixa,18,0,1,4800.0,0.0,1620.0
1351,65,Maior que 55,2200.0,Baixa,23,1,2,2200.0,0.0,890.0
1352,19,Até 20,3900.0,Média-Baixa,28,0,0,3900.0,0.0,1450.0
1353,23,21 a 30,11500.0,Média-Alta,34,1,1,11500.0,0.0,3790.0
1354,25,21 a 30,3100.0,Média-Baixa,39,0,2,3100.0,0.0,1320.0
1355,27,21 a 30,9800.0,Média,45,1,0,6800.0,0.0,3390.0
1356,28,21 a 30,24400.0,Alta,50,2,1,22000.0,0.0,7820.0
1357,30,21 a 30,4500.0,Média-Baixa,56,0,2,4500.0,0.0,1910.0
1358,32,31 a 45,9800.0,Média,61,0,0,9800.0,0.0,3550.0
1359,35,31 a 45,15000.0,Média-Alta,67,2,1,15000.0,0.0,5170.0
1360,42,31 a 45,6100.0,Média,72,0,2,6100.0,0.0,2550.0
1361,45,31 a 45,9000.0,Média,78,1,0,9000.0,0.0,3480.0
1362,48,46 a 55,17500.0,Média-Alta,83,3,1,17500.0,0.0,6080.0
1363,51,46 a 55,17000.0,Média-Alta,89,1,2,13000.0,0.0,5990.0
1364,53,46 a 55,8500.0,Média,94,1,0,5300.0,0.0,3490.0
1365,55,46 a 55,18300.0,Média-Alta,98,3,1,18300.0,0.0,6470.0
1366,57,Maior que 55,1800.0,Baixa,12,0,0,1800.0,0.0,660.0
1367,62,Maior que 55,4800.0,Média-Baixa,18,0,1,4800.0,0.0,1620.0
1368,65,Maior que 55,2200.0,Baixa,23,1,2,2200.0,0.0,890.0
1369,19,Até 20,3900.0,Média-Baixa,28,0,0,3900.0,0.0,1450.0
1370,23,21 a 30,11500.0,Média-Alta,34,1,1,11500.0,0.0,3790.0
1371,25,21 a 30,3100.0,Média-Baixa,39,0,2,3100.0,0.0,1320.0
1372,27,21 a 30,9800.0,Média,45,1,0,6800.0,0.0,3390.0
1373,28,21 a 30,1800.0,Baixa,12,0,0,1800.0,0.0,660.0
1374,30,21 a 30,4800.0,Média-Baixa,18,0,1,4800.0,0.0,1620.0
1375,32,31 a 45,2200.0,Baixa,23,1,2,2200.0,0.0,890.0
1376,35,31 a 45,3900.0,Média-Baixa,28,0,0,3900.0,0.0,1450.0
1377,42,31 a 45,11500.0,Média-Alta,34,1,1,11500.0,0.0,3790.0
1378,45,31 a 45,3100.0,Média-Baixa,39,0,2,3100.0,0.0,1320.0
1379,48,46 a 55,9800.0,Média,45,1,0,6800.0,0.0,3390.0
1380,51,46 a 55,24400.0,Alta,50,2,1,22000.0,0.0,7820.0
1381,53,46 a 55,4500.0,Média-Baixa,56,0,2,4500.0,0.0,1910.0
1382,55,46 a 55,9800.0,Média,61,0,0,9800.0,0.0,3550.0
1383,57,Maior que 55,15000.0,Média-Alta,67,2,1,15000.0,0.0,5170.0
1384,62,Maior que 55,6100.0,Média,72,0,2,6100.0,0.0,2550.0
1385,65,Maior que 55,9000.0,Média,78,1,0,9000.0,0.0,3480.0
1386,19,Até 20,17500.0,Média-Alta,83,3,1,17500.0,0.0,6080.0
1387,23,21 a 30,17000.0,Média-Alta,89,1,2,13000.0,0.0,5990.0
1388,25,21 a 30,8500.0,Média,94,1,0,5300.0,0.0,3490.0
1389,27,21 a 30,18300.0,Média-Alta,98,3,1,18300.0,0.0,6470.0
1390,28,21 a 30,1800.0,Baixa,12,0,0,1800.0,0.0,660.0
1391,30,21 a 30,4800.0,Média-Baixa,18,0,1,4800.0,0.0,1620.0
1392,32,31 a 45,2200.0,Baixa,23,1,2,2200.0,0.0,890.0
1393,35,31 a 45,3900.0,Média-Baixa,28,0,0,3900.0,0.0,1450.0
1394,42,31 a 45,11500.0,Média-Alta,34,1,1,11500.0,0.0,3790.0
1395,45,31 a 45,3100.0,Média-Baixa,39,0,2,3100.0,0.0,1320.0
1396,48,46 a 55,9800.0,Média,45,1,0,6800.0,0.0,3390.0
1397,51,46 a 55,1800.0,Baixa,12,0,0,1800.0,0.0,660.0
1398,53,46 a 55,4800.0,Média-Baixa,18,0,1,4800.0,0.0,1620.0
1399,55,46 a 55,2200.0,Baixa,23,1,2,2200.0,0.0,890.0
1400,57,Maior que 55,3900.0,Média-Baixa,28,0,0,3900.0,0.0,1450.0
1401,62,Maior que 55,11500.0,Média-Alta,34,1,1,11500.0,0.0,3790.0
1402,65,Maior que 55,3100.0,Média-Baixa,39,0,2,3100.0,0.0,1320.0
1403,19,Até 20,9800.0,Média,45,1,0,6800.0,0.0,3390.0
1404,23,21 a 30,24400.0,Alta,50,2,1,22000.0,0.0,7820.0
1405,25,21 a 30,4500.0,Média-Baixa,56,0,2,4500.0,0.0,1910.0
1406,27,21 a 30,9800.0,Média,61,0,0,9800.0,0.0,3550.0
1407,28,21 a 30,15000.0,Média-Alta,67,2,1,15000.0,0.0,5170.0
1408,30,21 a 30,6100.0,Média,72,0,2,6100.0,0.0,2550.0
1409,32,31 a 45,9000.0,Média,78,1,0,9000.0,0.0,3480.0
1410,35,31 a 45,17500.0,Média-Alta,83,3,1,17500.0,0.0,6080.0
1411,42,31 a 45,17000.0,Média-Alta,89,1,2,13000.0,0.0,5990.0
1412,45,31 a 45,8500.0,Média,94,1,0,5300.0,0.0,3490.0
1413,48,46 a 55,18300.0,Média-Alta,98,3,1,18300.0,0.0,6470.0
1414,51,46 a 55,1800.0,Baixa,12,0,0,1800.0,0.0,660.0
1415,53,46 a 55,4800.0,Média-Baixa,18,0,1,4800.0,0.0,1620.0
1416,55,46 a 55,2200.0,Baixa,23,1,2,2200.0,0.0,890.0
1417,57,Maior que 55,3900.0,Média-Baixa,28,0,0,3900.0,0.0,1450.0
1418,62,Maior que 55,11500.0,Média-Alta,34,1,1,11500.0,0.0,3790.0
1419,65,Maior que 55,3100.0,Média-Baixa,39,0,2,3100.0,0.0,1320.0
1420,65,Maior que 55,9800.0,Média,45,1,0,6800.0,0.0,3390.0
1421,23,21 a 30,15000.0,Média-Alta,67,2,1,15000.0,0.0,5170.0
1422,28,21 a 30,6100.0,Média,72,0,2,6100.0,0.0,2550.0
1423,30,21 a 30,9000.0,Média,78,1,0,9000.0,0.0,3480.0
1424,32,31 a 45,17500.0,Média-Alta,83,3,1,17500.0,0.0,6080.0
1425,35,31 a 45,17000.0,Média-Alta,89,1,2,13000.0,0.0,5990.0
1426,42,31 a 45,8500.0,Média,94,1,0,5300.0,0.0,3490.0
1427,45,31 a 45,18300.0,Média-Alta,98,3,1,18300.0,0.0,6470.0
1428,48,46 a 55,1800.0,Baixa,12,0,0,1800.0,0.0,660.0
1429,51,46 a 55,4800.0,Média-Baixa,18,0,1,4800.0,0.0,1620.0
1430,53,46 a 55,2200.0,Baixa,23,1,2,2200.0,0.0,890.0
1431,55,46 a 55,3900.0,Média-Baixa,28,0,0,3900.0,0.0,1450.0
1432,57,Maior que 55,11500.0,Média-Alta,34,1,1,11500.0,0.0,3790.0
1433,62,Maior que 55,3100.0,Média-Baixa,39,0,2,3100.0,0.0,1320.0
1434,65,Maior que 55,9800.0,Média,45,1,0,6800.0,0.0,3390.0
1435,19,Até 20,1800.0,Baixa,12,0,0,1800.0,0.0,660.0
1436,23,21 a 30,4800.0,Média-Baixa,18,0,1,4800.0,0.0,1620.0
1437,25,21 a 30,2200.0,Baixa,23,1,2,2200.0,0.0,890.0
1438,27,21 a 30,3900.0,Média-Baixa,28,0,0,3900.0,0.0,1450.0
1439,28,21 a 30,11500.0,Média-Alta,34,1,1,11500.0,0.0,3790.0
1440,30,21 a 30,3100.0,Média-Baixa,39,0,2,3100.0,0.0,1320.0
1441,32,31 a 45,9800.0,Média,45,1,0,6800.0,0.0,3390.0
1442,35,31 a 45,24400.0,Alta,50,2,1,22000.0,0.0,7820.0
1443,42,31 a 45,4500.0,Média-Baixa,56,0,2,4500.0,0.0,1910.0
1444,45,31 a 45,9800.0,Média,61,0,0,9800.0,0.0,3550.0
1445,48,46 a 55,15000.0,Média-Alta,67,2,1,15000.0,0.0,5170.0
1446,51,46 a 55,6100.0,Média,72,0,2,6100.0,0.0,2550.0
1447,53,46 a 55,9000.0,Média,78,1,0,9000.0,0.0,3480.0
1448,55,46 a 55,17500.0,Média-Alta,83,3,1,17500.0,0.0,6080.0
1449,57,Maior que 55,17000.0,Média-Alta,89,1,2,13000.0,0.0,5990.0
1450,62,Maior que 55,8500.0,Média,94,1,0,5300.0,0.0,3490.0
1451,65,Maior que 55,18300.0,Média-Alta,98,3,1,18300.0,0.0,6470.0
1452,19,Até 20,1800.0,Baixa,12,0,0,1800.0,0.0,660.0
1453,23,21 a 30,15000.0,Média-Alta,67,2,1,15000.0,0.0,5170.0
1454,25,21 a 30,6100.0,Média,72,0,2,6100.0,0.0,2550.0
1455,27,21 a 30,9000.0,Média,78,1,0,9000.0,0.0,3480.0
1456,28,21 a 30,17500.0,Média-Alta,83,3,1,17500.0,0.0,6080.0
1457,30,21 a 30,17000.0,Média-Alta,89,1,2,13000.0,0.0,5990.0
1458,32,31 a 45,8500.0,Média,94,1,0,5300.0,0.0,3490.0
1459,35,31 a 45,18300.0,Média-Alta,98,3,1,18300.0,0.0,6470.0
1460,42,31 a 45,1800.0,Baixa,12,0,0,1800.0,0.0,660.0
1461,45,31 a 45,4800.0,Média-Baixa,18,0,1,4800.0,0.0,1620.0
1462,48,46 a 55,2200.0,Baixa,23,1,2,2200.0,0.0,890.0
1463,51,46 a 55,3900.0,Média-Baixa,28,0,0,3900.0,0.0,1450.0
1464,53,46 a 55,11500.0,Média-Alta,34,1,1,11500.0,0.0,3790.0
1465,55,46 a 55,3100.0,Média-Baixa,39,0,2,3100.0,0.0,1320.0
1466,57,Maior que 55,9800.0,Média,45,1,0,6800.0,0.0,3390.0
1467,62,Maior que 55,1800.0,Baixa,12,0,0,1800.0,0.0,660.0
1468,65,Maior que 55,4800.0,Média-Baixa,18,0,1,4800.0,0.0,1620.0
1469,19,Até 20,2200.0,Baixa,23,1,2,2200.0,0.0,890.0
1470,23,21 a 30,3900.0,Média-Baixa,28,0,0,3900.0,0.0,1450.0
1471,25,21 a 30,11500.0,Média-Alta,34,1,1,11500.0,0.0,3790.0
1472,27,21 a 30,3100.0,Média-Baixa,39,0,2,3100.0,0.0,1320.0
1473,28,21 a 30,9800.0,Média,45,1,0,6800.0,0.0,3390.0
1474,30,21 a 30,24400.0,Alta,50,2,1,22000.0,0.0,7820.0
1475,32,31 a 45,4500.0,Média-Baixa,56,0,2,4500.0,0.0,1910.0
1476,35,31 a 45,9800.0,Média,61,0,0,9800.0,0.0,3550.0
1477,42,31 a 45,15000.0,Média-Alta,67,2,1,15000.0,0.0,5170.0
1478,45,31 a 45,6100.0,Média,72,0,2,6100.0,0.0,2550.0
1479,48,46 a 55,9000.0,Média,78,1,0,9000.0,0.0,3480.0
1480,51,46 a 55,17500.0,Média-Alta,83,3,1,17500.0,0.0,6080.0
1481,53,46 a 55,17000.0,Média-Alta,89,1,2,13000.0,0.0,5990.0
1482,55,46 a 55,8500.0,Média,94,1,0,5300.0,0.0,3490.0
1483,57,Maior que 55,18300.0,Média-Alta,98,3,1,18300.0,0.0,6470.0
1484,62,Maior que 55,1800.0,Baixa,12,0,0,1800.0,0.0,660.0
1485,65,Maior que 55,15000.0,Média-Alta,67,2,1,15000.0,0.0,5170.0
1486,19,Até 20,6100.0,Média,72,0,2,6100.0,0.0,2550.0
1487,23,21 a 30,9000.0,Média,78,1,0,9000.0,0.0,3480.0
1488,25,21 a 30,17500.0,Média-Alta,83,3,1,17500.0,0.0,6080.0
1489,27,21 a 30,17000.0,Média-Alta,89,1,2,13000.0,0.0,5990.0
1490,28,21 a 30,8500.0,Média,94,1,0,5300.0,0.0,3490.0
1491,30,21 a 30,18300.0,Média-Alta,98,3,1,18300.0,0.0,6470.0
1492,32,31 a 45,1800.0,Baixa,12,0,0,1800.0,0.0,660.0
1493,35,31 a 45,4800.0,Média-Baixa,18,0,1,4800.0,0.0,1620.0
1494,42,31 a 45,2200.0,Baixa,23,1,2,2200.0,0.0,890.0
1495,45,31 a 45,3900.0,Média-Baixa,28,0,0,3900.0,0.0,1450.0
1496,48,46 a 55,11500.0,Média-Alta,34,1,1,11500.0,0.0,3790.0
1497,51,46 a 55,3100.0,Média-Baixa,39,0,2,3100.0,0.0,1320.0
1498,23,21 a 30,9800.0,Média,45,1,0,6800.0,0.0,3390.0
1499,28,21 a 30,1800.0,Baixa,12,0,0,1800.0,0.0,660.0
1500,30,21 a 30,4800.0,Média-Baixa,18,0,1,4800.0,0.0,1620.0
1501,32,31 a 45,2200.0,Baixa,23,1,2,2200.0,0.0,890.0
1502,35,31 a 45,3900.0,Média-Baixa,28,0,0,3900.0,0.0,1450.0
1503,42,31 a 45,11500.0,Média-Alta,34,1,1,11500.0,0.0,3790.0
1504,45,31 a 45,3100.0,Média-Baixa,39,0,2,3100.0,0.0,1320.0
1505,48,46 a 55,9800.0,Média,45,1,0,6800.0,0.0,3390.0
1506,51,46 a 55,24400.0,Alta,50,2,1,22000.0,0.0,7820.0
1507,53,46 a 55,4500.0,Média-Baixa,56,0,2,4500.0,0.0,1910.0
1508,55,46 a 55,9800.0,Média,61,0,0,9800.0,0.0,3550.0
1509,57,Maior que 55,15000.0,Média-Alta,67,2,1,15000.0,0.0,5170.0
1510,62,Maior que 55,6100.0,Média,72,0,2,6100.0,0.0,2550.0
1511,65,Maior que 55,9000.0,Média,78,1,0,9000.0,0.0,3480.0
1512,19,Até 20,17500.0,Média-Alta,83,3,1,17500.0,0.0,6080.0
1513,23,21 a 30,17000.0,Média-Alta,89,1,2,13000.0,0.0,5990.0
1514,25,21 a 30,8500.0,Média,94,1,0,5300.0,0.0,3490.0
1515,27,21 a 30,18300.0,Média-Alta,98,3,1,18300.0,0.0,6470.0
1516,28,21 a 30,1800.0,Baixa,12,0,0,1800.0,0.0,660.0
1517,30,21 a 30,1800.0,Baixa,12,0,0,1800.0,0.0,660.0
1518,32,31 a 45,4800.0,Média-Baixa,18,0,1,4800.0,0.0,1620.0
1519,35,31 a 45,2200.0,Baixa,23,1,2,2200.0,0.0,890.0
1520,42,31 a 45,3900.0,Média-Baixa,28,0,0,3900.0,0.0,1450.0
1521,45,31 a 45,11500.0,Média-Alta,34,1,1,11500.0,0.0,3790.0
1522,48,46 a 55,3100.0,Média-Baixa,39,0,2,3100.0,0.0,1320.0
1523,51,46 a 55,9800.0,Média,45,1,0,6800.0,0.0,3390.0
1524,53,46 a 55,24400.0,Alta,50,2,1,22000.0,0.0,7820.0
1525,55,46 a 55,4500.0,Média-Baixa,56,0,2,4500.0,0.0,1910.0
1526,57,Maior que 55,9800.0,Média,61,0,0,9800.0,0.0,3550.0
1527,62,Maior que 55,15000.0,Média-Alta,67,2,1,15000.0,0.0,5170.0
1528,65,Maior que 55,6100.0,Média,72,0,2,6100.0,0.0,2550.0
1529,19,Até 20,9000.0,Média,78,1,0,9000.0,0.0,3480.0
1530,23,21 a 30,17500.0,Média-Alta,83,3,1,17500.0,0.0,6080.0
1531,25,21 a 30,17000.0,Média-Alta,89,1,2,13000.0,0.0,5990.0
1532,27,21 a 30,8500.0,Média,94,1,0,5300.0,0.0,3490.0
1533,28,21 a 30,18300.0,Média-Alta,98,3,1,18300.0,0.0,6470.0
1534,30,21 a 30,1800.0,Baixa,12,0,0,1800.0,0.0,660.0
1535,32,31 a 45,4800.0,Média-Baixa,18,0,1,4800.0,0.0,1620.0
1536,35,31 a 45,2200.0,Baixa,23,1,2,2200.0,0.0,890.0
1537,42,31 a 45,3900.0,Média-Baixa,28,0,0,3900.0,0.0,1450.0
1538,45,31 a 45,11500.0,Média-Alta,34,1,1,11500.0,0.0,3790.0
1539,48,46 a 55,3100.0,Média-Baixa,39,0,2,3100.0,0.0,1320.0
1540,51,46 a 55,1800.0,Baixa,12,0,0,1800.0,0.0,660.0
1541,53,46 a 55,4800.0,Média-Baixa,18,0,1,4800.0,0.0,1620.0
1542,55,46 a 55,2200.0,Baixa,23,1,2,2200.0,0.0,890.0
1543,57,Maior que 55,3900.0,Média-Baixa,28,0,0,3900.0,0.0,1450.0
1544,62,Maior que 55,11500.0,Média-Alta,34,1,1,11500.0,0.0,3790.0
1545,65,Maior que 55,3100.0,Média-Baixa,39,0,2,3100.0,0.0,1320.0
1546,19,Até 20,9800.0,Média,45,1,0,6800.0,0.0,3390.0
1547,23,21 a 30,24400.0,Alta,50,2,1,22000.0,0.0,7820.0
1548,25,21 a 30,4500.0,Média-Baixa,56,0,2,4500.0,0.0,1910.0
1549,27,21 a 30,9800.0,Média,61,0,0,9800.0,0.0,3550.0
1550,28,21 a 30,15000.0,Média-Alta,67,2,1,15000.0,0.0,5170.0
1551,30,21 a 30,6100.0,Média,72,0,2,6100.0,0.0,2550.0
1552,32,31 a 45,9000.0,Média,78,1,0,9000.0,0.0,3480.0
1553,35,31 a 45,17500.0,Média-Alta,83,3,1,17500.0,0.0,6080.0
1554,42,31 a 45,17000.0,Média-Alta,89,1,2,13000.0,0.0,5990.0
1555,45,31 a 45,8500.0,Média,94,1,0,5300.0,0.0,3490.0
1556,48,46 a 55,18300.0,Média-Alta,98,3,1,18300.0,0.0,6470.0
1557,51,46 a 55,1800.0,Baixa,12,0,0,1800.0,0.0,660.0
1558,53,46 a 55,4800.0,Média-Baixa,18,0,1,4800.0,0.0,1620.0
1559,55,46 a 55,2200.0,Baixa,23,1,2,2200.0,0.0,890.0
1560,57,Maior que 55,3900.0,Média-Baixa,28,0,0,3900.0,0.0,1450.0
1561,62,Maior que 55,11500.0,Média-Alta,34,1,1,11500.0,0.0,3790.0
1562,65,Maior que 55,3100.0,Média-Baixa,39,0,2,3100.0,0.0,1320.0
1563,19,Até 20,1800.0,Baixa,12,0,0,1800.0,0.0,660.0
1564,23,21 a 30,4800.0,Média-Baixa,18,0,1,4800.0,0.0,1620.0
1565,25,21 a 30,2200.0,Baixa,23,1,2,2200.0,0.0,890.0
1566,27,21 a 30,3900.0,Média-Baixa,28,0,0,3900.0,0.0,1450.0
1567,28,21 a 30,11500.0,Média-Alta,34,1,1,11500.0,0.0,3790.0
1568,30,21 a 30,3100.0,Média-Baixa,39,0,2,3100.0,0.0,1320.0
1569,32,31 a 45,9800.0,Média,45,1,0,6800.0,0.0,3390.0
1570,35,31 a 45,24400.0,Alta,50,2,1,22000.0,0.0,7820.0
1571,42,31 a 45,4500.0,Média-Baixa,56,0,2,4500.0,0.0,1910.0
1572,45,31 a 45,9800.0,Média,61,0,0,9800.0,0.0,3550.0
1573,48,46 a 55,15000.0,Média-Alta,67,2,1,15000.0,0.0,5170.0
1574,51,46 a 55,6100.0,Média,72,0,2,6100.0,0.0,2550.0
1575,23,21 a 30,9000.0,Média,78,1,0,9000.0,0.0,3480.0
1576,28,21 a 30,17500.0,Média-Alta,83,3,1,17500.0,0.0,6080.0
1577,30,21 a 30,17000.0,Média-Alta,89,1,2,13000.0,0.0,5990.0
1578,32,31 a 45,8500.0,Média,94,1,0,5300.0,0.0,3490.0
1579,35,31 a 45,18300.0,Média-Alta,98,3,1,18300.0,0.0,6470.0
1580,42,31 a 45,1800.0,Baixa,12,0,0,1800.0,0.0,660.0
1581,45,31 a 45,4800.0,Média-Baixa,18,0,1,4800.0,0.0,1620.0
1582,48,46 a 55,2200.0,Baixa,23,1,2,2200.0,0.0,890.0
1583,51,46 a 55,3900.0,Média-Baixa,28,0,0,3900.0,0.0,1450.0
1584,53,46 a 55,11500.0,Média-Alta,34,1,1,11500.0,0.0,3790.0
1585,55,46 a 55,3100.0,Média-Baixa,39,0,2,3100.0,0.0,1320.0
1586,57,Maior que 55,1800.0,Baixa,12,0,0,1800.0,0.0,660.0
1587,62,Maior que 55,4800.0,Média-Baixa,18,0,1,4800.0,0.0,1620.0
1588,65,Maior que 55,2200.0,Baixa,23,1,2,2200.0,0.0,890.0
1589,19,Até 20,3900.0,Média-Baixa,28,0,0,3900.0,0.0,1450.0
1590,23,21 a 30,11500.0,Média-Alta,34,1,1,11500.0,0.0,3790.0
1591,25,21 a 30,3100.0,Média-Baixa,39,0,2,3100.0,0.0,1320.0
1592,27,21 a 30,9800.0,Média,45,1,0,6800.0,0.0,3390.0
1593,28,21 a 30,24400.0,Alta,50,2,1,22000.0,0.0,7820.0
1594,30,21 a 30,4500.0,Média-Baixa,56,0,2,4500.0,0.0,1910.0
1595,32,31 a 45,9800.0,Média,61,0,0,9800.0,0.0,3550.0
1596,35,31 a 45,15000.0,Média-Alta,67,2,1,15000.0,0.0,5170.0
1597,42,31 a 45,6100.0,Média,72,0,2,6100.0,0.0,2550.0
1598,45,31 a 45,9000.0,Média,78,1,0,9000.0,0.0,3480.0
1599,48,46 a 55,17500.0,Média-Alta,83,3,1,17500.0,0.0,6080.0
1600,51,46 a 55,17000.0,Média-Alta,89,1,2,13000.0,0.0,5990.0
1601,53,46 a 55,8500.0,Média,94,1,0,5300.0,0.0,3490.0
1602,55,46 a 55,18300.0,Média-Alta,98,3,1,18300.0,0.0,6470.0
1603,57,Maior que 55,1800.0,Baixa,12,0,0,1800.0,0.0,660.0
1604,62,Maior que 55,4800.0,Média-Baixa,18,0,1,4800.0,0.0,1620.0
1605,65,Maior que 55,2200.0,Baixa,23,1,2,2200.0,0.0,890.0
1606,19,Até 20,3900.0,Média-Baixa,28,0,0,3900.0,0.0,1450.0
1607,23,21 a 30,11500.0,Média-Alta,34,1,1,11500.0,0.0,3790.0
1608,25,21 a 30,3100.0,Média-Baixa,39,0,2,3100.0,0.0,1320.0
1609,27,21 a 30,1800.0,Baixa,12,0,0,1800.0,0.0,660.0
1610,28,21 a 30,4800.0,Média-Baixa,18,0,1,4800.0,0.0,1620.0
1611,30,21 a 30,2200.0,Baixa,23,1,2,2200.0,0.0,890.0
1612,32,31 a 45,3900.0,Média-Baixa,28,0,0,3900.0,0.0,1450.0
1613,35,31 a 45,11500.0,Média-Alta,34,1,1,11500.0,0.0,3790.0
1614,42,31 a 45,3100.0,Média-Baixa,39,0,2,3100.0,0.0,1320.0
1615,45,31 a 45,9800.0,Média,45,1,0,6800.0,0.0,3390.0
1616,48,46 a 55,24400.0,Alta,50,2,1,22000.0,0.0,7820.0
1617,51,46 a 55,4500.0,Média-Baixa,56,0,2,4500.0,0.0,1910.0
1618,53,46 a 55,9800.0,Média,61,0,0,9800.0,0.0,3550.0
1619,55,46 a 55,15000.0,Média-Alta,67,2,1,15000.0,0.0,5170.0
1620,57,Maior que 55,6100.0,Média,72,0,2,6100.0,0.0,2550.0
1621,62,Maior que 55,9000.0,Média,78,1,0,9000.0,0.0,3480.0
1622,65,Maior que 55,17500.0,Média-Alta,83,3,1,17500.0,0.0,6080.0
1623,19,Até 20,17000.0,Média-Alta,89,1,2,13000.0,0.0,5990.0
1624,23,21 a 30,8500.0,Média,94,1,0,5300.0,0.0,3490.0
1625,25,21 a 30,18300.0,Média-Alta,98,3,1,18300.0,0.0,6470.0
1626,27,21 a 30,1800.0,Baixa,12,0,0,1800.0,0.0,660.0
1627,28,21 a 30,4800.0,Média-Baixa,18,0,1,4800.0,0.0,1620.0
1628,30,21 a 30,2200.0,Baixa,23,1,2,2200.0,0.0,890.0
1629,32,31 a 45,3900.0,Média-Baixa,28,0,0,3900.0,0.0,1450.0
1630,35,31 a 45,11500.0,Média-Alta,34,1,1,11500.0,0.0,3790.0
1631,42,31 a 45,3100.0,Média-Baixa,39,0,2,3100.0,0.0,1320.0
1632,45,31 a 45,1800.0,Baixa,12,0,0,1800.0,0.0,660.0
1633,48,46 a 55,4800.0,Média-Baixa,18,0,1,4800.0,0.0,1620.0
1634,51,46 a 55,2200.0,Baixa,23,1,2,2200.0,0.0,890.0
1635,53,46 a 55,3900.0,Média-Baixa,28,0,0,3900.0,0.0,1450.0
1636,55,46 a 55,11500.0,Média-Alta,34,1,1,11500.0,0.0,3790.0
1637,57,Maior que 55,3100.0,Média-Baixa,39,0,2,3100.0,0.0,1320.0
1638,62,Maior que 55,9800.0,Média,45,1,0,6800.0,0.0,3390.0
1639,65,Maior que 55,24400.0,Alta,50,2,1,22000.0,0.0,7820.0
1640,19,Até 20,4500.0,Média-Baixa,56,0,2,4500.0,0.0,1910.0
1641,23,21 a 30,9800.0,Média,61,0,0,9800.0,0.0,3550.0
1642,25,21 a 30,15000.0,Média-Alta,67,2,1,15000.0,0.0,5170.0
1643,27,21 a 30,6100.0,Média,72,0,2,6100.0,0.0,2550.0
1644,28,21 a 30,9000.0,Média,78,1,0,9000.0,0.0,3480.0
1645,30,21 a 30,17500.0,Média-Alta,83,3,1,17500.0,0.0,6080.0
1646,32,31 a 45,17000.0,Média-Alta,89,1,2,13000.0,0.0,5990.0
1647,35,31 a 45,8500.0,Média,94,1,0,5300.0,0.0,3490.0
1648,42,31 a 45,18300.0,Média-Alta,98,3,1,18300.0,0.0,6470.0
1649,45,31 a 45,1800.0,Baixa,12,0,0,1800.0,0.0,660.0
1650,48,46 a 55,4800.0,Média-Baixa,18,0,1,4800.0,0.0,1620.0
1651,51,46 a 55,2200.0,Baixa,23,1,2,2200.0,0.0,890.0
1652,23,21 a 30,3900.0,Média-Baixa,28,0,0,3900.0,0.0,1450.0
1653,28,21 a 30,11500.0,Média-Alta,34,1,1,11500.0,0.0,3790.0
1654,30,21 a 30,3100.0,Média-Baixa,39,0,2,3100.0,0.0,1320.0
1655,32,31 a 45,1800.0,Baixa,12,0,0,1800.0,0.0,660.0
1656,35,31 a 45,4800.0,Média-Baixa,18,0,1,4800.0,0.0,1620.0
1657,42,31 a 45,2200.0,Baixa,23,1,2,2200.0,0.0,890.0
1658,45,31 a 45,3900.0,Média-Baixa,28,0,0,3900.0,0.0,1450.0
1659,48,46 a 55,11500.0,Média-Alta,34,1,1,11500.0,0.0,3790.0
1660,51,46 a 55,3100.0,Média-Baixa,39,0,2,3100.0,0.0,1320.0
1661,53,46 a 55,9800.0,Média,45,1,0,6800.0,0.0,3390.0
1662,55,46 a 55,24400.0,Alta,50,2,1,22000.0,0.0,7820.0
1663,57,Maior que 55,4500.0,Média-Baixa,56,0,2,4500.0,0.0,1910.0
1664,62,Maior que 55,9800.0,Média,61,0,0,9800.0,0.0,3550.0
1665,65,Maior que 55,15000.0,Média-Alta,67,2,1,15000.0,0.0,5170.0
1666,19,Até 20,6100.0,Média,72,0,2,6100.0,0.0,2550.0
1667,23,21 a 30,9000.0,Média,78,1,0,9000.0,0.0,3480.0
1668,25,21 a 30,17500.0,Média-Alta,83,3,1,17500.0,0.0,6080.0
1669,27,21 a 30,17000.0,Média-Alta,89,1,2,13000.0,0.0,5990.0
1670,28,21 a 30,8500.0,Média,94,1,0,5300.0,0.0,3490.0
1671,30,21 a 30,18300.0,Média-Alta,98,3,1,18300.0,0.0,6470.0
1672,32,31 a 45,1800.0,Baixa,12,0,0,1800.0,0.0,660.0
1673,35,31 a 45,4800.0,Média-Baixa,18,0,1,4800.0,0.0,1620.0
1674,42,31 a 45,2200.0,Baixa,23,1,2,2200.0,0.0,890.0
1675,45,31 a 45,3900.0,Média-Baixa,28,0,0,3900.0,0.0,1450.0
1676,48,46 a 55,11500.0,Média-Alta,34,1,1,11500.0,0.0,3790.0
1677,51,46 a 55,3100.0,Média-Baixa,39,0,2,3100.0,0.0,1320.0
1678,53,46 a 55,1800.0,Baixa,12,0,0,1800.0,0.0,660.0
1679,55,46 a 55,4800.0,Média-Baixa,18,0,1,4800.0,0.0,1620.0
1680,57,Maior que 55,2200.0,Baixa,23,1,2,2200.0,0.0,890.0
1681,62,Maior que 55,3900.0,Média-Baixa,28,0,0,3900.0,0.0,1450.0
1682,65,Maior que 55,11500.0,Média-Alta,34,1,1,11500.0,0.0,3790.0
1683,19,Até 20,3100.0,Média-Baixa,39,0,2,3100.0,0.0,1320.0
1684,23,21 a 30,9800.0,Média,45,1,0,6800.0,0.0,3390.0
1685,25,21 a 30,24400.0,Alta,50,2,1,22000.0,0.0,7820.0
1686,27,21 a 30,4500.0,Média-Baixa,56,0,2,4500.0,0.0,1910.0
1687,28,21 a 30,9800.0,Média,61,0,0,9800.0,0.0,3550.0
1688,30,21 a 30,15000.0,Média-Alta,67,2,1,15000.0,0.0,5170.0
1689,32,31 a 45,6100.0,Média,72,0,2,6100.0,0.0,2550.0
1690,35,31 a 45,9000.0,Média,78,1,0,9000.0,0.0,3480.0
1691,42,31 a 45,17500.0,Média-Alta,83,3,1,17500.0,0.0,6080.0
1692,45,31 a 45,17000.0,Média-Alta,89,1,2,13000.0,0.0,5990.0
1693,48,46 a 55,8500.0,Média,94,1,0,5300.0,0.0,3490.0
1694,51,46 a 55,18300.0,Média-Alta,98,3,1,18300.0,0.0,6470.0
1695,53,46 a 55,1800.0,Baixa,12,0,0,1800.0,0.0,660.0
1696,55,46 a 55,4800.0,Média-Baixa,18,0,1,4800.0,0.0,1620.0
1697,57,Maior que 55,2200.0,Baixa,23,1,2,2200.0,0.0,890.0
1698,62,Maior que 55,3900.0,Média-Baixa,28,0,0,3900.0,0.0,1450.0
1699,65,Maior que 55,11500.0,Média-Alta,34,1,1,11500.0,0.0,3790.0
1700,19,Até 20,3100.0,Média-Baixa,39,0,2,3100.0,0.0,1320.0
1701,23,21 a 30,1800.0,Baixa,12,0,0,1800.0,0.0,660.0
1702,25,21 a 30,4800.0,Média-Baixa,18,0,1,4800.0,0.0,1620.0
1703,27,21 a 30,2200.0,Baixa,23,1,2,2200.0,0.0,890.0
1704,28,21 a 30,3900.0,Média-Baixa,28,0,0,3900.0,0.0,1450.0
1705,30,21 a 30,11500.0,Média-Alta,34,1,1,11500.0,0.0,3790.0
1706,32,31 a 45,3100.0,Média-Baixa,39,0,2,3100.0,0.0,1320.0
1707,35,31 a 45,9800.0,Média,45,1,0,6800.0,0.0,3390.0
1708,42,31 a 45,24400.0,Alta,50,2,1,22000.0,0.0,7820.0
1709,45,31 a 45,4500.0,Média-Baixa,56,0,2,4500.0,0.0,1910.0
1710,48,46 a 55,9800.0,Média,61,0,0,9800.0,0.0,3550.0
1711,51,46 a 55,15000.0,Média-Alta,67,2,1,15000.0,0.0,5170.0
1712,53,46 a 55,6100.0,Média,72,0,2,6100.0,0.0,2550.0
1713,55,46 a 55,9000.0,Média,78,1,0,9000.0,0.0,3480.0
1714,57,Maior que 55,17500.0,Média-Alta,83,3,1,17500.0,0.0,6080.0
1715,62,Maior que 55,17000.0,Média-Alta,89,1,2,13000.0,0.0,5990.0
1716,65,Maior que 55,8500.0,Média,94,1,0,5300.0,0.0,3490.0
1717,19,Até 20,18300.0,Média-Alta,98,3,1,18300.0,0.0,6470.0
1718,23,21 a 30,1800.0,Baixa,12,0,0,1800.0,0.0,660.0
1719,25,21 a 30,4800.0,Média-Baixa,18,0,1,4800.0,0.0,1620.0
1720,27,21 a 30,2200.0,Baixa,23,1,2,2200.0,0.0,890.0
1721,28,21 a 30,3900.0,Média-Baixa,28,0,0,3900.0,0.0,1450.0
1722,30,21 a 30,11500.0,Média-Alta,34,1,1,11500.0,0.0,3790.0
1723,32,31 a 45,3100.0,Média-Baixa,39,0,2,3100.0,0.0,1320.0
1724,35,31 a 45,1800.0,Baixa,12,0,0,1800.0,0.0,660.0
1725,42,31 a 45,4800.0,Média-Baixa,18,0,1,4800.0,0.0,1620.0
1726,45,31 a 45,2200.0,Baixa,23,1,2,2200.0,0.0,890.0
1727,48,46 a 55,3900.0,Média-Baixa,28,0,0,3900.0,0.0,1450.0
1728,51,46 a 55,11500.0,Média-Alta,34,1,1,11500.0,0.0,3790.0
1729,42,31 a 45,3100.0,Média-Baixa,39,0,2,3100.0,0.0,1320.0
1730,45,31 a 45,9800.0,Média,45,1,0,6800.0,0.0,3390.0
1731,48,46 a 55,24400.0,Alta,50,2,1,22000.0,0.0,7820.0
1732,51,46 a 55,4500.0,Média-Baixa,56,0,2,4500.0,0.0,1910.0
1733,48,46 a 55,9800.0,Média,61,0,0,9800.0,0.0,3550.0
1734,51,46 a 55,15000.0,Média-Alta,67,2,1,15000.0,0.0,5170.0
1735,48,46 a 55,6100.0,Média,72,0,2,6100.0,0.0,2550.0
1736,51,46 a 55,9000.0,Média,78,1,0,9000.0,0.0,3480.0
1737,48,46 a 55,17500.0,Média-Alta,83,3,1,17500.0,0.0,6080.0
1738,51,46 a 55,17000.0,Média-Alta,89,1,2,13000.0,0.0,5990.0
1739,48,46 a 55,8500.0,Média,94,1,0,5300.0,0.0,3490.0
1740,51,46 a 55,18300.0,Média-Alta,98,3,1,18300.0,0.0,6470.0
1741,48,46 a 55,1800.0,Baixa,12,0,0,1800.0,0.0,660.0
1742,51,46 a 55,4800.0,Média-Baixa,18,0,1,4800.0,0.0,1620.0
1743,48,46 a 55,2200.0,Baixa,23,1,2,2200.0,0.0,890.0
1744,51,46 a 55,3900.0,Média-Baixa,28,0,0,3900.0,0.0,1450.0
1745,48,46 a 55,11500.0,Média-Alta,34,1,1,11500.0,0.0,3790.0
1746,51,46 a 55,3100.0,Média-Baixa,39,0,2,3100.0,0.0,1320.0
1747,19,Até 20,1800.0,Baixa,12,0,0,1800.0,0.0,660.0
1748,23,21 a 30,4800.0,Média-Baixa,18,0,1,4800.0,0.0,1620.0
1749,25,21 a 30,2200.0,Baixa,23,1,2,2200.0,0.0,890.0
1750,27,21 a 30,3900.0,Média-Baixa,28,0,0,3900.0,0.0,1450.0
1751,28,21 a 30,11500.0,Média-Alta,34,1,1,11500.0,0.0,3790.0
1752,30,21 a 30,3100.0,Média-Baixa,39,0,2,3100.0,0.0,1320.0
1753,32,31 a 45,9800.0,Média,45,1,0,6800.0,0.0,3390.0
1754,35,31 a 45,24400.0,Alta,50,2,1,22000.0,0.0,7820.0
1755,42,31 a 45,4500.0,Média-Baixa,56,0,2,4500.0,0.0,1910.0
1756,45,31 a 45,9800.0,Média,61,0,0,9800.0,0.0,3550.0
1757,48,46 a 55,15000.0,Média-Alta,67,2,1,15000.0,0.0,5170.0
1758,51,46 a 55,6100.0,Média,72,0,2,6100.0,0.0,2550.0
1759,53,46 a 55,9000.0,Média,78,1,0,9000.0,0.0,3480.0
1760,55,46 a 55,17500.0,Média-Alta,83,3,1,17500.0,0.0,6080.0
1761,57,Maior que 55,17000.0,Média-Alta,89,1,2,13000.0,0.0,5990.0
1762,62,Maior que 55,8500.0,Média,94,1,0,5300.0,0.0,3490.0
1763,65,Maior que 55,18300.0,Média-Alta,98,3,1,18300.0,0.0,6470.0
1764,19,Até 20,1800.0,Baixa,12,0,0,1800.0,0.0,660.0
1765,23,21 a 30,4800.0,Média-Baixa,18,0,1,4800.0,0.0,1620.0
1766,25,21 a 30,2200.0,Baixa,23,1,2,2200.0,0.0,890.0
1767,27,21 a 30,3900.0,Média-Baixa,28,0,0,3900.0,0.0,1450.0
1768,28,21 a 30,11500.0,Média-Alta,34,1,1,11500.0,0.0,3790.0
1769,30,21 a 30,3100.0,Média-Baixa,39,0,2,3100.0,0.0,1320.0
1770,32,31 a 45,9800.0,Média,45,1,0,6800.0,0.0,3390.0
1771,35,31 a 45,24400.0,Alta,50,2,1,22000.0,0.0,7820.0
1772,42,31 a 45,4500.0,Média-Baixa,56,0,2,4500.0,0.0,1910.0
1773,45,31 a 45,9800.0,Média,61,0,0,9800.0,0.0,3550.0
1774,48,46 a 55,15000.0,Média-Alta,67,2,1,15000.0,0.0,5170.0
1775,51,46 a 55,6100.0,Média,72,0,2,6100.0,0.0,2550.0
1776,53,46 a 55,9000.0,Média,78,1,0,9000.0,0.0,3480.0
1777,55,46 a 55,17500.0,Média-Alta,83,3,1,17500.0,0.0,6080.0
1778,57,Maior que 55,17000.0,Média-Alta,89,1,2,13000.0,0.0,5990.0
1779,62,Maior que 55,8500.0,Média,94,1,0,5300.0,0.0,3490.0
1780,65,Maior que 55,18300.0,Média-Alta,98,3,1,18300.0,0.0,6470.0
1781,19,Até 20,1800.0,Baixa,12,0,0,1800.0,0.0,660.0
1782,23,21 a 30,4800.0,Média-Baixa,18,0,1,4800.0,0.0,1620.0
1783,25,21 a 30,2200.0,Baixa,23,1,2,2200.0,0.0,890.0
1784,27,21 a 30,3900.0,Média-Baixa,28,0,0,3900.0,0.0,1450.0
1785,28,21 a 30,11500.0,Média-Alta,34,1,1,11500.0,0.0,3790.0
1786,30,21 a 30,3100.0,Média-Baixa,39,0,2,3100.0,0.0,1320.0
1787,32,31 a 45,9800.0,Média,45,1,0,6800.0,0.0,3390.0
1788,35,31 a 45,24400.0,Alta,50,2,1,22000.0,0.0,7820.0
1789,42,31 a 45,4500.0,Média-Baixa,56,0,2,4500.0,0.0,1910.0
1790,45,31 a 45,9800.0,Média,61,0,0,9800.0,0.0,3550.0
1791,48,46 a 55,15000.0,Média-Alta,67,2,1,15000.0,0.0,5170.0
1792,51,46 a 55,6100.0,Média,72,0,2,6100.0,0.0,2550.0
1793,53,46 a 55,9000.0,Média,78,1,0,9000.0,0.0,3480.0
1794,55,46 a 55,17500.0,Média-Alta,83,3,1,17500.0,0.0,6080.0
1795,57,Maior que 55,17000.0,Média-Alta,89,1,2,13000.0,0.0,5990.0
1796,62,Maior que 55,8500.0,Média,94,1,0,5300.0,0.0,3490.0
1797,65,Maior que 55,18300.0,Média-Alta,98,3,1,18300.0,0.0,6470.0
1798,19,Até 20,1800.0,Baixa,12,0,0,1800.0,0.0,660.0
1799,23,21 a 30,4800.0,Média-Baixa,18,0,1,4800.0,0.0,1620.0
1800,25,21 a 30,2200.0,Baixa,23,1,2,2200.0,0.0,890.0
1801,27,21 a 30,3900.0,Média-Baixa,28,0,0,3900.0,0.0,1450.0
1802,28,21 a 30,11500.0,Média-Alta,34,1,1,11500.0,0.0,3790.0
1803,30,21 a 30,3100.0,Média-Baixa,39,0,2,3100.0,0.0,1320.0
1804,32,31 a 45,9800.0,Média,45,1,0,6800.0,0.0,3390.0
1805,35,31 a 45,24400.0,Alta,50,2,1,22000.0,0.0,7820.0
1806,42,31 a 45,4500.0,Média-Baixa,56,0,2,4500.0,0.0,1910.0
1807,45,31 a 45,9800.0,Média,61,0,0,9800.0,0.0,3550.0
1808,48,46 a 55,15000.0,Média-Alta,67,2,1,15000.0,0.0,5170.0
1809,51,46 a 55,6100.0,Média,72,0,2,6100.0,0.0,2550.0
1810,53,46 a 55,9000.0,Média,78,1,0,9000.0,0.0,3480.0
1811,55,46 a 55,17500.0,Média-Alta,83,3,1,17500.0,0.0,6080.0
1812,57,Maior que 55,17000.0,Média-Alta,89,1,2,13000.0,0.0,5990.0
1813,62,Maior que 55,8500.0,Média,94,1,0,5300.0,0.0,3490.0
1814,65,Maior que 55,18300.0,Média-Alta,98,3,1,18300.0,0.0,6470.0
1815,19,Até 20,1800.0,Baixa,12,0,0,1800.0,0.0,660.0
1816,23,21 a 30,4800.0,Média-Baixa,18,0,1,4800.0,0.0,1620.0
1817,25,21 a 30,2200.0,Baixa,23,1,2,2200.0,0.0,890.0
1818,27,21 a 30,3900.0,Média-Baixa,28,0,0,3900.0,0.0,1450.0
1819,28,21 a 30,11500.0,Média-Alta,34,1,1,11500.0,0.0,3790.0
1820,30,21 a 30,3100.0,Média-Baixa,39,0,2,3100.0,0.0,1320.0
1821,32,31 a 45,9800.0,Média,45,1,0,6800.0,0.0,3390.0
1822,35,31 a 45,24400.0,Alta,50,2,1,22000.0,0.0,7820.0
1823,42,31 a 45,4500.0,Média-Baixa,56,0,2,4500.0,0.0,1910.0
1824,45,31 a 45,9800.0,Média,61,0,0,9800.0,0.0,3550.0
1825,48,46 a 55,15000.0,Média-Alta,67,2,1,15000.0,0.0,5170.0
1826,51,46 a 55,6100.0,Média,72,0,2,6100.0,0.0,2550.0
1827,53,46 a 55,9000.0,Média,78,1,0,9000.0,0.0,3480.0
1828,55,46 a 55,17500.0,Média-Alta,83,3,1,17500.0,0.0,6080.0
1829,57,Maior que 55,17000.0,Média-Alta,89,1,2,13000.0,0.0,5990.0
1830,62,Maior que 55,8500.0,Média,94,1,0,5300.0,0.0,3490.0
1831,65,Maior que 55,18300.0,Média-Alta,98,3,1,18300.0,0.0,6470.0
1832,19,Até 20,1800.0,Baixa,12,0,0,1800.0,0.0,660.0
1833,23,21 a 30,4800.0,Média-Baixa,18,0,1,4800.0,0.0,1620.0
1834,25,21 a 30,2200.0,Baixa,23,1,2,2200.0,0.0,890.0
1835,27,21 a 30,3900.0,Média-Baixa,28,0,0,3900.0,0.0,1450.0
1836,28,21 a 30,11500.0,Média-Alta,34,1,1,11500.0,0.0,3790.0
1837,30,21 a 30,3100.0,Média-Baixa,39,0,2,3100.0,0.0,1320.0
1838,32,31 a 45,9800.0,Média,45,1,0,6800.0,0.0,3390.0
1839,35,31 a 45,24400.0,Alta,50,2,1,22000.0,0.0,7820.0
1840,42,31 a 45,4500.0,Média-Baixa,56,0,2,4500.0,0.0,1910.0
1841,45,31 a 45,9800.0,Média,61,0,0,9800.0,0.0,3550.0
1842,48,46 a 55,15000.0,Média-Alta,67,2,1,15000.0,0.0,5170.0
1843,51,46 a 55,6100.0,Média,72,0,2,6100.0,0.0,2550.0
1844,53,46 a 55,9000.0,Média,78,1,0,9000.0,0.0,3480.0
1845,55,46 a 55,17500.0,Média-Alta,83,3,1,17500.0,0.0,6080.0
1846,57,Maior que 55,17000.0,Média-Alta,89,1,2,13000.0,0.0,5990.0
1847,62,Maior que 55,8500.0,Média,94,1,0,5300.0,0.0,3490.0
1848,65,Maior que 55,18300.0,Média-Alta,98,3,1,18300.0,0.0,6470.0
1849,19,Até 20,1800.0,Baixa,12,0,0,1800.0,0.0,660.0
1850,23,21 a 30,4800.0,Média-Baixa,18,0,1,4800.0,0.0,1620.0
1851,25,21 a 30,2200.0,Baixa,23,1,2,2200.0,0.0,890.0
1852,27,21 a 30,3900.0,Média-Baixa,28,0,0,3900.0,0.0,1450.0
1853,28,21 a 30,11500.0,Média-Alta,34,1,1,11500.0,0.0,3790.0
1854,30,21 a 30,3100.0,Média-Baixa,39,0,2,3100.0,0.0,1320.0
1855,32,31 a 45,9800.0,Média,45,1,0,6800.0,0.0,3390.0
1856,35,31 a 45,24400.0,Alta,50,2,1,22000.0,0.0,7820.0
1857,42,31 a 45,4500.0,Média-Baixa,56,0,2,4500.0,0.0,1910.0
1858,45,31 a 45,9800.0,Média,61,0,0,9800.0,0.0,3550.0
1859,48,46 a 55,15000.0,Média-Alta,67,2,1,15000.0,0.0,5170.0
1860,51,46 a 55,6100.0,Média,72,0,2,6100.0,0.0,2550.0
1861,53,46 a 55,9000.0,Média,78,1,0,9000.0,0.0,3480.0
1862,55,46 a 55,17500.0,Média-Alta,83,3,1,17500.0,0.0,6080.0
1863,57,Maior que 55,17000.0,Média-Alta,89,1,2,13000.0,0.0,5990.0
1864,62,Maior que 55,8500.0,Média,94,1,0,5300.0,0.0,3490.0
1865,65,Maior que 55,18300.0,Média-Alta,98,3,1,18300.0,0.0,6470.0
1866,19,Até 20,1800.0,Baixa,12,0,0,1800.0,0.0,660.0
1867,23,21 a 30,4800.0,Média-Baixa,18,0,1,4800.0,0.0,1620.0
1868,25,21 a 30,2200.0,Baixa,23,1,2,2200.0,0.0,890.0
1869,27,21 a 30,3900.0,Média-Baixa,28,0,0,3900.0,0.0,1450.0
1870,28,21 a 30,11500.0,Média-Alta,34,1,1,11500.0,0.0,3790.0
1871,30,21 a 30,3100.0,Média-Baixa,39,0,2,3100.0,0.0,1320.0
1872,32,31 a 45,9800.0,Média,45,1,0,6800.0,0.0,3390.0
1873,35,31 a 45,24400.0,Alta,50,2,1,22000.0,0.0,7820.0
1874,42,31 a 45,4500.0,Média-Baixa,56,0,2,4500.0,0.0,1910.0
1875,45,31 a 45,9800.0,Média,61,0,0,9800.0,0.0,3550.0
1876,48,46 a 55,15000.0,Média-Alta,67,2,1,15000.0,0.0,5170.0
1877,51,46 a 55,6100.0,Média,72,0,2,6100.0,0.0,2550.0
1878,53,46 a 55,9000.0,Média,78,1,0,9000.0,0.0,3480.0
1879,55,46 a 55,17500.0,Média-Alta,83,3,1,17500.0,0.0,6080.0
1880,57,Maior que 55,17000.0,Média-Alta,89,1,2,13000.0,0.0,5990.0
1881,62,Maior que 55,8500.0,Média,94,1,0,5300.0,0.0,3490.0
1882,65,Maior que 55,18300.0,Média-Alta,98,3,1,18300.0,0.0,6470.0
1883,19,Até 20,1800.0,Baixa,12,0,0,1800.0,0.0,660.0
1884,23,21 a 30,4800.0,Média-Baixa,18,0,1,4800.0,0.0,1620.0
1885,25,21 a 30,2200.0,Baixa,23,1,2,2200.0,0.0,890.0
1886,27,21 a 30,3900.0,Média-Baixa,28,0,0,3900.0,0.0,1450.0
1887,28,21 a 30,11500.0,Média-Alta,34,1,1,11500.0,0.0,3790.0
1888,30,21 a 30,3100.0,Média-Baixa,39,0,2,3100.0,0.0,1320.0
1889,32,31 a 45,9800.0,Média,45,1,0,6800.0,0.0,3390.0
1890,35,31 a 45,24400.0,Alta,50,2,1,22000.0,0.0,7820.0
1891,42,31 a 45,4500.0,Média-Baixa,56,0,2,4500.0,0.0,1910.0
1892,45,31 a 45,9800.0,Média,61,0,0,9800.0,0.0,3550.0
1893,48,46 a 55,15000.0,Média-Alta,67,2,1,15000.0,0.0,5170.0
1894,51,46 a 55,6100.0,Média,72,0,2,6100.0,0.0,2550.0
1895,53,46 a 55,9000.0,Média,78,1,0,9000.0,0.0,3480.0
1896,55,46 a 55,17500.0,Média-Alta,83,3,1,17500.0,0.0,6080.0
1897,57,Maior que 55,17000.0,Média-Alta,89,1,2,13000.0,0.0,5990.0
1898,62,Maior que 55,8500.0,Média,94,1,0,5300.0,0.0,3490.0
1899,65,Maior que 55,18300.0,Média-Alta,98,3,1,18300.0,0.0,6470.0
1900,19,Até 20,1800.0,Baixa,12,0,0,1800.0,0.0,660.0
1901,23,21 a 30,4800.0,Média-Baixa,18,0,1,4800.0,0.0,1620.0
1902,25,21 a 30,2200.0,Baixa,23,1,2,2200.0,0.0,890.0
1903,27,21 a 30,3900.0,Média-Baixa,28,0,0,3900.0,0.0,1450.0
1904,28,21 a 30,11500.0,Média-Alta,34,1,1,11500.0,0.0,3790.0
1905,30,21 a 30,3100.0,Média-Baixa,39,0,2,3100.0,0.0,1320.0
1906,32,31 a 45,9800.0,Média,45,1,0,6800.0,0.0,3390.0
1907,35,31 a 45,1800.0,Baixa,12,0,0,1800.0,0.0,660.0
1908,42,31 a 45,4800.0,Média-Baixa,18,0,1,4800.0,0.0,1620.0
1909,45,31 a 45,2200.0,Baixa,23,1,2,2200.0,0.0,890.0
1910,48,46 a 55,3900.0,Média-Baixa,28,0,0,3900.0,0.0,1450.0
1911,51,46 a 55,11500.0,Média-Alta,34,1,1,11500.0,0.0,3790.0
1912,53,46 a 55,3100.0,Média-Baixa,39,0,2,3100.0,0.0,1320.0
1913,55,46 a 55,9800.0,Média,45,1,0,6800.0,0.0,3390.0
1914,57,Maior que 55,24400.0,Alta,50,2,1,22000.0,0.0,7820.0
1915,62,Maior que 55,4500.0,Média-Baixa,56,0,2,4500.0,0.0,1910.0
1916,65,Maior que 55,9800.0,Média,61,0,0,9800.0,0.0,3550.0
1917,19,Até 20,15000.0,Média-Alta,67,2,1,15000.0,0.0,5170.0
1918,23,21 a 30,6100.0,Média,72,0,2,6100.0,0.0,2550.0
1919,25,21 a 30,9000.0,Média,78,1,0,9000.0,0.0,3480.0
1920,28,21 a 30,17500.0,Média-Alta,83,3,1,17500.0,0.0,6080.0
1921,28,21 a 30,17000.0,Média-Alta,89,1,2,13000.0,0.0,5990.0
1922,30,21 a 30,8500.0,Média,94,1,0,5300.0,0.0,3490.0
1923,32,31 a 45,18300.0,Média-Alta,98,3,1,18300.0,0.0,6470.0
1924,35,31 a 45,1800.0,Baixa,12,0,0,1800.0,0.0,660.0
1925,42,31 a 45,4800.0,Média-Baixa,18,0,1,4800.0,0.0,1620.0
1926,45,31 a 45,2200.0,Baixa,23,1,2,2200.0,0.0,890.0
1927,48,46 a 55,3900.0,Média-Baixa,28,0,0,3900.0,0.0,1450.0
1928,51,46 a 55,11500.0,Média-Alta,34,1,1,11500.0,0.0,3790.0
1929,53,46 a 55,3100.0,Média-Baixa,39,0,2,3100.0,0.0,1320.0
1930,55,46 a 55,9800.0,Média,45,1,0,6800.0,0.0,3390.0
1931,57,Maior que 55,1800.0,Baixa,12,0,0,1800.0,0.0,660.0
1932,62,Maior que 55,4800.0,Média-Baixa,18,0,1,4800.0,0.0,1620.0
1933,65,Maior que 55,2200.0,Baixa,23,1,2,2200.0,0.0,890.0
1934,19,Até 20,3900.0,Média-Baixa,28,0,0,3900.0,0.0,1450.0
1935,23,21 a 30,11500.0,Média-Alta,34,1,1,11500.0,0.0,3790.0
1936,25,21 a 30,3100.0,Média-Baixa,39,0,2,3100.0,0.0,1320.0
1937,27,21 a 30,9800.0,Média,45,1,0,6800.0,0.0,3390.0
1938,28,21 a 30,24400.0,Alta,50,2,1,22000.0,0.0,7820.0
1939,30,21 a 30,4500.0,Média-Baixa,56,0,2,4500.0,0.0,1910.0
1940,32,31 a 45,9800.0,Média,61,0,0,9800.0,0.0,3550.0
1941,35,31 a 45,15000.0,Média-Alta,67,2,1,15000.0,0.0,5170.0
1942,42,31 a 45,6100.0,Média,72,0,2,6100.0,0.0,2550.0
1943,45,31 a 45,9000.0,Média,78,1,0,9000.0,0.0,3480.0
1944,48,46 a 55,17500.0,Média-Alta,83,3,1,17500.0,0.0,6080.0
1945,51,46 a 55,17000.0,Média-Alta,89,1,2,13000.0,0.0,5990.0
1946,53,46 a 55,8500.0,Média,94,1,0,5300.0,0.0,3490.0
1947,55,46 a 55,18300.0,Média-Alta,98,3,1,18300.0,0.0,6470.0
1948,57,Maior que 55,1800.0,Baixa,12,0,0,1800.0,0.0,660.0
1949,62,Maior que 55,4800.0,Média-Baixa,18,0,1,4800.0,0.0,1620.0
1950,65,Maior que 55,2200.0,Baixa,23,1,2,2200.0,0.0,890.0
1951,19,Até 20,3900.0,Média-Baixa,28,0,0,3900.0,0.0,1450.0
1952,23,21 a 30,11500.0,Média-Alta,34,1,1,11500.0,0.0,3790.0
1953,25,21 a 30,3100.0,Média-Baixa,39,0,2,3100.0,0.0,1320.0
1954,27,21 a 30,9800.0,Média,45,1,0,6800.0,0.0,3390.0
1955,28,21 a 30,1800.0,Baixa,12,0,0,1800.0,0.0,660.0
1956,30,21 a 30,4800.0,Média-Baixa,18,0,1,4800.0,0.0,1620.0
1957,32,31 a 45,2200.0,Baixa,23,1,2,2200.0,0.0,890.0
1958,35,31 a 45,3900.0,Média-Baixa,28,0,0,3900.0,0.0,1450.0
1959,42,31 a 45,11500.0,Média-Alta,34,1,1,11500.0,0.0,3790.0
1960,45,31 a 45,3100.0,Média-Baixa,39,0,2,3100.0,0.0,1320.0
1961,48,46 a 55,9800.0,Média,45,1,0,6800.0,0.0,3390.0
1962,51,46 a 55,24400.0,Alta,50,2,1,22000.0,0.0,7820.0
1963,53,46 a 55,4500.0,Média-Baixa,56,0,2,4500.0,0.0,1910.0
1964,55,46 a 55,9800.0,Média,61,0,0,9800.0,0.0,3550.0
1965,57,Maior que 55,15000.0,Média-Alta,67,2,1,15000.0,0.0,5170.0
1966,62,Maior que 55,6100.0,Média,72,0,2,6100.0,0.0,2550.0
1967,65,Maior que 55,9000.0,Média,78,1,0,9000.0,0.0,3480.0
1968,19,Até 20,17500.0,Média-Alta,83,3,1,17500.0,0.0,6080.0
1969,23,21 a 30,17000.0,Média-Alta,89,1,2,13000.0,0.0,5990.0
1970,25,21 a 30,8500.0,Média,94,1,0,5300.0,0.0,3490.0
1971,27,21 a 30,18300.0,Média-Alta,98,3,1,18300.0,0.0,6470.0
1972,28,21 a 30,1800.0,Baixa,12,0,0,1800.0,0.0,660.0
1973,30,21 a 30,4800.0,Média-Baixa,18,0,1,4800.0,0.0,1620.0
1974,32,31 a 45,2200.0,Baixa,23,1,2,2200.0,0.0,890.0
1975,35,31 a 45,3900.0,Média-Baixa,28,0,0,3900.0,0.0,1450.0
1976,42,31 a 45,11500.0,Média-Alta,34,1,1,11500.0,0.0,3790.0
1977,45,31 a 45,3100.0,Média-Baixa,39,0,2,3100.0,0.0,1320.0
1978,48,46 a 55,9800.0,Média,45,1,0,6800.0,0.0,3390.0
1979,51,46 a 55,1800.0,Baixa,12,0,0,1800.0,0.0,660.0
1980,53,46 a 55,4800.0,Média-Baixa,18,0,1,4800.0,0.0,1620.0
1981,55,46 a 55,2200.0,Baixa,23,1,2,2200.0,0.0,890.0
1982,57,Maior que 55,3900.0,Média-Baixa,28,0,0,3900.0,0.0,1450.0
1983,62,Maior que 55,11500.0,Média-Alta,34,1,1,11500.0,0.0,3790.0
1984,65,Maior que 55,3100.0,Média-Baixa,39,0,2,3100.0,0.0,1320.0
1985,19,Até 20,9800.0,Média,45,1,0,6800.0,0.0,3390.0
1986,23,21 a 30,24400.0,Alta,50,2,1,22000.0,0.0,7820.0
1987,25,21 a 30,4500.0,Média-Baixa,56,0,2,4500.0,0.0,1910.0
1988,27,21 a 30,9800.0,Média,61,0,0,9800.0,0.0,3550.0
1989,28,21 a 30,15000.0,Média-Alta,67,2,1,15000.0,0.0,5170.0
1990,30,21 a 30,6100.0,Média,72,0,2,6100.0,0.0,2550.0
1991,32,31 a 45,9000.0,Média,78,1,0,9000.0,0.0,3480.0
1992,35,31 a 45,17500.0,Média-Alta,83,3,1,17500.0,0.0,6080.0
1993,42,31 a 45,17000.0,Média-Alta,89,1,2,13000.0,0.0,5990.0
1994,45,31 a 45,8500.0,Média,94,1,0,5300.0,0.0,3490.0
1995,48,46 a 55,18300.0,Média-Alta,98,3,1,18300.0,0.0,6470.0
1996,51,46 a 55,1800.0,Baixa,12,0,0,1800.0,0.0,660.0
1997,53,46 a 55,4800.0,Média-Baixa,18,0,1,4800.0,0.0,1620.0
1998,55,46 a 55,2200.0,Baixa,23,1,2,2200.0,0.0,890.0
1999,57,Maior que 55,3900.0,Média-Baixa,28,0,0,3900.0,0.0,1450.0
2000,62,Maior que 55,11500.0,Média-Alta,34,1,1,11500.0,0.0,3790.0
2001,65,Maior que 55,3100.0,Média-Baixa,39,0,2,3100.0,0.0,1320.0
2002,65,Maior que 55,9800.0,Média,45,1,0,6800.0,0.0,3390.0
2003,23,21 a 30,15000.0,Média-Alta,67,2,1,15000.0,0.0,5170.0
2004,28,21 a 30,6100.0,Média,72,0,2,6100.0,0.0,2550.0
2005,30,21 a 30,9000.0,Média,78,1,0,9000.0,0.0,3480.0
2006,32,31 a 45,17500.0,Média-Alta,83,3,1,17500.0,0.0,6080.0
2007,35,31 a 45,17000.0,Média-Alta,89,1,2,13000.0,0.0,5990.0
2008,42,31 a 45,8500.0,Média,94,1,0,5300.0,0.0,3490.0
2009,45,31 a 45,18300.0,Média-Alta,98,3,1,18300.0,0.0,6470.0
2010,48,46 a 55,1800.0,Baixa,12,0,0,1800.0,0.0,660.0
2011,51,46 a 55,4800.0,Média-Baixa,18,0,1,4800.0,0.0,1620.0
2012,53,46 a 55,2200.0,Baixa,23,1,2,2200.0,0.0,890.0
2013,55,46 a 55,3900.0,Média-Baixa,28,0,0,3900.0,0.0,1450.0
2014,57,Maior que 55,11500.0,Média-Alta,34,1,1,11500.0,0.0,3790.0
2015,62,Maior que 55,3100.0,Média-Baixa,39,0,2,3100.0,0.0,1320.0
2016,65,Maior que 55,9800.0,Média,45,1,0,6800.0,0.0,3390.0
2017,19,Até 20,1800.0,Baixa,12,0,0,1800.0,0.0,660.0
2018,23,21 a 30,4800.0,Média-Baixa,18,0,1,4800.0,0.0,1620.0
2019,25,21 a 30,2200.0,Baixa,23,1,2,2200.0,0.0,890.0
2020,27,21 a 30,3900.0,Média-Baixa,28,0,0,3900.0,0.0,1450.0
2021,28,21 a 30,11500.0,Média-Alta,34,1,1,11500.0,0.0,3790.0
2022,30,21 a 30,3100.0,Média-Baixa,39,0,2,3100.0,0.0,1320.0
2023,32,31 a 45,9800.0,Média,45,1,0,6800.0,0.0,3390.0
2024,35,31 a 45,24400.0,Alta,50,2,1,22000.0,0.0,7820.0
2025,42,31 a 45,4500.0,Média-Baixa,56,0,2,4500.0,0.0,1910.0
2026,45,31 a 45,9800.0,Média,61,0,0,9800.0,0.0,3550.0
2027,48,46 a 55,15000.0,Média-Alta,67,2,1,15000.0,0.0,5170.0
2028,51,46 a 55,6100.0,Média,72,0,2,6100.0,0.0,2550.0
2029,53,46 a 55,9000.0,Média,78,1,0,9000.0,0.0,3480.0
2030,55,46 a 55,17500.0,Média-Alta,83,3,1,17500.0,0.0,6080.0
2031,57,Maior que 55,17000.0,Média-Alta,89,1,2,13000.0,0.0,5990.0
2032,62,Maior que 55,8500.0,Média,94,1,0,5300.0,0.0,3490.0
2033,65,Maior que 55,18300.0,Média-Alta,98,3,1,18300.0,0.0,6470.0
2034,19,Até 20,1800.0,Baixa,12,0,0,1800.0,0.0,660.0
2035,23,21 a 30,15000.0,Média-Alta,67,2,1,15000.0,0.0,5170.0
2036,25,21 a 30,6100.0,Média,72,0,2,6100.0,0.0,2550.0
2037,27,21 a 30,9000.0,Média,78,1,0,9000.0,0.0,3480.0
2038,28,21 a 30,17500.0,Média-Alta,83,3,1,17500.0,0.0,6080.0
2039,30,21 a 30,17000.0,Média-Alta,89,1,2,13000.0,0.0,5990.0
2040,32,31 a 45,8500.0,Média,94,1,0,5300.0,0.0,3490.0
2041,35,31 a 45,18300.0,Média-Alta,98,3,1,18300.0,0.0,6470.0
2042,42,31 a 45,1800.0,Baixa,12,0,0,1800.0,0.0,660.0
2043,45,31 a 45,4800.0,Média-Baixa,18,0,1,4800.0,0.0,1620.0
2044,48,46 a 55,2200.0,Baixa,23,1,2,2200.0,0.0,890.0
2045,51,46 a 55,3900.0,Média-Baixa,28,0,0,3900.0,0.0,1450.0
2046,53,46 a 55,11500.0,Média-Alta,34,1,1,11500.0,0.0,3790.0
2047,55,46 a 55,3100.0,Média-Baixa,39,0,2,3100.0,0.0,1320.0
2048,57,Maior que 55,9800.0,Média,45,1,0,6800.0,0.0,3390.0
2049,62,Maior que 55,1800.0,Baixa,12,0,0,1800.0,0.0,660.0
2050,65,Maior que 55,4800.0,Média-Baixa,18,0,1,4800.0,0.0,1620.0
2051,19,Até 20,2200.0,Baixa,23,1,2,2200.0,0.0,890.0
2052,23,21 a 30,3900.0,Média-Baixa,28,0,0,3900.0,0.0,1450.0
2053,25,21 a 30,11500.0,Média-Alta,34,1,1,11500.0,0.0,3790.0
2054,27,21 a 30,3100.0,Média-Baixa,39,0,2,3100.0,0.0,1320.0
2055,28,21 a 30,9800.0,Média,45,1,0,6800.0,0.0,3390.0
2056,30,21 a 30,24400.0,Alta,50,2,1,22000.0,0.0,7820.0
2057,32,31 a 45,4500.0,Média-Baixa,56,0,2,4500.0,0.0,1910.0
2058,35,31 a 45,9800.0,Média,61,0,0,9800.0,0.0,3550.0
2059,42,31 a 45,15000.0,Média-Alta,67,2,1,15000.0,0.0,5170.0
2060,45,31 a 45,6100.0,Média,72,0,2,6100.0,0.0,2550.0
2061,48,46 a 55,9000.0,Média,78,1,0,9000.0,0.0,3480.0
2062,51,46 a 55,17500.0,Média-Alta,83,3,1,17500.0,0.0,6080.0
2063,53,46 a 55,17000.0,Média-Alta,89,1,2,13000.0,0.0,5990.0
2064,55,46 a 55,8500.0,Média,94,1,0,5300.0,0.0,3490.0
2065,57,Maior que 55,18300.0,Média-Alta,98,3,1,18300.0,0.0,6470.0
2066,62,Maior que 55,1800.0,Baixa,12,0,0,1800.0,0.0,660.0
2067,65,Maior que 55,15000.0,Média-Alta,67,2,1,15000.0,0.0,5170.0
2068,19,Até 20,6100.0,Média,72,0,2,6100.0,0.0,2550.0
2069,23,21 a 30,9000.0,Média,78,1,0,9000.0,0.0,3480.0
2070,25,21 a 30,17500.0,Média-Alta,83,3,1,17500.0,0.0,6080.0
2071,27,21 a 30,17000.0,Média-Alta,89,1,2,13000.0,0.0,5990.0
2072,28,21 a 30,8500.0,Média,94,1,0,5300.0,0.0,3490.0
2073,30,21 a 30,18300.0,Média-Alta,98,3,1,18300.0,0.0,6470.0
2074,32,31 a 45,1800.0,Baixa,12,0,0,1800.0,0.0,660.0
2075,35,31 a 45,4800.0,Média-Baixa,18,0,1,4800.0,0.0,1620.0
2076,42,31 a 45,2200.0,Baixa,23,1,2,2200.0,0.0,890.0
2077,45,31 a 45,3900.0,Média-Baixa,28,0,0,3900.0,0.0,1450.0
2078,48,46 a 55,11500.0,Média-Alta,34,1,1,11500.0,0.0,3790.0
2079,51,46 a 55,3100.0,Média-Baixa,39,0,2,3100.0,0.0,1320.0
2080,23,21 a 30,9800.0,Média,45,1,0,6800.0,0.0,3390.0
2081,28,21 a 30,1800.0,Baixa,12,0,0,1800.0,0.0,660.0
2082,30,21 a 30,4800.0,Média-Baixa,18,0,1,4800.0,0.0,1620.0
2083,32,31 a 45,2200.0,Baixa,23,1,2,2200.0,0.0,890.0
2084,35,31 a 45,3900.0,Média-Baixa,28,0,0,3900.0,0.0,1450.0
2085,42,31 a 45,11500.0,Média-Alta,34,1,1,11500.0,0.0,3790.0
2086,45,31 a 45,3100.0,Média-Baixa,39,0,2,3100.0,0.0,1320.0
2087,48,46 a 55,9800.0,Média,45,1,0,6800.0,0.0,3390.0
2088,51,46 a 55,24400.0,Alta,50,2,1,22000.0,0.0,7820.0
2089,53,46 a 55,4500.0,Média-Baixa,56,0,2,4500.0,0.0,1910.0
2090,55,46 a 55,9800.0,Média,61,0,0,9800.0,0.0,3550.0
2091,57,Maior que 55,15000.0,Média-Alta,67,2,1,15000.0,0.0,5170.0
2092,62,Maior que 55,6100.0,Média,72,0,2,6100.0,0.0,2550.0
2093,65,Maior que 55,9000.0,Média,78,1,0,9000.0,0.0,3480.0
2094,19,Até 20,17500.0,Média-Alta,83,3,1,17500.0,0.0,6080.0
2095,23,21 a 30,17000.0,Média-Alta,89,1,2,13000.0,0.0,5990.0
2096,25,21 a 30,8500.0,Média,94,1,0,5300.0,0.0,3490.0
2097,27,21 a 30,18300.0,Média-Alta,98,3,1,18300.0,0.0,6470.0
2098,28,21 a 30,1800.0,Baixa,12,0,0,1800.0,0.0,660.0
2099,30,21 a 30,1800.0,Baixa,12,0,0,1800.0,0.0,660.0
2100,32,31 a 45,4800.0,Média-Baixa,18,0,1,4800.0,0.0,1620.0
2101,35,31 a 45,2200.0,Baixa,23,1,2,2200.0,0.0,890.0
2102,42,31 a 45,3900.0,Média-Baixa,28,0,0,3900.0,0.0,1450.0
2103,45,31 a 45,11500.0,Média-Alta,34,1,1,11500.0,0.0,3790.0
2104,48,46 a 55,3100.0,Média-Baixa,39,0,2,3100.0,0.0,1320.0
2105,51,46 a 55,9800.0,Média,45,1,0,6800.0,0.0,3390.0
2106,53,46 a 55,24400.0,Alta,50,2,1,22000.0,0.0,7820.0
2107,55,46 a 55,4500.0,Média-Baixa,56,0,2,4500.0,0.0,1910.0
2108,57,Maior que 55,9800.0,Média,61,0,0,9800.0,0.0,3550.0
2109,62,Maior que 55,15000.0,Média-Alta,67,2,1,15000.0,0.0,5170.0
2110,65,Maior que 55,6100.0,Média,72,0,2,6100.0,0.0,2550.0
2111,19,Até 20,9000.0,Média,78,1,0,9000.0,0.0,3480.0
2112,23,21 a 30,17500.0,Média-Alta,83,3,1,17500.0,0.0,6080.0
2113,25,21 a 30,17000.0,Média-Alta,89,1,2,13000.0,0.0,5990.0
2114,27,21 a 30,8500.0,Média,94,1,0,5300.0,0.0,3490.0
2115,28,21 a 30,18300.0,Média-Alta,98,3,1,18300.0,0.0,6470.0
2116,30,21 a 30,1800.0,Baixa,12,0,0,1800.0,0.0,660.0
2117,32,31 a 45,4800.0,Média-Baixa,18,0,1,4800.0,0.0,1620.0
2118,35,31 a 45,2200.0,Baixa,23,1,2,2200.0,0.0,890.0
2119,42,31 a 45,3900.0,Média-Baixa,28,0,0,3900.0,0.0,1450.0
2120,45,31 a 45,11500.0,Média-Alta,34,1,1,11500.0,0.0,3790.0
2121,48,46 a 55,3100.0,Média-Baixa,39,0,2,3100.0,0.0,1320.0
2122,51,46 a 55,1800.0,Baixa,12,0,0,1800.0,0.0,660.0
2123,53,46 a 55,4800.0,Média-Baixa,18,0,1,4800.0,0.0,1620.0
2124,55,46 a 55,2200.0,Baixa,23,1,2,2200.0,0.0,890.0
2125,57,Maior que 55,3900.0,Média-Baixa,28,0,0,3900.0,0.0,1450.0
2126,62,Maior que 55,11500.0,Média-Alta,34,1,1,11500.0,0.0,3790.0
2127,65,Maior que 55,3100.0,Média-Baixa,39,0,2,3100.0,0.0,1320.0
2128,19,Até 20,9800.0,Média,45,1,0,6800.0,0.0,3390.0
2129,23,21 a 30,24400.0,Alta,50,2,1,22000.0,0.0,7820.0
2130,25,21 a 30,4500.0,Média-Baixa,56,0,2,4500.0,0.0,1910.0
2131,27,21 a 30,9800.0,Média,61,0,0,9800.0,0.0,3550.0
2132,28,21 a 30,15000.0,Média-Alta,67,2,1,15000.0,0.0,5170.0
2133,30,21 a 30,6100.0,Média,72,0,2,6100.0,0.0,2550.0
2134,32,31 a 45,9000.0,Média,78,1,0,9000.0,0.0,3480.0
2135,35,31 a 45,17500.0,Média-Alta,83,3,1,17500.0,0.0,6080.0
2136,42,31 a 45,17000.0,Média-Alta,89,1,2,13000.0,0.0,5990.0
2137,45,31 a 45,8500.0,Média,94,1,0,5300.0,0.0,3490.0
2138,48,46 a 55,18300.0,Média-Alta,98,3,1,18300.0,0.0,6470.0
2139,51,46 a 55,1800.0,Baixa,12,0,0,1800.0,0.0,660.0
2140,53,46 a 55,4800.0,Média-Baixa,18,0,1,4800.0,0.0,1620.0
2141,55,46 a 55,2200.0,Baixa,23,1,2,2200.0,0.0,890.0
2142,57,Maior que 55,3900.0,Média-Baixa,28,0,0,3900.0,0.0,1450.0
2143,62,Maior que 55,11500.0,Média-Alta,34,1,1,11500.0,0.0,3790.0
2144,65,Maior que 55,3100.0,Média-Baixa,39,0,2,3100.0,0.0,1320.0
2145,19,Até 20,1800.0,Baixa,12,0,0,1800.0,0.0,660.0
2146,23,21 a 30,4800.0,Média-Baixa,18,0,1,4800.0,0.0,1620.0
2147,25,21 a 30,2200.0,Baixa,23,1,2,2200.0,0.0,890.0
2148,27,21 a 30,3900.0,Média-Baixa,28,0,0,3900.0,0.0,1450.0
2149,28,21 a 30,11500.0,Média-Alta,34,1,1,11500.0,0.0,3790.0
2150,30,21 a 30,3100.0,Média-Baixa,39,0,2,3100.0,0.0,1320.0
2151,32,31 a 45,9800.0,Média,45,1,0,6800.0,0.0,3390.0
2152,35,31 a 45,24400.0,Alta,50,2,1,22000.0,0.0,7820.0
2153,42,31 a 45,4500.0,Média-Baixa,56,0,2,4500.0,0.0,1910.0
2154,45,31 a 45,9800.0,Média,61,0,0,9800.0,0.0,3550.0
2155,48,46 a 55,15000.0,Média-Alta,67,2,1,15000.0,0.0,5170.0
2156,51,46 a 55,6100.0,Média,72,0,2,6100.0,0.0,2550.0
2157,23,21 a 30,9000.0,Média,78,1,0,9000.0,0.0,3480.0
2158,28,21 a 30,17500.0,Média-Alta,83,3,1,17500.0,0.0,6080.0
2159,30,21 a 30,17000.0,Média-Alta,89,1,2,13000.0,0.0,5990.0
2160,32,31 a 45,8500.0,Média,94,1,0,5300.0,0.0,3490.0
2161,35,31 a 45,18300.0,Média-Alta,98,3,1,18300.0,0.0,6470.0
2162,42,31 a 45,1800.0,Baixa,12,0,0,1800.0,0.0,660.0
2163,45,31 a 45,4800.0,Média-Baixa,18,0,1,4800.0,0.0,1620.0
2164,48,46 a 55,2200.0,Baixa,23,1,2,2200.0,0.0,890.0
2165,51,46 a 55,3900.0,Média-Baixa,28,0,0,3900.0,0.0,1450.0
2166,53,46 a 55,11500.0,Média-Alta,34,1,1,11500.0,0.0,3790.0
2167,55,46 a 55,3100.0,Média-Baixa,39,0,2,3100.0,0.0,1320.0
2168,57,Maior que 55,1800.0,Baixa,12,0,0,1800.0,0.0,660.0
2169,62,Maior que 55,4800.0,Média-Baixa,18,0,1,4800.0,0.0,1620.0
2170,65,Maior que 55,2200.0,Baixa,23,1,2,2200.0,0.0,890.0
2171,19,Até 20,3900.0,Média-Baixa,28,0,0,3900.0,0.0,1450.0
2172,23,21 a 30,11500.0,Média-Alta,34,1,1,11500.0,0.0,3790.0
2173,25,21 a 30,3100.0,Média-Baixa,39,0,2,3100.0,0.0,1320.0
2174,27,21 a 30,9800.0,Média,45,1,0,6800.0,0.0,3390.0
2175,28,21 a 30,24400.0,Alta,50,2,1,22000.0,0.0,7820.0
2176,30,21 a 30,4500.0,Média-Baixa,56,0,2,4500.0,0.0,1910.0
2177,32,31 a 45,9800.0,Média,61,0,0,9800.0,0.0,3550.0
2178,35,31 a 45,15000.0,Média-Alta,67,2,1,15000.0,0.0,5170.0
2179,42,31 a 45,6100.0,Média,72,0,2,6100.0,0.0,2550.0
2180,45,31 a 45,9000.0,Média,78,1,0,9000.0,0.0,3480.0
2181,48,46 a 55,17500.0,Média-Alta,83,3,1,17500.0,0.0,6080.0
2182,51,46 a 55,17000.0,Média-Alta,89,1,2,13000.0,0.0,5990.0
2183,53,46 a 55,8500.0,Média,94,1,0,5300.0,0.0,3490.0
2184,55,46 a 55,18300.0,Média-Alta,98,3,1,18300.0,0.0,6470.0
2185,57,Maior que 55,1800.0,Baixa,12,0,0,1800.0,0.0,660.0
2186,62,Maior que 55,4800.0,Média-Baixa,18,0,1,4800.0,0.0,1620.0
2187,65,Maior que 55,2200.0,Baixa,23,1,2,2200.0,0.0,890.0
2188,19,Até 20,3900.0,Média-Baixa,28,0,0,3900.0,0.0,1450.0
2189,23,21 a 30,11500.0,Média-Alta,34,1,1,11500.0,0.0,3790.0
2190,25,21 a 30,3100.0,Média-Baixa,39,0,2,3100.0,0.0,1320.0
2191,27,21 a 30,1800.0,Baixa,12,0,0,1800.0,0.0,660.0
2192,28,21 a 30,4800.0,Média-Baixa,18,0,1,4800.0,0.0,1620.0
2193,30,21 a 30,2200.0,Baixa,23,1,2,2200.0,0.0,890.0
2194,32,31 a 45,3900.0,Média-Baixa,28,0,0,3900.0,0.0,1450.0
2195,35,31 a 45,11500.0,Média-Alta,34,1,1,11500.0,0.0,3790.0
2196,42,31 a 45,3100.0,Média-Baixa,39,0,2,3100.0,0.0,1320.0
2197,45,31 a 45,9800.0,Média,45,1,0,6800.0,0.0,3390.0
2198,48,46 a 55,24400.0,Alta,50,2,1,22000.0,0.0,7820.0
2199,51,46 a 55,4500.0,Média-Baixa,56,0,2,4500.0,0.0,1910.0
2200,53,46 a 55,9800.0,Média,61,0,0,9800.0,0.0,3550.0
2201,55,46 a 55,15000.0,Média-Alta,67,2,1,15000.0,0.0,5170.0
2202,57,Maior que 55,6100.0,Média,72,0,2,6100.0,0.0,2550.0
2203,62,Maior que 55,9000.0,Média,78,1,0,9000.0,0.0,3480.0
2204,65,Maior que 55,17500.0,Média-Alta,83,3,1,17500.0,0.0,6080.0
2205,19,Até 20,17000.0,Média-Alta,89,1,2,13000.0,0.0,5990.0
2206,23,21 a 30,8500.0,Média,94,1,0,5300.0,0.0,3490.0
2207,25,21 a 30,18300.0,Média-Alta,98,3,1,18300.0,0.0,6470.0
2208,27,21 a 30,1800.0,Baixa,12,0,0,1800.0,0.0,660.0
2209,28,21 a 30,4800.0,Média-Baixa,18,0,1,4800.0,0.0,1620.0
2210,30,21 a 30,2200.0,Baixa,23,1,2,2200.0,0.0,890.0
2211,32,31 a 45,3900.0,Média-Baixa,28,0,0,3900.0,0.0,1450.0
2212,35,31 a 45,11500.0,Média-Alta,34,1,1,11500.0,0.0,3790.0
2213,42,31 a 45,3100.0,Média-Baixa,39,0,2,3100.0,0.0,1320.0
2214,45,31 a 45,1800.0,Baixa,12,0,0,1800.0,0.0,660.0
2215,48,46 a 55,4800.0,Média-Baixa,18,0,1,4800.0,0.0,1620.0
2216,51,46 a 55,2200.0,Baixa,23,1,2,2200.0,0.0,890.0
2217,53,46 a 55,3900.0,Média-Baixa,28,0,0,3900.0,0.0,1450.0
2218,55,46 a 55,11500.0,Média-Alta,34,1,1,11500.0,0.0,3790.0
2219,57,Maior que 55,3100.0,Média-Baixa,39,0,2,3100.0,0.0,1320.0
2220,62,Maior que 55,9800.0,Média,45,1,0,6800.0,0.0,3390.0
2221,65,Maior que 55,24400.0,Alta,50,2,1,22000.0,0.0,7820.0
2222,19,Até 20,4500.0,Média-Baixa,56,0,2,4500.0,0.0,1910.0
2223,23,21 a 30,9800.0,Média,61,0,0,9800.0,0.0,3550.0
2224,25,21 a 30,15000.0,Média-Alta,67,2,1,15000.0,0.0,5170.0
2225,27,21 a 30,6100.0,Média,72,0,2,6100.0,0.0,2550.0
2226,28,21 a 30,9000.0,Média,78,1,0,9000.0,0.0,3480.0
2227,30,21 a 30,17500.0,Média-Alta,83,3,1,17500.0,0.0,6080.0
2228,32,31 a 45,17000.0,Média-Alta,89,1,2,13000.0,0.0,5990.0
2229,35,31 a 45,8500.0,Média,94,1,0,5300.0,0.0,3490.0
2230,42,31 a 45,18300.0,Média-Alta,98,3,1,18300.0,0.0,6470.0
2231,45,31 a 45,1800.0,Baixa,12,0,0,1800.0,0.0,660.0
2232,48,46 a 55,4800.0,Média-Baixa,18,0,1,4800.0,0.0,1620.0
2233,51,46 a 55,2200.0,Baixa,23,1,2,2200.0,0.0,890.0
2234,23,21 a 30,3900.0,Média-Baixa,28,0,0,3900.0,0.0,1450.0
2235,28,21 a 30,11500.0,Média-Alta,34,1,1,11500.0,0.0,3790.0
2236,30,21 a 30,3100.0,Média-Baixa,39,0,2,3100.0,0.0,1320.0
2237,32,31 a 45,1800.0,Baixa,12,0,0,1800.0,0.0,660.0
2238,35,31 a 45,4800.0,Média-Baixa,18,0,1,4800.0,0.0,1620.0
2239,42,31 a 45,2200.0,Baixa,23,1,2,2200.0,0.0,890.0
2240,45,31 a 45,3900.0,Média-Baixa,28,0,0,3900.0,0.0,1450.0
2241,48,46 a 55,11500.0,Média-Alta,34,1,1,11500.0,0.0,3790.0
2242,51,46 a 55,3100.0,Média-Baixa,39,0,2,3100.0,0.0,1320.0
2243,53,46 a 55,9800.0,Média,45,1,0,6800.0,0.0,3390.0
2244,55,46 a 55,24400.0,Alta,50,2,1,22000.0,0.0,7820.0
2245,57,Maior que 55,4500.0,Média-Baixa,56,0,2,4500.0,0.0,1910.0
2246,62,Maior que 55,9800.0,Média,61,0,0,9800.0,0.0,3550.0
2247,65,Maior que 55,15000.0,Média-Alta,67,2,1,15000.0,0.0,5170.0
2248,19,Até 20,6100.0,Média,72,0,2,6100.0,0.0,2550.0
2249,23,21 a 30,9000.0,Média,78,1,0,9000.0,0.0,3480.0
2250,25,21 a 30,17500.0,Média-Alta,83,3,1,17500.0,0.0,6080.0
2251,27,21 a 30,17000.0,Média-Alta,89,1,2,13000.0,0.0,5990.0
2252,28,21 a 30,8500.0,Média,94,1,0,5300.0,0.0,3490.0
2253,30,21 a 30,18300.0,Média-Alta,98,3,1,18300.0,0.0,6470.0
2254,32,31 a 45,1800.0,Baixa,12,0,0,1800.0,0.0,660.0
2255,35,31 a 45,4800.0,Média-Baixa,18,0,1,4800.0,0.0,1620.0
2256,42,31 a 45,2200.0,Baixa,23,1,2,2200.0,0.0,890.0
2257,45,31 a 45,3900.0,Média-Baixa,28,0,0,3900.0,0.0,1450.0
2258,48,46 a 55,11500.0,Média-Alta,34,1,1,11500.0,0.0,3790.0
2259,51,46 a 55,3100.0,Média-Baixa,39,0,2,3100.0,0.0,1320.0
2260,53,46 a 55,1800.0,Baixa,12,0,0,1800.0,0.0,660.0
2261,55,46 a 55,4800.0,Média-Baixa,18,0,1,4800.0,0.0,1620.0
2262,57,Maior que 55,2200.0,Baixa,23,1,2,2200.0,0.0,890.0
2263,62,Maior que 55,3900.0,Média-Baixa,28,0,0,3900.0,0.0,1450.0
2264,65,Maior que 55,11500.0,Média-Alta,34,1,1,11500.0,0.0,3790.0
2265,19,Até 20,3100.0,Média-Baixa,39,0,2,3100.0,0.0,1320.0
2266,23,21 a 30,9800.0,Média,45,1,0,6800.0,0.0,3390.0
2267,25,21 a 30,24400.0,Alta,50,2,1,22000.0,0.0,7820.0
2268,27,21 a 30,4500.0,Média-Baixa,56,0,2,4500.0,0.0,1910.0
2269,28,21 a 30,9800.0,Média,61,0,0,9800.0,0.0,3550.0
2270,30,21 a 30,15000.0,Média-Alta,67,2,1,15000.0,0.0,5170.0
2271,32,31 a 45,6100.0,Média,72,0,2,6100.0,0.0,2550.0
2272,35,31 a 45,9000.0,Média,78,1,0,9000.0,0.0,3480.0
2273,42,31 a 45,17500.0,Média-Alta,83,3,1,17500.0,0.0,6080.0
2274,45,31 a 45,17000.0,Média-Alta,89,1,2,13000.0,0.0,5990.0
2275,48,46 a 55,8500.0,Média,94,1,0,5300.0,0.0,3490.0
2276,51,46 a 55,18300.0,Média-Alta,98,3,1,18300.0,0.0,6470.0
2277,53,46 a 55,1800.0,Baixa,12,0,0,1800.0,0.0,660.0
2278,55,46 a 55,4800.0,Média-Baixa,18,0,1,4800.0,0.0,1620.0
2279,57,Maior que 55,2200.0,Baixa,23,1,2,2200.0,0.0,890.0
2280,62,Maior que 55,3900.0,Média-Baixa,28,0,0,3900.0,0.0,1450.0
2281,65,Maior que 55,11500.0,Média-Alta,34,1,1,11500.0,0.0,3790.0
2282,19,Até 20,3100.0,Média-Baixa,39,0,2,3100.0,0.0,1320.0
2283,23,21 a 30,1800.0,Baixa,12,0,0,1800.0,0.0,660.0
2284,25,21 a 30,4800.0,Média-Baixa,18,0,1,4800.0,0.0,1620.0
2285,27,21 a 30,2200.0,Baixa,23,1,2,2200.0,0.0,890.0
2286,28,21 a 30,3900.0,Média-Baixa,28,0,0,3900.0,0.0,1450.0
2287,30,21 a 30,11500.0,Média-Alta,34,1,1,11500.0,0.0,3790.0
2288,32,31 a 45,3100.0,Média-Baixa,39,0,2,3100.0,0.0,1320.0
2289,35,31 a 45,9800.0,Média,45,1,0,6800.0,0.0,3390.0
2290,42,31 a 45,24400.0,Alta,50,2,1,22000.0,0.0,7820.0
2291,45,31 a 45,4500.0,Média-Baixa,56,0,2,4500.0,0.0,1910.0
2292,48,46 a 55,9800.0,Média,61,0,0,9800.0,0.0,3550.0
2293,51,46 a 55,15000.0,Média-Alta,67,2,1,15000.0,0.0,5170.0
2294,53,46 a 55,6100.0,Média,72,0,2,6100.0,0.0,2550.0
2295,55,46 a 55,9000.0,Média,78,1,0,9000.0,0.0,3480.0
2296,57,Maior que 55,17500.0,Média-Alta,83,3,1,17500.0,0.0,6080.0
2297,62,Maior que 55,17000.0,Média-Alta,89,1,2,13000.0,0.0,5990.0
2298,65,Maior que 55,8500.0,Média,94,1,0,5300.0,0.0,3490.0
2299,19,Até 20,18300.0,Média-Alta,98,3,1,18300.0,0.0,6470.0
2300,23,21 a 30,1800.0,Baixa,12,0,0,1800.0,0.0,660.0
2301,25,21 a 30,4800.0,Média-Baixa,18,0,1,4800.0,0.0,1620.0
2302,27,21 a 30,2200.0,Baixa,23,1,2,2200.0,0.0,890.0
2303,28,21 a 30,3900.0,Média-Baixa,28,0,0,3900.0,0.0,1450.0
2304,30,21 a 30,11500.0,Média-Alta,34,1,1,11500.0,0.0,3790.0
2305,32,31 a 45,3100.0,Média-Baixa,39,0,2,3100.0,0.0,1320.0
2306,35,31 a 45,1800.0,Baixa,12,0,0,1800.0,0.0,660.0
2307,42,31 a 45,4800.0,Média-Baixa,18,0,1,4800.0,0.0,1620.0
2308,45,31 a 45,2200.0,Baixa,23,1,2,2200.0,0.0,890.0
2309,48,46 a 55,3900.0,Média-Baixa,28,0,0,3900.0,0.0,1450.0
2310,51,46 a 55,11500.0,Média-Alta,34,1,1,11500.0,0.0,3790.0
2311,42,31 a 45,3100.0,Média-Baixa,39,0,2,3100.0,0.0,1320.0
2312,45,31 a 45,9800.0,Média,45,1,0,6800.0,0.0,3390.0
2313,48,46 a 55,24400.0,Alta,50,2,1,22000.0,0.0,7820.0
2314,51,46 a 55,4500.0,Média-Baixa,56,0,2,4500.0,0.0,1910.0
2315,48,46 a 55,9800.0,Média,61,0,0,9800.0,0.0,3550.0
2316,51,46 a 55,15000.0,Média-Alta,67,2,1,15000.0,0.0,5170.0
2317,48,46 a 55,6100.0,Média,72,0,2,6100.0,0.0,2550.0
2318,51,46 a 55,9000.0,Média,78,1,0,9000.0,0.0,3480.0
2319,48,46 a 55,17500.0,Média-Alta,83,3,1,17500.0,0.0,6080.0
2320,51,46 a 55,17000.0,Média-Alta,89,1,2,13000.0,0.0,5990.0
2321,48,46 a 55,8500.0,Média,94,1,0,5300.0,0.0,3490.0
2322,51,46 a 55,18300.0,Média-Alta,98,3,1,18300.0,0.0,6470.0
2323,48,46 a 55,1800.0,Baixa,12,0,0,1800.0,0.0,660.0
2324,51,46 a 55,4800.0,Média-Baixa,18,0,1,4800.0,0.0,1620.0
2325,48,46 a 55,2200.0,Baixa,23,1,2,2200.0,0.0,890.0
2326,51,46 a 55,3900.0,Média-Baixa,28,0,0,3900.0,0.0,1450.0
2327,48,46 a 55,11500.0,Média-Alta,34,1,1,11500.0,0.0,3790.0
2328,51,46 a 55,3100.0,Média-Baixa,39,0,2,3100.0,0.0,1320.0
2329,19,Até 20,1800.0,Baixa,12,0,0,1800.0,0.0,660.0
2330,23,21 a 30,4800.0,Média-Baixa,18,0,1,4800.0,0.0,1620.0
2331,25,21 a 30,2200.0,Baixa,23,1,2,2200.0,0.0,890.0
2332,27,21 a 30,3900.0,Média-Baixa,28,0,0,3900.0,0.0,1450.0
2333,28,21 a 30,11500.0,Média-Alta,34,1,1,11500.0,0.0,3790.0
2334,30,21 a 30,3100.0,Média-Baixa,39,0,2,3100.0,0.0,1320.0
2335,32,31 a 45,9800.0,Média,45,1,0,6800.0,0.0,3390.0
2336,35,31 a 45,24400.0,Alta,50,2,1,22000.0,0.0,7820.0
2337,42,31 a 45,4500.0,Média-Baixa,56,0,2,4500.0,0.0,1910.0
2338,45,31 a 45,9800.0,Média,61,0,0,9800.0,0.0,3550.0
2339,48,46 a 55,15000.0,Média-Alta,67,2,1,15000.0,0.0,5170.0
2340,51,46 a 55,6100.0,Média,72,0,2,6100.0,0.0,2550.0
2341,53,46 a 55,9000.0,Média,78,1,0,9000.0,0.0,3480.0
2342,55,46 a 55,17500.0,Média-Alta,83,3,1,17500.0,0.0,6080.0
2343,57,Maior que 55,17000.0,Média-Alta,89,1,2,13000.0,0.0,5990.0
2344,62,Maior que 55,8500.0,Média,94,1,0,5300.0,0.0,3490.0
2345,65,Maior que 55,18300.0,Média-Alta,98,3,1,18300.0,0.0,6470.0
2346,19,Até 20,1800.0,Baixa,12,0,0,1800.0,0.0,660.0
2347,23,21 a 30,4800.0,Média-Baixa,18,0,1,4800.0,0.0,1620.0
2348,25,21 a 30,2200.0,Baixa,23,1,2,2200.0,0.0,890.0
2349,27,21 a 30,3900.0,Média-Baixa,28,0,0,3900.0,0.0,1450.0
2350,28,21 a 30,11500.0,Média-Alta,34,1,1,11500.0,0.0,3790.0
2351,30,21 a 30,3100.0,Média-Baixa,39,0,2,3100.0,0.0,1320.0
2352,32,31 a 45,9800.0,Média,45,1,0,6800.0,0.0,3390.0
2353,35,31 a 45,24400.0,Alta,50,2,1,22000.0,0.0,7820.0
2354,42,31 a 45,4500.0,Média-Baixa,56,0,2,4500.0,0.0,1910.0
2355,45,31 a 45,9800.0,Média,61,0,0,9800.0,0.0,3550.0
2356,48,46 a 55,15000.0,Média-Alta,67,2,1,15000.0,0.0,5170.0
2357,51,46 a 55,6100.0,Média,72,0,2,6100.0,0.0,2550.0
2358,53,46 a 55,9000.0,Média,78,1,0,9000.0,0.0,3480.0
2359,55,46 a 55,17500.0,Média-Alta,83,3,1,17500.0,0.0,6080.0
2360,57,Maior que 55,17000.0,Média-Alta,89,1,2,13000.0,0.0,5990.0
2361,62,Maior que 55,8500.0,Média,94,1,0,5300.0,0.0,3490.0
2362,65,Maior que 55,18300.0,Média-Alta,98,3,1,18300.0,0.0,6470.0
2363,19,Até 20,1800.0,Baixa,12,0,0,1800.0,0.0,660.0
2364,23,21 a 30,4800.0,Média-Baixa,18,0,1,4800.0,0.0,1620.0
2365,25,21 a 30,2200.0,Baixa,23,1,2,2200.0,0.0,890.0
2366,27,21 a 30,3900.0,Média-Baixa,28,0,0,3900.0,0.0,1450.0
2367,28,21 a 30,11500.0,Média-Alta,34,1,1,11500.0,0.0,3790.0
2368,30,21 a 30,3100.0,Média-Baixa,39,0,2,3100.0,0.0,1320.0
2369,32,31 a 45,9800.0,Média,45,1,0,6800.0,0.0,3390.0
2370,35,31 a 45,24400.0,Alta,50,2,1,22000.0,0.0,7820.0
2371,42,31 a 45,4500.0,Média-Baixa,56,0,2,4500.0,0.0,1910.0
2372,45,31 a 45,9800.0,Média,61,0,0,9800.0,0.0,3550.0
2373,48,46 a 55,15000.0,Média-Alta,67,2,1,15000.0,0.0,5170.0
2374,51,46 a 55,6100.0,Média,72,0,2,6100.0,0.0,2550.0
2375,53,46 a 55,9000.0,Média,78,1,0,9000.0,0.0,3480.0
2376,55,46 a 55,17500.0,Média-Alta,83,3,1,17500.0,0.0,6080.0
2377,57,Maior que 55,17000.0,Média-Alta,89,1,2,13000.0,0.0,5990.0
2378,62,Maior que 55,8500.0,Média,94,1,0,5300.0,0.0,3490.0
2379,65,Maior que 55,18300.0,Média-Alta,98,3,1,18300.0,0.0,6470.0
2380,19,Até 20,1800.0,Baixa,12,0,0,1800.0,0.0,660.0
2381,23,21 a 30,4800.0,Média-Baixa,18,0,1,4800.0,0.0,1620.0
2382,25,21 a 30,2200.0,Baixa,23,1,2,2200.0,0.0,890.0
2383,27,21 a 30,3900.0,Média-Baixa,28,0,0,3900.0,0.0,1450.0
2384,28,21 a 30,11500.0,Média-Alta,34,1,1,11500.0,0.0,3790.0
2385,30,21 a 30,3100.0,Média-Baixa,39,0,2,3100.0,0.0,1320.0
2386,32,31 a 45,9800.0,Média,45,1,0,6800.0,0.0,3390.0
2387,35,31 a 45,24400.0,Alta,50,2,1,22000.0,0.0,7820.0
2388,42,31 a 45,4500.0,Média-Baixa,56,0,2,4500.0,0.0,1910.0
2389,45,31 a 45,9800.0,Média,61,0,0,9800.0,0.0,3550.0
2390,48,46 a 55,15000.0,Média-Alta,67,2,1,15000.0,0.0,5170.0
2391,51,46 a 55,6100.0,Média,72,0,2,6100.0,0.0,2550.0
2392,53,46 a 55,9000.0,Média,78,1,0,9000.0,0.0,3480.0
2393,55,46 a 55,17500.0,Média-Alta,83,3,1,17500.0,0.0,6080.0
2394,57,Maior que 55,17000.0,Média-Alta,89,1,2,13000.0,0.0,5990.0
2395,62,Maior que 55,8500.0,Média,94,1,0,5300.0,0.0,3490.0
2396,65,Maior que 55,18300.0,Média-Alta,98,3,1,18300.0,0.0,6470.0
2397,19,Até 20,1800.0,Baixa,12,0,0,1800.0,0.0,660.0
2398,23,21 a 30,4800.0,Média-Baixa,18,0,1,4800.0,0.0,1620.0
2399,25,21 a 30,2200.0,Baixa,23,1,2,2200.0,0.0,890.0
2400,27,21 a 30,3900.0,Média-Baixa,28,0,0,3900.0,0.0,1450.0
2401,28,21 a 30,11500.0,Média-Alta,34,1,1,11500.0,0.0,3790.0
2402,30,21 a 30,3100.0,Média-Baixa,39,0,2,3100.0,0.0,1320.0
2403,32,31 a 45,9800.0,Média,45,1,0,6800.0,0.0,3390.0
2404,35,31 a 45,24400.0,Alta,50,2,1,22000.0,0.0,7820.0
2405,42,31 a 45,4500.0,Média-Baixa,56,0,2,4500.0,0.0,1910.0
2406,45,31 a 45,9800.0,Média,61,0,0,9800.0,0.0,3550.0
2407,48,46 a 55,15000.0,Média-Alta,67,2,1,15000.0,0.0,5170.0
2408,51,46 a 55,6100.0,Média,72,0,2,6100.0,0.0,2550.0
2409,53,46 a 55,9000.0,Média,78,1,0,9000.0,0.0,3480.0
2410,55,46 a 55,17500.0,Média-Alta,83,3,1,17500.0,0.0,6080.0
2411,57,Maior que 55,17000.0,Média-Alta,89,1,2,13000.0,0.0,5990.0
2412,62,Maior que 55,8500.0,Média,94,1,0,5300.0,0.0,3490.0
2413,65,Maior que 55,18300.0,Média-Alta,98,3,1,18300.0,0.0,6470.0
2414,19,Até 20,1800.0,Baixa,12,0,0,1800.0,0.0,660.0
2415,23,21 a 30,4800.0,Média-Baixa,18,0,1,4800.0,0.0,1620.0
2416,25,21 a 30,2200.0,Baixa,23,1,2,2200.0,0.0,890.0
2417,27,21 a 30,3900.0,Média-Baixa,28,0,0,3900.0,0.0,1450.0
2418,28,21 a 30,11500.0,Média-Alta,34,1,1,11500.0,0.0,3790.0
2419,30,21 a 30,3100.0,Média-Baixa,39,0,2,3100.0,0.0,1320.0
2420,32,31 a 45,9800.0,Média,45,1,0,6800.0,0.0,3390.0
2421,35,31 a 45,24400.0,Alta,50,2,1,22000.0,0.0,7820.0
2422,42,31 a 45,4500.0,Média-Baixa,56,0,2,4500.0,0.0,1910.0
2423,45,31 a 45,9800.0,Média,61,0,0,9800.0,0.0,3550.0
2424,48,46 a 55,15000.0,Média-Alta,67,2,1,15000.0,0.0,5170.0
2425,51,46 a 55,6100.0,Média,72,0,2,6100.0,0.0,2550.0
2426,53,46 a 55,9000.0,Média,78,1,0,9000.0,0.0,3480.0
2427,55,46 a 55,17500.0,Média-Alta,83,3,1,17500.0,0.0,6080.0
2428,57,Maior que 55,17000.0,Média-Alta,89,1,2,13000.0,0.0,5990.0
2429,62,Maior que 55,8500.0,Média,94,1,0,5300.0,0.0,3490.0
2430,65,Maior que 55,18300.0,Média-Alta,98,3,1,18300.0,0.0,6470.0
2431,19,Até 20,1800.0,Baixa,12,0,0,1800.0,0.0,660.0
2432,23,21 a 30,4800.0,Média-Baixa,18,0,1,4800.0,0.0,1620.0
2433,25,21 a 30,2200.0,Baixa,23,1,2,2200.0,0.0,890.0
2434,27,21 a 30,3900.0,Média-Baixa,28,0,0,3900.0,0.0,1450.0
2435,28,21 a 30,11500.0,Média-Alta,34,1,1,11500.0,0.0,3790.0
2436,30,21 a 30,3100.0,Média-Baixa,39,0,2,3100.0,0.0,1320.0
2437,32,31 a 45,9800.0,Média,45,1,0,6800.0,0.0,3390.0
2438,35,31 a 45,24400.0,Alta,50,2,1,22000.0,0.0,7820.0
2439,42,31 a 45,4500.0,Média-Baixa,56,0,2,4500.0,0.0,1910.0
2440,45,31 a 45,9800.0,Média,61,0,0,9800.0,0.0,3550.0
2441,48,46 a 55,15000.0,Média-Alta,67,2,1,15000.0,0.0,5170.0
2442,51,46 a 55,6100.0,Média,72,0,2,6100.0,0.0,2550.0
2443,53,46 a 55,9000.0,Média,78,1,0,9000.0,0.0,3480.0
2444,55,46 a 55,17500.0,Média-Alta,83,3,1,17500.0,0.0,6080.0
2445,57,Maior que 55,17000.0,Média-Alta,89,1,2,13000.0,0.0,5990.0
2446,62,Maior que 55,8500.0,Média,94,1,0,5300.0,0.0,3490.0
2447,65,Maior que 55,18300.0,Média-Alta,98,3,1,18300.0,0.0,6470.0
2448,19,Até 20,1800.0,Baixa,12,0,0,1800.0,0.0,660.0
2449,23,21 a 30,4800.0,Média-Baixa,18,0,1,4800.0,0.0,1620.0
2450,25,21 a 30,2200.0,Baixa,23,1,2,2200.0,0.0,890.0
2451,27,21 a 30,3900.0,Média-Baixa,28,0,0,3900.0,0.0,1450.0
2452,28,21 a 30,11500.0,Média-Alta,34,1,1,11500.0,0.0,3790.0
2453,30,21 a 30,3100.0,Média-Baixa,39,0,2,3100.0,0.0,1320.0
2454,32,31 a 45,9800.0,Média,45,1,0,6800.0,0.0,3390.0
2455,35,31 a 45,24400.0,Alta,50,2,1,22000.0,0.0,7820.0
2456,42,31 a 45,4500.0,Média-Baixa,56,0,2,4500.0,0.0,1910.0
2457,45,31 a 45,9800.0,Média,61,0,0,9800.0,0.0,3550.0
2458,48,46 a 55,15000.0,Média-Alta,67,2,1,15000.0,0.0,5170.0
2459,51,46 a 55,6100.0,Média,72,0,2,6100.0,0.0,2550.0
2460,53,46 a 55,9000.0,Média,78,1,0,9000.0,0.0,3480.0
2461,55,46 a 55,17500.0,Média-Alta,83,3,1,17500.0,0.0,6080.0
2462,57,Maior que 55,17000.0,Média-Alta,89,1,2,13000.0,0.0,5990.0
2463,62,Maior que 55,8500.0,Média,94,1,0,5300.0,0.0,3490.0
2464,65,Maior que 55,18300.0,Média-Alta,98,3,1,18300.0,0.0,6470.0
2465,19,Até 20,1800.0,Baixa,12,0,0,1800.0,0.0,660.0
2466,23,21 a 30,4800.0,Média-Baixa,18,0,1,4800.0,0.0,1620.0
2467,25,21 a 30,2200.0,Baixa,23,1,2,2200.0,0.0,890.0
2468,27,21 a 30,3900.0,Média-Baixa,28,0,0,3900.0,0.0,1450.0
2469,28,21 a 30,11500.0,Média-Alta,34,1,1,11500.0,0.0,3790.0
2470,30,21 a 30,3100.0,Média-Baixa,39,0,2,3100.0,0.0,1320.0
2471,32,31 a 45,9800.0,Média,45,1,0,6800.0,0.0,3390.0
2472,35,31 a 45,24400.0,Alta,50,2,1,22000.0,0.0,7820.0
2473,42,31 a 45,4500.0,Média-Baixa,56,0,2,4500.0,0.0,1910.0
2474,45,31 a 45,9800.0,Média,61,0,0,9800.0,0.0,3550.0
2475,48,46 a 55,15000.0,Média-Alta,67,2,1,15000.0,0.0,5170.0
2476,51,46 a 55,6100.0,Média,72,0,2,6100.0,0.0,2550.0
2477,53,46 a 55,9000.0,Média,78,1,0,9000.0,0.0,3480.0
2478,55,46 a 55,17500.0,Média-Alta,83,3,1,17500.0,0.0,6080.0
2479,57,Maior que 55,17000.0,Média-Alta,89,1,2,13000.0,0.0,5990.0
2480,62,Maior que 55,8500.0,Média,94,1,0,5300.0,0.0,3490.0
2481,65,Maior que 55,18300.0,Média-Alta,98,3,1,18300.0,0.0,6470.0
2482,19,Até 20,1800.0,Baixa,12,0,0,1800.0,0.0,660.0
2483,23,21 a 30,4800.0,Média-Baixa,18,0,1,4800.0,0.0,1620.0
2484,25,21 a 30,2200.0,Baixa,23,1,2,2200.0,0.0,890.0
2485,27,21 a 30,3900.0,Média-Baixa,28,0,0,3900.0,0.0,1450.0
2486,28,21 a 30,11500.0,Média-Alta,34,1,1,11500.0,0.0,3790.0
2487,30,21 a 30,3100.0,Média-Baixa,39,0,2,3100.0,0.0,1320.0
2488,32,31 a 45,9800.0,Média,45,1,0,6800.0,0.0,3390.0
2489,35,31 a 45,1800.0,Baixa,12,0,0,1800.0,0.0,660.0
2490,42,31 a 45,4800.0,Média-Baixa,18,0,1,4800.0,0.0,1620.0
2491,45,31 a 45,2200.0,Baixa,23,1,2,2200.0,0.0,890.0
2492,48,46 a 55,3900.0,Média-Baixa,28,0,0,3900.0,0.0,1450.0
2493,51,46 a 55,11500.0,Média-Alta,34,1,1,11500.0,0.0,3790.0
2494,53,46 a 55,3100.0,Média-Baixa,39,0,2,3100.0,0.0,1320.0
2495,55,46 a 55,9800.0,Média,45,1,0,6800.0,0.0,3390.0
2496,57,Maior que 55,24400.0,Alta,50,2,1,22000.0,0.0,7820.0
2497,62,Maior que 55,4500.0,Média-Baixa,56,0,2,4500.0,0.0,1910.0
2498,65,Maior que 55,9800.0,Média,61,0,0,9800.0,0.0,3550.0
2499,19,Até 20,15000.0,Média-Alta,67,2,1,15000.0,0.0,5170.0
2500,23,21 a 30,6100.0,Média,72,0,2,6100.0,0.0,2550.0
2501,25,21 a 30,9000.0,Média,78,1,0,9000.0,0.0,3480.0
2502,29,21 a 30,17500.0,Média-Alta,83,3,1,17500.0,0.0,6080.0
2503,28,21 a 30,17000.0,Média-Alta,89,1,2,13000.0,0.0,5990.0
2504,30,21 a 30,8500.0,Média,94,1,0,5300.0,0.0,3490.0
2505,32,31 a 45,18300.0,Média-Alta,98,3,1,18300.0,0.0,6470.0
2506,35,31 a 45,1800.0,Baixa,12,0,0,1800.0,0.0,660.0
2507,42,31 a 45,4800.0,Média-Baixa,18,0,1,4800.0,0.0,1620.0
2508,45,31 a 45,2200.0,Baixa,23,1,2,2200.0,0.0,890.0
2509,48,46 a 55,3900.0,Média-Baixa,28,0,0,3900.0,0.0,1450.0
2510,51,46 a 55,11500.0,Média-Alta,34,1,1,11500.0,0.0,3790.0
2511,53,46 a 55,3100.0,Média-Baixa,39,0,2,3100.0,0.0,1320.0
2512,55,46 a 55,9800.0,Média,45,1,0,6800.0,0.0,3390.0
2513,57,Maior que 55,1800.0,Baixa,12,0,0,1800.0,0.0,660.0
2514,62,Maior que 55,4800.0,Média-Baixa,18,0,1,4800.0,0.0,1620.0
2515,65,Maior que 55,2200.0,Baixa,23,1,2,2200.0,0.0,890.0
2516,19,Até 20,3900.0,Média-Baixa,28,0,0,3900.0,0.0,1450.0
2517,23,21 a 30,11500.0,Média-Alta,34,1,1,11500.0,0.0,3790.0
2518,25,21 a 30,3100.0,Média-Baixa,39,0,2,3100.0,0.0,1320.0
2519,27,21 a 30,9800.0,Média,45,1,0,6800.0,0.0,3390.0
2520,28,21 a 30,24400.0,Alta,50,2,1,22000.0,0.0,7820.0
2521,30,21 a 30,4500.0,Média-Baixa,56,0,2,4500.0,0.0,1910.0
2522,32,31 a 45,9800.0,Média,61,0,0,9800.0,0.0,3550.0
2523,35,31 a 45,15000.0,Média-Alta,67,2,1,15000.0,0.0,5170.0
2524,42,31 a 45,6100.0,Média,72,0,2,6100.0,0.0,2550.0
2525,45,31 a 45,9000.0,Média,78,1,0,9000.0,0.0,3480.0
2526,48,46 a 55,17500.0,Média-Alta,83,3,1,17500.0,0.0,6080.0
2527,51,46 a 55,17000.0,Média-Alta,89,1,2,13000.0,0.0,5990.0
2528,53,46 a 55,8500.0,Média,94,1,0,5300.0,0.0,3490.0
2529,55,46 a 55,18300.0,Média-Alta,98,3,1,18300.0,0.0,6470.0
2530,57,Maior que 55,1800.0,Baixa,12,0,0,1800.0,0.0,660.0
2531,62,Maior que 55,4800.0,Média-Baixa,18,0,1,4800.0,0.0,1620.0
2532,65,Maior que 55,2200.0,Baixa,23,1,2,2200.0,0.0,890.0
2533,19,Até 20,3900.0,Média-Baixa,28,0,0,3900.0,0.0,1450.0
2534,23,21 a 30,11500.0,Média-Alta,34,1,1,11500.0,0.0,3790.0
2535,25,21 a 30,3100.0,Média-Baixa,39,0,2,3100.0,0.0,1320.0
2536,27,21 a 30,9800.0,Média,45,1,0,6800.0,0.0,3390.0
2537,28,21 a 30,1800.0,Baixa,12,0,0,1800.0,0.0,660.0
2538,30,21 a 30,4800.0,Média-Baixa,18,0,1,4800.0,0.0,1620.0
2539,32,31 a 45,2200.0,Baixa,23,1,2,2200.0,0.0,890.0
2540,35,31 a 45,3900.0,Média-Baixa,28,0,0,3900.0,0.0,1450.0
2541,42,31 a 45,11500.0,Média-Alta,34,1,1,11500.0,0.0,3790.0
2542,45,31 a 45,3100.0,Média-Baixa,39,0,2,3100.0,0.0,1320.0
2543,48,46 a 55,9800.0,Média,45,1,0,6800.0,0.0,3390.0
2544,51,46 a 55,24400.0,Alta,50,2,1,22000.0,0.0,7820.0
2545,53,46 a 55,4500.0,Média-Baixa,56,0,2,4500.0,0.0,1910.0
2546,55,46 a 55,9800.0,Média,61,0,0,9800.0,0.0,3550.0
2547,57,Maior que 55,15000.0,Média-Alta,67,2,1,15000.0,0.0,5170.0
2548,62,Maior que 55,6100.0,Média,72,0,2,6100.0,0.0,2550.0
2549,65,Maior que 55,9000.0,Média,78,1,0,9000.0,0.0,3480.0
2550,19,Até 20,17500.0,Média-Alta,83,3,1,17500.0,0.0,6080.0
2551,23,21 a 30,17000.0,Média-Alta,89,1,2,13000.0,0.0,5990.0
2552,25,21 a 30,8500.0,Média,94,1,0,5300.0,0.0,3490.0
2553,27,21 a 30,18300.0,Média-Alta,98,3,1,18300.0,0.0,6470.0
2554,28,21 a 30,1800.0,Baixa,12,0,0,1800.0,0.0,660.0
2555,30,21 a 30,4800.0,Média-Baixa,18,0,1,4800.0,0.0,1620.0
2556,32,31 a 45,2200.0,Baixa,23,1,2,2200.0,0.0,890.0
2557,35,31 a 45,3900.0,Média-Baixa,28,0,0,3900.0,0.0,1450.0
2558,42,31 a 45,11500.0,Média-Alta,34,1,1,11500.0,0.0,3790.0
2559,45,31 a 45,3100.0,Média-Baixa,39,0,2,3100.0,0.0,1320.0
2560,48,46 a 55,9800.0,Média,45,1,0,6800.0,0.0,3390.0
2561,51,46 a 55,1800.0,Baixa,12,0,0,1800.0,0.0,660.0
2562,53,46 a 55,4800.0,Média-Baixa,18,0,1,4800.0,0.0,1620.0
2563,55,46 a 55,2200.0,Baixa,23,1,2,2200.0,0.0,890.0
2564,57,Maior que 55,3900.0,Média-Baixa,28,0,0,3900.0,0.0,1450.0
2565,62,Maior que 55,11500.0,Média-Alta,34,1,1,11500.0,0.0,3790.0
2566,65,Maior que 55,3100.0,Média-Baixa,39,0,2,3100.0,0.0,1320.0
2567,19,Até 20,9800.0,Média,45,1,0,6800.0,0.0,3390.0
2568,23,21 a 30,24400.0,Alta,50,2,1,22000.0,0.0,7820.0
2569,25,21 a 30,4500.0,Média-Baixa,56,0,2,4500.0,0.0,1910.0
2570,27,21 a 30,9800.0,Média,61,0,0,9800.0,0.0,3550.0
2571,28,21 a 30,15000.0,Média-Alta,67,2,1,15000.0,0.0,5170.0
2572,30,21 a 30,6100.0,Média,72,0,2,6100.0,0.0,2550.0
2573,32,31 a 45,9000.0,Média,78,1,0,9000.0,0.0,3480.0
2574,35,31 a 45,17500.0,Média-Alta,83,3,1,17500.0,0.0,6080.0
2575,42,31 a 45,17000.0,Média-Alta,89,1,2,13000.0,0.0,5990.0
2576,45,31 a 45,8500.0,Média,94,1,0,5300.0,0.0,3490.0
2577,48,46 a 55,18300.0,Média-Alta,98,3,1,18300.0,0.0,6470.0
2578,51,46 a 55,1800.0,Baixa,12,0,0,1800.0,0.0,660.0
2579,53,46 a 55,4800.0,Média-Baixa,18,0,1,4800.0,0.0,1620.0
2580,55,46 a 55,2200.0,Baixa,23,1,2,2200.0,0.0,890.0
2581,57,Maior que 55,3900.0,Média-Baixa,28,0,0,3900.0,0.0,1450.0
2582,62,Maior que 55,11500.0,Média-Alta,34,1,1,11500.0,0.0,3790.0
2583,65,Maior que 55,3100.0,Média-Baixa,39,0,2,3100.0,0.0,1320.0
2584,65,Maior que 55,9800.0,Média,45,1,0,6800.0,0.0,3390.0
2585,23,21 a 30,15000.0,Média-Alta,67,2,1,15000.0,0.0,5170.0
2586,28,21 a 30,6100.0,Média,72,0,2,6100.0,0.0,2550.0
2587,30,21 a 30,9000.0,Média,78,1,0,9000.0,0.0,3480.0
2588,32,31 a 45,17500.0,Média-Alta,83,3,1,17500.0,0.0,6080.0
2589,35,31 a 45,17000.0,Média-Alta,89,1,2,13000.0,0.0,5990.0
2590,42,31 a 45,8500.0,Média,94,1,0,5300.0,0.0,3490.0
2591,45,31 a 45,18300.0,Média-Alta,98,3,1,18300.0,0.0,6470.0
2592,48,46 a 55,1800.0,Baixa,12,0,0,1800.0,0.0,660.0
2593,51,46 a 55,4800.0,Média-Baixa,18,0,1,4800.0,0.0,1620.0
2594,53,46 a 55,2200.0,Baixa,23,1,2,2200.0,0.0,890.0
2595,55,46 a 55,3900.0,Média-Baixa,28,0,0,3900.0,0.0,1450.0
2596,57,Maior que 55,11500.0,Média-Alta,34,1,1,11500.0,0.0,3790.0
2597,62,Maior que 55,3100.0,Média-Baixa,39,0,2,3100.0,0.0,1320.0
2598,65,Maior que 55,9800.0,Média,45,1,0,6800.0,0.0,3390.0
2599,19,Até 20,1800.0,Baixa,12,0,0,1800.0,0.0,660.0
2600,23,21 a 30,4800.0,Média-Baixa,18,0,1,4800.0,0.0,1620.0
2601,25,21 a 30,2200.0,Baixa,23,1,2,2200.0,0.0,890.0
2602,27,21 a 30,3900.0,Média-Baixa,28,0,0,3900.0,0.0,1450.0
2603,28,21 a 30,11500.0,Média-Alta,34,1,1,11500.0,0.0,3790.0
2604,30,21 a 30,3100.0,Média-Baixa,39,0,2,3100.0,0.0,1320.0
2605,32,31 a 45,9800.0,Média,45,1,0,6800.0,0.0,3390.0
2606,35,31 a 45,24400.0,Alta,50,2,1,22000.0,0.0,7820.0
2607,42,31 a 45,4500.0,Média-Baixa,56,0,2,4500.0,0.0,1910.0
2608,45,31 a 45,9800.0,Média,61,0,0,9800.0,0.0,3550.0
2609,48,46 a 55,15000.0,Média-Alta,67,2,1,15000.0,0.0,5170.0
2610,51,46 a 55,6100.0,Média,72,0,2,6100.0,0.0,2550.0
2611,53,46 a 55,9000.0,Média,78,1,0,9000.0,0.0,3480.0
2612,55,46 a 55,17500.0,Média-Alta,83,3,1,17500.0,0.0,6080.0
2613,57,Maior que 55,17000.0,Média-Alta,89,1,2,13000.0,0.0,5990.0
2614,62,Maior que 55,8500.0,Média,94,1,0,5300.0,0.0,3490.0
2615,65,Maior que 55,18300.0,Média-Alta,98,3,1,18300.0,0.0,6470.0
2616,19,Até 20,1800.0,Baixa,12,0,0,1800.0,0.0,660.0
2617,23,21 a 30,15000.0,Média-Alta,67,2,1,15000.0,0.0,5170.0
2618,25,21 a 30,6100.0,Média,72,0,2,6100.0,0.0,2550.0
2619,27,21 a 30,9000.0,Média,78,1,0,9000.0,0.0,3480.0
2620,28,21 a 30,17500.0,Média-Alta,83,3,1,17500.0,0.0,6080.0
2621,30,21 a 30,17000.0,Média-Alta,89,1,2,13000.0,0.0,5990.0
2622,32,31 a 45,8500.0,Média,94,1,0,5300.0,0.0,3490.0
2623,35,31 a 45,18300.0,Média-Alta,98,3,1,18300.0,0.0,6470.0
2624,42,31 a 45,1800.0,Baixa,12,0,0,1800.0,0.0,660.0
2625,45,31 a 45,4800.0,Média-Baixa,18,0,1,4800.0,0.0,1620.0
2626,48,46 a 55,2200.0,Baixa,23,1,2,2200.0,0.0,890.0
2627,51,46 a 55,3900.0,Média-Baixa,28,0,0,3900.0,0.0,1450.0
2628,53,46 a 55,11500.0,Média-Alta,34,1,1,11500.0,0.0,3790.0
2629,55,46 a 55,3100.0,Média-Baixa,39,0,2,3100.0,0.0,1320.0
2630,57,Maior que 55,9800.0,Média,45,1,0,6800.0,0.0,3390.0
2631,62,Maior que 55,1800.0,Baixa,12,0,0,1800.0,0.0,660.0
2632,65,Maior que 55,4800.0,Média-Baixa,18,0,1,4800.0,0.0,1620.0
2633,19,Até 20,2200.0,Baixa,23,1,2,2200.0,0.0,890.0
2634,23,21 a 30,3900.0,Média-Baixa,28,0,0,3900.0,0.0,1450.0
2635,25,21 a 30,11500.0,Média-Alta,34,1,1,11500.0,0.0,3790.0
2636,27,21 a 30,3100.0,Média-Baixa,39,0,2,3100.0,0.0,1320.0
2637,28,21 a 30,9800.0,Média,45,1,0,6800.0,0.0,3390.0
2638,30,21 a 30,24400.0,Alta,50,2,1,22000.0,0.0,7820.0
2639,32,31 a 45,4500.0,Média-Baixa,56,0,2,4500.0,0.0,1910.0
2640,35,31 a 45,9800.0,Média,61,0,0,9800.0,0.0,3550.0
2641,42,31 a 45,15000.0,Média-Alta,67,2,1,15000.0,0.0,5170.0
2642,45,31 a 45,6100.0,Média,72,0,2,6100.0,0.0,2550.0
2643,48,46 a 55,9000.0,Média,78,1,0,9000.0,0.0,3480.0
2644,51,46 a 55,17500.0,Média-Alta,83,3,1,17500.0,0.0,6080.0
2645,53,46 a 55,17000.0,Média-Alta,89,1,2,13000.0,0.0,5990.0
2646,55,46 a 55,8500.0,Média,94,1,0,5300.0,0.0,3490.0
2647,57,Maior que 55,18300.0,Média-Alta,98,3,1,18300.0,0.0,6470.0
2648,62,Maior que 55,1800.0,Baixa,12,0,0,1800.0,0.0,660.0
2649,65,Maior que 55,15000.0,Média-Alta,67,2,1,15000.0,0.0,5170.0
2650,19,Até 20,6100.0,Média,72,0,2,6100.0,0.0,2550.0
2651,23,21 a 30,9000.0,Média,78,1,0,9000.0,0.0,3480.0
2652,25,21 a 30,17500.0,Média-Alta,83,3,1,17500.0,0.0,6080.0
2653,27,21 a 30,17000.0,Média-Alta,89,1,2,13000.0,0.0,5990.0
2654,28,21 a 30,8500.0,Média,94,1,0,5300.0,0.0,3490.0
2655,30,21 a 30,18300.0,Média-Alta,98,3,1,18300.0,0.0,6470.0
2656,32,31 a 45,1800.0,Baixa,12,0,0,1800.0,0.0,660.0
2657,35,31 a 45,4800.0,Média-Baixa,18,0,1,4800.0,0.0,1620.0
2658,42,31 a 45,2200.0,Baixa,23,1,2,2200.0,0.0,890.0
2659,45,31 a 45,3900.0,Média-Baixa,28,0,0,3900.0,0.0,1450.0
2660,48,46 a 55,11500.0,Média-Alta,34,1,1,11500.0,0.0,3790.0
2661,51,46 a 55,3100.0,Média-Baixa,39,0,2,3100.0,0.0,1320.0
2662,23,21 a 30,9800.0,Média,45,1,0,6800.0,0.0,3390.0
2663,28,21 a 30,1800.0,Baixa,12,0,0,1800.0,0.0,660.0
2664,30,21 a 30,4800.0,Média-Baixa,18,0,1,4800.0,0.0,1620.0
2665,32,31 a 45,2200.0,Baixa,23,1,2,2200.0,0.0,890.0
2666,35,31 a 45,3900.0,Média-Baixa,28,0,0,3900.0,0.0,1450.0
2667,42,31 a 45,11500.0,Média-Alta,34,1,1,11500.0,0.0,3790.0
2668,45,31 a 45,3100.0,Média-Baixa,39,0,2,3100.0,0.0,1320.0
2669,48,46 a 55,9800.0,Média,45,1,0,6800.0,0.0,3390.0
2670,51,46 a 55,24400.0,Alta,50,2,1,22000.0,0.0,7820.0
2671,53,46 a 55,4500.0,Média-Baixa,56,0,2,4500.0,0.0,1910.0
2672,55,46 a 55,9800.0,Média,61,0,0,9800.0,0.0,3550.0
2673,57,Maior que 55,15000.0,Média-Alta,67,2,1,15000.0,0.0,5170.0
2674,62,Maior que 55,6100.0,Média,72,0,2,6100.0,0.0,2550.0
2675,65,Maior que 55,9000.0,Média,78,1,0,9000.0,0.0,3480.0
2676,19,Até 20,17500.0,Média-Alta,83,3,1,17500.0,0.0,6080.0
2677,23,21 a 30,17000.0,Média-Alta,89,1,2,13000.0,0.0,5990.0
2678,25,21 a 30,8500.0,Média,94,1,0,5300.0,0.0,3490.0
2679,27,21 a 30,18300.0,Média-Alta,98,3,1,18300.0,0.0,6470.0
2680,28,21 a 30,1800.0,Baixa,12,0,0,1800.0,0.0,660.0
2681,30,21 a 30,1800.0,Baixa,12,0,0,1800.0,0.0,660.0
2682,32,31 a 45,4800.0,Média-Baixa,18,0,1,4800.0,0.0,1620.0
2683,35,31 a 45,2200.0,Baixa,23,1,2,2200.0,0.0,890.0
2684,42,31 a 45,3900.0,Média-Baixa,28,0,0,3900.0,0.0,1450.0
2685,45,31 a 45,11500.0,Média-Alta,34,1,1,11500.0,0.0,3790.0
2686,48,46 a 55,3100.0,Média-Baixa,39,0,2,3100.0,0.0,1320.0
2687,51,46 a 55,9800.0,Média,45,1,0,6800.0,0.0,3390.0
2688,53,46 a 55,24400.0,Alta,50,2,1,22000.0,0.0,7820.0
2689,55,46 a 55,4500.0,Média-Baixa,56,0,2,4500.0,0.0,1910.0
2690,57,Maior que 55,9800.0,Média,61,0,0,9800.0,0.0,3550.0
2691,62,Maior que 55,15000.0,Média-Alta,67,2,1,15000.0,0.0,5170.0
2692,65,Maior que 55,6100.0,Média,72,0,2,6100.0,0.0,2550.0
2693,19,Até 20,9000.0,Média,78,1,0,9000.0,0.0,3480.0
2694,23,21 a 30,17500.0,Média-Alta,83,3,1,17500.0,0.0,6080.0
2695,25,21 a 30,17000.0,Média-Alta,89,1,2,13000.0,0.0,5990.0
2696,27,21 a 30,8500.0,Média,94,1,0,5300.0,0.0,3490.0
2697,28,21 a 30,18300.0,Média-Alta,98,3,1,18300.0,0.0,6470.0
2698,30,21 a 30,1800.0,Baixa,12,0,0,1800.0,0.0,660.0
2699,32,31 a 45,4800.0,Média-Baixa,18,0,1,4800.0,0.0,1620.0
2700,35,31 a 45,2200.0,Baixa,23,1,2,2200.0,0.0,890.0
2701,42,31 a 45,3900.0,Média-Baixa,28,0,0,3900.0,0.0,1450.0
2702,45,31 a 45,11500.0,Média-Alta,34,1,1,11500.0,0.0,3790.0
2703,48,46 a 55,3100.0,Média-Baixa,39,0,2,3100.0,0.0,1320.0
2704,51,46 a 55,1800.0,Baixa,12,0,0,1800.0,0.0,660.0
2705,53,46 a 55,4800.0,Média-Baixa,18,0,1,4800.0,0.0,1620.0
2706,55,46 a 55,2200.0,Baixa,23,1,2,2200.0,0.0,890.0
2707,57,Maior que 55,3900.0,Média-Baixa,28,0,0,3900.0,0.0,1450.0
2708,62,Maior que 55,11500.0,Média-Alta,34,1,1,11500.0,0.0,3790.0
2709,65,Maior que 55,3100.0,Média-Baixa,39,0,2,3100.0,0.0,1320.0
2710,19,Até 20,9800.0,Média,45,1,0,6800.0,0.0,3390.0
2711,23,21 a 30,24400.0,Alta,50,2,1,22000.0,0.0,7820.0
2712,25,21 a 30,4500.0,Média-Baixa,56,0,2,4500.0,0.0,1910.0
2713,27,21 a 30,9800.0,Média,61,0,0,9800.0,0.0,3550.0
2714,28,21 a 30,15000.0,Média-Alta,67,2,1,15000.0,0.0,5170.0
2715,30,21 a 30,6100.0,Média,72,0,2,6100.0,0.0,2550.0
2716,32,31 a 45,9000.0,Média,78,1,0,9000.0,0.0,3480.0
2717,35,31 a 45,17500.0,Média-Alta,83,3,1,17500.0,0.0,6080.0
2718,42,31 a 45,17000.0,Média-Alta,89,1,2,13000.0,0.0,5990.0
2719,45,31 a 45,8500.0,Média,94,1,0,5300.0,0.0,3490.0
2720,48,46 a 55,18300.0,Média-Alta,98,3,1,18300.0,0.0,6470.0
2721,51,46 a 55,1800.0,Baixa,12,0,0,1800.0,0.0,660.0
2722,53,46 a 55,4800.0,Média-Baixa,18,0,1,4800.0,0.0,1620.0
2723,55,46 a 55,2200.0,Baixa,23,1,2,2200.0,0.0,890.0
2724,57,Maior que 55,3900.0,Média-Baixa,28,0,0,3900.0,0.0,1450.0
2725,62,Maior que 55,11500.0,Média-Alta,34,1,1,11500.0,0.0,3790.0
2726,65,Maior que 55,3100.0,Média-Baixa,39,0,2,3100.0,0.0,1320.0
2727,19,Até 20,1800.0,Baixa,12,0,0,1800.0,0.0,660.0
2728,23,21 a 30,4800.0,Média-Baixa,18,0,1,4800.0,0.0,1620.0
2729,25,21 a 30,2200.0,Baixa,23,1,2,2200.0,0.0,890.0
2730,27,21 a 30,3900.0,Média-Baixa,28,0,0,3900.0,0.0,1450.0
2731,28,21 a 30,11500.0,Média-Alta,34,1,1,11500.0,0.0,3790.0
2732,30,21 a 30,3100.0,Média-Baixa,39,0,2,3100.0,0.0,1320.0
2733,32,31 a 45,9800.0,Média,45,1,0,6800.0,0.0,3390.0
2734,35,31 a 45,24400.0,Alta,50,2,1,22000.0,0.0,7820.0
2735,42,31 a 45,4500.0,Média-Baixa,56,0,2,4500.0,0.0,1910.0
2736,45,31 a 45,9800.0,Média,61,0,0,9800.0,0.0,3550.0
2737,48,46 a 55,15000.0,Média-Alta,67,2,1,15000.0,0.0,5170.0
2738,51,46 a 55,6100.0,Média,72,0,2,6100.0,0.0,2550.0
2739,23,21 a 30,9000.0,Média,78,1,0,9000.0,0.0,3480.0
2740,28,21 a 30,17500.0,Média-Alta,83,3,1,17500.0,0.0,6080.0
2741,30,21 a 30,17000.0,Média-Alta,89,1,2,13000.0,0.0,5990.0
2742,32,31 a 45,8500.0,Média,94,1,0,5300.0,0.0,3490.0
2743,35,31 a 45,18300.0,Média-Alta,98,3,1,18300.0,0.0,6470.0
2744,42,31 a 45,1800.0,Baixa,12,0,0,1800.0,0.0,660.0
2745,45,31 a 45,4800.0,Média-Baixa,18,0,1,4800.0,0.0,1620.0
2746,48,46 a 55,2200.0,Baixa,23,1,2,2200.0,0.0,890.0
2747,51,46 a 55,3900.0,Média-Baixa,28,0,0,3900.0,0.0,1450.0
2748,53,46 a 55,11500.0,Média-Alta,34,1,1,11500.0,0.0,3790.0
2749,55,46 a 55,3100.0,Média-Baixa,39,0,2,3100.0,0.0,1320.0
2750,57,Maior que 55,1800.0,Baixa,12,0,0,1800.0,0.0,660.0
2751,62,Maior que 55,4800.0,Média-Baixa,18,0,1,4800.0,0.0,1620.0
2752,65,Maior que 55,2200.0,Baixa,23,1,2,2200.0,0.0,890.0
2753,19,Até 20,3900.0,Média-Baixa,28,0,0,3900.0,0.0,1450.0
2754,23,21 a 30,11500.0,Média-Alta,34,1,1,11500.0,0.0,3790.0
2755,25,21 a 30,3100.0,Média-Baixa,39,0,2,3100.0,0.0,1320.0
2756,27,21 a 30,9800.0,Média,45,1,0,6800.0,0.0,3390.0
2757,28,21 a 30,24400.0,Alta,50,2,1,22000.0,0.0,7820.0
2758,30,21 a 30,4500.0,Média-Baixa,56,0,2,4500.0,0.0,1910.0
2759,32,31 a 45,9800.0,Média,61,0,0,9800.0,0.0,3550.0
2760,35,31 a 45,15000.0,Média-Alta,67,2,1,15000.0,0.0,5170.0
2761,42,31 a 45,6100.0,Média,72,0,2,6100.0,0.0,2550.0
2762,45,31 a 45,9000.0,Média,78,1,0,9000.0,0.0,3480.0
2763,48,46 a 55,17500.0,Média-Alta,83,3,1,17500.0,0.0,6080.0
2764,51,46 a 55,17000.0,Média-Alta,89,1,2,13000.0,0.0,5990.0
2765,53,46 a 55,8500.0,Média,94,1,0,5300.0,0.0,3490.0
2766,55,46 a 55,18300.0,Média-Alta,98,3,1,18300.0,0.0,6470.0
2767,57,Maior que 55,1800.0,Baixa,12,0,0,1800.0,0.0,660.0
2768,62,Maior que 55,4800.0,Média-Baixa,18,0,1,4800.0,0.0,1620.0
2769,65,Maior que 55,2200.0,Baixa,23,1,2,2200.0,0.0,890.0
2770,19,Até 20,3900.0,Média-Baixa,28,0,0,3900.0,0.0,1450.0
2771,23,21 a 30,11500.0,Média-Alta,34,1,1,11500.0,0.0,3790.0
2772,25,21 a 30,3100.0,Média-Baixa,39,0,2,3100.0,0.0,1320.0
2773,27,21 a 30,1800.0,Baixa,12,0,0,1800.0,0.0,660.0
2774,28,21 a 30,4800.0,Média-Baixa,18,0,1,4800.0,0.0,1620.0
2775,30,21 a 30,2200.0,Baixa,23,1,2,2200.0,0.0,890.0
2776,32,31 a 45,3900.0,Média-Baixa,28,0,0,3900.0,0.0,1450.0
2777,35,31 a 45,11500.0,Média-Alta,34,1,1,11500.0,0.0,3790.0
2778,42,31 a 45,3100.0,Média-Baixa,39,0,2,3100.0,0.0,1320.0
2779,45,31 a 45,9800.0,Média,45,1,0,6800.0,0.0,3390.0
2780,48,46 a 55,24400.0,Alta,50,2,1,22000.0,0.0,7820.0
2781,51,46 a 55,4500.0,Média-Baixa,56,0,2,4500.0,0.0,1910.0
2782,53,46 a 55,9800.0,Média,61,0,0,9800.0,0.0,3550.0
2783,55,46 a 55,15000.0,Média-Alta,67,2,1,15000.0,0.0,5170.0
2784,57,Maior que 55,6100.0,Média,72,0,2,6100.0,0.0,2550.0
2785,62,Maior que 55,9000.0,Média,78,1,0,9000.0,0.0,3480.0
2786,65,Maior que 55,17500.0,Média-Alta,83,3,1,17500.0,0.0,6080.0
2787,19,Até 20,17000.0,Média-Alta,89,1,2,13000.0,0.0,5990.0
2788,23,21 a 30,8500.0,Média,94,1,0,5300.0,0.0,3490.0
2789,25,21 a 30,18300.0,Média-Alta,98,3,1,18300.0,0.0,6470.0
2790,27,21 a 30,1800.0,Baixa,12,0,0,1800.0,0.0,660.0
2791,28,21 a 30,4800.0,Média-Baixa,18,0,1,4800.0,0.0,1620.0
2792,30,21 a 30,2200.0,Baixa,23,1,2,2200.0,0.0,890.0
2793,32,31 a 45,3900.0,Média-Baixa,28,0,0,3900.0,0.0,1450.0
2794,35,31 a 45,11500.0,Média-Alta,34,1,1,11500.0,0.0,3790.0
2795,42,31 a 45,3100.0,Média-Baixa,39,0,2,3100.0,0.0,1320.0
2796,45,31 a 45,1800.0,Baixa,12,0,0,1800.0,0.0,660.0
2797,48,46 a 55,4800.0,Média-Baixa,18,0,1,4800.0,0.0,1620.0
2798,51,46 a 55,2200.0,Baixa,23,1,2,2200.0,0.0,890.0
2799,53,46 a 55,3900.0,Média-Baixa,28,0,0,3900.0,0.0,1450.0
2800,55,46 a 55,11500.0,Média-Alta,34,1,1,11500.0,0.0,3790.0
2801,57,Maior que 55,3100.0,Média-Baixa,39,0,2,3100.0,0.0,1320.0
2802,62,Maior que 55,9800.0,Média,45,1,0,6800.0,0.0,3390.0
2803,65,Maior que 55,24400.0,Alta,50,2,1,22000.0,0.0,7820.0
2804,19,Até 20,4500.0,Média-Baixa,56,0,2,4500.0,0.0,1910.0
2805,23,21 a 30,9800.0,Média,61,0,0,9800.0,0.0,3550.0
2806,25,21 a 30,15000.0,Média-Alta,67,2,1,15000.0,0.0,5170.0
2807,27,21 a 30,6100.0,Média,72,0,2,6100.0,0.0,2550.0
2808,28,21 a 30,9000.0,Média,78,1,0,9000.0,0.0,3480.0
2809,30,21 a 30,17500.0,Média-Alta,83,3,1,17500.0,0.0,6080.0
2810,32,31 a 45,17000.0,Média-Alta,89,1,2,13000.0,0.0,5990.0
2811,35,31 a 45,8500.0,Média,94,1,0,5300.0,0.0,3490.0
2812,42,31 a 45,18300.0,Média-Alta,98,3,1,18300.0,0.0,6470.0
2813,45,31 a 45,1800.0,Baixa,12,0,0,1800.0,0.0,660.0
2814,48,46 a 55,4800.0,Média-Baixa,18,0,1,4800.0,0.0,1620.0
2815,51,46 a 55,2200.0,Baixa,23,1,2,2200.0,0.0,890.0
2816,23,21 a 30,3900.0,Média-Baixa,28,0,0,3900.0,0.0,1450.0
2817,28,21 a 30,11500.0,Média-Alta,34,1,1,11500.0,0.0,3790.0
2818,30,21 a 30,3100.0,Média-Baixa,39,0,2,3100.0,0.0,1320.0
2819,32,31 a 45,1800.0,Baixa,12,0,0,1800.0,0.0,660.0
2820,35,31 a 45,4800.0,Média-Baixa,18,0,1,4800.0,0.0,1620.0
2821,42,31 a 45,2200.0,Baixa,23,1,2,2200.0,0.0,890.0
2822,45,31 a 45,3900.0,Média-Baixa,28,0,0,3900.0,0.0,1450.0
2823,48,46 a 55,11500.0,Média-Alta,34,1,1,11500.0,0.0,3790.0
2824,51,46 a 55,3100.0,Média-Baixa,39,0,2,3100.0,0.0,1320.0
2825,53,46 a 55,9800.0,Média,45,1,0,6800.0,0.0,3390.0
2826,55,46 a 55,24400.0,Alta,50,2,1,22000.0,0.0,7820.0
2827,57,Maior que 55,4500.0,Média-Baixa,56,0,2,4500.0,0.0,1910.0
2828,62,Maior que 55,9800.0,Média,61,0,0,9800.0,0.0,3550.0
2829,65,Maior que 55,15000.0,Média-Alta,67,2,1,15000.0,0.0,5170.0
2830,19,Até 20,6100.0,Média,72,0,2,6100.0,0.0,2550.0
2831,23,21 a 30,9000.0,Média,78,1,0,9000.0,0.0,3480.0
2832,25,21 a 30,17500.0,Média-Alta,83,3,1,17500.0,0.0,6080.0
2833,27,21 a 30,17000.0,Média-Alta,89,1,2,13000.0,0.0,5990.0
2834,28,21 a 30,8500.0,Média,94,1,0,5300.0,0.0,3490.0
2835,30,21 a 30,18300.0,Média-Alta,98,3,1,18300.0,0.0,6470.0
2836,32,31 a 45,1800.0,Baixa,12,0,0,1800.0,0.0,660.0
2837,35,31 a 45,4800.0,Média-Baixa,18,0,1,4800.0,0.0,1620.0
2838,42,31 a 45,2200.0,Baixa,23,1,2,2200.0,0.0,890.0
2839,45,31 a 45,3900.0,Média-Baixa,28,0,0,3900.0,0.0,1450.0
2840,48,46 a 55,11500.0,Média-Alta,34,1,1,11500.0,0.0,3790.0
2841,51,46 a 55,3100.0,Média-Baixa,39,0,2,3100.0,0.0,1320.0
2842,53,46 a 55,1800.0,Baixa,12,0,0,1800.0,0.0,660.0
2843,55,46 a 55,4800.0,Média-Baixa,18,0,1,4800.0,0.0,1620.0
2844,57,Maior que 55,2200.0,Baixa,23,1,2,2200.0,0.0,890.0
2845,62,Maior que 55,3900.0,Média-Baixa,28,0,0,3900.0,0.0,1450.0
2846,65,Maior que 55,11500.0,Média-Alta,34,1,1,11500.0,0.0,3790.0
2847,19,Até 20,3100.0,Média-Baixa,39,0,2,3100.0,0.0,1320.0
2848,23,21 a 30,9800.0,Média,45,1,0,6800.0,0.0,3390.0
2849,25,21 a 30,24400.0,Alta,50,2,1,22000.0,0.0,7820.0
2850,27,21 a 30,4500.0,Média-Baixa,56,0,2,4500.0,0.0,1910.0
2851,28,21 a 30,9800.0,Média,61,0,0,9800.0,0.0,3550.0
2852,30,21 a 30,15000.0,Média-Alta,67,2,1,15000.0,0.0,5170.0
2853,32,31 a 45,6100.0,Média,72,0,2,6100.0,0.0,2550.0
2854,35,31 a 45,9000.0,Média,78,1,0,9000.0,0.0,3480.0
2855,42,31 a 45,17500.0,Média-Alta,83,3,1,17500.0,0.0,6080.0
2856,45,31 a 45,17000.0,Média-Alta,89,1,2,13000.0,0.0,5990.0
2857,48,46 a 55,8500.0,Média,94,1,0,5300.0,0.0,3490.0
2858,51,46 a 55,18300.0,Média-Alta,98,3,1,18300.0,0.0,6470.0
2859,53,46 a 55,1800.0,Baixa,12,0,0,1800.0,0.0,660.0
2860,55,46 a 55,4800.0,Média-Baixa,18,0,1,4800.0,0.0,1620.0
2861,57,Maior que 55,2200.0,Baixa,23,1,2,2200.0,0.0,890.0
2862,62,Maior que 55,3900.0,Média-Baixa,28,0,0,3900.0,0.0,1450.0
2863,65,Maior que 55,11500.0,Média-Alta,34,1,1,11500.0,0.0,3790.0
2864,19,Até 20,3100.0,Média-Baixa,39,0,2,3100.0,0.0,1320.0
2865,23,21 a 30,1800.0,Baixa,12,0,0,1800.0,0.0,660.0
2866,25,21 a 30,4800.0,Média-Baixa,18,0,1,4800.0,0.0,1620.0
2867,27,21 a 30,2200.0,Baixa,23,1,2,2200.0,0.0,890.0
2868,28,21 a 30,3900.0,Média-Baixa,28,0,0,3900.0,0.0,1450.0
2869,30,21 a 30,11500.0,Média-Alta,34,1,1,11500.0,0.0,3790.0
2870,32,31 a 45,3100.0,Média-Baixa,39,0,2,3100.0,0.0,1320.0
2871,35,31 a 45,9800.0,Média,45,1,0,6800.0,0.0,3390.0
2872,42,31 a 45,24400.0,Alta,50,2,1,22000.0,0.0,7820.0
2873,45,31 a 45,4500.0,Média-Baixa,56,0,2,4500.0,0.0,1910.0
2874,48,46 a 55,9800.0,Média,61,0,0,9800.0,0.0,3550.0
2875,51,46 a 55,15000.0,Média-Alta,67,2,1,15000.0,0.0,5170.0
2876,53,46 a 55,6100.0,Média,72,0,2,6100.0,0.0,2550.0
2877,55,46 a 55,9000.0,Média,78,1,0,9000.0,0.0,3480.0
2878,57,Maior que 55,17500.0,Média-Alta,83,3,1,17500.0,0.0,6080.0
2879,62,Maior que 55,17000.0,Média-Alta,89,1,2,13000.0,0.0,5990.0
2880,65,Maior que 55,8500.0,Média,94,1,0,5300.0,0.0,3490.0
2881,19,Até 20,18300.0,Média-Alta,98,3,1,18300.0,0.0,6470.0
2882,23,21 a 30,1800.0,Baixa,12,0,0,1800.0,0.0,660.0
2883,25,21 a 30,4800.0,Média-Baixa,18,0,1,4800.0,0.0,1620.0
2884,27,21 a 30,2200.0,Baixa,23,1,2,2200.0,0.0,890.0
2885,28,21 a 30,3900.0,Média-Baixa,28,0,0,3900.0,0.0,1450.0
2886,30,21 a 30,11500.0,Média-Alta,34,1,1,11500.0,0.0,3790.0
2887,32,31 a 45,3100.0,Média-Baixa,39,0,2,3100.0,0.0,1320.0
2888,35,31 a 45,1800.0,Baixa,12,0,0,1800.0,0.0,660.0
2889,42,31 a 45,4800.0,Média-Baixa,18,0,1,4800.0,0.0,1620.0
2890,45,31 a 45,2200.0,Baixa,23,1,2,2200.0,0.0,890.0
2891,48,46 a 55,3900.0,Média-Baixa,28,0,0,3900.0,0.0,1450.0
2892,51,46 a 55,11500.0,Média-Alta,34,1,1,11500.0,0.0,3790.0
2893,42,31 a 45,3100.0,Média-Baixa,39,0,2,3100.0,0.0,1320.0
2894,45,31 a 45,9800.0,Média,45,1,0,6800.0,0.0,3390.0
2895,48,46 a 55,24400.0,Alta,50,2,1,22000.0,0.0,7820.0
2896,51,46 a 55,4500.0,Média-Baixa,56,0,2,4500.0,0.0,1910.0
2897,48,46 a 55,9800.0,Média,61,0,0,9800.0,0.0,3550.0
2898,51,46 a 55,15000.0,Média-Alta,67,2,1,15000.0,0.0,5170.0
2899,48,46 a 55,6100.0,Média,72,0,2,6100.0,0.0,2550.0
2900,51,46 a 55,9000.0,Média,78,1,0,9000.0,0.0,3480.0
2901,48,46 a 55,17500.0,Média-Alta,83,3,1,17500.0,0.0,6080.0
2902,51,46 a 55,17000.0,Média-Alta,89,1,2,13000.0,0.0,5990.0
2903,48,46 a 55,8500.0,Média,94,1,0,5300.0,0.0,3490.0
2904,51,46 a 55,18300.0,Média-Alta,98,3,1,18300.0,0.0,6470.0
2905,48,46 a 55,1800.0,Baixa,12,0,0,1800.0,0.0,660.0
2906,51,46 a 55,4800.0,Média-Baixa,18,0,1,4800.0,0.0,1620.0
2907,48,46 a 55,2200.0,Baixa,23,1,2,2200.0,0.0,890.0
2908,51,46 a 55,3900.0,Média-Baixa,28,0,0,3900.0,0.0,1450.0
2909,48,46 a 55,11500.0,Média-Alta,34,1,1,11500.0,0.0,3790.0
2910,51,46 a 55,3100.0,Média-Baixa,39,0,2,3100.0,0.0,1320.0
2911,19,Até 20,1800.0,Baixa,12,0,0,1800.0,0.0,660.0
2912,23,21 a 30,4800.0,Média-Baixa,18,0,1,4800.0,0.0,1620.0
2913,25,21 a 30,2200.0,Baixa,23,1,2,2200.0,0.0,890.0
2914,27,21 a 30,3900.0,Média-Baixa,28,0,0,3900.0,0.0,1450.0
2915,28,21 a 30,11500.0,Média-Alta,34,1,1,11500.0,0.0,3790.0
2916,30,21 a 30,3100.0,Média-Baixa,39,0,2,3100.0,0.0,1320.0
2917,32,31 a 45,9800.0,Média,45,1,0,6800.0,0.0,3390.0
2918,35,31 a 45,24400.0,Alta,50,2,1,22000.0,0.0,7820.0
2919,42,31 a 45,4500.0,Média-Baixa,56,0,2,4500.0,0.0,1910.0
2920,45,31 a 45,9800.0,Média,61,0,0,9800.0,0.0,3550.0
2921,48,46 a 55,15000.0,Média-Alta,67,2,1,15000.0,0.0,5170.0
2922,51,46 a 55,6100.0,Média,72,0,2,6100.0,0.0,2550.0
2923,53,46 a 55,9000.0,Média,78,1,0,9000.0,0.0,3480.0
2924,55,46 a 55,17500.0,Média-Alta,83,3,1,17500.0,0.0,6080.0
2925,57,Maior que 55,17000.0,Média-Alta,89,1,2,13000.0,0.0,5990.0
2926,62,Maior que 55,8500.0,Média,94,1,0,5300.0,0.0,3490.0
2927,65,Maior que 55,18300.0,Média-Alta,98,3,1,18300.0,0.0,6470.0
2928,19,Até 20,1800.0,Baixa,12,0,0,1800.0,0.0,660.0
2929,23,21 a 30,4800.0,Média-Baixa,18,0,1,4800.0,0.0,1620.0
2930,25,21 a 30,2200.0,Baixa,23,1,2,2200.0,0.0,890.0
2931,27,21 a 30,3900.0,Média-Baixa,28,0,0,3900.0,0.0,1450.0
2932,28,21 a 30,11500.0,Média-Alta,34,1,1,11500.0,0.0,3790.0
2933,30,21 a 30,3100.0,Média-Baixa,39,0,2,3100.0,0.0,1320.0
2934,32,31 a 45,9800.0,Média,45,1,0,6800.0,0.0,3390.0
2935,35,31 a 45,24400.0,Alta,50,2,1,22000.0,0.0,7820.0
2936,42,31 a 45,4500.0,Média-Baixa,56,0,2,4500.0,0.0,1910.0
2937,45,31 a 45,9800.0,Média,61,0,0,9800.0,0.0,3550.0
2938,48,46 a 55,15000.0,Média-Alta,67,2,1,15000.0,0.0,5170.0
2939,51,46 a 55,6100.0,Média,72,0,2,6100.0,0.0,2550.0
2940,53,46 a 55,9000.0,Média,78,1,0,9000.0,0.0,3480.0
2941,55,46 a 55,17500.0,Média-Alta,83,3,1,17500.0,0.0,6080.0
2942,57,Maior que 55,17000.0,Média-Alta,89,1,2,13000.0,0.0,5990.0
2943,62,Maior que 55,8500.0,Média,94,1,0,5300.0,0.0,3490.0
2944,65,Maior que 55,18300.0,Média-Alta,98,3,1,18300.0,0.0,6470.0
2945,19,Até 20,1800.0,Baixa,12,0,0,1800.0,0.0,660.0
2946,23,21 a 30,4800.0,Média-Baixa,18,0,1,4800.0,0.0,1620.0
2947,25,21 a 30,2200.0,Baixa,23,1,2,2200.0,0.0,890.0
2948,27,21 a 30,3900.0,Média-Baixa,28,0,0,3900.0,0.0,1450.0
2949,28,21 a 30,11500.0,Média-Alta,34,1,1,11500.0,0.0,3790.0
2950,30,21 a 30,3100.0,Média-Baixa,39,0,2,3100.0,0.0,1320.0
2951,32,31 a 45,9800.0,Média,45,1,0,6800.0,0.0,3390.0
2952,35,31 a 45,24400.0,Alta,50,2,1,22000.0,0.0,7820.0
2953,42,31 a 45,4500.0,Média-Baixa,56,0,2,4500.0,0.0,1910.0
2954,45,31 a 45,9800.0,Média,61,0,0,9800.0,0.0,3550.0
2955,48,46 a 55,15000.0,Média-Alta,67,2,1,15000.0,0.0,5170.0
2956,51,46 a 55,6100.0,Média,72,0,2,6100.0,0.0,2550.0
2957,53,46 a 55,9000.0,Média,78,1,0,9000.0,0.0,3480.0
2958,55,46 a 55,17500.0,Média-Alta,83,3,1,17500.0,0.0,6080.0
2959,57,Maior que 55,17000.0,Média-Alta,89,1,2,13000.0,0.0,5990.0
2960,62,Maior que 55,8500.0,Média,94,1,0,5300.0,0.0,3490.0
2961,65,Maior que 55,18300.0,Média-Alta,98,3,1,18300.0,0.0,6470.0
2962,19,Até 20,1800.0,Baixa,12,0,0,1800.0,0.0,660.0
2963,23,21 a 30,4800.0,Média-Baixa,18,0,1,4800.0,0.0,1620.0
2964,25,21 a 30,2200.0,Baixa,23,1,2,2200.0,0.0,890.0
2965,27,21 a 30,3900.0,Média-Baixa,28,0,0,3900.0,0.0,1450.0
2966,28,21 a 30,11500.0,Média-Alta,34,1,1,11500.0,0.0,3790.0
2967,30,21 a 30,3100.0,Média-Baixa,39,0,2,3100.0,0.0,1320.0
2968,32,31 a 45,9800.0,Média,45,1,0,6800.0,0.0,3390.0
2969,35,31 a 45,24400.0,Alta,50,2,1,22000.0,0.0,7820.0
2970,42,31 a 45,4500.0,Média-Baixa,56,0,2,4500.0,0.0,1910.0
2971,45,31 a 45,9800.0,Média,61,0,0,9800.0,0.0,3550.0
2972,48,46 a 55,15000.0,Média-Alta,67,2,1,15000.0,0.0,5170.0
2973,51,46 a 55,6100.0,Média,72,0,2,6100.0,0.0,2550.0
2974,53,46 a 55,9000.0,Média,78,1,0,9000.0,0.0,3480.0
2975,55,46 a 55,17500.0,Média-Alta,83,3,1,17500.0,0.0,6080.0
2976,57,Maior que 55,17000.0,Média-Alta,89,1,2,13000.0,0.0,5990.0
2977,62,Maior que 55,8500.0,Média,94,1,0,5300.0,0.0,3490.0
2978,65,Maior que 55,18300.0,Média-Alta,98,3,1,18300.0,0.0,6470.0
2979,19,Até 20,1800.0,Baixa,12,0,0,1800.0,0.0,660.0
2980,23,21 a 30,4800.0,Média-Baixa,18,0,1,4800.0,0.0,1620.0
2981,25,21 a 30,2200.0,Baixa,23,1,2,2200.0,0.0,890.0
2982,27,21 a 30,3900.0,Média-Baixa,28,0,0,3900.0,0.0,1450.0
2983,28,21 a 30,11500.0,Média-Alta,34,1,1,11500.0,0.0,3790.0
2984,30,21 a 30,3100.0,Média-Baixa,39,0,2,3100.0,0.0,1320.0
2985,32,31 a 45,9800.0,Média,45,1,0,6800.0,0.0,3390.0
2986,35,31 a 45,24400.0,Alta,50,2,1,22000.0,0.0,7820.0
2987,42,31 a 45,4500.0,Média-Baixa,56,0,2,4500.0,0.0,1910.0
2988,45,31 a 45,9800.0,Média,61,0,0,9800.0,0.0,3550.0
2989,48,46 a 55,15000.0,Média-Alta,67,2,1,15000.0,0.0,5170.0
2990,51,46 a 55,6100.0,Média,72,0,2,6100.0,0.0,2550.0
2991,53,46 a 55,9000.0,Média,78,1,0,9000.0,0.0,3480.0
2992,55,46 a 55,17500.0,Média-Alta,83,3,1,17500.0,0.0,6080.0
2993,57,Maior que 55,17000.0,Média-Alta,89,1,2,13000.0,0.0,5990.0
2994,62,Maior que 55,8500.0,Média,94,1,0,5300.0,0.0,3490.0
2995,65,Maior que 55,18300.0,Média-Alta,98,3,1,18300.0,0.0,6470.0
2996,19,Até 20,1800.0,Baixa,12,0,0,1800.0,0.0,660.0
2997,23,21 a 30,4800.0,Média-Baixa,18,0,1,4800.0,0.0,1620.0
2998,25,21 a 30,2200.0,Baixa,23,1,2,2200.0,0.0,890.0
2999,27,21 a 30,3900.0,Média-Baixa,28,0,0,3900.0,0.0,1450.0
3000,28,21 a 30,11500.0,Média-Alta,34,1,1,11500.0,0.0,3790.0
3001,30,21 a 30,3100.0,Média-Baixa,39,0,2,3100.0,0.0,1320.0
3002,32,31 a 45,9800.0,Média,45,1,0,6800.0,0.0,3390.0
3003,35,31 a 45,24400.0,Alta,50,2,1,22000.0,0.0,7820.0
3004,42,31 a 45,4500.0,Média-Baixa,56,0,2,4500.0,0.0,1910.0
3005,45,31 a 45,9800.0,Média,61,0,0,9800.0,0.0,3550.0
3006,48,46 a 55,15000.0,Média-Alta,67,2,1,15000.0,0.0,5170.0
3007,51,46 a 55,6100.0,Média,72,0,2,6100.0,0.0,2550.0
3008,53,46 a 55,9000.0,Média,78,1,0,9000.0,0.0,3480.0
3009,55,46 a 55,17500.0,Média-Alta,83,3,1,17500.0,0.0,6080.0
3010,57,Maior que 55,17000.0,Média-Alta,89,1,2,13000.0,0.0,5990.0
3011,62,Maior que 55,8500.0,Média,94,1,0,5300.0,0.0,3490.0
3012,65,Maior que 55,18300.0,Média-Alta,98,3,1,18300.0,0.0,6470.0
3013,19,Até 20,1800.0,Baixa,12,0,0,1800.0,0.0,660.0
3014,23,21 a 30,4800.0,Média-Baixa,18,0,1,4800.0,0.0,1620.0
3015,25,21 a 30,2200.0,Baixa,23,1,2,2200.0,0.0,890.0
3016,27,21 a 30,3900.0,Média-Baixa,28,0,0,3900.0,0.0,1450.0
3017,28,21 a 30,11500.0,Média-Alta,34,1,1,11500.0,0.0,3790.0
3018,30,21 a 30,3100.0,Média-Baixa,39,0,2,3100.0,0.0,1320.0
3019,32,31 a 45,9800.0,Média,45,1,0,6800.0,0.0,3390.0
3020,35,31 a 45,24400.0,Alta,50,2,1,22000.0,0.0,7820.0
3021,42,31 a 45,4500.0,Média-Baixa,56,0,2,4500.0,0.0,1910.0
3022,45,31 a 45,9800.0,Média,61,0,0,9800.0,0.0,3550.0
3023,48,46 a 55,15000.0,Média-Alta,67,2,1,15000.0,0.0,5170.0
3024,51,46 a 55,6100.0,Média,72,0,2,6100.0,0.0,2550.0
3025,53,46 a 55,9000.0,Média,78,1,0,9000.0,0.0,3480.0
3026,55,46 a 55,17500.0,Média-Alta,83,3,1,17500.0,0.0,6080.0
3027,57,Maior que 55,17000.0,Média-Alta,89,1,2,13000.0,0.0,5990.0
3028,62,Maior que 55,8500.0,Média,94,1,0,5300.0,0.0,3490.0
3029,65,Maior que 55,18300.0,Média-Alta,98,3,1,18300.0,0.0,6470.0
3030,19,Até 20,1800.0,Baixa,12,0,0,1800.0,0.0,660.0
3031,23,21 a 30,4800.0,Média-Baixa,18,0,1,4800.0,0.0,1620.0
3032,25,21 a 30,2200.0,Baixa,23,1,2,2200.0,0.0,890.0
3033,27,21 a 30,3900.0,Média-Baixa,28,0,0,3900.0,0.0,1450.0
3034,28,21 a 30,11500.0,Média-Alta,34,1,1,11500.0,0.0,3790.0
3035,30,21 a 30,3100.0,Média-Baixa,39,0,2,3100.0,0.0,1320.0
3036,32,31 a 45,9800.0,Média,45,1,0,6800.0,0.0,3390.0
3037,35,31 a 45,24400.0,Alta,50,2,1,22000.0,0.0,7820.0
3038,42,31 a 45,4500.0,Média-Baixa,56,0,2,4500.0,0.0,1910.0
3039,45,31 a 45,9800.0,Média,61,0,0,9800.0,0.0,3550.0
3040,48,46 a 55,15000.0,Média-Alta,67,2,1,15000.0,0.0,5170.0
3041,51,46 a 55,6100.0,Média,72,0,2,6100.0,0.0,2550.0
3042,53,46 a 55,9000.0,Média,78,1,0,9000.0,0.0,3480.0
3043,55,46 a 55,17500.0,Média-Alta,83,3,1,17500.0,0.0,6080.0
3044,57,Maior que 55,17000.0,Média-Alta,89,1,2,13000.0,0.0,5990.0
3045,62,Maior que 55,8500.0,Média,94,1,0,5300.0,0.0,3490.0
3046,65,Maior que 55,18300.0,Média-Alta,98,3,1,18300.0,0.0,6470.0
3047,19,Até 20,1800.0,Baixa,12,0,0,1800.0,0.0,660.0
3048,23,21 a 30,4800.0,Média-Baixa,18,0,1,4800.0,0.0,1620.0
3049,25,21 a 30,2200.0,Baixa,23,1,2,2200.0,0.0,890.0
3050,27,21 a 30,3900.0,Média-Baixa,28,0,0,3900.0,0.0,1450.0
3051,28,21 a 30,11500.0,Média-Alta,34,1,1,11500.0,0.0,3790.0
3052,30,21 a 30,3100.0,Média-Baixa,39,0,2,3100.0,0.0,1320.0
3053,32,31 a 45,9800.0,Média,45,1,0,6800.0,0.0,3390.0
3054,35,31 a 45,24400.0,Alta,50,2,1,22000.0,0.0,7820.0
3055,42,31 a 45,4500.0,Média-Baixa,56,0,2,4500.0,0.0,1910.0
3056,45,31 a 45,9800.0,Média,61,0,0,9800.0,0.0,3550.0
3057,48,46 a 55,15000.0,Média-Alta,67,2,1,15000.0,0.0,5170.0
3058,51,46 a 55,6100.0,Média,72,0,2,6100.0,0.0,2550.0
3059,53,46 a 55,9000.0,Média,78,1,0,9000.0,0.0,3480.0
3060,55,46 a 55,17500.0,Média-Alta,83,3,1,17500.0,0.0,6080.0
3061,57,Maior que 55,17000.0,Média-Alta,89,1,2,13000.0,0.0,5990.0
3062,62,Maior que 55,8500.0,Média,94,1,0,5300.0,0.0,3490.0
3063,65,Maior que 55,18300.0,Média-Alta,98,3,1,18300.0,0.0,6470.0
3064,19,Até 20,1800.0,Baixa,12,0,0,1800.0,0.0,660.0
3065,23,21 a 30,4800.0,Média-Baixa,18,0,1,4800.0,0.0,1620.0
3066,25,21 a 30,2200.0,Baixa,23,1,2,2200.0,0.0,890.0
3067,27,21 a 30,3900.0,Média-Baixa,28,0,0,3900.0,0.0,1450.0
3068,28,21 a 30,11500.0,Média-Alta,34,1,1,11500.0,0.0,3790.0
3069,30,21 a 30,3100.0,Média-Baixa,39,0,2,3100.0,0.0,1320.0
3070,32,31 a 45,9800.0,Média,45,1,0,6800.0,0.0,3390.0
3071,35,31 a 45,1800.0,Baixa,12,0,0,1800.0,0.0,660.0
3072,42,31 a 45,4800.0,Média-Baixa,18,0,1,4800.0,0.0,1620.0
3073,45,31 a 45,2200.0,Baixa,23,1,2,2200.0,0.0,890.0
3074,48,46 a 55,3900.0,Média-Baixa,28,0,0,3900.0,0.0,1450.0
3075,51,46 a 55,11500.0,Média-Alta,34,1,1,11500.0,0.0,3790.0
3076,53,46 a 55,3100.0,Média-Baixa,39,0,2,3100.0,0.0,1320.0
3077,55,46 a 55,9800.0,Média,45,1,0,6800.0,0.0,3390.0
3078,57,Maior que 55,24400.0,Alta,50,2,1,22000.0,0.0,7820.0
3079,62,Maior que 55,4500.0,Média-Baixa,56,0,2,4500.0,0.0,1910.0
3080,65,Maior que 55,9800.0,Média,61,0,0,9800.0,0.0,3550.0
3081,19,Até 20,15000.0,Média-Alta,67,2,1,15000.0,0.0,5170.0
3082,23,21 a 30,6100.0,Média,72,0,2,6100.0,0.0,2550.0
3083,25,21 a 30,9000.0,Média,78,1,0,9000.0,0.0,3480.0
3084,30,21 a 30,17500.0,Média-Alta,83,3,1,17500.0,0.0,6080.0
3085,28,21 a 30,17000.0,Média-Alta,89,1,2,13000.0,0.0,5990.0
3086,30,21 a 30,8500.0,Média,94,1,0,5300.0,0.0,3490.0
3087,32,31 a 45,18300.0,Média-Alta,98,3,1,18300.0,0.0,6470.0
3088,35,31 a 45,1800.0,Baixa,12,0,0,1800.0,0.0,660.0
3089,42,31 a 45,4800.0,Média-Baixa,18,0,1,4800.0,0.0,1620.0
3090,45,31 a 45,2200.0,Baixa,23,1,2,2200.0,0.0,890.0
3091,48,46 a 55,3900.0,Média-Baixa,28,0,0,3900.0,0.0,1450.0
3092,51,46 a 55,11500.0,Média-Alta,34,1,1,11500.0,0.0,3790.0
3093,53,46 a 55,3100.0,Média-Baixa,39,0,2,3100.0,0.0,1320.0
3094,55,46 a 55,9800.0,Média,45,1,0,6800.0,0.0,3390.0
3095,57,Maior que 55,1800.0,Baixa,12,0,0,1800.0,0.0,660.0
3096,62,Maior que 55,4800.0,Média-Baixa,18,0,1,4800.0,0.0,1620.0
3097,65,Maior que 55,2200.0,Baixa,23,1,2,2200.0,0.0,890.0
3098,19,Até 20,3900.0,Média-Baixa,28,0,0,3900.0,0.0,1450.0
3099,23,21 a 30,11500.0,Média-Alta,34,1,1,11500.0,0.0,3790.0
3100,25,21 a 30,3100.0,Média-Baixa,39,0,2,3100.0,0.0,1320.0
3101,27,21 a 30,9800.0,Média,45,1,0,6800.0,0.0,3390.0
3102,28,21 a 30,24400.0,Alta,50,2,1,22000.0,0.0,7820.0
3103,30,21 a 30,4500.0,Média-Baixa,56,0,2,4500.0,0.0,1910.0
3104,32,31 a 45,9800.0,Média,61,0,0,9800.0,0.0,3550.0
3105,35,31 a 45,15000.0,Média-Alta,67,2,1,15000.0,0.0,5170.0
3106,42,31 a 45,6100.0,Média,72,0,2,6100.0,0.0,2550.0
3107,45,31 a 45,9000.0,Média,78,1,0,9000.0,0.0,3480.0
3108,48,46 a 55,17500.0,Média-Alta,83,3,1,17500.0,0.0,6080.0
3109,51,46 a 55,17000.0,Média-Alta,89,1,2,13000.0,0.0,5990.0
3110,53,46 a 55,8500.0,Média,94,1,0,5300.0,0.0,3490.0
3111,55,46 a 55,18300.0,Média-Alta,98,3,1,18300.0,0.0,6470.0
3112,57,Maior que 55,1800.0,Baixa,12,0,0,1800.0,0.0,660.0
3113,62,Maior que 55,4800.0,Média-Baixa,18,0,1,4800.0,0.0,1620.0
3114,65,Maior que 55,2200.0,Baixa,23,1,2,2200.0,0.0,890.0
3115,19,Até 20,3900.0,Média-Baixa,28,0,0,3900.0,0.0,1450.0
3116,23,21 a 30,11500.0,Média-Alta,34,1,1,11500.0,0.0,3790.0
3117,25,21 a 30,3100.0,Média-Baixa,39,0,2,3100.0,0.0,1320.0
3118,27,21 a 30,9800.0,Média,45,1,0,6800.0,0.0,3390.0
3119,28,21 a 30,1800.0,Baixa,12,0,0,1800.0,0.0,660.0
3120,30,21 a 30,4800.0,Média-Baixa,18,0,1,4800.0,0.0,1620.0
3121,32,31 a 45,2200.0,Baixa,23,1,2,2200.0,0.0,890.0
3122,35,31 a 45,3900.0,Média-Baixa,28,0,0,3900.0,0.0,1450.0
3123,42,31 a 45,11500.0,Média-Alta,34,1,1,11500.0,0.0,3790.0
3124,45,31 a 45,3100.0,Média-Baixa,39,0,2,3100.0,0.0,1320.0
3125,48,46 a 55,9800.0,Média,45,1,0,6800.0,0.0,3390.0
3126,51,46 a 55,24400.0,Alta,50,2,1,22000.0,0.0,7820.0
3127,53,46 a 55,4500.0,Média-Baixa,56,0,2,4500.0,0.0,1910.0
3128,55,46 a 55,9800.0,Média,61,0,0,9800.0,0.0,3550.0
3129,57,Maior que 55,15000.0,Média-Alta,67,2,1,15000.0,0.0,5170.0
3130,62,Maior que 55,6100.0,Média,72,0,2,6100.0,0.0,2550.0
3131,65,Maior que 55,9000.0,Média,78,1,0,9000.0,0.0,3480.0
3132,19,Até 20,17500.0,Média-Alta,83,3,1,17500.0,0.0,6080.0
3133,23,21 a 30,17000.0,Média-Alta,89,1,2,13000.0,0.0,5990.0
3134,25,21 a 30,8500.0,Média,94,1,0,5300.0,0.0,3490.0
3135,27,21 a 30,18300.0,Média-Alta,98,3,1,18300.0,0.0,6470.0
3136,28,21 a 30,1800.0,Baixa,12,0,0,1800.0,0.0,660.0
3137,30,21 a 30,4800.0,Média-Baixa,18,0,1,4800.0,0.0,1620.0
3138,32,31 a 45,2200.0,Baixa,23,1,2,2200.0,0.0,890.0
3139,35,31 a 45,3900.0,Média-Baixa,28,0,0,3900.0,0.0,1450.0
3140,42,31 a 45,11500.0,Média-Alta,34,1,1,11500.0,0.0,3790.0
3141,45,31 a 45,3100.0,Média-Baixa,39,0,2,3100.0,0.0,1320.0
3142,48,46 a 55,9800.0,Média,45,1,0,6800.0,0.0,3390.0
3143,51,46 a 55,1800.0,Baixa,12,0,0,1800.0,0.0,660.0
3144,53,46 a 55,4800.0,Média-Baixa,18,0,1,4800.0,0.0,1620.0
3145,55,46 a 55,2200.0,Baixa,23,1,2,2200.0,0.0,890.0
3146,57,Maior que 55,3900.0,Média-Baixa,28,0,0,3900.0,0.0,1450.0
3147,62,Maior que 55,11500.0,Média-Alta,34,1,1,11500.0,0.0,3790.0
3148,65,Maior que 55,3100.0,Média-Baixa,39,0,2,3100.0,0.0,1320.0
3149,19,Até 20,9800.0,Média,45,1,0,6800.0,0.0,3390.0
3150,23,21 a 30,24400.0,Alta,50,2,1,22000.0,0.0,7820.0
3151,25,21 a 30,4500.0,Média-Baixa,56,0,2,4500.0,0.0,1910.0
3152,27,21 a 30,9800.0,Média,61,0,0,9800.0,0.0,3550.0
3153,28,21 a 30,15000.0,Média-Alta,67,2,1,15000.0,0.0,5170.0
3154,30,21 a 30,6100.0,Média,72,0,2,6100.0,0.0,2550.0
3155,32,31 a 45,9000.0,Média,78,1,0,9000.0,0.0,3480.0
3156,35,31 a 45,17500.0,Média-Alta,83,3,1,17500.0,0.0,6080.0
3157,42,31 a 45,17000.0,Média-Alta,89,1,2,13000.0,0.0,5990.0
3158,45,31 a 45,8500.0,Média,94,1,0,5300.0,0.0,3490.0
3159,48,46 a 55,18300.0,Média-Alta,98,3,1,18300.0,0.0,6470.0
3160,51,46 a 55,1800.0,Baixa,12,0,0,1800.0,0.0,660.0
3161,53,46 a 55,4800.0,Média-Baixa,18,0,1,4800.0,0.0,1620.0
3162,55,46 a 55,2200.0,Baixa,23,1,2,2200.0,0.0,890.0
3163,57,Maior que 55,3900.0,Média-Baixa,28,0,0,3900.0,0.0,1450.0
3164,62,Maior que 55,11500.0,Média-Alta,34,1,1,11500.0,0.0,3790.0
3165,65,Maior que 55,3100.0,Média-Baixa,39,0,2,3100.0,0.0,1320.0
3166,65,Maior que 55,9800.0,Média,45,1,0,6800.0,0.0,3390.0
3167,23,21 a 30,15000.0,Média-Alta,67,2,1,15000.0,0.0,5170.0
3168,28,21 a 30,6100.0,Média,72,0,2,6100.0,0.0,2550.0
3169,30,21 a 30,9000.0,Média,78,1,0,9000.0,0.0,3480.0
3170,32,31 a 45,17500.0,Média-Alta,83,3,1,17500.0,0.0,6080.0
3171,35,31 a 45,17000.0,Média-Alta,89,1,2,13000.0,0.0,5990.0
3172,42,31 a 45,8500.0,Média,94,1,0,5300.0,0.0,3490.0
3173,45,31 a 45,18300.0,Média-Alta,98,3,1,18300.0,0.0,6470.0
3174,48,46 a 55,1800.0,Baixa,12,0,0,1800.0,0.0,660.0
3175,51,46 a 55,4800.0,Média-Baixa,18,0,1,4800.0,0.0,1620.0
3176,53,46 a 55,2200.0,Baixa,23,1,2,2200.0,0.0,890.0
3177,55,46 a 55,3900.0,Média-Baixa,28,0,0,3900.0,0.0,1450.0
3178,57,Maior que 55,11500.0,Média-Alta,34,1,1,11500.0,0.0,3790.0
3179,62,Maior que 55,3100.0,Média-Baixa,39,0,2,3100.0,0.0,1320.0
3180,65,Maior que 55,9800.0,Média,45,1,0,6800.0,0.0,3390.0
3181,19,Até 20,1800.0,Baixa,12,0,0,1800.0,0.0,660.0
3182,23,21 a 30,4800.0,Média-Baixa,18,0,1,4800.0,0.0,1620.0
3183,25,21 a 30,2200.0,Baixa,23,1,2,2200.0,0.0,890.0
3184,27,21 a 30,3900.0,Média-Baixa,28,0,0,3900.0,0.0,1450.0
3185,28,21 a 30,11500.0,Média-Alta,34,1,1,11500.0,0.0,3790.0
3186,30,21 a 30,3100.0,Média-Baixa,39,0,2,3100.0,0.0,1320.0
3187,32,31 a 45,9800.0,Média,45,1,0,6800.0,0.0,3390.0
3188,35,31 a 45,24400.0,Alta,50,2,1,22000.0,0.0,7820.0
3189,42,31 a 45,4500.0,Média-Baixa,56,0,2,4500.0,0.0,1910.0
3190,45,31 a 45,9800.0,Média,61,0,0,9800.0,0.0,3550.0
3191,48,46 a 55,15000.0,Média-Alta,67,2,1,15000.0,0.0,5170.0
3192,51,46 a 55,6100.0,Média,72,0,2,6100.0,0.0,2550.0
3193,53,46 a 55,9000.0,Média,78,1,0,9000.0,0.0,3480.0
3194,55,46 a 55,17500.0,Média-Alta,83,3,1,17500.0,0.0,6080.0
3195,57,Maior que 55,17000.0,Média-Alta,89,1,2,13000.0,0.0,5990.0
3196,62,Maior que 55,8500.0,Média,94,1,0,5300.0,0.0,3490.0
3197,65,Maior que 55,18300.0,Média-Alta,98,3,1,18300.0,0.0,6470.0
3198,19,Até 20,1800.0,Baixa,12,0,0,1800.0,0.0,660.0
3199,23,21 a 30,15000.0,Média-Alta,67,2,1,15000.0,0.0,5170.0
3200,25,21 a 30,6100.0,Média,72,0,2,6100.0,0.0,2550.0
3201,27,21 a 30,9000.0,Média,78,1,0,9000.0,0.0,3480.0
3202,28,21 a 30,17500.0,Média-Alta,83,3,1,17500.0,0.0,6080.0
3203,30,21 a 30,17000.0,Média-Alta,89,1,2,13000.0,0.0,5990.0
3204,32,31 a 45,8500.0,Média,94,1,0,5300.0,0.0,3490.0
3205,35,31 a 45,18300.0,Média-Alta,98,3,1,18300.0,0.0,6470.0
3206,42,31 a 45,1800.0,Baixa,12,0,0,1800.0,0.0,660.0
3207,45,31 a 45,4800.0,Média-Baixa,18,0,1,4800.0,0.0,1620.0
3208,48,46 a 55,2200.0,Baixa,23,1,2,2200.0,0.0,890.0
3209,51,46 a 55,3900.0,Média-Baixa,28,0,0,3900.0,0.0,1450.0
3210,53,46 a 55,11500.0,Média-Alta,34,1,1,11500.0,0.0,3790.0
3211,55,46 a 55,3100.0,Média-Baixa,39,0,2,3100.0,0.0,1320.0
3212,57,Maior que 55,9800.0,Média,45,1,0,6800.0,0.0,3390.0
3213,62,Maior que 55,1800.0,Baixa,12,0,0,1800.0,0.0,660.0
3214,65,Maior que 55,4800.0,Média-Baixa,18,0,1,4800.0,0.0,1620.0
3215,19,Até 20,2200.0,Baixa,23,1,2,2200.0,0.0,890.0
3216,23,21 a 30,3900.0,Média-Baixa,28,0,0,3900.0,0.0,1450.0
3217,25,21 a 30,11500.0,Média-Alta,34,1,1,11500.0,0.0,3790.0
3218,27,21 a 30,3100.0,Média-Baixa,39,0,2,3100.0,0.0,1320.0
3219,28,21 a 30,9800.0,Média,45,1,0,6800.0,0.0,3390.0
3220,30,21 a 30,24400.0,Alta,50,2,1,22000.0,0.0,7820.0
3221,32,31 a 45,4500.0,Média-Baixa,56,0,2,4500.0,0.0,1910.0
3222,35,31 a 45,9800.0,Média,61,0,0,9800.0,0.0,3550.0
3223,42,31 a 45,15000.0,Média-Alta,67,2,1,15000.0,0.0,5170.0
3224,45,31 a 45,6100.0,Média,72,0,2,6100.0,0.0,2550.0
3225,48,46 a 55,9000.0,Média,78,1,0,9000.0,0.0,3480.0
3226,51,46 a 55,17500.0,Média-Alta,83,3,1,17500.0,0.0,6080.0
3227,53,46 a 55,17000.0,Média-Alta,89,1,2,13000.0,0.0,5990.0
3228,55,46 a 55,8500.0,Média,94,1,0,5300.0,0.0,3490.0
3229,57,Maior que 55,18300.0,Média-Alta,98,3,1,18300.0,0.0,6470.0
3230,62,Maior que 55,1800.0,Baixa,12,0,0,1800.0,0.0,660.0
3231,65,Maior que 55,15000.0,Média-Alta,67,2,1,15000.0,0.0,5170.0
3232,19,Até 20,6100.0,Média,72,0,2,6100.0,0.0,2550.0
3233,23,21 a 30,9000.0,Média,78,1,0,9000.0,0.0,3480.0
3234,25,21 a 30,17500.0,Média-Alta,83,3,1,17500.0,0.0,6080.0
3235,27,21 a 30,17000.0,Média-Alta,89,1,2,13000.0,0.0,5990.0
3236,28,21 a 30,8500.0,Média,94,1,0,5300.0,0.0,3490.0
3237,30,21 a 30,18300.0,Média-Alta,98,3,1,18300.0,0.0,6470.0
3238,32,31 a 45,1800.0,Baixa,12,0,0,1800.0,0.0,660.0
3239,35,31 a 45,4800.0,Média-Baixa,18,0,1,4800.0,0.0,1620.0
3240,42,31 a 45,2200.0,Baixa,23,1,2,2200.0,0.0,890.0
3241,45,31 a 45,3900.0,Média-Baixa,28,0,0,3900.0,0.0,1450.0
3242,48,46 a 55,11500.0,Média-Alta,34,1,1,11500.0,0.0,3790.0
3243,51,46 a 55,3100.0,Média-Baixa,39,0,2,3100.0,0.0,1320.0
3244,23,21 a 30,9800.0,Média,45,1,0,6800.0,0.0,3390.0
3245,28,21 a 30,1800.0,Baixa,12,0,0,1800.0,0.0,660.0
3246,30,21 a 30,4800.0,Média-Baixa,18,0,1,4800.0,0.0,1620.0
3247,32,31 a 45,2200.0,Baixa,23,1,2,2200.0,0.0,890.0
3248,35,31 a 45,3900.0,Média-Baixa,28,0,0,3900.0,0.0,1450.0
3249,42,31 a 45,11500.0,Média-Alta,34,1,1,11500.0,0.0,3790.0
3250,45,31 a 45,3100.0,Média-Baixa,39,0,2,3100.0,0.0,1320.0
3251,48,46 a 55,9800.0,Média,45,1,0,6800.0,0.0,3390.0
3252,51,46 a 55,24400.0,Alta,50,2,1,22000.0,0.0,7820.0
3253,53,46 a 55,4500.0,Média-Baixa,56,0,2,4500.0,0.0,1910.0
3254,55,46 a 55,9800.0,Média,61,0,0,9800.0,0.0,3550.0
3255,57,Maior que 55,15000.0,Média-Alta,67,2,1,15000.0,0.0,5170.0
3256,62,Maior que 55,6100.0,Média,72,0,2,6100.0,0.0,2550.0
3257,65,Maior que 55,9000.0,Média,78,1,0,9000.0,0.0,3480.0
3258,19,Até 20,17500.0,Média-Alta,83,3,1,17500.0,0.0,6080.0
3259,23,21 a 30,17000.0,Média-Alta,89,1,2,13000.0,0.0,5990.0
3260,25,21 a 30,8500.0,Média,94,1,0,5300.0,0.0,3490.0
3261,27,21 a 30,18300.0,Média-Alta,98,3,1,18300.0,0.0,6470.0
3262,28,21 a 30,1800.0,Baixa,12,0,0,1800.0,0.0,660.0
3263,30,21 a 30,1800.0,Baixa,12,0,0,1800.0,0.0,660.0
3264,32,31 a 45,4800.0,Média-Baixa,18,0,1,4800.0,0.0,1620.0
3265,35,31 a 45,2200.0,Baixa,23,1,2,2200.0,0.0,890.0
3266,42,31 a 45,3900.0,Média-Baixa,28,0,0,3900.0,0.0,1450.0
3267,45,31 a 45,11500.0,Média-Alta,34,1,1,11500.0,0.0,3790.0
3268,48,46 a 55,3100.0,Média-Baixa,39,0,2,3100.0,0.0,1320.0
3269,51,46 a 55,9800.0,Média,45,1,0,6800.0,0.0,3390.0
3270,53,46 a 55,24400.0,Alta,50,2,1,22000.0,0.0,7820.0
3271,55,46 a 55,4500.0,Média-Baixa,56,0,2,4500.0,0.0,1910.0
3272,57,Maior que 55,9800.0,Média,61,0,0,9800.0,0.0,3550.0
3273,62,Maior que 55,15000.0,Média-Alta,67,2,1,15000.0,0.0,5170.0
3274,65,Maior que 55,6100.0,Média,72,0,2,6100.0,0.0,2550.0
3275,19,Até 20,9000.0,Média,78,1,0,9000.0,0.0,3480.0
3276,23,21 a 30,17500.0,Média-Alta,83,3,1,17500.0,0.0,6080.0
3277,25,21 a 30,17000.0,Média-Alta,89,1,2,13000.0,0.0,5990.0
3278,27,21 a 30,8500.0,Média,94,1,0,5300.0,0.0,3490.0
3279,28,21 a 30,18300.0,Média-Alta,98,3,1,18300.0,0.0,6470.0
3280,30,21 a 30,1800.0,Baixa,12,0,0,1800.0,0.0,660.0
3281,32,31 a 45,4800.0,Média-Baixa,18,0,1,4800.0,0.0,1620.0
3282,35,31 a 45,2200.0,Baixa,23,1,2,2200.0,0.0,890.0
3283,42,31 a 45,3900.0,Média-Baixa,28,0,0,3900.0,0.0,1450.0
3284,45,31 a 45,11500.0,Média-Alta,34,1,1,11500.0,0.0,3790.0
3285,48,46 a 55,3100.0,Média-Baixa,39,0,2,3100.0,0.0,1320.0
3286,51,46 a 55,1800.0,Baixa,12,0,0,1800.0,0.0,660.0
3287,53,46 a 55,4800.0,Média-Baixa,18,0,1,4800.0,0.0,1620.0
3288,55,46 a 55,2200.0,Baixa,23,1,2,2200.0,0.0,890.0
3289,57,Maior que 55,3900.0,Média-Baixa,28,0,0,3900.0,0.0,1450.0
3290,62,Maior que 55,11500.0,Média-Alta,34,1,1,11500.0,0.0,3790.0
3291,65,Maior que 55,3100.0,Média-Baixa,39,0,2,3100.0,0.0,1320.0
3292,19,Até 20,9800.0,Média,45,1,0,6800.0,0.0,3390.0
3293,23,21 a 30,24400.0,Alta,50,2,1,22000.0,0.0,7820.0
3294,25,21 a 30,4500.0,Média-Baixa,56,0,2,4500.0,0.0,1910.0
3295,27,21 a 30,9800.0,Média,61,0,0,9800.0,0.0,3550.0
3296,28,21 a 30,15000.0,Média-Alta,67,2,1,15000.0,0.0,5170.0
3297,30,21 a 30,6100.0,Média,72,0,2,6100.0,0.0,2550.0
3298,32,31 a 45,9000.0,Média,78,1,0,9000.0,0.0,3480.0
3299,35,31 a 45,17500.0,Média-Alta,83,3,1,17500.0,0.0,6080.0
3300,42,31 a 45,17000.0,Média-Alta,89,1,2,13000.0,0.0,5990.0
3301,45,31 a 45,8500.0,Média,94,1,0,5300.0,0.0,3490.0
3302,48,46 a 55,18300.0,Média-Alta,98,3,1,18300.0,0.0,6470.0
3303,51,46 a 55,1800.0,Baixa,12,0,0,1800.0,0.0,660.0
3304,53,46 a 55,4800.0,Média-Baixa,18,0,1,4800.0,0.0,1620.0
3305,55,46 a 55,2200.0,Baixa,23,1,2,2200.0,0.0,890.0
3306,57,Maior que 55,3900.0,Média-Baixa,28,0,0,3900.0,0.0,1450.0
3307,62,Maior que 55,11500.0,Média-Alta,34,1,1,11500.0,0.0,3790.0
3308,65,Maior que 55,3100.0,Média-Baixa,39,0,2,3100.0,0.0,1320.0
3309,19,Até 20,1800.0,Baixa,12,0,0,1800.0,0.0,660.0
3310,23,21 a 30,4800.0,Média-Baixa,18,0,1,4800.0,0.0,1620.0
3311,25,21 a 30,2200.0,Baixa,23,1,2,2200.0,0.0,890.0
3312,27,21 a 30,3900.0,Média-Baixa,28,0,0,3900.0,0.0,1450.0
3313,28,21 a 30,11500.0,Média-Alta,34,1,1,11500.0,0.0,3790.0
3314,30,21 a 30,3100.0,Média-Baixa,39,0,2,3100.0,0.0,1320.0
3315,32,31 a 45,9800.0,Média,45,1,0,6800.0,0.0,3390.0
3316,35,31 a 45,24400.0,Alta,50,2,1,22000.0,0.0,7820.0
3317,42,31 a 45,4500.0,Média-Baixa,56,0,2,4500.0,0.0,1910.0
3318,45,31 a 45,9800.0,Média,61,0,0,9800.0,0.0,3550.0
3319,48,46 a 55,15000.0,Média-Alta,67,2,1,15000.0,0.0,5170.0
3320,51,46 a 55,6100.0,Média,72,0,2,6100.0,0.0,2550.0
3321,23,21 a 30,9000.0,Média,78,1,0,9000.0,0.0,3480.0
3322,28,21 a 30,17500.0,Média-Alta,83,3,1,17500.0,0.0,6080.0
3323,30,21 a 30,17000.0,Média-Alta,89,1,2,13000.0,0.0,5990.0
3324,32,31 a 45,8500.0,Média,94,1,0,5300.0,0.0,3490.0
3325,35,31 a 45,18300.0,Média-Alta,98,3,1,18300.0,0.0,6470.0
3326,42,31 a 45,1800.0,Baixa,12,0,0,1800.0,0.0,660.0
3327,45,31 a 45,4800.0,Média-Baixa,18,0,1,4800.0,0.0,1620.0
3328,48,46 a 55,2200.0,Baixa,23,1,2,2200.0,0.0,890.0
3329,51,46 a 55,3900.0,Média-Baixa,28,0,0,3900.0,0.0,1450.0
3330,53,46 a 55,11500.0,Média-Alta,34,1,1,11500.0,0.0,3790.0
3331,55,46 a 55,3100.0,Média-Baixa,39,0,2,3100.0,0.0,1320.0
3332,57,Maior que 55,1800.0,Baixa,12,0,0,1800.0,0.0,660.0
3333,62,Maior que 55,4800.0,Média-Baixa,18,0,1,4800.0,0.0,1620.0
3334,65,Maior que 55,2200.0,Baixa,23,1,2,2200.0,0.0,890.0
3335,19,Até 20,3900.0,Média-Baixa,28,0,0,3900.0,0.0,1450.0
3336,23,21 a 30,11500.0,Média-Alta,34,1,1,11500.0,0.0,3790.0
3337,25,21 a 30,3100.0,Média-Baixa,39,0,2,3100.0,0.0,1320.0
3338,27,21 a 30,9800.0,Média,45,1,0,6800.0,0.0,3390.0
3339,28,21 a 30,24400.0,Alta,50,2,1,22000.0,0.0,7820.0
3340,30,21 a 30,4500.0,Média-Baixa,56,0,2,4500.0,0.0,1910.0
3341,32,31 a 45,9800.0,Média,61,0,0,9800.0,0.0,3550.0
3342,35,31 a 45,15000.0,Média-Alta,67,2,1,15000.0,0.0,5170.0
3343,42,31 a 45,6100.0,Média,72,0,2,6100.0,0.0,2550.0
3344,45,31 a 45,9000.0,Média,78,1,0,9000.0,0.0,3480.0
3345,48,46 a 55,17500.0,Média-Alta,83,3,1,17500.0,0.0,6080.0
3346,51,46 a 55,17000.0,Média-Alta,89,1,2,13000.0,0.0,5990.0
3347,53,46 a 55,8500.0,Média,94,1,0,5300.0,0.0,3490.0
3348,55,46 a 55,18300.0,Média-Alta,98,3,1,18300.0,0.0,6470.0
3349,57,Maior que 55,1800.0,Baixa,12,0,0,1800.0,0.0,660.0
3350,62,Maior que 55,4800.0,Média-Baixa,18,0,1,4800.0,0.0,1620.0
3351,65,Maior que 55,2200.0,Baixa,23,1,2,2200.0,0.0,890.0
3352,19,Até 20,3900.0,Média-Baixa,28,0,0,3900.0,0.0,1450.0
3353,23,21 a 30,11500.0,Média-Alta,34,1,1,11500.0,0.0,3790.0
3354,25,21 a 30,3100.0,Média-Baixa,39,0,2,3100.0,0.0,1320.0
3355,27,21 a 30,1800.0,Baixa,12,0,0,1800.0,0.0,660.0
3356,28,21 a 30,4800.0,Média-Baixa,18,0,1,4800.0,0.0,1620.0
3357,30,21 a 30,2200.0,Baixa,23,1,2,2200.0,0.0,890.0
3358,32,31 a 45,3900.0,Média-Baixa,28,0,0,3900.0,0.0,1450.0
3359,35,31 a 45,11500.0,Média-Alta,34,1,1,11500.0,0.0,3790.0
3360,42,31 a 45,3100.0,Média-Baixa,39,0,2,3100.0,0.0,1320.0
3361,45,31 a 45,9800.0,Média,45,1,0,6800.0,0.0,3390.0
3362,48,46 a 55,24400.0,Alta,50,2,1,22000.0,0.0,7820.0
3363,51,46 a 55,4500.0,Média-Baixa,56,0,2,4500.0,0.0,1910.0
3364,53,46 a 55,9800.0,Média,61,0,0,9800.0,0.0,3550.0
3365,55,46 a 55,15000.0,Média-Alta,67,2,1,15000.0,0.0,5170.0
3366,57,Maior que 55,6100.0,Média,72,0,2,6100.0,0.0,2550.0
3367,62,Maior que 55,9000.0,Média,78,1,0,9000.0,0.0,3480.0
3368,65,Maior que 55,17500.0,Média-Alta,83,3,1,17500.0,0.0,6080.0
3369,19,Até 20,17000.0,Média-Alta,89,1,2,13000.0,0.0,5990.0
3370,23,21 a 30,8500.0,Média,94,1,0,5300.0,0.0,3490.0
3371,25,21 a 30,18300.0,Média-Alta,98,3,1,18300.0,0.0,6470.0
3372,27,21 a 30,1800.0,Baixa,12,0,0,1800.0,0.0,660.0
3373,28,21 a 30,4800.0,Média-Baixa,18,0,1,4800.0,0.0,1620.0
3374,30,21 a 30,2200.0,Baixa,23,1,2,2200.0,0.0,890.0
3375,32,31 a 45,3900.0,Média-Baixa,28,0,0,3900.0,0.0,1450.0
3376,35,31 a 45,11500.0,Média-Alta,34,1,1,11500.0,0.0,3790.0
3377,42,31 a 45,3100.0,Média-Baixa,39,0,2,3100.0,0.0,1320.0
3378,45,31 a 45,1800.0,Baixa,12,0,0,1800.0,0.0,660.0
3379,48,46 a 55,4800.0,Média-Baixa,18,0,1,4800.0,0.0,1620.0
3380,51,46 a 55,2200.0,Baixa,23,1,2,2200.0,0.0,890.0
3381,53,46 a 55,3900.0,Média-Baixa,28,0,0,3900.0,0.0,1450.0
3382,55,46 a 55,11500.0,Média-Alta,34,1,1,11500.0,0.0,3790.0
3383,57,Maior que 55,3100.0,Média-Baixa,39,0,2,3100.0,0.0,1320.0
3384,62,Maior que 55,9800.0,Média,45,1,0,6800.0,0.0,3390.0
3385,65,Maior que 55,24400.0,Alta,50,2,1,22000.0,0.0,7820.0
3386,19,Até 20,4500.0,Média-Baixa,56,0,2,4500.0,0.0,1910.0
3387,23,21 a 30,9800.0,Média,61,0,0,9800.0,0.0,3550.0
3388,25,21 a 30,15000.0,Média-Alta,67,2,1,15000.0,0.0,5170.0
3389,27,21 a 30,6100.0,Média,72,0,2,6100.0,0.0,2550.0
3390,28,21 a 30,9000.0,Média,78,1,0,9000.0,0.0,3480.0
3391,30,21 a 30,17500.0,Média-Alta,83,3,1,17500.0,0.0,6080.0
3392,32,31 a 45,17000.0,Média-Alta,89,1,2,13000.0,0.0,5990.0
3393,35,31 a 45,8500.0,Média,94,1,0,5300.0,0.0,3490.0
3394,42,31 a 45,18300.0,Média-Alta,98,3,1,18300.0,0.0,6470.0
3395,45,31 a 45,1800.0,Baixa,12,0,0,1800.0,0.0,660.0
3396,48,46 a 55,4800.0,Média-Baixa,18,0,1,4800.0,0.0,1620.0
3397,51,46 a 55,2200.0,Baixa,23,1,2,2200.0,0.0,890.0
3398,23,21 a 30,3900.0,Média-Baixa,28,0,0,3900.0,0.0,1450.0
3399,28,21 a 30,11500.0,Média-Alta,34,1,1,11500.0,0.0,3790.0
3400,30,21 a 30,3100.0,Média-Baixa,39,0,2,3100.0,0.0,1320.0
3401,32,31 a 45,1800.0,Baixa,12,0,0,1800.0,0.0,660.0
3402,35,31 a 45,4800.0,Média-Baixa,18,0,1,4800.0,0.0,1620.0
3403,42,31 a 45,2200.0,Baixa,23,1,2,2200.0,0.0,890.0
3404,45,31 a 45,3900.0,Média-Baixa,28,0,0,3900.0,0.0,1450.0
3405,48,46 a 55,11500.0,Média-Alta,34,1,1,11500.0,0.0,3790.0
3406,51,46 a 55,3100.0,Média-Baixa,39,0,2,3100.0,0.0,1320.0
3407,53,46 a 55,9800.0,Média,45,1,0,6800.0,0.0,3390.0
3408,55,46 a 55,24400.0,Alta,50,2,1,22000.0,0.0,7820.0
3409,57,Maior que 55,4500.0,Média-Baixa,56,0,2,4500.0,0.0,1910.0
3410,62,Maior que 55,9800.0,Média,61,0,0,9800.0,0.0,3550.0
3411,65,Maior que 55,15000.0,Média-Alta,67,2,1,15000.0,0.0,5170.0
3412,19,Até 20,6100.0,Média,72,0,2,6100.0,0.0,2550.0
3413,23,21 a 30,9000.0,Média,78,1,0,9000.0,0.0,3480.0
3414,25,21 a 30,17500.0,Média-Alta,83,3,1,17500.0,0.0,6080.0
3415,27,21 a 30,17000.0,Média-Alta,89,1,2,13000.0,0.0,5990.0
3416,28,21 a 30,8500.0,Média,94,1,0,5300.0,0.0,3490.0
3417,30,21 a 30,18300.0,Média-Alta,98,3,1,18300.0,0.0,6470.0
3418,32,31 a 45,1800.0,Baixa,12,0,0,1800.0,0.0,660.0
3419,35,31 a 45,4800.0,Média-Baixa,18,0,1,4800.0,0.0,1620.0
3420,42,31 a 45,2200.0,Baixa,23,1,2,2200.0,0.0,890.0
3421,45,31 a 45,3900.0,Média-Baixa,28,0,0,3900.0,0.0,1450.0
3422,48,46 a 55,11500.0,Média-Alta,34,1,1,11500.0,0.0,3790.0
3423,51,46 a 55,3100.0,Média-Baixa,39,0,2,3100.0,0.0,1320.0
3424,53,46 a 55,1800.0,Baixa,12,0,0,1800.0,0.0,660.0
3425,55,46 a 55,4800.0,Média-Baixa,18,0,1,4800.0,0.0,1620.0
3426,57,Maior que 55,2200.0,Baixa,23,1,2,2200.0,0.0,890.0
3427,62,Maior que 55,3900.0,Média-Baixa,28,0,0,3900.0,0.0,1450.0
3428,65,Maior que 55,11500.0,Média-Alta,34,1,1,11500.0,0.0,3790.0
3429,19,Até 20,3100.0,Média-Baixa,39,0,2,3100.0,0.0,1320.0
3430,23,21 a 30,9800.0,Média,45,1,0,6800.0,0.0,3390.0
3431,25,21 a 30,24400.0,Alta,50,2,1,22000.0,0.0,7820.0
3432,27,21 a 30,4500.0,Média-Baixa,56,0,2,4500.0,0.0,1910.0
3433,28,21 a 30,9800.0,Média,61,0,0,9800.0,0.0,3550.0
3434,30,21 a 30,15000.0,Média-Alta,67,2,1,15000.0,0.0,5170.0
3435,32,31 a 45,6100.0,Média,72,0,2,6100.0,0.0,2550.0
3436,35,31 a 45,9000.0,Média,78,1,0,9000.0,0.0,3480.0
3437,42,31 a 45,17500.0,Média-Alta,83,3,1,17500.0,0.0,6080.0
3438,45,31 a 45,17000.0,Média-Alta,89,1,2,13000.0,0.0,5990.0
3439,48,46 a 55,8500.0,Média,94,1,0,5300.0,0.0,3490.0
3440,51,46 a 55,18300.0,Média-Alta,98,3,1,18300.0,0.0,6470.0
3441,53,46 a 55,1800.0,Baixa,12,0,0,1800.0,0.0,660.0
3442,55,46 a 55,4800.0,Média-Baixa,18,0,1,4800.0,0.0,1620.0
3443,57,Maior que 55,2200.0,Baixa,23,1,2,2200.0,0.0,890.0
3444,62,Maior que 55,3900.0,Média-Baixa,28,0,0,3900.0,0.0,1450.0
3445,65,Maior que 55,11500.0,Média-Alta,34,1,1,11500.0,0.0,3790.0
3446,19,Até 20,3100.0,Média-Baixa,39,0,2,3100.0,0.0,1320.0
3447,23,21 a 30,1800.0,Baixa,12,0,0,1800.0,0.0,660.0
3448,25,21 a 30,4800.0,Média-Baixa,18,0,1,4800.0,0.0,1620.0
3449,27,21 a 30,2200.0,Baixa,23,1,2,2200.0,0.0,890.0
3450,28,21 a 30,3900.0,Média-Baixa,28,0,0,3900.0,0.0,1450.0
3451,30,21 a 30,11500.0,Média-Alta,34,1,1,11500.0,0.0,3790.0
3452,32,31 a 45,3100.0,Média-Baixa,39,0,2,3100.0,0.0,1320.0
3453,35,31 a 45,9800.0,Média,45,1,0,6800.0,0.0,3390.0
3454,42,31 a 45,24400.0,Alta,50,2,1,22000.0,0.0,7820.0
3455,45,31 a 45,4500.0,Média-Baixa,56,0,2,4500.0,0.0,1910.0
3456,48,46 a 55,9800.0,Média,61,0,0,9800.0,0.0,3550.0
3457,51,46 a 55,15000.0,Média-Alta,67,2,1,15000.0,0.0,5170.0
3458,53,46 a 55,6100.0,Média,72,0,2,6100.0,0.0,2550.0
3459,55,46 a 55,9000.0,Média,78,1,0,9000.0,0.0,3480.0
3460,57,Maior que 55,17500.0,Média-Alta,83,3,1,17500.0,0.0,6080.0
3461,62,Maior que 55,17000.0,Média-Alta,89,1,2,13000.0,0.0,5990.0
3462,65,Maior que 55,8500.0,Média,94,1,0,5300.0,0.0,3490.0
3463,19,Até 20,18300.0,Média-Alta,98,3,1,18300.0,0.0,6470.0
3464,23,21 a 30,1800.0,Baixa,12,0,0,1800.0,0.0,660.0
3465,25,21 a 30,4800.0,Média-Baixa,18,0,1,4800.0,0.0,1620.0
3466,27,21 a 30,2200.0,Baixa,23,1,2,2200.0,0.0,890.0
3467,28,21 a 30,3900.0,Média-Baixa,28,0,0,3900.0,0.0,1450.0
3468,30,21 a 30,11500.0,Média-Alta,34,1,1,11500.0,0.0,3790.0
3469,32,31 a 45,3100.0,Média-Baixa,39,0,2,3100.0,0.0,1320.0
3470,35,31 a 45,1800.0,Baixa,12,0,0,1800.0,0.0,660.0
3471,42,31 a 45,4800.0,Média-Baixa,18,0,1,4800.0,0.0,1620.0
3472,45,31 a 45,2200.0,Baixa,23,1,2,2200.0,0.0,890.0
3473,48,46 a 55,3900.0,Média-Baixa,28,0,0,3900.0,0.0,1450.0
3474,51,46 a 55,11500.0,Média-Alta,34,1,1,11500.0,0.0,3790.0
3475,42,31 a 45,3100.0,Média-Baixa,39,0,2,3100.0,0.0,1320.0
3476,45,31 a 45,9800.0,Média,45,1,0,6800.0,0.0,3390.0
3477,48,46 a 55,24400.0,Alta,50,2,1,22000.0,0.0,7820.0
3478,51,46 a 55,4500.0,Média-Baixa,56,0,2,4500.0,0.0,1910.0
3479,48,46 a 55,9800.0,Média,61,0,0,9800.0,0.0,3550.0
3480,51,46 a 55,15000.0,Média-Alta,67,2,1,15000.0,0.0,5170.0
3481,48,46 a 55,6100.0,Média,72,0,2,6100.0,0.0,2550.0
3482,51,46 a 55,9000.0,Média,78,1,0,9000.0,0.0,3480.0
3483,48,46 a 55,17500.0,Média-Alta,83,3,1,17500.0,0.0,6080.0
3484,51,46 a 55,17000.0,Média-Alta,89,1,2,13000.0,0.0,5990.0
3485,48,46 a 55,8500.0,Média,94,1,0,5300.0,0.0,3490.0
3486,51,46 a 55,18300.0,Média-Alta,98,3,1,18300.0,0.0,6470.0
3487,48,46 a 55,1800.0,Baixa,12,0,0,1800.0,0.0,660.0
3488,51,46 a 55,4800.0,Média-Baixa,18,0,1,4800.0,0.0,1620.0
3489,48,46 a 55,2200.0,Baixa,23,1,2,2200.0,0.0,890.0
3490,51,46 a 55,3900.0,Média-Baixa,28,0,0,3900.0,0.0,1450.0
3491,48,46 a 55,11500.0,Média-Alta,34,1,1,11500.0,0.0,3790.0
3492,51,46 a 55,3100.0,Média-Baixa,39,0,2,3100.0,0.0,1320.0
3493,19,Até 20,1800.0,Baixa,12,0,0,1800.0,0.0,660.0
3494,23,21 a 30,4800.0,Média-Baixa,18,0,1,4800.0,0.0,1620.0
3495,25,21 a 30,2200.0,Baixa,23,1,2,2200.0,0.0,890.0
3496,27,21 a 30,3900.0,Média-Baixa,28,0,0,3900.0,0.0,1450.0
3497,28,21 a 30,11500.0,Média-Alta,34,1,1,11500.0,0.0,3790.0
3498,30,21 a 30,3100.0,Média-Baixa,39,0,2,3100.0,0.0,1320.0
3499,32,31 a 45,9800.0,Média,45,1,0,6800.0,0.0,3390.0
3500,35,31 a 45,24400.0,Alta,50,2,1,22000.0,0.0,7820.0
3501,42,31 a 45,4500.0,Média-Baixa,56,0,2,4500.0,0.0,1910.0
3502,45,31 a 45,9800.0,Média,61,0,0,9800.0,0.0,3550.0
3503,48,46 a 55,15000.0,Média-Alta,67,2,1,15000.0,0.0,5170.0
3504,51,46 a 55,6100.0,Média,72,0,2,6100.0,0.0,2550.0
3505,53,46 a 55,9000.0,Média,78,1,0,9000.0,0.0,3480.0
3506,55,46 a 55,17500.0,Média-Alta,83,3,1,17500.0,0.0,6080.0
3507,57,Maior que 55,17000.0,Média-Alta,89,1,2,13000.0,0.0,5990.0
3508,62,Maior que 55,8500.0,Média,94,1,0,5300.0,0.0,3490.0
3509,65,Maior que 55,18300.0,Média-Alta,98,3,1,18300.0,0.0,6470.0
3510,19,Até 20,1800.0,Baixa,12,0,0,1800.0,0.0,660.0
3511,23,21 a 30,4800.0,Média-Baixa,18,0,1,4800.0,0.0,1620.0
3512,25,21 a 30,2200.0,Baixa,23,1,2,2200.0,0.0,890.0
3513,27,21 a 30,3900.0,Média-Baixa,28,0,0,3900.0,0.0,1450.0
3514,28,21 a 30,11500.0,Média-Alta,34,1,1,11500.0,0.0,3790.0
3515,30,21 a 30,3100.0,Média-Baixa,39,0,2,3100.0,0.0,1320.0
3516,32,31 a 45,9800.0,Média,45,1,0,6800.0,0.0,3390.0
3517,35,31 a 45,24400.0,Alta,50,2,1,22000.0,0.0,7820.0
3518,42,31 a 45,4500.0,Média-Baixa,56,0,2,4500.0,0.0,1910.0
3519,45,31 a 45,9800.0,Média,61,0,0,9800.0,0.0,3550.0
3520,48,46 a 55,15000.0,Média-Alta,67,2,1,15000.0,0.0,5170.0
3521,51,46 a 55,6100.0,Média,72,0,2,6100.0,0.0,2550.0
3522,53,46 a 55,9000.0,Média,78,1,0,9000.0,0.0,3480.0
3523,55,46 a 55,17500.0,Média-Alta,83,3,1,17500.0,0.0,6080.0
3524,57,Maior que 55,17000.0,Média-Alta,89,1,2,13000.0,0.0,5990.0
3525,62,Maior que 55,8500.0,Média,94,1,0,5300.0,0.0,3490.0
3526,65,Maior que 55,18300.0,Média-Alta,98,3,1,18300.0,0.0,6470.0
3527,19,Até 20,1800.0,Baixa,12,0,0,1800.0,0.0,660.0
3528,23,21 a 30,4800.0,Média-Baixa,18,0,1,4800.0,0.0,1620.0
3529,25,21 a 30,2200.0,Baixa,23,1,2,2200.0,0.0,890.0
3530,27,21 a 30,3900.0,Média-Baixa,28,0,0,3900.0,0.0,1450.0
3531,28,21 a 30,11500.0,Média-Alta,34,1,1,11500.0,0.0,3790.0
3532,30,21 a 30,3100.0,Média-Baixa,39,0,2,3100.0,0.0,1320.0
3533,32,31 a 45,9800.0,Média,45,1,0,6800.0,0.0,3390.0
3534,35,31 a 45,24400.0,Alta,50,2,1,22000.0,0.0,7820.0
3535,42,31 a 45,4500.0,Média-Baixa,56,0,2,4500.0,0.0,1910.0
3536,45,31 a 45,9800.0,Média,61,0,0,9800.0,0.0,3550.0
3537,48,46 a 55,15000.0,Média-Alta,67,2,1,15000.0,0.0,5170.0
3538,51,46 a 55,6100.0,Média,72,0,2,6100.0,0.0,2550.0
3539,53,46 a 55,9000.0,Média,78,1,0,9000.0,0.0,3480.0
3540,55,46 a 55,17500.0,Média-Alta,83,3,1,17500.0,0.0,6080.0
3541,57,Maior que 55,17000.0,Média-Alta,89,1,2,13000.0,0.0,5990.0
3542,62,Maior que 55,8500.0,Média,94,1,0,5300.0,0.0,3490.0
3543,65,Maior que 55,18300.0,Média-Alta,98,3,1,18300.0,0.0,6470.0
3544,19,Até 20,1800.0,Baixa,12,0,0,1800.0,0.0,660.0
3545,23,21 a 30,4800.0,Média-Baixa,18,0,1,4800.0,0.0,1620.0
3546,25,21 a 30,2200.0,Baixa,23,1,2,2200.0,0.0,890.0
3547,27,21 a 30,3900.0,Média-Baixa,28,0,0,3900.0,0.0,1450.0
3548,28,21 a 30,11500.0,Média-Alta,34,1,1,11500.0,0.0,3790.0
3549,30,21 a 30,3100.0,Média-Baixa,39,0,2,3100.0,0.0,1320.0
3550,32,31 a 45,9800.0,Média,45,1,0,6800.0,0.0,3390.0
3551,35,31 a 45,24400.0,Alta,50,2,1,22000.0,0.0,7820.0
3552,42,31 a 45,4500.0,Média-Baixa,56,0,2,4500.0,0.0,1910.0
3553,45,31 a 45,9800.0,Média,61,0,0,9800.0,0.0,3550.0
3554,48,46 a 55,15000.0,Média-Alta,67,2,1,15000.0,0.0,5170.0
3555,51,46 a 55,6100.0,Média,72,0,2,6100.0,0.0,2550.0
3556,53,46 a 55,9000.0,Média,78,1,0,9000.0,0.0,3480.0
3557,55,46 a 55,17500.0,Média-Alta,83,3,1,17500.0,0.0,6080.0
3558,57,Maior que 55,17000.0,Média-Alta,89,1,2,13000.0,0.0,5990.0
3559,62,Maior que 55,8500.0,Média,94,1,0,5300.0,0.0,3490.0
3560,65,Maior que 55,18300.0,Média-Alta,98,3,1,18300.0,0.0,6470.0
3561,19,Até 20,1800.0,Baixa,12,0,0,1800.0,0.0,660.0
3562,23,21 a 30,4800.0,Média-Baixa,18,0,1,4800.0,0.0,1620.0
3563,25,21 a 30,2200.0,Baixa,23,1,2,2200.0,0.0,890.0
3564,27,21 a 30,3900.0,Média-Baixa,28,0,0,3900.0,0.0,1450.0
3565,28,21 a 30,11500.0,Média-Alta,34,1,1,11500.0,0.0,3790.0
3566,30,21 a 30,3100.0,Média-Baixa,39,0,2,3100.0,0.0,1320.0
3567,32,31 a 45,9800.0,Média,45,1,0,6800.0,0.0,3390.0
3568,35,31 a 45,24400.0,Alta,50,2,1,22000.0,0.0,7820.0
3569,42,31 a 45,4500.0,Média-Baixa,56,0,2,4500.0,0.0,1910.0
3570,45,31 a 45,9800.0,Média,61,0,0,9800.0,0.0,3550.0
3571,48,46 a 55,15000.0,Média-Alta,67,2,1,15000.0,0.0,5170.0
3572,51,46 a 55,6100.0,Média,72,0,2,6100.0,0.0,2550.0
3573,53,46 a 55,9000.0,Média,78,1,0,9000.0,0.0,3480.0
3574,55,46 a 55,17500.0,Média-Alta,83,3,1,17500.0,0.0,6080.0
3575,57,Maior que 55,17000.0,Média-Alta,89,1,2,13000.0,0.0,5990.0
3576,62,Maior que 55,8500.0,Média,94,1,0,5300.0,0.0,3490.0
3577,65,Maior que 55,18300.0,Média-Alta,98,3,1,18300.0,0.0,6470.0
3578,19,Até 20,1800.0,Baixa,12,0,0,1800.0,0.0,660.0
3579,23,21 a 30,4800.0,Média-Baixa,18,0,1,4800.0,0.0,1620.0
3580,25,21 a 30,2200.0,Baixa,23,1,2,2200.0,0.0,890.0
3581,27,21 a 30,3900.0,Média-Baixa,28,0,0,3900.0,0.0,1450.0
3582,28,21 a 30,11500.0,Média-Alta,34,1,1,11500.0,0.0,3790.0
3583,30,21 a 30,3100.0,Média-Baixa,39,0,2,3100.0,0.0,1320.0
3584,32,31 a 45,9800.0,Média,45,1,0,6800.0,0.0,3390.0
3585,35,31 a 45,24400.0,Alta,50,2,1,22000.0,0.0,7820.0
3586,42,31 a 45,4500.0,Média-Baixa,56,0,2,4500.0,0.0,1910.0
3587,45,31 a 45,9800.0,Média,61,0,0,9800.0,0.0,3550.0
3588,48,46 a 55,15000.0,Média-Alta,67,2,1,15000.0,0.0,5170.0
3589,51,46 a 55,6100.0,Média,72,0,2,6100.0,0.0,2550.0
3590,53,46 a 55,9000.0,Média,78,1,0,9000.0,0.0,3480.0
3591,55,46 a 55,17500.0,Média-Alta,83,3,1,17500.0,0.0,6080.0
3592,57,Maior que 55,17000.0,Média-Alta,89,1,2,13000.0,0.0,5990.0
3593,62,Maior que 55,8500.0,Média,94,1,0,5300.0,0.0,3490.0
3594,65,Maior que 55,18300.0,Média-Alta,98,3,1,18300.0,0.0,6470.0
3595,19,Até 20,1800.0,Baixa,12,0,0,1800.0,0.0,660.0
3596,23,21 a 30,4800.0,Média-Baixa,18,0,1,4800.0,0.0,1620.0
3597,25,21 a 30,2200.0,Baixa,23,1,2,2200.0,0.0,890.0
3598,27,21 a 30,3900.0,Média-Baixa,28,0,0,3900.0,0.0,1450.0
3599,28,21 a 30,11500.0,Média-Alta,34,1,1,11500.0,0.0,3790.0
3600,30,21 a 30,3100.0,Média-Baixa,39,0,2,3100.0,0.0,1320.0
3601,32,31 a 45,9800.0,Média,45,1,0,6800.0,0.0,3390.0
3602,35,31 a 45,24400.0,Alta,50,2,1,22000.0,0.0,7820.0
3603,42,31 a 45,4500.0,Média-Baixa,56,0,2,4500.0,0.0,1910.0
3604,45,31 a 45,9800.0,Média,61,0,0,9800.0,0.0,3550.0
3605,48,46 a 55,15000.0,Média-Alta,67,2,1,15000.0,0.0,5170.0
3606,51,46 a 55,6100.0,Média,72,0,2,6100.0,0.0,2550.0
3607,53,46 a 55,9000.0,Média,78,1,0,9000.0,0.0,3480.0
3608,55,46 a 55,17500.0,Média-Alta,83,3,1,17500.0,0.0,6080.0
3609,57,Maior que 55,17000.0,Média-Alta,89,1,2,13000.0,0.0,5990.0
3610,62,Maior que 55,8500.0,Média,94,1,0,5300.0,0.0,3490.0
3611,65,Maior que 55,18300.0,Média-Alta,98,3,1,18300.0,0.0,6470.0
3612,19,Até 20,1800.0,Baixa,12,0,0,1800.0,0.0,660.0
3613,23,21 a 30,4800.0,Média-Baixa,18,0,1,4800.0,0.0,1620.0
3614,25,21 a 30,2200.0,Baixa,23,1,2,2200.0,0.0,890.0
3615,27,21 a 30,3900.0,Média-Baixa,28,0,0,3900.0,0.0,1450.0
3616,28,21 a 30,11500.0,Média-Alta,34,1,1,11500.0,0.0,3790.0
3617,30,21 a 30,3100.0,Média-Baixa,39,0,2,3100.0,0.0,1320.0
3618,32,31 a 45,9800.0,Média,45,1,0,6800.0,0.0,3390.0
3619,35,31 a 45,24400.0,Alta,50,2,1,22000.0,0.0,7820.0
3620,42,31 a 45,4500.0,Média-Baixa,56,0,2,4500.0,0.0,1910.0
3621,45,31 a 45,9800.0,Média,61,0,0,9800.0,0.0,3550.0
3622,48,46 a 55,15000.0,Média-Alta,67,2,1,15000.0,0.0,5170.0
3623,51,46 a 55,6100.0,Média,72,0,2,6100.0,0.0,2550.0
3624,53,46 a 55,9000.0,Média,78,1,0,9000.0,0.0,3480.0
3625,55,46 a 55,17500.0,Média-Alta,83,3,1,17500.0,0.0,6080.0
3626,57,Maior que 55,17000.0,Média-Alta,89,1,2,13000.0,0.0,5990.0
3627,62,Maior que 55,8500.0,Média,94,1,0,5300.0,0.0,3490.0
3628,65,Maior que 55,18300.0,Média-Alta,98,3,1,18300.0,0.0,6470.0
3629,19,Até 20,1800.0,Baixa,12,0,0,1800.0,0.0,660.0
3630,23,21 a 30,4800.0,Média-Baixa,18,0,1,4800.0,0.0,1620.0
3631,25,21 a 30,2200.0,Baixa,23,1,2,2200.0,0.0,890.0
3632,27,21 a 30,3900.0,Média-Baixa,28,0,0,3900.0,0.0,1450.0
3633,28,21 a 30,11500.0,Média-Alta,34,1,1,11500.0,0.0,3790.0
3634,30,21 a 30,3100.0,Média-Baixa,39,0,2,3100.0,0.0,1320.0
3635,32,31 a 45,9800.0,Média,45,1,0,6800.0,0.0,3390.0
3636,35,31 a 45,24400.0,Alta,50,2,1,22000.0,0.0,7820.0
3637,42,31 a 45,4500.0,Média-Baixa,56,0,2,4500.0,0.0,1910.0
3638,45,31 a 45,9800.0,Média,61,0,0,9800.0,0.0,3550.0
3639,48,46 a 55,15000.0,Média-Alta,67,2,1,15000.0,0.0,5170.0
3640,51,46 a 55,6100.0,Média,72,0,2,6100.0,0.0,2550.0
3641,53,46 a 55,9000.0,Média,78,1,0,9000.0,0.0,3480.0
3642,55,46 a 55,17500.0,Média-Alta,83,3,1,17500.0,0.0,6080.0
3643,57,Maior que 55,17000.0,Média-Alta,89,1,2,13000.0,0.0,5990.0
3644,62,Maior que 55,8500.0,Média,94,1,0,5300.0,0.0,3490.0
3645,65,Maior que 55,18300.0,Média-Alta,98,3,1,18300.0,0.0,6470.0
3646,19,Até 20,1800.0,Baixa,12,0,0,1800.0,0.0,660.0
3647,23,21 a 30,4800.0,Média-Baixa,18,0,1,4800.0,0.0,1620.0
3648,25,21 a 30,2200.0,Baixa,23,1,2,2200.0,0.0,890.0
3649,27,21 a 30,3900.0,Média-Baixa,28,0,0,3900.0,0.0,1450.0
3650,28,21 a 30,11500.0,Média-Alta,34,1,1,11500.0,0.0,3790.0
3651,30,21 a 30,3100.0,Média-Baixa,39,0,2,3100.0,0.0,1320.0
3652,32,31 a 45,9800.0,Média,45,1,0,6800.0,0.0,3390.0
3653,35,31 a 45,1800.0,Baixa,12,0,0,1800.0,0.0,660.0
3654,42,31 a 45,4800.0,Média-Baixa,18,0,1,4800.0,0.0,1620.0
3655,45,31 a 45,2200.0,Baixa,23,1,2,2200.0,0.0,890.0
3656,48,46 a 55,3900.0,Média-Baixa,28,0,0,3900.0,0.0,1450.0
3657,51,46 a 55,11500.0,Média-Alta,34,1,1,11500.0,0.0,3790.0
3658,53,46 a 55,3100.0,Média-Baixa,39,0,2,3100.0,0.0,1320.0
3659,55,46 a 55,9800.0,Média,45,1,0,6800.0,0.0,3390.0
3660,57,Maior que 55,24400.0,Alta,50,2,1,22000.0,0.0,7820.0
3661,62,Maior que 55,4500.0,Média-Baixa,56,0,2,4500.0,0.0,1910.0
3662,65,Maior que 55,9800.0,Média,61,0,0,9800.0,0.0,3550.0
3663,19,Até 20,15000.0,Média-Alta,67,2,1,15000.0,0.0,5170.0
3664,23,21 a 30,6100.0,Média,72,0,2,6100.0,0.0,2550.0
3665,25,21 a 30,9000.0,Média,78,1,0,9000.0,0.0,3480.0
3666,31,31 a 45,17500.0,Média-Alta,83,3,1,17500.0,0.0,6080.0
3667,28,21 a 30,17000.0,Média-Alta,89,1,2,13000.0,0.0,5990.0
3668,30,21 a 30,8500.0,Média,94,1,0,5300.0,0.0,3490.0
3669,32,31 a 45,18300.0,Média-Alta,98,3,1,18300.0,0.0,6470.0
3670,35,31 a 45,1800.0,Baixa,12,0,0,1800.0,0.0,660.0
3671,42,31 a 45,4800.0,Média-Baixa,18,0,1,4800.0,0.0,1620.0
3672,45,31 a 45,2200.0,Baixa,23,1,2,2200.0,0.0,890.0
3673,48,46 a 55,3900.0,Média-Baixa,28,0,0,3900.0,0.0,1450.0
3674,51,46 a 55,11500.0,Média-Alta,34,1,1,11500.0,0.0,3790.0
3675,53,46 a 55,3100.0,Média-Baixa,39,0,2,3100.0,0.0,1320.0
3676,55,46 a 55,9800.0,Média,45,1,0,6800.0,0.0,3390.0
3677,57,Maior que 55,1800.0,Baixa,12,0,0,1800.0,0.0,660.0
3678,62,Maior que 55,4800.0,Média-Baixa,18,0,1,4800.0,0.0,1620.0
3679,65,Maior que 55,2200.0,Baixa,23,1,2,2200.0,0.0,890.0
3680,19,Até 20,3900.0,Média-Baixa,28,0,0,3900.0,0.0,1450.0
3681,23,21 a 30,11500.0,Média-Alta,34,1,1,11500.0,0.0,3790.0
3682,25,21 a 30,3100.0,Média-Baixa,39,0,2,3100.0,0.0,1320.0
3683,27,21 a 30,9800.0,Média,45,1,0,6800.0,0.0,3390.0
3684,28,21 a 30,24400.0,Alta,50,2,1,22000.0,0.0,7820.0
3685,30,21 a 30,4500.0,Média-Baixa,56,0,2,4500.0,0.0,1910.0
3686,32,31 a 45,9800.0,Média,61,0,0,9800.0,0.0,3550.0
3687,35,31 a 45,15000.0,Média-Alta,67,2,1,15000.0,0.0,5170.0
3688,42,31 a 45,6100.0,Média,72,0,2,6100.0,0.0,2550.0
3689,45,31 a 45,9000.0,Média,78,1,0,9000.0,0.0,3480.0
3690,48,46 a 55,17500.0,Média-Alta,83,3,1,17500.0,0.0,6080.0
3691,51,46 a 55,17000.0,Média-Alta,89,1,2,13000.0,0.0,5990.0
3692,53,46 a 55,8500.0,Média,94,1,0,5300.0,0.0,3490.0
3693,55,46 a 55,18300.0,Média-Alta,98,3,1,18300.0,0.0,6470.0
3694,57,Maior que 55,1800.0,Baixa,12,0,0,1800.0,0.0,660.0
3695,62,Maior que 55,4800.0,Média-Baixa,18,0,1,4800.0,0.0,1620.0
3696,65,Maior que 55,2200.0,Baixa,23,1,2,2200.0,0.0,890.0
3697,19,Até 20,3900.0,Média-Baixa,28,0,0,3900.0,0.0,1450.0
3698,23,21 a 30,11500.0,Média-Alta,34,1,1,11500.0,0.0,3790.0
3699,25,21 a 30,3100.0,Média-Baixa,39,0,2,3100.0,0.0,1320.0
3700,27,21 a 30,9800.0,Média,45,1,0,6800.0,0.0,3390.0
3701,28,21 a 30,1800.0,Baixa,12,0,0,1800.0,0.0,660.0
3702,30,21 a 30,4800.0,Média-Baixa,18,0,1,4800.0,0.0,1620.0
3703,32,31 a 45,2200.0,Baixa,23,1,2,2200.0,0.0,890.0
3704,35,31 a 45,3900.0,Média-Baixa,28,0,0,3900.0,0.0,1450.0
3705,42,31 a 45,11500.0,Média-Alta,34,1,1,11500.0,0.0,3790.0
3706,45,31 a 45,3100.0,Média-Baixa,39,0,2,3100.0,0.0,1320.0
3707,48,46 a 55,9800.0,Média,45,1,0,6800.0,0.0,3390.0
3708,51,46 a 55,24400.0,Alta,50,2,1,22000.0,0.0,7820.0
3709,53,46 a 55,4500.0,Média-Baixa,56,0,2,4500.0,0.0,1910.0
3710,55,46 a 55,9800.0,Média,61,0,0,9800.0,0.0,3550.0
3711,57,Maior que 55,15000.0,Média-Alta,67,2,1,15000.0,0.0,5170.0
3712,62,Maior que 55,6100.0,Média,72,0,2,6100.0,0.0,2550.0
3713,65,Maior que 55,9000.0,Média,78,1,0,9000.0,0.0,3480.0
3714,19,Até 20,17500.0,Média-Alta,83,3,1,17500.0,0.0,6080.0
3715,23,21 a 30,17000.0,Média-Alta,89,1,2,13000.0,0.0,5990.0
3716,25,21 a 30,8500.0,Média,94,1,0,5300.0,0.0,3490.0
3717,27,21 a 30,18300.0,Média-Alta,98,3,1,18300.0,0.0,6470.0
3718,28,21 a 30,1800.0,Baixa,12,0,0,1800.0,0.0,660.0
3719,30,21 a 30,4800.0,Média-Baixa,18,0,1,4800.0,0.0,1620.0
3720,32,31 a 45,2200.0,Baixa,23,1,2,2200.0,0.0,890.0
3721,35,31 a 45,3900.0,Média-Baixa,28,0,0,3900.0,0.0,1450.0
3722,42,31 a 45,11500.0,Média-Alta,34,1,1,11500.0,0.0,3790.0
3723,45,31 a 45,3100.0,Média-Baixa,39,0,2,3100.0,0.0,1320.0
3724,48,46 a 55,9800.0,Média,45,1,0,6800.0,0.0,3390.0
3725,51,46 a 55,1800.0,Baixa,12,0,0,1800.0,0.0,660.0
3726,53,46 a 55,4800.0,Média-Baixa,18,0,1,4800.0,0.0,1620.0
3727,55,46 a 55,2200.0,Baixa,23,1,2,2200.0,0.0,890.0
3728,57,Maior que 55,3900.0,Média-Baixa,28,0,0,3900.0,0.0,1450.0
3729,62,Maior que 55,11500.0,Média-Alta,34,1,1,11500.0,0.0,3790.0
3730,65,Maior que 55,3100.0,Média-Baixa,39,0,2,3100.0,0.0,1320.0
3731,19,Até 20,9800.0,Média,45,1,0,6800.0,0.0,3390.0
3732,23,21 a 30,24400.0,Alta,50,2,1,22000.0,0.0,7820.0
3733,25,21 a 30,4500.0,Média-Baixa,56,0,2,4500.0,0.0,1910.0
3734,27,21 a 30,9800.0,Média,61,0,0,9800.0,0.0,3550.0
3735,28,21 a 30,15000.0,Média-Alta,67,2,1,15000.0,0.0,5170.0
3736,30,21 a 30,6100.0,Média,72,0,2,6100.0,0.0,2550.0
3737,32,31 a 45,9000.0,Média,78,1,0,9000.0,0.0,3480.0
3738,35,31 a 45,17500.0,Média-Alta,83,3,1,17500.0,0.0,6080.0
3739,42,31 a 45,17000.0,Média-Alta,89,1,2,13000.0,0.0,5990.0
3740,45,31 a 45,8500.0,Média,94,1,0,5300.0,0.0,3490.0
3741,48,46 a 55,18300.0,Média-Alta,98,3,1,18300.0,0.0,6470.0
3742,51,46 a 55,1800.0,Baixa,12,0,0,1800.0,0.0,660.0
3743,53,46 a 55,4800.0,Média-Baixa,18,0,1,4800.0,0.0,1620.0
3744,55,46 a 55,2200.0,Baixa,23,1,2,2200.0,0.0,890.0
3745,57,Maior que 55,3900.0,Média-Baixa,28,0,0,3900.0,0.0,1450.0
3746,62,Maior que 55,11500.0,Média-Alta,34,1,1,11500.0,0.0,3790.0
3747,65,Maior que 55,3100.0,Média-Baixa,39,0,2,3100.0,0.0,1320.0
3748,65,Maior que 55,9800.0,Média,45,1,0,6800.0,0.0,3390.0
3749,23,21 a 30,15000.0,Média-Alta,67,2,1,15000.0,0.0,5170.0
3750,28,21 a 30,6100.0,Média,72,0,2,6100.0,0.0,2550.0
3751,30,21 a 30,9000.0,Média,78,1,0,9000.0,0.0,3480.0
3752,32,31 a 45,17500.0,Média-Alta,83,3,1,17500.0,0.0,6080.0
3753,35,31 a 45,17000.0,Média-Alta,89,1,2,13000.0,0.0,5990.0
3754,42,31 a 45,8500.0,Média,94,1,0,5300.0,0.0,3490.0
3755,45,31 a 45,18300.0,Média-Alta,98,3,1,18300.0,0.0,6470.0
3756,48,46 a 55,1800.0,Baixa,12,0,0,1800.0,0.0,660.0
3757,51,46 a 55,4800.0,Média-Baixa,18,0,1,4800.0,0.0,1620.0
3758,53,46 a 55,2200.0,Baixa,23,1,2,2200.0,0.0,890.0
3759,55,46 a 55,3900.0,Média-Baixa,28,0,0,3900.0,0.0,1450.0
3760,57,Maior que 55,11500.0,Média-Alta,34,1,1,11500.0,0.0,3790.0
3761,62,Maior que 55,3100.0,Média-Baixa,39,0,2,3100.0,0.0,1320.0
3762,65,Maior que 55,9800.0,Média,45,1,0,6800.0,0.0,3390.0
3763,19,Até 20,1800.0,Baixa,12,0,0,1800.0,0.0,660.0
3764,23,21 a 30,4800.0,Média-Baixa,18,0,1,4800.0,0.0,1620.0
3765,25,21 a 30,2200.0,Baixa,23,1,2,2200.0,0.0,890.0
3766,27,21 a 30,3900.0,Média-Baixa,28,0,0,3900.0,0.0,1450.0
3767,28,21 a 30,11500.0,Média-Alta,34,1,1,11500.0,0.0,3790.0
3768,30,21 a 30,3100.0,Média-Baixa,39,0,2,3100.0,0.0,1320.0
3769,32,31 a 45,9800.0,Média,45,1,0,6800.0,0.0,3390.0
3770,35,31 a 45,24400.0,Alta,50,2,1,22000.0,0.0,7820.0
3771,42,31 a 45,4500.0,Média-Baixa,56,0,2,4500.0,0.0,1910.0
3772,45,31 a 45,9800.0,Média,61,0,0,9800.0,0.0,3550.0
3773,48,46 a 55,15000.0,Média-Alta,67,2,1,15000.0,0.0,5170.0
3774,51,46 a 55,6100.0,Média,72,0,2,6100.0,0.0,2550.0
3775,53,46 a 55,9000.0,Média,78,1,0,9000.0,0.0,3480.0
3776,55,46 a 55,17500.0,Média-Alta,83,3,1,17500.0,0.0,6080.0
3777,57,Maior que 55,17000.0,Média-Alta,89,1,2,13000.0,0.0,5990.0
3778,62,Maior que 55,8500.0,Média,94,1,0,5300.0,0.0,3490.0
3779,65,Maior que 55,18300.0,Média-Alta,98,3,1,18300.0,0.0,6470.0
3780,19,Até 20,1800.0,Baixa,12,0,0,1800.0,0.0,660.0
3781,23,21 a 30,15000.0,Média-Alta,67,2,1,15000.0,0.0,5170.0
3782,25,21 a 30,6100.0,Média,72,0,2,6100.0,0.0,2550.0
3783,27,21 a 30,9000.0,Média,78,1,0,9000.0,0.0,3480.0
3784,28,21 a 30,17500.0,Média-Alta,83,3,1,17500.0,0.0,6080.0
3785,30,21 a 30,17000.0,Média-Alta,89,1,2,13000.0,0.0,5990.0
3786,32,31 a 45,8500.0,Média,94,1,0,5300.0,0.0,3490.0
3787,35,31 a 45,18300.0,Média-Alta,98,3,1,18300.0,0.0,6470.0
3788,42,31 a 45,1800.0,Baixa,12,0,0,1800.0,0.0,660.0
3789,45,31 a 45,4800.0,Média-Baixa,18,0,1,4800.0,0.0,1620.0
3790,48,46 a 55,2200.0,Baixa,23,1,2,2200.0,0.0,890.0
3791,51,46 a 55,3900.0,Média-Baixa,28,0,0,3900.0,0.0,1450.0
3792,53,46 a 55,11500.0,Média-Alta,34,1,1,11500.0,0.0,3790.0
3793,55,46 a 55,3100.0,Média-Baixa,39,0,2,3100.0,0.0,1320.0
3794,57,Maior que 55,9800.0,Média,45,1,0,6800.0,0.0,3390.0
3795,62,Maior que 55,1800.0,Baixa,12,0,0,1800.0,0.0,660.0
3796,65,Maior que 55,4800.0,Média-Baixa,18,0,1,4800.0,0.0,1620.0
3797,19,Até 20,2200.0,Baixa,23,1,2,2200.0,0.0,890.0
3798,23,21 a 30,3900.0,Média-Baixa,28,0,0,3900.0,0.0,1450.0
3799,25,21 a 30,11500.0,Média-Alta,34,1,1,11500.0,0.0,3790.0
3800,27,21 a 30,3100.0,Média-Baixa,39,0,2,3100.0,0.0,1320.0
3801,28,21 a 30,9800.0,Média,45,1,0,6800.0,0.0,3390.0
3802,30,21 a 30,24400.0,Alta,50,2,1,22000.0,0.0,7820.0
3803,32,31 a 45,4500.0,Média-Baixa,56,0,2,4500.0,0.0,1910.0
3804,35,31 a 45,9800.0,Média,61,0,0,9800.0,0.0,3550.0
3805,42,31 a 45,15000.0,Média-Alta,67,2,1,15000.0,0.0,5170.0
3806,45,31 a 45,6100.0,Média,72,0,2,6100.0,0.0,2550.0
3807,48,46 a 55,9000.0,Média,78,1,0,9000.0,0.0,3480.0
3808,51,46 a 55,17500.0,Média-Alta,83,3,1,17500.0,0.0,6080.0
3809,53,46 a 55,17000.0,Média-Alta,89,1,2,13000.0,0.0,5990.0
3810,55,46 a 55,8500.0,Média,94,1,0,5300.0,0.0,3490.0
3811,57,Maior que 55,18300.0,Média-Alta,98,3,1,18300.0,0.0,6470.0
3812,62,Maior que 55,1800.0,Baixa,12,0,0,1800.0,0.0,660.0
3813,65,Maior que 55,15000.0,Média-Alta,67,2,1,15000.0,0.0,5170.0
3814,19,Até 20,6100.0,Média,72,0,2,6100.0,0.0,2550.0
3815,23,21 a 30,9000.0,Média,78,1,0,9000.0,0.0,3480.0
3816,25,21 a 30,17500.0,Média-Alta,83,3,1,17500.0,0.0,6080.0
3817,27,21 a 30,17000.0,Média-Alta,89,1,2,13000.0,0.0,5990.0
3818,28,21 a 30,8500.0,Média,94,1,0,5300.0,0.0,3490.0
3819,30,21 a 30,18300.0,Média-Alta,98,3,1,18300.0,0.0,6470.0
3820,32,31 a 45,1800.0,Baixa,12,0,0,1800.0,0.0,660.0
3821,35,31 a 45,4800.0,Média-Baixa,18,0,1,4800.0,0.0,1620.0
3822,42,31 a 45,2200.0,Baixa,23,1,2,2200.0,0.0,890.0
3823,45,31 a 45,3900.0,Média-Baixa,28,0,0,3900.0,0.0,1450.0
3824,48,46 a 55,11500.0,Média-Alta,34,1,1,11500.0,0.0,3790.0
3825,51,46 a 55,3100.0,Média-Baixa,39,0,2,3100.0,0.0,1320.0
3826,23,21 a 30,9800.0,Média,45,1,0,6800.0,0.0,3390.0
3827,28,21 a 30,1800.0,Baixa,12,0,0,1800.0,0.0,660.0
3828,30,21 a 30,4800.0,Média-Baixa,18,0,1,4800.0,0.0,1620.0
3829,32,31 a 45,2200.0,Baixa,23,1,2,2200.0,0.0,890.0
3830,35,31 a 45,3900.0,Média-Baixa,28,0,0,3900.0,0.0,1450.0
3831,42,31 a 45,11500.0,Média-Alta,34,1,1,11500.0,0.0,3790.0
3832,45,31 a 45,3100.0,Média-Baixa,39,0,2,3100.0,0.0,1320.0
3833,48,46 a 55,9800.0,Média,45,1,0,6800.0,0.0,3390.0
3834,51,46 a 55,24400.0,Alta,50,2,1,22000.0,0.0,7820.0
3835,53,46 a 55,4500.0,Média-Baixa,56,0,2,4500.0,0.0,1910.0
3836,55,46 a 55,9800.0,Média,61,0,0,9800.0,0.0,3550.0
3837,57,Maior que 55,15000.0,Média-Alta,67,2,1,15000.0,0.0,5170.0
3838,62,Maior que 55,6100.0,Média,72,0,2,6100.0,0.0,2550.0
3839,65,Maior que 55,9000.0,Média,78,1,0,9000.0,0.0,3480.0
3840,19,Até 20,17500.0,Média-Alta,83,3,1,17500.0,0.0,6080.0
3841,23,21 a 30,17000.0,Média-Alta,89,1,2,13000.0,0.0,5990.0
3842,25,21 a 30,8500.0,Média,94,1,0,5300.0,0.0,3490.0
3843,27,21 a 30,18300.0,Média-Alta,98,3,1,18300.0,0.0,6470.0
3844,28,21 a 30,1800.0,Baixa,12,0,0,1800.0,0.0,660.0
3845,30,21 a 30,1800.0,Baixa,12,0,0,1800.0,0.0,660.0
3846,32,31 a 45,4800.0,Média-Baixa,18,0,1,4800.0,0.0,1620.0
3847,35,31 a 45,2200.0,Baixa,23,1,2,2200.0,0.0,890.0
3848,42,31 a 45,3900.0,Média-Baixa,28,0,0,3900.0,0.0,1450.0
3849,45,31 a 45,11500.0,Média-Alta,34,1,1,11500.0,0.0,3790.0
3850,48,46 a 55,3100.0,Média-Baixa,39,0,2,3100.0,0.0,1320.0
3851,51,46 a 55,9800.0,Média,45,1,0,6800.0,0.0,3390.0
3852,53,46 a 55,24400.0,Alta,50,2,1,22000.0,0.0,7820.0
3853,55,46 a 55,4500.0,Média-Baixa,56,0,2,4500.0,0.0,1910.0
3854,57,Maior que 55,9800.0,Média,61,0,0,9800.0,0.0,3550.0
3855,62,Maior que 55,15000.0,Média-Alta,67,2,1,15000.0,0.0,5170.0
3856,65,Maior que 55,6100.0,Média,72,0,2,6100.0,0.0,2550.0
3857,19,Até 20,9000.0,Média,78,1,0,9000.0,0.0,3480.0
3858,23,21 a 30,17500.0,Média-Alta,83,3,1,17500.0,0.0,6080.0
3859,25,21 a 30,17000.0,Média-Alta,89,1,2,13000.0,0.0,5990.0
3860,27,21 a 30,8500.0,Média,94,1,0,5300.0,0.0,3490.0
3861,28,21 a 30,18300.0,Média-Alta,98,3,1,18300.0,0.0,6470.0
3862,30,21 a 30,1800.0,Baixa,12,0,0,1800.0,0.0,660.0
3863,32,31 a 45,4800.0,Média-Baixa,18,0,1,4800.0,0.0,1620.0
3864,35,31 a 45,2200.0,Baixa,23,1,2,2200.0,0.0,890.0
3865,42,31 a 45,3900.0,Média-Baixa,28,0,0,3900.0,0.0,1450.0
3866,45,31 a 45,11500.0,Média-Alta,34,1,1,11500.0,0.0,3790.0
3867,48,46 a 55,3100.0,Média-Baixa,39,0,2,3100.0,0.0,1320.0
3868,51,46 a 55,1800.0,Baixa,12,0,0,1800.0,0.0,660.0
3869,53,46 a 55,4800.0,Média-Baixa,18,0,1,4800.0,0.0,1620.0
3870,55,46 a 55,2200.0,Baixa,23,1,2,2200.0,0.0,890.0
3871,57,Maior que 55,3900.0,Média-Baixa,28,0,0,3900.0,0.0,1450.0
3872,62,Maior que 55,11500.0,Média-Alta,34,1,1,11500.0,0.0,3790.0
3873,65,Maior que 55,3100.0,Média-Baixa,39,0,2,3100.0,0.0,1320.0
3874,19,Até 20,9800.0,Média,45,1,0,6800.0,0.0,3390.0
3875,23,21 a 30,24400.0,Alta,50,2,1,22000.0,0.0,7820.0
3876,25,21 a 30,4500.0,Média-Baixa,56,0,2,4500.0,0.0,1910.0
3877,27,21 a 30,9800.0,Média,61,0,0,9800.0,0.0,3550.0
3878,28,21 a 30,15000.0,Média-Alta,67,2,1,15000.0,0.0,5170.0
3879,30,21 a 30,6100.0,Média,72,0,2,6100.0,0.0,2550.0
3880,32,31 a 45,9000.0,Média,78,1,0,9000.0,0.0,3480.0
3881,35,31 a 45,17500.0,Média-Alta,83,3,1,17500.0,0.0,6080.0
3882,42,31 a 45,17000.0,Média-Alta,89,1,2,13000.0,0.0,5990.0
3883,45,31 a 45,8500.0,Média,94,1,0,5300.0,0.0,3490.0
3884,48,46 a 55,18300.0,Média-Alta,98,3,1,18300.0,0.0,6470.0
3885,51,46 a 55,1800.0,Baixa,12,0,0,1800.0,0.0,660.0
3886,53,46 a 55,4800.0,Média-Baixa,18,0,1,4800.0,0.0,1620.0
3887,55,46 a 55,2200.0,Baixa,23,1,2,2200.0,0.0,890.0
3888,57,Maior que 55,3900.0,Média-Baixa,28,0,0,3900.0,0.0,1450.0
3889,62,Maior que 55,11500.0,Média-Alta,34,1,1,11500.0,0.0,3790.0
3890,65,Maior que 55,3100.0,Média-Baixa,39,0,2,3100.0,0.0,1320.0
3891,19,Até 20,1800.0,Baixa,12,0,0,1800.0,0.0,660.0
3892,23,21 a 30,4800.0,Média-Baixa,18,0,1,4800.0,0.0,1620.0
3893,25,21 a 30,2200.0,Baixa,23,1,2,2200.0,0.0,890.0
3894,27,21 a 30,3900.0,Média-Baixa,28,0,0,3900.0,0.0,1450.0
3895,28,21 a 30,11500.0,Média-Alta,34,1,1,11500.0,0.0,3790.0
3896,30,21 a 30,3100.0,Média-Baixa,39,0,2,3100.0,0.0,1320.0
3897,32,31 a 45,9800.0,Média,45,1,0,6800.0,0.0,3390.0
3898,35,31 a 45,24400.0,Alta,50,2,1,22000.0,0.0,7820.0
3899,42,31 a 45,4500.0,Média-Baixa,56,0,2,4500.0,0.0,1910.0
3900,45,31 a 45,9800.0,Média,61,0,0,9800.0,0.0,3550.0
3901,48,46 a 55,15000.0,Média-Alta,67,2,1,15000.0,0.0,5170.0
3902,51,46 a 55,6100.0,Média,72,0,2,6100.0,0.0,2550.0
3903,23,21 a 30,9000.0,Média,78,1,0,9000.0,0.0,3480.0
3904,28,21 a 30,17500.0,Média-Alta,83,3,1,17500.0,0.0,6080.0
3905,30,21 a 30,17000.0,Média-Alta,89,1,2,13000.0,0.0,5990.0
3906,32,31 a 45,8500.0,Média,94,1,0,5300.0,0.0,3490.0
3907,35,31 a 45,18300.0,Média-Alta,98,3,1,18300.0,0.0,6470.0
3908,42,31 a 45,1800.0,Baixa,12,0,0,1800.0,0.0,660.0
3909,45,31 a 45,4800.0,Média-Baixa,18,0,1,4800.0,0.0,1620.0
3910,48,46 a 55,2200.0,Baixa,23,1,2,2200.0,0.0,890.0
3911,51,46 a 55,3900.0,Média-Baixa,28,0,0,3900.0,0.0,1450.0
3912,53,46 a 55,11500.0,Média-Alta,34,1,1,11500.0,0.0,3790.0
3913,55,46 a 55,3100.0,Média-Baixa,39,0,2,3100.0,0.0,1320.0
3914,57,Maior que 55,1800.0,Baixa,12,0,0,1800.0,0.0,660.0
3915,62,Maior que 55,4800.0,Média-Baixa,18,0,1,4800.0,0.0,1620.0
3916,65,Maior que 55,2200.0,Baixa,23,1,2,2200.0,0.0,890.0
3917,19,Até 20,3900.0,Média-Baixa,28,0,0,3900.0,0.0,1450.0
3918,23,21 a 30,11500.0,Média-Alta,34,1,1,11500.0,0.0,3790.0
3919,25,21 a 30,3100.0,Média-Baixa,39,0,2,3100.0,0.0,1320.0
3920,27,21 a 30,9800.0,Média,45,1,0,6800.0,0.0,3390.0
3921,28,21 a 30,24400.0,Alta,50,2,1,22000.0,0.0,7820.0
3922,30,21 a 30,4500.0,Média-Baixa,56,0,2,4500.0,0.0,1910.0
3923,32,31 a 45,9800.0,Média,61,0,0,9800.0,0.0,3550.0
3924,35,31 a 45,15000.0,Média-Alta,67,2,1,15000.0,0.0,5170.0
3925,42,31 a 45,6100.0,Média,72,0,2,6100.0,0.0,2550.0
3926,45,31 a 45,9000.0,Média,78,1,0,9000.0,0.0,3480.0
3927,48,46 a 55,17500.0,Média-Alta,83,3,1,17500.0,0.0,6080.0
3928,51,46 a 55,17000.0,Média-Alta,89,1,2,13000.0,0.0,5990.0
3929,53,46 a 55,8500.0,Média,94,1,0,5300.0,0.0,3490.0
3930,55,46 a 55,18300.0,Média-Alta,98,3,1,18300.0,0.0,6470.0
3931,57,Maior que 55,1800.0,Baixa,12,0,0,1800.0,0.0,660.0
3932,62,Maior que 55,4800.0,Média-Baixa,18,0,1,4800.0,0.0,1620.0
3933,65,Maior que 55,2200.0,Baixa,23,1,2,2200.0,0.0,890.0
3934,19,Até 20,3900.0,Média-Baixa,28,0,0,3900.0,0.0,1450.0
3935,23,21 a 30,11500.0,Média-Alta,34,1,1,11500.0,0.0,3790.0
3936,25,21 a 30,3100.0,Média-Baixa,39,0,2,3100.0,0.0,1320.0
3937,27,21 a 30,1800.0,Baixa,12,0,0,1800.0,0.0,660.0
3938,28,21 a 30,4800.0,Média-Baixa,18,0,1,4800.0,0.0,1620.0
3939,30,21 a 30,2200.0,Baixa,23,1,2,2200.0,0.0,890.0
3940,32,31 a 45,3900.0,Média-Baixa,28,0,0,3900.0,0.0,1450.0
3941,35,31 a 45,11500.0,Média-Alta,34,1,1,11500.0,0.0,3790.0
3942,42,31 a 45,3100.0,Média-Baixa,39,0,2,3100.0,0.0,1320.0
3943,45,31 a 45,9800.0,Média,45,1,0,6800.0,0.0,3390.0
3944,48,46 a 55,24400.0,Alta,50,2,1,22000.0,0.0,7820.0
3945,51,46 a 55,4500.0,Média-Baixa,56,0,2,4500.0,0.0,1910.0
3946,53,46 a 55,9800.0,Média,61,0,0,9800.0,0.0,3550.0
3947,55,46 a 55,15000.0,Média-Alta,67,2,1,15000.0,0.0,5170.0
3948,57,Maior que 55,6100.0,Média,72,0,2,6100.0,0.0,2550.0
3949,62,Maior que 55,9000.0,Média,78,1,0,9000.0,0.0,3480.0
3950,65,Maior que 55,17500.0,Média-Alta,83,3,1,17500.0,0.0,6080.0
3951,19,Até 20,17000.0,Média-Alta,89,1,2,13000.0,0.0,5990.0
3952,23,21 a 30,8500.0,Média,94,1,0,5300.0,0.0,3490.0
3953,25,21 a 30,18300.0,Média-Alta,98,3,1,18300.0,0.0,6470.0
3954,27,21 a 30,1800.0,Baixa,12,0,0,1800.0,0.0,660.0
3955,28,21 a 30,4800.0,Média-Baixa,18,0,1,4800.0,0.0,1620.0
3956,30,21 a 30,2200.0,Baixa,23,1,2,2200.0,0.0,890.0
3957,32,31 a 45,3900.0,Média-Baixa,28,0,0,3900.0,0.0,1450.0
3958,35,31 a 45,11500.0,Média-Alta,34,1,1,11500.0,0.0,3790.0
3959,42,31 a 45,3100.0,Média-Baixa,39,0,2,3100.0,0.0,1320.0
3960,45,31 a 45,1800.0,Baixa,12,0,0,1800.0,0.0,660.0
3961,48,46 a 55,4800.0,Média-Baixa,18,0,1,4800.0,0.0,1620.0
3962,51,46 a 55,2200.0,Baixa,23,1,2,2200.0,0.0,890.0
3963,53,46 a 55,3900.0,Média-Baixa,28,0,0,3900.0,0.0,1450.0
3964,55,46 a 55,11500.0,Média-Alta,34,1,1,11500.0,0.0,3790.0
3965,57,Maior que 55,3100.0,Média-Baixa,39,0,2,3100.0,0.0,1320.0
3966,62,Maior que 55,9800.0,Média,45,1,0,6800.0,0.0,3390.0
3967,65,Maior que 55,24400.0,Alta,50,2,1,22000.0,0.0,7820.0
3968,19,Até 20,4500.0,Média-Baixa,56,0,2,4500.0,0.0,1910.0
3969,23,21 a 30,9800.0,Média,61,0,0,9800.0,0.0,3550.0
3970,25,21 a 30,15000.0,Média-Alta,67,2,1,15000.0,0.0,5170.0
3971,27,21 a 30,6100.0,Média,72,0,2,6100.0,0.0,2550.0
3972,28,21 a 30,9000.0,Média,78,1,0,9000.0,0.0,3480.0
3973,30,21 a 30,17500.0,Média-Alta,83,3,1,17500.0,0.0,6080.0
3974,32,31 a 45,17000.0,Média-Alta,89,1,2,13000.0,0.0,5990.0
3975,35,31 a 45,8500.0,Média,94,1,0,5300.0,0.0,3490.0
3976,42,31 a 45,18300.0,Média-Alta,98,3,1,18300.0,0.0,6470.0
3977,45,31 a 45,1800.0,Baixa,12,0,0,1800.0,0.0,660.0
3978,48,46 a 55,4800.0,Média-Baixa,18,0,1,4800.0,0.0,1620.0
3979,51,46 a 55,2200.0,Baixa,23,1,2,2200.0,0.0,890.0
3980,23,21 a 30,3900.0,Média-Baixa,28,0,0,3900.0,0.0,1450.0
3981,28,21 a 30,11500.0,Média-Alta,34,1,1,11500.0,0.0,3790.0
3982,30,21 a 30,3100.0,Média-Baixa,39,0,2,3100.0,0.0,1320.0
3983,32,31 a 45,1800.0,Baixa,12,0,0,1800.0,0.0,660.0
3984,35,31 a 45,4800.0,Média-Baixa,18,0,1,4800.0,0.0,1620.0
3985,42,31 a 45,2200.0,Baixa,23,1,2,2200.0,0.0,890.0
3986,45,31 a 45,3900.0,Média-Baixa,28,0,0,3900.0,0.0,1450.0
3987,48,46 a 55,11500.0,Média-Alta,34,1,1,11500.0,0.0,3790.0
3988,51,46 a 55,3100.0,Média-Baixa,39,0,2,3100.0,0.0,1320.0
3989,53,46 a 55,9800.0,Média,45,1,0,6800.0,0.0,3390.0
3990,55,46 a 55,24400.0,Alta,50,2,1,22000.0,0.0,7820.0
3991,57,Maior que 55,4500.0,Média-Baixa,56,0,2,4500.0,0.0,1910.0
3992,62,Maior que 55,9800.0,Média,61,0,0,9800.0,0.0,3550.0
3993,65,Maior que 55,15000.0,Média-Alta,67,2,1,15000.0,0.0,5170.0
3994,19,Até 20,6100.0,Média,72,0,2,6100.0,0.0,2550.0
3995,23,21 a 30,9000.0,Média,78,1,0,9000.0,0.0,3480.0
3996,25,21 a 30,17500.0,Média-Alta,83,3,1,17500.0,0.0,6080.0
3997,27,21 a 30,17000.0,Média-Alta,89,1,2,13000.0,0.0,5990.0
3998,28,21 a 30,8500.0,Média,94,1,0,5300.0,0.0,3490.0
3999,30,21 a 30,18300.0,Média-Alta,98,3,1,18300.0,0.0,6470.0
4000,32,31 a 45,1800.0,Baixa,12,0,0,1800.0,0.0,660.0
4001,35,31 a 45,4800.0,Média-Baixa,18,0,1,4800.0,0.0,1620.0
4002,42,31 a 45,2200.0,Baixa,23,1,2,2200.0,0.0,890.0
4003,45,31 a 45,3900.0,Média-Baixa,28,0,0,3900.0,0.0,1450.0
4004,48,46 a 55,11500.0,Média-Alta,34,1,1,11500.0,0.0,3790.0
4005,51,46 a 55,3100.0,Média-Baixa,39,0,2,3100.0,0.0,1320.0
4006,53,46 a 55,1800.0,Baixa,12,0,0,1800.0,0.0,660.0
4007,55,46 a 55,4800.0,Média-Baixa,18,0,1,4800.0,0.0,1620.0
4008,57,Maior que 55,2200.0,Baixa,23,1,2,2200.0,0.0,890.0
4009,62,Maior que 55,3900.0,Média-Baixa,28,0,0,3900.0,0.0,1450.0
4010,65,Maior que 55,11500.0,Média-Alta,34,1,1,11500.0,0.0,3790.0
4011,19,Até 20,3100.0,Média-Baixa,39,0,2,3100.0,0.0,1320.0
4012,23,21 a 30,9800.0,Média,45,1,0,6800.0,0.0,3390.0
4013,25,21 a 30,24400.0,Alta,50,2,1,22000.0,0.0,7820.0
4014,27,21 a 30,4500.0,Média-Baixa,56,0,2,4500.0,0.0,1910.0
4015,28,21 a 30,9800.0,Média,61,0,0,9800.0,0.0,3550.0
4016,30,21 a 30,15000.0,Média-Alta,67,2,1,15000.0,0.0,5170.0
4017,32,31 a 45,6100.0,Média,72,0,2,6100.0,0.0,2550.0
4018,35,31 a 45,9000.0,Média,78,1,0,9000.0,0.0,3480.0
4019,42,31 a 45,17500.0,Média-Alta,83,3,1,17500.0,0.0,6080.0
4020,45,31 a 45,17000.0,Média-Alta,89,1,2,13000.0,0.0,5990.0
4021,48,46 a 55,8500.0,Média,94,1,0,5300.0,0.0,3490.0
4022,51,46 a 55,18300.0,Média-Alta,98,3,1,18300.0,0.0,6470.0
4023,53,46 a 55,1800.0,Baixa,12,0,0,1800.0,0.0,660.0
4024,55,46 a 55,4800.0,Média-Baixa,18,0,1,4800.0,0.0,1620.0
4025,57,Maior que 55,2200.0,Baixa,23,1,2,2200.0,0.0,890.0
4026,62,Maior que 55,3900.0,Média-Baixa,28,0,0,3900.0,0.0,1450.0
4027,65,Maior que 55,11500.0,Média-Alta,34,1,1,11500.0,0.0,3790.0
4028,19,Até 20,3100.0,Média-Baixa,39,0,2,3100.0,0.0,1320.0
4029,23,21 a 30,1800.0,Baixa,12,0,0,1800.0,0.0,660.0
4030,25,21 a 30,4800.0,Média-Baixa,18,0,1,4800.0,0.0,1620.0
4031,27,21 a 30,2200.0,Baixa,23,1,2,2200.0,0.0,890.0
4032,28,21 a 30,3900.0,Média-Baixa,28,0,0,3900.0,0.0,1450.0
4033,30,21 a 30,11500.0,Média-Alta,34,1,1,11500.0,0.0,3790.0
4034,32,31 a 45,3100.0,Média-Baixa,39,0,2,3100.0,0.0,1320.0
4035,35,31 a 45,9800.0,Média,45,1,0,6800.0,0.0,3390.0
4036,42,31 a 45,24400.0,Alta,50,2,1,22000.0,0.0,7820.0
4037,45,31 a 45,4500.0,Média-Baixa,56,0,2,4500.0,0.0,1910.0
4038,48,46 a 55,9800.0,Média,61,0,0,9800.0,0.0,3550.0
4039,51,46 a 55,15000.0,Média-Alta,67,2,1,15000.0,0.0,5170.0
4040,53,46 a 55,6100.0,Média,72,0,2,6100.0,0.0,2550.0
4041,55,46 a 55,9000.0,Média,78,1,0,9000.0,0.0,3480.0
4042,57,Maior que 55,17500.0,Média-Alta,83,3,1,17500.0,0.0,6080.0
4043,62,Maior que 55,17000.0,Média-Alta,89,1,2,13000.0,0.0,5990.0
4044,65,Maior que 55,8500.0,Média,94,1,0,5300.0,0.0,3490.0
4045,19,Até 20,18300.0,Média-Alta,98,3,1,18300.0,0.0,6470.0
4046,23,21 a 30,1800.0,Baixa,12,0,0,1800.0,0.0,660.0
4047,25,21 a 30,4800.0,Média-Baixa,18,0,1,4800.0,0.0,1620.0
4048,27,21 a 30,2200.0,Baixa,23,1,2,2200.0,0.0,890.0
4049,28,21 a 30,3900.0,Média-Baixa,28,0,0,3900.0,0.0,1450.0
4050,30,21 a 30,11500.0,Média-Alta,34,1,1,11500.0,0.0,3790.0
4051,32,31 a 45,3100.0,Média-Baixa,39,0,2,3100.0,0.0,1320.0
4052,35,31 a 45,1800.0,Baixa,12,0,0,1800.0,0.0,660.0
4053,42,31 a 45,4800.0,Média-Baixa,18,0,1,4800.0,0.0,1620.0
4054,45,31 a 45,2200.0,Baixa,23,1,2,2200.0,0.0,890.0
4055,48,46 a 55,3900.0,Média-Baixa,28,0,0,3900.0,0.0,1450.0
4056,51,46 a 55,11500.0,Média-Alta,34,1,1,11500.0,0.0,3790.0
4057,42,31 a 45,3100.0,Média-Baixa,39,0,2,3100.0,0.0,1320.0
4058,45,31 a 45,9800.0,Média,45,1,0,6800.0,0.0,3390.0
4059,48,46 a 55,24400.0,Alta,50,2,1,22000.0,0.0,7820.0
4060,51,46 a 55,4500.0,Média-Baixa,56,0,2,4500.0,0.0,1910.0
4061,48,46 a 55,9800.0,Média,61,0,0,9800.0,0.0,3550.0
4062,51,46 a 55,15000.0,Média-Alta,67,2,1,15000.0,0.0,5170.0
4063,48,46 a 55,6100.0,Média,72,0,2,6100.0,0.0,2550.0
4064,51,46 a 55,9000.0,Média,78,1,0,9000.0,0.0,3480.0
4065,48,46 a 55,17500.0,Média-Alta,83,3,1,17500.0,0.0,6080.0
4066,51,46 a 55,17000.0,Média-Alta,89,1,2,13000.0,0.0,5990.0
4067,48,46 a 55,8500.0,Média,94,1,0,5300.0,0.0,3490.0
4068,51,46 a 55,18300.0,Média-Alta,98,3,1,18300.0,0.0,6470.0
4069,48,46 a 55,1800.0,Baixa,12,0,0,1800.0,0.0,660.0
4070,51,46 a 55,4800.0,Média-Baixa,18,0,1,4800.0,0.0,1620.0
4071,48,46 a 55,2200.0,Baixa,23,1,2,2200.0,0.0,890.0
4072,51,46 a 55,3900.0,Média-Baixa,28,0,0,3900.0,0.0,1450.0
4073,48,46 a 55,11500.0,Média-Alta,34,1,1,11500.0,0.0,3790.0
4074,51,46 a 55,3100.0,Média-Baixa,39,0,2,3100.0,0.0,1320.0
4075,19,Até 20,1800.0,Baixa,12,0,0,1800.0,0.0,660.0
4076,23,21 a 30,4800.0,Média-Baixa,18,0,1,4800.0,0.0,1620.0
4077,25,21 a 30,2200.0,Baixa,23,1,2,2200.0,0.0,890.0
4078,27,21 a 30,3900.0,Média-Baixa,28,0,0,3900.0,0.0,1450.0
4079,28,21 a 30,11500.0,Média-Alta,34,1,1,11500.0,0.0,3790.0
4080,30,21 a 30,3100.0,Média-Baixa,39,0,2,3100.0,0.0,1320.0
4081,32,31 a 45,9800.0,Média,45,1,0,6800.0,0.0,3390.0
4082,35,31 a 45,24400.0,Alta,50,2,1,22000.0,0.0,7820.0
4083,42,31 a 45,4500.0,Média-Baixa,56,0,2,4500.0,0.0,1910.0
4084,45,31 a 45,9800.0,Média,61,0,0,9800.0,0.0,3550.0
4085,48,46 a 55,15000.0,Média-Alta,67,2,1,15000.0,0.0,5170.0
4086,51,46 a 55,6100.0,Média,72,0,2,6100.0,0.0,2550.0
4087,53,46 a 55,9000.0,Média,78,1,0,9000.0,0.0,3480.0
4088,55,46 a 55,17500.0,Média-Alta,83,3,1,17500.0,0.0,6080.0
4089,57,Maior que 55,17000.0,Média-Alta,89,1,2,13000.0,0.0,5990.0
4090,62,Maior que 55,8500.0,Média,94,1,0,5300.0,0.0,3490.0
4091,65,Maior que 55,18300.0,Média-Alta,98,3,1,18300.0,0.0,6470.0
4092,19,Até 20,1800.0,Baixa,12,0,0,1800.0,0.0,660.0
4093,23,21 a 30,4800.0,Média-Baixa,18,0,1,4800.0,0.0,1620.0
4094,25,21 a 30,2200.0,Baixa,23,1,2,2200.0,0.0,890.0
4095,27,21 a 30,3900.0,Média-Baixa,28,0,0,3900.0,0.0,1450.0
4096,28,21 a 30,11500.0,Média-Alta,34,1,1,11500.0,0.0,3790.0
4097,30,21 a 30,3100.0,Média-Baixa,39,0,2,3100.0,0.0,1320.0
4098,32,31 a 45,9800.0,Média,45,1,0,6800.0,0.0,3390.0
4099,35,31 a 45,24400.0,Alta,50,2,1,22000.0,0.0,7820.0
4100,42,31 a 45,4500.0,Média-Baixa,56,0,2,4500.0,0.0,1910.0
4101,45,31 a 45,9800.0,Média,61,0,0,9800.0,0.0,3550.0
4102,48,46 a 55,15000.0,Média-Alta,67,2,1,15000.0,0.0,5170.0
4103,51,46 a 55,6100.0,Média,72,0,2,6100.0,0.0,2550.0
4104,53,46 a 55,9000.0,Média,78,1,0,9000.0,0.0,3480.0
4105,55,46 a 55,17500.0,Média-Alta,83,3,1,17500.0,0.0,6080.0
4106,57,Maior que 55,17000.0,Média-Alta,89,1,2,13000.0,0.0,5990.0
4107,62,Maior que 55,8500.0,Média,94,1,0,5300.0,0.0,3490.0
4108,65,Maior que 55,18300.0,Média-Alta,98,3,1,18300.0,0.0,6470.0
4109,19,Até 20,1800.0,Baixa,12,0,0,1800.0,0.0,660.0
4110,23,21 a 30,4800.0,Média-Baixa,18,0,1,4800.0,0.0,1620.0
4111,25,21 a 30,2200.0,Baixa,23,1,2,2200.0,0.0,890.0
4112,27,21 a 30,3900.0,Média-Baixa,28,0,0,3900.0,0.0,1450.0
4113,28,21 a 30,11500.0,Média-Alta,34,1,1,11500.0,0.0,3790.0
4114,30,21 a 30,3100.0,Média-Baixa,39,0,2,3100.0,0.0,1320.0
4115,32,31 a 45,9800.0,Média,45,1,0,6800.0,0.0,3390.0
4116,35,31 a 45,24400.0,Alta,50,2,1,22000.0,0.0,7820.0
4117,42,31 a 45,4500.0,Média-Baixa,56,0,2,4500.0,0.0,1910.0
4118,45,31 a 45,9800.0,Média,61,0,0,9800.0,0.0,3550.0
4119,48,46 a 55,15000.0,Média-Alta,67,2,1,15000.0,0.0,5170.0
4120,51,46 a 55,6100.0,Média,72,0,2,6100.0,0.0,2550.0
4121,53,46 a 55,9000.0,Média,78,1,0,9000.0,0.0,3480.0
4122,55,46 a 55,17500.0,Média-Alta,83,3,1,17500.0,0.0,6080.0
4123,57,Maior que 55,17000.0,Média-Alta,89,1,2,13000.0,0.0,5990.0
4124,62,Maior que 55,8500.0,Média,94,1,0,5300.0,0.0,3490.0
4125,65,Maior que 55,18300.0,Média-Alta,98,3,1,18300.0,0.0,6470.0
4126,19,Até 20,1800.0,Baixa,12,0,0,1800.0,0.0,660.0
4127,23,21 a 30,4800.0,Média-Baixa,18,0,1,4800.0,0.0,1620.0
4128,25,21 a 30,2200.0,Baixa,23,1,2,2200.0,0.0,890.0
4129,27,21 a 30,3900.0,Média-Baixa,28,0,0,3900.0,0.0,1450.0
4130,28,21 a 30,11500.0,Média-Alta,34,1,1,11500.0,0.0,3790.0
4131,30,21 a 30,3100.0,Média-Baixa,39,0,2,3100.0,0.0,1320.0
4132,32,31 a 45,9800.0,Média,45,1,0,6800.0,0.0,3390.0
4133,35,31 a 45,24400.0,Alta,50,2,1,22000.0,0.0,7820.0
4134,42,31 a 45,4500.0,Média-Baixa,56,0,2,4500.0,0.0,1910.0
4135,45,31 a 45,9800.0,Média,61,0,0,9800.0,0.0,3550.0
4136,48,46 a 55,15000.0,Média-Alta,67,2,1,15000.0,0.0,5170.0
4137,51,46 a 55,6100.0,Média,72,0,2,6100.0,0.0,2550.0
4138,53,46 a 55,9000.0,Média,78,1,0,9000.0,0.0,3480.0
4139,55,46 a 55,17500.0,Média-Alta,83,3,1,17500.0,0.0,6080.0
4140,57,Maior que 55,17000.0,Média-Alta,89,1,2,13000.0,0.0,5990.0
4141,62,Maior que 55,8500.0,Média,94,1,0,5300.0,0.0,3490.0
4142,65,Maior que 55,18300.0,Média-Alta,98,3,1,18300.0,0.0,6470.0
4143,19,Até 20,1800.0,Baixa,12,0,0,1800.0,0.0,660.0
4144,23,21 a 30,4800.0,Média-Baixa,18,0,1,4800.0,0.0,1620.0
4145,25,21 a 30,2200.0,Baixa,23,1,2,2200.0,0.0,890.0
4146,27,21 a 30,3900.0,Média-Baixa,28,0,0,3900.0,0.0,1450.0
4147,28,21 a 30,11500.0,Média-Alta,34,1,1,11500.0,0.0,3790.0
4148,30,21 a 30,3100.0,Média-Baixa,39,0,2,3100.0,0.0,1320.0
4149,32,31 a 45,9800.0,Média,45,1,0,6800.0,0.0,3390.0
4150,35,31 a 45,24400.0,Alta,50,2,1,22000.0,0.0,7820.0
4151,42,31 a 45,4500.0,Média-Baixa,56,0,2,4500.0,0.0,1910.0
4152,45,31 a 45,9800.0,Média,61,0,0,9800.0,0.0,3550.0
4153,48,46 a 55,15000.0,Média-Alta,67,2,1,15000.0,0.0,5170.0
4154,51,46 a 55,6100.0,Média,72,0,2,6100.0,0.0,2550.0
4155,53,46 a 55,9000.0,Média,78,1,0,9000.0,0.0,3480.0
4156,55,46 a 55,17500.0,Média-Alta,83,3,1,17500.0,0.0,6080.0
4157,57,Maior que 55,17000.0,Média-Alta,89,1,2,13000.0,0.0,5990.0
4158,62,Maior que 55,8500.0,Média,94,1,0,5300.0,0.0,3490.0
4159,65,Maior que 55,18300.0,Média-Alta,98,3,1,18300.0,0.0,6470.0
4160,19,Até 20,1800.0,Baixa,12,0,0,1800.0,0.0,660.0
4161,23,21 a 30,4800.0,Média-Baixa,18,0,1,4800.0,0.0,1620.0
4162,25,21 a 30,2200.0,Baixa,23,1,2,2200.0,0.0,890.0
4163,27,21 a 30,3900.0,Média-Baixa,28,0,0,3900.0,0.0,1450.0
4164,28,21 a 30,11500.0,Média-Alta,34,1,1,11500.0,0.0,3790.0
4165,30,21 a 30,3100.0,Média-Baixa,39,0,2,3100.0,0.0,1320.0
4166,32,31 a 45,9800.0,Média,45,1,0,6800.0,0.0,3390.0
4167,35,31 a 45,24400.0,Alta,50,2,1,22000.0,0.0,7820.0
4168,42,31 a 45,4500.0,Média-Baixa,56,0,2,4500.0,0.0,1910.0
4169,45,31 a 45,9800.0,Média,61,0,0,9800.0,0.0,3550.0
4170,48,46 a 55,15000.0,Média-Alta,67,2,1,15000.0,0.0,5170.0
4171,51,46 a 55,6100.0,Média,72,0,2,6100.0,0.0,2550.0
4172,53,46 a 55,9000.0,Média,78,1,0,9000.0,0.0,3480.0
4173,55,46 a 55,17500.0,Média-Alta,83,3,1,17500.0,0.0,6080.0
4174,57,Maior que 55,17000.0,Média-Alta,89,1,2,13000.0,0.0,5990.0
4175,62,Maior que 55,8500.0,Média,94,1,0,5300.0,0.0,3490.0
4176,65,Maior que 55,18300.0,Média-Alta,98,3,1,18300.0,0.0,6470.0
4177,19,Até 20,1800.0,Baixa,12,0,0,1800.0,0.0,660.0
4178,23,21 a 30,4800.0,Média-Baixa,18,0,1,4800.0,0.0,1620.0
4179,25,21 a 30,2200.0,Baixa,23,1,2,2200.0,0.0,890.0
4180,27,21 a 30,3900.0,Média-Baixa,28,0,0,3900.0,0.0,1450.0
4181,28,21 a 30,11500.0,Média-Alta,34,1,1,11500.0,0.0,3790.0
4182,30,21 a 30,3100.0,Média-Baixa,39,0,2,3100.0,0.0,1320.0
4183,32,31 a 45,9800.0,Média,45,1,0,6800.0,0.0,3390.0
4184,35,31 a 45,24400.0,Alta,50,2,1,22000.0,0.0,7820.0
4185,42,31 a 45,4500.0,Média-Baixa,56,0,2,4500.0,0.0,1910.0
4186,45,31 a 45,9800.0,Média,61,0,0,9800.0,0.0,3550.0
4187,48,46 a 55,15000.0,Média-Alta,67,2,1,15000.0,0.0,5170.0
4188,51,46 a 55,6100.0,Média,72,0,2,6100.0,0.0,2550.0
4189,53,46 a 55,9000.0,Média,78,1,0,9000.0,0.0,3480.0
4190,55,46 a 55,17500.0,Média-Alta,83,3,1,17500.0,0.0,6080.0
4191,57,Maior que 55,17000.0,Média-Alta,89,1,2,13000.0,0.0,5990.0
4192,62,Maior que 55,8500.0,Média,94,1,0,5300.0,0.0,3490.0
4193,65,Maior que 55,18300.0,Média-Alta,98,3,1,18300.0,0.0,6470.0
4194,19,Até 20,1800.0,Baixa,12,0,0,1800.0,0.0,660.0
4195,23,21 a 30,4800.0,Média-Baixa,18,0,1,4800.0,0.0,1620.0
4196,25,21 a 30,2200.0,Baixa,23,1,2,2200.0,0.0,890.0
4197,27,21 a 30,3900.0,Média-Baixa,28,0,0,3900.0,0.0,1450.0
4198,28,21 a 30,11500.0,Média-Alta,34,1,1,11500.0,0.0,3790.0
4199,30,21 a 30,3100.0,Média-Baixa,39,0,2,3100.0,0.0,1320.0
4200,32,31 a 45,9800.0,Média,45,1,0,6800.0,0.0,3390.0
4201,35,31 a 45,24400.0,Alta,50,2,1,22000.0,0.0,7820.0
4202,42,31 a 45,4500.0,Média-Baixa,56,0,2,4500.0,0.0,1910.0
4203,45,31 a 45,9800.0,Média,61,0,0,9800.0,0.0,3550.0
4204,48,46 a 55,15000.0,Média-Alta,67,2,1,15000.0,0.0,5170.0
4205,51,46 a 55,6100.0,Média,72,0,2,6100.0,0.0,2550.0
4206,53,46 a 55,9000.0,Média,78,1,0,9000.0,0.0,3480.0
4207,55,46 a 55,17500.0,Média-Alta,83,3,1,17500.0,0.0,6080.0
4208,57,Maior que 55,17000.0,Média-Alta,89,1,2,13000.0,0.0,5990.0
4209,62,Maior que 55,8500.0,Média,94,1,0,5300.0,0.0,3490.0
4210,65,Maior que 55,18300.0,Média-Alta,98,3,1,18300.0,0.0,6470.0
4211,19,Até 20,1800.0,Baixa,12,0,0,1800.0,0.0,660.0
4212,23,21 a 30,4800.0,Média-Baixa,18,0,1,4800.0,0.0,1620.0
4213,25,21 a 30,2200.0,Baixa,23,1,2,2200.0,0.0,890.0
4214,27,21 a 30,3900.0,Média-Baixa,28,0,0,3900.0,0.0,1450.0
4215,28,21 a 30,11500.0,Média-Alta,34,1,1,11500.0,0.0,3790.0
4216,30,21 a 30,3100.0,Média-Baixa,39,0,2,3100.0,0.0,1320.0
4217,32,31 a 45,9800.0,Média,45,1,0,6800.0,0.0,3390.0
4218,35,31 a 45,24400.0,Alta,50,2,1,22000.0,0.0,7820.0
4219,42,31 a 45,4500.0,Média-Baixa,56,0,2,4500.0,0.0,1910.0
4220,45,31 a 45,9800.0,Média,61,0,0,9800.0,0.0,3550.0
4221,48,46 a 55,15000.0,Média-Alta,67,2,1,15000.0,0.0,5170.0
4222,51,46 a 55,6100.0,Média,72,0,2,6100.0,0.0,2550.0
4223,53,46 a 55,9000.0,Média,78,1,0,9000.0,0.0,3480.0
4224,55,46 a 55,17500.0,Média-Alta,83,3,1,17500.0,0.0,6080.0
4225,57,Maior que 55,17000.0,Média-Alta,89,1,2,13000.0,0.0,5990.0
4226,62,Maior que 55,8500.0,Média,94,1,0,5300.0,0.0,3490.0
4227,65,Maior que 55,18300.0,Média-Alta,98,3,1,18300.0,0.0,6470.0
4228,19,Até 20,1800.0,Baixa,12,0,0,1800.0,0.0,660.0
4229,23,21 a 30,4800.0,Média-Baixa,18,0,1,4800.0,0.0,1620.0
4230,25,21 a 30,2200.0,Baixa,23,1,2,2200.0,0.0,890.0
4231,27,21 a 30,3900.0,Média-Baixa,28,0,0,3900.0,0.0,1450.0
4232,28,21 a 30,11500.0,Média-Alta,34,1,1,11500.0,0.0,3790.0
4233,30,21 a 30,3100.0,Média-Baixa,39,0,2,3100.0,0.0,1320.0
4234,32,31 a 45,9800.0,Média,45,1,0,6800.0,0.0,3390.0
4235,35,31 a 45,1800.0,Baixa,12,0,0,1800.0,0.0,660.0
4236,42,31 a 45,4800.0,Média-Baixa,18,0,1,4800.0,0.0,1620.0
4237,45,31 a 45,2200.0,Baixa,23,1,2,2200.0,0.0,890.0
4238,48,46 a 55,3900.0,Média-Baixa,28,0,0,3900.0,0.0,1450.0
4239,51,46 a 55,11500.0,Média-Alta,34,1,1,11500.0,0.0,3790.0
4240,53,46 a 55,3100.0,Média-Baixa,39,0,2,3100.0,0.0,1320.0
4241,55,46 a 55,9800.0,Média,45,1,0,6800.0,0.0,3390.0
4242,57,Maior que 55,24400.0,Alta,50,2,1,22000.0,0.0,7820.0
4243,62,Maior que 55,4500.0,Média-Baixa,56,0,2,4500.0,0.0,1910.0
4244,65,Maior que 55,9800.0,Média,61,0,0,9800.0,0.0,3550.0
4245,19,Até 20,15000.0,Média-Alta,67,2,1,15000.0,0.0,5170.0
4246,23,21 a 30,6100.0,Média,72,0,2,6100.0,0.0,2550.0
4247,25,21 a 30,9000.0,Média,78,1,0,9000.0,0.0,3480.0
4248,32,31 a 45,17500.0,Média-Alta,83,3,1,17500.0,0.0,6080.0
4249,28,21 a 30,17000.0,Média-Alta,89,1,2,13000.0,0.0,5990.0
4250,30,21 a 30,8500.0,Média,94,1,0,5300.0,0.0,3490.0
4251,32,31 a 45,18300.0,Média-Alta,98,3,1,18300.0,0.0,6470.0
4252,35,31 a 45,1800.0,Baixa,12,0,0,1800.0,0.0,660.0
4253,42,31 a 45,4800.0,Média-Baixa,18,0,1,4800.0,0.0,1620.0
4254,45,31 a 45,2200.0,Baixa,23,1,2,2200.0,0.0,890.0
4255,48,46 a 55,3900.0,Média-Baixa,28,0,0,3900.0,0.0,1450.0
4256,51,46 a 55,11500.0,Média-Alta,34,1,1,11500.0,0.0,3790.0
4257,53,46 a 55,3100.0,Média-Baixa,39,0,2,3100.0,0.0,1320.0
4258,55,46 a 55,9800.0,Média,45,1,0,6800.0,0.0,3390.0
4259,57,Maior que 55,1800.0,Baixa,12,0,0,1800.0,0.0,660.0
4260,62,Maior que 55,4800.0,Média-Baixa,18,0,1,4800.0,0.0,1620.0
4261,65,Maior que 55,2200.0,Baixa,23,1,2,2200.0,0.0,890.0
4262,19,Até 20,3900.0,Média-Baixa,28,0,0,3900.0,0.0,1450.0
4263,23,21 a 30,11500.0,Média-Alta,34,1,1,11500.0,0.0,3790.0
4264,25,21 a 30,3100.0,Média-Baixa,39,0,2,3100.0,0.0,1320.0
4265,27,21 a 30,9800.0,Média,45,1,0,6800.0,0.0,3390.0
4266,28,21 a 30,24400.0,Alta,50,2,1,22000.0,0.0,7820.0
4267,30,21 a 30,4500.0,Média-Baixa,56,0,2,4500.0,0.0,1910.0
4268,32,31 a 45,9800.0,Média,61,0,0,9800.0,0.0,3550.0
4269,35,31 a 45,15000.0,Média-Alta,67,2,1,15000.0,0.0,5170.0
4270,42,31 a 45,6100.0,Média,72,0,2,6100.0,0.0,2550.0
4271,45,31 a 45,9000.0,Média,78,1,0,9000.0,0.0,3480.0
4272,48,46 a 55,17500.0,Média-Alta,83,3,1,17500.0,0.0,6080.0
4273,51,46 a 55,17000.0,Média-Alta,89,1,2,13000.0,0.0,5990.0
4274,53,46 a 55,8500.0,Média,94,1,0,5300.0,0.0,3490.0
4275,55,46 a 55,18300.0,Média-Alta,98,3,1,18300.0,0.0,6470.0
4276,57,Maior que 55,1800.0,Baixa,12,0,0,1800.0,0.0,660.0
4277,62,Maior que 55,4800.0,Média-Baixa,18,0,1,4800.0,0.0,1620.0
4278,65,Maior que 55,2200.0,Baixa,23,1,2,2200.0,0.0,890.0
4279,19,Até 20,3900.0,Média-Baixa,28,0,0,3900.0,0.0,1450.0
4280,23,21 a 30,11500.0,Média-Alta,34,1,1,11500.0,0.0,3790.0
4281,25,21 a 30,3100.0,Média-Baixa,39,0,2,3100.0,0.0,1320.0
4282,27,21 a 30,9800.0,Média,45,1,0,6800.0,0.0,3390.0
4283,28,21 a 30,1800.0,Baixa,12,0,0,1800.0,0.0,660.0
4284,30,21 a 30,4800.0,Média-Baixa,18,0,1,4800.0,0.0,1620.0
4285,32,31 a 45,2200.0,Baixa,23,1,2,2200.0,0.0,890.0
4286,35,31 a 45,3900.0,Média-Baixa,28,0,0,3900.0,0.0,1450.0
4287,42,31 a 45,11500.0,Média-Alta,34,1,1,11500.0,0.0,3790.0
4288,45,31 a 45,3100.0,Média-Baixa,39,0,2,3100.0,0.0,1320.0
4289,48,46 a 55,9800.0,Média,45,1,0,6800.0,0.0,3390.0
4290,51,46 a 55,24400.0,Alta,50,2,1,22000.0,0.0,7820.0
4291,53,46 a 55,4500.0,Média-Baixa,56,0,2,4500.0,0.0,1910.0
4292,55,46 a 55,9800.0,Média,61,0,0,9800.0,0.0,3550.0
4293,57,Maior que 55,15000.0,Média-Alta,67,2,1,15000.0,0.0,5170.0
4294,62,Maior que 55,6100.0,Média,72,0,2,6100.0,0.0,2550.0
4295,65,Maior que 55,9000.0,Média,78,1,0,9000.0,0.0,3480.0
4296,19,Até 20,17500.0,Média-Alta,83,3,1,17500.0,0.0,6080.0
4297,23,21 a 30,17000.0,Média-Alta,89,1,2,13000.0,0.0,5990.0
4298,25,21 a 30,8500.0,Média,94,1,0,5300.0,0.0,3490.0
4299,27,21 a 30,18300.0,Média-Alta,98,3,1,18300.0,0.0,6470.0
4300,28,21 a 30,1800.0,Baixa,12,0,0,1800.0,0.0,660.0
4301,30,21 a 30,4800.0,Média-Baixa,18,0,1,4800.0,0.0,1620.0
4302,32,31 a 45,2200.0,Baixa,23,1,2,2200.0,0.0,890.0
4303,35,31 a 45,3900.0,Média-Baixa,28,0,0,3900.0,0.0,1450.0
4304,42,31 a 45,11500.0,Média-Alta,34,1,1,11500.0,0.0,3790.0
4305,45,31 a 45,3100.0,Média-Baixa,39,0,2,3100.0,0.0,1320.0
4306,48,46 a 55,9800.0,Média,45,1,0,6800.0,0.0,3390.0
4307,51,46 a 55,1800.0,Baixa,12,0,0,1800.0,0.0,660.0
4308,53,46 a 55,4800.0,Média-Baixa,18,0,1,4800.0,0.0,1620.0
4309,55,46 a 55,2200.0,Baixa,23,1,2,2200.0,0.0,890.0
4310,57,Maior que 55,3900.0,Média-Baixa,28,0,0,3900.0,0.0,1450.0
4311,62,Maior que 55,11500.0,Média-Alta,34,1,1,11500.0,0.0,3790.0
4312,65,Maior que 55,3100.0,Média-Baixa,39,0,2,3100.0,0.0,1320.0
4313,19,Até 20,9800.0,Média,45,1,0,6800.0,0.0,3390.0
4314,23,21 a 30,24400.0,Alta,50,2,1,22000.0,0.0,7820.0
4315,25,21 a 30,4500.0,Média-Baixa,56,0,2,4500.0,0.0,1910.0
4316,27,21 a 30,9800.0,Média,61,0,0,9800.0,0.0,3550.0
4317,28,21 a 30,15000.0,Média-Alta,67,2,1,15000.0,0.0,5170.0
4318,30,21 a 30,6100.0,Média,72,0,2,6100.0,0.0,2550.0
4319,32,31 a 45,9000.0,Média,78,1,0,9000.0,0.0,3480.0
4320,35,31 a 45,17500.0,Média-Alta,83,3,1,17500.0,0.0,6080.0
4321,42,31 a 45,17000.0,Média-Alta,89,1,2,13000.0,0.0,5990.0
4322,45,31 a 45,8500.0,Média,94,1,0,5300.0,0.0,3490.0
4323,48,46 a 55,18300.0,Média-Alta,98,3,1,18300.0,0.0,6470.0
4324,51,46 a 55,1800.0,Baixa,12,0,0,1800.0,0.0,660.0
4325,53,46 a 55,4800.0,Média-Baixa,18,0,1,4800.0,0.0,1620.0
4326,55,46 a 55,2200.0,Baixa,23,1,2,2200.0,0.0,890.0
4327,57,Maior que 55,3900.0,Média-Baixa,28,0,0,3900.0,0.0,1450.0
4328,62,Maior que 55,11500.0,Média-Alta,34,1,1,11500.0,0.0,3790.0
4329,65,Maior que 55,3100.0,Média-Baixa,39,0,2,3100.0,0.0,1320.0
4330,65,Maior que 55,9800.0,Média,45,1,0,6800.0,0.0,3390.0
4331,23,21 a 30,15000.0,Média-Alta,67,2,1,15000.0,0.0,5170.0
4332,28,21 a 30,6100.0,Média,72,0,2,6100.0,0.0,2550.0
4333,30,21 a 30,9000.0,Média,78,1,0,9000.0,0.0,3480.0
4334,32,31 a 45,17500.0,Média-Alta,83,3,1,17500.0,0.0,6080.0
4335,35,31 a 45,17000.0,Média-Alta,89,1,2,13000.0,0.0,5990.0
4336,42,31 a 45,8500.0,Média,94,1,0,5300.0,0.0,3490.0
4337,45,31 a 45,18300.0,Média-Alta,98,3,1,18300.0,0.0,6470.0
4338,48,46 a 55,1800.0,Baixa,12,0,0,1800.0,0.0,660.0
4339,51,46 a 55,4800.0,Média-Baixa,18,0,1,4800.0,0.0,1620.0
4340,53,46 a 55,2200.0,Baixa,23,1,2,2200.0,0.0,890.0
4341,55,46 a 55,3900.0,Média-Baixa,28,0,0,3900.0,0.0,1450.0
4342,57,Maior que 55,11500.0,Média-Alta,34,1,1,11500.0,0.0,3790.0
4343,62,Maior que 55,3100.0,Média-Baixa,39,0,2,3100.0,0.0,1320.0
4344,65,Maior que 55,9800.0,Média,45,1,0,6800.0,0.0,3390.0
4345,19,Até 20,1800.0,Baixa,12,0,0,1800.0,0.0,660.0
4346,23,21 a 30,4800.0,Média-Baixa,18,0,1,4800.0,0.0,1620.0
4347,25,21 a 30,2200.0,Baixa,23,1,2,2200.0,0.0,890.0
4348,27,21 a 30,3900.0,Média-Baixa,28,0,0,3900.0,0.0,1450.0
4349,28,21 a 30,11500.0,Média-Alta,34,1,1,11500.0,0.0,3790.0
4350,30,21 a 30,3100.0,Média-Baixa,39,0,2,3100.0,0.0,1320.0
4351,32,31 a 45,9800.0,Média,45,1,0,6800.0,0.0,3390.0
4352,35,31 a 45,24400.0,Alta,50,2,1,22000.0,0.0,7820.0
4353,42,31 a 45,4500.0,Média-Baixa,56,0,2,4500.0,0.0,1910.0
4354,45,31 a 45,9800.0,Média,61,0,0,9800.0,0.0,3550.0
4355,48,46 a 55,15000.0,Média-Alta,67,2,1,15000.0,0.0,5170.0
4356,51,46 a 55,6100.0,Média,72,0,2,6100.0,0.0,2550.0
4357,53,46 a 55,9000.0,Média,78,1,0,9000.0,0.0,3480.0
4358,55,46 a 55,17500.0,Média-Alta,83,3,1,17500.0,0.0,6080.0
4359,57,Maior que 55,17000.0,Média-Alta,89,1,2,13000.0,0.0,5990.0
4360,62,Maior que 55,8500.0,Média,94,1,0,5300.0,0.0,3490.0
4361,65,Maior que 55,18300.0,Média-Alta,98,3,1,18300.0,0.0,6470.0
4362,19,Até 20,1800.0,Baixa,12,0,0,1800.0,0.0,660.0
4363,23,21 a 30,15000.0,Média-Alta,67,2,1,15000.0,0.0,5170.0
4364,25,21 a 30,6100.0,Média,72,0,2,6100.0,0.0,2550.0
4365,27,21 a 30,9000.0,Média,78,1,0,9000.0,0.0,3480.0
4366,28,21 a 30,17500.0,Média-Alta,83,3,1,17500.0,0.0,6080.0
4367,30,21 a 30,17000.0,Média-Alta,89,1,2,13000.0,0.0,5990.0
4368,32,31 a 45,8500.0,Média,94,1,0,5300.0,0.0,3490.0
4369,35,31 a 45,18300.0,Média-Alta,98,3,1,18300.0,0.0,6470.0
4370,42,31 a 45,1800.0,Baixa,12,0,0,1800.0,0.0,660.0
4371,45,31 a 45,4800.0,Média-Baixa,18,0,1,4800.0,0.0,1620.0
4372,48,46 a 55,2200.0,Baixa,23,1,2,2200.0,0.0,890.0
4373,51,46 a 55,3900.0,Média-Baixa,28,0,0,3900.0,0.0,1450.0
4374,53,46 a 55,11500.0,Média-Alta,34,1,1,11500.0,0.0,3790.0
4375,55,46 a 55,3100.0,Média-Baixa,39,0,2,3100.0,0.0,1320.0
4376,57,Maior que 55,9800.0,Média,45,1,0,6800.0,0.0,3390.0
4377,62,Maior que 55,1800.0,Baixa,12,0,0,1800.0,0.0,660.0
4378,65,Maior que 55,4800.0,Média-Baixa,18,0,1,4800.0,0.0,1620.0
4379,19,Até 20,2200.0,Baixa,23,1,2,2200.0,0.0,890.0
4380,23,21 a 30,3900.0,Média-Baixa,28,0,0,3900.0,0.0,1450.0
4381,25,21 a 30,11500.0,Média-Alta,34,1,1,11500.0,0.0,3790.0
4382,27,21 a 30,3100.0,Média-Baixa,39,0,2,3100.0,0.0,1320.0
4383,28,21 a 30,9800.0,Média,45,1,0,6800.0,0.0,3390.0
4384,30,21 a 30,24400.0,Alta,50,2,1,22000.0,0.0,7820.0
4385,32,31 a 45,4500.0,Média-Baixa,56,0,2,4500.0,0.0,1910.0
4386,35,31 a 45,9800.0,Média,61,0,0,9800.0,0.0,3550.0
4387,42,31 a 45,15000.0,Média-Alta,67,2,1,15000.0,0.0,5170.0
4388,45,31 a 45,6100.0,Média,72,0,2,6100.0,0.0,2550.0
4389,48,46 a 55,9000.0,Média,78,1,0,9000.0,0.0,3480.0
4390,51,46 a 55,17500.0,Média-Alta,83,3,1,17500.0,0.0,6080.0
4391,53,46 a 55,17000.0,Média-Alta,89,1,2,13000.0,0.0,5990.0
4392,55,46 a 55,8500.0,Média,94,1,0,5300.0,0.0,3490.0
4393,57,Maior que 55,18300.0,Média-Alta,98,3,1,18300.0,0.0,6470.0
4394,62,Maior que 55,1800.0,Baixa,12,0,0,1800.0,0.0,660.0
4395,65,Maior que 55,15000.0,Média-Alta,67,2,1,15000.0,0.0,5170.0
4396,19,Até 20,6100.0,Média,72,0,2,6100.0,0.0,2550.0
4397,23,21 a 30,9000.0,Média,78,1,0,9000.0,0.0,3480.0
4398,25,21 a 30,17500.0,Média-Alta,83,3,1,17500.0,0.0,6080.0
4399,27,21 a 30,17000.0,Média-Alta,89,1,2,13000.0,0.0,5990.0
4400,28,21 a 30,8500.0,Média,94,1,0,5300.0,0.0,3490.0
4401,30,21 a 30,18300.0,Média-Alta,98,3,1,18300.0,0.0,6470.0
4402,32,31 a 45,1800.0,Baixa,12,0,0,1800.0,0.0,660.0
4403,35,31 a 45,4800.0,Média-Baixa,18,0,1,4800.0,0.0,1620.0
4404,42,31 a 45,2200.0,Baixa,23,1,2,2200.0,0.0,890.0
4405,45,31 a 45,3900.0,Média-Baixa,28,0,0,3900.0,0.0,1450.0
4406,48,46 a 55,11500.0,Média-Alta,34,1,1,11500.0,0.0,3790.0
4407,51,46 a 55,3100.0,Média-Baixa,39,0,2,3100.0,0.0,1320.0
4408,23,21 a 30,9800.0,Média,45,1,0,6800.0,0.0,3390.0
4409,28,21 a 30,1800.0,Baixa,12,0,0,1800.0,0.0,660.0
4410,30,21 a 30,4800.0,Média-Baixa,18,0,1,4800.0,0.0,1620.0
4411,32,31 a 45,2200.0,Baixa,23,1,2,2200.0,0.0,890.0
4412,35,31 a 45,3900.0,Média-Baixa,28,0,0,3900.0,0.0,1450.0
4413,42,31 a 45,11500.0,Média-Alta,34,1,1,11500.0,0.0,3790.0
4414,45,31 a 45,3100.0,Média-Baixa,39,0,2,3100.0,0.0,1320.0
4415,48,46 a 55,9800.0,Média,45,1,0,6800.0,0.0,3390.0
4416,51,46 a 55,24400.0,Alta,50,2,1,22000.0,0.0,7820.0
4417,53,46 a 55,4500.0,Média-Baixa,56,0,2,4500.0,0.0,1910.0
4418,55,46 a 55,9800.0,Média,61,0,0,9800.0,0.0,3550.0
4419,57,Maior que 55,15000.0,Média-Alta,67,2,1,15000.0,0.0,5170.0
4420,62,Maior que 55,6100.0,Média,72,0,2,6100.0,0.0,2550.0
4421,65,Maior que 55,9000.0,Média,78,1,0,9000.0,0.0,3480.0
4422,19,Até 20,17500.0,Média-Alta,83,3,1,17500.0,0.0,6080.0
4423,23,21 a 30,17000.0,Média-Alta,89,1,2,13000.0,0.0,5990.0
4424,25,21 a 30,8500.0,Média,94,1,0,5300.0,0.0,3490.0
4425,27,21 a 30,18300.0,Média-Alta,98,3,1,18300.0,0.0,6470.0
4426,28,21 a 30,1800.0,Baixa,12,0,0,1800.0,0.0,660.0
4427,30,21 a 30,1800.0,Baixa,12,0,0,1800.0,0.0,660.0
4428,32,31 a 45,4800.0,Média-Baixa,18,0,1,4800.0,0.0,1620.0
4429,35,31 a 45,2200.0,Baixa,23,1,2,2200.0,0.0,890.0
4430,42,31 a 45,3900.0,Média-Baixa,28,0,0,3900.0,0.0,1450.0
4431,45,31 a 45,11500.0,Média-Alta,34,1,1,11500.0,0.0,3790.0
4432,48,46 a 55,3100.0,Média-Baixa,39,0,2,3100.0,0.0,1320.0
4433,51,46 a 55,9800.0,Média,45,1,0,6800.0,0.0,3390.0
4434,53,46 a 55,24400.0,Alta,50,2,1,22000.0,0.0,7820.0
4435,55,46 a 55,4500.0,Média-Baixa,56,0,2,4500.0,0.0,1910.0
4436,57,Maior que 55,9800.0,Média,61,0,0,9800.0,0.0,3550.0
4437,62,Maior que 55,15000.0,Média-Alta,67,2,1,15000.0,0.0,5170.0
4438,65,Maior que 55,6100.0,Média,72,0,2,6100.0,0.0,2550.0
4439,19,Até 20,9000.0,Média,78,1,0,9000.0,0.0,3480.0
4440,23,21 a 30,17500.0,Média-Alta,83,3,1,17500.0,0.0,6080.0
4441,25,21 a 30,17000.0,Média-Alta,89,1,2,13000.0,0.0,5990.0
4442,27,21 a 30,8500.0,Média,94,1,0,5300.0,0.0,3490.0
4443,28,21 a 30,18300.0,Média-Alta,98,3,1,18300.0,0.0,6470.0
4444,30,21 a 30,1800.0,Baixa,12,0,0,1800.0,0.0,660.0
4445,32,31 a 45,4800.0,Média-Baixa,18,0,1,4800.0,0.0,1620.0
4446,35,31 a 45,2200.0,Baixa,23,1,2,2200.0,0.0,890.0
4447,42,31 a 45,3900.0,Média-Baixa,28,0,0,3900.0,0.0,1450.0
4448,45,31 a 45,11500.0,Média-Alta,34,1,1,11500.0,0.0,3790.0
4449,48,46 a 55,3100.0,Média-Baixa,39,0,2,3100.0,0.0,1320.0
4450,51,46 a 55,1800.0,Baixa,12,0,0,1800.0,0.0,660.0
4451,53,46 a 55,4800.0,Média-Baixa,18,0,1,4800.0,0.0,1620.0
4452,55,46 a 55,2200.0,Baixa,23,1,2,2200.0,0.0,890.0
4453,57,Maior que 55,3900.0,Média-Baixa,28,0,0,3900.0,0.0,1450.0
4454,62,Maior que 55,11500.0,Média-Alta,34,1,1,11500.0,0.0,3790.0
4455,65,Maior que 55,3100.0,Média-Baixa,39,0,2,3100.0,0.0,1320.0
4456,19,Até 20,9800.0,Média,45,1,0,6800.0,0.0,3390.0
4457,23,21 a 30,24400.0,Alta,50,2,1,22000.0,0.0,7820.0
4458,25,21 a 30,4500.0,Média-Baixa,56,0,2,4500.0,0.0,1910.0
4459,27,21 a 30,9800.0,Média,61,0,0,9800.0,0.0,3550.0
4460,28,21 a 30,15000.0,Média-Alta,67,2,1,15000.0,0.0,5170.0
4461,30,21 a 30,6100.0,Média,72,0,2,6100.0,0.0,2550.0
4462,32,31 a 45,9000.0,Média,78,1,0,9000.0,0.0,3480.0
4463,35,31 a 45,17500.0,Média-Alta,83,3,1,17500.0,0.0,6080.0
4464,42,31 a 45,17000.0,Média-Alta,89,1,2,13000.0,0.0,5990.0
4465,45,31 a 45,8500.0,Média,94,1,0,5300.0,0.0,3490.0
4466,48,46 a 55,18300.0,Média-Alta,98,3,1,18300.0,0.0,6470.0
4467,51,46 a 55,1800.0,Baixa,12,0,0,1800.0,0.0,660.0
4468,53,46 a 55,4800.0,Média-Baixa,18,0,1,4800.0,0.0,1620.0
4469,55,46 a 55,2200.0,Baixa,23,1,2,2200.0,0.0,890.0
4470,57,Maior que 55,3900.0,Média-Baixa,28,0,0,3900.0,0.0,1450.0
4471,62,Maior que 55,11500.0,Média-Alta,34,1,1,11500.0,0.0,3790.0
4472,65,Maior que 55,3100.0,Média-Baixa,39,0,2,3100.0,0.0,1320.0
4473,19,Até 20,1800.0,Baixa,12,0,0,1800.0,0.0,660.0
4474,23,21 a 30,4800.0,Média-Baixa,18,0,1,4800.0,0.0,1620.0
4475,25,21 a 30,2200.0,Baixa,23,1,2,2200.0,0.0,890.0
4476,27,21 a 30,3900.0,Média-Baixa,28,0,0,3900.0,0.0,1450.0
4477,28,21 a 30,11500.0,Média-Alta,34,1,1,11500.0,0.0,3790.0
4478,30,21 a 30,3100.0,Média-Baixa,39,0,2,3100.0,0.0,1320.0
4479,32,31 a 45,9800.0,Média,45,1,0,6800.0,0.0,3390.0
4480,35,31 a 45,24400.0,Alta,50,2,1,22000.0,0.0,7820.0
4481,42,31 a 45,4500.0,Média-Baixa,56,0,2,4500.0,0.0,1910.0
4482,45,31 a 45,9800.0,Média,61,0,0,9800.0,0.0,3550.0
4483,48,46 a 55,15000.0,Média-Alta,67,2,1,15000.0,0.0,5170.0
4484,51,46 a 55,6100.0,Média,72,0,2,6100.0,0.0,2550.0
4485,23,21 a 30,9000.0,Média,78,1,0,9000.0,0.0,3480.0
4486,28,21 a 30,17500.0,Média-Alta,83,3,1,17500.0,0.0,6080.0
4487,30,21 a 30,17000.0,Média-Alta,89,1,2,13000.0,0.0,5990.0
4488,32,31 a 45,8500.0,Média,94,1,0,5300.0,0.0,3490.0
4489,35,31 a 45,18300.0,Média-Alta,98,3,1,18300.0,0.0,6470.0
4490,42,31 a 45,1800.0,Baixa,12,0,0,1800.0,0.0,660.0
4491,45,31 a 45,4800.0,Média-Baixa,18,0,1,4800.0,0.0,1620.0
4492,48,46 a 55,2200.0,Baixa,23,1,2,2200.0,0.0,890.0
4493,51,46 a 55,3900.0,Média-Baixa,28,0,0,3900.0,0.0,1450.0
4494,53,46 a 55,11500.0,Média-Alta,34,1,1,11500.0,0.0,3790.0
4495,55,46 a 55,3100.0,Média-Baixa,39,0,2,3100.0,0.0,1320.0
4496,57,Maior que 55,1800.0,Baixa,12,0,0,1800.0,0.0,660.0
4497,62,Maior que 55,4800.0,Média-Baixa,18,0,1,4800.0,0.0,1620.0
4498,65,Maior que 55,2200.0,Baixa,23,1,2,2200.0,0.0,890.0
4499,19,Até 20,3900.0,Média-Baixa,28,0,0,3900.0,0.0,1450.0
4500,23,21 a 30,11500.0,Média-Alta,34,1,1,11500.0,0.0,3790.0
4501,25,21 a 30,3100.0,Média-Baixa,39,0,2,3100.0,0.0,1320.0
4502,27,21 a 30,9800.0,Média,45,1,0,6800.0,0.0,3390.0
4503,28,21 a 30,24400.0,Alta,50,2,1,22000.0,0.0,7820.0
4504,30,21 a 30,4500.0,Média-Baixa,56,0,2,4500.0,0.0,1910.0
4505,32,31 a 45,9800.0,Média,61,0,0,9800.0,0.0,3550.0
4506,35,31 a 45,15000.0,Média-Alta,67,2,1,15000.0,0.0,5170.0
4507,42,31 a 45,6100.0,Média,72,0,2,6100.0,0.0,2550.0
4508,45,31 a 45,9000.0,Média,78,1,0,9000.0,0.0,3480.0
4509,48,46 a 55,17500.0,Média-Alta,83,3,1,17500.0,0.0,6080.0
4510,51,46 a 55,17000.0,Média-Alta,89,1,2,13000.0,0.0,5990.0
4511,53,46 a 55,8500.0,Média,94,1,0,5300.0,0.0,3490.0
4512,55,46 a 55,18300.0,Média-Alta,98,3,1,18300.0,0.0,6470.0
4513,57,Maior que 55,1800.0,Baixa,12,0,0,1800.0,0.0,660.0
4514,62,Maior que 55,4800.0,Média-Baixa,18,0,1,4800.0,0.0,1620.0
4515,65,Maior que 55,2200.0,Baixa,23,1,2,2200.0,0.0,890.0
4516,19,Até 20,3900.0,Média-Baixa,28,0,0,3900.0,0.0,1450.0
4517,23,21 a 30,11500.0,Média-Alta,34,1,1,11500.0,0.0,3790.0
4518,25,21 a 30,3100.0,Média-Baixa,39,0,2,3100.0,0.0,1320.0
4519,27,21 a 30,1800.0,Baixa,12,0,0,1800.0,0.0,660.0
4520,28,21 a 30,4800.0,Média-Baixa,18,0,1,4800.0,0.0,1620.0
4521,30,21 a 30,2200.0,Baixa,23,1,2,2200.0,0.0,890.0
4522,32,31 a 45,3900.0,Média-Baixa,28,0,0,3900.0,0.0,1450.0
4523,35,31 a 45,11500.0,Média-Alta,34,1,1,11500.0,0.0,3790.0
4524,42,31 a 45,3100.0,Média-Baixa,39,0,2,3100.0,0.0,1320.0
4525,45,31 a 45,9800.0,Média,45,1,0,6800.0,0.0,3390.0
4526,48,46 a 55,24400.0,Alta,50,2,1,22000.0,0.0,7820.0
4527,51,46 a 55,4500.0,Média-Baixa,56,0,2,4500.0,0.0,1910.0
4528,53,46 a 55,9800.0,Média,61,0,0,9800.0,0.0,3550.0
4529,55,46 a 55,15000.0,Média-Alta,67,2,1,15000.0,0.0,5170.0
4530,57,Maior que 55,6100.0,Média,72,0,2,6100.0,0.0,2550.0
4531,62,Maior que 55,9000.0,Média,78,1,0,9000.0,0.0,3480.0
4532,65,Maior que 55,17500.0,Média-Alta,83,3,1,17500.0,0.0,6080.0
4533,19,Até 20,17000.0,Média-Alta,89,1,2,13000.0,0.0,5990.0
4534,23,21 a 30,8500.0,Média,94,1,0,5300.0,0.0,3490.0
4535,25,21 a 30,18300.0,Média-Alta,98,3,1,18300.0,0.0,6470.0
4536,27,21 a 30,1800.0,Baixa,12,0,0,1800.0,0.0,660.0
4537,28,21 a 30,4800.0,Média-Baixa,18,0,1,4800.0,0.0,1620.0
4538,30,21 a 30,2200.0,Baixa,23,1,2,2200.0,0.0,890.0
4539,32,31 a 45,3900.0,Média-Baixa,28,0,0,3900.0,0.0,1450.0
4540,35,31 a 45,11500.0,Média-Alta,34,1,1,11500.0,0.0,3790.0
4541,42,31 a 45,3100.0,Média-Baixa,39,0,2,3100.0,0.0,1320.0
4542,45,31 a 45,1800.0,Baixa,12,0,0,1800.0,0.0,660.0
4543,48,46 a 55,4800.0,Média-Baixa,18,0,1,4800.0,0.0,1620.0
4544,51,46 a 55,2200.0,Baixa,23,1,2,2200.0,0.0,890.0
4545,53,46 a 55,3900.0,Média-Baixa,28,0,0,3900.0,0.0,1450.0
4546,55,46 a 55,11500.0,Média-Alta,34,1,1,11500.0,0.0,3790.0
4547,57,Maior que 55,3100.0,Média-Baixa,39,0,2,3100.0,0.0,1320.0
4548,62,Maior que 55,9800.0,Média,45,1,0,6800.0,0.0,3390.0
4549,65,Maior que 55,24400.0,Alta,50,2,1,22000.0,0.0,7820.0
4550,19,Até 20,4500.0,Média-Baixa,56,0,2,4500.0,0.0,1910.0
4551,23,21 a 30,9800.0,Média,61,0,0,9800.0,0.0,3550.0
4552,25,21 a 30,15000.0,Média-Alta,67,2,1,15000.0,0.0,5170.0
4553,27,21 a 30,6100.0,Média,72,0,2,6100.0,0.0,2550.0
4554,28,21 a 30,9000.0,Média,78,1,0,9000.0,0.0,3480.0
4555,30,21 a 30,17500.0,Média-Alta,83,3,1,17500.0,0.0,6080.0
4556,32,31 a 45,17000.0,Média-Alta,89,1,2,13000.0,0.0,5990.0
4557,35,31 a 45,8500.0,Média,94,1,0,5300.0,0.0,3490.0
4558,42,31 a 45,18300.0,Média-Alta,98,3,1,18300.0,0.0,6470.0
4559,45,31 a 45,1800.0,Baixa,12,0,0,1800.0,0.0,660.0
4560,48,46 a 55,4800.0,Média-Baixa,18,0,1,4800.0,0.0,1620.0
4561,51,46 a 55,2200.0,Baixa,23,1,2,2200.0,0.0,890.0
4562,23,21 a 30,3900.0,Média-Baixa,28,0,0,3900.0,0.0,1450.0
4563,28,21 a 30,11500.0,Média-Alta,34,1,1,11500.0,0.0,3790.0
4564,30,21 a 30,3100.0,Média-Baixa,39,0,2,3100.0,0.0,1320.0
4565,32,31 a 45,1800.0,Baixa,12,0,0,1800.0,0.0,660.0
4566,35,31 a 45,4800.0,Média-Baixa,18,0,1,4800.0,0.0,1620.0
4567,42,31 a 45,2200.0,Baixa,23,1,2,2200.0,0.0,890.0
4568,45,31 a 45,3900.0,Média-Baixa,28,0,0,3900.0,0.0,1450.0
4569,48,46 a 55,11500.0,Média-Alta,34,1,1,11500.0,0.0,3790.0
4570,51,46 a 55,3100.0,Média-Baixa,39,0,2,3100.0,0.0,1320.0
4571,53,46 a 55,9800.0,Média,45,1,0,6800.0,0.0,3390.0
4572,55,46 a 55,24400.0,Alta,50,2,1,22000.0,0.0,7820.0
4573,57,Maior que 55,4500.0,Média-Baixa,56,0,2,4500.0,0.0,1910.0
4574,62,Maior que 55,9800.0,Média,61,0,0,9800.0,0.0,3550.0
4575,65,Maior que 55,15000.0,Média-Alta,67,2,1,15000.0,0.0,5170.0
4576,19,Até 20,6100.0,Média,72,0,2,6100.0,0.0,2550.0
4577,23,21 a 30,9000.0,Média,78,1,0,9000.0,0.0,3480.0
4578,25,21 a 30,17500.0,Média-Alta,83,3,1,17500.0,0.0,6080.0
4579,27,21 a 30,17000.0,Média-Alta,89,1,2,13000.0,0.0,5990.0
4580,28,21 a 30,8500.0,Média,94,1,0,5300.0,0.0,3490.0
4581,30,21 a 30,18300.0,Média-Alta,98,3,1,18300.0,0.0,6470.0
4582,32,31 a 45,1800.0,Baixa,12,0,0,1800.0,0.0,660.0
4583,35,31 a 45,4800.0,Média-Baixa,18,0,1,4800.0,0.0,1620.0
4584,42,31 a 45,2200.0,Baixa,23,1,2,2200.0,0.0,890.0
4585,45,31 a 45,3900.0,Média-Baixa,28,0,0,3900.0,0.0,1450.0
4586,48,46 a 55,11500.0,Média-Alta,34,1,1,11500.0,0.0,3790.0
4587,51,46 a 55,3100.0,Média-Baixa,39,0,2,3100.0,0.0,1320.0
4588,53,46 a 55,1800.0,Baixa,12,0,0,1800.0,0.0,660.0
4589,55,46 a 55,4800.0,Média-Baixa,18,0,1,4800.0,0.0,1620.0
4590,57,Maior que 55,2200.0,Baixa,23,1,2,2200.0,0.0,890.0
4591,62,Maior que 55,3900.0,Média-Baixa,28,0,0,3900.0,0.0,1450.0
4592,65,Maior que 55,11500.0,Média-Alta,34,1,1,11500.0,0.0,3790.0
4593,19,Até 20,3100.0,Média-Baixa,39,0,2,3100.0,0.0,1320.0
4594,23,21 a 30,9800.0,Média,45,1,0,6800.0,0.0,3390.0
4595,25,21 a 30,24400.0,Alta,50,2,1,22000.0,0.0,7820.0
4596,27,21 a 30,4500.0,Média-Baixa,56,0,2,4500.0,0.0,1910.0
4597,28,21 a 30,9800.0,Média,61,0,0,9800.0,0.0,3550.0
4598,30,21 a 30,15000.0,Média-Alta,67,2,1,15000.0,0.0,5170.0
4599,32,31 a 45,6100.0,Média,72,0,2,6100.0,0.0,2550.0
4600,35,31 a 45,9000.0,Média,78,1,0,9000.0,0.0,3480.0
4601,42,31 a 45,17500.0,Média-Alta,83,3,1,17500.0,0.0,6080.0
4602,45,31 a 45,17000.0,Média-Alta,89,1,2,13000.0,0.0,5990.0
4603,48,46 a 55,8500.0,Média,94,1,0,5300.0,0.0,3490.0
4604,51,46 a 55,18300.0,Média-Alta,98,3,1,18300.0,0.0,6470.0
4605,53,46 a 55,1800.0,Baixa,12,0,0,1800.0,0.0,660.0
4606,55,46 a 55,4800.0,Média-Baixa,18,0,1,4800.0,0.0,1620.0
4607,57,Maior que 55,2200.0,Baixa,23,1,2,2200.0,0.0,890.0
4608,62,Maior que 55,3900.0,Média-Baixa,28,0,0,3900.0,0.0,1450.0
4609,65,Maior que 55,11500.0,Média-Alta,34,1,1,11500.0,0.0,3790.0
4610,19,Até 20,3100.0,Média-Baixa,39,0,2,3100.0,0.0,1320.0
4611,23,21 a 30,1800.0,Baixa,12,0,0,1800.0,0.0,660.0
4612,25,21 a 30,4800.0,Média-Baixa,18,0,1,4800.0,0.0,1620.0
4613,27,21 a 30,2200.0,Baixa,23,1,2,2200.0,0.0,890.0
4614,28,21 a 30,3900.0,Média-Baixa,28,0,0,3900.0,0.0,1450.0
4615,30,21 a 30,11500.0,Média-Alta,34,1,1,11500.0,0.0,3790.0
4616,32,31 a 45,3100.0,Média-Baixa,39,0,2,3100.0,0.0,1320.0
4617,35,31 a 45,9800.0,Média,45,1,0,6800.0,0.0,3390.0
4618,42,31 a 45,24400.0,Alta,50,2,1,22000.0,0.0,7820.0
4619,45,31 a 45,4500.0,Média-Baixa,56,0,2,4500.0,0.0,1910.0
4620,48,46 a 55,9800.0,Média,61,0,0,9800.0,0.0,3550.0
4621,51,46 a 55,15000.0,Média-Alta,67,2,1,15000.0,0.0,5170.0
4622,53,46 a 55,6100.0,Média,72,0,2,6100.0,0.0,2550.0
4623,55,46 a 55,9000.0,Média,78,1,0,9000.0,0.0,3480.0
4624,57,Maior que 55,17500.0,Média-Alta,83,3,1,17500.0,0.0,6080.0
4625,62,Maior que 55,17000.0,Média-Alta,89,1,2,13000.0,0.0,5990.0
4626,65,Maior que 55,8500.0,Média,94,1,0,5300.0,0.0,3490.0
4627,19,Até 20,18300.0,Média-Alta,98,3,1,18300.0,0.0,6470.0
4628,23,21 a 30,1800.0,Baixa,12,0,0,1800.0,0.0,660.0
4629,25,21 a 30,4800.0,Média-Baixa,18,0,1,4800.0,0.0,1620.0
4630,27,21 a 30,2200.0,Baixa,23,1,2,2200.0,0.0,890.0
4631,28,21 a 30,3900.0,Média-Baixa,28,0,0,3900.0,0.0,1450.0
4632,30,21 a 30,11500.0,Média-Alta,34,1,1,11500.0,0.0,3790.0
4633,32,31 a 45,3100.0,Média-Baixa,39,0,2,3100.0,0.0,1320.0
4634,35,31 a 45,1800.0,Baixa,12,0,0,1800.0,0.0,660.0
4635,42,31 a 45,4800.0,Média-Baixa,18,0,1,4800.0,0.0,1620.0
4636,45,31 a 45,2200.0,Baixa,23,1,2,2200.0,0.0,890.0
4637,48,46 a 55,3900.0,Média-Baixa,28,0,0,3900.0,0.0,1450.0
4638,51,46 a 55,11500.0,Média-Alta,34,1,1,11500.0,0.0,3790.0
4639,42,31 a 45,3100.0,Média-Baixa,39,0,2,3100.0,0.0,1320.0
4640,45,31 a 45,9800.0,Média,45,1,0,6800.0,0.0,3390.0
4641,48,46 a 55,24400.0,Alta,50,2,1,22000.0,0.0,7820.0
4642,51,46 a 55,4500.0,Média-Baixa,56,0,2,4500.0,0.0,1910.0
4643,48,46 a 55,9800.0,Média,61,0,0,9800.0,0.0,3550.0
4644,51,46 a 55,15000.0,Média-Alta,67,2,1,15000.0,0.0,5170.0
4645,48,46 a 55,6100.0,Média,72,0,2,6100.0,0.0,2550.0
4646,51,46 a 55,9000.0,Média,78,1,0,9000.0,0.0,3480.0
4647,48,46 a 55,17500.0,Média-Alta,83,3,1,17500.0,0.0,6080.0
4648,51,46 a 55,17000.0,Média-Alta,89,1,2,13000.0,0.0,5990.0
4649,48,46 a 55,8500.0,Média,94,1,0,5300.0,0.0,3490.0
4650,51,46 a 55,18300.0,Média-Alta,98,3,1,18300.0,0.0,6470.0
4651,48,46 a 55,1800.0,Baixa,12,0,0,1800.0,0.0,660.0
4652,51,46 a 55,4800.0,Média-Baixa,18,0,1,4800.0,0.0,1620.0
4653,48,46 a 55,2200.0,Baixa,23,1,2,2200.0,0.0,890.0
4654,51,46 a 55,3900.0,Média-Baixa,28,0,0,3900.0,0.0,1450.0
4655,48,46 a 55,11500.0,Média-Alta,34,1,1,11500.0,0.0,3790.0
4656,51,46 a 55,3100.0,Média-Baixa,39,0,2,3100.0,0.0,1320.0
4657,19,Até 20,1800.0,Baixa,12,0,0,1800.0,0.0,660.0
4658,23,21 a 30,4800.0,Média-Baixa,18,0,1,4800.0,0.0,1620.0
4659,25,21 a 30,2200.0,Baixa,23,1,2,2200.0,0.0,890.0
4660,27,21 a 30,3900.0,Média-Baixa,28,0,0,3900.0,0.0,1450.0
4661,28,21 a 30,11500.0,Média-Alta,34,1,1,11500.0,0.0,3790.0
4662,30,21 a 30,3100.0,Média-Baixa,39,0,2,3100.0,0.0,1320.0
4663,32,31 a 45,9800.0,Média,45,1,0,6800.0,0.0,3390.0
4664,35,31 a 45,24400.0,Alta,50,2,1,22000.0,0.0,7820.0
4665,42,31 a 45,4500.0,Média-Baixa,56,0,2,4500.0,0.0,1910.0
4666,45,31 a 45,9800.0,Média,61,0,0,9800.0,0.0,3550.0
4667,48,46 a 55,15000.0,Média-Alta,67,2,1,15000.0,0.0,5170.0
4668,51,46 a 55,6100.0,Média,72,0,2,6100.0,0.0,2550.0
4669,53,46 a 55,9000.0,Média,78,1,0,9000.0,0.0,3480.0
4670,55,46 a 55,17500.0,Média-Alta,83,3,1,17500.0,0.0,6080.0
4671,57,Maior que 55,17000.0,Média-Alta,89,1,2,13000.0,0.0,5990.0
4672,62,Maior que 55,8500.0,Média,94,1,0,5300.0,0.0,3490.0
4673,65,Maior que 55,18300.0,Média-Alta,98,3,1,18300.0,0.0,6470.0
4674,19,Até 20,1800.0,Baixa,12,0,0,1800.0,0.0,660.0
4675,23,21 a 30,4800.0,Média-Baixa,18,0,1,4800.0,0.0,1620.0
4676,25,21 a 30,2200.0,Baixa,23,1,2,2200.0,0.0,890.0
4677,27,21 a 30,3900.0,Média-Baixa,28,0,0,3900.0,0.0,1450.0
4678,28,21 a 30,11500.0,Média-Alta,34,1,1,11500.0,0.0,3790.0
4679,30,21 a 30,3100.0,Média-Baixa,39,0,2,3100.0,0.0,1320.0
4680,32,31 a 45,9800.0,Média,45,1,0,6800.0,0.0,3390.0
4681,35,31 a 45,24400.0,Alta,50,2,1,22000.0,0.0,7820.0
4682,42,31 a 45,4500.0,Média-Baixa,56,0,2,4500.0,0.0,1910.0
4683,45,31 a 45,9800.0,Média,61,0,0,9800.0,0.0,3550.0
4684,48,46 a 55,15000.0,Média-Alta,67,2,1,15000.0,0.0,5170.0
4685,51,46 a 55,6100.0,Média,72,0,2,6100.0,0.0,2550.0
4686,53,46 a 55,9000.0,Média,78,1,0,9000.0,0.0,3480.0
4687,55,46 a 55,17500.0,Média-Alta,83,3,1,17500.0,0.0,6080.0
4688,57,Maior que 55,17000.0,Média-Alta,89,1,2,13000.0,0.0,5990.0
4689,62,Maior que 55,8500.0,Média,94,1,0,5300.0,0.0,3490.0
4690,65,Maior que 55,18300.0,Média-Alta,98,3,1,18300.0,0.0,6470.0
4691,19,Até 20,1800.0,Baixa,12,0,0,1800.0,0.0,660.0
4692,23,21 a 30,4800.0,Média-Baixa,18,0,1,4800.0,0.0,1620.0
4693,25,21 a 30,2200.0,Baixa,23,1,2,2200.0,0.0,890.0
4694,27,21 a 30,3900.0,Média-Baixa,28,0,0,3900.0,0.0,1450.0
4695,28,21 a 30,11500.0,Média-Alta,34,1,1,11500.0,0.0,3790.0
4696,30,21 a 30,3100.0,Média-Baixa,39,0,2,3100.0,0.0,1320.0
4697,32,31 a 45,9800.0,Média,45,1,0,6800.0,0.0,3390.0
4698,35,31 a 45,24400.0,Alta,50,2,1,22000.0,0.0,7820.0
4699,42,31 a 45,4500.0,Média-Baixa,56,0,2,4500.0,0.0,1910.0
4700,45,31 a 45,9800.0,Média,61,0,0,9800.0,0.0,3550.0
4701,48,46 a 55,15000.0,Média-Alta,67,2,1,15000.0,0.0,5170.0
4702,51,46 a 55,6100.0,Média,72,0,2,6100.0,0.0,2550.0
4703,53,46 a 55,9000.0,Média,78,1,0,9000.0,0.0,3480.0
4704,55,46 a 55,17500.0,Média-Alta,83,3,1,17500.0,0.0,6080.0
4705,57,Maior que 55,17000.0,Média-Alta,89,1,2,13000.0,0.0,5990.0
4706,62,Maior que 55,8500.0,Média,94,1,0,5300.0,0.0,3490.0
4707,65,Maior que 55,18300.0,Média-Alta,98,3,1,18300.0,0.0,6470.0
4708,19,Até 20,1800.0,Baixa,12,0,0,1800.0,0.0,660.0
4709,23,21 a 30,4800.0,Média-Baixa,18,0,1,4800.0,0.0,1620.0
4710,25,21 a 30,2200.0,Baixa,23,1,2,2200.0,0.0,890.0
4711,27,21 a 30,3900.0,Média-Baixa,28,0,0,3900.0,0.0,1450.0
4712,28,21 a 30,11500.0,Média-Alta,34,1,1,11500.0,0.0,3790.0
4713,30,21 a 30,3100.0,Média-Baixa,39,0,2,3100.0,0.0,1320.0
4714,32,31 a 45,9800.0,Média,45,1,0,6800.0,0.0,3390.0
4715,35,31 a 45,24400.0,Alta,50,2,1,22000.0,0.0,7820.0
4716,42,31 a 45,4500.0,Média-Baixa,56,0,2,4500.0,0.0,1910.0
4717,45,31 a 45,9800.0,Média,61,0,0,9800.0,0.0,3550.0
4718,48,46 a 55,15000.0,Média-Alta,67,2,1,15000.0,0.0,5170.0
4719,51,46 a 55,6100.0,Média,72,0,2,6100.0,0.0,2550.0
4720,53,46 a 55,9000.0,Média,78,1,0,9000.0,0.0,3480.0
4721,55,46 a 55,17500.0,Média-Alta,83,3,1,17500.0,0.0,6080.0
4722,57,Maior que 55,17000.0,Média-Alta,89,1,2,13000.0,0.0,5990.0
4723,62,Maior que 55,8500.0,Média,94,1,0,5300.0,0.0,3490.0
4724,65,Maior que 55,18300.0,Média-Alta,98,3,1,18300.0,0.0,6470.0
4725,19,Até 20,1800.0,Baixa,12,0,0,1800.0,0.0,660.0
4726,23,21 a 30,4800.0,Média-Baixa,18,0,1,4800.0,0.0,1620.0
4727,25,21 a 30,2200.0,Baixa,23,1,2,2200.0,0.0,890.0
4728,27,21 a 30,3900.0,Média-Baixa,28,0,0,3900.0,0.0,1450.0
4729,28,21 a 30,11500.0,Média-Alta,34,1,1,11500.0,0.0,3790.0
4730,30,21 a 30,3100.0,Média-Baixa,39,0,2,3100.0,0.0,1320.0
4731,32,31 a 45,9800.0,Média,45,1,0,6800.0,0.0,3390.0
4732,35,31 a 45,24400.0,Alta,50,2,1,22000.0,0.0,7820.0
4733,42,31 a 45,4500.0,Média-Baixa,56,0,2,4500.0,0.0,1910.0
4734,45,31 a 45,9800.0,Média,61,0,0,9800.0,0.0,3550.0
4735,48,46 a 55,15000.0,Média-Alta,67,2,1,15000.0,0.0,5170.0
4736,51,46 a 55,6100.0,Média,72,0,2,6100.0,0.0,2550.0
4737,53,46 a 55,9000.0,Média,78,1,0,9000.0,0.0,3480.0
4738,55,46 a 55,17500.0,Média-Alta,83,3,1,17500.0,0.0,6080.0
4739,57,Maior que 55,17000.0,Média-Alta,89,1,2,13000.0,0.0,5990.0
4740,62,Maior que 55,8500.0,Média,94,1,0,5300.0,0.0,3490.0
4741,65,Maior que 55,18300.0,Média-Alta,98,3,1,18300.0,0.0,6470.0
4742,19,Até 20,1800.0,Baixa,12,0,0,1800.0,0.0,660.0
4743,23,21 a 30,4800.0,Média-Baixa,18,0,1,4800.0,0.0,1620.0
4744,25,21 a 30,2200.0,Baixa,23,1,2,2200.0,0.0,890.0
4745,27,21 a 30,3900.0,Média-Baixa,28,0,0,3900.0,0.0,1450.0
4746,28,21 a 30,11500.0,Média-Alta,34,1,1,11500.0,0.0,3790.0
4747,30,21 a 30,3100.0,Média-Baixa,39,0,2,3100.0,0.0,1320.0
4748,32,31 a 45,9800.0,Média,45,1,0,6800.0,0.0,3390.0
4749,35,31 a 45,24400.0,Alta,50,2,1,22000.0,0.0,7820.0
4750,42,31 a 45,4500.0,Média-Baixa,56,0,2,4500.0,0.0,1910.0
4751,45,31 a 45,9800.0,Média,61,0,0,9800.0,0.0,3550.0
4752,48,46 a 55,15000.0,Média-Alta,67,2,1,15000.0,0.0,5170.0
4753,51,46 a 55,6100.0,Média,72,0,2,6100.0,0.0,2550.0
4754,53,46 a 55,9000.0,Média,78,1,0,9000.0,0.0,3480.0
4755,55,46 a 55,17500.0,Média-Alta,83,3,1,17500.0,0.0,6080.0
4756,57,Maior que 55,17000.0,Média-Alta,89,1,2,13000.0,0.0,5990.0
4757,62,Maior que 55,8500.0,Média,94,1,0,5300.0,0.0,3490.0
4758,65,Maior que 55,18300.0,Média-Alta,98,3,1,18300.0,0.0,6470.0
4759,19,Até 20,1800.0,Baixa,12,0,0,1800.0,0.0,660.0
4760,23,21 a 30,4800.0,Média-Baixa,18,0,1,4800.0,0.0,1620.0
4761,25,21 a 30,2200.0,Baixa,23,1,2,2200.0,0.0,890.0
4762,27,21 a 30,3900.0,Média-Baixa,28,0,0,3900.0,0.0,1450.0
4763,28,21 a 30,11500.0,Média-Alta,34,1,1,11500.0,0.0,3790.0
4764,30,21 a 30,3100.0,Média-Baixa,39,0,2,3100.0,0.0,1320.0
4765,32,31 a 45,9800.0,Média,45,1,0,6800.0,0.0,3390.0
4766,35,31 a 45,24400.0,Alta,50,2,1,22000.0,0.0,7820.0
4767,42,31 a 45,4500.0,Média-Baixa,56,0,2,4500.0,0.0,1910.0
4768,45,31 a 45,9800.0,Média,61,0,0,9800.0,0.0,3550.0
4769,48,46 a 55,15000.0,Média-Alta,67,2,1,15000.0,0.0,5170.0
4770,51,46 a 55,6100.0,Média,72,0,2,6100.0,0.0,2550.0
4771,53,46 a 55,9000.0,Média,78,1,0,9000.0,0.0,3480.0
4772,55,46 a 55,17500.0,Média-Alta,83,3,1,17500.0,0.0,6080.0
4773,57,Maior que 55,17000.0,Média-Alta,89,1,2,13000.0,0.0,5990.0
4774,62,Maior que 55,8500.0,Média,94,1,0,5300.0,0.0,3490.0
4775,65,Maior que 55,18300.0,Média-Alta,98,3,1,18300.0,0.0,6470.0
4776,19,Até 20,1800.0,Baixa,12,0,0,1800.0,0.0,660.0
4777,23,21 a 30,4800.0,Média-Baixa,18,0,1,4800.0,0.0,1620.0
4778,25,21 a 30,2200.0,Baixa,23,1,2,2200.0,0.0,890.0
4779,27,21 a 30,3900.0,Média-Baixa,28,0,0,3900.0,0.0,1450.0
4780,28,21 a 30,11500.0,Média-Alta,34,1,1,11500.0,0.0,3790.0
4781,30,21 a 30,3100.0,Média-Baixa,39,0,2,3100.0,0.0,1320.0
4782,32,31 a 45,9800.0,Média,45,1,0,6800.0,0.0,3390.0
4783,35,31 a 45,24400.0,Alta,50,2,1,22000.0,0.0,7820.0
4784,42,31 a 45,4500.0,Média-Baixa,56,0,2,4500.0,0.0,1910.0
4785,45,31 a 45,9800.0,Média,61,0,0,9800.0,0.0,3550.0
4786,48,46 a 55,15000.0,Média-Alta,67,2,1,15000.0,0.0,5170.0
4787,51,46 a 55,6100.0,Média,72,0,2,6100.0,0.0,2550.0
4788,53,46 a 55,9000.0,Média,78,1,0,9000.0,0.0,3480.0
4789,55,46 a 55,17500.0,Média-Alta,83,3,1,17500.0,0.0,6080.0
4790,57,Maior que 55,17000.0,Média-Alta,89,1,2,13000.0,0.0,5990.0
4791,62,Maior que 55,8500.0,Média,94,1,0,5300.0,0.0,3490.0
4792,65,Maior que 55,18300.0,Média-Alta,98,3,1,18300.0,0.0,6470.0
4793,19,Até 20,1800.0,Baixa,12,0,0,1800.0,0.0,660.0
4794,23,21 a 30,4800.0,Média-Baixa,18,0,1,4800.0,0.0,1620.0
4795,25,21 a 30,2200.0,Baixa,23,1,2,2200.0,0.0,890.0
4796,27,21 a 30,3900.0,Média-Baixa,28,0,0,3900.0,0.0,1450.0
4797,28,21 a 30,11500.0,Média-Alta,34,1,1,11500.0,0.0,3790.0
4798,30,21 a 30,3100.0,Média-Baixa,39,0,2,3100.0,0.0,1320.0
4799,32,31 a 45,9800.0,Média,45,1,0,6800.0,0.0,3390.0
4800,35,31 a 45,24400.0,Alta,50,2,1,22000.0,0.0,7820.0
4801,42,31 a 45,4500.0,Média-Baixa,56,0,2,4500.0,0.0,1910.0
4802,45,31 a 45,9800.0,Média,61,0,0,9800.0,0.0,3550.0
4803,48,46 a 55,15000.0,Média-Alta,67,2,1,15000.0,0.0,5170.0
4804,51,46 a 55,6100.0,Média,72,0,2,6100.0,0.0,2550.0
4805,53,46 a 55,9000.0,Média,78,1,0,9000.0,0.0,3480.0
4806,55,46 a 55,17500.0,Média-Alta,83,3,1,17500.0,0.0,6080.0
4807,57,Maior que 55,17000.0,Média-Alta,89,1,2,13000.0,0.0,5990.0
4808,62,Maior que 55,8500.0,Média,94,1,0,5300.0,0.0,3490.0
4809,65,Maior que 55,18300.0,Média-Alta,98,3,1,18300.0,0.0,6470.0
4810,19,Até 20,1800.0,Baixa,12,0,0,1800.0,0.0,660.0
4811,23,21 a 30,4800.0,Média-Baixa,18,0,1,4800.0,0.0,1620.0
4812,25,21 a 30,2200.0,Baixa,23,1,2,2200.0,0.0,890.0
4813,27,21 a 30,3900.0,Média-Baixa,28,0,0,3900.0,0.0,1450.0
4814,28,21 a 30,11500.0,Média-Alta,34,1,1,11500.0,0.0,3790.0
4815,30,21 a 30,3100.0,Média-Baixa,39,0,2,3100.0,0.0,1320.0
4816,32,31 a 45,9800.0,Média,45,1,0,6800.0,0.0,3390.0
4817,35,31 a 45,1800.0,Baixa,12,0,0,1800.0,0.0,660.0
4818,42,31 a 45,4800.0,Média-Baixa,18,0,1,4800.0,0.0,1620.0
4819,45,31 a 45,2200.0,Baixa,23,1,2,2200.0,0.0,890.0
4820,48,46 a 55,3900.0,Média-Baixa,28,0,0,3900.0,0.0,1450.0
4821,51,46 a 55,11500.0,Média-Alta,34,1,1,11500.0,0.0,3790.0
4822,53,46 a 55,3100.0,Média-Baixa,39,0,2,3100.0,0.0,1320.0
4823,55,46 a 55,9800.0,Média,45,1,0,6800.0,0.0,3390.0
4824,57,Maior que 55,24400.0,Alta,50,2,1,22000.0,0.0,7820.0
4825,62,Maior que 55,4500.0,Média-Baixa,56,0,2,4500.0,0.0,1910.0
4826,65,Maior que 55,9800.0,Média,61,0,0,9800.0,0.0,3550.0
4827,19,Até 20,15000.0,Média-Alta,67,2,1,15000.0,0.0,5170.0
4828,23,21 a 30,6100.0,Média,72,0,2,6100.0,0.0,2550.0
4829,25,21 a 30,9000.0,Média,78,1,0,9000.0,0.0,3480.0
4830,33,31 a 45,17500.0,Média-Alta,83,3,1,17500.0,0.0,6080.0
4831,28,21 a 30,17000.0,Média-Alta,89,1,2,13000.0,0.0,5990.0
4832,30,21 a 30,8500.0,Média,94,1,0,5300.0,0.0,3490.0
4833,32,31 a 45,18300.0,Média-Alta,98,3,1,18300.0,0.0,6470.0
4834,35,31 a 45,1800.0,Baixa,12,0,0,1800.0,0.0,660.0
4835,42,31 a 45,4800.0,Média-Baixa,18,0,1,4800.0,0.0,1620.0
4836,45,31 a 45,2200.0,Baixa,23,1,2,2200.0,0.0,890.0
4837,48,46 a 55,3900.0,Média-Baixa,28,0,0,3900.0,0.0,1450.0
4838,51,46 a 55,11500.0,Média-Alta,34,1,1,11500.0,0.0,3790.0
4839,53,46 a 55,3100.0,Média-Baixa,39,0,2,3100.0,0.0,1320.0
4840,55,46 a 55,9800.0,Média,45,1,0,6800.0,0.0,3390.0
4841,57,Maior que 55,1800.0,Baixa,12,0,0,1800.0,0.0,660.0
4842,62,Maior que 55,4800.0,Média-Baixa,18,0,1,4800.0,0.0,1620.0
4843,65,Maior que 55,2200.0,Baixa,23,1,2,2200.0,0.0,890.0
4844,19,Até 20,3900.0,Média-Baixa,28,0,0,3900.0,0.0,1450.0
4845,23,21 a 30,11500.0,Média-Alta,34,1,1,11500.0,0.0,3790.0
4846,25,21 a 30,3100.0,Média-Baixa,39,0,2,3100.0,0.0,1320.0
4847,27,21 a 30,9800.0,Média,45,1,0,6800.0,0.0,3390.0
4848,28,21 a 30,24400.0,Alta,50,2,1,22000.0,0.0,7820.0
4849,30,21 a 30,4500.0,Média-Baixa,56,0,2,4500.0,0.0,1910.0
4850,32,31 a 45,9800.0,Média,61,0,0,9800.0,0.0,3550.0
4851,35,31 a 45,15000.0,Média-Alta,67,2,1,15000.0,0.0,5170.0
4852,42,31 a 45,6100.0,Média,72,0,2,6100.0,0.0,2550.0
4853,45,31 a 45,9000.0,Média,78,1,0,9000.0,0.0,3480.0
4854,48,46 a 55,17500.0,Média-Alta,83,3,1,17500.0,0.0,6080.0
4855,51,46 a 55,17000.0,Média-Alta,89,1,2,13000.0,0.0,5990.0
4856,53,46 a 55,8500.0,Média,94,1,0,5300.0,0.0,3490.0
4857,55,46 a 55,18300.0,Média-Alta,98,3,1,18300.0,0.0,6470.0
4858,57,Maior que 55,1800.0,Baixa,12,0,0,1800.0,0.0,660.0
4859,62,Maior que 55,4800.0,Média-Baixa,18,0,1,4800.0,0.0,1620.0
4860,65,Maior que 55,2200.0,Baixa,23,1,2,2200.0,0.0,890.0
4861,19,Até 20,3900.0,Média-Baixa,28,0,0,3900.0,0.0,1450.0
4862,23,21 a 30,11500.0,Média-Alta,34,1,1,11500.0,0.0,3790.0
4863,25,21 a 30,3100.0,Média-Baixa,39,0,2,3100.0,0.0,1320.0
4864,27,21 a 30,9800.0,Média,45,1,0,6800.0,0.0,3390.0
4865,28,21 a 30,1800.0,Baixa,12,0,0,1800.0,0.0,660.0
4866,30,21 a 30,4800.0,Média-Baixa,18,0,1,4800.0,0.0,1620.0
4867,32,31 a 45,2200.0,Baixa,23,1,2,2200.0,0.0,890.0
4868,35,31 a 45,3900.0,Média-Baixa,28,0,0,3900.0,0.0,1450.0
4869,42,31 a 45,11500.0,Média-Alta,34,1,1,11500.0,0.0,3790.0
4870,45,31 a 45,3100.0,Média-Baixa,39,0,2,3100.0,0.0,1320.0
4871,48,46 a 55,9800.0,Média,45,1,0,6800.0,0.0,3390.0
4872,51,46 a 55,24400.0,Alta,50,2,1,22000.0,0.0,7820.0
4873,53,46 a 55,4500.0,Média-Baixa,56,0,2,4500.0,0.0,1910.0
4874,55,46 a 55,9800.0,Média,61,0,0,9800.0,0.0,3550.0
4875,57,Maior que 55,15000.0,Média-Alta,67,2,1,15000.0,0.0,5170.0
4876,62,Maior que 55,6100.0,Média,72,0,2,6100.0,0.0,2550.0
4877,65,Maior que 55,9000.0,Média,78,1,0,9000.0,0.0,3480.0
4878,19,Até 20,17500.0,Média-Alta,83,3,1,17500.0,0.0,6080.0
4879,23,21 a 30,17000.0,Média-Alta,89,1,2,13000.0,0.0,5990.0
4880,25,21 a 30,8500.0,Média,94,1,0,5300.0,0.0,3490.0
4881,27,21 a 30,18300.0,Média-Alta,98,3,1,18300.0,0.0,6470.0
4882,28,21 a 30,1800.0,Baixa,12,0,0,1800.0,0.0,660.0
4883,30,21 a 30,4800.0,Média-Baixa,18,0,1,4800.0,0.0,1620.0
4884,32,31 a 45,2200.0,Baixa,23,1,2,2200.0,0.0,890.0
4885,35,31 a 45,3900.0,Média-Baixa,28,0,0,3900.0,0.0,1450.0
4886,42,31 a 45,11500.0,Média-Alta,34,1,1,11500.0,0.0,3790.0
4887,45,31 a 45,3100.0,Média-Baixa,39,0,2,3100.0,0.0,1320.0
4888,48,46 a 55,9800.0,Média,45,1,0,6800.0,0.0,3390.0
4889,51,46 a 55,1800.0,Baixa,12,0,0,1800.0,0.0,660.0
4890,53,46 a 55,4800.0,Média-Baixa,18,0,1,4800.0,0.0,1620.0
4891,55,46 a 55,2200.0,Baixa,23,1,2,2200.0,0.0,890.0
4892,57,Maior que 55,3900.0,Média-Baixa,28,0,0,3900.0,0.0,1450.0
4893,62,Maior que 55,11500.0,Média-Alta,34,1,1,11500.0,0.0,3790.0
4894,65,Maior que 55,3100.0,Média-Baixa,39,0,2,3100.0,0.0,1320.0
4895,19,Até 20,9800.0,Média,45,1,0,6800.0,0.0,3390.0
4896,23,21 a 30,24400.0,Alta,50,2,1,22000.0,0.0,7820.0
4897,25,21 a 30,4500.0,Média-Baixa,56,0,2,4500.0,0.0,1910.0
4898,27,21 a 30,9800.0,Média,61,0,0,9800.0,0.0,3550.0
4899,28,21 a 30,15000.0,Média-Alta,67,2,1,15000.0,0.0,5170.0
4900,30,21 a 30,6100.0,Média,72,0,2,6100.0,0.0,2550.0
4901,32,31 a 45,9000.0,Média,78,1,0,9000.0,0.0,3480.0
4902,35,31 a 45,17500.0,Média-Alta,83,3,1,17500.0,0.0,6080.0
4903,42,31 a 45,17000.0,Média-Alta,89,1,2,13000.0,0.0,5990.0
4904,45,31 a 45,8500.0,Média,94,1,0,5300.0,0.0,3490.0
4905,48,46 a 55,18300.0,Média-Alta,98,3,1,18300.0,0.0,6470.0
4906,51,46 a 55,1800.0,Baixa,12,0,0,1800.0,0.0,660.0
4907,53,46 a 55,4800.0,Média-Baixa,18,0,1,4800.0,0.0,1620.0
4908,55,46 a 55,2200.0,Baixa,23,1,2,2200.0,0.0,890.0
4909,57,Maior que 55,3900.0,Média-Baixa,28,0,0,3900.0,0.0,1450.0
4910,62,Maior que 55,11500.0,Média-Alta,34,1,1,11500.0,0.0,3790.0
4911,65,Maior que 55,3100.0,Média-Baixa,39,0,2,3100.0,0.0,1320.0
4912,65,Maior que 55,9800.0,Média,45,1,0,6800.0,0.0,3390.0
4913,23,21 a 30,15000.0,Média-Alta,67,2,1,15000.0,0.0,5170.0
4914,28,21 a 30,6100.0,Média,72,0,2,6100.0,0.0,2550.0
4915,30,21 a 30,9000.0,Média,78,1,0,9000.0,0.0,3480.0
4916,32,31 a 45,17500.0,Média-Alta,83,3,1,17500.0,0.0,6080.0
4917,35,31 a 45,17000.0,Média-Alta,89,1,2,13000.0,0.0,5990.0
4918,42,31 a 45,8500.0,Média,94,1,0,5300.0,0.0,3490.0
4919,45,31 a 45,18300.0,Média-Alta,98,3,1,18300.0,0.0,6470.0
4920,48,46 a 55,1800.0,Baixa,12,0,0,1800.0,0.0,660.0
4921,51,46 a 55,4800.0,Média-Baixa,18,0,1,4800.0,0.0,1620.0
4922,53,46 a 55,2200.0,Baixa,23,1,2,2200.0,0.0,890.0
4923,55,46 a 55,3900.0,Média-Baixa,28,0,0,3900.0,0.0,1450.0
4924,57,Maior que 55,11500.0,Média-Alta,34,1,1,11500.0,0.0,3790.0
4925,62,Maior que 55,3100.0,Média-Baixa,39,0,2,3100.0,0.0,1320.0
4926,65,Maior que 55,9800.0,Média,45,1,0,6800.0,0.0,3390.0
4927,19,Até 20,1800.0,Baixa,12,0,0,1800.0,0.0,660.0
4928,23,21 a 30,4800.0,Média-Baixa,18,0,1,4800.0,0.0,1620.0
4929,25,21 a 30,2200.0,Baixa,23,1,2,2200.0,0.0,890.0
4930,27,21 a 30,3900.0,Média-Baixa,28,0,0,3900.0,0.0,1450.0
4931,28,21 a 30,11500.0,Média-Alta,34,1,1,11500.0,0.0,3790.0
4932,30,21 a 30,3100.0,Média-Baixa,39,0,2,3100.0,0.0,1320.0
4933,32,31 a 45,9800.0,Média,45,1,0,6800.0,0.0,3390.0
4934,35,31 a 45,24400.0,Alta,50,2,1,22000.0,0.0,7820.0
4935,42,31 a 45,4500.0,Média-Baixa,56,0,2,4500.0,0.0,1910.0
4936,45,31 a 45,9800.0,Média,61,0,0,9800.0,0.0,3550.0
4937,48,46 a 55,15000.0,Média-Alta,67,2,1,15000.0,0.0,5170.0
4938,51,46 a 55,6100.0,Média,72,0,2,6100.0,0.0,2550.0
4939,53,46 a 55,9000.0,Média,78,1,0,9000.0,0.0,3480.0
4940,55,46 a 55,17500.0,Média-Alta,83,3,1,17500.0,0.0,6080.0
4941,57,Maior que 55,17000.0,Média-Alta,89,1,2,13000.0,0.0,5990.0
4942,62,Maior que 55,8500.0,Média,94,1,0,5300.0,0.0,3490.0
4943,65,Maior que 55,18300.0,Média-Alta,98,3,1,18300.0,0.0,6470.0
4944,19,Até 20,1800.0,Baixa,12,0,0,1800.0,0.0,660.0
4945,23,21 a 30,15000.0,Média-Alta,67,2,1,15000.0,0.0,5170.0
4946,25,21 a 30,6100.0,Média,72,0,2,6100.0,0.0,2550.0
4947,27,21 a 30,9000.0,Média,78,1,0,9000.0,0.0,3480.0
4948,28,21 a 30,17500.0,Média-Alta,83,3,1,17500.0,0.0,6080.0
4949,30,21 a 30,17000.0,Média-Alta,89,1,2,13000.0,0.0,5990.0
4950,32,31 a 45,8500.0,Média,94,1,0,5300.0,0.0,3490.0
4951,35,31 a 45,18300.0,Média-Alta,98,3,1,18300.0,0.0,6470.0
4952,42,31 a 45,1800.0,Baixa,12,0,0,1800.0,0.0,660.0
4953,45,31 a 45,4800.0,Média-Baixa,18,0,1,4800.0,0.0,1620.0
4954,48,46 a 55,2200.0,Baixa,23,1,2,2200.0,0.0,890.0
4955,51,46 a 55,3900.0,Média-Baixa,28,0,0,3900.0,0.0,1450.0
4956,53,46 a 55,11500.0,Média-Alta,34,1,1,11500.0,0.0,3790.0
4957,55,46 a 55,3100.0,Média-Baixa,39,0,2,3100.0,0.0,1320.0
4958,57,Maior que 55,9800.0,Média,45,1,0,6800.0,0.0,3390.0
4959,62,Maior que 55,1800.0,Baixa,12,0,0,1800.0,0.0,660.0
4960,65,Maior que 55,4800.0,Média-Baixa,18,0,1,4800.0,0.0,1620.0
4961,19,Até 20,2200.0,Baixa,23,1,2,2200.0,0.0,890.0
4962,23,21 a 30,3900.0,Média-Baixa,28,0,0,3900.0,0.0,1450.0
4963,25,21 a 30,11500.0,Média-Alta,34,1,1,11500.0,0.0,3790.0
4964,27,21 a 30,3100.0,Média-Baixa,39,0,2,3100.0,0.0,1320.0
4965,28,21 a 30,9800.0,Média,45,1,0,6800.0,0.0,3390.0
4966,30,21 a 30,24400.0,Alta,50,2,1,22000.0,0.0,7820.0
4967,32,31 a 45,4500.0,Média-Baixa,56,0,2,4500.0,0.0,1910.0
4968,35,31 a 45,9800.0,Média,61,0,0,9800.0,0.0,3550.0
4969,42,31 a 45,15000.0,Média-Alta,67,2,1,15000.0,0.0,5170.0
4970,45,31 a 45,6100.0,Média,72,0,2,6100.0,0.0,2550.0
4971,48,46 a 55,9000.0,Média,78,1,0,9000.0,0.0,3480.0
4972,51,46 a 55,17500.0,Média-Alta,83,3,1,17500.0,0.0,6080.0
4973,53,46 a 55,17000.0,Média-Alta,89,1,2,13000.0,0.0,5990.0
4974,55,46 a 55,8500.0,Média,94,1,0,5300.0,0.0,3490.0
4975,57,Maior que 55,18300.0,Média-Alta,98,3,1,18300.0,0.0,6470.0
4976,62,Maior que 55,1800.0,Baixa,12,0,0,1800.0,0.0,660.0
4977,65,Maior que 55,15000.0,Média-Alta,67,2,1,15000.0,0.0,5170.0
4978,19,Até 20,6100.0,Média,72,0,2,6100.0,0.0,2550.0
4979,23,21 a 30,9000.0,Média,78,1,0,9000.0,0.0,3480.0
4980,25,21 a 30,17500.0,Média-Alta,83,3,1,17500.0,0.0,6080.0
4981,27,21 a 30,17000.0,Média-Alta,89,1,2,13000.0,0.0,5990.0
4982,28,21 a 30,8500.0,Média,94,1,0,5300.0,0.0,3490.0
4983,30,21 a 30,18300.0,Média-Alta,98,3,1,18300.0,0.0,6470.0
4984,32,31 a 45,1800.0,Baixa,12,0,0,1800.0,0.0,660.0
4985,35,31 a 45,4800.0,Média-Baixa,18,0,1,4800.0,0.0,1620.0
4986,42,31 a 45,2200.0,Baixa,23,1,2,2200.0,0.0,890.0
4987,45,31 a 45,3900.0,Média-Baixa,28,0,0,3900.0,0.0,1450.0
4988,48,46 a 55,11500.0,Média-Alta,34,1,1,11500.0,0.0,3790.0
4989,51,46 a 55,3100.0,Média-Baixa,39,0,2,3100.0,0.0,1320.0
4990,23,21 a 30,9800.0,Média,45,1,0,6800.0,0.0,3390.0
4991,28,21 a 30,1800.0,Baixa,12,0,0,1800.0,0.0,660.0
4992,30,21 a 30,4800.0,Média-Baixa,18,0,1,4800.0,0.0,1620.0
4993,32,31 a 45,2200.0,Baixa,23,1,2,2200.0,0.0,890.0
4994,35,31 a 45,3900.0,Média-Baixa,28,0,0,3900.0,0.0,1450.0
4995,42,31 a 45,11500.0,Média-Alta,34,1,1,11500.0,0.0,3790.0
4996,45,31 a 45,3100.0,Média-Baixa,39,0,2,3100.0,0.0,1320.0
4997,48,46 a 55,9800.0,Média,45,1,0,6800.0,0.0,3390.0
4998,51,46 a 55,24400.0,Alta,50,2,1,22000.0,0.0,7820.0
4999,53,46 a 55,4500.0,Média-Baixa,56,0,2,4500.0,0.0,1910.0
5000,55,46 a 55,9800.0,Média,61,0,0,9800.0,0.0,3550.0
5001,57,Maior que 55,15000.0,Média-Alta,67,2,1,15000.0,0.0,5170.0
5002,62,Maior que 55,6100.0,Média,72,0,2,6100.0,0.0,2550.0
5003,65,Maior que 55,9000.0,Média,78,1,0,9000.0,0.0,3480.0
5004,19,Até 20,17500.0,Média-Alta,83,3,1,17500.0,0.0,6080.0
5005,23,21 a 30,17000.0,Média-Alta,89,1,2,13000.0,0.0,5990.0
5006,25,21 a 30,8500.0,Média,94,1,0,5300.0,0.0,3490.0
5007,27,21 a 30,18300.0,Média-Alta,98,3,1,18300.0,0.0,6470.0
5008,28,21 a 30,1800.0,Baixa,12,0,0,1800.0,0.0,660.0
5009,30,21 a 30,1800.0,Baixa,12,0,0,1800.0,0.0,660.0
5010,32,31 a 45,4800.0,Média-Baixa,18,0,1,4800.0,0.0,1620.0
5011,35,31 a 45,2200.0,Baixa,23,1,2,2200.0,0.0,890.0
5012,42,31 a 45,3900.0,Média-Baixa,28,0,0,3900.0,0.0,1450.0
5013,45,31 a 45,11500.0,Média-Alta,34,1,1,11500.0,0.0,3790.0
5014,48,46 a 55,3100.0,Média-Baixa,39,0,2,3100.0,0.0,1320.0
5015,51,46 a 55,9800.0,Média,45,1,0,6800.0,0.0,3390.0
5016,53,46 a 55,24400.0,Alta,50,2,1,22000.0,0.0,7820.0
5017,55,46 a 55,4500.0,Média-Baixa,56,0,2,4500.0,0.0,1910.0
5018,57,Maior que 55,9800.0,Média,61,0,0,9800.0,0.0,3550.0
5019,62,Maior que 55,15000.0,Média-Alta,67,2,1,15000.0,0.0,5170.0
5020,65,Maior que 55,6100.0,Média,72,0,2,6100.0,0.0,2550.0
5021,19,Até 20,9000.0,Média,78,1,0,9000.0,0.0,3480.0
5022,23,21 a 30,17500.0,Média-Alta,83,3,1,17500.0,0.0,6080.0
5023,25,21 a 30,17000.0,Média-Alta,89,1,2,13000.0,0.0,5990.0
5024,27,21 a 30,8500.0,Média,94,1,0,5300.0,0.0,3490.0
5025,28,21 a 30,18300.0,Média-Alta,98,3,1,18300.0,0.0,6470.0
5026,30,21 a 30,1800.0,Baixa,12,0,0,1800.0,0.0,660.0
5027,32,31 a 45,4800.0,Média-Baixa,18,0,1,4800.0,0.0,1620.0
5028,35,31 a 45,2200.0,Baixa,23,1,2,2200.0,0.0,890.0
5029,42,31 a 45,3900.0,Média-Baixa,28,0,0,3900.0,0.0,1450.0
5030,45,31 a 45,11500.0,Média-Alta,34,1,1,11500.0,0.0,3790.0
5031,48,46 a 55,3100.0,Média-Baixa,39,0,2,3100.0,0.0,1320.0
5032,51,46 a 55,1800.0,Baixa,12,0,0,1800.0,0.0,660.0
5033,53,46 a 55,4800.0,Média-Baixa,18,0,1,4800.0,0.0,1620.0
5034,55,46 a 55,2200.0,Baixa,23,1,2,2200.0,0.0,890.0
5035,57,Maior que 55,3900.0,Média-Baixa,28,0,0,3900.0,0.0,1450.0
5036,62,Maior que 55,11500.0,Média-Alta,34,1,1,11500.0,0.0,3790.0
5037,65,Maior que 55,3100.0,Média-Baixa,39,0,2,3100.0,0.0,1320.0
5038,19,Até 20,9800.0,Média,45,1,0,6800.0,0.0,3390.0
5039,23,21 a 30,24400.0,Alta,50,2,1,22000.0,0.0,7820.0
5040,25,21 a 30,4500.0,Média-Baixa,56,0,2,4500.0,0.0,1910.0
5041,27,21 a 30,9800.0,Média,61,0,0,9800.0,0.0,3550.0
5042,28,21 a 30,15000.0,Média-Alta,67,2,1,15000.0,0.0,5170.0
5043,30,21 a 30,6100.0,Média,72,0,2,6100.0,0.0,2550.0
5044,32,31 a 45,9000.0,Média,78,1,0,9000.0,0.0,3480.0
5045,35,31 a 45,17500.0,Média-Alta,83,3,1,17500.0,0.0,6080.0
5046,42,31 a 45,17000.0,Média-Alta,89,1,2,13000.0,0.0,5990.0
5047,45,31 a 45,8500.0,Média,94,1,0,5300.0,0.0,3490.0
5048,48,46 a 55,18300.0,Média-Alta,98,3,1,18300.0,0.0,6470.0
5049,51,46 a 55,1800.0,Baixa,12,0,0,1800.0,0.0,660.0
5050,53,46 a 55,4800.0,Média-Baixa,18,0,1,4800.0,0.0,1620.0
5051,55,46 a 55,2200.0,Baixa,23,1,2,2200.0,0.0,890.0
5052,57,Maior que 55,3900.0,Média-Baixa,28,0,0,3900.0,0.0,1450.0
5053,62,Maior que 55,11500.0,Média-Alta,34,1,1,11500.0,0.0,3790.0
5054,65,Maior que 55,3100.0,Média-Baixa,39,0,2,3100.0,0.0,1320.0
5055,19,Até 20,1800.0,Baixa,12,0,0,1800.0,0.0,660.0
5056,23,21 a 30,4800.0,Média-Baixa,18,0,1,4800.0,0.0,1620.0
5057,25,21 a 30,2200.0,Baixa,23,1,2,2200.0,0.0,890.0
5058,27,21 a 30,3900.0,Média-Baixa,28,0,0,3900.0,0.0,1450.0
5059,28,21 a 30,11500.0,Média-Alta,34,1,1,11500.0,0.0,3790.0
5060,30,21 a 30,3100.0,Média-Baixa,39,0,2,3100.0,0.0,1320.0
5061,32,31 a 45,9800.0,Média,45,1,0,6800.0,0.0,3390.0
5062,35,31 a 45,24400.0,Alta,50,2,1,22000.0,0.0,7820.0
5063,42,31 a 45,4500.0,Média-Baixa,56,0,2,4500.0,0.0,1910.0
5064,45,31 a 45,9800.0,Média,61,0,0,9800.0,0.0,3550.0
5065,48,46 a 55,15000.0,Média-Alta,67,2,1,15000.0,0.0,5170.0
5066,51,46 a 55,6100.0,Média,72,0,2,6100.0,0.0,2550.0
5067,23,21 a 30,9000.0,Média,78,1,0,9000.0,0.0,3480.0
5068,28,21 a 30,17500.0,Média-Alta,83,3,1,17500.0,0.0,6080.0
5069,30,21 a 30,17000.0,Média-Alta,89,1,2,13000.0,0.0,5990.0
5070,32,31 a 45,8500.0,Média,94,1,0,5300.0,0.0,3490.0
5071,35,31 a 45,18300.0,Média-Alta,98,3,1,18300.0,0.0,6470.0
5072,42,31 a 45,1800.0,Baixa,12,0,0,1800.0,0.0,660.0
5073,45,31 a 45,4800.0,Média-Baixa,18,0,1,4800.0,0.0,1620.0
5074,48,46 a 55,2200.0,Baixa,23,1,2,2200.0,0.0,890.0
5075,51,46 a 55,3900.0,Média-Baixa,28,0,0,3900.0,0.0,1450.0
5076,53,46 a 55,11500.0,Média-Alta,34,1,1,11500.0,0.0,3790.0
5077,55,46 a 55,3100.0,Média-Baixa,39,0,2,3100.0,0.0,1320.0
5078,57,Maior que 55,1800.0,Baixa,12,0,0,1800.0,0.0,660.0
5079,62,Maior que 55,4800.0,Média-Baixa,18,0,1,4800.0,0.0,1620.0
5080,65,Maior que 55,2200.0,Baixa,23,1,2,2200.0,0.0,890.0
5081,19,Até 20,3900.0,Média-Baixa,28,0,0,3900.0,0.0,1450.0
5082,23,21 a 30,11500.0,Média-Alta,34,1,1,11500.0,0.0,3790.0
5083,25,21 a 30,3100.0,Média-Baixa,39,0,2,3100.0,0.0,1320.0
5084,27,21 a 30,9800.0,Média,45,1,0,6800.0,0.0,3390.0
5085,28,21 a 30,24400.0,Alta,50,2,1,22000.0,0.0,7820.0
5086,30,21 a 30,4500.0,Média-Baixa,56,0,2,4500.0,0.0,1910.0
5087,32,31 a 45,9800.0,Média,61,0,0,9800.0,0.0,3550.0
5088,35,31 a 45,15000.0,Média-Alta,67,2,1,15000.0,0.0,5170.0
5089,42,31 a 45,6100.0,Média,72,0,2,6100.0,0.0,2550.0
5090,45,31 a 45,9000.0,Média,78,1,0,9000.0,0.0,3480.0
5091,48,46 a 55,17500.0,Média-Alta,83,3,1,17500.0,0.0,6080.0
5092,51,46 a 55,17000.0,Média-Alta,89,1,2,13000.0,0.0,5990.0
5093,53,46 a 55,8500.0,Média,94,1,0,5300.0,0.0,3490.0
5094,55,46 a 55,18300.0,Média-Alta,98,3,1,18300.0,0.0,6470.0
5095,57,Maior que 55,1800.0,Baixa,12,0,0,1800.0,0.0,660.0
5096,62,Maior que 55,4800.0,Média-Baixa,18,0,1,4800.0,0.0,1620.0
5097,65,Maior que 55,2200.0,Baixa,23,1,2,2200.0,0.0,890.0
5098,19,Até 20,3900.0,Média-Baixa,28,0,0,3900.0,0.0,1450.0
5099,23,21 a 30,11500.0,Média-Alta,34,1,1,11500.0,0.0,3790.0
5100,25,21 a 30,3100.0,Média-Baixa,39,0,2,3100.0,0.0,1320.0
5101,27,21 a 30,1800.0,Baixa,12,0,0,1800.0,0.0,660.0
5102,28,21 a 30,4800.0,Média-Baixa,18,0,1,4800.0,0.0,1620.0
5103,30,21 a 30,2200.0,Baixa,23,1,2,2200.0,0.0,890.0
5104,32,31 a 45,3900.0,Média-Baixa,28,0,0,3900.0,0.0,1450.0
5105,35,31 a 45,11500.0,Média-Alta,34,1,1,11500.0,0.0,3790.0
5106,42,31 a 45,3100.0,Média-Baixa,39,0,2,3100.0,0.0,1320.0
5107,45,31 a 45,9800.0,Média,45,1,0,6800.0,0.0,3390.0
5108,48,46 a 55,24400.0,Alta,50,2,1,22000.0,0.0,7820.0
5109,51,46 a 55,4500.0,Média-Baixa,56,0,2,4500.0,0.0,1910.0
5110,53,46 a 55,9800.0,Média,61,0,0,9800.0,0.0,3550.0
5111,55,46 a 55,15000.0,Média-Alta,67,2,1,15000.0,0.0,5170.0
5112,57,Maior que 55,6100.0,Média,72,0,2,6100.0,0.0,2550.0
5113,62,Maior que 55,9000.0,Média,78,1,0,9000.0,0.0,3480.0
5114,65,Maior que 55,17500.0,Média-Alta,83,3,1,17500.0,0.0,6080.0
5115,19,Até 20,17000.0,Média-Alta,89,1,2,13000.0,0.0,5990.0
5116,23,21 a 30,8500.0,Média,94,1,0,5300.0,0.0,3490.0
5117,25,21 a 30,18300.0,Média-Alta,98,3,1,18300.0,0.0,6470.0
5118,27,21 a 30,1800.0,Baixa,12,0,0,1800.0,0.0,660.0
5119,28,21 a 30,4800.0,Média-Baixa,18,0,1,4800.0,0.0,1620.0
5120,30,21 a 30,2200.0,Baixa,23,1,2,2200.0,0.0,890.0
5121,32,31 a 45,3900.0,Média-Baixa,28,0,0,3900.0,0.0,1450.0
5122,35,31 a 45,11500.0,Média-Alta,34,1,1,11500.0,0.0,3790.0
5123,42,31 a 45,3100.0,Média-Baixa,39,0,2,3100.0,0.0,1320.0
5124,45,31 a 45,1800.0,Baixa,12,0,0,1800.0,0.0,660.0
5125,48,46 a 55,4800.0,Média-Baixa,18,0,1,4800.0,0.0,1620.0
5126,51,46 a 55,2200.0,Baixa,23,1,2,2200.0,0.0,890.0
5127,53,46 a 55,3900.0,Média-Baixa,28,0,0,3900.0,0.0,1450.0
5128,55,46 a 55,11500.0,Média-Alta,34,1,1,11500.0,0.0,3790.0
5129,57,Maior que 55,3100.0,Média-Baixa,39,0,2,3100.0,0.0,1320.0
5130,62,Maior que 55,9800.0,Média,45,1,0,6800.0,0.0,3390.0
5131,65,Maior que 55,24400.0,Alta,50,2,1,22000.0,0.0,7820.0
5132,19,Até 20,4500.0,Média-Baixa,56,0,2,4500.0,0.0,1910.0
5133,23,21 a 30,9800.0,Média,61,0,0,9800.0,0.0,3550.0
5134,25,21 a 30,15000.0,Média-Alta,67,2,1,15000.0,0.0,5170.0
5135,27,21 a 30,6100.0,Média,72,0,2,6100.0,0.0,2550.0
5136,28,21 a 30,9000.0,Média,78,1,0,9000.0,0.0,3480.0
5137,30,21 a 30,17500.0,Média-Alta,83,3,1,17500.0,0.0,6080.0
5138,32,31 a 45,17000.0,Média-Alta,89,1,2,13000.0,0.0,5990.0
5139,35,31 a 45,8500.0,Média,94,1,0,5300.0,0.0,3490.0
5140,42,31 a 45,18300.0,Média-Alta,98,3,1,18300.0,0.0,6470.0
5141,45,31 a 45,1800.0,Baixa,12,0,0,1800.0,0.0,660.0
5142,48,46 a 55,4800.0,Média-Baixa,18,0,1,4800.0,0.0,1620.0
5143,51,46 a 55,2200.0,Baixa,23,1,2,2200.0,0.0,890.0
5144,23,21 a 30,3900.0,Média-Baixa,28,0,0,3900.0,0.0,1450.0
5145,28,21 a 30,11500.0,Média-Alta,34,1,1,11500.0,0.0,3790.0
5146,30,21 a 30,3100.0,Média-Baixa,39,0,2,3100.0,0.0,1320.0
5147,32,31 a 45,1800.0,Baixa,12,0,0,1800.0,0.0,660.0
5148,35,31 a 45,4800.0,Média-Baixa,18,0,1,4800.0,0.0,1620.0
5149,42,31 a 45,2200.0,Baixa,23,1,2,2200.0,0.0,890.0
5150,45,31 a 45,3900.0,Média-Baixa,28,0,0,3900.0,0.0,1450.0
5151,48,46 a 55,11500.0,Média-Alta,34,1,1,11500.0,0.0,3790.0
5152,51,46 a 55,3100.0,Média-Baixa,39,0,2,3100.0,0.0,1320.0
5153,53,46 a 55,9800.0,Média,45,1,0,6800.0,0.0,3390.0
5154,55,46 a 55,24400.0,Alta,50,2,1,22000.0,0.0,7820.0
5155,57,Maior que 55,4500.0,Média-Baixa,56,0,2,4500.0,0.0,1910.0
5156,62,Maior que 55,9800.0,Média,61,0,0,9800.0,0.0,3550.0
5157,65,Maior que 55,15000.0,Média-Alta,67,2,1,15000.0,0.0,5170.0
5158,19,Até 20,6100.0,Média,72,0,2,6100.0,0.0,2550.0
5159,23,21 a 30,9000.0,Média,78,1,0,9000.0,0.0,3480.0
5160,25,21 a 30,17500.0,Média-Alta,83,3,1,17500.0,0.0,6080.0
5161,27,21 a 30,17000.0,Média-Alta,89,1,2,13000.0,0.0,5990.0
5162,28,21 a 30,8500.0,Média,94,1,0,5300.0,0.0,3490.0
5163,30,21 a 30,18300.0,Média-Alta,98,3,1,18300.0,0.0,6470.0
5164,32,31 a 45,1800.0,Baixa,12,0,0,1800.0,0.0,660.0
5165,35,31 a 45,4800.0,Média-Baixa,18,0,1,4800.0,0.0,1620.0
5166,42,31 a 45,2200.0,Baixa,23,1,2,2200.0,0.0,890.0
5167,45,31 a 45,3900.0,Média-Baixa,28,0,0,3900.0,0.0,1450.0
5168,48,46 a 55,11500.0,Média-Alta,34,1,1,11500.0,0.0,3790.0
5169,51,46 a 55,3100.0,Média-Baixa,39,0,2,3100.0,0.0,1320.0
5170,53,46 a 55,1800.0,Baixa,12,0,0,1800.0,0.0,660.0
5171,55,46 a 55,4800.0,Média-Baixa,18,0,1,4800.0,0.0,1620.0
5172,57,Maior que 55,2200.0,Baixa,23,1,2,2200.0,0.0,890.0
5173,62,Maior que 55,3900.0,Média-Baixa,28,0,0,3900.0,0.0,1450.0
5174,65,Maior que 55,11500.0,Média-Alta,34,1,1,11500.0,0.0,3790.0
5175,19,Até 20,3100.0,Média-Baixa,39,0,2,3100.0,0.0,1320.0
5176,23,21 a 30,9800.0,Média,45,1,0,6800.0,0.0,3390.0
5177,25,21 a 30,24400.0,Alta,50,2,1,22000.0,0.0,7820.0
5178,27,21 a 30,4500.0,Média-Baixa,56,0,2,4500.0,0.0,1910.0
5179,28,21 a 30,9800.0,Média,61,0,0,9800.0,0.0,3550.0
5180,30,21 a 30,15000.0,Média-Alta,67,2,1,15000.0,0.0,5170.0
5181,32,31 a 45,6100.0,Média,72,0,2,6100.0,0.0,2550.0
5182,35,31 a 45,9000.0,Média,78,1,0,9000.0,0.0,3480.0
5183,42,31 a 45,17500.0,Média-Alta,83,3,1,17500.0,0.0,6080.0
5184,45,31 a 45,17000.0,Média-Alta,89,1,2,13000.0,0.0,5990.0
5185,48,46 a 55,8500.0,Média,94,1,0,5300.0,0.0,3490.0
5186,51,46 a 55,18300.0,Média-Alta,98,3,1,18300.0,0.0,6470.0
5187,53,46 a 55,1800.0,Baixa,12,0,0,1800.0,0.0,660.0
5188,55,46 a 55,4800.0,Média-Baixa,18,0,1,4800.0,0.0,1620.0
5189,57,Maior que 55,2200.0,Baixa,23,1,2,2200.0,0.0,890.0
5190,62,Maior que 55,3900.0,Média-Baixa,28,0,0,3900.0,0.0,1450.0
5191,65,Maior que 55,11500.0,Média-Alta,34,1,1,11500.0,0.0,3790.0
5192,19,Até 20,3100.0,Média-Baixa,39,0,2,3100.0,0.0,1320.0
5193,23,21 a 30,1800.0,Baixa,12,0,0,1800.0,0.0,660.0
5194,25,21 a 30,4800.0,Média-Baixa,18,0,1,4800.0,0.0,1620.0
5195,27,21 a 30,2200.0,Baixa,23,1,2,2200.0,0.0,890.0
5196,28,21 a 30,3900.0,Média-Baixa,28,0,0,3900.0,0.0,1450.0
5197,30,21 a 30,11500.0,Média-Alta,34,1,1,11500.0,0.0,3790.0
5198,32,31 a 45,3100.0,Média-Baixa,39,0,2,3100.0,0.0,1320.0
5199,35,31 a 45,9800.0,Média,45,1,0,6800.0,0.0,3390.0
5200,42,31 a 45,24400.0,Alta,50,2,1,22000.0,0.0,7820.0
5201,45,31 a 45,4500.0,Média-Baixa,56,0,2,4500.0,0.0,1910.0
5202,48,46 a 55,9800.0,Média,61,0,0,9800.0,0.0,3550.0
5203,51,46 a 55,15000.0,Média-Alta,67,2,1,15000.0,0.0,5170.0
5204,53,46 a 55,6100.0,Média,72,0,2,6100.0,0.0,2550.0
5205,55,46 a 55,9000.0,Média,78,1,0,9000.0,0.0,3480.0
5206,57,Maior que 55,17500.0,Média-Alta,83,3,1,17500.0,0.0,6080.0
5207,62,Maior que 55,17000.0,Média-Alta,89,1,2,13000.0,0.0,5990.0
5208,65,Maior que 55,8500.0,Média,94,1,0,5300.0,0.0,3490.0
5209,19,Até 20,18300.0,Média-Alta,98,3,1,18300.0,0.0,6470.0
5210,23,21 a 30,1800.0,Baixa,12,0,0,1800.0,0.0,660.0
5211,25,21 a 30,4800.0,Média-Baixa,18,0,1,4800.0,0.0,1620.0
5212,27,21 a 30,2200.0,Baixa,23,1,2,2200.0,0.0,890.0
5213,28,21 a 30,3900.0,Média-Baixa,28,0,0,3900.0,0.0,1450.0
5214,30,21 a 30,11500.0,Média-Alta,34,1,1,11500.0,0.0,3790.0
5215,32,31 a 45,3100.0,Média-Baixa,39,0,2,3100.0,0.0,1320.0
5216,35,31 a 45,1800.0,Baixa,12,0,0,1800.0,0.0,660.0
5217,42,31 a 45,4800.0,Média-Baixa,18,0,1,4800.0,0.0,1620.0
5218,45,31 a 45,2200.0,Baixa,23,1,2,2200.0,0.0,890.0
5219,48,46 a 55,3900.0,Média-Baixa,28,0,0,3900.0,0.0,1450.0
5220,51,46 a 55,11500.0,Média-Alta,34,1,1,11500.0,0.0,3790.0
5221,42,31 a 45,3100.0,Média-Baixa,39,0,2,3100.0,0.0,1320.0
5222,45,31 a 45,9800.0,Média,45,1,0,6800.0,0.0,3390.0
5223,48,46 a 55,24400.0,Alta,50,2,1,22000.0,0.0,7820.0
5224,51,46 a 55,4500.0,Média-Baixa,56,0,2,4500.0,0.0,1910.0
5225,48,46 a 55,9800.0,Média,61,0,0,9800.0,0.0,3550.0
5226,51,46 a 55,15000.0,Média-Alta,67,2,1,15000.0,0.0,5170.0
5227,48,46 a 55,6100.0,Média,72,0,2,6100.0,0.0,2550.0
5228,51,46 a 55,9000.0,Média,78,1,0,9000.0,0.0,3480.0
5229,48,46 a 55,17500.0,Média-Alta,83,3,1,17500.0,0.0,6080.0
5230,51,46 a 55,17000.0,Média-Alta,89,1,2,13000.0,0.0,5990.0
5231,48,46 a 55,8500.0,Média,94,1,0,5300.0,0.0,3490.0
5232,51,46 a 55,18300.0,Média-Alta,98,3,1,18300.0,0.0,6470.0
5233,48,46 a 55,1800.0,Baixa,12,0,0,1800.0,0.0,660.0
5234,51,46 a 55,4800.0,Média-Baixa,18,0,1,4800.0,0.0,1620.0
5235,48,46 a 55,2200.0,Baixa,23,1,2,2200.0,0.0,890.0
5236,51,46 a 55,3900.0,Média-Baixa,28,0,0,3900.0,0.0,1450.0
5237,48,46 a 55,11500.0,Média-Alta,34,1,1,11500.0,0.0,3790.0
5238,51,46 a 55,3100.0,Média-Baixa,39,0,2,3100.0,0.0,1320.0
5239,19,Até 20,1800.0,Baixa,12,0,0,1800.0,0.0,660.0
5240,23,21 a 30,4800.0,Média-Baixa,18,0,1,4800.0,0.0,1620.0
5241,25,21 a 30,2200.0,Baixa,23,1,2,2200.0,0.0,890.0
5242,27,21 a 30,3900.0,Média-Baixa,28,0,0,3900.0,0.0,1450.0
5243,28,21 a 30,11500.0,Média-Alta,34,1,1,11500.0,0.0,3790.0
5244,30,21 a 30,3100.0,Média-Baixa,39,0,2,3100.0,0.0,1320.0
5245,32,31 a 45,9800.0,Média,45,1,0,6800.0,0.0,3390.0
5246,35,31 a 45,24400.0,Alta,50,2,1,22000.0,0.0,7820.0
5247,42,31 a 45,4500.0,Média-Baixa,56,0,2,4500.0,0.0,1910.0
5248,45,31 a 45,9800.0,Média,61,0,0,9800.0,0.0,3550.0
5249,48,46 a 55,15000.0,Média-Alta,67,2,1,15000.0,0.0,5170.0
5250,51,46 a 55,6100.0,Média,72,0,2,6100.0,0.0,2550.0
5251,53,46 a 55,9000.0,Média,78,1,0,9000.0,0.0,3480.0
5252,55,46 a 55,17500.0,Média-Alta,83,3,1,17500.0,0.0,6080.0
5253,57,Maior que 55,17000.0,Média-Alta,89,1,2,13000.0,0.0,5990.0
5254,62,Maior que 55,8500.0,Média,94,1,0,5300.0,0.0,3490.0
5255,65,Maior que 55,18300.0,Média-Alta,98,3,1,18300.0,0.0,6470.0
5256,19,Até 20,1800.0,Baixa,12,0,0,1800.0,0.0,660.0
5257,23,21 a 30,4800.0,Média-Baixa,18,0,1,4800.0,0.0,1620.0
5258,25,21 a 30,2200.0,Baixa,23,1,2,2200.0,0.0,890.0
5259,27,21 a 30,3900.0,Média-Baixa,28,0,0,3900.0,0.0,1450.0
5260,28,21 a 30,11500.0,Média-Alta,34,1,1,11500.0,0.0,3790.0
5261,30,21 a 30,3100.0,Média-Baixa,39,0,2,3100.0,0.0,1320.0
5262,32,31 a 45,9800.0,Média,45,1,0,6800.0,0.0,3390.0
5263,35,31 a 45,24400.0,Alta,50,2,1,22000.0,0.0,7820.0
5264,42,31 a 45,4500.0,Média-Baixa,56,0,2,4500.0,0.0,1910.0
5265,45,31 a 45,9800.0,Média,61,0,0,9800.0,0.0,3550.0
5266,48,46 a 55,15000.0,Média-Alta,67,2,1,15000.0,0.0,5170.0
5267,51,46 a 55,6100.0,Média,72,0,2,6100.0,0.0,2550.0
5268,53,46 a 55,9000.0,Média,78,1,0,9000.0,0.0,3480.0
5269,55,46 a 55,17500.0,Média-Alta,83,3,1,17500.0,0.0,6080.0
5270,57,Maior que 55,17000.0,Média-Alta,89,1,2,13000.0,0.0,5990.0
5271,62,Maior que 55,8500.0,Média,94,1,0,5300.0,0.0,3490.0
5272,65,Maior que 55,18300.0,Média-Alta,98,3,1,18300.0,0.0,6470.0
5273,19,Até 20,1800.0,Baixa,12,0,0,1800.0,0.0,660.0
5274,23,21 a 30,4800.0,Média-Baixa,18,0,1,4800.0,0.0,1620.0
5275,25,21 a 30,2200.0,Baixa,23,1,2,2200.0,0.0,890.0
5276,27,21 a 30,3900.0,Média-Baixa,28,0,0,3900.0,0.0,1450.0
5277,28,21 a 30,11500.0,Média-Alta,34,1,1,11500.0,0.0,3790.0
5278,30,21 a 30,3100.0,Média-Baixa,39,0,2,3100.0,0.0,1320.0
5279,32,31 a 45,9800.0,Média,45,1,0,6800.0,0.0,3390.0
5280,35,31 a 45,24400.0,Alta,50,2,1,22000.0,0.0,7820.0
5281,42,31 a 45,4500.0,Média-Baixa,56,0,2,4500.0,0.0,1910.0
5282,45,31 a 45,9800.0,Média,61,0,0,9800.0,0.0,3550.0
5283,48,46 a 55,15000.0,Média-Alta,67,2,1,15000.0,0.0,5170.0
5284,51,46 a 55,6100.0,Média,72,0,2,6100.0,0.0,2550.0
5285,53,46 a 55,9000.0,Média,78,1,0,9000.0,0.0,3480.0
5286,55,46 a 55,17500.0,Média-Alta,83,3,1,17500.0,0.0,6080.0
5287,57,Maior que 55,17000.0,Média-Alta,89,1,2,13000.0,0.0,5990.0
5288,62,Maior que 55,8500.0,Média,94,1,0,5300.0,0.0,3490.0
5289,65,Maior que 55,18300.0,Média-Alta,98,3,1,18300.0,0.0,6470.0
5290,19,Até 20,1800.0,Baixa,12,0,0,1800.0,0.0,660.0
5291,23,21 a 30,4800.0,Média-Baixa,18,0,1,4800.0,0.0,1620.0
5292,25,21 a 30,2200.0,Baixa,23,1,2,2200.0,0.0,890.0
5293,27,21 a 30,3900.0,Média-Baixa,28,0,0,3900.0,0.0,1450.0
5294,28,21 a 30,11500.0,Média-Alta,34,1,1,11500.0,0.0,3790.0
5295,30,21 a 30,3100.0,Média-Baixa,39,0,2,3100.0,0.0,1320.0
5296,32,31 a 45,9800.0,Média,45,1,0,6800.0,0.0,3390.0
5297,35,31 a 45,24400.0,Alta,50,2,1,22000.0,0.0,7820.0
5298,42,31 a 45,4500.0,Média-Baixa,56,0,2,4500.0,0.0,1910.0
5299,45,31 a 45,9800.0,Média,61,0,0,9800.0,0.0,3550.0
5300,48,46 a 55,15000.0,Média-Alta,67,2,1,15000.0,0.0,5170.0
5301,51,46 a 55,6100.0,Média,72,0,2,6100.0,0.0,2550.0
5302,53,46 a 55,9000.0,Média,78,1,0,9000.0,0.0,3480.0
5303,55,46 a 55,17500.0,Média-Alta,83,3,1,17500.0,0.0,6080.0
5304,57,Maior que 55,17000.0,Média-Alta,89,1,2,13000.0,0.0,5990.0
5305,62,Maior que 55,8500.0,Média,94,1,0,5300.0,0.0,3490.0
5306,65,Maior que 55,18300.0,Média-Alta,98,3,1,18300.0,0.0,6470.0
5307,19,Até 20,1800.0,Baixa,12,0,0,1800.0,0.0,660.0
5308,23,21 a 30,4800.0,Média-Baixa,18,0,1,4800.0,0.0,1620.0
5309,25,21 a 30,2200.0,Baixa,23,1,2,2200.0,0.0,890.0
5310,27,21 a 30,3900.0,Média-Baixa,28,0,0,3900.0,0.0,1450.0
5311,28,21 a 30,11500.0,Média-Alta,34,1,1,11500.0,0.0,3790.0
5312,30,21 a 30,3100.0,Média-Baixa,39,0,2,3100.0,0.0,1320.0
5313,32,31 a 45,9800.0,Média,45,1,0,6800.0,0.0,3390.0
5314,35,31 a 45,24400.0,Alta,50,2,1,22000.0,0.0,7820.0
5315,42,31 a 45,4500.0,Média-Baixa,56,0,2,4500.0,0.0,1910.0
5316,45,31 a 45,9800.0,Média,61,0,0,9800.0,0.0,3550.0
5317,48,46 a 55,15000.0,Média-Alta,67,2,1,15000.0,0.0,5170.0
5318,51,46 a 55,6100.0,Média,72,0,2,6100.0,0.0,2550.0
5319,53,46 a 55,9000.0,Média,78,1,0,9000.0,0.0,3480.0
5320,55,46 a 55,17500.0,Média-Alta,83,3,1,17500.0,0.0,6080.0
5321,57,Maior que 55,17000.0,Média-Alta,89,1,2,13000.0,0.0,5990.0
5322,62,Maior que 55,8500.0,Média,94,1,0,5300.0,0.0,3490.0
5323,65,Maior que 55,18300.0,Média-Alta,98,3,1,18300.0,0.0,6470.0
5324,19,Até 20,1800.0,Baixa,12,0,0,1800.0,0.0,660.0
5325,23,21 a 30,4800.0,Média-Baixa,18,0,1,4800.0,0.0,1620.0
5326,25,21 a 30,2200.0,Baixa,23,1,2,2200.0,0.0,890.0
5327,27,21 a 30,3900.0,Média-Baixa,28,0,0,3900.0,0.0,1450.0
5328,28,21 a 30,11500.0,Média-Alta,34,1,1,11500.0,0.0,3790.0
5329,30,21 a 30,3100.0,Média-Baixa,39,0,2,3100.0,0.0,1320.0
5330,32,31 a 45,9800.0,Média,45,1,0,6800.0,0.0,3390.0
5331,35,31 a 45,24400.0,Alta,50,2,1,22000.0,0.0,7820.0
5332,42,31 a 45,4500.0,Média-Baixa,56,0,2,4500.0,0.0,1910.0
5333,45,31 a 45,9800.0,Média,61,0,0,9800.0,0.0,3550.0
5334,48,46 a 55,15000.0,Média-Alta,67,2,1,15000.0,0.0,5170.0
5335,51,46 a 55,6100.0,Média,72,0,2,6100.0,0.0,2550.0
5336,53,46 a 55,9000.0,Média,78,1,0,9000.0,0.0,3480.0
5337,55,46 a 55,17500.0,Média-Alta,83,3,1,17500.0,0.0,6080.0
5338,57,Maior que 55,17000.0,Média-Alta,89,1,2,13000.0,0.0,5990.0
5339,62,Maior que 55,8500.0,Média,94,1,0,5300.0,0.0,3490.0
5340,65,Maior que 55,18300.0,Média-Alta,98,3,1,18300.0,0.0,6470.0
5341,19,Até 20,1800.0,Baixa,12,0,0,1800.0,0.0,660.0
5342,23,21 a 30,4800.0,Média-Baixa,18,0,1,4800.0,0.0,1620.0
5343,25,21 a 30,2200.0,Baixa,23,1,2,2200.0,0.0,890.0
5344,27,21 a 30,3900.0,Média-Baixa,28,0,0,3900.0,0.0,1450.0
5345,28,21 a 30,11500.0,Média-Alta,34,1,1,11500.0,0.0,3790.0
5346,30,21 a 30,3100.0,Média-Baixa,39,0,2,3100.0,0.0,1320.0
5347,32,31 a 45,9800.0,Média,45,1,0,6800.0,0.0,3390.0
5348,35,31 a 45,24400.0,Alta,50,2,1,22000.0,0.0,7820.0
5349,42,31 a 45,4500.0,Média-Baixa,56,0,2,4500.0,0.0,1910.0
5350,45,31 a 45,9800.0,Média,61,0,0,9800.0,0.0,3550.0
5351,48,46 a 55,15000.0,Média-Alta,67,2,1,15000.0,0.0,5170.0
5352,51,46 a 55,6100.0,Média,72,0,2,6100.0,0.0,2550.0
5353,53,46 a 55,9000.0,Média,78,1,0,9000.0,0.0,3480.0
5354,55,46 a 55,17500.0,Média-Alta,83,3,1,17500.0,0.0,6080.0
5355,57,Maior que 55,17000.0,Média-Alta,89,1,2,13000.0,0.0,5990.0
5356,62,Maior que 55,8500.0,Média,94,1,0,5300.0,0.0,3490.0
5357,65,Maior que 55,18300.0,Média-Alta,98,3,1,18300.0,0.0,6470.0
5358,19,Até 20,1800.0,Baixa,12,0,0,1800.0,0.0,660.0
5359,23,21 a 30,4800.0,Média-Baixa,18,0,1,4800.0,0.0,1620.0
5360,25,21 a 30,2200.0,Baixa,23,1,2,2200.0,0.0,890.0
5361,27,21 a 30,3900.0,Média-Baixa,28,0,0,3900.0,0.0,1450.0
5362,28,21 a 30,11500.0,Média-Alta,34,1,1,11500.0,0.0,3790.0
5363,30,21 a 30,3100.0,Média-Baixa,39,0,2,3100.0,0.0,1320.0
5364,32,31 a 45,9800.0,Média,45,1,0,6800.0,0.0,3390.0
5365,35,31 a 45,24400.0,Alta,50,2,1,22000.0,0.0,7820.0
5366,42,31 a 45,4500.0,Média-Baixa,56,0,2,4500.0,0.0,1910.0
5367,45,31 a 45,9800.0,Média,61,0,0,9800.0,0.0,3550.0
5368,48,46 a 55,15000.0,Média-Alta,67,2,1,15000.0,0.0,5170.0
5369,51,46 a 55,6100.0,Média,72,0,2,6100.0,0.0,2550.0
5370,53,46 a 55,9000.0,Média,78,1,0,9000.0,0.0,3480.0
5371,55,46 a 55,17500.0,Média-Alta,83,3,1,17500.0,0.0,6080.0
5372,57,Maior que 55,17000.0,Média-Alta,89,1,2,13000.0,0.0,5990.0
5373,62,Maior que 55,8500.0,Média,94,1,0,5300.0,0.0,3490.0
5374,65,Maior que 55,18300.0,Média-Alta,98,3,1,18300.0,0.0,6470.0
5375,19,Até 20,1800.0,Baixa,12,0,0,1800.0,0.0,660.0
5376,23,21 a 30,4800.0,Média-Baixa,18,0,1,4800.0,0.0,1620.0
5377,25,21 a 30,2200.0,Baixa,23,1,2,2200.0,0.0,890.0
5378,27,21 a 30,3900.0,Média-Baixa,28,0,0,3900.0,0.0,1450.0
5379,28,21 a 30,11500.0,Média-Alta,34,1,1,11500.0,0.0,3790.0
5380,30,21 a 30,3100.0,Média-Baixa,39,0,2,3100.0,0.0,1320.0
5381,32,31 a 45,9800.0,Média,45,1,0,6800.0,0.0,3390.0
5382,35,31 a 45,24400.0,Alta,50,2,1,22000.0,0.0,7820.0
5383,42,31 a 45,4500.0,Média-Baixa,56,0,2,4500.0,0.0,1910.0
5384,45,31 a 45,9800.0,Média,61,0,0,9800.0,0.0,3550.0
5385,48,46 a 55,15000.0,Média-Alta,67,2,1,15000.0,0.0,5170.0
5386,51,46 a 55,6100.0,Média,72,0,2,6100.0,0.0,2550.0
5387,53,46 a 55,9000.0,Média,78,1,0,9000.0,0.0,3480.0
5388,55,46 a 55,17500.0,Média-Alta,83,3,1,17500.0,0.0,6080.0
5389,57,Maior que 55,17000.0,Média-Alta,89,1,2,13000.0,0.0,5990.0
5390,62,Maior que 55,8500.0,Média,94,1,0,5300.0,0.0,3490.0
5391,65,Maior que 55,18300.0,Média-Alta,98,3,1,18300.0,0.0,6470.0
5392,19,Até 20,1800.0,Baixa,12,0,0,1800.0,0.0,660.0
5393,23,21 a 30,4800.0,Média-Baixa,18,0,1,4800.0,0.0,1620.0
5394,25,21 a 30,2200.0,Baixa,23,1,2,2200.0,0.0,890.0
5395,27,21 a 30,3900.0,Média-Baixa,28,0,0,3900.0,0.0,1450.0
5396,28,21 a 30,11500.0,Média-Alta,34,1,1,11500.0,0.0,3790.0
5397,30,21 a 30,3100.0,Média-Baixa,39,0,2,3100.0,0.0,1320.0
5398,32,31 a 45,9800.0,Média,45,1,0,6800.0,0.0,3390.0
5399,35,31 a 45,1800.0,Baixa,12,0,0,1800.0,0.0,660.0
5400,42,31 a 45,4800.0,Média-Baixa,18,0,1,4800.0,0.0,1620.0
5401,45,31 a 45,2200.0,Baixa,23,1,2,2200.0,0.0,890.0
5402,48,46 a 55,3900.0,Média-Baixa,28,0,0,3900.0,0.0,1450.0
5403,51,46 a 55,11500.0,Média-Alta,34,1,1,11500.0,0.0,3790.0
5404,53,46 a 55,3100.0,Média-Baixa,39,0,2,3100.0,0.0,1320.0
5405,55,46 a 55,9800.0,Média,45,1,0,6800.0,0.0,3390.0
5406,57,Maior que 55,24400.0,Alta,50,2,1,22000.0,0.0,7820.0
5407,62,Maior que 55,4500.0,Média-Baixa,56,0,2,4500.0,0.0,1910.0
5408,65,Maior que 55,9800.0,Média,61,0,0,9800.0,0.0,3550.0
5409,19,Até 20,15000.0,Média-Alta,67,2,1,15000.0,0.0,5170.0
5410,23,21 a 30,6100.0,Média,72,0,2,6100.0,0.0,2550.0
5411,25,21 a 30,9000.0,Média,78,1,0,9000.0,0.0,3480.0
5412,34,31 a 45,17500.0,Média-Alta,83,3,1,17500.0,0.0,6080.0
5413,28,21 a 30,17000.0,Média-Alta,89,1,2,13000.0,0.0,5990.0
5414,30,21 a 30,8500.0,Média,94,1,0,5300.0,0.0,3490.0
5415,32,31 a 45,18300.0,Média-Alta,98,3,1,18300.0,0.0,6470.0
5416,35,31 a 45,1800.0,Baixa,12,0,0,1800.0,0.0,660.0
5417,42,31 a 45,4800.0,Média-Baixa,18,0,1,4800.0,0.0,1620.0
5418,45,31 a 45,2200.0,Baixa,23,1,2,2200.0,0.0,890.0
5419,48,46 a 55,3900.0,Média-Baixa,28,0,0,3900.0,0.0,1450.0
5420,51,46 a 55,11500.0,Média-Alta,34,1,1,11500.0,0.0,3790.0
5421,53,46 a 55,3100.0,Média-Baixa,39,0,2,3100.0,0.0,1320.0
5422,55,46 a 55,9800.0,Média,45,1,0,6800.0,0.0,3390.0
5423,57,Maior que 55,1800.0,Baixa,12,0,0,1800.0,0.0,660.0
5424,62,Maior que 55,4800.0,Média-Baixa,18,0,1,4800.0,0.0,1620.0
5425,65,Maior que 55,2200.0,Baixa,23,1,2,2200.0,0.0,890.0
5426,19,Até 20,3900.0,Média-Baixa,28,0,0,3900.0,0.0,1450.0
5427,23,21 a 30,11500.0,Média-Alta,34,1,1,11500.0,0.0,3790.0
5428,25,21 a 30,3100.0,Média-Baixa,39,0,2,3100.0,0.0,1320.0
5429,27,21 a 30,9800.0,Média,45,1,0,6800.0,0.0,3390.0
5430,28,21 a 30,24400.0,Alta,50,2,1,22000.0,0.0,7820.0
5431,30,21 a 30,4500.0,Média-Baixa,56,0,2,4500.0,0.0,1910.0
5432,32,31 a 45,9800.0,Média,61,0,0,9800.0,0.0,3550.0
5433,35,31 a 45,15000.0,Média-Alta,67,2,1,15000.0,0.0,5170.0
5434,42,31 a 45,6100.0,Média,72,0,2,6100.0,0.0,2550.0
5435,45,31 a 45,9000.0,Média,78,1,0,9000.0,0.0,3480.0
5436,48,46 a 55,17500.0,Média-Alta,83,3,1,17500.0,0.0,6080.0
5437,51,46 a 55,17000.0,Média-Alta,89,1,2,13000.0,0.0,5990.0
5438,53,46 a 55,8500.0,Média,94,1,0,5300.0,0.0,3490.0
5439,55,46 a 55,18300.0,Média-Alta,98,3,1,18300.0,0.0,6470.0
5440,57,Maior que 55,1800.0,Baixa,12,0,0,1800.0,0.0,660.0
5441,62,Maior que 55,4800.0,Média-Baixa,18,0,1,4800.0,0.0,1620.0
5442,65,Maior que 55,2200.0,Baixa,23,1,2,2200.0,0.0,890.0
5443,19,Até 20,3900.0,Média-Baixa,28,0,0,3900.0,0.0,1450.0
5444,23,21 a 30,11500.0,Média-Alta,34,1,1,11500.0,0.0,3790.0
5445,25,21 a 30,3100.0,Média-Baixa,39,0,2,3100.0,0.0,1320.0
5446,27,21 a 30,9800.0,Média,45,1,0,6800.0,0.0,3390.0
5447,28,21 a 30,1800.0,Baixa,12,0,0,1800.0,0.0,660.0
5448,30,21 a 30,4800.0,Média-Baixa,18,0,1,4800.0,0.0,1620.0
5449,32,31 a 45,2200.0,Baixa,23,1,2,2200.0,0.0,890.0
5450,35,31 a 45,3900.0,Média-Baixa,28,0,0,3900.0,0.0,1450.0
5451,42,31 a 45,11500.0,Média-Alta,34,1,1,11500.0,0.0,3790.0
5452,45,31 a 45,3100.0,Média-Baixa,39,0,2,3100.0,0.0,1320.0
5453,48,46 a 55,9800.0,Média,45,1,0,6800.0,0.0,3390.0
5454,51,46 a 55,24400.0,Alta,50,2,1,22000.0,0.0,7820.0
5455,53,46 a 55,4500.0,Média-Baixa,56,0,2,4500.0,0.0,1910.0
5456,55,46 a 55,9800.0,Média,61,0,0,9800.0,0.0,3550.0
5457,57,Maior que 55,15000.0,Média-Alta,67,2,1,15000.0,0.0,5170.0
5458,62,Maior que 55,6100.0,Média,72,0,2,6100.0,0.0,2550.0
5459,65,Maior que 55,9000.0,Média,78,1,0,9000.0,0.0,3480.0
5460,19,Até 20,17500.0,Média-Alta,83,3,1,17500.0,0.0,6080.0
5461,23,21 a 30,17000.0,Média-Alta,89,1,2,13000.0,0.0,5990.0
5462,25,21 a 30,8500.0,Média,94,1,0,5300.0,0.0,3490.0
5463,27,21 a 30,18300.0,Média-Alta,98,3,1,18300.0,0.0,6470.0
5464,28,21 a 30,1800.0,Baixa,12,0,0,1800.0,0.0,660.0
5465,30,21 a 30,4800.0,Média-Baixa,18,0,1,4800.0,0.0,1620.0
5466,32,31 a 45,2200.0,Baixa,23,1,2,2200.0,0.0,890.0
5467,35,31 a 45,3900.0,Média-Baixa,28,0,0,3900.0,0.0,1450.0
5468,42,31 a 45,11500.0,Média-Alta,34,1,1,11500.0,0.0,3790.0
5469,45,31 a 45,3100.0,Média-Baixa,39,0,2,3100.0,0.0,1320.0
5470,48,46 a 55,9800.0,Média,45,1,0,6800.0,0.0,3390.0
5471,51,46 a 55,1800.0,Baixa,12,0,0,1800.0,0.0,660.0
5472,53,46 a 55,4800.0,Média-Baixa,18,0,1,4800.0,0.0,1620.0
5473,55,46 a 55,2200.0,Baixa,23,1,2,2200.0,0.0,890.0
5474,57,Maior que 55,3900.0,Média-Baixa,28,0,0,3900.0,0.0,1450.0
5475,62,Maior que 55,11500.0,Média-Alta,34,1,1,11500.0,0.0,3790.0
5476,65,Maior que 55,3100.0,Média-Baixa,39,0,2,3100.0,0.0,1320.0
5477,19,Até 20,9800.0,Média,45,1,0,6800.0,0.0,3390.0
5478,23,21 a 30,24400.0,Alta,50,2,1,22000.0,0.0,7820.0
5479,25,21 a 30,4500.0,Média-Baixa,56,0,2,4500.0,0.0,1910.0
5480,27,21 a 30,9800.0,Média,61,0,0,9800.0,0.0,3550.0
5481,28,21 a 30,15000.0,Média-Alta,67,2,1,15000.0,0.0,5170.0
5482,30,21 a 30,6100.0,Média,72,0,2,6100.0,0.0,2550.0
5483,32,31 a 45,9000.0,Média,78,1,0,9000.0,0.0,3480.0
5484,35,31 a 45,17500.0,Média-Alta,83,3,1,17500.0,0.0,6080.0
5485,42,31 a 45,17000.0,Média-Alta,89,1,2,13000.0,0.0,5990.0
5486,45,31 a 45,8500.0,Média,94,1,0,5300.0,0.0,3490.0
5487,48,46 a 55,18300.0,Média-Alta,98,3,1,18300.0,0.0,6470.0
5488,51,46 a 55,1800.0,Baixa,12,0,0,1800.0,0.0,660.0
5489,53,46 a 55,4800.0,Média-Baixa,18,0,1,4800.0,0.0,1620.0
5490,55,46 a 55,2200.0,Baixa,23,1,2,2200.0,0.0,890.0
5491,57,Maior que 55,3900.0,Média-Baixa,28,0,0,3900.0,0.0,1450.0
5492,62,Maior que 55,11500.0,Média-Alta,34,1,1,11500.0,0.0,3790.0
5493,65,Maior que 55,3100.0,Média-Baixa,39,0,2,3100.0,0.0,1320.0
5494,65,Maior que 55,9800.0,Média,45,1,0,6800.0,0.0,3390.0
5495,23,21 a 30,15000.0,Média-Alta,67,2,1,15000.0,0.0,5170.0
5496,28,21 a 30,6100.0,Média,72,0,2,6100.0,0.0,2550.0
5497,30,21 a 30,9000.0,Média,78,1,0,9000.0,0.0,3480.0
5498,32,31 a 45,17500.0,Média-Alta,83,3,1,17500.0,0.0,6080.0
5499,35,31 a 45,17000.0,Média-Alta,89,1,2,13000.0,0.0,5990.0
5500,42,31 a 45,8500.0,Média,94,1,0,5300.0,0.0,3490.0
5501,45,31 a 45,18300.0,Média-Alta,98,3,1,18300.0,0.0,6470.0
5502,48,46 a 55,1800.0,Baixa,12,0,0,1800.0,0.0,660.0
5503,51,46 a 55,4800.0,Média-Baixa,18,0,1,4800.0,0.0,1620.0
5504,53,46 a 55,2200.0,Baixa,23,1,2,2200.0,0.0,890.0
5505,55,46 a 55,3900.0,Média-Baixa,28,0,0,3900.0,0.0,1450.0
5506,57,Maior que 55,11500.0,Média-Alta,34,1,1,11500.0,0.0,3790.0
5507,62,Maior que 55,3100.0,Média-Baixa,39,0,2,3100.0,0.0,1320.0
5508,65,Maior que 55,9800.0,Média,45,1,0,6800.0,0.0,3390.0
5509,19,Até 20,1800.0,Baixa,12,0,0,1800.0,0.0,660.0
5510,23,21 a 30,4800.0,Média-Baixa,18,0,1,4800.0,0.0,1620.0
5511,25,21 a 30,2200.0,Baixa,23,1,2,2200.0,0.0,890.0
5512,27,21 a 30,3900.0,Média-Baixa,28,0,0,3900.0,0.0,1450.0
5513,28,21 a 30,11500.0,Média-Alta,34,1,1,11500.0,0.0,3790.0
5514,30,21 a 30,3100.0,Média-Baixa,39,0,2,3100.0,0.0,1320.0
5515,32,31 a 45,9800.0,Média,45,1,0,6800.0,0.0,3390.0
5516,35,31 a 45,24400.0,Alta,50,2,1,22000.0,0.0,7820.0
5517,42,31 a 45,4500.0,Média-Baixa,56,0,2,4500.0,0.0,1910.0
5518,45,31 a 45,9800.0,Média,61,0,0,9800.0,0.0,3550.0
5519,48,46 a 55,15000.0,Média-Alta,67,2,1,15000.0,0.0,5170.0
5520,51,46 a 55,6100.0,Média,72,0,2,6100.0,0.0,2550.0
5521,53,46 a 55,9000.0,Média,78,1,0,9000.0,0.0,3480.0
5522,55,46 a 55,17500.0,Média-Alta,83,3,1,17500.0,0.0,6080.0
5523,57,Maior que 55,17000.0,Média-Alta,89,1,2,13000.0,0.0,5990.0
5524,62,Maior que 55,8500.0,Média,94,1,0,5300.0,0.0,3490.0
5525,65,Maior que 55,18300.0,Média-Alta,98,3,1,18300.0,0.0,6470.0
5526,19,Até 20,1800.0,Baixa,12,0,0,1800.0,0.0,660.0
5527,23,21 a 30,15000.0,Média-Alta,67,2,1,15000.0,0.0,5170.0
5528,25,21 a 30,6100.0,Média,72,0,2,6100.0,0.0,2550.0
5529,27,21 a 30,9000.0,Média,78,1,0,9000.0,0.0,3480.0
5530,28,21 a 30,17500.0,Média-Alta,83,3,1,17500.0,0.0,6080.0
5531,30,21 a 30,17000.0,Média-Alta,89,1,2,13000.0,0.0,5990.0
5532,32,31 a 45,8500.0,Média,94,1,0,5300.0,0.0,3490.0
5533,35,31 a 45,18300.0,Média-Alta,98,3,1,18300.0,0.0,6470.0
5534,42,31 a 45,1800.0,Baixa,12,0,0,1800.0,0.0,660.0
5535,45,31 a 45,4800.0,Média-Baixa,18,0,1,4800.0,0.0,1620.0
5536,48,46 a 55,2200.0,Baixa,23,1,2,2200.0,0.0,890.0
5537,51,46 a 55,3900.0,Média-Baixa,28,0,0,3900.0,0.0,1450.0
5538,53,46 a 55,11500.0,Média-Alta,34,1,1,11500.0,0.0,3790.0
5539,55,46 a 55,3100.0,Média-Baixa,39,0,2,3100.0,0.0,1320.0
5540,57,Maior que 55,9800.0,Média,45,1,0,6800.0,0.0,3390.0
5541,62,Maior que 55,1800.0,Baixa,12,0,0,1800.0,0.0,660.0
5542,65,Maior que 55,4800.0,Média-Baixa,18,0,1,4800.0,0.0,1620.0
5543,19,Até 20,2200.0,Baixa,23,1,2,2200.0,0.0,890.0
5544,23,21 a 30,3900.0,Média-Baixa,28,0,0,3900.0,0.0,1450.0
5545,25,21 a 30,11500.0,Média-Alta,34,1,1,11500.0,0.0,3790.0
5546,27,21 a 30,3100.0,Média-Baixa,39,0,2,3100.0,0.0,1320.0
5547,28,21 a 30,9800.0,Média,45,1,0,6800.0,0.0,3390.0
5548,30,21 a 30,24400.0,Alta,50,2,1,22000.0,0.0,7820.0
5549,32,31 a 45,4500.0,Média-Baixa,56,0,2,4500.0,0.0,1910.0
5550,35,31 a 45,9800.0,Média,61,0,0,9800.0,0.0,3550.0
5551,42,31 a 45,15000.0,Média-Alta,67,2,1,15000.0,0.0,5170.0
5552,45,31 a 45,6100.0,Média,72,0,2,6100.0,0.0,2550.0
5553,48,46 a 55,9000.0,Média,78,1,0,9000.0,0.0,3480.0
5554,51,46 a 55,17500.0,Média-Alta,83,3,1,17500.0,0.0,6080.0
5555,53,46 a 55,17000.0,Média-Alta,89,1,2,13000.0,0.0,5990.0
5556,55,46 a 55,8500.0,Média,94,1,0,5300.0,0.0,3490.0
5557,57,Maior que 55,18300.0,Média-Alta,98,3,1,18300.0,0.0,6470.0
5558,62,Maior que 55,1800.0,Baixa,12,0,0,1800.0,0.0,660.0
5559,65,Maior que 55,15000.0,Média-Alta,67,2,1,15000.0,0.0,5170.0
5560,19,Até 20,6100.0,Média,72,0,2,6100.0,0.0,2550.0
5561,23,21 a 30,9000.0,Média,78,1,0,9000.0,0.0,3480.0
5562,25,21 a 30,17500.0,Média-Alta,83,3,1,17500.0,0.0,6080.0
5563,27,21 a 30,17000.0,Média-Alta,89,1,2,13000.0,0.0,5990.0
5564,28,21 a 30,8500.0,Média,94,1,0,5300.0,0.0,3490.0
5565,30,21 a 30,18300.0,Média-Alta,98,3,1,18300.0,0.0,6470.0
5566,32,31 a 45,1800.0,Baixa,12,0,0,1800.0,0.0,660.0
5567,35,31 a 45,4800.0,Média-Baixa,18,0,1,4800.0,0.0,1620.0
5568,42,31 a 45,2200.0,Baixa,23,1,2,2200.0,0.0,890.0
5569,45,31 a 45,3900.0,Média-Baixa,28,0,0,3900.0,0.0,1450.0
5570,48,46 a 55,11500.0,Média-Alta,34,1,1,11500.0,0.0,3790.0
5571,51,46 a 55,3100.0,Média-Baixa,39,0,2,3100.0,0.0,1320.0
5572,23,21 a 30,9800.0,Média,45,1,0,6800.0,0.0,3390.0
5573,28,21 a 30,1800.0,Baixa,12,0,0,1800.0,0.0,660.0
5574,30,21 a 30,4800.0,Média-Baixa,18,0,1,4800.0,0.0,1620.0
5575,32,31 a 45,2200.0,Baixa,23,1,2,2200.0,0.0,890.0
5576,35,31 a 45,3900.0,Média-Baixa,28,0,0,3900.0,0.0,1450.0
5577,42,31 a 45,11500.0,Média-Alta,34,1,1,11500.0,0.0,3790.0
5578,45,31 a 45,3100.0,Média-Baixa,39,0,2,3100.0,0.0,1320.0
5579,48,46 a 55,9800.0,Média,45,1,0,6800.0,0.0,3390.0
5580,51,46 a 55,24400.0,Alta,50,2,1,22000.0,0.0,7820.0
5581,53,46 a 55,4500.0,Média-Baixa,56,0,2,4500.0,0.0,1910.0
5582,55,46 a 55,9800.0,Média,61,0,0,9800.0,0.0,3550.0
5583,57,Maior que 55,15000.0,Média-Alta,67,2,1,15000.0,0.0,5170.0
5584,62,Maior que 55,6100.0,Média,72,0,2,6100.0,0.0,2550.0
5585,65,Maior que 55,9000.0,Média,78,1,0,9000.0,0.0,3480.0
5586,19,Até 20,17500.0,Média-Alta,83,3,1,17500.0,0.0,6080.0
5587,23,21 a 30,17000.0,Média-Alta,89,1,2,13000.0,0.0,5990.0
5588,25,21 a 30,8500.0,Média,94,1,0,5300.0,0.0,3490.0
5589,27,21 a 30,18300.0,Média-Alta,98,3,1,18300.0,0.0,6470.0
5590,28,21 a 30,1800.0,Baixa,12,0,0,1800.0,0.0,660.0
5591,30,21 a 30,1800.0,Baixa,12,0,0,1800.0,0.0,660.0
5592,32,31 a 45,4800.0,Média-Baixa,18,0,1,4800.0,0.0,1620.0
5593,35,31 a 45,2200.0,Baixa,23,1,2,2200.0,0.0,890.0
5594,42,31 a 45,3900.0,Média-Baixa,28,0,0,3900.0,0.0,1450.0
5595,45,31 a 45,11500.0,Média-Alta,34,1,1,11500.0,0.0,3790.0
5596,48,46 a 55,3100.0,Média-Baixa,39,0,2,3100.0,0.0,1320.0
5597,51,46 a 55,9800.0,Média,45,1,0,6800.0,0.0,3390.0
5598,53,46 a 55,24400.0,Alta,50,2,1,22000.0,0.0,7820.0
5599,55,46 a 55,4500.0,Média-Baixa,56,0,2,4500.0,0.0,1910.0
5600,57,Maior que 55,9800.0,Média,61,0,0,9800.0,0.0,3550.0
5601,62,Maior que 55,15000.0,Média-Alta,67,2,1,15000.0,0.0,5170.0
5602,65,Maior que 55,6100.0,Média,72,0,2,6100.0,0.0,2550.0
5603,19,Até 20,9000.0,Média,78,1,0,9000.0,0.0,3480.0
5604,23,21 a 30,17500.0,Média-Alta,83,3,1,17500.0,0.0,6080.0
5605,25,21 a 30,17000.0,Média-Alta,89,1,2,13000.0,0.0,5990.0
5606,27,21 a 30,8500.0,Média,94,1,0,5300.0,0.0,3490.0
5607,28,21 a 30,18300.0,Média-Alta,98,3,1,18300.0,0.0,6470.0
5608,30,21 a 30,1800.0,Baixa,12,0,0,1800.0,0.0,660.0
5609,32,31 a 45,4800.0,Média-Baixa,18,0,1,4800.0,0.0,1620.0
5610,35,31 a 45,2200.0,Baixa,23,1,2,2200.0,0.0,890.0
5611,42,31 a 45,3900.0,Média-Baixa,28,0,0,3900.0,0.0,1450.0
5612,45,31 a 45,11500.0,Média-Alta,34,1,1,11500.0,0.0,3790.0
5613,48,46 a 55,3100.0,Média-Baixa,39,0,2,3100.0,0.0,1320.0
5614,51,46 a 55,1800.0,Baixa,12,0,0,1800.0,0.0,660.0
5615,53,46 a 55,4800.0,Média-Baixa,18,0,1,4800.0,0.0,1620.0
5616,55,46 a 55,2200.0,Baixa,23,1,2,2200.0,0.0,890.0
5617,57,Maior que 55,3900.0,Média-Baixa,28,0,0,3900.0,0.0,1450.0
5618,62,Maior que 55,11500.0,Média-Alta,34,1,1,11500.0,0.0,3790.0
5619,65,Maior que 55,3100.0,Média-Baixa,39,0,2,3100.0,0.0,1320.0
5620,19,Até 20,9800.0,Média,45,1,0,6800.0,0.0,3390.0
5621,23,21 a 30,24400.0,Alta,50,2,1,22000.0,0.0,7820.0
5622,25,21 a 30,4500.0,Média-Baixa,56,0,2,4500.0,0.0,1910.0
5623,27,21 a 30,9800.0,Média,61,0,0,9800.0,0.0,3550.0
5624,28,21 a 30,15000.0,Média-Alta,67,2,1,15000.0,0.0,5170.0
5625,30,21 a 30,6100.0,Média,72,0,2,6100.0,0.0,2550.0
5626,32,31 a 45,9000.0,Média,78,1,0,9000.0,0.0,3480.0
5627,35,31 a 45,17500.0,Média-Alta,83,3,1,17500.0,0.0,6080.0
5628,42,31 a 45,17000.0,Média-Alta,89,1,2,13000.0,0.0,5990.0
5629,45,31 a 45,8500.0,Média,94,1,0,5300.0,0.0,3490.0
5630,48,46 a 55,18300.0,Média-Alta,98,3,1,18300.0,0.0,6470.0
5631,51,46 a 55,1800.0,Baixa,12,0,0,1800.0,0.0,660.0
5632,53,46 a 55,4800.0,Média-Baixa,18,0,1,4800.0,0.0,1620.0
5633,55,46 a 55,2200.0,Baixa,23,1,2,2200.0,0.0,890.0
5634,57,Maior que 55,3900.0,Média-Baixa,28,0,0,3900.0,0.0,1450.0
5635,62,Maior que 55,11500.0,Média-Alta,34,1,1,11500.0,0.0,3790.0
5636,65,Maior que 55,3100.0,Média-Baixa,39,0,2,3100.0,0.0,1320.0
5637,19,Até 20,1800.0,Baixa,12,0,0,1800.0,0.0,660.0
5638,23,21 a 30,4800.0,Média-Baixa,18,0,1,4800.0,0.0,1620.0
5639,25,21 a 30,2200.0,Baixa,23,1,2,2200.0,0.0,890.0
5640,27,21 a 30,3900.0,Média-Baixa,28,0,0,3900.0,0.0,1450.0
5641,28,21 a 30,11500.0,Média-Alta,34,1,1,11500.0,0.0,3790.0
5642,30,21 a 30,3100.0,Média-Baixa,39,0,2,3100.0,0.0,1320.0
5643,32,31 a 45,9800.0,Média,45,1,0,6800.0,0.0,3390.0
5644,35,31 a 45,24400.0,Alta,50,2,1,22000.0,0.0,7820.0
5645,42,31 a 45,4500.0,Média-Baixa,56,0,2,4500.0,0.0,1910.0
5646,45,31 a 45,9800.0,Média,61,0,0,9800.0,0.0,3550.0
5647,48,46 a 55,15000.0,Média-Alta,67,2,1,15000.0,0.0,5170.0
5648,51,46 a 55,6100.0,Média,72,0,2,6100.0,0.0,2550.0
5649,23,21 a 30,9000.0,Média,78,1,0,9000.0,0.0,3480.0
5650,28,21 a 30,17500.0,Média-Alta,83,3,1,17500.0,0.0,6080.0
5651,30,21 a 30,17000.0,Média-Alta,89,1,2,13000.0,0.0,5990.0
5652,32,31 a 45,8500.0,Média,94,1,0,5300.0,0.0,3490.0
5653,35,31 a 45,18300.0,Média-Alta,98,3,1,18300.0,0.0,6470.0
5654,42,31 a 45,1800.0,Baixa,12,0,0,1800.0,0.0,660.0
5655,45,31 a 45,4800.0,Média-Baixa,18,0,1,4800.0,0.0,1620.0
5656,48,46 a 55,2200.0,Baixa,23,1,2,2200.0,0.0,890.0
5657,51,46 a 55,3900.0,Média-Baixa,28,0,0,3900.0,0.0,1450.0
5658,53,46 a 55,11500.0,Média-Alta,34,1,1,11500.0,0.0,3790.0
5659,55,46 a 55,3100.0,Média-Baixa,39,0,2,3100.0,0.0,1320.0
5660,57,Maior que 55,1800.0,Baixa,12,0,0,1800.0,0.0,660.0
5661,62,Maior que 55,4800.0,Média-Baixa,18,0,1,4800.0,0.0,1620.0
5662,65,Maior que 55,2200.0,Baixa,23,1,2,2200.0,0.0,890.0
5663,19,Até 20,3900.0,Média-Baixa,28,0,0,3900.0,0.0,1450.0
5664,23,21 a 30,11500.0,Média-Alta,34,1,1,11500.0,0.0,3790.0
5665,25,21 a 30,3100.0,Média-Baixa,39,0,2,3100.0,0.0,1320.0
5666,27,21 a 30,9800.0,Média,45,1,0,6800.0,0.0,3390.0
5667,28,21 a 30,24400.0,Alta,50,2,1,22000.0,0.0,7820.0
5668,30,21 a 30,4500.0,Média-Baixa,56,0,2,4500.0,0.0,1910.0
5669,32,31 a 45,9800.0,Média,61,0,0,9800.0,0.0,3550.0
5670,35,31 a 45,15000.0,Média-Alta,67,2,1,15000.0,0.0,5170.0
5671,42,31 a 45,6100.0,Média,72,0,2,6100.0,0.0,2550.0
5672,45,31 a 45,9000.0,Média,78,1,0,9000.0,0.0,3480.0
5673,48,46 a 55,17500.0,Média-Alta,83,3,1,17500.0,0.0,6080.0
5674,51,46 a 55,17000.0,Média-Alta,89,1,2,13000.0,0.0,5990.0
5675,53,46 a 55,8500.0,Média,94,1,0,5300.0,0.0,3490.0
5676,55,46 a 55,18300.0,Média-Alta,98,3,1,18300.0,0.0,6470.0
5677,57,Maior que 55,1800.0,Baixa,12,0,0,1800.0,0.0,660.0
5678,62,Maior que 55,4800.0,Média-Baixa,18,0,1,4800.0,0.0,1620.0
5679,65,Maior que 55,2200.0,Baixa,23,1,2,2200.0,0.0,890.0
5680,19,Até 20,3900.0,Média-Baixa,28,0,0,3900.0,0.0,1450.0
5681,23,21 a 30,11500.0,Média-Alta,34,1,1,11500.0,0.0,3790.0
5682,25,21 a 30,3100.0,Média-Baixa,39,0,2,3100.0,0.0,1320.0
5683,27,21 a 30,1800.0,Baixa,12,0,0,1800.0,0.0,660.0
5684,28,21 a 30,4800.0,Média-Baixa,18,0,1,4800.0,0.0,1620.0
5685,30,21 a 30,2200.0,Baixa,23,1,2,2200.0,0.0,890.0
5686,32,31 a 45,3900.0,Média-Baixa,28,0,0,3900.0,0.0,1450.0
5687,35,31 a 45,11500.0,Média-Alta,34,1,1,11500.0,0.0,3790.0
5688,42,31 a 45,3100.0,Média-Baixa,39,0,2,3100.0,0.0,1320.0
5689,45,31 a 45,9800.0,Média,45,1,0,6800.0,0.0,3390.0
5690,48,46 a 55,24400.0,Alta,50,2,1,22000.0,0.0,7820.0
5691,51,46 a 55,4500.0,Média-Baixa,56,0,2,4500.0,0.0,1910.0
5692,53,46 a 55,9800.0,Média,61,0,0,9800.0,0.0,3550.0
5693,55,46 a 55,15000.0,Média-Alta,67,2,1,15000.0,0.0,5170.0
5694,57,Maior que 55,6100.0,Média,72,0,2,6100.0,0.0,2550.0
5695,62,Maior que 55,9000.0,Média,78,1,0,9000.0,0.0,3480.0
5696,65,Maior que 55,17500.0,Média-Alta,83,3,1,17500.0,0.0,6080.0
5697,19,Até 20,17000.0,Média-Alta,89,1,2,13000.0,0.0,5990.0
5698,23,21 a 30,8500.0,Média,94,1,0,5300.0,0.0,3490.0
5699,25,21 a 30,18300.0,Média-Alta,98,3,1,18300.0,0.0,6470.0
5700,27,21 a 30,1800.0,Baixa,12,0,0,1800.0,0.0,660.0
5701,28,21 a 30,4800.0,Média-Baixa,18,0,1,4800.0,0.0,1620.0
5702,30,21 a 30,2200.0,Baixa,23,1,2,2200.0,0.0,890.0
5703,32,31 a 45,3900.0,Média-Baixa,28,0,0,3900.0,0.0,1450.0
5704,35,31 a 45,11500.0,Média-Alta,34,1,1,11500.0,0.0,3790.0
5705,42,31 a 45,3100.0,Média-Baixa,39,0,2,3100.0,0.0,1320.0
5706,45,31 a 45,1800.0,Baixa,12,0,0,1800.0,0.0,660.0
5707,48,46 a 55,4800.0,Média-Baixa,18,0,1,4800.0,0.0,1620.0
5708,51,46 a 55,2200.0,Baixa,23,1,2,2200.0,0.0,890.0
5709,53,46 a 55,3900.0,Média-Baixa,28,0,0,3900.0,0.0,1450.0
5710,55,46 a 55,11500.0,Média-Alta,34,1,1,11500.0,0.0,3790.0
5711,57,Maior que 55,3100.0,Média-Baixa,39,0,2,3100.0,0.0,1320.0
5712,62,Maior que 55,9800.0,Média,45,1,0,6800.0,0.0,3390.0
5713,65,Maior que 55,24400.0,Alta,50,2,1,22000.0,0.0,7820.0
5714,19,Até 20,4500.0,Média-Baixa,56,0,2,4500.0,0.0,1910.0
5715,23,21 a 30,9800.0,Média,61,0,0,9800.0,0.0,3550.0
5716,25,21 a 30,15000.0,Média-Alta,67,2,1,15000.0,0.0,5170.0
5717,27,21 a 30,6100.0,Média,72,0,2,6100.0,0.0,2550.0
5718,28,21 a 30,9000.0,Média,78,1,0,9000.0,0.0,3480.0
5719,30,21 a 30,17500.0,Média-Alta,83,3,1,17500.0,0.0,6080.0
5720,32,31 a 45,17000.0,Média-Alta,89,1,2,13000.0,0.0,5990.0
5721,35,31 a 45,8500.0,Média,94,1,0,5300.0,0.0,3490.0
5722,42,31 a 45,18300.0,Média-Alta,98,3,1,18300.0,0.0,6470.0
5723,45,31 a 45,1800.0,Baixa,12,0,0,1800.0,0.0,660.0
5724,48,46 a 55,4800.0,Média-Baixa,18,0,1,4800.0,0.0,1620.0
5725,51,46 a 55,2200.0,Baixa,23,1,2,2200.0,0.0,890.0
5726,23,21 a 30,3900.0,Média-Baixa,28,0,0,3900.0,0.0,1450.0
5727,28,21 a 30,11500.0,Média-Alta,34,1,1,11500.0,0.0,3790.0
5728,30,21 a 30,3100.0,Média-Baixa,39,0,2,3100.0,0.0,1320.0
5729,32,31 a 45,1800.0,Baixa,12,0,0,1800.0,0.0,660.0
5730,35,31 a 45,4800.0,Média-Baixa,18,0,1,4800.0,0.0,1620.0
5731,42,31 a 45,2200.0,Baixa,23,1,2,2200.0,0.0,890.0
5732,45,31 a 45,3900.0,Média-Baixa,28,0,0,3900.0,0.0,1450.0
5733,48,46 a 55,11500.0,Média-Alta,34,1,1,11500.0,0.0,3790.0
5734,51,46 a 55,3100.0,Média-Baixa,39,0,2,3100.0,0.0,1320.0
5735,53,46 a 55,9800.0,Média,45,1,0,6800.0,0.0,3390.0
5736,55,46 a 55,24400.0,Alta,50,2,1,22000.0,0.0,7820.0
5737,57,Maior que 55,4500.0,Média-Baixa,56,0,2,4500.0,0.0,1910.0
5738,62,Maior que 55,9800.0,Média,61,0,0,9800.0,0.0,3550.0
5739,65,Maior que 55,15000.0,Média-Alta,67,2,1,15000.0,0.0,5170.0
5740,19,Até 20,6100.0,Média,72,0,2,6100.0,0.0,2550.0
5741,23,21 a 30,9000.0,Média,78,1,0,9000.0,0.0,3480.0
5742,25,21 a 30,17500.0,Média-Alta,83,3,1,17500.0,0.0,6080.0
5743,27,21 a 30,17000.0,Média-Alta,89,1,2,13000.0,0.0,5990.0
5744,28,21 a 30,8500.0,Média,94,1,0,5300.0,0.0,3490.0
5745,30,21 a 30,18300.0,Média-Alta,98,3,1,18300.0,0.0,6470.0
5746,32,31 a 45,1800.0,Baixa,12,0,0,1800.0,0.0,660.0
5747,35,31 a 45,4800.0,Média-Baixa,18,0,1,4800.0,0.0,1620.0
5748,42,31 a 45,2200.0,Baixa,23,1,2,2200.0,0.0,890.0
5749,45,31 a 45,3900.0,Média-Baixa,28,0,0,3900.0,0.0,1450.0
5750,48,46 a 55,11500.0,Média-Alta,34,1,1,11500.0,0.0,3790.0
5751,51,46 a 55,3100.0,Média-Baixa,39,0,2,3100.0,0.0,1320.0
5752,53,46 a 55,1800.0,Baixa,12,0,0,1800.0,0.0,660.0
5753,55,46 a 55,4800.0,Média-Baixa,18,0,1,4800.0,0.0,1620.0
5754,57,Maior que 55,2200.0,Baixa,23,1,2,2200.0,0.0,890.0
5755,62,Maior que 55,3900.0,Média-Baixa,28,0,0,3900.0,0.0,1450.0
5756,65,Maior que 55,11500.0,Média-Alta,34,1,1,11500.0,0.0,3790.0
5757,19,Até 20,3100.0,Média-Baixa,39,0,2,3100.0,0.0,1320.0
5758,23,21 a 30,9800.0,Média,45,1,0,6800.0,0.0,3390.0
5759,25,21 a 30,24400.0,Alta,50,2,1,22000.0,0.0,7820.0
5760,27,21 a 30,4500.0,Média-Baixa,56,0,2,4500.0,0.0,1910.0
5761,28,21 a 30,9800.0,Média,61,0,0,9800.0,0.0,3550.0
5762,30,21 a 30,15000.0,Média-Alta,67,2,1,15000.0,0.0,5170.0
5763,32,31 a 45,6100.0,Média,72,0,2,6100.0,0.0,2550.0
5764,35,31 a 45,9000.0,Média,78,1,0,9000.0,0.0,3480.0
5765,42,31 a 45,17500.0,Média-Alta,83,3,1,17500.0,0.0,6080.0
5766,45,31 a 45,17000.0,Média-Alta,89,1,2,13000.0,0.0,5990.0
5767,48,46 a 55,8500.0,Média,94,1,0,5300.0,0.0,3490.0
5768,51,46 a 55,18300.0,Média-Alta,98,3,1,18300.0,0.0,6470.0
5769,53,46 a 55,1800.0,Baixa,12,0,0,1800.0,0.0,660.0
5770,55,46 a 55,4800.0,Média-Baixa,18,0,1,4800.0,0.0,1620.0
5771,57,Maior que 55,2200.0,Baixa,23,1,2,2200.0,0.0,890.0
5772,62,Maior que 55,3900.0,Média-Baixa,28,0,0,3900.0,0.0,1450.0
5773,65,Maior que 55,11500.0,Média-Alta,34,1,1,11500.0,0.0,3790.0
5774,19,Até 20,3100.0,Média-Baixa,39,0,2,3100.0,0.0,1320.0
5775,23,21 a 30,1800.0,Baixa,12,0,0,1800.0,0.0,660.0
5776,25,21 a 30,4800.0,Média-Baixa,18,0,1,4800.0,0.0,1620.0
5777,27,21 a 30,2200.0,Baixa,23,1,2,2200.0,0.0,890.0
5778,28,21 a 30,3900.0,Média-Baixa,28,0,0,3900.0,0.0,1450.0
5779,30,21 a 30,11500.0,Média-Alta,34,1,1,11500.0,0.0,3790.0
5780,32,31 a 45,3100.0,Média-Baixa,39,0,2,3100.0,0.0,1320.0
5781,35,31 a 45,9800.0,Média,45,1,0,6800.0,0.0,3390.0
5782,42,31 a 45,24400.0,Alta,50,2,1,22000.0,0.0,7820.0
5783,45,31 a 45,4500.0,Média-Baixa,56,0,2,4500.0,0.0,1910.0
5784,48,46 a 55,9800.0,Média,61,0,0,9800.0,0.0,3550.0
5785,51,46 a 55,15000.0,Média-Alta,67,2,1,15000.0,0.0,5170.0
5786,53,46 a 55,6100.0,Média,72,0,2,6100.0,0.0,2550.0
5787,55,46 a 55,9000.0,Média,78,1,0,9000.0,0.0,3480.0
5788,57,Maior que 55,17500.0,Média-Alta,83,3,1,17500.0,0.0,6080.0
5789,62,Maior que 55,17000.0,Média-Alta,89,1,2,13000.0,0.0,5990.0
5790,65,Maior que 55,8500.0,Média,94,1,0,5300.0,0.0,3490.0
5791,19,Até 20,18300.0,Média-Alta,98,3,1,18300.0,0.0,6470.0
5792,23,21 a 30,1800.0,Baixa,12,0,0,1800.0,0.0,660.0
5793,25,21 a 30,4800.0,Média-Baixa,18,0,1,4800.0,0.0,1620.0
5794,27,21 a 30,2200.0,Baixa,23,1,2,2200.0,0.0,890.0
5795,28,21 a 30,3900.0,Média-Baixa,28,0,0,3900.0,0.0,1450.0
5796,30,21 a 30,11500.0,Média-Alta,34,1,1,11500.0,0.0,3790.0
5797,32,31 a 45,3100.0,Média-Baixa,39,0,2,3100.0,0.0,1320.0
5798,35,31 a 45,1800.0,Baixa,12,0,0,1800.0,0.0,660.0
5799,42,31 a 45,4800.0,Média-Baixa,18,0,1,4800.0,0.0,1620.0
5800,45,31 a 45,2200.0,Baixa,23,1,2,2200.0,0.0,890.0
5801,48,46 a 55,3900.0,Média-Baixa,28,0,0,3900.0,0.0,1450.0
5802,51,46 a 55,11500.0,Média-Alta,34,1,1,11500.0,0.0,3790.0
5803,42,31 a 45,3100.0,Média-Baixa,39,0,2,3100.0,0.0,1320.0
5804,45,31 a 45,9800.0,Média,45,1,0,6800.0,0.0,3390.0
5805,48,46 a 55,24400.0,Alta,50,2,1,22000.0,0.0,7820.0
5806,51,46 a 55,4500.0,Média-Baixa,56,0,2,4500.0,0.0,1910.0
5807,48,46 a 55,9800.0,Média,61,0,0,9800.0,0.0,3550.0
5808,51,46 a 55,15000.0,Média-Alta,67,2,1,15000.0,0.0,5170.0
5809,48,46 a 55,6100.0,Média,72,0,2,6100.0,0.0,2550.0
5810,51,46 a 55,9000.0,Média,78,1,0,9000.0,0.0,3480.0
5811,48,46 a 55,17500.0,Média-Alta,83,3,1,17500.0,0.0,6080.0
5812,51,46 a 55,17000.0,Média-Alta,89,1,2,13000.0,0.0,5990.0
5813,48,46 a 55,8500.0,Média,94,1,0,5300.0,0.0,3490.0
5814,51,46 a 55,18300.0,Média-Alta,98,3,1,18300.0,0.0,6470.0
5815,48,46 a 55,1800.0,Baixa,12,0,0,1800.0,0.0,660.0
5816,51,46 a 55,4800.0,Média-Baixa,18,0,1,4800.0,0.0,1620.0
5817,48,46 a 55,2200.0,Baixa,23,1,2,2200.0,0.0,890.0
5818,51,46 a 55,3900.0,Média-Baixa,28,0,0,3900.0,0.0,1450.0
5819,48,46 a 55,11500.0,Média-Alta,34,1,1,11500.0,0.0,3790.0
5820,51,46 a 55,3100.0,Média-Baixa,39,0,2,3100.0,0.0,1320.0
5821,19,Até 20,1800.0,Baixa,12,0,0,1800.0,0.0,660.0
5822,23,21 a 30,4800.0,Média-Baixa,18,0,1,4800.0,0.0,1620.0
5823,25,21 a 30,2200.0,Baixa,23,1,2,2200.0,0.0,890.0
5824,27,21 a 30,3900.0,Média-Baixa,28,0,0,3900.0,0.0,1450.0
5825,28,21 a 30,11500.0,Média-Alta,34,1,1,11500.0,0.0,3790.0
5826,30,21 a 30,3100.0,Média-Baixa,39,0,2,3100.0,0.0,1320.0
5827,32,31 a 45,9800.0,Média,45,1,0,6800.0,0.0,3390.0
5828,35,31 a 45,24400.0,Alta,50,2,1,22000.0,0.0,7820.0
5829,42,31 a 45,4500.0,Média-Baixa,56,0,2,4500.0,0.0,1910.0
5830,45,31 a 45,9800.0,Média,61,0,0,9800.0,0.0,3550.0
5831,48,46 a 55,15000.0,Média-Alta,67,2,1,15000.0,0.0,5170.0
5832,51,46 a 55,6100.0,Média,72,0,2,6100.0,0.0,2550.0
5833,53,46 a 55,9000.0,Média,78,1,0,9000.0,0.0,3480.0
5834,55,46 a 55,17500.0,Média-Alta,83,3,1,17500.0,0.0,6080.0
5835,57,Maior que 55,17000.0,Média-Alta,89,1,2,13000.0,0.0,5990.0
5836,62,Maior que 55,8500.0,Média,94,1,0,5300.0,0.0,3490.0
5837,65,Maior que 55,18300.0,Média-Alta,98,3,1,18300.0,0.0,6470.0
5838,19,Até 20,1800.0,Baixa,12,0,0,1800.0,0.0,660.0
5839,23,21 a 30,4800.0,Média-Baixa,18,0,1,4800.0,0.0,1620.0
5840,25,21 a 30,2200.0,Baixa,23,1,2,2200.0,0.0,890.0
5841,27,21 a 30,3900.0,Média-Baixa,28,0,0,3900.0,0.0,1450.0
5842,28,21 a 30,11500.0,Média-Alta,34,1,1,11500.0,0.0,3790.0
5843,30,21 a 30,3100.0,Média-Baixa,39,0,2,3100.0,0.0,1320.0
5844,32,31 a 45,9800.0,Média,45,1,0,6800.0,0.0,3390.0
5845,35,31 a 45,24400.0,Alta,50,2,1,22000.0,0.0,7820.0
5846,42,31 a 45,4500.0,Média-Baixa,56,0,2,4500.0,0.0,1910.0
5847,45,31 a 45,9800.0,Média,61,0,0,9800.0,0.0,3550.0
5848,48,46 a 55,15000.0,Média-Alta,67,2,1,15000.0,0.0,5170.0
5849,51,46 a 55,6100.0,Média,72,0,2,6100.0,0.0,2550.0
5850,53,46 a 55,9000.0,Média,78,1,0,9000.0,0.0,3480.0
5851,55,46 a 55,17500.0,Média-Alta,83,3,1,17500.0,0.0,6080.0
5852,57,Maior que 55,17000.0,Média-Alta,89,1,2,13000.0,0.0,5990.0
5853,62,Maior que 55,8500.0,Média,94,1,0,5300.0,0.0,3490.0
5854,65,Maior que 55,18300.0,Média-Alta,98,3,1,18300.0,0.0,6470.0
5855,19,Até 20,1800.0,Baixa,12,0,0,1800.0,0.0,660.0
5856,23,21 a 30,4800.0,Média-Baixa,18,0,1,4800.0,0.0,1620.0
5857,25,21 a 30,2200.0,Baixa,23,1,2,2200.0,0.0,890.0
5858,27,21 a 30,3900.0,Média-Baixa,28,0,0,3900.0,0.0,1450.0
5859,28,21 a 30,11500.0,Média-Alta,34,1,1,11500.0,0.0,3790.0
5860,30,21 a 30,3100.0,Média-Baixa,39,0,2,3100.0,0.0,1320.0
5861,32,31 a 45,9800.0,Média,45,1,0,6800.0,0.0,3390.0
5862,35,31 a 45,24400.0,Alta,50,2,1,22000.0,0.0,7820.0
5863,42,31 a 45,4500.0,Média-Baixa,56,0,2,4500.0,0.0,1910.0
5864,45,31 a 45,9800.0,Média,61,0,0,9800.0,0.0,3550.0
5865,48,46 a 55,15000.0,Média-Alta,67,2,1,15000.0,0.0,5170.0
5866,51,46 a 55,6100.0,Média,72,0,2,6100.0,0.0,2550.0
5867,53,46 a 55,9000.0,Média,78,1,0,9000.0,0.0,3480.0
5868,55,46 a 55,17500.0,Média-Alta,83,3,1,17500.0,0.0,6080.0
5869,57,Maior que 55,17000.0,Média-Alta,89,1,2,13000.0,0.0,5990.0
5870,62,Maior que 55,8500.0,Média,94,1,0,5300.0,0.0,3490.0
5871,65,Maior que 55,18300.0,Média-Alta,98,3,1,18300.0,0.0,6470.0
5872,19,Até 20,1800.0,Baixa,12,0,0,1800.0,0.0,660.0
5873,23,21 a 30,4800.0,Média-Baixa,18,0,1,4800.0,0.0,1620.0
5874,25,21 a 30,2200.0,Baixa,23,1,2,2200.0,0.0,890.0
5875,27,21 a 30,3900.0,Média-Baixa,28,0,0,3900.0,0.0,1450.0
5876,28,21 a 30,11500.0,Média-Alta,34,1,1,11500.0,0.0,3790.0
5877,30,21 a 30,3100.0,Média-Baixa,39,0,2,3100.0,0.0,1320.0
5878,32,31 a 45,9800.0,Média,45,1,0,6800.0,0.0,3390.0
5879,35,31 a 45,24400.0,Alta,50,2,1,22000.0,0.0,7820.0
5880,42,31 a 45,4500.0,Média-Baixa,56,0,2,4500.0,0.0,1910.0
5881,45,31 a 45,9800.0,Média,61,0,0,9800.0,0.0,3550.0
5882,48,46 a 55,15000.0,Média-Alta,67,2,1,15000.0,0.0,5170.0
5883,51,46 a 55,6100.0,Média,72,0,2,6100.0,0.0,2550.0
5884,53,46 a 55,9000.0,Média,78,1,0,9000.0,0.0,3480.0
5885,55,46 a 55,17500.0,Média-Alta,83,3,1,17500.0,0.0,6080.0
5886,57,Maior que 55,17000.0,Média-Alta,89,1,2,13000.0,0.0,5990.0
5887,62,Maior que 55,8500.0,Média,94,1,0,5300.0,0.0,3490.0
5888,65,Maior que 55,18300.0,Média-Alta,98,3,1,18300.0,0.0,6470.0
5889,19,Até 20,1800.0,Baixa,12,0,0,1800.0,0.0,660.0
5890,23,21 a 30,4800.0,Média-Baixa,18,0,1,4800.0,0.0,1620.0
5891,25,21 a 30,2200.0,Baixa,23,1,2,2200.0,0.0,890.0
5892,27,21 a 30,3900.0,Média-Baixa,28,0,0,3900.0,0.0,1450.0
5893,28,21 a 30,11500.0,Média-Alta,34,1,1,11500.0,0.0,3790.0
5894,30,21 a 30,3100.0,Média-Baixa,39,0,2,3100.0,0.0,1320.0
5895,32,31 a 45,9800.0,Média,45,1,0,6800.0,0.0,3390.0
5896,35,31 a 45,24400.0,Alta,50,2,1,22000.0,0.0,7820.0
5897,42,31 a 45,4500.0,Média-Baixa,56,0,2,4500.0,0.0,1910.0
5898,45,31 a 45,9800.0,Média,61,0,0,9800.0,0.0,3550.0
5899,48,46 a 55,15000.0,Média-Alta,67,2,1,15000.0,0.0,5170.0
5900,51,46 a 55,6100.0,Média,72,0,2,6100.0,0.0,2550.0
5901,53,46 a 55,9000.0,Média,78,1,0,9000.0,0.0,3480.0
5902,55,46 a 55,17500.0,Média-Alta,83,3,1,17500.0,0.0,6080.0
5903,57,Maior que 55,17000.0,Média-Alta,89,1,2,13000.0,0.0,5990.0
5904,62,Maior que 55,8500.0,Média,94,1,0,5300.0,0.0,3490.0
5905,65,Maior que 55,18300.0,Média-Alta,98,3,1,18300.0,0.0,6470.0
5906,19,Até 20,1800.0,Baixa,12,0,0,1800.0,0.0,660.0
5907,23,21 a 30,4800.0,Média-Baixa,18,0,1,4800.0,0.0,1620.0
5908,25,21 a 30,2200.0,Baixa,23,1,2,2200.0,0.0,890.0
5909,27,21 a 30,3900.0,Média-Baixa,28,0,0,3900.0,0.0,1450.0
5910,28,21 a 30,11500.0,Média-Alta,34,1,1,11500.0,0.0,3790.0
5911,30,21 a 30,3100.0,Média-Baixa,39,0,2,3100.0,0.0,1320.0
5912,32,31 a 45,9800.0,Média,45,1,0,6800.0,0.0,3390.0
5913,35,31 a 45,24400.0,Alta,50,2,1,22000.0,0.0,7820.0
5914,42,31 a 45,4500.0,Média-Baixa,56,0,2,4500.0,0.0,1910.0
5915,45,31 a 45,9800.0,Média,61,0,0,9800.0,0.0,3550.0
5916,48,46 a 55,15000.0,Média-Alta,67,2,1,15000.0,0.0,5170.0
5917,51,46 a 55,6100.0,Média,72,0,2,6100.0,0.0,2550.0
5918,53,46 a 55,9000.0,Média,78,1,0,9000.0,0.0,3480.0
5919,55,46 a 55,17500.0,Média-Alta,83,3,1,17500.0,0.0,6080.0
5920,57,Maior que 55,17000.0,Média-Alta,89,1,2,13000.0,0.0,5990.0
5921,62,Maior que 55,8500.0,Média,94,1,0,5300.0,0.0,3490.0
5922,65,Maior que 55,18300.0,Média-Alta,98,3,1,18300.0,0.0,6470.0
5923,19,Até 20,1800.0,Baixa,12,0,0,1800.0,0.0,660.0
5924,23,21 a 30,4800.0,Média-Baixa,18,0,1,4800.0,0.0,1620.0
5925,25,21 a 30,2200.0,Baixa,23,1,2,2200.0,0.0,890.0
5926,27,21 a 30,3900.0,Média-Baixa,28,0,0,3900.0,0.0,1450.0
5927,28,21 a 30,11500.0,Média-Alta,34,1,1,11500.0,0.0,3790.0
5928,30,21 a 30,3100.0,Média-Baixa,39,0,2,3100.0,0.0,1320.0
5929,32,31 a 45,9800.0,Média,45,1,0,6800.0,0.0,3390.0
5930,35,31 a 45,24400.0,Alta,50,2,1,22000.0,0.0,7820.0
5931,42,31 a 45,4500.0,Média-Baixa,56,0,2,4500.0,0.0,1910.0
5932,45,31 a 45,9800.0,Média,61,0,0,9800.0,0.0,3550.0
5933,48,46 a 55,15000.0,Média-Alta,67,2,1,15000.0,0.0,5170.0
5934,51,46 a 55,6100.0,Média,72,0,2,6100.0,0.0,2550.0
5935,53,46 a 55,9000.0,Média,78,1,0,9000.0,0.0,3480.0
5936,55,46 a 55,17500.0,Média-Alta,83,3,1,17500.0,0.0,6080.0
5937,57,Maior que 55,17000.0,Média-Alta,89,1,2,13000.0,0.0,5990.0
5938,62,Maior que 55,8500.0,Média,94,1,0,5300.0,0.0,3490.0
5939,65,Maior que 55,18300.0,Média-Alta,98,3,1,18300.0,0.0,6470.0
5940,19,Até 20,1800.0,Baixa,12,0,0,1800.0,0.0,660.0
5941,23,21 a 30,4800.0,Média-Baixa,18,0,1,4800.0,0.0,1620.0
5942,25,21 a 30,2200.0,Baixa,23,1,2,2200.0,0.0,890.0
5943,27,21 a 30,3900.0,Média-Baixa,28,0,0,3900.0,0.0,1450.0
5944,28,21 a 30,11500.0,Média-Alta,34,1,1,11500.0,0.0,3790.0
5945,30,21 a 30,3100.0,Média-Baixa,39,0,2,3100.0,0.0,1320.0
5946,32,31 a 45,9800.0,Média,45,1,0,6800.0,0.0,3390.0
5947,35,31 a 45,24400.0,Alta,50,2,1,22000.0,0.0,7820.0
5948,42,31 a 45,4500.0,Média-Baixa,56,0,2,4500.0,0.0,1910.0
5949,45,31 a 45,9800.0,Média,61,0,0,9800.0,0.0,3550.0
5950,48,46 a 55,15000.0,Média-Alta,67,2,1,15000.0,0.0,5170.0
5951,51,46 a 55,6100.0,Média,72,0,2,6100.0,0.0,2550.0
5952,53,46 a 55,9000.0,Média,78,1,0,9000.0,0.0,3480.0
5953,55,46 a 55,17500.0,Média-Alta,83,3,1,17500.0,0.0,6080.0
5954,57,Maior que 55,17000.0,Média-Alta,89,1,2,13000.0,0.0,5990.0
5955,62,Maior que 55,8500.0,Média,94,1,0,5300.0,0.0,3490.0
5956,65,Maior que 55,18300.0,Média-Alta,98,3,1,18300.0,0.0,6470.0
5957,19,Até 20,1800.0,Baixa,12,0,0,1800.0,0.0,660.0
5958,23,21 a 30,4800.0,Média-Baixa,18,0,1,4800.0,0.0,1620.0
5959,25,21 a 30,2200.0,Baixa,23,1,2,2200.0,0.0,890.0
5960,27,21 a 30,3900.0,Média-Baixa,28,0,0,3900.0,0.0,1450.0
5961,28,21 a 30,11500.0,Média-Alta,34,1,1,11500.0,0.0,3790.0
5962,30,21 a 30,3100.0,Média-Baixa,39,0,2,3100.0,0.0,1320.0
5963,32,31 a 45,9800.0,Média,45,1,0,6800.0,0.0,3390.0
5964,35,31 a 45,24400.0,Alta,50,2,1,22000.0,0.0,7820.0
5965,42,31 a 45,4500.0,Média-Baixa,56,0,2,4500.0,0.0,1910.0
5966,45,31 a 45,9800.0,Média,61,0,0,9800.0,0.0,3550.0
5967,48,46 a 55,15000.0,Média-Alta,67,2,1,15000.0,0.0,5170.0
5968,51,46 a 55,6100.0,Média,72,0,2,6100.0,0.0,2550.0
5969,53,46 a 55,9000.0,Média,78,1,0,9000.0,0.0,3480.0
5970,55,46 a 55,17500.0,Média-Alta,83,3,1,17500.0,0.0,6080.0
5971,57,Maior que 55,17000.0,Média-Alta,89,1,2,13000.0,0.0,5990.0
5972,62,Maior que 55,8500.0,Média,94,1,0,5300.0,0.0,3490.0
5973,65,Maior que 55,18300.0,Média-Alta,98,3,1,18300.0,0.0,6470.0
5974,19,Até 20,1800.0,Baixa,12,0,0,1800.0,0.0,660.0
5975,23,21 a 30,4800.0,Média-Baixa,18,0,1,4800.0,0.0,1620.0
5976,25,21 a 30,2200.0,Baixa,23,1,2,2200.0,0.0,890.0
5977,27,21 a 30,3900.0,Média-Baixa,28,0,0,3900.0,0.0,1450.0
5978,28,21 a 30,11500.0,Média-Alta,34,1,1,11500.0,0.0,3790.0
5979,30,21 a 30,3100.0,Média-Baixa,39,0,2,3100.0,0.0,1320.0
5980,32,31 a 45,9800.0,Média,45,1,0,6800.0,0.0,3390.0
5981,35,31 a 45,1800.0,Baixa,12,0,0,1800.0,0.0,660.0
5982,42,31 a 45,4800.0,Média-Baixa,18,0,1,4800.0,0.0,1620.0
5983,45,31 a 45,2200.0,Baixa,23,1,2,2200.0,0.0,890.0
5984,48,46 a 55,3900.0,Média-Baixa,28,0,0,3900.0,0.0,1450.0
5985,51,46 a 55,11500.0,Média-Alta,34,1,1,11500.0,0.0,3790.0
5986,53,46 a 55,3100.0,Média-Baixa,39,0,2,3100.0,0.0,1320.0
5987,55,46 a 55,9800.0,Média,45,1,0,6800.0,0.0,3390.0
5988,57,Maior que 55,24400.0,Alta,50,2,1,22000.0,0.0,7820.0
5989,62,Maior que 55,4500.0,Média-Baixa,56,0,2,4500.0,0.0,1910.0
5990,65,Maior que 55,9800.0,Média,61,0,0,9800.0,0.0,3550.0
5991,19,Até 20,15000.0,Média-Alta,67,2,1,15000.0,0.0,5170.0
5992,23,21 a 30,6100.0,Média,72,0,2,6100.0,0.0,2550.0
5993,25,21 a 30,9000.0,Média,78,1,0,9000.0,0.0,3480.0
5994,35,31 a 45,17500.0,Média-Alta,83,3,1,17500.0,0.0,6080.0
5995,28,21 a 30,17000.0,Média-Alta,89,1,2,13000.0,0.0,5990.0
5996,30,21 a 30,8500.0,Média,94,1,0,5300.0,0.0,3490.0
5997,32,31 a 45,18300.0,Média-Alta,98,3,1,18300.0,0.0,6470.0
5998,35,31 a 45,1800.0,Baixa,12,0,0,1800.0,0.0,660.0
5999,42,31 a 45,4800.0,Média-Baixa,18,0,1,4800.0,0.0,1620.0
6000,45,31 a 45,2200.0,Baixa,23,1,2,2200.0,0.0,890.0
6001,48,46 a 55,3900.0,Média-Baixa,28,0,0,3900.0,0.0,1450.0
6002,51,46 a 55,11500.0,Média-Alta,34,1,1,11500.0,0.0,3790.0
6003,53,46 a 55,3100.0,Média-Baixa,39,0,2,3100.0,0.0,1320.0
6004,55,46 a 55,9800.0,Média,45,1,0,6800.0,0.0,3390.0
6005,57,Maior que 55,1800.0,Baixa,12,0,0,1800.0,0.0,660.0
6006,62,Maior que 55,4800.0,Média-Baixa,18,0,1,4800.0,0.0,1620.0
6007,65,Maior que 55,2200.0,Baixa,23,1,2,2200.0,0.0,890.0
6008,19,Até 20,3900.0,Média-Baixa,28,0,0,3900.0,0.0,1450.0
6009,23,21 a 30,11500.0,Média-Alta,34,1,1,11500.0,0.0,3790.0
6010,25,21 a 30,3100.0,Média-Baixa,39,0,2,3100.0,0.0,1320.0
6011,27,21 a 30,9800.0,Média,45,1,0,6800.0,0.0,3390.0
6012,28,21 a 30,24400.0,Alta,50,2,1,22000.0,0.0,7820.0
6013,30,21 a 30,4500.0,Média-Baixa,56,0,2,4500.0,0.0,1910.0
6014,32,31 a 45,9800.0,Média,61,0,0,9800.0,0.0,3550.0
6015,35,31 a 45,15000.0,Média-Alta,67,2,1,15000.0,0.0,5170.0
6016,42,31 a 45,6100.0,Média,72,0,2,6100.0,0.0,2550.0
6017,45,31 a 45,9000.0,Média,78,1,0,9000.0,0.0,3480.0
6018,48,46 a 55,17500.0,Média-Alta,83,3,1,17500.0,0.0,6080.0
6019,51,46 a 55,17000.0,Média-Alta,89,1,2,13000.0,0.0,5990.0
6020,53,46 a 55,8500.0,Média,94,1,0,5300.0,0.0,3490.0
6021,55,46 a 55,18300.0,Média-Alta,98,3,1,18300.0,0.0,6470.0
6022,57,Maior que 55,1800.0,Baixa,12,0,0,1800.0,0.0,660.0
6023,62,Maior que 55,4800.0,Média-Baixa,18,0,1,4800.0,0.0,1620.0
6024,65,Maior que 55,2200.0,Baixa,23,1,2,2200.0,0.0,890.0
6025,19,Até 20,3900.0,Média-Baixa,28,0,0,3900.0,0.0,1450.0
6026,23,21 a 30,11500.0,Média-Alta,34,1,1,11500.0,0.0,3790.0
6027,25,21 a 30,3100.0,Média-Baixa,39,0,2,3100.0,0.0,1320.0
6028,27,21 a 30,9800.0,Média,45,1,0,6800.0,0.0,3390.0
6029,28,21 a 30,1800.0,Baixa,12,0,0,1800.0,0.0,660.0
6030,30,21 a 30,4800.0,Média-Baixa,18,0,1,4800.0,0.0,1620.0
6031,32,31 a 45,2200.0,Baixa,23,1,2,2200.0,0.0,890.0
6032,35,31 a 45,3900.0,Média-Baixa,28,0,0,3900.0,0.0,1450.0
6033,42,31 a 45,11500.0,Média-Alta,34,1,1,11500.0,0.0,3790.0
6034,45,31 a 45,3100.0,Média-Baixa,39,0,2,3100.0,0.0,1320.0
6035,48,46 a 55,9800.0,Média,45,1,0,6800.0,0.0,3390.0
6036,51,46 a 55,24400.0,Alta,50,2,1,22000.0,0.0,7820.0
6037,53,46 a 55,4500.0,Média-Baixa,56,0,2,4500.0,0.0,1910.0
6038,55,46 a 55,9800.0,Média,61,0,0,9800.0,0.0,3550.0
6039,57,Maior que 55,15000.0,Média-Alta,67,2,1,15000.0,0.0,5170.0
6040,62,Maior que 55,6100.0,Média,72,0,2,6100.0,0.0,2550.0
6041,65,Maior que 55,9000.0,Média,78,1,0,9000.0,0.0,3480.0
6042,19,Até 20,17500.0,Média-Alta,83,3,1,17500.0,0.0,6080.0
6043,23,21 a 30,17000.0,Média-Alta,89,1,2,13000.0,0.0,5990.0
6044,25,21 a 30,8500.0,Média,94,1,0,5300.0,0.0,3490.0
6045,27,21 a 30,18300.0,Média-Alta,98,3,1,18300.0,0.0,6470.0
6046,28,21 a 30,1800.0,Baixa,12,0,0,1800.0,0.0,660.0
6047,30,21 a 30,4800.0,Média-Baixa,18,0,1,4800.0,0.0,1620.0
6048,32,31 a 45,2200.0,Baixa,23,1,2,2200.0,0.0,890.0
6049,35,31 a 45,3900.0,Média-Baixa,28,0,0,3900.0,0.0,1450.0
6050,42,31 a 45,11500.0,Média-Alta,34,1,1,11500.0,0.0,3790.0
6051,45,31 a 45,3100.0,Média-Baixa,39,0,2,3100.0,0.0,1320.0
6052,48,46 a 55,9800.0,Média,45,1,0,6800.0,0.0,3390.0
6053,51,46 a 55,1800.0,Baixa,12,0,0,1800.0,0.0,660.0
6054,53,46 a 55,4800.0,Média-Baixa,18,0,1,4800.0,0.0,1620.0
6055,55,46 a 55,2200.0,Baixa,23,1,2,2200.0,0.0,890.0
6056,57,Maior que 55,3900.0,Média-Baixa,28,0,0,3900.0,0.0,1450.0
6057,62,Maior que 55,11500.0,Média-Alta,34,1,1,11500.0,0.0,3790.0
6058,65,Maior que 55,3100.0,Média-Baixa,39,0,2,3100.0,0.0,1320.0
6059,19,Até 20,9800.0,Média,45,1,0,6800.0,0.0,3390.0
6060,23,21 a 30,24400.0,Alta,50,2,1,22000.0,0.0,7820.0
6061,25,21 a 30,4500.0,Média-Baixa,56,0,2,4500.0,0.0,1910.0
6062,27,21 a 30,9800.0,Média,61,0,0,9800.0,0.0,3550.0
6063,28,21 a 30,15000.0,Média-Alta,67,2,1,15000.0,0.0,5170.0
6064,30,21 a 30,6100.0,Média,72,0,2,6100.0,0.0,2550.0
6065,32,31 a 45,9000.0,Média,78,1,0,9000.0,0.0,3480.0
6066,35,31 a 45,17500.0,Média-Alta,83,3,1,17500.0,0.0,6080.0
6067,42,31 a 45,17000.0,Média-Alta,89,1,2,13000.0,0.0,5990.0
6068,45,31 a 45,8500.0,Média,94,1,0,5300.0,0.0,3490.0
6069,48,46 a 55,18300.0,Média-Alta,98,3,1,18300.0,0.0,6470.0
6070,51,46 a 55,1800.0,Baixa,12,0,0,1800.0,0.0,660.0
6071,53,46 a 55,4800.0,Média-Baixa,18,0,1,4800.0,0.0,1620.0
6072,55,46 a 55,2200.0,Baixa,23,1,2,2200.0,0.0,890.0
6073,57,Maior que 55,3900.0,Média-Baixa,28,0,0,3900.0,0.0,1450.0
6074,62,Maior que 55,11500.0,Média-Alta,34,1,1,11500.0,0.0,3790.0
6075,65,Maior que 55,3100.0,Média-Baixa,39,0,2,3100.0,0.0,1320.0
6076,65,Maior que 55,9800.0,Média,45,1,0,6800.0,0.0,3390.0
6077,23,21 a 30,15000.0,Média-Alta,67,2,1,15000.0,0.0,5170.0
6078,28,21 a 30,6100.0,Média,72,0,2,6100.0,0.0,2550.0
6079,30,21 a 30,9000.0,Média,78,1,0,9000.0,0.0,3480.0
6080,32,31 a 45,17500.0,Média-Alta,83,3,1,17500.0,0.0,6080.0
6081,35,31 a 45,17000.0,Média-Alta,89,1,2,13000.0,0.0,5990.0
6082,42,31 a 45,8500.0,Média,94,1,0,5300.0,0.0,3490.0
6083,45,31 a 45,18300.0,Média-Alta,98,3,1,18300.0,0.0,6470.0
6084,48,46 a 55,1800.0,Baixa,12,0,0,1800.0,0.0,660.0
6085,51,46 a 55,4800.0,Média-Baixa,18,0,1,4800.0,0.0,1620.0
6086,53,46 a 55,2200.0,Baixa,23,1,2,2200.0,0.0,890.0
6087,55,46 a 55,3900.0,Média-Baixa,28,0,0,3900.0,0.0,1450.0
6088,57,Maior que 55,11500.0,Média-Alta,34,1,1,11500.0,0.0,3790.0
6089,62,Maior que 55,3100.0,Média-Baixa,39,0,2,3100.0,0.0,1320.0
6090,65,Maior que 55,9800.0,Média,45,1,0,6800.0,0.0,3390.0
6091,19,Até 20,1800.0,Baixa,12,0,0,1800.0,0.0,660.0
6092,23,21 a 30,4800.0,Média-Baixa,18,0,1,4800.0,0.0,1620.0
6093,25,21 a 30,2200.0,Baixa,23,1,2,2200.0,0.0,890.0
6094,27,21 a 30,3900.0,Média-Baixa,28,0,0,3900.0,0.0,1450.0
6095,28,21 a 30,11500.0,Média-Alta,34,1,1,11500.0,0.0,3790.0
6096,30,21 a 30,3100.0,Média-Baixa,39,0,2,3100.0,0.0,1320.0
6097,32,31 a 45,9800.0,Média,45,1,0,6800.0,0.0,3390.0
6098,35,31 a 45,24400.0,Alta,50,2,1,22000.0,0.0,7820.0
6099,42,31 a 45,4500.0,Média-Baixa,56,0,2,4500.0,0.0,1910.0
6100,45,31 a 45,9800.0,Média,61,0,0,9800.0,0.0,3550.0
6101,48,46 a 55,15000.0,Média-Alta,67,2,1,15000.0,0.0,5170.0
6102,51,46 a 55,6100.0,Média,72,0,2,6100.0,0.0,2550.0
6103,53,46 a 55,9000.0,Média,78,1,0,9000.0,0.0,3480.0
6104,55,46 a 55,17500.0,Média-Alta,83,3,1,17500.0,0.0,6080.0
6105,57,Maior que 55,17000.0,Média-Alta,89,1,2,13000.0,0.0,5990.0
6106,62,Maior que 55,8500.0,Média,94,1,0,5300.0,0.0,3490.0
6107,65,Maior que 55,18300.0,Média-Alta,98,3,1,18300.0,0.0,6470.0
6108,19,Até 20,1800.0,Baixa,12,0,0,1800.0,0.0,660.0
6109,23,21 a 30,15000.0,Média-Alta,67,2,1,15000.0,0.0,5170.0
6110,25,21 a 30,6100.0,Média,72,0,2,6100.0,0.0,2550.0
6111,27,21 a 30,9000.0,Média,78,1,0,9000.0,0.0,3480.0
6112,28,21 a 30,17500.0,Média-Alta,83,3,1,17500.0,0.0,6080.0
6113,30,21 a 30,17000.0,Média-Alta,89,1,2,13000.0,0.0,5990.0
6114,32,31 a 45,8500.0,Média,94,1,0,5300.0,0.0,3490.0
6115,35,31 a 45,18300.0,Média-Alta,98,3,1,18300.0,0.0,6470.0
6116,42,31 a 45,1800.0,Baixa,12,0,0,1800.0,0.0,660.0
6117,45,31 a 45,4800.0,Média-Baixa,18,0,1,4800.0,0.0,1620.0
6118,48,46 a 55,2200.0,Baixa,23,1,2,2200.0,0.0,890.0
6119,51,46 a 55,3900.0,Média-Baixa,28,0,0,3900.0,0.0,1450.0
6120,53,46 a 55,11500.0,Média-Alta,34,1,1,11500.0,0.0,3790.0
6121,55,46 a 55,3100.0,Média-Baixa,39,0,2,3100.0,0.0,1320.0
6122,57,Maior que 55,9800.0,Média,45,1,0,6800.0,0.0,3390.0
6123,62,Maior que 55,1800.0,Baixa,12,0,0,1800.0,0.0,660.0
6124,65,Maior que 55,4800.0,Média-Baixa,18,0,1,4800.0,0.0,1620.0
6125,19,Até 20,2200.0,Baixa,23,1,2,2200.0,0.0,890.0
6126,23,21 a 30,3900.0,Média-Baixa,28,0,0,3900.0,0.0,1450.0
6127,25,21 a 30,11500.0,Média-Alta,34,1,1,11500.0,0.0,3790.0
6128,27,21 a 30,3100.0,Média-Baixa,39,0,2,3100.0,0.0,1320.0
6129,28,21 a 30,9800.0,Média,45,1,0,6800.0,0.0,3390.0
6130,30,21 a 30,24400.0,Alta,50,2,1,22000.0,0.0,7820.0
6131,32,31 a 45,4500.0,Média-Baixa,56,0,2,4500.0,0.0,1910.0
6132,35,31 a 45,9800.0,Média,61,0,0,9800.0,0.0,3550.0
6133,42,31 a 45,15000.0,Média-Alta,67,2,1,15000.0,0.0,5170.0
6134,45,31 a 45,6100.0,Média,72,0,2,6100.0,0.0,2550.0
6135,48,46 a 55,9000.0,Média,78,1,0,9000.0,0.0,3480.0
6136,51,46 a 55,17500.0,Média-Alta,83,3,1,17500.0,0.0,6080.0
6137,53,46 a 55,17000.0,Média-Alta,89,1,2,13000.0,0.0,5990.0
6138,55,46 a 55,8500.0,Média,94,1,0,5300.0,0.0,3490.0
6139,57,Maior que 55,18300.0,Média-Alta,98,3,1,18300.0,0.0,6470.0
6140,62,Maior que 55,1800.0,Baixa,12,0,0,1800.0,0.0,660.0
6141,65,Maior que 55,15000.0,Média-Alta,67,2,1,15000.0,0.0,5170.0
6142,19,Até 20,6100.0,Média,72,0,2,6100.0,0.0,2550.0
6143,23,21 a 30,9000.0,Média,78,1,0,9000.0,0.0,3480.0
6144,25,21 a 30,17500.0,Média-Alta,83,3,1,17500.0,0.0,6080.0
6145,27,21 a 30,17000.0,Média-Alta,89,1,2,13000.0,0.0,5990.0
6146,28,21 a 30,8500.0,Média,94,1,0,5300.0,0.0,3490.0
6147,30,21 a 30,18300.0,Média-Alta,98,3,1,18300.0,0.0,6470.0
6148,32,31 a 45,1800.0,Baixa,12,0,0,1800.0,0.0,660.0
6149,35,31 a 45,4800.0,Média-Baixa,18,0,1,4800.0,0.0,1620.0
6150,42,31 a 45,2200.0,Baixa,23,1,2,2200.0,0.0,890.0
6151,45,31 a 45,3900.0,Média-Baixa,28,0,0,3900.0,0.0,1450.0
6152,48,46 a 55,11500.0,Média-Alta,34,1,1,11500.0,0.0,3790.0
6153,51,46 a 55,3100.0,Média-Baixa,39,0,2,3100.0,0.0,1320.0
6154,23,21 a 30,9800.0,Média,45,1,0,6800.0,0.0,3390.0
6155,28,21 a 30,1800.0,Baixa,12,0,0,1800.0,0.0,660.0
6156,30,21 a 30,4800.0,Média-Baixa,18,0,1,4800.0,0.0,1620.0
6157,32,31 a 45,2200.0,Baixa,23,1,2,2200.0,0.0,890.0
6158,35,31 a 45,3900.0,Média-Baixa,28,0,0,3900.0,0.0,1450.0
6159,42,31 a 45,11500.0,Média-Alta,34,1,1,11500.0,0.0,3790.0
6160,45,31 a 45,3100.0,Média-Baixa,39,0,2,3100.0,0.0,1320.0
6161,48,46 a 55,9800.0,Média,45,1,0,6800.0,0.0,3390.0
6162,51,46 a 55,24400.0,Alta,50,2,1,22000.0,0.0,7820.0
6163,53,46 a 55,4500.0,Média-Baixa,56,0,2,4500.0,0.0,1910.0
6164,55,46 a 55,9800.0,Média,61,0,0,9800.0,0.0,3550.0
6165,57,Maior que 55,15000.0,Média-Alta,67,2,1,15000.0,0.0,5170.0
6166,62,Maior que 55,6100.0,Média,72,0,2,6100.0,0.0,2550.0
6167,65,Maior que 55,9000.0,Média,78,1,0,9000.0,0.0,3480.0
6168,19,Até 20,17500.0,Média-Alta,83,3,1,17500.0,0.0,6080.0
6169,23,21 a 30,17000.0,Média-Alta,89,1,2,13000.0,0.0,5990.0
6170,25,21 a 30,8500.0,Média,94,1,0,5300.0,0.0,3490.0
6171,27,21 a 30,18300.0,Média-Alta,98,3,1,18300.0,0.0,6470.0
6172,28,21 a 30,1800.0,Baixa,12,0,0,1800.0,0.0,660.0
6173,30,21 a 30,1800.0,Baixa,12,0,0,1800.0,0.0,660.0
6174,32,31 a 45,4800.0,Média-Baixa,18,0,1,4800.0,0.0,1620.0
6175,35,31 a 45,2200.0,Baixa,23,1,2,2200.0,0.0,890.0
6176,42,31 a 45,3900.0,Média-Baixa,28,0,0,3900.0,0.0,1450.0
6177,45,31 a 45,11500.0,Média-Alta,34,1,1,11500.0,0.0,3790.0
6178,48,46 a 55,3100.0,Média-Baixa,39,0,2,3100.0,0.0,1320.0
6179,51,46 a 55,9800.0,Média,45,1,0,6800.0,0.0,3390.0
6180,53,46 a 55,24400.0,Alta,50,2,1,22000.0,0.0,7820.0
6181,55,46 a 55,4500.0,Média-Baixa,56,0,2,4500.0,0.0,1910.0
6182,57,Maior que 55,9800.0,Média,61,0,0,9800.0,0.0,3550.0
6183,62,Maior que 55,15000.0,Média-Alta,67,2,1,15000.0,0.0,5170.0
6184,65,Maior que 55,6100.0,Média,72,0,2,6100.0,0.0,2550.0
6185,19,Até 20,9000.0,Média,78,1,0,9000.0,0.0,3480.0
6186,23,21 a 30,17500.0,Média-Alta,83,3,1,17500.0,0.0,6080.0
6187,25,21 a 30,17000.0,Média-Alta,89,1,2,13000.0,0.0,5990.0
6188,27,21 a 30,8500.0,Média,94,1,0,5300.0,0.0,3490.0
6189,28,21 a 30,18300.0,Média-Alta,98,3,1,18300.0,0.0,6470.0
6190,30,21 a 30,1800.0,Baixa,12,0,0,1800.0,0.0,660.0
6191,32,31 a 45,4800.0,Média-Baixa,18,0,1,4800.0,0.0,1620.0
6192,35,31 a 45,2200.0,Baixa,23,1,2,2200.0,0.0,890.0
6193,42,31 a 45,3900.0,Média-Baixa,28,0,0,3900.0,0.0,1450.0
6194,45,31 a 45,11500.0,Média-Alta,34,1,1,11500.0,0.0,3790.0
6195,48,46 a 55,3100.0,Média-Baixa,39,0,2,3100.0,0.0,1320.0
6196,51,46 a 55,1800.0,Baixa,12,0,0,1800.0,0.0,660.0
6197,53,46 a 55,4800.0,Média-Baixa,18,0,1,4800.0,0.0,1620.0
6198,55,46 a 55,2200.0,Baixa,23,1,2,2200.0,0.0,890.0
6199,57,Maior que 55,3900.0,Média-Baixa,28,0,0,3900.0,0.0,1450.0
6200,62,Maior que 55,11500.0,Média-Alta,34,1,1,11500.0,0.0,3790.0
6201,65,Maior que 55,3100.0,Média-Baixa,39,0,2,3100.0,0.0,1320.0
6202,19,Até 20,9800.0,Média,45,1,0,6800.0,0.0,3390.0
6203,23,21 a 30,24400.0,Alta,50,2,1,22000.0,0.0,7820.0
6204,25,21 a 30,4500.0,Média-Baixa,56,0,2,4500.0,0.0,1910.0
6205,27,21 a 30,9800.0,Média,61,0,0,9800.0,0.0,3550.0
6206,28,21 a 30,15000.0,Média-Alta,67,2,1,15000.0,0.0,5170.0
6207,30,21 a 30,6100.0,Média,72,0,2,6100.0,0.0,2550.0
6208,32,31 a 45,9000.0,Média,78,1,0,9000.0,0.0,3480.0
6209,35,31 a 45,17500.0,Média-Alta,83,3,1,17500.0,0.0,6080.0
6210,42,31 a 45,17000.0,Média-Alta,89,1,2,13000.0,0.0,5990.0
6211,45,31 a 45,8500.0,Média,94,1,0,5300.0,0.0,3490.0
6212,48,46 a 55,18300.0,Média-Alta,98,3,1,18300.0,0.0,6470.0
6213,51,46 a 55,1800.0,Baixa,12,0,0,1800.0,0.0,660.0
6214,53,46 a 55,4800.0,Média-Baixa,18,0,1,4800.0,0.0,1620.0
6215,55,46 a 55,2200.0,Baixa,23,1,2,2200.0,0.0,890.0
6216,57,Maior que 55,3900.0,Média-Baixa,28,0,0,3900.0,0.0,1450.0
6217,62,Maior que 55,11500.0,Média-Alta,34,1,1,11500.0,0.0,3790.0
6218,65,Maior que 55,3100.0,Média-Baixa,39,0,2,3100.0,0.0,1320.0
6219,19,Até 20,1800.0,Baixa,12,0,0,1800.0,0.0,660.0
6220,23,21 a 30,4800.0,Média-Baixa,18,0,1,4800.0,0.0,1620.0
6221,25,21 a 30,2200.0,Baixa,23,1,2,2200.0,0.0,890.0
6222,27,21 a 30,3900.0,Média-Baixa,28,0,0,3900.0,0.0,1450.0
6223,28,21 a 30,11500.0,Média-Alta,34,1,1,11500.0,0.0,3790.0
6224,30,21 a 30,3100.0,Média-Baixa,39,0,2,3100.0,0.0,1320.0
6225,32,31 a 45,9800.0,Média,45,1,0,6800.0,0.0,3390.0
6226,35,31 a 45,24400.0,Alta,50,2,1,22000.0,0.0,7820.0
6227,42,31 a 45,4500.0,Média-Baixa,56,0,2,4500.0,0.0,1910.0
6228,45,31 a 45,9800.0,Média,61,0,0,9800.0,0.0,3550.0
6229,48,46 a 55,15000.0,Média-Alta,67,2,1,15000.0,0.0,5170.0
6230,51,46 a 55,6100.0,Média,72,0,2,6100.0,0.0,2550.0
6231,23,21 a 30,9000.0,Média,78,1,0,9000.0,0.0,3480.0
6232,28,21 a 30,17500.0,Média-Alta,83,3,1,17500.0,0.0,6080.0
6233,30,21 a 30,17000.0,Média-Alta,89,1,2,13000.0,0.0,5990.0
6234,32,31 a 45,8500.0,Média,94,1,0,5300.0,0.0,3490.0
6235,35,31 a 45,18300.0,Média-Alta,98,3,1,18300.0,0.0,6470.0
6236,42,31 a 45,1800.0,Baixa,12,0,0,1800.0,0.0,660.0
6237,45,31 a 45,4800.0,Média-Baixa,18,0,1,4800.0,0.0,1620.0
6238,48,46 a 55,2200.0,Baixa,23,1,2,2200.0,0.0,890.0
6239,51,46 a 55,3900.0,Média-Baixa,28,0,0,3900.0,0.0,1450.0
6240,53,46 a 55,11500.0,Média-Alta,34,1,1,11500.0,0.0,3790.0
6241,55,46 a 55,3100.0,Média-Baixa,39,0,2,3100.0,0.0,1320.0
6242,57,Maior que 55,1800.0,Baixa,12,0,0,1800.0,0.0,660.0
6243,62,Maior que 55,4800.0,Média-Baixa,18,0,1,4800.0,0.0,1620.0
6244,65,Maior que 55,2200.0,Baixa,23,1,2,2200.0,0.0,890.0
6245,19,Até 20,3900.0,Média-Baixa,28,0,0,3900.0,0.0,1450.0
6246,23,21 a 30,11500.0,Média-Alta,34,1,1,11500.0,0.0,3790.0
6247,25,21 a 30,3100.0,Média-Baixa,39,0,2,3100.0,0.0,1320.0
6248,27,21 a 30,9800.0,Média,45,1,0,6800.0,0.0,3390.0
6249,28,21 a 30,24400.0,Alta,50,2,1,22000.0,0.0,7820.0
6250,30,21 a 30,4500.0,Média-Baixa,56,0,2,4500.0,0.0,1910.0
6251,32,31 a 45,9800.0,Média,61,0,0,9800.0,0.0,3550.0
6252,35,31 a 45,15000.0,Média-Alta,67,2,1,15000.0,0.0,5170.0
6253,42,31 a 45,6100.0,Média,72,0,2,6100.0,0.0,2550.0
6254,45,31 a 45,9000.0,Média,78,1,0,9000.0,0.0,3480.0
6255,48,46 a 55,17500.0,Média-Alta,83,3,1,17500.0,0.0,6080.0
6256,51,46 a 55,17000.0,Média-Alta,89,1,2,13000.0,0.0,5990.0
6257,53,46 a 55,8500.0,Média,94,1,0,5300.0,0.0,3490.0
6258,55,46 a 55,18300.0,Média-Alta,98,3,1,18300.0,0.0,6470.0
6259,57,Maior que 55,1800.0,Baixa,12,0,0,1800.0,0.0,660.0
6260,62,Maior que 55,4800.0,Média-Baixa,18,0,1,4800.0,0.0,1620.0
6261,65,Maior que 55,2200.0,Baixa,23,1,2,2200.0,0.0,890.0
6262,19,Até 20,3900.0,Média-Baixa,28,0,0,3900.0,0.0,1450.0
6263,23,21 a 30,11500.0,Média-Alta,34,1,1,11500.0,0.0,3790.0
6264,25,21 a 30,3100.0,Média-Baixa,39,0,2,3100.0,0.0,1320.0
6265,27,21 a 30,1800.0,Baixa,12,0,0,1800.0,0.0,660.0
6266,28,21 a 30,4800.0,Média-Baixa,18,0,1,4800.0,0.0,1620.0
6267,30,21 a 30,2200.0,Baixa,23,1,2,2200.0,0.0,890.0
6268,32,31 a 45,3900.0,Média-Baixa,28,0,0,3900.0,0.0,1450.0
6269,35,31 a 45,11500.0,Média-Alta,34,1,1,11500.0,0.0,3790.0
6270,42,31 a 45,3100.0,Média-Baixa,39,0,2,3100.0,0.0,1320.0
6271,45,31 a 45,9800.0,Média,45,1,0,6800.0,0.0,3390.0
6272,48,46 a 55,24400.0,Alta,50,2,1,22000.0,0.0,7820.0
6273,51,46 a 55,4500.0,Média-Baixa,56,0,2,4500.0,0.0,1910.0
6274,53,46 a 55,9800.0,Média,61,0,0,9800.0,0.0,3550.0
6275,55,46 a 55,15000.0,Média-Alta,67,2,1,15000.0,0.0,5170.0
6276,57,Maior que 55,6100.0,Média,72,0,2,6100.0,0.0,2550.0
6277,62,Maior que 55,9000.0,Média,78,1,0,9000.0,0.0,3480.0
6278,65,Maior que 55,17500.0,Média-Alta,83,3,1,17500.0,0.0,6080.0
6279,19,Até 20,17000.0,Média-Alta,89,1,2,13000.0,0.0,5990.0
6280,23,21 a 30,8500.0,Média,94,1,0,5300.0,0.0,3490.0
6281,25,21 a 30,18300.0,Média-Alta,98,3,1,18300.0,0.0,6470.0
6282,27,21 a 30,1800.0,Baixa,12,0,0,1800.0,0.0,660.0
6283,28,21 a 30,4800.0,Média-Baixa,18,0,1,4800.0,0.0,1620.0
6284,30,21 a 30,2200.0,Baixa,23,1,2,2200.0,0.0,890.0
6285,32,31 a 45,3900.0,Média-Baixa,28,0,0,3900.0,0.0,1450.0
6286,35,31 a 45,11500.0,Média-Alta,34,1,1,11500.0,0.0,3790.0
6287,42,31 a 45,3100.0,Média-Baixa,39,0,2,3100.0,0.0,1320.0
6288,45,31 a 45,1800.0,Baixa,12,0,0,1800.0,0.0,660.0
6289,48,46 a 55,4800.0,Média-Baixa,18,0,1,4800.0,0.0,1620.0
6290,51,46 a 55,2200.0,Baixa,23,1,2,2200.0,0.0,890.0
6291,53,46 a 55,3900.0,Média-Baixa,28,0,0,3900.0,0.0,1450.0
6292,55,46 a 55,11500.0,Média-Alta,34,1,1,11500.0,0.0,3790.0
6293,57,Maior que 55,3100.0,Média-Baixa,39,0,2,3100.0,0.0,1320.0
6294,62,Maior que 55,9800.0,Média,45,1,0,6800.0,0.0,3390.0
6295,65,Maior que 55,24400.0,Alta,50,2,1,22000.0,0.0,7820.0
6296,19,Até 20,4500.0,Média-Baixa,56,0,2,4500.0,0.0,1910.0
6297,23,21 a 30,9800.0,Média,61,0,0,9800.0,0.0,3550.0
6298,25,21 a 30,15000.0,Média-Alta,67,2,1,15000.0,0.0,5170.0
6299,27,21 a 30,6100.0,Média,72,0,2,6100.0,0.0,2550.0
6300,28,21 a 30,9000.0,Média,78,1,0,9000.0,0.0,3480.0
6301,30,21 a 30,17500.0,Média-Alta,83,3,1,17500.0,0.0,6080.0
6302,32,31 a 45,17000.0,Média-Alta,89,1,2,13000.0,0.0,5990.0
6303,35,31 a 45,8500.0,Média,94,1,0,5300.0,0.0,3490.0
6304,42,31 a 45,18300.0,Média-Alta,98,3,1,18300.0,0.0,6470.0
6305,45,31 a 45,1800.0,Baixa,12,0,0,1800.0,0.0,660.0
6306,48,46 a 55,4800.0,Média-Baixa,18,0,1,4800.0,0.0,1620.0
6307,51,46 a 55,2200.0,Baixa,23,1,2,2200.0,0.0,890.0
6308,23,21 a 30,3900.0,Média-Baixa,28,0,0,3900.0,0.0,1450.0
6309,28,21 a 30,11500.0,Média-Alta,34,1,1,11500.0,0.0,3790.0
6310,30,21 a 30,3100.0,Média-Baixa,39,0,2,3100.0,0.0,1320.0
6311,32,31 a 45,1800.0,Baixa,12,0,0,1800.0,0.0,660.0
6312,35,31 a 45,4800.0,Média-Baixa,18,0,1,4800.0,0.0,1620.0
6313,42,31 a 45,2200.0,Baixa,23,1,2,2200.0,0.0,890.0
6314,45,31 a 45,3900.0,Média-Baixa,28,0,0,3900.0,0.0,1450.0
6315,48,46 a 55,11500.0,Média-Alta,34,1,1,11500.0,0.0,3790.0
6316,51,46 a 55,3100.0,Média-Baixa,39,0,2,3100.0,0.0,1320.0
6317,53,46 a 55,9800.0,Média,45,1,0,6800.0,0.0,3390.0
6318,55,46 a 55,24400.0,Alta,50,2,1,22000.0,0.0,7820.0
6319,57,Maior que 55,4500.0,Média-Baixa,56,0,2,4500.0,0.0,1910.0
6320,62,Maior que 55,9800.0,Média,61,0,0,9800.0,0.0,3550.0
6321,65,Maior que 55,15000.0,Média-Alta,67,2,1,15000.0,0.0,5170.0
6322,19,Até 20,6100.0,Média,72,0,2,6100.0,0.0,2550.0
6323,23,21 a 30,9000.0,Média,78,1,0,9000.0,0.0,3480.0
6324,25,21 a 30,17500.0,Média-Alta,83,3,1,17500.0,0.0,6080.0
6325,27,21 a 30,17000.0,Média-Alta,89,1,2,13000.0,0.0,5990.0
6326,28,21 a 30,8500.0,Média,94,1,0,5300.0,0.0,3490.0
6327,30,21 a 30,18300.0,Média-Alta,98,3,1,18300.0,0.0,6470.0
6328,32,31 a 45,1800.0,Baixa,12,0,0,1800.0,0.0,660.0
6329,35,31 a 45,4800.0,Média-Baixa,18,0,1,4800.0,0.0,1620.0
6330,42,31 a 45,2200.0,Baixa,23,1,2,2200.0,0.0,890.0
6331,45,31 a 45,3900.0,Média-Baixa,28,0,0,3900.0,0.0,1450.0
6332,48,46 a 55,11500.0,Média-Alta,34,1,1,11500.0,0.0,3790.0
6333,51,46 a 55,3100.0,Média-Baixa,39,0,2,3100.0,0.0,1320.0
6334,53,46 a 55,1800.0,Baixa,12,0,0,1800.0,0.0,660.0
6335,55,46 a 55,4800.0,Média-Baixa,18,0,1,4800.0,0.0,1620.0
6336,57,Maior que 55,2200.0,Baixa,23,1,2,2200.0,0.0,890.0
6337,62,Maior que 55,3900.0,Média-Baixa,28,0,0,3900.0,0.0,1450.0
6338,65,Maior que 55,11500.0,Média-Alta,34,1,1,11500.0,0.0,3790.0
6339,19,Até 20,3100.0,Média-Baixa,39,0,2,3100.0,0.0,1320.0
6340,23,21 a 30,9800.0,Média,45,1,0,6800.0,0.0,3390.0
6341,25,21 a 30,24400.0,Alta,50,2,1,22000.0,0.0,7820.0
6342,27,21 a 30,4500.0,Média-Baixa,56,0,2,4500.0,0.0,1910.0
6343,28,21 a 30,9800.0,Média,61,0,0,9800.0,0.0,3550.0
6344,30,21 a 30,15000.0,Média-Alta,67,2,1,15000.0,0.0,5170.0
6345,32,31 a 45,6100.0,Média,72,0,2,6100.0,0.0,2550.0
6346,35,31 a 45,9000.0,Média,78,1,0,9000.0,0.0,3480.0
6347,42,31 a 45,17500.0,Média-Alta,83,3,1,17500.0,0.0,6080.0
6348,45,31 a 45,17000.0,Média-Alta,89,1,2,13000.0,0.0,5990.0
6349,48,46 a 55,8500.0,Média,94,1,0,5300.0,0.0,3490.0
6350,51,46 a 55,18300.0,Média-Alta,98,3,1,18300.0,0.0,6470.0
6351,53,46 a 55,1800.0,Baixa,12,0,0,1800.0,0.0,660.0
6352,55,46 a 55,4800.0,Média-Baixa,18,0,1,4800.0,0.0,1620.0
6353,57,Maior que 55,2200.0,Baixa,23,1,2,2200.0,0.0,890.0
6354,62,Maior que 55,3900.0,Média-Baixa,28,0,0,3900.0,0.0,1450.0
6355,65,Maior que 55,11500.0,Média-Alta,34,1,1,11500.0,0.0,3790.0
6356,19,Até 20,3100.0,Média-Baixa,39,0,2,3100.0,0.0,1320.0
6357,23,21 a 30,1800.0,Baixa,12,0,0,1800.0,0.0,660.0
6358,25,21 a 30,4800.0,Média-Baixa,18,0,1,4800.0,0.0,1620.0
6359,27,21 a 30,2200.0,Baixa,23,1,2,2200.0,0.0,890.0
6360,28,21 a 30,3900.0,Média-Baixa,28,0,0,3900.0,0.0,1450.0
6361,30,21 a 30,11500.0,Média-Alta,34,1,1,11500.0,0.0,3790.0
6362,32,31 a 45,3100.0,Média-Baixa,39,0,2,3100.0,0.0,1320.0
6363,35,31 a 45,9800.0,Média,45,1,0,6800.0,0.0,3390.0
6364,42,31 a 45,24400.0,Alta,50,2,1,22000.0,0.0,7820.0
6365,45,31 a 45,4500.0,Média-Baixa,56,0,2,4500.0,0.0,1910.0
6366,48,46 a 55,9800.0,Média,61,0,0,9800.0,0.0,3550.0
6367,51,46 a 55,15000.0,Média-Alta,67,2,1,15000.0,0.0,5170.0
6368,53,46 a 55,6100.0,Média,72,0,2,6100.0,0.0,2550.0
6369,55,46 a 55,9000.0,Média,78,1,0,9000.0,0.0,3480.0
6370,57,Maior que 55,17500.0,Média-Alta,83,3,1,17500.0,0.0,6080.0
6371,62,Maior que 55,17000.0,Média-Alta,89,1,2,13000.0,0.0,5990.0
6372,65,Maior que 55,8500.0,Média,94,1,0,5300.0,0.0,3490.0
6373,19,Até 20,18300.0,Média-Alta,98,3,1,18300.0,0.0,6470.0
6374,23,21 a 30,1800.0,Baixa,12,0,0,1800.0,0.0,660.0
6375,25,21 a 30,4800.0,Média-Baixa,18,0,1,4800.0,0.0,1620.0
6376,27,21 a 30,2200.0,Baixa,23,1,2,2200.0,0.0,890.0
6377,28,21 a 30,3900.0,Média-Baixa,28,0,0,3900.0,0.0,1450.0
6378,30,21 a 30,11500.0,Média-Alta,34,1,1,11500.0,0.0,3790.0
6379,32,31 a 45,3100.0,Média-Baixa,39,0,2,3100.0,0.0,1320.0
6380,35,31 a 45,1800.0,Baixa,12,0,0,1800.0,0.0,660.0
6381,42,31 a 45,4800.0,Média-Baixa,18,0,1,4800.0,0.0,1620.0
6382,45,31 a 45,2200.0,Baixa,23,1,2,2200.0,0.0,890.0
6383,48,46 a 55,3900.0,Média-Baixa,28,0,0,3900.0,0.0,1450.0
6384,51,46 a 55,11500.0,Média-Alta,34,1,1,11500.0,0.0,3790.0
6385,42,31 a 45,3100.0,Média-Baixa,39,0,2,3100.0,0.0,1320.0
6386,45,31 a 45,9800.0,Média,45,1,0,6800.0,0.0,3390.0
6387,48,46 a 55,24400.0,Alta,50,2,1,22000.0,0.0,7820.0
6388,51,46 a 55,4500.0,Média-Baixa,56,0,2,4500.0,0.0,1910.0
6389,48,46 a 55,9800.0,Média,61,0,0,9800.0,0.0,3550.0
6390,51,46 a 55,15000.0,Média-Alta,67,2,1,15000.0,0.0,5170.0
6391,48,46 a 55,6100.0,Média,72,0,2,6100.0,0.0,2550.0
6392,51,46 a 55,9000.0,Média,78,1,0,9000.0,0.0,3480.0
6393,48,46 a 55,17500.0,Média-Alta,83,3,1,17500.0,0.0,6080.0
6394,51,46 a 55,17000.0,Média-Alta,89,1,2,13000.0,0.0,5990.0
6395,48,46 a 55,8500.0,Média,94,1,0,5300.0,0.0,3490.0
6396,51,46 a 55,18300.0,Média-Alta,98,3,1,18300.0,0.0,6470.0
6397,48,46 a 55,1800.0,Baixa,12,0,0,1800.0,0.0,660.0
6398,51,46 a 55,4800.0,Média-Baixa,18,0,1,4800.0,0.0,1620.0
6399,48,46 a 55,2200.0,Baixa,23,1,2,2200.0,0.0,890.0
6400,51,46 a 55,3900.0,Média-Baixa,28,0,0,3900.0,0.0,1450.0
6401,48,46 a 55,11500.0,Média-Alta,34,1,1,11500.0,0.0,3790.0
6402,51,46 a 55,3100.0,Média-Baixa,39,0,2,3100.0,0.0,1320.0
6403,19,Até 20,1800.0,Baixa,12,0,0,1800.0,0.0,660.0
6404,23,21 a 30,4800.0,Média-Baixa,18,0,1,4800.0,0.0,1620.0
6405,25,21 a 30,2200.0,Baixa,23,1,2,2200.0,0.0,890.0
6406,27,21 a 30,3900.0,Média-Baixa,28,0,0,3900.0,0.0,1450.0
6407,28,21 a 30,11500.0,Média-Alta,34,1,1,11500.0,0.0,3790.0
6408,30,21 a 30,3100.0,Média-Baixa,39,0,2,3100.0,0.0,1320.0
6409,32,31 a 45,9800.0,Média,45,1,0,6800.0,0.0,3390.0
6410,35,31 a 45,24400.0,Alta,50,2,1,22000.0,0.0,7820.0
6411,42,31 a 45,4500.0,Média-Baixa,56,0,2,4500.0,0.0,1910.0
6412,45,31 a 45,9800.0,Média,61,0,0,9800.0,0.0,3550.0
6413,48,46 a 55,15000.0,Média-Alta,67,2,1,15000.0,0.0,5170.0
6414,51,46 a 55,6100.0,Média,72,0,2,6100.0,0.0,2550.0
6415,53,46 a 55,9000.0,Média,78,1,0,9000.0,0.0,3480.0
6416,55,46 a 55,17500.0,Média-Alta,83,3,1,17500.0,0.0,6080.0
6417,57,Maior que 55,17000.0,Média-Alta,89,1,2,13000.0,0.0,5990.0
6418,62,Maior que 55,8500.0,Média,94,1,0,5300.0,0.0,3490.0
6419,65,Maior que 55,18300.0,Média-Alta,98,3,1,18300.0,0.0,6470.0
6420,19,Até 20,1800.0,Baixa,12,0,0,1800.0,0.0,660.0
6421,23,21 a 30,4800.0,Média-Baixa,18,0,1,4800.0,0.0,1620.0
6422,25,21 a 30,2200.0,Baixa,23,1,2,2200.0,0.0,890.0
6423,27,21 a 30,3900.0,Média-Baixa,28,0,0,3900.0,0.0,1450.0
6424,28,21 a 30,11500.0,Média-Alta,34,1,1,11500.0,0.0,3790.0
6425,30,21 a 30,3100.0,Média-Baixa,39,0,2,3100.0,0.0,1320.0
6426,32,31 a 45,9800.0,Média,45,1,0,6800.0,0.0,3390.0
6427,35,31 a 45,24400.0,Alta,50,2,1,22000.0,0.0,7820.0
6428,42,31 a 45,4500.0,Média-Baixa,56,0,2,4500.0,0.0,1910.0
6429,45,31 a 45,9800.0,Média,61,0,0,9800.0,0.0,3550.0
6430,48,46 a 55,15000.0,Média-Alta,67,2,1,15000.0,0.0,5170.0
6431,51,46 a 55,6100.0,Média,72,0,2,6100.0,0.0,2550.0
6432,53,46 a 55,9000.0,Média,78,1,0,9000.0,0.0,3480.0
6433,55,46 a 55,17500.0,Média-Alta,83,3,1,17500.0,0.0,6080.0
6434,57,Maior que 55,17000.0,Média-Alta,89,1,2,13000.0,0.0,5990.0
6435,62,Maior que 55,8500.0,Média,94,1,0,5300.0,0.0,3490.0
6436,65,Maior que 55,18300.0,Média-Alta,98,3,1,18300.0,0.0,6470.0
6437,19,Até 20,1800.0,Baixa,12,0,0,1800.0,0.0,660.0
6438,23,21 a 30,4800.0,Média-Baixa,18,0,1,4800.0,0.0,1620.0
6439,25,21 a 30,2200.0,Baixa,23,1,2,2200.0,0.0,890.0
6440,27,21 a 30,3900.0,Média-Baixa,28,0,0,3900.0,0.0,1450.0
6441,28,21 a 30,11500.0,Média-Alta,34,1,1,11500.0,0.0,3790.0
6442,30,21 a 30,3100.0,Média-Baixa,39,0,2,3100.0,0.0,1320.0
6443,32,31 a 45,9800.0,Média,45,1,0,6800.0,0.0,3390.0
6444,35,31 a 45,24400.0,Alta,50,2,1,22000.0,0.0,7820.0
6445,42,31 a 45,4500.0,Média-Baixa,56,0,2,4500.0,0.0,1910.0
6446,45,31 a 45,9800.0,Média,61,0,0,9800.0,0.0,3550.0
6447,48,46 a 55,15000.0,Média-Alta,67,2,1,15000.0,0.0,5170.0
6448,51,46 a 55,6100.0,Média,72,0,2,6100.0,0.0,2550.0
6449,53,46 a 55,9000.0,Média,78,1,0,9000.0,0.0,3480.0
6450,55,46 a 55,17500.0,Média-Alta,83,3,1,17500.0,0.0,6080.0
6451,57,Maior que 55,17000.0,Média-Alta,89,1,2,13000.0,0.0,5990.0
6452,62,Maior que 55,8500.0,Média,94,1,0,5300.0,0.0,3490.0
6453,65,Maior que 55,18300.0,Média-Alta,98,3,1,18300.0,0.0,6470.0
6454,19,Até 20,1800.0,Baixa,12,0,0,1800.0,0.0,660.0
6455,23,21 a 30,4800.0,Média-Baixa,18,0,1,4800.0,0.0,1620.0
6456,25,21 a 30,2200.0,Baixa,23,1,2,2200.0,0.0,890.0
6457,27,21 a 30,3900.0,Média-Baixa,28,0,0,3900.0,0.0,1450.0
6458,28,21 a 30,11500.0,Média-Alta,34,1,1,11500.0,0.0,3790.0
6459,30,21 a 30,3100.0,Média-Baixa,39,0,2,3100.0,0.0,1320.0
6460,32,31 a 45,9800.0,Média,45,1,0,6800.0,0.0,3390.0
6461,35,31 a 45,24400.0,Alta,50,2,1,22000.0,0.0,7820.0
6462,42,31 a 45,4500.0,Média-Baixa,56,0,2,4500.0,0.0,1910.0
6463,45,31 a 45,9800.0,Média,61,0,0,9800.0,0.0,3550.0
6464,48,46 a 55,15000.0,Média-Alta,67,2,1,15000.0,0.0,5170.0
6465,51,46 a 55,6100.0,Média,72,0,2,6100.0,0.0,2550.0
6466,53,46 a 55,9000.0,Média,78,1,0,9000.0,0.0,3480.0
6467,55,46 a 55,17500.0,Média-Alta,83,3,1,17500.0,0.0,6080.0
6468,57,Maior que 55,17000.0,Média-Alta,89,1,2,13000.0,0.0,5990.0
6469,62,Maior que 55,8500.0,Média,94,1,0,5300.0,0.0,3490.0
6470,65,Maior que 55,18300.0,Média-Alta,98,3,1,18300.0,0.0,6470.0
6471,19,Até 20,1800.0,Baixa,12,0,0,1800.0,0.0,660.0
6472,23,21 a 30,4800.0,Média-Baixa,18,0,1,4800.0,0.0,1620.0
6473,25,21 a 30,2200.0,Baixa,23,1,2,2200.0,0.0,890.0
6474,27,21 a 30,3900.0,Média-Baixa,28,0,0,3900.0,0.0,1450.0
6475,28,21 a 30,11500.0,Média-Alta,34,1,1,11500.0,0.0,3790.0
6476,30,21 a 30,3100.0,Média-Baixa,39,0,2,3100.0,0.0,1320.0
6477,32,31 a 45,9800.0,Média,45,1,0,6800.0,0.0,3390.0
6478,35,31 a 45,24400.0,Alta,50,2,1,22000.0,0.0,7820.0
6479,42,31 a 45,4500.0,Média-Baixa,56,0,2,4500.0,0.0,1910.0
6480,45,31 a 45,9800.0,Média,61,0,0,9800.0,0.0,3550.0
6481,48,46 a 55,15000.0,Média-Alta,67,2,1,15000.0,0.0,5170.0
6482,51,46 a 55,6100.0,Média,72,0,2,6100.0,0.0,2550.0
6483,53,46 a 55,9000.0,Média,78,1,0,9000.0,0.0,3480.0
6484,55,46 a 55,17500.0,Média-Alta,83,3,1,17500.0,0.0,6080.0
6485,57,Maior que 55,17000.0,Média-Alta,89,1,2,13000.0,0.0,5990.0
6486,62,Maior que 55,8500.0,Média,94,1,0,5300.0,0.0,3490.0
6487,65,Maior que 55,18300.0,Média-Alta,98,3,1,18300.0,0.0,6470.0
6488,19,Até 20,1800.0,Baixa,12,0,0,1800.0,0.0,660.0
6489,23,21 a 30,4800.0,Média-Baixa,18,0,1,4800.0,0.0,1620.0
6490,25,21 a 30,2200.0,Baixa,23,1,2,2200.0,0.0,890.0
6491,27,21 a 30,3900.0,Média-Baixa,28,0,0,3900.0,0.0,1450.0
6492,28,21 a 30,11500.0,Média-Alta,34,1,1,11500.0,0.0,3790.0
6493,30,21 a 30,3100.0,Média-Baixa,39,0,2,3100.0,0.0,1320.0
6494,32,31 a 45,9800.0,Média,45,1,0,6800.0,0.0,3390.0
6495,35,31 a 45,24400.0,Alta,50,2,1,22000.0,0.0,7820.0
6496,42,31 a 45,4500.0,Média-Baixa,56,0,2,4500.0,0.0,1910.0
6497,45,31 a 45,9800.0,Média,61,0,0,9800.0,0.0,3550.0
6498,48,46 a 55,15000.0,Média-Alta,67,2,1,15000.0,0.0,5170.0
6499,51,46 a 55,6100.0,Média,72,0,2,6100.0,0.0,2550.0
6500,53,46 a 55,9000.0,Média,78,1,0,9000.0,0.0,3480.0
6501,55,46 a 55,17500.0,Média-Alta,83,3,1,17500.0,0.0,6080.0
6502,57,Maior que 55,17000.0,Média-Alta,89,1,2,13000.0,0.0,5990.0
6503,62,Maior que 55,8500.0,Média,94,1,0,5300.0,0.0,3490.0
6504,65,Maior que 55,18300.0,Média-Alta,98,3,1,18300.0,0.0,6470.0
6505,19,Até 20,1800.0,Baixa,12,0,0,1800.0,0.0,660.0
6506,23,21 a 30,4800.0,Média-Baixa,18,0,1,4800.0,0.0,1620.0
6507,25,21 a 30,2200.0,Baixa,23,1,2,2200.0,0.0,890.0
6508,27,21 a 30,3900.0,Média-Baixa,28,0,0,3900.0,0.0,1450.0
6509,28,21 a 30,11500.0,Média-Alta,34,1,1,11500.0,0.0,3790.0
6510,30,21 a 30,3100.0,Média-Baixa,39,0,2,3100.0,0.0,1320.0
6511,32,31 a 45,9800.0,Média,45,1,0,6800.0,0.0,3390.0
6512,35,31 a 45,24400.0,Alta,50,2,1,22000.0,0.0,7820.0
6513,42,31 a 45,4500.0,Média-Baixa,56,0,2,4500.0,0.0,1910.0
6514,45,31 a 45,9800.0,Média,61,0,0,9800.0,0.0,3550.0
6515,48,46 a 55,15000.0,Média-Alta,67,2,1,15000.0,0.0,5170.0
6516,51,46 a 55,6100.0,Média,72,0,2,6100.0,0.0,2550.0
6517,53,46 a 55,9000.0,Média,78,1,0,9000.0,0.0,3480.0
6518,55,46 a 55,17500.0,Média-Alta,83,3,1,17500.0,0.0,6080.0
6519,57,Maior que 55,17000.0,Média-Alta,89,1,2,13000.0,0.0,5990.0
6520,62,Maior que 55,8500.0,Média,94,1,0,5300.0,0.0,3490.0
6521,65,Maior que 55,18300.0,Média-Alta,98,3,1,18300.0,0.0,6470.0
6522,19,Até 20,1800.0,Baixa,12,0,0,1800.0,0.0,660.0
6523,23,21 a 30,4800.0,Média-Baixa,18,0,1,4800.0,0.0,1620.0
6524,25,21 a 30,2200.0,Baixa,23,1,2,2200.0,0.0,890.0
6525,27,21 a 30,3900.0,Média-Baixa,28,0,0,3900.0,0.0,1450.0
6526,28,21 a 30,11500.0,Média-Alta,34,1,1,11500.0,0.0,3790.0
6527,30,21 a 30,3100.0,Média-Baixa,39,0,2,3100.0,0.0,1320.0
6528,32,31 a 45,9800.0,Média,45,1,0,6800.0,0.0,3390.0
6529,35,31 a 45,24400.0,Alta,50,2,1,22000.0,0.0,7820.0
6530,42,31 a 45,4500.0,Média-Baixa,56,0,2,4500.0,0.0,1910.0
6531,45,31 a 45,9800.0,Média,61,0,0,9800.0,0.0,3550.0
6532,48,46 a 55,15000.0,Média-Alta,67,2,1,15000.0,0.0,5170.0
6533,51,46 a 55,6100.0,Média,72,0,2,6100.0,0.0,2550.0
6534,53,46 a 55,9000.0,Média,78,1,0,9000.0,0.0,3480.0
6535,55,46 a 55,17500.0,Média-Alta,83,3,1,17500.0,0.0,6080.0
6536,57,Maior que 55,17000.0,Média-Alta,89,1,2,13000.0,0.0,5990.0
6537,62,Maior que 55,8500.0,Média,94,1,0,5300.0,0.0,3490.0
6538,65,Maior que 55,18300.0,Média-Alta,98,3,1,18300.0,0.0,6470.0
6539,19,Até 20,1800.0,Baixa,12,0,0,1800.0,0.0,660.0
6540,23,21 a 30,4800.0,Média-Baixa,18,0,1,4800.0,0.0,1620.0
6541,25,21 a 30,2200.0,Baixa,23,1,2,2200.0,0.0,890.0
6542,27,21 a 30,3900.0,Média-Baixa,28,0,0,3900.0,0.0,1450.0
6543,28,21 a 30,11500.0,Média-Alta,34,1,1,11500.0,0.0,3790.0
6544,30,21 a 30,3100.0,Média-Baixa,39,0,2,3100.0,0.0,1320.0
6545,32,31 a 45,9800.0,Média,45,1,0,6800.0,0.0,3390.0
6546,35,31 a 45,24400.0,Alta,50,2,1,22000.0,0.0,7820.0
6547,42,31 a 45,4500.0,Média-Baixa,56,0,2,4500.0,0.0,1910.0
6548,45,31 a 45,9800.0,Média,61,0,0,9800.0,0.0,3550.0
6549,48,46 a 55,15000.0,Média-Alta,67,2,1,15000.0,0.0,5170.0
6550,51,46 a 55,6100.0,Média,72,0,2,6100.0,0.0,2550.0
6551,53,46 a 55,9000.0,Média,78,1,0,9000.0,0.0,3480.0
6552,55,46 a 55,17500.0,Média-Alta,83,3,1,17500.0,0.0,6080.0
6553,57,Maior que 55,17000.0,Média-Alta,89,1,2,13000.0,0.0,5990.0
6554,62,Maior que 55,8500.0,Média,94,1,0,5300.0,0.0,3490.0
6555,65,Maior que 55,18300.0,Média-Alta,98,3,1,18300.0,0.0,6470.0
6556,19,Até 20,1800.0,Baixa,12,0,0,1800.0,0.0,660.0
6557,23,21 a 30,4800.0,Média-Baixa,18,0,1,4800.0,0.0,1620.0
6558,25,21 a 30,2200.0,Baixa,23,1,2,2200.0,0.0,890.0
6559,27,21 a 30,3900.0,Média-Baixa,28,0,0,3900.0,0.0,1450.0
6560,28,21 a 30,11500.0,Média-Alta,34,1,1,11500.0,0.0,3790.0
6561,30,21 a 30,3100.0,Média-Baixa,39,0,2,3100.0,0.0,1320.0
6562,32,31 a 45,9800.0,Média,45,1,0,6800.0,0.0,3390.0
6563,35,31 a 45,1800.0,Baixa,12,0,0,1800.0,0.0,660.0
6564,42,31 a 45,4800.0,Média-Baixa,18,0,1,4800.0,0.0,1620.0
6565,45,31 a 45,2200.0,Baixa,23,1,2,2200.0,0.0,890.0
6566,48,46 a 55,3900.0,Média-Baixa,28,0,0,3900.0,0.0,1450.0
6567,51,46 a 55,11500.0,Média-Alta,34,1,1,11500.0,0.0,3790.0
6568,53,46 a 55,3100.0,Média-Baixa,39,0,2,3100.0,0.0,1320.0
6569,55,46 a 55,9800.0,Média,45,1,0,6800.0,0.0,3390.0
6570,57,Maior que 55,24400.0,Alta,50,2,1,22000.0,0.0,7820.0
6571,62,Maior que 55,4500.0,Média-Baixa,56,0,2,4500.0,0.0,1910.0
6572,65,Maior que 55,9800.0,Média,61,0,0,9800.0,0.0,3550.0
6573,19,Até 20,15000.0,Média-Alta,67,2,1,15000.0,0.0,5170.0
6574,23,21 a 30,6100.0,Média,72,0,2,6100.0,0.0,2550.0
6575,25,21 a 30,9000.0,Média,78,1,0,9000.0,0.0,3480.0
6576,36,31 a 45,17500.0,Média-Alta,83,3,1,17500.0,0.0,6080.0
6577,28,21 a 30,17000.0,Média-Alta,89,1,2,13000.0,0.0,5990.0
6578,30,21 a 30,8500.0,Média,94,1,0,5300.0,0.0,3490.0
6579,32,31 a 45,18300.0,Média-Alta,98,3,1,18300.0,0.0,6470.0
6580,35,31 a 45,1800.0,Baixa,12,0,0,1800.0,0.0,660.0
6581,42,31 a 45,4800.0,Média-Baixa,18,0,1,4800.0,0.0,1620.0
6582,45,31 a 45,2200.0,Baixa,23,1,2,2200.0,0.0,890.0
6583,48,46 a 55,3900.0,Média-Baixa,28,0,0,3900.0,0.0,1450.0
6584,51,46 a 55,11500.0,Média-Alta,34,1,1,11500.0,0.0,3790.0
6585,53,46 a 55,3100.0,Média-Baixa,39,0,2,3100.0,0.0,1320.0
6586,55,46 a 55,9800.0,Média,45,1,0,6800.0,0.0,3390.0
6587,57,Maior que 55,1800.0,Baixa,12,0,0,1800.0,0.0,660.0
6588,62,Maior que 55,4800.0,Média-Baixa,18,0,1,4800.0,0.0,1620.0
6589,65,Maior que 55,2200.0,Baixa,23,1,2,2200.0,0.0,890.0
6590,19,Até 20,3900.0,Média-Baixa,28,0,0,3900.0,0.0,1450.0
6591,23,21 a 30,11500.0,Média-Alta,34,1,1,11500.0,0.0,3790.0
6592,25,21 a 30,3100.0,Média-Baixa,39,0,2,3100.0,0.0,1320.0
6593,27,21 a 30,9800.0,Média,45,1,0,6800.0,0.0,3390.0
6594,28,21 a 30,24400.0,Alta,50,2,1,22000.0,0.0,7820.0
6595,30,21 a 30,4500.0,Média-Baixa,56,0,2,4500.0,0.0,1910.0
6596,32,31 a 45,9800.0,Média,61,0,0,9800.0,0.0,3550.0
6597,35,31 a 45,15000.0,Média-Alta,67,2,1,15000.0,0.0,5170.0
6598,42,31 a 45,6100.0,Média,72,0,2,6100.0,0.0,2550.0
6599,45,31 a 45,9000.0,Média,78,1,0,9000.0,0.0,3480.0
6600,48,46 a 55,17500.0,Média-Alta,83,3,1,17500.0,0.0,6080.0
6601,51,46 a 55,17000.0,Média-Alta,89,1,2,13000.0,0.0,5990.0
6602,53,46 a 55,8500.0,Média,94,1,0,5300.0,0.0,3490.0
6603,55,46 a 55,18300.0,Média-Alta,98,3,1,18300.0,0.0,6470.0
6604,57,Maior que 55,1800.0,Baixa,12,0,0,1800.0,0.0,660.0
6605,62,Maior que 55,4800.0,Média-Baixa,18,0,1,4800.0,0.0,1620.0
6606,65,Maior que 55,2200.0,Baixa,23,1,2,2200.0,0.0,890.0
6607,19,Até 20,3900.0,Média-Baixa,28,0,0,3900.0,0.0,1450.0
6608,23,21 a 30,11500.0,Média-Alta,34,1,1,11500.0,0.0,3790.0
6609,25,21 a 30,3100.0,Média-Baixa,39,0,2,3100.0,0.0,1320.0
6610,27,21 a 30,9800.0,Média,45,1,0,6800.0,0.0,3390.0
6611,28,21 a 30,1800.0,Baixa,12,0,0,1800.0,0.0,660.0
6612,30,21 a 30,4800.0,Média-Baixa,18,0,1,4800.0,0.0,1620.0
6613,32,31 a 45,2200.0,Baixa,23,1,2,2200.0,0.0,890.0
6614,35,31 a 45,3900.0,Média-Baixa,28,0,0,3900.0,0.0,1450.0
6615,42,31 a 45,11500.0,Média-Alta,34,1,1,11500.0,0.0,3790.0
6616,45,31 a 45,3100.0,Média-Baixa,39,0,2,3100.0,0.0,1320.0
6617,48,46 a 55,9800.0,Média,45,1,0,6800.0,0.0,3390.0
6618,51,46 a 55,24400.0,Alta,50,2,1,22000.0,0.0,7820.0
6619,53,46 a 55,4500.0,Média-Baixa,56,0,2,4500.0,0.0,1910.0
6620,55,46 a 55,9800.0,Média,61,0,0,9800.0,0.0,3550.0
6621,57,Maior que 55,15000.0,Média-Alta,67,2,1,15000.0,0.0,5170.0
6622,62,Maior que 55,6100.0,Média,72,0,2,6100.0,0.0,2550.0
6623,65,Maior que 55,9000.0,Média,78,1,0,9000.0,0.0,3480.0
6624,19,Até 20,17500.0,Média-Alta,83,3,1,17500.0,0.0,6080.0
6625,23,21 a 30,17000.0,Média-Alta,89,1,2,13000.0,0.0,5990.0
6626,25,21 a 30,8500.0,Média,94,1,0,5300.0,0.0,3490.0
6627,27,21 a 30,18300.0,Média-Alta,98,3,1,18300.0,0.0,6470.0
6628,28,21 a 30,1800.0,Baixa,12,0,0,1800.0,0.0,660.0
6629,30,21 a 30,4800.0,Média-Baixa,18,0,1,4800.0,0.0,1620.0
6630,32,31 a 45,2200.0,Baixa,23,1,2,2200.0,0.0,890.0
6631,35,31 a 45,3900.0,Média-Baixa,28,0,0,3900.0,0.0,1450.0
6632,42,31 a 45,11500.0,Média-Alta,34,1,1,11500.0,0.0,3790.0
6633,45,31 a 45,3100.0,Média-Baixa,39,0,2,3100.0,0.0,1320.0
6634,48,46 a 55,9800.0,Média,45,1,0,6800.0,0.0,3390.0
6635,51,46 a 55,1800.0,Baixa,12,0,0,1800.0,0.0,660.0
6636,53,46 a 55,4800.0,Média-Baixa,18,0,1,4800.0,0.0,1620.0
6637,55,46 a 55,2200.0,Baixa,23,1,2,2200.0,0.0,890.0
6638,57,Maior que 55,3900.0,Média-Baixa,28,0,0,3900.0,0.0,1450.0
6639,62,Maior que 55,11500.0,Média-Alta,34,1,1,11500.0,0.0,3790.0
6640,65,Maior que 55,3100.0,Média-Baixa,39,0,2,3100.0,0.0,1320.0
6641,19,Até 20,9800.0,Média,45,1,0,6800.0,0.0,3390.0
6642,23,21 a 30,24400.0,Alta,50,2,1,22000.0,0.0,7820.0
6643,25,21 a 30,4500.0,Média-Baixa,56,0,2,4500.0,0.0,1910.0
6644,27,21 a 30,9800.0,Média,61,0,0,9800.0,0.0,3550.0
6645,28,21 a 30,15000.0,Média-Alta,67,2,1,15000.0,0.0,5170.0
6646,30,21 a 30,6100.0,Média,72,0,2,6100.0,0.0,2550.0
6647,32,31 a 45,9000.0,Média,78,1,0,9000.0,0.0,3480.0
6648,35,31 a 45,17500.0,Média-Alta,83,3,1,17500.0,0.0,6080.0
6649,42,31 a 45,17000.0,Média-Alta,89,1,2,13000.0,0.0,5990.0
6650,45,31 a 45,8500.0,Média,94,1,0,5300.0,0.0,3490.0
6651,48,46 a 55,18300.0,Média-Alta,98,3,1,18300.0,0.0,6470.0
6652,51,46 a 55,1800.0,Baixa,12,0,0,1800.0,0.0,660.0
6653,53,46 a 55,4800.0,Média-Baixa,18,0,1,4800.0,0.0,1620.0
6654,55,46 a 55,2200.0,Baixa,23,1,2,2200.0,0.0,890.0
6655,57,Maior que 55,3900.0,Média-Baixa,28,0,0,3900.0,0.0,1450.0
6656,62,Maior que 55,11500.0,Média-Alta,34,1,1,11500.0,0.0,3790.0
6657,65,Maior que 55,3100.0,Média-Baixa,39,0,2,3100.0,0.0,1320.0
6658,65,Maior que 55,9800.0,Média,45,1,0,6800.0,0.0,3390.0
6659,23,21 a 30,15000.0,Média-Alta,67,2,1,15000.0,0.0,5170.0
6660,28,21 a 30,6100.0,Média,72,0,2,6100.0,0.0,2550.0
6661,30,21 a 30,9000.0,Média,78,1,0,9000.0,0.0,3480.0
6662,32,31 a 45,17500.0,Média-Alta,83,3,1,17500.0,0.0,6080.0
6663,35,31 a 45,17000.0,Média-Alta,89,1,2,13000.0,0.0,5990.0
6664,42,31 a 45,8500.0,Média,94,1,0,5300.0,0.0,3490.0
6665,45,31 a 45,18300.0,Média-Alta,98,3,1,18300.0,0.0,6470.0
6666,48,46 a 55,1800.0,Baixa,12,0,0,1800.0,0.0,660.0
6667,51,46 a 55,4800.0,Média-Baixa,18,0,1,4800.0,0.0,1620.0
6668,53,46 a 55,2200.0,Baixa,23,1,2,2200.0,0.0,890.0
6669,55,46 a 55,3900.0,Média-Baixa,28,0,0,3900.0,0.0,1450.0
6670,57,Maior que 55,11500.0,Média-Alta,34,1,1,11500.0,0.0,3790.0
6671,62,Maior que 55,3100.0,Média-Baixa,39,0,2,3100.0,0.0,1320.0
6672,65,Maior que 55,9800.0,Média,45,1,0,6800.0,0.0,3390.0
6673,19,Até 20,1800.0,Baixa,12,0,0,1800.0,0.0,660.0
6674,23,21 a 30,4800.0,Média-Baixa,18,0,1,4800.0,0.0,1620.0
6675,25,21 a 30,2200.0,Baixa,23,1,2,2200.0,0.0,890.0
6676,27,21 a 30,3900.0,Média-Baixa,28,0,0,3900.0,0.0,1450.0
6677,28,21 a 30,11500.0,Média-Alta,34,1,1,11500.0,0.0,3790.0
6678,30,21 a 30,3100.0,Média-Baixa,39,0,2,3100.0,0.0,1320.0
6679,32,31 a 45,9800.0,Média,45,1,0,6800.0,0.0,3390.0
6680,35,31 a 45,24400.0,Alta,50,2,1,22000.0,0.0,7820.0
6681,42,31 a 45,4500.0,Média-Baixa,56,0,2,4500.0,0.0,1910.0
6682,45,31 a 45,9800.0,Média,61,0,0,9800.0,0.0,3550.0
6683,48,46 a 55,15000.0,Média-Alta,67,2,1,15000.0,0.0,5170.0
6684,51,46 a 55,6100.0,Média,72,0,2,6100.0,0.0,2550.0
6685,53,46 a 55,9000.0,Média,78,1,0,9000.0,0.0,3480.0
6686,55,46 a 55,17500.0,Média-Alta,83,3,1,17500.0,0.0,6080.0
6687,57,Maior que 55,17000.0,Média-Alta,89,1,2,13000.0,0.0,5990.0
6688,62,Maior que 55,8500.0,Média,94,1,0,5300.0,0.0,3490.0
6689,65,Maior que 55,18300.0,Média-Alta,98,3,1,18300.0,0.0,6470.0
6690,19,Até 20,1800.0,Baixa,12,0,0,1800.0,0.0,660.0
6691,23,21 a 30,15000.0,Média-Alta,67,2,1,15000.0,0.0,5170.0
6692,25,21 a 30,6100.0,Média,72,0,2,6100.0,0.0,2550.0
6693,27,21 a 30,9000.0,Média,78,1,0,9000.0,0.0,3480.0
6694,28,21 a 30,17500.0,Média-Alta,83,3,1,17500.0,0.0,6080.0
6695,30,21 a 30,17000.0,Média-Alta,89,1,2,13000.0,0.0,5990.0
6696,32,31 a 45,8500.0,Média,94,1,0,5300.0,0.0,3490.0
6697,35,31 a 45,18300.0,Média-Alta,98,3,1,18300.0,0.0,6470.0
6698,42,31 a 45,1800.0,Baixa,12,0,0,1800.0,0.0,660.0
6699,45,31 a 45,4800.0,Média-Baixa,18,0,1,4800.0,0.0,1620.0
6700,48,46 a 55,2200.0,Baixa,23,1,2,2200.0,0.0,890.0
6701,51,46 a 55,3900.0,Média-Baixa,28,0,0,3900.0,0.0,1450.0
6702,53,46 a 55,11500.0,Média-Alta,34,1,1,11500.0,0.0,3790.0
6703,55,46 a 55,3100.0,Média-Baixa,39,0,2,3100.0,0.0,1320.0
6704,57,Maior que 55,9800.0,Média,45,1,0,6800.0,0.0,3390.0
6705,62,Maior que 55,1800.0,Baixa,12,0,0,1800.0,0.0,660.0
6706,65,Maior que 55,4800.0,Média-Baixa,18,0,1,4800.0,0.0,1620.0
6707,19,Até 20,2200.0,Baixa,23,1,2,2200.0,0.0,890.0
6708,23,21 a 30,3900.0,Média-Baixa,28,0,0,3900.0,0.0,1450.0
6709,25,21 a 30,11500.0,Média-Alta,34,1,1,11500.0,0.0,3790.0
6710,27,21 a 30,3100.0,Média-Baixa,39,0,2,3100.0,0.0,1320.0
6711,28,21 a 30,9800.0,Média,45,1,0,6800.0,0.0,3390.0
6712,30,21 a 30,24400.0,Alta,50,2,1,22000.0,0.0,7820.0
6713,32,31 a 45,4500.0,Média-Baixa,56,0,2,4500.0,0.0,1910.0
6714,35,31 a 45,9800.0,Média,61,0,0,9800.0,0.0,3550.0
6715,42,31 a 45,15000.0,Média-Alta,67,2,1,15000.0,0.0,5170.0
6716,45,31 a 45,6100.0,Média,72,0,2,6100.0,0.0,2550.0
6717,48,46 a 55,9000.0,Média,78,1,0,9000.0,0.0,3480.0
6718,51,46 a 55,17500.0,Média-Alta,83,3,1,17500.0,0.0,6080.0
6719,53,46 a 55,17000.0,Média-Alta,89,1,2,13000.0,0.0,5990.0
6720,55,46 a 55,8500.0,Média,94,1,0,5300.0,0.0,3490.0
6721,57,Maior que 55,18300.0,Média-Alta,98,3,1,18300.0,0.0,6470.0
6722,62,Maior que 55,1800.0,Baixa,12,0,0,1800.0,0.0,660.0
6723,65,Maior que 55,15000.0,Média-Alta,67,2,1,15000.0,0.0,5170.0
6724,19,Até 20,6100.0,Média,72,0,2,6100.0,0.0,2550.0
6725,23,21 a 30,9000.0,Média,78,1,0,9000.0,0.0,3480.0
6726,25,21 a 30,17500.0,Média-Alta,83,3,1,17500.0,0.0,6080.0
6727,27,21 a 30,17000.0,Média-Alta,89,1,2,13000.0,0.0,5990.0
6728,28,21 a 30,8500.0,Média,94,1,0,5300.0,0.0,3490.0
6729,30,21 a 30,18300.0,Média-Alta,98,3,1,18300.0,0.0,6470.0
6730,32,31 a 45,1800.0,Baixa,12,0,0,1800.0,0.0,660.0
6731,35,31 a 45,4800.0,Média-Baixa,18,0,1,4800.0,0.0,1620.0
6732,42,31 a 45,2200.0,Baixa,23,1,2,2200.0,0.0,890.0
6733,45,31 a 45,3900.0,Média-Baixa,28,0,0,3900.0,0.0,1450.0
6734,48,46 a 55,11500.0,Média-Alta,34,1,1,11500.0,0.0,3790.0
6735,51,46 a 55,3100.0,Média-Baixa,39,0,2,3100.0,0.0,1320.0
6736,23,21 a 30,9800.0,Média,45,1,0,6800.0,0.0,3390.0
6737,28,21 a 30,1800.0,Baixa,12,0,0,1800.0,0.0,660.0
6738,30,21 a 30,4800.0,Média-Baixa,18,0,1,4800.0,0.0,1620.0
6739,32,31 a 45,2200.0,Baixa,23,1,2,2200.0,0.0,890.0
6740,35,31 a 45,3900.0,Média-Baixa,28,0,0,3900.0,0.0,1450.0
6741,42,31 a 45,11500.0,Média-Alta,34,1,1,11500.0,0.0,3790.0
6742,45,31 a 45,3100.0,Média-Baixa,39,0,2,3100.0,0.0,1320.0
6743,48,46 a 55,9800.0,Média,45,1,0,6800.0,0.0,3390.0
6744,51,46 a 55,24400.0,Alta,50,2,1,22000.0,0.0,7820.0
6745,53,46 a 55,4500.0,Média-Baixa,56,0,2,4500.0,0.0,1910.0
6746,55,46 a 55,9800.0,Média,61,0,0,9800.0,0.0,3550.0
6747,57,Maior que 55,15000.0,Média-Alta,67,2,1,15000.0,0.0,5170.0
6748,62,Maior que 55,6100.0,Média,72,0,2,6100.0,0.0,2550.0
6749,65,Maior que 55,9000.0,Média,78,1,0,9000.0,0.0,3480.0
6750,19,Até 20,17500.0,Média-Alta,83,3,1,17500.0,0.0,6080.0
6751,23,21 a 30,17000.0,Média-Alta,89,1,2,13000.0,0.0,5990.0
6752,25,21 a 30,8500.0,Média,94,1,0,5300.0,0.0,3490.0
6753,27,21 a 30,18300.0,Média-Alta,98,3,1,18300.0,0.0,6470.0
6754,28,21 a 30,1800.0,Baixa,12,0,0,1800.0,0.0,660.0
6755,30,21 a 30,1800.0,Baixa,12,0,0,1800.0,0.0,660.0
6756,32,31 a 45,4800.0,Média-Baixa,18,0,1,4800.0,0.0,1620.0
6757,35,31 a 45,2200.0,Baixa,23,1,2,2200.0,0.0,890.0
6758,42,31 a 45,3900.0,Média-Baixa,28,0,0,3900.0,0.0,1450.0
6759,45,31 a 45,11500.0,Média-Alta,34,1,1,11500.0,0.0,3790.0
6760,48,46 a 55,3100.0,Média-Baixa,39,0,2,3100.0,0.0,1320.0
6761,51,46 a 55,9800.0,Média,45,1,0,6800.0,0.0,3390.0
6762,53,46 a 55,24400.0,Alta,50,2,1,22000.0,0.0,7820.0
6763,55,46 a 55,4500.0,Média-Baixa,56,0,2,4500.0,0.0,1910.0
6764,57,Maior que 55,9800.0,Média,61,0,0,9800.0,0.0,3550.0
6765,62,Maior que 55,15000.0,Média-Alta,67,2,1,15000.0,0.0,5170.0
6766,65,Maior que 55,6100.0,Média,72,0,2,6100.0,0.0,2550.0
6767,19,Até 20,9000.0,Média,78,1,0,9000.0,0.0,3480.0
6768,23,21 a 30,17500.0,Média-Alta,83,3,1,17500.0,0.0,6080.0
6769,25,21 a 30,17000.0,Média-Alta,89,1,2,13000.0,0.0,5990.0
6770,27,21 a 30,8500.0,Média,94,1,0,5300.0,0.0,3490.0
6771,28,21 a 30,18300.0,Média-Alta,98,3,1,18300.0,0.0,6470.0
6772,30,21 a 30,1800.0,Baixa,12,0,0,1800.0,0.0,660.0
6773,32,31 a 45,4800.0,Média-Baixa,18,0,1,4800.0,0.0,1620.0
6774,35,31 a 45,2200.0,Baixa,23,1,2,2200.0,0.0,890.0
6775,42,31 a 45,3900.0,Média-Baixa,28,0,0,3900.0,0.0,1450.0
6776,45,31 a 45,11500.0,Média-Alta,34,1,1,11500.0,0.0,3790.0
6777,48,46 a 55,3100.0,Média-Baixa,39,0,2,3100.0,0.0,1320.0
6778,51,46 a 55,1800.0,Baixa,12,0,0,1800.0,0.0,660.0
6779,53,46 a 55,4800.0,Média-Baixa,18,0,1,4800.0,0.0,1620.0
6780,55,46 a 55,2200.0,Baixa,23,1,2,2200.0,0.0,890.0
6781,57,Maior que 55,3900.0,Média-Baixa,28,0,0,3900.0,0.0,1450.0
6782,62,Maior que 55,11500.0,Média-Alta,34,1,1,11500.0,0.0,3790.0
6783,65,Maior que 55,3100.0,Média-Baixa,39,0,2,3100.0,0.0,1320.0
6784,19,Até 20,9800.0,Média,45,1,0,6800.0,0.0,3390.0
6785,23,21 a 30,24400.0,Alta,50,2,1,22000.0,0.0,7820.0
6786,25,21 a 30,4500.0,Média-Baixa,56,0,2,4500.0,0.0,1910.0
6787,27,21 a 30,9800.0,Média,61,0,0,9800.0,0.0,3550.0
6788,28,21 a 30,15000.0,Média-Alta,67,2,1,15000.0,0.0,5170.0
6789,30,21 a 30,6100.0,Média,72,0,2,6100.0,0.0,2550.0
6790,32,31 a 45,9000.0,Média,78,1,0,9000.0,0.0,3480.0
6791,35,31 a 45,17500.0,Média-Alta,83,3,1,17500.0,0.0,6080.0
6792,42,31 a 45,17000.0,Média-Alta,89,1,2,13000.0,0.0,5990.0
6793,45,31 a 45,8500.0,Média,94,1,0,5300.0,0.0,3490.0
6794,48,46 a 55,18300.0,Média-Alta,98,3,1,18300.0,0.0,6470.0
6795,51,46 a 55,1800.0,Baixa,12,0,0,1800.0,0.0,660.0
6796,53,46 a 55,4800.0,Média-Baixa,18,0,1,4800.0,0.0,1620.0
6797,55,46 a 55,2200.0,Baixa,23,1,2,2200.0,0.0,890.0
6798,57,Maior que 55,3900.0,Média-Baixa,28,0,0,3900.0,0.0,1450.0
6799,62,Maior que 55,11500.0,Média-Alta,34,1,1,11500.0,0.0,3790.0
6800,65,Maior que 55,3100.0,Média-Baixa,39,0,2,3100.0,0.0,1320.0
6801,19,Até 20,1800.0,Baixa,12,0,0,1800.0,0.0,660.0
6802,23,21 a 30,4800.0,Média-Baixa,18,0,1,4800.0,0.0,1620.0
6803,25,21 a 30,2200.0,Baixa,23,1,2,2200.0,0.0,890.0
6804,27,21 a 30,3900.0,Média-Baixa,28,0,0,3900.0,0.0,1450.0
6805,28,21 a 30,11500.0,Média-Alta,34,1,1,11500.0,0.0,3790.0
6806,30,21 a 30,3100.0,Média-Baixa,39,0,2,3100.0,0.0,1320.0
6807,32,31 a 45,9800.0,Média,45,1,0,6800.0,0.0,3390.0
6808,35,31 a 45,24400.0,Alta,50,2,1,22000.0,0.0,7820.0
6809,42,31 a 45,4500.0,Média-Baixa,56,0,2,4500.0,0.0,1910.0
6810,45,31 a 45,9800.0,Média,61,0,0,9800.0,0.0,3550.0
6811,48,46 a 55,15000.0,Média-Alta,67,2,1,15000.0,0.0,5170.0
6812,51,46 a 55,6100.0,Média,72,0,2,6100.0,0.0,2550.0
6813,23,21 a 30,9000.0,Média,78,1,0,9000.0,0.0,3480.0
6814,28,21 a 30,17500.0,Média-Alta,83,3,1,17500.0,0.0,6080.0
6815,30,21 a 30,17000.0,Média-Alta,89,1,2,13000.0,0.0,5990.0
6816,32,31 a 45,8500.0,Média,94,1,0,5300.0,0.0,3490.0
6817,35,31 a 45,18300.0,Média-Alta,98,3,1,18300.0,0.0,6470.0
6818,42,31 a 45,1800.0,Baixa,12,0,0,1800.0,0.0,660.0
6819,45,31 a 45,4800.0,Média-Baixa,18,0,1,4800.0,0.0,1620.0
6820,48,46 a 55,2200.0,Baixa,23,1,2,2200.0,0.0,890.0
6821,51,46 a 55,3900.0,Média-Baixa,28,0,0,3900.0,0.0,1450.0
6822,53,46 a 55,11500.0,Média-Alta,34,1,1,11500.0,0.0,3790.0
6823,55,46 a 55,3100.0,Média-Baixa,39,0,2,3100.0,0.0,1320.0
6824,57,Maior que 55,1800.0,Baixa,12,0,0,1800.0,0.0,660.0
6825,62,Maior que 55,4800.0,Média-Baixa,18,0,1,4800.0,0.0,1620.0
6826,65,Maior que 55,2200.0,Baixa,23,1,2,2200.0,0.0,890.0
6827,19,Até 20,3900.0,Média-Baixa,28,0,0,3900.0,0.0,1450.0
6828,23,21 a 30,11500.0,Média-Alta,34,1,1,11500.0,0.0,3790.0
6829,25,21 a 30,3100.0,Média-Baixa,39,0,2,3100.0,0.0,1320.0
6830,27,21 a 30,9800.0,Média,45,1,0,6800.0,0.0,3390.0
6831,28,21 a 30,24400.0,Alta,50,2,1,22000.0,0.0,7820.0
6832,30,21 a 30,4500.0,Média-Baixa,56,0,2,4500.0,0.0,1910.0
6833,32,31 a 45,9800.0,Média,61,0,0,9800.0,0.0,3550.0
6834,35,31 a 45,15000.0,Média-Alta,67,2,1,15000.0,0.0,5170.0
6835,42,31 a 45,6100.0,Média,72,0,2,6100.0,0.0,2550.0
6836,45,31 a 45,9000.0,Média,78,1,0,9000.0,0.0,3480.0
6837,48,46 a 55,17500.0,Média-Alta,83,3,1,17500.0,0.0,6080.0
6838,51,46 a 55,17000.0,Média-Alta,89,1,2,13000.0,0.0,5990.0
6839,53,46 a 55,8500.0,Média,94,1,0,5300.0,0.0,3490.0
6840,55,46 a 55,18300.0,Média-Alta,98,3,1,18300.0,0.0,6470.0
6841,57,Maior que 55,1800.0,Baixa,12,0,0,1800.0,0.0,660.0
6842,62,Maior que 55,4800.0,Média-Baixa,18,0,1,4800.0,0.0,1620.0
6843,65,Maior que 55,2200.0,Baixa,23,1,2,2200.0,0.0,890.0
6844,19,Até 20,3900.0,Média-Baixa,28,0,0,3900.0,0.0,1450.0
6845,23,21 a 30,11500.0,Média-Alta,34,1,1,11500.0,0.0,3790.0
6846,25,21 a 30,3100.0,Média-Baixa,39,0,2,3100.0,0.0,1320.0
6847,27,21 a 30,1800.0,Baixa,12,0,0,1800.0,0.0,660.0
6848,28,21 a 30,4800.0,Média-Baixa,18,0,1,4800.0,0.0,1620.0
6849,30,21 a 30,2200.0,Baixa,23,1,2,2200.0,0.0,890.0
6850,32,31 a 45,3900.0,Média-Baixa,28,0,0,3900.0,0.0,1450.0
6851,35,31 a 45,11500.0,Média-Alta,34,1,1,11500.0,0.0,3790.0
6852,42,31 a 45,3100.0,Média-Baixa,39,0,2,3100.0,0.0,1320.0
6853,45,31 a 45,9800.0,Média,45,1,0,6800.0,0.0,3390.0
6854,48,46 a 55,24400.0,Alta,50,2,1,22000.0,0.0,7820.0
6855,51,46 a 55,4500.0,Média-Baixa,56,0,2,4500.0,0.0,1910.0
6856,53,46 a 55,9800.0,Média,61,0,0,9800.0,0.0,3550.0
6857,55,46 a 55,15000.0,Média-Alta,67,2,1,15000.0,0.0,5170.0
6858,57,Maior que 55,6100.0,Média,72,0,2,6100.0,0.0,2550.0
6859,62,Maior que 55,9000.0,Média,78,1,0,9000.0,0.0,3480.0
6860,65,Maior que 55,17500.0,Média-Alta,83,3,1,17500.0,0.0,6080.0
6861,19,Até 20,17000.0,Média-Alta,89,1,2,13000.0,0.0,5990.0
6862,23,21 a 30,8500.0,Média,94,1,0,5300.0,0.0,3490.0
6863,25,21 a 30,18300.0,Média-Alta,98,3,1,18300.0,0.0,6470.0
6864,27,21 a 30,1800.0,Baixa,12,0,0,1800.0,0.0,660.0
6865,28,21 a 30,4800.0,Média-Baixa,18,0,1,4800.0,0.0,1620.0
6866,30,21 a 30,2200.0,Baixa,23,1,2,2200.0,0.0,890.0
6867,32,31 a 45,3900.0,Média-Baixa,28,0,0,3900.0,0.0,1450.0
6868,35,31 a 45,11500.0,Média-Alta,34,1,1,11500.0,0.0,3790.0
6869,42,31 a 45,3100.0,Média-Baixa,39,0,2,3100.0,0.0,1320.0
6870,45,31 a 45,1800.0,Baixa,12,0,0,1800.0,0.0,660.0
6871,48,46 a 55,4800.0,Média-Baixa,18,0,1,4800.0,0.0,1620.0
6872,51,46 a 55,2200.0,Baixa,23,1,2,2200.0,0.0,890.0
6873,53,46 a 55,3900.0,Média-Baixa,28,0,0,3900.0,0.0,1450.0
6874,55,46 a 55,11500.0,Média-Alta,34,1,1,11500.0,0.0,3790.0
6875,57,Maior que 55,3100.0,Média-Baixa,39,0,2,3100.0,0.0,1320.0
6876,62,Maior que 55,9800.0,Média,45,1,0,6800.0,0.0,3390.0
6877,65,Maior que 55,24400.0,Alta,50,2,1,22000.0,0.0,7820.0
6878,19,Até 20,4500.0,Média-Baixa,56,0,2,4500.0,0.0,1910.0
6879,23,21 a 30,9800.0,Média,61,0,0,9800.0,0.0,3550.0
6880,25,21 a 30,15000.0,Média-Alta,67,2,1,15000.0,0.0,5170.0
6881,27,21 a 30,6100.0,Média,72,0,2,6100.0,0.0,2550.0
6882,28,21 a 30,9000.0,Média,78,1,0,9000.0,0.0,3480.0
6883,30,21 a 30,17500.0,Média-Alta,83,3,1,17500.0,0.0,6080.0
6884,32,31 a 45,17000.0,Média-Alta,89,1,2,13000.0,0.0,5990.0
6885,35,31 a 45,8500.0,Média,94,1,0,5300.0,0.0,3490.0
6886,42,31 a 45,18300.0,Média-Alta,98,3,1,18300.0,0.0,6470.0
6887,45,31 a 45,1800.0,Baixa,12,0,0,1800.0,0.0,660.0
6888,48,46 a 55,4800.0,Média-Baixa,18,0,1,4800.0,0.0,1620.0
6889,51,46 a 55,2200.0,Baixa,23,1,2,2200.0,0.0,890.0
6890,23,21 a 30,3900.0,Média-Baixa,28,0,0,3900.0,0.0,1450.0
6891,28,21 a 30,11500.0,Média-Alta,34,1,1,11500.0,0.0,3790.0
6892,30,21 a 30,3100.0,Média-Baixa,39,0,2,3100.0,0.0,1320.0
6893,32,31 a 45,1800.0,Baixa,12,0,0,1800.0,0.0,660.0
6894,35,31 a 45,4800.0,Média-Baixa,18,0,1,4800.0,0.0,1620.0
6895,42,31 a 45,2200.0,Baixa,23,1,2,2200.0,0.0,890.0
6896,45,31 a 45,3900.0,Média-Baixa,28,0,0,3900.0,0.0,1450.0
6897,48,46 a 55,11500.0,Média-Alta,34,1,1,11500.0,0.0,3790.0
6898,51,46 a 55,3100.0,Média-Baixa,39,0,2,3100.0,0.0,1320.0
6899,53,46 a 55,9800.0,Média,45,1,0,6800.0,0.0,3390.0
6900,55,46 a 55,24400.0,Alta,50,2,1,22000.0,0.0,7820.0
6901,57,Maior que 55,4500.0,Média-Baixa,56,0,2,4500.0,0.0,1910.0
6902,62,Maior que 55,9800.0,Média,61,0,0,9800.0,0.0,3550.0
6903,65,Maior que 55,15000.0,Média-Alta,67,2,1,15000.0,0.0,5170.0
6904,19,Até 20,6100.0,Média,72,0,2,6100.0,0.0,2550.0
6905,23,21 a 30,9000.0,Média,78,1,0,9000.0,0.0,3480.0
6906,25,21 a 30,17500.0,Média-Alta,83,3,1,17500.0,0.0,6080.0
6907,27,21 a 30,17000.0,Média-Alta,89,1,2,13000.0,0.0,5990.0
6908,28,21 a 30,8500.0,Média,94,1,0,5300.0,0.0,3490.0
6909,30,21 a 30,18300.0,Média-Alta,98,3,1,18300.0,0.0,6470.0
6910,32,31 a 45,1800.0,Baixa,12,0,0,1800.0,0.0,660.0
6911,35,31 a 45,4800.0,Média-Baixa,18,0,1,4800.0,0.0,1620.0
6912,42,31 a 45,2200.0,Baixa,23,1,2,2200.0,0.0,890.0
6913,45,31 a 45,3900.0,Média-Baixa,28,0,0,3900.0,0.0,1450.0
6914,48,46 a 55,11500.0,Média-Alta,34,1,1,11500.0,0.0,3790.0
6915,51,46 a 55,3100.0,Média-Baixa,39,0,2,3100.0,0.0,1320.0
6916,53,46 a 55,1800.0,Baixa,12,0,0,1800.0,0.0,660.0
6917,55,46 a 55,4800.0,Média-Baixa,18,0,1,4800.0,0.0,1620.0
6918,57,Maior que 55,2200.0,Baixa,23,1,2,2200.0,0.0,890.0
6919,62,Maior que 55,3900.0,Média-Baixa,28,0,0,3900.0,0.0,1450.0
6920,65,Maior que 55,11500.0,Média-Alta,34,1,1,11500.0,0.0,3790.0
6921,19,Até 20,3100.0,Média-Baixa,39,0,2,3100.0,0.0,1320.0
6922,23,21 a 30,9800.0,Média,45,1,0,6800.0,0.0,3390.0
6923,25,21 a 30,24400.0,Alta,50,2,1,22000.0,0.0,7820.0
6924,27,21 a 30,4500.0,Média-Baixa,56,0,2,4500.0,0.0,1910.0
6925,28,21 a 30,9800.0,Média,61,0,0,9800.0,0.0,3550.0
6926,30,21 a 30,15000.0,Média-Alta,67,2,1,15000.0,0.0,5170.0
6927,32,31 a 45,6100.0,Média,72,0,2,6100.0,0.0,2550.0
6928,35,31 a 45,9000.0,Média,78,1,0,9000.0,0.0,3480.0
6929,42,31 a 45,17500.0,Média-Alta,83,3,1,17500.0,0.0,6080.0
6930,45,31 a 45,17000.0,Média-Alta,89,1,2,13000.0,0.0,5990.0
6931,48,46 a 55,8500.0,Média,94,1,0,5300.0,0.0,3490.0
6932,51,46 a 55,18300.0,Média-Alta,98,3,1,18300.0,0.0,6470.0
6933,53,46 a 55,1800.0,Baixa,12,0,0,1800.0,0.0,660.0
6934,55,46 a 55,4800.0,Média-Baixa,18,0,1,4800.0,0.0,1620.0
6935,57,Maior que 55,2200.0,Baixa,23,1,2,2200.0,0.0,890.0
6936,62,Maior que 55,3900.0,Média-Baixa,28,0,0,3900.0,0.0,1450.0
6937,65,Maior que 55,11500.0,Média-Alta,34,1,1,11500.0,0.0,3790.0
6938,19,Até 20,3100.0,Média-Baixa,39,0,2,3100.0,0.0,1320.0
6939,23,21 a 30,1800.0,Baixa,12,0,0,1800.0,0.0,660.0
6940,25,21 a 30,4800.0,Média-Baixa,18,0,1,4800.0,0.0,1620.0
6941,27,21 a 30,2200.0,Baixa,23,1,2,2200.0,0.0,890.0
6942,28,21 a 30,3900.0,Média-Baixa,28,0,0,3900.0,0.0,1450.0
6943,30,21 a 30,11500.0,Média-Alta,34,1,1,11500.0,0.0,3790.0
6944,32,31 a 45,3100.0,Média-Baixa,39,0,2,3100.0,0.0,1320.0
6945,35,31 a 45,9800.0,Média,45,1,0,6800.0,0.0,3390.0
6946,42,31 a 45,24400.0,Alta,50,2,1,22000.0,0.0,7820.0
6947,45,31 a 45,4500.0,Média-Baixa,56,0,2,4500.0,0.0,1910.0
6948,48,46 a 55,9800.0,Média,61,0,0,9800.0,0.0,3550.0
6949,51,46 a 55,15000.0,Média-Alta,67,2,1,15000.0,0.0,5170.0
6950,53,46 a 55,6100.0,Média,72,0,2,6100.0,0.0,2550.0
6951,55,46 a 55,9000.0,Média,78,1,0,9000.0,0.0,3480.0
6952,57,Maior que 55,17500.0,Média-Alta,83,3,1,17500.0,0.0,6080.0
6953,62,Maior que 55,17000.0,Média-Alta,89,1,2,13000.0,0.0,5990.0
6954,65,Maior que 55,8500.0,Média,94,1,0,5300.0,0.0,3490.0
6955,19,Até 20,18300.0,Média-Alta,98,3,1,18300.0,0.0,6470.0
6956,23,21 a 30,1800.0,Baixa,12,0,0,1800.0,0.0,660.0
6957,25,21 a 30,4800.0,Média-Baixa,18,0,1,4800.0,0.0,1620.0
6958,27,21 a 30,2200.0,Baixa,23,1,2,2200.0,0.0,890.0
6959,28,21 a 30,3900.0,Média-Baixa,28,0,0,3900.0,0.0,1450.0
6960,30,21 a 30,11500.0,Média-Alta,34,1,1,11500.0,0.0,3790.0
6961,32,31 a 45,3100.0,Média-Baixa,39,0,2,3100.0,0.0,1320.0
6962,35,31 a 45,1800.0,Baixa,12,0,0,1800.0,0.0,660.0
6963,42,31 a 45,4800.0,Média-Baixa,18,0,1,4800.0,0.0,1620.0
6964,45,31 a 45,2200.0,Baixa,23,1,2,2200.0,0.0,890.0
6965,48,46 a 55,3900.0,Média-Baixa,28,0,0,3900.0,0.0,1450.0
6966,51,46 a 55,11500.0,Média-Alta,34,1,1,11500.0,0.0,3790.0
6967,42,31 a 45,3100.0,Média-Baixa,39,0,2,3100.0,0.0,1320.0
6968,45,31 a 45,9800.0,Média,45,1,0,6800.0,0.0,3390.0
6969,48,46 a 55,24400.0,Alta,50,2,1,22000.0,0.0,7820.0
6970,51,46 a 55,4500.0,Média-Baixa,56,0,2,4500.0,0.0,1910.0
6971,48,46 a 55,9800.0,Média,61,0,0,9800.0,0.0,3550.0
6972,51,46 a 55,15000.0,Média-Alta,67,2,1,15000.0,0.0,5170.0
6973,48,46 a 55,6100.0,Média,72,0,2,6100.0,0.0,2550.0
6974,51,46 a 55,9000.0,Média,78,1,0,9000.0,0.0,3480.0
6975,48,46 a 55,17500.0,Média-Alta,83,3,1,17500.0,0.0,6080.0
6976,51,46 a 55,17000.0,Média-Alta,89,1,2,13000.0,0.0,5990.0
6977,48,46 a 55,8500.0,Média,94,1,0,5300.0,0.0,3490.0
6978,51,46 a 55,18300.0,Média-Alta,98,3,1,18300.0,0.0,6470.0
6979,48,46 a 55,1800.0,Baixa,12,0,0,1800.0,0.0,660.0
6980,51,46 a 55,4800.0,Média-Baixa,18,0,1,4800.0,0.0,1620.0
6981,48,46 a 55,2200.0,Baixa,23,1,2,2200.0,0.0,890.0
6982,51,46 a 55,3900.0,Média-Baixa,28,0,0,3900.0,0.0,1450.0
6983,48,46 a 55,11500.0,Média-Alta,34,1,1,11500.0,0.0,3790.0
6984,51,46 a 55,3100.0,Média-Baixa,39,0,2,3100.0,0.0,1320.0
6985,19,Até 20,1800.0,Baixa,12,0,0,1800.0,0.0,660.0
6986,23,21 a 30,4800.0,Média-Baixa,18,0,1,4800.0,0.0,1620.0
6987,25,21 a 30,2200.0,Baixa,23,1,2,2200.0,0.0,890.0
6988,27,21 a 30,3900.0,Média-Baixa,28,0,0,3900.0,0.0,1450.0
6989,28,21 a 30,11500.0,Média-Alta,34,1,1,11500.0,0.0,3790.0
6990,30,21 a 30,3100.0,Média-Baixa,39,0,2,3100.0,0.0,1320.0
6991,32,31 a 45,9800.0,Média,45,1,0,6800.0,0.0,3390.0
6992,35,31 a 45,24400.0,Alta,50,2,1,22000.0,0.0,7820.0
6993,42,31 a 45,4500.0,Média-Baixa,56,0,2,4500.0,0.0,1910.0
6994,45,31 a 45,9800.0,Média,61,0,0,9800.0,0.0,3550.0
6995,48,46 a 55,15000.0,Média-Alta,67,2,1,15000.0,0.0,5170.0
6996,51,46 a 55,6100.0,Média,72,0,2,6100.0,0.0,2550.0
6997,53,46 a 55,9000.0,Média,78,1,0,9000.0,0.0,3480.0
6998,55,46 a 55,17500.0,Média-Alta,83,3,1,17500.0,0.0,6080.0
6999,57,Maior que 55,17000.0,Média-Alta,89,1,2,13000.0,0.0,5990.0
7000,62,Maior que 55,8500.0,Média,94,1,0,5300.0,0.0,3490.0
7001,65,Maior que 55,18300.0,Média-Alta,98,3,1,18300.0,0.0,6470.0
7002,19,Até 20,1800.0,Baixa,12,0,0,1800.0,0.0,660.0
7003,23,21 a 30,4800.0,Média-Baixa,18,0,1,4800.0,0.0,1620.0
7004,25,21 a 30,2200.0,Baixa,23,1,2,2200.0,0.0,890.0
7005,27,21 a 30,3900.0,Média-Baixa,28,0,0,3900.0,0.0,1450.0
7006,28,21 a 30,11500.0,Média-Alta,34,1,1,11500.0,0.0,3790.0
7007,30,21 a 30,3100.0,Média-Baixa,39,0,2,3100.0,0.0,1320.0
7008,32,31 a 45,9800.0,Média,45,1,0,6800.0,0.0,3390.0
7009,35,31 a 45,24400.0,Alta,50,2,1,22000.0,0.0,7820.0
7010,42,31 a 45,4500.0,Média-Baixa,56,0,2,4500.0,0.0,1910.0
7011,45,31 a 45,9800.0,Média,61,0,0,9800.0,0.0,3550.0
7012,48,46 a 55,15000.0,Média-Alta,67,2,1,15000.0,0.0,5170.0
7013,51,46 a 55,6100.0,Média,72,0,2,6100.0,0.0,2550.0
7014,53,46 a 55,9000.0,Média,78,1,0,9000.0,0.0,3480.0
7015,55,46 a 55,17500.0,Média-Alta,83,3,1,17500.0,0.0,6080.0
7016,57,Maior que 55,17000.0,Média-Alta,89,1,2,13000.0,0.0,5990.0
7017,62,Maior que 55,8500.0,Média,94,1,0,5300.0,0.0,3490.0
7018,65,Maior que 55,18300.0,Média-Alta,98,3,1,18300.0,0.0,6470.0
7019,19,Até 20,1800.0,Baixa,12,0,0,1800.0,0.0,660.0
7020,23,21 a 30,4800.0,Média-Baixa,18,0,1,4800.0,0.0,1620.0
7021,25,21 a 30,2200.0,Baixa,23,1,2,2200.0,0.0,890.0
7022,27,21 a 30,3900.0,Média-Baixa,28,0,0,3900.0,0.0,1450.0
7023,28,21 a 30,11500.0,Média-Alta,34,1,1,11500.0,0.0,3790.0
7024,30,21 a 30,3100.0,Média-Baixa,39,0,2,3100.0,0.0,1320.0
7025,32,31 a 45,9800.0,Média,45,1,0,6800.0,0.0,3390.0
7026,35,31 a 45,24400.0,Alta,50,2,1,22000.0,0.0,7820.0
7027,42,31 a 45,4500.0,Média-Baixa,56,0,2,4500.0,0.0,1910.0
7028,45,31 a 45,9800.0,Média,61,0,0,9800.0,0.0,3550.0
7029,48,46 a 55,15000.0,Média-Alta,67,2,1,15000.0,0.0,5170.0
7030,51,46 a 55,6100.0,Média,72,0,2,6100.0,0.0,2550.0
7031,53,46 a 55,9000.0,Média,78,1,0,9000.0,0.0,3480.0
7032,55,46 a 55,17500.0,Média-Alta,83,3,1,17500.0,0.0,6080.0
7033,57,Maior que 55,17000.0,Média-Alta,89,1,2,13000.0,0.0,5990.0
7034,62,Maior que 55,8500.0,Média,94,1,0,5300.0,0.0,3490.0
7035,65,Maior que 55,18300.0,Média-Alta,98,3,1,18300.0,0.0,6470.0
7036,19,Até 20,1800.0,Baixa,12,0,0,1800.0,0.0,660.0
7037,23,21 a 30,4800.0,Média-Baixa,18,0,1,4800.0,0.0,1620.0
7038,25,21 a 30,2200.0,Baixa,23,1,2,2200.0,0.0,890.0
7039,27,21 a 30,3900.0,Média-Baixa,28,0,0,3900.0,0.0,1450.0
7040,28,21 a 30,11500.0,Média-Alta,34,1,1,11500.0,0.0,3790.0
7041,30,21 a 30,3100.0,Média-Baixa,39,0,2,3100.0,0.0,1320.0
7042,32,31 a 45,9800.0,Média,45,1,0,6800.0,0.0,3390.0
7043,35,31 a 45,24400.0,Alta,50,2,1,22000.0,0.0,7820.0
7044,42,31 a 45,4500.0,Média-Baixa,56,0,2,4500.0,0.0,1910.0
7045,45,31 a 45,9800.0,Média,61,0,0,9800.0,0.0,3550.0
7046,48,46 a 55,15000.0,Média-Alta,67,2,1,15000.0,0.0,5170.0
7047,51,46 a 55,6100.0,Média,72,0,2,6100.0,0.0,2550.0
7048,53,46 a 55,9000.0,Média,78,1,0,9000.0,0.0,3480.0
7049,55,46 a 55,17500.0,Média-Alta,83,3,1,17500.0,0.0,6080.0
7050,57,Maior que 55,17000.0,Média-Alta,89,1,2,13000.0,0.0,5990.0
7051,62,Maior que 55,8500.0,Média,94,1,0,5300.0,0.0,3490.0
7052,65,Maior que 55,18300.0,Média-Alta,98,3,1,18300.0,0.0,6470.0
7053,19,Até 20,1800.0,Baixa,12,0,0,1800.0,0.0,660.0
7054,23,21 a 30,4800.0,Média-Baixa,18,0,1,4800.0,0.0,1620.0
7055,25,21 a 30,2200.0,Baixa,23,1,2,2200.0,0.0,890.0
7056,27,21 a 30,3900.0,Média-Baixa,28,0,0,3900.0,0.0,1450.0
7057,28,21 a 30,11500.0,Média-Alta,34,1,1,11500.0,0.0,3790.0
7058,30,21 a 30,3100.0,Média-Baixa,39,0,2,3100.0,0.0,1320.0
7059,32,31 a 45,9800.0,Média,45,1,0,6800.0,0.0,3390.0
7060,35,31 a 45,24400.0,Alta,50,2,1,22000.0,0.0,7820.0
7061,42,31 a 45,4500.0,Média-Baixa,56,0,2,4500.0,0.0,1910.0
7062,45,31 a 45,9800.0,Média,61,0,0,9800.0,0.0,3550.0
7063,48,46 a 55,15000.0,Média-Alta,67,2,1,15000.0,0.0,5170.0
7064,51,46 a 55,6100.0,Média,72,0,2,6100.0,0.0,2550.0
7065,53,46 a 55,9000.0,Média,78,1,0,9000.0,0.0,3480.0
7066,55,46 a 55,17500.0,Média-Alta,83,3,1,17500.0,0.0,6080.0
7067,57,Maior que 55,17000.0,Média-Alta,89,1,2,13000.0,0.0,5990.0
7068,62,Maior que 55,8500.0,Média,94,1,0,5300.0,0.0,3490.0
7069,65,Maior que 55,18300.0,Média-Alta,98,3,1,18300.0,0.0,6470.0
7070,19,Até 20,1800.0,Baixa,12,0,0,1800.0,0.0,660.0
7071,23,21 a 30,4800.0,Média-Baixa,18,0,1,4800.0,0.0,1620.0
7072,25,21 a 30,2200.0,Baixa,23,1,2,2200.0,0.0,890.0
7073,27,21 a 30,3900.0,Média-Baixa,28,0,0,3900.0,0.0,1450.0
7074,28,21 a 30,11500.0,Média-Alta,34,1,1,11500.0,0.0,3790.0
7075,30,21 a 30,3100.0,Média-Baixa,39,0,2,3100.0,0.0,1320.0
7076,32,31 a 45,9800.0,Média,45,1,0,6800.0,0.0,3390.0
7077,35,31 a 45,24400.0,Alta,50,2,1,22000.0,0.0,7820.0
7078,42,31 a 45,4500.0,Média-Baixa,56,0,2,4500.0,0.0,1910.0
7079,45,31 a 45,9800.0,Média,61,0,0,9800.0,0.0,3550.0
7080,48,46 a 55,15000.0,Média-Alta,67,2,1,15000.0,0.0,5170.0
7081,51,46 a 55,6100.0,Média,72,0,2,6100.0,0.0,2550.0
7082,53,46 a 55,9000.0,Média,78,1,0,9000.0,0.0,3480.0
7083,55,46 a 55,17500.0,Média-Alta,83,3,1,17500.0,0.0,6080.0
7084,57,Maior que 55,17000.0,Média-Alta,89,1,2,13000.0,0.0,5990.0
7085,62,Maior que 55,8500.0,Média,94,1,0,5300.0,0.0,3490.0
7086,65,Maior que 55,18300.0,Média-Alta,98,3,1,18300.0,0.0,6470.0
7087,19,Até 20,1800.0,Baixa,12,0,0,1800.0,0.0,660.0
7088,23,21 a 30,4800.0,Média-Baixa,18,0,1,4800.0,0.0,1620.0
7089,25,21 a 30,2200.0,Baixa,23,1,2,2200.0,0.0,890.0
7090,27,21 a 30,3900.0,Média-Baixa,28,0,0,3900.0,0.0,1450.0
7091,28,21 a 30,11500.0,Média-Alta,34,1,1,11500.0,0.0,3790.0
7092,30,21 a 30,3100.0,Média-Baixa,39,0,2,3100.0,0.0,1320.0
7093,32,31 a 45,9800.0,Média,45,1,0,6800.0,0.0,3390.0
7094,35,31 a 45,24400.0,Alta,50,2,1,22000.0,0.0,7820.0
7095,42,31 a 45,4500.0,Média-Baixa,56,0,2,4500.0,0.0,1910.0
7096,45,31 a 45,9800.0,Média,61,0,0,9800.0,0.0,3550.0
7097,48,46 a 55,15000.0,Média-Alta,67,2,1,15000.0,0.0,5170.0
7098,51,46 a 55,6100.0,Média,72,0,2,6100.0,0.0,2550.0
7099,53,46 a 55,9000.0,Média,78,1,0,9000.0,0.0,3480.0
7100,55,46 a 55,17500.0,Média-Alta,83,3,1,17500.0,0.0,6080.0
7101,57,Maior que 55,17000.0,Média-Alta,89,1,2,13000.0,0.0,5990.0
7102,62,Maior que 55,8500.0,Média,94,1,0,5300.0,0.0,3490.0
7103,65,Maior que 55,18300.0,Média-Alta,98,3,1,18300.0,0.0,6470.0
7104,19,Até 20,1800.0,Baixa,12,0,0,1800.0,0.0,660.0
7105,23,21 a 30,4800.0,Média-Baixa,18,0,1,4800.0,0.0,1620.0
7106,25,21 a 30,2200.0,Baixa,23,1,2,2200.0,0.0,890.0
7107,27,21 a 30,3900.0,Média-Baixa,28,0,0,3900.0,0.0,1450.0
7108,28,21 a 30,11500.0,Média-Alta,34,1,1,11500.0,0.0,3790.0
7109,30,21 a 30,3100.0,Média-Baixa,39,0,2,3100.0,0.0,1320.0
7110,32,31 a 45,9800.0,Média,45,1,0,6800.0,0.0,3390.0
7111,35,31 a 45,24400.0,Alta,50,2,1,22000.0,0.0,7820.0
7112,42,31 a 45,4500.0,Média-Baixa,56,0,2,4500.0,0.0,1910.0
7113,45,31 a 45,9800.0,Média,61,0,0,9800.0,0.0,3550.0
7114,48,46 a 55,15000.0,Média-Alta,67,2,1,15000.0,0.0,5170.0
7115,51,46 a 55,6100.0,Média,72,0,2,6100.0,0.0,2550.0
7116,53,46 a 55,9000.0,Média,78,1,0,9000.0,0.0,3480.0
7117,55,46 a 55,17500.0,Média-Alta,83,3,1,17500.0,0.0,6080.0
7118,57,Maior que 55,17000.0,Média-Alta,89,1,2,13000.0,0.0,5990.0
7119,62,Maior que 55,8500.0,Média,94,1,0,5300.0,0.0,3490.0
7120,65,Maior que 55,18300.0,Média-Alta,98,3,1,18300.0,0.0,6470.0
7121,19,Até 20,1800.0,Baixa,12,0,0,1800.0,0.0,660.0
7122,23,21 a 30,4800.0,Média-Baixa,18,0,1,4800.0,0.0,1620.0
7123,25,21 a 30,2200.0,Baixa,23,1,2,2200.0,0.0,890.0
7124,27,21 a 30,3900.0,Média-Baixa,28,0,0,3900.0,0.0,1450.0
7125,28,21 a 30,11500.0,Média-Alta,34,1,1,11500.0,0.0,3790.0
7126,30,21 a 30,3100.0,Média-Baixa,39,0,2,3100.0,0.0,1320.0
7127,32,31 a 45,9800.0,Média,45,1,0,6800.0,0.0,3390.0
7128,35,31 a 45,24400.0,Alta,50,2,1,22000.0,0.0,7820.0
7129,42,31 a 45,4500.0,Média-Baixa,56,0,2,4500.0,0.0,1910.0
7130,45,31 a 45,9800.0,Média,61,0,0,9800.0,0.0,3550.0
7131,48,46 a 55,15000.0,Média-Alta,67,2,1,15000.0,0.0,5170.0
7132,51,46 a 55,6100.0,Média,72,0,2,6100.0,0.0,2550.0
7133,53,46 a 55,9000.0,Média,78,1,0,9000.0,0.0,3480.0
7134,55,46 a 55,17500.0,Média-Alta,83,3,1,17500.0,0.0,6080.0
7135,57,Maior que 55,17000.0,Média-Alta,89,1,2,13000.0,0.0,5990.0
7136,62,Maior que 55,8500.0,Média,94,1,0,5300.0,0.0,3490.0
7137,65,Maior que 55,18300.0,Média-Alta,98,3,1,18300.0,0.0,6470.0
7138,19,Até 20,1800.0,Baixa,12,0,0,1800.0,0.0,660.0
7139,23,21 a 30,4800.0,Média-Baixa,18,0,1,4800.0,0.0,1620.0
7140,25,21 a 30,2200.0,Baixa,23,1,2,2200.0,0.0,890.0
7141,27,21 a 30,3900.0,Média-Baixa,28,0,0,3900.0,0.0,1450.0
7142,28,21 a 30,11500.0,Média-Alta,34,1,1,11500.0,0.0,3790.0
7143,30,21 a 30,3100.0,Média-Baixa,39,0,2,3100.0,0.0,1320.0
7144,32,31 a 45,9800.0,Média,45,1,0,6800.0,0.0,3390.0
7145,35,31 a 45,1800.0,Baixa,12,0,0,1800.0,0.0,660.0
7146,42,31 a 45,4800.0,Média-Baixa,18,0,1,4800.0,0.0,1620.0
7147,45,31 a 45,2200.0,Baixa,23,1,2,2200.0,0.0,890.0
7148,48,46 a 55,3900.0,Média-Baixa,28,0,0,3900.0,0.0,1450.0
7149,51,46 a 55,11500.0,Média-Alta,34,1,1,11500.0,0.0,3790.0
7150,53,46 a 55,3100.0,Média-Baixa,39,0,2,3100.0,0.0,1320.0
7151,55,46 a 55,9800.0,Média,45,1,0,6800.0,0.0,3390.0
7152,57,Maior que 55,24400.0,Alta,50,2,1,22000.0,0.0,7820.0
7153,62,Maior que 55,4500.0,Média-Baixa,56,0,2,4500.0,0.0,1910.0
7154,65,Maior que 55,9800.0,Média,61,0,0,9800.0,0.0,3550.0
7155,19,Até 20,15000.0,Média-Alta,67,2,1,15000.0,0.0,5170.0
7156,23,21 a 30,6100.0,Média,72,0,2,6100.0,0.0,2550.0
7157,25,21 a 30,9000.0,Média,78,1,0,9000.0,0.0,3480.0
7158,37,31 a 45,17500.0,Média-Alta,83,3,1,17500.0,0.0,6080.0
7159,28,21 a 30,17000.0,Média-Alta,89,1,2,13000.0,0.0,5990.0
7160,30,21 a 30,8500.0,Média,94,1,0,5300.0,0.0,3490.0
7161,32,31 a 45,18300.0,Média-Alta,98,3,1,18300.0,0.0,6470.0
7162,35,31 a 45,1800.0,Baixa,12,0,0,1800.0,0.0,660.0
7163,42,31 a 45,4800.0,Média-Baixa,18,0,1,4800.0,0.0,1620.0
7164,45,31 a 45,2200.0,Baixa,23,1,2,2200.0,0.0,890.0
7165,48,46 a 55,3900.0,Média-Baixa,28,0,0,3900.0,0.0,1450.0
7166,51,46 a 55,11500.0,Média-Alta,34,1,1,11500.0,0.0,3790.0
7167,53,46 a 55,3100.0,Média-Baixa,39,0,2,3100.0,0.0,1320.0
7168,55,46 a 55,9800.0,Média,45,1,0,6800.0,0.0,3390.0
7169,57,Maior que 55,1800.0,Baixa,12,0,0,1800.0,0.0,660.0
7170,62,Maior que 55,4800.0,Média-Baixa,18,0,1,4800.0,0.0,1620.0
7171,65,Maior que 55,2200.0,Baixa,23,1,2,2200.0,0.0,890.0
7172,19,Até 20,3900.0,Média-Baixa,28,0,0,3900.0,0.0,1450.0
7173,23,21 a 30,11500.0,Média-Alta,34,1,1,11500.0,0.0,3790.0
7174,25,21 a 30,3100.0,Média-Baixa,39,0,2,3100.0,0.0,1320.0
7175,27,21 a 30,9800.0,Média,45,1,0,6800.0,0.0,3390.0
7176,28,21 a 30,24400.0,Alta,50,2,1,22000.0,0.0,7820.0
7177,30,21 a 30,4500.0,Média-Baixa,56,0,2,4500.0,0.0,1910.0
7178,32,31 a 45,9800.0,Média,61,0,0,9800.0,0.0,3550.0
7179,35,31 a 45,15000.0,Média-Alta,67,2,1,15000.0,0.0,5170.0
7180,42,31 a 45,6100.0,Média,72,0,2,6100.0,0.0,2550.0
7181,45,31 a 45,9000.0,Média,78,1,0,9000.0,0.0,3480.0
7182,48,46 a 55,17500.0,Média-Alta,83,3,1,17500.0,0.0,6080.0
7183,51,46 a 55,17000.0,Média-Alta,89,1,2,13000.0,0.0,5990.0
7184,53,46 a 55,8500.0,Média,94,1,0,5300.0,0.0,3490.0
7185,55,46 a 55,18300.0,Média-Alta,98,3,1,18300.0,0.0,6470.0
7186,57,Maior que 55,1800.0,Baixa,12,0,0,1800.0,0.0,660.0
7187,62,Maior que 55,4800.0,Média-Baixa,18,0,1,4800.0,0.0,1620.0
7188,65,Maior que 55,2200.0,Baixa,23,1,2,2200.0,0.0,890.0
7189,19,Até 20,3900.0,Média-Baixa,28,0,0,3900.0,0.0,1450.0
7190,23,21 a 30,11500.0,Média-Alta,34,1,1,11500.0,0.0,3790.0
7191,25,21 a 30,3100.0,Média-Baixa,39,0,2,3100.0,0.0,1320.0
7192,27,21 a 30,9800.0,Média,45,1,0,6800.0,0.0,3390.0
7193,28,21 a 30,1800.0,Baixa,12,0,0,1800.0,0.0,660.0
7194,30,21 a 30,4800.0,Média-Baixa,18,0,1,4800.0,0.0,1620.0
7195,32,31 a 45,2200.0,Baixa,23,1,2,2200.0,0.0,890.0
7196,35,31 a 45,3900.0,Média-Baixa,28,0,0,3900.0,0.0,1450.0
7197,42,31 a 45,11500.0,Média-Alta,34,1,1,11500.0,0.0,3790.0
7198,45,31 a 45,3100.0,Média-Baixa,39,0,2,3100.0,0.0,1320.0
7199,48,46 a 55,9800.0,Média,45,1,0,6800.0,0.0,3390.0
7200,51,46 a 55,24400.0,Alta,50,2,1,22000.0,0.0,7820.0
7201,53,46 a 55,4500.0,Média-Baixa,56,0,2,4500.0,0.0,1910.0
7202,55,46 a 55,9800.0,Média,61,0,0,9800.0,0.0,3550.0
7203,57,Maior que 55,15000.0,Média-Alta,67,2,1,15000.0,0.0,5170.0
7204,62,Maior que 55,6100.0,Média,72,0,2,6100.0,0.0,2550.0
7205,65,Maior que 55,9000.0,Média,78,1,0,9000.0,0.0,3480.0
7206,19,Até 20,17500.0,Média-Alta,83,3,1,17500.0,0.0,6080.0
7207,23,21 a 30,17000.0,Média-Alta,89,1,2,13000.0,0.0,5990.0
7208,25,21 a 30,8500.0,Média,94,1,0,5300.0,0.0,3490.0
7209,27,21 a 30,18300.0,Média-Alta,98,3,1,18300.0,0.0,6470.0
7210,28,21 a 30,1800.0,Baixa,12,0,0,1800.0,0.0,660.0
7211,30,21 a 30,4800.0,Média-Baixa,18,0,1,4800.0,0.0,1620.0
7212,32,31 a 45,2200.0,Baixa,23,1,2,2200.0,0.0,890.0
7213,35,31 a 45,3900.0,Média-Baixa,28,0,0,3900.0,0.0,1450.0
7214,42,31 a 45,11500.0,Média-Alta,34,1,1,11500.0,0.0,3790.0
7215,45,31 a 45,3100.0,Média-Baixa,39,0,2,3100.0,0.0,1320.0
7216,48,46 a 55,9800.0,Média,45,1,0,6800.0,0.0,3390.0
7217,51,46 a 55,1800.0,Baixa,12,0,0,1800.0,0.0,660.0
7218,53,46 a 55,4800.0,Média-Baixa,18,0,1,4800.0,0.0,1620.0
7219,55,46 a 55,2200.0,Baixa,23,1,2,2200.0,0.0,890.0
7220,57,Maior que 55,3900.0,Média-Baixa,28,0,0,3900.0,0.0,1450.0
7221,62,Maior que 55,11500.0,Média-Alta,34,1,1,11500.0,0.0,3790.0
7222,65,Maior que 55,3100.0,Média-Baixa,39,0,2,3100.0,0.0,1320.0
7223,19,Até 20,9800.0,Média,45,1,0,6800.0,0.0,3390.0
7224,23,21 a 30,24400.0,Alta,50,2,1,22000.0,0.0,7820.0
7225,25,21 a 30,4500.0,Média-Baixa,56,0,2,4500.0,0.0,1910.0
7226,27,21 a 30,9800.0,Média,61,0,0,9800.0,0.0,3550.0
7227,28,21 a 30,15000.0,Média-Alta,67,2,1,15000.0,0.0,5170.0
7228,30,21 a 30,6100.0,Média,72,0,2,6100.0,0.0,2550.0
7229,32,31 a 45,9000.0,Média,78,1,0,9000.0,0.0,3480.0
7230,35,31 a 45,17500.0,Média-Alta,83,3,1,17500.0,0.0,6080.0
7231,42,31 a 45,17000.0,Média-Alta,89,1,2,13000.0,0.0,5990.0
7232,45,31 a 45,8500.0,Média,94,1,0,5300.0,0.0,3490.0
7233,48,46 a 55,18300.0,Média-Alta,98,3,1,18300.0,0.0,6470.0
7234,51,46 a 55,1800.0,Baixa,12,0,0,1800.0,0.0,660.0
7235,53,46 a 55,4800.0,Média-Baixa,18,0,1,4800.0,0.0,1620.0
7236,55,46 a 55,2200.0,Baixa,23,1,2,2200.0,0.0,890.0
7237,57,Maior que 55,3900.0,Média-Baixa,28,0,0,3900.0,0.0,1450.0
7238,62,Maior que 55,11500.0,Média-Alta,34,1,1,11500.0,0.0,3790.0
7239,65,Maior que 55,3100.0,Média-Baixa,39,0,2,3100.0,0.0,1320.0
7240,65,Maior que 55,9800.0,Média,45,1,0,6800.0,0.0,3390.0
7241,23,21 a 30,15000.0,Média-Alta,67,2,1,15000.0,0.0,5170.0
7242,28,21 a 30,6100.0,Média,72,0,2,6100.0,0.0,2550.0
7243,30,21 a 30,9000.0,Média,78,1,0,9000.0,0.0,3480.0
7244,32,31 a 45,17500.0,Média-Alta,83,3,1,17500.0,0.0,6080.0
7245,35,31 a 45,17000.0,Média-Alta,89,1,2,13000.0,0.0,5990.0
7246,42,31 a 45,8500.0,Média,94,1,0,5300.0,0.0,3490.0
7247,45,31 a 45,18300.0,Média-Alta,98,3,1,18300.0,0.0,6470.0
7248,48,46 a 55,1800.0,Baixa,12,0,0,1800.0,0.0,660.0
7249,51,46 a 55,4800.0,Média-Baixa,18,0,1,4800.0,0.0,1620.0
7250,53,46 a 55,2200.0,Baixa,23,1,2,2200.0,0.0,890.0
7251,55,46 a 55,3900.0,Média-Baixa,28,0,0,3900.0,0.0,1450.0
7252,57,Maior que 55,11500.0,Média-Alta,34,1,1,11500.0,0.0,3790.0
7253,62,Maior que 55,3100.0,Média-Baixa,39,0,2,3100.0,0.0,1320.0
7254,65,Maior que 55,9800.0,Média,45,1,0,6800.0,0.0,3390.0
7255,19,Até 20,1800.0,Baixa,12,0,0,1800.0,0.0,660.0
7256,23,21 a 30,4800.0,Média-Baixa,18,0,1,4800.0,0.0,1620.0
7257,25,21 a 30,2200.0,Baixa,23,1,2,2200.0,0.0,890.0
7258,27,21 a 30,3900.0,Média-Baixa,28,0,0,3900.0,0.0,1450.0
7259,28,21 a 30,11500.0,Média-Alta,34,1,1,11500.0,0.0,3790.0
7260,30,21 a 30,3100.0,Média-Baixa,39,0,2,3100.0,0.0,1320.0
7261,32,31 a 45,9800.0,Média,45,1,0,6800.0,0.0,3390.0
7262,35,31 a 45,24400.0,Alta,50,2,1,22000.0,0.0,7820.0
7263,42,31 a 45,4500.0,Média-Baixa,56,0,2,4500.0,0.0,1910.0
7264,45,31 a 45,9800.0,Média,61,0,0,9800.0,0.0,3550.0
7265,48,46 a 55,15000.0,Média-Alta,67,2,1,15000.0,0.0,5170.0
7266,51,46 a 55,6100.0,Média,72,0,2,6100.0,0.0,2550.0
7267,53,46 a 55,9000.0,Média,78,1,0,9000.0,0.0,3480.0
7268,55,46 a 55,17500.0,Média-Alta,83,3,1,17500.0,0.0,6080.0
7269,57,Maior que 55,17000.0,Média-Alta,89,1,2,13000.0,0.0,5990.0
7270,62,Maior que 55,8500.0,Média,94,1,0,5300.0,0.0,3490.0
7271,65,Maior que 55,18300.0,Média-Alta,98,3,1,18300.0,0.0,6470.0
7272,19,Até 20,1800.0,Baixa,12,0,0,1800.0,0.0,660.0
7273,23,21 a 30,15000.0,Média-Alta,67,2,1,15000.0,0.0,5170.0
7274,25,21 a 30,6100.0,Média,72,0,2,6100.0,0.0,2550.0
7275,27,21 a 30,9000.0,Média,78,1,0,9000.0,0.0,3480.0
7276,28,21 a 30,17500.0,Média-Alta,83,3,1,17500.0,0.0,6080.0
7277,30,21 a 30,17000.0,Média-Alta,89,1,2,13000.0,0.0,5990.0
7278,32,31 a 45,8500.0,Média,94,1,0,5300.0,0.0,3490.0
7279,35,31 a 45,18300.0,Média-Alta,98,3,1,18300.0,0.0,6470.0
7280,42,31 a 45,1800.0,Baixa,12,0,0,1800.0,0.0,660.0
7281,45,31 a 45,4800.0,Média-Baixa,18,0,1,4800.0,0.0,1620.0
7282,48,46 a 55,2200.0,Baixa,23,1,2,2200.0,0.0,890.0
7283,51,46 a 55,3900.0,Média-Baixa,28,0,0,3900.0,0.0,1450.0
7284,53,46 a 55,11500.0,Média-Alta,34,1,1,11500.0,0.0,3790.0
7285,55,46 a 55,3100.0,Média-Baixa,39,0,2,3100.0,0.0,1320.0
7286,57,Maior que 55,9800.0,Média,45,1,0,6800.0,0.0,3390.0
7287,62,Maior que 55,1800.0,Baixa,12,0,0,1800.0,0.0,660.0
7288,65,Maior que 55,4800.0,Média-Baixa,18,0,1,4800.0,0.0,1620.0
7289,19,Até 20,2200.0,Baixa,23,1,2,2200.0,0.0,890.0
7290,23,21 a 30,3900.0,Média-Baixa,28,0,0,3900.0,0.0,1450.0
7291,25,21 a 30,11500.0,Média-Alta,34,1,1,11500.0,0.0,3790.0
7292,27,21 a 30,3100.0,Média-Baixa,39,0,2,3100.0,0.0,1320.0
7293,28,21 a 30,9800.0,Média,45,1,0,6800.0,0.0,3390.0
7294,30,21 a 30,24400.0,Alta,50,2,1,22000.0,0.0,7820.0
7295,32,31 a 45,4500.0,Média-Baixa,56,0,2,4500.0,0.0,1910.0
7296,35,31 a 45,9800.0,Média,61,0,0,9800.0,0.0,3550.0
7297,42,31 a 45,15000.0,Média-Alta,67,2,1,15000.0,0.0,5170.0
7298,45,31 a 45,6100.0,Média,72,0,2,6100.0,0.0,2550.0
7299,48,46 a 55,9000.0,Média,78,1,0,9000.0,0.0,3480.0
7300,51,46 a 55,17500.0,Média-Alta,83,3,1,17500.0,0.0,6080.0
7301,53,46 a 55,17000.0,Média-Alta,89,1,2,13000.0,0.0,5990.0
7302,55,46 a 55,8500.0,Média,94,1,0,5300.0,0.0,3490.0
7303,57,Maior que 55,18300.0,Média-Alta,98,3,1,18300.0,0.0,6470.0
7304,62,Maior que 55,1800.0,Baixa,12,0,0,1800.0,0.0,660.0
7305,65,Maior que 55,15000.0,Média-Alta,67,2,1,15000.0,0.0,5170.0
7306,19,Até 20,6100.0,Média,72,0,2,6100.0,0.0,2550.0
7307,23,21 a 30,9000.0,Média,78,1,0,9000.0,0.0,3480.0
7308,25,21 a 30,17500.0,Média-Alta,83,3,1,17500.0,0.0,6080.0
7309,27,21 a 30,17000.0,Média-Alta,89,1,2,13000.0,0.0,5990.0
7310,28,21 a 30,8500.0,Média,94,1,0,5300.0,0.0,3490.0
7311,30,21 a 30,18300.0,Média-Alta,98,3,1,18300.0,0.0,6470.0
7312,32,31 a 45,1800.0,Baixa,12,0,0,1800.0,0.0,660.0
7313,35,31 a 45,4800.0,Média-Baixa,18,0,1,4800.0,0.0,1620.0
7314,42,31 a 45,2200.0,Baixa,23,1,2,2200.0,0.0,890.0
7315,45,31 a 45,3900.0,Média-Baixa,28,0,0,3900.0,0.0,1450.0
7316,48,46 a 55,11500.0,Média-Alta,34,1,1,11500.0,0.0,3790.0
7317,51,46 a 55,3100.0,Média-Baixa,39,0,2,3100.0,0.0,1320.0
7318,23,21 a 30,9800.0,Média,45,1,0,6800.0,0.0,3390.0
7319,28,21 a 30,1800.0,Baixa,12,0,0,1800.0,0.0,660.0
7320,30,21 a 30,4800.0,Média-Baixa,18,0,1,4800.0,0.0,1620.0
7321,32,31 a 45,2200.0,Baixa,23,1,2,2200.0,0.0,890.0
7322,35,31 a 45,3900.0,Média-Baixa,28,0,0,3900.0,0.0,1450.0
7323,42,31 a 45,11500.0,Média-Alta,34,1,1,11500.0,0.0,3790.0
7324,45,31 a 45,3100.0,Média-Baixa,39,0,2,3100.0,0.0,1320.0
7325,48,46 a 55,9800.0,Média,45,1,0,6800.0,0.0,3390.0
7326,51,46 a 55,24400.0,Alta,50,2,1,22000.0,0.0,7820.0
7327,53,46 a 55,4500.0,Média-Baixa,56,0,2,4500.0,0.0,1910.0
7328,55,46 a 55,9800.0,Média,61,0,0,9800.0,0.0,3550.0
7329,57,Maior que 55,15000.0,Média-Alta,67,2,1,15000.0,0.0,5170.0
7330,62,Maior que 55,6100.0,Média,72,0,2,6100.0,0.0,2550.0
7331,65,Maior que 55,9000.0,Média,78,1,0,9000.0,0.0,3480.0
7332,19,Até 20,17500.0,Média-Alta,83,3,1,17500.0,0.0,6080.0
7333,23,21 a 30,17000.0,Média-Alta,89,1,2,13000.0,0.0,5990.0
7334,25,21 a 30,8500.0,Média,94,1,0,5300.0,0.0,3490.0
7335,27,21 a 30,18300.0,Média-Alta,98,3,1,18300.0,0.0,6470.0
7336,28,21 a 30,1800.0,Baixa,12,0,0,1800.0,0.0,660.0
7337,30,21 a 30,1800.0,Baixa,12,0,0,1800.0,0.0,660.0
7338,32,31 a 45,4800.0,Média-Baixa,18,0,1,4800.0,0.0,1620.0
7339,35,31 a 45,2200.0,Baixa,23,1,2,2200.0,0.0,890.0
7340,42,31 a 45,3900.0,Média-Baixa,28,0,0,3900.0,0.0,1450.0
7341,45,31 a 45,11500.0,Média-Alta,34,1,1,11500.0,0.0,3790.0
7342,48,46 a 55,3100.0,Média-Baixa,39,0,2,3100.0,0.0,1320.0
7343,51,46 a 55,9800.0,Média,45,1,0,6800.0,0.0,3390.0
7344,53,46 a 55,24400.0,Alta,50,2,1,22000.0,0.0,7820.0
7345,55,46 a 55,4500.0,Média-Baixa,56,0,2,4500.0,0.0,1910.0
7346,57,Maior que 55,9800.0,Média,61,0,0,9800.0,0.0,3550.0
7347,62,Maior que 55,15000.0,Média-Alta,67,2,1,15000.0,0.0,5170.0
7348,65,Maior que 55,6100.0,Média,72,0,2,6100.0,0.0,2550.0
7349,19,Até 20,9000.0,Média,78,1,0,9000.0,0.0,3480.0
7350,23,21 a 30,17500.0,Média-Alta,83,3,1,17500.0,0.0,6080.0
7351,25,21 a 30,17000.0,Média-Alta,89,1,2,13000.0,0.0,5990.0
7352,27,21 a 30,8500.0,Média,94,1,0,5300.0,0.0,3490.0
7353,28,21 a 30,18300.0,Média-Alta,98,3,1,18300.0,0.0,6470.0
7354,30,21 a 30,1800.0,Baixa,12,0,0,1800.0,0.0,660.0
7355,32,31 a 45,4800.0,Média-Baixa,18,0,1,4800.0,0.0,1620.0
7356,35,31 a 45,2200.0,Baixa,23,1,2,2200.0,0.0,890.0
7357,42,31 a 45,3900.0,Média-Baixa,28,0,0,3900.0,0.0,1450.0
7358,45,31 a 45,11500.0,Média-Alta,34,1,1,11500.0,0.0,3790.0
7359,48,46 a 55,3100.0,Média-Baixa,39,0,2,3100.0,0.0,1320.0
7360,51,46 a 55,1800.0,Baixa,12,0,0,1800.0,0.0,660.0
7361,53,46 a 55,4800.0,Média-Baixa,18,0,1,4800.0,0.0,1620.0
7362,55,46 a 55,2200.0,Baixa,23,1,2,2200.0,0.0,890.0
7363,57,Maior que 55,3900.0,Média-Baixa,28,0,0,3900.0,0.0,1450.0
7364,62,Maior que 55,11500.0,Média-Alta,34,1,1,11500.0,0.0,3790.0
7365,65,Maior que 55,3100.0,Média-Baixa,39,0,2,3100.0,0.0,1320.0
7366,19,Até 20,9800.0,Média,45,1,0,6800.0,0.0,3390.0
7367,23,21 a 30,24400.0,Alta,50,2,1,22000.0,0.0,7820.0
7368,25,21 a 30,4500.0,Média-Baixa,56,0,2,4500.0,0.0,1910.0
7369,27,21 a 30,9800.0,Média,61,0,0,9800.0,0.0,3550.0
7370,28,21 a 30,15000.0,Média-Alta,67,2,1,15000.0,0.0,5170.0
7371,30,21 a 30,6100.0,Média,72,0,2,6100.0,0.0,2550.0
7372,32,31 a 45,9000.0,Média,78,1,0,9000.0,0.0,3480.0
7373,35,31 a 45,17500.0,Média-Alta,83,3,1,17500.0,0.0,6080.0
7374,42,31 a 45,17000.0,Média-Alta,89,1,2,13000.0,0.0,5990.0
7375,45,31 a 45,8500.0,Média,94,1,0,5300.0,0.0,3490.0
7376,48,46 a 55,18300.0,Média-Alta,98,3,1,18300.0,0.0,6470.0
7377,51,46 a 55,1800.0,Baixa,12,0,0,1800.0,0.0,660.0
7378,53,46 a 55,4800.0,Média-Baixa,18,0,1,4800.0,0.0,1620.0
7379,55,46 a 55,2200.0,Baixa,23,1,2,2200.0,0.0,890.0
7380,57,Maior que 55,3900.0,Média-Baixa,28,0,0,3900.0,0.0,1450.0
7381,62,Maior que 55,11500.0,Média-Alta,34,1,1,11500.0,0.0,3790.0
7382,65,Maior que 55,3100.0,Média-Baixa,39,0,2,3100.0,0.0,1320.0
7383,19,Até 20,1800.0,Baixa,12,0,0,1800.0,0.0,660.0
7384,23,21 a 30,4800.0,Média-Baixa,18,0,1,4800.0,0.0,1620.0
7385,25,21 a 30,2200.0,Baixa,23,1,2,2200.0,0.0,890.0
7386,27,21 a 30,3900.0,Média-Baixa,28,0,0,3900.0,0.0,1450.0
7387,28,21 a 30,11500.0,Média-Alta,34,1,1,11500.0,0.0,3790.0
7388,30,21 a 30,3100.0,Média-Baixa,39,0,2,3100.0,0.0,1320.0
7389,32,31 a 45,9800.0,Média,45,1,0,6800.0,0.0,3390.0
7390,35,31 a 45,24400.0,Alta,50,2,1,22000.0,0.0,7820.0
7391,42,31 a 45,4500.0,Média-Baixa,56,0,2,4500.0,0.0,1910.0
7392,45,31 a 45,9800.0,Média,61,0,0,9800.0,0.0,3550.0
7393,48,46 a 55,15000.0,Média-Alta,67,2,1,15000.0,0.0,5170.0
7394,51,46 a 55,6100.0,Média,72,0,2,6100.0,0.0,2550.0
7395,23,21 a 30,9000.0,Média,78,1,0,9000.0,0.0,3480.0
7396,28,21 a 30,17500.0,Média-Alta,83,3,1,17500.0,0.0,6080.0
7397,30,21 a 30,17000.0,Média-Alta,89,1,2,13000.0,0.0,5990.0
7398,32,31 a 45,8500.0,Média,94,1,0,5300.0,0.0,3490.0
7399,35,31 a 45,18300.0,Média-Alta,98,3,1,18300.0,0.0,6470.0
7400,42,31 a 45,1800.0,Baixa,12,0,0,1800.0,0.0,660.0
7401,45,31 a 45,4800.0,Média-Baixa,18,0,1,4800.0,0.0,1620.0
7402,48,46 a 55,2200.0,Baixa,23,1,2,2200.0,0.0,890.0
7403,51,46 a 55,3900.0,Média-Baixa,28,0,0,3900.0,0.0,1450.0
7404,53,46 a 55,11500.0,Média-Alta,34,1,1,11500.0,0.0,3790.0
7405,55,46 a 55,3100.0,Média-Baixa,39,0,2,3100.0,0.0,1320.0
7406,57,Maior que 55,1800.0,Baixa,12,0,0,1800.0,0.0,660.0
7407,62,Maior que 55,4800.0,Média-Baixa,18,0,1,4800.0,0.0,1620.0
7408,65,Maior que 55,2200.0,Baixa,23,1,2,2200.0,0.0,890.0
7409,19,Até 20,3900.0,Média-Baixa,28,0,0,3900.0,0.0,1450.0
7410,23,21 a 30,11500.0,Média-Alta,34,1,1,11500.0,0.0,3790.0
7411,25,21 a 30,3100.0,Média-Baixa,39,0,2,3100.0,0.0,1320.0
7412,27,21 a 30,9800.0,Média,45,1,0,6800.0,0.0,3390.0
7413,28,21 a 30,24400.0,Alta,50,2,1,22000.0,0.0,7820.0
7414,30,21 a 30,4500.0,Média-Baixa,56,0,2,4500.0,0.0,1910.0
7415,32,31 a 45,9800.0,Média,61,0,0,9800.0,0.0,3550.0
7416,35,31 a 45,15000.0,Média-Alta,67,2,1,15000.0,0.0,5170.0
7417,42,31 a 45,6100.0,Média,72,0,2,6100.0,0.0,2550.0
7418,45,31 a 45,9000.0,Média,78,1,0,9000.0,0.0,3480.0
7419,48,46 a 55,17500.0,Média-Alta,83,3,1,17500.0,0.0,6080.0
7420,51,46 a 55,17000.0,Média-Alta,89,1,2,13000.0,0.0,5990.0
7421,53,46 a 55,8500.0,Média,94,1,0,5300.0,0.0,3490.0
7422,55,46 a 55,18300.0,Média-Alta,98,3,1,18300.0,0.0,6470.0
7423,57,Maior que 55,1800.0,Baixa,12,0,0,1800.0,0.0,660.0
7424,62,Maior que 55,4800.0,Média-Baixa,18,0,1,4800.0,0.0,1620.0
7425,65,Maior que 55,2200.0,Baixa,23,1,2,2200.0,0.0,890.0
7426,19,Até 20,3900.0,Média-Baixa,28,0,0,3900.0,0.0,1450.0
7427,23,21 a 30,11500.0,Média-Alta,34,1,1,11500.0,0.0,3790.0
7428,25,21 a 30,3100.0,Média-Baixa,39,0,2,3100.0,0.0,1320.0
7429,27,21 a 30,1800.0,Baixa,12,0,0,1800.0,0.0,660.0
7430,28,21 a 30,4800.0,Média-Baixa,18,0,1,4800.0,0.0,1620.0
7431,30,21 a 30,2200.0,Baixa,23,1,2,2200.0,0.0,890.0
7432,32,31 a 45,3900.0,Média-Baixa,28,0,0,3900.0,0.0,1450.0
7433,35,31 a 45,11500.0,Média-Alta,34,1,1,11500.0,0.0,3790.0
7434,42,31 a 45,3100.0,Média-Baixa,39,0,2,3100.0,0.0,1320.0
7435,45,31 a 45,9800.0,Média,45,1,0,6800.0,0.0,3390.0
7436,48,46 a 55,24400.0,Alta,50,2,1,22000.0,0.0,7820.0
7437,51,46 a 55,4500.0,Média-Baixa,56,0,2,4500.0,0.0,1910.0
7438,53,46 a 55,9800.0,Média,61,0,0,9800.0,0.0,3550.0
7439,55,46 a 55,15000.0,Média-Alta,67,2,1,15000.0,0.0,5170.0
7440,57,Maior que 55,6100.0,Média,72,0,2,6100.0,0.0,2550.0
7441,62,Maior que 55,9000.0,Média,78,1,0,9000.0,0.0,3480.0
7442,65,Maior que 55,17500.0,Média-Alta,83,3,1,17500.0,0.0,6080.0
7443,19,Até 20,17000.0,Média-Alta,89,1,2,13000.0,0.0,5990.0
7444,23,21 a 30,8500.0,Média,94,1,0,5300.0,0.0,3490.0
7445,25,21 a 30,18300.0,Média-Alta,98,3,1,18300.0,0.0,6470.0
7446,27,21 a 30,1800.0,Baixa,12,0,0,1800.0,0.0,660.0
7447,28,21 a 30,4800.0,Média-Baixa,18,0,1,4800.0,0.0,1620.0
7448,30,21 a 30,2200.0,Baixa,23,1,2,2200.0,0.0,890.0
7449,32,31 a 45,3900.0,Média-Baixa,28,0,0,3900.0,0.0,1450.0
7450,35,31 a 45,11500.0,Média-Alta,34,1,1,11500.0,0.0,3790.0
7451,42,31 a 45,3100.0,Média-Baixa,39,0,2,3100.0,0.0,1320.0
7452,45,31 a 45,1800.0,Baixa,12,0,0,1800.0,0.0,660.0
7453,48,46 a 55,4800.0,Média-Baixa,18,0,1,4800.0,0.0,1620.0
7454,51,46 a 55,2200.0,Baixa,23,1,2,2200.0,0.0,890.0
7455,53,46 a 55,3900.0,Média-Baixa,28,0,0,3900.0,0.0,1450.0
7456,55,46 a 55,11500.0,Média-Alta,34,1,1,11500.0,0.0,3790.0
7457,57,Maior que 55,3100.0,Média-Baixa,39,0,2,3100.0,0.0,1320.0
7458,62,Maior que 55,9800.0,Média,45,1,0,6800.0,0.0,3390.0
7459,65,Maior que 55,24400.0,Alta,50,2,1,22000.0,0.0,7820.0
7460,19,Até 20,4500.0,Média-Baixa,56,0,2,4500.0,0.0,1910.0
7461,23,21 a 30,9800.0,Média,61,0,0,9800.0,0.0,3550.0
7462,25,21 a 30,15000.0,Média-Alta,67,2,1,15000.0,0.0,5170.0
7463,27,21 a 30,6100.0,Média,72,0,2,6100.0,0.0,2550.0
7464,28,21 a 30,9000.0,Média,78,1,0,9000.0,0.0,3480.0
7465,30,21 a 30,17500.0,Média-Alta,83,3,1,17500.0,0.0,6080.0
7466,32,31 a 45,17000.0,Média-Alta,89,1,2,13000.0,0.0,5990.0
7467,35,31 a 45,8500.0,Média,94,1,0,5300.0,0.0,3490.0
7468,42,31 a 45,18300.0,Média-Alta,98,3,1,18300.0,0.0,6470.0
7469,45,31 a 45,1800.0,Baixa,12,0,0,1800.0,0.0,660.0
7470,48,46 a 55,4800.0,Média-Baixa,18,0,1,4800.0,0.0,1620.0
7471,51,46 a 55,2200.0,Baixa,23,1,2,2200.0,0.0,890.0
7472,23,21 a 30,3900.0,Média-Baixa,28,0,0,3900.0,0.0,1450.0
7473,28,21 a 30,11500.0,Média-Alta,34,1,1,11500.0,0.0,3790.0
7474,30,21 a 30,3100.0,Média-Baixa,39,0,2,3100.0,0.0,1320.0
7475,32,31 a 45,1800.0,Baixa,12,0,0,1800.0,0.0,660.0
7476,35,31 a 45,4800.0,Média-Baixa,18,0,1,4800.0,0.0,1620.0
7477,42,31 a 45,2200.0,Baixa,23,1,2,2200.0,0.0,890.0
7478,45,31 a 45,3900.0,Média-Baixa,28,0,0,3900.0,0.0,1450.0
7479,48,46 a 55,11500.0,Média-Alta,34,1,1,11500.0,0.0,3790.0
7480,51,46 a 55,3100.0,Média-Baixa,39,0,2,3100.0,0.0,1320.0
7481,53,46 a 55,9800.0,Média,45,1,0,6800.0,0.0,3390.0
7482,55,46 a 55,24400.0,Alta,50,2,1,22000.0,0.0,7820.0
7483,57,Maior que 55,4500.0,Média-Baixa,56,0,2,4500.0,0.0,1910.0
7484,62,Maior que 55,9800.0,Média,61,0,0,9800.0,0.0,3550.0
7485,65,Maior que 55,15000.0,Média-Alta,67,2,1,15000.0,0.0,5170.0
7486,19,Até 20,6100.0,Média,72,0,2,6100.0,0.0,2550.0
7487,23,21 a 30,9000.0,Média,78,1,0,9000.0,0.0,3480.0
7488,25,21 a 30,17500.0,Média-Alta,83,3,1,17500.0,0.0,6080.0
7489,27,21 a 30,17000.0,Média-Alta,89,1,2,13000.0,0.0,5990.0
7490,28,21 a 30,8500.0,Média,94,1,0,5300.0,0.0,3490.0
7491,30,21 a 30,18300.0,Média-Alta,98,3,1,18300.0,0.0,6470.0
7492,32,31 a 45,1800.0,Baixa,12,0,0,1800.0,0.0,660.0
7493,35,31 a 45,4800.0,Média-Baixa,18,0,1,4800.0,0.0,1620.0
7494,42,31 a 45,2200.0,Baixa,23,1,2,2200.0,0.0,890.0
7495,45,31 a 45,3900.0,Média-Baixa,28,0,0,3900.0,0.0,1450.0
7496,48,46 a 55,11500.0,Média-Alta,34,1,1,11500.0,0.0,3790.0
7497,51,46 a 55,3100.0,Média-Baixa,39,0,2,3100.0,0.0,1320.0
7498,53,46 a 55,1800.0,Baixa,12,0,0,1800.0,0.0,660.0
7499,55,46 a 55,4800.0,Média-Baixa,18,0,1,4800.0,0.0,1620.0
7500,57,Maior que 55,2200.0,Baixa,23,1,2,2200.0,0.0,890.0
7501,62,Maior que 55,3900.0,Média-Baixa,28,0,0,3900.0,0.0,1450.0
7502,65,Maior que 55,11500.0,Média-Alta,34,1,1,11500.0,0.0,3790.0
7503,19,Até 20,3100.0,Média-Baixa,39,0,2,3100.0,0.0,1320.0
7504,23,21 a 30,9800.0,Média,45,1,0,6800.0,0.0,3390.0
7505,25,21 a 30,24400.0,Alta,50,2,1,22000.0,0.0,7820.0
7506,27,21 a 30,4500.0,Média-Baixa,56,0,2,4500.0,0.0,1910.0
7507,28,21 a 30,9800.0,Média,61,0,0,9800.0,0.0,3550.0
7508,30,21 a 30,15000.0,Média-Alta,67,2,1,15000.0,0.0,5170.0
7509,32,31 a 45,6100.0,Média,72,0,2,6100.0,0.0,2550.0
7510,35,31 a 45,9000.0,Média,78,1,0,9000.0,0.0,3480.0
7511,42,31 a 45,17500.0,Média-Alta,83,3,1,17500.0,0.0,6080.0
7512,45,31 a 45,17000.0,Média-Alta,89,1,2,13000.0,0.0,5990.0
7513,48,46 a 55,8500.0,Média,94,1,0,5300.0,0.0,3490.0
7514,51,46 a 55,18300.0,Média-Alta,98,3,1,18300.0,0.0,6470.0
7515,53,46 a 55,1800.0,Baixa,12,0,0,1800.0,0.0,660.0
7516,55,46 a 55,4800.0,Média-Baixa,18,0,1,4800.0,0.0,1620.0
7517,57,Maior que 55,2200.0,Baixa,23,1,2,2200.0,0.0,890.0
7518,62,Maior que 55,3900.0,Média-Baixa,28,0,0,3900.0,0.0,1450.0
7519,65,Maior que 55,11500.0,Média-Alta,34,1,1,11500.0,0.0,3790.0
7520,19,Até 20,3100.0,Média-Baixa,39,0,2,3100.0,0.0,1320.0
7521,23,21 a 30,1800.0,Baixa,12,0,0,1800.0,0.0,660.0
7522,25,21 a 30,4800.0,Média-Baixa,18,0,1,4800.0,0.0,1620.0
7523,27,21 a 30,2200.0,Baixa,23,1,2,2200.0,0.0,890.0
7524,28,21 a 30,3900.0,Média-Baixa,28,0,0,3900.0,0.0,1450.0
7525,30,21 a 30,11500.0,Média-Alta,34,1,1,11500.0,0.0,3790.0
7526,32,31 a 45,3100.0,Média-Baixa,39,0,2,3100.0,0.0,1320.0
7527,35,31 a 45,9800.0,Média,45,1,0,6800.0,0.0,3390.0
7528,42,31 a 45,24400.0,Alta,50,2,1,22000.0,0.0,7820.0
7529,45,31 a 45,4500.0,Média-Baixa,56,0,2,4500.0,0.0,1910.0
7530,48,46 a 55,9800.0,Média,61,0,0,9800.0,0.0,3550.0
7531,51,46 a 55,15000.0,Média-Alta,67,2,1,15000.0,0.0,5170.0
7532,53,46 a 55,6100.0,Média,72,0,2,6100.0,0.0,2550.0
7533,55,46 a 55,9000.0,Média,78,1,0,9000.0,0.0,3480.0
7534,57,Maior que 55,17500.0,Média-Alta,83,3,1,17500.0,0.0,6080.0
7535,62,Maior que 55,17000.0,Média-Alta,89,1,2,13000.0,0.0,5990.0
7536,65,Maior que 55,8500.0,Média,94,1,0,5300.0,0.0,3490.0
7537,19,Até 20,18300.0,Média-Alta,98,3,1,18300.0,0.0,6470.0
7538,23,21 a 30,1800.0,Baixa,12,0,0,1800.0,0.0,660.0
7539,25,21 a 30,4800.0,Média-Baixa,18,0,1,4800.0,0.0,1620.0
7540,27,21 a 30,2200.0,Baixa,23,1,2,2200.0,0.0,890.0
7541,28,21 a 30,3900.0,Média-Baixa,28,0,0,3900.0,0.0,1450.0
7542,30,21 a 30,11500.0,Média-Alta,34,1,1,11500.0,0.0,3790.0
7543,32,31 a 45,3100.0,Média-Baixa,39,0,2,3100.0,0.0,1320.0
7544,35,31 a 45,1800.0,Baixa,12,0,0,1800.0,0.0,660.0
7545,42,31 a 45,4800.0,Média-Baixa,18,0,1,4800.0,0.0,1620.0
7546,45,31 a 45,2200.0,Baixa,23,1,2,2200.0,0.0,890.0
7547,48,46 a 55,3900.0,Média-Baixa,28,0,0,3900.0,0.0,1450.0
7548,51,46 a 55,11500.0,Média-Alta,34,1,1,11500.0,0.0,3790.0
7549,42,31 a 45,3100.0,Média-Baixa,39,0,2,3100.0,0.0,1320.0
7550,45,31 a 45,9800.0,Média,45,1,0,6800.0,0.0,3390.0
7551,48,46 a 55,24400.0,Alta,50,2,1,22000.0,0.0,7820.0
7552,51,46 a 55,4500.0,Média-Baixa,56,0,2,4500.0,0.0,1910.0
7553,48,46 a 55,9800.0,Média,61,0,0,9800.0,0.0,3550.0
7554,51,46 a 55,15000.0,Média-Alta,67,2,1,15000.0,0.0,5170.0
7555,48,46 a 55,6100.0,Média,72,0,2,6100.0,0.0,2550.0
7556,51,46 a 55,9000.0,Média,78,1,0,9000.0,0.0,3480.0
7557,48,46 a 55,17500.0,Média-Alta,83,3,1,17500.0,0.0,6080.0
7558,51,46 a 55,17000.0,Média-Alta,89,1,2,13000.0,0.0,5990.0
7559,48,46 a 55,8500.0,Média,94,1,0,5300.0,0.0,3490.0
7560,51,46 a 55,18300.0,Média-Alta,98,3,1,18300.0,0.0,6470.0
7561,48,46 a 55,1800.0,Baixa,12,0,0,1800.0,0.0,660.0
7562,51,46 a 55,4800.0,Média-Baixa,18,0,1,4800.0,0.0,1620.0
7563,48,46 a 55,2200.0,Baixa,23,1,2,2200.0,0.0,890.0
7564,51,46 a 55,3900.0,Média-Baixa,28,0,0,3900.0,0.0,1450.0
7565,48,46 a 55,11500.0,Média-Alta,34,1,1,11500.0,0.0,3790.0
7566,51,46 a 55,3100.0,Média-Baixa,39,0,2,3100.0,0.0,1320.0
7567,19,Até 20,1800.0,Baixa,12,0,0,1800.0,0.0,660.0
7568,23,21 a 30,4800.0,Média-Baixa,18,0,1,4800.0,0.0,1620.0
7569,25,21 a 30,2200.0,Baixa,23,1,2,2200.0,0.0,890.0
7570,27,21 a 30,3900.0,Média-Baixa,28,0,0,3900.0,0.0,1450.0
7571,28,21 a 30,11500.0,Média-Alta,34,1,1,11500.0,0.0,3790.0
7572,30,21 a 30,3100.0,Média-Baixa,39,0,2,3100.0,0.0,1320.0
7573,32,31 a 45,9800.0,Média,45,1,0,6800.0,0.0,3390.0
7574,35,31 a 45,24400.0,Alta,50,2,1,22000.0,0.0,7820.0
7575,42,31 a 45,4500.0,Média-Baixa,56,0,2,4500.0,0.0,1910.0
7576,45,31 a 45,9800.0,Média,61,0,0,9800.0,0.0,3550.0
7577,48,46 a 55,15000.0,Média-Alta,67,2,1,15000.0,0.0,5170.0
7578,51,46 a 55,6100.0,Média,72,0,2,6100.0,0.0,2550.0
7579,53,46 a 55,9000.0,Média,78,1,0,9000.0,0.0,3480.0
7580,55,46 a 55,17500.0,Média-Alta,83,3,1,17500.0,0.0,6080.0
7581,57,Maior que 55,17000.0,Média-Alta,89,1,2,13000.0,0.0,5990.0
7582,62,Maior que 55,8500.0,Média,94,1,0,5300.0,0.0,3490.0
7583,65,Maior que 55,18300.0,Média-Alta,98,3,1,18300.0,0.0,6470.0
7584,19,Até 20,1800.0,Baixa,12,0,0,1800.0,0.0,660.0
7585,23,21 a 30,4800.0,Média-Baixa,18,0,1,4800.0,0.0,1620.0
7586,25,21 a 30,2200.0,Baixa,23,1,2,2200.0,0.0,890.0
7587,27,21 a 30,3900.0,Média-Baixa,28,0,0,3900.0,0.0,1450.0
7588,28,21 a 30,11500.0,Média-Alta,34,1,1,11500.0,0.0,3790.0
7589,30,21 a 30,3100.0,Média-Baixa,39,0,2,3100.0,0.0,1320.0
7590,32,31 a 45,9800.0,Média,45,1,0,6800.0,0.0,3390.0
7591,35,31 a 45,24400.0,Alta,50,2,1,22000.0,0.0,7820.0
7592,42,31 a 45,4500.0,Média-Baixa,56,0,2,4500.0,0.0,1910.0
7593,45,31 a 45,9800.0,Média,61,0,0,9800.0,0.0,3550.0
7594,48,46 a 55,15000.0,Média-Alta,67,2,1,15000.0,0.0,5170.0
7595,51,46 a 55,6100.0,Média,72,0,2,6100.0,0.0,2550.0
7596,53,46 a 55,9000.0,Média,78,1,0,9000.0,0.0,3480.0
7597,55,46 a 55,17500.0,Média-Alta,83,3,1,17500.0,0.0,6080.0
7598,57,Maior que 55,17000.0,Média-Alta,89,1,2,13000.0,0.0,5990.0
7599,62,Maior que 55,8500.0,Média,94,1,0,5300.0,0.0,3490.0
7600,65,Maior que 55,18300.0,Média-Alta,98,3,1,18300.0,0.0,6470.0
7601,19,Até 20,1800.0,Baixa,12,0,0,1800.0,0.0,660.0
7602,23,21 a 30,4800.0,Média-Baixa,18,0,1,4800.0,0.0,1620.0
7603,25,21 a 30,2200.0,Baixa,23,1,2,2200.0,0.0,890.0
7604,27,21 a 30,3900.0,Média-Baixa,28,0,0,3900.0,0.0,1450.0
7605,28,21 a 30,11500.0,Média-Alta,34,1,1,11500.0,0.0,3790.0
7606,30,21 a 30,3100.0,Média-Baixa,39,0,2,3100.0,0.0,1320.0
7607,32,31 a 45,9800.0,Média,45,1,0,6800.0,0.0,3390.0
7608,35,31 a 45,24400.0,Alta,50,2,1,22000.0,0.0,7820.0
7609,42,31 a 45,4500.0,Média-Baixa,56,0,2,4500.0,0.0,1910.0
7610,45,31 a 45,9800.0,Média,61,0,0,9800.0,0.0,3550.0
7611,48,46 a 55,15000.0,Média-Alta,67,2,1,15000.0,0.0,5170.0
7612,51,46 a 55,6100.0,Média,72,0,2,6100.0,0.0,2550.0
7613,53,46 a 55,9000.0,Média,78,1,0,9000.0,0.0,3480.0
7614,55,46 a 55,17500.0,Média-Alta,83,3,1,17500.0,0.0,6080.0
7615,57,Maior que 55,17000.0,Média-Alta,89,1,2,13000.0,0.0,5990.0
7616,62,Maior que 55,8500.0,Média,94,1,0,5300.0,0.0,3490.0
7617,65,Maior que 55,18300.0,Média-Alta,98,3,1,18300.0,0.0,6470.0
7618,19,Até 20,1800.0,Baixa,12,0,0,1800.0,0.0,660.0
7619,23,21 a 30,4800.0,Média-Baixa,18,0,1,4800.0,0.0,1620.0
7620,25,21 a 30,2200.0,Baixa,23,1,2,2200.0,0.0,890.0
7621,27,21 a 30,3900.0,Média-Baixa,28,0,0,3900.0,0.0,1450.0
7622,28,21 a 30,11500.0,Média-Alta,34,1,1,11500.0,0.0,3790.0
7623,30,21 a 30,3100.0,Média-Baixa,39,0,2,3100.0,0.0,1320.0
7624,32,31 a 45,9800.0,Média,45,1,0,6800.0,0.0,3390.0
7625,35,31 a 45,24400.0,Alta,50,2,1,22000.0,0.0,7820.0
7626,42,31 a 45,4500.0,Média-Baixa,56,0,2,4500.0,0.0,1910.0
7627,45,31 a 45,9800.0,Média,61,0,0,9800.0,0.0,3550.0
7628,48,46 a 55,15000.0,Média-Alta,67,2,1,15000.0,0.0,5170.0
7629,51,46 a 55,6100.0,Média,72,0,2,6100.0,0.0,2550.0
7630,53,46 a 55,9000.0,Média,78,1,0,9000.0,0.0,3480.0
7631,55,46 a 55,17500.0,Média-Alta,83,3,1,17500.0,0.0,6080.0
7632,57,Maior que 55,17000.0,Média-Alta,89,1,2,13000.0,0.0,5990.0
7633,62,Maior que 55,8500.0,Média,94,1,0,5300.0,0.0,3490.0
7634,65,Maior que 55,18300.0,Média-Alta,98,3,1,18300.0,0.0,6470.0
7635,19,Até 20,1800.0,Baixa,12,0,0,1800.0,0.0,660.0
7636,23,21 a 30,4800.0,Média-Baixa,18,0,1,4800.0,0.0,1620.0
7637,25,21 a 30,2200.0,Baixa,23,1,2,2200.0,0.0,890.0
7638,27,21 a 30,3900.0,Média-Baixa,28,0,0,3900.0,0.0,1450.0
7639,28,21 a 30,11500.0,Média-Alta,34,1,1,11500.0,0.0,3790.0
7640,30,21 a 30,3100.0,Média-Baixa,39,0,2,3100.0,0.0,1320.0
7641,32,31 a 45,9800.0,Média,45,1,0,6800.0,0.0,3390.0
7642,35,31 a 45,24400.0,Alta,50,2,1,22000.0,0.0,7820.0
7643,42,31 a 45,4500.0,Média-Baixa,56,0,2,4500.0,0.0,1910.0
7644,45,31 a 45,9800.0,Média,61,0,0,9800.0,0.0,3550.0
7645,48,46 a 55,15000.0,Média-Alta,67,2,1,15000.0,0.0,5170.0
7646,51,46 a 55,6100.0,Média,72,0,2,6100.0,0.0,2550.0
7647,53,46 a 55,9000.0,Média,78,1,0,9000.0,0.0,3480.0
7648,55,46 a 55,17500.0,Média-Alta,83,3,1,17500.0,0.0,6080.0
7649,57,Maior que 55,17000.0,Média-Alta,89,1,2,13000.0,0.0,5990.0
7650,62,Maior que 55,8500.0,Média,94,1,0,5300.0,0.0,3490.0
7651,65,Maior que 55,18300.0,Média-Alta,98,3,1,18300.0,0.0,6470.0
7652,19,Até 20,1800.0,Baixa,12,0,0,1800.0,0.0,660.0
7653,23,21 a 30,4800.0,Média-Baixa,18,0,1,4800.0,0.0,1620.0
7654,25,21 a 30,2200.0,Baixa,23,1,2,2200.0,0.0,890.0
7655,27,21 a 30,3900.0,Média-Baixa,28,0,0,3900.0,0.0,1450.0
7656,28,21 a 30,11500.0,Média-Alta,34,1,1,11500.0,0.0,3790.0
7657,30,21 a 30,3100.0,Média-Baixa,39,0,2,3100.0,0.0,1320.0
7658,32,31 a 45,9800.0,Média,45,1,0,6800.0,0.0,3390.0
7659,35,31 a 45,24400.0,Alta,50,2,1,22000.0,0.0,7820.0
7660,42,31 a 45,4500.0,Média-Baixa,56,0,2,4500.0,0.0,1910.0
7661,45,31 a 45,9800.0,Média,61,0,0,9800.0,0.0,3550.0
7662,48,46 a 55,15000.0,Média-Alta,67,2,1,15000.0,0.0,5170.0
7663,51,46 a 55,6100.0,Média,72,0,2,6100.0,0.0,2550.0
7664,53,46 a 55,9000.0,Média,78,1,0,9000.0,0.0,3480.0
7665,55,46 a 55,17500.0,Média-Alta,83,3,1,17500.0,0.0,6080.0
7666,57,Maior que 55,17000.0,Média-Alta,89,1,2,13000.0,0.0,5990.0
7667,62,Maior que 55,8500.0,Média,94,1,0,5300.0,0.0,3490.0
7668,65,Maior que 55,18300.0,Média-Alta,98,3,1,18300.0,0.0,6470.0
7669,19,Até 20,1800.0,Baixa,12,0,0,1800.0,0.0,660.0
7670,23,21 a 30,4800.0,Média-Baixa,18,0,1,4800.0,0.0,1620.0
7671,25,21 a 30,2200.0,Baixa,23,1,2,2200.0,0.0,890.0
7672,27,21 a 30,3900.0,Média-Baixa,28,0,0,3900.0,0.0,1450.0
7673,28,21 a 30,11500.0,Média-Alta,34,1,1,11500.0,0.0,3790.0
7674,30,21 a 30,3100.0,Média-Baixa,39,0,2,3100.0,0.0,1320.0
7675,32,31 a 45,9800.0,Média,45,1,0,6800.0,0.0,3390.0
7676,35,31 a 45,24400.0,Alta,50,2,1,22000.0,0.0,7820.0
7677,42,31 a 45,4500.0,Média-Baixa,56,0,2,4500.0,0.0,1910.0
7678,45,31 a 45,9800.0,Média,61,0,0,9800.0,0.0,3550.0
7679,48,46 a 55,15000.0,Média-Alta,67,2,1,15000.0,0.0,5170.0
7680,51,46 a 55,6100.0,Média,72,0,2,6100.0,0.0,2550.0
7681,53,46 a 55,9000.0,Média,78,1,0,9000.0,0.0,3480.0
7682,55,46 a 55,17500.0,Média-Alta,83,3,1,17500.0,0.0,6080.0
7683,57,Maior que 55,17000.0,Média-Alta,89,1,2,13000.0,0.0,5990.0
7684,62,Maior que 55,8500.0,Média,94,1,0,5300.0,0.0,3490.0
7685,65,Maior que 55,18300.0,Média-Alta,98,3,1,18300.0,0.0,6470.0
7686,19,Até 20,1800.0,Baixa,12,0,0,1800.0,0.0,660.0
7687,23,21 a 30,4800.0,Média-Baixa,18,0,1,4800.0,0.0,1620.0
7688,25,21 a 30,2200.0,Baixa,23,1,2,2200.0,0.0,890.0
7689,27,21 a 30,3900.0,Média-Baixa,28,0,0,3900.0,0.0,1450.0
7690,28,21 a 30,11500.0,Média-Alta,34,1,1,11500.0,0.0,3790.0
7691,30,21 a 30,3100.0,Média-Baixa,39,0,2,3100.0,0.0,1320.0
7692,32,31 a 45,9800.0,Média,45,1,0,6800.0,0.0,3390.0
7693,35,31 a 45,24400.0,Alta,50,2,1,22000.0,0.0,7820.0
7694,42,31 a 45,4500.0,Média-Baixa,56,0,2,4500.0,0.0,1910.0
7695,45,31 a 45,9800.0,Média,61,0,0,9800.0,0.0,3550.0
7696,48,46 a 55,15000.0,Média-Alta,67,2,1,15000.0,0.0,5170.0
7697,51,46 a 55,6100.0,Média,72,0,2,6100.0,0.0,2550.0
7698,53,46 a 55,9000.0,Média,78,1,0,9000.0,0.0,3480.0
7699,55,46 a 55,17500.0,Média-Alta,83,3,1,17500.0,0.0,6080.0
7700,57,Maior que 55,17000.0,Média-Alta,89,1,2,13000.0,0.0,5990.0
7701,62,Maior que 55,8500.0,Média,94,1,0,5300.0,0.0,3490.0
7702,65,Maior que 55,18300.0,Média-Alta,98,3,1,18300.0,0.0,6470.0
7703,19,Até 20,1800.0,Baixa,12,0,0,1800.0,0.0,660.0
7704,23,21 a 30,4800.0,Média-Baixa,18,0,1,4800.0,0.0,1620.0
7705,25,21 a 30,2200.0,Baixa,23,1,2,2200.0,0.0,890.0
7706,27,21 a 30,3900.0,Média-Baixa,28,0,0,3900.0,0.0,1450.0
7707,28,21 a 30,11500.0,Média-Alta,34,1,1,11500.0,0.0,3790.0
7708,30,21 a 30,3100.0,Média-Baixa,39,0,2,3100.0,0.0,1320.0
7709,32,31 a 45,9800.0,Média,45,1,0,6800.0,0.0,3390.0
7710,35,31 a 45,24400.0,Alta,50,2,1,22000.0,0.0,7820.0
7711,42,31 a 45,4500.0,Média-Baixa,56,0,2,4500.0,0.0,1910.0
7712,45,31 a 45,9800.0,Média,61,0,0,9800.0,0.0,3550.0
7713,48,46 a 55,15000.0,Média-Alta,67,2,1,15000.0,0.0,5170.0
7714,51,46 a 55,6100.0,Média,72,0,2,6100.0,0.0,2550.0
7715,53,46 a 55,9000.0,Média,78,1,0,9000.0,0.0,3480.0
7716,55,46 a 55,17500.0,Média-Alta,83,3,1,17500.0,0.0,6080.0
7717,57,Maior que 55,17000.0,Média-Alta,89,1,2,13000.0,0.0,5990.0
7718,62,Maior que 55,8500.0,Média,94,1,0,5300.0,0.0,3490.0
7719,65,Maior que 55,18300.0,Média-Alta,98,3,1,18300.0,0.0,6470.0
7720,19,Até 20,1800.0,Baixa,12,0,0,1800.0,0.0,660.0
7721,23,21 a 30,4800.0,Média-Baixa,18,0,1,4800.0,0.0,1620.0
7722,25,21 a 30,2200.0,Baixa,23,1,2,2200.0,0.0,890.0
7723,27,21 a 30,3900.0,Média-Baixa,28,0,0,3900.0,0.0,1450.0
7724,28,21 a 30,11500.0,Média-Alta,34,1,1,11500.0,0.0,3790.0
7725,30,21 a 30,3100.0,Média-Baixa,39,0,2,3100.0,0.0,1320.0
7726,32,31 a 45,9800.0,Média,45,1,0,6800.0,0.0,3390.0
7727,35,31 a 45,1800.0,Baixa,12,0,0,1800.0,0.0,660.0
7728,42,31 a 45,4800.0,Média-Baixa,18,0,1,4800.0,0.0,1620.0
7729,45,31 a 45,2200.0,Baixa,23,1,2,2200.0,0.0,890.0
7730,48,46 a 55,3900.0,Média-Baixa,28,0,0,3900.0,0.0,1450.0
7731,51,46 a 55,11500.0,Média-Alta,34,1,1,11500.0,0.0,3790.0
7732,53,46 a 55,3100.0,Média-Baixa,39,0,2,3100.0,0.0,1320.0
7733,55,46 a 55,9800.0,Média,45,1,0,6800.0,0.0,3390.0
7734,57,Maior que 55,24400.0,Alta,50,2,1,22000.0,0.0,7820.0
7735,62,Maior que 55,4500.0,Média-Baixa,56,0,2,4500.0,0.0,1910.0
7736,65,Maior que 55,9800.0,Média,61,0,0,9800.0,0.0,3550.0
7737,19,Até 20,15000.0,Média-Alta,67,2,1,15000.0,0.0,5170.0
7738,23,21 a 30,6100.0,Média,72,0,2,6100.0,0.0,2550.0
7739,25,21 a 30,9000.0,Média,78,1,0,9000.0,0.0,3480.0
7740,38,31 a 45,17500.0,Média-Alta,83,3,1,17500.0,0.0,6080.0
7741,28,21 a 30,17000.0,Média-Alta,89,1,2,13000.0,0.0,5990.0
7742,30,21 a 30,8500.0,Média,94,1,0,5300.0,0.0,3490.0
7743,32,31 a 45,18300.0,Média-Alta,98,3,1,18300.0,0.0,6470.0
7744,35,31 a 45,1800.0,Baixa,12,0,0,1800.0,0.0,660.0
7745,42,31 a 45,4800.0,Média-Baixa,18,0,1,4800.0,0.0,1620.0
7746,45,31 a 45,2200.0,Baixa,23,1,2,2200.0,0.0,890.0
7747,48,46 a 55,3900.0,Média-Baixa,28,0,0,3900.0,0.0,1450.0
7748,51,46 a 55,11500.0,Média-Alta,34,1,1,11500.0,0.0,3790.0
7749,53,46 a 55,3100.0,Média-Baixa,39,0,2,3100.0,0.0,1320.0
7750,55,46 a 55,9800.0,Média,45,1,0,6800.0,0.0,3390.0
7751,57,Maior que 55,1800.0,Baixa,12,0,0,1800.0,0.0,660.0
7752,62,Maior que 55,4800.0,Média-Baixa,18,0,1,4800.0,0.0,1620.0
7753,65,Maior que 55,2200.0,Baixa,23,1,2,2200.0,0.0,890.0
7754,19,Até 20,3900.0,Média-Baixa,28,0,0,3900.0,0.0,1450.0
7755,23,21 a 30,11500.0,Média-Alta,34,1,1,11500.0,0.0,3790.0
7756,25,21 a 30,3100.0,Média-Baixa,39,0,2,3100.0,0.0,1320.0
7757,27,21 a 30,9800.0,Média,45,1,0,6800.0,0.0,3390.0
7758,28,21 a 30,24400.0,Alta,50,2,1,22000.0,0.0,7820.0
7759,30,21 a 30,4500.0,Média-Baixa,56,0,2,4500.0,0.0,1910.0
7760,32,31 a 45,9800.0,Média,61,0,0,9800.0,0.0,3550.0
7761,35,31 a 45,15000.0,Média-Alta,67,2,1,15000.0,0.0,5170.0
7762,42,31 a 45,6100.0,Média,72,0,2,6100.0,0.0,2550.0
7763,45,31 a 45,9000.0,Média,78,1,0,9000.0,0.0,3480.0
7764,48,46 a 55,17500.0,Média-Alta,83,3,1,17500.0,0.0,6080.0
7765,51,46 a 55,17000.0,Média-Alta,89,1,2,13000.0,0.0,5990.0
7766,53,46 a 55,8500.0,Média,94,1,0,5300.0,0.0,3490.0
7767,55,46 a 55,18300.0,Média-Alta,98,3,1,18300.0,0.0,6470.0
7768,57,Maior que 55,1800.0,Baixa,12,0,0,1800.0,0.0,660.0
7769,62,Maior que 55,4800.0,Média-Baixa,18,0,1,4800.0,0.0,1620.0
7770,65,Maior que 55,2200.0,Baixa,23,1,2,2200.0,0.0,890.0
7771,19,Até 20,3900.0,Média-Baixa,28,0,0,3900.0,0.0,1450.0
7772,23,21 a 30,11500.0,Média-Alta,34,1,1,11500.0,0.0,3790.0
7773,25,21 a 30,3100.0,Média-Baixa,39,0,2,3100.0,0.0,1320.0
7774,27,21 a 30,9800.0,Média,45,1,0,6800.0,0.0,3390.0
7775,28,21 a 30,1800.0,Baixa,12,0,0,1800.0,0.0,660.0
7776,30,21 a 30,4800.0,Média-Baixa,18,0,1,4800.0,0.0,1620.0
7777,32,31 a 45,2200.0,Baixa,23,1,2,2200.0,0.0,890.0
7778,35,31 a 45,3900.0,Média-Baixa,28,0,0,3900.0,0.0,1450.0
7779,42,31 a 45,11500.0,Média-Alta,34,1,1,11500.0,0.0,3790.0
7780,45,31 a 45,3100.0,Média-Baixa,39,0,2,3100.0,0.0,1320.0
7781,48,46 a 55,9800.0,Média,45,1,0,6800.0,0.0,3390.0
7782,51,46 a 55,24400.0,Alta,50,2,1,22000.0,0.0,7820.0
7783,53,46 a 55,4500.0,Média-Baixa,56,0,2,4500.0,0.0,1910.0
7784,55,46 a 55,9800.0,Média,61,0,0,9800.0,0.0,3550.0
7785,57,Maior que 55,15000.0,Média-Alta,67,2,1,15000.0,0.0,5170.0
7786,62,Maior que 55,6100.0,Média,72,0,2,6100.0,0.0,2550.0
7787,65,Maior que 55,9000.0,Média,78,1,0,9000.0,0.0,3480.0
7788,19,Até 20,17500.0,Média-Alta,83,3,1,17500.0,0.0,6080.0
7789,23,21 a 30,17000.0,Média-Alta,89,1,2,13000.0,0.0,5990.0
7790,25,21 a 30,8500.0,Média,94,1,0,5300.0,0.0,3490.0
7791,27,21 a 30,18300.0,Média-Alta,98,3,1,18300.0,0.0,6470.0
7792,28,21 a 30,1800.0,Baixa,12,0,0,1800.0,0.0,660.0
7793,30,21 a 30,4800.0,Média-Baixa,18,0,1,4800.0,0.0,1620.0
7794,32,31 a 45,2200.0,Baixa,23,1,2,2200.0,0.0,890.0
7795,35,31 a 45,3900.0,Média-Baixa,28,0,0,3900.0,0.0,1450.0
7796,42,31 a 45,11500.0,Média-Alta,34,1,1,11500.0,0.0,3790.0
7797,45,31 a 45,3100.0,Média-Baixa,39,0,2,3100.0,0.0,1320.0
7798,48,46 a 55,9800.0,Média,45,1,0,6800.0,0.0,3390.0
7799,51,46 a 55,1800.0,Baixa,12,0,0,1800.0,0.0,660.0
7800,53,46 a 55,4800.0,Média-Baixa,18,0,1,4800.0,0.0,1620.0
7801,55,46 a 55,2200.0,Baixa,23,1,2,2200.0,0.0,890.0
7802,57,Maior que 55,3900.0,Média-Baixa,28,0,0,3900.0,0.0,1450.0
7803,62,Maior que 55,11500.0,Média-Alta,34,1,1,11500.0,0.0,3790.0
7804,65,Maior que 55,3100.0,Média-Baixa,39,0,2,3100.0,0.0,1320.0
7805,19,Até 20,9800.0,Média,45,1,0,6800.0,0.0,3390.0
7806,23,21 a 30,24400.0,Alta,50,2,1,22000.0,0.0,7820.0
7807,25,21 a 30,4500.0,Média-Baixa,56,0,2,4500.0,0.0,1910.0
7808,27,21 a 30,9800.0,Média,61,0,0,9800.0,0.0,3550.0
7809,28,21 a 30,15000.0,Média-Alta,67,2,1,15000.0,0.0,5170.0
7810,30,21 a 30,6100.0,Média,72,0,2,6100.0,0.0,2550.0
7811,32,31 a 45,9000.0,Média,78,1,0,9000.0,0.0,3480.0
7812,35,31 a 45,17500.0,Média-Alta,83,3,1,17500.0,0.0,6080.0
7813,42,31 a 45,17000.0,Média-Alta,89,1,2,13000.0,0.0,5990.0
7814,45,31 a 45,8500.0,Média,94,1,0,5300.0,0.0,3490.0
7815,48,46 a 55,18300.0,Média-Alta,98,3,1,18300.0,0.0,6470.0
7816,51,46 a 55,1800.0,Baixa,12,0,0,1800.0,0.0,660.0
7817,53,46 a 55,4800.0,Média-Baixa,18,0,1,4800.0,0.0,1620.0
7818,55,46 a 55,2200.0,Baixa,23,1,2,2200.0,0.0,890.0
7819,57,Maior que 55,3900.0,Média-Baixa,28,0,0,3900.0,0.0,1450.0
7820,62,Maior que 55,11500.0,Média-Alta,34,1,1,11500.0,0.0,3790.0
7821,65,Maior que 55,3100.0,Média-Baixa,39,0,2,3100.0,0.0,1320.0
7822,65,Maior que 55,9800.0,Média,45,1,0,6800.0,0.0,3390.0
7823,23,21 a 30,15000.0,Média-Alta,67,2,1,15000.0,0.0,5170.0
7824,28,21 a 30,6100.0,Média,72,0,2,6100.0,0.0,2550.0
7825,30,21 a 30,9000.0,Média,78,1,0,9000.0,0.0,3480.0
7826,32,31 a 45,17500.0,Média-Alta,83,3,1,17500.0,0.0,6080.0
7827,35,31 a 45,17000.0,Média-Alta,89,1,2,13000.0,0.0,5990.0
7828,42,31 a 45,8500.0,Média,94,1,0,5300.0,0.0,3490.0
7829,45,31 a 45,18300.0,Média-Alta,98,3,1,18300.0,0.0,6470.0
7830,48,46 a 55,1800.0,Baixa,12,0,0,1800.0,0.0,660.0
7831,51,46 a 55,4800.0,Média-Baixa,18,0,1,4800.0,0.0,1620.0
7832,53,46 a 55,2200.0,Baixa,23,1,2,2200.0,0.0,890.0
7833,55,46 a 55,3900.0,Média-Baixa,28,0,0,3900.0,0.0,1450.0
7834,57,Maior que 55,11500.0,Média-Alta,34,1,1,11500.0,0.0,3790.0
7835,62,Maior que 55,3100.0,Média-Baixa,39,0,2,3100.0,0.0,1320.0
7836,65,Maior que 55,9800.0,Média,45,1,0,6800.0,0.0,3390.0
7837,19,Até 20,1800.0,Baixa,12,0,0,1800.0,0.0,660.0
7838,23,21 a 30,4800.0,Média-Baixa,18,0,1,4800.0,0.0,1620.0
7839,25,21 a 30,2200.0,Baixa,23,1,2,2200.0,0.0,890.0
7840,27,21 a 30,3900.0,Média-Baixa,28,0,0,3900.0,0.0,1450.0
7841,28,21 a 30,11500.0,Média-Alta,34,1,1,11500.0,0.0,3790.0
7842,30,21 a 30,3100.0,Média-Baixa,39,0,2,3100.0,0.0,1320.0
7843,32,31 a 45,9800.0,Média,45,1,0,6800.0,0.0,3390.0
7844,35,31 a 45,24400.0,Alta,50,2,1,22000.0,0.0,7820.0
7845,42,31 a 45,4500.0,Média-Baixa,56,0,2,4500.0,0.0,1910.0
7846,45,31 a 45,9800.0,Média,61,0,0,9800.0,0.0,3550.0
7847,48,46 a 55,15000.0,Média-Alta,67,2,1,15000.0,0.0,5170.0
7848,51,46 a 55,6100.0,Média,72,0,2,6100.0,0.0,2550.0
7849,53,46 a 55,9000.0,Média,78,1,0,9000.0,0.0,3480.0
7850,55,46 a 55,17500.0,Média-Alta,83,3,1,17500.0,0.0,6080.0
7851,57,Maior que 55,17000.0,Média-Alta,89,1,2,13000.0,0.0,5990.0
7852,62,Maior que 55,8500.0,Média,94,1,0,5300.0,0.0,3490.0
7853,65,Maior que 55,18300.0,Média-Alta,98,3,1,18300.0,0.0,6470.0
7854,19,Até 20,1800.0,Baixa,12,0,0,1800.0,0.0,660.0
7855,23,21 a 30,15000.0,Média-Alta,67,2,1,15000.0,0.0,5170.0
7856,25,21 a 30,6100.0,Média,72,0,2,6100.0,0.0,2550.0
7857,27,21 a 30,9000.0,Média,78,1,0,9000.0,0.0,3480.0
7858,28,21 a 30,17500.0,Média-Alta,83,3,1,17500.0,0.0,6080.0
7859,30,21 a 30,17000.0,Média-Alta,89,1,2,13000.0,0.0,5990.0
7860,32,31 a 45,8500.0,Média,94,1,0,5300.0,0.0,3490.0
7861,35,31 a 45,18300.0,Média-Alta,98,3,1,18300.0,0.0,6470.0
7862,42,31 a 45,1800.0,Baixa,12,0,0,1800.0,0.0,660.0
7863,45,31 a 45,4800.0,Média-Baixa,18,0,1,4800.0,0.0,1620.0
7864,48,46 a 55,2200.0,Baixa,23,1,2,2200.0,0.0,890.0
7865,51,46 a 55,3900.0,Média-Baixa,28,0,0,3900.0,0.0,1450.0
7866,53,46 a 55,11500.0,Média-Alta,34,1,1,11500.0,0.0,3790.0
7867,55,46 a 55,3100.0,Média-Baixa,39,0,2,3100.0,0.0,1320.0
7868,57,Maior que 55,9800.0,Média,45,1,0,6800.0,0.0,3390.0
7869,62,Maior que 55,1800.0,Baixa,12,0,0,1800.0,0.0,660.0
7870,65,Maior que 55,4800.0,Média-Baixa,18,0,1,4800.0,0.0,1620.0
7871,19,Até 20,2200.0,Baixa,23,1,2,2200.0,0.0,890.0
7872,23,21 a 30,3900.0,Média-Baixa,28,0,0,3900.0,0.0,1450.0
7873,25,21 a 30,11500.0,Média-Alta,34,1,1,11500.0,0.0,3790.0
7874,27,21 a 30,3100.0,Média-Baixa,39,0,2,3100.0,0.0,1320.0
7875,28,21 a 30,9800.0,Média,45,1,0,6800.0,0.0,3390.0
7876,30,21 a 30,24400.0,Alta,50,2,1,22000.0,0.0,7820.0
7877,32,31 a 45,4500.0,Média-Baixa,56,0,2,4500.0,0.0,1910.0
7878,35,31 a 45,9800.0,Média,61,0,0,9800.0,0.0,3550.0
7879,42,31 a 45,15000.0,Média-Alta,67,2,1,15000.0,0.0,5170.0
7880,45,31 a 45,6100.0,Média,72,0,2,6100.0,0.0,2550.0
7881,48,46 a 55,9000.0,Média,78,1,0,9000.0,0.0,3480.0
7882,51,46 a 55,17500.0,Média-Alta,83,3,1,17500.0,0.0,6080.0
7883,53,46 a 55,17000.0,Média-Alta,89,1,2,13000.0,0.0,5990.0
7884,55,46 a 55,8500.0,Média,94,1,0,5300.0,0.0,3490.0
7885,57,Maior que 55,18300.0,Média-Alta,98,3,1,18300.0,0.0,6470.0
7886,62,Maior que 55,1800.0,Baixa,12,0,0,1800.0,0.0,660.0
7887,65,Maior que 55,15000.0,Média-Alta,67,2,1,15000.0,0.0,5170.0
7888,19,Até 20,6100.0,Média,72,0,2,6100.0,0.0,2550.0
7889,23,21 a 30,9000.0,Média,78,1,0,9000.0,0.0,3480.0
7890,25,21 a 30,17500.0,Média-Alta,83,3,1,17500.0,0.0,6080.0
7891,27,21 a 30,17000.0,Média-Alta,89,1,2,13000.0,0.0,5990.0
7892,28,21 a 30,8500.0,Média,94,1,0,5300.0,0.0,3490.0
7893,30,21 a 30,18300.0,Média-Alta,98,3,1,18300.0,0.0,6470.0
7894,32,31 a 45,1800.0,Baixa,12,0,0,1800.0,0.0,660.0
7895,35,31 a 45,4800.0,Média-Baixa,18,0,1,4800.0,0.0,1620.0
7896,42,31 a 45,2200.0,Baixa,23,1,2,2200.0,0.0,890.0
7897,45,31 a 45,3900.0,Média-Baixa,28,0,0,3900.0,0.0,1450.0
7898,48,46 a 55,11500.0,Média-Alta,34,1,1,11500.0,0.0,3790.0
7899,51,46 a 55,3100.0,Média-Baixa,39,0,2,3100.0,0.0,1320.0
7900,23,21 a 30,9800.0,Média,45,1,0,6800.0,0.0,3390.0
7901,28,21 a 30,1800.0,Baixa,12,0,0,1800.0,0.0,660.0
7902,30,21 a 30,4800.0,Média-Baixa,18,0,1,4800.0,0.0,1620.0
7903,32,31 a 45,2200.0,Baixa,23,1,2,2200.0,0.0,890.0
7904,35,31 a 45,3900.0,Média-Baixa,28,0,0,3900.0,0.0,1450.0
7905,42,31 a 45,11500.0,Média-Alta,34,1,1,11500.0,0.0,3790.0
7906,45,31 a 45,3100.0,Média-Baixa,39,0,2,3100.0,0.0,1320.0
7907,48,46 a 55,9800.0,Média,45,1,0,6800.0,0.0,3390.0
7908,51,46 a 55,24400.0,Alta,50,2,1,22000.0,0.0,7820.0
7909,53,46 a 55,4500.0,Média-Baixa,56,0,2,4500.0,0.0,1910.0
7910,55,46 a 55,9800.0,Média,61,0,0,9800.0,0.0,3550.0
7911,57,Maior que 55,15000.0,Média-Alta,67,2,1,15000.0,0.0,5170.0
7912,62,Maior que 55,6100.0,Média,72,0,2,6100.0,0.0,2550.0
7913,65,Maior que 55,9000.0,Média,78,1,0,9000.0,0.0,3480.0
7914,19,Até 20,17500.0,Média-Alta,83,3,1,17500.0,0.0,6080.0
7915,23,21 a 30,17000.0,Média-Alta,89,1,2,13000.0,0.0,5990.0
7916,25,21 a 30,8500.0,Média,94,1,0,5300.0,0.0,3490.0
7917,27,21 a 30,18300.0,Média-Alta,98,3,1,18300.0,0.0,6470.0
7918,28,21 a 30,1800.0,Baixa,12,0,0,1800.0,0.0,660.0
7919,30,21 a 30,1800.0,Baixa,12,0,0,1800.0,0.0,660.0
7920,32,31 a 45,4800.0,Média-Baixa,18,0,1,4800.0,0.0,1620.0
7921,35,31 a 45,2200.0,Baixa,23,1,2,2200.0,0.0,890.0
7922,42,31 a 45,3900.0,Média-Baixa,28,0,0,3900.0,0.0,1450.0
7923,45,31 a 45,11500.0,Média-Alta,34,1,1,11500.0,0.0,3790.0
7924,48,46 a 55,3100.0,Média-Baixa,39,0,2,3100.0,0.0,1320.0
7925,51,46 a 55,9800.0,Média,45,1,0,6800.0,0.0,3390.0
7926,53,46 a 55,24400.0,Alta,50,2,1,22000.0,0.0,7820.0
7927,55,46 a 55,4500.0,Média-Baixa,56,0,2,4500.0,0.0,1910.0
7928,57,Maior que 55,9800.0,Média,61,0,0,9800.0,0.0,3550.0
7929,62,Maior que 55,15000.0,Média-Alta,67,2,1,15000.0,0.0,5170.0
7930,65,Maior que 55,6100.0,Média,72,0,2,6100.0,0.0,2550.0
7931,19,Até 20,9000.0,Média,78,1,0,9000.0,0.0,3480.0
7932,23,21 a 30,17500.0,Média-Alta,83,3,1,17500.0,0.0,6080.0
7933,25,21 a 30,17000.0,Média-Alta,89,1,2,13000.0,0.0,5990.0
7934,27,21 a 30,8500.0,Média,94,1,0,5300.0,0.0,3490.0
7935,28,21 a 30,18300.0,Média-Alta,98,3,1,18300.0,0.0,6470.0
7936,30,21 a 30,1800.0,Baixa,12,0,0,1800.0,0.0,660.0
7937,32,31 a 45,4800.0,Média-Baixa,18,0,1,4800.0,0.0,1620.0
7938,35,31 a 45,2200.0,Baixa,23,1,2,2200.0,0.0,890.0
7939,42,31 a 45,3900.0,Média-Baixa,28,0,0,3900.0,0.0,1450.0
7940,45,31 a 45,11500.0,Média-Alta,34,1,1,11500.0,0.0,3790.0
7941,48,46 a 55,3100.0,Média-Baixa,39,0,2,3100.0,0.0,1320.0
7942,51,46 a 55,1800.0,Baixa,12,0,0,1800.0,0.0,660.0
7943,53,46 a 55,4800.0,Média-Baixa,18,0,1,4800.0,0.0,1620.0
7944,55,46 a 55,2200.0,Baixa,23,1,2,2200.0,0.0,890.0
7945,57,Maior que 55,3900.0,Média-Baixa,28,0,0,3900.0,0.0,1450.0
7946,62,Maior que 55,11500.0,Média-Alta,34,1,1,11500.0,0.0,3790.0
7947,65,Maior que 55,3100.0,Média-Baixa,39,0,2,3100.0,0.0,1320.0
7948,19,Até 20,9800.0,Média,45,1,0,6800.0,0.0,3390.0
7949,23,21 a 30,24400.0,Alta,50,2,1,22000.0,0.0,7820.0
7950,25,21 a 30,4500.0,Média-Baixa,56,0,2,4500.0,0.0,1910.0
7951,27,21 a 30,9800.0,Média,61,0,0,9800.0,0.0,3550.0
7952,28,21 a 30,15000.0,Média-Alta,67,2,1,15000.0,0.0,5170.0
7953,30,21 a 30,6100.0,Média,72,0,2,6100.0,0.0,2550.0
7954,32,31 a 45,9000.0,Média,78,1,0,9000.0,0.0,3480.0
7955,35,31 a 45,17500.0,Média-Alta,83,3,1,17500.0,0.0,6080.0
7956,42,31 a 45,17000.0,Média-Alta,89,1,2,13000.0,0.0,5990.0
7957,45,31 a 45,8500.0,Média,94,1,0,5300.0,0.0,3490.0
7958,48,46 a 55,18300.0,Média-Alta,98,3,1,18300.0,0.0,6470.0
7959,51,46 a 55,1800.0,Baixa,12,0,0,1800.0,0.0,660.0
7960,53,46 a 55,4800.0,Média-Baixa,18,0,1,4800.0,0.0,1620.0
7961,55,46 a 55,2200.0,Baixa,23,1,2,2200.0,0.0,890.0
7962,57,Maior que 55,3900.0,Média-Baixa,28,0,0,3900.0,0.0,1450.0
7963,62,Maior que 55,11500.0,Média-Alta,34,1,1,11500.0,0.0,3790.0
7964,65,Maior que 55,3100.0,Média-Baixa,39,0,2,3100.0,0.0,1320.0
7965,19,Até 20,1800.0,Baixa,12,0,0,1800.0,0.0,660.0
7966,23,21 a 30,4800.0,Média-Baixa,18,0,1,4800.0,0.0,1620.0
7967,25,21 a 30,2200.0,Baixa,23,1,2,2200.0,0.0,890.0
7968,27,21 a 30,3900.0,Média-Baixa,28,0,0,3900.0,0.0,1450.0
7969,28,21 a 30,11500.0,Média-Alta,34,1,1,11500.0,0.0,3790.0
7970,30,21 a 30,3100.0,Média-Baixa,39,0,2,3100.0,0.0,1320.0
7971,32,31 a 45,9800.0,Média,45,1,0,6800.0,0.0,3390.0
7972,35,31 a 45,24400.0,Alta,50,2,1,22000.0,0.0,7820.0
7973,42,31 a 45,4500.0,Média-Baixa,56,0,2,4500.0,0.0,1910.0
7974,45,31 a 45,9800.0,Média,61,0,0,9800.0,0.0,3550.0
7975,48,46 a 55,15000.0,Média-Alta,67,2,1,15000.0,0.0,5170.0
7976,51,46 a 55,6100.0,Média,72,0,2,6100.0,0.0,2550.0
7977,23,21 a 30,9000.0,Média,78,1,0,9000.0,0.0,3480.0
7978,28,21 a 30,17500.0,Média-Alta,83,3,1,17500.0,0.0,6080.0
7979,30,21 a 30,17000.0,Média-Alta,89,1,2,13000.0,0.0,5990.0
7980,32,31 a 45,8500.0,Média,94,1,0,5300.0,0.0,3490.0
7981,35,31 a 45,18300.0,Média-Alta,98,3,1,18300.0,0.0,6470.0
7982,42,31 a 45,1800.0,Baixa,12,0,0,1800.0,0.0,660.0
7983,45,31 a 45,4800.0,Média-Baixa,18,0,1,4800.0,0.0,1620.0
7984,48,46 a 55,2200.0,Baixa,23,1,2,2200.0,0.0,890.0
7985,51,46 a 55,3900.0,Média-Baixa,28,0,0,3900.0,0.0,1450.0
7986,53,46 a 55,11500.0,Média-Alta,34,1,1,11500.0,0.0,3790.0
7987,55,46 a 55,3100.0,Média-Baixa,39,0,2,3100.0,0.0,1320.0
7988,57,Maior que 55,1800.0,Baixa,12,0,0,1800.0,0.0,660.0
7989,62,Maior que 55,4800.0,Média-Baixa,18,0,1,4800.0,0.0,1620.0
7990,65,Maior que 55,2200.0,Baixa,23,1,2,2200.0,0.0,890.0
7991,19,Até 20,3900.0,Média-Baixa,28,0,0,3900.0,0.0,1450.0
7992,23,21 a 30,11500.0,Média-Alta,34,1,1,11500.0,0.0,3790.0
7993,25,21 a 30,3100.0,Média-Baixa,39,0,2,3100.0,0.0,1320.0
7994,27,21 a 30,9800.0,Média,45,1,0,6800.0,0.0,3390.0
7995,28,21 a 30,24400.0,Alta,50,2,1,22000.0,0.0,7820.0
7996,30,21 a 30,4500.0,Média-Baixa,56,0,2,4500.0,0.0,1910.0
7997,32,31 a 45,9800.0,Média,61,0,0,9800.0,0.0,3550.0
7998,35,31 a 45,15000.0,Média-Alta,67,2,1,15000.0,0.0,5170.0
7999,42,31 a 45,6100.0,Média,72,0,2,6100.0,0.0,2550.0
8000,45,31 a 45,9000.0,Média,78,1,0,9000.0,0.0,3480.0
8001,48,46 a 55,17500.0,Média-Alta,83,3,1,17500.0,0.0,6080.0
8002,51,46 a 55,17000.0,Média-Alta,89,1,2,13000.0,0.0,5990.0
8003,53,46 a 55,8500.0,Média,94,1,0,5300.0,0.0,3490.0
8004,55,46 a 55,18300.0,Média-Alta,98,3,1,18300.0,0.0,6470.0
8005,57,Maior que 55,1800.0,Baixa,12,0,0,1800.0,0.0,660.0
8006,62,Maior que 55,4800.0,Média-Baixa,18,0,1,4800.0,0.0,1620.0
8007,65,Maior que 55,2200.0,Baixa,23,1,2,2200.0,0.0,890.0
8008,19,Até 20,3900.0,Média-Baixa,28,0,0,3900.0,0.0,1450.0
8009,23,21 a 30,11500.0,Média-Alta,34,1,1,11500.0,0.0,3790.0
8010,25,21 a 30,3100.0,Média-Baixa,39,0,2,3100.0,0.0,1320.0
8011,27,21 a 30,1800.0,Baixa,12,0,0,1800.0,0.0,660.0
8012,28,21 a 30,4800.0,Média-Baixa,18,0,1,4800.0,0.0,1620.0
8013,30,21 a 30,2200.0,Baixa,23,1,2,2200.0,0.0,890.0
8014,32,31 a 45,3900.0,Média-Baixa,28,0,0,3900.0,0.0,1450.0
8015,35,31 a 45,11500.0,Média-Alta,34,1,1,11500.0,0.0,3790.0
8016,42,31 a 45,3100.0,Média-Baixa,39,0,2,3100.0,0.0,1320.0
8017,45,31 a 45,9800.0,Média,45,1,0,6800.0,0.0,3390.0
8018,48,46 a 55,24400.0,Alta,50,2,1,22000.0,0.0,7820.0
8019,51,46 a 55,4500.0,Média-Baixa,56,0,2,4500.0,0.0,1910.0
8020,53,46 a 55,9800.0,Média,61,0,0,9800.0,0.0,3550.0
8021,55,46 a 55,15000.0,Média-Alta,67,2,1,15000.0,0.0,5170.0
8022,57,Maior que 55,6100.0,Média,72,0,2,6100.0,0.0,2550.0
8023,62,Maior que 55,9000.0,Média,78,1,0,9000.0,0.0,3480.0
8024,65,Maior que 55,17500.0,Média-Alta,83,3,1,17500.0,0.0,6080.0
8025,19,Até 20,17000.0,Média-Alta,89,1,2,13000.0,0.0,5990.0
8026,23,21 a 30,8500.0,Média,94,1,0,5300.0,0.0,3490.0
8027,25,21 a 30,18300.0,Média-Alta,98,3,1,18300.0,0.0,6470.0
8028,27,21 a 30,1800.0,Baixa,12,0,0,1800.0,0.0,660.0
8029,28,21 a 30,4800.0,Média-Baixa,18,0,1,4800.0,0.0,1620.0
8030,30,21 a 30,2200.0,Baixa,23,1,2,2200.0,0.0,890.0
8031,32,31 a 45,3900.0,Média-Baixa,28,0,0,3900.0,0.0,1450.0
8032,35,31 a 45,11500.0,Média-Alta,34,1,1,11500.0,0.0,3790.0
8033,42,31 a 45,3100.0,Média-Baixa,39,0,2,3100.0,0.0,1320.0
8034,45,31 a 45,1800.0,Baixa,12,0,0,1800.0,0.0,660.0
8035,48,46 a 55,4800.0,Média-Baixa,18,0,1,4800.0,0.0,1620.0
8036,51,46 a 55,2200.0,Baixa,23,1,2,2200.0,0.0,890.0
8037,53,46 a 55,3900.0,Média-Baixa,28,0,0,3900.0,0.0,1450.0
8038,55,46 a 55,11500.0,Média-Alta,34,1,1,11500.0,0.0,3790.0
8039,57,Maior que 55,3100.0,Média-Baixa,39,0,2,3100.0,0.0,1320.0
8040,62,Maior que 55,9800.0,Média,45,1,0,6800.0,0.0,3390.0
8041,65,Maior que 55,24400.0,Alta,50,2,1,22000.0,0.0,7820.0
8042,19,Até 20,4500.0,Média-Baixa,56,0,2,4500.0,0.0,1910.0
8043,23,21 a 30,9800.0,Média,61,0,0,9800.0,0.0,3550.0
8044,25,21 a 30,15000.0,Média-Alta,67,2,1,15000.0,0.0,5170.0
8045,27,21 a 30,6100.0,Média,72,0,2,6100.0,0.0,2550.0
8046,28,21 a 30,9000.0,Média,78,1,0,9000.0,0.0,3480.0
8047,30,21 a 30,17500.0,Média-Alta,83,3,1,17500.0,0.0,6080.0
8048,32,31 a 45,17000.0,Média-Alta,89,1,2,13000.0,0.0,5990.0
8049,35,31 a 45,8500.0,Média,94,1,0,5300.0,0.0,3490.0
8050,42,31 a 45,18300.0,Média-Alta,98,3,1,18300.0,0.0,6470.0
8051,45,31 a 45,1800.0,Baixa,12,0,0,1800.0,0.0,660.0
8052,48,46 a 55,4800.0,Média-Baixa,18,0,1,4800.0,0.0,1620.0
8053,51,46 a 55,2200.0,Baixa,23,1,2,2200.0,0.0,890.0
8054,23,21 a 30,3900.0,Média-Baixa,28,0,0,3900.0,0.0,1450.0
8055,28,21 a 30,11500.0,Média-Alta,34,1,1,11500.0,0.0,3790.0
8056,30,21 a 30,3100.0,Média-Baixa,39,0,2,3100.0,0.0,1320.0
8057,32,31 a 45,1800.0,Baixa,12,0,0,1800.0,0.0,660.0
8058,35,31 a 45,4800.0,Média-Baixa,18,0,1,4800.0,0.0,1620.0
8059,42,31 a 45,2200.0,Baixa,23,1,2,2200.0,0.0,890.0
8060,45,31 a 45,3900.0,Média-Baixa,28,0,0,3900.0,0.0,1450.0
8061,48,46 a 55,11500.0,Média-Alta,34,1,1,11500.0,0.0,3790.0
8062,51,46 a 55,3100.0,Média-Baixa,39,0,2,3100.0,0.0,1320.0
8063,53,46 a 55,9800.0,Média,45,1,0,6800.0,0.0,3390.0
8064,55,46 a 55,24400.0,Alta,50,2,1,22000.0,0.0,7820.0
8065,57,Maior que 55,4500.0,Média-Baixa,56,0,2,4500.0,0.0,1910.0
8066,62,Maior que 55,9800.0,Média,61,0,0,9800.0,0.0,3550.0
8067,65,Maior que 55,15000.0,Média-Alta,67,2,1,15000.0,0.0,5170.0
8068,19,Até 20,6100.0,Média,72,0,2,6100.0,0.0,2550.0
8069,23,21 a 30,9000.0,Média,78,1,0,9000.0,0.0,3480.0
8070,25,21 a 30,17500.0,Média-Alta,83,3,1,17500.0,0.0,6080.0
8071,27,21 a 30,17000.0,Média-Alta,89,1,2,13000.0,0.0,5990.0
8072,28,21 a 30,8500.0,Média,94,1,0,5300.0,0.0,3490.0
8073,30,21 a 30,18300.0,Média-Alta,98,3,1,18300.0,0.0,6470.0
8074,32,31 a 45,1800.0,Baixa,12,0,0,1800.0,0.0,660.0
8075,35,31 a 45,4800.0,Média-Baixa,18,0,1,4800.0,0.0,1620.0
8076,42,31 a 45,2200.0,Baixa,23,1,2,2200.0,0.0,890.0
8077,45,31 a 45,3900.0,Média-Baixa,28,0,0,3900.0,0.0,1450.0
8078,48,46 a 55,11500.0,Média-Alta,34,1,1,11500.0,0.0,3790.0
8079,51,46 a 55,3100.0,Média-Baixa,39,0,2,3100.0,0.0,1320.0
8080,53,46 a 55,1800.0,Baixa,12,0,0,1800.0,0.0,660.0
8081,55,46 a 55,4800.0,Média-Baixa,18,0,1,4800.0,0.0,1620.0
8082,57,Maior que 55,2200.0,Baixa,23,1,2,2200.0,0.0,890.0
8083,62,Maior que 55,3900.0,Média-Baixa,28,0,0,3900.0,0.0,1450.0
8084,65,Maior que 55,11500.0,Média-Alta,34,1,1,11500.0,0.0,3790.0
8085,19,Até 20,3100.0,Média-Baixa,39,0,2,3100.0,0.0,1320.0
8086,23,21 a 30,9800.0,Média,45,1,0,6800.0,0.0,3390.0
8087,25,21 a 30,24400.0,Alta,50,2,1,22000.0,0.0,7820.0
8088,27,21 a 30,4500.0,Média-Baixa,56,0,2,4500.0,0.0,1910.0
8089,28,21 a 30,9800.0,Média,61,0,0,9800.0,0.0,3550.0
8090,30,21 a 30,15000.0,Média-Alta,67,2,1,15000.0,0.0,5170.0
8091,32,31 a 45,6100.0,Média,72,0,2,6100.0,0.0,2550.0
8092,35,31 a 45,9000.0,Média,78,1,0,9000.0,0.0,3480.0
8093,42,31 a 45,17500.0,Média-Alta,83,3,1,17500.0,0.0,6080.0
8094,45,31 a 45,17000.0,Média-Alta,89,1,2,13000.0,0.0,5990.0
8095,48,46 a 55,8500.0,Média,94,1,0,5300.0,0.0,3490.0
8096,51,46 a 55,18300.0,Média-Alta,98,3,1,18300.0,0.0,6470.0
8097,53,46 a 55,1800.0,Baixa,12,0,0,1800.0,0.0,660.0
8098,55,46 a 55,4800.0,Média-Baixa,18,0,1,4800.0,0.0,1620.0
8099,57,Maior que 55,2200.0,Baixa,23,1,2,2200.0,0.0,890.0
8100,62,Maior que 55,3900.0,Média-Baixa,28,0,0,3900.0,0.0,1450.0
8101,65,Maior que 55,11500.0,Média-Alta,34,1,1,11500.0,0.0,3790.0
8102,19,Até 20,3100.0,Média-Baixa,39,0,2,3100.0,0.0,1320.0
8103,23,21 a 30,1800.0,Baixa,12,0,0,1800.0,0.0,660.0
8104,25,21 a 30,4800.0,Média-Baixa,18,0,1,4800.0,0.0,1620.0
8105,27,21 a 30,2200.0,Baixa,23,1,2,2200.0,0.0,890.0
8106,28,21 a 30,3900.0,Média-Baixa,28,0,0,3900.0,0.0,1450.0
8107,30,21 a 30,11500.0,Média-Alta,34,1,1,11500.0,0.0,3790.0
8108,32,31 a 45,3100.0,Média-Baixa,39,0,2,3100.0,0.0,1320.0
8109,35,31 a 45,9800.0,Média,45,1,0,6800.0,0.0,3390.0
8110,42,31 a 45,24400.0,Alta,50,2,1,22000.0,0.0,7820.0
8111,45,31 a 45,4500.0,Média-Baixa,56,0,2,4500.0,0.0,1910.0
8112,48,46 a 55,9800.0,Média,61,0,0,9800.0,0.0,3550.0
8113,51,46 a 55,15000.0,Média-Alta,67,2,1,15000.0,0.0,5170.0
8114,53,46 a 55,6100.0,Média,72,0,2,6100.0,0.0,2550.0
8115,55,46 a 55,9000.0,Média,78,1,0,9000.0,0.0,3480.0
8116,57,Maior que 55,17500.0,Média-Alta,83,3,1,17500.0,0.0,6080.0
8117,62,Maior que 55,17000.0,Média-Alta,89,1,2,13000.0,0.0,5990.0
8118,65,Maior que 55,8500.0,Média,94,1,0,5300.0,0.0,3490.0
8119,19,Até 20,18300.0,Média-Alta,98,3,1,18300.0,0.0,6470.0
8120,23,21 a 30,1800.0,Baixa,12,0,0,1800.0,0.0,660.0
8121,25,21 a 30,4800.0,Média-Baixa,18,0,1,4800.0,0.0,1620.0
8122,27,21 a 30,2200.0,Baixa,23,1,2,2200.0,0.0,890.0
8123,28,21 a 30,3900.0,Média-Baixa,28,0,0,3900.0,0.0,1450.0
8124,30,21 a 30,11500.0,Média-Alta,34,1,1,11500.0,0.0,3790.0
8125,32,31 a 45,3100.0,Média-Baixa,39,0,2,3100.0,0.0,1320.0
8126,35,31 a 45,1800.0,Baixa,12,0,0,1800.0,0.0,660.0
8127,42,31 a 45,4800.0,Média-Baixa,18,0,1,4800.0,0.0,1620.0
8128,45,31 a 45,2200.0,Baixa,23,1,2,2200.0,0.0,890.0
8129,48,46 a 55,3900.0,Média-Baixa,28,0,0,3900.0,0.0,1450.0
8130,51,46 a 55,11500.0,Média-Alta,34,1,1,11500.0,0.0,3790.0
8131,42,31 a 45,3100.0,Média-Baixa,39,0,2,3100.0,0.0,1320.0
8132,45,31 a 45,9800.0,Média,45,1,0,6800.0,0.0,3390.0
8133,48,46 a 55,24400.0,Alta,50,2,1,22000.0,0.0,7820.0
8134,51,46 a 55,4500.0,Média-Baixa,56,0,2,4500.0,0.0,1910.0
8135,48,46 a 55,9800.0,Média,61,0,0,9800.0,0.0,3550.0
8136,51,46 a 55,15000.0,Média-Alta,67,2,1,15000.0,0.0,5170.0
8137,48,46 a 55,6100.0,Média,72,0,2,6100.0,0.0,2550.0
8138,51,46 a 55,9000.0,Média,78,1,0,9000.0,0.0,3480.0
8139,48,46 a 55,17500.0,Média-Alta,83,3,1,17500.0,0.0,6080.0
8140,51,46 a 55,17000.0,Média-Alta,89,1,2,13000.0,0.0,5990.0
8141,48,46 a 55,8500.0,Média,94,1,0,5300.0,0.0,3490.0
8142,51,46 a 55,18300.0,Média-Alta,98,3,1,18300.0,0.0,6470.0
8143,48,46 a 55,1800.0,Baixa,12,0,0,1800.0,0.0,660.0
8144,51,46 a 55,4800.0,Média-Baixa,18,0,1,4800.0,0.0,1620.0
8145,48,46 a 55,2200.0,Baixa,23,1,2,2200.0,0.0,890.0
8146,51,46 a 55,3900.0,Média-Baixa,28,0,0,3900.0,0.0,1450.0
8147,48,46 a 55,11500.0,Média-Alta,34,1,1,11500.0,0.0,3790.0
8148,51,46 a 55,3100.0,Média-Baixa,39,0,2,3100.0,0.0,1320.0
8149,19,Até 20,1800.0,Baixa,12,0,0,1800.0,0.0,660.0
8150,23,21 a 30,4800.0,Média-Baixa,18,0,1,4800.0,0.0,1620.0
8151,25,21 a 30,2200.0,Baixa,23,1,2,2200.0,0.0,890.0
8152,27,21 a 30,3900.0,Média-Baixa,28,0,0,3900.0,0.0,1450.0
8153,28,21 a 30,11500.0,Média-Alta,34,1,1,11500.0,0.0,3790.0
8154,30,21 a 30,3100.0,Média-Baixa,39,0,2,3100.0,0.0,1320.0
8155,32,31 a 45,9800.0,Média,45,1,0,6800.0,0.0,3390.0
8156,35,31 a 45,24400.0,Alta,50,2,1,22000.0,0.0,7820.0
8157,42,31 a 45,4500.0,Média-Baixa,56,0,2,4500.0,0.0,1910.0
8158,45,31 a 45,9800.0,Média,61,0,0,9800.0,0.0,3550.0
8159,48,46 a 55,15000.0,Média-Alta,67,2,1,15000.0,0.0,5170.0
8160,51,46 a 55,6100.0,Média,72,0,2,6100.0,0.0,2550.0
8161,53,46 a 55,9000.0,Média,78,1,0,9000.0,0.0,3480.0
8162,55,46 a 55,17500.0,Média-Alta,83,3,1,17500.0,0.0,6080.0
8163,57,Maior que 55,17000.0,Média-Alta,89,1,2,13000.0,0.0,5990.0
8164,62,Maior que 55,8500.0,Média,94,1,0,5300.0,0.0,3490.0
8165,65,Maior que 55,18300.0,Média-Alta,98,3,1,18300.0,0.0,6470.0
8166,19,Até 20,1800.0,Baixa,12,0,0,1800.0,0.0,660.0
8167,23,21 a 30,4800.0,Média-Baixa,18,0,1,4800.0,0.0,1620.0
8168,25,21 a 30,2200.0,Baixa,23,1,2,2200.0,0.0,890.0
8169,27,21 a 30,3900.0,Média-Baixa,28,0,0,3900.0,0.0,1450.0
8170,28,21 a 30,11500.0,Média-Alta,34,1,1,11500.0,0.0,3790.0
8171,30,21 a 30,3100.0,Média-Baixa,39,0,2,3100.0,0.0,1320.0
8172,32,31 a 45,9800.0,Média,45,1,0,6800.0,0.0,3390.0
8173,35,31 a 45,24400.0,Alta,50,2,1,22000.0,0.0,7820.0
8174,42,31 a 45,4500.0,Média-Baixa,56,0,2,4500.0,0.0,1910.0
8175,45,31 a 45,9800.0,Média,61,0,0,9800.0,0.0,3550.0
8176,48,46 a 55,15000.0,Média-Alta,67,2,1,15000.0,0.0,5170.0
8177,51,46 a 55,6100.0,Média,72,0,2,6100.0,0.0,2550.0
8178,53,46 a 55,9000.0,Média,78,1,0,9000.0,0.0,3480.0
8179,55,46 a 55,17500.0,Média-Alta,83,3,1,17500.0,0.0,6080.0
8180,57,Maior que 55,17000.0,Média-Alta,89,1,2,13000.0,0.0,5990.0
8181,62,Maior que 55,8500.0,Média,94,1,0,5300.0,0.0,3490.0
8182,65,Maior que 55,18300.0,Média-Alta,98,3,1,18300.0,0.0,6470.0
8183,19,Até 20,1800.0,Baixa,12,0,0,1800.0,0.0,660.0
8184,23,21 a 30,4800.0,Média-Baixa,18,0,1,4800.0,0.0,1620.0
8185,25,21 a 30,2200.0,Baixa,23,1,2,2200.0,0.0,890.0
8186,27,21 a 30,3900.0,Média-Baixa,28,0,0,3900.0,0.0,1450.0
8187,28,21 a 30,11500.0,Média-Alta,34,1,1,11500.0,0.0,3790.0
8188,30,21 a 30,3100.0,Média-Baixa,39,0,2,3100.0,0.0,1320.0
8189,32,31 a 45,9800.0,Média,45,1,0,6800.0,0.0,3390.0
8190,35,31 a 45,24400.0,Alta,50,2,1,22000.0,0.0,7820.0
8191,42,31 a 45,4500.0,Média-Baixa,56,0,2,4500.0,0.0,1910.0
8192,45,31 a 45,9800.0,Média,61,0,0,9800.0,0.0,3550.0
8193,48,46 a 55,15000.0,Média-Alta,67,2,1,15000.0,0.0,5170.0
8194,51,46 a 55,6100.0,Média,72,0,2,6100.0,0.0,2550.0
8195,53,46 a 55,9000.0,Média,78,1,0,9000.0,0.0,3480.0
8196,55,46 a 55,17500.0,Média-Alta,83,3,1,17500.0,0.0,6080.0
8197,57,Maior que 55,17000.0,Média-Alta,89,1,2,13000.0,0.0,5990.0
8198,62,Maior que 55,8500.0,Média,94,1,0,5300.0,0.0,3490.0
8199,65,Maior que 55,18300.0,Média-Alta,98,3,1,18300.0,0.0,6470.0
8200,19,Até 20,1800.0,Baixa,12,0,0,1800.0,0.0,660.0
8201,23,21 a 30,4800.0,Média-Baixa,18,0,1,4800.0,0.0,1620.0
8202,25,21 a 30,2200.0,Baixa,23,1,2,2200.0,0.0,890.0
8203,27,21 a 30,3900.0,Média-Baixa,28,0,0,3900.0,0.0,1450.0
8204,28,21 a 30,11500.0,Média-Alta,34,1,1,11500.0,0.0,3790.0
8205,30,21 a 30,3100.0,Média-Baixa,39,0,2,3100.0,0.0,1320.0
8206,32,31 a 45,9800.0,Média,45,1,0,6800.0,0.0,3390.0
8207,35,31 a 45,24400.0,Alta,50,2,1,22000.0,0.0,7820.0
8208,42,31 a 45,4500.0,Média-Baixa,56,0,2,4500.0,0.0,1910.0
8209,45,31 a 45,9800.0,Média,61,0,0,9800.0,0.0,3550.0
8210,48,46 a 55,15000.0,Média-Alta,67,2,1,15000.0,0.0,5170.0
8211,51,46 a 55,6100.0,Média,72,0,2,6100.0,0.0,2550.0
8212,53,46 a 55,9000.0,Média,78,1,0,9000.0,0.0,3480.0
8213,55,46 a 55,17500.0,Média-Alta,83,3,1,17500.0,0.0,6080.0
8214,57,Maior que 55,17000.0,Média-Alta,89,1,2,13000.0,0.0,5990.0
8215,62,Maior que 55,8500.0,Média,94,1,0,5300.0,0.0,3490.0
8216,65,Maior que 55,18300.0,Média-Alta,98,3,1,18300.0,0.0,6470.0
8217,19,Até 20,1800.0,Baixa,12,0,0,1800.0,0.0,660.0
8218,23,21 a 30,4800.0,Média-Baixa,18,0,1,4800.0,0.0,1620.0
8219,25,21 a 30,2200.0,Baixa,23,1,2,2200.0,0.0,890.0
8220,27,21 a 30,3900.0,Média-Baixa,28,0,0,3900.0,0.0,1450.0
8221,28,21 a 30,11500.0,Média-Alta,34,1,1,11500.0,0.0,3790.0
8222,30,21 a 30,3100.0,Média-Baixa,39,0,2,3100.0,0.0,1320.0
8223,32,31 a 45,9800.0,Média,45,1,0,6800.0,0.0,3390.0
8224,35,31 a 45,24400.0,Alta,50,2,1,22000.0,0.0,7820.0
8225,42,31 a 45,4500.0,Média-Baixa,56,0,2,4500.0,0.0,1910.0
8226,45,31 a 45,9800.0,Média,61,0,0,9800.0,0.0,3550.0
8227,48,46 a 55,15000.0,Média-Alta,67,2,1,15000.0,0.0,5170.0
8228,51,46 a 55,6100.0,Média,72,0,2,6100.0,0.0,2550.0
8229,53,46 a 55,9000.0,Média,78,1,0,9000.0,0.0,3480.0
8230,55,46 a 55,17500.0,Média-Alta,83,3,1,17500.0,0.0,6080.0
8231,57,Maior que 55,17000.0,Média-Alta,89,1,2,13000.0,0.0,5990.0
8232,62,Maior que 55,8500.0,Média,94,1,0,5300.0,0.0,3490.0
8233,65,Maior que 55,18300.0,Média-Alta,98,3,1,18300.0,0.0,6470.0
8234,19,Até 20,1800.0,Baixa,12,0,0,1800.0,0.0,660.0
8235,23,21 a 30,4800.0,Média-Baixa,18,0,1,4800.0,0.0,1620.0
8236,25,21 a 30,2200.0,Baixa,23,1,2,2200.0,0.0,890.0
8237,27,21 a 30,3900.0,Média-Baixa,28,0,0,3900.0,0.0,1450.0
8238,28,21 a 30,11500.0,Média-Alta,34,1,1,11500.0,0.0,3790.0
8239,30,21 a 30,3100.0,Média-Baixa,39,0,2,3100.0,0.0,1320.0
8240,32,31 a 45,9800.0,Média,45,1,0,6800.0,0.0,3390.0
8241,35,31 a 45,24400.0,Alta,50,2,1,22000.0,0.0,7820.0
8242,42,31 a 45,4500.0,Média-Baixa,56,0,2,4500.0,0.0,1910.0
8243,45,31 a 45,9800.0,Média,61,0,0,9800.0,0.0,3550.0
8244,48,46 a 55,15000.0,Média-Alta,67,2,1,15000.0,0.0,5170.0
8245,51,46 a 55,6100.0,Média,72,0,2,6100.0,0.0,2550.0
8246,53,46 a 55,9000.0,Média,78,1,0,9000.0,0.0,3480.0
8247,55,46 a 55,17500.0,Média-Alta,83,3,1,17500.0,0.0,6080.0
8248,57,Maior que 55,17000.0,Média-Alta,89,1,2,13000.0,0.0,5990.0
8249,62,Maior que 55,8500.0,Média,94,1,0,5300.0,0.0,3490.0
8250,65,Maior que 55,18300.0,Média-Alta,98,3,1,18300.0,0.0,6470.0
8251,19,Até 20,1800.0,Baixa,12,0,0,1800.0,0.0,660.0
8252,23,21 a 30,4800.0,Média-Baixa,18,0,1,4800.0,0.0,1620.0
8253,25,21 a 30,2200.0,Baixa,23,1,2,2200.0,0.0,890.0
8254,27,21 a 30,3900.0,Média-Baixa,28,0,0,3900.0,0.0,1450.0
8255,28,21 a 30,11500.0,Média-Alta,34,1,1,11500.0,0.0,3790.0
8256,30,21 a 30,3100.0,Média-Baixa,39,0,2,3100.0,0.0,1320.0
8257,32,31 a 45,9800.0,Média,45,1,0,6800.0,0.0,3390.0
8258,35,31 a 45,24400.0,Alta,50,2,1,22000.0,0.0,7820.0
8259,42,31 a 45,4500.0,Média-Baixa,56,0,2,4500.0,0.0,1910.0
8260,45,31 a 45,9800.0,Média,61,0,0,9800.0,0.0,3550.0
8261,48,46 a 55,15000.0,Média-Alta,67,2,1,15000.0,0.0,5170.0
8262,51,46 a 55,6100.0,Média,72,0,2,6100.0,0.0,2550.0
8263,53,46 a 55,9000.0,Média,78,1,0,9000.0,0.0,3480.0
8264,55,46 a 55,17500.0,Média-Alta,83,3,1,17500.0,0.0,6080.0
8265,57,Maior que 55,17000.0,Média-Alta,89,1,2,13000.0,0.0,5990.0
8266,62,Maior que 55,8500.0,Média,94,1,0,5300.0,0.0,3490.0
8267,65,Maior que 55,18300.0,Média-Alta,98,3,1,18300.0,0.0,6470.0
8268,19,Até 20,1800.0,Baixa,12,0,0,1800.0,0.0,660.0
8269,23,21 a 30,4800.0,Média-Baixa,18,0,1,4800.0,0.0,1620.0
8270,25,21 a 30,2200.0,Baixa,23,1,2,2200.0,0.0,890.0
8271,27,21 a 30,3900.0,Média-Baixa,28,0,0,3900.0,0.0,1450.0
8272,28,21 a 30,11500.0,Média-Alta,34,1,1,11500.0,0.0,3790.0
8273,30,21 a 30,3100.0,Média-Baixa,39,0,2,3100.0,0.0,1320.0
8274,32,31 a 45,9800.0,Média,45,1,0,6800.0,0.0,3390.0
8275,35,31 a 45,24400.0,Alta,50,2,1,22000.0,0.0,7820.0
8276,42,31 a 45,4500.0,Média-Baixa,56,0,2,4500.0,0.0,1910.0
8277,45,31 a 45,9800.0,Média,61,0,0,9800.0,0.0,3550.0
8278,48,46 a 55,15000.0,Média-Alta,67,2,1,15000.0,0.0,5170.0
8279,51,46 a 55,6100.0,Média,72,0,2,6100.0,0.0,2550.0
8280,53,46 a 55,9000.0,Média,78,1,0,9000.0,0.0,3480.0
8281,55,46 a 55,17500.0,Média-Alta,83,3,1,17500.0,0.0,6080.0
8282,57,Maior que 55,17000.0,Média-Alta,89,1,2,13000.0,0.0,5990.0
8283,62,Maior que 55,8500.0,Média,94,1,0,5300.0,0.0,3490.0
8284,65,Maior que 55,18300.0,Média-Alta,98,3,1,18300.0,0.0,6470.0
8285,19,Até 20,1800.0,Baixa,12,0,0,1800.0,0.0,660.0
8286,23,21 a 30,4800.0,Média-Baixa,18,0,1,4800.0,0.0,1620.0
8287,25,21 a 30,2200.0,Baixa,23,1,2,2200.0,0.0,890.0
8288,27,21 a 30,3900.0,Média-Baixa,28,0,0,3900.0,0.0,1450.0
8289,28,21 a 30,11500.0,Média-Alta,34,1,1,11500.0,0.0,3790.0
8290,30,21 a 30,3100.0,Média-Baixa,39,0,2,3100.0,0.0,1320.0
8291,32,31 a 45,9800.0,Média,45,1,0,6800.0,0.0,3390.0
8292,35,31 a 45,24400.0,Alta,50,2,1,22000.0,0.0,7820.0
8293,42,31 a 45,4500.0,Média-Baixa,56,0,2,4500.0,0.0,1910.0
8294,45,31 a 45,9800.0,Média,61,0,0,9800.0,0.0,3550.0
8295,48,46 a 55,15000.0,Média-Alta,67,2,1,15000.0,0.0,5170.0
8296,51,46 a 55,6100.0,Média,72,0,2,6100.0,0.0,2550.0
8297,53,46 a 55,9000.0,Média,78,1,0,9000.0,0.0,3480.0
8298,55,46 a 55,17500.0,Média-Alta,83,3,1,17500.0,0.0,6080.0
8299,57,Maior que 55,17000.0,Média-Alta,89,1,2,13000.0,0.0,5990.0
8300,62,Maior que 55,8500.0,Média,94,1,0,5300.0,0.0,3490.0
8301,65,Maior que 55,18300.0,Média-Alta,98,3,1,18300.0,0.0,6470.0
8302,19,Até 20,1800.0,Baixa,12,0,0,1800.0,0.0,660.0
8303,23,21 a 30,4800.0,Média-Baixa,18,0,1,4800.0,0.0,1620.0
8304,25,21 a 30,2200.0,Baixa,23,1,2,2200.0,0.0,890.0
8305,27,21 a 30,3900.0,Média-Baixa,28,0,0,3900.0,0.0,1450.0
8306,28,21 a 30,11500.0,Média-Alta,34,1,1,11500.0,0.0,3790.0
8307,30,21 a 30,3100.0,Média-Baixa,39,0,2,3100.0,0.0,1320.0
8308,32,31 a 45,9800.0,Média,45,1,0,6800.0,0.0,3390.0
8309,35,31 a 45,1800.0,Baixa,12,0,0,1800.0,0.0,660.0
8310,42,31 a 45,4800.0,Média-Baixa,18,0,1,4800.0,0.0,1620.0
8311,45,31 a 45,2200.0,Baixa,23,1,2,2200.0,0.0,890.0
8312,48,46 a 55,3900.0,Média-Baixa,28,0,0,3900.0,0.0,1450.0
8313,51,46 a 55,11500.0,Média-Alta,34,1,1,11500.0,0.0,3790.0
8314,53,46 a 55,3100.0,Média-Baixa,39,0,2,3100.0,0.0,1320.0
8315,55,46 a 55,9800.0,Média,45,1,0,6800.0,0.0,3390.0
8316,57,Maior que 55,24400.0,Alta,50,2,1,22000.0,0.0,7820.0
8317,62,Maior que 55,4500.0,Média-Baixa,56,0,2,4500.0,0.0,1910.0
8318,65,Maior que 55,9800.0,Média,61,0,0,9800.0,0.0,3550.0
8319,19,Até 20,15000.0,Média-Alta,67,2,1,15000.0,0.0,5170.0
8320,23,21 a 30,6100.0,Média,72,0,2,6100.0,0.0,2550.0
8321,25,21 a 30,9000.0,Média,78,1,0,9000.0,0.0,3480.0
8322,39,31 a 45,17500.0,Média-Alta,83,3,1,17500.0,0.0,6080.0
8323,28,21 a 30,17000.0,Média-Alta,89,1,2,13000.0,0.0,5990.0
8324,30,21 a 30,8500.0,Média,94,1,0,5300.0,0.0,3490.0
8325,32,31 a 45,18300.0,Média-Alta,98,3,1,18300.0,0.0,6470.0
8326,35,31 a 45,1800.0,Baixa,12,0,0,1800.0,0.0,660.0
8327,42,31 a 45,4800.0,Média-Baixa,18,0,1,4800.0,0.0,1620.0
8328,45,31 a 45,2200.0,Baixa,23,1,2,2200.0,0.0,890.0
8329,48,46 a 55,3900.0,Média-Baixa,28,0,0,3900.0,0.0,1450.0
8330,51,46 a 55,11500.0,Média-Alta,34,1,1,11500.0,0.0,3790.0
8331,53,46 a 55,3100.0,Média-Baixa,39,0,2,3100.0,0.0,1320.0
8332,55,46 a 55,9800.0,Média,45,1,0,6800.0,0.0,3390.0
8333,57,Maior que 55,1800.0,Baixa,12,0,0,1800.0,0.0,660.0
8334,62,Maior que 55,4800.0,Média-Baixa,18,0,1,4800.0,0.0,1620.0
8335,65,Maior que 55,2200.0,Baixa,23,1,2,2200.0,0.0,890.0
8336,19,Até 20,3900.0,Média-Baixa,28,0,0,3900.0,0.0,1450.0
8337,23,21 a 30,11500.0,Média-Alta,34,1,1,11500.0,0.0,3790.0
8338,25,21 a 30,3100.0,Média-Baixa,39,0,2,3100.0,0.0,1320.0
8339,27,21 a 30,9800.0,Média,45,1,0,6800.0,0.0,3390.0
8340,28,21 a 30,24400.0,Alta,50,2,1,22000.0,0.0,7820.0
8341,30,21 a 30,4500.0,Média-Baixa,56,0,2,4500.0,0.0,1910.0
8342,32,31 a 45,9800.0,Média,61,0,0,9800.0,0.0,3550.0
8343,35,31 a 45,15000.0,Média-Alta,67,2,1,15000.0,0.0,5170.0
8344,42,31 a 45,6100.0,Média,72,0,2,6100.0,0.0,2550.0
8345,45,31 a 45,9000.0,Média,78,1,0,9000.0,0.0,3480.0
8346,48,46 a 55,17500.0,Média-Alta,83,3,1,17500.0,0.0,6080.0
8347,51,46 a 55,17000.0,Média-Alta,89,1,2,13000.0,0.0,5990.0
8348,53,46 a 55,8500.0,Média,94,1,0,5300.0,0.0,3490.0
8349,55,46 a 55,18300.0,Média-Alta,98,3,1,18300.0,0.0,6470.0
8350,57,Maior que 55,1800.0,Baixa,12,0,0,1800.0,0.0,660.0
8351,62,Maior que 55,4800.0,Média-Baixa,18,0,1,4800.0,0.0,1620.0
8352,65,Maior que 55,2200.0,Baixa,23,1,2,2200.0,0.0,890.0
8353,19,Até 20,3900.0,Média-Baixa,28,0,0,3900.0,0.0,1450.0
8354,23,21 a 30,11500.0,Média-Alta,34,1,1,11500.0,0.0,3790.0
8355,25,21 a 30,3100.0,Média-Baixa,39,0,2,3100.0,0.0,1320.0
8356,27,21 a 30,9800.0,Média,45,1,0,6800.0,0.0,3390.0
8357,28,21 a 30,1800.0,Baixa,12,0,0,1800.0,0.0,660.0
8358,30,21 a 30,4800.0,Média-Baixa,18,0,1,4800.0,0.0,1620.0
8359,32,31 a 45,2200.0,Baixa,23,1,2,2200.0,0.0,890.0
8360,35,31 a 45,3900.0,Média-Baixa,28,0,0,3900.0,0.0,1450.0
8361,42,31 a 45,11500.0,Média-Alta,34,1,1,11500.0,0.0,3790.0
8362,45,31 a 45,3100.0,Média-Baixa,39,0,2,3100.0,0.0,1320.0
8363,48,46 a 55,9800.0,Média,45,1,0,6800.0,0.0,3390.0
8364,51,46 a 55,24400.0,Alta,50,2,1,22000.0,0.0,7820.0
8365,53,46 a 55,4500.0,Média-Baixa,56,0,2,4500.0,0.0,1910.0
8366,55,46 a 55,9800.0,Média,61,0,0,9800.0,0.0,3550.0
8367,57,Maior que 55,15000.0,Média-Alta,67,2,1,15000.0,0.0,5170.0
8368,62,Maior que 55,6100.0,Média,72,0,2,6100.0,0.0,2550.0
8369,65,Maior que 55,9000.0,Média,78,1,0,9000.0,0.0,3480.0
8370,19,Até 20,17500.0,Média-Alta,83,3,1,17500.0,0.0,6080.0
8371,23,21 a 30,17000.0,Média-Alta,89,1,2,13000.0,0.0,5990.0
8372,25,21 a 30,8500.0,Média,94,1,0,5300.0,0.0,3490.0
8373,27,21 a 30,18300.0,Média-Alta,98,3,1,18300.0,0.0,6470.0
8374,28,21 a 30,1800.0,Baixa,12,0,0,1800.0,0.0,660.0
8375,30,21 a 30,4800.0,Média-Baixa,18,0,1,4800.0,0.0,1620.0
8376,32,31 a 45,2200.0,Baixa,23,1,2,2200.0,0.0,890.0
8377,35,31 a 45,3900.0,Média-Baixa,28,0,0,3900.0,0.0,1450.0
8378,42,31 a 45,11500.0,Média-Alta,34,1,1,11500.0,0.0,3790.0
8379,45,31 a 45,3100.0,Média-Baixa,39,0,2,3100.0,0.0,1320.0
8380,48,46 a 55,9800.0,Média,45,1,0,6800.0,0.0,3390.0
8381,51,46 a 55,1800.0,Baixa,12,0,0,1800.0,0.0,660.0
8382,53,46 a 55,4800.0,Média-Baixa,18,0,1,4800.0,0.0,1620.0
8383,55,46 a 55,2200.0,Baixa,23,1,2,2200.0,0.0,890.0
8384,57,Maior que 55,3900.0,Média-Baixa,28,0,0,3900.0,0.0,1450.0
8385,62,Maior que 55,11500.0,Média-Alta,34,1,1,11500.0,0.0,3790.0
8386,65,Maior que 55,3100.0,Média-Baixa,39,0,2,3100.0,0.0,1320.0
8387,19,Até 20,9800.0,Média,45,1,0,6800.0,0.0,3390.0
8388,23,21 a 30,24400.0,Alta,50,2,1,22000.0,0.0,7820.0
8389,25,21 a 30,4500.0,Média-Baixa,56,0,2,4500.0,0.0,1910.0
8390,27,21 a 30,9800.0,Média,61,0,0,9800.0,0.0,3550.0
8391,28,21 a 30,15000.0,Média-Alta,67,2,1,15000.0,0.0,5170.0
8392,30,21 a 30,6100.0,Média,72,0,2,6100.0,0.0,2550.0
8393,32,31 a 45,9000.0,Média,78,1,0,9000.0,0.0,3480.0
8394,35,31 a 45,17500.0,Média-Alta,83,3,1,17500.0,0.0,6080.0
8395,42,31 a 45,17000.0,Média-Alta,89,1,2,13000.0,0.0,5990.0
8396,45,31 a 45,8500.0,Média,94,1,0,5300.0,0.0,3490.0
8397,48,46 a 55,18300.0,Média-Alta,98,3,1,18300.0,0.0,6470.0
8398,51,46 a 55,1800.0,Baixa,12,0,0,1800.0,0.0,660.0
8399,53,46 a 55,4800.0,Média-Baixa,18,0,1,4800.0,0.0,1620.0
8400,55,46 a 55,2200.0,Baixa,23,1,2,2200.0,0.0,890.0
8401,57,Maior que 55,3900.0,Média-Baixa,28,0,0,3900.0,0.0,1450.0
8402,62,Maior que 55,11500.0,Média-Alta,34,1,1,11500.0,0.0,3790.0
8403,65,Maior que 55,3100.0,Média-Baixa,39,0,2,3100.0,0.0,1320.0
8404,65,Maior que 55,9800.0,Média,45,1,0,6800.0,0.0,3390.0
8405,23,21 a 30,15000.0,Média-Alta,67,2,1,15000.0,0.0,5170.0
8406,28,21 a 30,6100.0,Média,72,0,2,6100.0,0.0,2550.0
8407,30,21 a 30,9000.0,Média,78,1,0,9000.0,0.0,3480.0
8408,32,31 a 45,17500.0,Média-Alta,83,3,1,17500.0,0.0,6080.0
8409,35,31 a 45,17000.0,Média-Alta,89,1,2,13000.0,0.0,5990.0
8410,42,31 a 45,8500.0,Média,94,1,0,5300.0,0.0,3490.0
8411,45,31 a 45,18300.0,Média-Alta,98,3,1,18300.0,0.0,6470.0
8412,48,46 a 55,1800.0,Baixa,12,0,0,1800.0,0.0,660.0
8413,51,46 a 55,4800.0,Média-Baixa,18,0,1,4800.0,0.0,1620.0
8414,53,46 a 55,2200.0,Baixa,23,1,2,2200.0,0.0,890.0
8415,55,46 a 55,3900.0,Média-Baixa,28,0,0,3900.0,0.0,1450.0
8416,57,Maior que 55,11500.0,Média-Alta,34,1,1,11500.0,0.0,3790.0
8417,62,Maior que 55,3100.0,Média-Baixa,39,0,2,3100.0,0.0,1320.0
8418,65,Maior que 55,9800.0,Média,45,1,0,6800.0,0.0,3390.0
8419,19,Até 20,1800.0,Baixa,12,0,0,1800.0,0.0,660.0
8420,23,21 a 30,4800.0,Média-Baixa,18,0,1,4800.0,0.0,1620.0
8421,25,21 a 30,2200.0,Baixa,23,1,2,2200.0,0.0,890.0
8422,27,21 a 30,3900.0,Média-Baixa,28,0,0,3900.0,0.0,1450.0
8423,28,21 a 30,11500.0,Média-Alta,34,1,1,11500.0,0.0,3790.0
8424,30,21 a 30,3100.0,Média-Baixa,39,0,2,3100.0,0.0,1320.0
8425,32,31 a 45,9800.0,Média,45,1,0,6800.0,0.0,3390.0
8426,35,31 a 45,24400.0,Alta,50,2,1,22000.0,0.0,7820.0
8427,42,31 a 45,4500.0,Média-Baixa,56,0,2,4500.0,0.0,1910.0
8428,45,31 a 45,9800.0,Média,61,0,0,9800.0,0.0,3550.0
8429,48,46 a 55,15000.0,Média-Alta,67,2,1,15000.0,0.0,5170.0
8430,51,46 a 55,6100.0,Média,72,0,2,6100.0,0.0,2550.0
8431,53,46 a 55,9000.0,Média,78,1,0,9000.0,0.0,3480.0
8432,55,46 a 55,17500.0,Média-Alta,83,3,1,17500.0,0.0,6080.0
8433,57,Maior que 55,17000.0,Média-Alta,89,1,2,13000.0,0.0,5990.0
8434,62,Maior que 55,8500.0,Média,94,1,0,5300.0,0.0,3490.0
8435,65,Maior que 55,18300.0,Média-Alta,98,3,1,18300.0,0.0,6470.0
8436,19,Até 20,1800.0,Baixa,12,0,0,1800.0,0.0,660.0
8437,23,21 a 30,15000.0,Média-Alta,67,2,1,15000.0,0.0,5170.0
8438,25,21 a 30,6100.0,Média,72,0,2,6100.0,0.0,2550.0
8439,27,21 a 30,9000.0,Média,78,1,0,9000.0,0.0,3480.0
8440,28,21 a 30,17500.0,Média-Alta,83,3,1,17500.0,0.0,6080.0
8441,30,21 a 30,17000.0,Média-Alta,89,1,2,13000.0,0.0,5990.0
8442,32,31 a 45,8500.0,Média,94,1,0,5300.0,0.0,3490.0
8443,35,31 a 45,18300.0,Média-Alta,98,3,1,18300.0,0.0,6470.0
8444,42,31 a 45,1800.0,Baixa,12,0,0,1800.0,0.0,660.0
8445,45,31 a 45,4800.0,Média-Baixa,18,0,1,4800.0,0.0,1620.0
8446,48,46 a 55,2200.0,Baixa,23,1,2,2200.0,0.0,890.0
8447,51,46 a 55,3900.0,Média-Baixa,28,0,0,3900.0,0.0,1450.0
8448,53,46 a 55,11500.0,Média-Alta,34,1,1,11500.0,0.0,3790.0
8449,55,46 a 55,3100.0,Média-Baixa,39,0,2,3100.0,0.0,1320.0
8450,57,Maior que 55,9800.0,Média,45,1,0,6800.0,0.0,3390.0
8451,62,Maior que 55,1800.0,Baixa,12,0,0,1800.0,0.0,660.0
8452,65,Maior que 55,4800.0,Média-Baixa,18,0,1,4800.0,0.0,1620.0
8453,19,Até 20,2200.0,Baixa,23,1,2,2200.0,0.0,890.0
8454,23,21 a 30,3900.0,Média-Baixa,28,0,0,3900.0,0.0,1450.0
8455,25,21 a 30,11500.0,Média-Alta,34,1,1,11500.0,0.0,3790.0
8456,27,21 a 30,3100.0,Média-Baixa,39,0,2,3100.0,0.0,1320.0
8457,28,21 a 30,9800.0,Média,45,1,0,6800.0,0.0,3390.0
8458,30,21 a 30,24400.0,Alta,50,2,1,22000.0,0.0,7820.0
8459,32,31 a 45,4500.0,Média-Baixa,56,0,2,4500.0,0.0,1910.0
8460,35,31 a 45,9800.0,Média,61,0,0,9800.0,0.0,3550.0
8461,42,31 a 45,15000.0,Média-Alta,67,2,1,15000.0,0.0,5170.0
8462,45,31 a 45,6100.0,Média,72,0,2,6100.0,0.0,2550.0
8463,48,46 a 55,9000.0,Média,78,1,0,9000.0,0.0,3480.0
8464,51,46 a 55,17500.0,Média-Alta,83,3,1,17500.0,0.0,6080.0
8465,53,46 a 55,17000.0,Média-Alta,89,1,2,13000.0,0.0,5990.0
8466,55,46 a 55,8500.0,Média,94,1,0,5300.0,0.0,3490.0
8467,57,Maior que 55,18300.0,Média-Alta,98,3,1,18300.0,0.0,6470.0
8468,62,Maior que 55,1800.0,Baixa,12,0,0,1800.0,0.0,660.0
8469,65,Maior que 55,15000.0,Média-Alta,67,2,1,15000.0,0.0,5170.0
8470,19,Até 20,6100.0,Média,72,0,2,6100.0,0.0,2550.0
8471,23,21 a 30,9000.0,Média,78,1,0,9000.0,0.0,3480.0
8472,25,21 a 30,17500.0,Média-Alta,83,3,1,17500.0,0.0,6080.0
8473,27,21 a 30,17000.0,Média-Alta,89,1,2,13000.0,0.0,5990.0
8474,28,21 a 30,8500.0,Média,94,1,0,5300.0,0.0,3490.0
8475,30,21 a 30,18300.0,Média-Alta,98,3,1,18300.0,0.0,6470.0
8476,32,31 a 45,1800.0,Baixa,12,0,0,1800.0,0.0,660.0
8477,35,31 a 45,4800.0,Média-Baixa,18,0,1,4800.0,0.0,1620.0
8478,42,31 a 45,2200.0,Baixa,23,1,2,2200.0,0.0,890.0
8479,45,31 a 45,3900.0,Média-Baixa,28,0,0,3900.0,0.0,1450.0
8480,48,46 a 55,11500.0,Média-Alta,34,1,1,11500.0,0.0,3790.0
8481,51,46 a 55,3100.0,Média-Baixa,39,0,2,3100.0,0.0,1320.0
8482,23,21 a 30,9800.0,Média,45,1,0,6800.0,0.0,3390.0
8483,28,21 a 30,1800.0,Baixa,12,0,0,1800.0,0.0,660.0
8484,30,21 a 30,4800.0,Média-Baixa,18,0,1,4800.0,0.0,1620.0
8485,32,31 a 45,2200.0,Baixa,23,1,2,2200.0,0.0,890.0
8486,35,31 a 45,3900.0,Média-Baixa,28,0,0,3900.0,0.0,1450.0
8487,42,31 a 45,11500.0,Média-Alta,34,1,1,11500.0,0.0,3790.0
8488,45,31 a 45,3100.0,Média-Baixa,39,0,2,3100.0,0.0,1320.0
8489,48,46 a 55,9800.0,Média,45,1,0,6800.0,0.0,3390.0
8490,51,46 a 55,24400.0,Alta,50,2,1,22000.0,0.0,7820.0
8491,53,46 a 55,4500.0,Média-Baixa,56,0,2,4500.0,0.0,1910.0
8492,55,46 a 55,9800.0,Média,61,0,0,9800.0,0.0,3550.0
8493,57,Maior que 55,15000.0,Média-Alta,67,2,1,15000.0,0.0,5170.0
8494,62,Maior que 55,6100.0,Média,72,0,2,6100.0,0.0,2550.0
8495,65,Maior que 55,9000.0,Média,78,1,0,9000.0,0.0,3480.0
8496,19,Até 20,17500.0,Média-Alta,83,3,1,17500.0,0.0,6080.0
8497,23,21 a 30,17000.0,Média-Alta,89,1,2,13000.0,0.0,5990.0
8498,25,21 a 30,8500.0,Média,94,1,0,5300.0,0.0,3490.0
8499,27,21 a 30,18300.0,Média-Alta,98,3,1,18300.0,0.0,6470.0
8500,28,21 a 30,1800.0,Baixa,12,0,0,1800.0,0.0,660.0
8501,30,21 a 30,1800.0,Baixa,12,0,0,1800.0,0.0,660.0
8502,32,31 a 45,4800.0,Média-Baixa,18,0,1,4800.0,0.0,1620.0
8503,35,31 a 45,2200.0,Baixa,23,1,2,2200.0,0.0,890.0
8504,42,31 a 45,3900.0,Média-Baixa,28,0,0,3900.0,0.0,1450.0
8505,45,31 a 45,11500.0,Média-Alta,34,1,1,11500.0,0.0,3790.0
8506,48,46 a 55,3100.0,Média-Baixa,39,0,2,3100.0,0.0,1320.0
8507,51,46 a 55,9800.0,Média,45,1,0,6800.0,0.0,3390.0
8508,53,46 a 55,24400.0,Alta,50,2,1,22000.0,0.0,7820.0
8509,55,46 a 55,4500.0,Média-Baixa,56,0,2,4500.0,0.0,1910.0
8510,57,Maior que 55,9800.0,Média,61,0,0,9800.0,0.0,3550.0
8511,62,Maior que 55,15000.0,Média-Alta,67,2,1,15000.0,0.0,5170.0
8512,65,Maior que 55,6100.0,Média,72,0,2,6100.0,0.0,2550.0
8513,19,Até 20,9000.0,Média,78,1,0,9000.0,0.0,3480.0
8514,23,21 a 30,17500.0,Média-Alta,83,3,1,17500.0,0.0,6080.0
8515,25,21 a 30,17000.0,Média-Alta,89,1,2,13000.0,0.0,5990.0
8516,27,21 a 30,8500.0,Média,94,1,0,5300.0,0.0,3490.0
8517,28,21 a 30,18300.0,Média-Alta,98,3,1,18300.0,0.0,6470.0
8518,30,21 a 30,1800.0,Baixa,12,0,0,1800.0,0.0,660.0
8519,32,31 a 45,4800.0,Média-Baixa,18,0,1,4800.0,0.0,1620.0
8520,35,31 a 45,2200.0,Baixa,23,1,2,2200.0,0.0,890.0
8521,42,31 a 45,3900.0,Média-Baixa,28,0,0,3900.0,0.0,1450.0
8522,45,31 a 45,11500.0,Média-Alta,34,1,1,11500.0,0.0,3790.0
8523,48,46 a 55,3100.0,Média-Baixa,39,0,2,3100.0,0.0,1320.0
8524,51,46 a 55,1800.0,Baixa,12,0,0,1800.0,0.0,660.0
8525,53,46 a 55,4800.0,Média-Baixa,18,0,1,4800.0,0.0,1620.0
8526,55,46 a 55,2200.0,Baixa,23,1,2,2200.0,0.0,890.0
8527,57,Maior que 55,3900.0,Média-Baixa,28,0,0,3900.0,0.0,1450.0
8528,62,Maior que 55,11500.0,Média-Alta,34,1,1,11500.0,0.0,3790.0
8529,65,Maior que 55,3100.0,Média-Baixa,39,0,2,3100.0,0.0,1320.0
8530,19,Até 20,9800.0,Média,45,1,0,6800.0,0.0,3390.0
8531,23,21 a 30,24400.0,Alta,50,2,1,22000.0,0.0,7820.0
8532,25,21 a 30,4500.0,Média-Baixa,56,0,2,4500.0,0.0,1910.0
8533,27,21 a 30,9800.0,Média,61,0,0,9800.0,0.0,3550.0
8534,28,21 a 30,15000.0,Média-Alta,67,2,1,15000.0,0.0,5170.0
8535,30,21 a 30,6100.0,Média,72,0,2,6100.0,0.0,2550.0
8536,32,31 a 45,9000.0,Média,78,1,0,9000.0,0.0,3480.0
8537,35,31 a 45,17500.0,Média-Alta,83,3,1,17500.0,0.0,6080.0
8538,42,31 a 45,17000.0,Média-Alta,89,1,2,13000.0,0.0,5990.0
8539,45,31 a 45,8500.0,Média,94,1,0,5300.0,0.0,3490.0
8540,48,46 a 55,18300.0,Média-Alta,98,3,1,18300.0,0.0,6470.0
8541,51,46 a 55,1800.0,Baixa,12,0,0,1800.0,0.0,660.0
8542,53,46 a 55,4800.0,Média-Baixa,18,0,1,4800.0,0.0,1620.0
8543,55,46 a 55,2200.0,Baixa,23,1,2,2200.0,0.0,890.0
8544,57,Maior que 55,3900.0,Média-Baixa,28,0,0,3900.0,0.0,1450.0
8545,62,Maior que 55,11500.0,Média-Alta,34,1,1,11500.0,0.0,3790.0
8546,65,Maior que 55,3100.0,Média-Baixa,39,0,2,3100.0,0.0,1320.0
8547,19,Até 20,1800.0,Baixa,12,0,0,1800.0,0.0,660.0
8548,23,21 a 30,4800.0,Média-Baixa,18,0,1,4800.0,0.0,1620.0
8549,25,21 a 30,2200.0,Baixa,23,1,2,2200.0,0.0,890.0
8550,27,21 a 30,3900.0,Média-Baixa,28,0,0,3900.0,0.0,1450.0
8551,28,21 a 30,11500.0,Média-Alta,34,1,1,11500.0,0.0,3790.0
8552,30,21 a 30,3100.0,Média-Baixa,39,0,2,3100.0,0.0,1320.0
8553,32,31 a 45,9800.0,Média,45,1,0,6800.0,0.0,3390.0
8554,35,31 a 45,24400.0,Alta,50,2,1,22000.0,0.0,7820.0
8555,42,31 a 45,4500.0,Média-Baixa,56,0,2,4500.0,0.0,1910.0
8556,45,31 a 45,9800.0,Média,61,0,0,9800.0,0.0,3550.0
8557,48,46 a 55,15000.0,Média-Alta,67,2,1,15000.0,0.0,5170.0
8558,51,46 a 55,6100.0,Média,72,0,2,6100.0,0.0,2550.0
8559,23,21 a 30,9000.0,Média,78,1,0,9000.0,0.0,3480.0
8560,28,21 a 30,17500.0,Média-Alta,83,3,1,17500.0,0.0,6080.0
8561,30,21 a 30,17000.0,Média-Alta,89,1,2,13000.0,0.0,5990.0
8562,32,31 a 45,8500.0,Média,94,1,0,5300.0,0.0,3490.0
8563,35,31 a 45,18300.0,Média-Alta,98,3,1,18300.0,0.0,6470.0
8564,42,31 a 45,1800.0,Baixa,12,0,0,1800.0,0.0,660.0
8565,45,31 a 45,4800.0,Média-Baixa,18,0,1,4800.0,0.0,1620.0
8566,48,46 a 55,2200.0,Baixa,23,1,2,2200.0,0.0,890.0
8567,51,46 a 55,3900.0,Média-Baixa,28,0,0,3900.0,0.0,1450.0
8568,53,46 a 55,11500.0,Média-Alta,34,1,1,11500.0,0.0,3790.0
8569,55,46 a 55,3100.0,Média-Baixa,39,0,2,3100.0,0.0,1320.0
8570,57,Maior que 55,1800.0,Baixa,12,0,0,1800.0,0.0,660.0
8571,62,Maior que 55,4800.0,Média-Baixa,18,0,1,4800.0,0.0,1620.0
8572,65,Maior que 55,2200.0,Baixa,23,1,2,2200.0,0.0,890.0
8573,19,Até 20,3900.0,Média-Baixa,28,0,0,3900.0,0.0,1450.0
8574,23,21 a 30,11500.0,Média-Alta,34,1,1,11500.0,0.0,3790.0
8575,25,21 a 30,3100.0,Média-Baixa,39,0,2,3100.0,0.0,1320.0
8576,27,21 a 30,9800.0,Média,45,1,0,6800.0,0.0,3390.0
8577,28,21 a 30,24400.0,Alta,50,2,1,22000.0,0.0,7820.0
8578,30,21 a 30,4500.0,Média-Baixa,56,0,2,4500.0,0.0,1910.0
8579,32,31 a 45,9800.0,Média,61,0,0,9800.0,0.0,3550.0
8580,35,31 a 45,15000.0,Média-Alta,67,2,1,15000.0,0.0,5170.0
8581,42,31 a 45,6100.0,Média,72,0,2,6100.0,0.0,2550.0
8582,45,31 a 45,9000.0,Média,78,1,0,9000.0,0.0,3480.0
8583,48,46 a 55,17500.0,Média-Alta,83,3,1,17500.0,0.0,6080.0
8584,51,46 a 55,17000.0,Média-Alta,89,1,2,13000.0,0.0,5990.0
8585,53,46 a 55,8500.0,Média,94,1,0,5300.0,0.0,3490.0
8586,55,46 a 55,18300.0,Média-Alta,98,3,1,18300.0,0.0,6470.0
8587,57,Maior que 55,1800.0,Baixa,12,0,0,1800.0,0.0,660.0
8588,62,Maior que 55,4800.0,Média-Baixa,18,0,1,4800.0,0.0,1620.0
8589,65,Maior que 55,2200.0,Baixa,23,1,2,2200.0,0.0,890.0
8590,19,Até 20,3900.0,Média-Baixa,28,0,0,3900.0,0.0,1450.0
8591,23,21 a 30,11500.0,Média-Alta,34,1,1,11500.0,0.0,3790.0
8592,25,21 a 30,3100.0,Média-Baixa,39,0,2,3100.0,0.0,1320.0
8593,27,21 a 30,1800.0,Baixa,12,0,0,1800.0,0.0,660.0
8594,28,21 a 30,4800.0,Média-Baixa,18,0,1,4800.0,0.0,1620.0
8595,30,21 a 30,2200.0,Baixa,23,1,2,2200.0,0.0,890.0
8596,32,31 a 45,3900.0,Média-Baixa,28,0,0,3900.0,0.0,1450.0
8597,35,31 a 45,11500.0,Média-Alta,34,1,1,11500.0,0.0,3790.0
8598,42,31 a 45,3100.0,Média-Baixa,39,0,2,3100.0,0.0,1320.0
8599,45,31 a 45,9800.0,Média,45,1,0,6800.0,0.0,3390.0
8600,48,46 a 55,24400.0,Alta,50,2,1,22000.0,0.0,7820.0
8601,51,46 a 55,4500.0,Média-Baixa,56,0,2,4500.0,0.0,1910.0
8602,53,46 a 55,9800.0,Média,61,0,0,9800.0,0.0,3550.0
8603,55,46 a 55,15000.0,Média-Alta,67,2,1,15000.0,0.0,5170.0
8604,57,Maior que 55,6100.0,Média,72,0,2,6100.0,0.0,2550.0
8605,62,Maior que 55,9000.0,Média,78,1,0,9000.0,0.0,3480.0
8606,65,Maior que 55,17500.0,Média-Alta,83,3,1,17500.0,0.0,6080.0
8607,19,Até 20,17000.0,Média-Alta,89,1,2,13000.0,0.0,5990.0
8608,23,21 a 30,8500.0,Média,94,1,0,5300.0,0.0,3490.0
8609,25,21 a 30,18300.0,Média-Alta,98,3,1,18300.0,0.0,6470.0
8610,27,21 a 30,1800.0,Baixa,12,0,0,1800.0,0.0,660.0
8611,28,21 a 30,4800.0,Média-Baixa,18,0,1,4800.0,0.0,1620.0
8612,30,21 a 30,2200.0,Baixa,23,1,2,2200.0,0.0,890.0
8613,32,31 a 45,3900.0,Média-Baixa,28,0,0,3900.0,0.0,1450.0
8614,35,31 a 45,11500.0,Média-Alta,34,1,1,11500.0,0.0,3790.0
8615,42,31 a 45,3100.0,Média-Baixa,39,0,2,3100.0,0.0,1320.0
8616,45,31 a 45,1800.0,Baixa,12,0,0,1800.0,0.0,660.0
8617,48,46 a 55,4800.0,Média-Baixa,18,0,1,4800.0,0.0,1620.0
8618,51,46 a 55,2200.0,Baixa,23,1,2,2200.0,0.0,890.0
8619,53,46 a 55,3900.0,Média-Baixa,28,0,0,3900.0,0.0,1450.0
8620,55,46 a 55,11500.0,Média-Alta,34,1,1,11500.0,0.0,3790.0
8621,57,Maior que 55,3100.0,Média-Baixa,39,0,2,3100.0,0.0,1320.0
8622,62,Maior que 55,9800.0,Média,45,1,0,6800.0,0.0,3390.0
8623,65,Maior que 55,24400.0,Alta,50,2,1,22000.0,0.0,7820.0
8624,19,Até 20,4500.0,Média-Baixa,56,0,2,4500.0,0.0,1910.0
8625,23,21 a 30,9800.0,Média,61,0,0,9800.0,0.0,3550.0
8626,25,21 a 30,15000.0,Média-Alta,67,2,1,15000.0,0.0,5170.0
8627,27,21 a 30,6100.0,Média,72,0,2,6100.0,0.0,2550.0
8628,28,21 a 30,9000.0,Média,78,1,0,9000.0,0.0,3480.0
8629,30,21 a 30,17500.0,Média-Alta,83,3,1,17500.0,0.0,6080.0
8630,32,31 a 45,17000.0,Média-Alta,89,1,2,13000.0,0.0,5990.0
8631,35,31 a 45,8500.0,Média,94,1,0,5300.0,0.0,3490.0
8632,42,31 a 45,18300.0,Média-Alta,98,3,1,18300.0,0.0,6470.0
8633,45,31 a 45,1800.0,Baixa,12,0,0,1800.0,0.0,660.0
8634,48,46 a 55,4800.0,Média-Baixa,18,0,1,4800.0,0.0,1620.0
8635,51,46 a 55,2200.0,Baixa,23,1,2,2200.0,0.0,890.0
8636,23,21 a 30,3900.0,Média-Baixa,28,0,0,3900.0,0.0,1450.0
8637,28,21 a 30,11500.0,Média-Alta,34,1,1,11500.0,0.0,3790.0
8638,30,21 a 30,3100.0,Média-Baixa,39,0,2,3100.0,0.0,1320.0
8639,32,31 a 45,1800.0,Baixa,12,0,0,1800.0,0.0,660.0
8640,35,31 a 45,4800.0,Média-Baixa,18,0,1,4800.0,0.0,1620.0
8641,42,31 a 45,2200.0,Baixa,23,1,2,2200.0,0.0,890.0
8642,45,31 a 45,3900.0,Média-Baixa,28,0,0,3900.0,0.0,1450.0
8643,48,46 a 55,11500.0,Média-Alta,34,1,1,11500.0,0.0,3790.0
8644,51,46 a 55,3100.0,Média-Baixa,39,0,2,3100.0,0.0,1320.0
8645,53,46 a 55,9800.0,Média,45,1,0,6800.0,0.0,3390.0
8646,55,46 a 55,24400.0,Alta,50,2,1,22000.0,0.0,7820.0
8647,57,Maior que 55,4500.0,Média-Baixa,56,0,2,4500.0,0.0,1910.0
8648,62,Maior que 55,9800.0,Média,61,0,0,9800.0,0.0,3550.0
8649,65,Maior que 55,15000.0,Média-Alta,67,2,1,15000.0,0.0,5170.0
8650,19,Até 20,6100.0,Média,72,0,2,6100.0,0.0,2550.0
8651,23,21 a 30,9000.0,Média,78,1,0,9000.0,0.0,3480.0
8652,25,21 a 30,17500.0,Média-Alta,83,3,1,17500.0,0.0,6080.0
8653,27,21 a 30,17000.0,Média-Alta,89,1,2,13000.0,0.0,5990.0
8654,28,21 a 30,8500.0,Média,94,1,0,5300.0,0.0,3490.0
8655,30,21 a 30,18300.0,Média-Alta,98,3,1,18300.0,0.0,6470.0
8656,32,31 a 45,1800.0,Baixa,12,0,0,1800.0,0.0,660.0
8657,35,31 a 45,4800.0,Média-Baixa,18,0,1,4800.0,0.0,1620.0
8658,42,31 a 45,2200.0,Baixa,23,1,2,2200.0,0.0,890.0
8659,45,31 a 45,3900.0,Média-Baixa,28,0,0,3900.0,0.0,1450.0
8660,48,46 a 55,11500.0,Média-Alta,34,1,1,11500.0,0.0,3790.0
8661,51,46 a 55,3100.0,Média-Baixa,39,0,2,3100.0,0.0,1320.0
8662,53,46 a 55,1800.0,Baixa,12,0,0,1800.0,0.0,660.0
8663,55,46 a 55,4800.0,Média-Baixa,18,0,1,4800.0,0.0,1620.0
8664,57,Maior que 55,2200.0,Baixa,23,1,2,2200.0,0.0,890.0
8665,62,Maior que 55,3900.0,Média-Baixa,28,0,0,3900.0,0.0,1450.0
8666,65,Maior que 55,11500.0,Média-Alta,34,1,1,11500.0,0.0,3790.0
8667,19,Até 20,3100.0,Média-Baixa,39,0,2,3100.0,0.0,1320.0
8668,23,21 a 30,9800.0,Média,45,1,0,6800.0,0.0,3390.0
8669,25,21 a 30,24400.0,Alta,50,2,1,22000.0,0.0,7820.0
8670,27,21 a 30,4500.0,Média-Baixa,56,0,2,4500.0,0.0,1910.0
8671,28,21 a 30,9800.0,Média,61,0,0,9800.0,0.0,3550.0
8672,30,21 a 30,15000.0,Média-Alta,67,2,1,15000.0,0.0,5170.0
8673,32,31 a 45,6100.0,Média,72,0,2,6100.0,0.0,2550.0
8674,35,31 a 45,9000.0,Média,78,1,0,9000.0,0.0,3480.0
8675,42,31 a 45,17500.0,Média-Alta,83,3,1,17500.0,0.0,6080.0
8676,45,31 a 45,17000.0,Média-Alta,89,1,2,13000.0,0.0,5990.0
8677,48,46 a 55,8500.0,Média,94,1,0,5300.0,0.0,3490.0
8678,51,46 a 55,18300.0,Média-Alta,98,3,1,18300.0,0.0,6470.0
8679,53,46 a 55,1800.0,Baixa,12,0,0,1800.0,0.0,660.0
8680,55,46 a 55,4800.0,Média-Baixa,18,0,1,4800.0,0.0,1620.0
8681,57,Maior que 55,2200.0,Baixa,23,1,2,2200.0,0.0,890.0
8682,62,Maior que 55,3900.0,Média-Baixa,28,0,0,3900.0,0.0,1450.0
8683,65,Maior que 55,11500.0,Média-Alta,34,1,1,11500.0,0.0,3790.0
8684,19,Até 20,3100.0,Média-Baixa,39,0,2,3100.0,0.0,1320.0
8685,23,21 a 30,1800.0,Baixa,12,0,0,1800.0,0.0,660.0
8686,25,21 a 30,4800.0,Média-Baixa,18,0,1,4800.0,0.0,1620.0
8687,27,21 a 30,2200.0,Baixa,23,1,2,2200.0,0.0,890.0
8688,28,21 a 30,3900.0,Média-Baixa,28,0,0,3900.0,0.0,1450.0
8689,30,21 a 30,11500.0,Média-Alta,34,1,1,11500.0,0.0,3790.0
8690,32,31 a 45,3100.0,Média-Baixa,39,0,2,3100.0,0.0,1320.0
8691,35,31 a 45,9800.0,Média,45,1,0,6800.0,0.0,3390.0
8692,42,31 a 45,24400.0,Alta,50,2,1,22000.0,0.0,7820.0
8693,45,31 a 45,4500.0,Média-Baixa,56,0,2,4500.0,0.0,1910.0
8694,48,46 a 55,9800.0,Média,61,0,0,9800.0,0.0,3550.0
8695,51,46 a 55,15000.0,Média-Alta,67,2,1,15000.0,0.0,5170.0
8696,53,46 a 55,6100.0,Média,72,0,2,6100.0,0.0,2550.0
8697,55,46 a 55,9000.0,Média,78,1,0,9000.0,0.0,3480.0
8698,57,Maior que 55,17500.0,Média-Alta,83,3,1,17500.0,0.0,6080.0
8699,62,Maior que 55,17000.0,Média-Alta,89,1,2,13000.0,0.0,5990.0
8700,65,Maior que 55,8500.0,Média,94,1,0,5300.0,0.0,3490.0
8701,19,Até 20,18300.0,Média-Alta,98,3,1,18300.0,0.0,6470.0
8702,23,21 a 30,1800.0,Baixa,12,0,0,1800.0,0.0,660.0
8703,25,21 a 30,4800.0,Média-Baixa,18,0,1,4800.0,0.0,1620.0
8704,27,21 a 30,2200.0,Baixa,23,1,2,2200.0,0.0,890.0
8705,28,21 a 30,3900.0,Média-Baixa,28,0,0,3900.0,0.0,1450.0
8706,30,21 a 30,11500.0,Média-Alta,34,1,1,11500.0,0.0,3790.0
8707,32,31 a 45,3100.0,Média-Baixa,39,0,2,3100.0,0.0,1320.0
8708,35,31 a 45,1800.0,Baixa,12,0,0,1800.0,0.0,660.0
8709,42,31 a 45,4800.0,Média-Baixa,18,0,1,4800.0,0.0,1620.0
8710,45,31 a 45,2200.0,Baixa,23,1,2,2200.0,0.0,890.0
8711,48,46 a 55,3900.0,Média-Baixa,28,0,0,3900.0,0.0,1450.0
8712,51,46 a 55,11500.0,Média-Alta,34,1,1,11500.0,0.0,3790.0
8713,42,31 a 45,3100.0,Média-Baixa,39,0,2,3100.0,0.0,1320.0
8714,45,31 a 45,9800.0,Média,45,1,0,6800.0,0.0,3390.0
8715,48,46 a 55,24400.0,Alta,50,2,1,22000.0,0.0,7820.0
8716,51,46 a 55,4500.0,Média-Baixa,56,0,2,4500.0,0.0,1910.0
8717,48,46 a 55,9800.0,Média,61,0,0,9800.0,0.0,3550.0
8718,51,46 a 55,15000.0,Média-Alta,67,2,1,15000.0,0.0,5170.0
8719,48,46 a 55,6100.0,Média,72,0,2,6100.0,0.0,2550.0
8720,51,46 a 55,9000.0,Média,78,1,0,9000.0,0.0,3480.0
8721,48,46 a 55,17500.0,Média-Alta,83,3,1,17500.0,0.0,6080.0
8722,51,46 a 55,17000.0,Média-Alta,89,1,2,13000.0,0.0,5990.0
8723,48,46 a 55,8500.0,Média,94,1,0,5300.0,0.0,3490.0
8724,51,46 a 55,18300.0,Média-Alta,98,3,1,18300.0,0.0,6470.0
8725,48,46 a 55,1800.0,Baixa,12,0,0,1800.0,0.0,660.0
8726,51,46 a 55,4800.0,Média-Baixa,18,0,1,4800.0,0.0,1620.0
8727,48,46 a 55,2200.0,Baixa,23,1,2,2200.0,0.0,890.0
8728,51,46 a 55,3900.0,Média-Baixa,28,0,0,3900.0,0.0,1450.0
8729,48,46 a 55,11500.0,Média-Alta,34,1,1,11500.0,0.0,3790.0
8730,51,46 a 55,3100.0,Média-Baixa,39,0,2,3100.0,0.0,1320.0
8731,19,Até 20,1800.0,Baixa,12,0,0,1800.0,0.0,660.0
8732,23,21 a 30,4800.0,Média-Baixa,18,0,1,4800.0,0.0,1620.0
8733,25,21 a 30,2200.0,Baixa,23,1,2,2200.0,0.0,890.0
8734,27,21 a 30,3900.0,Média-Baixa,28,0,0,3900.0,0.0,1450.0
8735,28,21 a 30,11500.0,Média-Alta,34,1,1,11500.0,0.0,3790.0
8736,30,21 a 30,3100.0,Média-Baixa,39,0,2,3100.0,0.0,1320.0
8737,32,31 a 45,9800.0,Média,45,1,0,6800.0,0.0,3390.0
8738,35,31 a 45,24400.0,Alta,50,2,1,22000.0,0.0,7820.0
8739,42,31 a 45,4500.0,Média-Baixa,56,0,2,4500.0,0.0,1910.0
8740,45,31 a 45,9800.0,Média,61,0,0,9800.0,0.0,3550.0
8741,48,46 a 55,15000.0,Média-Alta,67,2,1,15000.0,0.0,5170.0
8742,51,46 a 55,6100.0,Média,72,0,2,6100.0,0.0,2550.0
8743,53,46 a 55,9000.0,Média,78,1,0,9000.0,0.0,3480.0
8744,55,46 a 55,17500.0,Média-Alta,83,3,1,17500.0,0.0,6080.0
8745,57,Maior que 55,17000.0,Média-Alta,89,1,2,13000.0,0.0,5990.0
8746,62,Maior que 55,8500.0,Média,94,1,0,5300.0,0.0,3490.0
8747,65,Maior que 55,18300.0,Média-Alta,98,3,1,18300.0,0.0,6470.0
8748,19,Até 20,1800.0,Baixa,12,0,0,1800.0,0.0,660.0
8749,23,21 a 30,4800.0,Média-Baixa,18,0,1,4800.0,0.0,1620.0
8750,25,21 a 30,2200.0,Baixa,23,1,2,2200.0,0.0,890.0
8751,27,21 a 30,3900.0,Média-Baixa,28,0,0,3900.0,0.0,1450.0
8752,28,21 a 30,11500.0,Média-Alta,34,1,1,11500.0,0.0,3790.0
8753,30,21 a 30,3100.0,Média-Baixa,39,0,2,3100.0,0.0,1320.0
8754,32,31 a 45,9800.0,Média,45,1,0,6800.0,0.0,3390.0
8755,35,31 a 45,24400.0,Alta,50,2,1,22000.0,0.0,7820.0
8756,42,31 a 45,4500.0,Média-Baixa,56,0,2,4500.0,0.0,1910.0
8757,45,31 a 45,9800.0,Média,61,0,0,9800.0,0.0,3550.0
8758,48,46 a 55,15000.0,Média-Alta,67,2,1,15000.0,0.0,5170.0
8759,51,46 a 55,6100.0,Média,72,0,2,6100.0,0.0,2550.0
8760,53,46 a 55,9000.0,Média,78,1,0,9000.0,0.0,3480.0
8761,55,46 a 55,17500.0,Média-Alta,83,3,1,17500.0,0.0,6080.0
8762,57,Maior que 55,17000.0,Média-Alta,89,1,2,13000.0,0.0,5990.0
8763,62,Maior que 55,8500.0,Média,94,1,0,5300.0,0.0,3490.0
8764,65,Maior que 55,18300.0,Média-Alta,98,3,1,18300.0,0.0,6470.0
8765,19,Até 20,1800.0,Baixa,12,0,0,1800.0,0.0,660.0
8766,23,21 a 30,4800.0,Média-Baixa,18,0,1,4800.0,0.0,1620.0
8767,25,21 a 30,2200.0,Baixa,23,1,2,2200.0,0.0,890.0
8768,27,21 a 30,3900.0,Média-Baixa,28,0,0,3900.0,0.0,1450.0
8769,28,21 a 30,11500.0,Média-Alta,34,1,1,11500.0,0.0,3790.0
8770,30,21 a 30,3100.0,Média-Baixa,39,0,2,3100.0,0.0,1320.0
8771,32,31 a 45,9800.0,Média,45,1,0,6800.0,0.0,3390.0
8772,35,31 a 45,24400.0,Alta,50,2,1,22000.0,0.0,7820.0
8773,42,31 a 45,4500.0,Média-Baixa,56,0,2,4500.0,0.0,1910.0
8774,45,31 a 45,9800.0,Média,61,0,0,9800.0,0.0,3550.0
8775,48,46 a 55,15000.0,Média-Alta,67,2,1,15000.0,0.0,5170.0
8776,51,46 a 55,6100.0,Média,72,0,2,6100.0,0.0,2550.0
8777,53,46 a 55,9000.0,Média,78,1,0,9000.0,0.0,3480.0
8778,55,46 a 55,17500.0,Média-Alta,83,3,1,17500.0,0.0,6080.0
8779,57,Maior que 55,17000.0,Média-Alta,89,1,2,13000.0,0.0,5990.0
8780,62,Maior que 55,8500.0,Média,94,1,0,5300.0,0.0,3490.0
8781,65,Maior que 55,18300.0,Média-Alta,98,3,1,18300.0,0.0,6470.0
8782,19,Até 20,1800.0,Baixa,12,0,0,1800.0,0.0,660.0
8783,23,21 a 30,4800.0,Média-Baixa,18,0,1,4800.0,0.0,1620.0
8784,25,21 a 30,2200.0,Baixa,23,1,2,2200.0,0.0,890.0
8785,27,21 a 30,3900.0,Média-Baixa,28,0,0,3900.0,0.0,1450.0
8786,28,21 a 30,11500.0,Média-Alta,34,1,1,11500.0,0.0,3790.0
8787,30,21 a 30,3100.0,Média-Baixa,39,0,2,3100.0,0.0,1320.0
8788,32,31 a 45,9800.0,Média,45,1,0,6800.0,0.0,3390.0
8789,35,31 a 45,24400.0,Alta,50,2,1,22000.0,0.0,7820.0
8790,42,31 a 45,4500.0,Média-Baixa,56,0,2,4500.0,0.0,1910.0
8791,45,31 a 45,9800.0,Média,61,0,0,9800.0,0.0,3550.0
8792,48,46 a 55,15000.0,Média-Alta,67,2,1,15000.0,0.0,5170.0
8793,51,46 a 55,6100.0,Média,72,0,2,6100.0,0.0,2550.0
8794,53,46 a 55,9000.0,Média,78,1,0,9000.0,0.0,3480.0
8795,55,46 a 55,17500.0,Média-Alta,83,3,1,17500.0,0.0,6080.0
8796,57,Maior que 55,17000.0,Média-Alta,89,1,2,13000.0,0.0,5990.0
8797,62,Maior que 55,8500.0,Média,94,1,0,5300.0,0.0,3490.0
8798,65,Maior que 55,18300.0,Média-Alta,98,3,1,18300.0,0.0,6470.0
8799,19,Até 20,1800.0,Baixa,12,0,0,1800.0,0.0,660.0
8800,23,21 a 30,4800.0,Média-Baixa,18,0,1,4800.0,0.0,1620.0
8801,25,21 a 30,2200.0,Baixa,23,1,2,2200.0,0.0,890.0
8802,27,21 a 30,3900.0,Média-Baixa,28,0,0,3900.0,0.0,1450.0
8803,28,21 a 30,11500.0,Média-Alta,34,1,1,11500.0,0.0,3790.0
8804,30,21 a 30,3100.0,Média-Baixa,39,0,2,3100.0,0.0,1320.0
8805,32,31 a 45,9800.0,Média,45,1,0,6800.0,0.0,3390.0
8806,35,31 a 45,24400.0,Alta,50,2,1,22000.0,0.0,7820.0
8807,42,31 a 45,4500.0,Média-Baixa,56,0,2,4500.0,0.0,1910.0
8808,45,31 a 45,9800.0,Média,61,0,0,9800.0,0.0,3550.0
8809,48,46 a 55,15000.0,Média-Alta,67,2,1,15000.0,0.0,5170.0
8810,51,46 a 55,6100.0,Média,72,0,2,6100.0,0.0,2550.0
8811,53,46 a 55,9000.0,Média,78,1,0,9000.0,0.0,3480.0
8812,55,46 a 55,17500.0,Média-Alta,83,3,1,17500.0,0.0,6080.0
8813,57,Maior que 55,17000.0,Média-Alta,89,1,2,13000.0,0.0,5990.0
8814,62,Maior que 55,8500.0,Média,94,1,0,5300.0,0.0,3490.0
8815,65,Maior que 55,18300.0,Média-Alta,98,3,1,18300.0,0.0,6470.0
8816,19,Até 20,1800.0,Baixa,12,0,0,1800.0,0.0,660.0
8817,23,21 a 30,4800.0,Média-Baixa,18,0,1,4800.0,0.0,1620.0
8818,25,21 a 30,2200.0,Baixa,23,1,2,2200.0,0.0,890.0
8819,27,21 a 30,3900.0,Média-Baixa,28,0,0,3900.0,0.0,1450.0
8820,28,21 a 30,11500.0,Média-Alta,34,1,1,11500.0,0.0,3790.0
8821,30,21 a 30,3100.0,Média-Baixa,39,0,2,3100.0,0.0,1320.0
8822,32,31 a 45,9800.0,Média,45,1,0,6800.0,0.0,3390.0
8823,35,31 a 45,24400.0,Alta,50,2,1,22000.0,0.0,7820.0
8824,42,31 a 45,4500.0,Média-Baixa,56,0,2,4500.0,0.0,1910.0
8825,45,31 a 45,9800.0,Média,61,0,0,9800.0,0.0,3550.0
8826,48,46 a 55,15000.0,Média-Alta,67,2,1,15000.0,0.0,5170.0
8827,51,46 a 55,6100.0,Média,72,0,2,6100.0,0.0,2550.0
8828,53,46 a 55,9000.0,Média,78,1,0,9000.0,0.0,3480.0
8829,55,46 a 55,17500.0,Média-Alta,83,3,1,17500.0,0.0,6080.0
8830,57,Maior que 55,17000.0,Média-Alta,89,1,2,13000.0,0.0,5990.0
8831,62,Maior que 55,8500.0,Média,94,1,0,5300.0,0.0,3490.0
8832,65,Maior que 55,18300.0,Média-Alta,98,3,1,18300.0,0.0,6470.0
8833,19,Até 20,1800.0,Baixa,12,0,0,1800.0,0.0,660.0
8834,23,21 a 30,4800.0,Média-Baixa,18,0,1,4800.0,0.0,1620.0
8835,25,21 a 30,2200.0,Baixa,23,1,2,2200.0,0.0,890.0
8836,27,21 a 30,3900.0,Média-Baixa,28,0,0,3900.0,0.0,1450.0
8837,28,21 a 30,11500.0,Média-Alta,34,1,1,11500.0,0.0,3790.0
8838,30,21 a 30,3100.0,Média-Baixa,39,0,2,3100.0,0.0,1320.0
8839,32,31 a 45,9800.0,Média,45,1,0,6800.0,0.0,3390.0
8840,35,31 a 45,24400.0,Alta,50,2,1,22000.0,0.0,7820.0
8841,42,31 a 45,4500.0,Média-Baixa,56,0,2,4500.0,0.0,1910.0
8842,45,31 a 45,9800.0,Média,61,0,0,9800.0,0.0,3550.0
8843,48,46 a 55,15000.0,Média-Alta,67,2,1,15000.0,0.0,5170.0
8844,51,46 a 55,6100.0,Média,72,0,2,6100.0,0.0,2550.0
8845,53,46 a 55,9000.0,Média,78,1,0,9000.0,0.0,3480.0
8846,55,46 a 55,17500.0,Média-Alta,83,3,1,17500.0,0.0,6080.0
8847,57,Maior que 55,17000.0,Média-Alta,89,1,2,13000.0,0.0,5990.0
8848,62,Maior que 55,8500.0,Média,94,1,0,5300.0,0.0,3490.0
8849,65,Maior que 55,18300.0,Média-Alta,98,3,1,18300.0,0.0,6470.0
8850,19,Até 20,1800.0,Baixa,12,0,0,1800.0,0.0,660.0
8851,23,21 a 30,4800.0,Média-Baixa,18,0,1,4800.0,0.0,1620.0
8852,25,21 a 30,2200.0,Baixa,23,1,2,2200.0,0.0,890.0
8853,27,21 a 30,3900.0,Média-Baixa,28,0,0,3900.0,0.0,1450.0
8854,28,21 a 30,11500.0,Média-Alta,34,1,1,11500.0,0.0,3790.0
8855,30,21 a 30,3100.0,Média-Baixa,39,0,2,3100.0,0.0,1320.0
8856,32,31 a 45,9800.0,Média,45,1,0,6800.0,0.0,3390.0
8857,35,31 a 45,24400.0,Alta,50,2,1,22000.0,0.0,7820.0
8858,42,31 a 45,4500.0,Média-Baixa,56,0,2,4500.0,0.0,1910.0
8859,45,31 a 45,9800.0,Média,61,0,0,9800.0,0.0,3550.0
8860,48,46 a 55,15000.0,Média-Alta,67,2,1,15000.0,0.0,5170.0
8861,51,46 a 55,6100.0,Média,72,0,2,6100.0,0.0,2550.0
8862,53,46 a 55,9000.0,Média,78,1,0,9000.0,0.0,3480.0
8863,55,46 a 55,17500.0,Média-Alta,83,3,1,17500.0,0.0,6080.0
8864,57,Maior que 55,17000.0,Média-Alta,89,1,2,13000.0,0.0,5990.0
8865,62,Maior que 55,8500.0,Média,94,1,0,5300.0,0.0,3490.0
8866,65,Maior que 55,18300.0,Média-Alta,98,3,1,18300.0,0.0,6470.0
8867,19,Até 20,1800.0,Baixa,12,0,0,1800.0,0.0,660.0
8868,23,21 a 30,4800.0,Média-Baixa,18,0,1,4800.0,0.0,1620.0
8869,25,21 a 30,2200.0,Baixa,23,1,2,2200.0,0.0,890.0
8870,27,21 a 30,3900.0,Média-Baixa,28,0,0,3900.0,0.0,1450.0
8871,28,21 a 30,11500.0,Média-Alta,34,1,1,11500.0,0.0,3790.0
8872,30,21 a 30,3100.0,Média-Baixa,39,0,2,3100.0,0.0,1320.0
8873,32,31 a 45,9800.0,Média,45,1,0,6800.0,0.0,3390.0
8874,35,31 a 45,24400.0,Alta,50,2,1,22000.0,0.0,7820.0
8875,42,31 a 45,4500.0,Média-Baixa,56,0,2,4500.0,0.0,1910.0
8876,45,31 a 45,9800.0,Média,61,0,0,9800.0,0.0,3550.0
8877,48,46 a 55,15000.0,Média-Alta,67,2,1,15000.0,0.0,5170.0
8878,51,46 a 55,6100.0,Média,72,0,2,6100.0,0.0,2550.0
8879,53,46 a 55,9000.0,Média,78,1,0,9000.0,0.0,3480.0
8880,55,46 a 55,17500.0,Média-Alta,83,3,1,17500.0,0.0,6080.0
8881,57,Maior que 55,17000.0,Média-Alta,89,1,2,13000.0,0.0,5990.0
8882,62,Maior que 55,8500.0,Média,94,1,0,5300.0,0.0,3490.0
8883,65,Maior que 55,18300.0,Média-Alta,98,3,1,18300.0,0.0,6470.0
8884,19,Até 20,1800.0,Baixa,12,0,0,1800.0,0.0,660.0
8885,23,21 a 30,4800.0,Média-Baixa,18,0,1,4800.0,0.0,1620.0
8886,25,21 a 30,2200.0,Baixa,23,1,2,2200.0,0.0,890.0
8887,27,21 a 30,3900.0,Média-Baixa,28,0,0,3900.0,0.0,1450.0
8888,28,21 a 30,11500.0,Média-Alta,34,1,1,11500.0,0.0,3790.0
8889,30,21 a 30,3100.0,Média-Baixa,39,0,2,3100.0,0.0,1320.0
8890,32,31 a 45,9800.0,Média,45,1,0,6800.0,0.0,3390.0
8891,35,31 a 45,1800.0,Baixa,12,0,0,1800.0,0.0,660.0
8892,42,31 a 45,4800.0,Média-Baixa,18,0,1,4800.0,0.0,1620.0
8893,45,31 a 45,2200.0,Baixa,23,1,2,2200.0,0.0,890.0
8894,48,46 a 55,3900.0,Média-Baixa,28,0,0,3900.0,0.0,1450.0
8895,51,46 a 55,11500.0,Média-Alta,34,1,1,11500.0,0.0,3790.0
8896,53,46 a 55,3100.0,Média-Baixa,39,0,2,3100.0,0.0,1320.0
8897,55,46 a 55,9800.0,Média,45,1,0,6800.0,0.0,3390.0
8898,57,Maior que 55,24400.0,Alta,50,2,1,22000.0,0.0,7820.0
8899,62,Maior que 55,4500.0,Média-Baixa,56,0,2,4500.0,0.0,1910.0
8900,65,Maior que 55,9800.0,Média,61,0,0,9800.0,0.0,3550.0
8901,19,Até 20,15000.0,Média-Alta,67,2,1,15000.0,0.0,5170.0
8902,23,21 a 30,6100.0,Média,72,0,2,6100.0,0.0,2550.0
8903,25,21 a 30,9000.0,Média,78,1,0,9000.0,0.0,3480.0
8904,40,31 a 45,17500.0,Média-Alta,83,3,1,17500.0,0.0,6080.0
8905,28,21 a 30,17000.0,Média-Alta,89,1,2,13000.0,0.0,5990.0
8906,30,21 a 30,8500.0,Média,94,1,0,5300.0,0.0,3490.0
8907,32,31 a 45,18300.0,Média-Alta,98,3,1,18300.0,0.0,6470.0
8908,35,31 a 45,1800.0,Baixa,12,0,0,1800.0,0.0,660.0
8909,42,31 a 45,4800.0,Média-Baixa,18,0,1,4800.0,0.0,1620.0
8910,45,31 a 45,2200.0,Baixa,23,1,2,2200.0,0.0,890.0
8911,48,46 a 55,3900.0,Média-Baixa,28,0,0,3900.0,0.0,1450.0
8912,51,46 a 55,11500.0,Média-Alta,34,1,1,11500.0,0.0,3790.0
8913,53,46 a 55,3100.0,Média-Baixa,39,0,2,3100.0,0.0,1320.0
8914,55,46 a 55,9800.0,Média,45,1,0,6800.0,0.0,3390.0
8915,57,Maior que 55,1800.0,Baixa,12,0,0,1800.0,0.0,660.0
8916,62,Maior que 55,4800.0,Média-Baixa,18,0,1,4800.0,0.0,1620.0
8917,65,Maior que 55,2200.0,Baixa,23,1,2,2200.0,0.0,890.0
8918,19,Até 20,3900.0,Média-Baixa,28,0,0,3900.0,0.0,1450.0
8919,23,21 a 30,11500.0,Média-Alta,34,1,1,11500.0,0.0,3790.0
8920,25,21 a 30,3100.0,Média-Baixa,39,0,2,3100.0,0.0,1320.0
8921,27,21 a 30,9800.0,Média,45,1,0,6800.0,0.0,3390.0
8922,28,21 a 30,24400.0,Alta,50,2,1,22000.0,0.0,7820.0
8923,30,21 a 30,4500.0,Média-Baixa,56,0,2,4500.0,0.0,1910.0
8924,32,31 a 45,9800.0,Média,61,0,0,9800.0,0.0,3550.0
8925,35,31 a 45,15000.0,Média-Alta,67,2,1,15000.0,0.0,5170.0
8926,42,31 a 45,6100.0,Média,72,0,2,6100.0,0.0,2550.0
8927,45,31 a 45,9000.0,Média,78,1,0,9000.0,0.0,3480.0
8928,48,46 a 55,17500.0,Média-Alta,83,3,1,17500.0,0.0,6080.0
8929,51,46 a 55,17000.0,Média-Alta,89,1,2,13000.0,0.0,5990.0
8930,53,46 a 55,8500.0,Média,94,1,0,5300.0,0.0,3490.0
8931,55,46 a 55,18300.0,Média-Alta,98,3,1,18300.0,0.0,6470.0
8932,57,Maior que 55,1800.0,Baixa,12,0,0,1800.0,0.0,660.0
8933,62,Maior que 55,4800.0,Média-Baixa,18,0,1,4800.0,0.0,1620.0
8934,65,Maior que 55,2200.0,Baixa,23,1,2,2200.0,0.0,890.0
8935,19,Até 20,3900.0,Média-Baixa,28,0,0,3900.0,0.0,1450.0
8936,23,21 a 30,11500.0,Média-Alta,34,1,1,11500.0,0.0,3790.0
8937,25,21 a 30,3100.0,Média-Baixa,39,0,2,3100.0,0.0,1320.0
8938,27,21 a 30,9800.0,Média,45,1,0,6800.0,0.0,3390.0
8939,28,21 a 30,1800.0,Baixa,12,0,0,1800.0,0.0,660.0
8940,30,21 a 30,4800.0,Média-Baixa,18,0,1,4800.0,0.0,1620.0
8941,32,31 a 45,2200.0,Baixa,23,1,2,2200.0,0.0,890.0
8942,35,31 a 45,3900.0,Média-Baixa,28,0,0,3900.0,0.0,1450.0
8943,42,31 a 45,11500.0,Média-Alta,34,1,1,11500.0,0.0,3790.0
8944,45,31 a 45,3100.0,Média-Baixa,39,0,2,3100.0,0.0,1320.0
8945,48,46 a 55,9800.0,Média,45,1,0,6800.0,0.0,3390.0
8946,51,46 a 55,24400.0,Alta,50,2,1,22000.0,0.0,7820.0
8947,53,46 a 55,4500.0,Média-Baixa,56,0,2,4500.0,0.0,1910.0
8948,55,46 a 55,9800.0,Média,61,0,0,9800.0,0.0,3550.0
8949,57,Maior que 55,15000.0,Média-Alta,67,2,1,15000.0,0.0,5170.0
8950,62,Maior que 55,6100.0,Média,72,0,2,6100.0,0.0,2550.0
8951,65,Maior que 55,9000.0,Média,78,1,0,9000.0,0.0,3480.0
8952,19,Até 20,17500.0,Média-Alta,83,3,1,17500.0,0.0,6080.0
8953,23,21 a 30,17000.0,Média-Alta,89,1,2,13000.0,0.0,5990.0
8954,25,21 a 30,8500.0,Média,94,1,0,5300.0,0.0,3490.0
8955,27,21 a 30,18300.0,Média-Alta,98,3,1,18300.0,0.0,6470.0
8956,28,21 a 30,1800.0,Baixa,12,0,0,1800.0,0.0,660.0
8957,30,21 a 30,4800.0,Média-Baixa,18,0,1,4800.0,0.0,1620.0
8958,32,31 a 45,2200.0,Baixa,23,1,2,2200.0,0.0,890.0
8959,35,31 a 45,3900.0,Média-Baixa,28,0,0,3900.0,0.0,1450.0
8960,42,31 a 45,11500.0,Média-Alta,34,1,1,11500.0,0.0,3790.0
8961,45,31 a 45,3100.0,Média-Baixa,39,0,2,3100.0,0.0,1320.0
8962,48,46 a 55,9800.0,Média,45,1,0,6800.0,0.0,3390.0
8963,51,46 a 55,1800.0,Baixa,12,0,0,1800.0,0.0,660.0
8964,53,46 a 55,4800.0,Média-Baixa,18,0,1,4800.0,0.0,1620.0
8965,55,46 a 55,2200.0,Baixa,23,1,2,2200.0,0.0,890.0
8966,57,Maior que 55,3900.0,Média-Baixa,28,0,0,3900.0,0.0,1450.0
8967,62,Maior que 55,11500.0,Média-Alta,34,1,1,11500.0,0.0,3790.0
8968,65,Maior que 55,3100.0,Média-Baixa,39,0,2,3100.0,0.0,1320.0
8969,19,Até 20,9800.0,Média,45,1,0,6800.0,0.0,3390.0
8970,23,21 a 30,24400.0,Alta,50,2,1,22000.0,0.0,7820.0
8971,25,21 a 30,4500.0,Média-Baixa,56,0,2,4500.0,0.0,1910.0
8972,27,21 a 30,9800.0,Média,61,0,0,9800.0,0.0,3550.0
8973,28,21 a 30,15000.0,Média-Alta,67,2,1,15000.0,0.0,5170.0
8974,30,21 a 30,6100.0,Média,72,0,2,6100.0,0.0,2550.0
8975,32,31 a 45,9000.0,Média,78,1,0,9000.0,0.0,3480.0
8976,35,31 a 45,17500.0,Média-Alta,83,3,1,17500.0,0.0,6080.0
8977,42,31 a 45,17000.0,Média-Alta,89,1,2,13000.0,0.0,5990.0
8978,45,31 a 45,8500.0,Média,94,1,0,5300.0,0.0,3490.0
8979,48,46 a 55,18300.0,Média-Alta,98,3,1,18300.0,0.0,6470.0
8980,51,46 a 55,1800.0,Baixa,12,0,0,1800.0,0.0,660.0
8981,53,46 a 55,4800.0,Média-Baixa,18,0,1,4800.0,0.0,1620.0
8982,55,46 a 55,2200.0,Baixa,23,1,2,2200.0,0.0,890.0
8983,57,Maior que 55,3900.0,Média-Baixa,28,0,0,3900.0,0.0,1450.0
8984,62,Maior que 55,11500.0,Média-Alta,34,1,1,11500.0,0.0,3790.0
8985,65,Maior que 55,3100.0,Média-Baixa,39,0,2,3100.0,0.0,1320.0
8986,65,Maior que 55,9800.0,Média,45,1,0,6800.0,0.0,3390.0
8987,23,21 a 30,15000.0,Média-Alta,67,2,1,15000.0,0.0,5170.0
8988,28,21 a 30,6100.0,Média,72,0,2,6100.0,0.0,2550.0
8989,30,21 a 30,9000.0,Média,78,1,0,9000.0,0.0,3480.0
8990,32,31 a 45,17500.0,Média-Alta,83,3,1,17500.0,0.0,6080.0
8991,35,31 a 45,17000.0,Média-Alta,89,1,2,13000.0,0.0,5990.0
8992,42,31 a 45,8500.0,Média,94,1,0,5300.0,0.0,3490.0
8993,45,31 a 45,18300.0,Média-Alta,98,3,1,18300.0,0.0,6470.0
8994,48,46 a 55,1800.0,Baixa,12,0,0,1800.0,0.0,660.0
8995,51,46 a 55,4800.0,Média-Baixa,18,0,1,4800.0,0.0,1620.0
8996,53,46 a 55,2200.0,Baixa,23,1,2,2200.0,0.0,890.0
8997,55,46 a 55,3900.0,Média-Baixa,28,0,0,3900.0,0.0,1450.0
8998,57,Maior que 55,11500.0,Média-Alta,34,1,1,11500.0,0.0,3790.0
8999,62,Maior que 55,3100.0,Média-Baixa,39,0,2,3100.0,0.0,1320.0
9000,65,Maior que 55,9800.0,Média,45,1,0,6800.0,0.0,3390.0
9001,19,Até 20,1800.0,Baixa,12,0,0,1800.0,0.0,660.0
9002,23,21 a 30,4800.0,Média-Baixa,18,0,1,4800.0,0.0,1620.0
9003,25,21 a 30,2200.0,Baixa,23,1,2,2200.0,0.0,890.0
9004,27,21 a 30,3900.0,Média-Baixa,28,0,0,3900.0,0.0,1450.0
9005,28,21 a 30,11500.0,Média-Alta,34,1,1,11500.0,0.0,3790.0
9006,30,21 a 30,3100.0,Média-Baixa,39,0,2,3100.0,0.0,1320.0
9007,32,31 a 45,9800.0,Média,45,1,0,6800.0,0.0,3390.0
9008,35,31 a 45,24400.0,Alta,50,2,1,22000.0,0.0,7820.0
9009,42,31 a 45,4500.0,Média-Baixa,56,0,2,4500.0,0.0,1910.0
9010,45,31 a 45,9800.0,Média,61,0,0,9800.0,0.0,3550.0
9011,48,46 a 55,15000.0,Média-Alta,67,2,1,15000.0,0.0,5170.0
9012,51,46 a 55,6100.0,Média,72,0,2,6100.0,0.0,2550.0
9013,53,46 a 55,9000.0,Média,78,1,0,9000.0,0.0,3480.0
9014,55,46 a 55,17500.0,Média-Alta,83,3,1,17500.0,0.0,6080.0
9015,57,Maior que 55,17000.0,Média-Alta,89,1,2,13000.0,0.0,5990.0
9016,62,Maior que 55,8500.0,Média,94,1,0,5300.0,0.0,3490.0
9017,65,Maior que 55,18300.0,Média-Alta,98,3,1,18300.0,0.0,6470.0
9018,19,Até 20,1800.0,Baixa,12,0,0,1800.0,0.0,660.0
9019,23,21 a 30,15000.0,Média-Alta,67,2,1,15000.0,0.0,5170.0
9020,25,21 a 30,6100.0,Média,72,0,2,6100.0,0.0,2550.0
9021,27,21 a 30,9000.0,Média,78,1,0,9000.0,0.0,3480.0
9022,28,21 a 30,17500.0,Média-Alta,83,3,1,17500.0,0.0,6080.0
9023,30,21 a 30,17000.0,Média-Alta,89,1,2,13000.0,0.0,5990.0
9024,32,31 a 45,8500.0,Média,94,1,0,5300.0,0.0,3490.0
9025,35,31 a 45,18300.0,Média-Alta,98,3,1,18300.0,0.0,6470.0
9026,42,31 a 45,1800.0,Baixa,12,0,0,1800.0,0.0,660.0
9027,45,31 a 45,4800.0,Média-Baixa,18,0,1,4800.0,0.0,1620.0
9028,48,46 a 55,2200.0,Baixa,23,1,2,2200.0,0.0,890.0
9029,51,46 a 55,3900.0,Média-Baixa,28,0,0,3900.0,0.0,1450.0
9030,53,46 a 55,11500.0,Média-Alta,34,1,1,11500.0,0.0,3790.0
9031,55,46 a 55,3100.0,Média-Baixa,39,0,2,3100.0,0.0,1320.0
9032,57,Maior que 55,9800.0,Média,45,1,0,6800.0,0.0,3390.0
9033,62,Maior que 55,1800.0,Baixa,12,0,0,1800.0,0.0,660.0
9034,65,Maior que 55,4800.0,Média-Baixa,18,0,1,4800.0,0.0,1620.0
9035,19,Até 20,2200.0,Baixa,23,1,2,2200.0,0.0,890.0
9036,23,21 a 30,3900.0,Média-Baixa,28,0,0,3900.0,0.0,1450.0
9037,25,21 a 30,11500.0,Média-Alta,34,1,1,11500.0,0.0,3790.0
9038,27,21 a 30,3100.0,Média-Baixa,39,0,2,3100.0,0.0,1320.0
9039,28,21 a 30,9800.0,Média,45,1,0,6800.0,0.0,3390.0
9040,30,21 a 30,24400.0,Alta,50,2,1,22000.0,0.0,7820.0
9041,32,31 a 45,4500.0,Média-Baixa,56,0,2,4500.0,0.0,1910.0
9042,35,31 a 45,9800.0,Média,61,0,0,9800.0,0.0,3550.0
9043,42,31 a 45,15000.0,Média-Alta,67,2,1,15000.0,0.0,5170.0
9044,45,31 a 45,6100.0,Média,72,0,2,6100.0,0.0,2550.0
9045,48,46 a 55,9000.0,Média,78,1,0,9000.0,0.0,3480.0
9046,51,46 a 55,17500.0,Média-Alta,83,3,1,17500.0,0.0,6080.0
9047,53,46 a 55,17000.0,Média-Alta,89,1,2,13000.0,0.0,5990.0
9048,55,46 a 55,8500.0,Média,94,1,0,5300.0,0.0,3490.0
9049,57,Maior que 55,18300.0,Média-Alta,98,3,1,18300.0,0.0,6470.0
9050,62,Maior que 55,1800.0,Baixa,12,0,0,1800.0,0.0,660.0
9051,65,Maior que 55,15000.0,Média-Alta,67,2,1,15000.0,0.0,5170.0
9052,19,Até 20,6100.0,Média,72,0,2,6100.0,0.0,2550.0
9053,23,21 a 30,9000.0,Média,78,1,0,9000.0,0.0,3480.0
9054,25,21 a 30,17500.0,Média-Alta,83,3,1,17500.0,0.0,6080.0
9055,27,21 a 30,17000.0,Média-Alta,89,1,2,13000.0,0.0,5990.0
9056,28,21 a 30,8500.0,Média,94,1,0,5300.0,0.0,3490.0
9057,30,21 a 30,18300.0,Média-Alta,98,3,1,18300.0,0.0,6470.0
9058,32,31 a 45,1800.0,Baixa,12,0,0,1800.0,0.0,660.0
9059,35,31 a 45,4800.0,Média-Baixa,18,0,1,4800.0,0.0,1620.0
9060,42,31 a 45,2200.0,Baixa,23,1,2,2200.0,0.0,890.0
9061,45,31 a 45,3900.0,Média-Baixa,28,0,0,3900.0,0.0,1450.0
9062,48,46 a 55,11500.0,Média-Alta,34,1,1,11500.0,0.0,3790.0
9063,51,46 a 55,3100.0,Média-Baixa,39,0,2,3100.0,0.0,1320.0
9064,23,21 a 30,9800.0,Média,45,1,0,6800.0,0.0,3390.0
9065,28,21 a 30,1800.0,Baixa,12,0,0,1800.0,0.0,660.0
9066,30,21 a 30,4800.0,Média-Baixa,18,0,1,4800.0,0.0,1620.0
9067,32,31 a 45,2200.0,Baixa,23,1,2,2200.0,0.0,890.0
9068,35,31 a 45,3900.0,Média-Baixa,28,0,0,3900.0,0.0,1450.0
9069,42,31 a 45,11500.0,Média-Alta,34,1,1,11500.0,0.0,3790.0
9070,45,31 a 45,3100.0,Média-Baixa,39,0,2,3100.0,0.0,1320.0
9071,48,46 a 55,9800.0,Média,45,1,0,6800.0,0.0,3390.0
9072,51,46 a 55,24400.0,Alta,50,2,1,22000.0,0.0,7820.0
9073,53,46 a 55,4500.0,Média-Baixa,56,0,2,4500.0,0.0,1910.0
9074,55,46 a 55,9800.0,Média,61,0,0,9800.0,0.0,3550.0
9075,57,Maior que 55,15000.0,Média-Alta,67,2,1,15000.0,0.0,5170.0
9076,62,Maior que 55,6100.0,Média,72,0,2,6100.0,0.0,2550.0
9077,65,Maior que 55,9000.0,Média,78,1,0,9000.0,0.0,3480.0
9078,19,Até 20,17500.0,Média-Alta,83,3,1,17500.0,0.0,6080.0
9079,23,21 a 30,17000.0,Média-Alta,89,1,2,13000.0,0.0,5990.0
9080,25,21 a 30,8500.0,Média,94,1,0,5300.0,0.0,3490.0
9081,27,21 a 30,18300.0,Média-Alta,98,3,1,18300.0,0.0,6470.0
9082,28,21 a 30,1800.0,Baixa,12,0,0,1800.0,0.0,660.0
9083,30,21 a 30,1800.0,Baixa,12,0,0,1800.0,0.0,660.0
9084,32,31 a 45,4800.0,Média-Baixa,18,0,1,4800.0,0.0,1620.0
9085,35,31 a 45,2200.0,Baixa,23,1,2,2200.0,0.0,890.0
9086,42,31 a 45,3900.0,Média-Baixa,28,0,0,3900.0,0.0,1450.0
9087,45,31 a 45,11500.0,Média-Alta,34,1,1,11500.0,0.0,3790.0
9088,48,46 a 55,3100.0,Média-Baixa,39,0,2,3100.0,0.0,1320.0
9089,51,46 a 55,9800.0,Média,45,1,0,6800.0,0.0,3390.0
9090,53,46 a 55,24400.0,Alta,50,2,1,22000.0,0.0,7820.0
9091,55,46 a 55,4500.0,Média-Baixa,56,0,2,4500.0,0.0,1910.0
9092,57,Maior que 55,9800.0,Média,61,0,0,9800.0,0.0,3550.0
9093,62,Maior que 55,15000.0,Média-Alta,67,2,1,15000.0,0.0,5170.0
9094,65,Maior que 55,6100.0,Média,72,0,2,6100.0,0.0,2550.0
9095,19,Até 20,9000.0,Média,78,1,0,9000.0,0.0,3480.0
9096,23,21 a 30,17500.0,Média-Alta,83,3,1,17500.0,0.0,6080.0
9097,25,21 a 30,17000.0,Média-Alta,89,1,2,13000.0,0.0,5990.0
9098,27,21 a 30,8500.0,Média,94,1,0,5300.0,0.0,3490.0
9099,28,21 a 30,18300.0,Média-Alta,98,3,1,18300.0,0.0,6470.0
9100,30,21 a 30,1800.0,Baixa,12,0,0,1800.0,0.0,660.0
9101,32,31 a 45,4800.0,Média-Baixa,18,0,1,4800.0,0.0,1620.0
9102,35,31 a 45,2200.0,Baixa,23,1,2,2200.0,0.0,890.0
9103,42,31 a 45,3900.0,Média-Baixa,28,0,0,3900.0,0.0,1450.0
9104,45,31 a 45,11500.0,Média-Alta,34,1,1,11500.0,0.0,3790.0
9105,48,46 a 55,3100.0,Média-Baixa,39,0,2,3100.0,0.0,1320.0
9106,51,46 a 55,1800.0,Baixa,12,0,0,1800.0,0.0,660.0
9107,53,46 a 55,4800.0,Média-Baixa,18,0,1,4800.0,0.0,1620.0
9108,55,46 a 55,2200.0,Baixa,23,1,2,2200.0,0.0,890.0
9109,57,Maior que 55,3900.0,Média-Baixa,28,0,0,3900.0,0.0,1450.0
9110,62,Maior que 55,11500.0,Média-Alta,34,1,1,11500.0,0.0,3790.0
9111,65,Maior que 55,3100.0,Média-Baixa,39,0,2,3100.0,0.0,1320.0
9112,19,Até 20,9800.0,Média,45,1,0,6800.0,0.0,3390.0
9113,23,21 a 30,24400.0,Alta,50,2,1,22000.0,0.0,7820.0
9114,25,21 a 30,4500.0,Média-Baixa,56,0,2,4500.0,0.0,1910.0
9115,27,21 a 30,9800.0,Média,61,0,0,9800.0,0.0,3550.0
9116,28,21 a 30,15000.0,Média-Alta,67,2,1,15000.0,0.0,5170.0
9117,30,21 a 30,6100.0,Média,72,0,2,6100.0,0.0,2550.0
9118,32,31 a 45,9000.0,Média,78,1,0,9000.0,0.0,3480.0
9119,35,31 a 45,17500.0,Média-Alta,83,3,1,17500.0,0.0,6080.0
9120,42,31 a 45,17000.0,Média-Alta,89,1,2,13000.0,0.0,5990.0
9121,45,31 a 45,8500.0,Média,94,1,0,5300.0,0.0,3490.0
9122,48,46 a 55,18300.0,Média-Alta,98,3,1,18300.0,0.0,6470.0
9123,51,46 a 55,1800.0,Baixa,12,0,0,1800.0,0.0,660.0
9124,53,46 a 55,4800.0,Média-Baixa,18,0,1,4800.0,0.0,1620.0
9125,55,46 a 55,2200.0,Baixa,23,1,2,2200.0,0.0,890.0
9126,57,Maior que 55,3900.0,Média-Baixa,28,0,0,3900.0,0.0,1450.0
9127,62,Maior que 55,11500.0,Média-Alta,34,1,1,11500.0,0.0,3790.0
9128,65,Maior que 55,3100.0,Média-Baixa,39,0,2,3100.0,0.0,1320.0
9129,19,Até 20,1800.0,Baixa,12,0,0,1800.0,0.0,660.0
9130,23,21 a 30,4800.0,Média-Baixa,18,0,1,4800.0,0.0,1620.0
9131,25,21 a 30,2200.0,Baixa,23,1,2,2200.0,0.0,890.0
9132,27,21 a 30,3900.0,Média-Baixa,28,0,0,3900.0,0.0,1450.0
9133,28,21 a 30,11500.0,Média-Alta,34,1,1,11500.0,0.0,3790.0
9134,30,21 a 30,3100.0,Média-Baixa,39,0,2,3100.0,0.0,1320.0
9135,32,31 a 45,9800.0,Média,45,1,0,6800.0,0.0,3390.0
9136,35,31 a 45,24400.0,Alta,50,2,1,22000.0,0.0,7820.0
9137,42,31 a 45,4500.0,Média-Baixa,56,0,2,4500.0,0.0,1910.0
9138,45,31 a 45,9800.0,Média,61,0,0,9800.0,0.0,3550.0
9139,48,46 a 55,15000.0,Média-Alta,67,2,1,15000.0,0.0,5170.0
9140,51,46 a 55,6100.0,Média,72,0,2,6100.0,0.0,2550.0
9141,23,21 a 30,9000.0,Média,78,1,0,9000.0,0.0,3480.0
9142,28,21 a 30,17500.0,Média-Alta,83,3,1,17500.0,0.0,6080.0
9143,30,21 a 30,17000.0,Média-Alta,89,1,2,13000.0,0.0,5990.0
9144,32,31 a 45,8500.0,Média,94,1,0,5300.0,0.0,3490.0
9145,35,31 a 45,18300.0,Média-Alta,98,3,1,18300.0,0.0,6470.0
9146,42,31 a 45,1800.0,Baixa,12,0,0,1800.0,0.0,660.0
9147,45,31 a 45,4800.0,Média-Baixa,18,0,1,4800.0,0.0,1620.0
9148,48,46 a 55,2200.0,Baixa,23,1,2,2200.0,0.0,890.0
9149,51,46 a 55,3900.0,Média-Baixa,28,0,0,3900.0,0.0,1450.0
9150,53,46 a 55,11500.0,Média-Alta,34,1,1,11500.0,0.0,3790.0
9151,55,46 a 55,3100.0,Média-Baixa,39,0,2,3100.0,0.0,1320.0
9152,57,Maior que 55,1800.0,Baixa,12,0,0,1800.0,0.0,660.0
9153,62,Maior que 55,4800.0,Média-Baixa,18,0,1,4800.0,0.0,1620.0
9154,65,Maior que 55,2200.0,Baixa,23,1,2,2200.0,0.0,890.0
9155,19,Até 20,3900.0,Média-Baixa,28,0,0,3900.0,0.0,1450.0
9156,23,21 a 30,11500.0,Média-Alta,34,1,1,11500.0,0.0,3790.0
9157,25,21 a 30,3100.0,Média-Baixa,39,0,2,3100.0,0.0,1320.0
9158,27,21 a 30,9800.0,Média,45,1,0,6800.0,0.0,3390.0
9159,28,21 a 30,24400.0,Alta,50,2,1,22000.0,0.0,7820.0
9160,30,21 a 30,4500.0,Média-Baixa,56,0,2,4500.0,0.0,1910.0
9161,32,31 a 45,9800.0,Média,61,0,0,9800.0,0.0,3550.0
9162,35,31 a 45,15000.0,Média-Alta,67,2,1,15000.0,0.0,5170.0
9163,42,31 a 45,6100.0,Média,72,0,2,6100.0,0.0,2550.0
9164,45,31 a 45,9000.0,Média,78,1,0,9000.0,0.0,3480.0
9165,48,46 a 55,17500.0,Média-Alta,83,3,1,17500.0,0.0,6080.0
9166,51,46 a 55,17000.0,Média-Alta,89,1,2,13000.0,0.0,5990.0
9167,53,46 a 55,8500.0,Média,94,1,0,5300.0,0.0,3490.0
9168,55,46 a 55,18300.0,Média-Alta,98,3,1,18300.0,0.0,6470.0
9169,57,Maior que 55,1800.0,Baixa,12,0,0,1800.0,0.0,660.0
9170,62,Maior que 55,4800.0,Média-Baixa,18,0,1,4800.0,0.0,1620.0
9171,65,Maior que 55,2200.0,Baixa,23,1,2,2200.0,0.0,890.0
9172,19,Até 20,3900.0,Média-Baixa,28,0,0,3900.0,0.0,1450.0
9173,23,21 a 30,11500.0,Média-Alta,34,1,1,11500.0,0.0,3790.0
9174,25,21 a 30,3100.0,Média-Baixa,39,0,2,3100.0,0.0,1320.0
9175,27,21 a 30,1800.0,Baixa,12,0,0,1800.0,0.0,660.0
9176,28,21 a 30,4800.0,Média-Baixa,18,0,1,4800.0,0.0,1620.0
9177,30,21 a 30,2200.0,Baixa,23,1,2,2200.0,0.0,890.0
9178,32,31 a 45,3900.0,Média-Baixa,28,0,0,3900.0,0.0,1450.0
9179,35,31 a 45,11500.0,Média-Alta,34,1,1,11500.0,0.0,3790.0
9180,42,31 a 45,3100.0,Média-Baixa,39,0,2,3100.0,0.0,1320.0
9181,45,31 a 45,9800.0,Média,45,1,0,6800.0,0.0,3390.0
9182,48,46 a 55,24400.0,Alta,50,2,1,22000.0,0.0,7820.0
9183,51,46 a 55,4500.0,Média-Baixa,56,0,2,4500.0,0.0,1910.0
9184,53,46 a 55,9800.0,Média,61,0,0,9800.0,0.0,3550.0
9185,55,46 a 55,15000.0,Média-Alta,67,2,1,15000.0,0.0,5170.0
9186,57,Maior que 55,6100.0,Média,72,0,2,6100.0,0.0,2550.0
9187,62,Maior que 55,9000.0,Média,78,1,0,9000.0,0.0,3480.0
9188,65,Maior que 55,17500.0,Média-Alta,83,3,1,17500.0,0.0,6080.0
9189,19,Até 20,17000.0,Média-Alta,89,1,2,13000.0,0.0,5990.0
9190,23,21 a 30,8500.0,Média,94,1,0,5300.0,0.0,3490.0
9191,25,21 a 30,18300.0,Média-Alta,98,3,1,18300.0,0.0,6470.0
9192,27,21 a 30,1800.0,Baixa,12,0,0,1800.0,0.0,660.0
9193,28,21 a 30,4800.0,Média-Baixa,18,0,1,4800.0,0.0,1620.0
9194,30,21 a 30,2200.0,Baixa,23,1,2,2200.0,0.0,890.0
9195,32,31 a 45,3900.0,Média-Baixa,28,0,0,3900.0,0.0,1450.0
9196,35,31 a 45,11500.0,Média-Alta,34,1,1,11500.0,0.0,3790.0
9197,42,31 a 45,3100.0,Média-Baixa,39,0,2,3100.0,0.0,1320.0
9198,45,31 a 45,1800.0,Baixa,12,0,0,1800.0,0.0,660.0
9199,48,46 a 55,4800.0,Média-Baixa,18,0,1,4800.0,0.0,1620.0
9200,51,46 a 55,2200.0,Baixa,23,1,2,2200.0,0.0,890.0
9201,53,46 a 55,3900.0,Média-Baixa,28,0,0,3900.0,0.0,1450.0
9202,55,46 a 55,11500.0,Média-Alta,34,1,1,11500.0,0.0,3790.0
9203,57,Maior que 55,3100.0,Média-Baixa,39,0,2,3100.0,0.0,1320.0
9204,62,Maior que 55,9800.0,Média,45,1,0,6800.0,0.0,3390.0
9205,65,Maior que 55,24400.0,Alta,50,2,1,22000.0,0.0,7820.0
9206,19,Até 20,4500.0,Média-Baixa,56,0,2,4500.0,0.0,1910.0
9207,23,21 a 30,9800.0,Média,61,0,0,9800.0,0.0,3550.0
9208,25,21 a 30,15000.0,Média-Alta,67,2,1,15000.0,0.0,5170.0
9209,27,21 a 30,6100.0,Média,72,0,2,6100.0,0.0,2550.0
9210,28,21 a 30,9000.0,Média,78,1,0,9000.0,0.0,3480.0
9211,30,21 a 30,17500.0,Média-Alta,83,3,1,17500.0,0.0,6080.0
9212,32,31 a 45,17000.0,Média-Alta,89,1,2,13000.0,0.0,5990.0
9213,35,31 a 45,8500.0,Média,94,1,0,5300.0,0.0,3490.0
9214,42,31 a 45,18300.0,Média-Alta,98,3,1,18300.0,0.0,6470.0
9215,45,31 a 45,1800.0,Baixa,12,0,0,1800.0,0.0,660.0
9216,48,46 a 55,4800.0,Média-Baixa,18,0,1,4800.0,0.0,1620.0
9217,51,46 a 55,2200.0,Baixa,23,1,2,2200.0,0.0,890.0
9218,23,21 a 30,3900.0,Média-Baixa,28,0,0,3900.0,0.0,1450.0
9219,28,21 a 30,11500.0,Média-Alta,34,1,1,11500.0,0.0,3790.0
9220,30,21 a 30,3100.0,Média-Baixa,39,0,2,3100.0,0.0,1320.0
9221,32,31 a 45,1800.0,Baixa,12,0,0,1800.0,0.0,660.0
9222,35,31 a 45,4800.0,Média-Baixa,18,0,1,4800.0,0.0,1620.0
9223,42,31 a 45,2200.0,Baixa,23,1,2,2200.0,0.0,890.0
9224,45,31 a 45,3900.0,Média-Baixa,28,0,0,3900.0,0.0,1450.0
9225,48,46 a 55,11500.0,Média-Alta,34,1,1,11500.0,0.0,3790.0
9226,51,46 a 55,3100.0,Média-Baixa,39,0,2,3100.0,0.0,1320.0
9227,53,46 a 55,9800.0,Média,45,1,0,6800.0,0.0,3390.0
9228,55,46 a 55,24400.0,Alta,50,2,1,22000.0,0.0,7820.0
9229,57,Maior que 55,4500.0,Média-Baixa,56,0,2,4500.0,0.0,1910.0
9230,62,Maior que 55,9800.0,Média,61,0,0,9800.0,0.0,3550.0
9231,65,Maior que 55,15000.0,Média-Alta,67,2,1,15000.0,0.0,5170.0
9232,19,Até 20,6100.0,Média,72,0,2,6100.0,0.0,2550.0
9233,23,21 a 30,9000.0,Média,78,1,0,9000.0,0.0,3480.0
9234,25,21 a 30,17500.0,Média-Alta,83,3,1,17500.0,0.0,6080.0
9235,27,21 a 30,17000.0,Média-Alta,89,1,2,13000.0,0.0,5990.0
9236,28,21 a 30,8500.0,Média,94,1,0,5300.0,0.0,3490.0
9237,30,21 a 30,18300.0,Média-Alta,98,3,1,18300.0,0.0,6470.0
9238,32,31 a 45,1800.0,Baixa,12,0,0,1800.0,0.0,660.0
9239,35,31 a 45,4800.0,Média-Baixa,18,0,1,4800.0,0.0,1620.0
9240,42,31 a 45,2200.0,Baixa,23,1,2,2200.0,0.0,890.0
9241,45,31 a 45,3900.0,Média-Baixa,28,0,0,3900.0,0.0,1450.0
9242,48,46 a 55,11500.0,Média-Alta,34,1,1,11500.0,0.0,3790.0
9243,51,46 a 55,3100.0,Média-Baixa,39,0,2,3100.0,0.0,1320.0
9244,53,46 a 55,1800.0,Baixa,12,0,0,1800.0,0.0,660.0
9245,55,46 a 55,4800.0,Média-Baixa,18,0,1,4800.0,0.0,1620.0
9246,57,Maior que 55,2200.0,Baixa,23,1,2,2200.0,0.0,890.0
9247,62,Maior que 55,3900.0,Média-Baixa,28,0,0,3900.0,0.0,1450.0
9248,65,Maior que 55,11500.0,Média-Alta,34,1,1,11500.0,0.0,3790.0
9249,19,Até 20,3100.0,Média-Baixa,39,0,2,3100.0,0.0,1320.0
9250,23,21 a 30,9800.0,Média,45,1,0,6800.0,0.0,3390.0
9251,25,21 a 30,24400.0,Alta,50,2,1,22000.0,0.0,7820.0
9252,27,21 a 30,4500.0,Média-Baixa,56,0,2,4500.0,0.0,1910.0
9253,28,21 a 30,9800.0,Média,61,0,0,9800.0,0.0,3550.0
9254,30,21 a 30,15000.0,Média-Alta,67,2,1,15000.0,0.0,5170.0
9255,32,31 a 45,6100.0,Média,72,0,2,6100.0,0.0,2550.0
9256,35,31 a 45,9000.0,Média,78,1,0,9000.0,0.0,3480.0
9257,42,31 a 45,17500.0,Média-Alta,83,3,1,17500.0,0.0,6080.0
9258,45,31 a 45,17000.0,Média-Alta,89,1,2,13000.0,0.0,5990.0
9259,48,46 a 55,8500.0,Média,94,1,0,5300.0,0.0,3490.0
9260,51,46 a 55,18300.0,Média-Alta,98,3,1,18300.0,0.0,6470.0
9261,53,46 a 55,1800.0,Baixa,12,0,0,1800.0,0.0,660.0
9262,55,46 a 55,4800.0,Média-Baixa,18,0,1,4800.0,0.0,1620.0
9263,57,Maior que 55,2200.0,Baixa,23,1,2,2200.0,0.0,890.0
9264,62,Maior que 55,3900.0,Média-Baixa,28,0,0,3900.0,0.0,1450.0
9265,65,Maior que 55,11500.0,Média-Alta,34,1,1,11500.0,0.0,3790.0
9266,19,Até 20,3100.0,Média-Baixa,39,0,2,3100.0,0.0,1320.0
9267,23,21 a 30,1800.0,Baixa,12,0,0,1800.0,0.0,660.0
9268,25,21 a 30,4800.0,Média-Baixa,18,0,1,4800.0,0.0,1620.0
9269,27,21 a 30,2200.0,Baixa,23,1,2,2200.0,0.0,890.0
9270,28,21 a 30,3900.0,Média-Baixa,28,0,0,3900.0,0.0,1450.0
9271,30,21 a 30,11500.0,Média-Alta,34,1,1,11500.0,0.0,3790.0
9272,32,31 a 45,3100.0,Média-Baixa,39,0,2,3100.0,0.0,1320.0
9273,35,31 a 45,9800.0,Média,45,1,0,6800.0,0.0,3390.0
9274,42,31 a 45,24400.0,Alta,50,2,1,22000.0,0.0,7820.0
9275,45,31 a 45,4500.0,Média-Baixa,56,0,2,4500.0,0.0,1910.0
9276,48,46 a 55,9800.0,Média,61,0,0,9800.0,0.0,3550.0
9277,51,46 a 55,15000.0,Média-Alta,67,2,1,15000.0,0.0,5170.0
9278,53,46 a 55,6100.0,Média,72,0,2,6100.0,0.0,2550.0
9279,55,46 a 55,9000.0,Média,78,1,0,9000.0,0.0,3480.0
9280,57,Maior que 55,17500.0,Média-Alta,83,3,1,17500.0,0.0,6080.0
9281,62,Maior que 55,17000.0,Média-Alta,89,1,2,13000.0,0.0,5990.0
9282,65,Maior que 55,8500.0,Média,94,1,0,5300.0,0.0,3490.0
9283,19,Até 20,18300.0,Média-Alta,98,3,1,18300.0,0.0,6470.0
9284,23,21 a 30,1800.0,Baixa,12,0,0,1800.0,0.0,660.0
9285,25,21 a 30,4800.0,Média-Baixa,18,0,1,4800.0,0.0,1620.0
9286,27,21 a 30,2200.0,Baixa,23,1,2,2200.0,0.0,890.0
9287,28,21 a 30,3900.0,Média-Baixa,28,0,0,3900.0,0.0,1450.0
9288,30,21 a 30,11500.0,Média-Alta,34,1,1,11500.0,0.0,3790.0
9289,32,31 a 45,3100.0,Média-Baixa,39,0,2,3100.0,0.0,1320.0
9290,35,31 a 45,1800.0,Baixa,12,0,0,1800.0,0.0,660.0
9291,42,31 a 45,4800.0,Média-Baixa,18,0,1,4800.0,0.0,1620.0
9292,45,31 a 45,2200.0,Baixa,23,1,2,2200.0,0.0,890.0
9293,48,46 a 55,3900.0,Média-Baixa,28,0,0,3900.0,0.0,1450.0
9294,51,46 a 55,11500.0,Média-Alta,34,1,1,11500.0,0.0,3790.0
9295,42,31 a 45,3100.0,Média-Baixa,39,0,2,3100.0,0.0,1320.0
9296,45,31 a 45,9800.0,Média,45,1,0,6800.0,0.0,3390.0
9297,48,46 a 55,24400.0,Alta,50,2,1,22000.0,0.0,7820.0
9298,51,46 a 55,4500.0,Média-Baixa,56,0,2,4500.0,0.0,1910.0
9299,48,46 a 55,9800.0,Média,61,0,0,9800.0,0.0,3550.0
9300,51,46 a 55,15000.0,Média-Alta,67,2,1,15000.0,0.0,5170.0
9301,48,46 a 55,6100.0,Média,72,0,2,6100.0,0.0,2550.0
9302,51,46 a 55,9000.0,Média,78,1,0,9000.0,0.0,3480.0
9303,48,46 a 55,17500.0,Média-Alta,83,3,1,17500.0,0.0,6080.0
9304,51,46 a 55,17000.0,Média-Alta,89,1,2,13000.0,0.0,5990.0
9305,48,46 a 55,8500.0,Média,94,1,0,5300.0,0.0,3490.0
9306,51,46 a 55,18300.0,Média-Alta,98,3,1,18300.0,0.0,6470.0
9307,48,46 a 55,1800.0,Baixa,12,0,0,1800.0,0.0,660.0
9308,51,46 a 55,4800.0,Média-Baixa,18,0,1,4800.0,0.0,1620.0
9309,48,46 a 55,2200.0,Baixa,23,1,2,2200.0,0.0,890.0
9310,51,46 a 55,3900.0,Média-Baixa,28,0,0,3900.0,0.0,1450.0
9311,48,46 a 55,11500.0,Média-Alta,34,1,1,11500.0,0.0,3790.0
9312,51,46 a 55,3100.0,Média-Baixa,39,0,2,3100.0,0.0,1320.0
9313,19,Até 20,1800.0,Baixa,12,0,0,1800.0,0.0,660.0
9314,23,21 a 30,4800.0,Média-Baixa,18,0,1,4800.0,0.0,1620.0
9315,25,21 a 30,2200.0,Baixa,23,1,2,2200.0,0.0,890.0
9316,27,21 a 30,3900.0,Média-Baixa,28,0,0,3900.0,0.0,1450.0
9317,28,21 a 30,11500.0,Média-Alta,34,1,1,11500.0,0.0,3790.0
9318,30,21 a 30,3100.0,Média-Baixa,39,0,2,3100.0,0.0,1320.0
9319,32,31 a 45,9800.0,Média,45,1,0,6800.0,0.0,3390.0
9320,35,31 a 45,24400.0,Alta,50,2,1,22000.0,0.0,7820.0
9321,42,31 a 45,4500.0,Média-Baixa,56,0,2,4500.0,0.0,1910.0
9322,45,31 a 45,9800.0,Média,61,0,0,9800.0,0.0,3550.0
9323,48,46 a 55,15000.0,Média-Alta,67,2,1,15000.0,0.0,5170.0
9324,51,46 a 55,6100.0,Média,72,0,2,6100.0,0.0,2550.0
9325,53,46 a 55,9000.0,Média,78,1,0,9000.0,0.0,3480.0
9326,55,46 a 55,17500.0,Média-Alta,83,3,1,17500.0,0.0,6080.0
9327,57,Maior que 55,17000.0,Média-Alta,89,1,2,13000.0,0.0,5990.0
9328,62,Maior que 55,8500.0,Média,94,1,0,5300.0,0.0,3490.0
9329,65,Maior que 55,18300.0,Média-Alta,98,3,1,18300.0,0.0,6470.0
9330,19,Até 20,1800.0,Baixa,12,0,0,1800.0,0.0,660.0
9331,23,21 a 30,4800.0,Média-Baixa,18,0,1,4800.0,0.0,1620.0
9332,25,21 a 30,2200.0,Baixa,23,1,2,2200.0,0.0,890.0
9333,27,21 a 30,3900.0,Média-Baixa,28,0,0,3900.0,0.0,1450.0
9334,28,21 a 30,11500.0,Média-Alta,34,1,1,11500.0,0.0,3790.0
9335,30,21 a 30,3100.0,Média-Baixa,39,0,2,3100.0,0.0,1320.0
9336,32,31 a 45,9800.0,Média,45,1,0,6800.0,0.0,3390.0
9337,35,31 a 45,24400.0,Alta,50,2,1,22000.0,0.0,7820.0
9338,42,31 a 45,4500.0,Média-Baixa,56,0,2,4500.0,0.0,1910.0
9339,45,31 a 45,9800.0,Média,61,0,0,9800.0,0.0,3550.0
9340,48,46 a 55,15000.0,Média-Alta,67,2,1,15000.0,0.0,5170.0
9341,51,46 a 55,6100.0,Média,72,0,2,6100.0,0.0,2550.0
9342,53,46 a 55,9000.0,Média,78,1,0,9000.0,0.0,3480.0
9343,55,46 a 55,17500.0,Média-Alta,83,3,1,17500.0,0.0,6080.0
9344,57,Maior que 55,17000.0,Média-Alta,89,1,2,13000.0,0.0,5990.0
9345,62,Maior que 55,8500.0,Média,94,1,0,5300.0,0.0,3490.0
9346,65,Maior que 55,18300.0,Média-Alta,98,3,1,18300.0,0.0,6470.0
9347,19,Até 20,1800.0,Baixa,12,0,0,1800.0,0.0,660.0
9348,23,21 a 30,4800.0,Média-Baixa,18,0,1,4800.0,0.0,1620.0
9349,25,21 a 30,2200.0,Baixa,23,1,2,2200.0,0.0,890.0
9350,27,21 a 30,3900.0,Média-Baixa,28,0,0,3900.0,0.0,1450.0
9351,28,21 a 30,11500.0,Média-Alta,34,1,1,11500.0,0.0,3790.0
9352,30,21 a 30,3100.0,Média-Baixa,39,0,2,3100.0,0.0,1320.0
9353,32,31 a 45,9800.0,Média,45,1,0,6800.0,0.0,3390.0
9354,35,31 a 45,24400.0,Alta,50,2,1,22000.0,0.0,7820.0
9355,42,31 a 45,4500.0,Média-Baixa,56,0,2,4500.0,0.0,1910.0
9356,45,31 a 45,9800.0,Média,61,0,0,9800.0,0.0,3550.0
9357,48,46 a 55,15000.0,Média-Alta,67,2,1,15000.0,0.0,5170.0
9358,51,46 a 55,6100.0,Média,72,0,2,6100.0,0.0,2550.0
9359,53,46 a 55,9000.0,Média,78,1,0,9000.0,0.0,3480.0
9360,55,46 a 55,17500.0,Média-Alta,83,3,1,17500.0,0.0,6080.0
9361,57,Maior que 55,17000.0,Média-Alta,89,1,2,13000.0,0.0,5990.0
9362,62,Maior que 55,8500.0,Média,94,1,0,5300.0,0.0,3490.0
9363,65,Maior que 55,18300.0,Média-Alta,98,3,1,18300.0,0.0,6470.0
9364,19,Até 20,1800.0,Baixa,12,0,0,1800.0,0.0,660.0
9365,23,21 a 30,4800.0,Média-Baixa,18,0,1,4800.0,0.0,1620.0
9366,25,21 a 30,2200.0,Baixa,23,1,2,2200.0,0.0,890.0
9367,27,21 a 30,3900.0,Média-Baixa,28,0,0,3900.0,0.0,1450.0
9368,28,21 a 30,11500.0,Média-Alta,34,1,1,11500.0,0.0,3790.0
9369,30,21 a 30,3100.0,Média-Baixa,39,0,2,3100.0,0.0,1320.0
9370,32,31 a 45,9800.0,Média,45,1,0,6800.0,0.0,3390.0
9371,35,31 a 45,24400.0,Alta,50,2,1,22000.0,0.0,7820.0
9372,42,31 a 45,4500.0,Média-Baixa,56,0,2,4500.0,0.0,1910.0
9373,45,31 a 45,9800.0,Média,61,0,0,9800.0,0.0,3550.0
9374,48,46 a 55,15000.0,Média-Alta,67,2,1,15000.0,0.0,5170.0
9375,51,46 a 55,6100.0,Média,72,0,2,6100.0,0.0,2550.0
9376,53,46 a 55,9000.0,Média,78,1,0,9000.0,0.0,3480.0
9377,55,46 a 55,17500.0,Média-Alta,83,3,1,17500.0,0.0,6080.0
9378,57,Maior que 55,17000.0,Média-Alta,89,1,2,13000.0,0.0,5990.0
9379,62,Maior que 55,8500.0,Média,94,1,0,5300.0,0.0,3490.0
9380,65,Maior que 55,18300.0,Média-Alta,98,3,1,18300.0,0.0,6470.0
9381,19,Até 20,1800.0,Baixa,12,0,0,1800.0,0.0,660.0
9382,23,21 a 30,4800.0,Média-Baixa,18,0,1,4800.0,0.0,1620.0
9383,25,21 a 30,2200.0,Baixa,23,1,2,2200.0,0.0,890.0
9384,27,21 a 30,3900.0,Média-Baixa,28,0,0,3900.0,0.0,1450.0
9385,28,21 a 30,11500.0,Média-Alta,34,1,1,11500.0,0.0,3790.0
9386,30,21 a 30,3100.0,Média-Baixa,39,0,2,3100.0,0.0,1320.0
9387,32,31 a 45,9800.0,Média,45,1,0,6800.0,0.0,3390.0
9388,35,31 a 45,24400.0,Alta,50,2,1,22000.0,0.0,7820.0
9389,42,31 a 45,4500.0,Média-Baixa,56,0,2,4500.0,0.0,1910.0
9390,45,31 a 45,9800.0,Média,61,0,0,9800.0,0.0,3550.0
9391,48,46 a 55,15000.0,Média-Alta,67,2,1,15000.0,0.0,5170.0
9392,51,46 a 55,6100.0,Média,72,0,2,6100.0,0.0,2550.0
9393,53,46 a 55,9000.0,Média,78,1,0,9000.0,0.0,3480.0
9394,55,46 a 55,17500.0,Média-Alta,83,3,1,17500.0,0.0,6080.0
9395,57,Maior que 55,17000.0,Média-Alta,89,1,2,13000.0,0.0,5990.0
9396,62,Maior que 55,8500.0,Média,94,1,0,5300.0,0.0,3490.0
9397,65,Maior que 55,18300.0,Média-Alta,98,3,1,18300.0,0.0,6470.0
9398,19,Até 20,1800.0,Baixa,12,0,0,1800.0,0.0,660.0
9399,23,21 a 30,4800.0,Média-Baixa,18,0,1,4800.0,0.0,1620.0
9400,25,21 a 30,2200.0,Baixa,23,1,2,2200.0,0.0,890.0
9401,27,21 a 30,3900.0,Média-Baixa,28,0,0,3900.0,0.0,1450.0
9402,28,21 a 30,11500.0,Média-Alta,34,1,1,11500.0,0.0,3790.0
9403,30,21 a 30,3100.0,Média-Baixa,39,0,2,3100.0,0.0,1320.0
9404,32,31 a 45,9800.0,Média,45,1,0,6800.0,0.0,3390.0
9405,35,31 a 45,24400.0,Alta,50,2,1,22000.0,0.0,7820.0
9406,42,31 a 45,4500.0,Média-Baixa,56,0,2,4500.0,0.0,1910.0
9407,45,31 a 45,9800.0,Média,61,0,0,9800.0,0.0,3550.0
9408,48,46 a 55,15000.0,Média-Alta,67,2,1,15000.0,0.0,5170.0
9409,51,46 a 55,6100.0,Média,72,0,2,6100.0,0.0,2550.0
9410,53,46 a 55,9000.0,Média,78,1,0,9000.0,0.0,3480.0
9411,55,46 a 55,17500.0,Média-Alta,83,3,1,17500.0,0.0,6080.0
9412,57,Maior que 55,17000.0,Média-Alta,89,1,2,13000.0,0.0,5990.0
9413,62,Maior que 55,8500.0,Média,94,1,0,5300.0,0.0,3490.0
9414,65,Maior que 55,18300.0,Média-Alta,98,3,1,18300.0,0.0,6470.0
9415,19,Até 20,1800.0,Baixa,12,0,0,1800.0,0.0,660.0
9416,23,21 a 30,4800.0,Média-Baixa,18,0,1,4800.0,0.0,1620.0
9417,25,21 a 30,2200.0,Baixa,23,1,2,2200.0,0.0,890.0
9418,27,21 a 30,3900.0,Média-Baixa,28,0,0,3900.0,0.0,1450.0
9419,28,21 a 30,11500.0,Média-Alta,34,1,1,11500.0,0.0,3790.0
9420,30,21 a 30,3100.0,Média-Baixa,39,0,2,3100.0,0.0,1320.0
9421,32,31 a 45,9800.0,Média,45,1,0,6800.0,0.0,3390.0
9422,35,31 a 45,24400.0,Alta,50,2,1,22000.0,0.0,7820.0
9423,42,31 a 45,4500.0,Média-Baixa,56,0,2,4500.0,0.0,1910.0
9424,45,31 a 45,9800.0,Média,61,0,0,9800.0,0.0,3550.0
9425,48,46 a 55,15000.0,Média-Alta,67,2,1,15000.0,0.0,5170.0
9426,51,46 a 55,6100.0,Média,72,0,2,6100.0,0.0,2550.0
9427,53,46 a 55,9000.0,Média,78,1,0,9000.0,0.0,3480.0
9428,55,46 a 55,17500.0,Média-Alta,83,3,1,17500.0,0.0,6080.0
9429,57,Maior que 55,17000.0,Média-Alta,89,1,2,13000.0,0.0,5990.0
9430,62,Maior que 55,8500.0,Média,94,1,0,5300.0,0.0,3490.0
9431,65,Maior que 55,18300.0,Média-Alta,98,3,1,18300.0,0.0,6470.0
9432,19,Até 20,1800.0,Baixa,12,0,0,1800.0,0.0,660.0
9433,23,21 a 30,4800.0,Média-Baixa,18,0,1,4800.0,0.0,1620.0
9434,25,21 a 30,2200.0,Baixa,23,1,2,2200.0,0.0,890.0
9435,27,21 a 30,3900.0,Média-Baixa,28,0,0,3900.0,0.0,1450.0
9436,28,21 a 30,11500.0,Média-Alta,34,1,1,11500.0,0.0,3790.0
9437,30,21 a 30,3100.0,Média-Baixa,39,0,2,3100.0,0.0,1320.0
9438,32,31 a 45,9800.0,Média,45,1,0,6800.0,0.0,3390.0
9439,35,31 a 45,24400.0,Alta,50,2,1,22000.0,0.0,7820.0
9440,42,31 a 45,4500.0,Média-Baixa,56,0,2,4500.0,0.0,1910.0
9441,45,31 a 45,9800.0,Média,61,0,0,9800.0,0.0,3550.0
9442,48,46 a 55,15000.0,Média-Alta,67,2,1,15000.0,0.0,5170.0
9443,51,46 a 55,6100.0,Média,72,0,2,6100.0,0.0,2550.0
9444,53,46 a 55,9000.0,Média,78,1,0,9000.0,0.0,3480.0
9445,55,46 a 55,17500.0,Média-Alta,83,3,1,17500.0,0.0,6080.0
9446,57,Maior que 55,17000.0,Média-Alta,89,1,2,13000.0,0.0,5990.0
9447,62,Maior que 55,8500.0,Média,94,1,0,5300.0,0.0,3490.0
9448,65,Maior que 55,18300.0,Média-Alta,98,3,1,18300.0,0.0,6470.0
9449,19,Até 20,1800.0,Baixa,12,0,0,1800.0,0.0,660.0
9450,23,21 a 30,4800.0,Média-Baixa,18,0,1,4800.0,0.0,1620.0
9451,25,21 a 30,2200.0,Baixa,23,1,2,2200.0,0.0,890.0
9452,27,21 a 30,3900.0,Média-Baixa,28,0,0,3900.0,0.0,1450.0
9453,28,21 a 30,11500.0,Média-Alta,34,1,1,11500.0,0.0,3790.0
9454,30,21 a 30,3100.0,Média-Baixa,39,0,2,3100.0,0.0,1320.0
9455,32,31 a 45,9800.0,Média,45,1,0,6800.0,0.0,3390.0
9456,35,31 a 45,24400.0,Alta,50,2,1,22000.0,0.0,7820.0
9457,42,31 a 45,4500.0,Média-Baixa,56,0,2,4500.0,0.0,1910.0
9458,45,31 a 45,9800.0,Média,61,0,0,9800.0,0.0,3550.0
9459,48,46 a 55,15000.0,Média-Alta,67,2,1,15000.0,0.0,5170.0
9460,51,46 a 55,6100.0,Média,72,0,2,6100.0,0.0,2550.0
9461,53,46 a 55,9000.0,Média,78,1,0,9000.0,0.0,3480.0
9462,55,46 a 55,17500.0,Média-Alta,83,3,1,17500.0,0.0,6080.0
9463,57,Maior que 55,17000.0,Média-Alta,89,1,2,13000.0,0.0,5990.0
9464,62,Maior que 55,8500.0,Média,94,1,0,5300.0,0.0,3490.0
9465,65,Maior que 55,18300.0,Média-Alta,98,3,1,18300.0,0.0,6470.0
9466,19,Até 20,1800.0,Baixa,12,0,0,1800.0,0.0,660.0
9467,23,21 a 30,4800.0,Média-Baixa,18,0,1,4800.0,0.0,1620.0
9468,25,21 a 30,2200.0,Baixa,23,1,2,2200.0,0.0,890.0
9469,27,21 a 30,3900.0,Média-Baixa,28,0,0,3900.0,0.0,1450.0
9470,28,21 a 30,11500.0,Média-Alta,34,1,1,11500.0,0.0,3790.0
9471,30,21 a 30,3100.0,Média-Baixa,39,0,2,3100.0,0.0,1320.0
9472,32,31 a 45,9800.0,Média,45,1,0,6800.0,0.0,3390.0
9473,35,31 a 45,1800.0,Baixa,12,0,0,1800.0,0.0,660.0
9474,42,31 a 45,4800.0,Média-Baixa,18,0,1,4800.0,0.0,1620.0
9475,45,31 a 45,2200.0,Baixa,23,1,2,2200.0,0.0,890.0
9476,48,46 a 55,3900.0,Média-Baixa,28,0,0,3900.0,0.0,1450.0
9477,51,46 a 55,11500.0,Média-Alta,34,1,1,11500.0,0.0,3790.0
9478,53,46 a 55,3100.0,Média-Baixa,39,0,2,3100.0,0.0,1320.0
9479,55,46 a 55,9800.0,Média,45,1,0,6800.0,0.0,3390.0
9480,57,Maior que 55,24400.0,Alta,50,2,1,22000.0,0.0,7820.0
9481,62,Maior que 55,4500.0,Média-Baixa,56,0,2,4500.0,0.0,1910.0
9482,65,Maior que 55,9800.0,Média,61,0,0,9800.0,0.0,3550.0
9483,19,Até 20,15000.0,Média-Alta,67,2,1,15000.0,0.0,5170.0
9484,23,21 a 30,6100.0,Média,72,0,2,6100.0,0.0,2550.0
9485,25,21 a 30,9000.0,Média,78,1,0,9000.0,0.0,3480.0
9486,41,31 a 45,17500.0,Média-Alta,83,3,1,17500.0,0.0,6080.0
9487,28,21 a 30,17000.0,Média-Alta,89,1,2,13000.0,0.0,5990.0
9488,30,21 a 30,8500.0,Média,94,1,0,5300.0,0.0,3490.0
9489,32,31 a 45,18300.0,Média-Alta,98,3,1,18300.0,0.0,6470.0
9490,35,31 a 45,1800.0,Baixa,12,0,0,1800.0,0.0,660.0
9491,42,31 a 45,4800.0,Média-Baixa,18,0,1,4800.0,0.0,1620.0
9492,45,31 a 45,2200.0,Baixa,23,1,2,2200.0,0.0,890.0
9493,48,46 a 55,3900.0,Média-Baixa,28,0,0,3900.0,0.0,1450.0
9494,51,46 a 55,11500.0,Média-Alta,34,1,1,11500.0,0.0,3790.0
9495,53,46 a 55,3100.0,Média-Baixa,39,0,2,3100.0,0.0,1320.0
9496,55,46 a 55,9800.0,Média,45,1,0,6800.0,0.0,3390.0
9497,57,Maior que 55,1800.0,Baixa,12,0,0,1800.0,0.0,660.0
9498,62,Maior que 55,4800.0,Média-Baixa,18,0,1,4800.0,0.0,1620.0
9499,65,Maior que 55,2200.0,Baixa,23,1,2,2200.0,0.0,890.0
9500,19,Até 20,3900.0,Média-Baixa,28,0,0,3900.0,0.0,1450.0
9501,23,21 a 30,11500.0,Média-Alta,34,1,1,11500.0,0.0,3790.0
9502,25,21 a 30,3100.0,Média-Baixa,39,0,2,3100.0,0.0,1320.0
9503,27,21 a 30,9800.0,Média,45,1,0,6800.0,0.0,3390.0
9504,28,21 a 30,24400.0,Alta,50,2,1,22000.0,0.0,7820.0
9505,30,21 a 30,4500.0,Média-Baixa,56,0,2,4500.0,0.0,1910.0
9506,32,31 a 45,9800.0,Média,61,0,0,9800.0,0.0,3550.0
9507,35,31 a 45,15000.0,Média-Alta,67,2,1,15000.0,0.0,5170.0
9508,42,31 a 45,6100.0,Média,72,0,2,6100.0,0.0,2550.0
9509,45,31 a 45,9000.0,Média,78,1,0,9000.0,0.0,3480.0
9510,48,46 a 55,17500.0,Média-Alta,83,3,1,17500.0,0.0,6080.0
9511,51,46 a 55,17000.0,Média-Alta,89,1,2,13000.0,0.0,5990.0
9512,53,46 a 55,8500.0,Média,94,1,0,5300.0,0.0,3490.0
9513,55,46 a 55,18300.0,Média-Alta,98,3,1,18300.0,0.0,6470.0
9514,57,Maior que 55,1800.0,Baixa,12,0,0,1800.0,0.0,660.0
9515,62,Maior que 55,4800.0,Média-Baixa,18,0,1,4800.0,0.0,1620.0
9516,65,Maior que 55,2200.0,Baixa,23,1,2,2200.0,0.0,890.0
9517,19,Até 20,3900.0,Média-Baixa,28,0,0,3900.0,0.0,1450.0
9518,23,21 a 30,11500.0,Média-Alta,34,1,1,11500.0,0.0,3790.0
9519,25,21 a 30,3100.0,Média-Baixa,39,0,2,3100.0,0.0,1320.0
9520,27,21 a 30,9800.0,Média,45,1,0,6800.0,0.0,3390.0
9521,28,21 a 30,1800.0,Baixa,12,0,0,1800.0,0.0,660.0
9522,30,21 a 30,4800.0,Média-Baixa,18,0,1,4800.0,0.0,1620.0
9523,32,31 a 45,2200.0,Baixa,23,1,2,2200.0,0.0,890.0
9524,35,31 a 45,3900.0,Média-Baixa,28,0,0,3900.0,0.0,1450.0
9525,42,31 a 45,11500.0,Média-Alta,34,1,1,11500.0,0.0,3790.0
9526,45,31 a 45,3100.0,Média-Baixa,39,0,2,3100.0,0.0,1320.0
9527,48,46 a 55,9800.0,Média,45,1,0,6800.0,0.0,3390.0
9528,51,46 a 55,24400.0,Alta,50,2,1,22000.0,0.0,7820.0
9529,53,46 a 55,4500.0,Média-Baixa,56,0,2,4500.0,0.0,1910.0
9530,55,46 a 55,9800.0,Média,61,0,0,9800.0,0.0,3550.0
9531,57,Maior que 55,15000.0,Média-Alta,67,2,1,15000.0,0.0,5170.0
9532,62,Maior que 55,6100.0,Média,72,0,2,6100.0,0.0,2550.0
9533,65,Maior que 55,9000.0,Média,78,1,0,9000.0,0.0,3480.0
9534,19,Até 20,17500.0,Média-Alta,83,3,1,17500.0,0.0,6080.0
9535,23,21 a 30,17000.0,Média-Alta,89,1,2,13000.0,0.0,5990.0
9536,25,21 a 30,8500.0,Média,94,1,0,5300.0,0.0,3490.0
9537,27,21 a 30,18300.0,Média-Alta,98,3,1,18300.0,0.0,6470.0
9538,28,21 a 30,1800.0,Baixa,12,0,0,1800.0,0.0,660.0
9539,30,21 a 30,4800.0,Média-Baixa,18,0,1,4800.0,0.0,1620.0
9540,32,31 a 45,2200.0,Baixa,23,1,2,2200.0,0.0,890.0
9541,35,31 a 45,3900.0,Média-Baixa,28,0,0,3900.0,0.0,1450.0
9542,42,31 a 45,11500.0,Média-Alta,34,1,1,11500.0,0.0,3790.0
9543,45,31 a 45,3100.0,Média-Baixa,39,0,2,3100.0,0.0,1320.0
9544,48,46 a 55,9800.0,Média,45,1,0,6800.0,0.0,3390.0
9545,51,46 a 55,1800.0,Baixa,12,0,0,1800.0,0.0,660.0
9546,53,46 a 55,4800.0,Média-Baixa,18,0,1,4800.0,0.0,1620.0
9547,55,46 a 55,2200.0,Baixa,23,1,2,2200.0,0.0,890.0
9548,57,Maior que 55,3900.0,Média-Baixa,28,0,0,3900.0,0.0,1450.0
9549,62,Maior que 55,11500.0,Média-Alta,34,1,1,11500.0,0.0,3790.0
9550,65,Maior que 55,3100.0,Média-Baixa,39,0,2,3100.0,0.0,1320.0
9551,19,Até 20,9800.0,Média,45,1,0,6800.0,0.0,3390.0
9552,23,21 a 30,24400.0,Alta,50,2,1,22000.0,0.0,7820.0
9553,25,21 a 30,4500.0,Média-Baixa,56,0,2,4500.0,0.0,1910.0
9554,27,21 a 30,9800.0,Média,61,0,0,9800.0,0.0,3550.0
9555,28,21 a 30,15000.0,Média-Alta,67,2,1,15000.0,0.0,5170.0
9556,30,21 a 30,6100.0,Média,72,0,2,6100.0,0.0,2550.0
9557,32,31 a 45,9000.0,Média,78,1,0,9000.0,0.0,3480.0
9558,35,31 a 45,17500.0,Média-Alta,83,3,1,17500.0,0.0,6080.0
9559,42,31 a 45,17000.0,Média-Alta,89,1,2,13000.0,0.0,5990.0
9560,45,31 a 45,8500.0,Média,94,1,0,5300.0,0.0,3490.0
9561,48,46 a 55,18300.0,Média-Alta,98,3,1,18300.0,0.0,6470.0
9562,51,46 a 55,1800.0,Baixa,12,0,0,1800.0,0.0,660.0
9563,53,46 a 55,4800.0,Média-Baixa,18,0,1,4800.0,0.0,1620.0
9564,55,46 a 55,2200.0,Baixa,23,1,2,2200.0,0.0,890.0
9565,57,Maior que 55,3900.0,Média-Baixa,28,0,0,3900.0,0.0,1450.0
9566,62,Maior que 55,11500.0,Média-Alta,34,1,1,11500.0,0.0,3790.0
9567,65,Maior que 55,3100.0,Média-Baixa,39,0,2,3100.0,0.0,1320.0
9568,65,Maior que 55,9800.0,Média,45,1,0,6800.0,0.0,3390.0
9569,23,21 a 30,15000.0,Média-Alta,67,2,1,15000.0,0.0,5170.0
9570,28,21 a 30,6100.0,Média,72,0,2,6100.0,0.0,2550.0
9571,30,21 a 30,9000.0,Média,78,1,0,9000.0,0.0,3480.0
9572,32,31 a 45,17500.0,Média-Alta,83,3,1,17500.0,0.0,6080.0
9573,35,31 a 45,17000.0,Média-Alta,89,1,2,13000.0,0.0,5990.0
9574,42,31 a 45,8500.0,Média,94,1,0,5300.0,0.0,3490.0
9575,45,31 a 45,18300.0,Média-Alta,98,3,1,18300.0,0.0,6470.0
9576,48,46 a 55,1800.0,Baixa,12,0,0,1800.0,0.0,660.0
9577,51,46 a 55,4800.0,Média-Baixa,18,0,1,4800.0,0.0,1620.0
9578,53,46 a 55,2200.0,Baixa,23,1,2,2200.0,0.0,890.0
9579,55,46 a 55,3900.0,Média-Baixa,28,0,0,3900.0,0.0,1450.0
9580,57,Maior que 55,11500.0,Média-Alta,34,1,1,11500.0,0.0,3790.0
9581,62,Maior que 55,3100.0,Média-Baixa,39,0,2,3100.0,0.0,1320.0
9582,65,Maior que 55,9800.0,Média,45,1,0,6800.0,0.0,3390.0
9583,19,Até 20,1800.0,Baixa,12,0,0,1800.0,0.0,660.0
9584,23,21 a 30,4800.0,Média-Baixa,18,0,1,4800.0,0.0,1620.0
9585,25,21 a 30,2200.0,Baixa,23,1,2,2200.0,0.0,890.0
9586,27,21 a 30,3900.0,Média-Baixa,28,0,0,3900.0,0.0,1450.0
9587,28,21 a 30,11500.0,Média-Alta,34,1,1,11500.0,0.0,3790.0
9588,30,21 a 30,3100.0,Média-Baixa,39,0,2,3100.0,0.0,1320.0
9589,32,31 a 45,9800.0,Média,45,1,0,6800.0,0.0,3390.0
9590,35,31 a 45,24400.0,Alta,50,2,1,22000.0,0.0,7820.0
9591,42,31 a 45,4500.0,Média-Baixa,56,0,2,4500.0,0.0,1910.0
9592,45,31 a 45,9800.0,Média,61,0,0,9800.0,0.0,3550.0
9593,48,46 a 55,15000.0,Média-Alta,67,2,1,15000.0,0.0,5170.0
9594,51,46 a 55,6100.0,Média,72,0,2,6100.0,0.0,2550.0
9595,53,46 a 55,9000.0,Média,78,1,0,9000.0,0.0,3480.0
9596,55,46 a 55,17500.0,Média-Alta,83,3,1,17500.0,0.0,6080.0
9597,57,Maior que 55,17000.0,Média-Alta,89,1,2,13000.0,0.0,5990.0
9598,62,Maior que 55,8500.0,Média,94,1,0,5300.0,0.0,3490.0
9599,65,Maior que 55,18300.0,Média-Alta,98,3,1,18300.0,0.0,6470.0
9600,19,Até 20,1800.0,Baixa,12,0,0,1800.0,0.0,660.0
9601,23,21 a 30,15000.0,Média-Alta,67,2,1,15000.0,0.0,5170.0
9602,25,21 a 30,6100.0,Média,72,0,2,6100.0,0.0,2550.0
9603,27,21 a 30,9000.0,Média,78,1,0,9000.0,0.0,3480.0
9604,28,21 a 30,17500.0,Média-Alta,83,3,1,17500.0,0.0,6080.0
9605,30,21 a 30,17000.0,Média-Alta,89,1,2,13000.0,0.0,5990.0
9606,32,31 a 45,8500.0,Média,94,1,0,5300.0,0.0,3490.0
9607,35,31 a 45,18300.0,Média-Alta,98,3,1,18300.0,0.0,6470.0
9608,42,31 a 45,1800.0,Baixa,12,0,0,1800.0,0.0,660.0
9609,45,31 a 45,4800.0,Média-Baixa,18,0,1,4800.0,0.0,1620.0
9610,48,46 a 55,2200.0,Baixa,23,1,2,2200.0,0.0,890.0
9611,51,46 a 55,3900.0,Média-Baixa,28,0,0,3900.0,0.0,1450.0
9612,53,46 a 55,11500.0,Média-Alta,34,1,1,11500.0,0.0,3790.0
9613,55,46 a 55,3100.0,Média-Baixa,39,0,2,3100.0,0.0,1320.0
9614,57,Maior que 55,9800.0,Média,45,1,0,6800.0,0.0,3390.0
9615,62,Maior que 55,1800.0,Baixa,12,0,0,1800.0,0.0,660.0
9616,65,Maior que 55,4800.0,Média-Baixa,18,0,1,4800.0,0.0,1620.0
9617,19,Até 20,2200.0,Baixa,23,1,2,2200.0,0.0,890.0
9618,23,21 a 30,3900.0,Média-Baixa,28,0,0,3900.0,0.0,1450.0
9619,25,21 a 30,11500.0,Média-Alta,34,1,1,11500.0,0.0,3790.0
9620,27,21 a 30,3100.0,Média-Baixa,39,0,2,3100.0,0.0,1320.0
9621,28,21 a 30,9800.0,Média,45,1,0,6800.0,0.0,3390.0
9622,30,21 a 30,24400.0,Alta,50,2,1,22000.0,0.0,7820.0
9623,32,31 a 45,4500.0,Média-Baixa,56,0,2,4500.0,0.0,1910.0
9624,35,31 a 45,9800.0,Média,61,0,0,9800.0,0.0,3550.0
9625,42,31 a 45,15000.0,Média-Alta,67,2,1,15000.0,0.0,5170.0
9626,45,31 a 45,6100.0,Média,72,0,2,6100.0,0.0,2550.0
9627,48,46 a 55,9000.0,Média,78,1,0,9000.0,0.0,3480.0
9628,51,46 a 55,17500.0,Média-Alta,83,3,1,17500.0,0.0,6080.0
9629,53,46 a 55,17000.0,Média-Alta,89,1,2,13000.0,0.0,5990.0
9630,55,46 a 55,8500.0,Média,94,1,0,5300.0,0.0,3490.0
9631,57,Maior que 55,18300.0,Média-Alta,98,3,1,18300.0,0.0,6470.0
9632,62,Maior que 55,1800.0,Baixa,12,0,0,1800.0,0.0,660.0
9633,65,Maior que 55,15000.0,Média-Alta,67,2,1,15000.0,0.0,5170.0
9634,19,Até 20,6100.0,Média,72,0,2,6100.0,0.0,2550.0
9635,23,21 a 30,9000.0,Média,78,1,0,9000.0,0.0,3480.0
9636,25,21 a 30,17500.0,Média-Alta,83,3,1,17500.0,0.0,6080.0
9637,27,21 a 30,17000.0,Média-Alta,89,1,2,13000.0,0.0,5990.0
9638,28,21 a 30,8500.0,Média,94,1,0,5300.0,0.0,3490.0
9639,30,21 a 30,18300.0,Média-Alta,98,3,1,18300.0,0.0,6470.0
9640,32,31 a 45,1800.0,Baixa,12,0,0,1800.0,0.0,660.0
9641,35,31 a 45,4800.0,Média-Baixa,18,0,1,4800.0,0.0,1620.0
9642,42,31 a 45,2200.0,Baixa,23,1,2,2200.0,0.0,890.0
9643,45,31 a 45,3900.0,Média-Baixa,28,0,0,3900.0,0.0,1450.0
9644,48,46 a 55,11500.0,Média-Alta,34,1,1,11500.0,0.0,3790.0
9645,51,46 a 55,3100.0,Média-Baixa,39,0,2,3100.0,0.0,1320.0
9646,23,21 a 30,9800.0,Média,45,1,0,6800.0,0.0,3390.0
9647,28,21 a 30,1800.0,Baixa,12,0,0,1800.0,0.0,660.0
9648,30,21 a 30,4800.0,Média-Baixa,18,0,1,4800.0,0.0,1620.0
9649,32,31 a 45,2200.0,Baixa,23,1,2,2200.0,0.0,890.0
9650,35,31 a 45,3900.0,Média-Baixa,28,0,0,3900.0,0.0,1450.0
9651,42,31 a 45,11500.0,Média-Alta,34,1,1,11500.0,0.0,3790.0
9652,45,31 a 45,3100.0,Média-Baixa,39,0,2,3100.0,0.0,1320.0
9653,48,46 a 55,9800.0,Média,45,1,0,6800.0,0.0,3390.0
9654,51,46 a 55,24400.0,Alta,50,2,1,22000.0,0.0,7820.0
9655,53,46 a 55,4500.0,Média-Baixa,56,0,2,4500.0,0.0,1910.0
9656,55,46 a 55,9800.0,Média,61,0,0,9800.0,0.0,3550.0
9657,57,Maior que 55,15000.0,Média-Alta,67,2,1,15000.0,0.0,5170.0
9658,62,Maior que 55,6100.0,Média,72,0,2,6100.0,0.0,2550.0
9659,65,Maior que 55,9000.0,Média,78,1,0,9000.0,0.0,3480.0
9660,19,Até 20,17500.0,Média-Alta,83,3,1,17500.0,0.0,6080.0
9661,23,21 a 30,17000.0,Média-Alta,89,1,2,13000.0,0.0,5990.0
9662,25,21 a 30,8500.0,Média,94,1,0,5300.0,0.0,3490.0
9663,27,21 a 30,18300.0,Média-Alta,98,3,1,18300.0,0.0,6470.0
9664,28,21 a 30,1800.0,Baixa,12,0,0,1800.0,0.0,660.0
9665,30,21 a 30,1800.0,Baixa,12,0,0,1800.0,0.0,660.0
9666,32,31 a 45,4800.0,Média-Baixa,18,0,1,4800.0,0.0,1620.0
9667,35,31 a 45,2200.0,Baixa,23,1,2,2200.0,0.0,890.0
9668,42,31 a 45,3900.0,Média-Baixa,28,0,0,3900.0,0.0,1450.0
9669,45,31 a 45,11500.0,Média-Alta,34,1,1,11500.0,0.0,3790.0
9670,48,46 a 55,3100.0,Média-Baixa,39,0,2,3100.0,0.0,1320.0
9671,51,46 a 55,9800.0,Média,45,1,0,6800.0,0.0,3390.0
9672,53,46 a 55,24400.0,Alta,50,2,1,22000.0,0.0,7820.0
9673,55,46 a 55,4500.0,Média-Baixa,56,0,2,4500.0,0.0,1910.0
9674,57,Maior que 55,9800.0,Média,61,0,0,9800.0,0.0,3550.0
9675,62,Maior que 55,15000.0,Média-Alta,67,2,1,15000.0,0.0,5170.0
9676,65,Maior que 55,6100.0,Média,72,0,2,6100.0,0.0,2550.0
9677,19,Até 20,9000.0,Média,78,1,0,9000.0,0.0,3480.0
9678,23,21 a 30,17500.0,Média-Alta,83,3,1,17500.0,0.0,6080.0
9679,25,21 a 30,17000.0,Média-Alta,89,1,2,13000.0,0.0,5990.0
9680,27,21 a 30,8500.0,Média,94,1,0,5300.0,0.0,3490.0
9681,28,21 a 30,18300.0,Média-Alta,98,3,1,18300.0,0.0,6470.0
9682,30,21 a 30,1800.0,Baixa,12,0,0,1800.0,0.0,660.0
9683,32,31 a 45,4800.0,Média-Baixa,18,0,1,4800.0,0.0,1620.0
9684,35,31 a 45,2200.0,Baixa,23,1,2,2200.0,0.0,890.0
9685,42,31 a 45,3900.0,Média-Baixa,28,0,0,3900.0,0.0,1450.0
9686,45,31 a 45,11500.0,Média-Alta,34,1,1,11500.0,0.0,3790.0
9687,48,46 a 55,3100.0,Média-Baixa,39,0,2,3100.0,0.0,1320.0
9688,51,46 a 55,1800.0,Baixa,12,0,0,1800.0,0.0,660.0
9689,53,46 a 55,4800.0,Média-Baixa,18,0,1,4800.0,0.0,1620.0
9690,55,46 a 55,2200.0,Baixa,23,1,2,2200.0,0.0,890.0
9691,57,Maior que 55,3900.0,Média-Baixa,28,0,0,3900.0,0.0,1450.0
9692,62,Maior que 55,11500.0,Média-Alta,34,1,1,11500.0,0.0,3790.0
9693,65,Maior que 55,3100.0,Média-Baixa,39,0,2,3100.0,0.0,1320.0
9694,19,Até 20,9800.0,Média,45,1,0,6800.0,0.0,3390.0
9695,23,21 a 30,24400.0,Alta,50,2,1,22000.0,0.0,7820.0
9696,25,21 a 30,4500.0,Média-Baixa,56,0,2,4500.0,0.0,1910.0
9697,27,21 a 30,9800.0,Média,61,0,0,9800.0,0.0,3550.0
9698,28,21 a 30,15000.0,Média-Alta,67,2,1,15000.0,0.0,5170.0
9699,30,21 a 30,6100.0,Média,72,0,2,6100.0,0.0,2550.0
9700,32,31 a 45,9000.0,Média,78,1,0,9000.0,0.0,3480.0
9701,35,31 a 45,17500.0,Média-Alta,83,3,1,17500.0,0.0,6080.0
9702,42,31 a 45,17000.0,Média-Alta,89,1,2,13000.0,0.0,5990.0
9703,45,31 a 45,8500.0,Média,94,1,0,5300.0,0.0,3490.0
9704,48,46 a 55,18300.0,Média-Alta,98,3,1,18300.0,0.0,6470.0
9705,51,46 a 55,1800.0,Baixa,12,0,0,1800.0,0.0,660.0
9706,53,46 a 55,4800.0,Média-Baixa,18,0,1,4800.0,0.0,1620.0
9707,55,46 a 55,2200.0,Baixa,23,1,2,2200.0,0.0,890.0
9708,57,Maior que 55,3900.0,Média-Baixa,28,0,0,3900.0,0.0,1450.0
9709,62,Maior que 55,11500.0,Média-Alta,34,1,1,11500.0,0.0,3790.0
9710,65,Maior que 55,3100.0,Média-Baixa,39,0,2,3100.0,0.0,1320.0
9711,19,Até 20,1800.0,Baixa,12,0,0,1800.0,0.0,660.0
9712,23,21 a 30,4800.0,Média-Baixa,18,0,1,4800.0,0.0,1620.0
9713,25,21 a 30,2200.0,Baixa,23,1,2,2200.0,0.0,890.0
9714,27,21 a 30,3900.0,Média-Baixa,28,0,0,3900.0,0.0,1450.0
9715,28,21 a 30,11500.0,Média-Alta,34,1,1,11500.0,0.0,3790.0
9716,30,21 a 30,3100.0,Média-Baixa,39,0,2,3100.0,0.0,1320.0
9717,32,31 a 45,9800.0,Média,45,1,0,6800.0,0.0,3390.0
9718,35,31 a 45,24400.0,Alta,50,2,1,22000.0,0.0,7820.0
9719,42,31 a 45,4500.0,Média-Baixa,56,0,2,4500.0,0.0,1910.0
9720,45,31 a 45,9800.0,Média,61,0,0,9800.0,0.0,3550.0
9721,48,46 a 55,15000.0,Média-Alta,67,2,1,15000.0,0.0,5170.0
9722,51,46 a 55,6100.0,Média,72,0,2,6100.0,0.0,2550.0
9723,23,21 a 30,9000.0,Média,78,1,0,9000.0,0.0,3480.0
9724,28,21 a 30,17500.0,Média-Alta,83,3,1,17500.0,0.0,6080.0
9725,30,21 a 30,17000.0,Média-Alta,89,1,2,13000.0,0.0,5990.0
9726,32,31 a 45,8500.0,Média,94,1,0,5300.0,0.0,3490.0
9727,35,31 a 45,18300.0,Média-Alta,98,3,1,18300.0,0.0,6470.0
9728,42,31 a 45,1800.0,Baixa,12,0,0,1800.0,0.0,660.0
9729,45,31 a 45,4800.0,Média-Baixa,18,0,1,4800.0,0.0,1620.0
9730,48,46 a 55,2200.0,Baixa,23,1,2,2200.0,0.0,890.0
9731,51,46 a 55,3900.0,Média-Baixa,28,0,0,3900.0,0.0,1450.0
9732,53,46 a 55,11500.0,Média-Alta,34,1,1,11500.0,0.0,3790.0
9733,55,46 a 55,3100.0,Média-Baixa,39,0,2,3100.0,0.0,1320.0
9734,57,Maior que 55,1800.0,Baixa,12,0,0,1800.0,0.0,660.0
9735,62,Maior que 55,4800.0,Média-Baixa,18,0,1,4800.0,0.0,1620.0
9736,65,Maior que 55,2200.0,Baixa,23,1,2,2200.0,0.0,890.0
9737,19,Até 20,3900.0,Média-Baixa,28,0,0,3900.0,0.0,1450.0
9738,23,21 a 30,11500.0,Média-Alta,34,1,1,11500.0,0.0,3790.0
9739,25,21 a 30,3100.0,Média-Baixa,39,0,2,3100.0,0.0,1320.0
9740,27,21 a 30,9800.0,Média,45,1,0,6800.0,0.0,3390.0
9741,28,21 a 30,24400.0,Alta,50,2,1,22000.0,0.0,7820.0
9742,30,21 a 30,4500.0,Média-Baixa,56,0,2,4500.0,0.0,1910.0
9743,32,31 a 45,9800.0,Média,61,0,0,9800.0,0.0,3550.0
9744,35,31 a 45,15000.0,Média-Alta,67,2,1,15000.0,0.0,5170.0
9745,42,31 a 45,6100.0,Média,72,0,2,6100.0,0.0,2550.0
9746,45,31 a 45,9000.0,Média,78,1,0,9000.0,0.0,3480.0
9747,48,46 a 55,17500.0,Média-Alta,83,3,1,17500.0,0.0,6080.0
9748,51,46 a 55,17000.0,Média-Alta,89,1,2,13000.0,0.0,5990.0
9749,53,46 a 55,8500.0,Média,94,1,0,5300.0,0.0,3490.0
9750,55,46 a 55,18300.0,Média-Alta,98,3,1,18300.0,0.0,6470.0
9751,57,Maior que 55,1800.0,Baixa,12,0,0,1800.0,0.0,660.0
9752,62,Maior que 55,4800.0,Média-Baixa,18,0,1,4800.0,0.0,1620.0
9753,65,Maior que 55,2200.0,Baixa,23,1,2,2200.0,0.0,890.0
9754,19,Até 20,3900.0,Média-Baixa,28,0,0,3900.0,0.0,1450.0
9755,23,21 a 30,11500.0,Média-Alta,34,1,1,11500.0,0.0,3790.0
9756,25,21 a 30,3100.0,Média-Baixa,39,0,2,3100.0,0.0,1320.0
9757,27,21 a 30,1800.0,Baixa,12,0,0,1800.0,0.0,660.0
9758,28,21 a 30,4800.0,Média-Baixa,18,0,1,4800.0,0.0,1620.0
9759,30,21 a 30,2200.0,Baixa,23,1,2,2200.0,0.0,890.0
9760,32,31 a 45,3900.0,Média-Baixa,28,0,0,3900.0,0.0,1450.0
9761,35,31 a 45,11500.0,Média-Alta,34,1,1,11500.0,0.0,3790.0
9762,42,31 a 45,3100.0,Média-Baixa,39,0,2,3100.0,0.0,1320.0
9763,45,31 a 45,9800.0,Média,45,1,0,6800.0,0.0,3390.0
9764,48,46 a 55,24400.0,Alta,50,2,1,22000.0,0.0,7820.0
9765,51,46 a 55,4500.0,Média-Baixa,56,0,2,4500.0,0.0,1910.0
9766,53,46 a 55,9800.0,Média,61,0,0,9800.0,0.0,3550.0
9767,55,46 a 55,15000.0,Média-Alta,67,2,1,15000.0,0.0,5170.0
9768,57,Maior que 55,6100.0,Média,72,0,2,6100.0,0.0,2550.0
9769,62,Maior que 55,9000.0,Média,78,1,0,9000.0,0.0,3480.0
9770,65,Maior que 55,17500.0,Média-Alta,83,3,1,17500.0,0.0,6080.0
9771,19,Até 20,17000.0,Média-Alta,89,1,2,13000.0,0.0,5990.0
9772,23,21 a 30,8500.0,Média,94,1,0,5300.0,0.0,3490.0
9773,25,21 a 30,18300.0,Média-Alta,98,3,1,18300.0,0.0,6470.0
9774,27,21 a 30,1800.0,Baixa,12,0,0,1800.0,0.0,660.0
9775,28,21 a 30,4800.0,Média-Baixa,18,0,1,4800.0,0.0,1620.0
9776,30,21 a 30,2200.0,Baixa,23,1,2,2200.0,0.0,890.0
9777,32,31 a 45,3900.0,Média-Baixa,28,0,0,3900.0,0.0,1450.0
9778,35,31 a 45,11500.0,Média-Alta,34,1,1,11500.0,0.0,3790.0
9779,42,31 a 45,3100.0,Média-Baixa,39,0,2,3100.0,0.0,1320.0
9780,45,31 a 45,1800.0,Baixa,12,0,0,1800.0,0.0,660.0
9781,48,46 a 55,4800.0,Média-Baixa,18,0,1,4800.0,0.0,1620.0
9782,51,46 a 55,2200.0,Baixa,23,1,2,2200.0,0.0,890.0
9783,53,46 a 55,3900.0,Média-Baixa,28,0,0,3900.0,0.0,1450.0
9784,55,46 a 55,11500.0,Média-Alta,34,1,1,11500.0,0.0,3790.0
9785,57,Maior que 55,3100.0,Média-Baixa,39,0,2,3100.0,0.0,1320.0
9786,62,Maior que 55,9800.0,Média,45,1,0,6800.0,0.0,3390.0
9787,65,Maior que 55,24400.0,Alta,50,2,1,22000.0,0.0,7820.0
9788,19,Até 20,4500.0,Média-Baixa,56,0,2,4500.0,0.0,1910.0
9789,23,21 a 30,9800.0,Média,61,0,0,9800.0,0.0,3550.0
9790,25,21 a 30,15000.0,Média-Alta,67,2,1,15000.0,0.0,5170.0
9791,27,21 a 30,6100.0,Média,72,0,2,6100.0,0.0,2550.0
9792,28,21 a 30,9000.0,Média,78,1,0,9000.0,0.0,3480.0
9793,30,21 a 30,17500.0,Média-Alta,83,3,1,17500.0,0.0,6080.0
9794,32,31 a 45,17000.0,Média-Alta,89,1,2,13000.0,0.0,5990.0
9795,35,31 a 45,8500.0,Média,94,1,0,5300.0,0.0,3490.0
9796,42,31 a 45,18300.0,Média-Alta,98,3,1,18300.0,0.0,6470.0
9797,45,31 a 45,1800.0,Baixa,12,0,0,1800.0,0.0,660.0
9798,48,46 a 55,4800.0,Média-Baixa,18,0,1,4800.0,0.0,1620.0
9799,51,46 a 55,2200.0,Baixa,23,1,2,2200.0,0.0,890.0
9800,23,21 a 30,3900.0,Média-Baixa,28,0,0,3900.0,0.0,1450.0
9801,28,21 a 30,11500.0,Média-Alta,34,1,1,11500.0,0.0,3790.0
9802,30,21 a 30,3100.0,Média-Baixa,39,0,2,3100.0,0.0,1320.0
9803,32,31 a 45,1800.0,Baixa,12,0,0,1800.0,0.0,660.0
9804,35,31 a 45,4800.0,Média-Baixa,18,0,1,4800.0,0.0,1620.0
9805,42,31 a 45,2200.0,Baixa,23,1,2,2200.0,0.0,890.0
9806,45,31 a 45,3900.0,Média-Baixa,28,0,0,3900.0,0.0,1450.0
9807,48,46 a 55,11500.0,Média-Alta,34,1,1,11500.0,0.0,3790.0
9808,51,46 a 55,3100.0,Média-Baixa,39,0,2,3100.0,0.0,1320.0
9809,53,46 a 55,9800.0,Média,45,1,0,6800.0,0.0,3390.0
9810,55,46 a 55,24400.0,Alta,50,2,1,22000.0,0.0,7820.0
9811,57,Maior que 55,4500.0,Média-Baixa,56,0,2,4500.0,0.0,1910.0
9812,62,Maior que 55,9800.0,Média,61,0,0,9800.0,0.0,3550.0
9813,65,Maior que 55,15000.0,Média-Alta,67,2,1,15000.0,0.0,5170.0
9814,19,Até 20,6100.0,Média,72,0,2,6100.0,0.0,2550.0
9815,23,21 a 30,9000.0,Média,78,1,0,9000.0,0.0,3480.0
9816,25,21 a 30,17500.0,Média-Alta,83,3,1,17500.0,0.0,6080.0
9817,27,21 a 30,17000.0,Média-Alta,89,1,2,13000.0,0.0,5990.0
9818,28,21 a 30,8500.0,Média,94,1,0,5300.0,0.0,3490.0
9819,30,21 a 30,18300.0,Média-Alta,98,3,1,18300.0,0.0,6470.0
9820,32,31 a 45,1800.0,Baixa,12,0,0,1800.0,0.0,660.0
9821,35,31 a 45,4800.0,Média-Baixa,18,0,1,4800.0,0.0,1620.0
9822,42,31 a 45,2200.0,Baixa,23,1,2,2200.0,0.0,890.0
9823,45,31 a 45,3900.0,Média-Baixa,28,0,0,3900.0,0.0,1450.0
9824,48,46 a 55,11500.0,Média-Alta,34,1,1,11500.0,0.0,3790.0
9825,51,46 a 55,3100.0,Média-Baixa,39,0,2,3100.0,0.0,1320.0
9826,53,46 a 55,1800.0,Baixa,12,0,0,1800.0,0.0,660.0
9827,55,46 a 55,4800.0,Média-Baixa,18,0,1,4800.0,0.0,1620.0
9828,57,Maior que 55,2200.0,Baixa,23,1,2,2200.0,0.0,890.0
9829,62,Maior que 55,3900.0,Média-Baixa,28,0,0,3900.0,0.0,1450.0
9830,65,Maior que 55,11500.0,Média-Alta,34,1,1,11500.0,0.0,3790.0
9831,19,Até 20,3100.0,Média-Baixa,39,0,2,3100.0,0.0,1320.0
9832,23,21 a 30,9800.0,Média,45,1,0,6800.0,0.0,3390.0
9833,25,21 a 30,24400.0,Alta,50,2,1,22000.0,0.0,7820.0
9834,27,21 a 30,4500.0,Média-Baixa,56,0,2,4500.0,0.0,1910.0
9835,28,21 a 30,9800.0,Média,61,0,0,9800.0,0.0,3550.0
9836,30,21 a 30,15000.0,Média-Alta,67,2,1,15000.0,0.0,5170.0
9837,32,31 a 45,6100.0,Média,72,0,2,6100.0,0.0,2550.0
9838,35,31 a 45,9000.0,Média,78,1,0,9000.0,0.0,3480.0
9839,42,31 a 45,17500.0,Média-Alta,83,3,1,17500.0,0.0,6080.0
9840,45,31 a 45,17000.0,Média-Alta,89,1,2,13000.0,0.0,5990.0
9841,48,46 a 55,8500.0,Média,94,1,0,5300.0,0.0,3490.0
9842,51,46 a 55,18300.0,Média-Alta,98,3,1,18300.0,0.0,6470.0
9843,53,46 a 55,1800.0,Baixa,12,0,0,1800.0,0.0,660.0
9844,55,46 a 55,4800.0,Média-Baixa,18,0,1,4800.0,0.0,1620.0
9845,57,Maior que 55,2200.0,Baixa,23,1,2,2200.0,0.0,890.0
9846,62,Maior que 55,3900.0,Média-Baixa,28,0,0,3900.0,0.0,1450.0
9847,65,Maior que 55,11500.0,Média-Alta,34,1,1,11500.0,0.0,3790.0
9848,19,Até 20,3100.0,Média-Baixa,39,0,2,3100.0,0.0,1320.0
9849,23,21 a 30,1800.0,Baixa,12,0,0,1800.0,0.0,660.0
9850,25,21 a 30,4800.0,Média-Baixa,18,0,1,4800.0,0.0,1620.0
9851,27,21 a 30,2200.0,Baixa,23,1,2,2200.0,0.0,890.0
9852,28,21 a 30,3900.0,Média-Baixa,28,0,0,3900.0,0.0,1450.0
9853,30,21 a 30,11500.0,Média-Alta,34,1,1,11500.0,0.0,3790.0
9854,32,31 a 45,3100.0,Média-Baixa,39,0,2,3100.0,0.0,1320.0
9855,35,31 a 45,9800.0,Média,45,1,0,6800.0,0.0,3390.0
9856,42,31 a 45,24400.0,Alta,50,2,1,22000.0,0.0,7820.0
9857,45,31 a 45,4500.0,Média-Baixa,56,0,2,4500.0,0.0,1910.0
9858,48,46 a 55,9800.0,Média,61,0,0,9800.0,0.0,3550.0
9859,51,46 a 55,15000.0,Média-Alta,67,2,1,15000.0,0.0,5170.0
9860,53,46 a 55,6100.0,Média,72,0,2,6100.0,0.0,2550.0
9861,55,46 a 55,9000.0,Média,78,1,0,9000.0,0.0,3480.0
9862,57,Maior que 55,17500.0,Média-Alta,83,3,1,17500.0,0.0,6080.0
9863,62,Maior que 55,17000.0,Média-Alta,89,1,2,13000.0,0.0,5990.0
9864,65,Maior que 55,8500.0,Média,94,1,0,5300.0,0.0,3490.0
9865,19,Até 20,18300.0,Média-Alta,98,3,1,18300.0,0.0,6470.0
9866,23,21 a 30,1800.0,Baixa,12,0,0,1800.0,0.0,660.0
9867,25,21 a 30,4800.0,Média-Baixa,18,0,1,4800.0,0.0,1620.0
9868,27,21 a 30,2200.0,Baixa,23,1,2,2200.0,0.0,890.0
9869,28,21 a 30,3900.0,Média-Baixa,28,0,0,3900.0,0.0,1450.0
9870,30,21 a 30,11500.0,Média-Alta,34,1,1,11500.0,0.0,3790.0
9871,32,31 a 45,3100.0,Média-Baixa,39,0,2,3100.0,0.0,1320.0
9872,35,31 a 45,1800.0,Baixa,12,0,0,1800.0,0.0,660.0
9873,42,31 a 45,4800.0,Média-Baixa,18,0,1,4800.0,0.0,1620.0
9874,45,31 a 45,2200.0,Baixa,23,1,2,2200.0,0.0,890.0
9875,48,46 a 55,3900.0,Média-Baixa,28,0,0,3900.0,0.0,1450.0
9876,51,46 a 55,11500.0,Média-Alta,34,1,1,11500.0,0.0,3790.0
9877,42,31 a 45,3100.0,Média-Baixa,39,0,2,3100.0,0.0,1320.0
9878,45,31 a 45,9800.0,Média,45,1,0,6800.0,0.0,3390.0
9879,48,46 a 55,24400.0,Alta,50,2,1,22000.0,0.0,7820.0
9880,51,46 a 55,4500.0,Média-Baixa,56,0,2,4500.0,0.0,1910.0
9881,48,46 a 55,9800.0,Média,61,0,0,9800.0,0.0,3550.0
9882,51,46 a 55,15000.0,Média-Alta,67,2,1,15000.0,0.0,5170.0
9883,48,46 a 55,6100.0,Média,72,0,2,6100.0,0.0,2550.0
9884,51,46 a 55,9000.0,Média,78,1,0,9000.0,0.0,3480.0
9885,48,46 a 55,17500.0,Média-Alta,83,3,1,17500.0,0.0,6080.0
9886,51,46 a 55,17000.0,Média-Alta,89,1,2,13000.0,0.0,5990.0
9887,48,46 a 55,8500.0,Média,94,1,0,5300.0,0.0,3490.0
9888,51,46 a 55,18300.0,Média-Alta,98,3,1,18300.0,0.0,6470.0
9889,48,46 a 55,1800.0,Baixa,12,0,0,1800.0,0.0,660.0
9890,51,46 a 55,4800.0,Média-Baixa,18,0,1,4800.0,0.0,1620.0
9891,48,46 a 55,2200.0,Baixa,23,1,2,2200.0,0.0,890.0
9892,51,46 a 55,3900.0,Média-Baixa,28,0,0,3900.0,0.0,1450.0
9893,48,46 a 55,11500.0,Média-Alta,34,1,1,11500.0,0.0,3790.0
9894,51,46 a 55,3100.0,Média-Baixa,39,0,2,3100.0,0.0,1320.0
9895,19,Até 20,1800.0,Baixa,12,0,0,1800.0,0.0,660.0
9896,23,21 a 30,4800.0,Média-Baixa,18,0,1,4800.0,0.0,1620.0
9897,25,21 a 30,2200.0,Baixa,23,1,2,2200.0,0.0,890.0
9898,27,21 a 30,3900.0,Média-Baixa,28,0,0,3900.0,0.0,1450.0
9899,28,21 a 30,11500.0,Média-Alta,34,1,1,11500.0,0.0,3790.0
9900,30,21 a 30,3100.0,Média-Baixa,39,0,2,3100.0,0.0,1320.0
9901,32,31 a 45,9800.0,Média,45,1,0,6800.0,0.0,3390.0
9902,35,31 a 45,24400.0,Alta,50,2,1,22000.0,0.0,7820.0
9903,42,31 a 45,4500.0,Média-Baixa,56,0,2,4500.0,0.0,1910.0
9904,45,31 a 45,9800.0,Média,61,0,0,9800.0,0.0,3550.0
9905,48,46 a 55,15000.0,Média-Alta,67,2,1,15000.0,0.0,5170.0
9906,51,46 a 55,6100.0,Média,72,0,2,6100.0,0.0,2550.0
9907,53,46 a 55,9000.0,Média,78,1,0,9000.0,0.0,3480.0
9908,55,46 a 55,17500.0,Média-Alta,83,3,1,17500.0,0.0,6080.0
9909,57,Maior que 55,17000.0,Média-Alta,89,1,2,13000.0,0.0,5990.0
9910,62,Maior que 55,8500.0,Média,94,1,0,5300.0,0.0,3490.0
9911,65,Maior que 55,18300.0,Média-Alta,98,3,1,18300.0,0.0,6470.0
9912,19,Até 20,1800.0,Baixa,12,0,0,1800.0,0.0,660.0
9913,23,21 a 30,4800.0,Média-Baixa,18,0,1,4800.0,0.0,1620.0
9914,25,21 a 30,2200.0,Baixa,23,1,2,2200.0,0.0,890.0
9915,27,21 a 30,3900.0,Média-Baixa,28,0,0,3900.0,0.0,1450.0
9916,28,21 a 30,11500.0,Média-Alta,34,1,1,11500.0,0.0,3790.0
9917,30,21 a 30,3100.0,Média-Baixa,39,0,2,3100.0,0.0,1320.0
9918,32,31 a 45,9800.0,Média,45,1,0,6800.0,0.0,3390.0
9919,35,31 a 45,24400.0,Alta,50,2,1,22000.0,0.0,7820.0
9920,42,31 a 45,4500.0,Média-Baixa,56,0,2,4500.0,0.0,1910.0
9921,45,31 a 45,9800.0,Média,61,0,0,9800.0,0.0,3550.0
9922,48,46 a 55,15000.0,Média-Alta,67,2,1,15000.0,0.0,5170.0
9923,51,46 a 55,6100.0,Média,72,0,2,6100.0,0.0,2550.0
9924,53,46 a 55,9000.0,Média,78,1,0,9000.0,0.0,3480.0
9925,55,46 a 55,17500.0,Média-Alta,83,3,1,17500.0,0.0,6080.0
9926,57,Maior que 55,17000.0,Média-Alta,89,1,2,13000.0,0.0,5990.0
9927,62,Maior que 55,8500.0,Média,94,1,0,5300.0,0.0,3490.0
9928,65,Maior que 55,18300.0,Média-Alta,98,3,1,18300.0,0.0,6470.0
9929,19,Até 20,1800.0,Baixa,12,0,0,1800.0,0.0,660.0
9930,23,21 a 30,4800.0,Média-Baixa,18,0,1,4800.0,0.0,1620.0
9931,25,21 a 30,2200.0,Baixa,23,1,2,2200.0,0.0,890.0
9932,27,21 a 30,3900.0,Média-Baixa,28,0,0,3900.0,0.0,1450.0
9933,28,21 a 30,11500.0,Média-Alta,34,1,1,11500.0,0.0,3790.0
9934,30,21 a 30,3100.0,Média-Baixa,39,0,2,3100.0,0.0,1320.0
9935,32,31 a 45,9800.0,Média,45,1,0,6800.0,0.0,3390.0
9936,35,31 a 45,24400.0,Alta,50,2,1,22000.0,0.0,7820.0
9937,42,31 a 45,4500.0,Média-Baixa,56,0,2,4500.0,0.0,1910.0
9938,45,31 a 45,9800.0,Média,61,0,0,9800.0,0.0,3550.0
9939,48,46 a 55,15000.0,Média-Alta,67,2,1,15000.0,0.0,5170.0
9940,51,46 a 55,6100.0,Média,72,0,2,6100.0,0.0,2550.0
9941,53,46 a 55,9000.0,Média,78,1,0,9000.0,0.0,3480.0
9942,55,46 a 55,17500.0,Média-Alta,83,3,1,17500.0,0.0,6080.0
9943,57,Maior que 55,17000.0,Média-Alta,89,1,2,13000.0,0.0,5990.0
9944,62,Maior que 55,8500.0,Média,94,1,0,5300.0,0.0,3490.0
9945,65,Maior que 55,18300.0,Média-Alta,98,3,1,18300.0,0.0,6470.0
9946,19,Até 20,1800.0,Baixa,12,0,0,1800.0,0.0,660.0
9947,23,21 a 30,4800.0,Média-Baixa,18,0,1,4800.0,0.0,1620.0
9948,25,21 a 30,2200.0,Baixa,23,1,2,2200.0,0.0,890.0
9949,27,21 a 30,3900.0,Média-Baixa,28,0,0,3900.0,0.0,1450.0
9950,28,21 a 30,11500.0,Média-Alta,34,1,1,11500.0,0.0,3790.0
9951,30,21 a 30,3100.0,Média-Baixa,39,0,2,3100.0,0.0,1320.0
9952,32,31 a 45,9800.0,Média,45,1,0,6800.0,0.0,3390.0
9953,35,31 a 45,24400.0,Alta,50,2,1,22000.0,0.0,7820.0
9954,42,31 a 45,4500.0,Média-Baixa,56,0,2,4500.0,0.0,1910.0
9955,45,31 a 45,9800.0,Média,61,0,0,9800.0,0.0,3550.0
9956,48,46 a 55,15000.0,Média-Alta,67,2,1,15000.0,0.0,5170.0
9957,51,46 a 55,6100.0,Média,72,0,2,6100.0,0.0,2550.0
9958,53,46 a 55,9000.0,Média,78,1,0,9000.0,0.0,3480.0
9959,55,46 a 55,17500.0,Média-Alta,83,3,1,17500.0,0.0,6080.0
9960,57,Maior que 55,17000.0,Média-Alta,89,1,2,13000.0,0.0,5990.0
9961,62,Maior que 55,8500.0,Média,94,1,0,5300.0,0.0,3490.0
9962,65,Maior que 55,18300.0,Média-Alta,98,3,1,18300.0,0.0,6470.0
9963,19,Até 20,1800.0,Baixa,12,0,0,1800.0,0.0,660.0
9964,23,21 a 30,4800.0,Média-Baixa,18,0,1,4800.0,0.0,1620.0
9965,25,21 a 30,2200.0,Baixa,23,1,2,2200.0,0.0,890.0
9966,27,21 a 30,3900.0,Média-Baixa,28,0,0,3900.0,0.0,1450.0
9967,28,21 a 30,11500.0,Média-Alta,34,1,1,11500.0,0.0,3790.0
9968,30,21 a 30,3100.0,Média-Baixa,39,0,2,3100.0,0.0,1320.0
9969,32,31 a 45,9800.0,Média,45,1,0,6800.0,0.0,3390.0
9970,35,31 a 45,24400.0,Alta,50,2,1,22000.0,0.0,7820.0
9971,42,31 a 45,4500.0,Média-Baixa,56,0,2,4500.0,0.0,1910.0
9972,45,31 a 45,9800.0,Média,61,0,0,9800.0,0.0,3550.0
9973,48,46 a 55,15000.0,Média-Alta,67,2,1,15000.0,0.0,5170.0
9974,51,46 a 55,6100.0,Média,72,0,2,6100.0,0.0,2550.0
9975,53,46 a 55,9000.0,Média,78,1,0,9000.0,0.0,3480.0
9976,55,46 a 55,17500.0,Média-Alta,83,3,1,17500.0,0.0,6080.0
9977,57,Maior que 55,17000.0,Média-Alta,89,1,2,13000.0,0.0,5990.0
9978,62,Maior que 55,8500.0,Média,94,1,0,5300.0,0.0,3490.0
9979,65,Maior que 55,18300.0,Média-Alta,98,3,1,18300.0,0.0,6470.0
9980,19,Até 20,1800.0,Baixa,12,0,0,1800.0,0.0,660.0
9981,23,21 a 30,4800.0,Média-Baixa,18,0,1,4800.0,0.0,1620.0
9982,25,21 a 30,2200.0,Baixa,23,1,2,2200.0,0.0,890.0
9983,27,21 a 30,3900.0,Média-Baixa,28,0,0,3900.0,0.0,1450.0
9984,28,21 a 30,11500.0,Média-Alta,34,1,1,11500.0,0.0,3790.0
9985,30,21 a 30,3100.0,Média-Baixa,39,0,2,3100.0,0.0,1320.0
9986,32,31 a 45,9800.0,Média,45,1,0,6800.0,0.0,3390.0
9987,35,31 a 45,24400.0,Alta,50,2,1,22000.0,0.0,7820.0
9988,42,31 a 45,4500.0,Média-Baixa,56,0,2,4500.0,0.0,1910.0
9989,45,31 a 45,9800.0,Média,61,0,0,9800.0,0.0,3550.0
9990,48,46 a 55,15000.0,Média-Alta,67,2,1,15000.0,0.0,5170.0
9991,51,46 a 55,6100.0,Média,72,0,2,6100.0,0.0,2550.0
9992,53,46 a 55,9000.0,Média,78,1,0,9000.0,0.0,3480.0
9993,55,46 a 55,17500.0,Média-Alta,83,3,1,17500.0,0.0,6080.0
9994,57,Maior que 55,17000.0,Média-Alta,89,1,2,13000.0,0.0,5990.0
9995,62,Maior que 55,8500.0,Média,94,1,0,5300.0,0.0,3490.0
9996,65,Maior que 55,18300.0,Média-Alta,98,3,1,18300.0,0.0,6470.0
9997,19,Até 20,1800.0,Baixa,12,0,0,1800.0,0.0,660.0
9998,23,21 a 30,4800.0,Média-Baixa,18,0,1,4800.0,0.0,1620.0
9999,25,21 a 30,2200.0,Baixa,23,1,2,2200.0,0.0,890.0
10000,27,21 a 30,3900.0,Média-Baixa,28,0,0,3900.0,0.0,1450.0
10001,28,21 a 30,11500.0,Média-Alta,34,1,1,11500.0,0.0,3790.0
10002,30,21 a 30,3100.0,Média-Baixa,39,0,2,3100.0,0.0,1320.0
10003,32,31 a 45,9800.0,Média,45,1,0,6800.0,0.0,3390.0
10004,35,31 a 45,24400.0,Alta,50,2,1,22000.0,0.0,7820.0
10005,42,31 a 45,4500.0,Média-Baixa,56,0,2,4500.0,0.0,1910.0
10006,45,31 a 45,9800.0,Média,61,0,0,9800.0,0.0,3550.0
10007,48,46 a 55,15000.0,Média-Alta,67,2,1,15000.0,0.0,5170.0
10008,51,46 a 55,6100.0,Média,72,0,2,6100.0,0.0,2550.0
10009,53,46 a 55,9000.0,Média,78,1,0,9000.0,0.0,3480.0
10010,55,46 a 55,17500.0,Média-Alta,83,3,1,17500.0,0.0,6080.0
10011,57,Maior que 55,17000.0,Média-Alta,89,1,2,13000.0,0.0,5990.0
10012,62,Maior que 55,8500.0,Média,94,1,0,5300.0,0.0,3490.0
10013,65,Maior que 55,18300.0,Média-Alta,98,3,1,18300.0,0.0,6470.0
10014,19,Até 20,1800.0,Baixa,12,0,0,1800.0,0.0,660.0
10015,23,21 a 30,4800.0,Média-Baixa,18,0,1,4800.0,0.0,1620.0
10016,25,21 a 30,2200.0,Baixa,23,1,2,2200.0,0.0,890.0
10017,27,21 a 30,3900.0,Média-Baixa,28,0,0,3900.0,0.0,1450.0
10018,28,21 a 30,11500.0,Média-Alta,34,1,1,11500.0,0.0,3790.0
10019,30,21 a 30,3100.0,Média-Baixa,39,0,2,3100.0,0.0,1320.0
10020,32,31 a 45,9800.0,Média,45,1,0,6800.0,0.0,3390.0
10021,35,31 a 45,24400.0,Alta,50,2,1,22000.0,0.0,7820.0
10022,42,31 a 45,4500.0,Média-Baixa,56,0,2,4500.0,0.0,1910.0
10023,45,31 a 45,9800.0,Média,61,0,0,9800.0,0.0,3550.0
10024,48,46 a 55,15000.0,Média-Alta,67,2,1,15000.0,0.0,5170.0
10025,51,46 a 55,6100.0,Média,72,0,2,6100.0,0.0,2550.0
10026,53,46 a 55,9000.0,Média,78,1,0,9000.0,0.0,3480.0
10027,55,46 a 55,17500.0,Média-Alta,83,3,1,17500.0,0.0,6080.0
10028,57,Maior que 55,17000.0,Média-Alta,89,1,2,13000.0,0.0,5990.0
10029,62,Maior que 55,8500.0,Média,94,1,0,5300.0,0.0,3490.0
10030,65,Maior que 55,18300.0,Média-Alta,98,3,1,18300.0,0.0,6470.0
10031,19,Até 20,1800.0,Baixa,12,0,0,1800.0,0.0,660.0
10032,23,21 a 30,4800.0,Média-Baixa,18,0,1,4800.0,0.0,1620.0
10033,25,21 a 30,2200.0,Baixa,23,1,2,2200.0,0.0,890.0
10034,27,21 a 30,3900.0,Média-Baixa,28,0,0,3900.0,0.0,1450.0
10035,28,21 a 30,11500.0,Média-Alta,34,1,1,11500.0,0.0,3790.0
10036,30,21 a 30,3100.0,Média-Baixa,39,0,2,3100.0,0.0,1320.0
10037,32,31 a 45,9800.0,Média,45,1,0,6800.0,0.0,3390.0
10038,35,31 a 45,24400.0,Alta,50,2,1,22000.0,0.0,7820.0
10039,42,31 a 45,4500.0,Média-Baixa,56,0,2,4500.0,0.0,1910.0
10040,45,31 a 45,9800.0,Média,61,0,0,9800.0,0.0,3550.0
10041,48,46 a 55,15000.0,Média-Alta,67,2,1,15000.0,0.0,5170.0
10042,51,46 a 55,6100.0,Média,72,0,2,6100.0,0.0,2550.0
10043,53,46 a 55,9000.0,Média,78,1,0,9000.0,0.0,3480.0
10044,55,46 a 55,17500.0,Média-Alta,83,3,1,17500.0,0.0,6080.0
10045,57,Maior que 55,17000.0,Média-Alta,89,1,2,13000.0,0.0,5990.0
10046,62,Maior que 55,8500.0,Média,94,1,0,5300.0,0.0,3490.0
10047,65,Maior que 55,18300.0,Média-Alta,98,3,1,18300.0,0.0,6470.0
10048,19,Até 20,1800.0,Baixa,12,0,0,1800.0,0.0,660.0
10049,23,21 a 30,4800.0,Média-Baixa,18,0,1,4800.0,0.0,1620.0
10050,25,21 a 30,2200.0,Baixa,23,1,2,2200.0,0.0,890.0
10051,27,21 a 30,3900.0,Média-Baixa,28,0,0,3900.0,0.0,1450.0
10052,28,21 a 30,11500.0,Média-Alta,34,1,1,11500.0,0.0,3790.0
10053,30,21 a 30,3100.0,Média-Baixa,39,0,2,3100.0,0.0,1320.0
10054,32,31 a 45,9800.0,Média,45,1,0,6800.0,0.0,3390.0
10055,35,31 a 45,1800.0,Baixa,12,0,0,1800.0,0.0,660.0
10056,42,31 a 45,4800.0,Média-Baixa,18,0,1,4800.0,0.0,1620.0
10057,45,31 a 45,2200.0,Baixa,23,1,2,2200.0,0.0,890.0
10058,48,46 a 55,3900.0,Média-Baixa,28,0,0,3900.0,0.0,1450.0
10059,51,46 a 55,11500.0,Média-Alta,34,1,1,11500.0,0.0,3790.0
10060,53,46 a 55,3100.0,Média-Baixa,39,0,2,3100.0,0.0,1320.0
10061,55,46 a 55,9800.0,Média,45,1,0,6800.0,0.0,3390.0
10062,57,Maior que 55,24400.0,Alta,50,2,1,22000.0,0.0,7820.0
10063,62,Maior que 55,4500.0,Média-Baixa,56,0,2,4500.0,0.0,1910.0
10064,65,Maior que 55,9800.0,Média,61,0,0,9800.0,0.0,3550.0
10065,19,Até 20,15000.0,Média-Alta,67,2,1,15000.0,0.0,5170.0
10066,23,21 a 30,6100.0,Média,72,0,2,6100.0,0.0,2550.0
10067,25,21 a 30,9000.0,Média,78,1,0,9000.0,0.0,3480.0
10068,42,31 a 45,17500.0,Média-Alta,83,3,1,17500.0,0.0,6080.0
10069,28,21 a 30,17000.0,Média-Alta,89,1,2,13000.0,0.0,5990.0
10070,30,21 a 30,8500.0,Média,94,1,0,5300.0,0.0,3490.0
10071,32,31 a 45,18300.0,Média-Alta,98,3,1,18300.0,0.0,6470.0
10072,35,31 a 45,1800.0,Baixa,12,0,0,1800.0,0.0,660.0
10073,42,31 a 45,4800.0,Média-Baixa,18,0,1,4800.0,0.0,1620.0
10074,45,31 a 45,2200.0,Baixa,23,1,2,2200.0,0.0,890.0
10075,48,46 a 55,3900.0,Média-Baixa,28,0,0,3900.0,0.0,1450.0
10076,51,46 a 55,11500.0,Média-Alta,34,1,1,11500.0,0.0,3790.0
10077,53,46 a 55,3100.0,Média-Baixa,39,0,2,3100.0,0.0,1320.0
10078,55,46 a 55,9800.0,Média,45,1,0,6800.0,0.0,3390.0
10079,57,Maior que 55,1800.0,Baixa,12,0,0,1800.0,0.0,660.0
10080,62,Maior que 55,4800.0,Média-Baixa,18,0,1,4800.0,0.0,1620.0
10081,65,Maior que 55,2200.0,Baixa,23,1,2,2200.0,0.0,890.0
10082,19,Até 20,3900.0,Média-Baixa,28,0,0,3900.0,0.0,1450.0
10083,23,21 a 30,11500.0,Média-Alta,34,1,1,11500.0,0.0,3790.0
10084,25,21 a 30,3100.0,Média-Baixa,39,0,2,3100.0,0.0,1320.0
10085,27,21 a 30,9800.0,Média,45,1,0,6800.0,0.0,3390.0
10086,28,21 a 30,24400.0,Alta,50,2,1,22000.0,0.0,7820.0
10087,30,21 a 30,4500.0,Média-Baixa,56,0,2,4500.0,0.0,1910.0
10088,32,31 a 45,9800.0,Média,61,0,0,9800.0,0.0,3550.0
10089,35,31 a 45,15000.0,Média-Alta,67,2,1,15000.0,0.0,5170.0
10090,42,31 a 45,6100.0,Média,72,0,2,6100.0,0.0,2550.0
10091,45,31 a 45,9000.0,Média,78,1,0,9000.0,0.0,3480.0
10092,48,46 a 55,17500.0,Média-Alta,83,3,1,17500.0,0.0,6080.0
10093,51,46 a 55,17000.0,Média-Alta,89,1,2,13000.0,0.0,5990.0
10094,53,46 a 55,8500.0,Média,94,1,0,5300.0,0.0,3490.0
10095,55,46 a 55,18300.0,Média-Alta,98,3,1,18300.0,0.0,6470.0
10096,57,Maior que 55,1800.0,Baixa,12,0,0,1800.0,0.0,660.0
10097,62,Maior que 55,4800.0,Média-Baixa,18,0,1,4800.0,0.0,1620.0
10098,65,Maior que 55,2200.0,Baixa,23,1,2,2200.0,0.0,890.0
10099,19,Até 20,3900.0,Média-Baixa,28,0,0,3900.0,0.0,1450.0
10100,23,21 a 30,11500.0,Média-Alta,34,1,1,11500.0,0.0,3790.0
10101,25,21 a 30,3100.0,Média-Baixa,39,0,2,3100.0,0.0,1320.0
10102,27,21 a 30,9800.0,Média,45,1,0,6800.0,0.0,3390.0
10103,28,21 a 30,1800.0,Baixa,12,0,0,1800.0,0.0,660.0
10104,30,21 a 30,4800.0,Média-Baixa,18,0,1,4800.0,0.0,1620.0
10105,32,31 a 45,2200.0,Baixa,23,1,2,2200.0,0.0,890.0
10106,35,31 a 45,3900.0,Média-Baixa,28,0,0,3900.0,0.0,1450.0
10107,42,31 a 45,11500.0,Média-Alta,34,1,1,11500.0,0.0,3790.0
10108,45,31 a 45,3100.0,Média-Baixa,39,0,2,3100.0,0.0,1320.0
10109,48,46 a 55,9800.0,Média,45,1,0,6800.0,0.0,3390.0
10110,51,46 a 55,24400.0,Alta,50,2,1,22000.0,0.0,7820.0
10111,53,46 a 55,4500.0,Média-Baixa,56,0,2,4500.0,0.0,1910.0
10112,55,46 a 55,9800.0,Média,61,0,0,9800.0,0.0,3550.0
10113,57,Maior que 55,15000.0,Média-Alta,67,2,1,15000.0,0.0,5170.0
10114,62,Maior que 55,6100.0,Média,72,0,2,6100.0,0.0,2550.0
10115,65,Maior que 55,9000.0,Média,78,1,0,9000.0,0.0,3480.0
10116,19,Até 20,17500.0,Média-Alta,83,3,1,17500.0,0.0,6080.0
10117,23,21 a 30,17000.0,Média-Alta,89,1,2,13000.0,0.0,5990.0
10118,25,21 a 30,8500.0,Média,94,1,0,5300.0,0.0,3490.0
10119,27,21 a 30,18300.0,Média-Alta,98,3,1,18300.0,0.0,6470.0
10120,28,21 a 30,1800.0,Baixa,12,0,0,1800.0,0.0,660.0
10121,30,21 a 30,4800.0,Média-Baixa,18,0,1,4800.0,0.0,1620.0
10122,32,31 a 45,2200.0,Baixa,23,1,2,2200.0,0.0,890.0
10123,35,31 a 45,3900.0,Média-Baixa,28,0,0,3900.0,0.0,1450.0
10124,42,31 a 45,11500.0,Média-Alta,34,1,1,11500.0,0.0,3790.0
10125,45,31 a 45,3100.0,Média-Baixa,39,0,2,3100.0,0.0,1320.0
10126,48,46 a 55,9800.0,Média,45,1,0,6800.0,0.0,3390.0
10127,51,46 a 55,1800.0,Baixa,12,0,0,1800.0,0.0,660.0
10128,53,46 a 55,4800.0,Média-Baixa,18,0,1,4800.0,0.0,1620.0
10129,55,46 a 55,2200.0,Baixa,23,1,2,2200.0,0.0,890.0
10130,57,Maior que 55,3900.0,Média-Baixa,28,0,0,3900.0,0.0,1450.0
10131,62,Maior que 55,11500.0,Média-Alta,34,1,1,11500.0,0.0,3790.0
10132,65,Maior que 55,3100.0,Média-Baixa,39,0,2,3100.0,0.0,1320.0
10133,19,Até 20,9800.0,Média,45,1,0,6800.0,0.0,3390.0
10134,23,21 a 30,24400.0,Alta,50,2,1,22000.0,0.0,7820.0
10135,25,21 a 30,4500.0,Média-Baixa,56,0,2,4500.0,0.0,1910.0
10136,27,21 a 30,9800.0,Média,61,0,0,9800.0,0.0,3550.0
10137,28,21 a 30,15000.0,Média-Alta,67,2,1,15000.0,0.0,5170.0
10138,30,21 a 30,6100.0,Média,72,0,2,6100.0,0.0,2550.0
10139,32,31 a 45,9000.0,Média,78,1,0,9000.0,0.0,3480.0
10140,35,31 a 45,17500.0,Média-Alta,83,3,1,17500.0,0.0,6080.0
10141,42,31 a 45,17000.0,Média-Alta,89,1,2,13000.0,0.0,5990.0
10142,45,31 a 45,8500.0,Média,94,1,0,5300.0,0.0,3490.0
10143,48,46 a 55,18300.0,Média-Alta,98,3,1,18300.0,0.0,6470.0
10144,51,46 a 55,1800.0,Baixa,12,0,0,1800.0,0.0,660.0
10145,53,46 a 55,4800.0,Média-Baixa,18,0,1,4800.0,0.0,1620.0
10146,55,46 a 55,2200.0,Baixa,23,1,2,2200.0,0.0,890.0
10147,57,Maior que 55,3900.0,Média-Baixa,28,0,0,3900.0,0.0,1450.0
10148,62,Maior que 55,11500.0,Média-Alta,34,1,1,11500.0,0.0,3790.0
10149,65,Maior que 55,3100.0,Média-Baixa,39,0,2,3100.0,0.0,1320.0
10150,65,Maior que 55,9800.0,Média,45,1,0,6800.0,0.0,3390.0
10151,23,21 a 30,15000.0,Média-Alta,67,2,1,15000.0,0.0,5170.0
10152,28,21 a 30,6100.0,Média,72,0,2,6100.0,0.0,2550.0
10153,30,21 a 30,9000.0,Média,78,1,0,9000.0,0.0,3480.0
10154,32,31 a 45,17500.0,Média-Alta,83,3,1,17500.0,0.0,6080.0
10155,35,31 a 45,17000.0,Média-Alta,89,1,2,13000.0,0.0,5990.0
10156,42,31 a 45,8500.0,Média,94,1,0,5300.0,0.0,3490.0
10157,45,31 a 45,18300.0,Média-Alta,98,3,1,18300.0,0.0,6470.0
10158,48,46 a 55,1800.0,Baixa,12,0,0,1800.0,0.0,660.0
10159,51,46 a 55,4800.0,Média-Baixa,18,0,1,4800.0,0.0,1620.0
10160,53,46 a 55,2200.0,Baixa,23,1,2,2200.0,0.0,890.0
10161,55,46 a 55,3900.0,Média-Baixa,28,0,0,3900.0,0.0,1450.0
10162,57,Maior que 55,11500.0,Média-Alta,34,1,1,11500.0,0.0,3790.0
10163,62,Maior que 55,3100.0,Média-Baixa,39,0,2,3100.0,0.0,1320.0
10164,65,Maior que 55,9800.0,Média,45,1,0,6800.0,0.0,3390.0
10165,19,Até 20,1800.0,Baixa,12,0,0,1800.0,0.0,660.0
10166,23,21 a 30,4800.0,Média-Baixa,18,0,1,4800.0,0.0,1620.0
10167,25,21 a 30,2200.0,Baixa,23,1,2,2200.0,0.0,890.0
10168,27,21 a 30,3900.0,Média-Baixa,28,0,0,3900.0,0.0,1450.0
10169,28,21 a 30,11500.0,Média-Alta,34,1,1,11500.0,0.0,3790.0
10170,30,21 a 30,3100.0,Média-Baixa,39,0,2,3100.0,0.0,1320.0
10171,32,31 a 45,9800.0,Média,45,1,0,6800.0,0.0,3390.0
10172,35,31 a 45,24400.0,Alta,50,2,1,22000.0,0.0,7820.0
10173,42,31 a 45,4500.0,Média-Baixa,56,0,2,4500.0,0.0,1910.0
10174,45,31 a 45,9800.0,Média,61,0,0,9800.0,0.0,3550.0
10175,48,46 a 55,15000.0,Média-Alta,67,2,1,15000.0,0.0,5170.0
10176,51,46 a 55,6100.0,Média,72,0,2,6100.0,0.0,2550.0
10177,53,46 a 55,9000.0,Média,78,1,0,9000.0,0.0,3480.0
10178,55,46 a 55,17500.0,Média-Alta,83,3,1,17500.0,0.0,6080.0
10179,57,Maior que 55,17000.0,Média-Alta,89,1,2,13000.0,0.0,5990.0
10180,62,Maior que 55,8500.0,Média,94,1,0,5300.0,0.0,3490.0
10181,65,Maior que 55,18300.0,Média-Alta,98,3,1,18300.0,0.0,6470.0
10182,19,Até 20,1800.0,Baixa,12,0,0,1800.0,0.0,660.0
10183,23,21 a 30,15000.0,Média-Alta,67,2,1,15000.0,0.0,5170.0
10184,25,21 a 30,6100.0,Média,72,0,2,6100.0,0.0,2550.0
10185,27,21 a 30,9000.0,Média,78,1,0,9000.0,0.0,3480.0
10186,28,21 a 30,17500.0,Média-Alta,83,3,1,17500.0,0.0,6080.0
10187,30,21 a 30,17000.0,Média-Alta,89,1,2,13000.0,0.0,5990.0
10188,32,31 a 45,8500.0,Média,94,1,0,5300.0,0.0,3490.0
10189,35,31 a 45,18300.0,Média-Alta,98,3,1,18300.0,0.0,6470.0
10190,42,31 a 45,1800.0,Baixa,12,0,0,1800.0,0.0,660.0
10191,45,31 a 45,4800.0,Média-Baixa,18,0,1,4800.0,0.0,1620.0
10192,48,46 a 55,2200.0,Baixa,23,1,2,2200.0,0.0,890.0
10193,51,46 a 55,3900.0,Média-Baixa,28,0,0,3900.0,0.0,1450.0
10194,53,46 a 55,11500.0,Média-Alta,34,1,1,11500.0,0.0,3790.0
10195,55,46 a 55,3100.0,Média-Baixa,39,0,2,3100.0,0.0,1320.0
10196,57,Maior que 55,9800.0,Média,45,1,0,6800.0,0.0,3390.0
10197,62,Maior que 55,1800.0,Baixa,12,0,0,1800.0,0.0,660.0
10198,65,Maior que 55,4800.0,Média-Baixa,18,0,1,4800.0,0.0,1620.0
10199,19,Até 20,2200.0,Baixa,23,1,2,2200.0,0.0,890.0
10200,23,21 a 30,3900.0,Média-Baixa,28,0,0,3900.0,0.0,1450.0
10201,25,21 a 30,11500.0,Média-Alta,34,1,1,11500.0,0.0,3790.0
10202,27,21 a 30,3100.0,Média-Baixa,39,0,2,3100.0,0.0,1320.0
10203,28,21 a 30,9800.0,Média,45,1,0,6800.0,0.0,3390.0
10204,30,21 a 30,24400.0,Alta,50,2,1,22000.0,0.0,7820.0
10205,32,31 a 45,4500.0,Média-Baixa,56,0,2,4500.0,0.0,1910.0
10206,35,31 a 45,9800.0,Média,61,0,0,9800.0,0.0,3550.0
10207,42,31 a 45,15000.0,Média-Alta,67,2,1,15000.0,0.0,5170.0
10208,45,31 a 45,6100.0,Média,72,0,2,6100.0,0.0,2550.0
10209,48,46 a 55,9000.0,Média,78,1,0,9000.0,0.0,3480.0
10210,51,46 a 55,17500.0,Média-Alta,83,3,1,17500.0,0.0,6080.0
10211,53,46 a 55,17000.0,Média-Alta,89,1,2,13000.0,0.0,5990.0
10212,55,46 a 55,8500.0,Média,94,1,0,5300.0,0.0,3490.0
10213,57,Maior que 55,18300.0,Média-Alta,98,3,1,18300.0,0.0,6470.0
10214,62,Maior que 55,1800.0,Baixa,12,0,0,1800.0,0.0,660.0
10215,65,Maior que 55,15000.0,Média-Alta,67,2,1,15000.0,0.0,5170.0
10216,19,Até 20,6100.0,Média,72,0,2,6100.0,0.0,2550.0
10217,23,21 a 30,9000.0,Média,78,1,0,9000.0,0.0,3480.0
10218,25,21 a 30,17500.0,Média-Alta,83,3,1,17500.0,0.0,6080.0
10219,27,21 a 30,17000.0,Média-Alta,89,1,2,13000.0,0.0,5990.0
10220,28,21 a 30,8500.0,Média,94,1,0,5300.0,0.0,3490.0
10221,30,21 a 30,18300.0,Média-Alta,98,3,1,18300.0,0.0,6470.0
10222,32,31 a 45,1800.0,Baixa,12,0,0,1800.0,0.0,660.0
10223,35,31 a 45,4800.0,Média-Baixa,18,0,1,4800.0,0.0,1620.0
10224,42,31 a 45,2200.0,Baixa,23,1,2,2200.0,0.0,890.0
10225,45,31 a 45,3900.0,Média-Baixa,28,0,0,3900.0,0.0,1450.0
10226,48,46 a 55,11500.0,Média-Alta,34,1,1,11500.0,0.0,3790.0
10227,51,46 a 55,3100.0,Média-Baixa,39,0,2,3100.0,0.0,1320.0
10228,23,21 a 30,9800.0,Média,45,1,0,6800.0,0.0,3390.0
10229,28,21 a 30,1800.0,Baixa,12,0,0,1800.0,0.0,660.0
10230,30,21 a 30,4800.0,Média-Baixa,18,0,1,4800.0,0.0,1620.0
10231,32,31 a 45,2200.0,Baixa,23,1,2,2200.0,0.0,890.0
10232,35,31 a 45,3900.0,Média-Baixa,28,0,0,3900.0,0.0,1450.0
10233,42,31 a 45,11500.0,Média-Alta,34,1,1,11500.0,0.0,3790.0
10234,45,31 a 45,3100.0,Média-Baixa,39,0,2,3100.0,0.0,1320.0
10235,48,46 a 55,9800.0,Média,45,1,0,6800.0,0.0,3390.0
10236,51,46 a 55,24400.0,Alta,50,2,1,22000.0,0.0,7820.0
10237,53,46 a 55,4500.0,Média-Baixa,56,0,2,4500.0,0.0,1910.0
10238,55,46 a 55,9800.0,Média,61,0,0,9800.0,0.0,3550.0
10239,57,Maior que 55,15000.0,Média-Alta,67,2,1,15000.0,0.0,5170.0
10240,62,Maior que 55,6100.0,Média,72,0,2,6100.0,0.0,2550.0
10241,65,Maior que 55,9000.0,Média,78,1,0,9000.0,0.0,3480.0
10242,19,Até 20,17500.0,Média-Alta,83,3,1,17500.0,0.0,6080.0
10243,23,21 a 30,17000.0,Média-Alta,89,1,2,13000.0,0.0,5990.0
10244,25,21 a 30,8500.0,Média,94,1,0,5300.0,0.0,3490.0
10245,27,21 a 30,18300.0,Média-Alta,98,3,1,18300.0,0.0,6470.0
10246,28,21 a 30,1800.0,Baixa,12,0,0,1800.0,0.0,660.0
10247,30,21 a 30,1800.0,Baixa,12,0,0,1800.0,0.0,660.0
10248,32,31 a 45,4800.0,Média-Baixa,18,0,1,4800.0,0.0,1620.0
10249,35,31 a 45,2200.0,Baixa,23,1,2,2200.0,0.0,890.0
10250,42,31 a 45,3900.0,Média-Baixa,28,0,0,3900.0,0.0,1450.0
10251,45,31 a 45,11500.0,Média-Alta,34,1,1,11500.0,0.0,3790.0
10252,48,46 a 55,3100.0,Média-Baixa,39,0,2,3100.0,0.0,1320.0
10253,51,46 a 55,9800.0,Média,45,1,0,6800.0,0.0,3390.0
10254,53,46 a 55,24400.0,Alta,50,2,1,22000.0,0.0,7820.0
10255,55,46 a 55,4500.0,Média-Baixa,56,0,2,4500.0,0.0,1910.0
10256,57,Maior que 55,9800.0,Média,61,0,0,9800.0,0.0,3550.0
10257,62,Maior que 55,15000.0,Média-Alta,67,2,1,15000.0,0.0,5170.0
10258,65,Maior que 55,6100.0,Média,72,0,2,6100.0,0.0,2550.0
10259,19,Até 20,9000.0,Média,78,1,0,9000.0,0.0,3480.0
10260,23,21 a 30,17500.0,Média-Alta,83,3,1,17500.0,0.0,6080.0
10261,25,21 a 30,17000.0,Média-Alta,89,1,2,13000.0,0.0,5990.0
10262,27,21 a 30,8500.0,Média,94,1,0,5300.0,0.0,3490.0
10263,28,21 a 30,18300.0,Média-Alta,98,3,1,18300.0,0.0,6470.0
10264,30,21 a 30,1800.0,Baixa,12,0,0,1800.0,0.0,660.0
10265,32,31 a 45,4800.0,Média-Baixa,18,0,1,4800.0,0.0,1620.0
10266,35,31 a 45,2200.0,Baixa,23,1,2,2200.0,0.0,890.0
10267,42,31 a 45,3900.0,Média-Baixa,28,0,0,3900.0,0.0,1450.0
10268,45,31 a 45,11500.0,Média-Alta,34,1,1,11500.0,0.0,3790.0
10269,48,46 a 55,3100.0,Média-Baixa,39,0,2,3100.0,0.0,1320.0
10270,51,46 a 55,1800.0,Baixa,12,0,0,1800.0,0.0,660.0
10271,53,46 a 55,4800.0,Média-Baixa,18,0,1,4800.0,0.0,1620.0
10272,55,46 a 55,2200.0,Baixa,23,1,2,2200.0,0.0,890.0
10273,57,Maior que 55,3900.0,Média-Baixa,28,0,0,3900.0,0.0,1450.0
10274,62,Maior que 55,11500.0,Média-Alta,34,1,1,11500.0,0.0,3790.0
10275,65,Maior que 55,3100.0,Média-Baixa,39,0,2,3100.0,0.0,1320.0
10276,19,Até 20,9800.0,Média,45,1,0,6800.0,0.0,3390.0
10277,23,21 a 30,24400.0,Alta,50,2,1,22000.0,0.0,7820.0
10278,25,21 a 30,4500.0,Média-Baixa,56,0,2,4500.0,0.0,1910.0
10279,27,21 a 30,9800.0,Média,61,0,0,9800.0,0.0,3550.0
10280,28,21 a 30,15000.0,Média-Alta,67,2,1,15000.0,0.0,5170.0
10281,30,21 a 30,6100.0,Média,72,0,2,6100.0,0.0,2550.0
10282,32,31 a 45,9000.0,Média,78,1,0,9000.0,0.0,3480.0
10283,35,31 a 45,17500.0,Média-Alta,83,3,1,17500.0,0.0,6080.0
10284,42,31 a 45,17000.0,Média-Alta,89,1,2,13000.0,0.0,5990.0
10285,45,31 a 45,8500.0,Média,94,1,0,5300.0,0.0,3490.0
10286,48,46 a 55,18300.0,Média-Alta,98,3,1,18300.0,0.0,6470.0
10287,51,46 a 55,1800.0,Baixa,12,0,0,1800.0,0.0,660.0
10288,53,46 a 55,4800.0,Média-Baixa,18,0,1,4800.0,0.0,1620.0
10289,55,46 a 55,2200.0,Baixa,23,1,2,2200.0,0.0,890.0
10290,57,Maior que 55,3900.0,Média-Baixa,28,0,0,3900.0,0.0,1450.0
10291,62,Maior que 55,11500.0,Média-Alta,34,1,1,11500.0,0.0,3790.0
10292,65,Maior que 55,3100.0,Média-Baixa,39,0,2,3100.0,0.0,1320.0
10293,19,Até 20,1800.0,Baixa,12,0,0,1800.0,0.0,660.0
10294,23,21 a 30,4800.0,Média-Baixa,18,0,1,4800.0,0.0,1620.0
10295,25,21 a 30,2200.0,Baixa,23,1,2,2200.0,0.0,890.0
10296,27,21 a 30,3900.0,Média-Baixa,28,0,0,3900.0,0.0,1450.0
10297,28,21 a 30,11500.0,Média-Alta,34,1,1,11500.0,0.0,3790.0
10298,30,21 a 30,3100.0,Média-Baixa,39,0,2,3100.0,0.0,1320.0
10299,32,31 a 45,9800.0,Média,45,1,0,6800.0,0.0,3390.0
10300,35,31 a 45,24400.0,Alta,50,2,1,22000.0,0.0,7820.0
10301,42,31 a 45,4500.0,Média-Baixa,56,0,2,4500.0,0.0,1910.0
10302,45,31 a 45,9800.0,Média,61,0,0,9800.0,0.0,3550.0
10303,48,46 a 55,15000.0,Média-Alta,67,2,1,15000.0,0.0,5170.0
10304,51,46 a 55,6100.0,Média,72,0,2,6100.0,0.0,2550.0
10305,23,21 a 30,9000.0,Média,78,1,0,9000.0,0.0,3480.0
10306,28,21 a 30,17500.0,Média-Alta,83,3,1,17500.0,0.0,6080.0
10307,30,21 a 30,17000.0,Média-Alta,89,1,2,13000.0,0.0,5990.0
10308,32,31 a 45,8500.0,Média,94,1,0,5300.0,0.0,3490.0
10309,35,31 a 45,18300.0,Média-Alta,98,3,1,18300.0,0.0,6470.0
10310,42,31 a 45,1800.0,Baixa,12,0,0,1800.0,0.0,660.0
10311,45,31 a 45,4800.0,Média-Baixa,18,0,1,4800.0,0.0,1620.0
10312,48,46 a 55,2200.0,Baixa,23,1,2,2200.0,0.0,890.0
10313,51,46 a 55,3900.0,Média-Baixa,28,0,0,3900.0,0.0,1450.0
10314,53,46 a 55,11500.0,Média-Alta,34,1,1,11500.0,0.0,3790.0
10315,55,46 a 55,3100.0,Média-Baixa,39,0,2,3100.0,0.0,1320.0
10316,57,Maior que 55,1800.0,Baixa,12,0,0,1800.0,0.0,660.0
10317,62,Maior que 55,4800.0,Média-Baixa,18,0,1,4800.0,0.0,1620.0
10318,65,Maior que 55,2200.0,Baixa,23,1,2,2200.0,0.0,890.0
10319,19,Até 20,3900.0,Média-Baixa,28,0,0,3900.0,0.0,1450.0
10320,23,21 a 30,11500.0,Média-Alta,34,1,1,11500.0,0.0,3790.0
10321,25,21 a 30,3100.0,Média-Baixa,39,0,2,3100.0,0.0,1320.0
10322,27,21 a 30,9800.0,Média,45,1,0,6800.0,0.0,3390.0
10323,28,21 a 30,24400.0,Alta,50,2,1,22000.0,0.0,7820.0
10324,30,21 a 30,4500.0,Média-Baixa,56,0,2,4500.0,0.0,1910.0
10325,32,31 a 45,9800.0,Média,61,0,0,9800.0,0.0,3550.0
10326,35,31 a 45,15000.0,Média-Alta,67,2,1,15000.0,0.0,5170.0
10327,42,31 a 45,6100.0,Média,72,0,2,6100.0,0.0,2550.0
10328,45,31 a 45,9000.0,Média,78,1,0,9000.0,0.0,3480.0
10329,48,46 a 55,17500.0,Média-Alta,83,3,1,17500.0,0.0,6080.0
10330,51,46 a 55,17000.0,Média-Alta,89,1,2,13000.0,0.0,5990.0
10331,53,46 a 55,8500.0,Média,94,1,0,5300.0,0.0,3490.0
10332,55,46 a 55,18300.0,Média-Alta,98,3,1,18300.0,0.0,6470.0
10333,57,Maior que 55,1800.0,Baixa,12,0,0,1800.0,0.0,660.0
10334,62,Maior que 55,4800.0,Média-Baixa,18,0,1,4800.0,0.0,1620.0
10335,65,Maior que 55,2200.0,Baixa,23,1,2,2200.0,0.0,890.0
10336,19,Até 20,3900.0,Média-Baixa,28,0,0,3900.0,0.0,1450.0
10337,23,21 a 30,11500.0,Média-Alta,34,1,1,11500.0,0.0,3790.0
10338,25,21 a 30,3100.0,Média-Baixa,39,0,2,3100.0,0.0,1320.0
10339,27,21 a 30,1800.0,Baixa,12,0,0,1800.0,0.0,660.0
10340,28,21 a 30,4800.0,Média-Baixa,18,0,1,4800.0,0.0,1620.0
10341,30,21 a 30,2200.0,Baixa,23,1,2,2200.0,0.0,890.0
10342,32,31 a 45,3900.0,Média-Baixa,28,0,0,3900.0,0.0,1450.0
10343,35,31 a 45,11500.0,Média-Alta,34,1,1,11500.0,0.0,3790.0
10344,42,31 a 45,3100.0,Média-Baixa,39,0,2,3100.0,0.0,1320.0
10345,45,31 a 45,9800.0,Média,45,1,0,6800.0,0.0,3390.0
10346,48,46 a 55,24400.0,Alta,50,2,1,22000.0,0.0,7820.0
10347,51,46 a 55,4500.0,Média-Baixa,56,0,2,4500.0,0.0,1910.0
10348,53,46 a 55,9800.0,Média,61,0,0,9800.0,0.0,3550.0
10349,55,46 a 55,15000.0,Média-Alta,67,2,1,15000.0,0.0,5170.0
10350,57,Maior que 55,6100.0,Média,72,0,2,6100.0,0.0,2550.0
10351,62,Maior que 55,9000.0,Média,78,1,0,9000.0,0.0,3480.0
10352,65,Maior que 55,17500.0,Média-Alta,83,3,1,17500.0,0.0,6080.0
10353,19,Até 20,17000.0,Média-Alta,89,1,2,13000.0,0.0,5990.0
10354,23,21 a 30,8500.0,Média,94,1,0,5300.0,0.0,3490.0
10355,25,21 a 30,18300.0,Média-Alta,98,3,1,18300.0,0.0,6470.0
10356,27,21 a 30,1800.0,Baixa,12,0,0,1800.0,0.0,660.0
10357,28,21 a 30,4800.0,Média-Baixa,18,0,1,4800.0,0.0,1620.0
10358,30,21 a 30,2200.0,Baixa,23,1,2,2200.0,0.0,890.0
10359,32,31 a 45,3900.0,Média-Baixa,28,0,0,3900.0,0.0,1450.0
10360,35,31 a 45,11500.0,Média-Alta,34,1,1,11500.0,0.0,3790.0
10361,42,31 a 45,3100.0,Média-Baixa,39,0,2,3100.0,0.0,1320.0
10362,45,31 a 45,1800.0,Baixa,12,0,0,1800.0,0.0,660.0
10363,48,46 a 55,4800.0,Média-Baixa,18,0,1,4800.0,0.0,1620.0
10364,51,46 a 55,2200.0,Baixa,23,1,2,2200.0,0.0,890.0
10365,53,46 a 55,3900.0,Média-Baixa,28,0,0,3900.0,0.0,1450.0
10366,55,46 a 55,11500.0,Média-Alta,34,1,1,11500.0,0.0,3790.0
10367,57,Maior que 55,3100.0,Média-Baixa,39,0,2,3100.0,0.0,1320.0
10368,62,Maior que 55,9800.0,Média,45,1,0,6800.0,0.0,3390.0
10369,65,Maior que 55,24400.0,Alta,50,2,1,22000.0,0.0,7820.0
10370,19,Até 20,4500.0,Média-Baixa,56,0,2,4500.0,0.0,1910.0
10371,23,21 a 30,9800.0,Média,61,0,0,9800.0,0.0,3550.0
10372,25,21 a 30,15000.0,Média-Alta,67,2,1,15000.0,0.0,5170.0
10373,27,21 a 30,6100.0,Média,72,0,2,6100.0,0.0,2550.0
10374,28,21 a 30,9000.0,Média,78,1,0,9000.0,0.0,3480.0
10375,30,21 a 30,17500.0,Média-Alta,83,3,1,17500.0,0.0,6080.0
10376,32,31 a 45,17000.0,Média-Alta,89,1,2,13000.0,0.0,5990.0
10377,35,31 a 45,8500.0,Média,94,1,0,5300.0,0.0,3490.0
10378,42,31 a 45,18300.0,Média-Alta,98,3,1,18300.0,0.0,6470.0
10379,45,31 a 45,1800.0,Baixa,12,0,0,1800.0,0.0,660.0
10380,48,46 a 55,4800.0,Média-Baixa,18,0,1,4800.0,0.0,1620.0
10381,51,46 a 55,2200.0,Baixa,23,1,2,2200.0,0.0,890.0
10382,23,21 a 30,3900.0,Média-Baixa,28,0,0,3900.0,0.0,1450.0
10383,28,21 a 30,11500.0,Média-Alta,34,1,1,11500.0,0.0,3790.0
10384,30,21 a 30,3100.0,Média-Baixa,39,0,2,3100.0,0.0,1320.0
10385,32,31 a 45,1800.0,Baixa,12,0,0,1800.0,0.0,660.0
10386,35,31 a 45,4800.0,Média-Baixa,18,0,1,4800.0,0.0,1620.0
10387,42,31 a 45,2200.0,Baixa,23,1,2,2200.0,0.0,890.0
10388,45,31 a 45,3900.0,Média-Baixa,28,0,0,3900.0,0.0,1450.0
10389,48,46 a 55,11500.0,Média-Alta,34,1,1,11500.0,0.0,3790.0
10390,51,46 a 55,3100.0,Média-Baixa,39,0,2,3100.0,0.0,1320.0
10391,53,46 a 55,9800.0,Média,45,1,0,6800.0,0.0,3390.0
10392,55,46 a 55,24400.0,Alta,50,2,1,22000.0,0.0,7820.0
10393,57,Maior que 55,4500.0,Média-Baixa,56,0,2,4500.0,0.0,1910.0
10394,62,Maior que 55,9800.0,Média,61,0,0,9800.0,0.0,3550.0
10395,65,Maior que 55,15000.0,Média-Alta,67,2,1,15000.0,0.0,5170.0
10396,19,Até 20,6100.0,Média,72,0,2,6100.0,0.0,2550.0
10397,23,21 a 30,9000.0,Média,78,1,0,9000.0,0.0,3480.0
10398,25,21 a 30,17500.0,Média-Alta,83,3,1,17500.0,0.0,6080.0
10399,27,21 a 30,17000.0,Média-Alta,89,1,2,13000.0,0.0,5990.0
10400,28,21 a 30,8500.0,Média,94,1,0,5300.0,0.0,3490.0
10401,30,21 a 30,18300.0,Média-Alta,98,3,1,18300.0,0.0,6470.0
10402,32,31 a 45,1800.0,Baixa,12,0,0,1800.0,0.0,660.0
10403,35,31 a 45,4800.0,Média-Baixa,18,0,1,4800.0,0.0,1620.0
10404,42,31 a 45,2200.0,Baixa,23,1,2,2200.0,0.0,890.0
10405,45,31 a 45,3900.0,Média-Baixa,28,0,0,3900.0,0.0,1450.0
10406,48,46 a 55,11500.0,Média-Alta,34,1,1,11500.0,0.0,3790.0
10407,51,46 a 55,3100.0,Média-Baixa,39,0,2,3100.0,0.0,1320.0
10408,53,46 a 55,1800.0,Baixa,12,0,0,1800.0,0.0,660.0
10409,55,46 a 55,4800.0,Média-Baixa,18,0,1,4800.0,0.0,1620.0
10410,57,Maior que 55,2200.0,Baixa,23,1,2,2200.0,0.0,890.0
10411,62,Maior que 55,3900.0,Média-Baixa,28,0,0,3900.0,0.0,1450.0
10412,65,Maior que 55,11500.0,Média-Alta,34,1,1,11500.0,0.0,3790.0
10413,19,Até 20,3100.0,Média-Baixa,39,0,2,3100.0,0.0,1320.0
10414,23,21 a 30,9800.0,Média,45,1,0,6800.0,0.0,3390.0
10415,25,21 a 30,24400.0,Alta,50,2,1,22000.0,0.0,7820.0
10416,27,21 a 30,4500.0,Média-Baixa,56,0,2,4500.0,0.0,1910.0
10417,28,21 a 30,9800.0,Média,61,0,0,9800.0,0.0,3550.0
10418,30,21 a 30,15000.0,Média-Alta,67,2,1,15000.0,0.0,5170.0
10419,32,31 a 45,6100.0,Média,72,0,2,6100.0,0.0,2550.0
10420,35,31 a 45,9000.0,Média,78,1,0,9000.0,0.0,3480.0
10421,42,31 a 45,17500.0,Média-Alta,83,3,1,17500.0,0.0,6080.0
10422,45,31 a 45,17000.0,Média-Alta,89,1,2,13000.0,0.0,5990.0
10423,48,46 a 55,8500.0,Média,94,1,0,5300.0,0.0,3490.0
10424,51,46 a 55,18300.0,Média-Alta,98,3,1,18300.0,0.0,6470.0
10425,53,46 a 55,1800.0,Baixa,12,0,0,1800.0,0.0,660.0
10426,55,46 a 55,4800.0,Média-Baixa,18,0,1,4800.0,0.0,1620.0
10427,57,Maior que 55,2200.0,Baixa,23,1,2,2200.0,0.0,890.0
10428,62,Maior que 55,3900.0,Média-Baixa,28,0,0,3900.0,0.0,1450.0
10429,65,Maior que 55,11500.0,Média-Alta,34,1,1,11500.0,0.0,3790.0
10430,19,Até 20,3100.0,Média-Baixa,39,0,2,3100.0,0.0,1320.0
10431,23,21 a 30,1800.0,Baixa,12,0,0,1800.0,0.0,660.0
10432,25,21 a 30,4800.0,Média-Baixa,18,0,1,4800.0,0.0,1620.0
10433,27,21 a 30,2200.0,Baixa,23,1,2,2200.0,0.0,890.0
10434,28,21 a 30,3900.0,Média-Baixa,28,0,0,3900.0,0.0,1450.0
10435,30,21 a 30,11500.0,Média-Alta,34,1,1,11500.0,0.0,3790.0
10436,32,31 a 45,3100.0,Média-Baixa,39,0,2,3100.0,0.0,1320.0
10437,35,31 a 45,9800.0,Média,45,1,0,6800.0,0.0,3390.0
10438,42,31 a 45,24400.0,Alta,50,2,1,22000.0,0.0,7820.0
10439,45,31 a 45,4500.0,Média-Baixa,56,0,2,4500.0,0.0,1910.0
10440,48,46 a 55,9800.0,Média,61,0,0,9800.0,0.0,3550.0
10441,51,46 a 55,15000.0,Média-Alta,67,2,1,15000.0,0.0,5170.0
10442,53,46 a 55,6100.0,Média,72,0,2,6100.0,0.0,2550.0
10443,55,46 a 55,9000.0,Média,78,1,0,9000.0,0.0,3480.0
10444,57,Maior que 55,17500.0,Média-Alta,83,3,1,17500.0,0.0,6080.0
10445,62,Maior que 55,17000.0,Média-Alta,89,1,2,13000.0,0.0,5990.0
10446,65,Maior que 55,8500.0,Média,94,1,0,5300.0,0.0,3490.0
10447,19,Até 20,18300.0,Média-Alta,98,3,1,18300.0,0.0,6470.0
10448,23,21 a 30,1800.0,Baixa,12,0,0,1800.0,0.0,660.0
10449,25,21 a 30,4800.0,Média-Baixa,18,0,1,4800.0,0.0,1620.0
10450,27,21 a 30,2200.0,Baixa,23,1,2,2200.0,0.0,890.0
10451,28,21 a 30,3900.0,Média-Baixa,28,0,0,3900.0,0.0,1450.0
10452,30,21 a 30,11500.0,Média-Alta,34,1,1,11500.0,0.0,3790.0
10453,32,31 a 45,3100.0,Média-Baixa,39,0,2,3100.0,0.0,1320.0
10454,35,31 a 45,1800.0,Baixa,12,0,0,1800.0,0.0,660.0
10455,42,31 a 45,4800.0,Média-Baixa,18,0,1,4800.0,0.0,1620.0
10456,45,31 a 45,2200.0,Baixa,23,1,2,2200.0,0.0,890.0
10457,48,46 a 55,3900.0,Média-Baixa,28,0,0,3900.0,0.0,1450.0
10458,51,46 a 55,11500.0,Média-Alta,34,1,1,11500.0,0.0,3790.0
10459,42,31 a 45,3100.0,Média-Baixa,39,0,2,3100.0,0.0,1320.0
10460,45,31 a 45,9100.0,Média,45,1,0,6100.0,0.0,3180.0
10461,48,46 a 55,24400.0,Alta,50,2,1,22000.0,0.0,7820.0
10462,51,46 a 55,4500.0,Média-Baixa,56,0,2,4500.0,0.0,1910.0
10463,48,46 a 55,9800.0,Média,61,0,0,9800.0,0.0,3550.0
10464,51,46 a 55,15000.0,Média-Alta,67,2,1,15000.0,0.0,5170.0
10465,48,46 a 55,6100.0,Média,72,0,2,6100.0,0.0,2550.0
10466,51,46 a 55,9000.0,Média,78,1,0,9000.0,0.0,3480.0
10467,48,46 a 55,17500.0,Média-Alta,83,3,1,17500.0,0.0,6080.0
10468,51,46 a 55,17000.0,Média-Alta,89,1,2,13000.0,0.0,5990.0
10469,48,46 a 55,8500.0,Média,94,1,0,5300.0,0.0,3490.0
10470,51,46 a 55,18300.0,Média-Alta,98,3,1,18300.0,0.0,6470.0
10471,48,46 a 55,1800.0,Baixa,12,0,0,1800.0,0.0,660.0
10472,51,46 a 55,4800.0,Média-Baixa,18,0,1,4800.0,0.0,1620.0
10473,48,46 a 55,2200.0,Baixa,23,1,2,2200.0,0.0,890.0
10474,51,46 a 55,3900.0,Média-Baixa,28,0,0,3900.0,0.0,1450.0
10475,48,46 a 55,6100.0,Média,34,1,1,6100.0,0.0,2170.0
10476,51,46 a 55,3100.0,Média-Baixa,39,0,2,3100.0,0.0,1320.0
