[2025-11-27T11:12:20.404-0300] {processor.py:161} INFO - Started process (PID=88818) to work on /Users/davispecia/Documents/GitHub/Pf_pipeline_dados/Projeto_final_fase3/venv/lib/python3.9/site-packages/airflow/example_dags/example_short_circuit_decorator.py
[2025-11-27T11:12:20.404-0300] {processor.py:830} INFO - Processing file /Users/davispecia/Documents/GitHub/Pf_pipeline_dados/Projeto_final_fase3/venv/lib/python3.9/site-packages/airflow/example_dags/example_short_circuit_decorator.py for tasks to queue
[2025-11-27T11:12:20.405-0300] {logging_mixin.py:188} INFO - [2025-11-27T11:12:20.405-0300] {dagbag.py:545} INFO - Filling up the DagBag from /Users/davispecia/Documents/GitHub/Pf_pipeline_dados/Projeto_final_fase3/venv/lib/python3.9/site-packages/airflow/example_dags/example_short_circuit_decorator.py
[2025-11-27T11:12:20.426-0300] {processor.py:840} INFO - DAG(s) 'example_short_circuit_decorator' retrieved from /Users/davispecia/Documents/GitHub/Pf_pipeline_dados/Projeto_final_fase3/venv/lib/python3.9/site-packages/airflow/example_dags/example_short_circuit_decorator.py
[2025-11-27T11:12:20.561-0300] {logging_mixin.py:188} INFO - [2025-11-27T11:12:20.560-0300] {override.py:1858} INFO - Created Permission View: can edit on DAG:example_short_circuit_decorator
[2025-11-27T11:12:20.566-0300] {logging_mixin.py:188} INFO - [2025-11-27T11:12:20.565-0300] {override.py:1858} INFO - Created Permission View: can read on DAG:example_short_circuit_decorator
[2025-11-27T11:12:20.568-0300] {logging_mixin.py:188} INFO - [2025-11-27T11:12:20.568-0300] {override.py:1858} INFO - Created Permission View: can delete on DAG:example_short_circuit_decorator
[2025-11-27T11:12:20.569-0300] {logging_mixin.py:188} INFO - [2025-11-27T11:12:20.568-0300] {dag.py:3089} INFO - Sync 1 DAGs
[2025-11-27T11:12:20.574-0300] {logging_mixin.py:188} INFO - [2025-11-27T11:12:20.574-0300] {dag.py:3111} INFO - Creating ORM DAG for example_short_circuit_decorator
[2025-11-27T11:12:20.579-0300] {logging_mixin.py:188} INFO - [2025-11-27T11:12:20.579-0300] {dag.py:3947} INFO - Setting next_dagrun for example_short_circuit_decorator to 2025-11-26 00:00:00+00:00, run_after=2025-11-27 00:00:00+00:00
[2025-11-27T11:12:20.589-0300] {processor.py:183} INFO - Processing /Users/davispecia/Documents/GitHub/Pf_pipeline_dados/Projeto_final_fase3/venv/lib/python3.9/site-packages/airflow/example_dags/example_short_circuit_decorator.py took 0.188 seconds
[2025-11-27T11:14:02.949-0300] {processor.py:161} INFO - Started process (PID=89457) to work on /Users/davispecia/Documents/GitHub/Pf_pipeline_dados/Projeto_final_fase3/venv/lib/python3.9/site-packages/airflow/example_dags/example_short_circuit_decorator.py
[2025-11-27T11:14:02.950-0300] {processor.py:830} INFO - Processing file /Users/davispecia/Documents/GitHub/Pf_pipeline_dados/Projeto_final_fase3/venv/lib/python3.9/site-packages/airflow/example_dags/example_short_circuit_decorator.py for tasks to queue
[2025-11-27T11:14:02.951-0300] {logging_mixin.py:188} INFO - [2025-11-27T11:14:02.950-0300] {dagbag.py:545} INFO - Filling up the DagBag from /Users/davispecia/Documents/GitHub/Pf_pipeline_dados/Projeto_final_fase3/venv/lib/python3.9/site-packages/airflow/example_dags/example_short_circuit_decorator.py
[2025-11-27T11:14:02.969-0300] {processor.py:840} INFO - DAG(s) 'example_short_circuit_decorator' retrieved from /Users/davispecia/Documents/GitHub/Pf_pipeline_dados/Projeto_final_fase3/venv/lib/python3.9/site-packages/airflow/example_dags/example_short_circuit_decorator.py
[2025-11-27T11:14:03.042-0300] {logging_mixin.py:188} INFO - [2025-11-27T11:14:03.042-0300] {dag.py:3089} INFO - Sync 1 DAGs
[2025-11-27T11:14:03.051-0300] {logging_mixin.py:188} INFO - [2025-11-27T11:14:03.050-0300] {dag.py:3947} INFO - Setting next_dagrun for example_short_circuit_decorator to 2025-11-26 00:00:00+00:00, run_after=2025-11-27 00:00:00+00:00
[2025-11-27T11:14:03.059-0300] {processor.py:183} INFO - Processing /Users/davispecia/Documents/GitHub/Pf_pipeline_dados/Projeto_final_fase3/venv/lib/python3.9/site-packages/airflow/example_dags/example_short_circuit_decorator.py took 0.112 seconds
[2025-11-27T11:17:29.297-0300] {processor.py:161} INFO - Started process (PID=90991) to work on /Users/davispecia/Documents/GitHub/Pf_pipeline_dados/Projeto_final_fase3/venv/lib/python3.9/site-packages/airflow/example_dags/example_short_circuit_decorator.py
[2025-11-27T11:17:29.299-0300] {processor.py:830} INFO - Processing file /Users/davispecia/Documents/GitHub/Pf_pipeline_dados/Projeto_final_fase3/venv/lib/python3.9/site-packages/airflow/example_dags/example_short_circuit_decorator.py for tasks to queue
[2025-11-27T11:17:29.299-0300] {logging_mixin.py:188} INFO - [2025-11-27T11:17:29.299-0300] {dagbag.py:545} INFO - Filling up the DagBag from /Users/davispecia/Documents/GitHub/Pf_pipeline_dados/Projeto_final_fase3/venv/lib/python3.9/site-packages/airflow/example_dags/example_short_circuit_decorator.py
[2025-11-27T11:17:29.318-0300] {processor.py:840} INFO - DAG(s) 'example_short_circuit_decorator' retrieved from /Users/davispecia/Documents/GitHub/Pf_pipeline_dados/Projeto_final_fase3/venv/lib/python3.9/site-packages/airflow/example_dags/example_short_circuit_decorator.py
[2025-11-27T11:17:29.389-0300] {logging_mixin.py:188} INFO - [2025-11-27T11:17:29.389-0300] {dag.py:3089} INFO - Sync 1 DAGs
[2025-11-27T11:17:29.398-0300] {logging_mixin.py:188} INFO - [2025-11-27T11:17:29.397-0300] {dag.py:3947} INFO - Setting next_dagrun for example_short_circuit_decorator to 2025-11-26 00:00:00+00:00, run_after=2025-11-27 00:00:00+00:00
[2025-11-27T11:17:29.406-0300] {processor.py:183} INFO - Processing /Users/davispecia/Documents/GitHub/Pf_pipeline_dados/Projeto_final_fase3/venv/lib/python3.9/site-packages/airflow/example_dags/example_short_circuit_decorator.py took 0.111 seconds
[2025-11-27T11:19:45.831-0300] {processor.py:161} INFO - Started process (PID=91380) to work on /Users/davispecia/Documents/GitHub/Pf_pipeline_dados/Projeto_final_fase3/venv/lib/python3.9/site-packages/airflow/example_dags/example_short_circuit_decorator.py
[2025-11-27T11:19:45.832-0300] {processor.py:830} INFO - Processing file /Users/davispecia/Documents/GitHub/Pf_pipeline_dados/Projeto_final_fase3/venv/lib/python3.9/site-packages/airflow/example_dags/example_short_circuit_decorator.py for tasks to queue
[2025-11-27T11:19:45.832-0300] {logging_mixin.py:188} INFO - [2025-11-27T11:19:45.832-0300] {dagbag.py:545} INFO - Filling up the DagBag from /Users/davispecia/Documents/GitHub/Pf_pipeline_dados/Projeto_final_fase3/venv/lib/python3.9/site-packages/airflow/example_dags/example_short_circuit_decorator.py
[2025-11-27T11:19:45.851-0300] {processor.py:840} INFO - DAG(s) 'example_short_circuit_decorator' retrieved from /Users/davispecia/Documents/GitHub/Pf_pipeline_dados/Projeto_final_fase3/venv/lib/python3.9/site-packages/airflow/example_dags/example_short_circuit_decorator.py
[2025-11-27T11:19:45.922-0300] {logging_mixin.py:188} INFO - [2025-11-27T11:19:45.922-0300] {dag.py:3089} INFO - Sync 1 DAGs
[2025-11-27T11:19:45.931-0300] {logging_mixin.py:188} INFO - [2025-11-27T11:19:45.931-0300] {dag.py:3947} INFO - Setting next_dagrun for example_short_circuit_decorator to 2025-11-26 00:00:00+00:00, run_after=2025-11-27 00:00:00+00:00
[2025-11-27T11:19:45.940-0300] {processor.py:183} INFO - Processing /Users/davispecia/Documents/GitHub/Pf_pipeline_dados/Projeto_final_fase3/venv/lib/python3.9/site-packages/airflow/example_dags/example_short_circuit_decorator.py took 0.112 seconds
[2025-11-27T11:21:50.606-0300] {processor.py:161} INFO - Started process (PID=91690) to work on /Users/davispecia/Documents/GitHub/Pf_pipeline_dados/Projeto_final_fase3/venv/lib/python3.9/site-packages/airflow/example_dags/example_short_circuit_decorator.py
[2025-11-27T11:21:50.606-0300] {processor.py:830} INFO - Processing file /Users/davispecia/Documents/GitHub/Pf_pipeline_dados/Projeto_final_fase3/venv/lib/python3.9/site-packages/airflow/example_dags/example_short_circuit_decorator.py for tasks to queue
[2025-11-27T11:21:50.607-0300] {logging_mixin.py:188} INFO - [2025-11-27T11:21:50.607-0300] {dagbag.py:545} INFO - Filling up the DagBag from /Users/davispecia/Documents/GitHub/Pf_pipeline_dados/Projeto_final_fase3/venv/lib/python3.9/site-packages/airflow/example_dags/example_short_circuit_decorator.py
[2025-11-27T11:21:50.626-0300] {processor.py:840} INFO - DAG(s) 'example_short_circuit_decorator' retrieved from /Users/davispecia/Documents/GitHub/Pf_pipeline_dados/Projeto_final_fase3/venv/lib/python3.9/site-packages/airflow/example_dags/example_short_circuit_decorator.py
[2025-11-27T11:21:50.699-0300] {logging_mixin.py:188} INFO - [2025-11-27T11:21:50.699-0300] {dag.py:3089} INFO - Sync 1 DAGs
[2025-11-27T11:21:50.708-0300] {logging_mixin.py:188} INFO - [2025-11-27T11:21:50.708-0300] {dag.py:3947} INFO - Setting next_dagrun for example_short_circuit_decorator to 2025-11-26 00:00:00+00:00, run_after=2025-11-27 00:00:00+00:00
[2025-11-27T11:21:50.717-0300] {processor.py:183} INFO - Processing /Users/davispecia/Documents/GitHub/Pf_pipeline_dados/Projeto_final_fase3/venv/lib/python3.9/site-packages/airflow/example_dags/example_short_circuit_decorator.py took 0.114 seconds
[2025-11-27T11:23:54.109-0300] {processor.py:161} INFO - Started process (PID=91994) to work on /Users/davispecia/Documents/GitHub/Pf_pipeline_dados/Projeto_final_fase3/venv/lib/python3.9/site-packages/airflow/example_dags/example_short_circuit_decorator.py
[2025-11-27T11:23:54.109-0300] {processor.py:830} INFO - Processing file /Users/davispecia/Documents/GitHub/Pf_pipeline_dados/Projeto_final_fase3/venv/lib/python3.9/site-packages/airflow/example_dags/example_short_circuit_decorator.py for tasks to queue
[2025-11-27T11:23:54.110-0300] {logging_mixin.py:188} INFO - [2025-11-27T11:23:54.110-0300] {dagbag.py:545} INFO - Filling up the DagBag from /Users/davispecia/Documents/GitHub/Pf_pipeline_dados/Projeto_final_fase3/venv/lib/python3.9/site-packages/airflow/example_dags/example_short_circuit_decorator.py
[2025-11-27T11:23:54.128-0300] {processor.py:840} INFO - DAG(s) 'example_short_circuit_decorator' retrieved from /Users/davispecia/Documents/GitHub/Pf_pipeline_dados/Projeto_final_fase3/venv/lib/python3.9/site-packages/airflow/example_dags/example_short_circuit_decorator.py
[2025-11-27T11:23:54.198-0300] {logging_mixin.py:188} INFO - [2025-11-27T11:23:54.197-0300] {dag.py:3089} INFO - Sync 1 DAGs
[2025-11-27T11:23:54.206-0300] {logging_mixin.py:188} INFO - [2025-11-27T11:23:54.206-0300] {dag.py:3947} INFO - Setting next_dagrun for example_short_circuit_decorator to 2025-11-26 00:00:00+00:00, run_after=2025-11-27 00:00:00+00:00
[2025-11-27T11:23:54.215-0300] {processor.py:183} INFO - Processing /Users/davispecia/Documents/GitHub/Pf_pipeline_dados/Projeto_final_fase3/venv/lib/python3.9/site-packages/airflow/example_dags/example_short_circuit_decorator.py took 0.108 seconds
[2025-11-27T11:26:07.741-0300] {processor.py:161} INFO - Started process (PID=92373) to work on /Users/davispecia/Documents/GitHub/Pf_pipeline_dados/Projeto_final_fase3/venv/lib/python3.9/site-packages/airflow/example_dags/example_short_circuit_decorator.py
[2025-11-27T11:26:07.742-0300] {processor.py:830} INFO - Processing file /Users/davispecia/Documents/GitHub/Pf_pipeline_dados/Projeto_final_fase3/venv/lib/python3.9/site-packages/airflow/example_dags/example_short_circuit_decorator.py for tasks to queue
[2025-11-27T11:26:07.742-0300] {logging_mixin.py:188} INFO - [2025-11-27T11:26:07.742-0300] {dagbag.py:545} INFO - Filling up the DagBag from /Users/davispecia/Documents/GitHub/Pf_pipeline_dados/Projeto_final_fase3/venv/lib/python3.9/site-packages/airflow/example_dags/example_short_circuit_decorator.py
[2025-11-27T11:26:07.760-0300] {processor.py:840} INFO - DAG(s) 'example_short_circuit_decorator' retrieved from /Users/davispecia/Documents/GitHub/Pf_pipeline_dados/Projeto_final_fase3/venv/lib/python3.9/site-packages/airflow/example_dags/example_short_circuit_decorator.py
[2025-11-27T11:26:07.830-0300] {logging_mixin.py:188} INFO - [2025-11-27T11:26:07.830-0300] {dag.py:3089} INFO - Sync 1 DAGs
[2025-11-27T11:26:07.838-0300] {logging_mixin.py:188} INFO - [2025-11-27T11:26:07.838-0300] {dag.py:3947} INFO - Setting next_dagrun for example_short_circuit_decorator to 2025-11-26 00:00:00+00:00, run_after=2025-11-27 00:00:00+00:00
[2025-11-27T11:26:07.847-0300] {processor.py:183} INFO - Processing /Users/davispecia/Documents/GitHub/Pf_pipeline_dados/Projeto_final_fase3/venv/lib/python3.9/site-packages/airflow/example_dags/example_short_circuit_decorator.py took 0.108 seconds
[2025-11-27T11:28:09.617-0300] {processor.py:161} INFO - Started process (PID=92696) to work on /Users/davispecia/Documents/GitHub/Pf_pipeline_dados/Projeto_final_fase3/venv/lib/python3.9/site-packages/airflow/example_dags/example_short_circuit_decorator.py
[2025-11-27T11:28:09.618-0300] {processor.py:830} INFO - Processing file /Users/davispecia/Documents/GitHub/Pf_pipeline_dados/Projeto_final_fase3/venv/lib/python3.9/site-packages/airflow/example_dags/example_short_circuit_decorator.py for tasks to queue
[2025-11-27T11:28:09.618-0300] {logging_mixin.py:188} INFO - [2025-11-27T11:28:09.618-0300] {dagbag.py:545} INFO - Filling up the DagBag from /Users/davispecia/Documents/GitHub/Pf_pipeline_dados/Projeto_final_fase3/venv/lib/python3.9/site-packages/airflow/example_dags/example_short_circuit_decorator.py
[2025-11-27T11:28:09.636-0300] {processor.py:840} INFO - DAG(s) 'example_short_circuit_decorator' retrieved from /Users/davispecia/Documents/GitHub/Pf_pipeline_dados/Projeto_final_fase3/venv/lib/python3.9/site-packages/airflow/example_dags/example_short_circuit_decorator.py
[2025-11-27T11:28:09.706-0300] {logging_mixin.py:188} INFO - [2025-11-27T11:28:09.706-0300] {dag.py:3089} INFO - Sync 1 DAGs
[2025-11-27T11:28:09.715-0300] {logging_mixin.py:188} INFO - [2025-11-27T11:28:09.714-0300] {dag.py:3947} INFO - Setting next_dagrun for example_short_circuit_decorator to 2025-11-26 00:00:00+00:00, run_after=2025-11-27 00:00:00+00:00
[2025-11-27T11:28:09.723-0300] {processor.py:183} INFO - Processing /Users/davispecia/Documents/GitHub/Pf_pipeline_dados/Projeto_final_fase3/venv/lib/python3.9/site-packages/airflow/example_dags/example_short_circuit_decorator.py took 0.108 seconds
[2025-11-27T11:30:18.363-0300] {processor.py:161} INFO - Started process (PID=93007) to work on /Users/davispecia/Documents/GitHub/Pf_pipeline_dados/Projeto_final_fase3/venv/lib/python3.9/site-packages/airflow/example_dags/example_short_circuit_decorator.py
[2025-11-27T11:30:18.365-0300] {processor.py:830} INFO - Processing file /Users/davispecia/Documents/GitHub/Pf_pipeline_dados/Projeto_final_fase3/venv/lib/python3.9/site-packages/airflow/example_dags/example_short_circuit_decorator.py for tasks to queue
[2025-11-27T11:30:18.365-0300] {logging_mixin.py:188} INFO - [2025-11-27T11:30:18.365-0300] {dagbag.py:545} INFO - Filling up the DagBag from /Users/davispecia/Documents/GitHub/Pf_pipeline_dados/Projeto_final_fase3/venv/lib/python3.9/site-packages/airflow/example_dags/example_short_circuit_decorator.py
[2025-11-27T11:30:18.383-0300] {processor.py:840} INFO - DAG(s) 'example_short_circuit_decorator' retrieved from /Users/davispecia/Documents/GitHub/Pf_pipeline_dados/Projeto_final_fase3/venv/lib/python3.9/site-packages/airflow/example_dags/example_short_circuit_decorator.py
[2025-11-27T11:30:18.453-0300] {logging_mixin.py:188} INFO - [2025-11-27T11:30:18.453-0300] {dag.py:3089} INFO - Sync 1 DAGs
[2025-11-27T11:30:18.462-0300] {logging_mixin.py:188} INFO - [2025-11-27T11:30:18.462-0300] {dag.py:3947} INFO - Setting next_dagrun for example_short_circuit_decorator to 2025-11-26 00:00:00+00:00, run_after=2025-11-27 00:00:00+00:00
[2025-11-27T11:30:18.471-0300] {processor.py:183} INFO - Processing /Users/davispecia/Documents/GitHub/Pf_pipeline_dados/Projeto_final_fase3/venv/lib/python3.9/site-packages/airflow/example_dags/example_short_circuit_decorator.py took 0.109 seconds
[2025-11-27T11:32:25.957-0300] {processor.py:161} INFO - Started process (PID=93364) to work on /Users/davispecia/Documents/GitHub/Pf_pipeline_dados/Projeto_final_fase3/venv/lib/python3.9/site-packages/airflow/example_dags/example_short_circuit_decorator.py
[2025-11-27T11:32:25.958-0300] {processor.py:830} INFO - Processing file /Users/davispecia/Documents/GitHub/Pf_pipeline_dados/Projeto_final_fase3/venv/lib/python3.9/site-packages/airflow/example_dags/example_short_circuit_decorator.py for tasks to queue
[2025-11-27T11:32:25.959-0300] {logging_mixin.py:188} INFO - [2025-11-27T11:32:25.958-0300] {dagbag.py:545} INFO - Filling up the DagBag from /Users/davispecia/Documents/GitHub/Pf_pipeline_dados/Projeto_final_fase3/venv/lib/python3.9/site-packages/airflow/example_dags/example_short_circuit_decorator.py
[2025-11-27T11:32:25.979-0300] {processor.py:840} INFO - DAG(s) 'example_short_circuit_decorator' retrieved from /Users/davispecia/Documents/GitHub/Pf_pipeline_dados/Projeto_final_fase3/venv/lib/python3.9/site-packages/airflow/example_dags/example_short_circuit_decorator.py
[2025-11-27T11:32:26.051-0300] {logging_mixin.py:188} INFO - [2025-11-27T11:32:26.051-0300] {dag.py:3089} INFO - Sync 1 DAGs
[2025-11-27T11:32:26.059-0300] {logging_mixin.py:188} INFO - [2025-11-27T11:32:26.059-0300] {dag.py:3947} INFO - Setting next_dagrun for example_short_circuit_decorator to 2025-11-26 00:00:00+00:00, run_after=2025-11-27 00:00:00+00:00
[2025-11-27T11:32:26.068-0300] {processor.py:183} INFO - Processing /Users/davispecia/Documents/GitHub/Pf_pipeline_dados/Projeto_final_fase3/venv/lib/python3.9/site-packages/airflow/example_dags/example_short_circuit_decorator.py took 0.113 seconds
[2025-11-27T11:34:32.590-0300] {processor.py:161} INFO - Started process (PID=93668) to work on /Users/davispecia/Documents/GitHub/Pf_pipeline_dados/Projeto_final_fase3/venv/lib/python3.9/site-packages/airflow/example_dags/example_short_circuit_decorator.py
[2025-11-27T11:34:32.591-0300] {processor.py:830} INFO - Processing file /Users/davispecia/Documents/GitHub/Pf_pipeline_dados/Projeto_final_fase3/venv/lib/python3.9/site-packages/airflow/example_dags/example_short_circuit_decorator.py for tasks to queue
[2025-11-27T11:34:32.591-0300] {logging_mixin.py:188} INFO - [2025-11-27T11:34:32.591-0300] {dagbag.py:545} INFO - Filling up the DagBag from /Users/davispecia/Documents/GitHub/Pf_pipeline_dados/Projeto_final_fase3/venv/lib/python3.9/site-packages/airflow/example_dags/example_short_circuit_decorator.py
[2025-11-27T11:34:32.609-0300] {processor.py:840} INFO - DAG(s) 'example_short_circuit_decorator' retrieved from /Users/davispecia/Documents/GitHub/Pf_pipeline_dados/Projeto_final_fase3/venv/lib/python3.9/site-packages/airflow/example_dags/example_short_circuit_decorator.py
[2025-11-27T11:34:32.679-0300] {logging_mixin.py:188} INFO - [2025-11-27T11:34:32.679-0300] {dag.py:3089} INFO - Sync 1 DAGs
[2025-11-27T11:34:32.688-0300] {logging_mixin.py:188} INFO - [2025-11-27T11:34:32.688-0300] {dag.py:3947} INFO - Setting next_dagrun for example_short_circuit_decorator to 2025-11-26 00:00:00+00:00, run_after=2025-11-27 00:00:00+00:00
[2025-11-27T11:34:32.697-0300] {processor.py:183} INFO - Processing /Users/davispecia/Documents/GitHub/Pf_pipeline_dados/Projeto_final_fase3/venv/lib/python3.9/site-packages/airflow/example_dags/example_short_circuit_decorator.py took 0.108 seconds
[2025-11-27T11:36:47.307-0300] {processor.py:161} INFO - Started process (PID=94047) to work on /Users/davispecia/Documents/GitHub/Pf_pipeline_dados/Projeto_final_fase3/venv/lib/python3.9/site-packages/airflow/example_dags/example_short_circuit_decorator.py
[2025-11-27T11:36:47.307-0300] {processor.py:830} INFO - Processing file /Users/davispecia/Documents/GitHub/Pf_pipeline_dados/Projeto_final_fase3/venv/lib/python3.9/site-packages/airflow/example_dags/example_short_circuit_decorator.py for tasks to queue
[2025-11-27T11:36:47.308-0300] {logging_mixin.py:188} INFO - [2025-11-27T11:36:47.308-0300] {dagbag.py:545} INFO - Filling up the DagBag from /Users/davispecia/Documents/GitHub/Pf_pipeline_dados/Projeto_final_fase3/venv/lib/python3.9/site-packages/airflow/example_dags/example_short_circuit_decorator.py
[2025-11-27T11:36:47.326-0300] {processor.py:840} INFO - DAG(s) 'example_short_circuit_decorator' retrieved from /Users/davispecia/Documents/GitHub/Pf_pipeline_dados/Projeto_final_fase3/venv/lib/python3.9/site-packages/airflow/example_dags/example_short_circuit_decorator.py
[2025-11-27T11:36:47.396-0300] {logging_mixin.py:188} INFO - [2025-11-27T11:36:47.396-0300] {dag.py:3089} INFO - Sync 1 DAGs
[2025-11-27T11:36:47.404-0300] {logging_mixin.py:188} INFO - [2025-11-27T11:36:47.404-0300] {dag.py:3947} INFO - Setting next_dagrun for example_short_circuit_decorator to 2025-11-26 00:00:00+00:00, run_after=2025-11-27 00:00:00+00:00
[2025-11-27T11:36:47.413-0300] {processor.py:183} INFO - Processing /Users/davispecia/Documents/GitHub/Pf_pipeline_dados/Projeto_final_fase3/venv/lib/python3.9/site-packages/airflow/example_dags/example_short_circuit_decorator.py took 0.108 seconds
[2025-11-27T11:38:54.527-0300] {processor.py:161} INFO - Started process (PID=94344) to work on /Users/davispecia/Documents/GitHub/Pf_pipeline_dados/Projeto_final_fase3/venv/lib/python3.9/site-packages/airflow/example_dags/example_short_circuit_decorator.py
[2025-11-27T11:38:54.527-0300] {processor.py:830} INFO - Processing file /Users/davispecia/Documents/GitHub/Pf_pipeline_dados/Projeto_final_fase3/venv/lib/python3.9/site-packages/airflow/example_dags/example_short_circuit_decorator.py for tasks to queue
[2025-11-27T11:38:54.528-0300] {logging_mixin.py:188} INFO - [2025-11-27T11:38:54.528-0300] {dagbag.py:545} INFO - Filling up the DagBag from /Users/davispecia/Documents/GitHub/Pf_pipeline_dados/Projeto_final_fase3/venv/lib/python3.9/site-packages/airflow/example_dags/example_short_circuit_decorator.py
[2025-11-27T11:38:54.546-0300] {processor.py:840} INFO - DAG(s) 'example_short_circuit_decorator' retrieved from /Users/davispecia/Documents/GitHub/Pf_pipeline_dados/Projeto_final_fase3/venv/lib/python3.9/site-packages/airflow/example_dags/example_short_circuit_decorator.py
[2025-11-27T11:38:54.615-0300] {logging_mixin.py:188} INFO - [2025-11-27T11:38:54.615-0300] {dag.py:3089} INFO - Sync 1 DAGs
[2025-11-27T11:38:54.624-0300] {logging_mixin.py:188} INFO - [2025-11-27T11:38:54.623-0300] {dag.py:3947} INFO - Setting next_dagrun for example_short_circuit_decorator to 2025-11-26 00:00:00+00:00, run_after=2025-11-27 00:00:00+00:00
[2025-11-27T11:38:54.632-0300] {processor.py:183} INFO - Processing /Users/davispecia/Documents/GitHub/Pf_pipeline_dados/Projeto_final_fase3/venv/lib/python3.9/site-packages/airflow/example_dags/example_short_circuit_decorator.py took 0.108 seconds
[2025-11-27T11:41:00.963-0300] {processor.py:161} INFO - Started process (PID=94641) to work on /Users/davispecia/Documents/GitHub/Pf_pipeline_dados/Projeto_final_fase3/venv/lib/python3.9/site-packages/airflow/example_dags/example_short_circuit_decorator.py
[2025-11-27T11:41:00.964-0300] {processor.py:830} INFO - Processing file /Users/davispecia/Documents/GitHub/Pf_pipeline_dados/Projeto_final_fase3/venv/lib/python3.9/site-packages/airflow/example_dags/example_short_circuit_decorator.py for tasks to queue
[2025-11-27T11:41:00.964-0300] {logging_mixin.py:188} INFO - [2025-11-27T11:41:00.964-0300] {dagbag.py:545} INFO - Filling up the DagBag from /Users/davispecia/Documents/GitHub/Pf_pipeline_dados/Projeto_final_fase3/venv/lib/python3.9/site-packages/airflow/example_dags/example_short_circuit_decorator.py
[2025-11-27T11:41:00.984-0300] {processor.py:840} INFO - DAG(s) 'example_short_circuit_decorator' retrieved from /Users/davispecia/Documents/GitHub/Pf_pipeline_dados/Projeto_final_fase3/venv/lib/python3.9/site-packages/airflow/example_dags/example_short_circuit_decorator.py
[2025-11-27T11:41:01.060-0300] {logging_mixin.py:188} INFO - [2025-11-27T11:41:01.060-0300] {dag.py:3089} INFO - Sync 1 DAGs
[2025-11-27T11:41:01.071-0300] {logging_mixin.py:188} INFO - [2025-11-27T11:41:01.071-0300] {dag.py:3947} INFO - Setting next_dagrun for example_short_circuit_decorator to 2025-11-26 00:00:00+00:00, run_after=2025-11-27 00:00:00+00:00
[2025-11-27T11:41:01.106-0300] {processor.py:183} INFO - Processing /Users/davispecia/Documents/GitHub/Pf_pipeline_dados/Projeto_final_fase3/venv/lib/python3.9/site-packages/airflow/example_dags/example_short_circuit_decorator.py took 0.145 seconds
[2025-11-27T11:43:17.639-0300] {processor.py:161} INFO - Started process (PID=95039) to work on /Users/davispecia/Documents/GitHub/Pf_pipeline_dados/Projeto_final_fase3/venv/lib/python3.9/site-packages/airflow/example_dags/example_short_circuit_decorator.py
[2025-11-27T11:43:17.640-0300] {processor.py:830} INFO - Processing file /Users/davispecia/Documents/GitHub/Pf_pipeline_dados/Projeto_final_fase3/venv/lib/python3.9/site-packages/airflow/example_dags/example_short_circuit_decorator.py for tasks to queue
[2025-11-27T11:43:17.640-0300] {logging_mixin.py:188} INFO - [2025-11-27T11:43:17.640-0300] {dagbag.py:545} INFO - Filling up the DagBag from /Users/davispecia/Documents/GitHub/Pf_pipeline_dados/Projeto_final_fase3/venv/lib/python3.9/site-packages/airflow/example_dags/example_short_circuit_decorator.py
[2025-11-27T11:43:17.658-0300] {processor.py:840} INFO - DAG(s) 'example_short_circuit_decorator' retrieved from /Users/davispecia/Documents/GitHub/Pf_pipeline_dados/Projeto_final_fase3/venv/lib/python3.9/site-packages/airflow/example_dags/example_short_circuit_decorator.py
[2025-11-27T11:43:17.728-0300] {logging_mixin.py:188} INFO - [2025-11-27T11:43:17.728-0300] {dag.py:3089} INFO - Sync 1 DAGs
[2025-11-27T11:43:17.736-0300] {logging_mixin.py:188} INFO - [2025-11-27T11:43:17.736-0300] {dag.py:3947} INFO - Setting next_dagrun for example_short_circuit_decorator to 2025-11-26 00:00:00+00:00, run_after=2025-11-27 00:00:00+00:00
[2025-11-27T11:43:17.745-0300] {processor.py:183} INFO - Processing /Users/davispecia/Documents/GitHub/Pf_pipeline_dados/Projeto_final_fase3/venv/lib/python3.9/site-packages/airflow/example_dags/example_short_circuit_decorator.py took 0.108 seconds
[2025-11-27T11:45:23.072-0300] {processor.py:161} INFO - Started process (PID=95336) to work on /Users/davispecia/Documents/GitHub/Pf_pipeline_dados/Projeto_final_fase3/venv/lib/python3.9/site-packages/airflow/example_dags/example_short_circuit_decorator.py
[2025-11-27T11:45:23.073-0300] {processor.py:830} INFO - Processing file /Users/davispecia/Documents/GitHub/Pf_pipeline_dados/Projeto_final_fase3/venv/lib/python3.9/site-packages/airflow/example_dags/example_short_circuit_decorator.py for tasks to queue
[2025-11-27T11:45:23.073-0300] {logging_mixin.py:188} INFO - [2025-11-27T11:45:23.073-0300] {dagbag.py:545} INFO - Filling up the DagBag from /Users/davispecia/Documents/GitHub/Pf_pipeline_dados/Projeto_final_fase3/venv/lib/python3.9/site-packages/airflow/example_dags/example_short_circuit_decorator.py
[2025-11-27T11:45:23.092-0300] {processor.py:840} INFO - DAG(s) 'example_short_circuit_decorator' retrieved from /Users/davispecia/Documents/GitHub/Pf_pipeline_dados/Projeto_final_fase3/venv/lib/python3.9/site-packages/airflow/example_dags/example_short_circuit_decorator.py
[2025-11-27T11:45:23.161-0300] {logging_mixin.py:188} INFO - [2025-11-27T11:45:23.160-0300] {dag.py:3089} INFO - Sync 1 DAGs
[2025-11-27T11:45:23.169-0300] {logging_mixin.py:188} INFO - [2025-11-27T11:45:23.169-0300] {dag.py:3947} INFO - Setting next_dagrun for example_short_circuit_decorator to 2025-11-26 00:00:00+00:00, run_after=2025-11-27 00:00:00+00:00
[2025-11-27T11:45:23.177-0300] {processor.py:183} INFO - Processing /Users/davispecia/Documents/GitHub/Pf_pipeline_dados/Projeto_final_fase3/venv/lib/python3.9/site-packages/airflow/example_dags/example_short_circuit_decorator.py took 0.107 seconds
[2025-11-27T11:47:36.082-0300] {processor.py:161} INFO - Started process (PID=95749) to work on /Users/davispecia/Documents/GitHub/Pf_pipeline_dados/Projeto_final_fase3/venv/lib/python3.9/site-packages/airflow/example_dags/example_short_circuit_decorator.py
[2025-11-27T11:47:36.083-0300] {processor.py:830} INFO - Processing file /Users/davispecia/Documents/GitHub/Pf_pipeline_dados/Projeto_final_fase3/venv/lib/python3.9/site-packages/airflow/example_dags/example_short_circuit_decorator.py for tasks to queue
[2025-11-27T11:47:36.083-0300] {logging_mixin.py:188} INFO - [2025-11-27T11:47:36.083-0300] {dagbag.py:545} INFO - Filling up the DagBag from /Users/davispecia/Documents/GitHub/Pf_pipeline_dados/Projeto_final_fase3/venv/lib/python3.9/site-packages/airflow/example_dags/example_short_circuit_decorator.py
[2025-11-27T11:47:36.101-0300] {processor.py:840} INFO - DAG(s) 'example_short_circuit_decorator' retrieved from /Users/davispecia/Documents/GitHub/Pf_pipeline_dados/Projeto_final_fase3/venv/lib/python3.9/site-packages/airflow/example_dags/example_short_circuit_decorator.py
[2025-11-27T11:47:36.172-0300] {logging_mixin.py:188} INFO - [2025-11-27T11:47:36.171-0300] {dag.py:3089} INFO - Sync 1 DAGs
[2025-11-27T11:47:36.180-0300] {logging_mixin.py:188} INFO - [2025-11-27T11:47:36.180-0300] {dag.py:3947} INFO - Setting next_dagrun for example_short_circuit_decorator to 2025-11-26 00:00:00+00:00, run_after=2025-11-27 00:00:00+00:00
[2025-11-27T11:47:36.189-0300] {processor.py:183} INFO - Processing /Users/davispecia/Documents/GitHub/Pf_pipeline_dados/Projeto_final_fase3/venv/lib/python3.9/site-packages/airflow/example_dags/example_short_circuit_decorator.py took 0.109 seconds
[2025-11-27T11:49:44.642-0300] {processor.py:161} INFO - Started process (PID=96068) to work on /Users/davispecia/Documents/GitHub/Pf_pipeline_dados/Projeto_final_fase3/venv/lib/python3.9/site-packages/airflow/example_dags/example_short_circuit_decorator.py
[2025-11-27T11:49:44.643-0300] {processor.py:830} INFO - Processing file /Users/davispecia/Documents/GitHub/Pf_pipeline_dados/Projeto_final_fase3/venv/lib/python3.9/site-packages/airflow/example_dags/example_short_circuit_decorator.py for tasks to queue
[2025-11-27T11:49:44.643-0300] {logging_mixin.py:188} INFO - [2025-11-27T11:49:44.643-0300] {dagbag.py:545} INFO - Filling up the DagBag from /Users/davispecia/Documents/GitHub/Pf_pipeline_dados/Projeto_final_fase3/venv/lib/python3.9/site-packages/airflow/example_dags/example_short_circuit_decorator.py
[2025-11-27T11:49:44.661-0300] {processor.py:840} INFO - DAG(s) 'example_short_circuit_decorator' retrieved from /Users/davispecia/Documents/GitHub/Pf_pipeline_dados/Projeto_final_fase3/venv/lib/python3.9/site-packages/airflow/example_dags/example_short_circuit_decorator.py
[2025-11-27T11:49:44.733-0300] {logging_mixin.py:188} INFO - [2025-11-27T11:49:44.733-0300] {dag.py:3089} INFO - Sync 1 DAGs
[2025-11-27T11:49:44.742-0300] {logging_mixin.py:188} INFO - [2025-11-27T11:49:44.742-0300] {dag.py:3947} INFO - Setting next_dagrun for example_short_circuit_decorator to 2025-11-26 00:00:00+00:00, run_after=2025-11-27 00:00:00+00:00
[2025-11-27T11:49:44.751-0300] {processor.py:183} INFO - Processing /Users/davispecia/Documents/GitHub/Pf_pipeline_dados/Projeto_final_fase3/venv/lib/python3.9/site-packages/airflow/example_dags/example_short_circuit_decorator.py took 0.111 seconds
[2025-11-27T11:51:51.293-0300] {processor.py:161} INFO - Started process (PID=96378) to work on /Users/davispecia/Documents/GitHub/Pf_pipeline_dados/Projeto_final_fase3/venv/lib/python3.9/site-packages/airflow/example_dags/example_short_circuit_decorator.py
[2025-11-27T11:51:51.294-0300] {processor.py:830} INFO - Processing file /Users/davispecia/Documents/GitHub/Pf_pipeline_dados/Projeto_final_fase3/venv/lib/python3.9/site-packages/airflow/example_dags/example_short_circuit_decorator.py for tasks to queue
[2025-11-27T11:51:51.294-0300] {logging_mixin.py:188} INFO - [2025-11-27T11:51:51.294-0300] {dagbag.py:545} INFO - Filling up the DagBag from /Users/davispecia/Documents/GitHub/Pf_pipeline_dados/Projeto_final_fase3/venv/lib/python3.9/site-packages/airflow/example_dags/example_short_circuit_decorator.py
[2025-11-27T11:51:51.312-0300] {processor.py:840} INFO - DAG(s) 'example_short_circuit_decorator' retrieved from /Users/davispecia/Documents/GitHub/Pf_pipeline_dados/Projeto_final_fase3/venv/lib/python3.9/site-packages/airflow/example_dags/example_short_circuit_decorator.py
[2025-11-27T11:51:51.384-0300] {logging_mixin.py:188} INFO - [2025-11-27T11:51:51.384-0300] {dag.py:3089} INFO - Sync 1 DAGs
[2025-11-27T11:51:51.393-0300] {logging_mixin.py:188} INFO - [2025-11-27T11:51:51.393-0300] {dag.py:3947} INFO - Setting next_dagrun for example_short_circuit_decorator to 2025-11-26 00:00:00+00:00, run_after=2025-11-27 00:00:00+00:00
[2025-11-27T11:51:51.402-0300] {processor.py:183} INFO - Processing /Users/davispecia/Documents/GitHub/Pf_pipeline_dados/Projeto_final_fase3/venv/lib/python3.9/site-packages/airflow/example_dags/example_short_circuit_decorator.py took 0.111 seconds
[2025-11-27T11:54:04.559-0300] {processor.py:161} INFO - Started process (PID=96850) to work on /Users/davispecia/Documents/GitHub/Pf_pipeline_dados/Projeto_final_fase3/venv/lib/python3.9/site-packages/airflow/example_dags/example_short_circuit_decorator.py
[2025-11-27T11:54:04.560-0300] {processor.py:830} INFO - Processing file /Users/davispecia/Documents/GitHub/Pf_pipeline_dados/Projeto_final_fase3/venv/lib/python3.9/site-packages/airflow/example_dags/example_short_circuit_decorator.py for tasks to queue
[2025-11-27T11:54:04.560-0300] {logging_mixin.py:188} INFO - [2025-11-27T11:54:04.560-0300] {dagbag.py:545} INFO - Filling up the DagBag from /Users/davispecia/Documents/GitHub/Pf_pipeline_dados/Projeto_final_fase3/venv/lib/python3.9/site-packages/airflow/example_dags/example_short_circuit_decorator.py
[2025-11-27T11:54:04.578-0300] {processor.py:840} INFO - DAG(s) 'example_short_circuit_decorator' retrieved from /Users/davispecia/Documents/GitHub/Pf_pipeline_dados/Projeto_final_fase3/venv/lib/python3.9/site-packages/airflow/example_dags/example_short_circuit_decorator.py
[2025-11-27T11:54:04.648-0300] {logging_mixin.py:188} INFO - [2025-11-27T11:54:04.648-0300] {dag.py:3089} INFO - Sync 1 DAGs
[2025-11-27T11:54:04.657-0300] {logging_mixin.py:188} INFO - [2025-11-27T11:54:04.656-0300] {dag.py:3947} INFO - Setting next_dagrun for example_short_circuit_decorator to 2025-11-26 00:00:00+00:00, run_after=2025-11-27 00:00:00+00:00
[2025-11-27T11:54:04.665-0300] {processor.py:183} INFO - Processing /Users/davispecia/Documents/GitHub/Pf_pipeline_dados/Projeto_final_fase3/venv/lib/python3.9/site-packages/airflow/example_dags/example_short_circuit_decorator.py took 0.108 seconds
[2025-11-27T11:56:01.535-0300] {processor.py:161} INFO - Started process (PID=97133) to work on /Users/davispecia/Documents/GitHub/Pf_pipeline_dados/Projeto_final_fase3/venv/lib/python3.9/site-packages/airflow/example_dags/example_short_circuit_decorator.py
[2025-11-27T11:56:01.536-0300] {processor.py:830} INFO - Processing file /Users/davispecia/Documents/GitHub/Pf_pipeline_dados/Projeto_final_fase3/venv/lib/python3.9/site-packages/airflow/example_dags/example_short_circuit_decorator.py for tasks to queue
[2025-11-27T11:56:01.536-0300] {logging_mixin.py:188} INFO - [2025-11-27T11:56:01.536-0300] {dagbag.py:545} INFO - Filling up the DagBag from /Users/davispecia/Documents/GitHub/Pf_pipeline_dados/Projeto_final_fase3/venv/lib/python3.9/site-packages/airflow/example_dags/example_short_circuit_decorator.py
[2025-11-27T11:56:01.555-0300] {processor.py:840} INFO - DAG(s) 'example_short_circuit_decorator' retrieved from /Users/davispecia/Documents/GitHub/Pf_pipeline_dados/Projeto_final_fase3/venv/lib/python3.9/site-packages/airflow/example_dags/example_short_circuit_decorator.py
[2025-11-27T11:56:01.627-0300] {logging_mixin.py:188} INFO - [2025-11-27T11:56:01.627-0300] {dag.py:3089} INFO - Sync 1 DAGs
[2025-11-27T11:56:01.636-0300] {logging_mixin.py:188} INFO - [2025-11-27T11:56:01.636-0300] {dag.py:3947} INFO - Setting next_dagrun for example_short_circuit_decorator to 2025-11-26 00:00:00+00:00, run_after=2025-11-27 00:00:00+00:00
[2025-11-27T11:56:01.645-0300] {processor.py:183} INFO - Processing /Users/davispecia/Documents/GitHub/Pf_pipeline_dados/Projeto_final_fase3/venv/lib/python3.9/site-packages/airflow/example_dags/example_short_circuit_decorator.py took 0.112 seconds
[2025-11-27T11:58:08.801-0300] {processor.py:161} INFO - Started process (PID=97438) to work on /Users/davispecia/Documents/GitHub/Pf_pipeline_dados/Projeto_final_fase3/venv/lib/python3.9/site-packages/airflow/example_dags/example_short_circuit_decorator.py
[2025-11-27T11:58:08.802-0300] {processor.py:830} INFO - Processing file /Users/davispecia/Documents/GitHub/Pf_pipeline_dados/Projeto_final_fase3/venv/lib/python3.9/site-packages/airflow/example_dags/example_short_circuit_decorator.py for tasks to queue
[2025-11-27T11:58:08.802-0300] {logging_mixin.py:188} INFO - [2025-11-27T11:58:08.802-0300] {dagbag.py:545} INFO - Filling up the DagBag from /Users/davispecia/Documents/GitHub/Pf_pipeline_dados/Projeto_final_fase3/venv/lib/python3.9/site-packages/airflow/example_dags/example_short_circuit_decorator.py
[2025-11-27T11:58:08.820-0300] {processor.py:840} INFO - DAG(s) 'example_short_circuit_decorator' retrieved from /Users/davispecia/Documents/GitHub/Pf_pipeline_dados/Projeto_final_fase3/venv/lib/python3.9/site-packages/airflow/example_dags/example_short_circuit_decorator.py
[2025-11-27T11:58:08.890-0300] {logging_mixin.py:188} INFO - [2025-11-27T11:58:08.890-0300] {dag.py:3089} INFO - Sync 1 DAGs
[2025-11-27T11:58:08.898-0300] {logging_mixin.py:188} INFO - [2025-11-27T11:58:08.898-0300] {dag.py:3947} INFO - Setting next_dagrun for example_short_circuit_decorator to 2025-11-26 00:00:00+00:00, run_after=2025-11-27 00:00:00+00:00
[2025-11-27T11:58:08.907-0300] {processor.py:183} INFO - Processing /Users/davispecia/Documents/GitHub/Pf_pipeline_dados/Projeto_final_fase3/venv/lib/python3.9/site-packages/airflow/example_dags/example_short_circuit_decorator.py took 0.107 seconds
[2025-11-27T12:00:30.142-0300] {processor.py:161} INFO - Started process (PID=97850) to work on /Users/davispecia/Documents/GitHub/Pf_pipeline_dados/Projeto_final_fase3/venv/lib/python3.9/site-packages/airflow/example_dags/example_short_circuit_decorator.py
[2025-11-27T12:00:30.142-0300] {processor.py:830} INFO - Processing file /Users/davispecia/Documents/GitHub/Pf_pipeline_dados/Projeto_final_fase3/venv/lib/python3.9/site-packages/airflow/example_dags/example_short_circuit_decorator.py for tasks to queue
[2025-11-27T12:00:30.143-0300] {logging_mixin.py:188} INFO - [2025-11-27T12:00:30.143-0300] {dagbag.py:545} INFO - Filling up the DagBag from /Users/davispecia/Documents/GitHub/Pf_pipeline_dados/Projeto_final_fase3/venv/lib/python3.9/site-packages/airflow/example_dags/example_short_circuit_decorator.py
[2025-11-27T12:00:30.160-0300] {processor.py:840} INFO - DAG(s) 'example_short_circuit_decorator' retrieved from /Users/davispecia/Documents/GitHub/Pf_pipeline_dados/Projeto_final_fase3/venv/lib/python3.9/site-packages/airflow/example_dags/example_short_circuit_decorator.py
[2025-11-27T12:00:30.234-0300] {logging_mixin.py:188} INFO - [2025-11-27T12:00:30.233-0300] {dag.py:3089} INFO - Sync 1 DAGs
[2025-11-27T12:00:30.242-0300] {logging_mixin.py:188} INFO - [2025-11-27T12:00:30.242-0300] {dag.py:3947} INFO - Setting next_dagrun for example_short_circuit_decorator to 2025-11-26 00:00:00+00:00, run_after=2025-11-27 00:00:00+00:00
[2025-11-27T12:00:30.250-0300] {processor.py:183} INFO - Processing /Users/davispecia/Documents/GitHub/Pf_pipeline_dados/Projeto_final_fase3/venv/lib/python3.9/site-packages/airflow/example_dags/example_short_circuit_decorator.py took 0.110 seconds
[2025-11-27T12:02:36.836-0300] {processor.py:161} INFO - Started process (PID=98149) to work on /Users/davispecia/Documents/GitHub/Pf_pipeline_dados/Projeto_final_fase3/venv/lib/python3.9/site-packages/airflow/example_dags/example_short_circuit_decorator.py
[2025-11-27T12:02:36.837-0300] {processor.py:830} INFO - Processing file /Users/davispecia/Documents/GitHub/Pf_pipeline_dados/Projeto_final_fase3/venv/lib/python3.9/site-packages/airflow/example_dags/example_short_circuit_decorator.py for tasks to queue
[2025-11-27T12:02:36.837-0300] {logging_mixin.py:188} INFO - [2025-11-27T12:02:36.837-0300] {dagbag.py:545} INFO - Filling up the DagBag from /Users/davispecia/Documents/GitHub/Pf_pipeline_dados/Projeto_final_fase3/venv/lib/python3.9/site-packages/airflow/example_dags/example_short_circuit_decorator.py
[2025-11-27T12:02:36.855-0300] {processor.py:840} INFO - DAG(s) 'example_short_circuit_decorator' retrieved from /Users/davispecia/Documents/GitHub/Pf_pipeline_dados/Projeto_final_fase3/venv/lib/python3.9/site-packages/airflow/example_dags/example_short_circuit_decorator.py
[2025-11-27T12:02:36.924-0300] {logging_mixin.py:188} INFO - [2025-11-27T12:02:36.924-0300] {dag.py:3089} INFO - Sync 1 DAGs
[2025-11-27T12:02:36.933-0300] {logging_mixin.py:188} INFO - [2025-11-27T12:02:36.933-0300] {dag.py:3947} INFO - Setting next_dagrun for example_short_circuit_decorator to 2025-11-26 00:00:00+00:00, run_after=2025-11-27 00:00:00+00:00
[2025-11-27T12:02:36.941-0300] {processor.py:183} INFO - Processing /Users/davispecia/Documents/GitHub/Pf_pipeline_dados/Projeto_final_fase3/venv/lib/python3.9/site-packages/airflow/example_dags/example_short_circuit_decorator.py took 0.107 seconds
[2025-11-27T12:04:41.349-0300] {processor.py:161} INFO - Started process (PID=98505) to work on /Users/davispecia/Documents/GitHub/Pf_pipeline_dados/Projeto_final_fase3/venv/lib/python3.9/site-packages/airflow/example_dags/example_short_circuit_decorator.py
[2025-11-27T12:04:41.349-0300] {processor.py:830} INFO - Processing file /Users/davispecia/Documents/GitHub/Pf_pipeline_dados/Projeto_final_fase3/venv/lib/python3.9/site-packages/airflow/example_dags/example_short_circuit_decorator.py for tasks to queue
[2025-11-27T12:04:41.350-0300] {logging_mixin.py:188} INFO - [2025-11-27T12:04:41.350-0300] {dagbag.py:545} INFO - Filling up the DagBag from /Users/davispecia/Documents/GitHub/Pf_pipeline_dados/Projeto_final_fase3/venv/lib/python3.9/site-packages/airflow/example_dags/example_short_circuit_decorator.py
[2025-11-27T12:04:41.368-0300] {processor.py:840} INFO - DAG(s) 'example_short_circuit_decorator' retrieved from /Users/davispecia/Documents/GitHub/Pf_pipeline_dados/Projeto_final_fase3/venv/lib/python3.9/site-packages/airflow/example_dags/example_short_circuit_decorator.py
[2025-11-27T12:04:41.437-0300] {logging_mixin.py:188} INFO - [2025-11-27T12:04:41.437-0300] {dag.py:3089} INFO - Sync 1 DAGs
[2025-11-27T12:04:41.446-0300] {logging_mixin.py:188} INFO - [2025-11-27T12:04:41.445-0300] {dag.py:3947} INFO - Setting next_dagrun for example_short_circuit_decorator to 2025-11-26 00:00:00+00:00, run_after=2025-11-27 00:00:00+00:00
[2025-11-27T12:04:41.454-0300] {processor.py:183} INFO - Processing /Users/davispecia/Documents/GitHub/Pf_pipeline_dados/Projeto_final_fase3/venv/lib/python3.9/site-packages/airflow/example_dags/example_short_circuit_decorator.py took 0.107 seconds
[2025-11-27T12:07:01.355-0300] {processor.py:161} INFO - Started process (PID=98889) to work on /Users/davispecia/Documents/GitHub/Pf_pipeline_dados/Projeto_final_fase3/venv/lib/python3.9/site-packages/airflow/example_dags/example_short_circuit_decorator.py
[2025-11-27T12:07:01.356-0300] {processor.py:830} INFO - Processing file /Users/davispecia/Documents/GitHub/Pf_pipeline_dados/Projeto_final_fase3/venv/lib/python3.9/site-packages/airflow/example_dags/example_short_circuit_decorator.py for tasks to queue
[2025-11-27T12:07:01.356-0300] {logging_mixin.py:188} INFO - [2025-11-27T12:07:01.356-0300] {dagbag.py:545} INFO - Filling up the DagBag from /Users/davispecia/Documents/GitHub/Pf_pipeline_dados/Projeto_final_fase3/venv/lib/python3.9/site-packages/airflow/example_dags/example_short_circuit_decorator.py
[2025-11-27T12:07:01.375-0300] {processor.py:840} INFO - DAG(s) 'example_short_circuit_decorator' retrieved from /Users/davispecia/Documents/GitHub/Pf_pipeline_dados/Projeto_final_fase3/venv/lib/python3.9/site-packages/airflow/example_dags/example_short_circuit_decorator.py
[2025-11-27T12:07:01.446-0300] {logging_mixin.py:188} INFO - [2025-11-27T12:07:01.446-0300] {dag.py:3089} INFO - Sync 1 DAGs
[2025-11-27T12:07:01.454-0300] {logging_mixin.py:188} INFO - [2025-11-27T12:07:01.454-0300] {dag.py:3947} INFO - Setting next_dagrun for example_short_circuit_decorator to 2025-11-26 00:00:00+00:00, run_after=2025-11-27 00:00:00+00:00
[2025-11-27T12:07:01.464-0300] {processor.py:183} INFO - Processing /Users/davispecia/Documents/GitHub/Pf_pipeline_dados/Projeto_final_fase3/venv/lib/python3.9/site-packages/airflow/example_dags/example_short_circuit_decorator.py took 0.111 seconds
[2025-11-27T12:09:09.371-0300] {processor.py:161} INFO - Started process (PID=99200) to work on /Users/davispecia/Documents/GitHub/Pf_pipeline_dados/Projeto_final_fase3/venv/lib/python3.9/site-packages/airflow/example_dags/example_short_circuit_decorator.py
[2025-11-27T12:09:09.372-0300] {processor.py:830} INFO - Processing file /Users/davispecia/Documents/GitHub/Pf_pipeline_dados/Projeto_final_fase3/venv/lib/python3.9/site-packages/airflow/example_dags/example_short_circuit_decorator.py for tasks to queue
[2025-11-27T12:09:09.372-0300] {logging_mixin.py:188} INFO - [2025-11-27T12:09:09.372-0300] {dagbag.py:545} INFO - Filling up the DagBag from /Users/davispecia/Documents/GitHub/Pf_pipeline_dados/Projeto_final_fase3/venv/lib/python3.9/site-packages/airflow/example_dags/example_short_circuit_decorator.py
[2025-11-27T12:09:09.390-0300] {processor.py:840} INFO - DAG(s) 'example_short_circuit_decorator' retrieved from /Users/davispecia/Documents/GitHub/Pf_pipeline_dados/Projeto_final_fase3/venv/lib/python3.9/site-packages/airflow/example_dags/example_short_circuit_decorator.py
[2025-11-27T12:09:09.460-0300] {logging_mixin.py:188} INFO - [2025-11-27T12:09:09.460-0300] {dag.py:3089} INFO - Sync 1 DAGs
[2025-11-27T12:09:09.469-0300] {logging_mixin.py:188} INFO - [2025-11-27T12:09:09.469-0300] {dag.py:3947} INFO - Setting next_dagrun for example_short_circuit_decorator to 2025-11-26 00:00:00+00:00, run_after=2025-11-27 00:00:00+00:00
[2025-11-27T12:09:09.478-0300] {processor.py:183} INFO - Processing /Users/davispecia/Documents/GitHub/Pf_pipeline_dados/Projeto_final_fase3/venv/lib/python3.9/site-packages/airflow/example_dags/example_short_circuit_decorator.py took 0.109 seconds
[2025-11-27T12:11:23.004-0300] {processor.py:161} INFO - Started process (PID=99578) to work on /Users/davispecia/Documents/GitHub/Pf_pipeline_dados/Projeto_final_fase3/venv/lib/python3.9/site-packages/airflow/example_dags/example_short_circuit_decorator.py
[2025-11-27T12:11:23.005-0300] {processor.py:830} INFO - Processing file /Users/davispecia/Documents/GitHub/Pf_pipeline_dados/Projeto_final_fase3/venv/lib/python3.9/site-packages/airflow/example_dags/example_short_circuit_decorator.py for tasks to queue
[2025-11-27T12:11:23.005-0300] {logging_mixin.py:188} INFO - [2025-11-27T12:11:23.005-0300] {dagbag.py:545} INFO - Filling up the DagBag from /Users/davispecia/Documents/GitHub/Pf_pipeline_dados/Projeto_final_fase3/venv/lib/python3.9/site-packages/airflow/example_dags/example_short_circuit_decorator.py
[2025-11-27T12:11:23.023-0300] {processor.py:840} INFO - DAG(s) 'example_short_circuit_decorator' retrieved from /Users/davispecia/Documents/GitHub/Pf_pipeline_dados/Projeto_final_fase3/venv/lib/python3.9/site-packages/airflow/example_dags/example_short_circuit_decorator.py
[2025-11-27T12:11:23.093-0300] {logging_mixin.py:188} INFO - [2025-11-27T12:11:23.093-0300] {dag.py:3089} INFO - Sync 1 DAGs
[2025-11-27T12:11:23.101-0300] {logging_mixin.py:188} INFO - [2025-11-27T12:11:23.101-0300] {dag.py:3947} INFO - Setting next_dagrun for example_short_circuit_decorator to 2025-11-26 00:00:00+00:00, run_after=2025-11-27 00:00:00+00:00
[2025-11-27T12:11:23.110-0300] {processor.py:183} INFO - Processing /Users/davispecia/Documents/GitHub/Pf_pipeline_dados/Projeto_final_fase3/venv/lib/python3.9/site-packages/airflow/example_dags/example_short_circuit_decorator.py took 0.107 seconds
[2025-11-27T12:13:30.156-0300] {processor.py:161} INFO - Started process (PID=99878) to work on /Users/davispecia/Documents/GitHub/Pf_pipeline_dados/Projeto_final_fase3/venv/lib/python3.9/site-packages/airflow/example_dags/example_short_circuit_decorator.py
[2025-11-27T12:13:30.158-0300] {processor.py:830} INFO - Processing file /Users/davispecia/Documents/GitHub/Pf_pipeline_dados/Projeto_final_fase3/venv/lib/python3.9/site-packages/airflow/example_dags/example_short_circuit_decorator.py for tasks to queue
[2025-11-27T12:13:30.158-0300] {logging_mixin.py:188} INFO - [2025-11-27T12:13:30.158-0300] {dagbag.py:545} INFO - Filling up the DagBag from /Users/davispecia/Documents/GitHub/Pf_pipeline_dados/Projeto_final_fase3/venv/lib/python3.9/site-packages/airflow/example_dags/example_short_circuit_decorator.py
[2025-11-27T12:13:30.176-0300] {processor.py:840} INFO - DAG(s) 'example_short_circuit_decorator' retrieved from /Users/davispecia/Documents/GitHub/Pf_pipeline_dados/Projeto_final_fase3/venv/lib/python3.9/site-packages/airflow/example_dags/example_short_circuit_decorator.py
[2025-11-27T12:13:30.249-0300] {logging_mixin.py:188} INFO - [2025-11-27T12:13:30.249-0300] {dag.py:3089} INFO - Sync 1 DAGs
[2025-11-27T12:13:30.258-0300] {logging_mixin.py:188} INFO - [2025-11-27T12:13:30.257-0300] {dag.py:3947} INFO - Setting next_dagrun for example_short_circuit_decorator to 2025-11-26 00:00:00+00:00, run_after=2025-11-27 00:00:00+00:00
[2025-11-27T12:13:30.266-0300] {processor.py:183} INFO - Processing /Users/davispecia/Documents/GitHub/Pf_pipeline_dados/Projeto_final_fase3/venv/lib/python3.9/site-packages/airflow/example_dags/example_short_circuit_decorator.py took 0.112 seconds
[2025-11-27T12:15:35.495-0300] {processor.py:161} INFO - Started process (PID=350) to work on /Users/davispecia/Documents/GitHub/Pf_pipeline_dados/Projeto_final_fase3/venv/lib/python3.9/site-packages/airflow/example_dags/example_short_circuit_decorator.py
[2025-11-27T12:15:35.496-0300] {processor.py:830} INFO - Processing file /Users/davispecia/Documents/GitHub/Pf_pipeline_dados/Projeto_final_fase3/venv/lib/python3.9/site-packages/airflow/example_dags/example_short_circuit_decorator.py for tasks to queue
[2025-11-27T12:15:35.496-0300] {logging_mixin.py:188} INFO - [2025-11-27T12:15:35.496-0300] {dagbag.py:545} INFO - Filling up the DagBag from /Users/davispecia/Documents/GitHub/Pf_pipeline_dados/Projeto_final_fase3/venv/lib/python3.9/site-packages/airflow/example_dags/example_short_circuit_decorator.py
[2025-11-27T12:15:35.515-0300] {processor.py:840} INFO - DAG(s) 'example_short_circuit_decorator' retrieved from /Users/davispecia/Documents/GitHub/Pf_pipeline_dados/Projeto_final_fase3/venv/lib/python3.9/site-packages/airflow/example_dags/example_short_circuit_decorator.py
[2025-11-27T12:15:35.585-0300] {logging_mixin.py:188} INFO - [2025-11-27T12:15:35.585-0300] {dag.py:3089} INFO - Sync 1 DAGs
[2025-11-27T12:15:35.594-0300] {logging_mixin.py:188} INFO - [2025-11-27T12:15:35.594-0300] {dag.py:3947} INFO - Setting next_dagrun for example_short_circuit_decorator to 2025-11-26 00:00:00+00:00, run_after=2025-11-27 00:00:00+00:00
[2025-11-27T12:15:35.603-0300] {processor.py:183} INFO - Processing /Users/davispecia/Documents/GitHub/Pf_pipeline_dados/Projeto_final_fase3/venv/lib/python3.9/site-packages/airflow/example_dags/example_short_circuit_decorator.py took 0.110 seconds
[2025-11-27T12:17:44.488-0300] {processor.py:161} INFO - Started process (PID=789) to work on /Users/davispecia/Documents/GitHub/Pf_pipeline_dados/Projeto_final_fase3/venv/lib/python3.9/site-packages/airflow/example_dags/example_short_circuit_decorator.py
[2025-11-27T12:17:44.488-0300] {processor.py:830} INFO - Processing file /Users/davispecia/Documents/GitHub/Pf_pipeline_dados/Projeto_final_fase3/venv/lib/python3.9/site-packages/airflow/example_dags/example_short_circuit_decorator.py for tasks to queue
[2025-11-27T12:17:44.489-0300] {logging_mixin.py:188} INFO - [2025-11-27T12:17:44.488-0300] {dagbag.py:545} INFO - Filling up the DagBag from /Users/davispecia/Documents/GitHub/Pf_pipeline_dados/Projeto_final_fase3/venv/lib/python3.9/site-packages/airflow/example_dags/example_short_circuit_decorator.py
[2025-11-27T12:17:44.507-0300] {processor.py:840} INFO - DAG(s) 'example_short_circuit_decorator' retrieved from /Users/davispecia/Documents/GitHub/Pf_pipeline_dados/Projeto_final_fase3/venv/lib/python3.9/site-packages/airflow/example_dags/example_short_circuit_decorator.py
[2025-11-27T12:17:44.577-0300] {logging_mixin.py:188} INFO - [2025-11-27T12:17:44.577-0300] {dag.py:3089} INFO - Sync 1 DAGs
[2025-11-27T12:17:44.586-0300] {logging_mixin.py:188} INFO - [2025-11-27T12:17:44.586-0300] {dag.py:3947} INFO - Setting next_dagrun for example_short_circuit_decorator to 2025-11-26 00:00:00+00:00, run_after=2025-11-27 00:00:00+00:00
[2025-11-27T12:17:44.595-0300] {processor.py:183} INFO - Processing /Users/davispecia/Documents/GitHub/Pf_pipeline_dados/Projeto_final_fase3/venv/lib/python3.9/site-packages/airflow/example_dags/example_short_circuit_decorator.py took 0.109 seconds
[2025-11-27T12:19:45.385-0300] {processor.py:161} INFO - Started process (PID=1125) to work on /Users/davispecia/Documents/GitHub/Pf_pipeline_dados/Projeto_final_fase3/venv/lib/python3.9/site-packages/airflow/example_dags/example_short_circuit_decorator.py
[2025-11-27T12:19:45.385-0300] {processor.py:830} INFO - Processing file /Users/davispecia/Documents/GitHub/Pf_pipeline_dados/Projeto_final_fase3/venv/lib/python3.9/site-packages/airflow/example_dags/example_short_circuit_decorator.py for tasks to queue
[2025-11-27T12:19:45.386-0300] {logging_mixin.py:188} INFO - [2025-11-27T12:19:45.386-0300] {dagbag.py:545} INFO - Filling up the DagBag from /Users/davispecia/Documents/GitHub/Pf_pipeline_dados/Projeto_final_fase3/venv/lib/python3.9/site-packages/airflow/example_dags/example_short_circuit_decorator.py
[2025-11-27T12:19:45.404-0300] {processor.py:840} INFO - DAG(s) 'example_short_circuit_decorator' retrieved from /Users/davispecia/Documents/GitHub/Pf_pipeline_dados/Projeto_final_fase3/venv/lib/python3.9/site-packages/airflow/example_dags/example_short_circuit_decorator.py
[2025-11-27T12:19:45.474-0300] {logging_mixin.py:188} INFO - [2025-11-27T12:19:45.474-0300] {dag.py:3089} INFO - Sync 1 DAGs
[2025-11-27T12:19:45.482-0300] {logging_mixin.py:188} INFO - [2025-11-27T12:19:45.482-0300] {dag.py:3947} INFO - Setting next_dagrun for example_short_circuit_decorator to 2025-11-26 00:00:00+00:00, run_after=2025-11-27 00:00:00+00:00
[2025-11-27T12:19:45.491-0300] {processor.py:183} INFO - Processing /Users/davispecia/Documents/GitHub/Pf_pipeline_dados/Projeto_final_fase3/venv/lib/python3.9/site-packages/airflow/example_dags/example_short_circuit_decorator.py took 0.108 seconds
[2025-11-27T12:21:57.822-0300] {processor.py:161} INFO - Started process (PID=1538) to work on /Users/davispecia/Documents/GitHub/Pf_pipeline_dados/Projeto_final_fase3/venv/lib/python3.9/site-packages/airflow/example_dags/example_short_circuit_decorator.py
[2025-11-27T12:21:57.822-0300] {processor.py:830} INFO - Processing file /Users/davispecia/Documents/GitHub/Pf_pipeline_dados/Projeto_final_fase3/venv/lib/python3.9/site-packages/airflow/example_dags/example_short_circuit_decorator.py for tasks to queue
[2025-11-27T12:21:57.823-0300] {logging_mixin.py:188} INFO - [2025-11-27T12:21:57.823-0300] {dagbag.py:545} INFO - Filling up the DagBag from /Users/davispecia/Documents/GitHub/Pf_pipeline_dados/Projeto_final_fase3/venv/lib/python3.9/site-packages/airflow/example_dags/example_short_circuit_decorator.py
[2025-11-27T12:21:57.841-0300] {processor.py:840} INFO - DAG(s) 'example_short_circuit_decorator' retrieved from /Users/davispecia/Documents/GitHub/Pf_pipeline_dados/Projeto_final_fase3/venv/lib/python3.9/site-packages/airflow/example_dags/example_short_circuit_decorator.py
[2025-11-27T12:21:57.910-0300] {logging_mixin.py:188} INFO - [2025-11-27T12:21:57.910-0300] {dag.py:3089} INFO - Sync 1 DAGs
[2025-11-27T12:21:57.918-0300] {logging_mixin.py:188} INFO - [2025-11-27T12:21:57.918-0300] {dag.py:3947} INFO - Setting next_dagrun for example_short_circuit_decorator to 2025-11-26 00:00:00+00:00, run_after=2025-11-27 00:00:00+00:00
[2025-11-27T12:21:57.927-0300] {processor.py:183} INFO - Processing /Users/davispecia/Documents/GitHub/Pf_pipeline_dados/Projeto_final_fase3/venv/lib/python3.9/site-packages/airflow/example_dags/example_short_circuit_decorator.py took 0.107 seconds
[2025-11-27T12:24:01.477-0300] {processor.py:161} INFO - Started process (PID=1846) to work on /Users/davispecia/Documents/GitHub/Pf_pipeline_dados/Projeto_final_fase3/venv/lib/python3.9/site-packages/airflow/example_dags/example_short_circuit_decorator.py
[2025-11-27T12:24:01.477-0300] {processor.py:830} INFO - Processing file /Users/davispecia/Documents/GitHub/Pf_pipeline_dados/Projeto_final_fase3/venv/lib/python3.9/site-packages/airflow/example_dags/example_short_circuit_decorator.py for tasks to queue
[2025-11-27T12:24:01.477-0300] {logging_mixin.py:188} INFO - [2025-11-27T12:24:01.477-0300] {dagbag.py:545} INFO - Filling up the DagBag from /Users/davispecia/Documents/GitHub/Pf_pipeline_dados/Projeto_final_fase3/venv/lib/python3.9/site-packages/airflow/example_dags/example_short_circuit_decorator.py
[2025-11-27T12:24:01.495-0300] {processor.py:840} INFO - DAG(s) 'example_short_circuit_decorator' retrieved from /Users/davispecia/Documents/GitHub/Pf_pipeline_dados/Projeto_final_fase3/venv/lib/python3.9/site-packages/airflow/example_dags/example_short_circuit_decorator.py
[2025-11-27T12:24:01.567-0300] {logging_mixin.py:188} INFO - [2025-11-27T12:24:01.567-0300] {dag.py:3089} INFO - Sync 1 DAGs
[2025-11-27T12:24:01.576-0300] {logging_mixin.py:188} INFO - [2025-11-27T12:24:01.575-0300] {dag.py:3947} INFO - Setting next_dagrun for example_short_circuit_decorator to 2025-11-26 00:00:00+00:00, run_after=2025-11-27 00:00:00+00:00
[2025-11-27T12:24:01.584-0300] {processor.py:183} INFO - Processing /Users/davispecia/Documents/GitHub/Pf_pipeline_dados/Projeto_final_fase3/venv/lib/python3.9/site-packages/airflow/example_dags/example_short_circuit_decorator.py took 0.109 seconds
[2025-11-27T12:26:02.575-0300] {processor.py:161} INFO - Started process (PID=2147) to work on /Users/davispecia/Documents/GitHub/Pf_pipeline_dados/Projeto_final_fase3/venv/lib/python3.9/site-packages/airflow/example_dags/example_short_circuit_decorator.py
[2025-11-27T12:26:02.576-0300] {processor.py:830} INFO - Processing file /Users/davispecia/Documents/GitHub/Pf_pipeline_dados/Projeto_final_fase3/venv/lib/python3.9/site-packages/airflow/example_dags/example_short_circuit_decorator.py for tasks to queue
[2025-11-27T12:26:02.576-0300] {logging_mixin.py:188} INFO - [2025-11-27T12:26:02.576-0300] {dagbag.py:545} INFO - Filling up the DagBag from /Users/davispecia/Documents/GitHub/Pf_pipeline_dados/Projeto_final_fase3/venv/lib/python3.9/site-packages/airflow/example_dags/example_short_circuit_decorator.py
[2025-11-27T12:26:02.594-0300] {processor.py:840} INFO - DAG(s) 'example_short_circuit_decorator' retrieved from /Users/davispecia/Documents/GitHub/Pf_pipeline_dados/Projeto_final_fase3/venv/lib/python3.9/site-packages/airflow/example_dags/example_short_circuit_decorator.py
[2025-11-27T12:26:02.664-0300] {logging_mixin.py:188} INFO - [2025-11-27T12:26:02.664-0300] {dag.py:3089} INFO - Sync 1 DAGs
[2025-11-27T12:26:02.672-0300] {logging_mixin.py:188} INFO - [2025-11-27T12:26:02.672-0300] {dag.py:3947} INFO - Setting next_dagrun for example_short_circuit_decorator to 2025-11-26 00:00:00+00:00, run_after=2025-11-27 00:00:00+00:00
[2025-11-27T12:26:02.681-0300] {processor.py:183} INFO - Processing /Users/davispecia/Documents/GitHub/Pf_pipeline_dados/Projeto_final_fase3/venv/lib/python3.9/site-packages/airflow/example_dags/example_short_circuit_decorator.py took 0.108 seconds
[2025-11-27T12:28:22.170-0300] {processor.py:161} INFO - Started process (PID=2552) to work on /Users/davispecia/Documents/GitHub/Pf_pipeline_dados/Projeto_final_fase3/venv/lib/python3.9/site-packages/airflow/example_dags/example_short_circuit_decorator.py
[2025-11-27T12:28:22.171-0300] {processor.py:830} INFO - Processing file /Users/davispecia/Documents/GitHub/Pf_pipeline_dados/Projeto_final_fase3/venv/lib/python3.9/site-packages/airflow/example_dags/example_short_circuit_decorator.py for tasks to queue
[2025-11-27T12:28:22.171-0300] {logging_mixin.py:188} INFO - [2025-11-27T12:28:22.171-0300] {dagbag.py:545} INFO - Filling up the DagBag from /Users/davispecia/Documents/GitHub/Pf_pipeline_dados/Projeto_final_fase3/venv/lib/python3.9/site-packages/airflow/example_dags/example_short_circuit_decorator.py
[2025-11-27T12:28:22.189-0300] {processor.py:840} INFO - DAG(s) 'example_short_circuit_decorator' retrieved from /Users/davispecia/Documents/GitHub/Pf_pipeline_dados/Projeto_final_fase3/venv/lib/python3.9/site-packages/airflow/example_dags/example_short_circuit_decorator.py
[2025-11-27T12:28:22.258-0300] {logging_mixin.py:188} INFO - [2025-11-27T12:28:22.258-0300] {dag.py:3089} INFO - Sync 1 DAGs
[2025-11-27T12:28:22.267-0300] {logging_mixin.py:188} INFO - [2025-11-27T12:28:22.266-0300] {dag.py:3947} INFO - Setting next_dagrun for example_short_circuit_decorator to 2025-11-26 00:00:00+00:00, run_after=2025-11-27 00:00:00+00:00
[2025-11-27T12:28:22.276-0300] {processor.py:183} INFO - Processing /Users/davispecia/Documents/GitHub/Pf_pipeline_dados/Projeto_final_fase3/venv/lib/python3.9/site-packages/airflow/example_dags/example_short_circuit_decorator.py took 0.108 seconds
[2025-11-27T14:06:18.670-0300] {processor.py:161} INFO - Started process (PID=2887) to work on /Users/davispecia/Documents/GitHub/Pf_pipeline_dados/Projeto_final_fase3/venv/lib/python3.9/site-packages/airflow/example_dags/example_short_circuit_decorator.py
[2025-11-27T14:06:18.672-0300] {processor.py:830} INFO - Processing file /Users/davispecia/Documents/GitHub/Pf_pipeline_dados/Projeto_final_fase3/venv/lib/python3.9/site-packages/airflow/example_dags/example_short_circuit_decorator.py for tasks to queue
[2025-11-27T14:06:18.672-0300] {logging_mixin.py:188} INFO - [2025-11-27T14:06:18.672-0300] {dagbag.py:545} INFO - Filling up the DagBag from /Users/davispecia/Documents/GitHub/Pf_pipeline_dados/Projeto_final_fase3/venv/lib/python3.9/site-packages/airflow/example_dags/example_short_circuit_decorator.py
[2025-11-27T14:06:18.694-0300] {processor.py:840} INFO - DAG(s) 'example_short_circuit_decorator' retrieved from /Users/davispecia/Documents/GitHub/Pf_pipeline_dados/Projeto_final_fase3/venv/lib/python3.9/site-packages/airflow/example_dags/example_short_circuit_decorator.py
[2025-11-27T14:06:18.825-0300] {logging_mixin.py:188} INFO - [2025-11-27T14:06:18.824-0300] {dag.py:3089} INFO - Sync 1 DAGs
[2025-11-27T14:06:18.837-0300] {logging_mixin.py:188} INFO - [2025-11-27T14:06:18.836-0300] {dag.py:3947} INFO - Setting next_dagrun for example_short_circuit_decorator to 2025-11-26 00:00:00+00:00, run_after=2025-11-27 00:00:00+00:00
[2025-11-27T14:06:18.848-0300] {processor.py:183} INFO - Processing /Users/davispecia/Documents/GitHub/Pf_pipeline_dados/Projeto_final_fase3/venv/lib/python3.9/site-packages/airflow/example_dags/example_short_circuit_decorator.py took 0.180 seconds
[2025-11-27T14:08:24.665-0300] {processor.py:161} INFO - Started process (PID=3296) to work on /Users/davispecia/Documents/GitHub/Pf_pipeline_dados/Projeto_final_fase3/venv/lib/python3.9/site-packages/airflow/example_dags/example_short_circuit_decorator.py
[2025-11-27T14:08:24.666-0300] {processor.py:830} INFO - Processing file /Users/davispecia/Documents/GitHub/Pf_pipeline_dados/Projeto_final_fase3/venv/lib/python3.9/site-packages/airflow/example_dags/example_short_circuit_decorator.py for tasks to queue
[2025-11-27T14:08:24.666-0300] {logging_mixin.py:188} INFO - [2025-11-27T14:08:24.666-0300] {dagbag.py:545} INFO - Filling up the DagBag from /Users/davispecia/Documents/GitHub/Pf_pipeline_dados/Projeto_final_fase3/venv/lib/python3.9/site-packages/airflow/example_dags/example_short_circuit_decorator.py
[2025-11-27T14:08:24.685-0300] {processor.py:840} INFO - DAG(s) 'example_short_circuit_decorator' retrieved from /Users/davispecia/Documents/GitHub/Pf_pipeline_dados/Projeto_final_fase3/venv/lib/python3.9/site-packages/airflow/example_dags/example_short_circuit_decorator.py
[2025-11-27T14:08:24.758-0300] {logging_mixin.py:188} INFO - [2025-11-27T14:08:24.758-0300] {dag.py:3089} INFO - Sync 1 DAGs
[2025-11-27T14:08:24.766-0300] {logging_mixin.py:188} INFO - [2025-11-27T14:08:24.766-0300] {dag.py:3947} INFO - Setting next_dagrun for example_short_circuit_decorator to 2025-11-26 00:00:00+00:00, run_after=2025-11-27 00:00:00+00:00
[2025-11-27T14:08:24.774-0300] {processor.py:183} INFO - Processing /Users/davispecia/Documents/GitHub/Pf_pipeline_dados/Projeto_final_fase3/venv/lib/python3.9/site-packages/airflow/example_dags/example_short_circuit_decorator.py took 0.112 seconds
[2025-11-27T14:09:58.196-0300] {processor.py:161} INFO - Started process (PID=3579) to work on /Users/davispecia/Documents/GitHub/Pf_pipeline_dados/Projeto_final_fase3/venv/lib/python3.9/site-packages/airflow/example_dags/example_short_circuit_decorator.py
[2025-11-27T14:09:58.197-0300] {processor.py:830} INFO - Processing file /Users/davispecia/Documents/GitHub/Pf_pipeline_dados/Projeto_final_fase3/venv/lib/python3.9/site-packages/airflow/example_dags/example_short_circuit_decorator.py for tasks to queue
[2025-11-27T14:09:58.197-0300] {logging_mixin.py:188} INFO - [2025-11-27T14:09:58.197-0300] {dagbag.py:545} INFO - Filling up the DagBag from /Users/davispecia/Documents/GitHub/Pf_pipeline_dados/Projeto_final_fase3/venv/lib/python3.9/site-packages/airflow/example_dags/example_short_circuit_decorator.py
[2025-11-27T14:09:58.216-0300] {processor.py:840} INFO - DAG(s) 'example_short_circuit_decorator' retrieved from /Users/davispecia/Documents/GitHub/Pf_pipeline_dados/Projeto_final_fase3/venv/lib/python3.9/site-packages/airflow/example_dags/example_short_circuit_decorator.py
[2025-11-27T14:09:58.291-0300] {logging_mixin.py:188} INFO - [2025-11-27T14:09:58.290-0300] {dag.py:3089} INFO - Sync 1 DAGs
[2025-11-27T14:09:58.299-0300] {logging_mixin.py:188} INFO - [2025-11-27T14:09:58.299-0300] {dag.py:3947} INFO - Setting next_dagrun for example_short_circuit_decorator to 2025-11-26 00:00:00+00:00, run_after=2025-11-27 00:00:00+00:00
[2025-11-27T14:09:58.309-0300] {processor.py:183} INFO - Processing /Users/davispecia/Documents/GitHub/Pf_pipeline_dados/Projeto_final_fase3/venv/lib/python3.9/site-packages/airflow/example_dags/example_short_circuit_decorator.py took 0.115 seconds
[2025-11-27T14:11:59.920-0300] {processor.py:161} INFO - Started process (PID=3870) to work on /Users/davispecia/Documents/GitHub/Pf_pipeline_dados/Projeto_final_fase3/venv/lib/python3.9/site-packages/airflow/example_dags/example_short_circuit_decorator.py
[2025-11-27T14:11:59.921-0300] {processor.py:830} INFO - Processing file /Users/davispecia/Documents/GitHub/Pf_pipeline_dados/Projeto_final_fase3/venv/lib/python3.9/site-packages/airflow/example_dags/example_short_circuit_decorator.py for tasks to queue
[2025-11-27T14:11:59.921-0300] {logging_mixin.py:188} INFO - [2025-11-27T14:11:59.921-0300] {dagbag.py:545} INFO - Filling up the DagBag from /Users/davispecia/Documents/GitHub/Pf_pipeline_dados/Projeto_final_fase3/venv/lib/python3.9/site-packages/airflow/example_dags/example_short_circuit_decorator.py
[2025-11-27T14:11:59.940-0300] {processor.py:840} INFO - DAG(s) 'example_short_circuit_decorator' retrieved from /Users/davispecia/Documents/GitHub/Pf_pipeline_dados/Projeto_final_fase3/venv/lib/python3.9/site-packages/airflow/example_dags/example_short_circuit_decorator.py
[2025-11-27T14:12:00.011-0300] {logging_mixin.py:188} INFO - [2025-11-27T14:12:00.010-0300] {dag.py:3089} INFO - Sync 1 DAGs
[2025-11-27T14:12:00.019-0300] {logging_mixin.py:188} INFO - [2025-11-27T14:12:00.019-0300] {dag.py:3947} INFO - Setting next_dagrun for example_short_circuit_decorator to 2025-11-26 00:00:00+00:00, run_after=2025-11-27 00:00:00+00:00
[2025-11-27T14:12:00.028-0300] {processor.py:183} INFO - Processing /Users/davispecia/Documents/GitHub/Pf_pipeline_dados/Projeto_final_fase3/venv/lib/python3.9/site-packages/airflow/example_dags/example_short_circuit_decorator.py took 0.110 seconds
[2025-11-27T14:14:10.015-0300] {processor.py:161} INFO - Started process (PID=4222) to work on /Users/davispecia/Documents/GitHub/Pf_pipeline_dados/Projeto_final_fase3/venv/lib/python3.9/site-packages/airflow/example_dags/example_short_circuit_decorator.py
[2025-11-27T14:14:10.016-0300] {processor.py:830} INFO - Processing file /Users/davispecia/Documents/GitHub/Pf_pipeline_dados/Projeto_final_fase3/venv/lib/python3.9/site-packages/airflow/example_dags/example_short_circuit_decorator.py for tasks to queue
[2025-11-27T14:14:10.016-0300] {logging_mixin.py:188} INFO - [2025-11-27T14:14:10.016-0300] {dagbag.py:545} INFO - Filling up the DagBag from /Users/davispecia/Documents/GitHub/Pf_pipeline_dados/Projeto_final_fase3/venv/lib/python3.9/site-packages/airflow/example_dags/example_short_circuit_decorator.py
[2025-11-27T14:14:10.037-0300] {processor.py:840} INFO - DAG(s) 'example_short_circuit_decorator' retrieved from /Users/davispecia/Documents/GitHub/Pf_pipeline_dados/Projeto_final_fase3/venv/lib/python3.9/site-packages/airflow/example_dags/example_short_circuit_decorator.py
[2025-11-27T14:14:10.113-0300] {logging_mixin.py:188} INFO - [2025-11-27T14:14:10.113-0300] {dag.py:3089} INFO - Sync 1 DAGs
[2025-11-27T14:14:10.122-0300] {logging_mixin.py:188} INFO - [2025-11-27T14:14:10.122-0300] {dag.py:3947} INFO - Setting next_dagrun for example_short_circuit_decorator to 2025-11-26 00:00:00+00:00, run_after=2025-11-27 00:00:00+00:00
[2025-11-27T14:14:10.132-0300] {processor.py:183} INFO - Processing /Users/davispecia/Documents/GitHub/Pf_pipeline_dados/Projeto_final_fase3/venv/lib/python3.9/site-packages/airflow/example_dags/example_short_circuit_decorator.py took 0.118 seconds
[2025-11-27T14:16:32.101-0300] {processor.py:161} INFO - Started process (PID=4618) to work on /Users/davispecia/Documents/GitHub/Pf_pipeline_dados/Projeto_final_fase3/venv/lib/python3.9/site-packages/airflow/example_dags/example_short_circuit_decorator.py
[2025-11-27T14:16:32.102-0300] {processor.py:830} INFO - Processing file /Users/davispecia/Documents/GitHub/Pf_pipeline_dados/Projeto_final_fase3/venv/lib/python3.9/site-packages/airflow/example_dags/example_short_circuit_decorator.py for tasks to queue
[2025-11-27T14:16:32.102-0300] {logging_mixin.py:188} INFO - [2025-11-27T14:16:32.102-0300] {dagbag.py:545} INFO - Filling up the DagBag from /Users/davispecia/Documents/GitHub/Pf_pipeline_dados/Projeto_final_fase3/venv/lib/python3.9/site-packages/airflow/example_dags/example_short_circuit_decorator.py
[2025-11-27T14:16:32.120-0300] {processor.py:840} INFO - DAG(s) 'example_short_circuit_decorator' retrieved from /Users/davispecia/Documents/GitHub/Pf_pipeline_dados/Projeto_final_fase3/venv/lib/python3.9/site-packages/airflow/example_dags/example_short_circuit_decorator.py
[2025-11-27T14:16:32.189-0300] {logging_mixin.py:188} INFO - [2025-11-27T14:16:32.189-0300] {dag.py:3089} INFO - Sync 1 DAGs
[2025-11-27T14:16:32.198-0300] {logging_mixin.py:188} INFO - [2025-11-27T14:16:32.198-0300] {dag.py:3947} INFO - Setting next_dagrun for example_short_circuit_decorator to 2025-11-26 00:00:00+00:00, run_after=2025-11-27 00:00:00+00:00
[2025-11-27T14:16:32.207-0300] {processor.py:183} INFO - Processing /Users/davispecia/Documents/GitHub/Pf_pipeline_dados/Projeto_final_fase3/venv/lib/python3.9/site-packages/airflow/example_dags/example_short_circuit_decorator.py took 0.107 seconds
[2025-11-27T14:18:48.977-0300] {processor.py:161} INFO - Started process (PID=4941) to work on /Users/davispecia/Documents/GitHub/Pf_pipeline_dados/Projeto_final_fase3/venv/lib/python3.9/site-packages/airflow/example_dags/example_short_circuit_decorator.py
[2025-11-27T14:18:48.978-0300] {processor.py:830} INFO - Processing file /Users/davispecia/Documents/GitHub/Pf_pipeline_dados/Projeto_final_fase3/venv/lib/python3.9/site-packages/airflow/example_dags/example_short_circuit_decorator.py for tasks to queue
[2025-11-27T14:18:48.978-0300] {logging_mixin.py:188} INFO - [2025-11-27T14:18:48.978-0300] {dagbag.py:545} INFO - Filling up the DagBag from /Users/davispecia/Documents/GitHub/Pf_pipeline_dados/Projeto_final_fase3/venv/lib/python3.9/site-packages/airflow/example_dags/example_short_circuit_decorator.py
[2025-11-27T14:18:48.997-0300] {processor.py:840} INFO - DAG(s) 'example_short_circuit_decorator' retrieved from /Users/davispecia/Documents/GitHub/Pf_pipeline_dados/Projeto_final_fase3/venv/lib/python3.9/site-packages/airflow/example_dags/example_short_circuit_decorator.py
[2025-11-27T14:18:49.069-0300] {logging_mixin.py:188} INFO - [2025-11-27T14:18:49.069-0300] {dag.py:3089} INFO - Sync 1 DAGs
[2025-11-27T14:18:49.077-0300] {logging_mixin.py:188} INFO - [2025-11-27T14:18:49.077-0300] {dag.py:3947} INFO - Setting next_dagrun for example_short_circuit_decorator to 2025-11-26 00:00:00+00:00, run_after=2025-11-27 00:00:00+00:00
[2025-11-27T14:18:49.086-0300] {processor.py:183} INFO - Processing /Users/davispecia/Documents/GitHub/Pf_pipeline_dados/Projeto_final_fase3/venv/lib/python3.9/site-packages/airflow/example_dags/example_short_circuit_decorator.py took 0.111 seconds
[2025-11-27T14:21:10.259-0300] {processor.py:161} INFO - Started process (PID=5338) to work on /Users/davispecia/Documents/GitHub/Pf_pipeline_dados/Projeto_final_fase3/venv/lib/python3.9/site-packages/airflow/example_dags/example_short_circuit_decorator.py
[2025-11-27T14:21:10.259-0300] {processor.py:830} INFO - Processing file /Users/davispecia/Documents/GitHub/Pf_pipeline_dados/Projeto_final_fase3/venv/lib/python3.9/site-packages/airflow/example_dags/example_short_circuit_decorator.py for tasks to queue
[2025-11-27T14:21:10.260-0300] {logging_mixin.py:188} INFO - [2025-11-27T14:21:10.260-0300] {dagbag.py:545} INFO - Filling up the DagBag from /Users/davispecia/Documents/GitHub/Pf_pipeline_dados/Projeto_final_fase3/venv/lib/python3.9/site-packages/airflow/example_dags/example_short_circuit_decorator.py
[2025-11-27T14:21:10.279-0300] {processor.py:840} INFO - DAG(s) 'example_short_circuit_decorator' retrieved from /Users/davispecia/Documents/GitHub/Pf_pipeline_dados/Projeto_final_fase3/venv/lib/python3.9/site-packages/airflow/example_dags/example_short_circuit_decorator.py
[2025-11-27T14:21:10.352-0300] {logging_mixin.py:188} INFO - [2025-11-27T14:21:10.351-0300] {dag.py:3089} INFO - Sync 1 DAGs
[2025-11-27T14:21:10.360-0300] {logging_mixin.py:188} INFO - [2025-11-27T14:21:10.360-0300] {dag.py:3947} INFO - Setting next_dagrun for example_short_circuit_decorator to 2025-11-26 00:00:00+00:00, run_after=2025-11-27 00:00:00+00:00
[2025-11-27T14:21:10.369-0300] {processor.py:183} INFO - Processing /Users/davispecia/Documents/GitHub/Pf_pipeline_dados/Projeto_final_fase3/venv/lib/python3.9/site-packages/airflow/example_dags/example_short_circuit_decorator.py took 0.113 seconds
[2025-11-27T14:23:20.578-0300] {processor.py:161} INFO - Started process (PID=5643) to work on /Users/davispecia/Documents/GitHub/Pf_pipeline_dados/Projeto_final_fase3/venv/lib/python3.9/site-packages/airflow/example_dags/example_short_circuit_decorator.py
[2025-11-27T14:23:20.578-0300] {processor.py:830} INFO - Processing file /Users/davispecia/Documents/GitHub/Pf_pipeline_dados/Projeto_final_fase3/venv/lib/python3.9/site-packages/airflow/example_dags/example_short_circuit_decorator.py for tasks to queue
[2025-11-27T14:23:20.579-0300] {logging_mixin.py:188} INFO - [2025-11-27T14:23:20.579-0300] {dagbag.py:545} INFO - Filling up the DagBag from /Users/davispecia/Documents/GitHub/Pf_pipeline_dados/Projeto_final_fase3/venv/lib/python3.9/site-packages/airflow/example_dags/example_short_circuit_decorator.py
[2025-11-27T14:23:20.598-0300] {processor.py:840} INFO - DAG(s) 'example_short_circuit_decorator' retrieved from /Users/davispecia/Documents/GitHub/Pf_pipeline_dados/Projeto_final_fase3/venv/lib/python3.9/site-packages/airflow/example_dags/example_short_circuit_decorator.py
[2025-11-27T14:23:20.672-0300] {logging_mixin.py:188} INFO - [2025-11-27T14:23:20.672-0300] {dag.py:3089} INFO - Sync 1 DAGs
[2025-11-27T14:23:20.682-0300] {logging_mixin.py:188} INFO - [2025-11-27T14:23:20.682-0300] {dag.py:3947} INFO - Setting next_dagrun for example_short_circuit_decorator to 2025-11-26 00:00:00+00:00, run_after=2025-11-27 00:00:00+00:00
[2025-11-27T14:23:20.691-0300] {processor.py:183} INFO - Processing /Users/davispecia/Documents/GitHub/Pf_pipeline_dados/Projeto_final_fase3/venv/lib/python3.9/site-packages/airflow/example_dags/example_short_circuit_decorator.py took 0.115 seconds
[2025-11-27T14:25:41.511-0300] {processor.py:161} INFO - Started process (PID=5969) to work on /Users/davispecia/Documents/GitHub/Pf_pipeline_dados/Projeto_final_fase3/venv/lib/python3.9/site-packages/airflow/example_dags/example_short_circuit_decorator.py
[2025-11-27T14:25:41.511-0300] {processor.py:830} INFO - Processing file /Users/davispecia/Documents/GitHub/Pf_pipeline_dados/Projeto_final_fase3/venv/lib/python3.9/site-packages/airflow/example_dags/example_short_circuit_decorator.py for tasks to queue
[2025-11-27T14:25:41.512-0300] {logging_mixin.py:188} INFO - [2025-11-27T14:25:41.512-0300] {dagbag.py:545} INFO - Filling up the DagBag from /Users/davispecia/Documents/GitHub/Pf_pipeline_dados/Projeto_final_fase3/venv/lib/python3.9/site-packages/airflow/example_dags/example_short_circuit_decorator.py
[2025-11-27T14:25:41.531-0300] {processor.py:840} INFO - DAG(s) 'example_short_circuit_decorator' retrieved from /Users/davispecia/Documents/GitHub/Pf_pipeline_dados/Projeto_final_fase3/venv/lib/python3.9/site-packages/airflow/example_dags/example_short_circuit_decorator.py
[2025-11-27T14:25:41.609-0300] {logging_mixin.py:188} INFO - [2025-11-27T14:25:41.609-0300] {dag.py:3089} INFO - Sync 1 DAGs
[2025-11-27T14:25:41.619-0300] {logging_mixin.py:188} INFO - [2025-11-27T14:25:41.619-0300] {dag.py:3947} INFO - Setting next_dagrun for example_short_circuit_decorator to 2025-11-26 00:00:00+00:00, run_after=2025-11-27 00:00:00+00:00
[2025-11-27T14:25:41.628-0300] {processor.py:183} INFO - Processing /Users/davispecia/Documents/GitHub/Pf_pipeline_dados/Projeto_final_fase3/venv/lib/python3.9/site-packages/airflow/example_dags/example_short_circuit_decorator.py took 0.119 seconds
[2025-11-27T14:28:17.062-0300] {processor.py:161} INFO - Started process (PID=6446) to work on /Users/davispecia/Documents/GitHub/Pf_pipeline_dados/Projeto_final_fase3/venv/lib/python3.9/site-packages/airflow/example_dags/example_short_circuit_decorator.py
[2025-11-27T14:28:17.063-0300] {processor.py:830} INFO - Processing file /Users/davispecia/Documents/GitHub/Pf_pipeline_dados/Projeto_final_fase3/venv/lib/python3.9/site-packages/airflow/example_dags/example_short_circuit_decorator.py for tasks to queue
[2025-11-27T14:28:17.063-0300] {logging_mixin.py:188} INFO - [2025-11-27T14:28:17.063-0300] {dagbag.py:545} INFO - Filling up the DagBag from /Users/davispecia/Documents/GitHub/Pf_pipeline_dados/Projeto_final_fase3/venv/lib/python3.9/site-packages/airflow/example_dags/example_short_circuit_decorator.py
[2025-11-27T14:28:17.083-0300] {processor.py:840} INFO - DAG(s) 'example_short_circuit_decorator' retrieved from /Users/davispecia/Documents/GitHub/Pf_pipeline_dados/Projeto_final_fase3/venv/lib/python3.9/site-packages/airflow/example_dags/example_short_circuit_decorator.py
[2025-11-27T14:28:17.157-0300] {logging_mixin.py:188} INFO - [2025-11-27T14:28:17.157-0300] {dag.py:3089} INFO - Sync 1 DAGs
[2025-11-27T14:28:17.166-0300] {logging_mixin.py:188} INFO - [2025-11-27T14:28:17.166-0300] {dag.py:3947} INFO - Setting next_dagrun for example_short_circuit_decorator to 2025-11-26 00:00:00+00:00, run_after=2025-11-27 00:00:00+00:00
[2025-11-27T14:28:17.175-0300] {processor.py:183} INFO - Processing /Users/davispecia/Documents/GitHub/Pf_pipeline_dados/Projeto_final_fase3/venv/lib/python3.9/site-packages/airflow/example_dags/example_short_circuit_decorator.py took 0.115 seconds
[2025-11-27T14:30:28.268-0300] {processor.py:161} INFO - Started process (PID=6762) to work on /Users/davispecia/Documents/GitHub/Pf_pipeline_dados/Projeto_final_fase3/venv/lib/python3.9/site-packages/airflow/example_dags/example_short_circuit_decorator.py
[2025-11-27T14:30:28.269-0300] {processor.py:830} INFO - Processing file /Users/davispecia/Documents/GitHub/Pf_pipeline_dados/Projeto_final_fase3/venv/lib/python3.9/site-packages/airflow/example_dags/example_short_circuit_decorator.py for tasks to queue
[2025-11-27T14:30:28.269-0300] {logging_mixin.py:188} INFO - [2025-11-27T14:30:28.269-0300] {dagbag.py:545} INFO - Filling up the DagBag from /Users/davispecia/Documents/GitHub/Pf_pipeline_dados/Projeto_final_fase3/venv/lib/python3.9/site-packages/airflow/example_dags/example_short_circuit_decorator.py
[2025-11-27T14:30:28.287-0300] {processor.py:840} INFO - DAG(s) 'example_short_circuit_decorator' retrieved from /Users/davispecia/Documents/GitHub/Pf_pipeline_dados/Projeto_final_fase3/venv/lib/python3.9/site-packages/airflow/example_dags/example_short_circuit_decorator.py
[2025-11-27T14:30:28.360-0300] {logging_mixin.py:188} INFO - [2025-11-27T14:30:28.360-0300] {dag.py:3089} INFO - Sync 1 DAGs
[2025-11-27T14:30:28.370-0300] {logging_mixin.py:188} INFO - [2025-11-27T14:30:28.370-0300] {dag.py:3947} INFO - Setting next_dagrun for example_short_circuit_decorator to 2025-11-26 00:00:00+00:00, run_after=2025-11-27 00:00:00+00:00
[2025-11-27T14:30:28.380-0300] {processor.py:183} INFO - Processing /Users/davispecia/Documents/GitHub/Pf_pipeline_dados/Projeto_final_fase3/venv/lib/python3.9/site-packages/airflow/example_dags/example_short_circuit_decorator.py took 0.114 seconds
[2025-11-27T14:32:34.500-0300] {processor.py:161} INFO - Started process (PID=7063) to work on /Users/davispecia/Documents/GitHub/Pf_pipeline_dados/Projeto_final_fase3/venv/lib/python3.9/site-packages/airflow/example_dags/example_short_circuit_decorator.py
[2025-11-27T14:32:34.501-0300] {processor.py:830} INFO - Processing file /Users/davispecia/Documents/GitHub/Pf_pipeline_dados/Projeto_final_fase3/venv/lib/python3.9/site-packages/airflow/example_dags/example_short_circuit_decorator.py for tasks to queue
[2025-11-27T14:32:34.501-0300] {logging_mixin.py:188} INFO - [2025-11-27T14:32:34.501-0300] {dagbag.py:545} INFO - Filling up the DagBag from /Users/davispecia/Documents/GitHub/Pf_pipeline_dados/Projeto_final_fase3/venv/lib/python3.9/site-packages/airflow/example_dags/example_short_circuit_decorator.py
[2025-11-27T14:32:34.520-0300] {processor.py:840} INFO - DAG(s) 'example_short_circuit_decorator' retrieved from /Users/davispecia/Documents/GitHub/Pf_pipeline_dados/Projeto_final_fase3/venv/lib/python3.9/site-packages/airflow/example_dags/example_short_circuit_decorator.py
[2025-11-27T14:32:34.595-0300] {logging_mixin.py:188} INFO - [2025-11-27T14:32:34.595-0300] {dag.py:3089} INFO - Sync 1 DAGs
[2025-11-27T14:32:34.605-0300] {logging_mixin.py:188} INFO - [2025-11-27T14:32:34.605-0300] {dag.py:3947} INFO - Setting next_dagrun for example_short_circuit_decorator to 2025-11-26 00:00:00+00:00, run_after=2025-11-27 00:00:00+00:00
[2025-11-27T14:32:34.614-0300] {processor.py:183} INFO - Processing /Users/davispecia/Documents/GitHub/Pf_pipeline_dados/Projeto_final_fase3/venv/lib/python3.9/site-packages/airflow/example_dags/example_short_circuit_decorator.py took 0.116 seconds
[2025-11-27T14:34:59.440-0300] {processor.py:161} INFO - Started process (PID=7492) to work on /Users/davispecia/Documents/GitHub/Pf_pipeline_dados/Projeto_final_fase3/venv/lib/python3.9/site-packages/airflow/example_dags/example_short_circuit_decorator.py
[2025-11-27T14:34:59.451-0300] {processor.py:830} INFO - Processing file /Users/davispecia/Documents/GitHub/Pf_pipeline_dados/Projeto_final_fase3/venv/lib/python3.9/site-packages/airflow/example_dags/example_short_circuit_decorator.py for tasks to queue
[2025-11-27T14:34:59.452-0300] {logging_mixin.py:188} INFO - [2025-11-27T14:34:59.451-0300] {dagbag.py:545} INFO - Filling up the DagBag from /Users/davispecia/Documents/GitHub/Pf_pipeline_dados/Projeto_final_fase3/venv/lib/python3.9/site-packages/airflow/example_dags/example_short_circuit_decorator.py
[2025-11-27T14:34:59.503-0300] {processor.py:840} INFO - DAG(s) 'example_short_circuit_decorator' retrieved from /Users/davispecia/Documents/GitHub/Pf_pipeline_dados/Projeto_final_fase3/venv/lib/python3.9/site-packages/airflow/example_dags/example_short_circuit_decorator.py
[2025-11-27T14:34:59.731-0300] {logging_mixin.py:188} INFO - [2025-11-27T14:34:59.731-0300] {dag.py:3089} INFO - Sync 1 DAGs
[2025-11-27T14:34:59.755-0300] {logging_mixin.py:188} INFO - [2025-11-27T14:34:59.755-0300] {dag.py:3947} INFO - Setting next_dagrun for example_short_circuit_decorator to 2025-11-26 00:00:00+00:00, run_after=2025-11-27 00:00:00+00:00
[2025-11-27T14:34:59.795-0300] {processor.py:183} INFO - Processing /Users/davispecia/Documents/GitHub/Pf_pipeline_dados/Projeto_final_fase3/venv/lib/python3.9/site-packages/airflow/example_dags/example_short_circuit_decorator.py took 0.367 seconds
[2025-11-27T14:36:15.172-0300] {processor.py:161} INFO - Started process (PID=7794) to work on /Users/davispecia/Documents/GitHub/Pf_pipeline_dados/Projeto_final_fase3/venv/lib/python3.9/site-packages/airflow/example_dags/example_short_circuit_decorator.py
[2025-11-27T14:36:15.173-0300] {processor.py:830} INFO - Processing file /Users/davispecia/Documents/GitHub/Pf_pipeline_dados/Projeto_final_fase3/venv/lib/python3.9/site-packages/airflow/example_dags/example_short_circuit_decorator.py for tasks to queue
[2025-11-27T14:36:15.173-0300] {logging_mixin.py:188} INFO - [2025-11-27T14:36:15.173-0300] {dagbag.py:545} INFO - Filling up the DagBag from /Users/davispecia/Documents/GitHub/Pf_pipeline_dados/Projeto_final_fase3/venv/lib/python3.9/site-packages/airflow/example_dags/example_short_circuit_decorator.py
[2025-11-27T14:36:15.192-0300] {processor.py:840} INFO - DAG(s) 'example_short_circuit_decorator' retrieved from /Users/davispecia/Documents/GitHub/Pf_pipeline_dados/Projeto_final_fase3/venv/lib/python3.9/site-packages/airflow/example_dags/example_short_circuit_decorator.py
[2025-11-27T14:36:15.265-0300] {logging_mixin.py:188} INFO - [2025-11-27T14:36:15.265-0300] {dag.py:3089} INFO - Sync 1 DAGs
[2025-11-27T14:36:15.273-0300] {logging_mixin.py:188} INFO - [2025-11-27T14:36:15.273-0300] {dag.py:3947} INFO - Setting next_dagrun for example_short_circuit_decorator to 2025-11-26 00:00:00+00:00, run_after=2025-11-27 00:00:00+00:00
[2025-11-27T14:36:15.282-0300] {processor.py:183} INFO - Processing /Users/davispecia/Documents/GitHub/Pf_pipeline_dados/Projeto_final_fase3/venv/lib/python3.9/site-packages/airflow/example_dags/example_short_circuit_decorator.py took 0.112 seconds
[2025-11-27T14:38:29.916-0300] {processor.py:161} INFO - Started process (PID=8126) to work on /Users/davispecia/Documents/GitHub/Pf_pipeline_dados/Projeto_final_fase3/venv/lib/python3.9/site-packages/airflow/example_dags/example_short_circuit_decorator.py
[2025-11-27T14:38:29.917-0300] {processor.py:830} INFO - Processing file /Users/davispecia/Documents/GitHub/Pf_pipeline_dados/Projeto_final_fase3/venv/lib/python3.9/site-packages/airflow/example_dags/example_short_circuit_decorator.py for tasks to queue
[2025-11-27T14:38:29.918-0300] {logging_mixin.py:188} INFO - [2025-11-27T14:38:29.917-0300] {dagbag.py:545} INFO - Filling up the DagBag from /Users/davispecia/Documents/GitHub/Pf_pipeline_dados/Projeto_final_fase3/venv/lib/python3.9/site-packages/airflow/example_dags/example_short_circuit_decorator.py
[2025-11-27T14:38:29.965-0300] {processor.py:840} INFO - DAG(s) 'example_short_circuit_decorator' retrieved from /Users/davispecia/Documents/GitHub/Pf_pipeline_dados/Projeto_final_fase3/venv/lib/python3.9/site-packages/airflow/example_dags/example_short_circuit_decorator.py
[2025-11-27T14:38:30.104-0300] {logging_mixin.py:188} INFO - [2025-11-27T14:38:30.104-0300] {dag.py:3089} INFO - Sync 1 DAGs
[2025-11-27T14:38:30.115-0300] {logging_mixin.py:188} INFO - [2025-11-27T14:38:30.114-0300] {dag.py:3947} INFO - Setting next_dagrun for example_short_circuit_decorator to 2025-11-26 00:00:00+00:00, run_after=2025-11-27 00:00:00+00:00
[2025-11-27T14:38:30.131-0300] {processor.py:183} INFO - Processing /Users/davispecia/Documents/GitHub/Pf_pipeline_dados/Projeto_final_fase3/venv/lib/python3.9/site-packages/airflow/example_dags/example_short_circuit_decorator.py took 0.218 seconds
[2025-11-27T14:40:47.110-0300] {processor.py:161} INFO - Started process (PID=8515) to work on /Users/davispecia/Documents/GitHub/Pf_pipeline_dados/Projeto_final_fase3/venv/lib/python3.9/site-packages/airflow/example_dags/example_short_circuit_decorator.py
[2025-11-27T14:40:47.111-0300] {processor.py:830} INFO - Processing file /Users/davispecia/Documents/GitHub/Pf_pipeline_dados/Projeto_final_fase3/venv/lib/python3.9/site-packages/airflow/example_dags/example_short_circuit_decorator.py for tasks to queue
[2025-11-27T14:40:47.111-0300] {logging_mixin.py:188} INFO - [2025-11-27T14:40:47.111-0300] {dagbag.py:545} INFO - Filling up the DagBag from /Users/davispecia/Documents/GitHub/Pf_pipeline_dados/Projeto_final_fase3/venv/lib/python3.9/site-packages/airflow/example_dags/example_short_circuit_decorator.py
[2025-11-27T14:40:47.130-0300] {processor.py:840} INFO - DAG(s) 'example_short_circuit_decorator' retrieved from /Users/davispecia/Documents/GitHub/Pf_pipeline_dados/Projeto_final_fase3/venv/lib/python3.9/site-packages/airflow/example_dags/example_short_circuit_decorator.py
[2025-11-27T14:40:47.200-0300] {logging_mixin.py:188} INFO - [2025-11-27T14:40:47.200-0300] {dag.py:3089} INFO - Sync 1 DAGs
[2025-11-27T14:40:47.209-0300] {logging_mixin.py:188} INFO - [2025-11-27T14:40:47.209-0300] {dag.py:3947} INFO - Setting next_dagrun for example_short_circuit_decorator to 2025-11-26 00:00:00+00:00, run_after=2025-11-27 00:00:00+00:00
[2025-11-27T14:40:47.217-0300] {processor.py:183} INFO - Processing /Users/davispecia/Documents/GitHub/Pf_pipeline_dados/Projeto_final_fase3/venv/lib/python3.9/site-packages/airflow/example_dags/example_short_circuit_decorator.py took 0.109 seconds
[2025-11-27T14:42:49.805-0300] {processor.py:161} INFO - Started process (PID=8890) to work on /Users/davispecia/Documents/GitHub/Pf_pipeline_dados/Projeto_final_fase3/venv/lib/python3.9/site-packages/airflow/example_dags/example_short_circuit_decorator.py
[2025-11-27T14:42:49.805-0300] {processor.py:830} INFO - Processing file /Users/davispecia/Documents/GitHub/Pf_pipeline_dados/Projeto_final_fase3/venv/lib/python3.9/site-packages/airflow/example_dags/example_short_circuit_decorator.py for tasks to queue
[2025-11-27T14:42:49.806-0300] {logging_mixin.py:188} INFO - [2025-11-27T14:42:49.806-0300] {dagbag.py:545} INFO - Filling up the DagBag from /Users/davispecia/Documents/GitHub/Pf_pipeline_dados/Projeto_final_fase3/venv/lib/python3.9/site-packages/airflow/example_dags/example_short_circuit_decorator.py
[2025-11-27T14:42:49.825-0300] {processor.py:840} INFO - DAG(s) 'example_short_circuit_decorator' retrieved from /Users/davispecia/Documents/GitHub/Pf_pipeline_dados/Projeto_final_fase3/venv/lib/python3.9/site-packages/airflow/example_dags/example_short_circuit_decorator.py
[2025-11-27T14:42:49.897-0300] {logging_mixin.py:188} INFO - [2025-11-27T14:42:49.897-0300] {dag.py:3089} INFO - Sync 1 DAGs
[2025-11-27T14:42:49.906-0300] {logging_mixin.py:188} INFO - [2025-11-27T14:42:49.906-0300] {dag.py:3947} INFO - Setting next_dagrun for example_short_circuit_decorator to 2025-11-26 00:00:00+00:00, run_after=2025-11-27 00:00:00+00:00
[2025-11-27T14:42:49.915-0300] {processor.py:183} INFO - Processing /Users/davispecia/Documents/GitHub/Pf_pipeline_dados/Projeto_final_fase3/venv/lib/python3.9/site-packages/airflow/example_dags/example_short_circuit_decorator.py took 0.112 seconds
[2025-11-27T14:45:08.557-0300] {processor.py:161} INFO - Started process (PID=9346) to work on /Users/davispecia/Documents/GitHub/Pf_pipeline_dados/Projeto_final_fase3/venv/lib/python3.9/site-packages/airflow/example_dags/example_short_circuit_decorator.py
[2025-11-27T14:45:08.558-0300] {processor.py:830} INFO - Processing file /Users/davispecia/Documents/GitHub/Pf_pipeline_dados/Projeto_final_fase3/venv/lib/python3.9/site-packages/airflow/example_dags/example_short_circuit_decorator.py for tasks to queue
[2025-11-27T14:45:08.558-0300] {logging_mixin.py:188} INFO - [2025-11-27T14:45:08.558-0300] {dagbag.py:545} INFO - Filling up the DagBag from /Users/davispecia/Documents/GitHub/Pf_pipeline_dados/Projeto_final_fase3/venv/lib/python3.9/site-packages/airflow/example_dags/example_short_circuit_decorator.py
[2025-11-27T14:45:08.578-0300] {processor.py:840} INFO - DAG(s) 'example_short_circuit_decorator' retrieved from /Users/davispecia/Documents/GitHub/Pf_pipeline_dados/Projeto_final_fase3/venv/lib/python3.9/site-packages/airflow/example_dags/example_short_circuit_decorator.py
[2025-11-27T14:45:08.650-0300] {logging_mixin.py:188} INFO - [2025-11-27T14:45:08.650-0300] {dag.py:3089} INFO - Sync 1 DAGs
[2025-11-27T14:45:08.659-0300] {logging_mixin.py:188} INFO - [2025-11-27T14:45:08.659-0300] {dag.py:3947} INFO - Setting next_dagrun for example_short_circuit_decorator to 2025-11-26 00:00:00+00:00, run_after=2025-11-27 00:00:00+00:00
[2025-11-27T14:45:08.668-0300] {processor.py:183} INFO - Processing /Users/davispecia/Documents/GitHub/Pf_pipeline_dados/Projeto_final_fase3/venv/lib/python3.9/site-packages/airflow/example_dags/example_short_circuit_decorator.py took 0.114 seconds
[2025-11-27T14:47:18.967-0300] {processor.py:161} INFO - Started process (PID=9663) to work on /Users/davispecia/Documents/GitHub/Pf_pipeline_dados/Projeto_final_fase3/venv/lib/python3.9/site-packages/airflow/example_dags/example_short_circuit_decorator.py
[2025-11-27T14:47:18.967-0300] {processor.py:830} INFO - Processing file /Users/davispecia/Documents/GitHub/Pf_pipeline_dados/Projeto_final_fase3/venv/lib/python3.9/site-packages/airflow/example_dags/example_short_circuit_decorator.py for tasks to queue
[2025-11-27T14:47:18.968-0300] {logging_mixin.py:188} INFO - [2025-11-27T14:47:18.968-0300] {dagbag.py:545} INFO - Filling up the DagBag from /Users/davispecia/Documents/GitHub/Pf_pipeline_dados/Projeto_final_fase3/venv/lib/python3.9/site-packages/airflow/example_dags/example_short_circuit_decorator.py
[2025-11-27T14:47:18.986-0300] {processor.py:840} INFO - DAG(s) 'example_short_circuit_decorator' retrieved from /Users/davispecia/Documents/GitHub/Pf_pipeline_dados/Projeto_final_fase3/venv/lib/python3.9/site-packages/airflow/example_dags/example_short_circuit_decorator.py
[2025-11-27T14:47:19.061-0300] {logging_mixin.py:188} INFO - [2025-11-27T14:47:19.061-0300] {dag.py:3089} INFO - Sync 1 DAGs
[2025-11-27T14:47:19.071-0300] {logging_mixin.py:188} INFO - [2025-11-27T14:47:19.070-0300] {dag.py:3947} INFO - Setting next_dagrun for example_short_circuit_decorator to 2025-11-26 00:00:00+00:00, run_after=2025-11-27 00:00:00+00:00
[2025-11-27T14:47:19.079-0300] {processor.py:183} INFO - Processing /Users/davispecia/Documents/GitHub/Pf_pipeline_dados/Projeto_final_fase3/venv/lib/python3.9/site-packages/airflow/example_dags/example_short_circuit_decorator.py took 0.114 seconds
[2025-11-27T14:49:24.643-0300] {processor.py:161} INFO - Started process (PID=9972) to work on /Users/davispecia/Documents/GitHub/Pf_pipeline_dados/Projeto_final_fase3/venv/lib/python3.9/site-packages/airflow/example_dags/example_short_circuit_decorator.py
[2025-11-27T14:49:24.644-0300] {processor.py:830} INFO - Processing file /Users/davispecia/Documents/GitHub/Pf_pipeline_dados/Projeto_final_fase3/venv/lib/python3.9/site-packages/airflow/example_dags/example_short_circuit_decorator.py for tasks to queue
[2025-11-27T14:49:24.644-0300] {logging_mixin.py:188} INFO - [2025-11-27T14:49:24.644-0300] {dagbag.py:545} INFO - Filling up the DagBag from /Users/davispecia/Documents/GitHub/Pf_pipeline_dados/Projeto_final_fase3/venv/lib/python3.9/site-packages/airflow/example_dags/example_short_circuit_decorator.py
[2025-11-27T14:49:24.662-0300] {processor.py:840} INFO - DAG(s) 'example_short_circuit_decorator' retrieved from /Users/davispecia/Documents/GitHub/Pf_pipeline_dados/Projeto_final_fase3/venv/lib/python3.9/site-packages/airflow/example_dags/example_short_circuit_decorator.py
[2025-11-27T14:49:24.732-0300] {logging_mixin.py:188} INFO - [2025-11-27T14:49:24.732-0300] {dag.py:3089} INFO - Sync 1 DAGs
[2025-11-27T14:49:24.740-0300] {logging_mixin.py:188} INFO - [2025-11-27T14:49:24.740-0300] {dag.py:3947} INFO - Setting next_dagrun for example_short_circuit_decorator to 2025-11-26 00:00:00+00:00, run_after=2025-11-27 00:00:00+00:00
[2025-11-27T14:49:24.749-0300] {processor.py:183} INFO - Processing /Users/davispecia/Documents/GitHub/Pf_pipeline_dados/Projeto_final_fase3/venv/lib/python3.9/site-packages/airflow/example_dags/example_short_circuit_decorator.py took 0.108 seconds
[2025-11-27T14:51:44.439-0300] {processor.py:161} INFO - Started process (PID=10366) to work on /Users/davispecia/Documents/GitHub/Pf_pipeline_dados/Projeto_final_fase3/venv/lib/python3.9/site-packages/airflow/example_dags/example_short_circuit_decorator.py
[2025-11-27T14:51:44.440-0300] {processor.py:830} INFO - Processing file /Users/davispecia/Documents/GitHub/Pf_pipeline_dados/Projeto_final_fase3/venv/lib/python3.9/site-packages/airflow/example_dags/example_short_circuit_decorator.py for tasks to queue
[2025-11-27T14:51:44.441-0300] {logging_mixin.py:188} INFO - [2025-11-27T14:51:44.441-0300] {dagbag.py:545} INFO - Filling up the DagBag from /Users/davispecia/Documents/GitHub/Pf_pipeline_dados/Projeto_final_fase3/venv/lib/python3.9/site-packages/airflow/example_dags/example_short_circuit_decorator.py
[2025-11-27T14:51:44.459-0300] {processor.py:840} INFO - DAG(s) 'example_short_circuit_decorator' retrieved from /Users/davispecia/Documents/GitHub/Pf_pipeline_dados/Projeto_final_fase3/venv/lib/python3.9/site-packages/airflow/example_dags/example_short_circuit_decorator.py
[2025-11-27T14:51:44.528-0300] {logging_mixin.py:188} INFO - [2025-11-27T14:51:44.528-0300] {dag.py:3089} INFO - Sync 1 DAGs
[2025-11-27T14:51:44.537-0300] {logging_mixin.py:188} INFO - [2025-11-27T14:51:44.537-0300] {dag.py:3947} INFO - Setting next_dagrun for example_short_circuit_decorator to 2025-11-26 00:00:00+00:00, run_after=2025-11-27 00:00:00+00:00
[2025-11-27T14:51:44.546-0300] {processor.py:183} INFO - Processing /Users/davispecia/Documents/GitHub/Pf_pipeline_dados/Projeto_final_fase3/venv/lib/python3.9/site-packages/airflow/example_dags/example_short_circuit_decorator.py took 0.109 seconds
[2025-11-27T14:53:48.289-0300] {processor.py:161} INFO - Started process (PID=10680) to work on /Users/davispecia/Documents/GitHub/Pf_pipeline_dados/Projeto_final_fase3/venv/lib/python3.9/site-packages/airflow/example_dags/example_short_circuit_decorator.py
[2025-11-27T14:53:48.290-0300] {processor.py:830} INFO - Processing file /Users/davispecia/Documents/GitHub/Pf_pipeline_dados/Projeto_final_fase3/venv/lib/python3.9/site-packages/airflow/example_dags/example_short_circuit_decorator.py for tasks to queue
[2025-11-27T14:53:48.290-0300] {logging_mixin.py:188} INFO - [2025-11-27T14:53:48.290-0300] {dagbag.py:545} INFO - Filling up the DagBag from /Users/davispecia/Documents/GitHub/Pf_pipeline_dados/Projeto_final_fase3/venv/lib/python3.9/site-packages/airflow/example_dags/example_short_circuit_decorator.py
[2025-11-27T14:53:48.308-0300] {processor.py:840} INFO - DAG(s) 'example_short_circuit_decorator' retrieved from /Users/davispecia/Documents/GitHub/Pf_pipeline_dados/Projeto_final_fase3/venv/lib/python3.9/site-packages/airflow/example_dags/example_short_circuit_decorator.py
[2025-11-27T14:53:48.377-0300] {logging_mixin.py:188} INFO - [2025-11-27T14:53:48.377-0300] {dag.py:3089} INFO - Sync 1 DAGs
[2025-11-27T14:53:48.386-0300] {logging_mixin.py:188} INFO - [2025-11-27T14:53:48.386-0300] {dag.py:3947} INFO - Setting next_dagrun for example_short_circuit_decorator to 2025-11-26 00:00:00+00:00, run_after=2025-11-27 00:00:00+00:00
[2025-11-27T14:53:48.395-0300] {processor.py:183} INFO - Processing /Users/davispecia/Documents/GitHub/Pf_pipeline_dados/Projeto_final_fase3/venv/lib/python3.9/site-packages/airflow/example_dags/example_short_circuit_decorator.py took 0.108 seconds
[2025-11-27T14:56:02.329-0300] {processor.py:161} INFO - Started process (PID=11060) to work on /Users/davispecia/Documents/GitHub/Pf_pipeline_dados/Projeto_final_fase3/venv/lib/python3.9/site-packages/airflow/example_dags/example_short_circuit_decorator.py
[2025-11-27T14:56:02.329-0300] {processor.py:830} INFO - Processing file /Users/davispecia/Documents/GitHub/Pf_pipeline_dados/Projeto_final_fase3/venv/lib/python3.9/site-packages/airflow/example_dags/example_short_circuit_decorator.py for tasks to queue
[2025-11-27T14:56:02.329-0300] {logging_mixin.py:188} INFO - [2025-11-27T14:56:02.329-0300] {dagbag.py:545} INFO - Filling up the DagBag from /Users/davispecia/Documents/GitHub/Pf_pipeline_dados/Projeto_final_fase3/venv/lib/python3.9/site-packages/airflow/example_dags/example_short_circuit_decorator.py
[2025-11-27T14:56:02.348-0300] {processor.py:840} INFO - DAG(s) 'example_short_circuit_decorator' retrieved from /Users/davispecia/Documents/GitHub/Pf_pipeline_dados/Projeto_final_fase3/venv/lib/python3.9/site-packages/airflow/example_dags/example_short_circuit_decorator.py
[2025-11-27T14:56:02.417-0300] {logging_mixin.py:188} INFO - [2025-11-27T14:56:02.417-0300] {dag.py:3089} INFO - Sync 1 DAGs
[2025-11-27T14:56:02.425-0300] {logging_mixin.py:188} INFO - [2025-11-27T14:56:02.425-0300] {dag.py:3947} INFO - Setting next_dagrun for example_short_circuit_decorator to 2025-11-26 00:00:00+00:00, run_after=2025-11-27 00:00:00+00:00
[2025-11-27T14:56:02.434-0300] {processor.py:183} INFO - Processing /Users/davispecia/Documents/GitHub/Pf_pipeline_dados/Projeto_final_fase3/venv/lib/python3.9/site-packages/airflow/example_dags/example_short_circuit_decorator.py took 0.108 seconds
[2025-11-27T14:58:09.687-0300] {processor.py:161} INFO - Started process (PID=11372) to work on /Users/davispecia/Documents/GitHub/Pf_pipeline_dados/Projeto_final_fase3/venv/lib/python3.9/site-packages/airflow/example_dags/example_short_circuit_decorator.py
[2025-11-27T14:58:09.687-0300] {processor.py:830} INFO - Processing file /Users/davispecia/Documents/GitHub/Pf_pipeline_dados/Projeto_final_fase3/venv/lib/python3.9/site-packages/airflow/example_dags/example_short_circuit_decorator.py for tasks to queue
[2025-11-27T14:58:09.688-0300] {logging_mixin.py:188} INFO - [2025-11-27T14:58:09.688-0300] {dagbag.py:545} INFO - Filling up the DagBag from /Users/davispecia/Documents/GitHub/Pf_pipeline_dados/Projeto_final_fase3/venv/lib/python3.9/site-packages/airflow/example_dags/example_short_circuit_decorator.py
[2025-11-27T14:58:09.708-0300] {processor.py:840} INFO - DAG(s) 'example_short_circuit_decorator' retrieved from /Users/davispecia/Documents/GitHub/Pf_pipeline_dados/Projeto_final_fase3/venv/lib/python3.9/site-packages/airflow/example_dags/example_short_circuit_decorator.py
[2025-11-27T14:58:09.777-0300] {logging_mixin.py:188} INFO - [2025-11-27T14:58:09.777-0300] {dag.py:3089} INFO - Sync 1 DAGs
[2025-11-27T14:58:09.786-0300] {logging_mixin.py:188} INFO - [2025-11-27T14:58:09.786-0300] {dag.py:3947} INFO - Setting next_dagrun for example_short_circuit_decorator to 2025-11-26 00:00:00+00:00, run_after=2025-11-27 00:00:00+00:00
[2025-11-27T14:58:09.795-0300] {processor.py:183} INFO - Processing /Users/davispecia/Documents/GitHub/Pf_pipeline_dados/Projeto_final_fase3/venv/lib/python3.9/site-packages/airflow/example_dags/example_short_circuit_decorator.py took 0.110 seconds
[2025-11-27T15:00:15.634-0300] {processor.py:161} INFO - Started process (PID=11676) to work on /Users/davispecia/Documents/GitHub/Pf_pipeline_dados/Projeto_final_fase3/venv/lib/python3.9/site-packages/airflow/example_dags/example_short_circuit_decorator.py
[2025-11-27T15:00:15.634-0300] {processor.py:830} INFO - Processing file /Users/davispecia/Documents/GitHub/Pf_pipeline_dados/Projeto_final_fase3/venv/lib/python3.9/site-packages/airflow/example_dags/example_short_circuit_decorator.py for tasks to queue
[2025-11-27T15:00:15.635-0300] {logging_mixin.py:188} INFO - [2025-11-27T15:00:15.635-0300] {dagbag.py:545} INFO - Filling up the DagBag from /Users/davispecia/Documents/GitHub/Pf_pipeline_dados/Projeto_final_fase3/venv/lib/python3.9/site-packages/airflow/example_dags/example_short_circuit_decorator.py
[2025-11-27T15:00:15.653-0300] {processor.py:840} INFO - DAG(s) 'example_short_circuit_decorator' retrieved from /Users/davispecia/Documents/GitHub/Pf_pipeline_dados/Projeto_final_fase3/venv/lib/python3.9/site-packages/airflow/example_dags/example_short_circuit_decorator.py
[2025-11-27T15:00:15.722-0300] {logging_mixin.py:188} INFO - [2025-11-27T15:00:15.722-0300] {dag.py:3089} INFO - Sync 1 DAGs
[2025-11-27T15:00:15.730-0300] {logging_mixin.py:188} INFO - [2025-11-27T15:00:15.730-0300] {dag.py:3947} INFO - Setting next_dagrun for example_short_circuit_decorator to 2025-11-26 00:00:00+00:00, run_after=2025-11-27 00:00:00+00:00
[2025-11-27T15:00:15.739-0300] {processor.py:183} INFO - Processing /Users/davispecia/Documents/GitHub/Pf_pipeline_dados/Projeto_final_fase3/venv/lib/python3.9/site-packages/airflow/example_dags/example_short_circuit_decorator.py took 0.107 seconds
[2025-11-27T15:02:32.732-0300] {processor.py:161} INFO - Started process (PID=12061) to work on /Users/davispecia/Documents/GitHub/Pf_pipeline_dados/Projeto_final_fase3/venv/lib/python3.9/site-packages/airflow/example_dags/example_short_circuit_decorator.py
[2025-11-27T15:02:32.732-0300] {processor.py:830} INFO - Processing file /Users/davispecia/Documents/GitHub/Pf_pipeline_dados/Projeto_final_fase3/venv/lib/python3.9/site-packages/airflow/example_dags/example_short_circuit_decorator.py for tasks to queue
[2025-11-27T15:02:32.733-0300] {logging_mixin.py:188} INFO - [2025-11-27T15:02:32.733-0300] {dagbag.py:545} INFO - Filling up the DagBag from /Users/davispecia/Documents/GitHub/Pf_pipeline_dados/Projeto_final_fase3/venv/lib/python3.9/site-packages/airflow/example_dags/example_short_circuit_decorator.py
[2025-11-27T15:02:32.751-0300] {processor.py:840} INFO - DAG(s) 'example_short_circuit_decorator' retrieved from /Users/davispecia/Documents/GitHub/Pf_pipeline_dados/Projeto_final_fase3/venv/lib/python3.9/site-packages/airflow/example_dags/example_short_circuit_decorator.py
[2025-11-27T15:02:32.821-0300] {logging_mixin.py:188} INFO - [2025-11-27T15:02:32.821-0300] {dag.py:3089} INFO - Sync 1 DAGs
[2025-11-27T15:02:32.830-0300] {logging_mixin.py:188} INFO - [2025-11-27T15:02:32.830-0300] {dag.py:3947} INFO - Setting next_dagrun for example_short_circuit_decorator to 2025-11-26 00:00:00+00:00, run_after=2025-11-27 00:00:00+00:00
[2025-11-27T15:02:32.838-0300] {processor.py:183} INFO - Processing /Users/davispecia/Documents/GitHub/Pf_pipeline_dados/Projeto_final_fase3/venv/lib/python3.9/site-packages/airflow/example_dags/example_short_circuit_decorator.py took 0.108 seconds
[2025-11-27T15:04:37.971-0300] {processor.py:161} INFO - Started process (PID=12359) to work on /Users/davispecia/Documents/GitHub/Pf_pipeline_dados/Projeto_final_fase3/venv/lib/python3.9/site-packages/airflow/example_dags/example_short_circuit_decorator.py
[2025-11-27T15:04:37.972-0300] {processor.py:830} INFO - Processing file /Users/davispecia/Documents/GitHub/Pf_pipeline_dados/Projeto_final_fase3/venv/lib/python3.9/site-packages/airflow/example_dags/example_short_circuit_decorator.py for tasks to queue
[2025-11-27T15:04:37.972-0300] {logging_mixin.py:188} INFO - [2025-11-27T15:04:37.972-0300] {dagbag.py:545} INFO - Filling up the DagBag from /Users/davispecia/Documents/GitHub/Pf_pipeline_dados/Projeto_final_fase3/venv/lib/python3.9/site-packages/airflow/example_dags/example_short_circuit_decorator.py
[2025-11-27T15:04:37.990-0300] {processor.py:840} INFO - DAG(s) 'example_short_circuit_decorator' retrieved from /Users/davispecia/Documents/GitHub/Pf_pipeline_dados/Projeto_final_fase3/venv/lib/python3.9/site-packages/airflow/example_dags/example_short_circuit_decorator.py
[2025-11-27T15:04:38.060-0300] {logging_mixin.py:188} INFO - [2025-11-27T15:04:38.060-0300] {dag.py:3089} INFO - Sync 1 DAGs
[2025-11-27T15:04:38.069-0300] {logging_mixin.py:188} INFO - [2025-11-27T15:04:38.069-0300] {dag.py:3947} INFO - Setting next_dagrun for example_short_circuit_decorator to 2025-11-26 00:00:00+00:00, run_after=2025-11-27 00:00:00+00:00
[2025-11-27T15:04:38.077-0300] {processor.py:183} INFO - Processing /Users/davispecia/Documents/GitHub/Pf_pipeline_dados/Projeto_final_fase3/venv/lib/python3.9/site-packages/airflow/example_dags/example_short_circuit_decorator.py took 0.108 seconds
[2025-11-27T15:06:46.769-0300] {processor.py:161} INFO - Started process (PID=12679) to work on /Users/davispecia/Documents/GitHub/Pf_pipeline_dados/Projeto_final_fase3/venv/lib/python3.9/site-packages/airflow/example_dags/example_short_circuit_decorator.py
[2025-11-27T15:06:46.770-0300] {processor.py:830} INFO - Processing file /Users/davispecia/Documents/GitHub/Pf_pipeline_dados/Projeto_final_fase3/venv/lib/python3.9/site-packages/airflow/example_dags/example_short_circuit_decorator.py for tasks to queue
[2025-11-27T15:06:46.771-0300] {logging_mixin.py:188} INFO - [2025-11-27T15:06:46.771-0300] {dagbag.py:545} INFO - Filling up the DagBag from /Users/davispecia/Documents/GitHub/Pf_pipeline_dados/Projeto_final_fase3/venv/lib/python3.9/site-packages/airflow/example_dags/example_short_circuit_decorator.py
[2025-11-27T15:06:46.789-0300] {processor.py:840} INFO - DAG(s) 'example_short_circuit_decorator' retrieved from /Users/davispecia/Documents/GitHub/Pf_pipeline_dados/Projeto_final_fase3/venv/lib/python3.9/site-packages/airflow/example_dags/example_short_circuit_decorator.py
[2025-11-27T15:06:46.859-0300] {logging_mixin.py:188} INFO - [2025-11-27T15:06:46.859-0300] {dag.py:3089} INFO - Sync 1 DAGs
[2025-11-27T15:06:46.867-0300] {logging_mixin.py:188} INFO - [2025-11-27T15:06:46.867-0300] {dag.py:3947} INFO - Setting next_dagrun for example_short_circuit_decorator to 2025-11-26 00:00:00+00:00, run_after=2025-11-27 00:00:00+00:00
[2025-11-27T15:06:46.876-0300] {processor.py:183} INFO - Processing /Users/davispecia/Documents/GitHub/Pf_pipeline_dados/Projeto_final_fase3/venv/lib/python3.9/site-packages/airflow/example_dags/example_short_circuit_decorator.py took 0.108 seconds
[2025-11-27T15:09:01.334-0300] {processor.py:161} INFO - Started process (PID=13058) to work on /Users/davispecia/Documents/GitHub/Pf_pipeline_dados/Projeto_final_fase3/venv/lib/python3.9/site-packages/airflow/example_dags/example_short_circuit_decorator.py
[2025-11-27T15:09:01.335-0300] {processor.py:830} INFO - Processing file /Users/davispecia/Documents/GitHub/Pf_pipeline_dados/Projeto_final_fase3/venv/lib/python3.9/site-packages/airflow/example_dags/example_short_circuit_decorator.py for tasks to queue
[2025-11-27T15:09:01.335-0300] {logging_mixin.py:188} INFO - [2025-11-27T15:09:01.335-0300] {dagbag.py:545} INFO - Filling up the DagBag from /Users/davispecia/Documents/GitHub/Pf_pipeline_dados/Projeto_final_fase3/venv/lib/python3.9/site-packages/airflow/example_dags/example_short_circuit_decorator.py
[2025-11-27T15:09:01.353-0300] {processor.py:840} INFO - DAG(s) 'example_short_circuit_decorator' retrieved from /Users/davispecia/Documents/GitHub/Pf_pipeline_dados/Projeto_final_fase3/venv/lib/python3.9/site-packages/airflow/example_dags/example_short_circuit_decorator.py
[2025-11-27T15:09:01.423-0300] {logging_mixin.py:188} INFO - [2025-11-27T15:09:01.423-0300] {dag.py:3089} INFO - Sync 1 DAGs
[2025-11-27T15:09:01.432-0300] {logging_mixin.py:188} INFO - [2025-11-27T15:09:01.432-0300] {dag.py:3947} INFO - Setting next_dagrun for example_short_circuit_decorator to 2025-11-26 00:00:00+00:00, run_after=2025-11-27 00:00:00+00:00
[2025-11-27T15:09:01.440-0300] {processor.py:183} INFO - Processing /Users/davispecia/Documents/GitHub/Pf_pipeline_dados/Projeto_final_fase3/venv/lib/python3.9/site-packages/airflow/example_dags/example_short_circuit_decorator.py took 0.108 seconds
[2025-11-27T15:11:07.370-0300] {processor.py:161} INFO - Started process (PID=13353) to work on /Users/davispecia/Documents/GitHub/Pf_pipeline_dados/Projeto_final_fase3/venv/lib/python3.9/site-packages/airflow/example_dags/example_short_circuit_decorator.py
[2025-11-27T15:11:07.370-0300] {processor.py:830} INFO - Processing file /Users/davispecia/Documents/GitHub/Pf_pipeline_dados/Projeto_final_fase3/venv/lib/python3.9/site-packages/airflow/example_dags/example_short_circuit_decorator.py for tasks to queue
[2025-11-27T15:11:07.371-0300] {logging_mixin.py:188} INFO - [2025-11-27T15:11:07.371-0300] {dagbag.py:545} INFO - Filling up the DagBag from /Users/davispecia/Documents/GitHub/Pf_pipeline_dados/Projeto_final_fase3/venv/lib/python3.9/site-packages/airflow/example_dags/example_short_circuit_decorator.py
[2025-11-27T15:11:07.388-0300] {processor.py:840} INFO - DAG(s) 'example_short_circuit_decorator' retrieved from /Users/davispecia/Documents/GitHub/Pf_pipeline_dados/Projeto_final_fase3/venv/lib/python3.9/site-packages/airflow/example_dags/example_short_circuit_decorator.py
[2025-11-27T15:11:07.458-0300] {logging_mixin.py:188} INFO - [2025-11-27T15:11:07.458-0300] {dag.py:3089} INFO - Sync 1 DAGs
[2025-11-27T15:11:07.467-0300] {logging_mixin.py:188} INFO - [2025-11-27T15:11:07.467-0300] {dag.py:3947} INFO - Setting next_dagrun for example_short_circuit_decorator to 2025-11-26 00:00:00+00:00, run_after=2025-11-27 00:00:00+00:00
[2025-11-27T15:11:07.478-0300] {processor.py:183} INFO - Processing /Users/davispecia/Documents/GitHub/Pf_pipeline_dados/Projeto_final_fase3/venv/lib/python3.9/site-packages/airflow/example_dags/example_short_circuit_decorator.py took 0.111 seconds
[2025-11-27T15:13:22.324-0300] {processor.py:161} INFO - Started process (PID=13825) to work on /Users/davispecia/Documents/GitHub/Pf_pipeline_dados/Projeto_final_fase3/venv/lib/python3.9/site-packages/airflow/example_dags/example_short_circuit_decorator.py
[2025-11-27T15:13:22.325-0300] {processor.py:830} INFO - Processing file /Users/davispecia/Documents/GitHub/Pf_pipeline_dados/Projeto_final_fase3/venv/lib/python3.9/site-packages/airflow/example_dags/example_short_circuit_decorator.py for tasks to queue
[2025-11-27T15:13:22.325-0300] {logging_mixin.py:188} INFO - [2025-11-27T15:13:22.325-0300] {dagbag.py:545} INFO - Filling up the DagBag from /Users/davispecia/Documents/GitHub/Pf_pipeline_dados/Projeto_final_fase3/venv/lib/python3.9/site-packages/airflow/example_dags/example_short_circuit_decorator.py
[2025-11-27T15:13:22.343-0300] {processor.py:840} INFO - DAG(s) 'example_short_circuit_decorator' retrieved from /Users/davispecia/Documents/GitHub/Pf_pipeline_dados/Projeto_final_fase3/venv/lib/python3.9/site-packages/airflow/example_dags/example_short_circuit_decorator.py
[2025-11-27T15:13:22.414-0300] {logging_mixin.py:188} INFO - [2025-11-27T15:13:22.414-0300] {dag.py:3089} INFO - Sync 1 DAGs
[2025-11-27T15:13:22.422-0300] {logging_mixin.py:188} INFO - [2025-11-27T15:13:22.422-0300] {dag.py:3947} INFO - Setting next_dagrun for example_short_circuit_decorator to 2025-11-26 00:00:00+00:00, run_after=2025-11-27 00:00:00+00:00
[2025-11-27T15:13:22.430-0300] {processor.py:183} INFO - Processing /Users/davispecia/Documents/GitHub/Pf_pipeline_dados/Projeto_final_fase3/venv/lib/python3.9/site-packages/airflow/example_dags/example_short_circuit_decorator.py took 0.108 seconds
[2025-11-27T15:15:16.674-0300] {processor.py:161} INFO - Started process (PID=14106) to work on /Users/davispecia/Documents/GitHub/Pf_pipeline_dados/Projeto_final_fase3/venv/lib/python3.9/site-packages/airflow/example_dags/example_short_circuit_decorator.py
[2025-11-27T15:15:16.674-0300] {processor.py:830} INFO - Processing file /Users/davispecia/Documents/GitHub/Pf_pipeline_dados/Projeto_final_fase3/venv/lib/python3.9/site-packages/airflow/example_dags/example_short_circuit_decorator.py for tasks to queue
[2025-11-27T15:15:16.675-0300] {logging_mixin.py:188} INFO - [2025-11-27T15:15:16.675-0300] {dagbag.py:545} INFO - Filling up the DagBag from /Users/davispecia/Documents/GitHub/Pf_pipeline_dados/Projeto_final_fase3/venv/lib/python3.9/site-packages/airflow/example_dags/example_short_circuit_decorator.py
[2025-11-27T15:15:16.692-0300] {processor.py:840} INFO - DAG(s) 'example_short_circuit_decorator' retrieved from /Users/davispecia/Documents/GitHub/Pf_pipeline_dados/Projeto_final_fase3/venv/lib/python3.9/site-packages/airflow/example_dags/example_short_circuit_decorator.py
[2025-11-27T15:15:16.766-0300] {logging_mixin.py:188} INFO - [2025-11-27T15:15:16.766-0300] {dag.py:3089} INFO - Sync 1 DAGs
[2025-11-27T15:15:16.775-0300] {logging_mixin.py:188} INFO - [2025-11-27T15:15:16.775-0300] {dag.py:3947} INFO - Setting next_dagrun for example_short_circuit_decorator to 2025-11-26 00:00:00+00:00, run_after=2025-11-27 00:00:00+00:00
[2025-11-27T15:15:16.786-0300] {processor.py:183} INFO - Processing /Users/davispecia/Documents/GitHub/Pf_pipeline_dados/Projeto_final_fase3/venv/lib/python3.9/site-packages/airflow/example_dags/example_short_circuit_decorator.py took 0.114 seconds
[2025-11-27T15:17:18.613-0300] {processor.py:161} INFO - Started process (PID=14402) to work on /Users/davispecia/Documents/GitHub/Pf_pipeline_dados/Projeto_final_fase3/venv/lib/python3.9/site-packages/airflow/example_dags/example_short_circuit_decorator.py
[2025-11-27T15:17:18.613-0300] {processor.py:830} INFO - Processing file /Users/davispecia/Documents/GitHub/Pf_pipeline_dados/Projeto_final_fase3/venv/lib/python3.9/site-packages/airflow/example_dags/example_short_circuit_decorator.py for tasks to queue
[2025-11-27T15:17:18.614-0300] {logging_mixin.py:188} INFO - [2025-11-27T15:17:18.614-0300] {dagbag.py:545} INFO - Filling up the DagBag from /Users/davispecia/Documents/GitHub/Pf_pipeline_dados/Projeto_final_fase3/venv/lib/python3.9/site-packages/airflow/example_dags/example_short_circuit_decorator.py
[2025-11-27T15:17:18.632-0300] {processor.py:840} INFO - DAG(s) 'example_short_circuit_decorator' retrieved from /Users/davispecia/Documents/GitHub/Pf_pipeline_dados/Projeto_final_fase3/venv/lib/python3.9/site-packages/airflow/example_dags/example_short_circuit_decorator.py
[2025-11-27T15:17:18.701-0300] {logging_mixin.py:188} INFO - [2025-11-27T15:17:18.701-0300] {dag.py:3089} INFO - Sync 1 DAGs
[2025-11-27T15:17:18.710-0300] {logging_mixin.py:188} INFO - [2025-11-27T15:17:18.709-0300] {dag.py:3947} INFO - Setting next_dagrun for example_short_circuit_decorator to 2025-11-26 00:00:00+00:00, run_after=2025-11-27 00:00:00+00:00
[2025-11-27T15:17:18.718-0300] {processor.py:183} INFO - Processing /Users/davispecia/Documents/GitHub/Pf_pipeline_dados/Projeto_final_fase3/venv/lib/python3.9/site-packages/airflow/example_dags/example_short_circuit_decorator.py took 0.107 seconds
[2025-11-27T15:19:26.770-0300] {processor.py:161} INFO - Started process (PID=14773) to work on /Users/davispecia/Documents/GitHub/Pf_pipeline_dados/Projeto_final_fase3/venv/lib/python3.9/site-packages/airflow/example_dags/example_short_circuit_decorator.py
[2025-11-27T15:19:26.771-0300] {processor.py:830} INFO - Processing file /Users/davispecia/Documents/GitHub/Pf_pipeline_dados/Projeto_final_fase3/venv/lib/python3.9/site-packages/airflow/example_dags/example_short_circuit_decorator.py for tasks to queue
[2025-11-27T15:19:26.771-0300] {logging_mixin.py:188} INFO - [2025-11-27T15:19:26.771-0300] {dagbag.py:545} INFO - Filling up the DagBag from /Users/davispecia/Documents/GitHub/Pf_pipeline_dados/Projeto_final_fase3/venv/lib/python3.9/site-packages/airflow/example_dags/example_short_circuit_decorator.py
[2025-11-27T15:19:26.789-0300] {processor.py:840} INFO - DAG(s) 'example_short_circuit_decorator' retrieved from /Users/davispecia/Documents/GitHub/Pf_pipeline_dados/Projeto_final_fase3/venv/lib/python3.9/site-packages/airflow/example_dags/example_short_circuit_decorator.py
[2025-11-27T15:19:26.860-0300] {logging_mixin.py:188} INFO - [2025-11-27T15:19:26.860-0300] {dag.py:3089} INFO - Sync 1 DAGs
[2025-11-27T15:19:26.869-0300] {logging_mixin.py:188} INFO - [2025-11-27T15:19:26.868-0300] {dag.py:3947} INFO - Setting next_dagrun for example_short_circuit_decorator to 2025-11-26 00:00:00+00:00, run_after=2025-11-27 00:00:00+00:00
[2025-11-27T15:19:26.877-0300] {processor.py:183} INFO - Processing /Users/davispecia/Documents/GitHub/Pf_pipeline_dados/Projeto_final_fase3/venv/lib/python3.9/site-packages/airflow/example_dags/example_short_circuit_decorator.py took 0.108 seconds
[2025-11-27T15:25:14.239-0300] {processor.py:161} INFO - Started process (PID=15215) to work on /Users/davispecia/Documents/GitHub/Pf_pipeline_dados/Projeto_final_fase3/venv/lib/python3.9/site-packages/airflow/example_dags/example_short_circuit_decorator.py
[2025-11-27T15:25:14.239-0300] {processor.py:830} INFO - Processing file /Users/davispecia/Documents/GitHub/Pf_pipeline_dados/Projeto_final_fase3/venv/lib/python3.9/site-packages/airflow/example_dags/example_short_circuit_decorator.py for tasks to queue
[2025-11-27T15:25:14.240-0300] {logging_mixin.py:188} INFO - [2025-11-27T15:25:14.240-0300] {dagbag.py:545} INFO - Filling up the DagBag from /Users/davispecia/Documents/GitHub/Pf_pipeline_dados/Projeto_final_fase3/venv/lib/python3.9/site-packages/airflow/example_dags/example_short_circuit_decorator.py
[2025-11-27T15:25:14.261-0300] {processor.py:840} INFO - DAG(s) 'example_short_circuit_decorator' retrieved from /Users/davispecia/Documents/GitHub/Pf_pipeline_dados/Projeto_final_fase3/venv/lib/python3.9/site-packages/airflow/example_dags/example_short_circuit_decorator.py
[2025-11-27T15:25:14.345-0300] {logging_mixin.py:188} INFO - [2025-11-27T15:25:14.345-0300] {dag.py:3089} INFO - Sync 1 DAGs
[2025-11-27T15:25:14.356-0300] {logging_mixin.py:188} INFO - [2025-11-27T15:25:14.355-0300] {dag.py:3947} INFO - Setting next_dagrun for example_short_circuit_decorator to 2025-11-26 00:00:00+00:00, run_after=2025-11-27 00:00:00+00:00
[2025-11-27T15:25:14.366-0300] {processor.py:183} INFO - Processing /Users/davispecia/Documents/GitHub/Pf_pipeline_dados/Projeto_final_fase3/venv/lib/python3.9/site-packages/airflow/example_dags/example_short_circuit_decorator.py took 0.130 seconds
