[2025-11-27T11:13:02.108-0300] {processor.py:161} INFO - Started process (PID=88997) to work on /Users/davispecia/Documents/GitHub/Pf_pipeline_dados/Projeto_final_fase3/venv/lib/python3.9/site-packages/airflow/example_dags/example_branch_python_dop_operator_3.py
[2025-11-27T11:13:02.108-0300] {processor.py:830} INFO - Processing file /Users/davispecia/Documents/GitHub/Pf_pipeline_dados/Projeto_final_fase3/venv/lib/python3.9/site-packages/airflow/example_dags/example_branch_python_dop_operator_3.py for tasks to queue
[2025-11-27T11:13:02.108-0300] {logging_mixin.py:188} INFO - [2025-11-27T11:13:02.108-0300] {dagbag.py:545} INFO - Filling up the DagBag from /Users/davispecia/Documents/GitHub/Pf_pipeline_dados/Projeto_final_fase3/venv/lib/python3.9/site-packages/airflow/example_dags/example_branch_python_dop_operator_3.py
[2025-11-27T11:13:02.129-0300] {processor.py:840} INFO - DAG(s) 'example_branch_dop_operator_v3' retrieved from /Users/davispecia/Documents/GitHub/Pf_pipeline_dados/Projeto_final_fase3/venv/lib/python3.9/site-packages/airflow/example_dags/example_branch_python_dop_operator_3.py
[2025-11-27T11:13:02.243-0300] {logging_mixin.py:188} INFO - [2025-11-27T11:13:02.242-0300] {override.py:1858} INFO - Created Permission View: can edit on DAG:example_branch_dop_operator_v3
[2025-11-27T11:13:02.246-0300] {logging_mixin.py:188} INFO - [2025-11-27T11:13:02.246-0300] {override.py:1858} INFO - Created Permission View: can delete on DAG:example_branch_dop_operator_v3
[2025-11-27T11:13:02.249-0300] {logging_mixin.py:188} INFO - [2025-11-27T11:13:02.248-0300] {override.py:1858} INFO - Created Permission View: can read on DAG:example_branch_dop_operator_v3
[2025-11-27T11:13:02.249-0300] {logging_mixin.py:188} INFO - [2025-11-27T11:13:02.249-0300] {dag.py:3089} INFO - Sync 1 DAGs
[2025-11-27T11:13:02.254-0300] {logging_mixin.py:188} INFO - [2025-11-27T11:13:02.253-0300] {dag.py:3111} INFO - Creating ORM DAG for example_branch_dop_operator_v3
[2025-11-27T11:13:02.260-0300] {logging_mixin.py:188} INFO - [2025-11-27T11:13:02.260-0300] {dag.py:3947} INFO - Setting next_dagrun for example_branch_dop_operator_v3 to 2025-11-27 14:12:00+00:00, run_after=2025-11-27 14:13:00+00:00
[2025-11-27T11:13:02.270-0300] {processor.py:183} INFO - Processing /Users/davispecia/Documents/GitHub/Pf_pipeline_dados/Projeto_final_fase3/venv/lib/python3.9/site-packages/airflow/example_dags/example_branch_python_dop_operator_3.py took 0.165 seconds
[2025-11-27T11:15:18.893-0300] {processor.py:161} INFO - Started process (PID=90214) to work on /Users/davispecia/Documents/GitHub/Pf_pipeline_dados/Projeto_final_fase3/venv/lib/python3.9/site-packages/airflow/example_dags/example_branch_python_dop_operator_3.py
[2025-11-27T11:15:18.893-0300] {processor.py:830} INFO - Processing file /Users/davispecia/Documents/GitHub/Pf_pipeline_dados/Projeto_final_fase3/venv/lib/python3.9/site-packages/airflow/example_dags/example_branch_python_dop_operator_3.py for tasks to queue
[2025-11-27T11:15:18.894-0300] {logging_mixin.py:188} INFO - [2025-11-27T11:15:18.893-0300] {dagbag.py:545} INFO - Filling up the DagBag from /Users/davispecia/Documents/GitHub/Pf_pipeline_dados/Projeto_final_fase3/venv/lib/python3.9/site-packages/airflow/example_dags/example_branch_python_dop_operator_3.py
[2025-11-27T11:15:18.948-0300] {processor.py:840} INFO - DAG(s) 'example_branch_dop_operator_v3' retrieved from /Users/davispecia/Documents/GitHub/Pf_pipeline_dados/Projeto_final_fase3/venv/lib/python3.9/site-packages/airflow/example_dags/example_branch_python_dop_operator_3.py
[2025-11-27T11:15:19.052-0300] {logging_mixin.py:188} INFO - [2025-11-27T11:15:19.052-0300] {dag.py:3089} INFO - Sync 1 DAGs
[2025-11-27T11:15:19.065-0300] {logging_mixin.py:188} INFO - [2025-11-27T11:15:19.065-0300] {dag.py:3947} INFO - Setting next_dagrun for example_branch_dop_operator_v3 to 2025-11-27 14:14:00+00:00, run_after=2025-11-27 14:15:00+00:00
[2025-11-27T11:15:19.077-0300] {processor.py:183} INFO - Processing /Users/davispecia/Documents/GitHub/Pf_pipeline_dados/Projeto_final_fase3/venv/lib/python3.9/site-packages/airflow/example_dags/example_branch_python_dop_operator_3.py took 0.188 seconds
[2025-11-27T11:18:46.389-0300] {processor.py:161} INFO - Started process (PID=91178) to work on /Users/davispecia/Documents/GitHub/Pf_pipeline_dados/Projeto_final_fase3/venv/lib/python3.9/site-packages/airflow/example_dags/example_branch_python_dop_operator_3.py
[2025-11-27T11:18:46.390-0300] {processor.py:830} INFO - Processing file /Users/davispecia/Documents/GitHub/Pf_pipeline_dados/Projeto_final_fase3/venv/lib/python3.9/site-packages/airflow/example_dags/example_branch_python_dop_operator_3.py for tasks to queue
[2025-11-27T11:18:46.390-0300] {logging_mixin.py:188} INFO - [2025-11-27T11:18:46.390-0300] {dagbag.py:545} INFO - Filling up the DagBag from /Users/davispecia/Documents/GitHub/Pf_pipeline_dados/Projeto_final_fase3/venv/lib/python3.9/site-packages/airflow/example_dags/example_branch_python_dop_operator_3.py
[2025-11-27T11:18:46.411-0300] {processor.py:840} INFO - DAG(s) 'example_branch_dop_operator_v3' retrieved from /Users/davispecia/Documents/GitHub/Pf_pipeline_dados/Projeto_final_fase3/venv/lib/python3.9/site-packages/airflow/example_dags/example_branch_python_dop_operator_3.py
[2025-11-27T11:18:46.482-0300] {logging_mixin.py:188} INFO - [2025-11-27T11:18:46.482-0300] {dag.py:3089} INFO - Sync 1 DAGs
[2025-11-27T11:18:46.494-0300] {logging_mixin.py:188} INFO - [2025-11-27T11:18:46.494-0300] {dag.py:3947} INFO - Setting next_dagrun for example_branch_dop_operator_v3 to 2025-11-27 14:17:00+00:00, run_after=2025-11-27 14:18:00+00:00
[2025-11-27T11:18:46.503-0300] {processor.py:183} INFO - Processing /Users/davispecia/Documents/GitHub/Pf_pipeline_dados/Projeto_final_fase3/venv/lib/python3.9/site-packages/airflow/example_dags/example_branch_python_dop_operator_3.py took 0.117 seconds
[2025-11-27T11:21:02.234-0300] {processor.py:161} INFO - Started process (PID=91574) to work on /Users/davispecia/Documents/GitHub/Pf_pipeline_dados/Projeto_final_fase3/venv/lib/python3.9/site-packages/airflow/example_dags/example_branch_python_dop_operator_3.py
[2025-11-27T11:21:02.235-0300] {processor.py:830} INFO - Processing file /Users/davispecia/Documents/GitHub/Pf_pipeline_dados/Projeto_final_fase3/venv/lib/python3.9/site-packages/airflow/example_dags/example_branch_python_dop_operator_3.py for tasks to queue
[2025-11-27T11:21:02.235-0300] {logging_mixin.py:188} INFO - [2025-11-27T11:21:02.235-0300] {dagbag.py:545} INFO - Filling up the DagBag from /Users/davispecia/Documents/GitHub/Pf_pipeline_dados/Projeto_final_fase3/venv/lib/python3.9/site-packages/airflow/example_dags/example_branch_python_dop_operator_3.py
[2025-11-27T11:21:02.254-0300] {processor.py:840} INFO - DAG(s) 'example_branch_dop_operator_v3' retrieved from /Users/davispecia/Documents/GitHub/Pf_pipeline_dados/Projeto_final_fase3/venv/lib/python3.9/site-packages/airflow/example_dags/example_branch_python_dop_operator_3.py
[2025-11-27T11:21:02.323-0300] {logging_mixin.py:188} INFO - [2025-11-27T11:21:02.323-0300] {dag.py:3089} INFO - Sync 1 DAGs
[2025-11-27T11:21:02.334-0300] {logging_mixin.py:188} INFO - [2025-11-27T11:21:02.334-0300] {dag.py:3947} INFO - Setting next_dagrun for example_branch_dop_operator_v3 to 2025-11-27 14:20:00+00:00, run_after=2025-11-27 14:21:00+00:00
[2025-11-27T11:21:02.342-0300] {processor.py:183} INFO - Processing /Users/davispecia/Documents/GitHub/Pf_pipeline_dados/Projeto_final_fase3/venv/lib/python3.9/site-packages/airflow/example_dags/example_branch_python_dop_operator_3.py took 0.111 seconds
[2025-11-27T11:23:04.087-0300] {processor.py:161} INFO - Started process (PID=91876) to work on /Users/davispecia/Documents/GitHub/Pf_pipeline_dados/Projeto_final_fase3/venv/lib/python3.9/site-packages/airflow/example_dags/example_branch_python_dop_operator_3.py
[2025-11-27T11:23:04.087-0300] {processor.py:830} INFO - Processing file /Users/davispecia/Documents/GitHub/Pf_pipeline_dados/Projeto_final_fase3/venv/lib/python3.9/site-packages/airflow/example_dags/example_branch_python_dop_operator_3.py for tasks to queue
[2025-11-27T11:23:04.088-0300] {logging_mixin.py:188} INFO - [2025-11-27T11:23:04.088-0300] {dagbag.py:545} INFO - Filling up the DagBag from /Users/davispecia/Documents/GitHub/Pf_pipeline_dados/Projeto_final_fase3/venv/lib/python3.9/site-packages/airflow/example_dags/example_branch_python_dop_operator_3.py
[2025-11-27T11:23:04.107-0300] {processor.py:840} INFO - DAG(s) 'example_branch_dop_operator_v3' retrieved from /Users/davispecia/Documents/GitHub/Pf_pipeline_dados/Projeto_final_fase3/venv/lib/python3.9/site-packages/airflow/example_dags/example_branch_python_dop_operator_3.py
[2025-11-27T11:23:04.175-0300] {logging_mixin.py:188} INFO - [2025-11-27T11:23:04.175-0300] {dag.py:3089} INFO - Sync 1 DAGs
[2025-11-27T11:23:04.187-0300] {logging_mixin.py:188} INFO - [2025-11-27T11:23:04.187-0300] {dag.py:3947} INFO - Setting next_dagrun for example_branch_dop_operator_v3 to 2025-11-27 14:22:00+00:00, run_after=2025-11-27 14:23:00+00:00
[2025-11-27T11:23:04.196-0300] {processor.py:183} INFO - Processing /Users/davispecia/Documents/GitHub/Pf_pipeline_dados/Projeto_final_fase3/venv/lib/python3.9/site-packages/airflow/example_dags/example_branch_python_dop_operator_3.py took 0.111 seconds
[2025-11-27T11:25:08.019-0300] {processor.py:161} INFO - Started process (PID=92183) to work on /Users/davispecia/Documents/GitHub/Pf_pipeline_dados/Projeto_final_fase3/venv/lib/python3.9/site-packages/airflow/example_dags/example_branch_python_dop_operator_3.py
[2025-11-27T11:25:08.019-0300] {processor.py:830} INFO - Processing file /Users/davispecia/Documents/GitHub/Pf_pipeline_dados/Projeto_final_fase3/venv/lib/python3.9/site-packages/airflow/example_dags/example_branch_python_dop_operator_3.py for tasks to queue
[2025-11-27T11:25:08.020-0300] {logging_mixin.py:188} INFO - [2025-11-27T11:25:08.019-0300] {dagbag.py:545} INFO - Filling up the DagBag from /Users/davispecia/Documents/GitHub/Pf_pipeline_dados/Projeto_final_fase3/venv/lib/python3.9/site-packages/airflow/example_dags/example_branch_python_dop_operator_3.py
[2025-11-27T11:25:08.038-0300] {processor.py:840} INFO - DAG(s) 'example_branch_dop_operator_v3' retrieved from /Users/davispecia/Documents/GitHub/Pf_pipeline_dados/Projeto_final_fase3/venv/lib/python3.9/site-packages/airflow/example_dags/example_branch_python_dop_operator_3.py
[2025-11-27T11:25:08.106-0300] {logging_mixin.py:188} INFO - [2025-11-27T11:25:08.106-0300] {dag.py:3089} INFO - Sync 1 DAGs
[2025-11-27T11:25:08.118-0300] {logging_mixin.py:188} INFO - [2025-11-27T11:25:08.118-0300] {dag.py:3947} INFO - Setting next_dagrun for example_branch_dop_operator_v3 to 2025-11-27 14:24:00+00:00, run_after=2025-11-27 14:25:00+00:00
[2025-11-27T11:25:08.127-0300] {processor.py:183} INFO - Processing /Users/davispecia/Documents/GitHub/Pf_pipeline_dados/Projeto_final_fase3/venv/lib/python3.9/site-packages/airflow/example_dags/example_branch_python_dop_operator_3.py took 0.110 seconds
[2025-11-27T11:27:22.810-0300] {processor.py:161} INFO - Started process (PID=92559) to work on /Users/davispecia/Documents/GitHub/Pf_pipeline_dados/Projeto_final_fase3/venv/lib/python3.9/site-packages/airflow/example_dags/example_branch_python_dop_operator_3.py
[2025-11-27T11:27:22.811-0300] {processor.py:830} INFO - Processing file /Users/davispecia/Documents/GitHub/Pf_pipeline_dados/Projeto_final_fase3/venv/lib/python3.9/site-packages/airflow/example_dags/example_branch_python_dop_operator_3.py for tasks to queue
[2025-11-27T11:27:22.811-0300] {logging_mixin.py:188} INFO - [2025-11-27T11:27:22.811-0300] {dagbag.py:545} INFO - Filling up the DagBag from /Users/davispecia/Documents/GitHub/Pf_pipeline_dados/Projeto_final_fase3/venv/lib/python3.9/site-packages/airflow/example_dags/example_branch_python_dop_operator_3.py
[2025-11-27T11:27:22.829-0300] {processor.py:840} INFO - DAG(s) 'example_branch_dop_operator_v3' retrieved from /Users/davispecia/Documents/GitHub/Pf_pipeline_dados/Projeto_final_fase3/venv/lib/python3.9/site-packages/airflow/example_dags/example_branch_python_dop_operator_3.py
[2025-11-27T11:27:22.897-0300] {logging_mixin.py:188} INFO - [2025-11-27T11:27:22.897-0300] {dag.py:3089} INFO - Sync 1 DAGs
[2025-11-27T11:27:22.909-0300] {logging_mixin.py:188} INFO - [2025-11-27T11:27:22.909-0300] {dag.py:3947} INFO - Setting next_dagrun for example_branch_dop_operator_v3 to 2025-11-27 14:26:00+00:00, run_after=2025-11-27 14:27:00+00:00
[2025-11-27T11:27:22.918-0300] {processor.py:183} INFO - Processing /Users/davispecia/Documents/GitHub/Pf_pipeline_dados/Projeto_final_fase3/venv/lib/python3.9/site-packages/airflow/example_dags/example_branch_python_dop_operator_3.py took 0.110 seconds
[2025-11-27T11:29:23.712-0300] {processor.py:161} INFO - Started process (PID=92869) to work on /Users/davispecia/Documents/GitHub/Pf_pipeline_dados/Projeto_final_fase3/venv/lib/python3.9/site-packages/airflow/example_dags/example_branch_python_dop_operator_3.py
[2025-11-27T11:29:23.712-0300] {processor.py:830} INFO - Processing file /Users/davispecia/Documents/GitHub/Pf_pipeline_dados/Projeto_final_fase3/venv/lib/python3.9/site-packages/airflow/example_dags/example_branch_python_dop_operator_3.py for tasks to queue
[2025-11-27T11:29:23.713-0300] {logging_mixin.py:188} INFO - [2025-11-27T11:29:23.713-0300] {dagbag.py:545} INFO - Filling up the DagBag from /Users/davispecia/Documents/GitHub/Pf_pipeline_dados/Projeto_final_fase3/venv/lib/python3.9/site-packages/airflow/example_dags/example_branch_python_dop_operator_3.py
[2025-11-27T11:29:23.732-0300] {processor.py:840} INFO - DAG(s) 'example_branch_dop_operator_v3' retrieved from /Users/davispecia/Documents/GitHub/Pf_pipeline_dados/Projeto_final_fase3/venv/lib/python3.9/site-packages/airflow/example_dags/example_branch_python_dop_operator_3.py
[2025-11-27T11:29:23.800-0300] {logging_mixin.py:188} INFO - [2025-11-27T11:29:23.800-0300] {dag.py:3089} INFO - Sync 1 DAGs
[2025-11-27T11:29:23.812-0300] {logging_mixin.py:188} INFO - [2025-11-27T11:29:23.811-0300] {dag.py:3947} INFO - Setting next_dagrun for example_branch_dop_operator_v3 to 2025-11-27 14:28:00+00:00, run_after=2025-11-27 14:29:00+00:00
[2025-11-27T11:29:23.820-0300] {processor.py:183} INFO - Processing /Users/davispecia/Documents/GitHub/Pf_pipeline_dados/Projeto_final_fase3/venv/lib/python3.9/site-packages/airflow/example_dags/example_branch_python_dop_operator_3.py took 0.111 seconds
[2025-11-27T11:31:33.949-0300] {processor.py:161} INFO - Started process (PID=93239) to work on /Users/davispecia/Documents/GitHub/Pf_pipeline_dados/Projeto_final_fase3/venv/lib/python3.9/site-packages/airflow/example_dags/example_branch_python_dop_operator_3.py
[2025-11-27T11:31:33.950-0300] {processor.py:830} INFO - Processing file /Users/davispecia/Documents/GitHub/Pf_pipeline_dados/Projeto_final_fase3/venv/lib/python3.9/site-packages/airflow/example_dags/example_branch_python_dop_operator_3.py for tasks to queue
[2025-11-27T11:31:33.950-0300] {logging_mixin.py:188} INFO - [2025-11-27T11:31:33.950-0300] {dagbag.py:545} INFO - Filling up the DagBag from /Users/davispecia/Documents/GitHub/Pf_pipeline_dados/Projeto_final_fase3/venv/lib/python3.9/site-packages/airflow/example_dags/example_branch_python_dop_operator_3.py
[2025-11-27T11:31:33.968-0300] {processor.py:840} INFO - DAG(s) 'example_branch_dop_operator_v3' retrieved from /Users/davispecia/Documents/GitHub/Pf_pipeline_dados/Projeto_final_fase3/venv/lib/python3.9/site-packages/airflow/example_dags/example_branch_python_dop_operator_3.py
[2025-11-27T11:31:34.038-0300] {logging_mixin.py:188} INFO - [2025-11-27T11:31:34.038-0300] {dag.py:3089} INFO - Sync 1 DAGs
[2025-11-27T11:31:34.049-0300] {logging_mixin.py:188} INFO - [2025-11-27T11:31:34.049-0300] {dag.py:3947} INFO - Setting next_dagrun for example_branch_dop_operator_v3 to 2025-11-27 14:30:00+00:00, run_after=2025-11-27 14:31:00+00:00
[2025-11-27T11:31:34.058-0300] {processor.py:183} INFO - Processing /Users/davispecia/Documents/GitHub/Pf_pipeline_dados/Projeto_final_fase3/venv/lib/python3.9/site-packages/airflow/example_dags/example_branch_python_dop_operator_3.py took 0.111 seconds
[2025-11-27T11:33:40.041-0300] {processor.py:161} INFO - Started process (PID=93545) to work on /Users/davispecia/Documents/GitHub/Pf_pipeline_dados/Projeto_final_fase3/venv/lib/python3.9/site-packages/airflow/example_dags/example_branch_python_dop_operator_3.py
[2025-11-27T11:33:40.042-0300] {processor.py:830} INFO - Processing file /Users/davispecia/Documents/GitHub/Pf_pipeline_dados/Projeto_final_fase3/venv/lib/python3.9/site-packages/airflow/example_dags/example_branch_python_dop_operator_3.py for tasks to queue
[2025-11-27T11:33:40.042-0300] {logging_mixin.py:188} INFO - [2025-11-27T11:33:40.042-0300] {dagbag.py:545} INFO - Filling up the DagBag from /Users/davispecia/Documents/GitHub/Pf_pipeline_dados/Projeto_final_fase3/venv/lib/python3.9/site-packages/airflow/example_dags/example_branch_python_dop_operator_3.py
[2025-11-27T11:33:40.061-0300] {processor.py:840} INFO - DAG(s) 'example_branch_dop_operator_v3' retrieved from /Users/davispecia/Documents/GitHub/Pf_pipeline_dados/Projeto_final_fase3/venv/lib/python3.9/site-packages/airflow/example_dags/example_branch_python_dop_operator_3.py
[2025-11-27T11:33:40.129-0300] {logging_mixin.py:188} INFO - [2025-11-27T11:33:40.129-0300] {dag.py:3089} INFO - Sync 1 DAGs
[2025-11-27T11:33:40.141-0300] {logging_mixin.py:188} INFO - [2025-11-27T11:33:40.141-0300] {dag.py:3947} INFO - Setting next_dagrun for example_branch_dop_operator_v3 to 2025-11-27 14:32:00+00:00, run_after=2025-11-27 14:33:00+00:00
[2025-11-27T11:33:40.149-0300] {processor.py:183} INFO - Processing /Users/davispecia/Documents/GitHub/Pf_pipeline_dados/Projeto_final_fase3/venv/lib/python3.9/site-packages/airflow/example_dags/example_branch_python_dop_operator_3.py took 0.110 seconds
[2025-11-27T11:35:48.004-0300] {processor.py:161} INFO - Started process (PID=93859) to work on /Users/davispecia/Documents/GitHub/Pf_pipeline_dados/Projeto_final_fase3/venv/lib/python3.9/site-packages/airflow/example_dags/example_branch_python_dop_operator_3.py
[2025-11-27T11:35:48.005-0300] {processor.py:830} INFO - Processing file /Users/davispecia/Documents/GitHub/Pf_pipeline_dados/Projeto_final_fase3/venv/lib/python3.9/site-packages/airflow/example_dags/example_branch_python_dop_operator_3.py for tasks to queue
[2025-11-27T11:35:48.005-0300] {logging_mixin.py:188} INFO - [2025-11-27T11:35:48.005-0300] {dagbag.py:545} INFO - Filling up the DagBag from /Users/davispecia/Documents/GitHub/Pf_pipeline_dados/Projeto_final_fase3/venv/lib/python3.9/site-packages/airflow/example_dags/example_branch_python_dop_operator_3.py
[2025-11-27T11:35:48.024-0300] {processor.py:840} INFO - DAG(s) 'example_branch_dop_operator_v3' retrieved from /Users/davispecia/Documents/GitHub/Pf_pipeline_dados/Projeto_final_fase3/venv/lib/python3.9/site-packages/airflow/example_dags/example_branch_python_dop_operator_3.py
[2025-11-27T11:35:48.092-0300] {logging_mixin.py:188} INFO - [2025-11-27T11:35:48.091-0300] {dag.py:3089} INFO - Sync 1 DAGs
[2025-11-27T11:35:48.103-0300] {logging_mixin.py:188} INFO - [2025-11-27T11:35:48.103-0300] {dag.py:3947} INFO - Setting next_dagrun for example_branch_dop_operator_v3 to 2025-11-27 14:34:00+00:00, run_after=2025-11-27 14:35:00+00:00
[2025-11-27T11:35:48.112-0300] {processor.py:183} INFO - Processing /Users/davispecia/Documents/GitHub/Pf_pipeline_dados/Projeto_final_fase3/venv/lib/python3.9/site-packages/airflow/example_dags/example_branch_python_dop_operator_3.py took 0.109 seconds
[2025-11-27T11:38:02.598-0300] {processor.py:161} INFO - Started process (PID=94223) to work on /Users/davispecia/Documents/GitHub/Pf_pipeline_dados/Projeto_final_fase3/venv/lib/python3.9/site-packages/airflow/example_dags/example_branch_python_dop_operator_3.py
[2025-11-27T11:38:02.599-0300] {processor.py:830} INFO - Processing file /Users/davispecia/Documents/GitHub/Pf_pipeline_dados/Projeto_final_fase3/venv/lib/python3.9/site-packages/airflow/example_dags/example_branch_python_dop_operator_3.py for tasks to queue
[2025-11-27T11:38:02.600-0300] {logging_mixin.py:188} INFO - [2025-11-27T11:38:02.599-0300] {dagbag.py:545} INFO - Filling up the DagBag from /Users/davispecia/Documents/GitHub/Pf_pipeline_dados/Projeto_final_fase3/venv/lib/python3.9/site-packages/airflow/example_dags/example_branch_python_dop_operator_3.py
[2025-11-27T11:38:02.618-0300] {processor.py:840} INFO - DAG(s) 'example_branch_dop_operator_v3' retrieved from /Users/davispecia/Documents/GitHub/Pf_pipeline_dados/Projeto_final_fase3/venv/lib/python3.9/site-packages/airflow/example_dags/example_branch_python_dop_operator_3.py
[2025-11-27T11:38:02.685-0300] {logging_mixin.py:188} INFO - [2025-11-27T11:38:02.685-0300] {dag.py:3089} INFO - Sync 1 DAGs
[2025-11-27T11:38:02.697-0300] {logging_mixin.py:188} INFO - [2025-11-27T11:38:02.696-0300] {dag.py:3947} INFO - Setting next_dagrun for example_branch_dop_operator_v3 to 2025-11-27 14:37:00+00:00, run_after=2025-11-27 14:38:00+00:00
[2025-11-27T11:38:02.705-0300] {processor.py:183} INFO - Processing /Users/davispecia/Documents/GitHub/Pf_pipeline_dados/Projeto_final_fase3/venv/lib/python3.9/site-packages/airflow/example_dags/example_branch_python_dop_operator_3.py took 0.109 seconds
[2025-11-27T11:40:08.378-0300] {processor.py:161} INFO - Started process (PID=94514) to work on /Users/davispecia/Documents/GitHub/Pf_pipeline_dados/Projeto_final_fase3/venv/lib/python3.9/site-packages/airflow/example_dags/example_branch_python_dop_operator_3.py
[2025-11-27T11:40:08.379-0300] {processor.py:830} INFO - Processing file /Users/davispecia/Documents/GitHub/Pf_pipeline_dados/Projeto_final_fase3/venv/lib/python3.9/site-packages/airflow/example_dags/example_branch_python_dop_operator_3.py for tasks to queue
[2025-11-27T11:40:08.379-0300] {logging_mixin.py:188} INFO - [2025-11-27T11:40:08.379-0300] {dagbag.py:545} INFO - Filling up the DagBag from /Users/davispecia/Documents/GitHub/Pf_pipeline_dados/Projeto_final_fase3/venv/lib/python3.9/site-packages/airflow/example_dags/example_branch_python_dop_operator_3.py
[2025-11-27T11:40:08.398-0300] {processor.py:840} INFO - DAG(s) 'example_branch_dop_operator_v3' retrieved from /Users/davispecia/Documents/GitHub/Pf_pipeline_dados/Projeto_final_fase3/venv/lib/python3.9/site-packages/airflow/example_dags/example_branch_python_dop_operator_3.py
[2025-11-27T11:40:08.468-0300] {logging_mixin.py:188} INFO - [2025-11-27T11:40:08.468-0300] {dag.py:3089} INFO - Sync 1 DAGs
[2025-11-27T11:40:08.479-0300] {logging_mixin.py:188} INFO - [2025-11-27T11:40:08.479-0300] {dag.py:3947} INFO - Setting next_dagrun for example_branch_dop_operator_v3 to 2025-11-27 14:39:00+00:00, run_after=2025-11-27 14:40:00+00:00
[2025-11-27T11:40:08.489-0300] {processor.py:183} INFO - Processing /Users/davispecia/Documents/GitHub/Pf_pipeline_dados/Projeto_final_fase3/venv/lib/python3.9/site-packages/airflow/example_dags/example_branch_python_dop_operator_3.py took 0.113 seconds
[2025-11-27T11:42:23.957-0300] {processor.py:161} INFO - Started process (PID=94906) to work on /Users/davispecia/Documents/GitHub/Pf_pipeline_dados/Projeto_final_fase3/venv/lib/python3.9/site-packages/airflow/example_dags/example_branch_python_dop_operator_3.py
[2025-11-27T11:42:23.957-0300] {processor.py:830} INFO - Processing file /Users/davispecia/Documents/GitHub/Pf_pipeline_dados/Projeto_final_fase3/venv/lib/python3.9/site-packages/airflow/example_dags/example_branch_python_dop_operator_3.py for tasks to queue
[2025-11-27T11:42:23.958-0300] {logging_mixin.py:188} INFO - [2025-11-27T11:42:23.958-0300] {dagbag.py:545} INFO - Filling up the DagBag from /Users/davispecia/Documents/GitHub/Pf_pipeline_dados/Projeto_final_fase3/venv/lib/python3.9/site-packages/airflow/example_dags/example_branch_python_dop_operator_3.py
[2025-11-27T11:42:23.976-0300] {processor.py:840} INFO - DAG(s) 'example_branch_dop_operator_v3' retrieved from /Users/davispecia/Documents/GitHub/Pf_pipeline_dados/Projeto_final_fase3/venv/lib/python3.9/site-packages/airflow/example_dags/example_branch_python_dop_operator_3.py
[2025-11-27T11:42:24.044-0300] {logging_mixin.py:188} INFO - [2025-11-27T11:42:24.044-0300] {dag.py:3089} INFO - Sync 1 DAGs
[2025-11-27T11:42:24.055-0300] {logging_mixin.py:188} INFO - [2025-11-27T11:42:24.055-0300] {dag.py:3947} INFO - Setting next_dagrun for example_branch_dop_operator_v3 to 2025-11-27 14:41:00+00:00, run_after=2025-11-27 14:42:00+00:00
[2025-11-27T11:42:24.064-0300] {processor.py:183} INFO - Processing /Users/davispecia/Documents/GitHub/Pf_pipeline_dados/Projeto_final_fase3/venv/lib/python3.9/site-packages/airflow/example_dags/example_branch_python_dop_operator_3.py took 0.110 seconds
[2025-11-27T11:44:31.414-0300] {processor.py:161} INFO - Started process (PID=95207) to work on /Users/davispecia/Documents/GitHub/Pf_pipeline_dados/Projeto_final_fase3/venv/lib/python3.9/site-packages/airflow/example_dags/example_branch_python_dop_operator_3.py
[2025-11-27T11:44:31.416-0300] {processor.py:830} INFO - Processing file /Users/davispecia/Documents/GitHub/Pf_pipeline_dados/Projeto_final_fase3/venv/lib/python3.9/site-packages/airflow/example_dags/example_branch_python_dop_operator_3.py for tasks to queue
[2025-11-27T11:44:31.416-0300] {logging_mixin.py:188} INFO - [2025-11-27T11:44:31.416-0300] {dagbag.py:545} INFO - Filling up the DagBag from /Users/davispecia/Documents/GitHub/Pf_pipeline_dados/Projeto_final_fase3/venv/lib/python3.9/site-packages/airflow/example_dags/example_branch_python_dop_operator_3.py
[2025-11-27T11:44:31.434-0300] {processor.py:840} INFO - DAG(s) 'example_branch_dop_operator_v3' retrieved from /Users/davispecia/Documents/GitHub/Pf_pipeline_dados/Projeto_final_fase3/venv/lib/python3.9/site-packages/airflow/example_dags/example_branch_python_dop_operator_3.py
[2025-11-27T11:44:31.503-0300] {logging_mixin.py:188} INFO - [2025-11-27T11:44:31.502-0300] {dag.py:3089} INFO - Sync 1 DAGs
[2025-11-27T11:44:31.515-0300] {logging_mixin.py:188} INFO - [2025-11-27T11:44:31.515-0300] {dag.py:3947} INFO - Setting next_dagrun for example_branch_dop_operator_v3 to 2025-11-27 14:43:00+00:00, run_after=2025-11-27 14:44:00+00:00
[2025-11-27T11:44:31.523-0300] {processor.py:183} INFO - Processing /Users/davispecia/Documents/GitHub/Pf_pipeline_dados/Projeto_final_fase3/venv/lib/python3.9/site-packages/airflow/example_dags/example_branch_python_dop_operator_3.py took 0.111 seconds
[2025-11-27T11:46:34.285-0300] {processor.py:161} INFO - Started process (PID=95502) to work on /Users/davispecia/Documents/GitHub/Pf_pipeline_dados/Projeto_final_fase3/venv/lib/python3.9/site-packages/airflow/example_dags/example_branch_python_dop_operator_3.py
[2025-11-27T11:46:34.286-0300] {processor.py:830} INFO - Processing file /Users/davispecia/Documents/GitHub/Pf_pipeline_dados/Projeto_final_fase3/venv/lib/python3.9/site-packages/airflow/example_dags/example_branch_python_dop_operator_3.py for tasks to queue
[2025-11-27T11:46:34.287-0300] {logging_mixin.py:188} INFO - [2025-11-27T11:46:34.287-0300] {dagbag.py:545} INFO - Filling up the DagBag from /Users/davispecia/Documents/GitHub/Pf_pipeline_dados/Projeto_final_fase3/venv/lib/python3.9/site-packages/airflow/example_dags/example_branch_python_dop_operator_3.py
[2025-11-27T11:46:34.305-0300] {processor.py:840} INFO - DAG(s) 'example_branch_dop_operator_v3' retrieved from /Users/davispecia/Documents/GitHub/Pf_pipeline_dados/Projeto_final_fase3/venv/lib/python3.9/site-packages/airflow/example_dags/example_branch_python_dop_operator_3.py
[2025-11-27T11:46:34.373-0300] {logging_mixin.py:188} INFO - [2025-11-27T11:46:34.372-0300] {dag.py:3089} INFO - Sync 1 DAGs
[2025-11-27T11:46:34.384-0300] {logging_mixin.py:188} INFO - [2025-11-27T11:46:34.384-0300] {dag.py:3947} INFO - Setting next_dagrun for example_branch_dop_operator_v3 to 2025-11-27 14:45:00+00:00, run_after=2025-11-27 14:46:00+00:00
[2025-11-27T11:46:34.393-0300] {processor.py:183} INFO - Processing /Users/davispecia/Documents/GitHub/Pf_pipeline_dados/Projeto_final_fase3/venv/lib/python3.9/site-packages/airflow/example_dags/example_branch_python_dop_operator_3.py took 0.110 seconds
[2025-11-27T11:48:50.329-0300] {processor.py:161} INFO - Started process (PID=95926) to work on /Users/davispecia/Documents/GitHub/Pf_pipeline_dados/Projeto_final_fase3/venv/lib/python3.9/site-packages/airflow/example_dags/example_branch_python_dop_operator_3.py
[2025-11-27T11:48:50.330-0300] {processor.py:830} INFO - Processing file /Users/davispecia/Documents/GitHub/Pf_pipeline_dados/Projeto_final_fase3/venv/lib/python3.9/site-packages/airflow/example_dags/example_branch_python_dop_operator_3.py for tasks to queue
[2025-11-27T11:48:50.330-0300] {logging_mixin.py:188} INFO - [2025-11-27T11:48:50.330-0300] {dagbag.py:545} INFO - Filling up the DagBag from /Users/davispecia/Documents/GitHub/Pf_pipeline_dados/Projeto_final_fase3/venv/lib/python3.9/site-packages/airflow/example_dags/example_branch_python_dop_operator_3.py
[2025-11-27T11:48:50.349-0300] {processor.py:840} INFO - DAG(s) 'example_branch_dop_operator_v3' retrieved from /Users/davispecia/Documents/GitHub/Pf_pipeline_dados/Projeto_final_fase3/venv/lib/python3.9/site-packages/airflow/example_dags/example_branch_python_dop_operator_3.py
[2025-11-27T11:48:50.416-0300] {logging_mixin.py:188} INFO - [2025-11-27T11:48:50.416-0300] {dag.py:3089} INFO - Sync 1 DAGs
[2025-11-27T11:48:50.428-0300] {logging_mixin.py:188} INFO - [2025-11-27T11:48:50.427-0300] {dag.py:3947} INFO - Setting next_dagrun for example_branch_dop_operator_v3 to 2025-11-27 14:47:00+00:00, run_after=2025-11-27 14:48:00+00:00
[2025-11-27T11:48:50.436-0300] {processor.py:183} INFO - Processing /Users/davispecia/Documents/GitHub/Pf_pipeline_dados/Projeto_final_fase3/venv/lib/python3.9/site-packages/airflow/example_dags/example_branch_python_dop_operator_3.py took 0.109 seconds
[2025-11-27T11:51:00.346-0300] {processor.py:161} INFO - Started process (PID=96250) to work on /Users/davispecia/Documents/GitHub/Pf_pipeline_dados/Projeto_final_fase3/venv/lib/python3.9/site-packages/airflow/example_dags/example_branch_python_dop_operator_3.py
[2025-11-27T11:51:00.347-0300] {processor.py:830} INFO - Processing file /Users/davispecia/Documents/GitHub/Pf_pipeline_dados/Projeto_final_fase3/venv/lib/python3.9/site-packages/airflow/example_dags/example_branch_python_dop_operator_3.py for tasks to queue
[2025-11-27T11:51:00.347-0300] {logging_mixin.py:188} INFO - [2025-11-27T11:51:00.347-0300] {dagbag.py:545} INFO - Filling up the DagBag from /Users/davispecia/Documents/GitHub/Pf_pipeline_dados/Projeto_final_fase3/venv/lib/python3.9/site-packages/airflow/example_dags/example_branch_python_dop_operator_3.py
[2025-11-27T11:51:00.374-0300] {processor.py:840} INFO - DAG(s) 'example_branch_dop_operator_v3' retrieved from /Users/davispecia/Documents/GitHub/Pf_pipeline_dados/Projeto_final_fase3/venv/lib/python3.9/site-packages/airflow/example_dags/example_branch_python_dop_operator_3.py
[2025-11-27T11:51:00.449-0300] {logging_mixin.py:188} INFO - [2025-11-27T11:51:00.449-0300] {dag.py:3089} INFO - Sync 1 DAGs
[2025-11-27T11:51:00.461-0300] {logging_mixin.py:188} INFO - [2025-11-27T11:51:00.461-0300] {dag.py:3947} INFO - Setting next_dagrun for example_branch_dop_operator_v3 to 2025-11-27 14:50:00+00:00, run_after=2025-11-27 14:51:00+00:00
[2025-11-27T11:51:00.471-0300] {processor.py:183} INFO - Processing /Users/davispecia/Documents/GitHub/Pf_pipeline_dados/Projeto_final_fase3/venv/lib/python3.9/site-packages/airflow/example_dags/example_branch_python_dop_operator_3.py took 0.127 seconds
[2025-11-27T11:53:02.966-0300] {processor.py:161} INFO - Started process (PID=96647) to work on /Users/davispecia/Documents/GitHub/Pf_pipeline_dados/Projeto_final_fase3/venv/lib/python3.9/site-packages/airflow/example_dags/example_branch_python_dop_operator_3.py
[2025-11-27T11:53:02.967-0300] {processor.py:830} INFO - Processing file /Users/davispecia/Documents/GitHub/Pf_pipeline_dados/Projeto_final_fase3/venv/lib/python3.9/site-packages/airflow/example_dags/example_branch_python_dop_operator_3.py for tasks to queue
[2025-11-27T11:53:02.967-0300] {logging_mixin.py:188} INFO - [2025-11-27T11:53:02.967-0300] {dagbag.py:545} INFO - Filling up the DagBag from /Users/davispecia/Documents/GitHub/Pf_pipeline_dados/Projeto_final_fase3/venv/lib/python3.9/site-packages/airflow/example_dags/example_branch_python_dop_operator_3.py
[2025-11-27T11:53:02.986-0300] {processor.py:840} INFO - DAG(s) 'example_branch_dop_operator_v3' retrieved from /Users/davispecia/Documents/GitHub/Pf_pipeline_dados/Projeto_final_fase3/venv/lib/python3.9/site-packages/airflow/example_dags/example_branch_python_dop_operator_3.py
[2025-11-27T11:53:03.056-0300] {logging_mixin.py:188} INFO - [2025-11-27T11:53:03.056-0300] {dag.py:3089} INFO - Sync 1 DAGs
[2025-11-27T11:53:03.068-0300] {logging_mixin.py:188} INFO - [2025-11-27T11:53:03.068-0300] {dag.py:3947} INFO - Setting next_dagrun for example_branch_dop_operator_v3 to 2025-11-27 14:52:00+00:00, run_after=2025-11-27 14:53:00+00:00
[2025-11-27T11:53:03.077-0300] {processor.py:183} INFO - Processing /Users/davispecia/Documents/GitHub/Pf_pipeline_dados/Projeto_final_fase3/venv/lib/python3.9/site-packages/airflow/example_dags/example_branch_python_dop_operator_3.py took 0.113 seconds
[2025-11-27T11:55:12.718-0300] {processor.py:161} INFO - Started process (PID=97015) to work on /Users/davispecia/Documents/GitHub/Pf_pipeline_dados/Projeto_final_fase3/venv/lib/python3.9/site-packages/airflow/example_dags/example_branch_python_dop_operator_3.py
[2025-11-27T11:55:12.719-0300] {processor.py:830} INFO - Processing file /Users/davispecia/Documents/GitHub/Pf_pipeline_dados/Projeto_final_fase3/venv/lib/python3.9/site-packages/airflow/example_dags/example_branch_python_dop_operator_3.py for tasks to queue
[2025-11-27T11:55:12.719-0300] {logging_mixin.py:188} INFO - [2025-11-27T11:55:12.719-0300] {dagbag.py:545} INFO - Filling up the DagBag from /Users/davispecia/Documents/GitHub/Pf_pipeline_dados/Projeto_final_fase3/venv/lib/python3.9/site-packages/airflow/example_dags/example_branch_python_dop_operator_3.py
[2025-11-27T11:55:12.738-0300] {processor.py:840} INFO - DAG(s) 'example_branch_dop_operator_v3' retrieved from /Users/davispecia/Documents/GitHub/Pf_pipeline_dados/Projeto_final_fase3/venv/lib/python3.9/site-packages/airflow/example_dags/example_branch_python_dop_operator_3.py
[2025-11-27T11:55:12.813-0300] {logging_mixin.py:188} INFO - [2025-11-27T11:55:12.813-0300] {dag.py:3089} INFO - Sync 1 DAGs
[2025-11-27T11:55:12.824-0300] {logging_mixin.py:188} INFO - [2025-11-27T11:55:12.824-0300] {dag.py:3947} INFO - Setting next_dagrun for example_branch_dop_operator_v3 to 2025-11-27 14:54:00+00:00, run_after=2025-11-27 14:55:00+00:00
[2025-11-27T11:55:12.833-0300] {processor.py:183} INFO - Processing /Users/davispecia/Documents/GitHub/Pf_pipeline_dados/Projeto_final_fase3/venv/lib/python3.9/site-packages/airflow/example_dags/example_branch_python_dop_operator_3.py took 0.117 seconds
[2025-11-27T11:57:17.001-0300] {processor.py:161} INFO - Started process (PID=97317) to work on /Users/davispecia/Documents/GitHub/Pf_pipeline_dados/Projeto_final_fase3/venv/lib/python3.9/site-packages/airflow/example_dags/example_branch_python_dop_operator_3.py
[2025-11-27T11:57:17.002-0300] {processor.py:830} INFO - Processing file /Users/davispecia/Documents/GitHub/Pf_pipeline_dados/Projeto_final_fase3/venv/lib/python3.9/site-packages/airflow/example_dags/example_branch_python_dop_operator_3.py for tasks to queue
[2025-11-27T11:57:17.003-0300] {logging_mixin.py:188} INFO - [2025-11-27T11:57:17.003-0300] {dagbag.py:545} INFO - Filling up the DagBag from /Users/davispecia/Documents/GitHub/Pf_pipeline_dados/Projeto_final_fase3/venv/lib/python3.9/site-packages/airflow/example_dags/example_branch_python_dop_operator_3.py
[2025-11-27T11:57:17.021-0300] {processor.py:840} INFO - DAG(s) 'example_branch_dop_operator_v3' retrieved from /Users/davispecia/Documents/GitHub/Pf_pipeline_dados/Projeto_final_fase3/venv/lib/python3.9/site-packages/airflow/example_dags/example_branch_python_dop_operator_3.py
[2025-11-27T11:57:17.088-0300] {logging_mixin.py:188} INFO - [2025-11-27T11:57:17.088-0300] {dag.py:3089} INFO - Sync 1 DAGs
[2025-11-27T11:57:17.100-0300] {logging_mixin.py:188} INFO - [2025-11-27T11:57:17.100-0300] {dag.py:3947} INFO - Setting next_dagrun for example_branch_dop_operator_v3 to 2025-11-27 14:56:00+00:00, run_after=2025-11-27 14:57:00+00:00
[2025-11-27T11:57:17.108-0300] {processor.py:183} INFO - Processing /Users/davispecia/Documents/GitHub/Pf_pipeline_dados/Projeto_final_fase3/venv/lib/python3.9/site-packages/airflow/example_dags/example_branch_python_dop_operator_3.py took 0.109 seconds
[2025-11-27T11:59:34.777-0300] {processor.py:161} INFO - Started process (PID=97702) to work on /Users/davispecia/Documents/GitHub/Pf_pipeline_dados/Projeto_final_fase3/venv/lib/python3.9/site-packages/airflow/example_dags/example_branch_python_dop_operator_3.py
[2025-11-27T11:59:34.779-0300] {processor.py:830} INFO - Processing file /Users/davispecia/Documents/GitHub/Pf_pipeline_dados/Projeto_final_fase3/venv/lib/python3.9/site-packages/airflow/example_dags/example_branch_python_dop_operator_3.py for tasks to queue
[2025-11-27T11:59:34.779-0300] {logging_mixin.py:188} INFO - [2025-11-27T11:59:34.779-0300] {dagbag.py:545} INFO - Filling up the DagBag from /Users/davispecia/Documents/GitHub/Pf_pipeline_dados/Projeto_final_fase3/venv/lib/python3.9/site-packages/airflow/example_dags/example_branch_python_dop_operator_3.py
[2025-11-27T11:59:34.797-0300] {processor.py:840} INFO - DAG(s) 'example_branch_dop_operator_v3' retrieved from /Users/davispecia/Documents/GitHub/Pf_pipeline_dados/Projeto_final_fase3/venv/lib/python3.9/site-packages/airflow/example_dags/example_branch_python_dop_operator_3.py
[2025-11-27T11:59:34.865-0300] {logging_mixin.py:188} INFO - [2025-11-27T11:59:34.865-0300] {dag.py:3089} INFO - Sync 1 DAGs
[2025-11-27T11:59:34.876-0300] {logging_mixin.py:188} INFO - [2025-11-27T11:59:34.876-0300] {dag.py:3947} INFO - Setting next_dagrun for example_branch_dop_operator_v3 to 2025-11-27 14:58:00+00:00, run_after=2025-11-27 14:59:00+00:00
[2025-11-27T11:59:34.885-0300] {processor.py:183} INFO - Processing /Users/davispecia/Documents/GitHub/Pf_pipeline_dados/Projeto_final_fase3/venv/lib/python3.9/site-packages/airflow/example_dags/example_branch_python_dop_operator_3.py took 0.110 seconds
[2025-11-27T12:01:44.494-0300] {processor.py:161} INFO - Started process (PID=98025) to work on /Users/davispecia/Documents/GitHub/Pf_pipeline_dados/Projeto_final_fase3/venv/lib/python3.9/site-packages/airflow/example_dags/example_branch_python_dop_operator_3.py
[2025-11-27T12:01:44.495-0300] {processor.py:830} INFO - Processing file /Users/davispecia/Documents/GitHub/Pf_pipeline_dados/Projeto_final_fase3/venv/lib/python3.9/site-packages/airflow/example_dags/example_branch_python_dop_operator_3.py for tasks to queue
[2025-11-27T12:01:44.495-0300] {logging_mixin.py:188} INFO - [2025-11-27T12:01:44.495-0300] {dagbag.py:545} INFO - Filling up the DagBag from /Users/davispecia/Documents/GitHub/Pf_pipeline_dados/Projeto_final_fase3/venv/lib/python3.9/site-packages/airflow/example_dags/example_branch_python_dop_operator_3.py
[2025-11-27T12:01:44.513-0300] {processor.py:840} INFO - DAG(s) 'example_branch_dop_operator_v3' retrieved from /Users/davispecia/Documents/GitHub/Pf_pipeline_dados/Projeto_final_fase3/venv/lib/python3.9/site-packages/airflow/example_dags/example_branch_python_dop_operator_3.py
[2025-11-27T12:01:44.580-0300] {logging_mixin.py:188} INFO - [2025-11-27T12:01:44.580-0300] {dag.py:3089} INFO - Sync 1 DAGs
[2025-11-27T12:01:44.592-0300] {logging_mixin.py:188} INFO - [2025-11-27T12:01:44.592-0300] {dag.py:3947} INFO - Setting next_dagrun for example_branch_dop_operator_v3 to 2025-11-27 15:00:00+00:00, run_after=2025-11-27 15:01:00+00:00
[2025-11-27T12:01:44.601-0300] {processor.py:183} INFO - Processing /Users/davispecia/Documents/GitHub/Pf_pipeline_dados/Projeto_final_fase3/venv/lib/python3.9/site-packages/airflow/example_dags/example_branch_python_dop_operator_3.py took 0.108 seconds
[2025-11-27T12:03:46.170-0300] {processor.py:161} INFO - Started process (PID=98317) to work on /Users/davispecia/Documents/GitHub/Pf_pipeline_dados/Projeto_final_fase3/venv/lib/python3.9/site-packages/airflow/example_dags/example_branch_python_dop_operator_3.py
[2025-11-27T12:03:46.172-0300] {processor.py:830} INFO - Processing file /Users/davispecia/Documents/GitHub/Pf_pipeline_dados/Projeto_final_fase3/venv/lib/python3.9/site-packages/airflow/example_dags/example_branch_python_dop_operator_3.py for tasks to queue
[2025-11-27T12:03:46.172-0300] {logging_mixin.py:188} INFO - [2025-11-27T12:03:46.172-0300] {dagbag.py:545} INFO - Filling up the DagBag from /Users/davispecia/Documents/GitHub/Pf_pipeline_dados/Projeto_final_fase3/venv/lib/python3.9/site-packages/airflow/example_dags/example_branch_python_dop_operator_3.py
[2025-11-27T12:03:46.190-0300] {processor.py:840} INFO - DAG(s) 'example_branch_dop_operator_v3' retrieved from /Users/davispecia/Documents/GitHub/Pf_pipeline_dados/Projeto_final_fase3/venv/lib/python3.9/site-packages/airflow/example_dags/example_branch_python_dop_operator_3.py
[2025-11-27T12:03:46.258-0300] {logging_mixin.py:188} INFO - [2025-11-27T12:03:46.258-0300] {dag.py:3089} INFO - Sync 1 DAGs
[2025-11-27T12:03:46.269-0300] {logging_mixin.py:188} INFO - [2025-11-27T12:03:46.269-0300] {dag.py:3947} INFO - Setting next_dagrun for example_branch_dop_operator_v3 to 2025-11-27 15:02:00+00:00, run_after=2025-11-27 15:03:00+00:00
[2025-11-27T12:03:46.278-0300] {processor.py:183} INFO - Processing /Users/davispecia/Documents/GitHub/Pf_pipeline_dados/Projeto_final_fase3/venv/lib/python3.9/site-packages/airflow/example_dags/example_branch_python_dop_operator_3.py took 0.109 seconds
[2025-11-27T12:06:06.037-0300] {processor.py:161} INFO - Started process (PID=98759) to work on /Users/davispecia/Documents/GitHub/Pf_pipeline_dados/Projeto_final_fase3/venv/lib/python3.9/site-packages/airflow/example_dags/example_branch_python_dop_operator_3.py
[2025-11-27T12:06:06.038-0300] {processor.py:830} INFO - Processing file /Users/davispecia/Documents/GitHub/Pf_pipeline_dados/Projeto_final_fase3/venv/lib/python3.9/site-packages/airflow/example_dags/example_branch_python_dop_operator_3.py for tasks to queue
[2025-11-27T12:06:06.038-0300] {logging_mixin.py:188} INFO - [2025-11-27T12:06:06.038-0300] {dagbag.py:545} INFO - Filling up the DagBag from /Users/davispecia/Documents/GitHub/Pf_pipeline_dados/Projeto_final_fase3/venv/lib/python3.9/site-packages/airflow/example_dags/example_branch_python_dop_operator_3.py
[2025-11-27T12:06:06.057-0300] {processor.py:840} INFO - DAG(s) 'example_branch_dop_operator_v3' retrieved from /Users/davispecia/Documents/GitHub/Pf_pipeline_dados/Projeto_final_fase3/venv/lib/python3.9/site-packages/airflow/example_dags/example_branch_python_dop_operator_3.py
[2025-11-27T12:06:06.124-0300] {logging_mixin.py:188} INFO - [2025-11-27T12:06:06.123-0300] {dag.py:3089} INFO - Sync 1 DAGs
[2025-11-27T12:06:06.135-0300] {logging_mixin.py:188} INFO - [2025-11-27T12:06:06.135-0300] {dag.py:3947} INFO - Setting next_dagrun for example_branch_dop_operator_v3 to 2025-11-27 15:05:00+00:00, run_after=2025-11-27 15:06:00+00:00
[2025-11-27T12:06:06.144-0300] {processor.py:183} INFO - Processing /Users/davispecia/Documents/GitHub/Pf_pipeline_dados/Projeto_final_fase3/venv/lib/python3.9/site-packages/airflow/example_dags/example_branch_python_dop_operator_3.py took 0.109 seconds
[2025-11-27T12:08:15.604-0300] {processor.py:161} INFO - Started process (PID=99070) to work on /Users/davispecia/Documents/GitHub/Pf_pipeline_dados/Projeto_final_fase3/venv/lib/python3.9/site-packages/airflow/example_dags/example_branch_python_dop_operator_3.py
[2025-11-27T12:08:15.605-0300] {processor.py:830} INFO - Processing file /Users/davispecia/Documents/GitHub/Pf_pipeline_dados/Projeto_final_fase3/venv/lib/python3.9/site-packages/airflow/example_dags/example_branch_python_dop_operator_3.py for tasks to queue
[2025-11-27T12:08:15.605-0300] {logging_mixin.py:188} INFO - [2025-11-27T12:08:15.605-0300] {dagbag.py:545} INFO - Filling up the DagBag from /Users/davispecia/Documents/GitHub/Pf_pipeline_dados/Projeto_final_fase3/venv/lib/python3.9/site-packages/airflow/example_dags/example_branch_python_dop_operator_3.py
[2025-11-27T12:08:15.624-0300] {processor.py:840} INFO - DAG(s) 'example_branch_dop_operator_v3' retrieved from /Users/davispecia/Documents/GitHub/Pf_pipeline_dados/Projeto_final_fase3/venv/lib/python3.9/site-packages/airflow/example_dags/example_branch_python_dop_operator_3.py
[2025-11-27T12:08:15.692-0300] {logging_mixin.py:188} INFO - [2025-11-27T12:08:15.692-0300] {dag.py:3089} INFO - Sync 1 DAGs
[2025-11-27T12:08:15.704-0300] {logging_mixin.py:188} INFO - [2025-11-27T12:08:15.704-0300] {dag.py:3947} INFO - Setting next_dagrun for example_branch_dop_operator_v3 to 2025-11-27 15:07:00+00:00, run_after=2025-11-27 15:08:00+00:00
[2025-11-27T12:08:15.712-0300] {processor.py:183} INFO - Processing /Users/davispecia/Documents/GitHub/Pf_pipeline_dados/Projeto_final_fase3/venv/lib/python3.9/site-packages/airflow/example_dags/example_branch_python_dop_operator_3.py took 0.111 seconds
[2025-11-27T12:10:22.551-0300] {processor.py:161} INFO - Started process (PID=99386) to work on /Users/davispecia/Documents/GitHub/Pf_pipeline_dados/Projeto_final_fase3/venv/lib/python3.9/site-packages/airflow/example_dags/example_branch_python_dop_operator_3.py
[2025-11-27T12:10:22.552-0300] {processor.py:830} INFO - Processing file /Users/davispecia/Documents/GitHub/Pf_pipeline_dados/Projeto_final_fase3/venv/lib/python3.9/site-packages/airflow/example_dags/example_branch_python_dop_operator_3.py for tasks to queue
[2025-11-27T12:10:22.552-0300] {logging_mixin.py:188} INFO - [2025-11-27T12:10:22.552-0300] {dagbag.py:545} INFO - Filling up the DagBag from /Users/davispecia/Documents/GitHub/Pf_pipeline_dados/Projeto_final_fase3/venv/lib/python3.9/site-packages/airflow/example_dags/example_branch_python_dop_operator_3.py
[2025-11-27T12:10:22.570-0300] {processor.py:840} INFO - DAG(s) 'example_branch_dop_operator_v3' retrieved from /Users/davispecia/Documents/GitHub/Pf_pipeline_dados/Projeto_final_fase3/venv/lib/python3.9/site-packages/airflow/example_dags/example_branch_python_dop_operator_3.py
[2025-11-27T12:10:22.637-0300] {logging_mixin.py:188} INFO - [2025-11-27T12:10:22.637-0300] {dag.py:3089} INFO - Sync 1 DAGs
[2025-11-27T12:10:22.649-0300] {logging_mixin.py:188} INFO - [2025-11-27T12:10:22.649-0300] {dag.py:3947} INFO - Setting next_dagrun for example_branch_dop_operator_v3 to 2025-11-27 15:09:00+00:00, run_after=2025-11-27 15:10:00+00:00
[2025-11-27T12:10:22.657-0300] {processor.py:183} INFO - Processing /Users/davispecia/Documents/GitHub/Pf_pipeline_dados/Projeto_final_fase3/venv/lib/python3.9/site-packages/airflow/example_dags/example_branch_python_dop_operator_3.py took 0.108 seconds
[2025-11-27T12:12:37.348-0300] {processor.py:161} INFO - Started process (PID=99750) to work on /Users/davispecia/Documents/GitHub/Pf_pipeline_dados/Projeto_final_fase3/venv/lib/python3.9/site-packages/airflow/example_dags/example_branch_python_dop_operator_3.py
[2025-11-27T12:12:37.348-0300] {processor.py:830} INFO - Processing file /Users/davispecia/Documents/GitHub/Pf_pipeline_dados/Projeto_final_fase3/venv/lib/python3.9/site-packages/airflow/example_dags/example_branch_python_dop_operator_3.py for tasks to queue
[2025-11-27T12:12:37.349-0300] {logging_mixin.py:188} INFO - [2025-11-27T12:12:37.349-0300] {dagbag.py:545} INFO - Filling up the DagBag from /Users/davispecia/Documents/GitHub/Pf_pipeline_dados/Projeto_final_fase3/venv/lib/python3.9/site-packages/airflow/example_dags/example_branch_python_dop_operator_3.py
[2025-11-27T12:12:37.367-0300] {processor.py:840} INFO - DAG(s) 'example_branch_dop_operator_v3' retrieved from /Users/davispecia/Documents/GitHub/Pf_pipeline_dados/Projeto_final_fase3/venv/lib/python3.9/site-packages/airflow/example_dags/example_branch_python_dop_operator_3.py
[2025-11-27T12:12:37.435-0300] {logging_mixin.py:188} INFO - [2025-11-27T12:12:37.435-0300] {dag.py:3089} INFO - Sync 1 DAGs
[2025-11-27T12:12:37.446-0300] {logging_mixin.py:188} INFO - [2025-11-27T12:12:37.446-0300] {dag.py:3947} INFO - Setting next_dagrun for example_branch_dop_operator_v3 to 2025-11-27 15:11:00+00:00, run_after=2025-11-27 15:12:00+00:00
[2025-11-27T12:12:37.456-0300] {processor.py:183} INFO - Processing /Users/davispecia/Documents/GitHub/Pf_pipeline_dados/Projeto_final_fase3/venv/lib/python3.9/site-packages/airflow/example_dags/example_branch_python_dop_operator_3.py took 0.110 seconds
[2025-11-27T12:14:41.952-0300] {processor.py:161} INFO - Started process (PID=186) to work on /Users/davispecia/Documents/GitHub/Pf_pipeline_dados/Projeto_final_fase3/venv/lib/python3.9/site-packages/airflow/example_dags/example_branch_python_dop_operator_3.py
[2025-11-27T12:14:41.953-0300] {processor.py:830} INFO - Processing file /Users/davispecia/Documents/GitHub/Pf_pipeline_dados/Projeto_final_fase3/venv/lib/python3.9/site-packages/airflow/example_dags/example_branch_python_dop_operator_3.py for tasks to queue
[2025-11-27T12:14:41.954-0300] {logging_mixin.py:188} INFO - [2025-11-27T12:14:41.954-0300] {dagbag.py:545} INFO - Filling up the DagBag from /Users/davispecia/Documents/GitHub/Pf_pipeline_dados/Projeto_final_fase3/venv/lib/python3.9/site-packages/airflow/example_dags/example_branch_python_dop_operator_3.py
[2025-11-27T12:14:41.972-0300] {processor.py:840} INFO - DAG(s) 'example_branch_dop_operator_v3' retrieved from /Users/davispecia/Documents/GitHub/Pf_pipeline_dados/Projeto_final_fase3/venv/lib/python3.9/site-packages/airflow/example_dags/example_branch_python_dop_operator_3.py
[2025-11-27T12:14:42.041-0300] {logging_mixin.py:188} INFO - [2025-11-27T12:14:42.041-0300] {dag.py:3089} INFO - Sync 1 DAGs
[2025-11-27T12:14:42.053-0300] {logging_mixin.py:188} INFO - [2025-11-27T12:14:42.053-0300] {dag.py:3947} INFO - Setting next_dagrun for example_branch_dop_operator_v3 to 2025-11-27 15:13:00+00:00, run_after=2025-11-27 15:14:00+00:00
[2025-11-27T12:14:42.061-0300] {processor.py:183} INFO - Processing /Users/davispecia/Documents/GitHub/Pf_pipeline_dados/Projeto_final_fase3/venv/lib/python3.9/site-packages/airflow/example_dags/example_branch_python_dop_operator_3.py took 0.111 seconds
[2025-11-27T12:16:51.676-0300] {processor.py:161} INFO - Started process (PID=655) to work on /Users/davispecia/Documents/GitHub/Pf_pipeline_dados/Projeto_final_fase3/venv/lib/python3.9/site-packages/airflow/example_dags/example_branch_python_dop_operator_3.py
[2025-11-27T12:16:51.677-0300] {processor.py:830} INFO - Processing file /Users/davispecia/Documents/GitHub/Pf_pipeline_dados/Projeto_final_fase3/venv/lib/python3.9/site-packages/airflow/example_dags/example_branch_python_dop_operator_3.py for tasks to queue
[2025-11-27T12:16:51.677-0300] {logging_mixin.py:188} INFO - [2025-11-27T12:16:51.677-0300] {dagbag.py:545} INFO - Filling up the DagBag from /Users/davispecia/Documents/GitHub/Pf_pipeline_dados/Projeto_final_fase3/venv/lib/python3.9/site-packages/airflow/example_dags/example_branch_python_dop_operator_3.py
[2025-11-27T12:16:51.695-0300] {processor.py:840} INFO - DAG(s) 'example_branch_dop_operator_v3' retrieved from /Users/davispecia/Documents/GitHub/Pf_pipeline_dados/Projeto_final_fase3/venv/lib/python3.9/site-packages/airflow/example_dags/example_branch_python_dop_operator_3.py
[2025-11-27T12:16:51.762-0300] {logging_mixin.py:188} INFO - [2025-11-27T12:16:51.762-0300] {dag.py:3089} INFO - Sync 1 DAGs
[2025-11-27T12:16:51.774-0300] {logging_mixin.py:188} INFO - [2025-11-27T12:16:51.774-0300] {dag.py:3947} INFO - Setting next_dagrun for example_branch_dop_operator_v3 to 2025-11-27 15:15:00+00:00, run_after=2025-11-27 15:16:00+00:00
[2025-11-27T12:16:51.782-0300] {processor.py:183} INFO - Processing /Users/davispecia/Documents/GitHub/Pf_pipeline_dados/Projeto_final_fase3/venv/lib/python3.9/site-packages/airflow/example_dags/example_branch_python_dop_operator_3.py took 0.108 seconds
[2025-11-27T12:18:54.357-0300] {processor.py:161} INFO - Started process (PID=997) to work on /Users/davispecia/Documents/GitHub/Pf_pipeline_dados/Projeto_final_fase3/venv/lib/python3.9/site-packages/airflow/example_dags/example_branch_python_dop_operator_3.py
[2025-11-27T12:18:54.358-0300] {processor.py:830} INFO - Processing file /Users/davispecia/Documents/GitHub/Pf_pipeline_dados/Projeto_final_fase3/venv/lib/python3.9/site-packages/airflow/example_dags/example_branch_python_dop_operator_3.py for tasks to queue
[2025-11-27T12:18:54.359-0300] {logging_mixin.py:188} INFO - [2025-11-27T12:18:54.358-0300] {dagbag.py:545} INFO - Filling up the DagBag from /Users/davispecia/Documents/GitHub/Pf_pipeline_dados/Projeto_final_fase3/venv/lib/python3.9/site-packages/airflow/example_dags/example_branch_python_dop_operator_3.py
[2025-11-27T12:18:54.377-0300] {processor.py:840} INFO - DAG(s) 'example_branch_dop_operator_v3' retrieved from /Users/davispecia/Documents/GitHub/Pf_pipeline_dados/Projeto_final_fase3/venv/lib/python3.9/site-packages/airflow/example_dags/example_branch_python_dop_operator_3.py
[2025-11-27T12:18:54.447-0300] {logging_mixin.py:188} INFO - [2025-11-27T12:18:54.447-0300] {dag.py:3089} INFO - Sync 1 DAGs
[2025-11-27T12:18:54.459-0300] {logging_mixin.py:188} INFO - [2025-11-27T12:18:54.458-0300] {dag.py:3947} INFO - Setting next_dagrun for example_branch_dop_operator_v3 to 2025-11-27 15:17:00+00:00, run_after=2025-11-27 15:18:00+00:00
[2025-11-27T12:18:54.467-0300] {processor.py:183} INFO - Processing /Users/davispecia/Documents/GitHub/Pf_pipeline_dados/Projeto_final_fase3/venv/lib/python3.9/site-packages/airflow/example_dags/example_branch_python_dop_operator_3.py took 0.112 seconds
[2025-11-27T12:20:57.381-0300] {processor.py:161} INFO - Started process (PID=1302) to work on /Users/davispecia/Documents/GitHub/Pf_pipeline_dados/Projeto_final_fase3/venv/lib/python3.9/site-packages/airflow/example_dags/example_branch_python_dop_operator_3.py
[2025-11-27T12:20:57.382-0300] {processor.py:830} INFO - Processing file /Users/davispecia/Documents/GitHub/Pf_pipeline_dados/Projeto_final_fase3/venv/lib/python3.9/site-packages/airflow/example_dags/example_branch_python_dop_operator_3.py for tasks to queue
[2025-11-27T12:20:57.382-0300] {logging_mixin.py:188} INFO - [2025-11-27T12:20:57.382-0300] {dagbag.py:545} INFO - Filling up the DagBag from /Users/davispecia/Documents/GitHub/Pf_pipeline_dados/Projeto_final_fase3/venv/lib/python3.9/site-packages/airflow/example_dags/example_branch_python_dop_operator_3.py
[2025-11-27T12:20:57.400-0300] {processor.py:840} INFO - DAG(s) 'example_branch_dop_operator_v3' retrieved from /Users/davispecia/Documents/GitHub/Pf_pipeline_dados/Projeto_final_fase3/venv/lib/python3.9/site-packages/airflow/example_dags/example_branch_python_dop_operator_3.py
[2025-11-27T12:20:57.468-0300] {logging_mixin.py:188} INFO - [2025-11-27T12:20:57.468-0300] {dag.py:3089} INFO - Sync 1 DAGs
[2025-11-27T12:20:57.480-0300] {logging_mixin.py:188} INFO - [2025-11-27T12:20:57.480-0300] {dag.py:3947} INFO - Setting next_dagrun for example_branch_dop_operator_v3 to 2025-11-27 15:19:00+00:00, run_after=2025-11-27 15:20:00+00:00
[2025-11-27T12:20:57.489-0300] {processor.py:183} INFO - Processing /Users/davispecia/Documents/GitHub/Pf_pipeline_dados/Projeto_final_fase3/venv/lib/python3.9/site-packages/airflow/example_dags/example_branch_python_dop_operator_3.py took 0.110 seconds
[2025-11-27T12:23:09.757-0300] {processor.py:161} INFO - Started process (PID=1704) to work on /Users/davispecia/Documents/GitHub/Pf_pipeline_dados/Projeto_final_fase3/venv/lib/python3.9/site-packages/airflow/example_dags/example_branch_python_dop_operator_3.py
[2025-11-27T12:23:09.760-0300] {processor.py:830} INFO - Processing file /Users/davispecia/Documents/GitHub/Pf_pipeline_dados/Projeto_final_fase3/venv/lib/python3.9/site-packages/airflow/example_dags/example_branch_python_dop_operator_3.py for tasks to queue
[2025-11-27T12:23:09.761-0300] {logging_mixin.py:188} INFO - [2025-11-27T12:23:09.761-0300] {dagbag.py:545} INFO - Filling up the DagBag from /Users/davispecia/Documents/GitHub/Pf_pipeline_dados/Projeto_final_fase3/venv/lib/python3.9/site-packages/airflow/example_dags/example_branch_python_dop_operator_3.py
[2025-11-27T12:23:09.779-0300] {processor.py:840} INFO - DAG(s) 'example_branch_dop_operator_v3' retrieved from /Users/davispecia/Documents/GitHub/Pf_pipeline_dados/Projeto_final_fase3/venv/lib/python3.9/site-packages/airflow/example_dags/example_branch_python_dop_operator_3.py
[2025-11-27T12:23:09.852-0300] {logging_mixin.py:188} INFO - [2025-11-27T12:23:09.852-0300] {dag.py:3089} INFO - Sync 1 DAGs
[2025-11-27T12:23:09.865-0300] {logging_mixin.py:188} INFO - [2025-11-27T12:23:09.864-0300] {dag.py:3947} INFO - Setting next_dagrun for example_branch_dop_operator_v3 to 2025-11-27 15:22:00+00:00, run_after=2025-11-27 15:23:00+00:00
[2025-11-27T12:23:09.875-0300] {processor.py:183} INFO - Processing /Users/davispecia/Documents/GitHub/Pf_pipeline_dados/Projeto_final_fase3/venv/lib/python3.9/site-packages/airflow/example_dags/example_branch_python_dop_operator_3.py took 0.120 seconds
[2025-11-27T12:25:11.041-0300] {processor.py:161} INFO - Started process (PID=2018) to work on /Users/davispecia/Documents/GitHub/Pf_pipeline_dados/Projeto_final_fase3/venv/lib/python3.9/site-packages/airflow/example_dags/example_branch_python_dop_operator_3.py
[2025-11-27T12:25:11.042-0300] {processor.py:830} INFO - Processing file /Users/davispecia/Documents/GitHub/Pf_pipeline_dados/Projeto_final_fase3/venv/lib/python3.9/site-packages/airflow/example_dags/example_branch_python_dop_operator_3.py for tasks to queue
[2025-11-27T12:25:11.042-0300] {logging_mixin.py:188} INFO - [2025-11-27T12:25:11.042-0300] {dagbag.py:545} INFO - Filling up the DagBag from /Users/davispecia/Documents/GitHub/Pf_pipeline_dados/Projeto_final_fase3/venv/lib/python3.9/site-packages/airflow/example_dags/example_branch_python_dop_operator_3.py
[2025-11-27T12:25:11.061-0300] {processor.py:840} INFO - DAG(s) 'example_branch_dop_operator_v3' retrieved from /Users/davispecia/Documents/GitHub/Pf_pipeline_dados/Projeto_final_fase3/venv/lib/python3.9/site-packages/airflow/example_dags/example_branch_python_dop_operator_3.py
[2025-11-27T12:25:11.128-0300] {logging_mixin.py:188} INFO - [2025-11-27T12:25:11.128-0300] {dag.py:3089} INFO - Sync 1 DAGs
[2025-11-27T12:25:11.140-0300] {logging_mixin.py:188} INFO - [2025-11-27T12:25:11.139-0300] {dag.py:3947} INFO - Setting next_dagrun for example_branch_dop_operator_v3 to 2025-11-27 15:24:00+00:00, run_after=2025-11-27 15:25:00+00:00
[2025-11-27T12:25:11.148-0300] {processor.py:183} INFO - Processing /Users/davispecia/Documents/GitHub/Pf_pipeline_dados/Projeto_final_fase3/venv/lib/python3.9/site-packages/airflow/example_dags/example_branch_python_dop_operator_3.py took 0.109 seconds
[2025-11-27T12:27:24.537-0300] {processor.py:161} INFO - Started process (PID=2400) to work on /Users/davispecia/Documents/GitHub/Pf_pipeline_dados/Projeto_final_fase3/venv/lib/python3.9/site-packages/airflow/example_dags/example_branch_python_dop_operator_3.py
[2025-11-27T12:27:24.538-0300] {processor.py:830} INFO - Processing file /Users/davispecia/Documents/GitHub/Pf_pipeline_dados/Projeto_final_fase3/venv/lib/python3.9/site-packages/airflow/example_dags/example_branch_python_dop_operator_3.py for tasks to queue
[2025-11-27T12:27:24.538-0300] {logging_mixin.py:188} INFO - [2025-11-27T12:27:24.538-0300] {dagbag.py:545} INFO - Filling up the DagBag from /Users/davispecia/Documents/GitHub/Pf_pipeline_dados/Projeto_final_fase3/venv/lib/python3.9/site-packages/airflow/example_dags/example_branch_python_dop_operator_3.py
[2025-11-27T12:27:24.556-0300] {processor.py:840} INFO - DAG(s) 'example_branch_dop_operator_v3' retrieved from /Users/davispecia/Documents/GitHub/Pf_pipeline_dados/Projeto_final_fase3/venv/lib/python3.9/site-packages/airflow/example_dags/example_branch_python_dop_operator_3.py
[2025-11-27T12:27:24.624-0300] {logging_mixin.py:188} INFO - [2025-11-27T12:27:24.624-0300] {dag.py:3089} INFO - Sync 1 DAGs
[2025-11-27T12:27:24.636-0300] {logging_mixin.py:188} INFO - [2025-11-27T12:27:24.636-0300] {dag.py:3947} INFO - Setting next_dagrun for example_branch_dop_operator_v3 to 2025-11-27 15:26:00+00:00, run_after=2025-11-27 15:27:00+00:00
[2025-11-27T12:27:24.644-0300] {processor.py:183} INFO - Processing /Users/davispecia/Documents/GitHub/Pf_pipeline_dados/Projeto_final_fase3/venv/lib/python3.9/site-packages/airflow/example_dags/example_branch_python_dop_operator_3.py took 0.109 seconds
[2025-11-27T14:06:53.568-0300] {processor.py:161} INFO - Started process (PID=2991) to work on /Users/davispecia/Documents/GitHub/Pf_pipeline_dados/Projeto_final_fase3/venv/lib/python3.9/site-packages/airflow/example_dags/example_branch_python_dop_operator_3.py
[2025-11-27T14:06:53.569-0300] {processor.py:830} INFO - Processing file /Users/davispecia/Documents/GitHub/Pf_pipeline_dados/Projeto_final_fase3/venv/lib/python3.9/site-packages/airflow/example_dags/example_branch_python_dop_operator_3.py for tasks to queue
[2025-11-27T14:06:53.569-0300] {logging_mixin.py:188} INFO - [2025-11-27T14:06:53.569-0300] {dagbag.py:545} INFO - Filling up the DagBag from /Users/davispecia/Documents/GitHub/Pf_pipeline_dados/Projeto_final_fase3/venv/lib/python3.9/site-packages/airflow/example_dags/example_branch_python_dop_operator_3.py
[2025-11-27T14:06:53.589-0300] {processor.py:840} INFO - DAG(s) 'example_branch_dop_operator_v3' retrieved from /Users/davispecia/Documents/GitHub/Pf_pipeline_dados/Projeto_final_fase3/venv/lib/python3.9/site-packages/airflow/example_dags/example_branch_python_dop_operator_3.py
[2025-11-27T14:06:53.656-0300] {logging_mixin.py:188} INFO - [2025-11-27T14:06:53.656-0300] {dag.py:3089} INFO - Sync 1 DAGs
[2025-11-27T14:06:53.668-0300] {logging_mixin.py:188} INFO - [2025-11-27T14:06:53.667-0300] {dag.py:3947} INFO - Setting next_dagrun for example_branch_dop_operator_v3 to 2025-11-27 17:05:00+00:00, run_after=2025-11-27 17:06:00+00:00
[2025-11-27T14:06:53.676-0300] {processor.py:183} INFO - Processing /Users/davispecia/Documents/GitHub/Pf_pipeline_dados/Projeto_final_fase3/venv/lib/python3.9/site-packages/airflow/example_dags/example_branch_python_dop_operator_3.py took 0.110 seconds
[2025-11-27T14:09:03.562-0300] {processor.py:161} INFO - Started process (PID=3395) to work on /Users/davispecia/Documents/GitHub/Pf_pipeline_dados/Projeto_final_fase3/venv/lib/python3.9/site-packages/airflow/example_dags/example_branch_python_dop_operator_3.py
[2025-11-27T14:09:03.562-0300] {processor.py:830} INFO - Processing file /Users/davispecia/Documents/GitHub/Pf_pipeline_dados/Projeto_final_fase3/venv/lib/python3.9/site-packages/airflow/example_dags/example_branch_python_dop_operator_3.py for tasks to queue
[2025-11-27T14:09:03.563-0300] {logging_mixin.py:188} INFO - [2025-11-27T14:09:03.563-0300] {dagbag.py:545} INFO - Filling up the DagBag from /Users/davispecia/Documents/GitHub/Pf_pipeline_dados/Projeto_final_fase3/venv/lib/python3.9/site-packages/airflow/example_dags/example_branch_python_dop_operator_3.py
[2025-11-27T14:09:03.582-0300] {processor.py:840} INFO - DAG(s) 'example_branch_dop_operator_v3' retrieved from /Users/davispecia/Documents/GitHub/Pf_pipeline_dados/Projeto_final_fase3/venv/lib/python3.9/site-packages/airflow/example_dags/example_branch_python_dop_operator_3.py
[2025-11-27T14:09:03.655-0300] {logging_mixin.py:188} INFO - [2025-11-27T14:09:03.655-0300] {dag.py:3089} INFO - Sync 1 DAGs
[2025-11-27T14:09:03.666-0300] {logging_mixin.py:188} INFO - [2025-11-27T14:09:03.666-0300] {dag.py:3947} INFO - Setting next_dagrun for example_branch_dop_operator_v3 to 2025-11-27 17:08:00+00:00, run_after=2025-11-27 17:09:00+00:00
[2025-11-27T14:09:03.675-0300] {processor.py:183} INFO - Processing /Users/davispecia/Documents/GitHub/Pf_pipeline_dados/Projeto_final_fase3/venv/lib/python3.9/site-packages/airflow/example_dags/example_branch_python_dop_operator_3.py took 0.115 seconds
[2025-11-27T14:11:17.563-0300] {processor.py:161} INFO - Started process (PID=3770) to work on /Users/davispecia/Documents/GitHub/Pf_pipeline_dados/Projeto_final_fase3/venv/lib/python3.9/site-packages/airflow/example_dags/example_branch_python_dop_operator_3.py
[2025-11-27T14:11:17.564-0300] {processor.py:830} INFO - Processing file /Users/davispecia/Documents/GitHub/Pf_pipeline_dados/Projeto_final_fase3/venv/lib/python3.9/site-packages/airflow/example_dags/example_branch_python_dop_operator_3.py for tasks to queue
[2025-11-27T14:11:17.565-0300] {logging_mixin.py:188} INFO - [2025-11-27T14:11:17.565-0300] {dagbag.py:545} INFO - Filling up the DagBag from /Users/davispecia/Documents/GitHub/Pf_pipeline_dados/Projeto_final_fase3/venv/lib/python3.9/site-packages/airflow/example_dags/example_branch_python_dop_operator_3.py
[2025-11-27T14:11:17.583-0300] {processor.py:840} INFO - DAG(s) 'example_branch_dop_operator_v3' retrieved from /Users/davispecia/Documents/GitHub/Pf_pipeline_dados/Projeto_final_fase3/venv/lib/python3.9/site-packages/airflow/example_dags/example_branch_python_dop_operator_3.py
[2025-11-27T14:11:17.652-0300] {logging_mixin.py:188} INFO - [2025-11-27T14:11:17.652-0300] {dag.py:3089} INFO - Sync 1 DAGs
[2025-11-27T14:11:17.664-0300] {logging_mixin.py:188} INFO - [2025-11-27T14:11:17.663-0300] {dag.py:3947} INFO - Setting next_dagrun for example_branch_dop_operator_v3 to 2025-11-27 17:10:00+00:00, run_after=2025-11-27 17:11:00+00:00
[2025-11-27T14:11:17.672-0300] {processor.py:183} INFO - Processing /Users/davispecia/Documents/GitHub/Pf_pipeline_dados/Projeto_final_fase3/venv/lib/python3.9/site-packages/airflow/example_dags/example_branch_python_dop_operator_3.py took 0.111 seconds
[2025-11-27T14:13:21.541-0300] {processor.py:161} INFO - Started process (PID=4087) to work on /Users/davispecia/Documents/GitHub/Pf_pipeline_dados/Projeto_final_fase3/venv/lib/python3.9/site-packages/airflow/example_dags/example_branch_python_dop_operator_3.py
[2025-11-27T14:13:21.542-0300] {processor.py:830} INFO - Processing file /Users/davispecia/Documents/GitHub/Pf_pipeline_dados/Projeto_final_fase3/venv/lib/python3.9/site-packages/airflow/example_dags/example_branch_python_dop_operator_3.py for tasks to queue
[2025-11-27T14:13:21.543-0300] {logging_mixin.py:188} INFO - [2025-11-27T14:13:21.543-0300] {dagbag.py:545} INFO - Filling up the DagBag from /Users/davispecia/Documents/GitHub/Pf_pipeline_dados/Projeto_final_fase3/venv/lib/python3.9/site-packages/airflow/example_dags/example_branch_python_dop_operator_3.py
[2025-11-27T14:13:21.561-0300] {processor.py:840} INFO - DAG(s) 'example_branch_dop_operator_v3' retrieved from /Users/davispecia/Documents/GitHub/Pf_pipeline_dados/Projeto_final_fase3/venv/lib/python3.9/site-packages/airflow/example_dags/example_branch_python_dop_operator_3.py
[2025-11-27T14:13:21.631-0300] {logging_mixin.py:188} INFO - [2025-11-27T14:13:21.631-0300] {dag.py:3089} INFO - Sync 1 DAGs
[2025-11-27T14:13:21.642-0300] {logging_mixin.py:188} INFO - [2025-11-27T14:13:21.641-0300] {dag.py:3947} INFO - Setting next_dagrun for example_branch_dop_operator_v3 to 2025-11-27 17:12:00+00:00, run_after=2025-11-27 17:13:00+00:00
[2025-11-27T14:13:21.650-0300] {processor.py:183} INFO - Processing /Users/davispecia/Documents/GitHub/Pf_pipeline_dados/Projeto_final_fase3/venv/lib/python3.9/site-packages/airflow/example_dags/example_branch_python_dop_operator_3.py took 0.111 seconds
[2025-11-27T14:15:45.944-0300] {processor.py:161} INFO - Started process (PID=4503) to work on /Users/davispecia/Documents/GitHub/Pf_pipeline_dados/Projeto_final_fase3/venv/lib/python3.9/site-packages/airflow/example_dags/example_branch_python_dop_operator_3.py
[2025-11-27T14:15:45.944-0300] {processor.py:830} INFO - Processing file /Users/davispecia/Documents/GitHub/Pf_pipeline_dados/Projeto_final_fase3/venv/lib/python3.9/site-packages/airflow/example_dags/example_branch_python_dop_operator_3.py for tasks to queue
[2025-11-27T14:15:45.945-0300] {logging_mixin.py:188} INFO - [2025-11-27T14:15:45.945-0300] {dagbag.py:545} INFO - Filling up the DagBag from /Users/davispecia/Documents/GitHub/Pf_pipeline_dados/Projeto_final_fase3/venv/lib/python3.9/site-packages/airflow/example_dags/example_branch_python_dop_operator_3.py
[2025-11-27T14:15:45.974-0300] {processor.py:840} INFO - DAG(s) 'example_branch_dop_operator_v3' retrieved from /Users/davispecia/Documents/GitHub/Pf_pipeline_dados/Projeto_final_fase3/venv/lib/python3.9/site-packages/airflow/example_dags/example_branch_python_dop_operator_3.py
[2025-11-27T14:15:46.055-0300] {logging_mixin.py:188} INFO - [2025-11-27T14:15:46.055-0300] {dag.py:3089} INFO - Sync 1 DAGs
[2025-11-27T14:15:46.066-0300] {logging_mixin.py:188} INFO - [2025-11-27T14:15:46.066-0300] {dag.py:3947} INFO - Setting next_dagrun for example_branch_dop_operator_v3 to 2025-11-27 17:14:00+00:00, run_after=2025-11-27 17:15:00+00:00
[2025-11-27T14:15:46.076-0300] {processor.py:183} INFO - Processing /Users/davispecia/Documents/GitHub/Pf_pipeline_dados/Projeto_final_fase3/venv/lib/python3.9/site-packages/airflow/example_dags/example_branch_python_dop_operator_3.py took 0.135 seconds
[2025-11-27T14:17:59.704-0300] {processor.py:161} INFO - Started process (PID=4831) to work on /Users/davispecia/Documents/GitHub/Pf_pipeline_dados/Projeto_final_fase3/venv/lib/python3.9/site-packages/airflow/example_dags/example_branch_python_dop_operator_3.py
[2025-11-27T14:17:59.705-0300] {processor.py:830} INFO - Processing file /Users/davispecia/Documents/GitHub/Pf_pipeline_dados/Projeto_final_fase3/venv/lib/python3.9/site-packages/airflow/example_dags/example_branch_python_dop_operator_3.py for tasks to queue
[2025-11-27T14:17:59.705-0300] {logging_mixin.py:188} INFO - [2025-11-27T14:17:59.705-0300] {dagbag.py:545} INFO - Filling up the DagBag from /Users/davispecia/Documents/GitHub/Pf_pipeline_dados/Projeto_final_fase3/venv/lib/python3.9/site-packages/airflow/example_dags/example_branch_python_dop_operator_3.py
[2025-11-27T14:17:59.726-0300] {processor.py:840} INFO - DAG(s) 'example_branch_dop_operator_v3' retrieved from /Users/davispecia/Documents/GitHub/Pf_pipeline_dados/Projeto_final_fase3/venv/lib/python3.9/site-packages/airflow/example_dags/example_branch_python_dop_operator_3.py
[2025-11-27T14:17:59.837-0300] {logging_mixin.py:188} INFO - [2025-11-27T14:17:59.837-0300] {dag.py:3089} INFO - Sync 1 DAGs
[2025-11-27T14:17:59.849-0300] {logging_mixin.py:188} INFO - [2025-11-27T14:17:59.849-0300] {dag.py:3947} INFO - Setting next_dagrun for example_branch_dop_operator_v3 to 2025-11-27 17:16:00+00:00, run_after=2025-11-27 17:17:00+00:00
[2025-11-27T14:17:59.858-0300] {processor.py:183} INFO - Processing /Users/davispecia/Documents/GitHub/Pf_pipeline_dados/Projeto_final_fase3/venv/lib/python3.9/site-packages/airflow/example_dags/example_branch_python_dop_operator_3.py took 0.158 seconds
[2025-11-27T14:20:16.940-0300] {processor.py:161} INFO - Started process (PID=5157) to work on /Users/davispecia/Documents/GitHub/Pf_pipeline_dados/Projeto_final_fase3/venv/lib/python3.9/site-packages/airflow/example_dags/example_branch_python_dop_operator_3.py
[2025-11-27T14:20:16.940-0300] {processor.py:830} INFO - Processing file /Users/davispecia/Documents/GitHub/Pf_pipeline_dados/Projeto_final_fase3/venv/lib/python3.9/site-packages/airflow/example_dags/example_branch_python_dop_operator_3.py for tasks to queue
[2025-11-27T14:20:16.941-0300] {logging_mixin.py:188} INFO - [2025-11-27T14:20:16.941-0300] {dagbag.py:545} INFO - Filling up the DagBag from /Users/davispecia/Documents/GitHub/Pf_pipeline_dados/Projeto_final_fase3/venv/lib/python3.9/site-packages/airflow/example_dags/example_branch_python_dop_operator_3.py
[2025-11-27T14:20:16.962-0300] {processor.py:840} INFO - DAG(s) 'example_branch_dop_operator_v3' retrieved from /Users/davispecia/Documents/GitHub/Pf_pipeline_dados/Projeto_final_fase3/venv/lib/python3.9/site-packages/airflow/example_dags/example_branch_python_dop_operator_3.py
[2025-11-27T14:20:17.035-0300] {logging_mixin.py:188} INFO - [2025-11-27T14:20:17.035-0300] {dag.py:3089} INFO - Sync 1 DAGs
[2025-11-27T14:20:17.047-0300] {logging_mixin.py:188} INFO - [2025-11-27T14:20:17.046-0300] {dag.py:3947} INFO - Setting next_dagrun for example_branch_dop_operator_v3 to 2025-11-27 17:19:00+00:00, run_after=2025-11-27 17:20:00+00:00
[2025-11-27T14:20:17.056-0300] {processor.py:183} INFO - Processing /Users/davispecia/Documents/GitHub/Pf_pipeline_dados/Projeto_final_fase3/venv/lib/python3.9/site-packages/airflow/example_dags/example_branch_python_dop_operator_3.py took 0.118 seconds
[2025-11-27T14:22:35.816-0300] {processor.py:161} INFO - Started process (PID=5536) to work on /Users/davispecia/Documents/GitHub/Pf_pipeline_dados/Projeto_final_fase3/venv/lib/python3.9/site-packages/airflow/example_dags/example_branch_python_dop_operator_3.py
[2025-11-27T14:22:35.817-0300] {processor.py:830} INFO - Processing file /Users/davispecia/Documents/GitHub/Pf_pipeline_dados/Projeto_final_fase3/venv/lib/python3.9/site-packages/airflow/example_dags/example_branch_python_dop_operator_3.py for tasks to queue
[2025-11-27T14:22:35.817-0300] {logging_mixin.py:188} INFO - [2025-11-27T14:22:35.817-0300] {dagbag.py:545} INFO - Filling up the DagBag from /Users/davispecia/Documents/GitHub/Pf_pipeline_dados/Projeto_final_fase3/venv/lib/python3.9/site-packages/airflow/example_dags/example_branch_python_dop_operator_3.py
[2025-11-27T14:22:35.837-0300] {processor.py:840} INFO - DAG(s) 'example_branch_dop_operator_v3' retrieved from /Users/davispecia/Documents/GitHub/Pf_pipeline_dados/Projeto_final_fase3/venv/lib/python3.9/site-packages/airflow/example_dags/example_branch_python_dop_operator_3.py
[2025-11-27T14:22:35.908-0300] {logging_mixin.py:188} INFO - [2025-11-27T14:22:35.908-0300] {dag.py:3089} INFO - Sync 1 DAGs
[2025-11-27T14:22:35.919-0300] {logging_mixin.py:188} INFO - [2025-11-27T14:22:35.919-0300] {dag.py:3947} INFO - Setting next_dagrun for example_branch_dop_operator_v3 to 2025-11-27 17:21:00+00:00, run_after=2025-11-27 17:22:00+00:00
[2025-11-27T14:22:35.929-0300] {processor.py:183} INFO - Processing /Users/davispecia/Documents/GitHub/Pf_pipeline_dados/Projeto_final_fase3/venv/lib/python3.9/site-packages/airflow/example_dags/example_branch_python_dop_operator_3.py took 0.115 seconds
[2025-11-27T14:24:52.806-0300] {processor.py:161} INFO - Started process (PID=5853) to work on /Users/davispecia/Documents/GitHub/Pf_pipeline_dados/Projeto_final_fase3/venv/lib/python3.9/site-packages/airflow/example_dags/example_branch_python_dop_operator_3.py
[2025-11-27T14:24:52.806-0300] {processor.py:830} INFO - Processing file /Users/davispecia/Documents/GitHub/Pf_pipeline_dados/Projeto_final_fase3/venv/lib/python3.9/site-packages/airflow/example_dags/example_branch_python_dop_operator_3.py for tasks to queue
[2025-11-27T14:24:52.807-0300] {logging_mixin.py:188} INFO - [2025-11-27T14:24:52.806-0300] {dagbag.py:545} INFO - Filling up the DagBag from /Users/davispecia/Documents/GitHub/Pf_pipeline_dados/Projeto_final_fase3/venv/lib/python3.9/site-packages/airflow/example_dags/example_branch_python_dop_operator_3.py
[2025-11-27T14:24:52.825-0300] {processor.py:840} INFO - DAG(s) 'example_branch_dop_operator_v3' retrieved from /Users/davispecia/Documents/GitHub/Pf_pipeline_dados/Projeto_final_fase3/venv/lib/python3.9/site-packages/airflow/example_dags/example_branch_python_dop_operator_3.py
[2025-11-27T14:24:52.894-0300] {logging_mixin.py:188} INFO - [2025-11-27T14:24:52.894-0300] {dag.py:3089} INFO - Sync 1 DAGs
[2025-11-27T14:24:52.906-0300] {logging_mixin.py:188} INFO - [2025-11-27T14:24:52.906-0300] {dag.py:3947} INFO - Setting next_dagrun for example_branch_dop_operator_v3 to 2025-11-27 17:23:00+00:00, run_after=2025-11-27 17:24:00+00:00
[2025-11-27T14:24:52.915-0300] {processor.py:183} INFO - Processing /Users/davispecia/Documents/GitHub/Pf_pipeline_dados/Projeto_final_fase3/venv/lib/python3.9/site-packages/airflow/example_dags/example_branch_python_dop_operator_3.py took 0.112 seconds
[2025-11-27T14:27:26.961-0300] {processor.py:161} INFO - Started process (PID=6277) to work on /Users/davispecia/Documents/GitHub/Pf_pipeline_dados/Projeto_final_fase3/venv/lib/python3.9/site-packages/airflow/example_dags/example_branch_python_dop_operator_3.py
[2025-11-27T14:27:26.962-0300] {processor.py:830} INFO - Processing file /Users/davispecia/Documents/GitHub/Pf_pipeline_dados/Projeto_final_fase3/venv/lib/python3.9/site-packages/airflow/example_dags/example_branch_python_dop_operator_3.py for tasks to queue
[2025-11-27T14:27:26.963-0300] {logging_mixin.py:188} INFO - [2025-11-27T14:27:26.963-0300] {dagbag.py:545} INFO - Filling up the DagBag from /Users/davispecia/Documents/GitHub/Pf_pipeline_dados/Projeto_final_fase3/venv/lib/python3.9/site-packages/airflow/example_dags/example_branch_python_dop_operator_3.py
[2025-11-27T14:27:26.984-0300] {processor.py:840} INFO - DAG(s) 'example_branch_dop_operator_v3' retrieved from /Users/davispecia/Documents/GitHub/Pf_pipeline_dados/Projeto_final_fase3/venv/lib/python3.9/site-packages/airflow/example_dags/example_branch_python_dop_operator_3.py
[2025-11-27T14:27:27.065-0300] {logging_mixin.py:188} INFO - [2025-11-27T14:27:27.065-0300] {dag.py:3089} INFO - Sync 1 DAGs
[2025-11-27T14:27:27.077-0300] {logging_mixin.py:188} INFO - [2025-11-27T14:27:27.077-0300] {dag.py:3947} INFO - Setting next_dagrun for example_branch_dop_operator_v3 to 2025-11-27 17:26:00+00:00, run_after=2025-11-27 17:27:00+00:00
[2025-11-27T14:27:27.088-0300] {processor.py:183} INFO - Processing /Users/davispecia/Documents/GitHub/Pf_pipeline_dados/Projeto_final_fase3/venv/lib/python3.9/site-packages/airflow/example_dags/example_branch_python_dop_operator_3.py took 0.130 seconds
[2025-11-27T14:29:43.350-0300] {processor.py:161} INFO - Started process (PID=6656) to work on /Users/davispecia/Documents/GitHub/Pf_pipeline_dados/Projeto_final_fase3/venv/lib/python3.9/site-packages/airflow/example_dags/example_branch_python_dop_operator_3.py
[2025-11-27T14:29:43.351-0300] {processor.py:830} INFO - Processing file /Users/davispecia/Documents/GitHub/Pf_pipeline_dados/Projeto_final_fase3/venv/lib/python3.9/site-packages/airflow/example_dags/example_branch_python_dop_operator_3.py for tasks to queue
[2025-11-27T14:29:43.351-0300] {logging_mixin.py:188} INFO - [2025-11-27T14:29:43.351-0300] {dagbag.py:545} INFO - Filling up the DagBag from /Users/davispecia/Documents/GitHub/Pf_pipeline_dados/Projeto_final_fase3/venv/lib/python3.9/site-packages/airflow/example_dags/example_branch_python_dop_operator_3.py
[2025-11-27T14:29:43.370-0300] {processor.py:840} INFO - DAG(s) 'example_branch_dop_operator_v3' retrieved from /Users/davispecia/Documents/GitHub/Pf_pipeline_dados/Projeto_final_fase3/venv/lib/python3.9/site-packages/airflow/example_dags/example_branch_python_dop_operator_3.py
[2025-11-27T14:29:43.442-0300] {logging_mixin.py:188} INFO - [2025-11-27T14:29:43.442-0300] {dag.py:3089} INFO - Sync 1 DAGs
[2025-11-27T14:29:43.453-0300] {logging_mixin.py:188} INFO - [2025-11-27T14:29:43.453-0300] {dag.py:3947} INFO - Setting next_dagrun for example_branch_dop_operator_v3 to 2025-11-27 17:28:00+00:00, run_after=2025-11-27 17:29:00+00:00
[2025-11-27T14:29:43.462-0300] {processor.py:183} INFO - Processing /Users/davispecia/Documents/GitHub/Pf_pipeline_dados/Projeto_final_fase3/venv/lib/python3.9/site-packages/airflow/example_dags/example_branch_python_dop_operator_3.py took 0.115 seconds
[2025-11-27T14:31:55.026-0300] {processor.py:161} INFO - Started process (PID=6967) to work on /Users/davispecia/Documents/GitHub/Pf_pipeline_dados/Projeto_final_fase3/venv/lib/python3.9/site-packages/airflow/example_dags/example_branch_python_dop_operator_3.py
[2025-11-27T14:31:55.027-0300] {processor.py:830} INFO - Processing file /Users/davispecia/Documents/GitHub/Pf_pipeline_dados/Projeto_final_fase3/venv/lib/python3.9/site-packages/airflow/example_dags/example_branch_python_dop_operator_3.py for tasks to queue
[2025-11-27T14:31:55.027-0300] {logging_mixin.py:188} INFO - [2025-11-27T14:31:55.027-0300] {dagbag.py:545} INFO - Filling up the DagBag from /Users/davispecia/Documents/GitHub/Pf_pipeline_dados/Projeto_final_fase3/venv/lib/python3.9/site-packages/airflow/example_dags/example_branch_python_dop_operator_3.py
[2025-11-27T14:31:55.047-0300] {processor.py:840} INFO - DAG(s) 'example_branch_dop_operator_v3' retrieved from /Users/davispecia/Documents/GitHub/Pf_pipeline_dados/Projeto_final_fase3/venv/lib/python3.9/site-packages/airflow/example_dags/example_branch_python_dop_operator_3.py
[2025-11-27T14:31:55.119-0300] {logging_mixin.py:188} INFO - [2025-11-27T14:31:55.119-0300] {dag.py:3089} INFO - Sync 1 DAGs
[2025-11-27T14:31:55.131-0300] {logging_mixin.py:188} INFO - [2025-11-27T14:31:55.131-0300] {dag.py:3947} INFO - Setting next_dagrun for example_branch_dop_operator_v3 to 2025-11-27 17:30:00+00:00, run_after=2025-11-27 17:31:00+00:00
[2025-11-27T14:31:55.139-0300] {processor.py:183} INFO - Processing /Users/davispecia/Documents/GitHub/Pf_pipeline_dados/Projeto_final_fase3/venv/lib/python3.9/site-packages/airflow/example_dags/example_branch_python_dop_operator_3.py took 0.116 seconds
[2025-11-27T14:34:14.939-0300] {processor.py:161} INFO - Started process (PID=7382) to work on /Users/davispecia/Documents/GitHub/Pf_pipeline_dados/Projeto_final_fase3/venv/lib/python3.9/site-packages/airflow/example_dags/example_branch_python_dop_operator_3.py
[2025-11-27T14:34:14.941-0300] {processor.py:830} INFO - Processing file /Users/davispecia/Documents/GitHub/Pf_pipeline_dados/Projeto_final_fase3/venv/lib/python3.9/site-packages/airflow/example_dags/example_branch_python_dop_operator_3.py for tasks to queue
[2025-11-27T14:34:14.941-0300] {logging_mixin.py:188} INFO - [2025-11-27T14:34:14.941-0300] {dagbag.py:545} INFO - Filling up the DagBag from /Users/davispecia/Documents/GitHub/Pf_pipeline_dados/Projeto_final_fase3/venv/lib/python3.9/site-packages/airflow/example_dags/example_branch_python_dop_operator_3.py
[2025-11-27T14:34:14.960-0300] {processor.py:840} INFO - DAG(s) 'example_branch_dop_operator_v3' retrieved from /Users/davispecia/Documents/GitHub/Pf_pipeline_dados/Projeto_final_fase3/venv/lib/python3.9/site-packages/airflow/example_dags/example_branch_python_dop_operator_3.py
[2025-11-27T14:34:15.031-0300] {logging_mixin.py:188} INFO - [2025-11-27T14:34:15.031-0300] {dag.py:3089} INFO - Sync 1 DAGs
[2025-11-27T14:34:15.043-0300] {logging_mixin.py:188} INFO - [2025-11-27T14:34:15.042-0300] {dag.py:3947} INFO - Setting next_dagrun for example_branch_dop_operator_v3 to 2025-11-27 17:33:00+00:00, run_after=2025-11-27 17:34:00+00:00
[2025-11-27T14:34:15.051-0300] {processor.py:183} INFO - Processing /Users/davispecia/Documents/GitHub/Pf_pipeline_dados/Projeto_final_fase3/venv/lib/python3.9/site-packages/airflow/example_dags/example_branch_python_dop_operator_3.py took 0.114 seconds
[2025-11-27T14:36:34.997-0300] {processor.py:161} INFO - Started process (PID=7839) to work on /Users/davispecia/Documents/GitHub/Pf_pipeline_dados/Projeto_final_fase3/venv/lib/python3.9/site-packages/airflow/example_dags/example_branch_python_dop_operator_3.py
[2025-11-27T14:36:34.998-0300] {processor.py:830} INFO - Processing file /Users/davispecia/Documents/GitHub/Pf_pipeline_dados/Projeto_final_fase3/venv/lib/python3.9/site-packages/airflow/example_dags/example_branch_python_dop_operator_3.py for tasks to queue
[2025-11-27T14:36:34.998-0300] {logging_mixin.py:188} INFO - [2025-11-27T14:36:34.998-0300] {dagbag.py:545} INFO - Filling up the DagBag from /Users/davispecia/Documents/GitHub/Pf_pipeline_dados/Projeto_final_fase3/venv/lib/python3.9/site-packages/airflow/example_dags/example_branch_python_dop_operator_3.py
[2025-11-27T14:36:35.017-0300] {processor.py:840} INFO - DAG(s) 'example_branch_dop_operator_v3' retrieved from /Users/davispecia/Documents/GitHub/Pf_pipeline_dados/Projeto_final_fase3/venv/lib/python3.9/site-packages/airflow/example_dags/example_branch_python_dop_operator_3.py
[2025-11-27T14:36:35.088-0300] {logging_mixin.py:188} INFO - [2025-11-27T14:36:35.088-0300] {dag.py:3089} INFO - Sync 1 DAGs
[2025-11-27T14:36:35.100-0300] {logging_mixin.py:188} INFO - [2025-11-27T14:36:35.100-0300] {dag.py:3947} INFO - Setting next_dagrun for example_branch_dop_operator_v3 to 2025-11-27 17:35:00+00:00, run_after=2025-11-27 17:36:00+00:00
[2025-11-27T14:36:35.111-0300] {processor.py:183} INFO - Processing /Users/davispecia/Documents/GitHub/Pf_pipeline_dados/Projeto_final_fase3/venv/lib/python3.9/site-packages/airflow/example_dags/example_branch_python_dop_operator_3.py took 0.117 seconds
[2025-11-27T14:38:50.870-0300] {processor.py:161} INFO - Started process (PID=8178) to work on /Users/davispecia/Documents/GitHub/Pf_pipeline_dados/Projeto_final_fase3/venv/lib/python3.9/site-packages/airflow/example_dags/example_branch_python_dop_operator_3.py
[2025-11-27T14:38:50.870-0300] {processor.py:830} INFO - Processing file /Users/davispecia/Documents/GitHub/Pf_pipeline_dados/Projeto_final_fase3/venv/lib/python3.9/site-packages/airflow/example_dags/example_branch_python_dop_operator_3.py for tasks to queue
[2025-11-27T14:38:50.871-0300] {logging_mixin.py:188} INFO - [2025-11-27T14:38:50.871-0300] {dagbag.py:545} INFO - Filling up the DagBag from /Users/davispecia/Documents/GitHub/Pf_pipeline_dados/Projeto_final_fase3/venv/lib/python3.9/site-packages/airflow/example_dags/example_branch_python_dop_operator_3.py
[2025-11-27T14:38:50.890-0300] {processor.py:840} INFO - DAG(s) 'example_branch_dop_operator_v3' retrieved from /Users/davispecia/Documents/GitHub/Pf_pipeline_dados/Projeto_final_fase3/venv/lib/python3.9/site-packages/airflow/example_dags/example_branch_python_dop_operator_3.py
[2025-11-27T14:38:50.962-0300] {logging_mixin.py:188} INFO - [2025-11-27T14:38:50.962-0300] {dag.py:3089} INFO - Sync 1 DAGs
[2025-11-27T14:38:50.974-0300] {logging_mixin.py:188} INFO - [2025-11-27T14:38:50.974-0300] {dag.py:3947} INFO - Setting next_dagrun for example_branch_dop_operator_v3 to 2025-11-27 17:37:00+00:00, run_after=2025-11-27 17:38:00+00:00
[2025-11-27T14:38:50.983-0300] {processor.py:183} INFO - Processing /Users/davispecia/Documents/GitHub/Pf_pipeline_dados/Projeto_final_fase3/venv/lib/python3.9/site-packages/airflow/example_dags/example_branch_python_dop_operator_3.py took 0.116 seconds
[2025-11-27T14:41:06.925-0300] {processor.py:161} INFO - Started process (PID=8604) to work on /Users/davispecia/Documents/GitHub/Pf_pipeline_dados/Projeto_final_fase3/venv/lib/python3.9/site-packages/airflow/example_dags/example_branch_python_dop_operator_3.py
[2025-11-27T14:41:06.927-0300] {processor.py:830} INFO - Processing file /Users/davispecia/Documents/GitHub/Pf_pipeline_dados/Projeto_final_fase3/venv/lib/python3.9/site-packages/airflow/example_dags/example_branch_python_dop_operator_3.py for tasks to queue
[2025-11-27T14:41:06.927-0300] {logging_mixin.py:188} INFO - [2025-11-27T14:41:06.927-0300] {dagbag.py:545} INFO - Filling up the DagBag from /Users/davispecia/Documents/GitHub/Pf_pipeline_dados/Projeto_final_fase3/venv/lib/python3.9/site-packages/airflow/example_dags/example_branch_python_dop_operator_3.py
[2025-11-27T14:41:06.946-0300] {processor.py:840} INFO - DAG(s) 'example_branch_dop_operator_v3' retrieved from /Users/davispecia/Documents/GitHub/Pf_pipeline_dados/Projeto_final_fase3/venv/lib/python3.9/site-packages/airflow/example_dags/example_branch_python_dop_operator_3.py
[2025-11-27T14:41:07.017-0300] {logging_mixin.py:188} INFO - [2025-11-27T14:41:07.017-0300] {dag.py:3089} INFO - Sync 1 DAGs
[2025-11-27T14:41:07.029-0300] {logging_mixin.py:188} INFO - [2025-11-27T14:41:07.029-0300] {dag.py:3947} INFO - Setting next_dagrun for example_branch_dop_operator_v3 to 2025-11-27 17:40:00+00:00, run_after=2025-11-27 17:41:00+00:00
[2025-11-27T14:41:07.039-0300] {processor.py:183} INFO - Processing /Users/davispecia/Documents/GitHub/Pf_pipeline_dados/Projeto_final_fase3/venv/lib/python3.9/site-packages/airflow/example_dags/example_branch_python_dop_operator_3.py took 0.116 seconds
[2025-11-27T14:43:10.455-0300] {processor.py:161} INFO - Started process (PID=8947) to work on /Users/davispecia/Documents/GitHub/Pf_pipeline_dados/Projeto_final_fase3/venv/lib/python3.9/site-packages/airflow/example_dags/example_branch_python_dop_operator_3.py
[2025-11-27T14:43:10.455-0300] {processor.py:830} INFO - Processing file /Users/davispecia/Documents/GitHub/Pf_pipeline_dados/Projeto_final_fase3/venv/lib/python3.9/site-packages/airflow/example_dags/example_branch_python_dop_operator_3.py for tasks to queue
[2025-11-27T14:43:10.456-0300] {logging_mixin.py:188} INFO - [2025-11-27T14:43:10.456-0300] {dagbag.py:545} INFO - Filling up the DagBag from /Users/davispecia/Documents/GitHub/Pf_pipeline_dados/Projeto_final_fase3/venv/lib/python3.9/site-packages/airflow/example_dags/example_branch_python_dop_operator_3.py
[2025-11-27T14:43:10.476-0300] {processor.py:840} INFO - DAG(s) 'example_branch_dop_operator_v3' retrieved from /Users/davispecia/Documents/GitHub/Pf_pipeline_dados/Projeto_final_fase3/venv/lib/python3.9/site-packages/airflow/example_dags/example_branch_python_dop_operator_3.py
[2025-11-27T14:43:10.547-0300] {logging_mixin.py:188} INFO - [2025-11-27T14:43:10.547-0300] {dag.py:3089} INFO - Sync 1 DAGs
[2025-11-27T14:43:10.558-0300] {logging_mixin.py:188} INFO - [2025-11-27T14:43:10.558-0300] {dag.py:3947} INFO - Setting next_dagrun for example_branch_dop_operator_v3 to 2025-11-27 17:42:00+00:00, run_after=2025-11-27 17:43:00+00:00
[2025-11-27T14:43:10.568-0300] {processor.py:183} INFO - Processing /Users/davispecia/Documents/GitHub/Pf_pipeline_dados/Projeto_final_fase3/venv/lib/python3.9/site-packages/airflow/example_dags/example_branch_python_dop_operator_3.py took 0.116 seconds
[2025-11-27T14:45:28.511-0300] {processor.py:161} INFO - Started process (PID=9392) to work on /Users/davispecia/Documents/GitHub/Pf_pipeline_dados/Projeto_final_fase3/venv/lib/python3.9/site-packages/airflow/example_dags/example_branch_python_dop_operator_3.py
[2025-11-27T14:45:28.512-0300] {processor.py:830} INFO - Processing file /Users/davispecia/Documents/GitHub/Pf_pipeline_dados/Projeto_final_fase3/venv/lib/python3.9/site-packages/airflow/example_dags/example_branch_python_dop_operator_3.py for tasks to queue
[2025-11-27T14:45:28.512-0300] {logging_mixin.py:188} INFO - [2025-11-27T14:45:28.512-0300] {dagbag.py:545} INFO - Filling up the DagBag from /Users/davispecia/Documents/GitHub/Pf_pipeline_dados/Projeto_final_fase3/venv/lib/python3.9/site-packages/airflow/example_dags/example_branch_python_dop_operator_3.py
[2025-11-27T14:45:28.531-0300] {processor.py:840} INFO - DAG(s) 'example_branch_dop_operator_v3' retrieved from /Users/davispecia/Documents/GitHub/Pf_pipeline_dados/Projeto_final_fase3/venv/lib/python3.9/site-packages/airflow/example_dags/example_branch_python_dop_operator_3.py
[2025-11-27T14:45:28.599-0300] {logging_mixin.py:188} INFO - [2025-11-27T14:45:28.599-0300] {dag.py:3089} INFO - Sync 1 DAGs
[2025-11-27T14:45:28.611-0300] {logging_mixin.py:188} INFO - [2025-11-27T14:45:28.611-0300] {dag.py:3947} INFO - Setting next_dagrun for example_branch_dop_operator_v3 to 2025-11-27 17:44:00+00:00, run_after=2025-11-27 17:45:00+00:00
[2025-11-27T14:45:28.620-0300] {processor.py:183} INFO - Processing /Users/davispecia/Documents/GitHub/Pf_pipeline_dados/Projeto_final_fase3/venv/lib/python3.9/site-packages/airflow/example_dags/example_branch_python_dop_operator_3.py took 0.111 seconds
[2025-11-27T14:47:38.556-0300] {processor.py:161} INFO - Started process (PID=9710) to work on /Users/davispecia/Documents/GitHub/Pf_pipeline_dados/Projeto_final_fase3/venv/lib/python3.9/site-packages/airflow/example_dags/example_branch_python_dop_operator_3.py
[2025-11-27T14:47:38.558-0300] {processor.py:830} INFO - Processing file /Users/davispecia/Documents/GitHub/Pf_pipeline_dados/Projeto_final_fase3/venv/lib/python3.9/site-packages/airflow/example_dags/example_branch_python_dop_operator_3.py for tasks to queue
[2025-11-27T14:47:38.558-0300] {logging_mixin.py:188} INFO - [2025-11-27T14:47:38.558-0300] {dagbag.py:545} INFO - Filling up the DagBag from /Users/davispecia/Documents/GitHub/Pf_pipeline_dados/Projeto_final_fase3/venv/lib/python3.9/site-packages/airflow/example_dags/example_branch_python_dop_operator_3.py
[2025-11-27T14:47:38.577-0300] {processor.py:840} INFO - DAG(s) 'example_branch_dop_operator_v3' retrieved from /Users/davispecia/Documents/GitHub/Pf_pipeline_dados/Projeto_final_fase3/venv/lib/python3.9/site-packages/airflow/example_dags/example_branch_python_dop_operator_3.py
[2025-11-27T14:47:38.644-0300] {logging_mixin.py:188} INFO - [2025-11-27T14:47:38.644-0300] {dag.py:3089} INFO - Sync 1 DAGs
[2025-11-27T14:47:38.655-0300] {logging_mixin.py:188} INFO - [2025-11-27T14:47:38.655-0300] {dag.py:3947} INFO - Setting next_dagrun for example_branch_dop_operator_v3 to 2025-11-27 17:46:00+00:00, run_after=2025-11-27 17:47:00+00:00
[2025-11-27T14:47:38.664-0300] {processor.py:183} INFO - Processing /Users/davispecia/Documents/GitHub/Pf_pipeline_dados/Projeto_final_fase3/venv/lib/python3.9/site-packages/airflow/example_dags/example_branch_python_dop_operator_3.py took 0.109 seconds
[2025-11-27T14:49:45.612-0300] {processor.py:161} INFO - Started process (PID=10031) to work on /Users/davispecia/Documents/GitHub/Pf_pipeline_dados/Projeto_final_fase3/venv/lib/python3.9/site-packages/airflow/example_dags/example_branch_python_dop_operator_3.py
[2025-11-27T14:49:45.613-0300] {processor.py:830} INFO - Processing file /Users/davispecia/Documents/GitHub/Pf_pipeline_dados/Projeto_final_fase3/venv/lib/python3.9/site-packages/airflow/example_dags/example_branch_python_dop_operator_3.py for tasks to queue
[2025-11-27T14:49:45.613-0300] {logging_mixin.py:188} INFO - [2025-11-27T14:49:45.613-0300] {dagbag.py:545} INFO - Filling up the DagBag from /Users/davispecia/Documents/GitHub/Pf_pipeline_dados/Projeto_final_fase3/venv/lib/python3.9/site-packages/airflow/example_dags/example_branch_python_dop_operator_3.py
[2025-11-27T14:49:45.633-0300] {processor.py:840} INFO - DAG(s) 'example_branch_dop_operator_v3' retrieved from /Users/davispecia/Documents/GitHub/Pf_pipeline_dados/Projeto_final_fase3/venv/lib/python3.9/site-packages/airflow/example_dags/example_branch_python_dop_operator_3.py
[2025-11-27T14:49:45.704-0300] {logging_mixin.py:188} INFO - [2025-11-27T14:49:45.704-0300] {dag.py:3089} INFO - Sync 1 DAGs
[2025-11-27T14:49:45.716-0300] {logging_mixin.py:188} INFO - [2025-11-27T14:49:45.716-0300] {dag.py:3947} INFO - Setting next_dagrun for example_branch_dop_operator_v3 to 2025-11-27 17:48:00+00:00, run_after=2025-11-27 17:49:00+00:00
[2025-11-27T14:49:45.725-0300] {processor.py:183} INFO - Processing /Users/davispecia/Documents/GitHub/Pf_pipeline_dados/Projeto_final_fase3/venv/lib/python3.9/site-packages/airflow/example_dags/example_branch_python_dop_operator_3.py took 0.114 seconds
[2025-11-27T14:52:05.094-0300] {processor.py:161} INFO - Started process (PID=10418) to work on /Users/davispecia/Documents/GitHub/Pf_pipeline_dados/Projeto_final_fase3/venv/lib/python3.9/site-packages/airflow/example_dags/example_branch_python_dop_operator_3.py
[2025-11-27T14:52:05.094-0300] {processor.py:830} INFO - Processing file /Users/davispecia/Documents/GitHub/Pf_pipeline_dados/Projeto_final_fase3/venv/lib/python3.9/site-packages/airflow/example_dags/example_branch_python_dop_operator_3.py for tasks to queue
[2025-11-27T14:52:05.094-0300] {logging_mixin.py:188} INFO - [2025-11-27T14:52:05.094-0300] {dagbag.py:545} INFO - Filling up the DagBag from /Users/davispecia/Documents/GitHub/Pf_pipeline_dados/Projeto_final_fase3/venv/lib/python3.9/site-packages/airflow/example_dags/example_branch_python_dop_operator_3.py
[2025-11-27T14:52:05.113-0300] {processor.py:840} INFO - DAG(s) 'example_branch_dop_operator_v3' retrieved from /Users/davispecia/Documents/GitHub/Pf_pipeline_dados/Projeto_final_fase3/venv/lib/python3.9/site-packages/airflow/example_dags/example_branch_python_dop_operator_3.py
[2025-11-27T14:52:05.186-0300] {logging_mixin.py:188} INFO - [2025-11-27T14:52:05.186-0300] {dag.py:3089} INFO - Sync 1 DAGs
[2025-11-27T14:52:05.198-0300] {logging_mixin.py:188} INFO - [2025-11-27T14:52:05.198-0300] {dag.py:3947} INFO - Setting next_dagrun for example_branch_dop_operator_v3 to 2025-11-27 17:51:00+00:00, run_after=2025-11-27 17:52:00+00:00
[2025-11-27T14:52:05.208-0300] {processor.py:183} INFO - Processing /Users/davispecia/Documents/GitHub/Pf_pipeline_dados/Projeto_final_fase3/venv/lib/python3.9/site-packages/airflow/example_dags/example_branch_python_dop_operator_3.py took 0.116 seconds
[2025-11-27T14:54:08.204-0300] {processor.py:161} INFO - Started process (PID=10728) to work on /Users/davispecia/Documents/GitHub/Pf_pipeline_dados/Projeto_final_fase3/venv/lib/python3.9/site-packages/airflow/example_dags/example_branch_python_dop_operator_3.py
[2025-11-27T14:54:08.206-0300] {processor.py:830} INFO - Processing file /Users/davispecia/Documents/GitHub/Pf_pipeline_dados/Projeto_final_fase3/venv/lib/python3.9/site-packages/airflow/example_dags/example_branch_python_dop_operator_3.py for tasks to queue
[2025-11-27T14:54:08.206-0300] {logging_mixin.py:188} INFO - [2025-11-27T14:54:08.206-0300] {dagbag.py:545} INFO - Filling up the DagBag from /Users/davispecia/Documents/GitHub/Pf_pipeline_dados/Projeto_final_fase3/venv/lib/python3.9/site-packages/airflow/example_dags/example_branch_python_dop_operator_3.py
[2025-11-27T14:54:08.224-0300] {processor.py:840} INFO - DAG(s) 'example_branch_dop_operator_v3' retrieved from /Users/davispecia/Documents/GitHub/Pf_pipeline_dados/Projeto_final_fase3/venv/lib/python3.9/site-packages/airflow/example_dags/example_branch_python_dop_operator_3.py
[2025-11-27T14:54:08.292-0300] {logging_mixin.py:188} INFO - [2025-11-27T14:54:08.291-0300] {dag.py:3089} INFO - Sync 1 DAGs
[2025-11-27T14:54:08.303-0300] {logging_mixin.py:188} INFO - [2025-11-27T14:54:08.303-0300] {dag.py:3947} INFO - Setting next_dagrun for example_branch_dop_operator_v3 to 2025-11-27 17:53:00+00:00, run_after=2025-11-27 17:54:00+00:00
[2025-11-27T14:54:08.311-0300] {processor.py:183} INFO - Processing /Users/davispecia/Documents/GitHub/Pf_pipeline_dados/Projeto_final_fase3/venv/lib/python3.9/site-packages/airflow/example_dags/example_branch_python_dop_operator_3.py took 0.109 seconds
[2025-11-27T14:56:20.792-0300] {processor.py:161} INFO - Started process (PID=11101) to work on /Users/davispecia/Documents/GitHub/Pf_pipeline_dados/Projeto_final_fase3/venv/lib/python3.9/site-packages/airflow/example_dags/example_branch_python_dop_operator_3.py
[2025-11-27T14:56:20.793-0300] {processor.py:830} INFO - Processing file /Users/davispecia/Documents/GitHub/Pf_pipeline_dados/Projeto_final_fase3/venv/lib/python3.9/site-packages/airflow/example_dags/example_branch_python_dop_operator_3.py for tasks to queue
[2025-11-27T14:56:20.794-0300] {logging_mixin.py:188} INFO - [2025-11-27T14:56:20.794-0300] {dagbag.py:545} INFO - Filling up the DagBag from /Users/davispecia/Documents/GitHub/Pf_pipeline_dados/Projeto_final_fase3/venv/lib/python3.9/site-packages/airflow/example_dags/example_branch_python_dop_operator_3.py
[2025-11-27T14:56:20.812-0300] {processor.py:840} INFO - DAG(s) 'example_branch_dop_operator_v3' retrieved from /Users/davispecia/Documents/GitHub/Pf_pipeline_dados/Projeto_final_fase3/venv/lib/python3.9/site-packages/airflow/example_dags/example_branch_python_dop_operator_3.py
[2025-11-27T14:56:20.880-0300] {logging_mixin.py:188} INFO - [2025-11-27T14:56:20.880-0300] {dag.py:3089} INFO - Sync 1 DAGs
[2025-11-27T14:56:20.891-0300] {logging_mixin.py:188} INFO - [2025-11-27T14:56:20.891-0300] {dag.py:3947} INFO - Setting next_dagrun for example_branch_dop_operator_v3 to 2025-11-27 17:55:00+00:00, run_after=2025-11-27 17:56:00+00:00
[2025-11-27T14:56:20.900-0300] {processor.py:183} INFO - Processing /Users/davispecia/Documents/GitHub/Pf_pipeline_dados/Projeto_final_fase3/venv/lib/python3.9/site-packages/airflow/example_dags/example_branch_python_dop_operator_3.py took 0.110 seconds
[2025-11-27T14:58:29.019-0300] {processor.py:161} INFO - Started process (PID=11418) to work on /Users/davispecia/Documents/GitHub/Pf_pipeline_dados/Projeto_final_fase3/venv/lib/python3.9/site-packages/airflow/example_dags/example_branch_python_dop_operator_3.py
[2025-11-27T14:58:29.019-0300] {processor.py:830} INFO - Processing file /Users/davispecia/Documents/GitHub/Pf_pipeline_dados/Projeto_final_fase3/venv/lib/python3.9/site-packages/airflow/example_dags/example_branch_python_dop_operator_3.py for tasks to queue
[2025-11-27T14:58:29.020-0300] {logging_mixin.py:188} INFO - [2025-11-27T14:58:29.019-0300] {dagbag.py:545} INFO - Filling up the DagBag from /Users/davispecia/Documents/GitHub/Pf_pipeline_dados/Projeto_final_fase3/venv/lib/python3.9/site-packages/airflow/example_dags/example_branch_python_dop_operator_3.py
[2025-11-27T14:58:29.038-0300] {processor.py:840} INFO - DAG(s) 'example_branch_dop_operator_v3' retrieved from /Users/davispecia/Documents/GitHub/Pf_pipeline_dados/Projeto_final_fase3/venv/lib/python3.9/site-packages/airflow/example_dags/example_branch_python_dop_operator_3.py
[2025-11-27T14:58:29.107-0300] {logging_mixin.py:188} INFO - [2025-11-27T14:58:29.107-0300] {dag.py:3089} INFO - Sync 1 DAGs
[2025-11-27T14:58:29.118-0300] {logging_mixin.py:188} INFO - [2025-11-27T14:58:29.118-0300] {dag.py:3947} INFO - Setting next_dagrun for example_branch_dop_operator_v3 to 2025-11-27 17:57:00+00:00, run_after=2025-11-27 17:58:00+00:00
[2025-11-27T14:58:29.126-0300] {processor.py:183} INFO - Processing /Users/davispecia/Documents/GitHub/Pf_pipeline_dados/Projeto_final_fase3/venv/lib/python3.9/site-packages/airflow/example_dags/example_branch_python_dop_operator_3.py took 0.110 seconds
[2025-11-27T15:00:35.461-0300] {processor.py:161} INFO - Started process (PID=11721) to work on /Users/davispecia/Documents/GitHub/Pf_pipeline_dados/Projeto_final_fase3/venv/lib/python3.9/site-packages/airflow/example_dags/example_branch_python_dop_operator_3.py
[2025-11-27T15:00:35.462-0300] {processor.py:830} INFO - Processing file /Users/davispecia/Documents/GitHub/Pf_pipeline_dados/Projeto_final_fase3/venv/lib/python3.9/site-packages/airflow/example_dags/example_branch_python_dop_operator_3.py for tasks to queue
[2025-11-27T15:00:35.462-0300] {logging_mixin.py:188} INFO - [2025-11-27T15:00:35.462-0300] {dagbag.py:545} INFO - Filling up the DagBag from /Users/davispecia/Documents/GitHub/Pf_pipeline_dados/Projeto_final_fase3/venv/lib/python3.9/site-packages/airflow/example_dags/example_branch_python_dop_operator_3.py
[2025-11-27T15:00:35.480-0300] {processor.py:840} INFO - DAG(s) 'example_branch_dop_operator_v3' retrieved from /Users/davispecia/Documents/GitHub/Pf_pipeline_dados/Projeto_final_fase3/venv/lib/python3.9/site-packages/airflow/example_dags/example_branch_python_dop_operator_3.py
[2025-11-27T15:00:35.550-0300] {logging_mixin.py:188} INFO - [2025-11-27T15:00:35.550-0300] {dag.py:3089} INFO - Sync 1 DAGs
[2025-11-27T15:00:35.562-0300] {logging_mixin.py:188} INFO - [2025-11-27T15:00:35.561-0300] {dag.py:3947} INFO - Setting next_dagrun for example_branch_dop_operator_v3 to 2025-11-27 17:59:00+00:00, run_after=2025-11-27 18:00:00+00:00
[2025-11-27T15:00:35.571-0300] {processor.py:183} INFO - Processing /Users/davispecia/Documents/GitHub/Pf_pipeline_dados/Projeto_final_fase3/venv/lib/python3.9/site-packages/airflow/example_dags/example_branch_python_dop_operator_3.py took 0.112 seconds
[2025-11-27T15:02:52.386-0300] {processor.py:161} INFO - Started process (PID=12113) to work on /Users/davispecia/Documents/GitHub/Pf_pipeline_dados/Projeto_final_fase3/venv/lib/python3.9/site-packages/airflow/example_dags/example_branch_python_dop_operator_3.py
[2025-11-27T15:02:52.388-0300] {processor.py:830} INFO - Processing file /Users/davispecia/Documents/GitHub/Pf_pipeline_dados/Projeto_final_fase3/venv/lib/python3.9/site-packages/airflow/example_dags/example_branch_python_dop_operator_3.py for tasks to queue
[2025-11-27T15:02:52.388-0300] {logging_mixin.py:188} INFO - [2025-11-27T15:02:52.388-0300] {dagbag.py:545} INFO - Filling up the DagBag from /Users/davispecia/Documents/GitHub/Pf_pipeline_dados/Projeto_final_fase3/venv/lib/python3.9/site-packages/airflow/example_dags/example_branch_python_dop_operator_3.py
[2025-11-27T15:02:52.406-0300] {processor.py:840} INFO - DAG(s) 'example_branch_dop_operator_v3' retrieved from /Users/davispecia/Documents/GitHub/Pf_pipeline_dados/Projeto_final_fase3/venv/lib/python3.9/site-packages/airflow/example_dags/example_branch_python_dop_operator_3.py
[2025-11-27T15:02:52.475-0300] {logging_mixin.py:188} INFO - [2025-11-27T15:02:52.475-0300] {dag.py:3089} INFO - Sync 1 DAGs
[2025-11-27T15:02:52.486-0300] {logging_mixin.py:188} INFO - [2025-11-27T15:02:52.486-0300] {dag.py:3947} INFO - Setting next_dagrun for example_branch_dop_operator_v3 to 2025-11-27 18:01:00+00:00, run_after=2025-11-27 18:02:00+00:00
[2025-11-27T15:02:52.495-0300] {processor.py:183} INFO - Processing /Users/davispecia/Documents/GitHub/Pf_pipeline_dados/Projeto_final_fase3/venv/lib/python3.9/site-packages/airflow/example_dags/example_branch_python_dop_operator_3.py took 0.111 seconds
[2025-11-27T15:04:58.612-0300] {processor.py:161} INFO - Started process (PID=12408) to work on /Users/davispecia/Documents/GitHub/Pf_pipeline_dados/Projeto_final_fase3/venv/lib/python3.9/site-packages/airflow/example_dags/example_branch_python_dop_operator_3.py
[2025-11-27T15:04:58.613-0300] {processor.py:830} INFO - Processing file /Users/davispecia/Documents/GitHub/Pf_pipeline_dados/Projeto_final_fase3/venv/lib/python3.9/site-packages/airflow/example_dags/example_branch_python_dop_operator_3.py for tasks to queue
[2025-11-27T15:04:58.613-0300] {logging_mixin.py:188} INFO - [2025-11-27T15:04:58.613-0300] {dagbag.py:545} INFO - Filling up the DagBag from /Users/davispecia/Documents/GitHub/Pf_pipeline_dados/Projeto_final_fase3/venv/lib/python3.9/site-packages/airflow/example_dags/example_branch_python_dop_operator_3.py
[2025-11-27T15:04:58.631-0300] {processor.py:840} INFO - DAG(s) 'example_branch_dop_operator_v3' retrieved from /Users/davispecia/Documents/GitHub/Pf_pipeline_dados/Projeto_final_fase3/venv/lib/python3.9/site-packages/airflow/example_dags/example_branch_python_dop_operator_3.py
[2025-11-27T15:04:58.699-0300] {logging_mixin.py:188} INFO - [2025-11-27T15:04:58.698-0300] {dag.py:3089} INFO - Sync 1 DAGs
[2025-11-27T15:04:58.710-0300] {logging_mixin.py:188} INFO - [2025-11-27T15:04:58.710-0300] {dag.py:3947} INFO - Setting next_dagrun for example_branch_dop_operator_v3 to 2025-11-27 18:03:00+00:00, run_after=2025-11-27 18:04:00+00:00
[2025-11-27T15:04:58.719-0300] {processor.py:183} INFO - Processing /Users/davispecia/Documents/GitHub/Pf_pipeline_dados/Projeto_final_fase3/venv/lib/python3.9/site-packages/airflow/example_dags/example_branch_python_dop_operator_3.py took 0.109 seconds
[2025-11-27T15:07:06.562-0300] {processor.py:161} INFO - Started process (PID=12724) to work on /Users/davispecia/Documents/GitHub/Pf_pipeline_dados/Projeto_final_fase3/venv/lib/python3.9/site-packages/airflow/example_dags/example_branch_python_dop_operator_3.py
[2025-11-27T15:07:06.564-0300] {processor.py:830} INFO - Processing file /Users/davispecia/Documents/GitHub/Pf_pipeline_dados/Projeto_final_fase3/venv/lib/python3.9/site-packages/airflow/example_dags/example_branch_python_dop_operator_3.py for tasks to queue
[2025-11-27T15:07:06.564-0300] {logging_mixin.py:188} INFO - [2025-11-27T15:07:06.564-0300] {dagbag.py:545} INFO - Filling up the DagBag from /Users/davispecia/Documents/GitHub/Pf_pipeline_dados/Projeto_final_fase3/venv/lib/python3.9/site-packages/airflow/example_dags/example_branch_python_dop_operator_3.py
[2025-11-27T15:07:06.582-0300] {processor.py:840} INFO - DAG(s) 'example_branch_dop_operator_v3' retrieved from /Users/davispecia/Documents/GitHub/Pf_pipeline_dados/Projeto_final_fase3/venv/lib/python3.9/site-packages/airflow/example_dags/example_branch_python_dop_operator_3.py
[2025-11-27T15:07:06.650-0300] {logging_mixin.py:188} INFO - [2025-11-27T15:07:06.650-0300] {dag.py:3089} INFO - Sync 1 DAGs
[2025-11-27T15:07:06.662-0300] {logging_mixin.py:188} INFO - [2025-11-27T15:07:06.662-0300] {dag.py:3947} INFO - Setting next_dagrun for example_branch_dop_operator_v3 to 2025-11-27 18:06:00+00:00, run_after=2025-11-27 18:07:00+00:00
[2025-11-27T15:07:06.670-0300] {processor.py:183} INFO - Processing /Users/davispecia/Documents/GitHub/Pf_pipeline_dados/Projeto_final_fase3/venv/lib/python3.9/site-packages/airflow/example_dags/example_branch_python_dop_operator_3.py took 0.110 seconds
[2025-11-27T15:09:20.360-0300] {processor.py:161} INFO - Started process (PID=13099) to work on /Users/davispecia/Documents/GitHub/Pf_pipeline_dados/Projeto_final_fase3/venv/lib/python3.9/site-packages/airflow/example_dags/example_branch_python_dop_operator_3.py
[2025-11-27T15:09:20.361-0300] {processor.py:830} INFO - Processing file /Users/davispecia/Documents/GitHub/Pf_pipeline_dados/Projeto_final_fase3/venv/lib/python3.9/site-packages/airflow/example_dags/example_branch_python_dop_operator_3.py for tasks to queue
[2025-11-27T15:09:20.361-0300] {logging_mixin.py:188} INFO - [2025-11-27T15:09:20.361-0300] {dagbag.py:545} INFO - Filling up the DagBag from /Users/davispecia/Documents/GitHub/Pf_pipeline_dados/Projeto_final_fase3/venv/lib/python3.9/site-packages/airflow/example_dags/example_branch_python_dop_operator_3.py
[2025-11-27T15:09:20.379-0300] {processor.py:840} INFO - DAG(s) 'example_branch_dop_operator_v3' retrieved from /Users/davispecia/Documents/GitHub/Pf_pipeline_dados/Projeto_final_fase3/venv/lib/python3.9/site-packages/airflow/example_dags/example_branch_python_dop_operator_3.py
[2025-11-27T15:09:20.447-0300] {logging_mixin.py:188} INFO - [2025-11-27T15:09:20.447-0300] {dag.py:3089} INFO - Sync 1 DAGs
[2025-11-27T15:09:20.458-0300] {logging_mixin.py:188} INFO - [2025-11-27T15:09:20.458-0300] {dag.py:3947} INFO - Setting next_dagrun for example_branch_dop_operator_v3 to 2025-11-27 18:08:00+00:00, run_after=2025-11-27 18:09:00+00:00
[2025-11-27T15:09:20.467-0300] {processor.py:183} INFO - Processing /Users/davispecia/Documents/GitHub/Pf_pipeline_dados/Projeto_final_fase3/venv/lib/python3.9/site-packages/airflow/example_dags/example_branch_python_dop_operator_3.py took 0.109 seconds
[2025-11-27T15:11:26.979-0300] {processor.py:161} INFO - Started process (PID=13403) to work on /Users/davispecia/Documents/GitHub/Pf_pipeline_dados/Projeto_final_fase3/venv/lib/python3.9/site-packages/airflow/example_dags/example_branch_python_dop_operator_3.py
[2025-11-27T15:11:26.980-0300] {processor.py:830} INFO - Processing file /Users/davispecia/Documents/GitHub/Pf_pipeline_dados/Projeto_final_fase3/venv/lib/python3.9/site-packages/airflow/example_dags/example_branch_python_dop_operator_3.py for tasks to queue
[2025-11-27T15:11:26.980-0300] {logging_mixin.py:188} INFO - [2025-11-27T15:11:26.980-0300] {dagbag.py:545} INFO - Filling up the DagBag from /Users/davispecia/Documents/GitHub/Pf_pipeline_dados/Projeto_final_fase3/venv/lib/python3.9/site-packages/airflow/example_dags/example_branch_python_dop_operator_3.py
[2025-11-27T15:11:26.999-0300] {processor.py:840} INFO - DAG(s) 'example_branch_dop_operator_v3' retrieved from /Users/davispecia/Documents/GitHub/Pf_pipeline_dados/Projeto_final_fase3/venv/lib/python3.9/site-packages/airflow/example_dags/example_branch_python_dop_operator_3.py
[2025-11-27T15:11:27.066-0300] {logging_mixin.py:188} INFO - [2025-11-27T15:11:27.066-0300] {dag.py:3089} INFO - Sync 1 DAGs
[2025-11-27T15:11:27.078-0300] {logging_mixin.py:188} INFO - [2025-11-27T15:11:27.077-0300] {dag.py:3947} INFO - Setting next_dagrun for example_branch_dop_operator_v3 to 2025-11-27 18:10:00+00:00, run_after=2025-11-27 18:11:00+00:00
[2025-11-27T15:11:27.086-0300] {processor.py:183} INFO - Processing /Users/davispecia/Documents/GitHub/Pf_pipeline_dados/Projeto_final_fase3/venv/lib/python3.9/site-packages/airflow/example_dags/example_branch_python_dop_operator_3.py took 0.109 seconds
[2025-11-27T15:13:38.247-0300] {processor.py:161} INFO - Started process (PID=13865) to work on /Users/davispecia/Documents/GitHub/Pf_pipeline_dados/Projeto_final_fase3/venv/lib/python3.9/site-packages/airflow/example_dags/example_branch_python_dop_operator_3.py
[2025-11-27T15:13:38.247-0300] {processor.py:830} INFO - Processing file /Users/davispecia/Documents/GitHub/Pf_pipeline_dados/Projeto_final_fase3/venv/lib/python3.9/site-packages/airflow/example_dags/example_branch_python_dop_operator_3.py for tasks to queue
[2025-11-27T15:13:38.248-0300] {logging_mixin.py:188} INFO - [2025-11-27T15:13:38.248-0300] {dagbag.py:545} INFO - Filling up the DagBag from /Users/davispecia/Documents/GitHub/Pf_pipeline_dados/Projeto_final_fase3/venv/lib/python3.9/site-packages/airflow/example_dags/example_branch_python_dop_operator_3.py
[2025-11-27T15:13:38.266-0300] {processor.py:840} INFO - DAG(s) 'example_branch_dop_operator_v3' retrieved from /Users/davispecia/Documents/GitHub/Pf_pipeline_dados/Projeto_final_fase3/venv/lib/python3.9/site-packages/airflow/example_dags/example_branch_python_dop_operator_3.py
[2025-11-27T15:13:38.335-0300] {logging_mixin.py:188} INFO - [2025-11-27T15:13:38.335-0300] {dag.py:3089} INFO - Sync 1 DAGs
[2025-11-27T15:13:38.346-0300] {logging_mixin.py:188} INFO - [2025-11-27T15:13:38.346-0300] {dag.py:3947} INFO - Setting next_dagrun for example_branch_dop_operator_v3 to 2025-11-27 18:12:00+00:00, run_after=2025-11-27 18:13:00+00:00
[2025-11-27T15:13:38.356-0300] {processor.py:183} INFO - Processing /Users/davispecia/Documents/GitHub/Pf_pipeline_dados/Projeto_final_fase3/venv/lib/python3.9/site-packages/airflow/example_dags/example_branch_python_dop_operator_3.py took 0.111 seconds
[2025-11-27T15:15:35.414-0300] {processor.py:161} INFO - Started process (PID=14149) to work on /Users/davispecia/Documents/GitHub/Pf_pipeline_dados/Projeto_final_fase3/venv/lib/python3.9/site-packages/airflow/example_dags/example_branch_python_dop_operator_3.py
[2025-11-27T15:15:35.415-0300] {processor.py:830} INFO - Processing file /Users/davispecia/Documents/GitHub/Pf_pipeline_dados/Projeto_final_fase3/venv/lib/python3.9/site-packages/airflow/example_dags/example_branch_python_dop_operator_3.py for tasks to queue
[2025-11-27T15:15:35.415-0300] {logging_mixin.py:188} INFO - [2025-11-27T15:15:35.415-0300] {dagbag.py:545} INFO - Filling up the DagBag from /Users/davispecia/Documents/GitHub/Pf_pipeline_dados/Projeto_final_fase3/venv/lib/python3.9/site-packages/airflow/example_dags/example_branch_python_dop_operator_3.py
[2025-11-27T15:15:35.433-0300] {processor.py:840} INFO - DAG(s) 'example_branch_dop_operator_v3' retrieved from /Users/davispecia/Documents/GitHub/Pf_pipeline_dados/Projeto_final_fase3/venv/lib/python3.9/site-packages/airflow/example_dags/example_branch_python_dop_operator_3.py
[2025-11-27T15:15:35.504-0300] {logging_mixin.py:188} INFO - [2025-11-27T15:15:35.504-0300] {dag.py:3089} INFO - Sync 1 DAGs
[2025-11-27T15:15:35.515-0300] {logging_mixin.py:188} INFO - [2025-11-27T15:15:35.515-0300] {dag.py:3947} INFO - Setting next_dagrun for example_branch_dop_operator_v3 to 2025-11-27 18:14:00+00:00, run_after=2025-11-27 18:15:00+00:00
[2025-11-27T15:15:35.524-0300] {processor.py:183} INFO - Processing /Users/davispecia/Documents/GitHub/Pf_pipeline_dados/Projeto_final_fase3/venv/lib/python3.9/site-packages/airflow/example_dags/example_branch_python_dop_operator_3.py took 0.112 seconds
[2025-11-27T15:17:38.635-0300] {processor.py:161} INFO - Started process (PID=14460) to work on /Users/davispecia/Documents/GitHub/Pf_pipeline_dados/Projeto_final_fase3/venv/lib/python3.9/site-packages/airflow/example_dags/example_branch_python_dop_operator_3.py
[2025-11-27T15:17:38.635-0300] {processor.py:830} INFO - Processing file /Users/davispecia/Documents/GitHub/Pf_pipeline_dados/Projeto_final_fase3/venv/lib/python3.9/site-packages/airflow/example_dags/example_branch_python_dop_operator_3.py for tasks to queue
[2025-11-27T15:17:38.635-0300] {logging_mixin.py:188} INFO - [2025-11-27T15:17:38.635-0300] {dagbag.py:545} INFO - Filling up the DagBag from /Users/davispecia/Documents/GitHub/Pf_pipeline_dados/Projeto_final_fase3/venv/lib/python3.9/site-packages/airflow/example_dags/example_branch_python_dop_operator_3.py
[2025-11-27T15:17:38.654-0300] {processor.py:840} INFO - DAG(s) 'example_branch_dop_operator_v3' retrieved from /Users/davispecia/Documents/GitHub/Pf_pipeline_dados/Projeto_final_fase3/venv/lib/python3.9/site-packages/airflow/example_dags/example_branch_python_dop_operator_3.py
[2025-11-27T15:17:38.722-0300] {logging_mixin.py:188} INFO - [2025-11-27T15:17:38.722-0300] {dag.py:3089} INFO - Sync 1 DAGs
[2025-11-27T15:17:38.733-0300] {logging_mixin.py:188} INFO - [2025-11-27T15:17:38.733-0300] {dag.py:3947} INFO - Setting next_dagrun for example_branch_dop_operator_v3 to 2025-11-27 18:16:00+00:00, run_after=2025-11-27 18:17:00+00:00
[2025-11-27T15:17:38.743-0300] {processor.py:183} INFO - Processing /Users/davispecia/Documents/GitHub/Pf_pipeline_dados/Projeto_final_fase3/venv/lib/python3.9/site-packages/airflow/example_dags/example_branch_python_dop_operator_3.py took 0.110 seconds
[2025-11-27T15:19:46.801-0300] {processor.py:161} INFO - Started process (PID=14834) to work on /Users/davispecia/Documents/GitHub/Pf_pipeline_dados/Projeto_final_fase3/venv/lib/python3.9/site-packages/airflow/example_dags/example_branch_python_dop_operator_3.py
[2025-11-27T15:19:46.802-0300] {processor.py:830} INFO - Processing file /Users/davispecia/Documents/GitHub/Pf_pipeline_dados/Projeto_final_fase3/venv/lib/python3.9/site-packages/airflow/example_dags/example_branch_python_dop_operator_3.py for tasks to queue
[2025-11-27T15:19:46.802-0300] {logging_mixin.py:188} INFO - [2025-11-27T15:19:46.802-0300] {dagbag.py:545} INFO - Filling up the DagBag from /Users/davispecia/Documents/GitHub/Pf_pipeline_dados/Projeto_final_fase3/venv/lib/python3.9/site-packages/airflow/example_dags/example_branch_python_dop_operator_3.py
[2025-11-27T15:19:46.820-0300] {processor.py:840} INFO - DAG(s) 'example_branch_dop_operator_v3' retrieved from /Users/davispecia/Documents/GitHub/Pf_pipeline_dados/Projeto_final_fase3/venv/lib/python3.9/site-packages/airflow/example_dags/example_branch_python_dop_operator_3.py
[2025-11-27T15:19:46.890-0300] {logging_mixin.py:188} INFO - [2025-11-27T15:19:46.890-0300] {dag.py:3089} INFO - Sync 1 DAGs
[2025-11-27T15:19:46.902-0300] {logging_mixin.py:188} INFO - [2025-11-27T15:19:46.902-0300] {dag.py:3947} INFO - Setting next_dagrun for example_branch_dop_operator_v3 to 2025-11-27 18:18:00+00:00, run_after=2025-11-27 18:19:00+00:00
[2025-11-27T15:19:46.910-0300] {processor.py:183} INFO - Processing /Users/davispecia/Documents/GitHub/Pf_pipeline_dados/Projeto_final_fase3/venv/lib/python3.9/site-packages/airflow/example_dags/example_branch_python_dop_operator_3.py took 0.112 seconds
[2025-11-27T15:25:34.127-0300] {processor.py:161} INFO - Started process (PID=15270) to work on /Users/davispecia/Documents/GitHub/Pf_pipeline_dados/Projeto_final_fase3/venv/lib/python3.9/site-packages/airflow/example_dags/example_branch_python_dop_operator_3.py
[2025-11-27T15:25:34.128-0300] {processor.py:830} INFO - Processing file /Users/davispecia/Documents/GitHub/Pf_pipeline_dados/Projeto_final_fase3/venv/lib/python3.9/site-packages/airflow/example_dags/example_branch_python_dop_operator_3.py for tasks to queue
[2025-11-27T15:25:34.128-0300] {logging_mixin.py:188} INFO - [2025-11-27T15:25:34.128-0300] {dagbag.py:545} INFO - Filling up the DagBag from /Users/davispecia/Documents/GitHub/Pf_pipeline_dados/Projeto_final_fase3/venv/lib/python3.9/site-packages/airflow/example_dags/example_branch_python_dop_operator_3.py
[2025-11-27T15:25:34.148-0300] {processor.py:840} INFO - DAG(s) 'example_branch_dop_operator_v3' retrieved from /Users/davispecia/Documents/GitHub/Pf_pipeline_dados/Projeto_final_fase3/venv/lib/python3.9/site-packages/airflow/example_dags/example_branch_python_dop_operator_3.py
[2025-11-27T15:25:34.223-0300] {logging_mixin.py:188} INFO - [2025-11-27T15:25:34.223-0300] {dag.py:3089} INFO - Sync 1 DAGs
[2025-11-27T15:25:34.234-0300] {logging_mixin.py:188} INFO - [2025-11-27T15:25:34.234-0300] {dag.py:3947} INFO - Setting next_dagrun for example_branch_dop_operator_v3 to 2025-11-27 18:24:00+00:00, run_after=2025-11-27 18:25:00+00:00
[2025-11-27T15:25:34.243-0300] {processor.py:183} INFO - Processing /Users/davispecia/Documents/GitHub/Pf_pipeline_dados/Projeto_final_fase3/venv/lib/python3.9/site-packages/airflow/example_dags/example_branch_python_dop_operator_3.py took 0.118 seconds
