[2025-11-27T11:12:32.180-0300] {processor.py:161} INFO - Started process (PID=88905) to work on /Users/davispecia/Documents/GitHub/Pf_pipeline_dados/Projeto_final_fase3/venv/lib/python3.9/site-packages/airflow/example_dags/example_python_decorator.py
[2025-11-27T11:12:32.181-0300] {processor.py:830} INFO - Processing file /Users/davispecia/Documents/GitHub/Pf_pipeline_dados/Projeto_final_fase3/venv/lib/python3.9/site-packages/airflow/example_dags/example_python_decorator.py for tasks to queue
[2025-11-27T11:12:32.181-0300] {logging_mixin.py:188} INFO - [2025-11-27T11:12:32.181-0300] {dagbag.py:545} INFO - Filling up the DagBag from /Users/davispecia/Documents/GitHub/Pf_pipeline_dados/Projeto_final_fase3/venv/lib/python3.9/site-packages/airflow/example_dags/example_python_decorator.py
[2025-11-27T11:12:32.269-0300] {logging_mixin.py:188} INFO - [2025-11-27T11:12:32.269-0300] {example_python_decorator.py:80} WARNING - The virtalenv_python example task requires virtualenv, please install it.
[2025-11-27T11:12:32.271-0300] {processor.py:840} INFO - DAG(s) 'example_python_decorator' retrieved from /Users/davispecia/Documents/GitHub/Pf_pipeline_dados/Projeto_final_fase3/venv/lib/python3.9/site-packages/airflow/example_dags/example_python_decorator.py
[2025-11-27T11:12:32.403-0300] {logging_mixin.py:188} INFO - [2025-11-27T11:12:32.402-0300] {override.py:1858} INFO - Created Permission View: can edit on DAG:example_python_decorator
[2025-11-27T11:12:32.407-0300] {logging_mixin.py:188} INFO - [2025-11-27T11:12:32.407-0300] {override.py:1858} INFO - Created Permission View: can delete on DAG:example_python_decorator
[2025-11-27T11:12:32.409-0300] {logging_mixin.py:188} INFO - [2025-11-27T11:12:32.409-0300] {override.py:1858} INFO - Created Permission View: can read on DAG:example_python_decorator
[2025-11-27T11:12:32.409-0300] {logging_mixin.py:188} INFO - [2025-11-27T11:12:32.409-0300] {dag.py:3089} INFO - Sync 1 DAGs
[2025-11-27T11:12:32.415-0300] {logging_mixin.py:188} INFO - [2025-11-27T11:12:32.415-0300] {dag.py:3111} INFO - Creating ORM DAG for example_python_decorator
[2025-11-27T11:12:32.415-0300] {logging_mixin.py:188} INFO - [2025-11-27T11:12:32.415-0300] {dag.py:3947} INFO - Setting next_dagrun for example_python_decorator to None, run_after=None
[2025-11-27T11:12:32.426-0300] {processor.py:183} INFO - Processing /Users/davispecia/Documents/GitHub/Pf_pipeline_dados/Projeto_final_fase3/venv/lib/python3.9/site-packages/airflow/example_dags/example_python_decorator.py took 0.250 seconds
[2025-11-27T11:14:13.959-0300] {processor.py:161} INFO - Started process (PID=89482) to work on /Users/davispecia/Documents/GitHub/Pf_pipeline_dados/Projeto_final_fase3/venv/lib/python3.9/site-packages/airflow/example_dags/example_python_decorator.py
[2025-11-27T11:14:13.961-0300] {processor.py:830} INFO - Processing file /Users/davispecia/Documents/GitHub/Pf_pipeline_dados/Projeto_final_fase3/venv/lib/python3.9/site-packages/airflow/example_dags/example_python_decorator.py for tasks to queue
[2025-11-27T11:14:13.961-0300] {logging_mixin.py:188} INFO - [2025-11-27T11:14:13.961-0300] {dagbag.py:545} INFO - Filling up the DagBag from /Users/davispecia/Documents/GitHub/Pf_pipeline_dados/Projeto_final_fase3/venv/lib/python3.9/site-packages/airflow/example_dags/example_python_decorator.py
[2025-11-27T11:14:13.981-0300] {logging_mixin.py:188} INFO - [2025-11-27T11:14:13.981-0300] {example_python_decorator.py:80} WARNING - The virtalenv_python example task requires virtualenv, please install it.
[2025-11-27T11:14:13.982-0300] {processor.py:840} INFO - DAG(s) 'example_python_decorator' retrieved from /Users/davispecia/Documents/GitHub/Pf_pipeline_dados/Projeto_final_fase3/venv/lib/python3.9/site-packages/airflow/example_dags/example_python_decorator.py
[2025-11-27T11:14:14.064-0300] {logging_mixin.py:188} INFO - [2025-11-27T11:14:14.064-0300] {dag.py:3089} INFO - Sync 1 DAGs
[2025-11-27T11:14:14.071-0300] {logging_mixin.py:188} INFO - [2025-11-27T11:14:14.070-0300] {dag.py:3947} INFO - Setting next_dagrun for example_python_decorator to None, run_after=None
[2025-11-27T11:14:14.080-0300] {processor.py:183} INFO - Processing /Users/davispecia/Documents/GitHub/Pf_pipeline_dados/Projeto_final_fase3/venv/lib/python3.9/site-packages/airflow/example_dags/example_python_decorator.py took 0.124 seconds
[2025-11-27T11:17:40.997-0300] {processor.py:161} INFO - Started process (PID=91023) to work on /Users/davispecia/Documents/GitHub/Pf_pipeline_dados/Projeto_final_fase3/venv/lib/python3.9/site-packages/airflow/example_dags/example_python_decorator.py
[2025-11-27T11:17:40.998-0300] {processor.py:830} INFO - Processing file /Users/davispecia/Documents/GitHub/Pf_pipeline_dados/Projeto_final_fase3/venv/lib/python3.9/site-packages/airflow/example_dags/example_python_decorator.py for tasks to queue
[2025-11-27T11:17:40.999-0300] {logging_mixin.py:188} INFO - [2025-11-27T11:17:40.999-0300] {dagbag.py:545} INFO - Filling up the DagBag from /Users/davispecia/Documents/GitHub/Pf_pipeline_dados/Projeto_final_fase3/venv/lib/python3.9/site-packages/airflow/example_dags/example_python_decorator.py
[2025-11-27T11:17:41.016-0300] {logging_mixin.py:188} INFO - [2025-11-27T11:17:41.016-0300] {example_python_decorator.py:80} WARNING - The virtalenv_python example task requires virtualenv, please install it.
[2025-11-27T11:17:41.017-0300] {processor.py:840} INFO - DAG(s) 'example_python_decorator' retrieved from /Users/davispecia/Documents/GitHub/Pf_pipeline_dados/Projeto_final_fase3/venv/lib/python3.9/site-packages/airflow/example_dags/example_python_decorator.py
[2025-11-27T11:17:41.087-0300] {logging_mixin.py:188} INFO - [2025-11-27T11:17:41.087-0300] {dag.py:3089} INFO - Sync 1 DAGs
[2025-11-27T11:17:41.092-0300] {logging_mixin.py:188} INFO - [2025-11-27T11:17:41.092-0300] {dag.py:3947} INFO - Setting next_dagrun for example_python_decorator to None, run_after=None
[2025-11-27T11:17:41.102-0300] {processor.py:183} INFO - Processing /Users/davispecia/Documents/GitHub/Pf_pipeline_dados/Projeto_final_fase3/venv/lib/python3.9/site-packages/airflow/example_dags/example_python_decorator.py took 0.107 seconds
[2025-11-27T11:19:56.825-0300] {processor.py:161} INFO - Started process (PID=91406) to work on /Users/davispecia/Documents/GitHub/Pf_pipeline_dados/Projeto_final_fase3/venv/lib/python3.9/site-packages/airflow/example_dags/example_python_decorator.py
[2025-11-27T11:19:56.826-0300] {processor.py:830} INFO - Processing file /Users/davispecia/Documents/GitHub/Pf_pipeline_dados/Projeto_final_fase3/venv/lib/python3.9/site-packages/airflow/example_dags/example_python_decorator.py for tasks to queue
[2025-11-27T11:19:56.826-0300] {logging_mixin.py:188} INFO - [2025-11-27T11:19:56.826-0300] {dagbag.py:545} INFO - Filling up the DagBag from /Users/davispecia/Documents/GitHub/Pf_pipeline_dados/Projeto_final_fase3/venv/lib/python3.9/site-packages/airflow/example_dags/example_python_decorator.py
[2025-11-27T11:19:56.848-0300] {logging_mixin.py:188} INFO - [2025-11-27T11:19:56.848-0300] {example_python_decorator.py:80} WARNING - The virtalenv_python example task requires virtualenv, please install it.
[2025-11-27T11:19:56.849-0300] {processor.py:840} INFO - DAG(s) 'example_python_decorator' retrieved from /Users/davispecia/Documents/GitHub/Pf_pipeline_dados/Projeto_final_fase3/venv/lib/python3.9/site-packages/airflow/example_dags/example_python_decorator.py
[2025-11-27T11:19:56.934-0300] {logging_mixin.py:188} INFO - [2025-11-27T11:19:56.934-0300] {dag.py:3089} INFO - Sync 1 DAGs
[2025-11-27T11:19:56.940-0300] {logging_mixin.py:188} INFO - [2025-11-27T11:19:56.940-0300] {dag.py:3947} INFO - Setting next_dagrun for example_python_decorator to None, run_after=None
[2025-11-27T11:19:56.952-0300] {processor.py:183} INFO - Processing /Users/davispecia/Documents/GitHub/Pf_pipeline_dados/Projeto_final_fase3/venv/lib/python3.9/site-packages/airflow/example_dags/example_python_decorator.py took 0.129 seconds
[2025-11-27T11:22:00.390-0300] {processor.py:161} INFO - Started process (PID=91711) to work on /Users/davispecia/Documents/GitHub/Pf_pipeline_dados/Projeto_final_fase3/venv/lib/python3.9/site-packages/airflow/example_dags/example_python_decorator.py
[2025-11-27T11:22:00.390-0300] {processor.py:830} INFO - Processing file /Users/davispecia/Documents/GitHub/Pf_pipeline_dados/Projeto_final_fase3/venv/lib/python3.9/site-packages/airflow/example_dags/example_python_decorator.py for tasks to queue
[2025-11-27T11:22:00.391-0300] {logging_mixin.py:188} INFO - [2025-11-27T11:22:00.391-0300] {dagbag.py:545} INFO - Filling up the DagBag from /Users/davispecia/Documents/GitHub/Pf_pipeline_dados/Projeto_final_fase3/venv/lib/python3.9/site-packages/airflow/example_dags/example_python_decorator.py
[2025-11-27T11:22:00.409-0300] {logging_mixin.py:188} INFO - [2025-11-27T11:22:00.409-0300] {example_python_decorator.py:80} WARNING - The virtalenv_python example task requires virtualenv, please install it.
[2025-11-27T11:22:00.410-0300] {processor.py:840} INFO - DAG(s) 'example_python_decorator' retrieved from /Users/davispecia/Documents/GitHub/Pf_pipeline_dados/Projeto_final_fase3/venv/lib/python3.9/site-packages/airflow/example_dags/example_python_decorator.py
[2025-11-27T11:22:00.480-0300] {logging_mixin.py:188} INFO - [2025-11-27T11:22:00.479-0300] {dag.py:3089} INFO - Sync 1 DAGs
[2025-11-27T11:22:00.485-0300] {logging_mixin.py:188} INFO - [2025-11-27T11:22:00.485-0300] {dag.py:3947} INFO - Setting next_dagrun for example_python_decorator to None, run_after=None
[2025-11-27T11:22:00.493-0300] {processor.py:183} INFO - Processing /Users/davispecia/Documents/GitHub/Pf_pipeline_dados/Projeto_final_fase3/venv/lib/python3.9/site-packages/airflow/example_dags/example_python_decorator.py took 0.106 seconds
[2025-11-27T11:24:04.924-0300] {processor.py:161} INFO - Started process (PID=92018) to work on /Users/davispecia/Documents/GitHub/Pf_pipeline_dados/Projeto_final_fase3/venv/lib/python3.9/site-packages/airflow/example_dags/example_python_decorator.py
[2025-11-27T11:24:04.925-0300] {processor.py:830} INFO - Processing file /Users/davispecia/Documents/GitHub/Pf_pipeline_dados/Projeto_final_fase3/venv/lib/python3.9/site-packages/airflow/example_dags/example_python_decorator.py for tasks to queue
[2025-11-27T11:24:04.925-0300] {logging_mixin.py:188} INFO - [2025-11-27T11:24:04.925-0300] {dagbag.py:545} INFO - Filling up the DagBag from /Users/davispecia/Documents/GitHub/Pf_pipeline_dados/Projeto_final_fase3/venv/lib/python3.9/site-packages/airflow/example_dags/example_python_decorator.py
[2025-11-27T11:24:04.942-0300] {logging_mixin.py:188} INFO - [2025-11-27T11:24:04.942-0300] {example_python_decorator.py:80} WARNING - The virtalenv_python example task requires virtualenv, please install it.
[2025-11-27T11:24:04.943-0300] {processor.py:840} INFO - DAG(s) 'example_python_decorator' retrieved from /Users/davispecia/Documents/GitHub/Pf_pipeline_dados/Projeto_final_fase3/venv/lib/python3.9/site-packages/airflow/example_dags/example_python_decorator.py
[2025-11-27T11:24:05.011-0300] {logging_mixin.py:188} INFO - [2025-11-27T11:24:05.011-0300] {dag.py:3089} INFO - Sync 1 DAGs
[2025-11-27T11:24:05.016-0300] {logging_mixin.py:188} INFO - [2025-11-27T11:24:05.016-0300] {dag.py:3947} INFO - Setting next_dagrun for example_python_decorator to None, run_after=None
[2025-11-27T11:24:05.026-0300] {processor.py:183} INFO - Processing /Users/davispecia/Documents/GitHub/Pf_pipeline_dados/Projeto_final_fase3/venv/lib/python3.9/site-packages/airflow/example_dags/example_python_decorator.py took 0.104 seconds
[2025-11-27T11:26:18.681-0300] {processor.py:161} INFO - Started process (PID=92405) to work on /Users/davispecia/Documents/GitHub/Pf_pipeline_dados/Projeto_final_fase3/venv/lib/python3.9/site-packages/airflow/example_dags/example_python_decorator.py
[2025-11-27T11:26:18.681-0300] {processor.py:830} INFO - Processing file /Users/davispecia/Documents/GitHub/Pf_pipeline_dados/Projeto_final_fase3/venv/lib/python3.9/site-packages/airflow/example_dags/example_python_decorator.py for tasks to queue
[2025-11-27T11:26:18.682-0300] {logging_mixin.py:188} INFO - [2025-11-27T11:26:18.682-0300] {dagbag.py:545} INFO - Filling up the DagBag from /Users/davispecia/Documents/GitHub/Pf_pipeline_dados/Projeto_final_fase3/venv/lib/python3.9/site-packages/airflow/example_dags/example_python_decorator.py
[2025-11-27T11:26:18.699-0300] {logging_mixin.py:188} INFO - [2025-11-27T11:26:18.699-0300] {example_python_decorator.py:80} WARNING - The virtalenv_python example task requires virtualenv, please install it.
[2025-11-27T11:26:18.700-0300] {processor.py:840} INFO - DAG(s) 'example_python_decorator' retrieved from /Users/davispecia/Documents/GitHub/Pf_pipeline_dados/Projeto_final_fase3/venv/lib/python3.9/site-packages/airflow/example_dags/example_python_decorator.py
[2025-11-27T11:26:18.770-0300] {logging_mixin.py:188} INFO - [2025-11-27T11:26:18.769-0300] {dag.py:3089} INFO - Sync 1 DAGs
[2025-11-27T11:26:18.775-0300] {logging_mixin.py:188} INFO - [2025-11-27T11:26:18.775-0300] {dag.py:3947} INFO - Setting next_dagrun for example_python_decorator to None, run_after=None
[2025-11-27T11:26:18.784-0300] {processor.py:183} INFO - Processing /Users/davispecia/Documents/GitHub/Pf_pipeline_dados/Projeto_final_fase3/venv/lib/python3.9/site-packages/airflow/example_dags/example_python_decorator.py took 0.105 seconds
[2025-11-27T11:28:20.413-0300] {processor.py:161} INFO - Started process (PID=92721) to work on /Users/davispecia/Documents/GitHub/Pf_pipeline_dados/Projeto_final_fase3/venv/lib/python3.9/site-packages/airflow/example_dags/example_python_decorator.py
[2025-11-27T11:28:20.415-0300] {processor.py:830} INFO - Processing file /Users/davispecia/Documents/GitHub/Pf_pipeline_dados/Projeto_final_fase3/venv/lib/python3.9/site-packages/airflow/example_dags/example_python_decorator.py for tasks to queue
[2025-11-27T11:28:20.415-0300] {logging_mixin.py:188} INFO - [2025-11-27T11:28:20.415-0300] {dagbag.py:545} INFO - Filling up the DagBag from /Users/davispecia/Documents/GitHub/Pf_pipeline_dados/Projeto_final_fase3/venv/lib/python3.9/site-packages/airflow/example_dags/example_python_decorator.py
[2025-11-27T11:28:20.432-0300] {logging_mixin.py:188} INFO - [2025-11-27T11:28:20.432-0300] {example_python_decorator.py:80} WARNING - The virtalenv_python example task requires virtualenv, please install it.
[2025-11-27T11:28:20.433-0300] {processor.py:840} INFO - DAG(s) 'example_python_decorator' retrieved from /Users/davispecia/Documents/GitHub/Pf_pipeline_dados/Projeto_final_fase3/venv/lib/python3.9/site-packages/airflow/example_dags/example_python_decorator.py
[2025-11-27T11:28:20.501-0300] {logging_mixin.py:188} INFO - [2025-11-27T11:28:20.501-0300] {dag.py:3089} INFO - Sync 1 DAGs
[2025-11-27T11:28:20.507-0300] {logging_mixin.py:188} INFO - [2025-11-27T11:28:20.506-0300] {dag.py:3947} INFO - Setting next_dagrun for example_python_decorator to None, run_after=None
[2025-11-27T11:28:20.516-0300] {processor.py:183} INFO - Processing /Users/davispecia/Documents/GitHub/Pf_pipeline_dados/Projeto_final_fase3/venv/lib/python3.9/site-packages/airflow/example_dags/example_python_decorator.py took 0.104 seconds
[2025-11-27T11:30:29.306-0300] {processor.py:161} INFO - Started process (PID=93035) to work on /Users/davispecia/Documents/GitHub/Pf_pipeline_dados/Projeto_final_fase3/venv/lib/python3.9/site-packages/airflow/example_dags/example_python_decorator.py
[2025-11-27T11:30:29.307-0300] {processor.py:830} INFO - Processing file /Users/davispecia/Documents/GitHub/Pf_pipeline_dados/Projeto_final_fase3/venv/lib/python3.9/site-packages/airflow/example_dags/example_python_decorator.py for tasks to queue
[2025-11-27T11:30:29.307-0300] {logging_mixin.py:188} INFO - [2025-11-27T11:30:29.307-0300] {dagbag.py:545} INFO - Filling up the DagBag from /Users/davispecia/Documents/GitHub/Pf_pipeline_dados/Projeto_final_fase3/venv/lib/python3.9/site-packages/airflow/example_dags/example_python_decorator.py
[2025-11-27T11:30:29.325-0300] {logging_mixin.py:188} INFO - [2025-11-27T11:30:29.324-0300] {example_python_decorator.py:80} WARNING - The virtalenv_python example task requires virtualenv, please install it.
[2025-11-27T11:30:29.326-0300] {processor.py:840} INFO - DAG(s) 'example_python_decorator' retrieved from /Users/davispecia/Documents/GitHub/Pf_pipeline_dados/Projeto_final_fase3/venv/lib/python3.9/site-packages/airflow/example_dags/example_python_decorator.py
[2025-11-27T11:30:29.396-0300] {logging_mixin.py:188} INFO - [2025-11-27T11:30:29.396-0300] {dag.py:3089} INFO - Sync 1 DAGs
[2025-11-27T11:30:29.402-0300] {logging_mixin.py:188} INFO - [2025-11-27T11:30:29.402-0300] {dag.py:3947} INFO - Setting next_dagrun for example_python_decorator to None, run_after=None
[2025-11-27T11:30:29.411-0300] {processor.py:183} INFO - Processing /Users/davispecia/Documents/GitHub/Pf_pipeline_dados/Projeto_final_fase3/venv/lib/python3.9/site-packages/airflow/example_dags/example_python_decorator.py took 0.106 seconds
[2025-11-27T11:32:36.825-0300] {processor.py:161} INFO - Started process (PID=93389) to work on /Users/davispecia/Documents/GitHub/Pf_pipeline_dados/Projeto_final_fase3/venv/lib/python3.9/site-packages/airflow/example_dags/example_python_decorator.py
[2025-11-27T11:32:36.826-0300] {processor.py:830} INFO - Processing file /Users/davispecia/Documents/GitHub/Pf_pipeline_dados/Projeto_final_fase3/venv/lib/python3.9/site-packages/airflow/example_dags/example_python_decorator.py for tasks to queue
[2025-11-27T11:32:36.826-0300] {logging_mixin.py:188} INFO - [2025-11-27T11:32:36.826-0300] {dagbag.py:545} INFO - Filling up the DagBag from /Users/davispecia/Documents/GitHub/Pf_pipeline_dados/Projeto_final_fase3/venv/lib/python3.9/site-packages/airflow/example_dags/example_python_decorator.py
[2025-11-27T11:32:36.844-0300] {logging_mixin.py:188} INFO - [2025-11-27T11:32:36.844-0300] {example_python_decorator.py:80} WARNING - The virtalenv_python example task requires virtualenv, please install it.
[2025-11-27T11:32:36.845-0300] {processor.py:840} INFO - DAG(s) 'example_python_decorator' retrieved from /Users/davispecia/Documents/GitHub/Pf_pipeline_dados/Projeto_final_fase3/venv/lib/python3.9/site-packages/airflow/example_dags/example_python_decorator.py
[2025-11-27T11:32:36.914-0300] {logging_mixin.py:188} INFO - [2025-11-27T11:32:36.914-0300] {dag.py:3089} INFO - Sync 1 DAGs
[2025-11-27T11:32:36.919-0300] {logging_mixin.py:188} INFO - [2025-11-27T11:32:36.919-0300] {dag.py:3947} INFO - Setting next_dagrun for example_python_decorator to None, run_after=None
[2025-11-27T11:32:36.929-0300] {processor.py:183} INFO - Processing /Users/davispecia/Documents/GitHub/Pf_pipeline_dados/Projeto_final_fase3/venv/lib/python3.9/site-packages/airflow/example_dags/example_python_decorator.py took 0.106 seconds
[2025-11-27T11:34:43.849-0300] {processor.py:161} INFO - Started process (PID=93696) to work on /Users/davispecia/Documents/GitHub/Pf_pipeline_dados/Projeto_final_fase3/venv/lib/python3.9/site-packages/airflow/example_dags/example_python_decorator.py
[2025-11-27T11:34:43.849-0300] {processor.py:830} INFO - Processing file /Users/davispecia/Documents/GitHub/Pf_pipeline_dados/Projeto_final_fase3/venv/lib/python3.9/site-packages/airflow/example_dags/example_python_decorator.py for tasks to queue
[2025-11-27T11:34:43.850-0300] {logging_mixin.py:188} INFO - [2025-11-27T11:34:43.850-0300] {dagbag.py:545} INFO - Filling up the DagBag from /Users/davispecia/Documents/GitHub/Pf_pipeline_dados/Projeto_final_fase3/venv/lib/python3.9/site-packages/airflow/example_dags/example_python_decorator.py
[2025-11-27T11:34:43.868-0300] {logging_mixin.py:188} INFO - [2025-11-27T11:34:43.868-0300] {example_python_decorator.py:80} WARNING - The virtalenv_python example task requires virtualenv, please install it.
[2025-11-27T11:34:43.869-0300] {processor.py:840} INFO - DAG(s) 'example_python_decorator' retrieved from /Users/davispecia/Documents/GitHub/Pf_pipeline_dados/Projeto_final_fase3/venv/lib/python3.9/site-packages/airflow/example_dags/example_python_decorator.py
[2025-11-27T11:34:43.939-0300] {logging_mixin.py:188} INFO - [2025-11-27T11:34:43.939-0300] {dag.py:3089} INFO - Sync 1 DAGs
[2025-11-27T11:34:43.944-0300] {logging_mixin.py:188} INFO - [2025-11-27T11:34:43.944-0300] {dag.py:3947} INFO - Setting next_dagrun for example_python_decorator to None, run_after=None
[2025-11-27T11:34:43.954-0300] {processor.py:183} INFO - Processing /Users/davispecia/Documents/GitHub/Pf_pipeline_dados/Projeto_final_fase3/venv/lib/python3.9/site-packages/airflow/example_dags/example_python_decorator.py took 0.109 seconds
[2025-11-27T11:36:58.223-0300] {processor.py:161} INFO - Started process (PID=94077) to work on /Users/davispecia/Documents/GitHub/Pf_pipeline_dados/Projeto_final_fase3/venv/lib/python3.9/site-packages/airflow/example_dags/example_python_decorator.py
[2025-11-27T11:36:58.224-0300] {processor.py:830} INFO - Processing file /Users/davispecia/Documents/GitHub/Pf_pipeline_dados/Projeto_final_fase3/venv/lib/python3.9/site-packages/airflow/example_dags/example_python_decorator.py for tasks to queue
[2025-11-27T11:36:58.224-0300] {logging_mixin.py:188} INFO - [2025-11-27T11:36:58.224-0300] {dagbag.py:545} INFO - Filling up the DagBag from /Users/davispecia/Documents/GitHub/Pf_pipeline_dados/Projeto_final_fase3/venv/lib/python3.9/site-packages/airflow/example_dags/example_python_decorator.py
[2025-11-27T11:36:58.243-0300] {logging_mixin.py:188} INFO - [2025-11-27T11:36:58.243-0300] {example_python_decorator.py:80} WARNING - The virtalenv_python example task requires virtualenv, please install it.
[2025-11-27T11:36:58.244-0300] {processor.py:840} INFO - DAG(s) 'example_python_decorator' retrieved from /Users/davispecia/Documents/GitHub/Pf_pipeline_dados/Projeto_final_fase3/venv/lib/python3.9/site-packages/airflow/example_dags/example_python_decorator.py
[2025-11-27T11:36:58.316-0300] {logging_mixin.py:188} INFO - [2025-11-27T11:36:58.316-0300] {dag.py:3089} INFO - Sync 1 DAGs
[2025-11-27T11:36:58.321-0300] {logging_mixin.py:188} INFO - [2025-11-27T11:36:58.321-0300] {dag.py:3947} INFO - Setting next_dagrun for example_python_decorator to None, run_after=None
[2025-11-27T11:36:58.331-0300] {processor.py:183} INFO - Processing /Users/davispecia/Documents/GitHub/Pf_pipeline_dados/Projeto_final_fase3/venv/lib/python3.9/site-packages/airflow/example_dags/example_python_decorator.py took 0.110 seconds
[2025-11-27T11:39:05.414-0300] {processor.py:161} INFO - Started process (PID=94368) to work on /Users/davispecia/Documents/GitHub/Pf_pipeline_dados/Projeto_final_fase3/venv/lib/python3.9/site-packages/airflow/example_dags/example_python_decorator.py
[2025-11-27T11:39:05.415-0300] {processor.py:830} INFO - Processing file /Users/davispecia/Documents/GitHub/Pf_pipeline_dados/Projeto_final_fase3/venv/lib/python3.9/site-packages/airflow/example_dags/example_python_decorator.py for tasks to queue
[2025-11-27T11:39:05.415-0300] {logging_mixin.py:188} INFO - [2025-11-27T11:39:05.415-0300] {dagbag.py:545} INFO - Filling up the DagBag from /Users/davispecia/Documents/GitHub/Pf_pipeline_dados/Projeto_final_fase3/venv/lib/python3.9/site-packages/airflow/example_dags/example_python_decorator.py
[2025-11-27T11:39:05.433-0300] {logging_mixin.py:188} INFO - [2025-11-27T11:39:05.433-0300] {example_python_decorator.py:80} WARNING - The virtalenv_python example task requires virtualenv, please install it.
[2025-11-27T11:39:05.434-0300] {processor.py:840} INFO - DAG(s) 'example_python_decorator' retrieved from /Users/davispecia/Documents/GitHub/Pf_pipeline_dados/Projeto_final_fase3/venv/lib/python3.9/site-packages/airflow/example_dags/example_python_decorator.py
[2025-11-27T11:39:05.504-0300] {logging_mixin.py:188} INFO - [2025-11-27T11:39:05.503-0300] {dag.py:3089} INFO - Sync 1 DAGs
[2025-11-27T11:39:05.509-0300] {logging_mixin.py:188} INFO - [2025-11-27T11:39:05.509-0300] {dag.py:3947} INFO - Setting next_dagrun for example_python_decorator to None, run_after=None
[2025-11-27T11:39:05.517-0300] {processor.py:183} INFO - Processing /Users/davispecia/Documents/GitHub/Pf_pipeline_dados/Projeto_final_fase3/venv/lib/python3.9/site-packages/airflow/example_dags/example_python_decorator.py took 0.105 seconds
[2025-11-27T11:41:12.244-0300] {processor.py:161} INFO - Started process (PID=94680) to work on /Users/davispecia/Documents/GitHub/Pf_pipeline_dados/Projeto_final_fase3/venv/lib/python3.9/site-packages/airflow/example_dags/example_python_decorator.py
[2025-11-27T11:41:12.244-0300] {processor.py:830} INFO - Processing file /Users/davispecia/Documents/GitHub/Pf_pipeline_dados/Projeto_final_fase3/venv/lib/python3.9/site-packages/airflow/example_dags/example_python_decorator.py for tasks to queue
[2025-11-27T11:41:12.245-0300] {logging_mixin.py:188} INFO - [2025-11-27T11:41:12.245-0300] {dagbag.py:545} INFO - Filling up the DagBag from /Users/davispecia/Documents/GitHub/Pf_pipeline_dados/Projeto_final_fase3/venv/lib/python3.9/site-packages/airflow/example_dags/example_python_decorator.py
[2025-11-27T11:41:12.263-0300] {logging_mixin.py:188} INFO - [2025-11-27T11:41:12.262-0300] {example_python_decorator.py:80} WARNING - The virtalenv_python example task requires virtualenv, please install it.
[2025-11-27T11:41:12.264-0300] {processor.py:840} INFO - DAG(s) 'example_python_decorator' retrieved from /Users/davispecia/Documents/GitHub/Pf_pipeline_dados/Projeto_final_fase3/venv/lib/python3.9/site-packages/airflow/example_dags/example_python_decorator.py
[2025-11-27T11:41:12.338-0300] {logging_mixin.py:188} INFO - [2025-11-27T11:41:12.337-0300] {dag.py:3089} INFO - Sync 1 DAGs
[2025-11-27T11:41:12.344-0300] {logging_mixin.py:188} INFO - [2025-11-27T11:41:12.344-0300] {dag.py:3947} INFO - Setting next_dagrun for example_python_decorator to None, run_after=None
[2025-11-27T11:41:12.354-0300] {processor.py:183} INFO - Processing /Users/davispecia/Documents/GitHub/Pf_pipeline_dados/Projeto_final_fase3/venv/lib/python3.9/site-packages/airflow/example_dags/example_python_decorator.py took 0.112 seconds
[2025-11-27T11:43:28.552-0300] {processor.py:161} INFO - Started process (PID=95063) to work on /Users/davispecia/Documents/GitHub/Pf_pipeline_dados/Projeto_final_fase3/venv/lib/python3.9/site-packages/airflow/example_dags/example_python_decorator.py
[2025-11-27T11:43:28.553-0300] {processor.py:830} INFO - Processing file /Users/davispecia/Documents/GitHub/Pf_pipeline_dados/Projeto_final_fase3/venv/lib/python3.9/site-packages/airflow/example_dags/example_python_decorator.py for tasks to queue
[2025-11-27T11:43:28.553-0300] {logging_mixin.py:188} INFO - [2025-11-27T11:43:28.553-0300] {dagbag.py:545} INFO - Filling up the DagBag from /Users/davispecia/Documents/GitHub/Pf_pipeline_dados/Projeto_final_fase3/venv/lib/python3.9/site-packages/airflow/example_dags/example_python_decorator.py
[2025-11-27T11:43:28.570-0300] {logging_mixin.py:188} INFO - [2025-11-27T11:43:28.570-0300] {example_python_decorator.py:80} WARNING - The virtalenv_python example task requires virtualenv, please install it.
[2025-11-27T11:43:28.571-0300] {processor.py:840} INFO - DAG(s) 'example_python_decorator' retrieved from /Users/davispecia/Documents/GitHub/Pf_pipeline_dados/Projeto_final_fase3/venv/lib/python3.9/site-packages/airflow/example_dags/example_python_decorator.py
[2025-11-27T11:43:28.640-0300] {logging_mixin.py:188} INFO - [2025-11-27T11:43:28.640-0300] {dag.py:3089} INFO - Sync 1 DAGs
[2025-11-27T11:43:28.645-0300] {logging_mixin.py:188} INFO - [2025-11-27T11:43:28.645-0300] {dag.py:3947} INFO - Setting next_dagrun for example_python_decorator to None, run_after=None
[2025-11-27T11:43:28.654-0300] {processor.py:183} INFO - Processing /Users/davispecia/Documents/GitHub/Pf_pipeline_dados/Projeto_final_fase3/venv/lib/python3.9/site-packages/airflow/example_dags/example_python_decorator.py took 0.104 seconds
[2025-11-27T11:45:34.606-0300] {processor.py:161} INFO - Started process (PID=95360) to work on /Users/davispecia/Documents/GitHub/Pf_pipeline_dados/Projeto_final_fase3/venv/lib/python3.9/site-packages/airflow/example_dags/example_python_decorator.py
[2025-11-27T11:45:34.606-0300] {processor.py:830} INFO - Processing file /Users/davispecia/Documents/GitHub/Pf_pipeline_dados/Projeto_final_fase3/venv/lib/python3.9/site-packages/airflow/example_dags/example_python_decorator.py for tasks to queue
[2025-11-27T11:45:34.606-0300] {logging_mixin.py:188} INFO - [2025-11-27T11:45:34.606-0300] {dagbag.py:545} INFO - Filling up the DagBag from /Users/davispecia/Documents/GitHub/Pf_pipeline_dados/Projeto_final_fase3/venv/lib/python3.9/site-packages/airflow/example_dags/example_python_decorator.py
[2025-11-27T11:45:34.623-0300] {logging_mixin.py:188} INFO - [2025-11-27T11:45:34.623-0300] {example_python_decorator.py:80} WARNING - The virtalenv_python example task requires virtualenv, please install it.
[2025-11-27T11:45:34.624-0300] {processor.py:840} INFO - DAG(s) 'example_python_decorator' retrieved from /Users/davispecia/Documents/GitHub/Pf_pipeline_dados/Projeto_final_fase3/venv/lib/python3.9/site-packages/airflow/example_dags/example_python_decorator.py
[2025-11-27T11:45:34.693-0300] {logging_mixin.py:188} INFO - [2025-11-27T11:45:34.693-0300] {dag.py:3089} INFO - Sync 1 DAGs
[2025-11-27T11:45:34.698-0300] {logging_mixin.py:188} INFO - [2025-11-27T11:45:34.698-0300] {dag.py:3947} INFO - Setting next_dagrun for example_python_decorator to None, run_after=None
[2025-11-27T11:45:34.706-0300] {processor.py:183} INFO - Processing /Users/davispecia/Documents/GitHub/Pf_pipeline_dados/Projeto_final_fase3/venv/lib/python3.9/site-packages/airflow/example_dags/example_python_decorator.py took 0.103 seconds
[2025-11-27T11:47:46.971-0300] {processor.py:161} INFO - Started process (PID=95778) to work on /Users/davispecia/Documents/GitHub/Pf_pipeline_dados/Projeto_final_fase3/venv/lib/python3.9/site-packages/airflow/example_dags/example_python_decorator.py
[2025-11-27T11:47:46.972-0300] {processor.py:830} INFO - Processing file /Users/davispecia/Documents/GitHub/Pf_pipeline_dados/Projeto_final_fase3/venv/lib/python3.9/site-packages/airflow/example_dags/example_python_decorator.py for tasks to queue
[2025-11-27T11:47:46.972-0300] {logging_mixin.py:188} INFO - [2025-11-27T11:47:46.972-0300] {dagbag.py:545} INFO - Filling up the DagBag from /Users/davispecia/Documents/GitHub/Pf_pipeline_dados/Projeto_final_fase3/venv/lib/python3.9/site-packages/airflow/example_dags/example_python_decorator.py
[2025-11-27T11:47:46.990-0300] {logging_mixin.py:188} INFO - [2025-11-27T11:47:46.989-0300] {example_python_decorator.py:80} WARNING - The virtalenv_python example task requires virtualenv, please install it.
[2025-11-27T11:47:46.991-0300] {processor.py:840} INFO - DAG(s) 'example_python_decorator' retrieved from /Users/davispecia/Documents/GitHub/Pf_pipeline_dados/Projeto_final_fase3/venv/lib/python3.9/site-packages/airflow/example_dags/example_python_decorator.py
[2025-11-27T11:47:47.059-0300] {logging_mixin.py:188} INFO - [2025-11-27T11:47:47.058-0300] {dag.py:3089} INFO - Sync 1 DAGs
[2025-11-27T11:47:47.064-0300] {logging_mixin.py:188} INFO - [2025-11-27T11:47:47.064-0300] {dag.py:3947} INFO - Setting next_dagrun for example_python_decorator to None, run_after=None
[2025-11-27T11:47:47.074-0300] {processor.py:183} INFO - Processing /Users/davispecia/Documents/GitHub/Pf_pipeline_dados/Projeto_final_fase3/venv/lib/python3.9/site-packages/airflow/example_dags/example_python_decorator.py took 0.105 seconds
[2025-11-27T11:49:55.565-0300] {processor.py:161} INFO - Started process (PID=96092) to work on /Users/davispecia/Documents/GitHub/Pf_pipeline_dados/Projeto_final_fase3/venv/lib/python3.9/site-packages/airflow/example_dags/example_python_decorator.py
[2025-11-27T11:49:55.566-0300] {processor.py:830} INFO - Processing file /Users/davispecia/Documents/GitHub/Pf_pipeline_dados/Projeto_final_fase3/venv/lib/python3.9/site-packages/airflow/example_dags/example_python_decorator.py for tasks to queue
[2025-11-27T11:49:55.567-0300] {logging_mixin.py:188} INFO - [2025-11-27T11:49:55.566-0300] {dagbag.py:545} INFO - Filling up the DagBag from /Users/davispecia/Documents/GitHub/Pf_pipeline_dados/Projeto_final_fase3/venv/lib/python3.9/site-packages/airflow/example_dags/example_python_decorator.py
[2025-11-27T11:49:55.584-0300] {logging_mixin.py:188} INFO - [2025-11-27T11:49:55.584-0300] {example_python_decorator.py:80} WARNING - The virtalenv_python example task requires virtualenv, please install it.
[2025-11-27T11:49:55.585-0300] {processor.py:840} INFO - DAG(s) 'example_python_decorator' retrieved from /Users/davispecia/Documents/GitHub/Pf_pipeline_dados/Projeto_final_fase3/venv/lib/python3.9/site-packages/airflow/example_dags/example_python_decorator.py
[2025-11-27T11:49:55.655-0300] {logging_mixin.py:188} INFO - [2025-11-27T11:49:55.655-0300] {dag.py:3089} INFO - Sync 1 DAGs
[2025-11-27T11:49:55.660-0300] {logging_mixin.py:188} INFO - [2025-11-27T11:49:55.660-0300] {dag.py:3947} INFO - Setting next_dagrun for example_python_decorator to None, run_after=None
[2025-11-27T11:49:55.669-0300] {processor.py:183} INFO - Processing /Users/davispecia/Documents/GitHub/Pf_pipeline_dados/Projeto_final_fase3/venv/lib/python3.9/site-packages/airflow/example_dags/example_python_decorator.py took 0.107 seconds
[2025-11-27T11:52:00.437-0300] {processor.py:161} INFO - Started process (PID=96402) to work on /Users/davispecia/Documents/GitHub/Pf_pipeline_dados/Projeto_final_fase3/venv/lib/python3.9/site-packages/airflow/example_dags/example_python_decorator.py
[2025-11-27T11:52:00.437-0300] {processor.py:830} INFO - Processing file /Users/davispecia/Documents/GitHub/Pf_pipeline_dados/Projeto_final_fase3/venv/lib/python3.9/site-packages/airflow/example_dags/example_python_decorator.py for tasks to queue
[2025-11-27T11:52:00.438-0300] {logging_mixin.py:188} INFO - [2025-11-27T11:52:00.438-0300] {dagbag.py:545} INFO - Filling up the DagBag from /Users/davispecia/Documents/GitHub/Pf_pipeline_dados/Projeto_final_fase3/venv/lib/python3.9/site-packages/airflow/example_dags/example_python_decorator.py
[2025-11-27T11:52:00.455-0300] {logging_mixin.py:188} INFO - [2025-11-27T11:52:00.455-0300] {example_python_decorator.py:80} WARNING - The virtalenv_python example task requires virtualenv, please install it.
[2025-11-27T11:52:00.456-0300] {processor.py:840} INFO - DAG(s) 'example_python_decorator' retrieved from /Users/davispecia/Documents/GitHub/Pf_pipeline_dados/Projeto_final_fase3/venv/lib/python3.9/site-packages/airflow/example_dags/example_python_decorator.py
[2025-11-27T11:52:00.526-0300] {logging_mixin.py:188} INFO - [2025-11-27T11:52:00.526-0300] {dag.py:3089} INFO - Sync 1 DAGs
[2025-11-27T11:52:00.531-0300] {logging_mixin.py:188} INFO - [2025-11-27T11:52:00.531-0300] {dag.py:3947} INFO - Setting next_dagrun for example_python_decorator to None, run_after=None
[2025-11-27T11:52:00.540-0300] {processor.py:183} INFO - Processing /Users/davispecia/Documents/GitHub/Pf_pipeline_dados/Projeto_final_fase3/venv/lib/python3.9/site-packages/airflow/example_dags/example_python_decorator.py took 0.105 seconds
[2025-11-27T11:54:14.658-0300] {processor.py:161} INFO - Started process (PID=96875) to work on /Users/davispecia/Documents/GitHub/Pf_pipeline_dados/Projeto_final_fase3/venv/lib/python3.9/site-packages/airflow/example_dags/example_python_decorator.py
[2025-11-27T11:54:14.658-0300] {processor.py:830} INFO - Processing file /Users/davispecia/Documents/GitHub/Pf_pipeline_dados/Projeto_final_fase3/venv/lib/python3.9/site-packages/airflow/example_dags/example_python_decorator.py for tasks to queue
[2025-11-27T11:54:14.659-0300] {logging_mixin.py:188} INFO - [2025-11-27T11:54:14.659-0300] {dagbag.py:545} INFO - Filling up the DagBag from /Users/davispecia/Documents/GitHub/Pf_pipeline_dados/Projeto_final_fase3/venv/lib/python3.9/site-packages/airflow/example_dags/example_python_decorator.py
[2025-11-27T11:54:14.676-0300] {logging_mixin.py:188} INFO - [2025-11-27T11:54:14.676-0300] {example_python_decorator.py:80} WARNING - The virtalenv_python example task requires virtualenv, please install it.
[2025-11-27T11:54:14.677-0300] {processor.py:840} INFO - DAG(s) 'example_python_decorator' retrieved from /Users/davispecia/Documents/GitHub/Pf_pipeline_dados/Projeto_final_fase3/venv/lib/python3.9/site-packages/airflow/example_dags/example_python_decorator.py
[2025-11-27T11:54:14.748-0300] {logging_mixin.py:188} INFO - [2025-11-27T11:54:14.748-0300] {dag.py:3089} INFO - Sync 1 DAGs
[2025-11-27T11:54:14.753-0300] {logging_mixin.py:188} INFO - [2025-11-27T11:54:14.753-0300] {dag.py:3947} INFO - Setting next_dagrun for example_python_decorator to None, run_after=None
[2025-11-27T11:54:14.762-0300] {processor.py:183} INFO - Processing /Users/davispecia/Documents/GitHub/Pf_pipeline_dados/Projeto_final_fase3/venv/lib/python3.9/site-packages/airflow/example_dags/example_python_decorator.py took 0.106 seconds
[2025-11-27T11:56:12.454-0300] {processor.py:161} INFO - Started process (PID=97158) to work on /Users/davispecia/Documents/GitHub/Pf_pipeline_dados/Projeto_final_fase3/venv/lib/python3.9/site-packages/airflow/example_dags/example_python_decorator.py
[2025-11-27T11:56:12.455-0300] {processor.py:830} INFO - Processing file /Users/davispecia/Documents/GitHub/Pf_pipeline_dados/Projeto_final_fase3/venv/lib/python3.9/site-packages/airflow/example_dags/example_python_decorator.py for tasks to queue
[2025-11-27T11:56:12.455-0300] {logging_mixin.py:188} INFO - [2025-11-27T11:56:12.455-0300] {dagbag.py:545} INFO - Filling up the DagBag from /Users/davispecia/Documents/GitHub/Pf_pipeline_dados/Projeto_final_fase3/venv/lib/python3.9/site-packages/airflow/example_dags/example_python_decorator.py
[2025-11-27T11:56:12.472-0300] {logging_mixin.py:188} INFO - [2025-11-27T11:56:12.472-0300] {example_python_decorator.py:80} WARNING - The virtalenv_python example task requires virtualenv, please install it.
[2025-11-27T11:56:12.473-0300] {processor.py:840} INFO - DAG(s) 'example_python_decorator' retrieved from /Users/davispecia/Documents/GitHub/Pf_pipeline_dados/Projeto_final_fase3/venv/lib/python3.9/site-packages/airflow/example_dags/example_python_decorator.py
[2025-11-27T11:56:12.547-0300] {logging_mixin.py:188} INFO - [2025-11-27T11:56:12.547-0300] {dag.py:3089} INFO - Sync 1 DAGs
[2025-11-27T11:56:12.553-0300] {logging_mixin.py:188} INFO - [2025-11-27T11:56:12.553-0300] {dag.py:3947} INFO - Setting next_dagrun for example_python_decorator to None, run_after=None
[2025-11-27T11:56:12.562-0300] {processor.py:183} INFO - Processing /Users/davispecia/Documents/GitHub/Pf_pipeline_dados/Projeto_final_fase3/venv/lib/python3.9/site-packages/airflow/example_dags/example_python_decorator.py took 0.110 seconds
[2025-11-27T11:58:19.910-0300] {processor.py:161} INFO - Started process (PID=97469) to work on /Users/davispecia/Documents/GitHub/Pf_pipeline_dados/Projeto_final_fase3/venv/lib/python3.9/site-packages/airflow/example_dags/example_python_decorator.py
[2025-11-27T11:58:19.910-0300] {processor.py:830} INFO - Processing file /Users/davispecia/Documents/GitHub/Pf_pipeline_dados/Projeto_final_fase3/venv/lib/python3.9/site-packages/airflow/example_dags/example_python_decorator.py for tasks to queue
[2025-11-27T11:58:19.911-0300] {logging_mixin.py:188} INFO - [2025-11-27T11:58:19.911-0300] {dagbag.py:545} INFO - Filling up the DagBag from /Users/davispecia/Documents/GitHub/Pf_pipeline_dados/Projeto_final_fase3/venv/lib/python3.9/site-packages/airflow/example_dags/example_python_decorator.py
[2025-11-27T11:58:19.929-0300] {logging_mixin.py:188} INFO - [2025-11-27T11:58:19.929-0300] {example_python_decorator.py:80} WARNING - The virtalenv_python example task requires virtualenv, please install it.
[2025-11-27T11:58:19.930-0300] {processor.py:840} INFO - DAG(s) 'example_python_decorator' retrieved from /Users/davispecia/Documents/GitHub/Pf_pipeline_dados/Projeto_final_fase3/venv/lib/python3.9/site-packages/airflow/example_dags/example_python_decorator.py
[2025-11-27T11:58:20.001-0300] {logging_mixin.py:188} INFO - [2025-11-27T11:58:20.001-0300] {dag.py:3089} INFO - Sync 1 DAGs
[2025-11-27T11:58:20.006-0300] {logging_mixin.py:188} INFO - [2025-11-27T11:58:20.006-0300] {dag.py:3947} INFO - Setting next_dagrun for example_python_decorator to None, run_after=None
[2025-11-27T11:58:20.015-0300] {processor.py:183} INFO - Processing /Users/davispecia/Documents/GitHub/Pf_pipeline_dados/Projeto_final_fase3/venv/lib/python3.9/site-packages/airflow/example_dags/example_python_decorator.py took 0.107 seconds
[2025-11-27T12:00:39.891-0300] {processor.py:161} INFO - Started process (PID=97873) to work on /Users/davispecia/Documents/GitHub/Pf_pipeline_dados/Projeto_final_fase3/venv/lib/python3.9/site-packages/airflow/example_dags/example_python_decorator.py
[2025-11-27T12:00:39.892-0300] {processor.py:830} INFO - Processing file /Users/davispecia/Documents/GitHub/Pf_pipeline_dados/Projeto_final_fase3/venv/lib/python3.9/site-packages/airflow/example_dags/example_python_decorator.py for tasks to queue
[2025-11-27T12:00:39.892-0300] {logging_mixin.py:188} INFO - [2025-11-27T12:00:39.892-0300] {dagbag.py:545} INFO - Filling up the DagBag from /Users/davispecia/Documents/GitHub/Pf_pipeline_dados/Projeto_final_fase3/venv/lib/python3.9/site-packages/airflow/example_dags/example_python_decorator.py
[2025-11-27T12:00:39.910-0300] {logging_mixin.py:188} INFO - [2025-11-27T12:00:39.910-0300] {example_python_decorator.py:80} WARNING - The virtalenv_python example task requires virtualenv, please install it.
[2025-11-27T12:00:39.911-0300] {processor.py:840} INFO - DAG(s) 'example_python_decorator' retrieved from /Users/davispecia/Documents/GitHub/Pf_pipeline_dados/Projeto_final_fase3/venv/lib/python3.9/site-packages/airflow/example_dags/example_python_decorator.py
[2025-11-27T12:00:39.980-0300] {logging_mixin.py:188} INFO - [2025-11-27T12:00:39.980-0300] {dag.py:3089} INFO - Sync 1 DAGs
[2025-11-27T12:00:39.985-0300] {logging_mixin.py:188} INFO - [2025-11-27T12:00:39.985-0300] {dag.py:3947} INFO - Setting next_dagrun for example_python_decorator to None, run_after=None
[2025-11-27T12:00:39.994-0300] {processor.py:183} INFO - Processing /Users/davispecia/Documents/GitHub/Pf_pipeline_dados/Projeto_final_fase3/venv/lib/python3.9/site-packages/airflow/example_dags/example_python_decorator.py took 0.108 seconds
[2025-11-27T12:02:46.801-0300] {processor.py:161} INFO - Started process (PID=98175) to work on /Users/davispecia/Documents/GitHub/Pf_pipeline_dados/Projeto_final_fase3/venv/lib/python3.9/site-packages/airflow/example_dags/example_python_decorator.py
[2025-11-27T12:02:46.801-0300] {processor.py:830} INFO - Processing file /Users/davispecia/Documents/GitHub/Pf_pipeline_dados/Projeto_final_fase3/venv/lib/python3.9/site-packages/airflow/example_dags/example_python_decorator.py for tasks to queue
[2025-11-27T12:02:46.802-0300] {logging_mixin.py:188} INFO - [2025-11-27T12:02:46.801-0300] {dagbag.py:545} INFO - Filling up the DagBag from /Users/davispecia/Documents/GitHub/Pf_pipeline_dados/Projeto_final_fase3/venv/lib/python3.9/site-packages/airflow/example_dags/example_python_decorator.py
[2025-11-27T12:02:46.818-0300] {logging_mixin.py:188} INFO - [2025-11-27T12:02:46.818-0300] {example_python_decorator.py:80} WARNING - The virtalenv_python example task requires virtualenv, please install it.
[2025-11-27T12:02:46.819-0300] {processor.py:840} INFO - DAG(s) 'example_python_decorator' retrieved from /Users/davispecia/Documents/GitHub/Pf_pipeline_dados/Projeto_final_fase3/venv/lib/python3.9/site-packages/airflow/example_dags/example_python_decorator.py
[2025-11-27T12:02:46.888-0300] {logging_mixin.py:188} INFO - [2025-11-27T12:02:46.888-0300] {dag.py:3089} INFO - Sync 1 DAGs
[2025-11-27T12:02:46.894-0300] {logging_mixin.py:188} INFO - [2025-11-27T12:02:46.893-0300] {dag.py:3947} INFO - Setting next_dagrun for example_python_decorator to None, run_after=None
[2025-11-27T12:02:46.902-0300] {processor.py:183} INFO - Processing /Users/davispecia/Documents/GitHub/Pf_pipeline_dados/Projeto_final_fase3/venv/lib/python3.9/site-packages/airflow/example_dags/example_python_decorator.py took 0.104 seconds
[2025-11-27T12:04:52.381-0300] {processor.py:161} INFO - Started process (PID=98532) to work on /Users/davispecia/Documents/GitHub/Pf_pipeline_dados/Projeto_final_fase3/venv/lib/python3.9/site-packages/airflow/example_dags/example_python_decorator.py
[2025-11-27T12:04:52.381-0300] {processor.py:830} INFO - Processing file /Users/davispecia/Documents/GitHub/Pf_pipeline_dados/Projeto_final_fase3/venv/lib/python3.9/site-packages/airflow/example_dags/example_python_decorator.py for tasks to queue
[2025-11-27T12:04:52.382-0300] {logging_mixin.py:188} INFO - [2025-11-27T12:04:52.382-0300] {dagbag.py:545} INFO - Filling up the DagBag from /Users/davispecia/Documents/GitHub/Pf_pipeline_dados/Projeto_final_fase3/venv/lib/python3.9/site-packages/airflow/example_dags/example_python_decorator.py
[2025-11-27T12:04:52.400-0300] {logging_mixin.py:188} INFO - [2025-11-27T12:04:52.399-0300] {example_python_decorator.py:80} WARNING - The virtalenv_python example task requires virtualenv, please install it.
[2025-11-27T12:04:52.401-0300] {processor.py:840} INFO - DAG(s) 'example_python_decorator' retrieved from /Users/davispecia/Documents/GitHub/Pf_pipeline_dados/Projeto_final_fase3/venv/lib/python3.9/site-packages/airflow/example_dags/example_python_decorator.py
[2025-11-27T12:04:52.470-0300] {logging_mixin.py:188} INFO - [2025-11-27T12:04:52.470-0300] {dag.py:3089} INFO - Sync 1 DAGs
[2025-11-27T12:04:52.475-0300] {logging_mixin.py:188} INFO - [2025-11-27T12:04:52.475-0300] {dag.py:3947} INFO - Setting next_dagrun for example_python_decorator to None, run_after=None
[2025-11-27T12:04:52.484-0300] {processor.py:183} INFO - Processing /Users/davispecia/Documents/GitHub/Pf_pipeline_dados/Projeto_final_fase3/venv/lib/python3.9/site-packages/airflow/example_dags/example_python_decorator.py took 0.105 seconds
[2025-11-27T12:07:11.143-0300] {processor.py:161} INFO - Started process (PID=98915) to work on /Users/davispecia/Documents/GitHub/Pf_pipeline_dados/Projeto_final_fase3/venv/lib/python3.9/site-packages/airflow/example_dags/example_python_decorator.py
[2025-11-27T12:07:11.144-0300] {processor.py:830} INFO - Processing file /Users/davispecia/Documents/GitHub/Pf_pipeline_dados/Projeto_final_fase3/venv/lib/python3.9/site-packages/airflow/example_dags/example_python_decorator.py for tasks to queue
[2025-11-27T12:07:11.144-0300] {logging_mixin.py:188} INFO - [2025-11-27T12:07:11.144-0300] {dagbag.py:545} INFO - Filling up the DagBag from /Users/davispecia/Documents/GitHub/Pf_pipeline_dados/Projeto_final_fase3/venv/lib/python3.9/site-packages/airflow/example_dags/example_python_decorator.py
[2025-11-27T12:07:11.161-0300] {logging_mixin.py:188} INFO - [2025-11-27T12:07:11.161-0300] {example_python_decorator.py:80} WARNING - The virtalenv_python example task requires virtualenv, please install it.
[2025-11-27T12:07:11.162-0300] {processor.py:840} INFO - DAG(s) 'example_python_decorator' retrieved from /Users/davispecia/Documents/GitHub/Pf_pipeline_dados/Projeto_final_fase3/venv/lib/python3.9/site-packages/airflow/example_dags/example_python_decorator.py
[2025-11-27T12:07:11.231-0300] {logging_mixin.py:188} INFO - [2025-11-27T12:07:11.231-0300] {dag.py:3089} INFO - Sync 1 DAGs
[2025-11-27T12:07:11.236-0300] {logging_mixin.py:188} INFO - [2025-11-27T12:07:11.236-0300] {dag.py:3947} INFO - Setting next_dagrun for example_python_decorator to None, run_after=None
[2025-11-27T12:07:11.245-0300] {processor.py:183} INFO - Processing /Users/davispecia/Documents/GitHub/Pf_pipeline_dados/Projeto_final_fase3/venv/lib/python3.9/site-packages/airflow/example_dags/example_python_decorator.py took 0.104 seconds
[2025-11-27T12:09:18.387-0300] {processor.py:161} INFO - Started process (PID=99222) to work on /Users/davispecia/Documents/GitHub/Pf_pipeline_dados/Projeto_final_fase3/venv/lib/python3.9/site-packages/airflow/example_dags/example_python_decorator.py
[2025-11-27T12:09:18.388-0300] {processor.py:830} INFO - Processing file /Users/davispecia/Documents/GitHub/Pf_pipeline_dados/Projeto_final_fase3/venv/lib/python3.9/site-packages/airflow/example_dags/example_python_decorator.py for tasks to queue
[2025-11-27T12:09:18.388-0300] {logging_mixin.py:188} INFO - [2025-11-27T12:09:18.388-0300] {dagbag.py:545} INFO - Filling up the DagBag from /Users/davispecia/Documents/GitHub/Pf_pipeline_dados/Projeto_final_fase3/venv/lib/python3.9/site-packages/airflow/example_dags/example_python_decorator.py
[2025-11-27T12:09:18.405-0300] {logging_mixin.py:188} INFO - [2025-11-27T12:09:18.405-0300] {example_python_decorator.py:80} WARNING - The virtalenv_python example task requires virtualenv, please install it.
[2025-11-27T12:09:18.406-0300] {processor.py:840} INFO - DAG(s) 'example_python_decorator' retrieved from /Users/davispecia/Documents/GitHub/Pf_pipeline_dados/Projeto_final_fase3/venv/lib/python3.9/site-packages/airflow/example_dags/example_python_decorator.py
[2025-11-27T12:09:18.475-0300] {logging_mixin.py:188} INFO - [2025-11-27T12:09:18.475-0300] {dag.py:3089} INFO - Sync 1 DAGs
[2025-11-27T12:09:18.480-0300] {logging_mixin.py:188} INFO - [2025-11-27T12:09:18.480-0300] {dag.py:3947} INFO - Setting next_dagrun for example_python_decorator to None, run_after=None
[2025-11-27T12:09:18.489-0300] {processor.py:183} INFO - Processing /Users/davispecia/Documents/GitHub/Pf_pipeline_dados/Projeto_final_fase3/venv/lib/python3.9/site-packages/airflow/example_dags/example_python_decorator.py took 0.104 seconds
[2025-11-27T12:11:33.931-0300] {processor.py:161} INFO - Started process (PID=99602) to work on /Users/davispecia/Documents/GitHub/Pf_pipeline_dados/Projeto_final_fase3/venv/lib/python3.9/site-packages/airflow/example_dags/example_python_decorator.py
[2025-11-27T12:11:33.931-0300] {processor.py:830} INFO - Processing file /Users/davispecia/Documents/GitHub/Pf_pipeline_dados/Projeto_final_fase3/venv/lib/python3.9/site-packages/airflow/example_dags/example_python_decorator.py for tasks to queue
[2025-11-27T12:11:33.932-0300] {logging_mixin.py:188} INFO - [2025-11-27T12:11:33.932-0300] {dagbag.py:545} INFO - Filling up the DagBag from /Users/davispecia/Documents/GitHub/Pf_pipeline_dados/Projeto_final_fase3/venv/lib/python3.9/site-packages/airflow/example_dags/example_python_decorator.py
[2025-11-27T12:11:33.949-0300] {logging_mixin.py:188} INFO - [2025-11-27T12:11:33.949-0300] {example_python_decorator.py:80} WARNING - The virtalenv_python example task requires virtualenv, please install it.
[2025-11-27T12:11:33.950-0300] {processor.py:840} INFO - DAG(s) 'example_python_decorator' retrieved from /Users/davispecia/Documents/GitHub/Pf_pipeline_dados/Projeto_final_fase3/venv/lib/python3.9/site-packages/airflow/example_dags/example_python_decorator.py
[2025-11-27T12:11:34.018-0300] {logging_mixin.py:188} INFO - [2025-11-27T12:11:34.018-0300] {dag.py:3089} INFO - Sync 1 DAGs
[2025-11-27T12:11:34.024-0300] {logging_mixin.py:188} INFO - [2025-11-27T12:11:34.023-0300] {dag.py:3947} INFO - Setting next_dagrun for example_python_decorator to None, run_after=None
[2025-11-27T12:11:34.032-0300] {processor.py:183} INFO - Processing /Users/davispecia/Documents/GitHub/Pf_pipeline_dados/Projeto_final_fase3/venv/lib/python3.9/site-packages/airflow/example_dags/example_python_decorator.py took 0.103 seconds
[2025-11-27T12:13:39.901-0300] {processor.py:161} INFO - Started process (PID=99902) to work on /Users/davispecia/Documents/GitHub/Pf_pipeline_dados/Projeto_final_fase3/venv/lib/python3.9/site-packages/airflow/example_dags/example_python_decorator.py
[2025-11-27T12:13:39.902-0300] {processor.py:830} INFO - Processing file /Users/davispecia/Documents/GitHub/Pf_pipeline_dados/Projeto_final_fase3/venv/lib/python3.9/site-packages/airflow/example_dags/example_python_decorator.py for tasks to queue
[2025-11-27T12:13:39.902-0300] {logging_mixin.py:188} INFO - [2025-11-27T12:13:39.902-0300] {dagbag.py:545} INFO - Filling up the DagBag from /Users/davispecia/Documents/GitHub/Pf_pipeline_dados/Projeto_final_fase3/venv/lib/python3.9/site-packages/airflow/example_dags/example_python_decorator.py
[2025-11-27T12:13:39.919-0300] {logging_mixin.py:188} INFO - [2025-11-27T12:13:39.919-0300] {example_python_decorator.py:80} WARNING - The virtalenv_python example task requires virtualenv, please install it.
[2025-11-27T12:13:39.920-0300] {processor.py:840} INFO - DAG(s) 'example_python_decorator' retrieved from /Users/davispecia/Documents/GitHub/Pf_pipeline_dados/Projeto_final_fase3/venv/lib/python3.9/site-packages/airflow/example_dags/example_python_decorator.py
[2025-11-27T12:13:39.990-0300] {logging_mixin.py:188} INFO - [2025-11-27T12:13:39.990-0300] {dag.py:3089} INFO - Sync 1 DAGs
[2025-11-27T12:13:39.996-0300] {logging_mixin.py:188} INFO - [2025-11-27T12:13:39.996-0300] {dag.py:3947} INFO - Setting next_dagrun for example_python_decorator to None, run_after=None
[2025-11-27T12:13:40.006-0300] {processor.py:183} INFO - Processing /Users/davispecia/Documents/GitHub/Pf_pipeline_dados/Projeto_final_fase3/venv/lib/python3.9/site-packages/airflow/example_dags/example_python_decorator.py took 0.108 seconds
[2025-11-27T12:15:46.616-0300] {processor.py:161} INFO - Started process (PID=384) to work on /Users/davispecia/Documents/GitHub/Pf_pipeline_dados/Projeto_final_fase3/venv/lib/python3.9/site-packages/airflow/example_dags/example_python_decorator.py
[2025-11-27T12:15:46.617-0300] {processor.py:830} INFO - Processing file /Users/davispecia/Documents/GitHub/Pf_pipeline_dados/Projeto_final_fase3/venv/lib/python3.9/site-packages/airflow/example_dags/example_python_decorator.py for tasks to queue
[2025-11-27T12:15:46.617-0300] {logging_mixin.py:188} INFO - [2025-11-27T12:15:46.617-0300] {dagbag.py:545} INFO - Filling up the DagBag from /Users/davispecia/Documents/GitHub/Pf_pipeline_dados/Projeto_final_fase3/venv/lib/python3.9/site-packages/airflow/example_dags/example_python_decorator.py
[2025-11-27T12:15:46.634-0300] {logging_mixin.py:188} INFO - [2025-11-27T12:15:46.634-0300] {example_python_decorator.py:80} WARNING - The virtalenv_python example task requires virtualenv, please install it.
[2025-11-27T12:15:46.635-0300] {processor.py:840} INFO - DAG(s) 'example_python_decorator' retrieved from /Users/davispecia/Documents/GitHub/Pf_pipeline_dados/Projeto_final_fase3/venv/lib/python3.9/site-packages/airflow/example_dags/example_python_decorator.py
[2025-11-27T12:15:46.705-0300] {logging_mixin.py:188} INFO - [2025-11-27T12:15:46.705-0300] {dag.py:3089} INFO - Sync 1 DAGs
[2025-11-27T12:15:46.710-0300] {logging_mixin.py:188} INFO - [2025-11-27T12:15:46.710-0300] {dag.py:3947} INFO - Setting next_dagrun for example_python_decorator to None, run_after=None
[2025-11-27T12:15:46.718-0300] {processor.py:183} INFO - Processing /Users/davispecia/Documents/GitHub/Pf_pipeline_dados/Projeto_final_fase3/venv/lib/python3.9/site-packages/airflow/example_dags/example_python_decorator.py took 0.105 seconds
[2025-11-27T12:17:54.421-0300] {processor.py:161} INFO - Started process (PID=855) to work on /Users/davispecia/Documents/GitHub/Pf_pipeline_dados/Projeto_final_fase3/venv/lib/python3.9/site-packages/airflow/example_dags/example_python_decorator.py
[2025-11-27T12:17:54.422-0300] {processor.py:830} INFO - Processing file /Users/davispecia/Documents/GitHub/Pf_pipeline_dados/Projeto_final_fase3/venv/lib/python3.9/site-packages/airflow/example_dags/example_python_decorator.py for tasks to queue
[2025-11-27T12:17:54.422-0300] {logging_mixin.py:188} INFO - [2025-11-27T12:17:54.422-0300] {dagbag.py:545} INFO - Filling up the DagBag from /Users/davispecia/Documents/GitHub/Pf_pipeline_dados/Projeto_final_fase3/venv/lib/python3.9/site-packages/airflow/example_dags/example_python_decorator.py
[2025-11-27T12:17:54.440-0300] {logging_mixin.py:188} INFO - [2025-11-27T12:17:54.440-0300] {example_python_decorator.py:80} WARNING - The virtalenv_python example task requires virtualenv, please install it.
[2025-11-27T12:17:54.441-0300] {processor.py:840} INFO - DAG(s) 'example_python_decorator' retrieved from /Users/davispecia/Documents/GitHub/Pf_pipeline_dados/Projeto_final_fase3/venv/lib/python3.9/site-packages/airflow/example_dags/example_python_decorator.py
[2025-11-27T12:17:54.510-0300] {logging_mixin.py:188} INFO - [2025-11-27T12:17:54.510-0300] {dag.py:3089} INFO - Sync 1 DAGs
[2025-11-27T12:17:54.515-0300] {logging_mixin.py:188} INFO - [2025-11-27T12:17:54.515-0300] {dag.py:3947} INFO - Setting next_dagrun for example_python_decorator to None, run_after=None
[2025-11-27T12:17:54.523-0300] {processor.py:183} INFO - Processing /Users/davispecia/Documents/GitHub/Pf_pipeline_dados/Projeto_final_fase3/venv/lib/python3.9/site-packages/airflow/example_dags/example_python_decorator.py took 0.104 seconds
[2025-11-27T12:19:55.112-0300] {processor.py:161} INFO - Started process (PID=1147) to work on /Users/davispecia/Documents/GitHub/Pf_pipeline_dados/Projeto_final_fase3/venv/lib/python3.9/site-packages/airflow/example_dags/example_python_decorator.py
[2025-11-27T12:19:55.113-0300] {processor.py:830} INFO - Processing file /Users/davispecia/Documents/GitHub/Pf_pipeline_dados/Projeto_final_fase3/venv/lib/python3.9/site-packages/airflow/example_dags/example_python_decorator.py for tasks to queue
[2025-11-27T12:19:55.113-0300] {logging_mixin.py:188} INFO - [2025-11-27T12:19:55.113-0300] {dagbag.py:545} INFO - Filling up the DagBag from /Users/davispecia/Documents/GitHub/Pf_pipeline_dados/Projeto_final_fase3/venv/lib/python3.9/site-packages/airflow/example_dags/example_python_decorator.py
[2025-11-27T12:19:55.131-0300] {logging_mixin.py:188} INFO - [2025-11-27T12:19:55.130-0300] {example_python_decorator.py:80} WARNING - The virtalenv_python example task requires virtualenv, please install it.
[2025-11-27T12:19:55.131-0300] {processor.py:840} INFO - DAG(s) 'example_python_decorator' retrieved from /Users/davispecia/Documents/GitHub/Pf_pipeline_dados/Projeto_final_fase3/venv/lib/python3.9/site-packages/airflow/example_dags/example_python_decorator.py
[2025-11-27T12:19:55.200-0300] {logging_mixin.py:188} INFO - [2025-11-27T12:19:55.200-0300] {dag.py:3089} INFO - Sync 1 DAGs
[2025-11-27T12:19:55.205-0300] {logging_mixin.py:188} INFO - [2025-11-27T12:19:55.205-0300] {dag.py:3947} INFO - Setting next_dagrun for example_python_decorator to None, run_after=None
[2025-11-27T12:19:55.214-0300] {processor.py:183} INFO - Processing /Users/davispecia/Documents/GitHub/Pf_pipeline_dados/Projeto_final_fase3/venv/lib/python3.9/site-packages/airflow/example_dags/example_python_decorator.py took 0.104 seconds
[2025-11-27T12:22:07.633-0300] {processor.py:161} INFO - Started process (PID=1562) to work on /Users/davispecia/Documents/GitHub/Pf_pipeline_dados/Projeto_final_fase3/venv/lib/python3.9/site-packages/airflow/example_dags/example_python_decorator.py
[2025-11-27T12:22:07.634-0300] {processor.py:830} INFO - Processing file /Users/davispecia/Documents/GitHub/Pf_pipeline_dados/Projeto_final_fase3/venv/lib/python3.9/site-packages/airflow/example_dags/example_python_decorator.py for tasks to queue
[2025-11-27T12:22:07.634-0300] {logging_mixin.py:188} INFO - [2025-11-27T12:22:07.634-0300] {dagbag.py:545} INFO - Filling up the DagBag from /Users/davispecia/Documents/GitHub/Pf_pipeline_dados/Projeto_final_fase3/venv/lib/python3.9/site-packages/airflow/example_dags/example_python_decorator.py
[2025-11-27T12:22:07.651-0300] {logging_mixin.py:188} INFO - [2025-11-27T12:22:07.651-0300] {example_python_decorator.py:80} WARNING - The virtalenv_python example task requires virtualenv, please install it.
[2025-11-27T12:22:07.652-0300] {processor.py:840} INFO - DAG(s) 'example_python_decorator' retrieved from /Users/davispecia/Documents/GitHub/Pf_pipeline_dados/Projeto_final_fase3/venv/lib/python3.9/site-packages/airflow/example_dags/example_python_decorator.py
[2025-11-27T12:22:07.721-0300] {logging_mixin.py:188} INFO - [2025-11-27T12:22:07.721-0300] {dag.py:3089} INFO - Sync 1 DAGs
[2025-11-27T12:22:07.726-0300] {logging_mixin.py:188} INFO - [2025-11-27T12:22:07.726-0300] {dag.py:3947} INFO - Setting next_dagrun for example_python_decorator to None, run_after=None
[2025-11-27T12:22:07.735-0300] {processor.py:183} INFO - Processing /Users/davispecia/Documents/GitHub/Pf_pipeline_dados/Projeto_final_fase3/venv/lib/python3.9/site-packages/airflow/example_dags/example_python_decorator.py took 0.104 seconds
[2025-11-27T12:24:10.455-0300] {processor.py:161} INFO - Started process (PID=1865) to work on /Users/davispecia/Documents/GitHub/Pf_pipeline_dados/Projeto_final_fase3/venv/lib/python3.9/site-packages/airflow/example_dags/example_python_decorator.py
[2025-11-27T12:24:10.455-0300] {processor.py:830} INFO - Processing file /Users/davispecia/Documents/GitHub/Pf_pipeline_dados/Projeto_final_fase3/venv/lib/python3.9/site-packages/airflow/example_dags/example_python_decorator.py for tasks to queue
[2025-11-27T12:24:10.456-0300] {logging_mixin.py:188} INFO - [2025-11-27T12:24:10.456-0300] {dagbag.py:545} INFO - Filling up the DagBag from /Users/davispecia/Documents/GitHub/Pf_pipeline_dados/Projeto_final_fase3/venv/lib/python3.9/site-packages/airflow/example_dags/example_python_decorator.py
[2025-11-27T12:24:10.474-0300] {logging_mixin.py:188} INFO - [2025-11-27T12:24:10.473-0300] {example_python_decorator.py:80} WARNING - The virtalenv_python example task requires virtualenv, please install it.
[2025-11-27T12:24:10.474-0300] {processor.py:840} INFO - DAG(s) 'example_python_decorator' retrieved from /Users/davispecia/Documents/GitHub/Pf_pipeline_dados/Projeto_final_fase3/venv/lib/python3.9/site-packages/airflow/example_dags/example_python_decorator.py
[2025-11-27T12:24:10.544-0300] {logging_mixin.py:188} INFO - [2025-11-27T12:24:10.544-0300] {dag.py:3089} INFO - Sync 1 DAGs
[2025-11-27T12:24:10.549-0300] {logging_mixin.py:188} INFO - [2025-11-27T12:24:10.549-0300] {dag.py:3947} INFO - Setting next_dagrun for example_python_decorator to None, run_after=None
[2025-11-27T12:24:10.558-0300] {processor.py:183} INFO - Processing /Users/davispecia/Documents/GitHub/Pf_pipeline_dados/Projeto_final_fase3/venv/lib/python3.9/site-packages/airflow/example_dags/example_python_decorator.py took 0.105 seconds
[2025-11-27T12:26:13.352-0300] {processor.py:161} INFO - Started process (PID=2169) to work on /Users/davispecia/Documents/GitHub/Pf_pipeline_dados/Projeto_final_fase3/venv/lib/python3.9/site-packages/airflow/example_dags/example_python_decorator.py
[2025-11-27T12:26:13.353-0300] {processor.py:830} INFO - Processing file /Users/davispecia/Documents/GitHub/Pf_pipeline_dados/Projeto_final_fase3/venv/lib/python3.9/site-packages/airflow/example_dags/example_python_decorator.py for tasks to queue
[2025-11-27T12:26:13.354-0300] {logging_mixin.py:188} INFO - [2025-11-27T12:26:13.354-0300] {dagbag.py:545} INFO - Filling up the DagBag from /Users/davispecia/Documents/GitHub/Pf_pipeline_dados/Projeto_final_fase3/venv/lib/python3.9/site-packages/airflow/example_dags/example_python_decorator.py
[2025-11-27T12:26:13.373-0300] {logging_mixin.py:188} INFO - [2025-11-27T12:26:13.373-0300] {example_python_decorator.py:80} WARNING - The virtalenv_python example task requires virtualenv, please install it.
[2025-11-27T12:26:13.374-0300] {processor.py:840} INFO - DAG(s) 'example_python_decorator' retrieved from /Users/davispecia/Documents/GitHub/Pf_pipeline_dados/Projeto_final_fase3/venv/lib/python3.9/site-packages/airflow/example_dags/example_python_decorator.py
[2025-11-27T12:26:13.446-0300] {logging_mixin.py:188} INFO - [2025-11-27T12:26:13.446-0300] {dag.py:3089} INFO - Sync 1 DAGs
[2025-11-27T12:26:13.452-0300] {logging_mixin.py:188} INFO - [2025-11-27T12:26:13.451-0300] {dag.py:3947} INFO - Setting next_dagrun for example_python_decorator to None, run_after=None
[2025-11-27T12:26:13.461-0300] {processor.py:183} INFO - Processing /Users/davispecia/Documents/GitHub/Pf_pipeline_dados/Projeto_final_fase3/venv/lib/python3.9/site-packages/airflow/example_dags/example_python_decorator.py took 0.111 seconds
[2025-11-27T12:45:30.796-0300] {processor.py:161} INFO - Started process (PID=2587) to work on /Users/davispecia/Documents/GitHub/Pf_pipeline_dados/Projeto_final_fase3/venv/lib/python3.9/site-packages/airflow/example_dags/example_python_decorator.py
[2025-11-27T12:45:30.798-0300] {processor.py:830} INFO - Processing file /Users/davispecia/Documents/GitHub/Pf_pipeline_dados/Projeto_final_fase3/venv/lib/python3.9/site-packages/airflow/example_dags/example_python_decorator.py for tasks to queue
[2025-11-27T12:45:30.798-0300] {logging_mixin.py:188} INFO - [2025-11-27T12:45:30.798-0300] {dagbag.py:545} INFO - Filling up the DagBag from /Users/davispecia/Documents/GitHub/Pf_pipeline_dados/Projeto_final_fase3/venv/lib/python3.9/site-packages/airflow/example_dags/example_python_decorator.py
[2025-11-27T12:45:30.824-0300] {logging_mixin.py:188} INFO - [2025-11-27T12:45:30.824-0300] {example_python_decorator.py:80} WARNING - The virtalenv_python example task requires virtualenv, please install it.
[2025-11-27T12:45:30.825-0300] {processor.py:840} INFO - DAG(s) 'example_python_decorator' retrieved from /Users/davispecia/Documents/GitHub/Pf_pipeline_dados/Projeto_final_fase3/venv/lib/python3.9/site-packages/airflow/example_dags/example_python_decorator.py
[2025-11-27T12:45:30.902-0300] {logging_mixin.py:188} INFO - [2025-11-27T12:45:30.902-0300] {dag.py:3089} INFO - Sync 1 DAGs
[2025-11-27T12:45:30.907-0300] {logging_mixin.py:188} INFO - [2025-11-27T12:45:30.907-0300] {dag.py:3947} INFO - Setting next_dagrun for example_python_decorator to None, run_after=None
[2025-11-27T12:45:30.918-0300] {processor.py:183} INFO - Processing /Users/davispecia/Documents/GitHub/Pf_pipeline_dados/Projeto_final_fase3/venv/lib/python3.9/site-packages/airflow/example_dags/example_python_decorator.py took 0.124 seconds
[2025-11-27T14:06:30.470-0300] {processor.py:161} INFO - Started process (PID=2927) to work on /Users/davispecia/Documents/GitHub/Pf_pipeline_dados/Projeto_final_fase3/venv/lib/python3.9/site-packages/airflow/example_dags/example_python_decorator.py
[2025-11-27T14:06:30.471-0300] {processor.py:830} INFO - Processing file /Users/davispecia/Documents/GitHub/Pf_pipeline_dados/Projeto_final_fase3/venv/lib/python3.9/site-packages/airflow/example_dags/example_python_decorator.py for tasks to queue
[2025-11-27T14:06:30.471-0300] {logging_mixin.py:188} INFO - [2025-11-27T14:06:30.471-0300] {dagbag.py:545} INFO - Filling up the DagBag from /Users/davispecia/Documents/GitHub/Pf_pipeline_dados/Projeto_final_fase3/venv/lib/python3.9/site-packages/airflow/example_dags/example_python_decorator.py
[2025-11-27T14:06:30.489-0300] {logging_mixin.py:188} INFO - [2025-11-27T14:06:30.489-0300] {example_python_decorator.py:80} WARNING - The virtalenv_python example task requires virtualenv, please install it.
[2025-11-27T14:06:30.490-0300] {processor.py:840} INFO - DAG(s) 'example_python_decorator' retrieved from /Users/davispecia/Documents/GitHub/Pf_pipeline_dados/Projeto_final_fase3/venv/lib/python3.9/site-packages/airflow/example_dags/example_python_decorator.py
[2025-11-27T14:06:30.562-0300] {logging_mixin.py:188} INFO - [2025-11-27T14:06:30.562-0300] {dag.py:3089} INFO - Sync 1 DAGs
[2025-11-27T14:06:30.568-0300] {logging_mixin.py:188} INFO - [2025-11-27T14:06:30.567-0300] {dag.py:3947} INFO - Setting next_dagrun for example_python_decorator to None, run_after=None
[2025-11-27T14:06:30.592-0300] {processor.py:183} INFO - Processing /Users/davispecia/Documents/GitHub/Pf_pipeline_dados/Projeto_final_fase3/venv/lib/python3.9/site-packages/airflow/example_dags/example_python_decorator.py took 0.123 seconds
[2025-11-27T14:08:35.546-0300] {processor.py:161} INFO - Started process (PID=3321) to work on /Users/davispecia/Documents/GitHub/Pf_pipeline_dados/Projeto_final_fase3/venv/lib/python3.9/site-packages/airflow/example_dags/example_python_decorator.py
[2025-11-27T14:08:35.547-0300] {processor.py:830} INFO - Processing file /Users/davispecia/Documents/GitHub/Pf_pipeline_dados/Projeto_final_fase3/venv/lib/python3.9/site-packages/airflow/example_dags/example_python_decorator.py for tasks to queue
[2025-11-27T14:08:35.547-0300] {logging_mixin.py:188} INFO - [2025-11-27T14:08:35.547-0300] {dagbag.py:545} INFO - Filling up the DagBag from /Users/davispecia/Documents/GitHub/Pf_pipeline_dados/Projeto_final_fase3/venv/lib/python3.9/site-packages/airflow/example_dags/example_python_decorator.py
[2025-11-27T14:08:35.564-0300] {logging_mixin.py:188} INFO - [2025-11-27T14:08:35.564-0300] {example_python_decorator.py:80} WARNING - The virtalenv_python example task requires virtualenv, please install it.
[2025-11-27T14:08:35.565-0300] {processor.py:840} INFO - DAG(s) 'example_python_decorator' retrieved from /Users/davispecia/Documents/GitHub/Pf_pipeline_dados/Projeto_final_fase3/venv/lib/python3.9/site-packages/airflow/example_dags/example_python_decorator.py
[2025-11-27T14:08:35.635-0300] {logging_mixin.py:188} INFO - [2025-11-27T14:08:35.635-0300] {dag.py:3089} INFO - Sync 1 DAGs
[2025-11-27T14:08:35.640-0300] {logging_mixin.py:188} INFO - [2025-11-27T14:08:35.640-0300] {dag.py:3947} INFO - Setting next_dagrun for example_python_decorator to None, run_after=None
[2025-11-27T14:08:35.649-0300] {processor.py:183} INFO - Processing /Users/davispecia/Documents/GitHub/Pf_pipeline_dados/Projeto_final_fase3/venv/lib/python3.9/site-packages/airflow/example_dags/example_python_decorator.py took 0.105 seconds
[2025-11-27T14:10:09.125-0300] {processor.py:161} INFO - Started process (PID=3611) to work on /Users/davispecia/Documents/GitHub/Pf_pipeline_dados/Projeto_final_fase3/venv/lib/python3.9/site-packages/airflow/example_dags/example_python_decorator.py
[2025-11-27T14:10:09.126-0300] {processor.py:830} INFO - Processing file /Users/davispecia/Documents/GitHub/Pf_pipeline_dados/Projeto_final_fase3/venv/lib/python3.9/site-packages/airflow/example_dags/example_python_decorator.py for tasks to queue
[2025-11-27T14:10:09.126-0300] {logging_mixin.py:188} INFO - [2025-11-27T14:10:09.126-0300] {dagbag.py:545} INFO - Filling up the DagBag from /Users/davispecia/Documents/GitHub/Pf_pipeline_dados/Projeto_final_fase3/venv/lib/python3.9/site-packages/airflow/example_dags/example_python_decorator.py
[2025-11-27T14:10:09.143-0300] {logging_mixin.py:188} INFO - [2025-11-27T14:10:09.143-0300] {example_python_decorator.py:80} WARNING - The virtalenv_python example task requires virtualenv, please install it.
[2025-11-27T14:10:09.144-0300] {processor.py:840} INFO - DAG(s) 'example_python_decorator' retrieved from /Users/davispecia/Documents/GitHub/Pf_pipeline_dados/Projeto_final_fase3/venv/lib/python3.9/site-packages/airflow/example_dags/example_python_decorator.py
[2025-11-27T14:10:09.214-0300] {logging_mixin.py:188} INFO - [2025-11-27T14:10:09.213-0300] {dag.py:3089} INFO - Sync 1 DAGs
[2025-11-27T14:10:09.219-0300] {logging_mixin.py:188} INFO - [2025-11-27T14:10:09.219-0300] {dag.py:3947} INFO - Setting next_dagrun for example_python_decorator to None, run_after=None
[2025-11-27T14:10:09.227-0300] {processor.py:183} INFO - Processing /Users/davispecia/Documents/GitHub/Pf_pipeline_dados/Projeto_final_fase3/venv/lib/python3.9/site-packages/airflow/example_dags/example_python_decorator.py took 0.104 seconds
[2025-11-27T14:12:10.846-0300] {processor.py:161} INFO - Started process (PID=3894) to work on /Users/davispecia/Documents/GitHub/Pf_pipeline_dados/Projeto_final_fase3/venv/lib/python3.9/site-packages/airflow/example_dags/example_python_decorator.py
[2025-11-27T14:12:10.846-0300] {processor.py:830} INFO - Processing file /Users/davispecia/Documents/GitHub/Pf_pipeline_dados/Projeto_final_fase3/venv/lib/python3.9/site-packages/airflow/example_dags/example_python_decorator.py for tasks to queue
[2025-11-27T14:12:10.847-0300] {logging_mixin.py:188} INFO - [2025-11-27T14:12:10.847-0300] {dagbag.py:545} INFO - Filling up the DagBag from /Users/davispecia/Documents/GitHub/Pf_pipeline_dados/Projeto_final_fase3/venv/lib/python3.9/site-packages/airflow/example_dags/example_python_decorator.py
[2025-11-27T14:12:10.865-0300] {logging_mixin.py:188} INFO - [2025-11-27T14:12:10.865-0300] {example_python_decorator.py:80} WARNING - The virtalenv_python example task requires virtualenv, please install it.
[2025-11-27T14:12:10.866-0300] {processor.py:840} INFO - DAG(s) 'example_python_decorator' retrieved from /Users/davispecia/Documents/GitHub/Pf_pipeline_dados/Projeto_final_fase3/venv/lib/python3.9/site-packages/airflow/example_dags/example_python_decorator.py
[2025-11-27T14:12:10.941-0300] {logging_mixin.py:188} INFO - [2025-11-27T14:12:10.941-0300] {dag.py:3089} INFO - Sync 1 DAGs
[2025-11-27T14:12:10.946-0300] {logging_mixin.py:188} INFO - [2025-11-27T14:12:10.946-0300] {dag.py:3947} INFO - Setting next_dagrun for example_python_decorator to None, run_after=None
[2025-11-27T14:12:10.955-0300] {processor.py:183} INFO - Processing /Users/davispecia/Documents/GitHub/Pf_pipeline_dados/Projeto_final_fase3/venv/lib/python3.9/site-packages/airflow/example_dags/example_python_decorator.py took 0.112 seconds
[2025-11-27T14:14:21.915-0300] {processor.py:161} INFO - Started process (PID=4249) to work on /Users/davispecia/Documents/GitHub/Pf_pipeline_dados/Projeto_final_fase3/venv/lib/python3.9/site-packages/airflow/example_dags/example_python_decorator.py
[2025-11-27T14:14:21.916-0300] {processor.py:830} INFO - Processing file /Users/davispecia/Documents/GitHub/Pf_pipeline_dados/Projeto_final_fase3/venv/lib/python3.9/site-packages/airflow/example_dags/example_python_decorator.py for tasks to queue
[2025-11-27T14:14:21.916-0300] {logging_mixin.py:188} INFO - [2025-11-27T14:14:21.916-0300] {dagbag.py:545} INFO - Filling up the DagBag from /Users/davispecia/Documents/GitHub/Pf_pipeline_dados/Projeto_final_fase3/venv/lib/python3.9/site-packages/airflow/example_dags/example_python_decorator.py
[2025-11-27T14:14:21.940-0300] {logging_mixin.py:188} INFO - [2025-11-27T14:14:21.940-0300] {example_python_decorator.py:80} WARNING - The virtalenv_python example task requires virtualenv, please install it.
[2025-11-27T14:14:21.941-0300] {processor.py:840} INFO - DAG(s) 'example_python_decorator' retrieved from /Users/davispecia/Documents/GitHub/Pf_pipeline_dados/Projeto_final_fase3/venv/lib/python3.9/site-packages/airflow/example_dags/example_python_decorator.py
[2025-11-27T14:14:22.015-0300] {logging_mixin.py:188} INFO - [2025-11-27T14:14:22.014-0300] {dag.py:3089} INFO - Sync 1 DAGs
[2025-11-27T14:14:22.020-0300] {logging_mixin.py:188} INFO - [2025-11-27T14:14:22.020-0300] {dag.py:3947} INFO - Setting next_dagrun for example_python_decorator to None, run_after=None
[2025-11-27T14:14:22.030-0300] {processor.py:183} INFO - Processing /Users/davispecia/Documents/GitHub/Pf_pipeline_dados/Projeto_final_fase3/venv/lib/python3.9/site-packages/airflow/example_dags/example_python_decorator.py took 0.118 seconds
[2025-11-27T14:16:43.621-0300] {processor.py:161} INFO - Started process (PID=4650) to work on /Users/davispecia/Documents/GitHub/Pf_pipeline_dados/Projeto_final_fase3/venv/lib/python3.9/site-packages/airflow/example_dags/example_python_decorator.py
[2025-11-27T14:16:43.622-0300] {processor.py:830} INFO - Processing file /Users/davispecia/Documents/GitHub/Pf_pipeline_dados/Projeto_final_fase3/venv/lib/python3.9/site-packages/airflow/example_dags/example_python_decorator.py for tasks to queue
[2025-11-27T14:16:43.622-0300] {logging_mixin.py:188} INFO - [2025-11-27T14:16:43.622-0300] {dagbag.py:545} INFO - Filling up the DagBag from /Users/davispecia/Documents/GitHub/Pf_pipeline_dados/Projeto_final_fase3/venv/lib/python3.9/site-packages/airflow/example_dags/example_python_decorator.py
[2025-11-27T14:16:43.639-0300] {logging_mixin.py:188} INFO - [2025-11-27T14:16:43.639-0300] {example_python_decorator.py:80} WARNING - The virtalenv_python example task requires virtualenv, please install it.
[2025-11-27T14:16:43.640-0300] {processor.py:840} INFO - DAG(s) 'example_python_decorator' retrieved from /Users/davispecia/Documents/GitHub/Pf_pipeline_dados/Projeto_final_fase3/venv/lib/python3.9/site-packages/airflow/example_dags/example_python_decorator.py
[2025-11-27T14:16:43.710-0300] {logging_mixin.py:188} INFO - [2025-11-27T14:16:43.710-0300] {dag.py:3089} INFO - Sync 1 DAGs
[2025-11-27T14:16:43.715-0300] {logging_mixin.py:188} INFO - [2025-11-27T14:16:43.715-0300] {dag.py:3947} INFO - Setting next_dagrun for example_python_decorator to None, run_after=None
[2025-11-27T14:16:43.725-0300] {processor.py:183} INFO - Processing /Users/davispecia/Documents/GitHub/Pf_pipeline_dados/Projeto_final_fase3/venv/lib/python3.9/site-packages/airflow/example_dags/example_python_decorator.py took 0.105 seconds
[2025-11-27T14:18:57.877-0300] {processor.py:161} INFO - Started process (PID=4967) to work on /Users/davispecia/Documents/GitHub/Pf_pipeline_dados/Projeto_final_fase3/venv/lib/python3.9/site-packages/airflow/example_dags/example_python_decorator.py
[2025-11-27T14:18:57.878-0300] {processor.py:830} INFO - Processing file /Users/davispecia/Documents/GitHub/Pf_pipeline_dados/Projeto_final_fase3/venv/lib/python3.9/site-packages/airflow/example_dags/example_python_decorator.py for tasks to queue
[2025-11-27T14:18:57.878-0300] {logging_mixin.py:188} INFO - [2025-11-27T14:18:57.878-0300] {dagbag.py:545} INFO - Filling up the DagBag from /Users/davispecia/Documents/GitHub/Pf_pipeline_dados/Projeto_final_fase3/venv/lib/python3.9/site-packages/airflow/example_dags/example_python_decorator.py
[2025-11-27T14:18:57.897-0300] {logging_mixin.py:188} INFO - [2025-11-27T14:18:57.897-0300] {example_python_decorator.py:80} WARNING - The virtalenv_python example task requires virtualenv, please install it.
[2025-11-27T14:18:57.898-0300] {processor.py:840} INFO - DAG(s) 'example_python_decorator' retrieved from /Users/davispecia/Documents/GitHub/Pf_pipeline_dados/Projeto_final_fase3/venv/lib/python3.9/site-packages/airflow/example_dags/example_python_decorator.py
[2025-11-27T14:18:57.971-0300] {logging_mixin.py:188} INFO - [2025-11-27T14:18:57.971-0300] {dag.py:3089} INFO - Sync 1 DAGs
[2025-11-27T14:18:57.976-0300] {logging_mixin.py:188} INFO - [2025-11-27T14:18:57.976-0300] {dag.py:3947} INFO - Setting next_dagrun for example_python_decorator to None, run_after=None
[2025-11-27T14:18:57.986-0300] {processor.py:183} INFO - Processing /Users/davispecia/Documents/GitHub/Pf_pipeline_dados/Projeto_final_fase3/venv/lib/python3.9/site-packages/airflow/example_dags/example_python_decorator.py took 0.112 seconds
[2025-11-27T14:21:20.156-0300] {processor.py:161} INFO - Started process (PID=5360) to work on /Users/davispecia/Documents/GitHub/Pf_pipeline_dados/Projeto_final_fase3/venv/lib/python3.9/site-packages/airflow/example_dags/example_python_decorator.py
[2025-11-27T14:21:20.157-0300] {processor.py:830} INFO - Processing file /Users/davispecia/Documents/GitHub/Pf_pipeline_dados/Projeto_final_fase3/venv/lib/python3.9/site-packages/airflow/example_dags/example_python_decorator.py for tasks to queue
[2025-11-27T14:21:20.157-0300] {logging_mixin.py:188} INFO - [2025-11-27T14:21:20.157-0300] {dagbag.py:545} INFO - Filling up the DagBag from /Users/davispecia/Documents/GitHub/Pf_pipeline_dados/Projeto_final_fase3/venv/lib/python3.9/site-packages/airflow/example_dags/example_python_decorator.py
[2025-11-27T14:21:20.175-0300] {logging_mixin.py:188} INFO - [2025-11-27T14:21:20.175-0300] {example_python_decorator.py:80} WARNING - The virtalenv_python example task requires virtualenv, please install it.
[2025-11-27T14:21:20.176-0300] {processor.py:840} INFO - DAG(s) 'example_python_decorator' retrieved from /Users/davispecia/Documents/GitHub/Pf_pipeline_dados/Projeto_final_fase3/venv/lib/python3.9/site-packages/airflow/example_dags/example_python_decorator.py
[2025-11-27T14:21:20.252-0300] {logging_mixin.py:188} INFO - [2025-11-27T14:21:20.252-0300] {dag.py:3089} INFO - Sync 1 DAGs
[2025-11-27T14:21:20.257-0300] {logging_mixin.py:188} INFO - [2025-11-27T14:21:20.257-0300] {dag.py:3947} INFO - Setting next_dagrun for example_python_decorator to None, run_after=None
[2025-11-27T14:21:20.268-0300] {processor.py:183} INFO - Processing /Users/davispecia/Documents/GitHub/Pf_pipeline_dados/Projeto_final_fase3/venv/lib/python3.9/site-packages/airflow/example_dags/example_python_decorator.py took 0.114 seconds
[2025-11-27T14:23:32.605-0300] {processor.py:161} INFO - Started process (PID=5667) to work on /Users/davispecia/Documents/GitHub/Pf_pipeline_dados/Projeto_final_fase3/venv/lib/python3.9/site-packages/airflow/example_dags/example_python_decorator.py
[2025-11-27T14:23:32.608-0300] {processor.py:830} INFO - Processing file /Users/davispecia/Documents/GitHub/Pf_pipeline_dados/Projeto_final_fase3/venv/lib/python3.9/site-packages/airflow/example_dags/example_python_decorator.py for tasks to queue
[2025-11-27T14:23:32.609-0300] {logging_mixin.py:188} INFO - [2025-11-27T14:23:32.609-0300] {dagbag.py:545} INFO - Filling up the DagBag from /Users/davispecia/Documents/GitHub/Pf_pipeline_dados/Projeto_final_fase3/venv/lib/python3.9/site-packages/airflow/example_dags/example_python_decorator.py
[2025-11-27T14:23:32.636-0300] {logging_mixin.py:188} INFO - [2025-11-27T14:23:32.636-0300] {example_python_decorator.py:80} WARNING - The virtalenv_python example task requires virtualenv, please install it.
[2025-11-27T14:23:32.639-0300] {processor.py:840} INFO - DAG(s) 'example_python_decorator' retrieved from /Users/davispecia/Documents/GitHub/Pf_pipeline_dados/Projeto_final_fase3/venv/lib/python3.9/site-packages/airflow/example_dags/example_python_decorator.py
[2025-11-27T14:23:32.739-0300] {logging_mixin.py:188} INFO - [2025-11-27T14:23:32.739-0300] {dag.py:3089} INFO - Sync 1 DAGs
[2025-11-27T14:23:32.748-0300] {logging_mixin.py:188} INFO - [2025-11-27T14:23:32.748-0300] {dag.py:3947} INFO - Setting next_dagrun for example_python_decorator to None, run_after=None
[2025-11-27T14:23:32.760-0300] {processor.py:183} INFO - Processing /Users/davispecia/Documents/GitHub/Pf_pipeline_dados/Projeto_final_fase3/venv/lib/python3.9/site-packages/airflow/example_dags/example_python_decorator.py took 0.157 seconds
[2025-11-27T14:25:53.571-0300] {processor.py:161} INFO - Started process (PID=5996) to work on /Users/davispecia/Documents/GitHub/Pf_pipeline_dados/Projeto_final_fase3/venv/lib/python3.9/site-packages/airflow/example_dags/example_python_decorator.py
[2025-11-27T14:25:53.572-0300] {processor.py:830} INFO - Processing file /Users/davispecia/Documents/GitHub/Pf_pipeline_dados/Projeto_final_fase3/venv/lib/python3.9/site-packages/airflow/example_dags/example_python_decorator.py for tasks to queue
[2025-11-27T14:25:53.572-0300] {logging_mixin.py:188} INFO - [2025-11-27T14:25:53.572-0300] {dagbag.py:545} INFO - Filling up the DagBag from /Users/davispecia/Documents/GitHub/Pf_pipeline_dados/Projeto_final_fase3/venv/lib/python3.9/site-packages/airflow/example_dags/example_python_decorator.py
[2025-11-27T14:25:53.591-0300] {logging_mixin.py:188} INFO - [2025-11-27T14:25:53.591-0300] {example_python_decorator.py:80} WARNING - The virtalenv_python example task requires virtualenv, please install it.
[2025-11-27T14:25:53.592-0300] {processor.py:840} INFO - DAG(s) 'example_python_decorator' retrieved from /Users/davispecia/Documents/GitHub/Pf_pipeline_dados/Projeto_final_fase3/venv/lib/python3.9/site-packages/airflow/example_dags/example_python_decorator.py
[2025-11-27T14:25:53.665-0300] {logging_mixin.py:188} INFO - [2025-11-27T14:25:53.665-0300] {dag.py:3089} INFO - Sync 1 DAGs
[2025-11-27T14:25:53.671-0300] {logging_mixin.py:188} INFO - [2025-11-27T14:25:53.671-0300] {dag.py:3947} INFO - Setting next_dagrun for example_python_decorator to None, run_after=None
[2025-11-27T14:25:53.682-0300] {processor.py:183} INFO - Processing /Users/davispecia/Documents/GitHub/Pf_pipeline_dados/Projeto_final_fase3/venv/lib/python3.9/site-packages/airflow/example_dags/example_python_decorator.py took 0.113 seconds
[2025-11-27T14:28:27.831-0300] {processor.py:161} INFO - Started process (PID=6471) to work on /Users/davispecia/Documents/GitHub/Pf_pipeline_dados/Projeto_final_fase3/venv/lib/python3.9/site-packages/airflow/example_dags/example_python_decorator.py
[2025-11-27T14:28:27.832-0300] {processor.py:830} INFO - Processing file /Users/davispecia/Documents/GitHub/Pf_pipeline_dados/Projeto_final_fase3/venv/lib/python3.9/site-packages/airflow/example_dags/example_python_decorator.py for tasks to queue
[2025-11-27T14:28:27.832-0300] {logging_mixin.py:188} INFO - [2025-11-27T14:28:27.832-0300] {dagbag.py:545} INFO - Filling up the DagBag from /Users/davispecia/Documents/GitHub/Pf_pipeline_dados/Projeto_final_fase3/venv/lib/python3.9/site-packages/airflow/example_dags/example_python_decorator.py
[2025-11-27T14:28:27.851-0300] {logging_mixin.py:188} INFO - [2025-11-27T14:28:27.851-0300] {example_python_decorator.py:80} WARNING - The virtalenv_python example task requires virtualenv, please install it.
[2025-11-27T14:28:27.852-0300] {processor.py:840} INFO - DAG(s) 'example_python_decorator' retrieved from /Users/davispecia/Documents/GitHub/Pf_pipeline_dados/Projeto_final_fase3/venv/lib/python3.9/site-packages/airflow/example_dags/example_python_decorator.py
[2025-11-27T14:28:27.930-0300] {logging_mixin.py:188} INFO - [2025-11-27T14:28:27.930-0300] {dag.py:3089} INFO - Sync 1 DAGs
[2025-11-27T14:28:27.936-0300] {logging_mixin.py:188} INFO - [2025-11-27T14:28:27.936-0300] {dag.py:3947} INFO - Setting next_dagrun for example_python_decorator to None, run_after=None
[2025-11-27T14:28:27.946-0300] {processor.py:183} INFO - Processing /Users/davispecia/Documents/GitHub/Pf_pipeline_dados/Projeto_final_fase3/venv/lib/python3.9/site-packages/airflow/example_dags/example_python_decorator.py took 0.117 seconds
[2025-11-27T14:30:39.236-0300] {processor.py:161} INFO - Started process (PID=6783) to work on /Users/davispecia/Documents/GitHub/Pf_pipeline_dados/Projeto_final_fase3/venv/lib/python3.9/site-packages/airflow/example_dags/example_python_decorator.py
[2025-11-27T14:30:39.236-0300] {processor.py:830} INFO - Processing file /Users/davispecia/Documents/GitHub/Pf_pipeline_dados/Projeto_final_fase3/venv/lib/python3.9/site-packages/airflow/example_dags/example_python_decorator.py for tasks to queue
[2025-11-27T14:30:39.237-0300] {logging_mixin.py:188} INFO - [2025-11-27T14:30:39.237-0300] {dagbag.py:545} INFO - Filling up the DagBag from /Users/davispecia/Documents/GitHub/Pf_pipeline_dados/Projeto_final_fase3/venv/lib/python3.9/site-packages/airflow/example_dags/example_python_decorator.py
[2025-11-27T14:30:39.255-0300] {logging_mixin.py:188} INFO - [2025-11-27T14:30:39.255-0300] {example_python_decorator.py:80} WARNING - The virtalenv_python example task requires virtualenv, please install it.
[2025-11-27T14:30:39.256-0300] {processor.py:840} INFO - DAG(s) 'example_python_decorator' retrieved from /Users/davispecia/Documents/GitHub/Pf_pipeline_dados/Projeto_final_fase3/venv/lib/python3.9/site-packages/airflow/example_dags/example_python_decorator.py
[2025-11-27T14:30:39.326-0300] {logging_mixin.py:188} INFO - [2025-11-27T14:30:39.326-0300] {dag.py:3089} INFO - Sync 1 DAGs
[2025-11-27T14:30:39.332-0300] {logging_mixin.py:188} INFO - [2025-11-27T14:30:39.331-0300] {dag.py:3947} INFO - Setting next_dagrun for example_python_decorator to None, run_after=None
[2025-11-27T14:30:39.341-0300] {processor.py:183} INFO - Processing /Users/davispecia/Documents/GitHub/Pf_pipeline_dados/Projeto_final_fase3/venv/lib/python3.9/site-packages/airflow/example_dags/example_python_decorator.py took 0.108 seconds
[2025-11-27T14:32:44.428-0300] {processor.py:161} INFO - Started process (PID=7093) to work on /Users/davispecia/Documents/GitHub/Pf_pipeline_dados/Projeto_final_fase3/venv/lib/python3.9/site-packages/airflow/example_dags/example_python_decorator.py
[2025-11-27T14:32:44.428-0300] {processor.py:830} INFO - Processing file /Users/davispecia/Documents/GitHub/Pf_pipeline_dados/Projeto_final_fase3/venv/lib/python3.9/site-packages/airflow/example_dags/example_python_decorator.py for tasks to queue
[2025-11-27T14:32:44.429-0300] {logging_mixin.py:188} INFO - [2025-11-27T14:32:44.429-0300] {dagbag.py:545} INFO - Filling up the DagBag from /Users/davispecia/Documents/GitHub/Pf_pipeline_dados/Projeto_final_fase3/venv/lib/python3.9/site-packages/airflow/example_dags/example_python_decorator.py
[2025-11-27T14:32:44.448-0300] {logging_mixin.py:188} INFO - [2025-11-27T14:32:44.447-0300] {example_python_decorator.py:80} WARNING - The virtalenv_python example task requires virtualenv, please install it.
[2025-11-27T14:32:44.449-0300] {processor.py:840} INFO - DAG(s) 'example_python_decorator' retrieved from /Users/davispecia/Documents/GitHub/Pf_pipeline_dados/Projeto_final_fase3/venv/lib/python3.9/site-packages/airflow/example_dags/example_python_decorator.py
[2025-11-27T14:32:44.520-0300] {logging_mixin.py:188} INFO - [2025-11-27T14:32:44.520-0300] {dag.py:3089} INFO - Sync 1 DAGs
[2025-11-27T14:32:44.526-0300] {logging_mixin.py:188} INFO - [2025-11-27T14:32:44.525-0300] {dag.py:3947} INFO - Setting next_dagrun for example_python_decorator to None, run_after=None
[2025-11-27T14:32:44.535-0300] {processor.py:183} INFO - Processing /Users/davispecia/Documents/GitHub/Pf_pipeline_dados/Projeto_final_fase3/venv/lib/python3.9/site-packages/airflow/example_dags/example_python_decorator.py took 0.110 seconds
[2025-11-27T14:35:12.611-0300] {processor.py:161} INFO - Started process (PID=7599) to work on /Users/davispecia/Documents/GitHub/Pf_pipeline_dados/Projeto_final_fase3/venv/lib/python3.9/site-packages/airflow/example_dags/example_python_decorator.py
[2025-11-27T14:35:12.611-0300] {processor.py:830} INFO - Processing file /Users/davispecia/Documents/GitHub/Pf_pipeline_dados/Projeto_final_fase3/venv/lib/python3.9/site-packages/airflow/example_dags/example_python_decorator.py for tasks to queue
[2025-11-27T14:35:12.612-0300] {logging_mixin.py:188} INFO - [2025-11-27T14:35:12.612-0300] {dagbag.py:545} INFO - Filling up the DagBag from /Users/davispecia/Documents/GitHub/Pf_pipeline_dados/Projeto_final_fase3/venv/lib/python3.9/site-packages/airflow/example_dags/example_python_decorator.py
[2025-11-27T14:35:12.634-0300] {logging_mixin.py:188} INFO - [2025-11-27T14:35:12.634-0300] {example_python_decorator.py:80} WARNING - The virtalenv_python example task requires virtualenv, please install it.
[2025-11-27T14:35:12.635-0300] {processor.py:840} INFO - DAG(s) 'example_python_decorator' retrieved from /Users/davispecia/Documents/GitHub/Pf_pipeline_dados/Projeto_final_fase3/venv/lib/python3.9/site-packages/airflow/example_dags/example_python_decorator.py
[2025-11-27T14:35:12.726-0300] {logging_mixin.py:188} INFO - [2025-11-27T14:35:12.726-0300] {dag.py:3089} INFO - Sync 1 DAGs
[2025-11-27T14:35:12.732-0300] {logging_mixin.py:188} INFO - [2025-11-27T14:35:12.732-0300] {dag.py:3947} INFO - Setting next_dagrun for example_python_decorator to None, run_after=None
[2025-11-27T14:35:12.744-0300] {processor.py:183} INFO - Processing /Users/davispecia/Documents/GitHub/Pf_pipeline_dados/Projeto_final_fase3/venv/lib/python3.9/site-packages/airflow/example_dags/example_python_decorator.py took 0.136 seconds
[2025-11-27T14:37:30.628-0300] {processor.py:161} INFO - Started process (PID=7975) to work on /Users/davispecia/Documents/GitHub/Pf_pipeline_dados/Projeto_final_fase3/venv/lib/python3.9/site-packages/airflow/example_dags/example_python_decorator.py
[2025-11-27T14:37:30.629-0300] {processor.py:830} INFO - Processing file /Users/davispecia/Documents/GitHub/Pf_pipeline_dados/Projeto_final_fase3/venv/lib/python3.9/site-packages/airflow/example_dags/example_python_decorator.py for tasks to queue
[2025-11-27T14:37:30.629-0300] {logging_mixin.py:188} INFO - [2025-11-27T14:37:30.629-0300] {dagbag.py:545} INFO - Filling up the DagBag from /Users/davispecia/Documents/GitHub/Pf_pipeline_dados/Projeto_final_fase3/venv/lib/python3.9/site-packages/airflow/example_dags/example_python_decorator.py
[2025-11-27T14:37:30.648-0300] {logging_mixin.py:188} INFO - [2025-11-27T14:37:30.648-0300] {example_python_decorator.py:80} WARNING - The virtalenv_python example task requires virtualenv, please install it.
[2025-11-27T14:37:30.649-0300] {processor.py:840} INFO - DAG(s) 'example_python_decorator' retrieved from /Users/davispecia/Documents/GitHub/Pf_pipeline_dados/Projeto_final_fase3/venv/lib/python3.9/site-packages/airflow/example_dags/example_python_decorator.py
[2025-11-27T14:37:30.720-0300] {logging_mixin.py:188} INFO - [2025-11-27T14:37:30.720-0300] {dag.py:3089} INFO - Sync 1 DAGs
[2025-11-27T14:37:30.725-0300] {logging_mixin.py:188} INFO - [2025-11-27T14:37:30.725-0300] {dag.py:3947} INFO - Setting next_dagrun for example_python_decorator to None, run_after=None
[2025-11-27T14:37:30.734-0300] {processor.py:183} INFO - Processing /Users/davispecia/Documents/GitHub/Pf_pipeline_dados/Projeto_final_fase3/venv/lib/python3.9/site-packages/airflow/example_dags/example_python_decorator.py took 0.108 seconds
[2025-11-27T14:39:51.900-0300] {processor.py:161} INFO - Started process (PID=8377) to work on /Users/davispecia/Documents/GitHub/Pf_pipeline_dados/Projeto_final_fase3/venv/lib/python3.9/site-packages/airflow/example_dags/example_python_decorator.py
[2025-11-27T14:39:51.901-0300] {processor.py:830} INFO - Processing file /Users/davispecia/Documents/GitHub/Pf_pipeline_dados/Projeto_final_fase3/venv/lib/python3.9/site-packages/airflow/example_dags/example_python_decorator.py for tasks to queue
[2025-11-27T14:39:51.901-0300] {logging_mixin.py:188} INFO - [2025-11-27T14:39:51.901-0300] {dagbag.py:545} INFO - Filling up the DagBag from /Users/davispecia/Documents/GitHub/Pf_pipeline_dados/Projeto_final_fase3/venv/lib/python3.9/site-packages/airflow/example_dags/example_python_decorator.py
[2025-11-27T14:39:51.919-0300] {logging_mixin.py:188} INFO - [2025-11-27T14:39:51.919-0300] {example_python_decorator.py:80} WARNING - The virtalenv_python example task requires virtualenv, please install it.
[2025-11-27T14:39:51.920-0300] {processor.py:840} INFO - DAG(s) 'example_python_decorator' retrieved from /Users/davispecia/Documents/GitHub/Pf_pipeline_dados/Projeto_final_fase3/venv/lib/python3.9/site-packages/airflow/example_dags/example_python_decorator.py
[2025-11-27T14:39:51.992-0300] {logging_mixin.py:188} INFO - [2025-11-27T14:39:51.992-0300] {dag.py:3089} INFO - Sync 1 DAGs
[2025-11-27T14:39:51.998-0300] {logging_mixin.py:188} INFO - [2025-11-27T14:39:51.998-0300] {dag.py:3947} INFO - Setting next_dagrun for example_python_decorator to None, run_after=None
[2025-11-27T14:39:52.008-0300] {processor.py:183} INFO - Processing /Users/davispecia/Documents/GitHub/Pf_pipeline_dados/Projeto_final_fase3/venv/lib/python3.9/site-packages/airflow/example_dags/example_python_decorator.py took 0.110 seconds
[2025-11-27T14:41:58.076-0300] {processor.py:161} INFO - Started process (PID=8746) to work on /Users/davispecia/Documents/GitHub/Pf_pipeline_dados/Projeto_final_fase3/venv/lib/python3.9/site-packages/airflow/example_dags/example_python_decorator.py
[2025-11-27T14:41:58.077-0300] {processor.py:830} INFO - Processing file /Users/davispecia/Documents/GitHub/Pf_pipeline_dados/Projeto_final_fase3/venv/lib/python3.9/site-packages/airflow/example_dags/example_python_decorator.py for tasks to queue
[2025-11-27T14:41:58.077-0300] {logging_mixin.py:188} INFO - [2025-11-27T14:41:58.077-0300] {dagbag.py:545} INFO - Filling up the DagBag from /Users/davispecia/Documents/GitHub/Pf_pipeline_dados/Projeto_final_fase3/venv/lib/python3.9/site-packages/airflow/example_dags/example_python_decorator.py
[2025-11-27T14:41:58.095-0300] {logging_mixin.py:188} INFO - [2025-11-27T14:41:58.095-0300] {example_python_decorator.py:80} WARNING - The virtalenv_python example task requires virtualenv, please install it.
[2025-11-27T14:41:58.096-0300] {processor.py:840} INFO - DAG(s) 'example_python_decorator' retrieved from /Users/davispecia/Documents/GitHub/Pf_pipeline_dados/Projeto_final_fase3/venv/lib/python3.9/site-packages/airflow/example_dags/example_python_decorator.py
[2025-11-27T14:41:58.172-0300] {logging_mixin.py:188} INFO - [2025-11-27T14:41:58.172-0300] {dag.py:3089} INFO - Sync 1 DAGs
[2025-11-27T14:41:58.177-0300] {logging_mixin.py:188} INFO - [2025-11-27T14:41:58.177-0300] {dag.py:3947} INFO - Setting next_dagrun for example_python_decorator to None, run_after=None
[2025-11-27T14:41:58.186-0300] {processor.py:183} INFO - Processing /Users/davispecia/Documents/GitHub/Pf_pipeline_dados/Projeto_final_fase3/venv/lib/python3.9/site-packages/airflow/example_dags/example_python_decorator.py took 0.113 seconds
[2025-11-27T14:44:03.021-0300] {processor.py:161} INFO - Started process (PID=9101) to work on /Users/davispecia/Documents/GitHub/Pf_pipeline_dados/Projeto_final_fase3/venv/lib/python3.9/site-packages/airflow/example_dags/example_python_decorator.py
[2025-11-27T14:44:03.021-0300] {processor.py:830} INFO - Processing file /Users/davispecia/Documents/GitHub/Pf_pipeline_dados/Projeto_final_fase3/venv/lib/python3.9/site-packages/airflow/example_dags/example_python_decorator.py for tasks to queue
[2025-11-27T14:44:03.022-0300] {logging_mixin.py:188} INFO - [2025-11-27T14:44:03.022-0300] {dagbag.py:545} INFO - Filling up the DagBag from /Users/davispecia/Documents/GitHub/Pf_pipeline_dados/Projeto_final_fase3/venv/lib/python3.9/site-packages/airflow/example_dags/example_python_decorator.py
[2025-11-27T14:44:03.040-0300] {logging_mixin.py:188} INFO - [2025-11-27T14:44:03.040-0300] {example_python_decorator.py:80} WARNING - The virtalenv_python example task requires virtualenv, please install it.
[2025-11-27T14:44:03.041-0300] {processor.py:840} INFO - DAG(s) 'example_python_decorator' retrieved from /Users/davispecia/Documents/GitHub/Pf_pipeline_dados/Projeto_final_fase3/venv/lib/python3.9/site-packages/airflow/example_dags/example_python_decorator.py
[2025-11-27T14:44:03.115-0300] {logging_mixin.py:188} INFO - [2025-11-27T14:44:03.114-0300] {dag.py:3089} INFO - Sync 1 DAGs
[2025-11-27T14:44:03.120-0300] {logging_mixin.py:188} INFO - [2025-11-27T14:44:03.120-0300] {dag.py:3947} INFO - Setting next_dagrun for example_python_decorator to None, run_after=None
[2025-11-27T14:44:03.129-0300] {processor.py:183} INFO - Processing /Users/davispecia/Documents/GitHub/Pf_pipeline_dados/Projeto_final_fase3/venv/lib/python3.9/site-packages/airflow/example_dags/example_python_decorator.py took 0.110 seconds
[2025-11-27T14:46:23.147-0300] {processor.py:161} INFO - Started process (PID=9518) to work on /Users/davispecia/Documents/GitHub/Pf_pipeline_dados/Projeto_final_fase3/venv/lib/python3.9/site-packages/airflow/example_dags/example_python_decorator.py
[2025-11-27T14:46:23.147-0300] {processor.py:830} INFO - Processing file /Users/davispecia/Documents/GitHub/Pf_pipeline_dados/Projeto_final_fase3/venv/lib/python3.9/site-packages/airflow/example_dags/example_python_decorator.py for tasks to queue
[2025-11-27T14:46:23.148-0300] {logging_mixin.py:188} INFO - [2025-11-27T14:46:23.148-0300] {dagbag.py:545} INFO - Filling up the DagBag from /Users/davispecia/Documents/GitHub/Pf_pipeline_dados/Projeto_final_fase3/venv/lib/python3.9/site-packages/airflow/example_dags/example_python_decorator.py
[2025-11-27T14:46:23.165-0300] {logging_mixin.py:188} INFO - [2025-11-27T14:46:23.165-0300] {example_python_decorator.py:80} WARNING - The virtalenv_python example task requires virtualenv, please install it.
[2025-11-27T14:46:23.166-0300] {processor.py:840} INFO - DAG(s) 'example_python_decorator' retrieved from /Users/davispecia/Documents/GitHub/Pf_pipeline_dados/Projeto_final_fase3/venv/lib/python3.9/site-packages/airflow/example_dags/example_python_decorator.py
[2025-11-27T14:46:23.236-0300] {logging_mixin.py:188} INFO - [2025-11-27T14:46:23.236-0300] {dag.py:3089} INFO - Sync 1 DAGs
[2025-11-27T14:46:23.242-0300] {logging_mixin.py:188} INFO - [2025-11-27T14:46:23.241-0300] {dag.py:3947} INFO - Setting next_dagrun for example_python_decorator to None, run_after=None
[2025-11-27T14:46:23.250-0300] {processor.py:183} INFO - Processing /Users/davispecia/Documents/GitHub/Pf_pipeline_dados/Projeto_final_fase3/venv/lib/python3.9/site-packages/airflow/example_dags/example_python_decorator.py took 0.105 seconds
[2025-11-27T14:48:30.842-0300] {processor.py:161} INFO - Started process (PID=9834) to work on /Users/davispecia/Documents/GitHub/Pf_pipeline_dados/Projeto_final_fase3/venv/lib/python3.9/site-packages/airflow/example_dags/example_python_decorator.py
[2025-11-27T14:48:30.843-0300] {processor.py:830} INFO - Processing file /Users/davispecia/Documents/GitHub/Pf_pipeline_dados/Projeto_final_fase3/venv/lib/python3.9/site-packages/airflow/example_dags/example_python_decorator.py for tasks to queue
[2025-11-27T14:48:30.843-0300] {logging_mixin.py:188} INFO - [2025-11-27T14:48:30.843-0300] {dagbag.py:545} INFO - Filling up the DagBag from /Users/davispecia/Documents/GitHub/Pf_pipeline_dados/Projeto_final_fase3/venv/lib/python3.9/site-packages/airflow/example_dags/example_python_decorator.py
[2025-11-27T14:48:30.861-0300] {logging_mixin.py:188} INFO - [2025-11-27T14:48:30.860-0300] {example_python_decorator.py:80} WARNING - The virtalenv_python example task requires virtualenv, please install it.
[2025-11-27T14:48:30.861-0300] {processor.py:840} INFO - DAG(s) 'example_python_decorator' retrieved from /Users/davispecia/Documents/GitHub/Pf_pipeline_dados/Projeto_final_fase3/venv/lib/python3.9/site-packages/airflow/example_dags/example_python_decorator.py
[2025-11-27T14:48:30.930-0300] {logging_mixin.py:188} INFO - [2025-11-27T14:48:30.930-0300] {dag.py:3089} INFO - Sync 1 DAGs
[2025-11-27T14:48:30.935-0300] {logging_mixin.py:188} INFO - [2025-11-27T14:48:30.935-0300] {dag.py:3947} INFO - Setting next_dagrun for example_python_decorator to None, run_after=None
[2025-11-27T14:48:30.944-0300] {processor.py:183} INFO - Processing /Users/davispecia/Documents/GitHub/Pf_pipeline_dados/Projeto_final_fase3/venv/lib/python3.9/site-packages/airflow/example_dags/example_python_decorator.py took 0.103 seconds
[2025-11-27T14:50:48.656-0300] {processor.py:161} INFO - Started process (PID=10234) to work on /Users/davispecia/Documents/GitHub/Pf_pipeline_dados/Projeto_final_fase3/venv/lib/python3.9/site-packages/airflow/example_dags/example_python_decorator.py
[2025-11-27T14:50:48.657-0300] {processor.py:830} INFO - Processing file /Users/davispecia/Documents/GitHub/Pf_pipeline_dados/Projeto_final_fase3/venv/lib/python3.9/site-packages/airflow/example_dags/example_python_decorator.py for tasks to queue
[2025-11-27T14:50:48.657-0300] {logging_mixin.py:188} INFO - [2025-11-27T14:50:48.657-0300] {dagbag.py:545} INFO - Filling up the DagBag from /Users/davispecia/Documents/GitHub/Pf_pipeline_dados/Projeto_final_fase3/venv/lib/python3.9/site-packages/airflow/example_dags/example_python_decorator.py
[2025-11-27T14:50:48.674-0300] {logging_mixin.py:188} INFO - [2025-11-27T14:50:48.674-0300] {example_python_decorator.py:80} WARNING - The virtalenv_python example task requires virtualenv, please install it.
[2025-11-27T14:50:48.675-0300] {processor.py:840} INFO - DAG(s) 'example_python_decorator' retrieved from /Users/davispecia/Documents/GitHub/Pf_pipeline_dados/Projeto_final_fase3/venv/lib/python3.9/site-packages/airflow/example_dags/example_python_decorator.py
[2025-11-27T14:50:48.744-0300] {logging_mixin.py:188} INFO - [2025-11-27T14:50:48.744-0300] {dag.py:3089} INFO - Sync 1 DAGs
[2025-11-27T14:50:48.749-0300] {logging_mixin.py:188} INFO - [2025-11-27T14:50:48.749-0300] {dag.py:3947} INFO - Setting next_dagrun for example_python_decorator to None, run_after=None
[2025-11-27T14:50:48.758-0300] {processor.py:183} INFO - Processing /Users/davispecia/Documents/GitHub/Pf_pipeline_dados/Projeto_final_fase3/venv/lib/python3.9/site-packages/airflow/example_dags/example_python_decorator.py took 0.104 seconds
[2025-11-27T14:52:57.302-0300] {processor.py:161} INFO - Started process (PID=10554) to work on /Users/davispecia/Documents/GitHub/Pf_pipeline_dados/Projeto_final_fase3/venv/lib/python3.9/site-packages/airflow/example_dags/example_python_decorator.py
[2025-11-27T14:52:57.303-0300] {processor.py:830} INFO - Processing file /Users/davispecia/Documents/GitHub/Pf_pipeline_dados/Projeto_final_fase3/venv/lib/python3.9/site-packages/airflow/example_dags/example_python_decorator.py for tasks to queue
[2025-11-27T14:52:57.303-0300] {logging_mixin.py:188} INFO - [2025-11-27T14:52:57.303-0300] {dagbag.py:545} INFO - Filling up the DagBag from /Users/davispecia/Documents/GitHub/Pf_pipeline_dados/Projeto_final_fase3/venv/lib/python3.9/site-packages/airflow/example_dags/example_python_decorator.py
[2025-11-27T14:52:57.320-0300] {logging_mixin.py:188} INFO - [2025-11-27T14:52:57.320-0300] {example_python_decorator.py:80} WARNING - The virtalenv_python example task requires virtualenv, please install it.
[2025-11-27T14:52:57.321-0300] {processor.py:840} INFO - DAG(s) 'example_python_decorator' retrieved from /Users/davispecia/Documents/GitHub/Pf_pipeline_dados/Projeto_final_fase3/venv/lib/python3.9/site-packages/airflow/example_dags/example_python_decorator.py
[2025-11-27T14:52:57.389-0300] {logging_mixin.py:188} INFO - [2025-11-27T14:52:57.389-0300] {dag.py:3089} INFO - Sync 1 DAGs
[2025-11-27T14:52:57.394-0300] {logging_mixin.py:188} INFO - [2025-11-27T14:52:57.394-0300] {dag.py:3947} INFO - Setting next_dagrun for example_python_decorator to None, run_after=None
[2025-11-27T14:52:57.403-0300] {processor.py:183} INFO - Processing /Users/davispecia/Documents/GitHub/Pf_pipeline_dados/Projeto_final_fase3/venv/lib/python3.9/site-packages/airflow/example_dags/example_python_decorator.py took 0.103 seconds
[2025-11-27T14:55:00.089-0300] {processor.py:161} INFO - Started process (PID=10851) to work on /Users/davispecia/Documents/GitHub/Pf_pipeline_dados/Projeto_final_fase3/venv/lib/python3.9/site-packages/airflow/example_dags/example_python_decorator.py
[2025-11-27T14:55:00.089-0300] {processor.py:830} INFO - Processing file /Users/davispecia/Documents/GitHub/Pf_pipeline_dados/Projeto_final_fase3/venv/lib/python3.9/site-packages/airflow/example_dags/example_python_decorator.py for tasks to queue
[2025-11-27T14:55:00.090-0300] {logging_mixin.py:188} INFO - [2025-11-27T14:55:00.090-0300] {dagbag.py:545} INFO - Filling up the DagBag from /Users/davispecia/Documents/GitHub/Pf_pipeline_dados/Projeto_final_fase3/venv/lib/python3.9/site-packages/airflow/example_dags/example_python_decorator.py
[2025-11-27T14:55:00.107-0300] {logging_mixin.py:188} INFO - [2025-11-27T14:55:00.107-0300] {example_python_decorator.py:80} WARNING - The virtalenv_python example task requires virtualenv, please install it.
[2025-11-27T14:55:00.108-0300] {processor.py:840} INFO - DAG(s) 'example_python_decorator' retrieved from /Users/davispecia/Documents/GitHub/Pf_pipeline_dados/Projeto_final_fase3/venv/lib/python3.9/site-packages/airflow/example_dags/example_python_decorator.py
[2025-11-27T14:55:00.179-0300] {logging_mixin.py:188} INFO - [2025-11-27T14:55:00.178-0300] {dag.py:3089} INFO - Sync 1 DAGs
[2025-11-27T14:55:00.184-0300] {logging_mixin.py:188} INFO - [2025-11-27T14:55:00.184-0300] {dag.py:3947} INFO - Setting next_dagrun for example_python_decorator to None, run_after=None
[2025-11-27T14:55:00.196-0300] {processor.py:183} INFO - Processing /Users/davispecia/Documents/GitHub/Pf_pipeline_dados/Projeto_final_fase3/venv/lib/python3.9/site-packages/airflow/example_dags/example_python_decorator.py took 0.109 seconds
[2025-11-27T14:57:13.743-0300] {processor.py:161} INFO - Started process (PID=11243) to work on /Users/davispecia/Documents/GitHub/Pf_pipeline_dados/Projeto_final_fase3/venv/lib/python3.9/site-packages/airflow/example_dags/example_python_decorator.py
[2025-11-27T14:57:13.743-0300] {processor.py:830} INFO - Processing file /Users/davispecia/Documents/GitHub/Pf_pipeline_dados/Projeto_final_fase3/venv/lib/python3.9/site-packages/airflow/example_dags/example_python_decorator.py for tasks to queue
[2025-11-27T14:57:13.744-0300] {logging_mixin.py:188} INFO - [2025-11-27T14:57:13.743-0300] {dagbag.py:545} INFO - Filling up the DagBag from /Users/davispecia/Documents/GitHub/Pf_pipeline_dados/Projeto_final_fase3/venv/lib/python3.9/site-packages/airflow/example_dags/example_python_decorator.py
[2025-11-27T14:57:13.762-0300] {logging_mixin.py:188} INFO - [2025-11-27T14:57:13.761-0300] {example_python_decorator.py:80} WARNING - The virtalenv_python example task requires virtualenv, please install it.
[2025-11-27T14:57:13.763-0300] {processor.py:840} INFO - DAG(s) 'example_python_decorator' retrieved from /Users/davispecia/Documents/GitHub/Pf_pipeline_dados/Projeto_final_fase3/venv/lib/python3.9/site-packages/airflow/example_dags/example_python_decorator.py
[2025-11-27T14:57:13.834-0300] {logging_mixin.py:188} INFO - [2025-11-27T14:57:13.834-0300] {dag.py:3089} INFO - Sync 1 DAGs
[2025-11-27T14:57:13.840-0300] {logging_mixin.py:188} INFO - [2025-11-27T14:57:13.840-0300] {dag.py:3947} INFO - Setting next_dagrun for example_python_decorator to None, run_after=None
[2025-11-27T14:57:13.849-0300] {processor.py:183} INFO - Processing /Users/davispecia/Documents/GitHub/Pf_pipeline_dados/Projeto_final_fase3/venv/lib/python3.9/site-packages/airflow/example_dags/example_python_decorator.py took 0.108 seconds
[2025-11-27T14:59:21.768-0300] {processor.py:161} INFO - Started process (PID=11547) to work on /Users/davispecia/Documents/GitHub/Pf_pipeline_dados/Projeto_final_fase3/venv/lib/python3.9/site-packages/airflow/example_dags/example_python_decorator.py
[2025-11-27T14:59:21.769-0300] {processor.py:830} INFO - Processing file /Users/davispecia/Documents/GitHub/Pf_pipeline_dados/Projeto_final_fase3/venv/lib/python3.9/site-packages/airflow/example_dags/example_python_decorator.py for tasks to queue
[2025-11-27T14:59:21.769-0300] {logging_mixin.py:188} INFO - [2025-11-27T14:59:21.769-0300] {dagbag.py:545} INFO - Filling up the DagBag from /Users/davispecia/Documents/GitHub/Pf_pipeline_dados/Projeto_final_fase3/venv/lib/python3.9/site-packages/airflow/example_dags/example_python_decorator.py
[2025-11-27T14:59:21.786-0300] {logging_mixin.py:188} INFO - [2025-11-27T14:59:21.786-0300] {example_python_decorator.py:80} WARNING - The virtalenv_python example task requires virtualenv, please install it.
[2025-11-27T14:59:21.787-0300] {processor.py:840} INFO - DAG(s) 'example_python_decorator' retrieved from /Users/davispecia/Documents/GitHub/Pf_pipeline_dados/Projeto_final_fase3/venv/lib/python3.9/site-packages/airflow/example_dags/example_python_decorator.py
[2025-11-27T14:59:21.858-0300] {logging_mixin.py:188} INFO - [2025-11-27T14:59:21.858-0300] {dag.py:3089} INFO - Sync 1 DAGs
[2025-11-27T14:59:21.863-0300] {logging_mixin.py:188} INFO - [2025-11-27T14:59:21.863-0300] {dag.py:3947} INFO - Setting next_dagrun for example_python_decorator to None, run_after=None
[2025-11-27T14:59:21.873-0300] {processor.py:183} INFO - Processing /Users/davispecia/Documents/GitHub/Pf_pipeline_dados/Projeto_final_fase3/venv/lib/python3.9/site-packages/airflow/example_dags/example_python_decorator.py took 0.107 seconds
[2025-11-27T15:01:35.727-0300] {processor.py:161} INFO - Started process (PID=11925) to work on /Users/davispecia/Documents/GitHub/Pf_pipeline_dados/Projeto_final_fase3/venv/lib/python3.9/site-packages/airflow/example_dags/example_python_decorator.py
[2025-11-27T15:01:35.728-0300] {processor.py:830} INFO - Processing file /Users/davispecia/Documents/GitHub/Pf_pipeline_dados/Projeto_final_fase3/venv/lib/python3.9/site-packages/airflow/example_dags/example_python_decorator.py for tasks to queue
[2025-11-27T15:01:35.728-0300] {logging_mixin.py:188} INFO - [2025-11-27T15:01:35.728-0300] {dagbag.py:545} INFO - Filling up the DagBag from /Users/davispecia/Documents/GitHub/Pf_pipeline_dados/Projeto_final_fase3/venv/lib/python3.9/site-packages/airflow/example_dags/example_python_decorator.py
[2025-11-27T15:01:35.745-0300] {logging_mixin.py:188} INFO - [2025-11-27T15:01:35.745-0300] {example_python_decorator.py:80} WARNING - The virtalenv_python example task requires virtualenv, please install it.
[2025-11-27T15:01:35.746-0300] {processor.py:840} INFO - DAG(s) 'example_python_decorator' retrieved from /Users/davispecia/Documents/GitHub/Pf_pipeline_dados/Projeto_final_fase3/venv/lib/python3.9/site-packages/airflow/example_dags/example_python_decorator.py
[2025-11-27T15:01:35.816-0300] {logging_mixin.py:188} INFO - [2025-11-27T15:01:35.815-0300] {dag.py:3089} INFO - Sync 1 DAGs
[2025-11-27T15:01:35.821-0300] {logging_mixin.py:188} INFO - [2025-11-27T15:01:35.821-0300] {dag.py:3947} INFO - Setting next_dagrun for example_python_decorator to None, run_after=None
[2025-11-27T15:01:35.830-0300] {processor.py:183} INFO - Processing /Users/davispecia/Documents/GitHub/Pf_pipeline_dados/Projeto_final_fase3/venv/lib/python3.9/site-packages/airflow/example_dags/example_python_decorator.py took 0.104 seconds
[2025-11-27T15:03:43.670-0300] {processor.py:161} INFO - Started process (PID=12232) to work on /Users/davispecia/Documents/GitHub/Pf_pipeline_dados/Projeto_final_fase3/venv/lib/python3.9/site-packages/airflow/example_dags/example_python_decorator.py
[2025-11-27T15:03:43.670-0300] {processor.py:830} INFO - Processing file /Users/davispecia/Documents/GitHub/Pf_pipeline_dados/Projeto_final_fase3/venv/lib/python3.9/site-packages/airflow/example_dags/example_python_decorator.py for tasks to queue
[2025-11-27T15:03:43.671-0300] {logging_mixin.py:188} INFO - [2025-11-27T15:03:43.671-0300] {dagbag.py:545} INFO - Filling up the DagBag from /Users/davispecia/Documents/GitHub/Pf_pipeline_dados/Projeto_final_fase3/venv/lib/python3.9/site-packages/airflow/example_dags/example_python_decorator.py
[2025-11-27T15:03:43.688-0300] {logging_mixin.py:188} INFO - [2025-11-27T15:03:43.688-0300] {example_python_decorator.py:80} WARNING - The virtalenv_python example task requires virtualenv, please install it.
[2025-11-27T15:03:43.689-0300] {processor.py:840} INFO - DAG(s) 'example_python_decorator' retrieved from /Users/davispecia/Documents/GitHub/Pf_pipeline_dados/Projeto_final_fase3/venv/lib/python3.9/site-packages/airflow/example_dags/example_python_decorator.py
[2025-11-27T15:03:43.759-0300] {logging_mixin.py:188} INFO - [2025-11-27T15:03:43.759-0300] {dag.py:3089} INFO - Sync 1 DAGs
[2025-11-27T15:03:43.765-0300] {logging_mixin.py:188} INFO - [2025-11-27T15:03:43.765-0300] {dag.py:3947} INFO - Setting next_dagrun for example_python_decorator to None, run_after=None
[2025-11-27T15:03:43.774-0300] {processor.py:183} INFO - Processing /Users/davispecia/Documents/GitHub/Pf_pipeline_dados/Projeto_final_fase3/venv/lib/python3.9/site-packages/airflow/example_dags/example_python_decorator.py took 0.106 seconds
[2025-11-27T15:05:50.415-0300] {processor.py:161} INFO - Started process (PID=12535) to work on /Users/davispecia/Documents/GitHub/Pf_pipeline_dados/Projeto_final_fase3/venv/lib/python3.9/site-packages/airflow/example_dags/example_python_decorator.py
[2025-11-27T15:05:50.415-0300] {processor.py:830} INFO - Processing file /Users/davispecia/Documents/GitHub/Pf_pipeline_dados/Projeto_final_fase3/venv/lib/python3.9/site-packages/airflow/example_dags/example_python_decorator.py for tasks to queue
[2025-11-27T15:05:50.416-0300] {logging_mixin.py:188} INFO - [2025-11-27T15:05:50.416-0300] {dagbag.py:545} INFO - Filling up the DagBag from /Users/davispecia/Documents/GitHub/Pf_pipeline_dados/Projeto_final_fase3/venv/lib/python3.9/site-packages/airflow/example_dags/example_python_decorator.py
[2025-11-27T15:05:50.432-0300] {logging_mixin.py:188} INFO - [2025-11-27T15:05:50.432-0300] {example_python_decorator.py:80} WARNING - The virtalenv_python example task requires virtualenv, please install it.
[2025-11-27T15:05:50.433-0300] {processor.py:840} INFO - DAG(s) 'example_python_decorator' retrieved from /Users/davispecia/Documents/GitHub/Pf_pipeline_dados/Projeto_final_fase3/venv/lib/python3.9/site-packages/airflow/example_dags/example_python_decorator.py
[2025-11-27T15:05:50.502-0300] {logging_mixin.py:188} INFO - [2025-11-27T15:05:50.501-0300] {dag.py:3089} INFO - Sync 1 DAGs
[2025-11-27T15:05:50.507-0300] {logging_mixin.py:188} INFO - [2025-11-27T15:05:50.507-0300] {dag.py:3947} INFO - Setting next_dagrun for example_python_decorator to None, run_after=None
[2025-11-27T15:05:50.515-0300] {processor.py:183} INFO - Processing /Users/davispecia/Documents/GitHub/Pf_pipeline_dados/Projeto_final_fase3/venv/lib/python3.9/site-packages/airflow/example_dags/example_python_decorator.py took 0.103 seconds
[2025-11-27T15:08:06.971-0300] {processor.py:161} INFO - Started process (PID=12919) to work on /Users/davispecia/Documents/GitHub/Pf_pipeline_dados/Projeto_final_fase3/venv/lib/python3.9/site-packages/airflow/example_dags/example_python_decorator.py
[2025-11-27T15:08:06.972-0300] {processor.py:830} INFO - Processing file /Users/davispecia/Documents/GitHub/Pf_pipeline_dados/Projeto_final_fase3/venv/lib/python3.9/site-packages/airflow/example_dags/example_python_decorator.py for tasks to queue
[2025-11-27T15:08:06.972-0300] {logging_mixin.py:188} INFO - [2025-11-27T15:08:06.972-0300] {dagbag.py:545} INFO - Filling up the DagBag from /Users/davispecia/Documents/GitHub/Pf_pipeline_dados/Projeto_final_fase3/venv/lib/python3.9/site-packages/airflow/example_dags/example_python_decorator.py
[2025-11-27T15:08:06.990-0300] {logging_mixin.py:188} INFO - [2025-11-27T15:08:06.990-0300] {example_python_decorator.py:80} WARNING - The virtalenv_python example task requires virtualenv, please install it.
[2025-11-27T15:08:06.991-0300] {processor.py:840} INFO - DAG(s) 'example_python_decorator' retrieved from /Users/davispecia/Documents/GitHub/Pf_pipeline_dados/Projeto_final_fase3/venv/lib/python3.9/site-packages/airflow/example_dags/example_python_decorator.py
[2025-11-27T15:08:07.059-0300] {logging_mixin.py:188} INFO - [2025-11-27T15:08:07.059-0300] {dag.py:3089} INFO - Sync 1 DAGs
[2025-11-27T15:08:07.064-0300] {logging_mixin.py:188} INFO - [2025-11-27T15:08:07.064-0300] {dag.py:3947} INFO - Setting next_dagrun for example_python_decorator to None, run_after=None
[2025-11-27T15:08:07.073-0300] {processor.py:183} INFO - Processing /Users/davispecia/Documents/GitHub/Pf_pipeline_dados/Projeto_final_fase3/venv/lib/python3.9/site-packages/airflow/example_dags/example_python_decorator.py took 0.103 seconds
[2025-11-27T15:10:13.595-0300] {processor.py:161} INFO - Started process (PID=13223) to work on /Users/davispecia/Documents/GitHub/Pf_pipeline_dados/Projeto_final_fase3/venv/lib/python3.9/site-packages/airflow/example_dags/example_python_decorator.py
[2025-11-27T15:10:13.596-0300] {processor.py:830} INFO - Processing file /Users/davispecia/Documents/GitHub/Pf_pipeline_dados/Projeto_final_fase3/venv/lib/python3.9/site-packages/airflow/example_dags/example_python_decorator.py for tasks to queue
[2025-11-27T15:10:13.596-0300] {logging_mixin.py:188} INFO - [2025-11-27T15:10:13.596-0300] {dagbag.py:545} INFO - Filling up the DagBag from /Users/davispecia/Documents/GitHub/Pf_pipeline_dados/Projeto_final_fase3/venv/lib/python3.9/site-packages/airflow/example_dags/example_python_decorator.py
[2025-11-27T15:10:13.614-0300] {logging_mixin.py:188} INFO - [2025-11-27T15:10:13.613-0300] {example_python_decorator.py:80} WARNING - The virtalenv_python example task requires virtualenv, please install it.
[2025-11-27T15:10:13.615-0300] {processor.py:840} INFO - DAG(s) 'example_python_decorator' retrieved from /Users/davispecia/Documents/GitHub/Pf_pipeline_dados/Projeto_final_fase3/venv/lib/python3.9/site-packages/airflow/example_dags/example_python_decorator.py
[2025-11-27T15:10:13.692-0300] {logging_mixin.py:188} INFO - [2025-11-27T15:10:13.692-0300] {dag.py:3089} INFO - Sync 1 DAGs
[2025-11-27T15:10:13.698-0300] {logging_mixin.py:188} INFO - [2025-11-27T15:10:13.698-0300] {dag.py:3947} INFO - Setting next_dagrun for example_python_decorator to None, run_after=None
[2025-11-27T15:10:13.707-0300] {processor.py:183} INFO - Processing /Users/davispecia/Documents/GitHub/Pf_pipeline_dados/Projeto_final_fase3/venv/lib/python3.9/site-packages/airflow/example_dags/example_python_decorator.py took 0.114 seconds
[2025-11-27T15:12:20.060-0300] {processor.py:161} INFO - Started process (PID=13599) to work on /Users/davispecia/Documents/GitHub/Pf_pipeline_dados/Projeto_final_fase3/venv/lib/python3.9/site-packages/airflow/example_dags/example_python_decorator.py
[2025-11-27T15:12:20.060-0300] {processor.py:830} INFO - Processing file /Users/davispecia/Documents/GitHub/Pf_pipeline_dados/Projeto_final_fase3/venv/lib/python3.9/site-packages/airflow/example_dags/example_python_decorator.py for tasks to queue
[2025-11-27T15:12:20.061-0300] {logging_mixin.py:188} INFO - [2025-11-27T15:12:20.060-0300] {dagbag.py:545} INFO - Filling up the DagBag from /Users/davispecia/Documents/GitHub/Pf_pipeline_dados/Projeto_final_fase3/venv/lib/python3.9/site-packages/airflow/example_dags/example_python_decorator.py
[2025-11-27T15:12:20.080-0300] {logging_mixin.py:188} INFO - [2025-11-27T15:12:20.080-0300] {example_python_decorator.py:80} WARNING - The virtalenv_python example task requires virtualenv, please install it.
[2025-11-27T15:12:20.081-0300] {processor.py:840} INFO - DAG(s) 'example_python_decorator' retrieved from /Users/davispecia/Documents/GitHub/Pf_pipeline_dados/Projeto_final_fase3/venv/lib/python3.9/site-packages/airflow/example_dags/example_python_decorator.py
[2025-11-27T15:12:20.156-0300] {logging_mixin.py:188} INFO - [2025-11-27T15:12:20.155-0300] {dag.py:3089} INFO - Sync 1 DAGs
[2025-11-27T15:12:20.161-0300] {logging_mixin.py:188} INFO - [2025-11-27T15:12:20.161-0300] {dag.py:3947} INFO - Setting next_dagrun for example_python_decorator to None, run_after=None
[2025-11-27T15:12:20.170-0300] {processor.py:183} INFO - Processing /Users/davispecia/Documents/GitHub/Pf_pipeline_dados/Projeto_final_fase3/venv/lib/python3.9/site-packages/airflow/example_dags/example_python_decorator.py took 0.112 seconds
[2025-11-27T15:14:26.840-0300] {processor.py:161} INFO - Started process (PID=13985) to work on /Users/davispecia/Documents/GitHub/Pf_pipeline_dados/Projeto_final_fase3/venv/lib/python3.9/site-packages/airflow/example_dags/example_python_decorator.py
[2025-11-27T15:14:26.841-0300] {processor.py:830} INFO - Processing file /Users/davispecia/Documents/GitHub/Pf_pipeline_dados/Projeto_final_fase3/venv/lib/python3.9/site-packages/airflow/example_dags/example_python_decorator.py for tasks to queue
[2025-11-27T15:14:26.841-0300] {logging_mixin.py:188} INFO - [2025-11-27T15:14:26.841-0300] {dagbag.py:545} INFO - Filling up the DagBag from /Users/davispecia/Documents/GitHub/Pf_pipeline_dados/Projeto_final_fase3/venv/lib/python3.9/site-packages/airflow/example_dags/example_python_decorator.py
[2025-11-27T15:14:26.860-0300] {logging_mixin.py:188} INFO - [2025-11-27T15:14:26.860-0300] {example_python_decorator.py:80} WARNING - The virtalenv_python example task requires virtualenv, please install it.
[2025-11-27T15:14:26.861-0300] {processor.py:840} INFO - DAG(s) 'example_python_decorator' retrieved from /Users/davispecia/Documents/GitHub/Pf_pipeline_dados/Projeto_final_fase3/venv/lib/python3.9/site-packages/airflow/example_dags/example_python_decorator.py
[2025-11-27T15:14:26.936-0300] {logging_mixin.py:188} INFO - [2025-11-27T15:14:26.936-0300] {dag.py:3089} INFO - Sync 1 DAGs
[2025-11-27T15:14:26.941-0300] {logging_mixin.py:188} INFO - [2025-11-27T15:14:26.941-0300] {dag.py:3947} INFO - Setting next_dagrun for example_python_decorator to None, run_after=None
[2025-11-27T15:14:26.952-0300] {processor.py:183} INFO - Processing /Users/davispecia/Documents/GitHub/Pf_pipeline_dados/Projeto_final_fase3/venv/lib/python3.9/site-packages/airflow/example_dags/example_python_decorator.py took 0.115 seconds
[2025-11-27T15:16:25.006-0300] {processor.py:161} INFO - Started process (PID=14270) to work on /Users/davispecia/Documents/GitHub/Pf_pipeline_dados/Projeto_final_fase3/venv/lib/python3.9/site-packages/airflow/example_dags/example_python_decorator.py
[2025-11-27T15:16:25.007-0300] {processor.py:830} INFO - Processing file /Users/davispecia/Documents/GitHub/Pf_pipeline_dados/Projeto_final_fase3/venv/lib/python3.9/site-packages/airflow/example_dags/example_python_decorator.py for tasks to queue
[2025-11-27T15:16:25.007-0300] {logging_mixin.py:188} INFO - [2025-11-27T15:16:25.007-0300] {dagbag.py:545} INFO - Filling up the DagBag from /Users/davispecia/Documents/GitHub/Pf_pipeline_dados/Projeto_final_fase3/venv/lib/python3.9/site-packages/airflow/example_dags/example_python_decorator.py
[2025-11-27T15:16:25.024-0300] {logging_mixin.py:188} INFO - [2025-11-27T15:16:25.024-0300] {example_python_decorator.py:80} WARNING - The virtalenv_python example task requires virtualenv, please install it.
[2025-11-27T15:16:25.025-0300] {processor.py:840} INFO - DAG(s) 'example_python_decorator' retrieved from /Users/davispecia/Documents/GitHub/Pf_pipeline_dados/Projeto_final_fase3/venv/lib/python3.9/site-packages/airflow/example_dags/example_python_decorator.py
[2025-11-27T15:16:25.093-0300] {logging_mixin.py:188} INFO - [2025-11-27T15:16:25.093-0300] {dag.py:3089} INFO - Sync 1 DAGs
[2025-11-27T15:16:25.098-0300] {logging_mixin.py:188} INFO - [2025-11-27T15:16:25.098-0300] {dag.py:3947} INFO - Setting next_dagrun for example_python_decorator to None, run_after=None
[2025-11-27T15:16:25.107-0300] {processor.py:183} INFO - Processing /Users/davispecia/Documents/GitHub/Pf_pipeline_dados/Projeto_final_fase3/venv/lib/python3.9/site-packages/airflow/example_dags/example_python_decorator.py took 0.102 seconds
[2025-11-27T15:18:36.733-0300] {processor.py:161} INFO - Started process (PID=14652) to work on /Users/davispecia/Documents/GitHub/Pf_pipeline_dados/Projeto_final_fase3/venv/lib/python3.9/site-packages/airflow/example_dags/example_python_decorator.py
[2025-11-27T15:18:36.733-0300] {processor.py:830} INFO - Processing file /Users/davispecia/Documents/GitHub/Pf_pipeline_dados/Projeto_final_fase3/venv/lib/python3.9/site-packages/airflow/example_dags/example_python_decorator.py for tasks to queue
[2025-11-27T15:18:36.733-0300] {logging_mixin.py:188} INFO - [2025-11-27T15:18:36.733-0300] {dagbag.py:545} INFO - Filling up the DagBag from /Users/davispecia/Documents/GitHub/Pf_pipeline_dados/Projeto_final_fase3/venv/lib/python3.9/site-packages/airflow/example_dags/example_python_decorator.py
[2025-11-27T15:18:36.751-0300] {logging_mixin.py:188} INFO - [2025-11-27T15:18:36.751-0300] {example_python_decorator.py:80} WARNING - The virtalenv_python example task requires virtualenv, please install it.
[2025-11-27T15:18:36.752-0300] {processor.py:840} INFO - DAG(s) 'example_python_decorator' retrieved from /Users/davispecia/Documents/GitHub/Pf_pipeline_dados/Projeto_final_fase3/venv/lib/python3.9/site-packages/airflow/example_dags/example_python_decorator.py
[2025-11-27T15:18:36.820-0300] {logging_mixin.py:188} INFO - [2025-11-27T15:18:36.820-0300] {dag.py:3089} INFO - Sync 1 DAGs
[2025-11-27T15:18:36.825-0300] {logging_mixin.py:188} INFO - [2025-11-27T15:18:36.825-0300] {dag.py:3947} INFO - Setting next_dagrun for example_python_decorator to None, run_after=None
[2025-11-27T15:18:36.834-0300] {processor.py:183} INFO - Processing /Users/davispecia/Documents/GitHub/Pf_pipeline_dados/Projeto_final_fase3/venv/lib/python3.9/site-packages/airflow/example_dags/example_python_decorator.py took 0.103 seconds
[2025-11-27T15:24:11.945-0300] {processor.py:161} INFO - Started process (PID=15005) to work on /Users/davispecia/Documents/GitHub/Pf_pipeline_dados/Projeto_final_fase3/venv/lib/python3.9/site-packages/airflow/example_dags/example_python_decorator.py
[2025-11-27T15:24:11.945-0300] {processor.py:830} INFO - Processing file /Users/davispecia/Documents/GitHub/Pf_pipeline_dados/Projeto_final_fase3/venv/lib/python3.9/site-packages/airflow/example_dags/example_python_decorator.py for tasks to queue
[2025-11-27T15:24:11.945-0300] {logging_mixin.py:188} INFO - [2025-11-27T15:24:11.945-0300] {dagbag.py:545} INFO - Filling up the DagBag from /Users/davispecia/Documents/GitHub/Pf_pipeline_dados/Projeto_final_fase3/venv/lib/python3.9/site-packages/airflow/example_dags/example_python_decorator.py
[2025-11-27T15:24:11.963-0300] {logging_mixin.py:188} INFO - [2025-11-27T15:24:11.963-0300] {example_python_decorator.py:80} WARNING - The virtalenv_python example task requires virtualenv, please install it.
[2025-11-27T15:24:11.964-0300] {processor.py:840} INFO - DAG(s) 'example_python_decorator' retrieved from /Users/davispecia/Documents/GitHub/Pf_pipeline_dados/Projeto_final_fase3/venv/lib/python3.9/site-packages/airflow/example_dags/example_python_decorator.py
[2025-11-27T15:24:12.033-0300] {logging_mixin.py:188} INFO - [2025-11-27T15:24:12.033-0300] {dag.py:3089} INFO - Sync 1 DAGs
[2025-11-27T15:24:12.038-0300] {logging_mixin.py:188} INFO - [2025-11-27T15:24:12.038-0300] {dag.py:3947} INFO - Setting next_dagrun for example_python_decorator to None, run_after=None
[2025-11-27T15:24:12.047-0300] {processor.py:183} INFO - Processing /Users/davispecia/Documents/GitHub/Pf_pipeline_dados/Projeto_final_fase3/venv/lib/python3.9/site-packages/airflow/example_dags/example_python_decorator.py took 0.104 seconds
[2025-11-27T15:26:25.683-0300] {processor.py:161} INFO - Started process (PID=15392) to work on /Users/davispecia/Documents/GitHub/Pf_pipeline_dados/Projeto_final_fase3/venv/lib/python3.9/site-packages/airflow/example_dags/example_python_decorator.py
[2025-11-27T15:26:25.684-0300] {processor.py:830} INFO - Processing file /Users/davispecia/Documents/GitHub/Pf_pipeline_dados/Projeto_final_fase3/venv/lib/python3.9/site-packages/airflow/example_dags/example_python_decorator.py for tasks to queue
[2025-11-27T15:26:25.684-0300] {logging_mixin.py:188} INFO - [2025-11-27T15:26:25.684-0300] {dagbag.py:545} INFO - Filling up the DagBag from /Users/davispecia/Documents/GitHub/Pf_pipeline_dados/Projeto_final_fase3/venv/lib/python3.9/site-packages/airflow/example_dags/example_python_decorator.py
[2025-11-27T15:26:25.702-0300] {logging_mixin.py:188} INFO - [2025-11-27T15:26:25.702-0300] {example_python_decorator.py:80} WARNING - The virtalenv_python example task requires virtualenv, please install it.
[2025-11-27T15:26:25.703-0300] {processor.py:840} INFO - DAG(s) 'example_python_decorator' retrieved from /Users/davispecia/Documents/GitHub/Pf_pipeline_dados/Projeto_final_fase3/venv/lib/python3.9/site-packages/airflow/example_dags/example_python_decorator.py
[2025-11-27T15:26:25.772-0300] {logging_mixin.py:188} INFO - [2025-11-27T15:26:25.772-0300] {dag.py:3089} INFO - Sync 1 DAGs
[2025-11-27T15:26:25.778-0300] {logging_mixin.py:188} INFO - [2025-11-27T15:26:25.778-0300] {dag.py:3947} INFO - Setting next_dagrun for example_python_decorator to None, run_after=None
[2025-11-27T15:26:25.786-0300] {processor.py:183} INFO - Processing /Users/davispecia/Documents/GitHub/Pf_pipeline_dados/Projeto_final_fase3/venv/lib/python3.9/site-packages/airflow/example_dags/example_python_decorator.py took 0.106 seconds
