[2025-11-27T11:12:44.084-0300] {processor.py:161} INFO - Started process (PID=88946) to work on /Users/davispecia/Documents/GitHub/Pf_pipeline_dados/Projeto_final_fase3/venv/lib/python3.9/site-packages/airflow/example_dags/example_latest_only_with_trigger.py
[2025-11-27T11:12:44.085-0300] {processor.py:830} INFO - Processing file /Users/davispecia/Documents/GitHub/Pf_pipeline_dados/Projeto_final_fase3/venv/lib/python3.9/site-packages/airflow/example_dags/example_latest_only_with_trigger.py for tasks to queue
[2025-11-27T11:12:44.085-0300] {logging_mixin.py:188} INFO - [2025-11-27T11:12:44.085-0300] {dagbag.py:545} INFO - Filling up the DagBag from /Users/davispecia/Documents/GitHub/Pf_pipeline_dados/Projeto_final_fase3/venv/lib/python3.9/site-packages/airflow/example_dags/example_latest_only_with_trigger.py
[2025-11-27T11:12:44.090-0300] {processor.py:840} INFO - DAG(s) 'latest_only_with_trigger' retrieved from /Users/davispecia/Documents/GitHub/Pf_pipeline_dados/Projeto_final_fase3/venv/lib/python3.9/site-packages/airflow/example_dags/example_latest_only_with_trigger.py
[2025-11-27T11:12:44.201-0300] {logging_mixin.py:188} INFO - [2025-11-27T11:12:44.201-0300] {override.py:1858} INFO - Created Permission View: can read on DAG:latest_only_with_trigger
[2025-11-27T11:12:44.205-0300] {logging_mixin.py:188} INFO - [2025-11-27T11:12:44.204-0300] {override.py:1858} INFO - Created Permission View: can delete on DAG:latest_only_with_trigger
[2025-11-27T11:12:44.207-0300] {logging_mixin.py:188} INFO - [2025-11-27T11:12:44.207-0300] {override.py:1858} INFO - Created Permission View: can edit on DAG:latest_only_with_trigger
[2025-11-27T11:12:44.207-0300] {logging_mixin.py:188} INFO - [2025-11-27T11:12:44.207-0300] {dag.py:3089} INFO - Sync 1 DAGs
[2025-11-27T11:12:44.212-0300] {logging_mixin.py:188} INFO - [2025-11-27T11:12:44.212-0300] {dag.py:3111} INFO - Creating ORM DAG for latest_only_with_trigger
[2025-11-27T11:12:44.217-0300] {logging_mixin.py:188} INFO - [2025-11-27T11:12:44.216-0300] {dag.py:3947} INFO - Setting next_dagrun for latest_only_with_trigger to 2025-11-27 08:00:00+00:00, run_after=2025-11-27 12:00:00+00:00
[2025-11-27T11:12:44.225-0300] {processor.py:183} INFO - Processing /Users/davispecia/Documents/GitHub/Pf_pipeline_dados/Projeto_final_fase3/venv/lib/python3.9/site-packages/airflow/example_dags/example_latest_only_with_trigger.py took 0.142 seconds
[2025-11-27T11:14:24.951-0300] {processor.py:161} INFO - Started process (PID=89566) to work on /Users/davispecia/Documents/GitHub/Pf_pipeline_dados/Projeto_final_fase3/venv/lib/python3.9/site-packages/airflow/example_dags/example_latest_only_with_trigger.py
[2025-11-27T11:14:24.952-0300] {processor.py:830} INFO - Processing file /Users/davispecia/Documents/GitHub/Pf_pipeline_dados/Projeto_final_fase3/venv/lib/python3.9/site-packages/airflow/example_dags/example_latest_only_with_trigger.py for tasks to queue
[2025-11-27T11:14:24.952-0300] {logging_mixin.py:188} INFO - [2025-11-27T11:14:24.952-0300] {dagbag.py:545} INFO - Filling up the DagBag from /Users/davispecia/Documents/GitHub/Pf_pipeline_dados/Projeto_final_fase3/venv/lib/python3.9/site-packages/airflow/example_dags/example_latest_only_with_trigger.py
[2025-11-27T11:14:24.957-0300] {processor.py:840} INFO - DAG(s) 'latest_only_with_trigger' retrieved from /Users/davispecia/Documents/GitHub/Pf_pipeline_dados/Projeto_final_fase3/venv/lib/python3.9/site-packages/airflow/example_dags/example_latest_only_with_trigger.py
[2025-11-27T11:14:25.033-0300] {logging_mixin.py:188} INFO - [2025-11-27T11:14:25.033-0300] {dag.py:3089} INFO - Sync 1 DAGs
[2025-11-27T11:14:25.041-0300] {logging_mixin.py:188} INFO - [2025-11-27T11:14:25.041-0300] {dag.py:3947} INFO - Setting next_dagrun for latest_only_with_trigger to 2025-11-27 08:00:00+00:00, run_after=2025-11-27 12:00:00+00:00
[2025-11-27T11:14:25.051-0300] {processor.py:183} INFO - Processing /Users/davispecia/Documents/GitHub/Pf_pipeline_dados/Projeto_final_fase3/venv/lib/python3.9/site-packages/airflow/example_dags/example_latest_only_with_trigger.py took 0.102 seconds
[2025-11-27T11:17:51.546-0300] {processor.py:161} INFO - Started process (PID=91045) to work on /Users/davispecia/Documents/GitHub/Pf_pipeline_dados/Projeto_final_fase3/venv/lib/python3.9/site-packages/airflow/example_dags/example_latest_only_with_trigger.py
[2025-11-27T11:17:51.547-0300] {processor.py:830} INFO - Processing file /Users/davispecia/Documents/GitHub/Pf_pipeline_dados/Projeto_final_fase3/venv/lib/python3.9/site-packages/airflow/example_dags/example_latest_only_with_trigger.py for tasks to queue
[2025-11-27T11:17:51.548-0300] {logging_mixin.py:188} INFO - [2025-11-27T11:17:51.548-0300] {dagbag.py:545} INFO - Filling up the DagBag from /Users/davispecia/Documents/GitHub/Pf_pipeline_dados/Projeto_final_fase3/venv/lib/python3.9/site-packages/airflow/example_dags/example_latest_only_with_trigger.py
[2025-11-27T11:17:51.555-0300] {processor.py:840} INFO - DAG(s) 'latest_only_with_trigger' retrieved from /Users/davispecia/Documents/GitHub/Pf_pipeline_dados/Projeto_final_fase3/venv/lib/python3.9/site-packages/airflow/example_dags/example_latest_only_with_trigger.py
[2025-11-27T11:17:51.638-0300] {logging_mixin.py:188} INFO - [2025-11-27T11:17:51.638-0300] {dag.py:3089} INFO - Sync 1 DAGs
[2025-11-27T11:17:51.648-0300] {logging_mixin.py:188} INFO - [2025-11-27T11:17:51.648-0300] {dag.py:3947} INFO - Setting next_dagrun for latest_only_with_trigger to 2025-11-27 08:00:00+00:00, run_after=2025-11-27 12:00:00+00:00
[2025-11-27T11:17:51.658-0300] {processor.py:183} INFO - Processing /Users/davispecia/Documents/GitHub/Pf_pipeline_dados/Projeto_final_fase3/venv/lib/python3.9/site-packages/airflow/example_dags/example_latest_only_with_trigger.py took 0.115 seconds
[2025-11-27T11:20:07.828-0300] {processor.py:161} INFO - Started process (PID=91437) to work on /Users/davispecia/Documents/GitHub/Pf_pipeline_dados/Projeto_final_fase3/venv/lib/python3.9/site-packages/airflow/example_dags/example_latest_only_with_trigger.py
[2025-11-27T11:20:07.828-0300] {processor.py:830} INFO - Processing file /Users/davispecia/Documents/GitHub/Pf_pipeline_dados/Projeto_final_fase3/venv/lib/python3.9/site-packages/airflow/example_dags/example_latest_only_with_trigger.py for tasks to queue
[2025-11-27T11:20:07.829-0300] {logging_mixin.py:188} INFO - [2025-11-27T11:20:07.829-0300] {dagbag.py:545} INFO - Filling up the DagBag from /Users/davispecia/Documents/GitHub/Pf_pipeline_dados/Projeto_final_fase3/venv/lib/python3.9/site-packages/airflow/example_dags/example_latest_only_with_trigger.py
[2025-11-27T11:20:07.833-0300] {processor.py:840} INFO - DAG(s) 'latest_only_with_trigger' retrieved from /Users/davispecia/Documents/GitHub/Pf_pipeline_dados/Projeto_final_fase3/venv/lib/python3.9/site-packages/airflow/example_dags/example_latest_only_with_trigger.py
[2025-11-27T11:20:07.906-0300] {logging_mixin.py:188} INFO - [2025-11-27T11:20:07.906-0300] {dag.py:3089} INFO - Sync 1 DAGs
[2025-11-27T11:20:07.915-0300] {logging_mixin.py:188} INFO - [2025-11-27T11:20:07.915-0300] {dag.py:3947} INFO - Setting next_dagrun for latest_only_with_trigger to 2025-11-27 08:00:00+00:00, run_after=2025-11-27 12:00:00+00:00
[2025-11-27T11:20:07.925-0300] {processor.py:183} INFO - Processing /Users/davispecia/Documents/GitHub/Pf_pipeline_dados/Projeto_final_fase3/venv/lib/python3.9/site-packages/airflow/example_dags/example_latest_only_with_trigger.py took 0.100 seconds
[2025-11-27T11:22:11.290-0300] {processor.py:161} INFO - Started process (PID=91743) to work on /Users/davispecia/Documents/GitHub/Pf_pipeline_dados/Projeto_final_fase3/venv/lib/python3.9/site-packages/airflow/example_dags/example_latest_only_with_trigger.py
[2025-11-27T11:22:11.291-0300] {processor.py:830} INFO - Processing file /Users/davispecia/Documents/GitHub/Pf_pipeline_dados/Projeto_final_fase3/venv/lib/python3.9/site-packages/airflow/example_dags/example_latest_only_with_trigger.py for tasks to queue
[2025-11-27T11:22:11.291-0300] {logging_mixin.py:188} INFO - [2025-11-27T11:22:11.291-0300] {dagbag.py:545} INFO - Filling up the DagBag from /Users/davispecia/Documents/GitHub/Pf_pipeline_dados/Projeto_final_fase3/venv/lib/python3.9/site-packages/airflow/example_dags/example_latest_only_with_trigger.py
[2025-11-27T11:22:11.296-0300] {processor.py:840} INFO - DAG(s) 'latest_only_with_trigger' retrieved from /Users/davispecia/Documents/GitHub/Pf_pipeline_dados/Projeto_final_fase3/venv/lib/python3.9/site-packages/airflow/example_dags/example_latest_only_with_trigger.py
[2025-11-27T11:22:11.369-0300] {logging_mixin.py:188} INFO - [2025-11-27T11:22:11.368-0300] {dag.py:3089} INFO - Sync 1 DAGs
[2025-11-27T11:22:11.378-0300] {logging_mixin.py:188} INFO - [2025-11-27T11:22:11.378-0300] {dag.py:3947} INFO - Setting next_dagrun for latest_only_with_trigger to 2025-11-27 08:00:00+00:00, run_after=2025-11-27 12:00:00+00:00
[2025-11-27T11:22:11.386-0300] {processor.py:183} INFO - Processing /Users/davispecia/Documents/GitHub/Pf_pipeline_dados/Projeto_final_fase3/venv/lib/python3.9/site-packages/airflow/example_dags/example_latest_only_with_trigger.py took 0.099 seconds
[2025-11-27T11:24:15.778-0300] {processor.py:161} INFO - Started process (PID=92043) to work on /Users/davispecia/Documents/GitHub/Pf_pipeline_dados/Projeto_final_fase3/venv/lib/python3.9/site-packages/airflow/example_dags/example_latest_only_with_trigger.py
[2025-11-27T11:24:15.779-0300] {processor.py:830} INFO - Processing file /Users/davispecia/Documents/GitHub/Pf_pipeline_dados/Projeto_final_fase3/venv/lib/python3.9/site-packages/airflow/example_dags/example_latest_only_with_trigger.py for tasks to queue
[2025-11-27T11:24:15.780-0300] {logging_mixin.py:188} INFO - [2025-11-27T11:24:15.780-0300] {dagbag.py:545} INFO - Filling up the DagBag from /Users/davispecia/Documents/GitHub/Pf_pipeline_dados/Projeto_final_fase3/venv/lib/python3.9/site-packages/airflow/example_dags/example_latest_only_with_trigger.py
[2025-11-27T11:24:15.784-0300] {processor.py:840} INFO - DAG(s) 'latest_only_with_trigger' retrieved from /Users/davispecia/Documents/GitHub/Pf_pipeline_dados/Projeto_final_fase3/venv/lib/python3.9/site-packages/airflow/example_dags/example_latest_only_with_trigger.py
[2025-11-27T11:24:15.853-0300] {logging_mixin.py:188} INFO - [2025-11-27T11:24:15.853-0300] {dag.py:3089} INFO - Sync 1 DAGs
[2025-11-27T11:24:15.861-0300] {logging_mixin.py:188} INFO - [2025-11-27T11:24:15.861-0300] {dag.py:3947} INFO - Setting next_dagrun for latest_only_with_trigger to 2025-11-27 08:00:00+00:00, run_after=2025-11-27 12:00:00+00:00
[2025-11-27T11:24:15.869-0300] {processor.py:183} INFO - Processing /Users/davispecia/Documents/GitHub/Pf_pipeline_dados/Projeto_final_fase3/venv/lib/python3.9/site-packages/airflow/example_dags/example_latest_only_with_trigger.py took 0.093 seconds
[2025-11-27T11:26:29.584-0300] {processor.py:161} INFO - Started process (PID=92429) to work on /Users/davispecia/Documents/GitHub/Pf_pipeline_dados/Projeto_final_fase3/venv/lib/python3.9/site-packages/airflow/example_dags/example_latest_only_with_trigger.py
[2025-11-27T11:26:29.585-0300] {processor.py:830} INFO - Processing file /Users/davispecia/Documents/GitHub/Pf_pipeline_dados/Projeto_final_fase3/venv/lib/python3.9/site-packages/airflow/example_dags/example_latest_only_with_trigger.py for tasks to queue
[2025-11-27T11:26:29.586-0300] {logging_mixin.py:188} INFO - [2025-11-27T11:26:29.585-0300] {dagbag.py:545} INFO - Filling up the DagBag from /Users/davispecia/Documents/GitHub/Pf_pipeline_dados/Projeto_final_fase3/venv/lib/python3.9/site-packages/airflow/example_dags/example_latest_only_with_trigger.py
[2025-11-27T11:26:29.589-0300] {processor.py:840} INFO - DAG(s) 'latest_only_with_trigger' retrieved from /Users/davispecia/Documents/GitHub/Pf_pipeline_dados/Projeto_final_fase3/venv/lib/python3.9/site-packages/airflow/example_dags/example_latest_only_with_trigger.py
[2025-11-27T11:26:29.658-0300] {logging_mixin.py:188} INFO - [2025-11-27T11:26:29.657-0300] {dag.py:3089} INFO - Sync 1 DAGs
[2025-11-27T11:26:29.667-0300] {logging_mixin.py:188} INFO - [2025-11-27T11:26:29.666-0300] {dag.py:3947} INFO - Setting next_dagrun for latest_only_with_trigger to 2025-11-27 08:00:00+00:00, run_after=2025-11-27 12:00:00+00:00
[2025-11-27T11:26:29.675-0300] {processor.py:183} INFO - Processing /Users/davispecia/Documents/GitHub/Pf_pipeline_dados/Projeto_final_fase3/venv/lib/python3.9/site-packages/airflow/example_dags/example_latest_only_with_trigger.py took 0.094 seconds
[2025-11-27T11:28:31.283-0300] {processor.py:161} INFO - Started process (PID=92745) to work on /Users/davispecia/Documents/GitHub/Pf_pipeline_dados/Projeto_final_fase3/venv/lib/python3.9/site-packages/airflow/example_dags/example_latest_only_with_trigger.py
[2025-11-27T11:28:31.284-0300] {processor.py:830} INFO - Processing file /Users/davispecia/Documents/GitHub/Pf_pipeline_dados/Projeto_final_fase3/venv/lib/python3.9/site-packages/airflow/example_dags/example_latest_only_with_trigger.py for tasks to queue
[2025-11-27T11:28:31.284-0300] {logging_mixin.py:188} INFO - [2025-11-27T11:28:31.284-0300] {dagbag.py:545} INFO - Filling up the DagBag from /Users/davispecia/Documents/GitHub/Pf_pipeline_dados/Projeto_final_fase3/venv/lib/python3.9/site-packages/airflow/example_dags/example_latest_only_with_trigger.py
[2025-11-27T11:28:31.288-0300] {processor.py:840} INFO - DAG(s) 'latest_only_with_trigger' retrieved from /Users/davispecia/Documents/GitHub/Pf_pipeline_dados/Projeto_final_fase3/venv/lib/python3.9/site-packages/airflow/example_dags/example_latest_only_with_trigger.py
[2025-11-27T11:28:31.358-0300] {logging_mixin.py:188} INFO - [2025-11-27T11:28:31.358-0300] {dag.py:3089} INFO - Sync 1 DAGs
[2025-11-27T11:28:31.366-0300] {logging_mixin.py:188} INFO - [2025-11-27T11:28:31.366-0300] {dag.py:3947} INFO - Setting next_dagrun for latest_only_with_trigger to 2025-11-27 08:00:00+00:00, run_after=2025-11-27 12:00:00+00:00
[2025-11-27T11:28:31.374-0300] {processor.py:183} INFO - Processing /Users/davispecia/Documents/GitHub/Pf_pipeline_dados/Projeto_final_fase3/venv/lib/python3.9/site-packages/airflow/example_dags/example_latest_only_with_trigger.py took 0.093 seconds
[2025-11-27T11:30:39.031-0300] {processor.py:161} INFO - Started process (PID=93057) to work on /Users/davispecia/Documents/GitHub/Pf_pipeline_dados/Projeto_final_fase3/venv/lib/python3.9/site-packages/airflow/example_dags/example_latest_only_with_trigger.py
[2025-11-27T11:30:39.031-0300] {processor.py:830} INFO - Processing file /Users/davispecia/Documents/GitHub/Pf_pipeline_dados/Projeto_final_fase3/venv/lib/python3.9/site-packages/airflow/example_dags/example_latest_only_with_trigger.py for tasks to queue
[2025-11-27T11:30:39.032-0300] {logging_mixin.py:188} INFO - [2025-11-27T11:30:39.032-0300] {dagbag.py:545} INFO - Filling up the DagBag from /Users/davispecia/Documents/GitHub/Pf_pipeline_dados/Projeto_final_fase3/venv/lib/python3.9/site-packages/airflow/example_dags/example_latest_only_with_trigger.py
[2025-11-27T11:30:39.036-0300] {processor.py:840} INFO - DAG(s) 'latest_only_with_trigger' retrieved from /Users/davispecia/Documents/GitHub/Pf_pipeline_dados/Projeto_final_fase3/venv/lib/python3.9/site-packages/airflow/example_dags/example_latest_only_with_trigger.py
[2025-11-27T11:30:39.105-0300] {logging_mixin.py:188} INFO - [2025-11-27T11:30:39.105-0300] {dag.py:3089} INFO - Sync 1 DAGs
[2025-11-27T11:30:39.113-0300] {logging_mixin.py:188} INFO - [2025-11-27T11:30:39.113-0300] {dag.py:3947} INFO - Setting next_dagrun for latest_only_with_trigger to 2025-11-27 08:00:00+00:00, run_after=2025-11-27 12:00:00+00:00
[2025-11-27T11:30:39.124-0300] {processor.py:183} INFO - Processing /Users/davispecia/Documents/GitHub/Pf_pipeline_dados/Projeto_final_fase3/venv/lib/python3.9/site-packages/airflow/example_dags/example_latest_only_with_trigger.py took 0.095 seconds
[2025-11-27T11:32:47.577-0300] {processor.py:161} INFO - Started process (PID=93415) to work on /Users/davispecia/Documents/GitHub/Pf_pipeline_dados/Projeto_final_fase3/venv/lib/python3.9/site-packages/airflow/example_dags/example_latest_only_with_trigger.py
[2025-11-27T11:32:47.578-0300] {processor.py:830} INFO - Processing file /Users/davispecia/Documents/GitHub/Pf_pipeline_dados/Projeto_final_fase3/venv/lib/python3.9/site-packages/airflow/example_dags/example_latest_only_with_trigger.py for tasks to queue
[2025-11-27T11:32:47.579-0300] {logging_mixin.py:188} INFO - [2025-11-27T11:32:47.579-0300] {dagbag.py:545} INFO - Filling up the DagBag from /Users/davispecia/Documents/GitHub/Pf_pipeline_dados/Projeto_final_fase3/venv/lib/python3.9/site-packages/airflow/example_dags/example_latest_only_with_trigger.py
[2025-11-27T11:32:47.582-0300] {processor.py:840} INFO - DAG(s) 'latest_only_with_trigger' retrieved from /Users/davispecia/Documents/GitHub/Pf_pipeline_dados/Projeto_final_fase3/venv/lib/python3.9/site-packages/airflow/example_dags/example_latest_only_with_trigger.py
[2025-11-27T11:32:47.651-0300] {logging_mixin.py:188} INFO - [2025-11-27T11:32:47.651-0300] {dag.py:3089} INFO - Sync 1 DAGs
[2025-11-27T11:32:47.660-0300] {logging_mixin.py:188} INFO - [2025-11-27T11:32:47.660-0300] {dag.py:3947} INFO - Setting next_dagrun for latest_only_with_trigger to 2025-11-27 08:00:00+00:00, run_after=2025-11-27 12:00:00+00:00
[2025-11-27T11:32:47.668-0300] {processor.py:183} INFO - Processing /Users/davispecia/Documents/GitHub/Pf_pipeline_dados/Projeto_final_fase3/venv/lib/python3.9/site-packages/airflow/example_dags/example_latest_only_with_trigger.py took 0.093 seconds
[2025-11-27T11:34:54.707-0300] {processor.py:161} INFO - Started process (PID=93723) to work on /Users/davispecia/Documents/GitHub/Pf_pipeline_dados/Projeto_final_fase3/venv/lib/python3.9/site-packages/airflow/example_dags/example_latest_only_with_trigger.py
[2025-11-27T11:34:54.708-0300] {processor.py:830} INFO - Processing file /Users/davispecia/Documents/GitHub/Pf_pipeline_dados/Projeto_final_fase3/venv/lib/python3.9/site-packages/airflow/example_dags/example_latest_only_with_trigger.py for tasks to queue
[2025-11-27T11:34:54.709-0300] {logging_mixin.py:188} INFO - [2025-11-27T11:34:54.709-0300] {dagbag.py:545} INFO - Filling up the DagBag from /Users/davispecia/Documents/GitHub/Pf_pipeline_dados/Projeto_final_fase3/venv/lib/python3.9/site-packages/airflow/example_dags/example_latest_only_with_trigger.py
[2025-11-27T11:34:54.713-0300] {processor.py:840} INFO - DAG(s) 'latest_only_with_trigger' retrieved from /Users/davispecia/Documents/GitHub/Pf_pipeline_dados/Projeto_final_fase3/venv/lib/python3.9/site-packages/airflow/example_dags/example_latest_only_with_trigger.py
[2025-11-27T11:34:54.784-0300] {logging_mixin.py:188} INFO - [2025-11-27T11:34:54.783-0300] {dag.py:3089} INFO - Sync 1 DAGs
[2025-11-27T11:34:54.793-0300] {logging_mixin.py:188} INFO - [2025-11-27T11:34:54.792-0300] {dag.py:3947} INFO - Setting next_dagrun for latest_only_with_trigger to 2025-11-27 08:00:00+00:00, run_after=2025-11-27 12:00:00+00:00
[2025-11-27T11:34:54.802-0300] {processor.py:183} INFO - Processing /Users/davispecia/Documents/GitHub/Pf_pipeline_dados/Projeto_final_fase3/venv/lib/python3.9/site-packages/airflow/example_dags/example_latest_only_with_trigger.py took 0.097 seconds
[2025-11-27T11:37:09.149-0300] {processor.py:161} INFO - Started process (PID=94101) to work on /Users/davispecia/Documents/GitHub/Pf_pipeline_dados/Projeto_final_fase3/venv/lib/python3.9/site-packages/airflow/example_dags/example_latest_only_with_trigger.py
[2025-11-27T11:37:09.150-0300] {processor.py:830} INFO - Processing file /Users/davispecia/Documents/GitHub/Pf_pipeline_dados/Projeto_final_fase3/venv/lib/python3.9/site-packages/airflow/example_dags/example_latest_only_with_trigger.py for tasks to queue
[2025-11-27T11:37:09.150-0300] {logging_mixin.py:188} INFO - [2025-11-27T11:37:09.150-0300] {dagbag.py:545} INFO - Filling up the DagBag from /Users/davispecia/Documents/GitHub/Pf_pipeline_dados/Projeto_final_fase3/venv/lib/python3.9/site-packages/airflow/example_dags/example_latest_only_with_trigger.py
[2025-11-27T11:37:09.154-0300] {processor.py:840} INFO - DAG(s) 'latest_only_with_trigger' retrieved from /Users/davispecia/Documents/GitHub/Pf_pipeline_dados/Projeto_final_fase3/venv/lib/python3.9/site-packages/airflow/example_dags/example_latest_only_with_trigger.py
[2025-11-27T11:37:09.224-0300] {logging_mixin.py:188} INFO - [2025-11-27T11:37:09.224-0300] {dag.py:3089} INFO - Sync 1 DAGs
[2025-11-27T11:37:09.232-0300] {logging_mixin.py:188} INFO - [2025-11-27T11:37:09.232-0300] {dag.py:3947} INFO - Setting next_dagrun for latest_only_with_trigger to 2025-11-27 08:00:00+00:00, run_after=2025-11-27 12:00:00+00:00
[2025-11-27T11:37:09.241-0300] {processor.py:183} INFO - Processing /Users/davispecia/Documents/GitHub/Pf_pipeline_dados/Projeto_final_fase3/venv/lib/python3.9/site-packages/airflow/example_dags/example_latest_only_with_trigger.py took 0.094 seconds
[2025-11-27T11:39:16.264-0300] {processor.py:161} INFO - Started process (PID=94396) to work on /Users/davispecia/Documents/GitHub/Pf_pipeline_dados/Projeto_final_fase3/venv/lib/python3.9/site-packages/airflow/example_dags/example_latest_only_with_trigger.py
[2025-11-27T11:39:16.264-0300] {processor.py:830} INFO - Processing file /Users/davispecia/Documents/GitHub/Pf_pipeline_dados/Projeto_final_fase3/venv/lib/python3.9/site-packages/airflow/example_dags/example_latest_only_with_trigger.py for tasks to queue
[2025-11-27T11:39:16.265-0300] {logging_mixin.py:188} INFO - [2025-11-27T11:39:16.264-0300] {dagbag.py:545} INFO - Filling up the DagBag from /Users/davispecia/Documents/GitHub/Pf_pipeline_dados/Projeto_final_fase3/venv/lib/python3.9/site-packages/airflow/example_dags/example_latest_only_with_trigger.py
[2025-11-27T11:39:16.269-0300] {processor.py:840} INFO - DAG(s) 'latest_only_with_trigger' retrieved from /Users/davispecia/Documents/GitHub/Pf_pipeline_dados/Projeto_final_fase3/venv/lib/python3.9/site-packages/airflow/example_dags/example_latest_only_with_trigger.py
[2025-11-27T11:39:16.338-0300] {logging_mixin.py:188} INFO - [2025-11-27T11:39:16.337-0300] {dag.py:3089} INFO - Sync 1 DAGs
[2025-11-27T11:39:16.346-0300] {logging_mixin.py:188} INFO - [2025-11-27T11:39:16.346-0300] {dag.py:3947} INFO - Setting next_dagrun for latest_only_with_trigger to 2025-11-27 08:00:00+00:00, run_after=2025-11-27 12:00:00+00:00
[2025-11-27T11:39:16.355-0300] {processor.py:183} INFO - Processing /Users/davispecia/Documents/GitHub/Pf_pipeline_dados/Projeto_final_fase3/venv/lib/python3.9/site-packages/airflow/example_dags/example_latest_only_with_trigger.py took 0.093 seconds
[2025-11-27T11:41:23.121-0300] {processor.py:161} INFO - Started process (PID=94710) to work on /Users/davispecia/Documents/GitHub/Pf_pipeline_dados/Projeto_final_fase3/venv/lib/python3.9/site-packages/airflow/example_dags/example_latest_only_with_trigger.py
[2025-11-27T11:41:23.121-0300] {processor.py:830} INFO - Processing file /Users/davispecia/Documents/GitHub/Pf_pipeline_dados/Projeto_final_fase3/venv/lib/python3.9/site-packages/airflow/example_dags/example_latest_only_with_trigger.py for tasks to queue
[2025-11-27T11:41:23.121-0300] {logging_mixin.py:188} INFO - [2025-11-27T11:41:23.121-0300] {dagbag.py:545} INFO - Filling up the DagBag from /Users/davispecia/Documents/GitHub/Pf_pipeline_dados/Projeto_final_fase3/venv/lib/python3.9/site-packages/airflow/example_dags/example_latest_only_with_trigger.py
[2025-11-27T11:41:23.126-0300] {processor.py:840} INFO - DAG(s) 'latest_only_with_trigger' retrieved from /Users/davispecia/Documents/GitHub/Pf_pipeline_dados/Projeto_final_fase3/venv/lib/python3.9/site-packages/airflow/example_dags/example_latest_only_with_trigger.py
[2025-11-27T11:41:23.195-0300] {logging_mixin.py:188} INFO - [2025-11-27T11:41:23.195-0300] {dag.py:3089} INFO - Sync 1 DAGs
[2025-11-27T11:41:23.204-0300] {logging_mixin.py:188} INFO - [2025-11-27T11:41:23.203-0300] {dag.py:3947} INFO - Setting next_dagrun for latest_only_with_trigger to 2025-11-27 08:00:00+00:00, run_after=2025-11-27 12:00:00+00:00
[2025-11-27T11:41:23.213-0300] {processor.py:183} INFO - Processing /Users/davispecia/Documents/GitHub/Pf_pipeline_dados/Projeto_final_fase3/venv/lib/python3.9/site-packages/airflow/example_dags/example_latest_only_with_trigger.py took 0.094 seconds
[2025-11-27T11:43:39.303-0300] {processor.py:161} INFO - Started process (PID=95089) to work on /Users/davispecia/Documents/GitHub/Pf_pipeline_dados/Projeto_final_fase3/venv/lib/python3.9/site-packages/airflow/example_dags/example_latest_only_with_trigger.py
[2025-11-27T11:43:39.304-0300] {processor.py:830} INFO - Processing file /Users/davispecia/Documents/GitHub/Pf_pipeline_dados/Projeto_final_fase3/venv/lib/python3.9/site-packages/airflow/example_dags/example_latest_only_with_trigger.py for tasks to queue
[2025-11-27T11:43:39.304-0300] {logging_mixin.py:188} INFO - [2025-11-27T11:43:39.304-0300] {dagbag.py:545} INFO - Filling up the DagBag from /Users/davispecia/Documents/GitHub/Pf_pipeline_dados/Projeto_final_fase3/venv/lib/python3.9/site-packages/airflow/example_dags/example_latest_only_with_trigger.py
[2025-11-27T11:43:39.308-0300] {processor.py:840} INFO - DAG(s) 'latest_only_with_trigger' retrieved from /Users/davispecia/Documents/GitHub/Pf_pipeline_dados/Projeto_final_fase3/venv/lib/python3.9/site-packages/airflow/example_dags/example_latest_only_with_trigger.py
[2025-11-27T11:43:39.380-0300] {logging_mixin.py:188} INFO - [2025-11-27T11:43:39.379-0300] {dag.py:3089} INFO - Sync 1 DAGs
[2025-11-27T11:43:39.388-0300] {logging_mixin.py:188} INFO - [2025-11-27T11:43:39.388-0300] {dag.py:3947} INFO - Setting next_dagrun for latest_only_with_trigger to 2025-11-27 08:00:00+00:00, run_after=2025-11-27 12:00:00+00:00
[2025-11-27T11:43:39.398-0300] {processor.py:183} INFO - Processing /Users/davispecia/Documents/GitHub/Pf_pipeline_dados/Projeto_final_fase3/venv/lib/python3.9/site-packages/airflow/example_dags/example_latest_only_with_trigger.py took 0.098 seconds
[2025-11-27T11:45:43.560-0300] {processor.py:161} INFO - Started process (PID=95385) to work on /Users/davispecia/Documents/GitHub/Pf_pipeline_dados/Projeto_final_fase3/venv/lib/python3.9/site-packages/airflow/example_dags/example_latest_only_with_trigger.py
[2025-11-27T11:45:43.561-0300] {processor.py:830} INFO - Processing file /Users/davispecia/Documents/GitHub/Pf_pipeline_dados/Projeto_final_fase3/venv/lib/python3.9/site-packages/airflow/example_dags/example_latest_only_with_trigger.py for tasks to queue
[2025-11-27T11:45:43.561-0300] {logging_mixin.py:188} INFO - [2025-11-27T11:45:43.561-0300] {dagbag.py:545} INFO - Filling up the DagBag from /Users/davispecia/Documents/GitHub/Pf_pipeline_dados/Projeto_final_fase3/venv/lib/python3.9/site-packages/airflow/example_dags/example_latest_only_with_trigger.py
[2025-11-27T11:45:43.565-0300] {processor.py:840} INFO - DAG(s) 'latest_only_with_trigger' retrieved from /Users/davispecia/Documents/GitHub/Pf_pipeline_dados/Projeto_final_fase3/venv/lib/python3.9/site-packages/airflow/example_dags/example_latest_only_with_trigger.py
[2025-11-27T11:45:43.635-0300] {logging_mixin.py:188} INFO - [2025-11-27T11:45:43.635-0300] {dag.py:3089} INFO - Sync 1 DAGs
[2025-11-27T11:45:43.644-0300] {logging_mixin.py:188} INFO - [2025-11-27T11:45:43.644-0300] {dag.py:3947} INFO - Setting next_dagrun for latest_only_with_trigger to 2025-11-27 08:00:00+00:00, run_after=2025-11-27 12:00:00+00:00
[2025-11-27T11:45:43.653-0300] {processor.py:183} INFO - Processing /Users/davispecia/Documents/GitHub/Pf_pipeline_dados/Projeto_final_fase3/venv/lib/python3.9/site-packages/airflow/example_dags/example_latest_only_with_trigger.py took 0.095 seconds
[2025-11-27T11:47:57.906-0300] {processor.py:161} INFO - Started process (PID=95802) to work on /Users/davispecia/Documents/GitHub/Pf_pipeline_dados/Projeto_final_fase3/venv/lib/python3.9/site-packages/airflow/example_dags/example_latest_only_with_trigger.py
[2025-11-27T11:47:57.906-0300] {processor.py:830} INFO - Processing file /Users/davispecia/Documents/GitHub/Pf_pipeline_dados/Projeto_final_fase3/venv/lib/python3.9/site-packages/airflow/example_dags/example_latest_only_with_trigger.py for tasks to queue
[2025-11-27T11:47:57.907-0300] {logging_mixin.py:188} INFO - [2025-11-27T11:47:57.906-0300] {dagbag.py:545} INFO - Filling up the DagBag from /Users/davispecia/Documents/GitHub/Pf_pipeline_dados/Projeto_final_fase3/venv/lib/python3.9/site-packages/airflow/example_dags/example_latest_only_with_trigger.py
[2025-11-27T11:47:57.911-0300] {processor.py:840} INFO - DAG(s) 'latest_only_with_trigger' retrieved from /Users/davispecia/Documents/GitHub/Pf_pipeline_dados/Projeto_final_fase3/venv/lib/python3.9/site-packages/airflow/example_dags/example_latest_only_with_trigger.py
[2025-11-27T11:47:57.980-0300] {logging_mixin.py:188} INFO - [2025-11-27T11:47:57.980-0300] {dag.py:3089} INFO - Sync 1 DAGs
[2025-11-27T11:47:57.989-0300] {logging_mixin.py:188} INFO - [2025-11-27T11:47:57.989-0300] {dag.py:3947} INFO - Setting next_dagrun for latest_only_with_trigger to 2025-11-27 08:00:00+00:00, run_after=2025-11-27 12:00:00+00:00
[2025-11-27T11:47:57.999-0300] {processor.py:183} INFO - Processing /Users/davispecia/Documents/GitHub/Pf_pipeline_dados/Projeto_final_fase3/venv/lib/python3.9/site-packages/airflow/example_dags/example_latest_only_with_trigger.py took 0.095 seconds
[2025-11-27T11:50:06.475-0300] {processor.py:161} INFO - Started process (PID=96120) to work on /Users/davispecia/Documents/GitHub/Pf_pipeline_dados/Projeto_final_fase3/venv/lib/python3.9/site-packages/airflow/example_dags/example_latest_only_with_trigger.py
[2025-11-27T11:50:06.477-0300] {processor.py:830} INFO - Processing file /Users/davispecia/Documents/GitHub/Pf_pipeline_dados/Projeto_final_fase3/venv/lib/python3.9/site-packages/airflow/example_dags/example_latest_only_with_trigger.py for tasks to queue
[2025-11-27T11:50:06.477-0300] {logging_mixin.py:188} INFO - [2025-11-27T11:50:06.477-0300] {dagbag.py:545} INFO - Filling up the DagBag from /Users/davispecia/Documents/GitHub/Pf_pipeline_dados/Projeto_final_fase3/venv/lib/python3.9/site-packages/airflow/example_dags/example_latest_only_with_trigger.py
[2025-11-27T11:50:06.481-0300] {processor.py:840} INFO - DAG(s) 'latest_only_with_trigger' retrieved from /Users/davispecia/Documents/GitHub/Pf_pipeline_dados/Projeto_final_fase3/venv/lib/python3.9/site-packages/airflow/example_dags/example_latest_only_with_trigger.py
[2025-11-27T11:50:06.549-0300] {logging_mixin.py:188} INFO - [2025-11-27T11:50:06.549-0300] {dag.py:3089} INFO - Sync 1 DAGs
[2025-11-27T11:50:06.558-0300] {logging_mixin.py:188} INFO - [2025-11-27T11:50:06.558-0300] {dag.py:3947} INFO - Setting next_dagrun for latest_only_with_trigger to 2025-11-27 08:00:00+00:00, run_after=2025-11-27 12:00:00+00:00
[2025-11-27T11:50:06.567-0300] {processor.py:183} INFO - Processing /Users/davispecia/Documents/GitHub/Pf_pipeline_dados/Projeto_final_fase3/venv/lib/python3.9/site-packages/airflow/example_dags/example_latest_only_with_trigger.py took 0.094 seconds
[2025-11-27T11:52:12.020-0300] {processor.py:161} INFO - Started process (PID=96429) to work on /Users/davispecia/Documents/GitHub/Pf_pipeline_dados/Projeto_final_fase3/venv/lib/python3.9/site-packages/airflow/example_dags/example_latest_only_with_trigger.py
[2025-11-27T11:52:12.021-0300] {processor.py:830} INFO - Processing file /Users/davispecia/Documents/GitHub/Pf_pipeline_dados/Projeto_final_fase3/venv/lib/python3.9/site-packages/airflow/example_dags/example_latest_only_with_trigger.py for tasks to queue
[2025-11-27T11:52:12.021-0300] {logging_mixin.py:188} INFO - [2025-11-27T11:52:12.021-0300] {dagbag.py:545} INFO - Filling up the DagBag from /Users/davispecia/Documents/GitHub/Pf_pipeline_dados/Projeto_final_fase3/venv/lib/python3.9/site-packages/airflow/example_dags/example_latest_only_with_trigger.py
[2025-11-27T11:52:12.025-0300] {processor.py:840} INFO - DAG(s) 'latest_only_with_trigger' retrieved from /Users/davispecia/Documents/GitHub/Pf_pipeline_dados/Projeto_final_fase3/venv/lib/python3.9/site-packages/airflow/example_dags/example_latest_only_with_trigger.py
[2025-11-27T11:52:12.094-0300] {logging_mixin.py:188} INFO - [2025-11-27T11:52:12.094-0300] {dag.py:3089} INFO - Sync 1 DAGs
[2025-11-27T11:52:12.103-0300] {logging_mixin.py:188} INFO - [2025-11-27T11:52:12.103-0300] {dag.py:3947} INFO - Setting next_dagrun for latest_only_with_trigger to 2025-11-27 08:00:00+00:00, run_after=2025-11-27 12:00:00+00:00
[2025-11-27T11:52:12.111-0300] {processor.py:183} INFO - Processing /Users/davispecia/Documents/GitHub/Pf_pipeline_dados/Projeto_final_fase3/venv/lib/python3.9/site-packages/airflow/example_dags/example_latest_only_with_trigger.py took 0.093 seconds
[2025-11-27T11:54:24.470-0300] {processor.py:161} INFO - Started process (PID=96896) to work on /Users/davispecia/Documents/GitHub/Pf_pipeline_dados/Projeto_final_fase3/venv/lib/python3.9/site-packages/airflow/example_dags/example_latest_only_with_trigger.py
[2025-11-27T11:54:24.471-0300] {processor.py:830} INFO - Processing file /Users/davispecia/Documents/GitHub/Pf_pipeline_dados/Projeto_final_fase3/venv/lib/python3.9/site-packages/airflow/example_dags/example_latest_only_with_trigger.py for tasks to queue
[2025-11-27T11:54:24.471-0300] {logging_mixin.py:188} INFO - [2025-11-27T11:54:24.471-0300] {dagbag.py:545} INFO - Filling up the DagBag from /Users/davispecia/Documents/GitHub/Pf_pipeline_dados/Projeto_final_fase3/venv/lib/python3.9/site-packages/airflow/example_dags/example_latest_only_with_trigger.py
[2025-11-27T11:54:24.475-0300] {processor.py:840} INFO - DAG(s) 'latest_only_with_trigger' retrieved from /Users/davispecia/Documents/GitHub/Pf_pipeline_dados/Projeto_final_fase3/venv/lib/python3.9/site-packages/airflow/example_dags/example_latest_only_with_trigger.py
[2025-11-27T11:54:24.544-0300] {logging_mixin.py:188} INFO - [2025-11-27T11:54:24.544-0300] {dag.py:3089} INFO - Sync 1 DAGs
[2025-11-27T11:54:24.553-0300] {logging_mixin.py:188} INFO - [2025-11-27T11:54:24.553-0300] {dag.py:3947} INFO - Setting next_dagrun for latest_only_with_trigger to 2025-11-27 08:00:00+00:00, run_after=2025-11-27 12:00:00+00:00
[2025-11-27T11:54:24.562-0300] {processor.py:183} INFO - Processing /Users/davispecia/Documents/GitHub/Pf_pipeline_dados/Projeto_final_fase3/venv/lib/python3.9/site-packages/airflow/example_dags/example_latest_only_with_trigger.py took 0.093 seconds
[2025-11-27T11:56:23.378-0300] {processor.py:161} INFO - Started process (PID=97183) to work on /Users/davispecia/Documents/GitHub/Pf_pipeline_dados/Projeto_final_fase3/venv/lib/python3.9/site-packages/airflow/example_dags/example_latest_only_with_trigger.py
[2025-11-27T11:56:23.380-0300] {processor.py:830} INFO - Processing file /Users/davispecia/Documents/GitHub/Pf_pipeline_dados/Projeto_final_fase3/venv/lib/python3.9/site-packages/airflow/example_dags/example_latest_only_with_trigger.py for tasks to queue
[2025-11-27T11:56:23.380-0300] {logging_mixin.py:188} INFO - [2025-11-27T11:56:23.380-0300] {dagbag.py:545} INFO - Filling up the DagBag from /Users/davispecia/Documents/GitHub/Pf_pipeline_dados/Projeto_final_fase3/venv/lib/python3.9/site-packages/airflow/example_dags/example_latest_only_with_trigger.py
[2025-11-27T11:56:23.384-0300] {processor.py:840} INFO - DAG(s) 'latest_only_with_trigger' retrieved from /Users/davispecia/Documents/GitHub/Pf_pipeline_dados/Projeto_final_fase3/venv/lib/python3.9/site-packages/airflow/example_dags/example_latest_only_with_trigger.py
[2025-11-27T11:56:23.454-0300] {logging_mixin.py:188} INFO - [2025-11-27T11:56:23.454-0300] {dag.py:3089} INFO - Sync 1 DAGs
[2025-11-27T11:56:23.463-0300] {logging_mixin.py:188} INFO - [2025-11-27T11:56:23.463-0300] {dag.py:3947} INFO - Setting next_dagrun for latest_only_with_trigger to 2025-11-27 08:00:00+00:00, run_after=2025-11-27 12:00:00+00:00
[2025-11-27T11:56:23.472-0300] {processor.py:183} INFO - Processing /Users/davispecia/Documents/GitHub/Pf_pipeline_dados/Projeto_final_fase3/venv/lib/python3.9/site-packages/airflow/example_dags/example_latest_only_with_trigger.py took 0.096 seconds
[2025-11-27T11:58:30.313-0300] {processor.py:161} INFO - Started process (PID=97498) to work on /Users/davispecia/Documents/GitHub/Pf_pipeline_dados/Projeto_final_fase3/venv/lib/python3.9/site-packages/airflow/example_dags/example_latest_only_with_trigger.py
[2025-11-27T11:58:30.314-0300] {processor.py:830} INFO - Processing file /Users/davispecia/Documents/GitHub/Pf_pipeline_dados/Projeto_final_fase3/venv/lib/python3.9/site-packages/airflow/example_dags/example_latest_only_with_trigger.py for tasks to queue
[2025-11-27T11:58:30.314-0300] {logging_mixin.py:188} INFO - [2025-11-27T11:58:30.314-0300] {dagbag.py:545} INFO - Filling up the DagBag from /Users/davispecia/Documents/GitHub/Pf_pipeline_dados/Projeto_final_fase3/venv/lib/python3.9/site-packages/airflow/example_dags/example_latest_only_with_trigger.py
[2025-11-27T11:58:30.318-0300] {processor.py:840} INFO - DAG(s) 'latest_only_with_trigger' retrieved from /Users/davispecia/Documents/GitHub/Pf_pipeline_dados/Projeto_final_fase3/venv/lib/python3.9/site-packages/airflow/example_dags/example_latest_only_with_trigger.py
[2025-11-27T11:58:30.389-0300] {logging_mixin.py:188} INFO - [2025-11-27T11:58:30.389-0300] {dag.py:3089} INFO - Sync 1 DAGs
[2025-11-27T11:58:30.397-0300] {logging_mixin.py:188} INFO - [2025-11-27T11:58:30.397-0300] {dag.py:3947} INFO - Setting next_dagrun for latest_only_with_trigger to 2025-11-27 08:00:00+00:00, run_after=2025-11-27 12:00:00+00:00
[2025-11-27T11:58:30.406-0300] {processor.py:183} INFO - Processing /Users/davispecia/Documents/GitHub/Pf_pipeline_dados/Projeto_final_fase3/venv/lib/python3.9/site-packages/airflow/example_dags/example_latest_only_with_trigger.py took 0.095 seconds
[2025-11-27T12:00:51.370-0300] {processor.py:161} INFO - Started process (PID=97900) to work on /Users/davispecia/Documents/GitHub/Pf_pipeline_dados/Projeto_final_fase3/venv/lib/python3.9/site-packages/airflow/example_dags/example_latest_only_with_trigger.py
[2025-11-27T12:00:51.371-0300] {processor.py:830} INFO - Processing file /Users/davispecia/Documents/GitHub/Pf_pipeline_dados/Projeto_final_fase3/venv/lib/python3.9/site-packages/airflow/example_dags/example_latest_only_with_trigger.py for tasks to queue
[2025-11-27T12:00:51.371-0300] {logging_mixin.py:188} INFO - [2025-11-27T12:00:51.371-0300] {dagbag.py:545} INFO - Filling up the DagBag from /Users/davispecia/Documents/GitHub/Pf_pipeline_dados/Projeto_final_fase3/venv/lib/python3.9/site-packages/airflow/example_dags/example_latest_only_with_trigger.py
[2025-11-27T12:00:51.375-0300] {processor.py:840} INFO - DAG(s) 'latest_only_with_trigger' retrieved from /Users/davispecia/Documents/GitHub/Pf_pipeline_dados/Projeto_final_fase3/venv/lib/python3.9/site-packages/airflow/example_dags/example_latest_only_with_trigger.py
[2025-11-27T12:00:51.443-0300] {logging_mixin.py:188} INFO - [2025-11-27T12:00:51.443-0300] {dag.py:3089} INFO - Sync 1 DAGs
[2025-11-27T12:00:51.452-0300] {logging_mixin.py:188} INFO - [2025-11-27T12:00:51.452-0300] {dag.py:3947} INFO - Setting next_dagrun for latest_only_with_trigger to 2025-11-27 08:00:00+00:00, run_after=2025-11-27 12:00:00+00:00
[2025-11-27T12:00:51.461-0300] {processor.py:183} INFO - Processing /Users/davispecia/Documents/GitHub/Pf_pipeline_dados/Projeto_final_fase3/venv/lib/python3.9/site-packages/airflow/example_dags/example_latest_only_with_trigger.py took 0.092 seconds
[2025-11-27T12:02:56.565-0300] {processor.py:161} INFO - Started process (PID=98200) to work on /Users/davispecia/Documents/GitHub/Pf_pipeline_dados/Projeto_final_fase3/venv/lib/python3.9/site-packages/airflow/example_dags/example_latest_only_with_trigger.py
[2025-11-27T12:02:56.566-0300] {processor.py:830} INFO - Processing file /Users/davispecia/Documents/GitHub/Pf_pipeline_dados/Projeto_final_fase3/venv/lib/python3.9/site-packages/airflow/example_dags/example_latest_only_with_trigger.py for tasks to queue
[2025-11-27T12:02:56.567-0300] {logging_mixin.py:188} INFO - [2025-11-27T12:02:56.567-0300] {dagbag.py:545} INFO - Filling up the DagBag from /Users/davispecia/Documents/GitHub/Pf_pipeline_dados/Projeto_final_fase3/venv/lib/python3.9/site-packages/airflow/example_dags/example_latest_only_with_trigger.py
[2025-11-27T12:02:56.571-0300] {processor.py:840} INFO - DAG(s) 'latest_only_with_trigger' retrieved from /Users/davispecia/Documents/GitHub/Pf_pipeline_dados/Projeto_final_fase3/venv/lib/python3.9/site-packages/airflow/example_dags/example_latest_only_with_trigger.py
[2025-11-27T12:02:56.639-0300] {logging_mixin.py:188} INFO - [2025-11-27T12:02:56.639-0300] {dag.py:3089} INFO - Sync 1 DAGs
[2025-11-27T12:02:56.648-0300] {logging_mixin.py:188} INFO - [2025-11-27T12:02:56.648-0300] {dag.py:3947} INFO - Setting next_dagrun for latest_only_with_trigger to 2025-11-27 08:00:00+00:00, run_after=2025-11-27 12:00:00+00:00
[2025-11-27T12:02:56.657-0300] {processor.py:183} INFO - Processing /Users/davispecia/Documents/GitHub/Pf_pipeline_dados/Projeto_final_fase3/venv/lib/python3.9/site-packages/airflow/example_dags/example_latest_only_with_trigger.py took 0.094 seconds
[2025-11-27T12:05:02.677-0300] {processor.py:161} INFO - Started process (PID=98561) to work on /Users/davispecia/Documents/GitHub/Pf_pipeline_dados/Projeto_final_fase3/venv/lib/python3.9/site-packages/airflow/example_dags/example_latest_only_with_trigger.py
[2025-11-27T12:05:02.678-0300] {processor.py:830} INFO - Processing file /Users/davispecia/Documents/GitHub/Pf_pipeline_dados/Projeto_final_fase3/venv/lib/python3.9/site-packages/airflow/example_dags/example_latest_only_with_trigger.py for tasks to queue
[2025-11-27T12:05:02.679-0300] {logging_mixin.py:188} INFO - [2025-11-27T12:05:02.679-0300] {dagbag.py:545} INFO - Filling up the DagBag from /Users/davispecia/Documents/GitHub/Pf_pipeline_dados/Projeto_final_fase3/venv/lib/python3.9/site-packages/airflow/example_dags/example_latest_only_with_trigger.py
[2025-11-27T12:05:02.682-0300] {processor.py:840} INFO - DAG(s) 'latest_only_with_trigger' retrieved from /Users/davispecia/Documents/GitHub/Pf_pipeline_dados/Projeto_final_fase3/venv/lib/python3.9/site-packages/airflow/example_dags/example_latest_only_with_trigger.py
[2025-11-27T12:05:02.751-0300] {logging_mixin.py:188} INFO - [2025-11-27T12:05:02.751-0300] {dag.py:3089} INFO - Sync 1 DAGs
[2025-11-27T12:05:02.760-0300] {logging_mixin.py:188} INFO - [2025-11-27T12:05:02.760-0300] {dag.py:3947} INFO - Setting next_dagrun for latest_only_with_trigger to 2025-11-27 08:00:00+00:00, run_after=2025-11-27 12:00:00+00:00
[2025-11-27T12:05:02.769-0300] {processor.py:183} INFO - Processing /Users/davispecia/Documents/GitHub/Pf_pipeline_dados/Projeto_final_fase3/venv/lib/python3.9/site-packages/airflow/example_dags/example_latest_only_with_trigger.py took 0.094 seconds
[2025-11-27T12:07:22.662-0300] {processor.py:161} INFO - Started process (PID=98943) to work on /Users/davispecia/Documents/GitHub/Pf_pipeline_dados/Projeto_final_fase3/venv/lib/python3.9/site-packages/airflow/example_dags/example_latest_only_with_trigger.py
[2025-11-27T12:07:22.663-0300] {processor.py:830} INFO - Processing file /Users/davispecia/Documents/GitHub/Pf_pipeline_dados/Projeto_final_fase3/venv/lib/python3.9/site-packages/airflow/example_dags/example_latest_only_with_trigger.py for tasks to queue
[2025-11-27T12:07:22.663-0300] {logging_mixin.py:188} INFO - [2025-11-27T12:07:22.663-0300] {dagbag.py:545} INFO - Filling up the DagBag from /Users/davispecia/Documents/GitHub/Pf_pipeline_dados/Projeto_final_fase3/venv/lib/python3.9/site-packages/airflow/example_dags/example_latest_only_with_trigger.py
[2025-11-27T12:07:22.667-0300] {processor.py:840} INFO - DAG(s) 'latest_only_with_trigger' retrieved from /Users/davispecia/Documents/GitHub/Pf_pipeline_dados/Projeto_final_fase3/venv/lib/python3.9/site-packages/airflow/example_dags/example_latest_only_with_trigger.py
[2025-11-27T12:07:22.736-0300] {logging_mixin.py:188} INFO - [2025-11-27T12:07:22.735-0300] {dag.py:3089} INFO - Sync 1 DAGs
[2025-11-27T12:07:22.745-0300] {logging_mixin.py:188} INFO - [2025-11-27T12:07:22.745-0300] {dag.py:3947} INFO - Setting next_dagrun for latest_only_with_trigger to 2025-11-27 08:00:00+00:00, run_after=2025-11-27 12:00:00+00:00
[2025-11-27T12:07:22.753-0300] {processor.py:183} INFO - Processing /Users/davispecia/Documents/GitHub/Pf_pipeline_dados/Projeto_final_fase3/venv/lib/python3.9/site-packages/airflow/example_dags/example_latest_only_with_trigger.py took 0.093 seconds
[2025-11-27T12:09:29.308-0300] {processor.py:161} INFO - Started process (PID=99245) to work on /Users/davispecia/Documents/GitHub/Pf_pipeline_dados/Projeto_final_fase3/venv/lib/python3.9/site-packages/airflow/example_dags/example_latest_only_with_trigger.py
[2025-11-27T12:09:29.309-0300] {processor.py:830} INFO - Processing file /Users/davispecia/Documents/GitHub/Pf_pipeline_dados/Projeto_final_fase3/venv/lib/python3.9/site-packages/airflow/example_dags/example_latest_only_with_trigger.py for tasks to queue
[2025-11-27T12:09:29.309-0300] {logging_mixin.py:188} INFO - [2025-11-27T12:09:29.309-0300] {dagbag.py:545} INFO - Filling up the DagBag from /Users/davispecia/Documents/GitHub/Pf_pipeline_dados/Projeto_final_fase3/venv/lib/python3.9/site-packages/airflow/example_dags/example_latest_only_with_trigger.py
[2025-11-27T12:09:29.314-0300] {processor.py:840} INFO - DAG(s) 'latest_only_with_trigger' retrieved from /Users/davispecia/Documents/GitHub/Pf_pipeline_dados/Projeto_final_fase3/venv/lib/python3.9/site-packages/airflow/example_dags/example_latest_only_with_trigger.py
[2025-11-27T12:09:29.382-0300] {logging_mixin.py:188} INFO - [2025-11-27T12:09:29.381-0300] {dag.py:3089} INFO - Sync 1 DAGs
[2025-11-27T12:09:29.391-0300] {logging_mixin.py:188} INFO - [2025-11-27T12:09:29.391-0300] {dag.py:3947} INFO - Setting next_dagrun for latest_only_with_trigger to 2025-11-27 08:00:00+00:00, run_after=2025-11-27 12:00:00+00:00
[2025-11-27T12:09:29.399-0300] {processor.py:183} INFO - Processing /Users/davispecia/Documents/GitHub/Pf_pipeline_dados/Projeto_final_fase3/venv/lib/python3.9/site-packages/airflow/example_dags/example_latest_only_with_trigger.py took 0.094 seconds
[2025-11-27T12:11:44.812-0300] {processor.py:161} INFO - Started process (PID=99627) to work on /Users/davispecia/Documents/GitHub/Pf_pipeline_dados/Projeto_final_fase3/venv/lib/python3.9/site-packages/airflow/example_dags/example_latest_only_with_trigger.py
[2025-11-27T12:11:44.814-0300] {processor.py:830} INFO - Processing file /Users/davispecia/Documents/GitHub/Pf_pipeline_dados/Projeto_final_fase3/venv/lib/python3.9/site-packages/airflow/example_dags/example_latest_only_with_trigger.py for tasks to queue
[2025-11-27T12:11:44.815-0300] {logging_mixin.py:188} INFO - [2025-11-27T12:11:44.815-0300] {dagbag.py:545} INFO - Filling up the DagBag from /Users/davispecia/Documents/GitHub/Pf_pipeline_dados/Projeto_final_fase3/venv/lib/python3.9/site-packages/airflow/example_dags/example_latest_only_with_trigger.py
[2025-11-27T12:11:44.819-0300] {processor.py:840} INFO - DAG(s) 'latest_only_with_trigger' retrieved from /Users/davispecia/Documents/GitHub/Pf_pipeline_dados/Projeto_final_fase3/venv/lib/python3.9/site-packages/airflow/example_dags/example_latest_only_with_trigger.py
[2025-11-27T12:11:44.889-0300] {logging_mixin.py:188} INFO - [2025-11-27T12:11:44.889-0300] {dag.py:3089} INFO - Sync 1 DAGs
[2025-11-27T12:11:44.898-0300] {logging_mixin.py:188} INFO - [2025-11-27T12:11:44.898-0300] {dag.py:3947} INFO - Setting next_dagrun for latest_only_with_trigger to 2025-11-27 08:00:00+00:00, run_after=2025-11-27 12:00:00+00:00
[2025-11-27T12:11:44.907-0300] {processor.py:183} INFO - Processing /Users/davispecia/Documents/GitHub/Pf_pipeline_dados/Projeto_final_fase3/venv/lib/python3.9/site-packages/airflow/example_dags/example_latest_only_with_trigger.py took 0.097 seconds
[2025-11-27T12:13:50.713-0300] {processor.py:161} INFO - Started process (PID=99926) to work on /Users/davispecia/Documents/GitHub/Pf_pipeline_dados/Projeto_final_fase3/venv/lib/python3.9/site-packages/airflow/example_dags/example_latest_only_with_trigger.py
[2025-11-27T12:13:50.714-0300] {processor.py:830} INFO - Processing file /Users/davispecia/Documents/GitHub/Pf_pipeline_dados/Projeto_final_fase3/venv/lib/python3.9/site-packages/airflow/example_dags/example_latest_only_with_trigger.py for tasks to queue
[2025-11-27T12:13:50.714-0300] {logging_mixin.py:188} INFO - [2025-11-27T12:13:50.714-0300] {dagbag.py:545} INFO - Filling up the DagBag from /Users/davispecia/Documents/GitHub/Pf_pipeline_dados/Projeto_final_fase3/venv/lib/python3.9/site-packages/airflow/example_dags/example_latest_only_with_trigger.py
[2025-11-27T12:13:50.718-0300] {processor.py:840} INFO - DAG(s) 'latest_only_with_trigger' retrieved from /Users/davispecia/Documents/GitHub/Pf_pipeline_dados/Projeto_final_fase3/venv/lib/python3.9/site-packages/airflow/example_dags/example_latest_only_with_trigger.py
[2025-11-27T12:13:50.787-0300] {logging_mixin.py:188} INFO - [2025-11-27T12:13:50.787-0300] {dag.py:3089} INFO - Sync 1 DAGs
[2025-11-27T12:13:50.797-0300] {logging_mixin.py:188} INFO - [2025-11-27T12:13:50.796-0300] {dag.py:3947} INFO - Setting next_dagrun for latest_only_with_trigger to 2025-11-27 08:00:00+00:00, run_after=2025-11-27 12:00:00+00:00
[2025-11-27T12:13:50.805-0300] {processor.py:183} INFO - Processing /Users/davispecia/Documents/GitHub/Pf_pipeline_dados/Projeto_final_fase3/venv/lib/python3.9/site-packages/airflow/example_dags/example_latest_only_with_trigger.py took 0.094 seconds
[2025-11-27T12:15:55.371-0300] {processor.py:161} INFO - Started process (PID=408) to work on /Users/davispecia/Documents/GitHub/Pf_pipeline_dados/Projeto_final_fase3/venv/lib/python3.9/site-packages/airflow/example_dags/example_latest_only_with_trigger.py
[2025-11-27T12:15:55.371-0300] {processor.py:830} INFO - Processing file /Users/davispecia/Documents/GitHub/Pf_pipeline_dados/Projeto_final_fase3/venv/lib/python3.9/site-packages/airflow/example_dags/example_latest_only_with_trigger.py for tasks to queue
[2025-11-27T12:15:55.372-0300] {logging_mixin.py:188} INFO - [2025-11-27T12:15:55.372-0300] {dagbag.py:545} INFO - Filling up the DagBag from /Users/davispecia/Documents/GitHub/Pf_pipeline_dados/Projeto_final_fase3/venv/lib/python3.9/site-packages/airflow/example_dags/example_latest_only_with_trigger.py
[2025-11-27T12:15:55.376-0300] {processor.py:840} INFO - DAG(s) 'latest_only_with_trigger' retrieved from /Users/davispecia/Documents/GitHub/Pf_pipeline_dados/Projeto_final_fase3/venv/lib/python3.9/site-packages/airflow/example_dags/example_latest_only_with_trigger.py
[2025-11-27T12:15:55.446-0300] {logging_mixin.py:188} INFO - [2025-11-27T12:15:55.446-0300] {dag.py:3089} INFO - Sync 1 DAGs
[2025-11-27T12:15:55.455-0300] {logging_mixin.py:188} INFO - [2025-11-27T12:15:55.455-0300] {dag.py:3947} INFO - Setting next_dagrun for latest_only_with_trigger to 2025-11-27 08:00:00+00:00, run_after=2025-11-27 12:00:00+00:00
[2025-11-27T12:15:55.464-0300] {processor.py:183} INFO - Processing /Users/davispecia/Documents/GitHub/Pf_pipeline_dados/Projeto_final_fase3/venv/lib/python3.9/site-packages/airflow/example_dags/example_latest_only_with_trigger.py took 0.095 seconds
[2025-11-27T12:18:03.291-0300] {processor.py:161} INFO - Started process (PID=878) to work on /Users/davispecia/Documents/GitHub/Pf_pipeline_dados/Projeto_final_fase3/venv/lib/python3.9/site-packages/airflow/example_dags/example_latest_only_with_trigger.py
[2025-11-27T12:18:03.292-0300] {processor.py:830} INFO - Processing file /Users/davispecia/Documents/GitHub/Pf_pipeline_dados/Projeto_final_fase3/venv/lib/python3.9/site-packages/airflow/example_dags/example_latest_only_with_trigger.py for tasks to queue
[2025-11-27T12:18:03.293-0300] {logging_mixin.py:188} INFO - [2025-11-27T12:18:03.293-0300] {dagbag.py:545} INFO - Filling up the DagBag from /Users/davispecia/Documents/GitHub/Pf_pipeline_dados/Projeto_final_fase3/venv/lib/python3.9/site-packages/airflow/example_dags/example_latest_only_with_trigger.py
[2025-11-27T12:18:03.297-0300] {processor.py:840} INFO - DAG(s) 'latest_only_with_trigger' retrieved from /Users/davispecia/Documents/GitHub/Pf_pipeline_dados/Projeto_final_fase3/venv/lib/python3.9/site-packages/airflow/example_dags/example_latest_only_with_trigger.py
[2025-11-27T12:18:03.367-0300] {logging_mixin.py:188} INFO - [2025-11-27T12:18:03.367-0300] {dag.py:3089} INFO - Sync 1 DAGs
[2025-11-27T12:18:03.376-0300] {logging_mixin.py:188} INFO - [2025-11-27T12:18:03.376-0300] {dag.py:3947} INFO - Setting next_dagrun for latest_only_with_trigger to 2025-11-27 08:00:00+00:00, run_after=2025-11-27 12:00:00+00:00
[2025-11-27T12:18:03.385-0300] {processor.py:183} INFO - Processing /Users/davispecia/Documents/GitHub/Pf_pipeline_dados/Projeto_final_fase3/venv/lib/python3.9/site-packages/airflow/example_dags/example_latest_only_with_trigger.py took 0.096 seconds
[2025-11-27T12:20:05.906-0300] {processor.py:161} INFO - Started process (PID=1176) to work on /Users/davispecia/Documents/GitHub/Pf_pipeline_dados/Projeto_final_fase3/venv/lib/python3.9/site-packages/airflow/example_dags/example_latest_only_with_trigger.py
[2025-11-27T12:20:05.908-0300] {processor.py:830} INFO - Processing file /Users/davispecia/Documents/GitHub/Pf_pipeline_dados/Projeto_final_fase3/venv/lib/python3.9/site-packages/airflow/example_dags/example_latest_only_with_trigger.py for tasks to queue
[2025-11-27T12:20:05.908-0300] {logging_mixin.py:188} INFO - [2025-11-27T12:20:05.908-0300] {dagbag.py:545} INFO - Filling up the DagBag from /Users/davispecia/Documents/GitHub/Pf_pipeline_dados/Projeto_final_fase3/venv/lib/python3.9/site-packages/airflow/example_dags/example_latest_only_with_trigger.py
[2025-11-27T12:20:05.912-0300] {processor.py:840} INFO - DAG(s) 'latest_only_with_trigger' retrieved from /Users/davispecia/Documents/GitHub/Pf_pipeline_dados/Projeto_final_fase3/venv/lib/python3.9/site-packages/airflow/example_dags/example_latest_only_with_trigger.py
[2025-11-27T12:20:05.981-0300] {logging_mixin.py:188} INFO - [2025-11-27T12:20:05.980-0300] {dag.py:3089} INFO - Sync 1 DAGs
[2025-11-27T12:20:05.989-0300] {logging_mixin.py:188} INFO - [2025-11-27T12:20:05.989-0300] {dag.py:3947} INFO - Setting next_dagrun for latest_only_with_trigger to 2025-11-27 08:00:00+00:00, run_after=2025-11-27 12:00:00+00:00
[2025-11-27T12:20:05.998-0300] {processor.py:183} INFO - Processing /Users/davispecia/Documents/GitHub/Pf_pipeline_dados/Projeto_final_fase3/venv/lib/python3.9/site-packages/airflow/example_dags/example_latest_only_with_trigger.py took 0.094 seconds
[2025-11-27T12:22:18.546-0300] {processor.py:161} INFO - Started process (PID=1587) to work on /Users/davispecia/Documents/GitHub/Pf_pipeline_dados/Projeto_final_fase3/venv/lib/python3.9/site-packages/airflow/example_dags/example_latest_only_with_trigger.py
[2025-11-27T12:22:18.547-0300] {processor.py:830} INFO - Processing file /Users/davispecia/Documents/GitHub/Pf_pipeline_dados/Projeto_final_fase3/venv/lib/python3.9/site-packages/airflow/example_dags/example_latest_only_with_trigger.py for tasks to queue
[2025-11-27T12:22:18.548-0300] {logging_mixin.py:188} INFO - [2025-11-27T12:22:18.548-0300] {dagbag.py:545} INFO - Filling up the DagBag from /Users/davispecia/Documents/GitHub/Pf_pipeline_dados/Projeto_final_fase3/venv/lib/python3.9/site-packages/airflow/example_dags/example_latest_only_with_trigger.py
[2025-11-27T12:22:18.552-0300] {processor.py:840} INFO - DAG(s) 'latest_only_with_trigger' retrieved from /Users/davispecia/Documents/GitHub/Pf_pipeline_dados/Projeto_final_fase3/venv/lib/python3.9/site-packages/airflow/example_dags/example_latest_only_with_trigger.py
[2025-11-27T12:22:18.621-0300] {logging_mixin.py:188} INFO - [2025-11-27T12:22:18.621-0300] {dag.py:3089} INFO - Sync 1 DAGs
[2025-11-27T12:22:18.630-0300] {logging_mixin.py:188} INFO - [2025-11-27T12:22:18.629-0300] {dag.py:3947} INFO - Setting next_dagrun for latest_only_with_trigger to 2025-11-27 08:00:00+00:00, run_after=2025-11-27 12:00:00+00:00
[2025-11-27T12:22:18.639-0300] {processor.py:183} INFO - Processing /Users/davispecia/Documents/GitHub/Pf_pipeline_dados/Projeto_final_fase3/venv/lib/python3.9/site-packages/airflow/example_dags/example_latest_only_with_trigger.py took 0.095 seconds
[2025-11-27T12:24:20.395-0300] {processor.py:161} INFO - Started process (PID=1890) to work on /Users/davispecia/Documents/GitHub/Pf_pipeline_dados/Projeto_final_fase3/venv/lib/python3.9/site-packages/airflow/example_dags/example_latest_only_with_trigger.py
[2025-11-27T12:24:20.396-0300] {processor.py:830} INFO - Processing file /Users/davispecia/Documents/GitHub/Pf_pipeline_dados/Projeto_final_fase3/venv/lib/python3.9/site-packages/airflow/example_dags/example_latest_only_with_trigger.py for tasks to queue
[2025-11-27T12:24:20.396-0300] {logging_mixin.py:188} INFO - [2025-11-27T12:24:20.396-0300] {dagbag.py:545} INFO - Filling up the DagBag from /Users/davispecia/Documents/GitHub/Pf_pipeline_dados/Projeto_final_fase3/venv/lib/python3.9/site-packages/airflow/example_dags/example_latest_only_with_trigger.py
[2025-11-27T12:24:20.400-0300] {processor.py:840} INFO - DAG(s) 'latest_only_with_trigger' retrieved from /Users/davispecia/Documents/GitHub/Pf_pipeline_dados/Projeto_final_fase3/venv/lib/python3.9/site-packages/airflow/example_dags/example_latest_only_with_trigger.py
[2025-11-27T12:24:20.469-0300] {logging_mixin.py:188} INFO - [2025-11-27T12:24:20.469-0300] {dag.py:3089} INFO - Sync 1 DAGs
[2025-11-27T12:24:20.478-0300] {logging_mixin.py:188} INFO - [2025-11-27T12:24:20.478-0300] {dag.py:3947} INFO - Setting next_dagrun for latest_only_with_trigger to 2025-11-27 08:00:00+00:00, run_after=2025-11-27 12:00:00+00:00
[2025-11-27T12:24:20.487-0300] {processor.py:183} INFO - Processing /Users/davispecia/Documents/GitHub/Pf_pipeline_dados/Projeto_final_fase3/venv/lib/python3.9/site-packages/airflow/example_dags/example_latest_only_with_trigger.py took 0.094 seconds
[2025-11-27T12:26:24.834-0300] {processor.py:161} INFO - Started process (PID=2194) to work on /Users/davispecia/Documents/GitHub/Pf_pipeline_dados/Projeto_final_fase3/venv/lib/python3.9/site-packages/airflow/example_dags/example_latest_only_with_trigger.py
[2025-11-27T12:26:24.835-0300] {processor.py:830} INFO - Processing file /Users/davispecia/Documents/GitHub/Pf_pipeline_dados/Projeto_final_fase3/venv/lib/python3.9/site-packages/airflow/example_dags/example_latest_only_with_trigger.py for tasks to queue
[2025-11-27T12:26:24.836-0300] {logging_mixin.py:188} INFO - [2025-11-27T12:26:24.835-0300] {dagbag.py:545} INFO - Filling up the DagBag from /Users/davispecia/Documents/GitHub/Pf_pipeline_dados/Projeto_final_fase3/venv/lib/python3.9/site-packages/airflow/example_dags/example_latest_only_with_trigger.py
[2025-11-27T12:26:24.840-0300] {processor.py:840} INFO - DAG(s) 'latest_only_with_trigger' retrieved from /Users/davispecia/Documents/GitHub/Pf_pipeline_dados/Projeto_final_fase3/venv/lib/python3.9/site-packages/airflow/example_dags/example_latest_only_with_trigger.py
[2025-11-27T12:26:24.908-0300] {logging_mixin.py:188} INFO - [2025-11-27T12:26:24.907-0300] {dag.py:3089} INFO - Sync 1 DAGs
[2025-11-27T12:26:24.916-0300] {logging_mixin.py:188} INFO - [2025-11-27T12:26:24.916-0300] {dag.py:3947} INFO - Setting next_dagrun for latest_only_with_trigger to 2025-11-27 08:00:00+00:00, run_after=2025-11-27 12:00:00+00:00
[2025-11-27T12:26:24.926-0300] {processor.py:183} INFO - Processing /Users/davispecia/Documents/GitHub/Pf_pipeline_dados/Projeto_final_fase3/venv/lib/python3.9/site-packages/airflow/example_dags/example_latest_only_with_trigger.py took 0.094 seconds
[2025-11-27T13:06:48.128-0300] {processor.py:161} INFO - Started process (PID=2654) to work on /Users/davispecia/Documents/GitHub/Pf_pipeline_dados/Projeto_final_fase3/venv/lib/python3.9/site-packages/airflow/example_dags/example_latest_only_with_trigger.py
[2025-11-27T13:06:48.129-0300] {processor.py:830} INFO - Processing file /Users/davispecia/Documents/GitHub/Pf_pipeline_dados/Projeto_final_fase3/venv/lib/python3.9/site-packages/airflow/example_dags/example_latest_only_with_trigger.py for tasks to queue
[2025-11-27T13:06:48.129-0300] {logging_mixin.py:188} INFO - [2025-11-27T13:06:48.129-0300] {dagbag.py:545} INFO - Filling up the DagBag from /Users/davispecia/Documents/GitHub/Pf_pipeline_dados/Projeto_final_fase3/venv/lib/python3.9/site-packages/airflow/example_dags/example_latest_only_with_trigger.py
[2025-11-27T13:06:48.133-0300] {processor.py:840} INFO - DAG(s) 'latest_only_with_trigger' retrieved from /Users/davispecia/Documents/GitHub/Pf_pipeline_dados/Projeto_final_fase3/venv/lib/python3.9/site-packages/airflow/example_dags/example_latest_only_with_trigger.py
[2025-11-27T13:06:48.201-0300] {logging_mixin.py:188} INFO - [2025-11-27T13:06:48.201-0300] {dag.py:3089} INFO - Sync 1 DAGs
[2025-11-27T13:06:48.210-0300] {logging_mixin.py:188} INFO - [2025-11-27T13:06:48.210-0300] {dag.py:3947} INFO - Setting next_dagrun for latest_only_with_trigger to 2025-11-27 12:00:00+00:00, run_after=2025-11-27 16:00:00+00:00
[2025-11-27T13:06:48.221-0300] {processor.py:183} INFO - Processing /Users/davispecia/Documents/GitHub/Pf_pipeline_dados/Projeto_final_fase3/venv/lib/python3.9/site-packages/airflow/example_dags/example_latest_only_with_trigger.py took 0.095 seconds
[2025-11-27T14:08:46.516-0300] {processor.py:161} INFO - Started process (PID=3347) to work on /Users/davispecia/Documents/GitHub/Pf_pipeline_dados/Projeto_final_fase3/venv/lib/python3.9/site-packages/airflow/example_dags/example_latest_only_with_trigger.py
[2025-11-27T14:08:46.517-0300] {processor.py:830} INFO - Processing file /Users/davispecia/Documents/GitHub/Pf_pipeline_dados/Projeto_final_fase3/venv/lib/python3.9/site-packages/airflow/example_dags/example_latest_only_with_trigger.py for tasks to queue
[2025-11-27T14:08:46.518-0300] {logging_mixin.py:188} INFO - [2025-11-27T14:08:46.518-0300] {dagbag.py:545} INFO - Filling up the DagBag from /Users/davispecia/Documents/GitHub/Pf_pipeline_dados/Projeto_final_fase3/venv/lib/python3.9/site-packages/airflow/example_dags/example_latest_only_with_trigger.py
[2025-11-27T14:08:46.522-0300] {processor.py:840} INFO - DAG(s) 'latest_only_with_trigger' retrieved from /Users/davispecia/Documents/GitHub/Pf_pipeline_dados/Projeto_final_fase3/venv/lib/python3.9/site-packages/airflow/example_dags/example_latest_only_with_trigger.py
[2025-11-27T14:08:46.592-0300] {logging_mixin.py:188} INFO - [2025-11-27T14:08:46.592-0300] {dag.py:3089} INFO - Sync 1 DAGs
[2025-11-27T14:08:46.601-0300] {logging_mixin.py:188} INFO - [2025-11-27T14:08:46.601-0300] {dag.py:3947} INFO - Setting next_dagrun for latest_only_with_trigger to 2025-11-27 12:00:00+00:00, run_after=2025-11-27 16:00:00+00:00
[2025-11-27T14:08:46.611-0300] {processor.py:183} INFO - Processing /Users/davispecia/Documents/GitHub/Pf_pipeline_dados/Projeto_final_fase3/venv/lib/python3.9/site-packages/airflow/example_dags/example_latest_only_with_trigger.py took 0.097 seconds
[2025-11-27T14:11:00.496-0300] {processor.py:161} INFO - Started process (PID=3729) to work on /Users/davispecia/Documents/GitHub/Pf_pipeline_dados/Projeto_final_fase3/venv/lib/python3.9/site-packages/airflow/example_dags/example_latest_only_with_trigger.py
[2025-11-27T14:11:00.497-0300] {processor.py:830} INFO - Processing file /Users/davispecia/Documents/GitHub/Pf_pipeline_dados/Projeto_final_fase3/venv/lib/python3.9/site-packages/airflow/example_dags/example_latest_only_with_trigger.py for tasks to queue
[2025-11-27T14:11:00.497-0300] {logging_mixin.py:188} INFO - [2025-11-27T14:11:00.497-0300] {dagbag.py:545} INFO - Filling up the DagBag from /Users/davispecia/Documents/GitHub/Pf_pipeline_dados/Projeto_final_fase3/venv/lib/python3.9/site-packages/airflow/example_dags/example_latest_only_with_trigger.py
[2025-11-27T14:11:00.501-0300] {processor.py:840} INFO - DAG(s) 'latest_only_with_trigger' retrieved from /Users/davispecia/Documents/GitHub/Pf_pipeline_dados/Projeto_final_fase3/venv/lib/python3.9/site-packages/airflow/example_dags/example_latest_only_with_trigger.py
[2025-11-27T14:11:00.575-0300] {logging_mixin.py:188} INFO - [2025-11-27T14:11:00.575-0300] {dag.py:3089} INFO - Sync 1 DAGs
[2025-11-27T14:11:00.583-0300] {logging_mixin.py:188} INFO - [2025-11-27T14:11:00.583-0300] {dag.py:3947} INFO - Setting next_dagrun for latest_only_with_trigger to 2025-11-27 12:00:00+00:00, run_after=2025-11-27 16:00:00+00:00
[2025-11-27T14:11:00.594-0300] {processor.py:183} INFO - Processing /Users/davispecia/Documents/GitHub/Pf_pipeline_dados/Projeto_final_fase3/venv/lib/python3.9/site-packages/airflow/example_dags/example_latest_only_with_trigger.py took 0.100 seconds
[2025-11-27T14:13:02.885-0300] {processor.py:161} INFO - Started process (PID=4035) to work on /Users/davispecia/Documents/GitHub/Pf_pipeline_dados/Projeto_final_fase3/venv/lib/python3.9/site-packages/airflow/example_dags/example_latest_only_with_trigger.py
[2025-11-27T14:13:02.886-0300] {processor.py:830} INFO - Processing file /Users/davispecia/Documents/GitHub/Pf_pipeline_dados/Projeto_final_fase3/venv/lib/python3.9/site-packages/airflow/example_dags/example_latest_only_with_trigger.py for tasks to queue
[2025-11-27T14:13:02.887-0300] {logging_mixin.py:188} INFO - [2025-11-27T14:13:02.886-0300] {dagbag.py:545} INFO - Filling up the DagBag from /Users/davispecia/Documents/GitHub/Pf_pipeline_dados/Projeto_final_fase3/venv/lib/python3.9/site-packages/airflow/example_dags/example_latest_only_with_trigger.py
[2025-11-27T14:13:02.892-0300] {processor.py:840} INFO - DAG(s) 'latest_only_with_trigger' retrieved from /Users/davispecia/Documents/GitHub/Pf_pipeline_dados/Projeto_final_fase3/venv/lib/python3.9/site-packages/airflow/example_dags/example_latest_only_with_trigger.py
[2025-11-27T14:13:02.992-0300] {logging_mixin.py:188} INFO - [2025-11-27T14:13:02.991-0300] {dag.py:3089} INFO - Sync 1 DAGs
[2025-11-27T14:13:03.002-0300] {logging_mixin.py:188} INFO - [2025-11-27T14:13:03.002-0300] {dag.py:3947} INFO - Setting next_dagrun for latest_only_with_trigger to 2025-11-27 12:00:00+00:00, run_after=2025-11-27 16:00:00+00:00
[2025-11-27T14:13:03.013-0300] {processor.py:183} INFO - Processing /Users/davispecia/Documents/GitHub/Pf_pipeline_dados/Projeto_final_fase3/venv/lib/python3.9/site-packages/airflow/example_dags/example_latest_only_with_trigger.py took 0.133 seconds
[2025-11-27T14:15:27.301-0300] {processor.py:161} INFO - Started process (PID=4461) to work on /Users/davispecia/Documents/GitHub/Pf_pipeline_dados/Projeto_final_fase3/venv/lib/python3.9/site-packages/airflow/example_dags/example_latest_only_with_trigger.py
[2025-11-27T14:15:27.301-0300] {processor.py:830} INFO - Processing file /Users/davispecia/Documents/GitHub/Pf_pipeline_dados/Projeto_final_fase3/venv/lib/python3.9/site-packages/airflow/example_dags/example_latest_only_with_trigger.py for tasks to queue
[2025-11-27T14:15:27.302-0300] {logging_mixin.py:188} INFO - [2025-11-27T14:15:27.302-0300] {dagbag.py:545} INFO - Filling up the DagBag from /Users/davispecia/Documents/GitHub/Pf_pipeline_dados/Projeto_final_fase3/venv/lib/python3.9/site-packages/airflow/example_dags/example_latest_only_with_trigger.py
[2025-11-27T14:15:27.309-0300] {processor.py:840} INFO - DAG(s) 'latest_only_with_trigger' retrieved from /Users/davispecia/Documents/GitHub/Pf_pipeline_dados/Projeto_final_fase3/venv/lib/python3.9/site-packages/airflow/example_dags/example_latest_only_with_trigger.py
[2025-11-27T14:15:27.401-0300] {logging_mixin.py:188} INFO - [2025-11-27T14:15:27.401-0300] {dag.py:3089} INFO - Sync 1 DAGs
[2025-11-27T14:15:27.411-0300] {logging_mixin.py:188} INFO - [2025-11-27T14:15:27.411-0300] {dag.py:3947} INFO - Setting next_dagrun for latest_only_with_trigger to 2025-11-27 12:00:00+00:00, run_after=2025-11-27 16:00:00+00:00
[2025-11-27T14:15:27.422-0300] {processor.py:183} INFO - Processing /Users/davispecia/Documents/GitHub/Pf_pipeline_dados/Projeto_final_fase3/venv/lib/python3.9/site-packages/airflow/example_dags/example_latest_only_with_trigger.py took 0.125 seconds
[2025-11-27T14:17:39.442-0300] {processor.py:161} INFO - Started process (PID=4775) to work on /Users/davispecia/Documents/GitHub/Pf_pipeline_dados/Projeto_final_fase3/venv/lib/python3.9/site-packages/airflow/example_dags/example_latest_only_with_trigger.py
[2025-11-27T14:17:39.444-0300] {processor.py:830} INFO - Processing file /Users/davispecia/Documents/GitHub/Pf_pipeline_dados/Projeto_final_fase3/venv/lib/python3.9/site-packages/airflow/example_dags/example_latest_only_with_trigger.py for tasks to queue
[2025-11-27T14:17:39.444-0300] {logging_mixin.py:188} INFO - [2025-11-27T14:17:39.444-0300] {dagbag.py:545} INFO - Filling up the DagBag from /Users/davispecia/Documents/GitHub/Pf_pipeline_dados/Projeto_final_fase3/venv/lib/python3.9/site-packages/airflow/example_dags/example_latest_only_with_trigger.py
[2025-11-27T14:17:39.451-0300] {processor.py:840} INFO - DAG(s) 'latest_only_with_trigger' retrieved from /Users/davispecia/Documents/GitHub/Pf_pipeline_dados/Projeto_final_fase3/venv/lib/python3.9/site-packages/airflow/example_dags/example_latest_only_with_trigger.py
[2025-11-27T14:17:39.544-0300] {logging_mixin.py:188} INFO - [2025-11-27T14:17:39.543-0300] {dag.py:3089} INFO - Sync 1 DAGs
[2025-11-27T14:17:39.554-0300] {logging_mixin.py:188} INFO - [2025-11-27T14:17:39.554-0300] {dag.py:3947} INFO - Setting next_dagrun for latest_only_with_trigger to 2025-11-27 12:00:00+00:00, run_after=2025-11-27 16:00:00+00:00
[2025-11-27T14:17:39.566-0300] {processor.py:183} INFO - Processing /Users/davispecia/Documents/GitHub/Pf_pipeline_dados/Projeto_final_fase3/venv/lib/python3.9/site-packages/airflow/example_dags/example_latest_only_with_trigger.py took 0.127 seconds
[2025-11-27T14:19:57.502-0300] {processor.py:161} INFO - Started process (PID=5102) to work on /Users/davispecia/Documents/GitHub/Pf_pipeline_dados/Projeto_final_fase3/venv/lib/python3.9/site-packages/airflow/example_dags/example_latest_only_with_trigger.py
[2025-11-27T14:19:57.503-0300] {processor.py:830} INFO - Processing file /Users/davispecia/Documents/GitHub/Pf_pipeline_dados/Projeto_final_fase3/venv/lib/python3.9/site-packages/airflow/example_dags/example_latest_only_with_trigger.py for tasks to queue
[2025-11-27T14:19:57.503-0300] {logging_mixin.py:188} INFO - [2025-11-27T14:19:57.503-0300] {dagbag.py:545} INFO - Filling up the DagBag from /Users/davispecia/Documents/GitHub/Pf_pipeline_dados/Projeto_final_fase3/venv/lib/python3.9/site-packages/airflow/example_dags/example_latest_only_with_trigger.py
[2025-11-27T14:19:57.508-0300] {processor.py:840} INFO - DAG(s) 'latest_only_with_trigger' retrieved from /Users/davispecia/Documents/GitHub/Pf_pipeline_dados/Projeto_final_fase3/venv/lib/python3.9/site-packages/airflow/example_dags/example_latest_only_with_trigger.py
[2025-11-27T14:19:57.578-0300] {logging_mixin.py:188} INFO - [2025-11-27T14:19:57.577-0300] {dag.py:3089} INFO - Sync 1 DAGs
[2025-11-27T14:19:57.586-0300] {logging_mixin.py:188} INFO - [2025-11-27T14:19:57.586-0300] {dag.py:3947} INFO - Setting next_dagrun for latest_only_with_trigger to 2025-11-27 12:00:00+00:00, run_after=2025-11-27 16:00:00+00:00
[2025-11-27T14:19:57.595-0300] {processor.py:183} INFO - Processing /Users/davispecia/Documents/GitHub/Pf_pipeline_dados/Projeto_final_fase3/venv/lib/python3.9/site-packages/airflow/example_dags/example_latest_only_with_trigger.py took 0.095 seconds
[2025-11-27T14:22:17.192-0300] {processor.py:161} INFO - Started process (PID=5492) to work on /Users/davispecia/Documents/GitHub/Pf_pipeline_dados/Projeto_final_fase3/venv/lib/python3.9/site-packages/airflow/example_dags/example_latest_only_with_trigger.py
[2025-11-27T14:22:17.193-0300] {processor.py:830} INFO - Processing file /Users/davispecia/Documents/GitHub/Pf_pipeline_dados/Projeto_final_fase3/venv/lib/python3.9/site-packages/airflow/example_dags/example_latest_only_with_trigger.py for tasks to queue
[2025-11-27T14:22:17.193-0300] {logging_mixin.py:188} INFO - [2025-11-27T14:22:17.193-0300] {dagbag.py:545} INFO - Filling up the DagBag from /Users/davispecia/Documents/GitHub/Pf_pipeline_dados/Projeto_final_fase3/venv/lib/python3.9/site-packages/airflow/example_dags/example_latest_only_with_trigger.py
[2025-11-27T14:22:17.197-0300] {processor.py:840} INFO - DAG(s) 'latest_only_with_trigger' retrieved from /Users/davispecia/Documents/GitHub/Pf_pipeline_dados/Projeto_final_fase3/venv/lib/python3.9/site-packages/airflow/example_dags/example_latest_only_with_trigger.py
[2025-11-27T14:22:17.272-0300] {logging_mixin.py:188} INFO - [2025-11-27T14:22:17.272-0300] {dag.py:3089} INFO - Sync 1 DAGs
[2025-11-27T14:22:17.281-0300] {logging_mixin.py:188} INFO - [2025-11-27T14:22:17.281-0300] {dag.py:3947} INFO - Setting next_dagrun for latest_only_with_trigger to 2025-11-27 12:00:00+00:00, run_after=2025-11-27 16:00:00+00:00
[2025-11-27T14:22:17.291-0300] {processor.py:183} INFO - Processing /Users/davispecia/Documents/GitHub/Pf_pipeline_dados/Projeto_final_fase3/venv/lib/python3.9/site-packages/airflow/example_dags/example_latest_only_with_trigger.py took 0.101 seconds
[2025-11-27T14:24:33.082-0300] {processor.py:161} INFO - Started process (PID=5808) to work on /Users/davispecia/Documents/GitHub/Pf_pipeline_dados/Projeto_final_fase3/venv/lib/python3.9/site-packages/airflow/example_dags/example_latest_only_with_trigger.py
[2025-11-27T14:24:33.086-0300] {processor.py:830} INFO - Processing file /Users/davispecia/Documents/GitHub/Pf_pipeline_dados/Projeto_final_fase3/venv/lib/python3.9/site-packages/airflow/example_dags/example_latest_only_with_trigger.py for tasks to queue
[2025-11-27T14:24:33.086-0300] {logging_mixin.py:188} INFO - [2025-11-27T14:24:33.086-0300] {dagbag.py:545} INFO - Filling up the DagBag from /Users/davispecia/Documents/GitHub/Pf_pipeline_dados/Projeto_final_fase3/venv/lib/python3.9/site-packages/airflow/example_dags/example_latest_only_with_trigger.py
[2025-11-27T14:24:33.091-0300] {processor.py:840} INFO - DAG(s) 'latest_only_with_trigger' retrieved from /Users/davispecia/Documents/GitHub/Pf_pipeline_dados/Projeto_final_fase3/venv/lib/python3.9/site-packages/airflow/example_dags/example_latest_only_with_trigger.py
[2025-11-27T14:24:33.175-0300] {logging_mixin.py:188} INFO - [2025-11-27T14:24:33.174-0300] {dag.py:3089} INFO - Sync 1 DAGs
[2025-11-27T14:24:33.189-0300] {logging_mixin.py:188} INFO - [2025-11-27T14:24:33.189-0300] {dag.py:3947} INFO - Setting next_dagrun for latest_only_with_trigger to 2025-11-27 12:00:00+00:00, run_after=2025-11-27 16:00:00+00:00
[2025-11-27T14:24:33.200-0300] {processor.py:183} INFO - Processing /Users/davispecia/Documents/GitHub/Pf_pipeline_dados/Projeto_final_fase3/venv/lib/python3.9/site-packages/airflow/example_dags/example_latest_only_with_trigger.py took 0.120 seconds
[2025-11-27T14:27:07.157-0300] {processor.py:161} INFO - Started process (PID=6229) to work on /Users/davispecia/Documents/GitHub/Pf_pipeline_dados/Projeto_final_fase3/venv/lib/python3.9/site-packages/airflow/example_dags/example_latest_only_with_trigger.py
[2025-11-27T14:27:07.158-0300] {processor.py:830} INFO - Processing file /Users/davispecia/Documents/GitHub/Pf_pipeline_dados/Projeto_final_fase3/venv/lib/python3.9/site-packages/airflow/example_dags/example_latest_only_with_trigger.py for tasks to queue
[2025-11-27T14:27:07.159-0300] {logging_mixin.py:188} INFO - [2025-11-27T14:27:07.158-0300] {dagbag.py:545} INFO - Filling up the DagBag from /Users/davispecia/Documents/GitHub/Pf_pipeline_dados/Projeto_final_fase3/venv/lib/python3.9/site-packages/airflow/example_dags/example_latest_only_with_trigger.py
[2025-11-27T14:27:07.164-0300] {processor.py:840} INFO - DAG(s) 'latest_only_with_trigger' retrieved from /Users/davispecia/Documents/GitHub/Pf_pipeline_dados/Projeto_final_fase3/venv/lib/python3.9/site-packages/airflow/example_dags/example_latest_only_with_trigger.py
[2025-11-27T14:27:07.247-0300] {logging_mixin.py:188} INFO - [2025-11-27T14:27:07.247-0300] {dag.py:3089} INFO - Sync 1 DAGs
[2025-11-27T14:27:07.258-0300] {logging_mixin.py:188} INFO - [2025-11-27T14:27:07.257-0300] {dag.py:3947} INFO - Setting next_dagrun for latest_only_with_trigger to 2025-11-27 12:00:00+00:00, run_after=2025-11-27 16:00:00+00:00
[2025-11-27T14:27:07.269-0300] {processor.py:183} INFO - Processing /Users/davispecia/Documents/GitHub/Pf_pipeline_dados/Projeto_final_fase3/venv/lib/python3.9/site-packages/airflow/example_dags/example_latest_only_with_trigger.py took 0.115 seconds
[2025-11-27T14:29:25.602-0300] {processor.py:161} INFO - Started process (PID=6610) to work on /Users/davispecia/Documents/GitHub/Pf_pipeline_dados/Projeto_final_fase3/venv/lib/python3.9/site-packages/airflow/example_dags/example_latest_only_with_trigger.py
[2025-11-27T14:29:25.603-0300] {processor.py:830} INFO - Processing file /Users/davispecia/Documents/GitHub/Pf_pipeline_dados/Projeto_final_fase3/venv/lib/python3.9/site-packages/airflow/example_dags/example_latest_only_with_trigger.py for tasks to queue
[2025-11-27T14:29:25.603-0300] {logging_mixin.py:188} INFO - [2025-11-27T14:29:25.603-0300] {dagbag.py:545} INFO - Filling up the DagBag from /Users/davispecia/Documents/GitHub/Pf_pipeline_dados/Projeto_final_fase3/venv/lib/python3.9/site-packages/airflow/example_dags/example_latest_only_with_trigger.py
[2025-11-27T14:29:25.608-0300] {processor.py:840} INFO - DAG(s) 'latest_only_with_trigger' retrieved from /Users/davispecia/Documents/GitHub/Pf_pipeline_dados/Projeto_final_fase3/venv/lib/python3.9/site-packages/airflow/example_dags/example_latest_only_with_trigger.py
[2025-11-27T14:29:25.686-0300] {logging_mixin.py:188} INFO - [2025-11-27T14:29:25.685-0300] {dag.py:3089} INFO - Sync 1 DAGs
[2025-11-27T14:29:25.695-0300] {logging_mixin.py:188} INFO - [2025-11-27T14:29:25.695-0300] {dag.py:3947} INFO - Setting next_dagrun for latest_only_with_trigger to 2025-11-27 12:00:00+00:00, run_after=2025-11-27 16:00:00+00:00
[2025-11-27T14:29:25.705-0300] {processor.py:183} INFO - Processing /Users/davispecia/Documents/GitHub/Pf_pipeline_dados/Projeto_final_fase3/venv/lib/python3.9/site-packages/airflow/example_dags/example_latest_only_with_trigger.py took 0.105 seconds
[2025-11-27T14:31:38.047-0300] {processor.py:161} INFO - Started process (PID=6921) to work on /Users/davispecia/Documents/GitHub/Pf_pipeline_dados/Projeto_final_fase3/venv/lib/python3.9/site-packages/airflow/example_dags/example_latest_only_with_trigger.py
[2025-11-27T14:31:38.047-0300] {processor.py:830} INFO - Processing file /Users/davispecia/Documents/GitHub/Pf_pipeline_dados/Projeto_final_fase3/venv/lib/python3.9/site-packages/airflow/example_dags/example_latest_only_with_trigger.py for tasks to queue
[2025-11-27T14:31:38.048-0300] {logging_mixin.py:188} INFO - [2025-11-27T14:31:38.048-0300] {dagbag.py:545} INFO - Filling up the DagBag from /Users/davispecia/Documents/GitHub/Pf_pipeline_dados/Projeto_final_fase3/venv/lib/python3.9/site-packages/airflow/example_dags/example_latest_only_with_trigger.py
[2025-11-27T14:31:38.052-0300] {processor.py:840} INFO - DAG(s) 'latest_only_with_trigger' retrieved from /Users/davispecia/Documents/GitHub/Pf_pipeline_dados/Projeto_final_fase3/venv/lib/python3.9/site-packages/airflow/example_dags/example_latest_only_with_trigger.py
[2025-11-27T14:31:38.126-0300] {logging_mixin.py:188} INFO - [2025-11-27T14:31:38.126-0300] {dag.py:3089} INFO - Sync 1 DAGs
[2025-11-27T14:31:38.135-0300] {logging_mixin.py:188} INFO - [2025-11-27T14:31:38.135-0300] {dag.py:3947} INFO - Setting next_dagrun for latest_only_with_trigger to 2025-11-27 12:00:00+00:00, run_after=2025-11-27 16:00:00+00:00
[2025-11-27T14:31:38.144-0300] {processor.py:183} INFO - Processing /Users/davispecia/Documents/GitHub/Pf_pipeline_dados/Projeto_final_fase3/venv/lib/python3.9/site-packages/airflow/example_dags/example_latest_only_with_trigger.py took 0.100 seconds
[2025-11-27T14:33:56.988-0300] {processor.py:161} INFO - Started process (PID=7339) to work on /Users/davispecia/Documents/GitHub/Pf_pipeline_dados/Projeto_final_fase3/venv/lib/python3.9/site-packages/airflow/example_dags/example_latest_only_with_trigger.py
[2025-11-27T14:33:56.990-0300] {processor.py:830} INFO - Processing file /Users/davispecia/Documents/GitHub/Pf_pipeline_dados/Projeto_final_fase3/venv/lib/python3.9/site-packages/airflow/example_dags/example_latest_only_with_trigger.py for tasks to queue
[2025-11-27T14:33:56.990-0300] {logging_mixin.py:188} INFO - [2025-11-27T14:33:56.990-0300] {dagbag.py:545} INFO - Filling up the DagBag from /Users/davispecia/Documents/GitHub/Pf_pipeline_dados/Projeto_final_fase3/venv/lib/python3.9/site-packages/airflow/example_dags/example_latest_only_with_trigger.py
[2025-11-27T14:33:56.996-0300] {processor.py:840} INFO - DAG(s) 'latest_only_with_trigger' retrieved from /Users/davispecia/Documents/GitHub/Pf_pipeline_dados/Projeto_final_fase3/venv/lib/python3.9/site-packages/airflow/example_dags/example_latest_only_with_trigger.py
[2025-11-27T14:33:57.074-0300] {logging_mixin.py:188} INFO - [2025-11-27T14:33:57.074-0300] {dag.py:3089} INFO - Sync 1 DAGs
[2025-11-27T14:33:57.084-0300] {logging_mixin.py:188} INFO - [2025-11-27T14:33:57.084-0300] {dag.py:3947} INFO - Setting next_dagrun for latest_only_with_trigger to 2025-11-27 12:00:00+00:00, run_after=2025-11-27 16:00:00+00:00
[2025-11-27T14:33:57.096-0300] {processor.py:183} INFO - Processing /Users/davispecia/Documents/GitHub/Pf_pipeline_dados/Projeto_final_fase3/venv/lib/python3.9/site-packages/airflow/example_dags/example_latest_only_with_trigger.py took 0.110 seconds
[2025-11-27T14:36:16.174-0300] {processor.py:161} INFO - Started process (PID=7795) to work on /Users/davispecia/Documents/GitHub/Pf_pipeline_dados/Projeto_final_fase3/venv/lib/python3.9/site-packages/airflow/example_dags/example_latest_only_with_trigger.py
[2025-11-27T14:36:16.174-0300] {processor.py:830} INFO - Processing file /Users/davispecia/Documents/GitHub/Pf_pipeline_dados/Projeto_final_fase3/venv/lib/python3.9/site-packages/airflow/example_dags/example_latest_only_with_trigger.py for tasks to queue
[2025-11-27T14:36:16.175-0300] {logging_mixin.py:188} INFO - [2025-11-27T14:36:16.175-0300] {dagbag.py:545} INFO - Filling up the DagBag from /Users/davispecia/Documents/GitHub/Pf_pipeline_dados/Projeto_final_fase3/venv/lib/python3.9/site-packages/airflow/example_dags/example_latest_only_with_trigger.py
[2025-11-27T14:36:16.179-0300] {processor.py:840} INFO - DAG(s) 'latest_only_with_trigger' retrieved from /Users/davispecia/Documents/GitHub/Pf_pipeline_dados/Projeto_final_fase3/venv/lib/python3.9/site-packages/airflow/example_dags/example_latest_only_with_trigger.py
[2025-11-27T14:36:16.251-0300] {logging_mixin.py:188} INFO - [2025-11-27T14:36:16.251-0300] {dag.py:3089} INFO - Sync 1 DAGs
[2025-11-27T14:36:16.259-0300] {logging_mixin.py:188} INFO - [2025-11-27T14:36:16.259-0300] {dag.py:3947} INFO - Setting next_dagrun for latest_only_with_trigger to 2025-11-27 12:00:00+00:00, run_after=2025-11-27 16:00:00+00:00
[2025-11-27T14:36:16.271-0300] {processor.py:183} INFO - Processing /Users/davispecia/Documents/GitHub/Pf_pipeline_dados/Projeto_final_fase3/venv/lib/python3.9/site-packages/airflow/example_dags/example_latest_only_with_trigger.py took 0.099 seconds
[2025-11-27T14:38:32.163-0300] {processor.py:161} INFO - Started process (PID=8134) to work on /Users/davispecia/Documents/GitHub/Pf_pipeline_dados/Projeto_final_fase3/venv/lib/python3.9/site-packages/airflow/example_dags/example_latest_only_with_trigger.py
[2025-11-27T14:38:32.164-0300] {processor.py:830} INFO - Processing file /Users/davispecia/Documents/GitHub/Pf_pipeline_dados/Projeto_final_fase3/venv/lib/python3.9/site-packages/airflow/example_dags/example_latest_only_with_trigger.py for tasks to queue
[2025-11-27T14:38:32.164-0300] {logging_mixin.py:188} INFO - [2025-11-27T14:38:32.164-0300] {dagbag.py:545} INFO - Filling up the DagBag from /Users/davispecia/Documents/GitHub/Pf_pipeline_dados/Projeto_final_fase3/venv/lib/python3.9/site-packages/airflow/example_dags/example_latest_only_with_trigger.py
[2025-11-27T14:38:32.169-0300] {processor.py:840} INFO - DAG(s) 'latest_only_with_trigger' retrieved from /Users/davispecia/Documents/GitHub/Pf_pipeline_dados/Projeto_final_fase3/venv/lib/python3.9/site-packages/airflow/example_dags/example_latest_only_with_trigger.py
[2025-11-27T14:38:32.247-0300] {logging_mixin.py:188} INFO - [2025-11-27T14:38:32.246-0300] {dag.py:3089} INFO - Sync 1 DAGs
[2025-11-27T14:38:32.255-0300] {logging_mixin.py:188} INFO - [2025-11-27T14:38:32.255-0300] {dag.py:3947} INFO - Setting next_dagrun for latest_only_with_trigger to 2025-11-27 12:00:00+00:00, run_after=2025-11-27 16:00:00+00:00
[2025-11-27T14:38:32.265-0300] {processor.py:183} INFO - Processing /Users/davispecia/Documents/GitHub/Pf_pipeline_dados/Projeto_final_fase3/venv/lib/python3.9/site-packages/airflow/example_dags/example_latest_only_with_trigger.py took 0.104 seconds
[2025-11-27T14:40:49.087-0300] {processor.py:161} INFO - Started process (PID=8521) to work on /Users/davispecia/Documents/GitHub/Pf_pipeline_dados/Projeto_final_fase3/venv/lib/python3.9/site-packages/airflow/example_dags/example_latest_only_with_trigger.py
[2025-11-27T14:40:49.088-0300] {processor.py:830} INFO - Processing file /Users/davispecia/Documents/GitHub/Pf_pipeline_dados/Projeto_final_fase3/venv/lib/python3.9/site-packages/airflow/example_dags/example_latest_only_with_trigger.py for tasks to queue
[2025-11-27T14:40:49.088-0300] {logging_mixin.py:188} INFO - [2025-11-27T14:40:49.088-0300] {dagbag.py:545} INFO - Filling up the DagBag from /Users/davispecia/Documents/GitHub/Pf_pipeline_dados/Projeto_final_fase3/venv/lib/python3.9/site-packages/airflow/example_dags/example_latest_only_with_trigger.py
[2025-11-27T14:40:49.093-0300] {processor.py:840} INFO - DAG(s) 'latest_only_with_trigger' retrieved from /Users/davispecia/Documents/GitHub/Pf_pipeline_dados/Projeto_final_fase3/venv/lib/python3.9/site-packages/airflow/example_dags/example_latest_only_with_trigger.py
[2025-11-27T14:40:49.166-0300] {logging_mixin.py:188} INFO - [2025-11-27T14:40:49.166-0300] {dag.py:3089} INFO - Sync 1 DAGs
[2025-11-27T14:40:49.174-0300] {logging_mixin.py:188} INFO - [2025-11-27T14:40:49.174-0300] {dag.py:3947} INFO - Setting next_dagrun for latest_only_with_trigger to 2025-11-27 12:00:00+00:00, run_after=2025-11-27 16:00:00+00:00
[2025-11-27T14:40:49.183-0300] {processor.py:183} INFO - Processing /Users/davispecia/Documents/GitHub/Pf_pipeline_dados/Projeto_final_fase3/venv/lib/python3.9/site-packages/airflow/example_dags/example_latest_only_with_trigger.py took 0.098 seconds
[2025-11-27T14:42:51.771-0300] {processor.py:161} INFO - Started process (PID=8894) to work on /Users/davispecia/Documents/GitHub/Pf_pipeline_dados/Projeto_final_fase3/venv/lib/python3.9/site-packages/airflow/example_dags/example_latest_only_with_trigger.py
[2025-11-27T14:42:51.772-0300] {processor.py:830} INFO - Processing file /Users/davispecia/Documents/GitHub/Pf_pipeline_dados/Projeto_final_fase3/venv/lib/python3.9/site-packages/airflow/example_dags/example_latest_only_with_trigger.py for tasks to queue
[2025-11-27T14:42:51.772-0300] {logging_mixin.py:188} INFO - [2025-11-27T14:42:51.772-0300] {dagbag.py:545} INFO - Filling up the DagBag from /Users/davispecia/Documents/GitHub/Pf_pipeline_dados/Projeto_final_fase3/venv/lib/python3.9/site-packages/airflow/example_dags/example_latest_only_with_trigger.py
[2025-11-27T14:42:51.777-0300] {processor.py:840} INFO - DAG(s) 'latest_only_with_trigger' retrieved from /Users/davispecia/Documents/GitHub/Pf_pipeline_dados/Projeto_final_fase3/venv/lib/python3.9/site-packages/airflow/example_dags/example_latest_only_with_trigger.py
[2025-11-27T14:42:51.850-0300] {logging_mixin.py:188} INFO - [2025-11-27T14:42:51.850-0300] {dag.py:3089} INFO - Sync 1 DAGs
[2025-11-27T14:42:51.858-0300] {logging_mixin.py:188} INFO - [2025-11-27T14:42:51.858-0300] {dag.py:3947} INFO - Setting next_dagrun for latest_only_with_trigger to 2025-11-27 12:00:00+00:00, run_after=2025-11-27 16:00:00+00:00
[2025-11-27T14:42:51.868-0300] {processor.py:183} INFO - Processing /Users/davispecia/Documents/GitHub/Pf_pipeline_dados/Projeto_final_fase3/venv/lib/python3.9/site-packages/airflow/example_dags/example_latest_only_with_trigger.py took 0.099 seconds
[2025-11-27T14:45:10.489-0300] {processor.py:161} INFO - Started process (PID=9347) to work on /Users/davispecia/Documents/GitHub/Pf_pipeline_dados/Projeto_final_fase3/venv/lib/python3.9/site-packages/airflow/example_dags/example_latest_only_with_trigger.py
[2025-11-27T14:45:10.491-0300] {processor.py:830} INFO - Processing file /Users/davispecia/Documents/GitHub/Pf_pipeline_dados/Projeto_final_fase3/venv/lib/python3.9/site-packages/airflow/example_dags/example_latest_only_with_trigger.py for tasks to queue
[2025-11-27T14:45:10.491-0300] {logging_mixin.py:188} INFO - [2025-11-27T14:45:10.491-0300] {dagbag.py:545} INFO - Filling up the DagBag from /Users/davispecia/Documents/GitHub/Pf_pipeline_dados/Projeto_final_fase3/venv/lib/python3.9/site-packages/airflow/example_dags/example_latest_only_with_trigger.py
[2025-11-27T14:45:10.496-0300] {processor.py:840} INFO - DAG(s) 'latest_only_with_trigger' retrieved from /Users/davispecia/Documents/GitHub/Pf_pipeline_dados/Projeto_final_fase3/venv/lib/python3.9/site-packages/airflow/example_dags/example_latest_only_with_trigger.py
[2025-11-27T14:45:10.572-0300] {logging_mixin.py:188} INFO - [2025-11-27T14:45:10.571-0300] {dag.py:3089} INFO - Sync 1 DAGs
[2025-11-27T14:45:10.581-0300] {logging_mixin.py:188} INFO - [2025-11-27T14:45:10.580-0300] {dag.py:3947} INFO - Setting next_dagrun for latest_only_with_trigger to 2025-11-27 12:00:00+00:00, run_after=2025-11-27 16:00:00+00:00
[2025-11-27T14:45:10.590-0300] {processor.py:183} INFO - Processing /Users/davispecia/Documents/GitHub/Pf_pipeline_dados/Projeto_final_fase3/venv/lib/python3.9/site-packages/airflow/example_dags/example_latest_only_with_trigger.py took 0.103 seconds
[2025-11-27T14:47:20.881-0300] {processor.py:161} INFO - Started process (PID=9668) to work on /Users/davispecia/Documents/GitHub/Pf_pipeline_dados/Projeto_final_fase3/venv/lib/python3.9/site-packages/airflow/example_dags/example_latest_only_with_trigger.py
[2025-11-27T14:47:20.882-0300] {processor.py:830} INFO - Processing file /Users/davispecia/Documents/GitHub/Pf_pipeline_dados/Projeto_final_fase3/venv/lib/python3.9/site-packages/airflow/example_dags/example_latest_only_with_trigger.py for tasks to queue
[2025-11-27T14:47:20.882-0300] {logging_mixin.py:188} INFO - [2025-11-27T14:47:20.882-0300] {dagbag.py:545} INFO - Filling up the DagBag from /Users/davispecia/Documents/GitHub/Pf_pipeline_dados/Projeto_final_fase3/venv/lib/python3.9/site-packages/airflow/example_dags/example_latest_only_with_trigger.py
[2025-11-27T14:47:20.887-0300] {processor.py:840} INFO - DAG(s) 'latest_only_with_trigger' retrieved from /Users/davispecia/Documents/GitHub/Pf_pipeline_dados/Projeto_final_fase3/venv/lib/python3.9/site-packages/airflow/example_dags/example_latest_only_with_trigger.py
[2025-11-27T14:47:20.960-0300] {logging_mixin.py:188} INFO - [2025-11-27T14:47:20.959-0300] {dag.py:3089} INFO - Sync 1 DAGs
[2025-11-27T14:47:20.968-0300] {logging_mixin.py:188} INFO - [2025-11-27T14:47:20.968-0300] {dag.py:3947} INFO - Setting next_dagrun for latest_only_with_trigger to 2025-11-27 12:00:00+00:00, run_after=2025-11-27 16:00:00+00:00
[2025-11-27T14:47:20.980-0300] {processor.py:183} INFO - Processing /Users/davispecia/Documents/GitHub/Pf_pipeline_dados/Projeto_final_fase3/venv/lib/python3.9/site-packages/airflow/example_dags/example_latest_only_with_trigger.py took 0.101 seconds
[2025-11-27T14:49:26.566-0300] {processor.py:161} INFO - Started process (PID=9976) to work on /Users/davispecia/Documents/GitHub/Pf_pipeline_dados/Projeto_final_fase3/venv/lib/python3.9/site-packages/airflow/example_dags/example_latest_only_with_trigger.py
[2025-11-27T14:49:26.566-0300] {processor.py:830} INFO - Processing file /Users/davispecia/Documents/GitHub/Pf_pipeline_dados/Projeto_final_fase3/venv/lib/python3.9/site-packages/airflow/example_dags/example_latest_only_with_trigger.py for tasks to queue
[2025-11-27T14:49:26.567-0300] {logging_mixin.py:188} INFO - [2025-11-27T14:49:26.567-0300] {dagbag.py:545} INFO - Filling up the DagBag from /Users/davispecia/Documents/GitHub/Pf_pipeline_dados/Projeto_final_fase3/venv/lib/python3.9/site-packages/airflow/example_dags/example_latest_only_with_trigger.py
[2025-11-27T14:49:26.572-0300] {processor.py:840} INFO - DAG(s) 'latest_only_with_trigger' retrieved from /Users/davispecia/Documents/GitHub/Pf_pipeline_dados/Projeto_final_fase3/venv/lib/python3.9/site-packages/airflow/example_dags/example_latest_only_with_trigger.py
[2025-11-27T14:49:26.642-0300] {logging_mixin.py:188} INFO - [2025-11-27T14:49:26.642-0300] {dag.py:3089} INFO - Sync 1 DAGs
[2025-11-27T14:49:26.650-0300] {logging_mixin.py:188} INFO - [2025-11-27T14:49:26.650-0300] {dag.py:3947} INFO - Setting next_dagrun for latest_only_with_trigger to 2025-11-27 12:00:00+00:00, run_after=2025-11-27 16:00:00+00:00
[2025-11-27T14:49:26.659-0300] {processor.py:183} INFO - Processing /Users/davispecia/Documents/GitHub/Pf_pipeline_dados/Projeto_final_fase3/venv/lib/python3.9/site-packages/airflow/example_dags/example_latest_only_with_trigger.py took 0.097 seconds
[2025-11-27T14:51:46.360-0300] {processor.py:161} INFO - Started process (PID=10370) to work on /Users/davispecia/Documents/GitHub/Pf_pipeline_dados/Projeto_final_fase3/venv/lib/python3.9/site-packages/airflow/example_dags/example_latest_only_with_trigger.py
[2025-11-27T14:51:46.361-0300] {processor.py:830} INFO - Processing file /Users/davispecia/Documents/GitHub/Pf_pipeline_dados/Projeto_final_fase3/venv/lib/python3.9/site-packages/airflow/example_dags/example_latest_only_with_trigger.py for tasks to queue
[2025-11-27T14:51:46.361-0300] {logging_mixin.py:188} INFO - [2025-11-27T14:51:46.361-0300] {dagbag.py:545} INFO - Filling up the DagBag from /Users/davispecia/Documents/GitHub/Pf_pipeline_dados/Projeto_final_fase3/venv/lib/python3.9/site-packages/airflow/example_dags/example_latest_only_with_trigger.py
[2025-11-27T14:51:46.365-0300] {processor.py:840} INFO - DAG(s) 'latest_only_with_trigger' retrieved from /Users/davispecia/Documents/GitHub/Pf_pipeline_dados/Projeto_final_fase3/venv/lib/python3.9/site-packages/airflow/example_dags/example_latest_only_with_trigger.py
[2025-11-27T14:51:46.436-0300] {logging_mixin.py:188} INFO - [2025-11-27T14:51:46.436-0300] {dag.py:3089} INFO - Sync 1 DAGs
[2025-11-27T14:51:46.444-0300] {logging_mixin.py:188} INFO - [2025-11-27T14:51:46.444-0300] {dag.py:3947} INFO - Setting next_dagrun for latest_only_with_trigger to 2025-11-27 12:00:00+00:00, run_after=2025-11-27 16:00:00+00:00
[2025-11-27T14:51:46.453-0300] {processor.py:183} INFO - Processing /Users/davispecia/Documents/GitHub/Pf_pipeline_dados/Projeto_final_fase3/venv/lib/python3.9/site-packages/airflow/example_dags/example_latest_only_with_trigger.py took 0.095 seconds
[2025-11-27T14:53:50.211-0300] {processor.py:161} INFO - Started process (PID=10684) to work on /Users/davispecia/Documents/GitHub/Pf_pipeline_dados/Projeto_final_fase3/venv/lib/python3.9/site-packages/airflow/example_dags/example_latest_only_with_trigger.py
[2025-11-27T14:53:50.212-0300] {processor.py:830} INFO - Processing file /Users/davispecia/Documents/GitHub/Pf_pipeline_dados/Projeto_final_fase3/venv/lib/python3.9/site-packages/airflow/example_dags/example_latest_only_with_trigger.py for tasks to queue
[2025-11-27T14:53:50.213-0300] {logging_mixin.py:188} INFO - [2025-11-27T14:53:50.213-0300] {dagbag.py:545} INFO - Filling up the DagBag from /Users/davispecia/Documents/GitHub/Pf_pipeline_dados/Projeto_final_fase3/venv/lib/python3.9/site-packages/airflow/example_dags/example_latest_only_with_trigger.py
[2025-11-27T14:53:50.217-0300] {processor.py:840} INFO - DAG(s) 'latest_only_with_trigger' retrieved from /Users/davispecia/Documents/GitHub/Pf_pipeline_dados/Projeto_final_fase3/venv/lib/python3.9/site-packages/airflow/example_dags/example_latest_only_with_trigger.py
[2025-11-27T14:53:50.285-0300] {logging_mixin.py:188} INFO - [2025-11-27T14:53:50.285-0300] {dag.py:3089} INFO - Sync 1 DAGs
[2025-11-27T14:53:50.293-0300] {logging_mixin.py:188} INFO - [2025-11-27T14:53:50.293-0300] {dag.py:3947} INFO - Setting next_dagrun for latest_only_with_trigger to 2025-11-27 12:00:00+00:00, run_after=2025-11-27 16:00:00+00:00
[2025-11-27T14:53:50.303-0300] {processor.py:183} INFO - Processing /Users/davispecia/Documents/GitHub/Pf_pipeline_dados/Projeto_final_fase3/venv/lib/python3.9/site-packages/airflow/example_dags/example_latest_only_with_trigger.py took 0.093 seconds
[2025-11-27T14:56:03.542-0300] {processor.py:161} INFO - Started process (PID=11064) to work on /Users/davispecia/Documents/GitHub/Pf_pipeline_dados/Projeto_final_fase3/venv/lib/python3.9/site-packages/airflow/example_dags/example_latest_only_with_trigger.py
[2025-11-27T14:56:03.542-0300] {processor.py:830} INFO - Processing file /Users/davispecia/Documents/GitHub/Pf_pipeline_dados/Projeto_final_fase3/venv/lib/python3.9/site-packages/airflow/example_dags/example_latest_only_with_trigger.py for tasks to queue
[2025-11-27T14:56:03.543-0300] {logging_mixin.py:188} INFO - [2025-11-27T14:56:03.543-0300] {dagbag.py:545} INFO - Filling up the DagBag from /Users/davispecia/Documents/GitHub/Pf_pipeline_dados/Projeto_final_fase3/venv/lib/python3.9/site-packages/airflow/example_dags/example_latest_only_with_trigger.py
[2025-11-27T14:56:03.547-0300] {processor.py:840} INFO - DAG(s) 'latest_only_with_trigger' retrieved from /Users/davispecia/Documents/GitHub/Pf_pipeline_dados/Projeto_final_fase3/venv/lib/python3.9/site-packages/airflow/example_dags/example_latest_only_with_trigger.py
[2025-11-27T14:56:03.615-0300] {logging_mixin.py:188} INFO - [2025-11-27T14:56:03.615-0300] {dag.py:3089} INFO - Sync 1 DAGs
[2025-11-27T14:56:03.623-0300] {logging_mixin.py:188} INFO - [2025-11-27T14:56:03.623-0300] {dag.py:3947} INFO - Setting next_dagrun for latest_only_with_trigger to 2025-11-27 12:00:00+00:00, run_after=2025-11-27 16:00:00+00:00
[2025-11-27T14:56:03.633-0300] {processor.py:183} INFO - Processing /Users/davispecia/Documents/GitHub/Pf_pipeline_dados/Projeto_final_fase3/venv/lib/python3.9/site-packages/airflow/example_dags/example_latest_only_with_trigger.py took 0.093 seconds
[2025-11-27T14:58:11.593-0300] {processor.py:161} INFO - Started process (PID=11376) to work on /Users/davispecia/Documents/GitHub/Pf_pipeline_dados/Projeto_final_fase3/venv/lib/python3.9/site-packages/airflow/example_dags/example_latest_only_with_trigger.py
[2025-11-27T14:58:11.593-0300] {processor.py:830} INFO - Processing file /Users/davispecia/Documents/GitHub/Pf_pipeline_dados/Projeto_final_fase3/venv/lib/python3.9/site-packages/airflow/example_dags/example_latest_only_with_trigger.py for tasks to queue
[2025-11-27T14:58:11.594-0300] {logging_mixin.py:188} INFO - [2025-11-27T14:58:11.593-0300] {dagbag.py:545} INFO - Filling up the DagBag from /Users/davispecia/Documents/GitHub/Pf_pipeline_dados/Projeto_final_fase3/venv/lib/python3.9/site-packages/airflow/example_dags/example_latest_only_with_trigger.py
[2025-11-27T14:58:11.598-0300] {processor.py:840} INFO - DAG(s) 'latest_only_with_trigger' retrieved from /Users/davispecia/Documents/GitHub/Pf_pipeline_dados/Projeto_final_fase3/venv/lib/python3.9/site-packages/airflow/example_dags/example_latest_only_with_trigger.py
[2025-11-27T14:58:11.670-0300] {logging_mixin.py:188} INFO - [2025-11-27T14:58:11.670-0300] {dag.py:3089} INFO - Sync 1 DAGs
[2025-11-27T14:58:11.679-0300] {logging_mixin.py:188} INFO - [2025-11-27T14:58:11.678-0300] {dag.py:3947} INFO - Setting next_dagrun for latest_only_with_trigger to 2025-11-27 12:00:00+00:00, run_after=2025-11-27 16:00:00+00:00
[2025-11-27T14:58:11.688-0300] {processor.py:183} INFO - Processing /Users/davispecia/Documents/GitHub/Pf_pipeline_dados/Projeto_final_fase3/venv/lib/python3.9/site-packages/airflow/example_dags/example_latest_only_with_trigger.py took 0.097 seconds
[2025-11-27T15:00:16.894-0300] {processor.py:161} INFO - Started process (PID=11680) to work on /Users/davispecia/Documents/GitHub/Pf_pipeline_dados/Projeto_final_fase3/venv/lib/python3.9/site-packages/airflow/example_dags/example_latest_only_with_trigger.py
[2025-11-27T15:00:16.895-0300] {processor.py:830} INFO - Processing file /Users/davispecia/Documents/GitHub/Pf_pipeline_dados/Projeto_final_fase3/venv/lib/python3.9/site-packages/airflow/example_dags/example_latest_only_with_trigger.py for tasks to queue
[2025-11-27T15:00:16.895-0300] {logging_mixin.py:188} INFO - [2025-11-27T15:00:16.895-0300] {dagbag.py:545} INFO - Filling up the DagBag from /Users/davispecia/Documents/GitHub/Pf_pipeline_dados/Projeto_final_fase3/venv/lib/python3.9/site-packages/airflow/example_dags/example_latest_only_with_trigger.py
[2025-11-27T15:00:16.899-0300] {processor.py:840} INFO - DAG(s) 'latest_only_with_trigger' retrieved from /Users/davispecia/Documents/GitHub/Pf_pipeline_dados/Projeto_final_fase3/venv/lib/python3.9/site-packages/airflow/example_dags/example_latest_only_with_trigger.py
[2025-11-27T15:00:16.971-0300] {logging_mixin.py:188} INFO - [2025-11-27T15:00:16.971-0300] {dag.py:3089} INFO - Sync 1 DAGs
[2025-11-27T15:00:16.979-0300] {logging_mixin.py:188} INFO - [2025-11-27T15:00:16.979-0300] {dag.py:3947} INFO - Setting next_dagrun for latest_only_with_trigger to 2025-11-27 12:00:00+00:00, run_after=2025-11-27 16:00:00+00:00
[2025-11-27T15:00:16.988-0300] {processor.py:183} INFO - Processing /Users/davispecia/Documents/GitHub/Pf_pipeline_dados/Projeto_final_fase3/venv/lib/python3.9/site-packages/airflow/example_dags/example_latest_only_with_trigger.py took 0.096 seconds
[2025-11-27T15:02:34.650-0300] {processor.py:161} INFO - Started process (PID=12065) to work on /Users/davispecia/Documents/GitHub/Pf_pipeline_dados/Projeto_final_fase3/venv/lib/python3.9/site-packages/airflow/example_dags/example_latest_only_with_trigger.py
[2025-11-27T15:02:34.652-0300] {processor.py:830} INFO - Processing file /Users/davispecia/Documents/GitHub/Pf_pipeline_dados/Projeto_final_fase3/venv/lib/python3.9/site-packages/airflow/example_dags/example_latest_only_with_trigger.py for tasks to queue
[2025-11-27T15:02:34.652-0300] {logging_mixin.py:188} INFO - [2025-11-27T15:02:34.652-0300] {dagbag.py:545} INFO - Filling up the DagBag from /Users/davispecia/Documents/GitHub/Pf_pipeline_dados/Projeto_final_fase3/venv/lib/python3.9/site-packages/airflow/example_dags/example_latest_only_with_trigger.py
[2025-11-27T15:02:34.656-0300] {processor.py:840} INFO - DAG(s) 'latest_only_with_trigger' retrieved from /Users/davispecia/Documents/GitHub/Pf_pipeline_dados/Projeto_final_fase3/venv/lib/python3.9/site-packages/airflow/example_dags/example_latest_only_with_trigger.py
[2025-11-27T15:02:34.724-0300] {logging_mixin.py:188} INFO - [2025-11-27T15:02:34.723-0300] {dag.py:3089} INFO - Sync 1 DAGs
[2025-11-27T15:02:34.732-0300] {logging_mixin.py:188} INFO - [2025-11-27T15:02:34.731-0300] {dag.py:3947} INFO - Setting next_dagrun for latest_only_with_trigger to 2025-11-27 12:00:00+00:00, run_after=2025-11-27 16:00:00+00:00
[2025-11-27T15:02:34.740-0300] {processor.py:183} INFO - Processing /Users/davispecia/Documents/GitHub/Pf_pipeline_dados/Projeto_final_fase3/venv/lib/python3.9/site-packages/airflow/example_dags/example_latest_only_with_trigger.py took 0.092 seconds
[2025-11-27T15:04:39.886-0300] {processor.py:161} INFO - Started process (PID=12363) to work on /Users/davispecia/Documents/GitHub/Pf_pipeline_dados/Projeto_final_fase3/venv/lib/python3.9/site-packages/airflow/example_dags/example_latest_only_with_trigger.py
[2025-11-27T15:04:39.886-0300] {processor.py:830} INFO - Processing file /Users/davispecia/Documents/GitHub/Pf_pipeline_dados/Projeto_final_fase3/venv/lib/python3.9/site-packages/airflow/example_dags/example_latest_only_with_trigger.py for tasks to queue
[2025-11-27T15:04:39.887-0300] {logging_mixin.py:188} INFO - [2025-11-27T15:04:39.887-0300] {dagbag.py:545} INFO - Filling up the DagBag from /Users/davispecia/Documents/GitHub/Pf_pipeline_dados/Projeto_final_fase3/venv/lib/python3.9/site-packages/airflow/example_dags/example_latest_only_with_trigger.py
[2025-11-27T15:04:39.891-0300] {processor.py:840} INFO - DAG(s) 'latest_only_with_trigger' retrieved from /Users/davispecia/Documents/GitHub/Pf_pipeline_dados/Projeto_final_fase3/venv/lib/python3.9/site-packages/airflow/example_dags/example_latest_only_with_trigger.py
[2025-11-27T15:04:39.959-0300] {logging_mixin.py:188} INFO - [2025-11-27T15:04:39.959-0300] {dag.py:3089} INFO - Sync 1 DAGs
[2025-11-27T15:04:39.967-0300] {logging_mixin.py:188} INFO - [2025-11-27T15:04:39.967-0300] {dag.py:3947} INFO - Setting next_dagrun for latest_only_with_trigger to 2025-11-27 12:00:00+00:00, run_after=2025-11-27 16:00:00+00:00
[2025-11-27T15:04:39.976-0300] {processor.py:183} INFO - Processing /Users/davispecia/Documents/GitHub/Pf_pipeline_dados/Projeto_final_fase3/venv/lib/python3.9/site-packages/airflow/example_dags/example_latest_only_with_trigger.py took 0.092 seconds
[2025-11-27T15:06:48.683-0300] {processor.py:161} INFO - Started process (PID=12683) to work on /Users/davispecia/Documents/GitHub/Pf_pipeline_dados/Projeto_final_fase3/venv/lib/python3.9/site-packages/airflow/example_dags/example_latest_only_with_trigger.py
[2025-11-27T15:06:48.684-0300] {processor.py:830} INFO - Processing file /Users/davispecia/Documents/GitHub/Pf_pipeline_dados/Projeto_final_fase3/venv/lib/python3.9/site-packages/airflow/example_dags/example_latest_only_with_trigger.py for tasks to queue
[2025-11-27T15:06:48.684-0300] {logging_mixin.py:188} INFO - [2025-11-27T15:06:48.684-0300] {dagbag.py:545} INFO - Filling up the DagBag from /Users/davispecia/Documents/GitHub/Pf_pipeline_dados/Projeto_final_fase3/venv/lib/python3.9/site-packages/airflow/example_dags/example_latest_only_with_trigger.py
[2025-11-27T15:06:48.688-0300] {processor.py:840} INFO - DAG(s) 'latest_only_with_trigger' retrieved from /Users/davispecia/Documents/GitHub/Pf_pipeline_dados/Projeto_final_fase3/venv/lib/python3.9/site-packages/airflow/example_dags/example_latest_only_with_trigger.py
[2025-11-27T15:06:48.760-0300] {logging_mixin.py:188} INFO - [2025-11-27T15:06:48.760-0300] {dag.py:3089} INFO - Sync 1 DAGs
[2025-11-27T15:06:48.769-0300] {logging_mixin.py:188} INFO - [2025-11-27T15:06:48.768-0300] {dag.py:3947} INFO - Setting next_dagrun for latest_only_with_trigger to 2025-11-27 12:00:00+00:00, run_after=2025-11-27 16:00:00+00:00
[2025-11-27T15:06:48.778-0300] {processor.py:183} INFO - Processing /Users/davispecia/Documents/GitHub/Pf_pipeline_dados/Projeto_final_fase3/venv/lib/python3.9/site-packages/airflow/example_dags/example_latest_only_with_trigger.py took 0.097 seconds
[2025-11-27T15:09:02.938-0300] {processor.py:161} INFO - Started process (PID=13059) to work on /Users/davispecia/Documents/GitHub/Pf_pipeline_dados/Projeto_final_fase3/venv/lib/python3.9/site-packages/airflow/example_dags/example_latest_only_with_trigger.py
[2025-11-27T15:09:02.940-0300] {processor.py:830} INFO - Processing file /Users/davispecia/Documents/GitHub/Pf_pipeline_dados/Projeto_final_fase3/venv/lib/python3.9/site-packages/airflow/example_dags/example_latest_only_with_trigger.py for tasks to queue
[2025-11-27T15:09:02.940-0300] {logging_mixin.py:188} INFO - [2025-11-27T15:09:02.940-0300] {dagbag.py:545} INFO - Filling up the DagBag from /Users/davispecia/Documents/GitHub/Pf_pipeline_dados/Projeto_final_fase3/venv/lib/python3.9/site-packages/airflow/example_dags/example_latest_only_with_trigger.py
[2025-11-27T15:09:02.944-0300] {processor.py:840} INFO - DAG(s) 'latest_only_with_trigger' retrieved from /Users/davispecia/Documents/GitHub/Pf_pipeline_dados/Projeto_final_fase3/venv/lib/python3.9/site-packages/airflow/example_dags/example_latest_only_with_trigger.py
[2025-11-27T15:09:03.012-0300] {logging_mixin.py:188} INFO - [2025-11-27T15:09:03.012-0300] {dag.py:3089} INFO - Sync 1 DAGs
[2025-11-27T15:09:03.020-0300] {logging_mixin.py:188} INFO - [2025-11-27T15:09:03.020-0300] {dag.py:3947} INFO - Setting next_dagrun for latest_only_with_trigger to 2025-11-27 12:00:00+00:00, run_after=2025-11-27 16:00:00+00:00
[2025-11-27T15:09:03.029-0300] {processor.py:183} INFO - Processing /Users/davispecia/Documents/GitHub/Pf_pipeline_dados/Projeto_final_fase3/venv/lib/python3.9/site-packages/airflow/example_dags/example_latest_only_with_trigger.py took 0.093 seconds
[2025-11-27T15:11:09.319-0300] {processor.py:161} INFO - Started process (PID=13357) to work on /Users/davispecia/Documents/GitHub/Pf_pipeline_dados/Projeto_final_fase3/venv/lib/python3.9/site-packages/airflow/example_dags/example_latest_only_with_trigger.py
[2025-11-27T15:11:09.320-0300] {processor.py:830} INFO - Processing file /Users/davispecia/Documents/GitHub/Pf_pipeline_dados/Projeto_final_fase3/venv/lib/python3.9/site-packages/airflow/example_dags/example_latest_only_with_trigger.py for tasks to queue
[2025-11-27T15:11:09.320-0300] {logging_mixin.py:188} INFO - [2025-11-27T15:11:09.320-0300] {dagbag.py:545} INFO - Filling up the DagBag from /Users/davispecia/Documents/GitHub/Pf_pipeline_dados/Projeto_final_fase3/venv/lib/python3.9/site-packages/airflow/example_dags/example_latest_only_with_trigger.py
[2025-11-27T15:11:09.325-0300] {processor.py:840} INFO - DAG(s) 'latest_only_with_trigger' retrieved from /Users/davispecia/Documents/GitHub/Pf_pipeline_dados/Projeto_final_fase3/venv/lib/python3.9/site-packages/airflow/example_dags/example_latest_only_with_trigger.py
[2025-11-27T15:11:09.396-0300] {logging_mixin.py:188} INFO - [2025-11-27T15:11:09.395-0300] {dag.py:3089} INFO - Sync 1 DAGs
[2025-11-27T15:11:09.404-0300] {logging_mixin.py:188} INFO - [2025-11-27T15:11:09.403-0300] {dag.py:3947} INFO - Setting next_dagrun for latest_only_with_trigger to 2025-11-27 12:00:00+00:00, run_after=2025-11-27 16:00:00+00:00
[2025-11-27T15:11:09.412-0300] {processor.py:183} INFO - Processing /Users/davispecia/Documents/GitHub/Pf_pipeline_dados/Projeto_final_fase3/venv/lib/python3.9/site-packages/airflow/example_dags/example_latest_only_with_trigger.py took 0.095 seconds
[2025-11-27T15:13:23.259-0300] {processor.py:161} INFO - Started process (PID=13829) to work on /Users/davispecia/Documents/GitHub/Pf_pipeline_dados/Projeto_final_fase3/venv/lib/python3.9/site-packages/airflow/example_dags/example_latest_only_with_trigger.py
[2025-11-27T15:13:23.259-0300] {processor.py:830} INFO - Processing file /Users/davispecia/Documents/GitHub/Pf_pipeline_dados/Projeto_final_fase3/venv/lib/python3.9/site-packages/airflow/example_dags/example_latest_only_with_trigger.py for tasks to queue
[2025-11-27T15:13:23.259-0300] {logging_mixin.py:188} INFO - [2025-11-27T15:13:23.259-0300] {dagbag.py:545} INFO - Filling up the DagBag from /Users/davispecia/Documents/GitHub/Pf_pipeline_dados/Projeto_final_fase3/venv/lib/python3.9/site-packages/airflow/example_dags/example_latest_only_with_trigger.py
[2025-11-27T15:13:23.264-0300] {processor.py:840} INFO - DAG(s) 'latest_only_with_trigger' retrieved from /Users/davispecia/Documents/GitHub/Pf_pipeline_dados/Projeto_final_fase3/venv/lib/python3.9/site-packages/airflow/example_dags/example_latest_only_with_trigger.py
[2025-11-27T15:13:23.334-0300] {logging_mixin.py:188} INFO - [2025-11-27T15:13:23.334-0300] {dag.py:3089} INFO - Sync 1 DAGs
[2025-11-27T15:13:23.342-0300] {logging_mixin.py:188} INFO - [2025-11-27T15:13:23.342-0300] {dag.py:3947} INFO - Setting next_dagrun for latest_only_with_trigger to 2025-11-27 12:00:00+00:00, run_after=2025-11-27 16:00:00+00:00
[2025-11-27T15:13:23.353-0300] {processor.py:183} INFO - Processing /Users/davispecia/Documents/GitHub/Pf_pipeline_dados/Projeto_final_fase3/venv/lib/python3.9/site-packages/airflow/example_dags/example_latest_only_with_trigger.py took 0.096 seconds
[2025-11-27T15:15:18.604-0300] {processor.py:161} INFO - Started process (PID=14110) to work on /Users/davispecia/Documents/GitHub/Pf_pipeline_dados/Projeto_final_fase3/venv/lib/python3.9/site-packages/airflow/example_dags/example_latest_only_with_trigger.py
[2025-11-27T15:15:18.606-0300] {processor.py:830} INFO - Processing file /Users/davispecia/Documents/GitHub/Pf_pipeline_dados/Projeto_final_fase3/venv/lib/python3.9/site-packages/airflow/example_dags/example_latest_only_with_trigger.py for tasks to queue
[2025-11-27T15:15:18.606-0300] {logging_mixin.py:188} INFO - [2025-11-27T15:15:18.606-0300] {dagbag.py:545} INFO - Filling up the DagBag from /Users/davispecia/Documents/GitHub/Pf_pipeline_dados/Projeto_final_fase3/venv/lib/python3.9/site-packages/airflow/example_dags/example_latest_only_with_trigger.py
[2025-11-27T15:15:18.610-0300] {processor.py:840} INFO - DAG(s) 'latest_only_with_trigger' retrieved from /Users/davispecia/Documents/GitHub/Pf_pipeline_dados/Projeto_final_fase3/venv/lib/python3.9/site-packages/airflow/example_dags/example_latest_only_with_trigger.py
[2025-11-27T15:15:18.681-0300] {logging_mixin.py:188} INFO - [2025-11-27T15:15:18.681-0300] {dag.py:3089} INFO - Sync 1 DAGs
[2025-11-27T15:15:18.690-0300] {logging_mixin.py:188} INFO - [2025-11-27T15:15:18.690-0300] {dag.py:3947} INFO - Setting next_dagrun for latest_only_with_trigger to 2025-11-27 12:00:00+00:00, run_after=2025-11-27 16:00:00+00:00
[2025-11-27T15:15:18.701-0300] {processor.py:183} INFO - Processing /Users/davispecia/Documents/GitHub/Pf_pipeline_dados/Projeto_final_fase3/venv/lib/python3.9/site-packages/airflow/example_dags/example_latest_only_with_trigger.py took 0.098 seconds
[2025-11-27T15:17:19.832-0300] {processor.py:161} INFO - Started process (PID=14403) to work on /Users/davispecia/Documents/GitHub/Pf_pipeline_dados/Projeto_final_fase3/venv/lib/python3.9/site-packages/airflow/example_dags/example_latest_only_with_trigger.py
[2025-11-27T15:17:19.833-0300] {processor.py:830} INFO - Processing file /Users/davispecia/Documents/GitHub/Pf_pipeline_dados/Projeto_final_fase3/venv/lib/python3.9/site-packages/airflow/example_dags/example_latest_only_with_trigger.py for tasks to queue
[2025-11-27T15:17:19.834-0300] {logging_mixin.py:188} INFO - [2025-11-27T15:17:19.834-0300] {dagbag.py:545} INFO - Filling up the DagBag from /Users/davispecia/Documents/GitHub/Pf_pipeline_dados/Projeto_final_fase3/venv/lib/python3.9/site-packages/airflow/example_dags/example_latest_only_with_trigger.py
[2025-11-27T15:17:19.838-0300] {processor.py:840} INFO - DAG(s) 'latest_only_with_trigger' retrieved from /Users/davispecia/Documents/GitHub/Pf_pipeline_dados/Projeto_final_fase3/venv/lib/python3.9/site-packages/airflow/example_dags/example_latest_only_with_trigger.py
[2025-11-27T15:17:19.907-0300] {logging_mixin.py:188} INFO - [2025-11-27T15:17:19.907-0300] {dag.py:3089} INFO - Sync 1 DAGs
[2025-11-27T15:17:19.915-0300] {logging_mixin.py:188} INFO - [2025-11-27T15:17:19.915-0300] {dag.py:3947} INFO - Setting next_dagrun for latest_only_with_trigger to 2025-11-27 12:00:00+00:00, run_after=2025-11-27 16:00:00+00:00
[2025-11-27T15:17:19.924-0300] {processor.py:183} INFO - Processing /Users/davispecia/Documents/GitHub/Pf_pipeline_dados/Projeto_final_fase3/venv/lib/python3.9/site-packages/airflow/example_dags/example_latest_only_with_trigger.py took 0.094 seconds
[2025-11-27T15:19:28.680-0300] {processor.py:161} INFO - Started process (PID=14777) to work on /Users/davispecia/Documents/GitHub/Pf_pipeline_dados/Projeto_final_fase3/venv/lib/python3.9/site-packages/airflow/example_dags/example_latest_only_with_trigger.py
[2025-11-27T15:19:28.681-0300] {processor.py:830} INFO - Processing file /Users/davispecia/Documents/GitHub/Pf_pipeline_dados/Projeto_final_fase3/venv/lib/python3.9/site-packages/airflow/example_dags/example_latest_only_with_trigger.py for tasks to queue
[2025-11-27T15:19:28.681-0300] {logging_mixin.py:188} INFO - [2025-11-27T15:19:28.681-0300] {dagbag.py:545} INFO - Filling up the DagBag from /Users/davispecia/Documents/GitHub/Pf_pipeline_dados/Projeto_final_fase3/venv/lib/python3.9/site-packages/airflow/example_dags/example_latest_only_with_trigger.py
[2025-11-27T15:19:28.685-0300] {processor.py:840} INFO - DAG(s) 'latest_only_with_trigger' retrieved from /Users/davispecia/Documents/GitHub/Pf_pipeline_dados/Projeto_final_fase3/venv/lib/python3.9/site-packages/airflow/example_dags/example_latest_only_with_trigger.py
[2025-11-27T15:19:28.754-0300] {logging_mixin.py:188} INFO - [2025-11-27T15:19:28.754-0300] {dag.py:3089} INFO - Sync 1 DAGs
[2025-11-27T15:19:28.762-0300] {logging_mixin.py:188} INFO - [2025-11-27T15:19:28.762-0300] {dag.py:3947} INFO - Setting next_dagrun for latest_only_with_trigger to 2025-11-27 12:00:00+00:00, run_after=2025-11-27 16:00:00+00:00
[2025-11-27T15:19:28.772-0300] {processor.py:183} INFO - Processing /Users/davispecia/Documents/GitHub/Pf_pipeline_dados/Projeto_final_fase3/venv/lib/python3.9/site-packages/airflow/example_dags/example_latest_only_with_trigger.py took 0.094 seconds
[2025-11-27T15:25:15.286-0300] {processor.py:161} INFO - Started process (PID=15223) to work on /Users/davispecia/Documents/GitHub/Pf_pipeline_dados/Projeto_final_fase3/venv/lib/python3.9/site-packages/airflow/example_dags/example_latest_only_with_trigger.py
[2025-11-27T15:25:15.287-0300] {processor.py:830} INFO - Processing file /Users/davispecia/Documents/GitHub/Pf_pipeline_dados/Projeto_final_fase3/venv/lib/python3.9/site-packages/airflow/example_dags/example_latest_only_with_trigger.py for tasks to queue
[2025-11-27T15:25:15.288-0300] {logging_mixin.py:188} INFO - [2025-11-27T15:25:15.287-0300] {dagbag.py:545} INFO - Filling up the DagBag from /Users/davispecia/Documents/GitHub/Pf_pipeline_dados/Projeto_final_fase3/venv/lib/python3.9/site-packages/airflow/example_dags/example_latest_only_with_trigger.py
[2025-11-27T15:25:15.292-0300] {processor.py:840} INFO - DAG(s) 'latest_only_with_trigger' retrieved from /Users/davispecia/Documents/GitHub/Pf_pipeline_dados/Projeto_final_fase3/venv/lib/python3.9/site-packages/airflow/example_dags/example_latest_only_with_trigger.py
[2025-11-27T15:25:15.383-0300] {logging_mixin.py:188} INFO - [2025-11-27T15:25:15.383-0300] {dag.py:3089} INFO - Sync 1 DAGs
[2025-11-27T15:25:15.392-0300] {logging_mixin.py:188} INFO - [2025-11-27T15:25:15.392-0300] {dag.py:3947} INFO - Setting next_dagrun for latest_only_with_trigger to 2025-11-27 12:00:00+00:00, run_after=2025-11-27 16:00:00+00:00
[2025-11-27T15:25:15.402-0300] {processor.py:183} INFO - Processing /Users/davispecia/Documents/GitHub/Pf_pipeline_dados/Projeto_final_fase3/venv/lib/python3.9/site-packages/airflow/example_dags/example_latest_only_with_trigger.py took 0.119 seconds
