[2025-11-27T11:12:58.256-0300] {processor.py:161} INFO - Started process (PID=88983) to work on /Users/davispecia/Documents/GitHub/Pf_pipeline_dados/Projeto_final_fase3/venv/lib/python3.9/site-packages/airflow/example_dags/example_dag_decorator.py
[2025-11-27T11:12:58.256-0300] {processor.py:830} INFO - Processing file /Users/davispecia/Documents/GitHub/Pf_pipeline_dados/Projeto_final_fase3/venv/lib/python3.9/site-packages/airflow/example_dags/example_dag_decorator.py for tasks to queue
[2025-11-27T11:12:58.257-0300] {logging_mixin.py:188} INFO - [2025-11-27T11:12:58.257-0300] {dagbag.py:545} INFO - Filling up the DagBag from /Users/davispecia/Documents/GitHub/Pf_pipeline_dados/Projeto_final_fase3/venv/lib/python3.9/site-packages/airflow/example_dags/example_dag_decorator.py
[2025-11-27T11:12:58.520-0300] {processor.py:840} INFO - DAG(s) 'example_dag_decorator' retrieved from /Users/davispecia/Documents/GitHub/Pf_pipeline_dados/Projeto_final_fase3/venv/lib/python3.9/site-packages/airflow/example_dags/example_dag_decorator.py
[2025-11-27T11:12:58.609-0300] {logging_mixin.py:188} INFO - [2025-11-27T11:12:58.609-0300] {override.py:1858} INFO - Created Permission View: can edit on DAG:example_dag_decorator
[2025-11-27T11:12:58.613-0300] {logging_mixin.py:188} INFO - [2025-11-27T11:12:58.613-0300] {override.py:1858} INFO - Created Permission View: can delete on DAG:example_dag_decorator
[2025-11-27T11:12:58.615-0300] {logging_mixin.py:188} INFO - [2025-11-27T11:12:58.615-0300] {override.py:1858} INFO - Created Permission View: can read on DAG:example_dag_decorator
[2025-11-27T11:12:58.615-0300] {logging_mixin.py:188} INFO - [2025-11-27T11:12:58.615-0300] {dag.py:3089} INFO - Sync 1 DAGs
[2025-11-27T11:12:58.621-0300] {logging_mixin.py:188} INFO - [2025-11-27T11:12:58.621-0300] {dag.py:3111} INFO - Creating ORM DAG for example_dag_decorator
[2025-11-27T11:12:58.621-0300] {logging_mixin.py:188} INFO - [2025-11-27T11:12:58.621-0300] {dag.py:3947} INFO - Setting next_dagrun for example_dag_decorator to None, run_after=None
[2025-11-27T11:12:58.629-0300] {processor.py:183} INFO - Processing /Users/davispecia/Documents/GitHub/Pf_pipeline_dados/Projeto_final_fase3/venv/lib/python3.9/site-packages/airflow/example_dags/example_dag_decorator.py took 0.375 seconds
[2025-11-27T11:15:14.705-0300] {processor.py:161} INFO - Started process (PID=90170) to work on /Users/davispecia/Documents/GitHub/Pf_pipeline_dados/Projeto_final_fase3/venv/lib/python3.9/site-packages/airflow/example_dags/example_dag_decorator.py
[2025-11-27T11:15:14.706-0300] {processor.py:830} INFO - Processing file /Users/davispecia/Documents/GitHub/Pf_pipeline_dados/Projeto_final_fase3/venv/lib/python3.9/site-packages/airflow/example_dags/example_dag_decorator.py for tasks to queue
[2025-11-27T11:15:14.706-0300] {logging_mixin.py:188} INFO - [2025-11-27T11:15:14.706-0300] {dagbag.py:545} INFO - Filling up the DagBag from /Users/davispecia/Documents/GitHub/Pf_pipeline_dados/Projeto_final_fase3/venv/lib/python3.9/site-packages/airflow/example_dags/example_dag_decorator.py
[2025-11-27T11:15:14.828-0300] {processor.py:840} INFO - DAG(s) 'example_dag_decorator' retrieved from /Users/davispecia/Documents/GitHub/Pf_pipeline_dados/Projeto_final_fase3/venv/lib/python3.9/site-packages/airflow/example_dags/example_dag_decorator.py
[2025-11-27T11:15:15.020-0300] {logging_mixin.py:188} INFO - [2025-11-27T11:15:15.020-0300] {dag.py:3089} INFO - Sync 1 DAGs
[2025-11-27T11:15:15.027-0300] {logging_mixin.py:188} INFO - [2025-11-27T11:15:15.027-0300] {dag.py:3947} INFO - Setting next_dagrun for example_dag_decorator to None, run_after=None
[2025-11-27T11:15:15.039-0300] {processor.py:183} INFO - Processing /Users/davispecia/Documents/GitHub/Pf_pipeline_dados/Projeto_final_fase3/venv/lib/python3.9/site-packages/airflow/example_dags/example_dag_decorator.py took 0.337 seconds
[2025-11-27T11:18:42.396-0300] {processor.py:161} INFO - Started process (PID=91170) to work on /Users/davispecia/Documents/GitHub/Pf_pipeline_dados/Projeto_final_fase3/venv/lib/python3.9/site-packages/airflow/example_dags/example_dag_decorator.py
[2025-11-27T11:18:42.398-0300] {processor.py:830} INFO - Processing file /Users/davispecia/Documents/GitHub/Pf_pipeline_dados/Projeto_final_fase3/venv/lib/python3.9/site-packages/airflow/example_dags/example_dag_decorator.py for tasks to queue
[2025-11-27T11:18:42.398-0300] {logging_mixin.py:188} INFO - [2025-11-27T11:18:42.398-0300] {dagbag.py:545} INFO - Filling up the DagBag from /Users/davispecia/Documents/GitHub/Pf_pipeline_dados/Projeto_final_fase3/venv/lib/python3.9/site-packages/airflow/example_dags/example_dag_decorator.py
[2025-11-27T11:18:42.518-0300] {processor.py:840} INFO - DAG(s) 'example_dag_decorator' retrieved from /Users/davispecia/Documents/GitHub/Pf_pipeline_dados/Projeto_final_fase3/venv/lib/python3.9/site-packages/airflow/example_dags/example_dag_decorator.py
[2025-11-27T11:18:42.617-0300] {logging_mixin.py:188} INFO - [2025-11-27T11:18:42.616-0300] {dag.py:3089} INFO - Sync 1 DAGs
[2025-11-27T11:18:42.621-0300] {logging_mixin.py:188} INFO - [2025-11-27T11:18:42.621-0300] {dag.py:3947} INFO - Setting next_dagrun for example_dag_decorator to None, run_after=None
[2025-11-27T11:18:42.630-0300] {processor.py:183} INFO - Processing /Users/davispecia/Documents/GitHub/Pf_pipeline_dados/Projeto_final_fase3/venv/lib/python3.9/site-packages/airflow/example_dags/example_dag_decorator.py took 0.236 seconds
[2025-11-27T11:20:59.186-0300] {processor.py:161} INFO - Started process (PID=91562) to work on /Users/davispecia/Documents/GitHub/Pf_pipeline_dados/Projeto_final_fase3/venv/lib/python3.9/site-packages/airflow/example_dags/example_dag_decorator.py
[2025-11-27T11:20:59.187-0300] {processor.py:830} INFO - Processing file /Users/davispecia/Documents/GitHub/Pf_pipeline_dados/Projeto_final_fase3/venv/lib/python3.9/site-packages/airflow/example_dags/example_dag_decorator.py for tasks to queue
[2025-11-27T11:20:59.188-0300] {logging_mixin.py:188} INFO - [2025-11-27T11:20:59.188-0300] {dagbag.py:545} INFO - Filling up the DagBag from /Users/davispecia/Documents/GitHub/Pf_pipeline_dados/Projeto_final_fase3/venv/lib/python3.9/site-packages/airflow/example_dags/example_dag_decorator.py
[2025-11-27T11:20:59.311-0300] {processor.py:840} INFO - DAG(s) 'example_dag_decorator' retrieved from /Users/davispecia/Documents/GitHub/Pf_pipeline_dados/Projeto_final_fase3/venv/lib/python3.9/site-packages/airflow/example_dags/example_dag_decorator.py
[2025-11-27T11:20:59.414-0300] {logging_mixin.py:188} INFO - [2025-11-27T11:20:59.414-0300] {dag.py:3089} INFO - Sync 1 DAGs
[2025-11-27T11:20:59.419-0300] {logging_mixin.py:188} INFO - [2025-11-27T11:20:59.419-0300] {dag.py:3947} INFO - Setting next_dagrun for example_dag_decorator to None, run_after=None
[2025-11-27T11:20:59.428-0300] {processor.py:183} INFO - Processing /Users/davispecia/Documents/GitHub/Pf_pipeline_dados/Projeto_final_fase3/venv/lib/python3.9/site-packages/airflow/example_dags/example_dag_decorator.py took 0.245 seconds
[2025-11-27T11:23:00.092-0300] {processor.py:161} INFO - Started process (PID=91866) to work on /Users/davispecia/Documents/GitHub/Pf_pipeline_dados/Projeto_final_fase3/venv/lib/python3.9/site-packages/airflow/example_dags/example_dag_decorator.py
[2025-11-27T11:23:00.093-0300] {processor.py:830} INFO - Processing file /Users/davispecia/Documents/GitHub/Pf_pipeline_dados/Projeto_final_fase3/venv/lib/python3.9/site-packages/airflow/example_dags/example_dag_decorator.py for tasks to queue
[2025-11-27T11:23:00.093-0300] {logging_mixin.py:188} INFO - [2025-11-27T11:23:00.093-0300] {dagbag.py:545} INFO - Filling up the DagBag from /Users/davispecia/Documents/GitHub/Pf_pipeline_dados/Projeto_final_fase3/venv/lib/python3.9/site-packages/airflow/example_dags/example_dag_decorator.py
[2025-11-27T11:23:00.212-0300] {processor.py:840} INFO - DAG(s) 'example_dag_decorator' retrieved from /Users/davispecia/Documents/GitHub/Pf_pipeline_dados/Projeto_final_fase3/venv/lib/python3.9/site-packages/airflow/example_dags/example_dag_decorator.py
[2025-11-27T11:23:00.312-0300] {logging_mixin.py:188} INFO - [2025-11-27T11:23:00.312-0300] {dag.py:3089} INFO - Sync 1 DAGs
[2025-11-27T11:23:00.317-0300] {logging_mixin.py:188} INFO - [2025-11-27T11:23:00.317-0300] {dag.py:3947} INFO - Setting next_dagrun for example_dag_decorator to None, run_after=None
[2025-11-27T11:23:00.327-0300] {processor.py:183} INFO - Processing /Users/davispecia/Documents/GitHub/Pf_pipeline_dados/Projeto_final_fase3/venv/lib/python3.9/site-packages/airflow/example_dags/example_dag_decorator.py took 0.238 seconds
[2025-11-27T11:25:03.899-0300] {processor.py:161} INFO - Started process (PID=92168) to work on /Users/davispecia/Documents/GitHub/Pf_pipeline_dados/Projeto_final_fase3/venv/lib/python3.9/site-packages/airflow/example_dags/example_dag_decorator.py
[2025-11-27T11:25:03.900-0300] {processor.py:830} INFO - Processing file /Users/davispecia/Documents/GitHub/Pf_pipeline_dados/Projeto_final_fase3/venv/lib/python3.9/site-packages/airflow/example_dags/example_dag_decorator.py for tasks to queue
[2025-11-27T11:25:03.900-0300] {logging_mixin.py:188} INFO - [2025-11-27T11:25:03.900-0300] {dagbag.py:545} INFO - Filling up the DagBag from /Users/davispecia/Documents/GitHub/Pf_pipeline_dados/Projeto_final_fase3/venv/lib/python3.9/site-packages/airflow/example_dags/example_dag_decorator.py
[2025-11-27T11:25:04.150-0300] {processor.py:840} INFO - DAG(s) 'example_dag_decorator' retrieved from /Users/davispecia/Documents/GitHub/Pf_pipeline_dados/Projeto_final_fase3/venv/lib/python3.9/site-packages/airflow/example_dags/example_dag_decorator.py
[2025-11-27T11:25:04.250-0300] {logging_mixin.py:188} INFO - [2025-11-27T11:25:04.249-0300] {dag.py:3089} INFO - Sync 1 DAGs
[2025-11-27T11:25:04.254-0300] {logging_mixin.py:188} INFO - [2025-11-27T11:25:04.254-0300] {dag.py:3947} INFO - Setting next_dagrun for example_dag_decorator to None, run_after=None
[2025-11-27T11:25:04.263-0300] {processor.py:183} INFO - Processing /Users/davispecia/Documents/GitHub/Pf_pipeline_dados/Projeto_final_fase3/venv/lib/python3.9/site-packages/airflow/example_dags/example_dag_decorator.py took 0.367 seconds
[2025-11-27T11:27:18.831-0300] {processor.py:161} INFO - Started process (PID=92551) to work on /Users/davispecia/Documents/GitHub/Pf_pipeline_dados/Projeto_final_fase3/venv/lib/python3.9/site-packages/airflow/example_dags/example_dag_decorator.py
[2025-11-27T11:27:18.832-0300] {processor.py:830} INFO - Processing file /Users/davispecia/Documents/GitHub/Pf_pipeline_dados/Projeto_final_fase3/venv/lib/python3.9/site-packages/airflow/example_dags/example_dag_decorator.py for tasks to queue
[2025-11-27T11:27:18.833-0300] {logging_mixin.py:188} INFO - [2025-11-27T11:27:18.833-0300] {dagbag.py:545} INFO - Filling up the DagBag from /Users/davispecia/Documents/GitHub/Pf_pipeline_dados/Projeto_final_fase3/venv/lib/python3.9/site-packages/airflow/example_dags/example_dag_decorator.py
[2025-11-27T11:27:18.947-0300] {processor.py:840} INFO - DAG(s) 'example_dag_decorator' retrieved from /Users/davispecia/Documents/GitHub/Pf_pipeline_dados/Projeto_final_fase3/venv/lib/python3.9/site-packages/airflow/example_dags/example_dag_decorator.py
[2025-11-27T11:27:19.042-0300] {logging_mixin.py:188} INFO - [2025-11-27T11:27:19.042-0300] {dag.py:3089} INFO - Sync 1 DAGs
[2025-11-27T11:27:19.047-0300] {logging_mixin.py:188} INFO - [2025-11-27T11:27:19.047-0300] {dag.py:3947} INFO - Setting next_dagrun for example_dag_decorator to None, run_after=None
[2025-11-27T11:27:19.057-0300] {processor.py:183} INFO - Processing /Users/davispecia/Documents/GitHub/Pf_pipeline_dados/Projeto_final_fase3/venv/lib/python3.9/site-packages/airflow/example_dags/example_dag_decorator.py took 0.228 seconds
[2025-11-27T11:29:19.664-0300] {processor.py:161} INFO - Started process (PID=92858) to work on /Users/davispecia/Documents/GitHub/Pf_pipeline_dados/Projeto_final_fase3/venv/lib/python3.9/site-packages/airflow/example_dags/example_dag_decorator.py
[2025-11-27T11:29:19.665-0300] {processor.py:830} INFO - Processing file /Users/davispecia/Documents/GitHub/Pf_pipeline_dados/Projeto_final_fase3/venv/lib/python3.9/site-packages/airflow/example_dags/example_dag_decorator.py for tasks to queue
[2025-11-27T11:29:19.665-0300] {logging_mixin.py:188} INFO - [2025-11-27T11:29:19.665-0300] {dagbag.py:545} INFO - Filling up the DagBag from /Users/davispecia/Documents/GitHub/Pf_pipeline_dados/Projeto_final_fase3/venv/lib/python3.9/site-packages/airflow/example_dags/example_dag_decorator.py
[2025-11-27T11:29:19.782-0300] {processor.py:840} INFO - DAG(s) 'example_dag_decorator' retrieved from /Users/davispecia/Documents/GitHub/Pf_pipeline_dados/Projeto_final_fase3/venv/lib/python3.9/site-packages/airflow/example_dags/example_dag_decorator.py
[2025-11-27T11:29:19.881-0300] {logging_mixin.py:188} INFO - [2025-11-27T11:29:19.881-0300] {dag.py:3089} INFO - Sync 1 DAGs
[2025-11-27T11:29:19.886-0300] {logging_mixin.py:188} INFO - [2025-11-27T11:29:19.886-0300] {dag.py:3947} INFO - Setting next_dagrun for example_dag_decorator to None, run_after=None
[2025-11-27T11:29:19.895-0300] {processor.py:183} INFO - Processing /Users/davispecia/Documents/GitHub/Pf_pipeline_dados/Projeto_final_fase3/venv/lib/python3.9/site-packages/airflow/example_dags/example_dag_decorator.py took 0.233 seconds
[2025-11-27T11:31:30.007-0300] {processor.py:161} INFO - Started process (PID=93231) to work on /Users/davispecia/Documents/GitHub/Pf_pipeline_dados/Projeto_final_fase3/venv/lib/python3.9/site-packages/airflow/example_dags/example_dag_decorator.py
[2025-11-27T11:31:30.008-0300] {processor.py:830} INFO - Processing file /Users/davispecia/Documents/GitHub/Pf_pipeline_dados/Projeto_final_fase3/venv/lib/python3.9/site-packages/airflow/example_dags/example_dag_decorator.py for tasks to queue
[2025-11-27T11:31:30.008-0300] {logging_mixin.py:188} INFO - [2025-11-27T11:31:30.008-0300] {dagbag.py:545} INFO - Filling up the DagBag from /Users/davispecia/Documents/GitHub/Pf_pipeline_dados/Projeto_final_fase3/venv/lib/python3.9/site-packages/airflow/example_dags/example_dag_decorator.py
[2025-11-27T11:31:30.122-0300] {processor.py:840} INFO - DAG(s) 'example_dag_decorator' retrieved from /Users/davispecia/Documents/GitHub/Pf_pipeline_dados/Projeto_final_fase3/venv/lib/python3.9/site-packages/airflow/example_dags/example_dag_decorator.py
[2025-11-27T11:31:30.222-0300] {logging_mixin.py:188} INFO - [2025-11-27T11:31:30.222-0300] {dag.py:3089} INFO - Sync 1 DAGs
[2025-11-27T11:31:30.227-0300] {logging_mixin.py:188} INFO - [2025-11-27T11:31:30.227-0300] {dag.py:3947} INFO - Setting next_dagrun for example_dag_decorator to None, run_after=None
[2025-11-27T11:31:30.236-0300] {processor.py:183} INFO - Processing /Users/davispecia/Documents/GitHub/Pf_pipeline_dados/Projeto_final_fase3/venv/lib/python3.9/site-packages/airflow/example_dags/example_dag_decorator.py took 0.231 seconds
[2025-11-27T11:33:36.280-0300] {processor.py:161} INFO - Started process (PID=93533) to work on /Users/davispecia/Documents/GitHub/Pf_pipeline_dados/Projeto_final_fase3/venv/lib/python3.9/site-packages/airflow/example_dags/example_dag_decorator.py
[2025-11-27T11:33:36.281-0300] {processor.py:830} INFO - Processing file /Users/davispecia/Documents/GitHub/Pf_pipeline_dados/Projeto_final_fase3/venv/lib/python3.9/site-packages/airflow/example_dags/example_dag_decorator.py for tasks to queue
[2025-11-27T11:33:36.281-0300] {logging_mixin.py:188} INFO - [2025-11-27T11:33:36.281-0300] {dagbag.py:545} INFO - Filling up the DagBag from /Users/davispecia/Documents/GitHub/Pf_pipeline_dados/Projeto_final_fase3/venv/lib/python3.9/site-packages/airflow/example_dags/example_dag_decorator.py
[2025-11-27T11:33:36.709-0300] {processor.py:840} INFO - DAG(s) 'example_dag_decorator' retrieved from /Users/davispecia/Documents/GitHub/Pf_pipeline_dados/Projeto_final_fase3/venv/lib/python3.9/site-packages/airflow/example_dags/example_dag_decorator.py
[2025-11-27T11:33:36.939-0300] {logging_mixin.py:188} INFO - [2025-11-27T11:33:36.938-0300] {dag.py:3089} INFO - Sync 1 DAGs
[2025-11-27T11:33:36.944-0300] {logging_mixin.py:188} INFO - [2025-11-27T11:33:36.944-0300] {dag.py:3947} INFO - Setting next_dagrun for example_dag_decorator to None, run_after=None
[2025-11-27T11:33:36.953-0300] {processor.py:183} INFO - Processing /Users/davispecia/Documents/GitHub/Pf_pipeline_dados/Projeto_final_fase3/venv/lib/python3.9/site-packages/airflow/example_dags/example_dag_decorator.py took 0.674 seconds
[2025-11-27T11:35:44.014-0300] {processor.py:161} INFO - Started process (PID=93848) to work on /Users/davispecia/Documents/GitHub/Pf_pipeline_dados/Projeto_final_fase3/venv/lib/python3.9/site-packages/airflow/example_dags/example_dag_decorator.py
[2025-11-27T11:35:44.015-0300] {processor.py:830} INFO - Processing file /Users/davispecia/Documents/GitHub/Pf_pipeline_dados/Projeto_final_fase3/venv/lib/python3.9/site-packages/airflow/example_dags/example_dag_decorator.py for tasks to queue
[2025-11-27T11:35:44.015-0300] {logging_mixin.py:188} INFO - [2025-11-27T11:35:44.015-0300] {dagbag.py:545} INFO - Filling up the DagBag from /Users/davispecia/Documents/GitHub/Pf_pipeline_dados/Projeto_final_fase3/venv/lib/python3.9/site-packages/airflow/example_dags/example_dag_decorator.py
[2025-11-27T11:35:44.261-0300] {processor.py:840} INFO - DAG(s) 'example_dag_decorator' retrieved from /Users/davispecia/Documents/GitHub/Pf_pipeline_dados/Projeto_final_fase3/venv/lib/python3.9/site-packages/airflow/example_dags/example_dag_decorator.py
[2025-11-27T11:35:44.360-0300] {logging_mixin.py:188} INFO - [2025-11-27T11:35:44.360-0300] {dag.py:3089} INFO - Sync 1 DAGs
[2025-11-27T11:35:44.365-0300] {logging_mixin.py:188} INFO - [2025-11-27T11:35:44.365-0300] {dag.py:3947} INFO - Setting next_dagrun for example_dag_decorator to None, run_after=None
[2025-11-27T11:35:44.375-0300] {processor.py:183} INFO - Processing /Users/davispecia/Documents/GitHub/Pf_pipeline_dados/Projeto_final_fase3/venv/lib/python3.9/site-packages/airflow/example_dags/example_dag_decorator.py took 0.363 seconds
[2025-11-27T11:37:59.321-0300] {processor.py:161} INFO - Started process (PID=94216) to work on /Users/davispecia/Documents/GitHub/Pf_pipeline_dados/Projeto_final_fase3/venv/lib/python3.9/site-packages/airflow/example_dags/example_dag_decorator.py
[2025-11-27T11:37:59.322-0300] {processor.py:830} INFO - Processing file /Users/davispecia/Documents/GitHub/Pf_pipeline_dados/Projeto_final_fase3/venv/lib/python3.9/site-packages/airflow/example_dags/example_dag_decorator.py for tasks to queue
[2025-11-27T11:37:59.322-0300] {logging_mixin.py:188} INFO - [2025-11-27T11:37:59.322-0300] {dagbag.py:545} INFO - Filling up the DagBag from /Users/davispecia/Documents/GitHub/Pf_pipeline_dados/Projeto_final_fase3/venv/lib/python3.9/site-packages/airflow/example_dags/example_dag_decorator.py
[2025-11-27T11:37:59.438-0300] {processor.py:840} INFO - DAG(s) 'example_dag_decorator' retrieved from /Users/davispecia/Documents/GitHub/Pf_pipeline_dados/Projeto_final_fase3/venv/lib/python3.9/site-packages/airflow/example_dags/example_dag_decorator.py
[2025-11-27T11:37:59.541-0300] {logging_mixin.py:188} INFO - [2025-11-27T11:37:59.541-0300] {dag.py:3089} INFO - Sync 1 DAGs
[2025-11-27T11:37:59.546-0300] {logging_mixin.py:188} INFO - [2025-11-27T11:37:59.546-0300] {dag.py:3947} INFO - Setting next_dagrun for example_dag_decorator to None, run_after=None
[2025-11-27T11:37:59.556-0300] {processor.py:183} INFO - Processing /Users/davispecia/Documents/GitHub/Pf_pipeline_dados/Projeto_final_fase3/venv/lib/python3.9/site-packages/airflow/example_dags/example_dag_decorator.py took 0.237 seconds
[2025-11-27T11:40:04.422-0300] {processor.py:161} INFO - Started process (PID=94506) to work on /Users/davispecia/Documents/GitHub/Pf_pipeline_dados/Projeto_final_fase3/venv/lib/python3.9/site-packages/airflow/example_dags/example_dag_decorator.py
[2025-11-27T11:40:04.424-0300] {processor.py:830} INFO - Processing file /Users/davispecia/Documents/GitHub/Pf_pipeline_dados/Projeto_final_fase3/venv/lib/python3.9/site-packages/airflow/example_dags/example_dag_decorator.py for tasks to queue
[2025-11-27T11:40:04.424-0300] {logging_mixin.py:188} INFO - [2025-11-27T11:40:04.424-0300] {dagbag.py:545} INFO - Filling up the DagBag from /Users/davispecia/Documents/GitHub/Pf_pipeline_dados/Projeto_final_fase3/venv/lib/python3.9/site-packages/airflow/example_dags/example_dag_decorator.py
[2025-11-27T11:40:04.538-0300] {processor.py:840} INFO - DAG(s) 'example_dag_decorator' retrieved from /Users/davispecia/Documents/GitHub/Pf_pipeline_dados/Projeto_final_fase3/venv/lib/python3.9/site-packages/airflow/example_dags/example_dag_decorator.py
[2025-11-27T11:40:04.636-0300] {logging_mixin.py:188} INFO - [2025-11-27T11:40:04.636-0300] {dag.py:3089} INFO - Sync 1 DAGs
[2025-11-27T11:40:04.641-0300] {logging_mixin.py:188} INFO - [2025-11-27T11:40:04.641-0300] {dag.py:3947} INFO - Setting next_dagrun for example_dag_decorator to None, run_after=None
[2025-11-27T11:40:04.650-0300] {processor.py:183} INFO - Processing /Users/davispecia/Documents/GitHub/Pf_pipeline_dados/Projeto_final_fase3/venv/lib/python3.9/site-packages/airflow/example_dags/example_dag_decorator.py took 0.229 seconds
[2025-11-27T11:42:20.864-0300] {processor.py:161} INFO - Started process (PID=94901) to work on /Users/davispecia/Documents/GitHub/Pf_pipeline_dados/Projeto_final_fase3/venv/lib/python3.9/site-packages/airflow/example_dags/example_dag_decorator.py
[2025-11-27T11:42:20.865-0300] {processor.py:830} INFO - Processing file /Users/davispecia/Documents/GitHub/Pf_pipeline_dados/Projeto_final_fase3/venv/lib/python3.9/site-packages/airflow/example_dags/example_dag_decorator.py for tasks to queue
[2025-11-27T11:42:20.865-0300] {logging_mixin.py:188} INFO - [2025-11-27T11:42:20.865-0300] {dagbag.py:545} INFO - Filling up the DagBag from /Users/davispecia/Documents/GitHub/Pf_pipeline_dados/Projeto_final_fase3/venv/lib/python3.9/site-packages/airflow/example_dags/example_dag_decorator.py
[2025-11-27T11:42:20.986-0300] {processor.py:840} INFO - DAG(s) 'example_dag_decorator' retrieved from /Users/davispecia/Documents/GitHub/Pf_pipeline_dados/Projeto_final_fase3/venv/lib/python3.9/site-packages/airflow/example_dags/example_dag_decorator.py
[2025-11-27T11:42:21.082-0300] {logging_mixin.py:188} INFO - [2025-11-27T11:42:21.082-0300] {dag.py:3089} INFO - Sync 1 DAGs
[2025-11-27T11:42:21.087-0300] {logging_mixin.py:188} INFO - [2025-11-27T11:42:21.087-0300] {dag.py:3947} INFO - Setting next_dagrun for example_dag_decorator to None, run_after=None
[2025-11-27T11:42:21.096-0300] {processor.py:183} INFO - Processing /Users/davispecia/Documents/GitHub/Pf_pipeline_dados/Projeto_final_fase3/venv/lib/python3.9/site-packages/airflow/example_dags/example_dag_decorator.py took 0.234 seconds
[2025-11-27T11:44:28.202-0300] {processor.py:161} INFO - Started process (PID=95201) to work on /Users/davispecia/Documents/GitHub/Pf_pipeline_dados/Projeto_final_fase3/venv/lib/python3.9/site-packages/airflow/example_dags/example_dag_decorator.py
[2025-11-27T11:44:28.203-0300] {processor.py:830} INFO - Processing file /Users/davispecia/Documents/GitHub/Pf_pipeline_dados/Projeto_final_fase3/venv/lib/python3.9/site-packages/airflow/example_dags/example_dag_decorator.py for tasks to queue
[2025-11-27T11:44:28.203-0300] {logging_mixin.py:188} INFO - [2025-11-27T11:44:28.203-0300] {dagbag.py:545} INFO - Filling up the DagBag from /Users/davispecia/Documents/GitHub/Pf_pipeline_dados/Projeto_final_fase3/venv/lib/python3.9/site-packages/airflow/example_dags/example_dag_decorator.py
[2025-11-27T11:44:28.320-0300] {processor.py:840} INFO - DAG(s) 'example_dag_decorator' retrieved from /Users/davispecia/Documents/GitHub/Pf_pipeline_dados/Projeto_final_fase3/venv/lib/python3.9/site-packages/airflow/example_dags/example_dag_decorator.py
[2025-11-27T11:44:28.420-0300] {logging_mixin.py:188} INFO - [2025-11-27T11:44:28.419-0300] {dag.py:3089} INFO - Sync 1 DAGs
[2025-11-27T11:44:28.424-0300] {logging_mixin.py:188} INFO - [2025-11-27T11:44:28.424-0300] {dag.py:3947} INFO - Setting next_dagrun for example_dag_decorator to None, run_after=None
[2025-11-27T11:44:28.433-0300] {processor.py:183} INFO - Processing /Users/davispecia/Documents/GitHub/Pf_pipeline_dados/Projeto_final_fase3/venv/lib/python3.9/site-packages/airflow/example_dags/example_dag_decorator.py took 0.236 seconds
[2025-11-27T11:46:30.335-0300] {processor.py:161} INFO - Started process (PID=95494) to work on /Users/davispecia/Documents/GitHub/Pf_pipeline_dados/Projeto_final_fase3/venv/lib/python3.9/site-packages/airflow/example_dags/example_dag_decorator.py
[2025-11-27T11:46:30.336-0300] {processor.py:830} INFO - Processing file /Users/davispecia/Documents/GitHub/Pf_pipeline_dados/Projeto_final_fase3/venv/lib/python3.9/site-packages/airflow/example_dags/example_dag_decorator.py for tasks to queue
[2025-11-27T11:46:30.336-0300] {logging_mixin.py:188} INFO - [2025-11-27T11:46:30.336-0300] {dagbag.py:545} INFO - Filling up the DagBag from /Users/davispecia/Documents/GitHub/Pf_pipeline_dados/Projeto_final_fase3/venv/lib/python3.9/site-packages/airflow/example_dags/example_dag_decorator.py
[2025-11-27T11:46:30.453-0300] {processor.py:840} INFO - DAG(s) 'example_dag_decorator' retrieved from /Users/davispecia/Documents/GitHub/Pf_pipeline_dados/Projeto_final_fase3/venv/lib/python3.9/site-packages/airflow/example_dags/example_dag_decorator.py
[2025-11-27T11:46:30.550-0300] {logging_mixin.py:188} INFO - [2025-11-27T11:46:30.550-0300] {dag.py:3089} INFO - Sync 1 DAGs
[2025-11-27T11:46:30.555-0300] {logging_mixin.py:188} INFO - [2025-11-27T11:46:30.555-0300] {dag.py:3947} INFO - Setting next_dagrun for example_dag_decorator to None, run_after=None
[2025-11-27T11:46:30.564-0300] {processor.py:183} INFO - Processing /Users/davispecia/Documents/GitHub/Pf_pipeline_dados/Projeto_final_fase3/venv/lib/python3.9/site-packages/airflow/example_dags/example_dag_decorator.py took 0.231 seconds
[2025-11-27T11:48:47.134-0300] {processor.py:161} INFO - Started process (PID=95918) to work on /Users/davispecia/Documents/GitHub/Pf_pipeline_dados/Projeto_final_fase3/venv/lib/python3.9/site-packages/airflow/example_dags/example_dag_decorator.py
[2025-11-27T11:48:47.134-0300] {processor.py:830} INFO - Processing file /Users/davispecia/Documents/GitHub/Pf_pipeline_dados/Projeto_final_fase3/venv/lib/python3.9/site-packages/airflow/example_dags/example_dag_decorator.py for tasks to queue
[2025-11-27T11:48:47.135-0300] {logging_mixin.py:188} INFO - [2025-11-27T11:48:47.135-0300] {dagbag.py:545} INFO - Filling up the DagBag from /Users/davispecia/Documents/GitHub/Pf_pipeline_dados/Projeto_final_fase3/venv/lib/python3.9/site-packages/airflow/example_dags/example_dag_decorator.py
[2025-11-27T11:48:47.247-0300] {processor.py:840} INFO - DAG(s) 'example_dag_decorator' retrieved from /Users/davispecia/Documents/GitHub/Pf_pipeline_dados/Projeto_final_fase3/venv/lib/python3.9/site-packages/airflow/example_dags/example_dag_decorator.py
[2025-11-27T11:48:47.344-0300] {logging_mixin.py:188} INFO - [2025-11-27T11:48:47.344-0300] {dag.py:3089} INFO - Sync 1 DAGs
[2025-11-27T11:48:47.349-0300] {logging_mixin.py:188} INFO - [2025-11-27T11:48:47.349-0300] {dag.py:3947} INFO - Setting next_dagrun for example_dag_decorator to None, run_after=None
[2025-11-27T11:48:47.360-0300] {processor.py:183} INFO - Processing /Users/davispecia/Documents/GitHub/Pf_pipeline_dados/Projeto_final_fase3/venv/lib/python3.9/site-packages/airflow/example_dags/example_dag_decorator.py took 0.229 seconds
[2025-11-27T11:50:57.074-0300] {processor.py:161} INFO - Started process (PID=96244) to work on /Users/davispecia/Documents/GitHub/Pf_pipeline_dados/Projeto_final_fase3/venv/lib/python3.9/site-packages/airflow/example_dags/example_dag_decorator.py
[2025-11-27T11:50:57.075-0300] {processor.py:830} INFO - Processing file /Users/davispecia/Documents/GitHub/Pf_pipeline_dados/Projeto_final_fase3/venv/lib/python3.9/site-packages/airflow/example_dags/example_dag_decorator.py for tasks to queue
[2025-11-27T11:50:57.076-0300] {logging_mixin.py:188} INFO - [2025-11-27T11:50:57.076-0300] {dagbag.py:545} INFO - Filling up the DagBag from /Users/davispecia/Documents/GitHub/Pf_pipeline_dados/Projeto_final_fase3/venv/lib/python3.9/site-packages/airflow/example_dags/example_dag_decorator.py
[2025-11-27T11:50:57.192-0300] {processor.py:840} INFO - DAG(s) 'example_dag_decorator' retrieved from /Users/davispecia/Documents/GitHub/Pf_pipeline_dados/Projeto_final_fase3/venv/lib/python3.9/site-packages/airflow/example_dags/example_dag_decorator.py
[2025-11-27T11:50:57.294-0300] {logging_mixin.py:188} INFO - [2025-11-27T11:50:57.294-0300] {dag.py:3089} INFO - Sync 1 DAGs
[2025-11-27T11:50:57.299-0300] {logging_mixin.py:188} INFO - [2025-11-27T11:50:57.299-0300] {dag.py:3947} INFO - Setting next_dagrun for example_dag_decorator to None, run_after=None
[2025-11-27T11:50:57.309-0300] {processor.py:183} INFO - Processing /Users/davispecia/Documents/GitHub/Pf_pipeline_dados/Projeto_final_fase3/venv/lib/python3.9/site-packages/airflow/example_dags/example_dag_decorator.py took 0.236 seconds
[2025-11-27T11:52:58.722-0300] {processor.py:161} INFO - Started process (PID=96634) to work on /Users/davispecia/Documents/GitHub/Pf_pipeline_dados/Projeto_final_fase3/venv/lib/python3.9/site-packages/airflow/example_dags/example_dag_decorator.py
[2025-11-27T11:52:58.722-0300] {processor.py:830} INFO - Processing file /Users/davispecia/Documents/GitHub/Pf_pipeline_dados/Projeto_final_fase3/venv/lib/python3.9/site-packages/airflow/example_dags/example_dag_decorator.py for tasks to queue
[2025-11-27T11:52:58.723-0300] {logging_mixin.py:188} INFO - [2025-11-27T11:52:58.723-0300] {dagbag.py:545} INFO - Filling up the DagBag from /Users/davispecia/Documents/GitHub/Pf_pipeline_dados/Projeto_final_fase3/venv/lib/python3.9/site-packages/airflow/example_dags/example_dag_decorator.py
[2025-11-27T11:52:58.976-0300] {processor.py:840} INFO - DAG(s) 'example_dag_decorator' retrieved from /Users/davispecia/Documents/GitHub/Pf_pipeline_dados/Projeto_final_fase3/venv/lib/python3.9/site-packages/airflow/example_dags/example_dag_decorator.py
[2025-11-27T11:52:59.079-0300] {logging_mixin.py:188} INFO - [2025-11-27T11:52:59.078-0300] {dag.py:3089} INFO - Sync 1 DAGs
[2025-11-27T11:52:59.084-0300] {logging_mixin.py:188} INFO - [2025-11-27T11:52:59.084-0300] {dag.py:3947} INFO - Setting next_dagrun for example_dag_decorator to None, run_after=None
[2025-11-27T11:52:59.094-0300] {processor.py:183} INFO - Processing /Users/davispecia/Documents/GitHub/Pf_pipeline_dados/Projeto_final_fase3/venv/lib/python3.9/site-packages/airflow/example_dags/example_dag_decorator.py took 0.374 seconds
[2025-11-27T11:55:08.743-0300] {processor.py:161} INFO - Started process (PID=97004) to work on /Users/davispecia/Documents/GitHub/Pf_pipeline_dados/Projeto_final_fase3/venv/lib/python3.9/site-packages/airflow/example_dags/example_dag_decorator.py
[2025-11-27T11:55:08.744-0300] {processor.py:830} INFO - Processing file /Users/davispecia/Documents/GitHub/Pf_pipeline_dados/Projeto_final_fase3/venv/lib/python3.9/site-packages/airflow/example_dags/example_dag_decorator.py for tasks to queue
[2025-11-27T11:55:08.744-0300] {logging_mixin.py:188} INFO - [2025-11-27T11:55:08.744-0300] {dagbag.py:545} INFO - Filling up the DagBag from /Users/davispecia/Documents/GitHub/Pf_pipeline_dados/Projeto_final_fase3/venv/lib/python3.9/site-packages/airflow/example_dags/example_dag_decorator.py
[2025-11-27T11:55:08.858-0300] {processor.py:840} INFO - DAG(s) 'example_dag_decorator' retrieved from /Users/davispecia/Documents/GitHub/Pf_pipeline_dados/Projeto_final_fase3/venv/lib/python3.9/site-packages/airflow/example_dags/example_dag_decorator.py
[2025-11-27T11:55:08.955-0300] {logging_mixin.py:188} INFO - [2025-11-27T11:55:08.955-0300] {dag.py:3089} INFO - Sync 1 DAGs
[2025-11-27T11:55:08.960-0300] {logging_mixin.py:188} INFO - [2025-11-27T11:55:08.960-0300] {dag.py:3947} INFO - Setting next_dagrun for example_dag_decorator to None, run_after=None
[2025-11-27T11:55:08.970-0300] {processor.py:183} INFO - Processing /Users/davispecia/Documents/GitHub/Pf_pipeline_dados/Projeto_final_fase3/venv/lib/python3.9/site-packages/airflow/example_dags/example_dag_decorator.py took 0.229 seconds
[2025-11-27T11:57:13.874-0300] {processor.py:161} INFO - Started process (PID=97308) to work on /Users/davispecia/Documents/GitHub/Pf_pipeline_dados/Projeto_final_fase3/venv/lib/python3.9/site-packages/airflow/example_dags/example_dag_decorator.py
[2025-11-27T11:57:13.874-0300] {processor.py:830} INFO - Processing file /Users/davispecia/Documents/GitHub/Pf_pipeline_dados/Projeto_final_fase3/venv/lib/python3.9/site-packages/airflow/example_dags/example_dag_decorator.py for tasks to queue
[2025-11-27T11:57:13.875-0300] {logging_mixin.py:188} INFO - [2025-11-27T11:57:13.875-0300] {dagbag.py:545} INFO - Filling up the DagBag from /Users/davispecia/Documents/GitHub/Pf_pipeline_dados/Projeto_final_fase3/venv/lib/python3.9/site-packages/airflow/example_dags/example_dag_decorator.py
[2025-11-27T11:57:13.989-0300] {processor.py:840} INFO - DAG(s) 'example_dag_decorator' retrieved from /Users/davispecia/Documents/GitHub/Pf_pipeline_dados/Projeto_final_fase3/venv/lib/python3.9/site-packages/airflow/example_dags/example_dag_decorator.py
[2025-11-27T11:57:14.087-0300] {logging_mixin.py:188} INFO - [2025-11-27T11:57:14.086-0300] {dag.py:3089} INFO - Sync 1 DAGs
[2025-11-27T11:57:14.091-0300] {logging_mixin.py:188} INFO - [2025-11-27T11:57:14.091-0300] {dag.py:3947} INFO - Setting next_dagrun for example_dag_decorator to None, run_after=None
[2025-11-27T11:57:14.100-0300] {processor.py:183} INFO - Processing /Users/davispecia/Documents/GitHub/Pf_pipeline_dados/Projeto_final_fase3/venv/lib/python3.9/site-packages/airflow/example_dags/example_dag_decorator.py took 0.228 seconds
[2025-11-27T11:59:31.235-0300] {processor.py:161} INFO - Started process (PID=97694) to work on /Users/davispecia/Documents/GitHub/Pf_pipeline_dados/Projeto_final_fase3/venv/lib/python3.9/site-packages/airflow/example_dags/example_dag_decorator.py
[2025-11-27T11:59:31.236-0300] {processor.py:830} INFO - Processing file /Users/davispecia/Documents/GitHub/Pf_pipeline_dados/Projeto_final_fase3/venv/lib/python3.9/site-packages/airflow/example_dags/example_dag_decorator.py for tasks to queue
[2025-11-27T11:59:31.237-0300] {logging_mixin.py:188} INFO - [2025-11-27T11:59:31.236-0300] {dagbag.py:545} INFO - Filling up the DagBag from /Users/davispecia/Documents/GitHub/Pf_pipeline_dados/Projeto_final_fase3/venv/lib/python3.9/site-packages/airflow/example_dags/example_dag_decorator.py
[2025-11-27T11:59:31.349-0300] {processor.py:840} INFO - DAG(s) 'example_dag_decorator' retrieved from /Users/davispecia/Documents/GitHub/Pf_pipeline_dados/Projeto_final_fase3/venv/lib/python3.9/site-packages/airflow/example_dags/example_dag_decorator.py
[2025-11-27T11:59:31.446-0300] {logging_mixin.py:188} INFO - [2025-11-27T11:59:31.445-0300] {dag.py:3089} INFO - Sync 1 DAGs
[2025-11-27T11:59:31.450-0300] {logging_mixin.py:188} INFO - [2025-11-27T11:59:31.450-0300] {dag.py:3947} INFO - Setting next_dagrun for example_dag_decorator to None, run_after=None
[2025-11-27T11:59:31.459-0300] {processor.py:183} INFO - Processing /Users/davispecia/Documents/GitHub/Pf_pipeline_dados/Projeto_final_fase3/venv/lib/python3.9/site-packages/airflow/example_dags/example_dag_decorator.py took 0.226 seconds
[2025-11-27T12:01:41.220-0300] {processor.py:161} INFO - Started process (PID=98015) to work on /Users/davispecia/Documents/GitHub/Pf_pipeline_dados/Projeto_final_fase3/venv/lib/python3.9/site-packages/airflow/example_dags/example_dag_decorator.py
[2025-11-27T12:01:41.221-0300] {processor.py:830} INFO - Processing file /Users/davispecia/Documents/GitHub/Pf_pipeline_dados/Projeto_final_fase3/venv/lib/python3.9/site-packages/airflow/example_dags/example_dag_decorator.py for tasks to queue
[2025-11-27T12:01:41.222-0300] {logging_mixin.py:188} INFO - [2025-11-27T12:01:41.222-0300] {dagbag.py:545} INFO - Filling up the DagBag from /Users/davispecia/Documents/GitHub/Pf_pipeline_dados/Projeto_final_fase3/venv/lib/python3.9/site-packages/airflow/example_dags/example_dag_decorator.py
[2025-11-27T12:01:41.327-0300] {processor.py:840} INFO - DAG(s) 'example_dag_decorator' retrieved from /Users/davispecia/Documents/GitHub/Pf_pipeline_dados/Projeto_final_fase3/venv/lib/python3.9/site-packages/airflow/example_dags/example_dag_decorator.py
[2025-11-27T12:01:41.423-0300] {logging_mixin.py:188} INFO - [2025-11-27T12:01:41.423-0300] {dag.py:3089} INFO - Sync 1 DAGs
[2025-11-27T12:01:41.428-0300] {logging_mixin.py:188} INFO - [2025-11-27T12:01:41.428-0300] {dag.py:3947} INFO - Setting next_dagrun for example_dag_decorator to None, run_after=None
[2025-11-27T12:01:41.437-0300] {processor.py:183} INFO - Processing /Users/davispecia/Documents/GitHub/Pf_pipeline_dados/Projeto_final_fase3/venv/lib/python3.9/site-packages/airflow/example_dags/example_dag_decorator.py took 0.219 seconds
[2025-11-27T12:03:43.131-0300] {processor.py:161} INFO - Started process (PID=98311) to work on /Users/davispecia/Documents/GitHub/Pf_pipeline_dados/Projeto_final_fase3/venv/lib/python3.9/site-packages/airflow/example_dags/example_dag_decorator.py
[2025-11-27T12:03:43.131-0300] {processor.py:830} INFO - Processing file /Users/davispecia/Documents/GitHub/Pf_pipeline_dados/Projeto_final_fase3/venv/lib/python3.9/site-packages/airflow/example_dags/example_dag_decorator.py for tasks to queue
[2025-11-27T12:03:43.132-0300] {logging_mixin.py:188} INFO - [2025-11-27T12:03:43.132-0300] {dagbag.py:545} INFO - Filling up the DagBag from /Users/davispecia/Documents/GitHub/Pf_pipeline_dados/Projeto_final_fase3/venv/lib/python3.9/site-packages/airflow/example_dags/example_dag_decorator.py
[2025-11-27T12:03:43.247-0300] {processor.py:840} INFO - DAG(s) 'example_dag_decorator' retrieved from /Users/davispecia/Documents/GitHub/Pf_pipeline_dados/Projeto_final_fase3/venv/lib/python3.9/site-packages/airflow/example_dags/example_dag_decorator.py
[2025-11-27T12:03:43.344-0300] {logging_mixin.py:188} INFO - [2025-11-27T12:03:43.344-0300] {dag.py:3089} INFO - Sync 1 DAGs
[2025-11-27T12:03:43.349-0300] {logging_mixin.py:188} INFO - [2025-11-27T12:03:43.349-0300] {dag.py:3947} INFO - Setting next_dagrun for example_dag_decorator to None, run_after=None
[2025-11-27T12:03:43.358-0300] {processor.py:183} INFO - Processing /Users/davispecia/Documents/GitHub/Pf_pipeline_dados/Projeto_final_fase3/venv/lib/python3.9/site-packages/airflow/example_dags/example_dag_decorator.py took 0.229 seconds
[2025-11-27T12:06:02.396-0300] {processor.py:161} INFO - Started process (PID=98751) to work on /Users/davispecia/Documents/GitHub/Pf_pipeline_dados/Projeto_final_fase3/venv/lib/python3.9/site-packages/airflow/example_dags/example_dag_decorator.py
[2025-11-27T12:06:02.397-0300] {processor.py:830} INFO - Processing file /Users/davispecia/Documents/GitHub/Pf_pipeline_dados/Projeto_final_fase3/venv/lib/python3.9/site-packages/airflow/example_dags/example_dag_decorator.py for tasks to queue
[2025-11-27T12:06:02.397-0300] {logging_mixin.py:188} INFO - [2025-11-27T12:06:02.397-0300] {dagbag.py:545} INFO - Filling up the DagBag from /Users/davispecia/Documents/GitHub/Pf_pipeline_dados/Projeto_final_fase3/venv/lib/python3.9/site-packages/airflow/example_dags/example_dag_decorator.py
[2025-11-27T12:06:02.511-0300] {processor.py:840} INFO - DAG(s) 'example_dag_decorator' retrieved from /Users/davispecia/Documents/GitHub/Pf_pipeline_dados/Projeto_final_fase3/venv/lib/python3.9/site-packages/airflow/example_dags/example_dag_decorator.py
[2025-11-27T12:06:02.609-0300] {logging_mixin.py:188} INFO - [2025-11-27T12:06:02.608-0300] {dag.py:3089} INFO - Sync 1 DAGs
[2025-11-27T12:06:02.613-0300] {logging_mixin.py:188} INFO - [2025-11-27T12:06:02.613-0300] {dag.py:3947} INFO - Setting next_dagrun for example_dag_decorator to None, run_after=None
[2025-11-27T12:06:02.622-0300] {processor.py:183} INFO - Processing /Users/davispecia/Documents/GitHub/Pf_pipeline_dados/Projeto_final_fase3/venv/lib/python3.9/site-packages/airflow/example_dags/example_dag_decorator.py took 0.229 seconds
[2025-11-27T12:08:12.372-0300] {processor.py:161} INFO - Started process (PID=99062) to work on /Users/davispecia/Documents/GitHub/Pf_pipeline_dados/Projeto_final_fase3/venv/lib/python3.9/site-packages/airflow/example_dags/example_dag_decorator.py
[2025-11-27T12:08:12.373-0300] {processor.py:830} INFO - Processing file /Users/davispecia/Documents/GitHub/Pf_pipeline_dados/Projeto_final_fase3/venv/lib/python3.9/site-packages/airflow/example_dags/example_dag_decorator.py for tasks to queue
[2025-11-27T12:08:12.373-0300] {logging_mixin.py:188} INFO - [2025-11-27T12:08:12.373-0300] {dagbag.py:545} INFO - Filling up the DagBag from /Users/davispecia/Documents/GitHub/Pf_pipeline_dados/Projeto_final_fase3/venv/lib/python3.9/site-packages/airflow/example_dags/example_dag_decorator.py
[2025-11-27T12:08:12.492-0300] {processor.py:840} INFO - DAG(s) 'example_dag_decorator' retrieved from /Users/davispecia/Documents/GitHub/Pf_pipeline_dados/Projeto_final_fase3/venv/lib/python3.9/site-packages/airflow/example_dags/example_dag_decorator.py
[2025-11-27T12:08:12.604-0300] {logging_mixin.py:188} INFO - [2025-11-27T12:08:12.604-0300] {dag.py:3089} INFO - Sync 1 DAGs
[2025-11-27T12:08:12.609-0300] {logging_mixin.py:188} INFO - [2025-11-27T12:08:12.609-0300] {dag.py:3947} INFO - Setting next_dagrun for example_dag_decorator to None, run_after=None
[2025-11-27T12:08:12.621-0300] {processor.py:183} INFO - Processing /Users/davispecia/Documents/GitHub/Pf_pipeline_dados/Projeto_final_fase3/venv/lib/python3.9/site-packages/airflow/example_dags/example_dag_decorator.py took 0.250 seconds
[2025-11-27T12:10:18.479-0300] {processor.py:161} INFO - Started process (PID=99377) to work on /Users/davispecia/Documents/GitHub/Pf_pipeline_dados/Projeto_final_fase3/venv/lib/python3.9/site-packages/airflow/example_dags/example_dag_decorator.py
[2025-11-27T12:10:18.480-0300] {processor.py:830} INFO - Processing file /Users/davispecia/Documents/GitHub/Pf_pipeline_dados/Projeto_final_fase3/venv/lib/python3.9/site-packages/airflow/example_dags/example_dag_decorator.py for tasks to queue
[2025-11-27T12:10:18.481-0300] {logging_mixin.py:188} INFO - [2025-11-27T12:10:18.481-0300] {dagbag.py:545} INFO - Filling up the DagBag from /Users/davispecia/Documents/GitHub/Pf_pipeline_dados/Projeto_final_fase3/venv/lib/python3.9/site-packages/airflow/example_dags/example_dag_decorator.py
[2025-11-27T12:10:18.728-0300] {processor.py:840} INFO - DAG(s) 'example_dag_decorator' retrieved from /Users/davispecia/Documents/GitHub/Pf_pipeline_dados/Projeto_final_fase3/venv/lib/python3.9/site-packages/airflow/example_dags/example_dag_decorator.py
[2025-11-27T12:10:18.827-0300] {logging_mixin.py:188} INFO - [2025-11-27T12:10:18.827-0300] {dag.py:3089} INFO - Sync 1 DAGs
[2025-11-27T12:10:18.832-0300] {logging_mixin.py:188} INFO - [2025-11-27T12:10:18.832-0300] {dag.py:3947} INFO - Setting next_dagrun for example_dag_decorator to None, run_after=None
[2025-11-27T12:10:18.841-0300] {processor.py:183} INFO - Processing /Users/davispecia/Documents/GitHub/Pf_pipeline_dados/Projeto_final_fase3/venv/lib/python3.9/site-packages/airflow/example_dags/example_dag_decorator.py took 0.364 seconds
[2025-11-27T12:12:33.529-0300] {processor.py:161} INFO - Started process (PID=99742) to work on /Users/davispecia/Documents/GitHub/Pf_pipeline_dados/Projeto_final_fase3/venv/lib/python3.9/site-packages/airflow/example_dags/example_dag_decorator.py
[2025-11-27T12:12:33.530-0300] {processor.py:830} INFO - Processing file /Users/davispecia/Documents/GitHub/Pf_pipeline_dados/Projeto_final_fase3/venv/lib/python3.9/site-packages/airflow/example_dags/example_dag_decorator.py for tasks to queue
[2025-11-27T12:12:33.531-0300] {logging_mixin.py:188} INFO - [2025-11-27T12:12:33.530-0300] {dagbag.py:545} INFO - Filling up the DagBag from /Users/davispecia/Documents/GitHub/Pf_pipeline_dados/Projeto_final_fase3/venv/lib/python3.9/site-packages/airflow/example_dags/example_dag_decorator.py
[2025-11-27T12:12:33.644-0300] {processor.py:840} INFO - DAG(s) 'example_dag_decorator' retrieved from /Users/davispecia/Documents/GitHub/Pf_pipeline_dados/Projeto_final_fase3/venv/lib/python3.9/site-packages/airflow/example_dags/example_dag_decorator.py
[2025-11-27T12:12:33.742-0300] {logging_mixin.py:188} INFO - [2025-11-27T12:12:33.742-0300] {dag.py:3089} INFO - Sync 1 DAGs
[2025-11-27T12:12:33.747-0300] {logging_mixin.py:188} INFO - [2025-11-27T12:12:33.747-0300] {dag.py:3947} INFO - Setting next_dagrun for example_dag_decorator to None, run_after=None
[2025-11-27T12:12:33.756-0300] {processor.py:183} INFO - Processing /Users/davispecia/Documents/GitHub/Pf_pipeline_dados/Projeto_final_fase3/venv/lib/python3.9/site-packages/airflow/example_dags/example_dag_decorator.py took 0.229 seconds
[2025-11-27T12:14:37.999-0300] {processor.py:161} INFO - Started process (PID=174) to work on /Users/davispecia/Documents/GitHub/Pf_pipeline_dados/Projeto_final_fase3/venv/lib/python3.9/site-packages/airflow/example_dags/example_dag_decorator.py
[2025-11-27T12:14:38.000-0300] {processor.py:830} INFO - Processing file /Users/davispecia/Documents/GitHub/Pf_pipeline_dados/Projeto_final_fase3/venv/lib/python3.9/site-packages/airflow/example_dags/example_dag_decorator.py for tasks to queue
[2025-11-27T12:14:38.001-0300] {logging_mixin.py:188} INFO - [2025-11-27T12:14:38.000-0300] {dagbag.py:545} INFO - Filling up the DagBag from /Users/davispecia/Documents/GitHub/Pf_pipeline_dados/Projeto_final_fase3/venv/lib/python3.9/site-packages/airflow/example_dags/example_dag_decorator.py
[2025-11-27T12:14:38.116-0300] {processor.py:840} INFO - DAG(s) 'example_dag_decorator' retrieved from /Users/davispecia/Documents/GitHub/Pf_pipeline_dados/Projeto_final_fase3/venv/lib/python3.9/site-packages/airflow/example_dags/example_dag_decorator.py
[2025-11-27T12:14:38.213-0300] {logging_mixin.py:188} INFO - [2025-11-27T12:14:38.213-0300] {dag.py:3089} INFO - Sync 1 DAGs
[2025-11-27T12:14:38.218-0300] {logging_mixin.py:188} INFO - [2025-11-27T12:14:38.218-0300] {dag.py:3947} INFO - Setting next_dagrun for example_dag_decorator to None, run_after=None
[2025-11-27T12:14:38.227-0300] {processor.py:183} INFO - Processing /Users/davispecia/Documents/GitHub/Pf_pipeline_dados/Projeto_final_fase3/venv/lib/python3.9/site-packages/airflow/example_dags/example_dag_decorator.py took 0.231 seconds
[2025-11-27T12:16:47.709-0300] {processor.py:161} INFO - Started process (PID=645) to work on /Users/davispecia/Documents/GitHub/Pf_pipeline_dados/Projeto_final_fase3/venv/lib/python3.9/site-packages/airflow/example_dags/example_dag_decorator.py
[2025-11-27T12:16:47.709-0300] {processor.py:830} INFO - Processing file /Users/davispecia/Documents/GitHub/Pf_pipeline_dados/Projeto_final_fase3/venv/lib/python3.9/site-packages/airflow/example_dags/example_dag_decorator.py for tasks to queue
[2025-11-27T12:16:47.710-0300] {logging_mixin.py:188} INFO - [2025-11-27T12:16:47.709-0300] {dagbag.py:545} INFO - Filling up the DagBag from /Users/davispecia/Documents/GitHub/Pf_pipeline_dados/Projeto_final_fase3/venv/lib/python3.9/site-packages/airflow/example_dags/example_dag_decorator.py
[2025-11-27T12:16:47.823-0300] {processor.py:840} INFO - DAG(s) 'example_dag_decorator' retrieved from /Users/davispecia/Documents/GitHub/Pf_pipeline_dados/Projeto_final_fase3/venv/lib/python3.9/site-packages/airflow/example_dags/example_dag_decorator.py
[2025-11-27T12:16:47.921-0300] {logging_mixin.py:188} INFO - [2025-11-27T12:16:47.921-0300] {dag.py:3089} INFO - Sync 1 DAGs
[2025-11-27T12:16:47.926-0300] {logging_mixin.py:188} INFO - [2025-11-27T12:16:47.926-0300] {dag.py:3947} INFO - Setting next_dagrun for example_dag_decorator to None, run_after=None
[2025-11-27T12:16:47.936-0300] {processor.py:183} INFO - Processing /Users/davispecia/Documents/GitHub/Pf_pipeline_dados/Projeto_final_fase3/venv/lib/python3.9/site-packages/airflow/example_dags/example_dag_decorator.py took 0.229 seconds
[2025-11-27T12:18:50.397-0300] {processor.py:161} INFO - Started process (PID=989) to work on /Users/davispecia/Documents/GitHub/Pf_pipeline_dados/Projeto_final_fase3/venv/lib/python3.9/site-packages/airflow/example_dags/example_dag_decorator.py
[2025-11-27T12:18:50.398-0300] {processor.py:830} INFO - Processing file /Users/davispecia/Documents/GitHub/Pf_pipeline_dados/Projeto_final_fase3/venv/lib/python3.9/site-packages/airflow/example_dags/example_dag_decorator.py for tasks to queue
[2025-11-27T12:18:50.399-0300] {logging_mixin.py:188} INFO - [2025-11-27T12:18:50.398-0300] {dagbag.py:545} INFO - Filling up the DagBag from /Users/davispecia/Documents/GitHub/Pf_pipeline_dados/Projeto_final_fase3/venv/lib/python3.9/site-packages/airflow/example_dags/example_dag_decorator.py
[2025-11-27T12:18:50.513-0300] {processor.py:840} INFO - DAG(s) 'example_dag_decorator' retrieved from /Users/davispecia/Documents/GitHub/Pf_pipeline_dados/Projeto_final_fase3/venv/lib/python3.9/site-packages/airflow/example_dags/example_dag_decorator.py
[2025-11-27T12:18:50.611-0300] {logging_mixin.py:188} INFO - [2025-11-27T12:18:50.611-0300] {dag.py:3089} INFO - Sync 1 DAGs
[2025-11-27T12:18:50.616-0300] {logging_mixin.py:188} INFO - [2025-11-27T12:18:50.615-0300] {dag.py:3947} INFO - Setting next_dagrun for example_dag_decorator to None, run_after=None
[2025-11-27T12:18:50.624-0300] {processor.py:183} INFO - Processing /Users/davispecia/Documents/GitHub/Pf_pipeline_dados/Projeto_final_fase3/venv/lib/python3.9/site-packages/airflow/example_dags/example_dag_decorator.py took 0.229 seconds
[2025-11-27T12:20:54.060-0300] {processor.py:161} INFO - Started process (PID=1294) to work on /Users/davispecia/Documents/GitHub/Pf_pipeline_dados/Projeto_final_fase3/venv/lib/python3.9/site-packages/airflow/example_dags/example_dag_decorator.py
[2025-11-27T12:20:54.061-0300] {processor.py:830} INFO - Processing file /Users/davispecia/Documents/GitHub/Pf_pipeline_dados/Projeto_final_fase3/venv/lib/python3.9/site-packages/airflow/example_dags/example_dag_decorator.py for tasks to queue
[2025-11-27T12:20:54.061-0300] {logging_mixin.py:188} INFO - [2025-11-27T12:20:54.061-0300] {dagbag.py:545} INFO - Filling up the DagBag from /Users/davispecia/Documents/GitHub/Pf_pipeline_dados/Projeto_final_fase3/venv/lib/python3.9/site-packages/airflow/example_dags/example_dag_decorator.py
[2025-11-27T12:20:54.176-0300] {processor.py:840} INFO - DAG(s) 'example_dag_decorator' retrieved from /Users/davispecia/Documents/GitHub/Pf_pipeline_dados/Projeto_final_fase3/venv/lib/python3.9/site-packages/airflow/example_dags/example_dag_decorator.py
[2025-11-27T12:20:54.280-0300] {logging_mixin.py:188} INFO - [2025-11-27T12:20:54.280-0300] {dag.py:3089} INFO - Sync 1 DAGs
[2025-11-27T12:20:54.285-0300] {logging_mixin.py:188} INFO - [2025-11-27T12:20:54.285-0300] {dag.py:3947} INFO - Setting next_dagrun for example_dag_decorator to None, run_after=None
[2025-11-27T12:20:54.295-0300] {processor.py:183} INFO - Processing /Users/davispecia/Documents/GitHub/Pf_pipeline_dados/Projeto_final_fase3/venv/lib/python3.9/site-packages/airflow/example_dags/example_dag_decorator.py took 0.237 seconds
[2025-11-27T12:23:05.810-0300] {processor.py:161} INFO - Started process (PID=1696) to work on /Users/davispecia/Documents/GitHub/Pf_pipeline_dados/Projeto_final_fase3/venv/lib/python3.9/site-packages/airflow/example_dags/example_dag_decorator.py
[2025-11-27T12:23:05.810-0300] {processor.py:830} INFO - Processing file /Users/davispecia/Documents/GitHub/Pf_pipeline_dados/Projeto_final_fase3/venv/lib/python3.9/site-packages/airflow/example_dags/example_dag_decorator.py for tasks to queue
[2025-11-27T12:23:05.810-0300] {logging_mixin.py:188} INFO - [2025-11-27T12:23:05.810-0300] {dagbag.py:545} INFO - Filling up the DagBag from /Users/davispecia/Documents/GitHub/Pf_pipeline_dados/Projeto_final_fase3/venv/lib/python3.9/site-packages/airflow/example_dags/example_dag_decorator.py
[2025-11-27T12:23:05.924-0300] {processor.py:840} INFO - DAG(s) 'example_dag_decorator' retrieved from /Users/davispecia/Documents/GitHub/Pf_pipeline_dados/Projeto_final_fase3/venv/lib/python3.9/site-packages/airflow/example_dags/example_dag_decorator.py
[2025-11-27T12:23:06.021-0300] {logging_mixin.py:188} INFO - [2025-11-27T12:23:06.021-0300] {dag.py:3089} INFO - Sync 1 DAGs
[2025-11-27T12:23:06.026-0300] {logging_mixin.py:188} INFO - [2025-11-27T12:23:06.025-0300] {dag.py:3947} INFO - Setting next_dagrun for example_dag_decorator to None, run_after=None
[2025-11-27T12:23:06.034-0300] {processor.py:183} INFO - Processing /Users/davispecia/Documents/GitHub/Pf_pipeline_dados/Projeto_final_fase3/venv/lib/python3.9/site-packages/airflow/example_dags/example_dag_decorator.py took 0.228 seconds
[2025-11-27T12:25:07.102-0300] {processor.py:161} INFO - Started process (PID=2010) to work on /Users/davispecia/Documents/GitHub/Pf_pipeline_dados/Projeto_final_fase3/venv/lib/python3.9/site-packages/airflow/example_dags/example_dag_decorator.py
[2025-11-27T12:25:07.103-0300] {processor.py:830} INFO - Processing file /Users/davispecia/Documents/GitHub/Pf_pipeline_dados/Projeto_final_fase3/venv/lib/python3.9/site-packages/airflow/example_dags/example_dag_decorator.py for tasks to queue
[2025-11-27T12:25:07.104-0300] {logging_mixin.py:188} INFO - [2025-11-27T12:25:07.103-0300] {dagbag.py:545} INFO - Filling up the DagBag from /Users/davispecia/Documents/GitHub/Pf_pipeline_dados/Projeto_final_fase3/venv/lib/python3.9/site-packages/airflow/example_dags/example_dag_decorator.py
[2025-11-27T12:25:07.217-0300] {processor.py:840} INFO - DAG(s) 'example_dag_decorator' retrieved from /Users/davispecia/Documents/GitHub/Pf_pipeline_dados/Projeto_final_fase3/venv/lib/python3.9/site-packages/airflow/example_dags/example_dag_decorator.py
[2025-11-27T12:25:07.314-0300] {logging_mixin.py:188} INFO - [2025-11-27T12:25:07.314-0300] {dag.py:3089} INFO - Sync 1 DAGs
[2025-11-27T12:25:07.319-0300] {logging_mixin.py:188} INFO - [2025-11-27T12:25:07.319-0300] {dag.py:3947} INFO - Setting next_dagrun for example_dag_decorator to None, run_after=None
[2025-11-27T12:25:07.328-0300] {processor.py:183} INFO - Processing /Users/davispecia/Documents/GitHub/Pf_pipeline_dados/Projeto_final_fase3/venv/lib/python3.9/site-packages/airflow/example_dags/example_dag_decorator.py took 0.228 seconds
[2025-11-27T12:27:21.307-0300] {processor.py:161} INFO - Started process (PID=2391) to work on /Users/davispecia/Documents/GitHub/Pf_pipeline_dados/Projeto_final_fase3/venv/lib/python3.9/site-packages/airflow/example_dags/example_dag_decorator.py
[2025-11-27T12:27:21.308-0300] {processor.py:830} INFO - Processing file /Users/davispecia/Documents/GitHub/Pf_pipeline_dados/Projeto_final_fase3/venv/lib/python3.9/site-packages/airflow/example_dags/example_dag_decorator.py for tasks to queue
[2025-11-27T12:27:21.308-0300] {logging_mixin.py:188} INFO - [2025-11-27T12:27:21.308-0300] {dagbag.py:545} INFO - Filling up the DagBag from /Users/davispecia/Documents/GitHub/Pf_pipeline_dados/Projeto_final_fase3/venv/lib/python3.9/site-packages/airflow/example_dags/example_dag_decorator.py
[2025-11-27T12:27:21.557-0300] {processor.py:840} INFO - DAG(s) 'example_dag_decorator' retrieved from /Users/davispecia/Documents/GitHub/Pf_pipeline_dados/Projeto_final_fase3/venv/lib/python3.9/site-packages/airflow/example_dags/example_dag_decorator.py
[2025-11-27T12:27:21.656-0300] {logging_mixin.py:188} INFO - [2025-11-27T12:27:21.655-0300] {dag.py:3089} INFO - Sync 1 DAGs
[2025-11-27T12:27:21.661-0300] {logging_mixin.py:188} INFO - [2025-11-27T12:27:21.661-0300] {dag.py:3947} INFO - Setting next_dagrun for example_dag_decorator to None, run_after=None
[2025-11-27T12:27:21.670-0300] {processor.py:183} INFO - Processing /Users/davispecia/Documents/GitHub/Pf_pipeline_dados/Projeto_final_fase3/venv/lib/python3.9/site-packages/airflow/example_dags/example_dag_decorator.py took 0.365 seconds
[2025-11-27T14:06:49.486-0300] {processor.py:161} INFO - Started process (PID=2982) to work on /Users/davispecia/Documents/GitHub/Pf_pipeline_dados/Projeto_final_fase3/venv/lib/python3.9/site-packages/airflow/example_dags/example_dag_decorator.py
[2025-11-27T14:06:49.487-0300] {processor.py:830} INFO - Processing file /Users/davispecia/Documents/GitHub/Pf_pipeline_dados/Projeto_final_fase3/venv/lib/python3.9/site-packages/airflow/example_dags/example_dag_decorator.py for tasks to queue
[2025-11-27T14:06:49.487-0300] {logging_mixin.py:188} INFO - [2025-11-27T14:06:49.487-0300] {dagbag.py:545} INFO - Filling up the DagBag from /Users/davispecia/Documents/GitHub/Pf_pipeline_dados/Projeto_final_fase3/venv/lib/python3.9/site-packages/airflow/example_dags/example_dag_decorator.py
[2025-11-27T14:06:49.737-0300] {processor.py:840} INFO - DAG(s) 'example_dag_decorator' retrieved from /Users/davispecia/Documents/GitHub/Pf_pipeline_dados/Projeto_final_fase3/venv/lib/python3.9/site-packages/airflow/example_dags/example_dag_decorator.py
[2025-11-27T14:06:49.832-0300] {logging_mixin.py:188} INFO - [2025-11-27T14:06:49.832-0300] {dag.py:3089} INFO - Sync 1 DAGs
[2025-11-27T14:06:49.837-0300] {logging_mixin.py:188} INFO - [2025-11-27T14:06:49.837-0300] {dag.py:3947} INFO - Setting next_dagrun for example_dag_decorator to None, run_after=None
[2025-11-27T14:06:49.846-0300] {processor.py:183} INFO - Processing /Users/davispecia/Documents/GitHub/Pf_pipeline_dados/Projeto_final_fase3/venv/lib/python3.9/site-packages/airflow/example_dags/example_dag_decorator.py took 0.362 seconds
[2025-11-27T14:08:59.753-0300] {processor.py:161} INFO - Started process (PID=3382) to work on /Users/davispecia/Documents/GitHub/Pf_pipeline_dados/Projeto_final_fase3/venv/lib/python3.9/site-packages/airflow/example_dags/example_dag_decorator.py
[2025-11-27T14:08:59.754-0300] {processor.py:830} INFO - Processing file /Users/davispecia/Documents/GitHub/Pf_pipeline_dados/Projeto_final_fase3/venv/lib/python3.9/site-packages/airflow/example_dags/example_dag_decorator.py for tasks to queue
[2025-11-27T14:08:59.754-0300] {logging_mixin.py:188} INFO - [2025-11-27T14:08:59.754-0300] {dagbag.py:545} INFO - Filling up the DagBag from /Users/davispecia/Documents/GitHub/Pf_pipeline_dados/Projeto_final_fase3/venv/lib/python3.9/site-packages/airflow/example_dags/example_dag_decorator.py
[2025-11-27T14:09:00.047-0300] {processor.py:840} INFO - DAG(s) 'example_dag_decorator' retrieved from /Users/davispecia/Documents/GitHub/Pf_pipeline_dados/Projeto_final_fase3/venv/lib/python3.9/site-packages/airflow/example_dags/example_dag_decorator.py
[2025-11-27T14:09:00.150-0300] {logging_mixin.py:188} INFO - [2025-11-27T14:09:00.150-0300] {dag.py:3089} INFO - Sync 1 DAGs
[2025-11-27T14:09:00.155-0300] {logging_mixin.py:188} INFO - [2025-11-27T14:09:00.155-0300] {dag.py:3947} INFO - Setting next_dagrun for example_dag_decorator to None, run_after=None
[2025-11-27T14:09:00.165-0300] {processor.py:183} INFO - Processing /Users/davispecia/Documents/GitHub/Pf_pipeline_dados/Projeto_final_fase3/venv/lib/python3.9/site-packages/airflow/example_dags/example_dag_decorator.py took 0.414 seconds
[2025-11-27T14:11:13.595-0300] {processor.py:161} INFO - Started process (PID=3761) to work on /Users/davispecia/Documents/GitHub/Pf_pipeline_dados/Projeto_final_fase3/venv/lib/python3.9/site-packages/airflow/example_dags/example_dag_decorator.py
[2025-11-27T14:11:13.596-0300] {processor.py:830} INFO - Processing file /Users/davispecia/Documents/GitHub/Pf_pipeline_dados/Projeto_final_fase3/venv/lib/python3.9/site-packages/airflow/example_dags/example_dag_decorator.py for tasks to queue
[2025-11-27T14:11:13.596-0300] {logging_mixin.py:188} INFO - [2025-11-27T14:11:13.596-0300] {dagbag.py:545} INFO - Filling up the DagBag from /Users/davispecia/Documents/GitHub/Pf_pipeline_dados/Projeto_final_fase3/venv/lib/python3.9/site-packages/airflow/example_dags/example_dag_decorator.py
[2025-11-27T14:11:13.712-0300] {processor.py:840} INFO - DAG(s) 'example_dag_decorator' retrieved from /Users/davispecia/Documents/GitHub/Pf_pipeline_dados/Projeto_final_fase3/venv/lib/python3.9/site-packages/airflow/example_dags/example_dag_decorator.py
[2025-11-27T14:11:13.813-0300] {logging_mixin.py:188} INFO - [2025-11-27T14:11:13.813-0300] {dag.py:3089} INFO - Sync 1 DAGs
[2025-11-27T14:11:13.818-0300] {logging_mixin.py:188} INFO - [2025-11-27T14:11:13.818-0300] {dag.py:3947} INFO - Setting next_dagrun for example_dag_decorator to None, run_after=None
[2025-11-27T14:11:13.829-0300] {processor.py:183} INFO - Processing /Users/davispecia/Documents/GitHub/Pf_pipeline_dados/Projeto_final_fase3/venv/lib/python3.9/site-packages/airflow/example_dags/example_dag_decorator.py took 0.236 seconds
[2025-11-27T14:13:17.542-0300] {processor.py:161} INFO - Started process (PID=4079) to work on /Users/davispecia/Documents/GitHub/Pf_pipeline_dados/Projeto_final_fase3/venv/lib/python3.9/site-packages/airflow/example_dags/example_dag_decorator.py
[2025-11-27T14:13:17.543-0300] {processor.py:830} INFO - Processing file /Users/davispecia/Documents/GitHub/Pf_pipeline_dados/Projeto_final_fase3/venv/lib/python3.9/site-packages/airflow/example_dags/example_dag_decorator.py for tasks to queue
[2025-11-27T14:13:17.544-0300] {logging_mixin.py:188} INFO - [2025-11-27T14:13:17.544-0300] {dagbag.py:545} INFO - Filling up the DagBag from /Users/davispecia/Documents/GitHub/Pf_pipeline_dados/Projeto_final_fase3/venv/lib/python3.9/site-packages/airflow/example_dags/example_dag_decorator.py
[2025-11-27T14:13:17.665-0300] {processor.py:840} INFO - DAG(s) 'example_dag_decorator' retrieved from /Users/davispecia/Documents/GitHub/Pf_pipeline_dados/Projeto_final_fase3/venv/lib/python3.9/site-packages/airflow/example_dags/example_dag_decorator.py
[2025-11-27T14:13:17.764-0300] {logging_mixin.py:188} INFO - [2025-11-27T14:13:17.764-0300] {dag.py:3089} INFO - Sync 1 DAGs
[2025-11-27T14:13:17.769-0300] {logging_mixin.py:188} INFO - [2025-11-27T14:13:17.769-0300] {dag.py:3947} INFO - Setting next_dagrun for example_dag_decorator to None, run_after=None
[2025-11-27T14:13:17.779-0300] {processor.py:183} INFO - Processing /Users/davispecia/Documents/GitHub/Pf_pipeline_dados/Projeto_final_fase3/venv/lib/python3.9/site-packages/airflow/example_dags/example_dag_decorator.py took 0.240 seconds
[2025-11-27T14:15:42.768-0300] {processor.py:161} INFO - Started process (PID=4498) to work on /Users/davispecia/Documents/GitHub/Pf_pipeline_dados/Projeto_final_fase3/venv/lib/python3.9/site-packages/airflow/example_dags/example_dag_decorator.py
[2025-11-27T14:15:42.770-0300] {processor.py:830} INFO - Processing file /Users/davispecia/Documents/GitHub/Pf_pipeline_dados/Projeto_final_fase3/venv/lib/python3.9/site-packages/airflow/example_dags/example_dag_decorator.py for tasks to queue
[2025-11-27T14:15:42.770-0300] {logging_mixin.py:188} INFO - [2025-11-27T14:15:42.770-0300] {dagbag.py:545} INFO - Filling up the DagBag from /Users/davispecia/Documents/GitHub/Pf_pipeline_dados/Projeto_final_fase3/venv/lib/python3.9/site-packages/airflow/example_dags/example_dag_decorator.py
[2025-11-27T14:15:42.890-0300] {processor.py:840} INFO - DAG(s) 'example_dag_decorator' retrieved from /Users/davispecia/Documents/GitHub/Pf_pipeline_dados/Projeto_final_fase3/venv/lib/python3.9/site-packages/airflow/example_dags/example_dag_decorator.py
[2025-11-27T14:15:42.992-0300] {logging_mixin.py:188} INFO - [2025-11-27T14:15:42.992-0300] {dag.py:3089} INFO - Sync 1 DAGs
[2025-11-27T14:15:42.997-0300] {logging_mixin.py:188} INFO - [2025-11-27T14:15:42.997-0300] {dag.py:3947} INFO - Setting next_dagrun for example_dag_decorator to None, run_after=None
[2025-11-27T14:15:43.006-0300] {processor.py:183} INFO - Processing /Users/davispecia/Documents/GitHub/Pf_pipeline_dados/Projeto_final_fase3/venv/lib/python3.9/site-packages/airflow/example_dags/example_dag_decorator.py took 0.240 seconds
[2025-11-27T14:17:55.770-0300] {processor.py:161} INFO - Started process (PID=4821) to work on /Users/davispecia/Documents/GitHub/Pf_pipeline_dados/Projeto_final_fase3/venv/lib/python3.9/site-packages/airflow/example_dags/example_dag_decorator.py
[2025-11-27T14:17:55.770-0300] {processor.py:830} INFO - Processing file /Users/davispecia/Documents/GitHub/Pf_pipeline_dados/Projeto_final_fase3/venv/lib/python3.9/site-packages/airflow/example_dags/example_dag_decorator.py for tasks to queue
[2025-11-27T14:17:55.771-0300] {logging_mixin.py:188} INFO - [2025-11-27T14:17:55.771-0300] {dagbag.py:545} INFO - Filling up the DagBag from /Users/davispecia/Documents/GitHub/Pf_pipeline_dados/Projeto_final_fase3/venv/lib/python3.9/site-packages/airflow/example_dags/example_dag_decorator.py
[2025-11-27T14:17:55.900-0300] {processor.py:840} INFO - DAG(s) 'example_dag_decorator' retrieved from /Users/davispecia/Documents/GitHub/Pf_pipeline_dados/Projeto_final_fase3/venv/lib/python3.9/site-packages/airflow/example_dags/example_dag_decorator.py
[2025-11-27T14:17:56.007-0300] {logging_mixin.py:188} INFO - [2025-11-27T14:17:56.007-0300] {dag.py:3089} INFO - Sync 1 DAGs
[2025-11-27T14:17:56.012-0300] {logging_mixin.py:188} INFO - [2025-11-27T14:17:56.012-0300] {dag.py:3947} INFO - Setting next_dagrun for example_dag_decorator to None, run_after=None
[2025-11-27T14:17:56.023-0300] {processor.py:183} INFO - Processing /Users/davispecia/Documents/GitHub/Pf_pipeline_dados/Projeto_final_fase3/venv/lib/python3.9/site-packages/airflow/example_dags/example_dag_decorator.py took 0.256 seconds
[2025-11-27T14:20:12.607-0300] {processor.py:161} INFO - Started process (PID=5147) to work on /Users/davispecia/Documents/GitHub/Pf_pipeline_dados/Projeto_final_fase3/venv/lib/python3.9/site-packages/airflow/example_dags/example_dag_decorator.py
[2025-11-27T14:20:12.608-0300] {processor.py:830} INFO - Processing file /Users/davispecia/Documents/GitHub/Pf_pipeline_dados/Projeto_final_fase3/venv/lib/python3.9/site-packages/airflow/example_dags/example_dag_decorator.py for tasks to queue
[2025-11-27T14:20:12.608-0300] {logging_mixin.py:188} INFO - [2025-11-27T14:20:12.608-0300] {dagbag.py:545} INFO - Filling up the DagBag from /Users/davispecia/Documents/GitHub/Pf_pipeline_dados/Projeto_final_fase3/venv/lib/python3.9/site-packages/airflow/example_dags/example_dag_decorator.py
[2025-11-27T14:20:12.880-0300] {processor.py:840} INFO - DAG(s) 'example_dag_decorator' retrieved from /Users/davispecia/Documents/GitHub/Pf_pipeline_dados/Projeto_final_fase3/venv/lib/python3.9/site-packages/airflow/example_dags/example_dag_decorator.py
[2025-11-27T14:20:12.991-0300] {logging_mixin.py:188} INFO - [2025-11-27T14:20:12.991-0300] {dag.py:3089} INFO - Sync 1 DAGs
[2025-11-27T14:20:12.997-0300] {logging_mixin.py:188} INFO - [2025-11-27T14:20:12.997-0300] {dag.py:3947} INFO - Setting next_dagrun for example_dag_decorator to None, run_after=None
[2025-11-27T14:20:13.008-0300] {processor.py:183} INFO - Processing /Users/davispecia/Documents/GitHub/Pf_pipeline_dados/Projeto_final_fase3/venv/lib/python3.9/site-packages/airflow/example_dags/example_dag_decorator.py took 0.404 seconds
[2025-11-27T14:22:31.767-0300] {processor.py:161} INFO - Started process (PID=5528) to work on /Users/davispecia/Documents/GitHub/Pf_pipeline_dados/Projeto_final_fase3/venv/lib/python3.9/site-packages/airflow/example_dags/example_dag_decorator.py
[2025-11-27T14:22:31.769-0300] {processor.py:830} INFO - Processing file /Users/davispecia/Documents/GitHub/Pf_pipeline_dados/Projeto_final_fase3/venv/lib/python3.9/site-packages/airflow/example_dags/example_dag_decorator.py for tasks to queue
[2025-11-27T14:22:31.769-0300] {logging_mixin.py:188} INFO - [2025-11-27T14:22:31.769-0300] {dagbag.py:545} INFO - Filling up the DagBag from /Users/davispecia/Documents/GitHub/Pf_pipeline_dados/Projeto_final_fase3/venv/lib/python3.9/site-packages/airflow/example_dags/example_dag_decorator.py
[2025-11-27T14:22:31.893-0300] {processor.py:840} INFO - DAG(s) 'example_dag_decorator' retrieved from /Users/davispecia/Documents/GitHub/Pf_pipeline_dados/Projeto_final_fase3/venv/lib/python3.9/site-packages/airflow/example_dags/example_dag_decorator.py
[2025-11-27T14:22:31.994-0300] {logging_mixin.py:188} INFO - [2025-11-27T14:22:31.993-0300] {dag.py:3089} INFO - Sync 1 DAGs
[2025-11-27T14:22:31.999-0300] {logging_mixin.py:188} INFO - [2025-11-27T14:22:31.999-0300] {dag.py:3947} INFO - Setting next_dagrun for example_dag_decorator to None, run_after=None
[2025-11-27T14:22:32.008-0300] {processor.py:183} INFO - Processing /Users/davispecia/Documents/GitHub/Pf_pipeline_dados/Projeto_final_fase3/venv/lib/python3.9/site-packages/airflow/example_dags/example_dag_decorator.py took 0.242 seconds
[2025-11-27T14:24:48.816-0300] {processor.py:161} INFO - Started process (PID=5845) to work on /Users/davispecia/Documents/GitHub/Pf_pipeline_dados/Projeto_final_fase3/venv/lib/python3.9/site-packages/airflow/example_dags/example_dag_decorator.py
[2025-11-27T14:24:48.818-0300] {processor.py:830} INFO - Processing file /Users/davispecia/Documents/GitHub/Pf_pipeline_dados/Projeto_final_fase3/venv/lib/python3.9/site-packages/airflow/example_dags/example_dag_decorator.py for tasks to queue
[2025-11-27T14:24:48.818-0300] {logging_mixin.py:188} INFO - [2025-11-27T14:24:48.818-0300] {dagbag.py:545} INFO - Filling up the DagBag from /Users/davispecia/Documents/GitHub/Pf_pipeline_dados/Projeto_final_fase3/venv/lib/python3.9/site-packages/airflow/example_dags/example_dag_decorator.py
[2025-11-27T14:24:48.946-0300] {processor.py:840} INFO - DAG(s) 'example_dag_decorator' retrieved from /Users/davispecia/Documents/GitHub/Pf_pipeline_dados/Projeto_final_fase3/venv/lib/python3.9/site-packages/airflow/example_dags/example_dag_decorator.py
[2025-11-27T14:24:49.048-0300] {logging_mixin.py:188} INFO - [2025-11-27T14:24:49.048-0300] {dag.py:3089} INFO - Sync 1 DAGs
[2025-11-27T14:24:49.054-0300] {logging_mixin.py:188} INFO - [2025-11-27T14:24:49.054-0300] {dag.py:3947} INFO - Setting next_dagrun for example_dag_decorator to None, run_after=None
[2025-11-27T14:24:49.063-0300] {processor.py:183} INFO - Processing /Users/davispecia/Documents/GitHub/Pf_pipeline_dados/Projeto_final_fase3/venv/lib/python3.9/site-packages/airflow/example_dags/example_dag_decorator.py took 0.249 seconds
[2025-11-27T14:27:22.800-0300] {processor.py:161} INFO - Started process (PID=6265) to work on /Users/davispecia/Documents/GitHub/Pf_pipeline_dados/Projeto_final_fase3/venv/lib/python3.9/site-packages/airflow/example_dags/example_dag_decorator.py
[2025-11-27T14:27:22.801-0300] {processor.py:830} INFO - Processing file /Users/davispecia/Documents/GitHub/Pf_pipeline_dados/Projeto_final_fase3/venv/lib/python3.9/site-packages/airflow/example_dags/example_dag_decorator.py for tasks to queue
[2025-11-27T14:27:22.801-0300] {logging_mixin.py:188} INFO - [2025-11-27T14:27:22.801-0300] {dagbag.py:545} INFO - Filling up the DagBag from /Users/davispecia/Documents/GitHub/Pf_pipeline_dados/Projeto_final_fase3/venv/lib/python3.9/site-packages/airflow/example_dags/example_dag_decorator.py
[2025-11-27T14:27:23.073-0300] {processor.py:840} INFO - DAG(s) 'example_dag_decorator' retrieved from /Users/davispecia/Documents/GitHub/Pf_pipeline_dados/Projeto_final_fase3/venv/lib/python3.9/site-packages/airflow/example_dags/example_dag_decorator.py
[2025-11-27T14:27:23.174-0300] {logging_mixin.py:188} INFO - [2025-11-27T14:27:23.174-0300] {dag.py:3089} INFO - Sync 1 DAGs
[2025-11-27T14:27:23.179-0300] {logging_mixin.py:188} INFO - [2025-11-27T14:27:23.179-0300] {dag.py:3947} INFO - Setting next_dagrun for example_dag_decorator to None, run_after=None
[2025-11-27T14:27:23.188-0300] {processor.py:183} INFO - Processing /Users/davispecia/Documents/GitHub/Pf_pipeline_dados/Projeto_final_fase3/venv/lib/python3.9/site-packages/airflow/example_dags/example_dag_decorator.py took 0.390 seconds
[2025-11-27T14:29:39.321-0300] {processor.py:161} INFO - Started process (PID=6643) to work on /Users/davispecia/Documents/GitHub/Pf_pipeline_dados/Projeto_final_fase3/venv/lib/python3.9/site-packages/airflow/example_dags/example_dag_decorator.py
[2025-11-27T14:29:39.323-0300] {processor.py:830} INFO - Processing file /Users/davispecia/Documents/GitHub/Pf_pipeline_dados/Projeto_final_fase3/venv/lib/python3.9/site-packages/airflow/example_dags/example_dag_decorator.py for tasks to queue
[2025-11-27T14:29:39.323-0300] {logging_mixin.py:188} INFO - [2025-11-27T14:29:39.323-0300] {dagbag.py:545} INFO - Filling up the DagBag from /Users/davispecia/Documents/GitHub/Pf_pipeline_dados/Projeto_final_fase3/venv/lib/python3.9/site-packages/airflow/example_dags/example_dag_decorator.py
[2025-11-27T14:29:39.445-0300] {processor.py:840} INFO - DAG(s) 'example_dag_decorator' retrieved from /Users/davispecia/Documents/GitHub/Pf_pipeline_dados/Projeto_final_fase3/venv/lib/python3.9/site-packages/airflow/example_dags/example_dag_decorator.py
[2025-11-27T14:29:39.555-0300] {logging_mixin.py:188} INFO - [2025-11-27T14:29:39.554-0300] {dag.py:3089} INFO - Sync 1 DAGs
[2025-11-27T14:29:39.560-0300] {logging_mixin.py:188} INFO - [2025-11-27T14:29:39.559-0300] {dag.py:3947} INFO - Setting next_dagrun for example_dag_decorator to None, run_after=None
[2025-11-27T14:29:39.570-0300] {processor.py:183} INFO - Processing /Users/davispecia/Documents/GitHub/Pf_pipeline_dados/Projeto_final_fase3/venv/lib/python3.9/site-packages/airflow/example_dags/example_dag_decorator.py took 0.250 seconds
[2025-11-27T14:31:51.087-0300] {processor.py:161} INFO - Started process (PID=6956) to work on /Users/davispecia/Documents/GitHub/Pf_pipeline_dados/Projeto_final_fase3/venv/lib/python3.9/site-packages/airflow/example_dags/example_dag_decorator.py
[2025-11-27T14:31:51.088-0300] {processor.py:830} INFO - Processing file /Users/davispecia/Documents/GitHub/Pf_pipeline_dados/Projeto_final_fase3/venv/lib/python3.9/site-packages/airflow/example_dags/example_dag_decorator.py for tasks to queue
[2025-11-27T14:31:51.089-0300] {logging_mixin.py:188} INFO - [2025-11-27T14:31:51.088-0300] {dagbag.py:545} INFO - Filling up the DagBag from /Users/davispecia/Documents/GitHub/Pf_pipeline_dados/Projeto_final_fase3/venv/lib/python3.9/site-packages/airflow/example_dags/example_dag_decorator.py
[2025-11-27T14:31:51.210-0300] {processor.py:840} INFO - DAG(s) 'example_dag_decorator' retrieved from /Users/davispecia/Documents/GitHub/Pf_pipeline_dados/Projeto_final_fase3/venv/lib/python3.9/site-packages/airflow/example_dags/example_dag_decorator.py
[2025-11-27T14:31:51.315-0300] {logging_mixin.py:188} INFO - [2025-11-27T14:31:51.314-0300] {dag.py:3089} INFO - Sync 1 DAGs
[2025-11-27T14:31:51.320-0300] {logging_mixin.py:188} INFO - [2025-11-27T14:31:51.319-0300] {dag.py:3947} INFO - Setting next_dagrun for example_dag_decorator to None, run_after=None
[2025-11-27T14:31:51.330-0300] {processor.py:183} INFO - Processing /Users/davispecia/Documents/GitHub/Pf_pipeline_dados/Projeto_final_fase3/venv/lib/python3.9/site-packages/airflow/example_dags/example_dag_decorator.py took 0.245 seconds
[2025-11-27T14:34:11.725-0300] {processor.py:161} INFO - Started process (PID=7374) to work on /Users/davispecia/Documents/GitHub/Pf_pipeline_dados/Projeto_final_fase3/venv/lib/python3.9/site-packages/airflow/example_dags/example_dag_decorator.py
[2025-11-27T14:34:11.725-0300] {processor.py:830} INFO - Processing file /Users/davispecia/Documents/GitHub/Pf_pipeline_dados/Projeto_final_fase3/venv/lib/python3.9/site-packages/airflow/example_dags/example_dag_decorator.py for tasks to queue
[2025-11-27T14:34:11.725-0300] {logging_mixin.py:188} INFO - [2025-11-27T14:34:11.725-0300] {dagbag.py:545} INFO - Filling up the DagBag from /Users/davispecia/Documents/GitHub/Pf_pipeline_dados/Projeto_final_fase3/venv/lib/python3.9/site-packages/airflow/example_dags/example_dag_decorator.py
[2025-11-27T14:34:11.865-0300] {processor.py:840} INFO - DAG(s) 'example_dag_decorator' retrieved from /Users/davispecia/Documents/GitHub/Pf_pipeline_dados/Projeto_final_fase3/venv/lib/python3.9/site-packages/airflow/example_dags/example_dag_decorator.py
[2025-11-27T14:34:11.968-0300] {logging_mixin.py:188} INFO - [2025-11-27T14:34:11.968-0300] {dag.py:3089} INFO - Sync 1 DAGs
[2025-11-27T14:34:11.973-0300] {logging_mixin.py:188} INFO - [2025-11-27T14:34:11.973-0300] {dag.py:3947} INFO - Setting next_dagrun for example_dag_decorator to None, run_after=None
[2025-11-27T14:34:11.983-0300] {processor.py:183} INFO - Processing /Users/davispecia/Documents/GitHub/Pf_pipeline_dados/Projeto_final_fase3/venv/lib/python3.9/site-packages/airflow/example_dags/example_dag_decorator.py took 0.260 seconds
[2025-11-27T14:36:31.148-0300] {processor.py:161} INFO - Started process (PID=7831) to work on /Users/davispecia/Documents/GitHub/Pf_pipeline_dados/Projeto_final_fase3/venv/lib/python3.9/site-packages/airflow/example_dags/example_dag_decorator.py
[2025-11-27T14:36:31.149-0300] {processor.py:830} INFO - Processing file /Users/davispecia/Documents/GitHub/Pf_pipeline_dados/Projeto_final_fase3/venv/lib/python3.9/site-packages/airflow/example_dags/example_dag_decorator.py for tasks to queue
[2025-11-27T14:36:31.149-0300] {logging_mixin.py:188} INFO - [2025-11-27T14:36:31.149-0300] {dagbag.py:545} INFO - Filling up the DagBag from /Users/davispecia/Documents/GitHub/Pf_pipeline_dados/Projeto_final_fase3/venv/lib/python3.9/site-packages/airflow/example_dags/example_dag_decorator.py
[2025-11-27T14:36:31.278-0300] {processor.py:840} INFO - DAG(s) 'example_dag_decorator' retrieved from /Users/davispecia/Documents/GitHub/Pf_pipeline_dados/Projeto_final_fase3/venv/lib/python3.9/site-packages/airflow/example_dags/example_dag_decorator.py
[2025-11-27T14:36:31.381-0300] {logging_mixin.py:188} INFO - [2025-11-27T14:36:31.381-0300] {dag.py:3089} INFO - Sync 1 DAGs
[2025-11-27T14:36:31.389-0300] {logging_mixin.py:188} INFO - [2025-11-27T14:36:31.389-0300] {dag.py:3947} INFO - Setting next_dagrun for example_dag_decorator to None, run_after=None
[2025-11-27T14:36:31.401-0300] {processor.py:183} INFO - Processing /Users/davispecia/Documents/GitHub/Pf_pipeline_dados/Projeto_final_fase3/venv/lib/python3.9/site-packages/airflow/example_dags/example_dag_decorator.py took 0.255 seconds
[2025-11-27T14:38:46.858-0300] {processor.py:161} INFO - Started process (PID=8169) to work on /Users/davispecia/Documents/GitHub/Pf_pipeline_dados/Projeto_final_fase3/venv/lib/python3.9/site-packages/airflow/example_dags/example_dag_decorator.py
[2025-11-27T14:38:46.859-0300] {processor.py:830} INFO - Processing file /Users/davispecia/Documents/GitHub/Pf_pipeline_dados/Projeto_final_fase3/venv/lib/python3.9/site-packages/airflow/example_dags/example_dag_decorator.py for tasks to queue
[2025-11-27T14:38:46.860-0300] {logging_mixin.py:188} INFO - [2025-11-27T14:38:46.859-0300] {dagbag.py:545} INFO - Filling up the DagBag from /Users/davispecia/Documents/GitHub/Pf_pipeline_dados/Projeto_final_fase3/venv/lib/python3.9/site-packages/airflow/example_dags/example_dag_decorator.py
[2025-11-27T14:38:47.115-0300] {processor.py:840} INFO - DAG(s) 'example_dag_decorator' retrieved from /Users/davispecia/Documents/GitHub/Pf_pipeline_dados/Projeto_final_fase3/venv/lib/python3.9/site-packages/airflow/example_dags/example_dag_decorator.py
[2025-11-27T14:38:47.215-0300] {logging_mixin.py:188} INFO - [2025-11-27T14:38:47.215-0300] {dag.py:3089} INFO - Sync 1 DAGs
[2025-11-27T14:38:47.220-0300] {logging_mixin.py:188} INFO - [2025-11-27T14:38:47.220-0300] {dag.py:3947} INFO - Setting next_dagrun for example_dag_decorator to None, run_after=None
[2025-11-27T14:38:47.229-0300] {processor.py:183} INFO - Processing /Users/davispecia/Documents/GitHub/Pf_pipeline_dados/Projeto_final_fase3/venv/lib/python3.9/site-packages/airflow/example_dags/example_dag_decorator.py took 0.374 seconds
[2025-11-27T14:41:02.879-0300] {processor.py:161} INFO - Started process (PID=8593) to work on /Users/davispecia/Documents/GitHub/Pf_pipeline_dados/Projeto_final_fase3/venv/lib/python3.9/site-packages/airflow/example_dags/example_dag_decorator.py
[2025-11-27T14:41:02.881-0300] {processor.py:830} INFO - Processing file /Users/davispecia/Documents/GitHub/Pf_pipeline_dados/Projeto_final_fase3/venv/lib/python3.9/site-packages/airflow/example_dags/example_dag_decorator.py for tasks to queue
[2025-11-27T14:41:02.881-0300] {logging_mixin.py:188} INFO - [2025-11-27T14:41:02.881-0300] {dagbag.py:545} INFO - Filling up the DagBag from /Users/davispecia/Documents/GitHub/Pf_pipeline_dados/Projeto_final_fase3/venv/lib/python3.9/site-packages/airflow/example_dags/example_dag_decorator.py
[2025-11-27T14:41:03.041-0300] {processor.py:840} INFO - DAG(s) 'example_dag_decorator' retrieved from /Users/davispecia/Documents/GitHub/Pf_pipeline_dados/Projeto_final_fase3/venv/lib/python3.9/site-packages/airflow/example_dags/example_dag_decorator.py
[2025-11-27T14:41:03.167-0300] {logging_mixin.py:188} INFO - [2025-11-27T14:41:03.167-0300] {dag.py:3089} INFO - Sync 1 DAGs
[2025-11-27T14:41:03.173-0300] {logging_mixin.py:188} INFO - [2025-11-27T14:41:03.173-0300] {dag.py:3947} INFO - Setting next_dagrun for example_dag_decorator to None, run_after=None
[2025-11-27T14:41:03.192-0300] {processor.py:183} INFO - Processing /Users/davispecia/Documents/GitHub/Pf_pipeline_dados/Projeto_final_fase3/venv/lib/python3.9/site-packages/airflow/example_dags/example_dag_decorator.py took 0.315 seconds
[2025-11-27T14:43:07.319-0300] {processor.py:161} INFO - Started process (PID=8939) to work on /Users/davispecia/Documents/GitHub/Pf_pipeline_dados/Projeto_final_fase3/venv/lib/python3.9/site-packages/airflow/example_dags/example_dag_decorator.py
[2025-11-27T14:43:07.320-0300] {processor.py:830} INFO - Processing file /Users/davispecia/Documents/GitHub/Pf_pipeline_dados/Projeto_final_fase3/venv/lib/python3.9/site-packages/airflow/example_dags/example_dag_decorator.py for tasks to queue
[2025-11-27T14:43:07.321-0300] {logging_mixin.py:188} INFO - [2025-11-27T14:43:07.321-0300] {dagbag.py:545} INFO - Filling up the DagBag from /Users/davispecia/Documents/GitHub/Pf_pipeline_dados/Projeto_final_fase3/venv/lib/python3.9/site-packages/airflow/example_dags/example_dag_decorator.py
[2025-11-27T14:43:07.442-0300] {processor.py:840} INFO - DAG(s) 'example_dag_decorator' retrieved from /Users/davispecia/Documents/GitHub/Pf_pipeline_dados/Projeto_final_fase3/venv/lib/python3.9/site-packages/airflow/example_dags/example_dag_decorator.py
[2025-11-27T14:43:07.542-0300] {logging_mixin.py:188} INFO - [2025-11-27T14:43:07.542-0300] {dag.py:3089} INFO - Sync 1 DAGs
[2025-11-27T14:43:07.547-0300] {logging_mixin.py:188} INFO - [2025-11-27T14:43:07.547-0300] {dag.py:3947} INFO - Setting next_dagrun for example_dag_decorator to None, run_after=None
[2025-11-27T14:43:07.556-0300] {processor.py:183} INFO - Processing /Users/davispecia/Documents/GitHub/Pf_pipeline_dados/Projeto_final_fase3/venv/lib/python3.9/site-packages/airflow/example_dags/example_dag_decorator.py took 0.239 seconds
[2025-11-27T14:45:25.238-0300] {processor.py:161} INFO - Started process (PID=9384) to work on /Users/davispecia/Documents/GitHub/Pf_pipeline_dados/Projeto_final_fase3/venv/lib/python3.9/site-packages/airflow/example_dags/example_dag_decorator.py
[2025-11-27T14:45:25.240-0300] {processor.py:830} INFO - Processing file /Users/davispecia/Documents/GitHub/Pf_pipeline_dados/Projeto_final_fase3/venv/lib/python3.9/site-packages/airflow/example_dags/example_dag_decorator.py for tasks to queue
[2025-11-27T14:45:25.241-0300] {logging_mixin.py:188} INFO - [2025-11-27T14:45:25.241-0300] {dagbag.py:545} INFO - Filling up the DagBag from /Users/davispecia/Documents/GitHub/Pf_pipeline_dados/Projeto_final_fase3/venv/lib/python3.9/site-packages/airflow/example_dags/example_dag_decorator.py
[2025-11-27T14:45:25.363-0300] {processor.py:840} INFO - DAG(s) 'example_dag_decorator' retrieved from /Users/davispecia/Documents/GitHub/Pf_pipeline_dados/Projeto_final_fase3/venv/lib/python3.9/site-packages/airflow/example_dags/example_dag_decorator.py
[2025-11-27T14:45:25.466-0300] {logging_mixin.py:188} INFO - [2025-11-27T14:45:25.466-0300] {dag.py:3089} INFO - Sync 1 DAGs
[2025-11-27T14:45:25.471-0300] {logging_mixin.py:188} INFO - [2025-11-27T14:45:25.471-0300] {dag.py:3947} INFO - Setting next_dagrun for example_dag_decorator to None, run_after=None
[2025-11-27T14:45:25.482-0300] {processor.py:183} INFO - Processing /Users/davispecia/Documents/GitHub/Pf_pipeline_dados/Projeto_final_fase3/venv/lib/python3.9/site-packages/airflow/example_dags/example_dag_decorator.py took 0.246 seconds
[2025-11-27T14:47:34.623-0300] {processor.py:161} INFO - Started process (PID=9702) to work on /Users/davispecia/Documents/GitHub/Pf_pipeline_dados/Projeto_final_fase3/venv/lib/python3.9/site-packages/airflow/example_dags/example_dag_decorator.py
[2025-11-27T14:47:34.623-0300] {processor.py:830} INFO - Processing file /Users/davispecia/Documents/GitHub/Pf_pipeline_dados/Projeto_final_fase3/venv/lib/python3.9/site-packages/airflow/example_dags/example_dag_decorator.py for tasks to queue
[2025-11-27T14:47:34.624-0300] {logging_mixin.py:188} INFO - [2025-11-27T14:47:34.624-0300] {dagbag.py:545} INFO - Filling up the DagBag from /Users/davispecia/Documents/GitHub/Pf_pipeline_dados/Projeto_final_fase3/venv/lib/python3.9/site-packages/airflow/example_dags/example_dag_decorator.py
[2025-11-27T14:47:34.742-0300] {processor.py:840} INFO - DAG(s) 'example_dag_decorator' retrieved from /Users/davispecia/Documents/GitHub/Pf_pipeline_dados/Projeto_final_fase3/venv/lib/python3.9/site-packages/airflow/example_dags/example_dag_decorator.py
[2025-11-27T14:47:34.842-0300] {logging_mixin.py:188} INFO - [2025-11-27T14:47:34.842-0300] {dag.py:3089} INFO - Sync 1 DAGs
[2025-11-27T14:47:34.847-0300] {logging_mixin.py:188} INFO - [2025-11-27T14:47:34.847-0300] {dag.py:3947} INFO - Setting next_dagrun for example_dag_decorator to None, run_after=None
[2025-11-27T14:47:34.856-0300] {processor.py:183} INFO - Processing /Users/davispecia/Documents/GitHub/Pf_pipeline_dados/Projeto_final_fase3/venv/lib/python3.9/site-packages/airflow/example_dags/example_dag_decorator.py took 0.235 seconds
[2025-11-27T14:49:41.431-0300] {processor.py:161} INFO - Started process (PID=10014) to work on /Users/davispecia/Documents/GitHub/Pf_pipeline_dados/Projeto_final_fase3/venv/lib/python3.9/site-packages/airflow/example_dags/example_dag_decorator.py
[2025-11-27T14:49:41.432-0300] {processor.py:830} INFO - Processing file /Users/davispecia/Documents/GitHub/Pf_pipeline_dados/Projeto_final_fase3/venv/lib/python3.9/site-packages/airflow/example_dags/example_dag_decorator.py for tasks to queue
[2025-11-27T14:49:41.432-0300] {logging_mixin.py:188} INFO - [2025-11-27T14:49:41.432-0300] {dagbag.py:545} INFO - Filling up the DagBag from /Users/davispecia/Documents/GitHub/Pf_pipeline_dados/Projeto_final_fase3/venv/lib/python3.9/site-packages/airflow/example_dags/example_dag_decorator.py
[2025-11-27T14:49:41.684-0300] {processor.py:840} INFO - DAG(s) 'example_dag_decorator' retrieved from /Users/davispecia/Documents/GitHub/Pf_pipeline_dados/Projeto_final_fase3/venv/lib/python3.9/site-packages/airflow/example_dags/example_dag_decorator.py
[2025-11-27T14:49:41.787-0300] {logging_mixin.py:188} INFO - [2025-11-27T14:49:41.786-0300] {dag.py:3089} INFO - Sync 1 DAGs
[2025-11-27T14:49:41.792-0300] {logging_mixin.py:188} INFO - [2025-11-27T14:49:41.792-0300] {dag.py:3947} INFO - Setting next_dagrun for example_dag_decorator to None, run_after=None
[2025-11-27T14:49:41.801-0300] {processor.py:183} INFO - Processing /Users/davispecia/Documents/GitHub/Pf_pipeline_dados/Projeto_final_fase3/venv/lib/python3.9/site-packages/airflow/example_dags/example_dag_decorator.py took 0.372 seconds
[2025-11-27T14:52:01.012-0300] {processor.py:161} INFO - Started process (PID=10404) to work on /Users/davispecia/Documents/GitHub/Pf_pipeline_dados/Projeto_final_fase3/venv/lib/python3.9/site-packages/airflow/example_dags/example_dag_decorator.py
[2025-11-27T14:52:01.013-0300] {processor.py:830} INFO - Processing file /Users/davispecia/Documents/GitHub/Pf_pipeline_dados/Projeto_final_fase3/venv/lib/python3.9/site-packages/airflow/example_dags/example_dag_decorator.py for tasks to queue
[2025-11-27T14:52:01.013-0300] {logging_mixin.py:188} INFO - [2025-11-27T14:52:01.013-0300] {dagbag.py:545} INFO - Filling up the DagBag from /Users/davispecia/Documents/GitHub/Pf_pipeline_dados/Projeto_final_fase3/venv/lib/python3.9/site-packages/airflow/example_dags/example_dag_decorator.py
[2025-11-27T14:52:01.136-0300] {processor.py:840} INFO - DAG(s) 'example_dag_decorator' retrieved from /Users/davispecia/Documents/GitHub/Pf_pipeline_dados/Projeto_final_fase3/venv/lib/python3.9/site-packages/airflow/example_dags/example_dag_decorator.py
[2025-11-27T14:52:01.248-0300] {logging_mixin.py:188} INFO - [2025-11-27T14:52:01.248-0300] {dag.py:3089} INFO - Sync 1 DAGs
[2025-11-27T14:52:01.253-0300] {logging_mixin.py:188} INFO - [2025-11-27T14:52:01.253-0300] {dag.py:3947} INFO - Setting next_dagrun for example_dag_decorator to None, run_after=None
[2025-11-27T14:52:01.264-0300] {processor.py:183} INFO - Processing /Users/davispecia/Documents/GitHub/Pf_pipeline_dados/Projeto_final_fase3/venv/lib/python3.9/site-packages/airflow/example_dags/example_dag_decorator.py took 0.255 seconds
[2025-11-27T14:54:04.236-0300] {processor.py:161} INFO - Started process (PID=10720) to work on /Users/davispecia/Documents/GitHub/Pf_pipeline_dados/Projeto_final_fase3/venv/lib/python3.9/site-packages/airflow/example_dags/example_dag_decorator.py
[2025-11-27T14:54:04.237-0300] {processor.py:830} INFO - Processing file /Users/davispecia/Documents/GitHub/Pf_pipeline_dados/Projeto_final_fase3/venv/lib/python3.9/site-packages/airflow/example_dags/example_dag_decorator.py for tasks to queue
[2025-11-27T14:54:04.238-0300] {logging_mixin.py:188} INFO - [2025-11-27T14:54:04.238-0300] {dagbag.py:545} INFO - Filling up the DagBag from /Users/davispecia/Documents/GitHub/Pf_pipeline_dados/Projeto_final_fase3/venv/lib/python3.9/site-packages/airflow/example_dags/example_dag_decorator.py
[2025-11-27T14:54:04.362-0300] {processor.py:840} INFO - DAG(s) 'example_dag_decorator' retrieved from /Users/davispecia/Documents/GitHub/Pf_pipeline_dados/Projeto_final_fase3/venv/lib/python3.9/site-packages/airflow/example_dags/example_dag_decorator.py
[2025-11-27T14:54:04.457-0300] {logging_mixin.py:188} INFO - [2025-11-27T14:54:04.457-0300] {dag.py:3089} INFO - Sync 1 DAGs
[2025-11-27T14:54:04.462-0300] {logging_mixin.py:188} INFO - [2025-11-27T14:54:04.461-0300] {dag.py:3947} INFO - Setting next_dagrun for example_dag_decorator to None, run_after=None
[2025-11-27T14:54:04.470-0300] {processor.py:183} INFO - Processing /Users/davispecia/Documents/GitHub/Pf_pipeline_dados/Projeto_final_fase3/venv/lib/python3.9/site-packages/airflow/example_dags/example_dag_decorator.py took 0.236 seconds
[2025-11-27T14:56:17.295-0300] {processor.py:161} INFO - Started process (PID=11096) to work on /Users/davispecia/Documents/GitHub/Pf_pipeline_dados/Projeto_final_fase3/venv/lib/python3.9/site-packages/airflow/example_dags/example_dag_decorator.py
[2025-11-27T14:56:17.296-0300] {processor.py:830} INFO - Processing file /Users/davispecia/Documents/GitHub/Pf_pipeline_dados/Projeto_final_fase3/venv/lib/python3.9/site-packages/airflow/example_dags/example_dag_decorator.py for tasks to queue
[2025-11-27T14:56:17.297-0300] {logging_mixin.py:188} INFO - [2025-11-27T14:56:17.297-0300] {dagbag.py:545} INFO - Filling up the DagBag from /Users/davispecia/Documents/GitHub/Pf_pipeline_dados/Projeto_final_fase3/venv/lib/python3.9/site-packages/airflow/example_dags/example_dag_decorator.py
[2025-11-27T14:56:17.412-0300] {processor.py:840} INFO - DAG(s) 'example_dag_decorator' retrieved from /Users/davispecia/Documents/GitHub/Pf_pipeline_dados/Projeto_final_fase3/venv/lib/python3.9/site-packages/airflow/example_dags/example_dag_decorator.py
[2025-11-27T14:56:17.508-0300] {logging_mixin.py:188} INFO - [2025-11-27T14:56:17.507-0300] {dag.py:3089} INFO - Sync 1 DAGs
[2025-11-27T14:56:17.513-0300] {logging_mixin.py:188} INFO - [2025-11-27T14:56:17.513-0300] {dag.py:3947} INFO - Setting next_dagrun for example_dag_decorator to None, run_after=None
[2025-11-27T14:56:17.522-0300] {processor.py:183} INFO - Processing /Users/davispecia/Documents/GitHub/Pf_pipeline_dados/Projeto_final_fase3/venv/lib/python3.9/site-packages/airflow/example_dags/example_dag_decorator.py took 0.229 seconds
[2025-11-27T14:58:25.600-0300] {processor.py:161} INFO - Started process (PID=11410) to work on /Users/davispecia/Documents/GitHub/Pf_pipeline_dados/Projeto_final_fase3/venv/lib/python3.9/site-packages/airflow/example_dags/example_dag_decorator.py
[2025-11-27T14:58:25.601-0300] {processor.py:830} INFO - Processing file /Users/davispecia/Documents/GitHub/Pf_pipeline_dados/Projeto_final_fase3/venv/lib/python3.9/site-packages/airflow/example_dags/example_dag_decorator.py for tasks to queue
[2025-11-27T14:58:25.601-0300] {logging_mixin.py:188} INFO - [2025-11-27T14:58:25.601-0300] {dagbag.py:545} INFO - Filling up the DagBag from /Users/davispecia/Documents/GitHub/Pf_pipeline_dados/Projeto_final_fase3/venv/lib/python3.9/site-packages/airflow/example_dags/example_dag_decorator.py
[2025-11-27T14:58:25.718-0300] {processor.py:840} INFO - DAG(s) 'example_dag_decorator' retrieved from /Users/davispecia/Documents/GitHub/Pf_pipeline_dados/Projeto_final_fase3/venv/lib/python3.9/site-packages/airflow/example_dags/example_dag_decorator.py
[2025-11-27T14:58:25.818-0300] {logging_mixin.py:188} INFO - [2025-11-27T14:58:25.818-0300] {dag.py:3089} INFO - Sync 1 DAGs
[2025-11-27T14:58:25.823-0300] {logging_mixin.py:188} INFO - [2025-11-27T14:58:25.823-0300] {dag.py:3947} INFO - Setting next_dagrun for example_dag_decorator to None, run_after=None
[2025-11-27T14:58:25.832-0300] {processor.py:183} INFO - Processing /Users/davispecia/Documents/GitHub/Pf_pipeline_dados/Projeto_final_fase3/venv/lib/python3.9/site-packages/airflow/example_dags/example_dag_decorator.py took 0.234 seconds
[2025-11-27T15:00:31.571-0300] {processor.py:161} INFO - Started process (PID=11713) to work on /Users/davispecia/Documents/GitHub/Pf_pipeline_dados/Projeto_final_fase3/venv/lib/python3.9/site-packages/airflow/example_dags/example_dag_decorator.py
[2025-11-27T15:00:31.573-0300] {processor.py:830} INFO - Processing file /Users/davispecia/Documents/GitHub/Pf_pipeline_dados/Projeto_final_fase3/venv/lib/python3.9/site-packages/airflow/example_dags/example_dag_decorator.py for tasks to queue
[2025-11-27T15:00:31.573-0300] {logging_mixin.py:188} INFO - [2025-11-27T15:00:31.573-0300] {dagbag.py:545} INFO - Filling up the DagBag from /Users/davispecia/Documents/GitHub/Pf_pipeline_dados/Projeto_final_fase3/venv/lib/python3.9/site-packages/airflow/example_dags/example_dag_decorator.py
[2025-11-27T15:00:31.691-0300] {processor.py:840} INFO - DAG(s) 'example_dag_decorator' retrieved from /Users/davispecia/Documents/GitHub/Pf_pipeline_dados/Projeto_final_fase3/venv/lib/python3.9/site-packages/airflow/example_dags/example_dag_decorator.py
[2025-11-27T15:00:31.794-0300] {logging_mixin.py:188} INFO - [2025-11-27T15:00:31.793-0300] {dag.py:3089} INFO - Sync 1 DAGs
[2025-11-27T15:00:31.799-0300] {logging_mixin.py:188} INFO - [2025-11-27T15:00:31.798-0300] {dag.py:3947} INFO - Setting next_dagrun for example_dag_decorator to None, run_after=None
[2025-11-27T15:00:31.807-0300] {processor.py:183} INFO - Processing /Users/davispecia/Documents/GitHub/Pf_pipeline_dados/Projeto_final_fase3/venv/lib/python3.9/site-packages/airflow/example_dags/example_dag_decorator.py took 0.238 seconds
[2025-11-27T15:02:48.403-0300] {processor.py:161} INFO - Started process (PID=12102) to work on /Users/davispecia/Documents/GitHub/Pf_pipeline_dados/Projeto_final_fase3/venv/lib/python3.9/site-packages/airflow/example_dags/example_dag_decorator.py
[2025-11-27T15:02:48.403-0300] {processor.py:830} INFO - Processing file /Users/davispecia/Documents/GitHub/Pf_pipeline_dados/Projeto_final_fase3/venv/lib/python3.9/site-packages/airflow/example_dags/example_dag_decorator.py for tasks to queue
[2025-11-27T15:02:48.404-0300] {logging_mixin.py:188} INFO - [2025-11-27T15:02:48.404-0300] {dagbag.py:545} INFO - Filling up the DagBag from /Users/davispecia/Documents/GitHub/Pf_pipeline_dados/Projeto_final_fase3/venv/lib/python3.9/site-packages/airflow/example_dags/example_dag_decorator.py
[2025-11-27T15:02:48.530-0300] {processor.py:840} INFO - DAG(s) 'example_dag_decorator' retrieved from /Users/davispecia/Documents/GitHub/Pf_pipeline_dados/Projeto_final_fase3/venv/lib/python3.9/site-packages/airflow/example_dags/example_dag_decorator.py
[2025-11-27T15:02:48.625-0300] {logging_mixin.py:188} INFO - [2025-11-27T15:02:48.625-0300] {dag.py:3089} INFO - Sync 1 DAGs
[2025-11-27T15:02:48.630-0300] {logging_mixin.py:188} INFO - [2025-11-27T15:02:48.630-0300] {dag.py:3947} INFO - Setting next_dagrun for example_dag_decorator to None, run_after=None
[2025-11-27T15:02:48.639-0300] {processor.py:183} INFO - Processing /Users/davispecia/Documents/GitHub/Pf_pipeline_dados/Projeto_final_fase3/venv/lib/python3.9/site-packages/airflow/example_dags/example_dag_decorator.py took 0.239 seconds
[2025-11-27T15:04:54.670-0300] {processor.py:161} INFO - Started process (PID=12400) to work on /Users/davispecia/Documents/GitHub/Pf_pipeline_dados/Projeto_final_fase3/venv/lib/python3.9/site-packages/airflow/example_dags/example_dag_decorator.py
[2025-11-27T15:04:54.672-0300] {processor.py:830} INFO - Processing file /Users/davispecia/Documents/GitHub/Pf_pipeline_dados/Projeto_final_fase3/venv/lib/python3.9/site-packages/airflow/example_dags/example_dag_decorator.py for tasks to queue
[2025-11-27T15:04:54.672-0300] {logging_mixin.py:188} INFO - [2025-11-27T15:04:54.672-0300] {dagbag.py:545} INFO - Filling up the DagBag from /Users/davispecia/Documents/GitHub/Pf_pipeline_dados/Projeto_final_fase3/venv/lib/python3.9/site-packages/airflow/example_dags/example_dag_decorator.py
[2025-11-27T15:04:54.789-0300] {processor.py:840} INFO - DAG(s) 'example_dag_decorator' retrieved from /Users/davispecia/Documents/GitHub/Pf_pipeline_dados/Projeto_final_fase3/venv/lib/python3.9/site-packages/airflow/example_dags/example_dag_decorator.py
[2025-11-27T15:04:54.893-0300] {logging_mixin.py:188} INFO - [2025-11-27T15:04:54.892-0300] {dag.py:3089} INFO - Sync 1 DAGs
[2025-11-27T15:04:54.898-0300] {logging_mixin.py:188} INFO - [2025-11-27T15:04:54.898-0300] {dag.py:3947} INFO - Setting next_dagrun for example_dag_decorator to None, run_after=None
[2025-11-27T15:04:54.907-0300] {processor.py:183} INFO - Processing /Users/davispecia/Documents/GitHub/Pf_pipeline_dados/Projeto_final_fase3/venv/lib/python3.9/site-packages/airflow/example_dags/example_dag_decorator.py took 0.238 seconds
[2025-11-27T15:07:02.591-0300] {processor.py:161} INFO - Started process (PID=12715) to work on /Users/davispecia/Documents/GitHub/Pf_pipeline_dados/Projeto_final_fase3/venv/lib/python3.9/site-packages/airflow/example_dags/example_dag_decorator.py
[2025-11-27T15:07:02.593-0300] {processor.py:830} INFO - Processing file /Users/davispecia/Documents/GitHub/Pf_pipeline_dados/Projeto_final_fase3/venv/lib/python3.9/site-packages/airflow/example_dags/example_dag_decorator.py for tasks to queue
[2025-11-27T15:07:02.593-0300] {logging_mixin.py:188} INFO - [2025-11-27T15:07:02.593-0300] {dagbag.py:545} INFO - Filling up the DagBag from /Users/davispecia/Documents/GitHub/Pf_pipeline_dados/Projeto_final_fase3/venv/lib/python3.9/site-packages/airflow/example_dags/example_dag_decorator.py
[2025-11-27T15:07:02.847-0300] {processor.py:840} INFO - DAG(s) 'example_dag_decorator' retrieved from /Users/davispecia/Documents/GitHub/Pf_pipeline_dados/Projeto_final_fase3/venv/lib/python3.9/site-packages/airflow/example_dags/example_dag_decorator.py
[2025-11-27T15:07:02.945-0300] {logging_mixin.py:188} INFO - [2025-11-27T15:07:02.945-0300] {dag.py:3089} INFO - Sync 1 DAGs
[2025-11-27T15:07:02.950-0300] {logging_mixin.py:188} INFO - [2025-11-27T15:07:02.950-0300] {dag.py:3947} INFO - Setting next_dagrun for example_dag_decorator to None, run_after=None
[2025-11-27T15:07:02.959-0300] {processor.py:183} INFO - Processing /Users/davispecia/Documents/GitHub/Pf_pipeline_dados/Projeto_final_fase3/venv/lib/python3.9/site-packages/airflow/example_dags/example_dag_decorator.py took 0.369 seconds
[2025-11-27T15:09:17.257-0300] {processor.py:161} INFO - Started process (PID=13091) to work on /Users/davispecia/Documents/GitHub/Pf_pipeline_dados/Projeto_final_fase3/venv/lib/python3.9/site-packages/airflow/example_dags/example_dag_decorator.py
[2025-11-27T15:09:17.259-0300] {processor.py:830} INFO - Processing file /Users/davispecia/Documents/GitHub/Pf_pipeline_dados/Projeto_final_fase3/venv/lib/python3.9/site-packages/airflow/example_dags/example_dag_decorator.py for tasks to queue
[2025-11-27T15:09:17.259-0300] {logging_mixin.py:188} INFO - [2025-11-27T15:09:17.259-0300] {dagbag.py:545} INFO - Filling up the DagBag from /Users/davispecia/Documents/GitHub/Pf_pipeline_dados/Projeto_final_fase3/venv/lib/python3.9/site-packages/airflow/example_dags/example_dag_decorator.py
[2025-11-27T15:09:17.377-0300] {processor.py:840} INFO - DAG(s) 'example_dag_decorator' retrieved from /Users/davispecia/Documents/GitHub/Pf_pipeline_dados/Projeto_final_fase3/venv/lib/python3.9/site-packages/airflow/example_dags/example_dag_decorator.py
[2025-11-27T15:09:17.479-0300] {logging_mixin.py:188} INFO - [2025-11-27T15:09:17.479-0300] {dag.py:3089} INFO - Sync 1 DAGs
[2025-11-27T15:09:17.484-0300] {logging_mixin.py:188} INFO - [2025-11-27T15:09:17.484-0300] {dag.py:3947} INFO - Setting next_dagrun for example_dag_decorator to None, run_after=None
[2025-11-27T15:09:17.493-0300] {processor.py:183} INFO - Processing /Users/davispecia/Documents/GitHub/Pf_pipeline_dados/Projeto_final_fase3/venv/lib/python3.9/site-packages/airflow/example_dags/example_dag_decorator.py took 0.237 seconds
[2025-11-27T15:11:23.310-0300] {processor.py:161} INFO - Started process (PID=13398) to work on /Users/davispecia/Documents/GitHub/Pf_pipeline_dados/Projeto_final_fase3/venv/lib/python3.9/site-packages/airflow/example_dags/example_dag_decorator.py
[2025-11-27T15:11:23.312-0300] {processor.py:830} INFO - Processing file /Users/davispecia/Documents/GitHub/Pf_pipeline_dados/Projeto_final_fase3/venv/lib/python3.9/site-packages/airflow/example_dags/example_dag_decorator.py for tasks to queue
[2025-11-27T15:11:23.312-0300] {logging_mixin.py:188} INFO - [2025-11-27T15:11:23.312-0300] {dagbag.py:545} INFO - Filling up the DagBag from /Users/davispecia/Documents/GitHub/Pf_pipeline_dados/Projeto_final_fase3/venv/lib/python3.9/site-packages/airflow/example_dags/example_dag_decorator.py
[2025-11-27T15:11:23.428-0300] {processor.py:840} INFO - DAG(s) 'example_dag_decorator' retrieved from /Users/davispecia/Documents/GitHub/Pf_pipeline_dados/Projeto_final_fase3/venv/lib/python3.9/site-packages/airflow/example_dags/example_dag_decorator.py
[2025-11-27T15:11:23.531-0300] {logging_mixin.py:188} INFO - [2025-11-27T15:11:23.531-0300] {dag.py:3089} INFO - Sync 1 DAGs
[2025-11-27T15:11:23.536-0300] {logging_mixin.py:188} INFO - [2025-11-27T15:11:23.536-0300] {dag.py:3947} INFO - Setting next_dagrun for example_dag_decorator to None, run_after=None
[2025-11-27T15:11:23.545-0300] {processor.py:183} INFO - Processing /Users/davispecia/Documents/GitHub/Pf_pipeline_dados/Projeto_final_fase3/venv/lib/python3.9/site-packages/airflow/example_dags/example_dag_decorator.py took 0.237 seconds
[2025-11-27T15:13:35.736-0300] {processor.py:161} INFO - Started process (PID=13860) to work on /Users/davispecia/Documents/GitHub/Pf_pipeline_dados/Projeto_final_fase3/venv/lib/python3.9/site-packages/airflow/example_dags/example_dag_decorator.py
[2025-11-27T15:13:35.738-0300] {processor.py:830} INFO - Processing file /Users/davispecia/Documents/GitHub/Pf_pipeline_dados/Projeto_final_fase3/venv/lib/python3.9/site-packages/airflow/example_dags/example_dag_decorator.py for tasks to queue
[2025-11-27T15:13:35.738-0300] {logging_mixin.py:188} INFO - [2025-11-27T15:13:35.738-0300] {dagbag.py:545} INFO - Filling up the DagBag from /Users/davispecia/Documents/GitHub/Pf_pipeline_dados/Projeto_final_fase3/venv/lib/python3.9/site-packages/airflow/example_dags/example_dag_decorator.py
[2025-11-27T15:13:35.852-0300] {processor.py:840} INFO - DAG(s) 'example_dag_decorator' retrieved from /Users/davispecia/Documents/GitHub/Pf_pipeline_dados/Projeto_final_fase3/venv/lib/python3.9/site-packages/airflow/example_dags/example_dag_decorator.py
[2025-11-27T15:13:35.947-0300] {logging_mixin.py:188} INFO - [2025-11-27T15:13:35.947-0300] {dag.py:3089} INFO - Sync 1 DAGs
[2025-11-27T15:13:35.952-0300] {logging_mixin.py:188} INFO - [2025-11-27T15:13:35.952-0300] {dag.py:3947} INFO - Setting next_dagrun for example_dag_decorator to None, run_after=None
[2025-11-27T15:13:35.961-0300] {processor.py:183} INFO - Processing /Users/davispecia/Documents/GitHub/Pf_pipeline_dados/Projeto_final_fase3/venv/lib/python3.9/site-packages/airflow/example_dags/example_dag_decorator.py took 0.226 seconds
[2025-11-27T15:15:31.442-0300] {processor.py:161} INFO - Started process (PID=14141) to work on /Users/davispecia/Documents/GitHub/Pf_pipeline_dados/Projeto_final_fase3/venv/lib/python3.9/site-packages/airflow/example_dags/example_dag_decorator.py
[2025-11-27T15:15:31.443-0300] {processor.py:830} INFO - Processing file /Users/davispecia/Documents/GitHub/Pf_pipeline_dados/Projeto_final_fase3/venv/lib/python3.9/site-packages/airflow/example_dags/example_dag_decorator.py for tasks to queue
[2025-11-27T15:15:31.443-0300] {logging_mixin.py:188} INFO - [2025-11-27T15:15:31.443-0300] {dagbag.py:545} INFO - Filling up the DagBag from /Users/davispecia/Documents/GitHub/Pf_pipeline_dados/Projeto_final_fase3/venv/lib/python3.9/site-packages/airflow/example_dags/example_dag_decorator.py
[2025-11-27T15:15:31.562-0300] {processor.py:840} INFO - DAG(s) 'example_dag_decorator' retrieved from /Users/davispecia/Documents/GitHub/Pf_pipeline_dados/Projeto_final_fase3/venv/lib/python3.9/site-packages/airflow/example_dags/example_dag_decorator.py
[2025-11-27T15:15:31.662-0300] {logging_mixin.py:188} INFO - [2025-11-27T15:15:31.661-0300] {dag.py:3089} INFO - Sync 1 DAGs
[2025-11-27T15:15:31.666-0300] {logging_mixin.py:188} INFO - [2025-11-27T15:15:31.666-0300] {dag.py:3947} INFO - Setting next_dagrun for example_dag_decorator to None, run_after=None
[2025-11-27T15:15:31.675-0300] {processor.py:183} INFO - Processing /Users/davispecia/Documents/GitHub/Pf_pipeline_dados/Projeto_final_fase3/venv/lib/python3.9/site-packages/airflow/example_dags/example_dag_decorator.py took 0.235 seconds
[2025-11-27T15:17:34.547-0300] {processor.py:161} INFO - Started process (PID=14448) to work on /Users/davispecia/Documents/GitHub/Pf_pipeline_dados/Projeto_final_fase3/venv/lib/python3.9/site-packages/airflow/example_dags/example_dag_decorator.py
[2025-11-27T15:17:34.548-0300] {processor.py:830} INFO - Processing file /Users/davispecia/Documents/GitHub/Pf_pipeline_dados/Projeto_final_fase3/venv/lib/python3.9/site-packages/airflow/example_dags/example_dag_decorator.py for tasks to queue
[2025-11-27T15:17:34.549-0300] {logging_mixin.py:188} INFO - [2025-11-27T15:17:34.549-0300] {dagbag.py:545} INFO - Filling up the DagBag from /Users/davispecia/Documents/GitHub/Pf_pipeline_dados/Projeto_final_fase3/venv/lib/python3.9/site-packages/airflow/example_dags/example_dag_decorator.py
[2025-11-27T15:17:34.799-0300] {processor.py:840} INFO - DAG(s) 'example_dag_decorator' retrieved from /Users/davispecia/Documents/GitHub/Pf_pipeline_dados/Projeto_final_fase3/venv/lib/python3.9/site-packages/airflow/example_dags/example_dag_decorator.py
[2025-11-27T15:17:34.902-0300] {logging_mixin.py:188} INFO - [2025-11-27T15:17:34.901-0300] {dag.py:3089} INFO - Sync 1 DAGs
[2025-11-27T15:17:34.906-0300] {logging_mixin.py:188} INFO - [2025-11-27T15:17:34.906-0300] {dag.py:3947} INFO - Setting next_dagrun for example_dag_decorator to None, run_after=None
[2025-11-27T15:17:34.915-0300] {processor.py:183} INFO - Processing /Users/davispecia/Documents/GitHub/Pf_pipeline_dados/Projeto_final_fase3/venv/lib/python3.9/site-packages/airflow/example_dags/example_dag_decorator.py took 0.370 seconds
[2025-11-27T15:19:43.663-0300] {processor.py:161} INFO - Started process (PID=14821) to work on /Users/davispecia/Documents/GitHub/Pf_pipeline_dados/Projeto_final_fase3/venv/lib/python3.9/site-packages/airflow/example_dags/example_dag_decorator.py
[2025-11-27T15:19:43.664-0300] {processor.py:830} INFO - Processing file /Users/davispecia/Documents/GitHub/Pf_pipeline_dados/Projeto_final_fase3/venv/lib/python3.9/site-packages/airflow/example_dags/example_dag_decorator.py for tasks to queue
[2025-11-27T15:19:43.664-0300] {logging_mixin.py:188} INFO - [2025-11-27T15:19:43.664-0300] {dagbag.py:545} INFO - Filling up the DagBag from /Users/davispecia/Documents/GitHub/Pf_pipeline_dados/Projeto_final_fase3/venv/lib/python3.9/site-packages/airflow/example_dags/example_dag_decorator.py
[2025-11-27T15:19:43.778-0300] {processor.py:840} INFO - DAG(s) 'example_dag_decorator' retrieved from /Users/davispecia/Documents/GitHub/Pf_pipeline_dados/Projeto_final_fase3/venv/lib/python3.9/site-packages/airflow/example_dags/example_dag_decorator.py
[2025-11-27T15:19:43.873-0300] {logging_mixin.py:188} INFO - [2025-11-27T15:19:43.873-0300] {dag.py:3089} INFO - Sync 1 DAGs
[2025-11-27T15:19:43.878-0300] {logging_mixin.py:188} INFO - [2025-11-27T15:19:43.878-0300] {dag.py:3947} INFO - Setting next_dagrun for example_dag_decorator to None, run_after=None
[2025-11-27T15:19:43.887-0300] {processor.py:183} INFO - Processing /Users/davispecia/Documents/GitHub/Pf_pipeline_dados/Projeto_final_fase3/venv/lib/python3.9/site-packages/airflow/example_dags/example_dag_decorator.py took 0.226 seconds
[2025-11-27T15:25:30.191-0300] {processor.py:161} INFO - Started process (PID=15259) to work on /Users/davispecia/Documents/GitHub/Pf_pipeline_dados/Projeto_final_fase3/venv/lib/python3.9/site-packages/airflow/example_dags/example_dag_decorator.py
[2025-11-27T15:25:30.192-0300] {processor.py:830} INFO - Processing file /Users/davispecia/Documents/GitHub/Pf_pipeline_dados/Projeto_final_fase3/venv/lib/python3.9/site-packages/airflow/example_dags/example_dag_decorator.py for tasks to queue
[2025-11-27T15:25:30.192-0300] {logging_mixin.py:188} INFO - [2025-11-27T15:25:30.192-0300] {dagbag.py:545} INFO - Filling up the DagBag from /Users/davispecia/Documents/GitHub/Pf_pipeline_dados/Projeto_final_fase3/venv/lib/python3.9/site-packages/airflow/example_dags/example_dag_decorator.py
[2025-11-27T15:25:30.314-0300] {processor.py:840} INFO - DAG(s) 'example_dag_decorator' retrieved from /Users/davispecia/Documents/GitHub/Pf_pipeline_dados/Projeto_final_fase3/venv/lib/python3.9/site-packages/airflow/example_dags/example_dag_decorator.py
[2025-11-27T15:25:30.410-0300] {logging_mixin.py:188} INFO - [2025-11-27T15:25:30.410-0300] {dag.py:3089} INFO - Sync 1 DAGs
[2025-11-27T15:25:30.415-0300] {logging_mixin.py:188} INFO - [2025-11-27T15:25:30.415-0300] {dag.py:3947} INFO - Setting next_dagrun for example_dag_decorator to None, run_after=None
[2025-11-27T15:25:30.424-0300] {processor.py:183} INFO - Processing /Users/davispecia/Documents/GitHub/Pf_pipeline_dados/Projeto_final_fase3/venv/lib/python3.9/site-packages/airflow/example_dags/example_dag_decorator.py took 0.235 seconds
