[2025-11-27T11:12:04.363-0300] {processor.py:161} INFO - Started process (PID=88781) to work on /Users/davispecia/Documents/GitHub/Pf_pipeline_dados/Projeto_final_fase3/venv/lib/python3.9/site-packages/airflow/example_dags/example_trigger_target_dag.py
[2025-11-27T11:12:04.363-0300] {processor.py:830} INFO - Processing file /Users/davispecia/Documents/GitHub/Pf_pipeline_dados/Projeto_final_fase3/venv/lib/python3.9/site-packages/airflow/example_dags/example_trigger_target_dag.py for tasks to queue
[2025-11-27T11:12:04.363-0300] {logging_mixin.py:188} INFO - [2025-11-27T11:12:04.363-0300] {dagbag.py:545} INFO - Filling up the DagBag from /Users/davispecia/Documents/GitHub/Pf_pipeline_dados/Projeto_final_fase3/venv/lib/python3.9/site-packages/airflow/example_dags/example_trigger_target_dag.py
[2025-11-27T11:12:04.382-0300] {processor.py:840} INFO - DAG(s) 'example_trigger_target_dag' retrieved from /Users/davispecia/Documents/GitHub/Pf_pipeline_dados/Projeto_final_fase3/venv/lib/python3.9/site-packages/airflow/example_dags/example_trigger_target_dag.py
[2025-11-27T11:12:04.506-0300] {logging_mixin.py:188} INFO - [2025-11-27T11:12:04.506-0300] {override.py:1858} INFO - Created Permission View: can read on DAG:example_trigger_target_dag
[2025-11-27T11:12:04.510-0300] {logging_mixin.py:188} INFO - [2025-11-27T11:12:04.510-0300] {override.py:1858} INFO - Created Permission View: can edit on DAG:example_trigger_target_dag
[2025-11-27T11:12:04.513-0300] {logging_mixin.py:188} INFO - [2025-11-27T11:12:04.513-0300] {override.py:1858} INFO - Created Permission View: can delete on DAG:example_trigger_target_dag
[2025-11-27T11:12:04.513-0300] {logging_mixin.py:188} INFO - [2025-11-27T11:12:04.513-0300] {dag.py:3089} INFO - Sync 1 DAGs
[2025-11-27T11:12:04.519-0300] {logging_mixin.py:188} INFO - [2025-11-27T11:12:04.519-0300] {dag.py:3111} INFO - Creating ORM DAG for example_trigger_target_dag
[2025-11-27T11:12:04.519-0300] {logging_mixin.py:188} INFO - [2025-11-27T11:12:04.519-0300] {dag.py:3947} INFO - Setting next_dagrun for example_trigger_target_dag to None, run_after=None
[2025-11-27T11:12:04.529-0300] {processor.py:183} INFO - Processing /Users/davispecia/Documents/GitHub/Pf_pipeline_dados/Projeto_final_fase3/venv/lib/python3.9/site-packages/airflow/example_dags/example_trigger_target_dag.py took 0.168 seconds
[2025-11-27T11:13:49.010-0300] {processor.py:161} INFO - Started process (PID=89416) to work on /Users/davispecia/Documents/GitHub/Pf_pipeline_dados/Projeto_final_fase3/venv/lib/python3.9/site-packages/airflow/example_dags/example_trigger_target_dag.py
[2025-11-27T11:13:49.011-0300] {processor.py:830} INFO - Processing file /Users/davispecia/Documents/GitHub/Pf_pipeline_dados/Projeto_final_fase3/venv/lib/python3.9/site-packages/airflow/example_dags/example_trigger_target_dag.py for tasks to queue
[2025-11-27T11:13:49.012-0300] {logging_mixin.py:188} INFO - [2025-11-27T11:13:49.011-0300] {dagbag.py:545} INFO - Filling up the DagBag from /Users/davispecia/Documents/GitHub/Pf_pipeline_dados/Projeto_final_fase3/venv/lib/python3.9/site-packages/airflow/example_dags/example_trigger_target_dag.py
[2025-11-27T11:13:49.029-0300] {processor.py:840} INFO - DAG(s) 'example_trigger_target_dag' retrieved from /Users/davispecia/Documents/GitHub/Pf_pipeline_dados/Projeto_final_fase3/venv/lib/python3.9/site-packages/airflow/example_dags/example_trigger_target_dag.py
[2025-11-27T11:13:49.102-0300] {logging_mixin.py:188} INFO - [2025-11-27T11:13:49.102-0300] {dag.py:3089} INFO - Sync 1 DAGs
[2025-11-27T11:13:49.108-0300] {logging_mixin.py:188} INFO - [2025-11-27T11:13:49.108-0300] {dag.py:3947} INFO - Setting next_dagrun for example_trigger_target_dag to None, run_after=None
[2025-11-27T11:13:49.117-0300] {processor.py:183} INFO - Processing /Users/davispecia/Documents/GitHub/Pf_pipeline_dados/Projeto_final_fase3/venv/lib/python3.9/site-packages/airflow/example_dags/example_trigger_target_dag.py took 0.109 seconds
[2025-11-27T11:14:52.643-0300] {processor.py:161} INFO - Started process (PID=90087) to work on /Users/davispecia/Documents/GitHub/Pf_pipeline_dados/Projeto_final_fase3/venv/lib/python3.9/site-packages/airflow/example_dags/example_trigger_target_dag.py
[2025-11-27T11:14:52.644-0300] {processor.py:830} INFO - Processing file /Users/davispecia/Documents/GitHub/Pf_pipeline_dados/Projeto_final_fase3/venv/lib/python3.9/site-packages/airflow/example_dags/example_trigger_target_dag.py for tasks to queue
[2025-11-27T11:14:52.644-0300] {logging_mixin.py:188} INFO - [2025-11-27T11:14:52.644-0300] {dagbag.py:545} INFO - Filling up the DagBag from /Users/davispecia/Documents/GitHub/Pf_pipeline_dados/Projeto_final_fase3/venv/lib/python3.9/site-packages/airflow/example_dags/example_trigger_target_dag.py
[2025-11-27T11:14:52.662-0300] {processor.py:840} INFO - DAG(s) 'example_trigger_target_dag' retrieved from /Users/davispecia/Documents/GitHub/Pf_pipeline_dados/Projeto_final_fase3/venv/lib/python3.9/site-packages/airflow/example_dags/example_trigger_target_dag.py
[2025-11-27T11:14:52.736-0300] {logging_mixin.py:188} INFO - [2025-11-27T11:14:52.735-0300] {dag.py:3089} INFO - Sync 1 DAGs
[2025-11-27T11:14:52.741-0300] {logging_mixin.py:188} INFO - [2025-11-27T11:14:52.741-0300] {dag.py:3947} INFO - Setting next_dagrun for example_trigger_target_dag to None, run_after=None
[2025-11-27T11:14:52.751-0300] {processor.py:183} INFO - Processing /Users/davispecia/Documents/GitHub/Pf_pipeline_dados/Projeto_final_fase3/venv/lib/python3.9/site-packages/airflow/example_dags/example_trigger_target_dag.py took 0.110 seconds
[2025-11-27T11:17:15.316-0300] {processor.py:161} INFO - Started process (PID=90958) to work on /Users/davispecia/Documents/GitHub/Pf_pipeline_dados/Projeto_final_fase3/venv/lib/python3.9/site-packages/airflow/example_dags/example_trigger_target_dag.py
[2025-11-27T11:17:15.318-0300] {processor.py:830} INFO - Processing file /Users/davispecia/Documents/GitHub/Pf_pipeline_dados/Projeto_final_fase3/venv/lib/python3.9/site-packages/airflow/example_dags/example_trigger_target_dag.py for tasks to queue
[2025-11-27T11:17:15.318-0300] {logging_mixin.py:188} INFO - [2025-11-27T11:17:15.318-0300] {dagbag.py:545} INFO - Filling up the DagBag from /Users/davispecia/Documents/GitHub/Pf_pipeline_dados/Projeto_final_fase3/venv/lib/python3.9/site-packages/airflow/example_dags/example_trigger_target_dag.py
[2025-11-27T11:17:15.335-0300] {processor.py:840} INFO - DAG(s) 'example_trigger_target_dag' retrieved from /Users/davispecia/Documents/GitHub/Pf_pipeline_dados/Projeto_final_fase3/venv/lib/python3.9/site-packages/airflow/example_dags/example_trigger_target_dag.py
[2025-11-27T11:17:15.404-0300] {logging_mixin.py:188} INFO - [2025-11-27T11:17:15.404-0300] {dag.py:3089} INFO - Sync 1 DAGs
[2025-11-27T11:17:15.409-0300] {logging_mixin.py:188} INFO - [2025-11-27T11:17:15.409-0300] {dag.py:3947} INFO - Setting next_dagrun for example_trigger_target_dag to None, run_after=None
[2025-11-27T11:17:15.418-0300] {processor.py:183} INFO - Processing /Users/davispecia/Documents/GitHub/Pf_pipeline_dados/Projeto_final_fase3/venv/lib/python3.9/site-packages/airflow/example_dags/example_trigger_target_dag.py took 0.104 seconds
[2025-11-27T11:18:18.691-0300] {processor.py:161} INFO - Started process (PID=91110) to work on /Users/davispecia/Documents/GitHub/Pf_pipeline_dados/Projeto_final_fase3/venv/lib/python3.9/site-packages/airflow/example_dags/example_trigger_target_dag.py
[2025-11-27T11:18:18.692-0300] {processor.py:830} INFO - Processing file /Users/davispecia/Documents/GitHub/Pf_pipeline_dados/Projeto_final_fase3/venv/lib/python3.9/site-packages/airflow/example_dags/example_trigger_target_dag.py for tasks to queue
[2025-11-27T11:18:18.692-0300] {logging_mixin.py:188} INFO - [2025-11-27T11:18:18.692-0300] {dagbag.py:545} INFO - Filling up the DagBag from /Users/davispecia/Documents/GitHub/Pf_pipeline_dados/Projeto_final_fase3/venv/lib/python3.9/site-packages/airflow/example_dags/example_trigger_target_dag.py
[2025-11-27T11:18:18.710-0300] {processor.py:840} INFO - DAG(s) 'example_trigger_target_dag' retrieved from /Users/davispecia/Documents/GitHub/Pf_pipeline_dados/Projeto_final_fase3/venv/lib/python3.9/site-packages/airflow/example_dags/example_trigger_target_dag.py
[2025-11-27T11:18:18.782-0300] {logging_mixin.py:188} INFO - [2025-11-27T11:18:18.782-0300] {dag.py:3089} INFO - Sync 1 DAGs
[2025-11-27T11:18:18.788-0300] {logging_mixin.py:188} INFO - [2025-11-27T11:18:18.788-0300] {dag.py:3947} INFO - Setting next_dagrun for example_trigger_target_dag to None, run_after=None
[2025-11-27T11:18:18.797-0300] {processor.py:183} INFO - Processing /Users/davispecia/Documents/GitHub/Pf_pipeline_dados/Projeto_final_fase3/venv/lib/python3.9/site-packages/airflow/example_dags/example_trigger_target_dag.py took 0.109 seconds
[2025-11-27T11:19:31.823-0300] {processor.py:161} INFO - Started process (PID=91346) to work on /Users/davispecia/Documents/GitHub/Pf_pipeline_dados/Projeto_final_fase3/venv/lib/python3.9/site-packages/airflow/example_dags/example_trigger_target_dag.py
[2025-11-27T11:19:31.824-0300] {processor.py:830} INFO - Processing file /Users/davispecia/Documents/GitHub/Pf_pipeline_dados/Projeto_final_fase3/venv/lib/python3.9/site-packages/airflow/example_dags/example_trigger_target_dag.py for tasks to queue
[2025-11-27T11:19:31.824-0300] {logging_mixin.py:188} INFO - [2025-11-27T11:19:31.824-0300] {dagbag.py:545} INFO - Filling up the DagBag from /Users/davispecia/Documents/GitHub/Pf_pipeline_dados/Projeto_final_fase3/venv/lib/python3.9/site-packages/airflow/example_dags/example_trigger_target_dag.py
[2025-11-27T11:19:31.843-0300] {processor.py:840} INFO - DAG(s) 'example_trigger_target_dag' retrieved from /Users/davispecia/Documents/GitHub/Pf_pipeline_dados/Projeto_final_fase3/venv/lib/python3.9/site-packages/airflow/example_dags/example_trigger_target_dag.py
[2025-11-27T11:19:31.914-0300] {logging_mixin.py:188} INFO - [2025-11-27T11:19:31.914-0300] {dag.py:3089} INFO - Sync 1 DAGs
[2025-11-27T11:19:31.919-0300] {logging_mixin.py:188} INFO - [2025-11-27T11:19:31.919-0300] {dag.py:3947} INFO - Setting next_dagrun for example_trigger_target_dag to None, run_after=None
[2025-11-27T11:19:31.928-0300] {processor.py:183} INFO - Processing /Users/davispecia/Documents/GitHub/Pf_pipeline_dados/Projeto_final_fase3/venv/lib/python3.9/site-packages/airflow/example_dags/example_trigger_target_dag.py took 0.107 seconds
[2025-11-27T11:20:35.372-0300] {processor.py:161} INFO - Started process (PID=91499) to work on /Users/davispecia/Documents/GitHub/Pf_pipeline_dados/Projeto_final_fase3/venv/lib/python3.9/site-packages/airflow/example_dags/example_trigger_target_dag.py
[2025-11-27T11:20:35.373-0300] {processor.py:830} INFO - Processing file /Users/davispecia/Documents/GitHub/Pf_pipeline_dados/Projeto_final_fase3/venv/lib/python3.9/site-packages/airflow/example_dags/example_trigger_target_dag.py for tasks to queue
[2025-11-27T11:20:35.374-0300] {logging_mixin.py:188} INFO - [2025-11-27T11:20:35.373-0300] {dagbag.py:545} INFO - Filling up the DagBag from /Users/davispecia/Documents/GitHub/Pf_pipeline_dados/Projeto_final_fase3/venv/lib/python3.9/site-packages/airflow/example_dags/example_trigger_target_dag.py
[2025-11-27T11:20:35.392-0300] {processor.py:840} INFO - DAG(s) 'example_trigger_target_dag' retrieved from /Users/davispecia/Documents/GitHub/Pf_pipeline_dados/Projeto_final_fase3/venv/lib/python3.9/site-packages/airflow/example_dags/example_trigger_target_dag.py
[2025-11-27T11:20:35.462-0300] {logging_mixin.py:188} INFO - [2025-11-27T11:20:35.462-0300] {dag.py:3089} INFO - Sync 1 DAGs
[2025-11-27T11:20:35.467-0300] {logging_mixin.py:188} INFO - [2025-11-27T11:20:35.467-0300] {dag.py:3947} INFO - Setting next_dagrun for example_trigger_target_dag to None, run_after=None
[2025-11-27T11:20:35.476-0300] {processor.py:183} INFO - Processing /Users/davispecia/Documents/GitHub/Pf_pipeline_dados/Projeto_final_fase3/venv/lib/python3.9/site-packages/airflow/example_dags/example_trigger_target_dag.py took 0.106 seconds
[2025-11-27T11:21:38.572-0300] {processor.py:161} INFO - Started process (PID=91662) to work on /Users/davispecia/Documents/GitHub/Pf_pipeline_dados/Projeto_final_fase3/venv/lib/python3.9/site-packages/airflow/example_dags/example_trigger_target_dag.py
[2025-11-27T11:21:38.573-0300] {processor.py:830} INFO - Processing file /Users/davispecia/Documents/GitHub/Pf_pipeline_dados/Projeto_final_fase3/venv/lib/python3.9/site-packages/airflow/example_dags/example_trigger_target_dag.py for tasks to queue
[2025-11-27T11:21:38.573-0300] {logging_mixin.py:188} INFO - [2025-11-27T11:21:38.573-0300] {dagbag.py:545} INFO - Filling up the DagBag from /Users/davispecia/Documents/GitHub/Pf_pipeline_dados/Projeto_final_fase3/venv/lib/python3.9/site-packages/airflow/example_dags/example_trigger_target_dag.py
[2025-11-27T11:21:38.591-0300] {processor.py:840} INFO - DAG(s) 'example_trigger_target_dag' retrieved from /Users/davispecia/Documents/GitHub/Pf_pipeline_dados/Projeto_final_fase3/venv/lib/python3.9/site-packages/airflow/example_dags/example_trigger_target_dag.py
[2025-11-27T11:21:38.664-0300] {logging_mixin.py:188} INFO - [2025-11-27T11:21:38.664-0300] {dag.py:3089} INFO - Sync 1 DAGs
[2025-11-27T11:21:38.669-0300] {logging_mixin.py:188} INFO - [2025-11-27T11:21:38.669-0300] {dag.py:3947} INFO - Setting next_dagrun for example_trigger_target_dag to None, run_after=None
[2025-11-27T11:21:38.677-0300] {processor.py:183} INFO - Processing /Users/davispecia/Documents/GitHub/Pf_pipeline_dados/Projeto_final_fase3/venv/lib/python3.9/site-packages/airflow/example_dags/example_trigger_target_dag.py took 0.107 seconds
[2025-11-27T11:22:39.635-0300] {processor.py:161} INFO - Started process (PID=91811) to work on /Users/davispecia/Documents/GitHub/Pf_pipeline_dados/Projeto_final_fase3/venv/lib/python3.9/site-packages/airflow/example_dags/example_trigger_target_dag.py
[2025-11-27T11:22:39.636-0300] {processor.py:830} INFO - Processing file /Users/davispecia/Documents/GitHub/Pf_pipeline_dados/Projeto_final_fase3/venv/lib/python3.9/site-packages/airflow/example_dags/example_trigger_target_dag.py for tasks to queue
[2025-11-27T11:22:39.636-0300] {logging_mixin.py:188} INFO - [2025-11-27T11:22:39.636-0300] {dagbag.py:545} INFO - Filling up the DagBag from /Users/davispecia/Documents/GitHub/Pf_pipeline_dados/Projeto_final_fase3/venv/lib/python3.9/site-packages/airflow/example_dags/example_trigger_target_dag.py
[2025-11-27T11:22:39.655-0300] {processor.py:840} INFO - DAG(s) 'example_trigger_target_dag' retrieved from /Users/davispecia/Documents/GitHub/Pf_pipeline_dados/Projeto_final_fase3/venv/lib/python3.9/site-packages/airflow/example_dags/example_trigger_target_dag.py
[2025-11-27T11:22:39.729-0300] {logging_mixin.py:188} INFO - [2025-11-27T11:22:39.729-0300] {dag.py:3089} INFO - Sync 1 DAGs
[2025-11-27T11:22:39.737-0300] {logging_mixin.py:188} INFO - [2025-11-27T11:22:39.736-0300] {dag.py:3947} INFO - Setting next_dagrun for example_trigger_target_dag to None, run_after=None
[2025-11-27T11:22:39.750-0300] {processor.py:183} INFO - Processing /Users/davispecia/Documents/GitHub/Pf_pipeline_dados/Projeto_final_fase3/venv/lib/python3.9/site-packages/airflow/example_dags/example_trigger_target_dag.py took 0.116 seconds
[2025-11-27T11:23:40.364-0300] {processor.py:161} INFO - Started process (PID=91962) to work on /Users/davispecia/Documents/GitHub/Pf_pipeline_dados/Projeto_final_fase3/venv/lib/python3.9/site-packages/airflow/example_dags/example_trigger_target_dag.py
[2025-11-27T11:23:40.365-0300] {processor.py:830} INFO - Processing file /Users/davispecia/Documents/GitHub/Pf_pipeline_dados/Projeto_final_fase3/venv/lib/python3.9/site-packages/airflow/example_dags/example_trigger_target_dag.py for tasks to queue
[2025-11-27T11:23:40.365-0300] {logging_mixin.py:188} INFO - [2025-11-27T11:23:40.365-0300] {dagbag.py:545} INFO - Filling up the DagBag from /Users/davispecia/Documents/GitHub/Pf_pipeline_dados/Projeto_final_fase3/venv/lib/python3.9/site-packages/airflow/example_dags/example_trigger_target_dag.py
[2025-11-27T11:23:40.383-0300] {processor.py:840} INFO - DAG(s) 'example_trigger_target_dag' retrieved from /Users/davispecia/Documents/GitHub/Pf_pipeline_dados/Projeto_final_fase3/venv/lib/python3.9/site-packages/airflow/example_dags/example_trigger_target_dag.py
[2025-11-27T11:23:40.450-0300] {logging_mixin.py:188} INFO - [2025-11-27T11:23:40.450-0300] {dag.py:3089} INFO - Sync 1 DAGs
[2025-11-27T11:23:40.456-0300] {logging_mixin.py:188} INFO - [2025-11-27T11:23:40.456-0300] {dag.py:3947} INFO - Setting next_dagrun for example_trigger_target_dag to None, run_after=None
[2025-11-27T11:23:40.464-0300] {processor.py:183} INFO - Processing /Users/davispecia/Documents/GitHub/Pf_pipeline_dados/Projeto_final_fase3/venv/lib/python3.9/site-packages/airflow/example_dags/example_trigger_target_dag.py took 0.102 seconds
[2025-11-27T11:24:43.177-0300] {processor.py:161} INFO - Started process (PID=92120) to work on /Users/davispecia/Documents/GitHub/Pf_pipeline_dados/Projeto_final_fase3/venv/lib/python3.9/site-packages/airflow/example_dags/example_trigger_target_dag.py
[2025-11-27T11:24:43.178-0300] {processor.py:830} INFO - Processing file /Users/davispecia/Documents/GitHub/Pf_pipeline_dados/Projeto_final_fase3/venv/lib/python3.9/site-packages/airflow/example_dags/example_trigger_target_dag.py for tasks to queue
[2025-11-27T11:24:43.178-0300] {logging_mixin.py:188} INFO - [2025-11-27T11:24:43.178-0300] {dagbag.py:545} INFO - Filling up the DagBag from /Users/davispecia/Documents/GitHub/Pf_pipeline_dados/Projeto_final_fase3/venv/lib/python3.9/site-packages/airflow/example_dags/example_trigger_target_dag.py
[2025-11-27T11:24:43.195-0300] {processor.py:840} INFO - DAG(s) 'example_trigger_target_dag' retrieved from /Users/davispecia/Documents/GitHub/Pf_pipeline_dados/Projeto_final_fase3/venv/lib/python3.9/site-packages/airflow/example_dags/example_trigger_target_dag.py
[2025-11-27T11:24:43.266-0300] {logging_mixin.py:188} INFO - [2025-11-27T11:24:43.265-0300] {dag.py:3089} INFO - Sync 1 DAGs
[2025-11-27T11:24:43.271-0300] {logging_mixin.py:188} INFO - [2025-11-27T11:24:43.271-0300] {dag.py:3947} INFO - Setting next_dagrun for example_trigger_target_dag to None, run_after=None
[2025-11-27T11:24:43.280-0300] {processor.py:183} INFO - Processing /Users/davispecia/Documents/GitHub/Pf_pipeline_dados/Projeto_final_fase3/venv/lib/python3.9/site-packages/airflow/example_dags/example_trigger_target_dag.py took 0.105 seconds
[2025-11-27T11:25:53.719-0300] {processor.py:161} INFO - Started process (PID=92341) to work on /Users/davispecia/Documents/GitHub/Pf_pipeline_dados/Projeto_final_fase3/venv/lib/python3.9/site-packages/airflow/example_dags/example_trigger_target_dag.py
[2025-11-27T11:25:53.721-0300] {processor.py:830} INFO - Processing file /Users/davispecia/Documents/GitHub/Pf_pipeline_dados/Projeto_final_fase3/venv/lib/python3.9/site-packages/airflow/example_dags/example_trigger_target_dag.py for tasks to queue
[2025-11-27T11:25:53.721-0300] {logging_mixin.py:188} INFO - [2025-11-27T11:25:53.721-0300] {dagbag.py:545} INFO - Filling up the DagBag from /Users/davispecia/Documents/GitHub/Pf_pipeline_dados/Projeto_final_fase3/venv/lib/python3.9/site-packages/airflow/example_dags/example_trigger_target_dag.py
[2025-11-27T11:25:53.738-0300] {processor.py:840} INFO - DAG(s) 'example_trigger_target_dag' retrieved from /Users/davispecia/Documents/GitHub/Pf_pipeline_dados/Projeto_final_fase3/venv/lib/python3.9/site-packages/airflow/example_dags/example_trigger_target_dag.py
[2025-11-27T11:25:53.805-0300] {logging_mixin.py:188} INFO - [2025-11-27T11:25:53.805-0300] {dag.py:3089} INFO - Sync 1 DAGs
[2025-11-27T11:25:53.810-0300] {logging_mixin.py:188} INFO - [2025-11-27T11:25:53.810-0300] {dag.py:3947} INFO - Setting next_dagrun for example_trigger_target_dag to None, run_after=None
[2025-11-27T11:25:53.819-0300] {processor.py:183} INFO - Processing /Users/davispecia/Documents/GitHub/Pf_pipeline_dados/Projeto_final_fase3/venv/lib/python3.9/site-packages/airflow/example_dags/example_trigger_target_dag.py took 0.101 seconds
[2025-11-27T11:26:57.141-0300] {processor.py:161} INFO - Started process (PID=92501) to work on /Users/davispecia/Documents/GitHub/Pf_pipeline_dados/Projeto_final_fase3/venv/lib/python3.9/site-packages/airflow/example_dags/example_trigger_target_dag.py
[2025-11-27T11:26:57.142-0300] {processor.py:830} INFO - Processing file /Users/davispecia/Documents/GitHub/Pf_pipeline_dados/Projeto_final_fase3/venv/lib/python3.9/site-packages/airflow/example_dags/example_trigger_target_dag.py for tasks to queue
[2025-11-27T11:26:57.142-0300] {logging_mixin.py:188} INFO - [2025-11-27T11:26:57.142-0300] {dagbag.py:545} INFO - Filling up the DagBag from /Users/davispecia/Documents/GitHub/Pf_pipeline_dados/Projeto_final_fase3/venv/lib/python3.9/site-packages/airflow/example_dags/example_trigger_target_dag.py
[2025-11-27T11:26:57.159-0300] {processor.py:840} INFO - DAG(s) 'example_trigger_target_dag' retrieved from /Users/davispecia/Documents/GitHub/Pf_pipeline_dados/Projeto_final_fase3/venv/lib/python3.9/site-packages/airflow/example_dags/example_trigger_target_dag.py
[2025-11-27T11:26:57.229-0300] {logging_mixin.py:188} INFO - [2025-11-27T11:26:57.229-0300] {dag.py:3089} INFO - Sync 1 DAGs
[2025-11-27T11:26:57.234-0300] {logging_mixin.py:188} INFO - [2025-11-27T11:26:57.234-0300] {dag.py:3947} INFO - Setting next_dagrun for example_trigger_target_dag to None, run_after=None
[2025-11-27T11:26:57.243-0300] {processor.py:183} INFO - Processing /Users/davispecia/Documents/GitHub/Pf_pipeline_dados/Projeto_final_fase3/venv/lib/python3.9/site-packages/airflow/example_dags/example_trigger_target_dag.py took 0.104 seconds
[2025-11-27T11:27:56.773-0300] {processor.py:161} INFO - Started process (PID=92662) to work on /Users/davispecia/Documents/GitHub/Pf_pipeline_dados/Projeto_final_fase3/venv/lib/python3.9/site-packages/airflow/example_dags/example_trigger_target_dag.py
[2025-11-27T11:27:56.774-0300] {processor.py:830} INFO - Processing file /Users/davispecia/Documents/GitHub/Pf_pipeline_dados/Projeto_final_fase3/venv/lib/python3.9/site-packages/airflow/example_dags/example_trigger_target_dag.py for tasks to queue
[2025-11-27T11:27:56.775-0300] {logging_mixin.py:188} INFO - [2025-11-27T11:27:56.774-0300] {dagbag.py:545} INFO - Filling up the DagBag from /Users/davispecia/Documents/GitHub/Pf_pipeline_dados/Projeto_final_fase3/venv/lib/python3.9/site-packages/airflow/example_dags/example_trigger_target_dag.py
[2025-11-27T11:27:56.791-0300] {processor.py:840} INFO - DAG(s) 'example_trigger_target_dag' retrieved from /Users/davispecia/Documents/GitHub/Pf_pipeline_dados/Projeto_final_fase3/venv/lib/python3.9/site-packages/airflow/example_dags/example_trigger_target_dag.py
[2025-11-27T11:27:56.859-0300] {logging_mixin.py:188} INFO - [2025-11-27T11:27:56.859-0300] {dag.py:3089} INFO - Sync 1 DAGs
[2025-11-27T11:27:56.864-0300] {logging_mixin.py:188} INFO - [2025-11-27T11:27:56.864-0300] {dag.py:3947} INFO - Setting next_dagrun for example_trigger_target_dag to None, run_after=None
[2025-11-27T11:27:56.873-0300] {processor.py:183} INFO - Processing /Users/davispecia/Documents/GitHub/Pf_pipeline_dados/Projeto_final_fase3/venv/lib/python3.9/site-packages/airflow/example_dags/example_trigger_target_dag.py took 0.102 seconds
[2025-11-27T11:28:58.323-0300] {processor.py:161} INFO - Started process (PID=92810) to work on /Users/davispecia/Documents/GitHub/Pf_pipeline_dados/Projeto_final_fase3/venv/lib/python3.9/site-packages/airflow/example_dags/example_trigger_target_dag.py
[2025-11-27T11:28:58.324-0300] {processor.py:830} INFO - Processing file /Users/davispecia/Documents/GitHub/Pf_pipeline_dados/Projeto_final_fase3/venv/lib/python3.9/site-packages/airflow/example_dags/example_trigger_target_dag.py for tasks to queue
[2025-11-27T11:28:58.324-0300] {logging_mixin.py:188} INFO - [2025-11-27T11:28:58.324-0300] {dagbag.py:545} INFO - Filling up the DagBag from /Users/davispecia/Documents/GitHub/Pf_pipeline_dados/Projeto_final_fase3/venv/lib/python3.9/site-packages/airflow/example_dags/example_trigger_target_dag.py
[2025-11-27T11:28:58.341-0300] {processor.py:840} INFO - DAG(s) 'example_trigger_target_dag' retrieved from /Users/davispecia/Documents/GitHub/Pf_pipeline_dados/Projeto_final_fase3/venv/lib/python3.9/site-packages/airflow/example_dags/example_trigger_target_dag.py
[2025-11-27T11:28:58.408-0300] {logging_mixin.py:188} INFO - [2025-11-27T11:28:58.408-0300] {dag.py:3089} INFO - Sync 1 DAGs
[2025-11-27T11:28:58.414-0300] {logging_mixin.py:188} INFO - [2025-11-27T11:28:58.413-0300] {dag.py:3947} INFO - Setting next_dagrun for example_trigger_target_dag to None, run_after=None
[2025-11-27T11:28:58.423-0300] {processor.py:183} INFO - Processing /Users/davispecia/Documents/GitHub/Pf_pipeline_dados/Projeto_final_fase3/venv/lib/python3.9/site-packages/airflow/example_dags/example_trigger_target_dag.py took 0.102 seconds
[2025-11-27T11:30:02.447-0300] {processor.py:161} INFO - Started process (PID=92969) to work on /Users/davispecia/Documents/GitHub/Pf_pipeline_dados/Projeto_final_fase3/venv/lib/python3.9/site-packages/airflow/example_dags/example_trigger_target_dag.py
[2025-11-27T11:30:02.447-0300] {processor.py:830} INFO - Processing file /Users/davispecia/Documents/GitHub/Pf_pipeline_dados/Projeto_final_fase3/venv/lib/python3.9/site-packages/airflow/example_dags/example_trigger_target_dag.py for tasks to queue
[2025-11-27T11:30:02.447-0300] {logging_mixin.py:188} INFO - [2025-11-27T11:30:02.447-0300] {dagbag.py:545} INFO - Filling up the DagBag from /Users/davispecia/Documents/GitHub/Pf_pipeline_dados/Projeto_final_fase3/venv/lib/python3.9/site-packages/airflow/example_dags/example_trigger_target_dag.py
[2025-11-27T11:30:02.466-0300] {processor.py:840} INFO - DAG(s) 'example_trigger_target_dag' retrieved from /Users/davispecia/Documents/GitHub/Pf_pipeline_dados/Projeto_final_fase3/venv/lib/python3.9/site-packages/airflow/example_dags/example_trigger_target_dag.py
[2025-11-27T11:30:02.534-0300] {logging_mixin.py:188} INFO - [2025-11-27T11:30:02.534-0300] {dag.py:3089} INFO - Sync 1 DAGs
[2025-11-27T11:30:02.539-0300] {logging_mixin.py:188} INFO - [2025-11-27T11:30:02.539-0300] {dag.py:3947} INFO - Setting next_dagrun for example_trigger_target_dag to None, run_after=None
[2025-11-27T11:30:02.549-0300] {processor.py:183} INFO - Processing /Users/davispecia/Documents/GitHub/Pf_pipeline_dados/Projeto_final_fase3/venv/lib/python3.9/site-packages/airflow/example_dags/example_trigger_target_dag.py took 0.104 seconds
[2025-11-27T11:31:12.368-0300] {processor.py:161} INFO - Started process (PID=93188) to work on /Users/davispecia/Documents/GitHub/Pf_pipeline_dados/Projeto_final_fase3/venv/lib/python3.9/site-packages/airflow/example_dags/example_trigger_target_dag.py
[2025-11-27T11:31:12.369-0300] {processor.py:830} INFO - Processing file /Users/davispecia/Documents/GitHub/Pf_pipeline_dados/Projeto_final_fase3/venv/lib/python3.9/site-packages/airflow/example_dags/example_trigger_target_dag.py for tasks to queue
[2025-11-27T11:31:12.370-0300] {logging_mixin.py:188} INFO - [2025-11-27T11:31:12.370-0300] {dagbag.py:545} INFO - Filling up the DagBag from /Users/davispecia/Documents/GitHub/Pf_pipeline_dados/Projeto_final_fase3/venv/lib/python3.9/site-packages/airflow/example_dags/example_trigger_target_dag.py
[2025-11-27T11:31:12.386-0300] {processor.py:840} INFO - DAG(s) 'example_trigger_target_dag' retrieved from /Users/davispecia/Documents/GitHub/Pf_pipeline_dados/Projeto_final_fase3/venv/lib/python3.9/site-packages/airflow/example_dags/example_trigger_target_dag.py
[2025-11-27T11:31:12.454-0300] {logging_mixin.py:188} INFO - [2025-11-27T11:31:12.454-0300] {dag.py:3089} INFO - Sync 1 DAGs
[2025-11-27T11:31:12.460-0300] {logging_mixin.py:188} INFO - [2025-11-27T11:31:12.460-0300] {dag.py:3947} INFO - Setting next_dagrun for example_trigger_target_dag to None, run_after=None
[2025-11-27T11:31:12.469-0300] {processor.py:183} INFO - Processing /Users/davispecia/Documents/GitHub/Pf_pipeline_dados/Projeto_final_fase3/venv/lib/python3.9/site-packages/airflow/example_dags/example_trigger_target_dag.py took 0.103 seconds
[2025-11-27T11:32:11.129-0300] {processor.py:161} INFO - Started process (PID=93329) to work on /Users/davispecia/Documents/GitHub/Pf_pipeline_dados/Projeto_final_fase3/venv/lib/python3.9/site-packages/airflow/example_dags/example_trigger_target_dag.py
[2025-11-27T11:32:11.130-0300] {processor.py:830} INFO - Processing file /Users/davispecia/Documents/GitHub/Pf_pipeline_dados/Projeto_final_fase3/venv/lib/python3.9/site-packages/airflow/example_dags/example_trigger_target_dag.py for tasks to queue
[2025-11-27T11:32:11.131-0300] {logging_mixin.py:188} INFO - [2025-11-27T11:32:11.130-0300] {dagbag.py:545} INFO - Filling up the DagBag from /Users/davispecia/Documents/GitHub/Pf_pipeline_dados/Projeto_final_fase3/venv/lib/python3.9/site-packages/airflow/example_dags/example_trigger_target_dag.py
[2025-11-27T11:32:11.147-0300] {processor.py:840} INFO - DAG(s) 'example_trigger_target_dag' retrieved from /Users/davispecia/Documents/GitHub/Pf_pipeline_dados/Projeto_final_fase3/venv/lib/python3.9/site-packages/airflow/example_dags/example_trigger_target_dag.py
[2025-11-27T11:32:11.215-0300] {logging_mixin.py:188} INFO - [2025-11-27T11:32:11.215-0300] {dag.py:3089} INFO - Sync 1 DAGs
[2025-11-27T11:32:11.220-0300] {logging_mixin.py:188} INFO - [2025-11-27T11:32:11.220-0300] {dag.py:3947} INFO - Setting next_dagrun for example_trigger_target_dag to None, run_after=None
[2025-11-27T11:32:11.228-0300] {processor.py:183} INFO - Processing /Users/davispecia/Documents/GitHub/Pf_pipeline_dados/Projeto_final_fase3/venv/lib/python3.9/site-packages/airflow/example_dags/example_trigger_target_dag.py took 0.101 seconds
[2025-11-27T11:33:14.376-0300] {processor.py:161} INFO - Started process (PID=93482) to work on /Users/davispecia/Documents/GitHub/Pf_pipeline_dados/Projeto_final_fase3/venv/lib/python3.9/site-packages/airflow/example_dags/example_trigger_target_dag.py
[2025-11-27T11:33:14.377-0300] {processor.py:830} INFO - Processing file /Users/davispecia/Documents/GitHub/Pf_pipeline_dados/Projeto_final_fase3/venv/lib/python3.9/site-packages/airflow/example_dags/example_trigger_target_dag.py for tasks to queue
[2025-11-27T11:33:14.377-0300] {logging_mixin.py:188} INFO - [2025-11-27T11:33:14.377-0300] {dagbag.py:545} INFO - Filling up the DagBag from /Users/davispecia/Documents/GitHub/Pf_pipeline_dados/Projeto_final_fase3/venv/lib/python3.9/site-packages/airflow/example_dags/example_trigger_target_dag.py
[2025-11-27T11:33:14.394-0300] {processor.py:840} INFO - DAG(s) 'example_trigger_target_dag' retrieved from /Users/davispecia/Documents/GitHub/Pf_pipeline_dados/Projeto_final_fase3/venv/lib/python3.9/site-packages/airflow/example_dags/example_trigger_target_dag.py
[2025-11-27T11:33:14.467-0300] {logging_mixin.py:188} INFO - [2025-11-27T11:33:14.467-0300] {dag.py:3089} INFO - Sync 1 DAGs
[2025-11-27T11:33:14.472-0300] {logging_mixin.py:188} INFO - [2025-11-27T11:33:14.472-0300] {dag.py:3947} INFO - Setting next_dagrun for example_trigger_target_dag to None, run_after=None
[2025-11-27T11:33:14.481-0300] {processor.py:183} INFO - Processing /Users/davispecia/Documents/GitHub/Pf_pipeline_dados/Projeto_final_fase3/venv/lib/python3.9/site-packages/airflow/example_dags/example_trigger_target_dag.py took 0.106 seconds
[2025-11-27T11:34:18.613-0300] {processor.py:161} INFO - Started process (PID=93633) to work on /Users/davispecia/Documents/GitHub/Pf_pipeline_dados/Projeto_final_fase3/venv/lib/python3.9/site-packages/airflow/example_dags/example_trigger_target_dag.py
[2025-11-27T11:34:18.613-0300] {processor.py:830} INFO - Processing file /Users/davispecia/Documents/GitHub/Pf_pipeline_dados/Projeto_final_fase3/venv/lib/python3.9/site-packages/airflow/example_dags/example_trigger_target_dag.py for tasks to queue
[2025-11-27T11:34:18.614-0300] {logging_mixin.py:188} INFO - [2025-11-27T11:34:18.614-0300] {dagbag.py:545} INFO - Filling up the DagBag from /Users/davispecia/Documents/GitHub/Pf_pipeline_dados/Projeto_final_fase3/venv/lib/python3.9/site-packages/airflow/example_dags/example_trigger_target_dag.py
[2025-11-27T11:34:18.631-0300] {processor.py:840} INFO - DAG(s) 'example_trigger_target_dag' retrieved from /Users/davispecia/Documents/GitHub/Pf_pipeline_dados/Projeto_final_fase3/venv/lib/python3.9/site-packages/airflow/example_dags/example_trigger_target_dag.py
[2025-11-27T11:34:18.702-0300] {logging_mixin.py:188} INFO - [2025-11-27T11:34:18.701-0300] {dag.py:3089} INFO - Sync 1 DAGs
[2025-11-27T11:34:18.707-0300] {logging_mixin.py:188} INFO - [2025-11-27T11:34:18.707-0300] {dag.py:3947} INFO - Setting next_dagrun for example_trigger_target_dag to None, run_after=None
[2025-11-27T11:34:18.715-0300] {processor.py:183} INFO - Processing /Users/davispecia/Documents/GitHub/Pf_pipeline_dados/Projeto_final_fase3/venv/lib/python3.9/site-packages/airflow/example_dags/example_trigger_target_dag.py took 0.105 seconds
[2025-11-27T11:35:20.727-0300] {processor.py:161} INFO - Started process (PID=93789) to work on /Users/davispecia/Documents/GitHub/Pf_pipeline_dados/Projeto_final_fase3/venv/lib/python3.9/site-packages/airflow/example_dags/example_trigger_target_dag.py
[2025-11-27T11:35:20.727-0300] {processor.py:830} INFO - Processing file /Users/davispecia/Documents/GitHub/Pf_pipeline_dados/Projeto_final_fase3/venv/lib/python3.9/site-packages/airflow/example_dags/example_trigger_target_dag.py for tasks to queue
[2025-11-27T11:35:20.728-0300] {logging_mixin.py:188} INFO - [2025-11-27T11:35:20.728-0300] {dagbag.py:545} INFO - Filling up the DagBag from /Users/davispecia/Documents/GitHub/Pf_pipeline_dados/Projeto_final_fase3/venv/lib/python3.9/site-packages/airflow/example_dags/example_trigger_target_dag.py
[2025-11-27T11:35:20.745-0300] {processor.py:840} INFO - DAG(s) 'example_trigger_target_dag' retrieved from /Users/davispecia/Documents/GitHub/Pf_pipeline_dados/Projeto_final_fase3/venv/lib/python3.9/site-packages/airflow/example_dags/example_trigger_target_dag.py
[2025-11-27T11:35:20.814-0300] {logging_mixin.py:188} INFO - [2025-11-27T11:35:20.814-0300] {dag.py:3089} INFO - Sync 1 DAGs
[2025-11-27T11:35:20.820-0300] {logging_mixin.py:188} INFO - [2025-11-27T11:35:20.820-0300] {dag.py:3947} INFO - Setting next_dagrun for example_trigger_target_dag to None, run_after=None
[2025-11-27T11:35:20.832-0300] {processor.py:183} INFO - Processing /Users/davispecia/Documents/GitHub/Pf_pipeline_dados/Projeto_final_fase3/venv/lib/python3.9/site-packages/airflow/example_dags/example_trigger_target_dag.py took 0.107 seconds
[2025-11-27T11:36:33.237-0300] {processor.py:161} INFO - Started process (PID=94011) to work on /Users/davispecia/Documents/GitHub/Pf_pipeline_dados/Projeto_final_fase3/venv/lib/python3.9/site-packages/airflow/example_dags/example_trigger_target_dag.py
[2025-11-27T11:36:33.238-0300] {processor.py:830} INFO - Processing file /Users/davispecia/Documents/GitHub/Pf_pipeline_dados/Projeto_final_fase3/venv/lib/python3.9/site-packages/airflow/example_dags/example_trigger_target_dag.py for tasks to queue
[2025-11-27T11:36:33.239-0300] {logging_mixin.py:188} INFO - [2025-11-27T11:36:33.239-0300] {dagbag.py:545} INFO - Filling up the DagBag from /Users/davispecia/Documents/GitHub/Pf_pipeline_dados/Projeto_final_fase3/venv/lib/python3.9/site-packages/airflow/example_dags/example_trigger_target_dag.py
[2025-11-27T11:36:33.256-0300] {processor.py:840} INFO - DAG(s) 'example_trigger_target_dag' retrieved from /Users/davispecia/Documents/GitHub/Pf_pipeline_dados/Projeto_final_fase3/venv/lib/python3.9/site-packages/airflow/example_dags/example_trigger_target_dag.py
[2025-11-27T11:36:33.323-0300] {logging_mixin.py:188} INFO - [2025-11-27T11:36:33.323-0300] {dag.py:3089} INFO - Sync 1 DAGs
[2025-11-27T11:36:33.328-0300] {logging_mixin.py:188} INFO - [2025-11-27T11:36:33.328-0300] {dag.py:3947} INFO - Setting next_dagrun for example_trigger_target_dag to None, run_after=None
[2025-11-27T11:36:33.336-0300] {processor.py:183} INFO - Processing /Users/davispecia/Documents/GitHub/Pf_pipeline_dados/Projeto_final_fase3/venv/lib/python3.9/site-packages/airflow/example_dags/example_trigger_target_dag.py took 0.101 seconds
[2025-11-27T11:37:36.650-0300] {processor.py:161} INFO - Started process (PID=94162) to work on /Users/davispecia/Documents/GitHub/Pf_pipeline_dados/Projeto_final_fase3/venv/lib/python3.9/site-packages/airflow/example_dags/example_trigger_target_dag.py
[2025-11-27T11:37:36.651-0300] {processor.py:830} INFO - Processing file /Users/davispecia/Documents/GitHub/Pf_pipeline_dados/Projeto_final_fase3/venv/lib/python3.9/site-packages/airflow/example_dags/example_trigger_target_dag.py for tasks to queue
[2025-11-27T11:37:36.652-0300] {logging_mixin.py:188} INFO - [2025-11-27T11:37:36.651-0300] {dagbag.py:545} INFO - Filling up the DagBag from /Users/davispecia/Documents/GitHub/Pf_pipeline_dados/Projeto_final_fase3/venv/lib/python3.9/site-packages/airflow/example_dags/example_trigger_target_dag.py
[2025-11-27T11:37:36.669-0300] {processor.py:840} INFO - DAG(s) 'example_trigger_target_dag' retrieved from /Users/davispecia/Documents/GitHub/Pf_pipeline_dados/Projeto_final_fase3/venv/lib/python3.9/site-packages/airflow/example_dags/example_trigger_target_dag.py
[2025-11-27T11:37:36.740-0300] {logging_mixin.py:188} INFO - [2025-11-27T11:37:36.740-0300] {dag.py:3089} INFO - Sync 1 DAGs
[2025-11-27T11:37:36.746-0300] {logging_mixin.py:188} INFO - [2025-11-27T11:37:36.745-0300] {dag.py:3947} INFO - Setting next_dagrun for example_trigger_target_dag to None, run_after=None
[2025-11-27T11:37:36.755-0300] {processor.py:183} INFO - Processing /Users/davispecia/Documents/GitHub/Pf_pipeline_dados/Projeto_final_fase3/venv/lib/python3.9/site-packages/airflow/example_dags/example_trigger_target_dag.py took 0.108 seconds
[2025-11-27T11:38:39.887-0300] {processor.py:161} INFO - Started process (PID=94312) to work on /Users/davispecia/Documents/GitHub/Pf_pipeline_dados/Projeto_final_fase3/venv/lib/python3.9/site-packages/airflow/example_dags/example_trigger_target_dag.py
[2025-11-27T11:38:39.888-0300] {processor.py:830} INFO - Processing file /Users/davispecia/Documents/GitHub/Pf_pipeline_dados/Projeto_final_fase3/venv/lib/python3.9/site-packages/airflow/example_dags/example_trigger_target_dag.py for tasks to queue
[2025-11-27T11:38:39.888-0300] {logging_mixin.py:188} INFO - [2025-11-27T11:38:39.888-0300] {dagbag.py:545} INFO - Filling up the DagBag from /Users/davispecia/Documents/GitHub/Pf_pipeline_dados/Projeto_final_fase3/venv/lib/python3.9/site-packages/airflow/example_dags/example_trigger_target_dag.py
[2025-11-27T11:38:39.907-0300] {processor.py:840} INFO - DAG(s) 'example_trigger_target_dag' retrieved from /Users/davispecia/Documents/GitHub/Pf_pipeline_dados/Projeto_final_fase3/venv/lib/python3.9/site-packages/airflow/example_dags/example_trigger_target_dag.py
[2025-11-27T11:38:39.983-0300] {logging_mixin.py:188} INFO - [2025-11-27T11:38:39.983-0300] {dag.py:3089} INFO - Sync 1 DAGs
[2025-11-27T11:38:39.988-0300] {logging_mixin.py:188} INFO - [2025-11-27T11:38:39.988-0300] {dag.py:3947} INFO - Setting next_dagrun for example_trigger_target_dag to None, run_after=None
[2025-11-27T11:38:39.998-0300] {processor.py:183} INFO - Processing /Users/davispecia/Documents/GitHub/Pf_pipeline_dados/Projeto_final_fase3/venv/lib/python3.9/site-packages/airflow/example_dags/example_trigger_target_dag.py took 0.113 seconds
[2025-11-27T11:39:42.776-0300] {processor.py:161} INFO - Started process (PID=94457) to work on /Users/davispecia/Documents/GitHub/Pf_pipeline_dados/Projeto_final_fase3/venv/lib/python3.9/site-packages/airflow/example_dags/example_trigger_target_dag.py
[2025-11-27T11:39:42.778-0300] {processor.py:830} INFO - Processing file /Users/davispecia/Documents/GitHub/Pf_pipeline_dados/Projeto_final_fase3/venv/lib/python3.9/site-packages/airflow/example_dags/example_trigger_target_dag.py for tasks to queue
[2025-11-27T11:39:42.778-0300] {logging_mixin.py:188} INFO - [2025-11-27T11:39:42.778-0300] {dagbag.py:545} INFO - Filling up the DagBag from /Users/davispecia/Documents/GitHub/Pf_pipeline_dados/Projeto_final_fase3/venv/lib/python3.9/site-packages/airflow/example_dags/example_trigger_target_dag.py
[2025-11-27T11:39:42.795-0300] {processor.py:840} INFO - DAG(s) 'example_trigger_target_dag' retrieved from /Users/davispecia/Documents/GitHub/Pf_pipeline_dados/Projeto_final_fase3/venv/lib/python3.9/site-packages/airflow/example_dags/example_trigger_target_dag.py
[2025-11-27T11:39:42.865-0300] {logging_mixin.py:188} INFO - [2025-11-27T11:39:42.865-0300] {dag.py:3089} INFO - Sync 1 DAGs
[2025-11-27T11:39:42.870-0300] {logging_mixin.py:188} INFO - [2025-11-27T11:39:42.870-0300] {dag.py:3947} INFO - Setting next_dagrun for example_trigger_target_dag to None, run_after=None
[2025-11-27T11:39:42.879-0300] {processor.py:183} INFO - Processing /Users/davispecia/Documents/GitHub/Pf_pipeline_dados/Projeto_final_fase3/venv/lib/python3.9/site-packages/airflow/example_dags/example_trigger_target_dag.py took 0.105 seconds
[2025-11-27T11:40:46.437-0300] {processor.py:161} INFO - Started process (PID=94607) to work on /Users/davispecia/Documents/GitHub/Pf_pipeline_dados/Projeto_final_fase3/venv/lib/python3.9/site-packages/airflow/example_dags/example_trigger_target_dag.py
[2025-11-27T11:40:46.438-0300] {processor.py:830} INFO - Processing file /Users/davispecia/Documents/GitHub/Pf_pipeline_dados/Projeto_final_fase3/venv/lib/python3.9/site-packages/airflow/example_dags/example_trigger_target_dag.py for tasks to queue
[2025-11-27T11:40:46.439-0300] {logging_mixin.py:188} INFO - [2025-11-27T11:40:46.438-0300] {dagbag.py:545} INFO - Filling up the DagBag from /Users/davispecia/Documents/GitHub/Pf_pipeline_dados/Projeto_final_fase3/venv/lib/python3.9/site-packages/airflow/example_dags/example_trigger_target_dag.py
[2025-11-27T11:40:46.458-0300] {processor.py:840} INFO - DAG(s) 'example_trigger_target_dag' retrieved from /Users/davispecia/Documents/GitHub/Pf_pipeline_dados/Projeto_final_fase3/venv/lib/python3.9/site-packages/airflow/example_dags/example_trigger_target_dag.py
[2025-11-27T11:40:46.531-0300] {logging_mixin.py:188} INFO - [2025-11-27T11:40:46.531-0300] {dag.py:3089} INFO - Sync 1 DAGs
[2025-11-27T11:40:46.536-0300] {logging_mixin.py:188} INFO - [2025-11-27T11:40:46.536-0300] {dag.py:3947} INFO - Setting next_dagrun for example_trigger_target_dag to None, run_after=None
[2025-11-27T11:40:46.547-0300] {processor.py:183} INFO - Processing /Users/davispecia/Documents/GitHub/Pf_pipeline_dados/Projeto_final_fase3/venv/lib/python3.9/site-packages/airflow/example_dags/example_trigger_target_dag.py took 0.112 seconds
[2025-11-27T11:41:56.404-0300] {processor.py:161} INFO - Started process (PID=94844) to work on /Users/davispecia/Documents/GitHub/Pf_pipeline_dados/Projeto_final_fase3/venv/lib/python3.9/site-packages/airflow/example_dags/example_trigger_target_dag.py
[2025-11-27T11:41:56.405-0300] {processor.py:830} INFO - Processing file /Users/davispecia/Documents/GitHub/Pf_pipeline_dados/Projeto_final_fase3/venv/lib/python3.9/site-packages/airflow/example_dags/example_trigger_target_dag.py for tasks to queue
[2025-11-27T11:41:56.405-0300] {logging_mixin.py:188} INFO - [2025-11-27T11:41:56.405-0300] {dagbag.py:545} INFO - Filling up the DagBag from /Users/davispecia/Documents/GitHub/Pf_pipeline_dados/Projeto_final_fase3/venv/lib/python3.9/site-packages/airflow/example_dags/example_trigger_target_dag.py
[2025-11-27T11:41:56.422-0300] {processor.py:840} INFO - DAG(s) 'example_trigger_target_dag' retrieved from /Users/davispecia/Documents/GitHub/Pf_pipeline_dados/Projeto_final_fase3/venv/lib/python3.9/site-packages/airflow/example_dags/example_trigger_target_dag.py
[2025-11-27T11:41:56.489-0300] {logging_mixin.py:188} INFO - [2025-11-27T11:41:56.489-0300] {dag.py:3089} INFO - Sync 1 DAGs
[2025-11-27T11:41:56.495-0300] {logging_mixin.py:188} INFO - [2025-11-27T11:41:56.495-0300] {dag.py:3947} INFO - Setting next_dagrun for example_trigger_target_dag to None, run_after=None
[2025-11-27T11:41:56.503-0300] {processor.py:183} INFO - Processing /Users/davispecia/Documents/GitHub/Pf_pipeline_dados/Projeto_final_fase3/venv/lib/python3.9/site-packages/airflow/example_dags/example_trigger_target_dag.py took 0.101 seconds
[2025-11-27T11:43:01.688-0300] {processor.py:161} INFO - Started process (PID=94999) to work on /Users/davispecia/Documents/GitHub/Pf_pipeline_dados/Projeto_final_fase3/venv/lib/python3.9/site-packages/airflow/example_dags/example_trigger_target_dag.py
[2025-11-27T11:43:01.688-0300] {processor.py:830} INFO - Processing file /Users/davispecia/Documents/GitHub/Pf_pipeline_dados/Projeto_final_fase3/venv/lib/python3.9/site-packages/airflow/example_dags/example_trigger_target_dag.py for tasks to queue
[2025-11-27T11:43:01.689-0300] {logging_mixin.py:188} INFO - [2025-11-27T11:43:01.689-0300] {dagbag.py:545} INFO - Filling up the DagBag from /Users/davispecia/Documents/GitHub/Pf_pipeline_dados/Projeto_final_fase3/venv/lib/python3.9/site-packages/airflow/example_dags/example_trigger_target_dag.py
[2025-11-27T11:43:01.705-0300] {processor.py:840} INFO - DAG(s) 'example_trigger_target_dag' retrieved from /Users/davispecia/Documents/GitHub/Pf_pipeline_dados/Projeto_final_fase3/venv/lib/python3.9/site-packages/airflow/example_dags/example_trigger_target_dag.py
[2025-11-27T11:43:01.775-0300] {logging_mixin.py:188} INFO - [2025-11-27T11:43:01.775-0300] {dag.py:3089} INFO - Sync 1 DAGs
[2025-11-27T11:43:01.781-0300] {logging_mixin.py:188} INFO - [2025-11-27T11:43:01.781-0300] {dag.py:3947} INFO - Setting next_dagrun for example_trigger_target_dag to None, run_after=None
[2025-11-27T11:43:01.790-0300] {processor.py:183} INFO - Processing /Users/davispecia/Documents/GitHub/Pf_pipeline_dados/Projeto_final_fase3/venv/lib/python3.9/site-packages/airflow/example_dags/example_trigger_target_dag.py took 0.104 seconds
[2025-11-27T11:44:05.786-0300] {processor.py:161} INFO - Started process (PID=95149) to work on /Users/davispecia/Documents/GitHub/Pf_pipeline_dados/Projeto_final_fase3/venv/lib/python3.9/site-packages/airflow/example_dags/example_trigger_target_dag.py
[2025-11-27T11:44:05.787-0300] {processor.py:830} INFO - Processing file /Users/davispecia/Documents/GitHub/Pf_pipeline_dados/Projeto_final_fase3/venv/lib/python3.9/site-packages/airflow/example_dags/example_trigger_target_dag.py for tasks to queue
[2025-11-27T11:44:05.788-0300] {logging_mixin.py:188} INFO - [2025-11-27T11:44:05.787-0300] {dagbag.py:545} INFO - Filling up the DagBag from /Users/davispecia/Documents/GitHub/Pf_pipeline_dados/Projeto_final_fase3/venv/lib/python3.9/site-packages/airflow/example_dags/example_trigger_target_dag.py
[2025-11-27T11:44:05.804-0300] {processor.py:840} INFO - DAG(s) 'example_trigger_target_dag' retrieved from /Users/davispecia/Documents/GitHub/Pf_pipeline_dados/Projeto_final_fase3/venv/lib/python3.9/site-packages/airflow/example_dags/example_trigger_target_dag.py
[2025-11-27T11:44:05.872-0300] {logging_mixin.py:188} INFO - [2025-11-27T11:44:05.872-0300] {dag.py:3089} INFO - Sync 1 DAGs
[2025-11-27T11:44:05.878-0300] {logging_mixin.py:188} INFO - [2025-11-27T11:44:05.878-0300] {dag.py:3947} INFO - Setting next_dagrun for example_trigger_target_dag to None, run_after=None
[2025-11-27T11:44:05.886-0300] {processor.py:183} INFO - Processing /Users/davispecia/Documents/GitHub/Pf_pipeline_dados/Projeto_final_fase3/venv/lib/python3.9/site-packages/airflow/example_dags/example_trigger_target_dag.py took 0.102 seconds
[2025-11-27T11:45:08.320-0300] {processor.py:161} INFO - Started process (PID=95297) to work on /Users/davispecia/Documents/GitHub/Pf_pipeline_dados/Projeto_final_fase3/venv/lib/python3.9/site-packages/airflow/example_dags/example_trigger_target_dag.py
[2025-11-27T11:45:08.321-0300] {processor.py:830} INFO - Processing file /Users/davispecia/Documents/GitHub/Pf_pipeline_dados/Projeto_final_fase3/venv/lib/python3.9/site-packages/airflow/example_dags/example_trigger_target_dag.py for tasks to queue
[2025-11-27T11:45:08.321-0300] {logging_mixin.py:188} INFO - [2025-11-27T11:45:08.321-0300] {dagbag.py:545} INFO - Filling up the DagBag from /Users/davispecia/Documents/GitHub/Pf_pipeline_dados/Projeto_final_fase3/venv/lib/python3.9/site-packages/airflow/example_dags/example_trigger_target_dag.py
[2025-11-27T11:45:08.339-0300] {processor.py:840} INFO - DAG(s) 'example_trigger_target_dag' retrieved from /Users/davispecia/Documents/GitHub/Pf_pipeline_dados/Projeto_final_fase3/venv/lib/python3.9/site-packages/airflow/example_dags/example_trigger_target_dag.py
[2025-11-27T11:45:08.406-0300] {logging_mixin.py:188} INFO - [2025-11-27T11:45:08.406-0300] {dag.py:3089} INFO - Sync 1 DAGs
[2025-11-27T11:45:08.411-0300] {logging_mixin.py:188} INFO - [2025-11-27T11:45:08.411-0300] {dag.py:3947} INFO - Setting next_dagrun for example_trigger_target_dag to None, run_after=None
[2025-11-27T11:45:08.420-0300] {processor.py:183} INFO - Processing /Users/davispecia/Documents/GitHub/Pf_pipeline_dados/Projeto_final_fase3/venv/lib/python3.9/site-packages/airflow/example_dags/example_trigger_target_dag.py took 0.102 seconds
[2025-11-27T11:46:10.557-0300] {processor.py:161} INFO - Started process (PID=95449) to work on /Users/davispecia/Documents/GitHub/Pf_pipeline_dados/Projeto_final_fase3/venv/lib/python3.9/site-packages/airflow/example_dags/example_trigger_target_dag.py
[2025-11-27T11:46:10.558-0300] {processor.py:830} INFO - Processing file /Users/davispecia/Documents/GitHub/Pf_pipeline_dados/Projeto_final_fase3/venv/lib/python3.9/site-packages/airflow/example_dags/example_trigger_target_dag.py for tasks to queue
[2025-11-27T11:46:10.559-0300] {logging_mixin.py:188} INFO - [2025-11-27T11:46:10.559-0300] {dagbag.py:545} INFO - Filling up the DagBag from /Users/davispecia/Documents/GitHub/Pf_pipeline_dados/Projeto_final_fase3/venv/lib/python3.9/site-packages/airflow/example_dags/example_trigger_target_dag.py
[2025-11-27T11:46:10.575-0300] {processor.py:840} INFO - DAG(s) 'example_trigger_target_dag' retrieved from /Users/davispecia/Documents/GitHub/Pf_pipeline_dados/Projeto_final_fase3/venv/lib/python3.9/site-packages/airflow/example_dags/example_trigger_target_dag.py
[2025-11-27T11:46:10.645-0300] {logging_mixin.py:188} INFO - [2025-11-27T11:46:10.645-0300] {dag.py:3089} INFO - Sync 1 DAGs
[2025-11-27T11:46:10.650-0300] {logging_mixin.py:188} INFO - [2025-11-27T11:46:10.650-0300] {dag.py:3947} INFO - Setting next_dagrun for example_trigger_target_dag to None, run_after=None
[2025-11-27T11:46:10.659-0300] {processor.py:183} INFO - Processing /Users/davispecia/Documents/GitHub/Pf_pipeline_dados/Projeto_final_fase3/venv/lib/python3.9/site-packages/airflow/example_dags/example_trigger_target_dag.py took 0.104 seconds
[2025-11-27T11:47:20.128-0300] {processor.py:161} INFO - Started process (PID=95713) to work on /Users/davispecia/Documents/GitHub/Pf_pipeline_dados/Projeto_final_fase3/venv/lib/python3.9/site-packages/airflow/example_dags/example_trigger_target_dag.py
[2025-11-27T11:47:20.129-0300] {processor.py:830} INFO - Processing file /Users/davispecia/Documents/GitHub/Pf_pipeline_dados/Projeto_final_fase3/venv/lib/python3.9/site-packages/airflow/example_dags/example_trigger_target_dag.py for tasks to queue
[2025-11-27T11:47:20.130-0300] {logging_mixin.py:188} INFO - [2025-11-27T11:47:20.129-0300] {dagbag.py:545} INFO - Filling up the DagBag from /Users/davispecia/Documents/GitHub/Pf_pipeline_dados/Projeto_final_fase3/venv/lib/python3.9/site-packages/airflow/example_dags/example_trigger_target_dag.py
[2025-11-27T11:47:20.146-0300] {processor.py:840} INFO - DAG(s) 'example_trigger_target_dag' retrieved from /Users/davispecia/Documents/GitHub/Pf_pipeline_dados/Projeto_final_fase3/venv/lib/python3.9/site-packages/airflow/example_dags/example_trigger_target_dag.py
[2025-11-27T11:47:20.215-0300] {logging_mixin.py:188} INFO - [2025-11-27T11:47:20.215-0300] {dag.py:3089} INFO - Sync 1 DAGs
[2025-11-27T11:47:20.220-0300] {logging_mixin.py:188} INFO - [2025-11-27T11:47:20.220-0300] {dag.py:3947} INFO - Setting next_dagrun for example_trigger_target_dag to None, run_after=None
[2025-11-27T11:47:20.229-0300] {processor.py:183} INFO - Processing /Users/davispecia/Documents/GitHub/Pf_pipeline_dados/Projeto_final_fase3/venv/lib/python3.9/site-packages/airflow/example_dags/example_trigger_target_dag.py took 0.102 seconds
[2025-11-27T11:48:24.811-0300] {processor.py:161} INFO - Started process (PID=95863) to work on /Users/davispecia/Documents/GitHub/Pf_pipeline_dados/Projeto_final_fase3/venv/lib/python3.9/site-packages/airflow/example_dags/example_trigger_target_dag.py
[2025-11-27T11:48:24.812-0300] {processor.py:830} INFO - Processing file /Users/davispecia/Documents/GitHub/Pf_pipeline_dados/Projeto_final_fase3/venv/lib/python3.9/site-packages/airflow/example_dags/example_trigger_target_dag.py for tasks to queue
[2025-11-27T11:48:24.812-0300] {logging_mixin.py:188} INFO - [2025-11-27T11:48:24.812-0300] {dagbag.py:545} INFO - Filling up the DagBag from /Users/davispecia/Documents/GitHub/Pf_pipeline_dados/Projeto_final_fase3/venv/lib/python3.9/site-packages/airflow/example_dags/example_trigger_target_dag.py
[2025-11-27T11:48:24.829-0300] {processor.py:840} INFO - DAG(s) 'example_trigger_target_dag' retrieved from /Users/davispecia/Documents/GitHub/Pf_pipeline_dados/Projeto_final_fase3/venv/lib/python3.9/site-packages/airflow/example_dags/example_trigger_target_dag.py
[2025-11-27T11:48:24.900-0300] {logging_mixin.py:188} INFO - [2025-11-27T11:48:24.900-0300] {dag.py:3089} INFO - Sync 1 DAGs
[2025-11-27T11:48:24.905-0300] {logging_mixin.py:188} INFO - [2025-11-27T11:48:24.905-0300] {dag.py:3947} INFO - Setting next_dagrun for example_trigger_target_dag to None, run_after=None
[2025-11-27T11:48:24.914-0300] {processor.py:183} INFO - Processing /Users/davispecia/Documents/GitHub/Pf_pipeline_dados/Projeto_final_fase3/venv/lib/python3.9/site-packages/airflow/example_dags/example_trigger_target_dag.py took 0.105 seconds
[2025-11-27T11:49:28.749-0300] {processor.py:161} INFO - Started process (PID=96029) to work on /Users/davispecia/Documents/GitHub/Pf_pipeline_dados/Projeto_final_fase3/venv/lib/python3.9/site-packages/airflow/example_dags/example_trigger_target_dag.py
[2025-11-27T11:49:28.750-0300] {processor.py:830} INFO - Processing file /Users/davispecia/Documents/GitHub/Pf_pipeline_dados/Projeto_final_fase3/venv/lib/python3.9/site-packages/airflow/example_dags/example_trigger_target_dag.py for tasks to queue
[2025-11-27T11:49:28.750-0300] {logging_mixin.py:188} INFO - [2025-11-27T11:49:28.750-0300] {dagbag.py:545} INFO - Filling up the DagBag from /Users/davispecia/Documents/GitHub/Pf_pipeline_dados/Projeto_final_fase3/venv/lib/python3.9/site-packages/airflow/example_dags/example_trigger_target_dag.py
[2025-11-27T11:49:28.767-0300] {processor.py:840} INFO - DAG(s) 'example_trigger_target_dag' retrieved from /Users/davispecia/Documents/GitHub/Pf_pipeline_dados/Projeto_final_fase3/venv/lib/python3.9/site-packages/airflow/example_dags/example_trigger_target_dag.py
[2025-11-27T11:49:28.835-0300] {logging_mixin.py:188} INFO - [2025-11-27T11:49:28.834-0300] {dag.py:3089} INFO - Sync 1 DAGs
[2025-11-27T11:49:28.840-0300] {logging_mixin.py:188} INFO - [2025-11-27T11:49:28.840-0300] {dag.py:3947} INFO - Setting next_dagrun for example_trigger_target_dag to None, run_after=None
[2025-11-27T11:49:28.849-0300] {processor.py:183} INFO - Processing /Users/davispecia/Documents/GitHub/Pf_pipeline_dados/Projeto_final_fase3/venv/lib/python3.9/site-packages/airflow/example_dags/example_trigger_target_dag.py took 0.102 seconds
[2025-11-27T11:50:32.756-0300] {processor.py:161} INFO - Started process (PID=96185) to work on /Users/davispecia/Documents/GitHub/Pf_pipeline_dados/Projeto_final_fase3/venv/lib/python3.9/site-packages/airflow/example_dags/example_trigger_target_dag.py
[2025-11-27T11:50:32.757-0300] {processor.py:830} INFO - Processing file /Users/davispecia/Documents/GitHub/Pf_pipeline_dados/Projeto_final_fase3/venv/lib/python3.9/site-packages/airflow/example_dags/example_trigger_target_dag.py for tasks to queue
[2025-11-27T11:50:32.757-0300] {logging_mixin.py:188} INFO - [2025-11-27T11:50:32.757-0300] {dagbag.py:545} INFO - Filling up the DagBag from /Users/davispecia/Documents/GitHub/Pf_pipeline_dados/Projeto_final_fase3/venv/lib/python3.9/site-packages/airflow/example_dags/example_trigger_target_dag.py
[2025-11-27T11:50:32.774-0300] {processor.py:840} INFO - DAG(s) 'example_trigger_target_dag' retrieved from /Users/davispecia/Documents/GitHub/Pf_pipeline_dados/Projeto_final_fase3/venv/lib/python3.9/site-packages/airflow/example_dags/example_trigger_target_dag.py
[2025-11-27T11:50:32.842-0300] {logging_mixin.py:188} INFO - [2025-11-27T11:50:32.842-0300] {dag.py:3089} INFO - Sync 1 DAGs
[2025-11-27T11:50:32.847-0300] {logging_mixin.py:188} INFO - [2025-11-27T11:50:32.847-0300] {dag.py:3947} INFO - Setting next_dagrun for example_trigger_target_dag to None, run_after=None
[2025-11-27T11:50:32.856-0300] {processor.py:183} INFO - Processing /Users/davispecia/Documents/GitHub/Pf_pipeline_dados/Projeto_final_fase3/venv/lib/python3.9/site-packages/airflow/example_dags/example_trigger_target_dag.py took 0.102 seconds
[2025-11-27T11:51:38.194-0300] {processor.py:161} INFO - Started process (PID=96345) to work on /Users/davispecia/Documents/GitHub/Pf_pipeline_dados/Projeto_final_fase3/venv/lib/python3.9/site-packages/airflow/example_dags/example_trigger_target_dag.py
[2025-11-27T11:51:38.195-0300] {processor.py:830} INFO - Processing file /Users/davispecia/Documents/GitHub/Pf_pipeline_dados/Projeto_final_fase3/venv/lib/python3.9/site-packages/airflow/example_dags/example_trigger_target_dag.py for tasks to queue
[2025-11-27T11:51:38.196-0300] {logging_mixin.py:188} INFO - [2025-11-27T11:51:38.196-0300] {dagbag.py:545} INFO - Filling up the DagBag from /Users/davispecia/Documents/GitHub/Pf_pipeline_dados/Projeto_final_fase3/venv/lib/python3.9/site-packages/airflow/example_dags/example_trigger_target_dag.py
[2025-11-27T11:51:38.212-0300] {processor.py:840} INFO - DAG(s) 'example_trigger_target_dag' retrieved from /Users/davispecia/Documents/GitHub/Pf_pipeline_dados/Projeto_final_fase3/venv/lib/python3.9/site-packages/airflow/example_dags/example_trigger_target_dag.py
[2025-11-27T11:51:38.279-0300] {logging_mixin.py:188} INFO - [2025-11-27T11:51:38.279-0300] {dag.py:3089} INFO - Sync 1 DAGs
[2025-11-27T11:51:38.284-0300] {logging_mixin.py:188} INFO - [2025-11-27T11:51:38.284-0300] {dag.py:3947} INFO - Setting next_dagrun for example_trigger_target_dag to None, run_after=None
[2025-11-27T11:51:38.293-0300] {processor.py:183} INFO - Processing /Users/davispecia/Documents/GitHub/Pf_pipeline_dados/Projeto_final_fase3/venv/lib/python3.9/site-packages/airflow/example_dags/example_trigger_target_dag.py took 0.101 seconds
[2025-11-27T11:52:38.852-0300] {processor.py:161} INFO - Started process (PID=96541) to work on /Users/davispecia/Documents/GitHub/Pf_pipeline_dados/Projeto_final_fase3/venv/lib/python3.9/site-packages/airflow/example_dags/example_trigger_target_dag.py
[2025-11-27T11:52:38.852-0300] {processor.py:830} INFO - Processing file /Users/davispecia/Documents/GitHub/Pf_pipeline_dados/Projeto_final_fase3/venv/lib/python3.9/site-packages/airflow/example_dags/example_trigger_target_dag.py for tasks to queue
[2025-11-27T11:52:38.853-0300] {logging_mixin.py:188} INFO - [2025-11-27T11:52:38.853-0300] {dagbag.py:545} INFO - Filling up the DagBag from /Users/davispecia/Documents/GitHub/Pf_pipeline_dados/Projeto_final_fase3/venv/lib/python3.9/site-packages/airflow/example_dags/example_trigger_target_dag.py
[2025-11-27T11:52:38.870-0300] {processor.py:840} INFO - DAG(s) 'example_trigger_target_dag' retrieved from /Users/davispecia/Documents/GitHub/Pf_pipeline_dados/Projeto_final_fase3/venv/lib/python3.9/site-packages/airflow/example_dags/example_trigger_target_dag.py
[2025-11-27T11:52:38.941-0300] {logging_mixin.py:188} INFO - [2025-11-27T11:52:38.940-0300] {dag.py:3089} INFO - Sync 1 DAGs
[2025-11-27T11:52:38.946-0300] {logging_mixin.py:188} INFO - [2025-11-27T11:52:38.946-0300] {dag.py:3947} INFO - Setting next_dagrun for example_trigger_target_dag to None, run_after=None
[2025-11-27T11:52:38.954-0300] {processor.py:183} INFO - Processing /Users/davispecia/Documents/GitHub/Pf_pipeline_dados/Projeto_final_fase3/venv/lib/python3.9/site-packages/airflow/example_dags/example_trigger_target_dag.py took 0.105 seconds
[2025-11-27T11:53:48.333-0300] {processor.py:161} INFO - Started process (PID=96814) to work on /Users/davispecia/Documents/GitHub/Pf_pipeline_dados/Projeto_final_fase3/venv/lib/python3.9/site-packages/airflow/example_dags/example_trigger_target_dag.py
[2025-11-27T11:53:48.334-0300] {processor.py:830} INFO - Processing file /Users/davispecia/Documents/GitHub/Pf_pipeline_dados/Projeto_final_fase3/venv/lib/python3.9/site-packages/airflow/example_dags/example_trigger_target_dag.py for tasks to queue
[2025-11-27T11:53:48.334-0300] {logging_mixin.py:188} INFO - [2025-11-27T11:53:48.334-0300] {dagbag.py:545} INFO - Filling up the DagBag from /Users/davispecia/Documents/GitHub/Pf_pipeline_dados/Projeto_final_fase3/venv/lib/python3.9/site-packages/airflow/example_dags/example_trigger_target_dag.py
[2025-11-27T11:53:48.351-0300] {processor.py:840} INFO - DAG(s) 'example_trigger_target_dag' retrieved from /Users/davispecia/Documents/GitHub/Pf_pipeline_dados/Projeto_final_fase3/venv/lib/python3.9/site-packages/airflow/example_dags/example_trigger_target_dag.py
[2025-11-27T11:53:48.419-0300] {logging_mixin.py:188} INFO - [2025-11-27T11:53:48.418-0300] {dag.py:3089} INFO - Sync 1 DAGs
[2025-11-27T11:53:48.424-0300] {logging_mixin.py:188} INFO - [2025-11-27T11:53:48.424-0300] {dag.py:3947} INFO - Setting next_dagrun for example_trigger_target_dag to None, run_after=None
[2025-11-27T11:53:48.433-0300] {processor.py:183} INFO - Processing /Users/davispecia/Documents/GitHub/Pf_pipeline_dados/Projeto_final_fase3/venv/lib/python3.9/site-packages/airflow/example_dags/example_trigger_target_dag.py took 0.102 seconds
[2025-11-27T11:54:51.706-0300] {processor.py:161} INFO - Started process (PID=96961) to work on /Users/davispecia/Documents/GitHub/Pf_pipeline_dados/Projeto_final_fase3/venv/lib/python3.9/site-packages/airflow/example_dags/example_trigger_target_dag.py
[2025-11-27T11:54:51.707-0300] {processor.py:830} INFO - Processing file /Users/davispecia/Documents/GitHub/Pf_pipeline_dados/Projeto_final_fase3/venv/lib/python3.9/site-packages/airflow/example_dags/example_trigger_target_dag.py for tasks to queue
[2025-11-27T11:54:51.708-0300] {logging_mixin.py:188} INFO - [2025-11-27T11:54:51.708-0300] {dagbag.py:545} INFO - Filling up the DagBag from /Users/davispecia/Documents/GitHub/Pf_pipeline_dados/Projeto_final_fase3/venv/lib/python3.9/site-packages/airflow/example_dags/example_trigger_target_dag.py
[2025-11-27T11:54:51.724-0300] {processor.py:840} INFO - DAG(s) 'example_trigger_target_dag' retrieved from /Users/davispecia/Documents/GitHub/Pf_pipeline_dados/Projeto_final_fase3/venv/lib/python3.9/site-packages/airflow/example_dags/example_trigger_target_dag.py
[2025-11-27T11:54:51.795-0300] {logging_mixin.py:188} INFO - [2025-11-27T11:54:51.795-0300] {dag.py:3089} INFO - Sync 1 DAGs
[2025-11-27T11:54:51.800-0300] {logging_mixin.py:188} INFO - [2025-11-27T11:54:51.800-0300] {dag.py:3947} INFO - Setting next_dagrun for example_trigger_target_dag to None, run_after=None
[2025-11-27T11:54:51.810-0300] {processor.py:183} INFO - Processing /Users/davispecia/Documents/GitHub/Pf_pipeline_dados/Projeto_final_fase3/venv/lib/python3.9/site-packages/airflow/example_dags/example_trigger_target_dag.py took 0.106 seconds
[2025-11-27T11:55:48.682-0300] {processor.py:161} INFO - Started process (PID=97100) to work on /Users/davispecia/Documents/GitHub/Pf_pipeline_dados/Projeto_final_fase3/venv/lib/python3.9/site-packages/airflow/example_dags/example_trigger_target_dag.py
[2025-11-27T11:55:48.683-0300] {processor.py:830} INFO - Processing file /Users/davispecia/Documents/GitHub/Pf_pipeline_dados/Projeto_final_fase3/venv/lib/python3.9/site-packages/airflow/example_dags/example_trigger_target_dag.py for tasks to queue
[2025-11-27T11:55:48.684-0300] {logging_mixin.py:188} INFO - [2025-11-27T11:55:48.684-0300] {dagbag.py:545} INFO - Filling up the DagBag from /Users/davispecia/Documents/GitHub/Pf_pipeline_dados/Projeto_final_fase3/venv/lib/python3.9/site-packages/airflow/example_dags/example_trigger_target_dag.py
[2025-11-27T11:55:48.701-0300] {processor.py:840} INFO - DAG(s) 'example_trigger_target_dag' retrieved from /Users/davispecia/Documents/GitHub/Pf_pipeline_dados/Projeto_final_fase3/venv/lib/python3.9/site-packages/airflow/example_dags/example_trigger_target_dag.py
[2025-11-27T11:55:48.771-0300] {logging_mixin.py:188} INFO - [2025-11-27T11:55:48.771-0300] {dag.py:3089} INFO - Sync 1 DAGs
[2025-11-27T11:55:48.776-0300] {logging_mixin.py:188} INFO - [2025-11-27T11:55:48.776-0300] {dag.py:3947} INFO - Setting next_dagrun for example_trigger_target_dag to None, run_after=None
[2025-11-27T11:55:48.785-0300] {processor.py:183} INFO - Processing /Users/davispecia/Documents/GitHub/Pf_pipeline_dados/Projeto_final_fase3/venv/lib/python3.9/site-packages/airflow/example_dags/example_trigger_target_dag.py took 0.105 seconds
[2025-11-27T11:56:49.662-0300] {processor.py:161} INFO - Started process (PID=97250) to work on /Users/davispecia/Documents/GitHub/Pf_pipeline_dados/Projeto_final_fase3/venv/lib/python3.9/site-packages/airflow/example_dags/example_trigger_target_dag.py
[2025-11-27T11:56:49.663-0300] {processor.py:830} INFO - Processing file /Users/davispecia/Documents/GitHub/Pf_pipeline_dados/Projeto_final_fase3/venv/lib/python3.9/site-packages/airflow/example_dags/example_trigger_target_dag.py for tasks to queue
[2025-11-27T11:56:49.663-0300] {logging_mixin.py:188} INFO - [2025-11-27T11:56:49.663-0300] {dagbag.py:545} INFO - Filling up the DagBag from /Users/davispecia/Documents/GitHub/Pf_pipeline_dados/Projeto_final_fase3/venv/lib/python3.9/site-packages/airflow/example_dags/example_trigger_target_dag.py
[2025-11-27T11:56:49.680-0300] {processor.py:840} INFO - DAG(s) 'example_trigger_target_dag' retrieved from /Users/davispecia/Documents/GitHub/Pf_pipeline_dados/Projeto_final_fase3/venv/lib/python3.9/site-packages/airflow/example_dags/example_trigger_target_dag.py
[2025-11-27T11:56:49.747-0300] {logging_mixin.py:188} INFO - [2025-11-27T11:56:49.746-0300] {dag.py:3089} INFO - Sync 1 DAGs
[2025-11-27T11:56:49.752-0300] {logging_mixin.py:188} INFO - [2025-11-27T11:56:49.752-0300] {dag.py:3947} INFO - Setting next_dagrun for example_trigger_target_dag to None, run_after=None
[2025-11-27T11:56:49.761-0300] {processor.py:183} INFO - Processing /Users/davispecia/Documents/GitHub/Pf_pipeline_dados/Projeto_final_fase3/venv/lib/python3.9/site-packages/airflow/example_dags/example_trigger_target_dag.py took 0.101 seconds
[2025-11-27T11:57:54.683-0300] {processor.py:161} INFO - Started process (PID=97404) to work on /Users/davispecia/Documents/GitHub/Pf_pipeline_dados/Projeto_final_fase3/venv/lib/python3.9/site-packages/airflow/example_dags/example_trigger_target_dag.py
[2025-11-27T11:57:54.685-0300] {processor.py:830} INFO - Processing file /Users/davispecia/Documents/GitHub/Pf_pipeline_dados/Projeto_final_fase3/venv/lib/python3.9/site-packages/airflow/example_dags/example_trigger_target_dag.py for tasks to queue
[2025-11-27T11:57:54.685-0300] {logging_mixin.py:188} INFO - [2025-11-27T11:57:54.685-0300] {dagbag.py:545} INFO - Filling up the DagBag from /Users/davispecia/Documents/GitHub/Pf_pipeline_dados/Projeto_final_fase3/venv/lib/python3.9/site-packages/airflow/example_dags/example_trigger_target_dag.py
[2025-11-27T11:57:54.702-0300] {processor.py:840} INFO - DAG(s) 'example_trigger_target_dag' retrieved from /Users/davispecia/Documents/GitHub/Pf_pipeline_dados/Projeto_final_fase3/venv/lib/python3.9/site-packages/airflow/example_dags/example_trigger_target_dag.py
[2025-11-27T11:57:54.768-0300] {logging_mixin.py:188} INFO - [2025-11-27T11:57:54.768-0300] {dag.py:3089} INFO - Sync 1 DAGs
[2025-11-27T11:57:54.774-0300] {logging_mixin.py:188} INFO - [2025-11-27T11:57:54.774-0300] {dag.py:3947} INFO - Setting next_dagrun for example_trigger_target_dag to None, run_after=None
[2025-11-27T11:57:54.783-0300] {processor.py:183} INFO - Processing /Users/davispecia/Documents/GitHub/Pf_pipeline_dados/Projeto_final_fase3/venv/lib/python3.9/site-packages/airflow/example_dags/example_trigger_target_dag.py took 0.101 seconds
[2025-11-27T11:59:07.539-0300] {processor.py:161} INFO - Started process (PID=97641) to work on /Users/davispecia/Documents/GitHub/Pf_pipeline_dados/Projeto_final_fase3/venv/lib/python3.9/site-packages/airflow/example_dags/example_trigger_target_dag.py
[2025-11-27T11:59:07.540-0300] {processor.py:830} INFO - Processing file /Users/davispecia/Documents/GitHub/Pf_pipeline_dados/Projeto_final_fase3/venv/lib/python3.9/site-packages/airflow/example_dags/example_trigger_target_dag.py for tasks to queue
[2025-11-27T11:59:07.540-0300] {logging_mixin.py:188} INFO - [2025-11-27T11:59:07.540-0300] {dagbag.py:545} INFO - Filling up the DagBag from /Users/davispecia/Documents/GitHub/Pf_pipeline_dados/Projeto_final_fase3/venv/lib/python3.9/site-packages/airflow/example_dags/example_trigger_target_dag.py
[2025-11-27T11:59:07.557-0300] {processor.py:840} INFO - DAG(s) 'example_trigger_target_dag' retrieved from /Users/davispecia/Documents/GitHub/Pf_pipeline_dados/Projeto_final_fase3/venv/lib/python3.9/site-packages/airflow/example_dags/example_trigger_target_dag.py
[2025-11-27T11:59:07.625-0300] {logging_mixin.py:188} INFO - [2025-11-27T11:59:07.625-0300] {dag.py:3089} INFO - Sync 1 DAGs
[2025-11-27T11:59:07.630-0300] {logging_mixin.py:188} INFO - [2025-11-27T11:59:07.630-0300] {dag.py:3947} INFO - Setting next_dagrun for example_trigger_target_dag to None, run_after=None
[2025-11-27T11:59:07.639-0300] {processor.py:183} INFO - Processing /Users/davispecia/Documents/GitHub/Pf_pipeline_dados/Projeto_final_fase3/venv/lib/python3.9/site-packages/airflow/example_dags/example_trigger_target_dag.py took 0.102 seconds
[2025-11-27T12:00:13.536-0300] {processor.py:161} INFO - Started process (PID=97813) to work on /Users/davispecia/Documents/GitHub/Pf_pipeline_dados/Projeto_final_fase3/venv/lib/python3.9/site-packages/airflow/example_dags/example_trigger_target_dag.py
[2025-11-27T12:00:13.538-0300] {processor.py:830} INFO - Processing file /Users/davispecia/Documents/GitHub/Pf_pipeline_dados/Projeto_final_fase3/venv/lib/python3.9/site-packages/airflow/example_dags/example_trigger_target_dag.py for tasks to queue
[2025-11-27T12:00:13.538-0300] {logging_mixin.py:188} INFO - [2025-11-27T12:00:13.538-0300] {dagbag.py:545} INFO - Filling up the DagBag from /Users/davispecia/Documents/GitHub/Pf_pipeline_dados/Projeto_final_fase3/venv/lib/python3.9/site-packages/airflow/example_dags/example_trigger_target_dag.py
[2025-11-27T12:00:13.556-0300] {processor.py:840} INFO - DAG(s) 'example_trigger_target_dag' retrieved from /Users/davispecia/Documents/GitHub/Pf_pipeline_dados/Projeto_final_fase3/venv/lib/python3.9/site-packages/airflow/example_dags/example_trigger_target_dag.py
[2025-11-27T12:00:13.624-0300] {logging_mixin.py:188} INFO - [2025-11-27T12:00:13.624-0300] {dag.py:3089} INFO - Sync 1 DAGs
[2025-11-27T12:00:13.629-0300] {logging_mixin.py:188} INFO - [2025-11-27T12:00:13.629-0300] {dag.py:3947} INFO - Setting next_dagrun for example_trigger_target_dag to None, run_after=None
[2025-11-27T12:00:13.638-0300] {processor.py:183} INFO - Processing /Users/davispecia/Documents/GitHub/Pf_pipeline_dados/Projeto_final_fase3/venv/lib/python3.9/site-packages/airflow/example_dags/example_trigger_target_dag.py took 0.103 seconds
[2025-11-27T12:01:19.450-0300] {processor.py:161} INFO - Started process (PID=97968) to work on /Users/davispecia/Documents/GitHub/Pf_pipeline_dados/Projeto_final_fase3/venv/lib/python3.9/site-packages/airflow/example_dags/example_trigger_target_dag.py
[2025-11-27T12:01:19.451-0300] {processor.py:830} INFO - Processing file /Users/davispecia/Documents/GitHub/Pf_pipeline_dados/Projeto_final_fase3/venv/lib/python3.9/site-packages/airflow/example_dags/example_trigger_target_dag.py for tasks to queue
[2025-11-27T12:01:19.451-0300] {logging_mixin.py:188} INFO - [2025-11-27T12:01:19.451-0300] {dagbag.py:545} INFO - Filling up the DagBag from /Users/davispecia/Documents/GitHub/Pf_pipeline_dados/Projeto_final_fase3/venv/lib/python3.9/site-packages/airflow/example_dags/example_trigger_target_dag.py
[2025-11-27T12:01:19.468-0300] {processor.py:840} INFO - DAG(s) 'example_trigger_target_dag' retrieved from /Users/davispecia/Documents/GitHub/Pf_pipeline_dados/Projeto_final_fase3/venv/lib/python3.9/site-packages/airflow/example_dags/example_trigger_target_dag.py
[2025-11-27T12:01:19.537-0300] {logging_mixin.py:188} INFO - [2025-11-27T12:01:19.537-0300] {dag.py:3089} INFO - Sync 1 DAGs
[2025-11-27T12:01:19.542-0300] {logging_mixin.py:188} INFO - [2025-11-27T12:01:19.542-0300] {dag.py:3947} INFO - Setting next_dagrun for example_trigger_target_dag to None, run_after=None
[2025-11-27T12:01:19.550-0300] {processor.py:183} INFO - Processing /Users/davispecia/Documents/GitHub/Pf_pipeline_dados/Projeto_final_fase3/venv/lib/python3.9/site-packages/airflow/example_dags/example_trigger_target_dag.py took 0.102 seconds
[2025-11-27T12:02:22.295-0300] {processor.py:161} INFO - Started process (PID=98116) to work on /Users/davispecia/Documents/GitHub/Pf_pipeline_dados/Projeto_final_fase3/venv/lib/python3.9/site-packages/airflow/example_dags/example_trigger_target_dag.py
[2025-11-27T12:02:22.297-0300] {processor.py:830} INFO - Processing file /Users/davispecia/Documents/GitHub/Pf_pipeline_dados/Projeto_final_fase3/venv/lib/python3.9/site-packages/airflow/example_dags/example_trigger_target_dag.py for tasks to queue
[2025-11-27T12:02:22.297-0300] {logging_mixin.py:188} INFO - [2025-11-27T12:02:22.297-0300] {dagbag.py:545} INFO - Filling up the DagBag from /Users/davispecia/Documents/GitHub/Pf_pipeline_dados/Projeto_final_fase3/venv/lib/python3.9/site-packages/airflow/example_dags/example_trigger_target_dag.py
[2025-11-27T12:02:22.314-0300] {processor.py:840} INFO - DAG(s) 'example_trigger_target_dag' retrieved from /Users/davispecia/Documents/GitHub/Pf_pipeline_dados/Projeto_final_fase3/venv/lib/python3.9/site-packages/airflow/example_dags/example_trigger_target_dag.py
[2025-11-27T12:02:22.382-0300] {logging_mixin.py:188} INFO - [2025-11-27T12:02:22.381-0300] {dag.py:3089} INFO - Sync 1 DAGs
[2025-11-27T12:02:22.387-0300] {logging_mixin.py:188} INFO - [2025-11-27T12:02:22.387-0300] {dag.py:3947} INFO - Setting next_dagrun for example_trigger_target_dag to None, run_after=None
[2025-11-27T12:02:22.396-0300] {processor.py:183} INFO - Processing /Users/davispecia/Documents/GitHub/Pf_pipeline_dados/Projeto_final_fase3/venv/lib/python3.9/site-packages/airflow/example_dags/example_trigger_target_dag.py took 0.103 seconds
[2025-11-27T12:03:23.210-0300] {processor.py:161} INFO - Started process (PID=98261) to work on /Users/davispecia/Documents/GitHub/Pf_pipeline_dados/Projeto_final_fase3/venv/lib/python3.9/site-packages/airflow/example_dags/example_trigger_target_dag.py
[2025-11-27T12:03:23.211-0300] {processor.py:830} INFO - Processing file /Users/davispecia/Documents/GitHub/Pf_pipeline_dados/Projeto_final_fase3/venv/lib/python3.9/site-packages/airflow/example_dags/example_trigger_target_dag.py for tasks to queue
[2025-11-27T12:03:23.211-0300] {logging_mixin.py:188} INFO - [2025-11-27T12:03:23.211-0300] {dagbag.py:545} INFO - Filling up the DagBag from /Users/davispecia/Documents/GitHub/Pf_pipeline_dados/Projeto_final_fase3/venv/lib/python3.9/site-packages/airflow/example_dags/example_trigger_target_dag.py
[2025-11-27T12:03:23.228-0300] {processor.py:840} INFO - DAG(s) 'example_trigger_target_dag' retrieved from /Users/davispecia/Documents/GitHub/Pf_pipeline_dados/Projeto_final_fase3/venv/lib/python3.9/site-packages/airflow/example_dags/example_trigger_target_dag.py
[2025-11-27T12:03:23.295-0300] {logging_mixin.py:188} INFO - [2025-11-27T12:03:23.295-0300] {dag.py:3089} INFO - Sync 1 DAGs
[2025-11-27T12:03:23.301-0300] {logging_mixin.py:188} INFO - [2025-11-27T12:03:23.301-0300] {dag.py:3947} INFO - Setting next_dagrun for example_trigger_target_dag to None, run_after=None
[2025-11-27T12:03:23.313-0300] {processor.py:183} INFO - Processing /Users/davispecia/Documents/GitHub/Pf_pipeline_dados/Projeto_final_fase3/venv/lib/python3.9/site-packages/airflow/example_dags/example_trigger_target_dag.py took 0.105 seconds
[2025-11-27T12:04:29.743-0300] {processor.py:161} INFO - Started process (PID=98480) to work on /Users/davispecia/Documents/GitHub/Pf_pipeline_dados/Projeto_final_fase3/venv/lib/python3.9/site-packages/airflow/example_dags/example_trigger_target_dag.py
[2025-11-27T12:04:29.743-0300] {processor.py:830} INFO - Processing file /Users/davispecia/Documents/GitHub/Pf_pipeline_dados/Projeto_final_fase3/venv/lib/python3.9/site-packages/airflow/example_dags/example_trigger_target_dag.py for tasks to queue
[2025-11-27T12:04:29.744-0300] {logging_mixin.py:188} INFO - [2025-11-27T12:04:29.744-0300] {dagbag.py:545} INFO - Filling up the DagBag from /Users/davispecia/Documents/GitHub/Pf_pipeline_dados/Projeto_final_fase3/venv/lib/python3.9/site-packages/airflow/example_dags/example_trigger_target_dag.py
[2025-11-27T12:04:29.761-0300] {processor.py:840} INFO - DAG(s) 'example_trigger_target_dag' retrieved from /Users/davispecia/Documents/GitHub/Pf_pipeline_dados/Projeto_final_fase3/venv/lib/python3.9/site-packages/airflow/example_dags/example_trigger_target_dag.py
[2025-11-27T12:04:29.830-0300] {logging_mixin.py:188} INFO - [2025-11-27T12:04:29.830-0300] {dag.py:3089} INFO - Sync 1 DAGs
[2025-11-27T12:04:29.835-0300] {logging_mixin.py:188} INFO - [2025-11-27T12:04:29.835-0300] {dag.py:3947} INFO - Setting next_dagrun for example_trigger_target_dag to None, run_after=None
[2025-11-27T12:04:29.844-0300] {processor.py:183} INFO - Processing /Users/davispecia/Documents/GitHub/Pf_pipeline_dados/Projeto_final_fase3/venv/lib/python3.9/site-packages/airflow/example_dags/example_trigger_target_dag.py took 0.103 seconds
[2025-11-27T12:05:38.710-0300] {processor.py:161} INFO - Started process (PID=98694) to work on /Users/davispecia/Documents/GitHub/Pf_pipeline_dados/Projeto_final_fase3/venv/lib/python3.9/site-packages/airflow/example_dags/example_trigger_target_dag.py
[2025-11-27T12:05:38.711-0300] {processor.py:830} INFO - Processing file /Users/davispecia/Documents/GitHub/Pf_pipeline_dados/Projeto_final_fase3/venv/lib/python3.9/site-packages/airflow/example_dags/example_trigger_target_dag.py for tasks to queue
[2025-11-27T12:05:38.712-0300] {logging_mixin.py:188} INFO - [2025-11-27T12:05:38.711-0300] {dagbag.py:545} INFO - Filling up the DagBag from /Users/davispecia/Documents/GitHub/Pf_pipeline_dados/Projeto_final_fase3/venv/lib/python3.9/site-packages/airflow/example_dags/example_trigger_target_dag.py
[2025-11-27T12:05:38.728-0300] {processor.py:840} INFO - DAG(s) 'example_trigger_target_dag' retrieved from /Users/davispecia/Documents/GitHub/Pf_pipeline_dados/Projeto_final_fase3/venv/lib/python3.9/site-packages/airflow/example_dags/example_trigger_target_dag.py
[2025-11-27T12:05:38.796-0300] {logging_mixin.py:188} INFO - [2025-11-27T12:05:38.796-0300] {dag.py:3089} INFO - Sync 1 DAGs
[2025-11-27T12:05:38.801-0300] {logging_mixin.py:188} INFO - [2025-11-27T12:05:38.801-0300] {dag.py:3947} INFO - Setting next_dagrun for example_trigger_target_dag to None, run_after=None
[2025-11-27T12:05:38.810-0300] {processor.py:183} INFO - Processing /Users/davispecia/Documents/GitHub/Pf_pipeline_dados/Projeto_final_fase3/venv/lib/python3.9/site-packages/airflow/example_dags/example_trigger_target_dag.py took 0.102 seconds
[2025-11-27T12:06:44.746-0300] {processor.py:161} INFO - Started process (PID=98850) to work on /Users/davispecia/Documents/GitHub/Pf_pipeline_dados/Projeto_final_fase3/venv/lib/python3.9/site-packages/airflow/example_dags/example_trigger_target_dag.py
[2025-11-27T12:06:44.747-0300] {processor.py:830} INFO - Processing file /Users/davispecia/Documents/GitHub/Pf_pipeline_dados/Projeto_final_fase3/venv/lib/python3.9/site-packages/airflow/example_dags/example_trigger_target_dag.py for tasks to queue
[2025-11-27T12:06:44.747-0300] {logging_mixin.py:188} INFO - [2025-11-27T12:06:44.747-0300] {dagbag.py:545} INFO - Filling up the DagBag from /Users/davispecia/Documents/GitHub/Pf_pipeline_dados/Projeto_final_fase3/venv/lib/python3.9/site-packages/airflow/example_dags/example_trigger_target_dag.py
[2025-11-27T12:06:44.764-0300] {processor.py:840} INFO - DAG(s) 'example_trigger_target_dag' retrieved from /Users/davispecia/Documents/GitHub/Pf_pipeline_dados/Projeto_final_fase3/venv/lib/python3.9/site-packages/airflow/example_dags/example_trigger_target_dag.py
[2025-11-27T12:06:44.831-0300] {logging_mixin.py:188} INFO - [2025-11-27T12:06:44.831-0300] {dag.py:3089} INFO - Sync 1 DAGs
[2025-11-27T12:06:44.836-0300] {logging_mixin.py:188} INFO - [2025-11-27T12:06:44.836-0300] {dag.py:3947} INFO - Setting next_dagrun for example_trigger_target_dag to None, run_after=None
[2025-11-27T12:06:44.845-0300] {processor.py:183} INFO - Processing /Users/davispecia/Documents/GitHub/Pf_pipeline_dados/Projeto_final_fase3/venv/lib/python3.9/site-packages/airflow/example_dags/example_trigger_target_dag.py took 0.101 seconds
[2025-11-27T12:07:50.498-0300] {processor.py:161} INFO - Started process (PID=99011) to work on /Users/davispecia/Documents/GitHub/Pf_pipeline_dados/Projeto_final_fase3/venv/lib/python3.9/site-packages/airflow/example_dags/example_trigger_target_dag.py
[2025-11-27T12:07:50.499-0300] {processor.py:830} INFO - Processing file /Users/davispecia/Documents/GitHub/Pf_pipeline_dados/Projeto_final_fase3/venv/lib/python3.9/site-packages/airflow/example_dags/example_trigger_target_dag.py for tasks to queue
[2025-11-27T12:07:50.499-0300] {logging_mixin.py:188} INFO - [2025-11-27T12:07:50.499-0300] {dagbag.py:545} INFO - Filling up the DagBag from /Users/davispecia/Documents/GitHub/Pf_pipeline_dados/Projeto_final_fase3/venv/lib/python3.9/site-packages/airflow/example_dags/example_trigger_target_dag.py
[2025-11-27T12:07:50.516-0300] {processor.py:840} INFO - DAG(s) 'example_trigger_target_dag' retrieved from /Users/davispecia/Documents/GitHub/Pf_pipeline_dados/Projeto_final_fase3/venv/lib/python3.9/site-packages/airflow/example_dags/example_trigger_target_dag.py
[2025-11-27T12:07:50.586-0300] {logging_mixin.py:188} INFO - [2025-11-27T12:07:50.585-0300] {dag.py:3089} INFO - Sync 1 DAGs
[2025-11-27T12:07:50.591-0300] {logging_mixin.py:188} INFO - [2025-11-27T12:07:50.591-0300] {dag.py:3947} INFO - Setting next_dagrun for example_trigger_target_dag to None, run_after=None
[2025-11-27T12:07:50.600-0300] {processor.py:183} INFO - Processing /Users/davispecia/Documents/GitHub/Pf_pipeline_dados/Projeto_final_fase3/venv/lib/python3.9/site-packages/airflow/example_dags/example_trigger_target_dag.py took 0.104 seconds
[2025-11-27T12:08:53.844-0300] {processor.py:161} INFO - Started process (PID=99163) to work on /Users/davispecia/Documents/GitHub/Pf_pipeline_dados/Projeto_final_fase3/venv/lib/python3.9/site-packages/airflow/example_dags/example_trigger_target_dag.py
[2025-11-27T12:08:53.845-0300] {processor.py:830} INFO - Processing file /Users/davispecia/Documents/GitHub/Pf_pipeline_dados/Projeto_final_fase3/venv/lib/python3.9/site-packages/airflow/example_dags/example_trigger_target_dag.py for tasks to queue
[2025-11-27T12:08:53.845-0300] {logging_mixin.py:188} INFO - [2025-11-27T12:08:53.845-0300] {dagbag.py:545} INFO - Filling up the DagBag from /Users/davispecia/Documents/GitHub/Pf_pipeline_dados/Projeto_final_fase3/venv/lib/python3.9/site-packages/airflow/example_dags/example_trigger_target_dag.py
[2025-11-27T12:08:53.862-0300] {processor.py:840} INFO - DAG(s) 'example_trigger_target_dag' retrieved from /Users/davispecia/Documents/GitHub/Pf_pipeline_dados/Projeto_final_fase3/venv/lib/python3.9/site-packages/airflow/example_dags/example_trigger_target_dag.py
[2025-11-27T12:08:53.930-0300] {logging_mixin.py:188} INFO - [2025-11-27T12:08:53.930-0300] {dag.py:3089} INFO - Sync 1 DAGs
[2025-11-27T12:08:53.935-0300] {logging_mixin.py:188} INFO - [2025-11-27T12:08:53.935-0300] {dag.py:3947} INFO - Setting next_dagrun for example_trigger_target_dag to None, run_after=None
[2025-11-27T12:08:53.944-0300] {processor.py:183} INFO - Processing /Users/davispecia/Documents/GitHub/Pf_pipeline_dados/Projeto_final_fase3/venv/lib/python3.9/site-packages/airflow/example_dags/example_trigger_target_dag.py took 0.102 seconds
[2025-11-27T12:09:56.619-0300] {processor.py:161} INFO - Started process (PID=99320) to work on /Users/davispecia/Documents/GitHub/Pf_pipeline_dados/Projeto_final_fase3/venv/lib/python3.9/site-packages/airflow/example_dags/example_trigger_target_dag.py
[2025-11-27T12:09:56.620-0300] {processor.py:830} INFO - Processing file /Users/davispecia/Documents/GitHub/Pf_pipeline_dados/Projeto_final_fase3/venv/lib/python3.9/site-packages/airflow/example_dags/example_trigger_target_dag.py for tasks to queue
[2025-11-27T12:09:56.620-0300] {logging_mixin.py:188} INFO - [2025-11-27T12:09:56.620-0300] {dagbag.py:545} INFO - Filling up the DagBag from /Users/davispecia/Documents/GitHub/Pf_pipeline_dados/Projeto_final_fase3/venv/lib/python3.9/site-packages/airflow/example_dags/example_trigger_target_dag.py
[2025-11-27T12:09:56.637-0300] {processor.py:840} INFO - DAG(s) 'example_trigger_target_dag' retrieved from /Users/davispecia/Documents/GitHub/Pf_pipeline_dados/Projeto_final_fase3/venv/lib/python3.9/site-packages/airflow/example_dags/example_trigger_target_dag.py
[2025-11-27T12:09:56.709-0300] {logging_mixin.py:188} INFO - [2025-11-27T12:09:56.709-0300] {dag.py:3089} INFO - Sync 1 DAGs
[2025-11-27T12:09:56.716-0300] {logging_mixin.py:188} INFO - [2025-11-27T12:09:56.716-0300] {dag.py:3947} INFO - Setting next_dagrun for example_trigger_target_dag to None, run_after=None
[2025-11-27T12:09:56.725-0300] {processor.py:183} INFO - Processing /Users/davispecia/Documents/GitHub/Pf_pipeline_dados/Projeto_final_fase3/venv/lib/python3.9/site-packages/airflow/example_dags/example_trigger_target_dag.py took 0.107 seconds
[2025-11-27T12:11:08.289-0300] {processor.py:161} INFO - Started process (PID=99542) to work on /Users/davispecia/Documents/GitHub/Pf_pipeline_dados/Projeto_final_fase3/venv/lib/python3.9/site-packages/airflow/example_dags/example_trigger_target_dag.py
[2025-11-27T12:11:08.290-0300] {processor.py:830} INFO - Processing file /Users/davispecia/Documents/GitHub/Pf_pipeline_dados/Projeto_final_fase3/venv/lib/python3.9/site-packages/airflow/example_dags/example_trigger_target_dag.py for tasks to queue
[2025-11-27T12:11:08.290-0300] {logging_mixin.py:188} INFO - [2025-11-27T12:11:08.290-0300] {dagbag.py:545} INFO - Filling up the DagBag from /Users/davispecia/Documents/GitHub/Pf_pipeline_dados/Projeto_final_fase3/venv/lib/python3.9/site-packages/airflow/example_dags/example_trigger_target_dag.py
[2025-11-27T12:11:08.308-0300] {processor.py:840} INFO - DAG(s) 'example_trigger_target_dag' retrieved from /Users/davispecia/Documents/GitHub/Pf_pipeline_dados/Projeto_final_fase3/venv/lib/python3.9/site-packages/airflow/example_dags/example_trigger_target_dag.py
[2025-11-27T12:11:08.377-0300] {logging_mixin.py:188} INFO - [2025-11-27T12:11:08.377-0300] {dag.py:3089} INFO - Sync 1 DAGs
[2025-11-27T12:11:08.383-0300] {logging_mixin.py:188} INFO - [2025-11-27T12:11:08.382-0300] {dag.py:3947} INFO - Setting next_dagrun for example_trigger_target_dag to None, run_after=None
[2025-11-27T12:11:08.392-0300] {processor.py:183} INFO - Processing /Users/davispecia/Documents/GitHub/Pf_pipeline_dados/Projeto_final_fase3/venv/lib/python3.9/site-packages/airflow/example_dags/example_trigger_target_dag.py took 0.105 seconds
[2025-11-27T12:12:11.703-0300] {processor.py:161} INFO - Started process (PID=99692) to work on /Users/davispecia/Documents/GitHub/Pf_pipeline_dados/Projeto_final_fase3/venv/lib/python3.9/site-packages/airflow/example_dags/example_trigger_target_dag.py
[2025-11-27T12:12:11.704-0300] {processor.py:830} INFO - Processing file /Users/davispecia/Documents/GitHub/Pf_pipeline_dados/Projeto_final_fase3/venv/lib/python3.9/site-packages/airflow/example_dags/example_trigger_target_dag.py for tasks to queue
[2025-11-27T12:12:11.704-0300] {logging_mixin.py:188} INFO - [2025-11-27T12:12:11.704-0300] {dagbag.py:545} INFO - Filling up the DagBag from /Users/davispecia/Documents/GitHub/Pf_pipeline_dados/Projeto_final_fase3/venv/lib/python3.9/site-packages/airflow/example_dags/example_trigger_target_dag.py
[2025-11-27T12:12:11.721-0300] {processor.py:840} INFO - DAG(s) 'example_trigger_target_dag' retrieved from /Users/davispecia/Documents/GitHub/Pf_pipeline_dados/Projeto_final_fase3/venv/lib/python3.9/site-packages/airflow/example_dags/example_trigger_target_dag.py
[2025-11-27T12:12:11.789-0300] {logging_mixin.py:188} INFO - [2025-11-27T12:12:11.789-0300] {dag.py:3089} INFO - Sync 1 DAGs
[2025-11-27T12:12:11.794-0300] {logging_mixin.py:188} INFO - [2025-11-27T12:12:11.794-0300] {dag.py:3947} INFO - Setting next_dagrun for example_trigger_target_dag to None, run_after=None
[2025-11-27T12:12:11.803-0300] {processor.py:183} INFO - Processing /Users/davispecia/Documents/GitHub/Pf_pipeline_dados/Projeto_final_fase3/venv/lib/python3.9/site-packages/airflow/example_dags/example_trigger_target_dag.py took 0.102 seconds
[2025-11-27T12:13:15.099-0300] {processor.py:161} INFO - Started process (PID=99845) to work on /Users/davispecia/Documents/GitHub/Pf_pipeline_dados/Projeto_final_fase3/venv/lib/python3.9/site-packages/airflow/example_dags/example_trigger_target_dag.py
[2025-11-27T12:13:15.100-0300] {processor.py:830} INFO - Processing file /Users/davispecia/Documents/GitHub/Pf_pipeline_dados/Projeto_final_fase3/venv/lib/python3.9/site-packages/airflow/example_dags/example_trigger_target_dag.py for tasks to queue
[2025-11-27T12:13:15.100-0300] {logging_mixin.py:188} INFO - [2025-11-27T12:13:15.100-0300] {dagbag.py:545} INFO - Filling up the DagBag from /Users/davispecia/Documents/GitHub/Pf_pipeline_dados/Projeto_final_fase3/venv/lib/python3.9/site-packages/airflow/example_dags/example_trigger_target_dag.py
[2025-11-27T12:13:15.117-0300] {processor.py:840} INFO - DAG(s) 'example_trigger_target_dag' retrieved from /Users/davispecia/Documents/GitHub/Pf_pipeline_dados/Projeto_final_fase3/venv/lib/python3.9/site-packages/airflow/example_dags/example_trigger_target_dag.py
[2025-11-27T12:13:15.186-0300] {logging_mixin.py:188} INFO - [2025-11-27T12:13:15.186-0300] {dag.py:3089} INFO - Sync 1 DAGs
[2025-11-27T12:13:15.191-0300] {logging_mixin.py:188} INFO - [2025-11-27T12:13:15.191-0300] {dag.py:3947} INFO - Setting next_dagrun for example_trigger_target_dag to None, run_after=None
[2025-11-27T12:13:15.200-0300] {processor.py:183} INFO - Processing /Users/davispecia/Documents/GitHub/Pf_pipeline_dados/Projeto_final_fase3/venv/lib/python3.9/site-packages/airflow/example_dags/example_trigger_target_dag.py took 0.103 seconds
[2025-11-27T12:14:18.241-0300] {processor.py:161} INFO - Started process (PID=99992) to work on /Users/davispecia/Documents/GitHub/Pf_pipeline_dados/Projeto_final_fase3/venv/lib/python3.9/site-packages/airflow/example_dags/example_trigger_target_dag.py
[2025-11-27T12:14:18.243-0300] {processor.py:830} INFO - Processing file /Users/davispecia/Documents/GitHub/Pf_pipeline_dados/Projeto_final_fase3/venv/lib/python3.9/site-packages/airflow/example_dags/example_trigger_target_dag.py for tasks to queue
[2025-11-27T12:14:18.243-0300] {logging_mixin.py:188} INFO - [2025-11-27T12:14:18.243-0300] {dagbag.py:545} INFO - Filling up the DagBag from /Users/davispecia/Documents/GitHub/Pf_pipeline_dados/Projeto_final_fase3/venv/lib/python3.9/site-packages/airflow/example_dags/example_trigger_target_dag.py
[2025-11-27T12:14:18.260-0300] {processor.py:840} INFO - DAG(s) 'example_trigger_target_dag' retrieved from /Users/davispecia/Documents/GitHub/Pf_pipeline_dados/Projeto_final_fase3/venv/lib/python3.9/site-packages/airflow/example_dags/example_trigger_target_dag.py
[2025-11-27T12:14:18.330-0300] {logging_mixin.py:188} INFO - [2025-11-27T12:14:18.330-0300] {dag.py:3089} INFO - Sync 1 DAGs
[2025-11-27T12:14:18.335-0300] {logging_mixin.py:188} INFO - [2025-11-27T12:14:18.335-0300] {dag.py:3947} INFO - Setting next_dagrun for example_trigger_target_dag to None, run_after=None
[2025-11-27T12:14:18.344-0300] {processor.py:183} INFO - Processing /Users/davispecia/Documents/GitHub/Pf_pipeline_dados/Projeto_final_fase3/venv/lib/python3.9/site-packages/airflow/example_dags/example_trigger_target_dag.py took 0.105 seconds
[2025-11-27T12:15:18.979-0300] {processor.py:161} INFO - Started process (PID=301) to work on /Users/davispecia/Documents/GitHub/Pf_pipeline_dados/Projeto_final_fase3/venv/lib/python3.9/site-packages/airflow/example_dags/example_trigger_target_dag.py
[2025-11-27T12:15:18.980-0300] {processor.py:830} INFO - Processing file /Users/davispecia/Documents/GitHub/Pf_pipeline_dados/Projeto_final_fase3/venv/lib/python3.9/site-packages/airflow/example_dags/example_trigger_target_dag.py for tasks to queue
[2025-11-27T12:15:18.980-0300] {logging_mixin.py:188} INFO - [2025-11-27T12:15:18.980-0300] {dagbag.py:545} INFO - Filling up the DagBag from /Users/davispecia/Documents/GitHub/Pf_pipeline_dados/Projeto_final_fase3/venv/lib/python3.9/site-packages/airflow/example_dags/example_trigger_target_dag.py
[2025-11-27T12:15:18.998-0300] {processor.py:840} INFO - DAG(s) 'example_trigger_target_dag' retrieved from /Users/davispecia/Documents/GitHub/Pf_pipeline_dados/Projeto_final_fase3/venv/lib/python3.9/site-packages/airflow/example_dags/example_trigger_target_dag.py
[2025-11-27T12:15:19.071-0300] {logging_mixin.py:188} INFO - [2025-11-27T12:15:19.071-0300] {dag.py:3089} INFO - Sync 1 DAGs
[2025-11-27T12:15:19.077-0300] {logging_mixin.py:188} INFO - [2025-11-27T12:15:19.076-0300] {dag.py:3947} INFO - Setting next_dagrun for example_trigger_target_dag to None, run_after=None
[2025-11-27T12:15:19.085-0300] {processor.py:183} INFO - Processing /Users/davispecia/Documents/GitHub/Pf_pipeline_dados/Projeto_final_fase3/venv/lib/python3.9/site-packages/airflow/example_dags/example_trigger_target_dag.py took 0.108 seconds
[2025-11-27T12:16:29.747-0300] {processor.py:161} INFO - Started process (PID=592) to work on /Users/davispecia/Documents/GitHub/Pf_pipeline_dados/Projeto_final_fase3/venv/lib/python3.9/site-packages/airflow/example_dags/example_trigger_target_dag.py
[2025-11-27T12:16:29.748-0300] {processor.py:830} INFO - Processing file /Users/davispecia/Documents/GitHub/Pf_pipeline_dados/Projeto_final_fase3/venv/lib/python3.9/site-packages/airflow/example_dags/example_trigger_target_dag.py for tasks to queue
[2025-11-27T12:16:29.748-0300] {logging_mixin.py:188} INFO - [2025-11-27T12:16:29.748-0300] {dagbag.py:545} INFO - Filling up the DagBag from /Users/davispecia/Documents/GitHub/Pf_pipeline_dados/Projeto_final_fase3/venv/lib/python3.9/site-packages/airflow/example_dags/example_trigger_target_dag.py
[2025-11-27T12:16:29.765-0300] {processor.py:840} INFO - DAG(s) 'example_trigger_target_dag' retrieved from /Users/davispecia/Documents/GitHub/Pf_pipeline_dados/Projeto_final_fase3/venv/lib/python3.9/site-packages/airflow/example_dags/example_trigger_target_dag.py
[2025-11-27T12:16:29.833-0300] {logging_mixin.py:188} INFO - [2025-11-27T12:16:29.833-0300] {dag.py:3089} INFO - Sync 1 DAGs
[2025-11-27T12:16:29.838-0300] {logging_mixin.py:188} INFO - [2025-11-27T12:16:29.838-0300] {dag.py:3947} INFO - Setting next_dagrun for example_trigger_target_dag to None, run_after=None
[2025-11-27T12:16:29.847-0300] {processor.py:183} INFO - Processing /Users/davispecia/Documents/GitHub/Pf_pipeline_dados/Projeto_final_fase3/venv/lib/python3.9/site-packages/airflow/example_dags/example_trigger_target_dag.py took 0.102 seconds
[2025-11-27T12:17:29.684-0300] {processor.py:161} INFO - Started process (PID=752) to work on /Users/davispecia/Documents/GitHub/Pf_pipeline_dados/Projeto_final_fase3/venv/lib/python3.9/site-packages/airflow/example_dags/example_trigger_target_dag.py
[2025-11-27T12:17:29.685-0300] {processor.py:830} INFO - Processing file /Users/davispecia/Documents/GitHub/Pf_pipeline_dados/Projeto_final_fase3/venv/lib/python3.9/site-packages/airflow/example_dags/example_trigger_target_dag.py for tasks to queue
[2025-11-27T12:17:29.685-0300] {logging_mixin.py:188} INFO - [2025-11-27T12:17:29.685-0300] {dagbag.py:545} INFO - Filling up the DagBag from /Users/davispecia/Documents/GitHub/Pf_pipeline_dados/Projeto_final_fase3/venv/lib/python3.9/site-packages/airflow/example_dags/example_trigger_target_dag.py
[2025-11-27T12:17:29.702-0300] {processor.py:840} INFO - DAG(s) 'example_trigger_target_dag' retrieved from /Users/davispecia/Documents/GitHub/Pf_pipeline_dados/Projeto_final_fase3/venv/lib/python3.9/site-packages/airflow/example_dags/example_trigger_target_dag.py
[2025-11-27T12:17:29.770-0300] {logging_mixin.py:188} INFO - [2025-11-27T12:17:29.770-0300] {dag.py:3089} INFO - Sync 1 DAGs
[2025-11-27T12:17:29.775-0300] {logging_mixin.py:188} INFO - [2025-11-27T12:17:29.775-0300] {dag.py:3947} INFO - Setting next_dagrun for example_trigger_target_dag to None, run_after=None
[2025-11-27T12:17:29.784-0300] {processor.py:183} INFO - Processing /Users/davispecia/Documents/GitHub/Pf_pipeline_dados/Projeto_final_fase3/venv/lib/python3.9/site-packages/airflow/example_dags/example_trigger_target_dag.py took 0.102 seconds
[2025-11-27T12:18:30.762-0300] {processor.py:161} INFO - Started process (PID=943) to work on /Users/davispecia/Documents/GitHub/Pf_pipeline_dados/Projeto_final_fase3/venv/lib/python3.9/site-packages/airflow/example_dags/example_trigger_target_dag.py
[2025-11-27T12:18:30.763-0300] {processor.py:830} INFO - Processing file /Users/davispecia/Documents/GitHub/Pf_pipeline_dados/Projeto_final_fase3/venv/lib/python3.9/site-packages/airflow/example_dags/example_trigger_target_dag.py for tasks to queue
[2025-11-27T12:18:30.763-0300] {logging_mixin.py:188} INFO - [2025-11-27T12:18:30.763-0300] {dagbag.py:545} INFO - Filling up the DagBag from /Users/davispecia/Documents/GitHub/Pf_pipeline_dados/Projeto_final_fase3/venv/lib/python3.9/site-packages/airflow/example_dags/example_trigger_target_dag.py
[2025-11-27T12:18:30.780-0300] {processor.py:840} INFO - DAG(s) 'example_trigger_target_dag' retrieved from /Users/davispecia/Documents/GitHub/Pf_pipeline_dados/Projeto_final_fase3/venv/lib/python3.9/site-packages/airflow/example_dags/example_trigger_target_dag.py
[2025-11-27T12:18:30.848-0300] {logging_mixin.py:188} INFO - [2025-11-27T12:18:30.848-0300] {dag.py:3089} INFO - Sync 1 DAGs
[2025-11-27T12:18:30.855-0300] {logging_mixin.py:188} INFO - [2025-11-27T12:18:30.854-0300] {dag.py:3947} INFO - Setting next_dagrun for example_trigger_target_dag to None, run_after=None
[2025-11-27T12:18:30.868-0300] {processor.py:183} INFO - Processing /Users/davispecia/Documents/GitHub/Pf_pipeline_dados/Projeto_final_fase3/venv/lib/python3.9/site-packages/airflow/example_dags/example_trigger_target_dag.py took 0.108 seconds
[2025-11-27T12:19:31.815-0300] {processor.py:161} INFO - Started process (PID=1093) to work on /Users/davispecia/Documents/GitHub/Pf_pipeline_dados/Projeto_final_fase3/venv/lib/python3.9/site-packages/airflow/example_dags/example_trigger_target_dag.py
[2025-11-27T12:19:31.816-0300] {processor.py:830} INFO - Processing file /Users/davispecia/Documents/GitHub/Pf_pipeline_dados/Projeto_final_fase3/venv/lib/python3.9/site-packages/airflow/example_dags/example_trigger_target_dag.py for tasks to queue
[2025-11-27T12:19:31.817-0300] {logging_mixin.py:188} INFO - [2025-11-27T12:19:31.817-0300] {dagbag.py:545} INFO - Filling up the DagBag from /Users/davispecia/Documents/GitHub/Pf_pipeline_dados/Projeto_final_fase3/venv/lib/python3.9/site-packages/airflow/example_dags/example_trigger_target_dag.py
[2025-11-27T12:19:31.838-0300] {processor.py:840} INFO - DAG(s) 'example_trigger_target_dag' retrieved from /Users/davispecia/Documents/GitHub/Pf_pipeline_dados/Projeto_final_fase3/venv/lib/python3.9/site-packages/airflow/example_dags/example_trigger_target_dag.py
[2025-11-27T12:19:31.907-0300] {logging_mixin.py:188} INFO - [2025-11-27T12:19:31.907-0300] {dag.py:3089} INFO - Sync 1 DAGs
[2025-11-27T12:19:31.912-0300] {logging_mixin.py:188} INFO - [2025-11-27T12:19:31.912-0300] {dag.py:3947} INFO - Setting next_dagrun for example_trigger_target_dag to None, run_after=None
[2025-11-27T12:19:31.921-0300] {processor.py:183} INFO - Processing /Users/davispecia/Documents/GitHub/Pf_pipeline_dados/Projeto_final_fase3/venv/lib/python3.9/site-packages/airflow/example_dags/example_trigger_target_dag.py took 0.108 seconds
[2025-11-27T12:20:32.762-0300] {processor.py:161} INFO - Started process (PID=1243) to work on /Users/davispecia/Documents/GitHub/Pf_pipeline_dados/Projeto_final_fase3/venv/lib/python3.9/site-packages/airflow/example_dags/example_trigger_target_dag.py
[2025-11-27T12:20:32.763-0300] {processor.py:830} INFO - Processing file /Users/davispecia/Documents/GitHub/Pf_pipeline_dados/Projeto_final_fase3/venv/lib/python3.9/site-packages/airflow/example_dags/example_trigger_target_dag.py for tasks to queue
[2025-11-27T12:20:32.763-0300] {logging_mixin.py:188} INFO - [2025-11-27T12:20:32.763-0300] {dagbag.py:545} INFO - Filling up the DagBag from /Users/davispecia/Documents/GitHub/Pf_pipeline_dados/Projeto_final_fase3/venv/lib/python3.9/site-packages/airflow/example_dags/example_trigger_target_dag.py
[2025-11-27T12:20:32.780-0300] {processor.py:840} INFO - DAG(s) 'example_trigger_target_dag' retrieved from /Users/davispecia/Documents/GitHub/Pf_pipeline_dados/Projeto_final_fase3/venv/lib/python3.9/site-packages/airflow/example_dags/example_trigger_target_dag.py
[2025-11-27T12:20:32.850-0300] {logging_mixin.py:188} INFO - [2025-11-27T12:20:32.850-0300] {dag.py:3089} INFO - Sync 1 DAGs
[2025-11-27T12:20:32.856-0300] {logging_mixin.py:188} INFO - [2025-11-27T12:20:32.856-0300] {dag.py:3947} INFO - Setting next_dagrun for example_trigger_target_dag to None, run_after=None
[2025-11-27T12:20:32.864-0300] {processor.py:183} INFO - Processing /Users/davispecia/Documents/GitHub/Pf_pipeline_dados/Projeto_final_fase3/venv/lib/python3.9/site-packages/airflow/example_dags/example_trigger_target_dag.py took 0.104 seconds
[2025-11-27T12:21:43.830-0300] {processor.py:161} INFO - Started process (PID=1503) to work on /Users/davispecia/Documents/GitHub/Pf_pipeline_dados/Projeto_final_fase3/venv/lib/python3.9/site-packages/airflow/example_dags/example_trigger_target_dag.py
[2025-11-27T12:21:43.831-0300] {processor.py:830} INFO - Processing file /Users/davispecia/Documents/GitHub/Pf_pipeline_dados/Projeto_final_fase3/venv/lib/python3.9/site-packages/airflow/example_dags/example_trigger_target_dag.py for tasks to queue
[2025-11-27T12:21:43.831-0300] {logging_mixin.py:188} INFO - [2025-11-27T12:21:43.831-0300] {dagbag.py:545} INFO - Filling up the DagBag from /Users/davispecia/Documents/GitHub/Pf_pipeline_dados/Projeto_final_fase3/venv/lib/python3.9/site-packages/airflow/example_dags/example_trigger_target_dag.py
[2025-11-27T12:21:43.848-0300] {processor.py:840} INFO - DAG(s) 'example_trigger_target_dag' retrieved from /Users/davispecia/Documents/GitHub/Pf_pipeline_dados/Projeto_final_fase3/venv/lib/python3.9/site-packages/airflow/example_dags/example_trigger_target_dag.py
[2025-11-27T12:21:43.916-0300] {logging_mixin.py:188} INFO - [2025-11-27T12:21:43.916-0300] {dag.py:3089} INFO - Sync 1 DAGs
[2025-11-27T12:21:43.921-0300] {logging_mixin.py:188} INFO - [2025-11-27T12:21:43.921-0300] {dag.py:3947} INFO - Setting next_dagrun for example_trigger_target_dag to None, run_after=None
[2025-11-27T12:21:43.929-0300] {processor.py:183} INFO - Processing /Users/davispecia/Documents/GitHub/Pf_pipeline_dados/Projeto_final_fase3/venv/lib/python3.9/site-packages/airflow/example_dags/example_trigger_target_dag.py took 0.102 seconds
[2025-11-27T12:22:45.197-0300] {processor.py:161} INFO - Started process (PID=1649) to work on /Users/davispecia/Documents/GitHub/Pf_pipeline_dados/Projeto_final_fase3/venv/lib/python3.9/site-packages/airflow/example_dags/example_trigger_target_dag.py
[2025-11-27T12:22:45.198-0300] {processor.py:830} INFO - Processing file /Users/davispecia/Documents/GitHub/Pf_pipeline_dados/Projeto_final_fase3/venv/lib/python3.9/site-packages/airflow/example_dags/example_trigger_target_dag.py for tasks to queue
[2025-11-27T12:22:45.198-0300] {logging_mixin.py:188} INFO - [2025-11-27T12:22:45.198-0300] {dagbag.py:545} INFO - Filling up the DagBag from /Users/davispecia/Documents/GitHub/Pf_pipeline_dados/Projeto_final_fase3/venv/lib/python3.9/site-packages/airflow/example_dags/example_trigger_target_dag.py
[2025-11-27T12:22:45.215-0300] {processor.py:840} INFO - DAG(s) 'example_trigger_target_dag' retrieved from /Users/davispecia/Documents/GitHub/Pf_pipeline_dados/Projeto_final_fase3/venv/lib/python3.9/site-packages/airflow/example_dags/example_trigger_target_dag.py
[2025-11-27T12:22:45.282-0300] {logging_mixin.py:188} INFO - [2025-11-27T12:22:45.281-0300] {dag.py:3089} INFO - Sync 1 DAGs
[2025-11-27T12:22:45.287-0300] {logging_mixin.py:188} INFO - [2025-11-27T12:22:45.287-0300] {dag.py:3947} INFO - Setting next_dagrun for example_trigger_target_dag to None, run_after=None
[2025-11-27T12:22:45.296-0300] {processor.py:183} INFO - Processing /Users/davispecia/Documents/GitHub/Pf_pipeline_dados/Projeto_final_fase3/venv/lib/python3.9/site-packages/airflow/example_dags/example_trigger_target_dag.py took 0.101 seconds
[2025-11-27T12:23:46.712-0300] {processor.py:161} INFO - Started process (PID=1811) to work on /Users/davispecia/Documents/GitHub/Pf_pipeline_dados/Projeto_final_fase3/venv/lib/python3.9/site-packages/airflow/example_dags/example_trigger_target_dag.py
[2025-11-27T12:23:46.713-0300] {processor.py:830} INFO - Processing file /Users/davispecia/Documents/GitHub/Pf_pipeline_dados/Projeto_final_fase3/venv/lib/python3.9/site-packages/airflow/example_dags/example_trigger_target_dag.py for tasks to queue
[2025-11-27T12:23:46.713-0300] {logging_mixin.py:188} INFO - [2025-11-27T12:23:46.713-0300] {dagbag.py:545} INFO - Filling up the DagBag from /Users/davispecia/Documents/GitHub/Pf_pipeline_dados/Projeto_final_fase3/venv/lib/python3.9/site-packages/airflow/example_dags/example_trigger_target_dag.py
[2025-11-27T12:23:46.730-0300] {processor.py:840} INFO - DAG(s) 'example_trigger_target_dag' retrieved from /Users/davispecia/Documents/GitHub/Pf_pipeline_dados/Projeto_final_fase3/venv/lib/python3.9/site-packages/airflow/example_dags/example_trigger_target_dag.py
[2025-11-27T12:23:46.798-0300] {logging_mixin.py:188} INFO - [2025-11-27T12:23:46.797-0300] {dag.py:3089} INFO - Sync 1 DAGs
[2025-11-27T12:23:46.803-0300] {logging_mixin.py:188} INFO - [2025-11-27T12:23:46.803-0300] {dag.py:3947} INFO - Setting next_dagrun for example_trigger_target_dag to None, run_after=None
[2025-11-27T12:23:46.811-0300] {processor.py:183} INFO - Processing /Users/davispecia/Documents/GitHub/Pf_pipeline_dados/Projeto_final_fase3/venv/lib/python3.9/site-packages/airflow/example_dags/example_trigger_target_dag.py took 0.102 seconds
[2025-11-27T12:24:47.311-0300] {processor.py:161} INFO - Started process (PID=1956) to work on /Users/davispecia/Documents/GitHub/Pf_pipeline_dados/Projeto_final_fase3/venv/lib/python3.9/site-packages/airflow/example_dags/example_trigger_target_dag.py
[2025-11-27T12:24:47.312-0300] {processor.py:830} INFO - Processing file /Users/davispecia/Documents/GitHub/Pf_pipeline_dados/Projeto_final_fase3/venv/lib/python3.9/site-packages/airflow/example_dags/example_trigger_target_dag.py for tasks to queue
[2025-11-27T12:24:47.312-0300] {logging_mixin.py:188} INFO - [2025-11-27T12:24:47.312-0300] {dagbag.py:545} INFO - Filling up the DagBag from /Users/davispecia/Documents/GitHub/Pf_pipeline_dados/Projeto_final_fase3/venv/lib/python3.9/site-packages/airflow/example_dags/example_trigger_target_dag.py
[2025-11-27T12:24:47.329-0300] {processor.py:840} INFO - DAG(s) 'example_trigger_target_dag' retrieved from /Users/davispecia/Documents/GitHub/Pf_pipeline_dados/Projeto_final_fase3/venv/lib/python3.9/site-packages/airflow/example_dags/example_trigger_target_dag.py
[2025-11-27T12:24:47.398-0300] {logging_mixin.py:188} INFO - [2025-11-27T12:24:47.397-0300] {dag.py:3089} INFO - Sync 1 DAGs
[2025-11-27T12:24:47.403-0300] {logging_mixin.py:188} INFO - [2025-11-27T12:24:47.403-0300] {dag.py:3947} INFO - Setting next_dagrun for example_trigger_target_dag to None, run_after=None
[2025-11-27T12:24:47.413-0300] {processor.py:183} INFO - Processing /Users/davispecia/Documents/GitHub/Pf_pipeline_dados/Projeto_final_fase3/venv/lib/python3.9/site-packages/airflow/example_dags/example_trigger_target_dag.py took 0.104 seconds
[2025-11-27T12:25:50.649-0300] {processor.py:161} INFO - Started process (PID=2116) to work on /Users/davispecia/Documents/GitHub/Pf_pipeline_dados/Projeto_final_fase3/venv/lib/python3.9/site-packages/airflow/example_dags/example_trigger_target_dag.py
[2025-11-27T12:25:50.650-0300] {processor.py:830} INFO - Processing file /Users/davispecia/Documents/GitHub/Pf_pipeline_dados/Projeto_final_fase3/venv/lib/python3.9/site-packages/airflow/example_dags/example_trigger_target_dag.py for tasks to queue
[2025-11-27T12:25:50.651-0300] {logging_mixin.py:188} INFO - [2025-11-27T12:25:50.650-0300] {dagbag.py:545} INFO - Filling up the DagBag from /Users/davispecia/Documents/GitHub/Pf_pipeline_dados/Projeto_final_fase3/venv/lib/python3.9/site-packages/airflow/example_dags/example_trigger_target_dag.py
[2025-11-27T12:25:50.667-0300] {processor.py:840} INFO - DAG(s) 'example_trigger_target_dag' retrieved from /Users/davispecia/Documents/GitHub/Pf_pipeline_dados/Projeto_final_fase3/venv/lib/python3.9/site-packages/airflow/example_dags/example_trigger_target_dag.py
[2025-11-27T12:25:50.735-0300] {logging_mixin.py:188} INFO - [2025-11-27T12:25:50.735-0300] {dag.py:3089} INFO - Sync 1 DAGs
[2025-11-27T12:25:50.740-0300] {logging_mixin.py:188} INFO - [2025-11-27T12:25:50.740-0300] {dag.py:3947} INFO - Setting next_dagrun for example_trigger_target_dag to None, run_after=None
[2025-11-27T12:25:50.748-0300] {processor.py:183} INFO - Processing /Users/davispecia/Documents/GitHub/Pf_pipeline_dados/Projeto_final_fase3/venv/lib/python3.9/site-packages/airflow/example_dags/example_trigger_target_dag.py took 0.101 seconds
[2025-11-27T12:26:59.597-0300] {processor.py:161} INFO - Started process (PID=2342) to work on /Users/davispecia/Documents/GitHub/Pf_pipeline_dados/Projeto_final_fase3/venv/lib/python3.9/site-packages/airflow/example_dags/example_trigger_target_dag.py
[2025-11-27T12:26:59.598-0300] {processor.py:830} INFO - Processing file /Users/davispecia/Documents/GitHub/Pf_pipeline_dados/Projeto_final_fase3/venv/lib/python3.9/site-packages/airflow/example_dags/example_trigger_target_dag.py for tasks to queue
[2025-11-27T12:26:59.599-0300] {logging_mixin.py:188} INFO - [2025-11-27T12:26:59.598-0300] {dagbag.py:545} INFO - Filling up the DagBag from /Users/davispecia/Documents/GitHub/Pf_pipeline_dados/Projeto_final_fase3/venv/lib/python3.9/site-packages/airflow/example_dags/example_trigger_target_dag.py
[2025-11-27T12:26:59.615-0300] {processor.py:840} INFO - DAG(s) 'example_trigger_target_dag' retrieved from /Users/davispecia/Documents/GitHub/Pf_pipeline_dados/Projeto_final_fase3/venv/lib/python3.9/site-packages/airflow/example_dags/example_trigger_target_dag.py
[2025-11-27T12:26:59.684-0300] {logging_mixin.py:188} INFO - [2025-11-27T12:26:59.683-0300] {dag.py:3089} INFO - Sync 1 DAGs
[2025-11-27T12:26:59.689-0300] {logging_mixin.py:188} INFO - [2025-11-27T12:26:59.689-0300] {dag.py:3947} INFO - Setting next_dagrun for example_trigger_target_dag to None, run_after=None
[2025-11-27T12:26:59.697-0300] {processor.py:183} INFO - Processing /Users/davispecia/Documents/GitHub/Pf_pipeline_dados/Projeto_final_fase3/venv/lib/python3.9/site-packages/airflow/example_dags/example_trigger_target_dag.py took 0.102 seconds
[2025-11-27T12:28:05.478-0300] {processor.py:161} INFO - Started process (PID=2514) to work on /Users/davispecia/Documents/GitHub/Pf_pipeline_dados/Projeto_final_fase3/venv/lib/python3.9/site-packages/airflow/example_dags/example_trigger_target_dag.py
[2025-11-27T12:28:05.478-0300] {processor.py:830} INFO - Processing file /Users/davispecia/Documents/GitHub/Pf_pipeline_dados/Projeto_final_fase3/venv/lib/python3.9/site-packages/airflow/example_dags/example_trigger_target_dag.py for tasks to queue
[2025-11-27T12:28:05.479-0300] {logging_mixin.py:188} INFO - [2025-11-27T12:28:05.479-0300] {dagbag.py:545} INFO - Filling up the DagBag from /Users/davispecia/Documents/GitHub/Pf_pipeline_dados/Projeto_final_fase3/venv/lib/python3.9/site-packages/airflow/example_dags/example_trigger_target_dag.py
[2025-11-27T12:28:05.496-0300] {processor.py:840} INFO - DAG(s) 'example_trigger_target_dag' retrieved from /Users/davispecia/Documents/GitHub/Pf_pipeline_dados/Projeto_final_fase3/venv/lib/python3.9/site-packages/airflow/example_dags/example_trigger_target_dag.py
[2025-11-27T12:28:05.566-0300] {logging_mixin.py:188} INFO - [2025-11-27T12:28:05.566-0300] {dag.py:3089} INFO - Sync 1 DAGs
[2025-11-27T12:28:05.571-0300] {logging_mixin.py:188} INFO - [2025-11-27T12:28:05.571-0300] {dag.py:3947} INFO - Setting next_dagrun for example_trigger_target_dag to None, run_after=None
[2025-11-27T12:28:05.580-0300] {processor.py:183} INFO - Processing /Users/davispecia/Documents/GitHub/Pf_pipeline_dados/Projeto_final_fase3/venv/lib/python3.9/site-packages/airflow/example_dags/example_trigger_target_dag.py took 0.104 seconds
[2025-11-27T13:59:39.400-0300] {processor.py:161} INFO - Started process (PID=2822) to work on /Users/davispecia/Documents/GitHub/Pf_pipeline_dados/Projeto_final_fase3/venv/lib/python3.9/site-packages/airflow/example_dags/example_trigger_target_dag.py
[2025-11-27T13:59:39.401-0300] {processor.py:830} INFO - Processing file /Users/davispecia/Documents/GitHub/Pf_pipeline_dados/Projeto_final_fase3/venv/lib/python3.9/site-packages/airflow/example_dags/example_trigger_target_dag.py for tasks to queue
[2025-11-27T13:59:39.401-0300] {logging_mixin.py:188} INFO - [2025-11-27T13:59:39.401-0300] {dagbag.py:545} INFO - Filling up the DagBag from /Users/davispecia/Documents/GitHub/Pf_pipeline_dados/Projeto_final_fase3/venv/lib/python3.9/site-packages/airflow/example_dags/example_trigger_target_dag.py
[2025-11-27T13:59:39.418-0300] {processor.py:840} INFO - DAG(s) 'example_trigger_target_dag' retrieved from /Users/davispecia/Documents/GitHub/Pf_pipeline_dados/Projeto_final_fase3/venv/lib/python3.9/site-packages/airflow/example_dags/example_trigger_target_dag.py
[2025-11-27T13:59:39.484-0300] {logging_mixin.py:188} INFO - [2025-11-27T13:59:39.484-0300] {dag.py:3089} INFO - Sync 1 DAGs
[2025-11-27T13:59:39.490-0300] {logging_mixin.py:188} INFO - [2025-11-27T13:59:39.489-0300] {dag.py:3947} INFO - Setting next_dagrun for example_trigger_target_dag to None, run_after=None
[2025-11-27T13:59:39.498-0300] {processor.py:183} INFO - Processing /Users/davispecia/Documents/GitHub/Pf_pipeline_dados/Projeto_final_fase3/venv/lib/python3.9/site-packages/airflow/example_dags/example_trigger_target_dag.py took 0.100 seconds
[2025-11-27T14:08:07.975-0300] {processor.py:161} INFO - Started process (PID=3255) to work on /Users/davispecia/Documents/GitHub/Pf_pipeline_dados/Projeto_final_fase3/venv/lib/python3.9/site-packages/airflow/example_dags/example_trigger_target_dag.py
[2025-11-27T14:08:07.976-0300] {processor.py:830} INFO - Processing file /Users/davispecia/Documents/GitHub/Pf_pipeline_dados/Projeto_final_fase3/venv/lib/python3.9/site-packages/airflow/example_dags/example_trigger_target_dag.py for tasks to queue
[2025-11-27T14:08:07.977-0300] {logging_mixin.py:188} INFO - [2025-11-27T14:08:07.977-0300] {dagbag.py:545} INFO - Filling up the DagBag from /Users/davispecia/Documents/GitHub/Pf_pipeline_dados/Projeto_final_fase3/venv/lib/python3.9/site-packages/airflow/example_dags/example_trigger_target_dag.py
[2025-11-27T14:08:07.995-0300] {processor.py:840} INFO - DAG(s) 'example_trigger_target_dag' retrieved from /Users/davispecia/Documents/GitHub/Pf_pipeline_dados/Projeto_final_fase3/venv/lib/python3.9/site-packages/airflow/example_dags/example_trigger_target_dag.py
[2025-11-27T14:08:08.066-0300] {logging_mixin.py:188} INFO - [2025-11-27T14:08:08.066-0300] {dag.py:3089} INFO - Sync 1 DAGs
[2025-11-27T14:08:08.072-0300] {logging_mixin.py:188} INFO - [2025-11-27T14:08:08.072-0300] {dag.py:3947} INFO - Setting next_dagrun for example_trigger_target_dag to None, run_after=None
[2025-11-27T14:08:08.081-0300] {processor.py:183} INFO - Processing /Users/davispecia/Documents/GitHub/Pf_pipeline_dados/Projeto_final_fase3/venv/lib/python3.9/site-packages/airflow/example_dags/example_trigger_target_dag.py took 0.107 seconds
[2025-11-27T14:09:42.244-0300] {processor.py:161} INFO - Started process (PID=3546) to work on /Users/davispecia/Documents/GitHub/Pf_pipeline_dados/Projeto_final_fase3/venv/lib/python3.9/site-packages/airflow/example_dags/example_trigger_target_dag.py
[2025-11-27T14:09:42.245-0300] {processor.py:830} INFO - Processing file /Users/davispecia/Documents/GitHub/Pf_pipeline_dados/Projeto_final_fase3/venv/lib/python3.9/site-packages/airflow/example_dags/example_trigger_target_dag.py for tasks to queue
[2025-11-27T14:09:42.245-0300] {logging_mixin.py:188} INFO - [2025-11-27T14:09:42.245-0300] {dagbag.py:545} INFO - Filling up the DagBag from /Users/davispecia/Documents/GitHub/Pf_pipeline_dados/Projeto_final_fase3/venv/lib/python3.9/site-packages/airflow/example_dags/example_trigger_target_dag.py
[2025-11-27T14:09:42.263-0300] {processor.py:840} INFO - DAG(s) 'example_trigger_target_dag' retrieved from /Users/davispecia/Documents/GitHub/Pf_pipeline_dados/Projeto_final_fase3/venv/lib/python3.9/site-packages/airflow/example_dags/example_trigger_target_dag.py
[2025-11-27T14:09:42.333-0300] {logging_mixin.py:188} INFO - [2025-11-27T14:09:42.333-0300] {dag.py:3089} INFO - Sync 1 DAGs
[2025-11-27T14:09:42.338-0300] {logging_mixin.py:188} INFO - [2025-11-27T14:09:42.338-0300] {dag.py:3947} INFO - Setting next_dagrun for example_trigger_target_dag to None, run_after=None
[2025-11-27T14:09:42.347-0300] {processor.py:183} INFO - Processing /Users/davispecia/Documents/GitHub/Pf_pipeline_dados/Projeto_final_fase3/venv/lib/python3.9/site-packages/airflow/example_dags/example_trigger_target_dag.py took 0.105 seconds
[2025-11-27T14:10:45.644-0300] {processor.py:161} INFO - Started process (PID=3696) to work on /Users/davispecia/Documents/GitHub/Pf_pipeline_dados/Projeto_final_fase3/venv/lib/python3.9/site-packages/airflow/example_dags/example_trigger_target_dag.py
[2025-11-27T14:10:45.645-0300] {processor.py:830} INFO - Processing file /Users/davispecia/Documents/GitHub/Pf_pipeline_dados/Projeto_final_fase3/venv/lib/python3.9/site-packages/airflow/example_dags/example_trigger_target_dag.py for tasks to queue
[2025-11-27T14:10:45.645-0300] {logging_mixin.py:188} INFO - [2025-11-27T14:10:45.645-0300] {dagbag.py:545} INFO - Filling up the DagBag from /Users/davispecia/Documents/GitHub/Pf_pipeline_dados/Projeto_final_fase3/venv/lib/python3.9/site-packages/airflow/example_dags/example_trigger_target_dag.py
[2025-11-27T14:10:45.662-0300] {processor.py:840} INFO - DAG(s) 'example_trigger_target_dag' retrieved from /Users/davispecia/Documents/GitHub/Pf_pipeline_dados/Projeto_final_fase3/venv/lib/python3.9/site-packages/airflow/example_dags/example_trigger_target_dag.py
[2025-11-27T14:10:45.731-0300] {logging_mixin.py:188} INFO - [2025-11-27T14:10:45.731-0300] {dag.py:3089} INFO - Sync 1 DAGs
[2025-11-27T14:10:45.737-0300] {logging_mixin.py:188} INFO - [2025-11-27T14:10:45.737-0300] {dag.py:3947} INFO - Setting next_dagrun for example_trigger_target_dag to None, run_after=None
[2025-11-27T14:10:45.745-0300] {processor.py:183} INFO - Processing /Users/davispecia/Documents/GitHub/Pf_pipeline_dados/Projeto_final_fase3/venv/lib/python3.9/site-packages/airflow/example_dags/example_trigger_target_dag.py took 0.104 seconds
[2025-11-27T14:11:46.552-0300] {processor.py:161} INFO - Started process (PID=3839) to work on /Users/davispecia/Documents/GitHub/Pf_pipeline_dados/Projeto_final_fase3/venv/lib/python3.9/site-packages/airflow/example_dags/example_trigger_target_dag.py
[2025-11-27T14:11:46.553-0300] {processor.py:830} INFO - Processing file /Users/davispecia/Documents/GitHub/Pf_pipeline_dados/Projeto_final_fase3/venv/lib/python3.9/site-packages/airflow/example_dags/example_trigger_target_dag.py for tasks to queue
[2025-11-27T14:11:46.554-0300] {logging_mixin.py:188} INFO - [2025-11-27T14:11:46.554-0300] {dagbag.py:545} INFO - Filling up the DagBag from /Users/davispecia/Documents/GitHub/Pf_pipeline_dados/Projeto_final_fase3/venv/lib/python3.9/site-packages/airflow/example_dags/example_trigger_target_dag.py
[2025-11-27T14:11:46.571-0300] {processor.py:840} INFO - DAG(s) 'example_trigger_target_dag' retrieved from /Users/davispecia/Documents/GitHub/Pf_pipeline_dados/Projeto_final_fase3/venv/lib/python3.9/site-packages/airflow/example_dags/example_trigger_target_dag.py
[2025-11-27T14:11:46.640-0300] {logging_mixin.py:188} INFO - [2025-11-27T14:11:46.640-0300] {dag.py:3089} INFO - Sync 1 DAGs
[2025-11-27T14:11:46.645-0300] {logging_mixin.py:188} INFO - [2025-11-27T14:11:46.645-0300] {dag.py:3947} INFO - Setting next_dagrun for example_trigger_target_dag to None, run_after=None
[2025-11-27T14:11:46.655-0300] {processor.py:183} INFO - Processing /Users/davispecia/Documents/GitHub/Pf_pipeline_dados/Projeto_final_fase3/venv/lib/python3.9/site-packages/airflow/example_dags/example_trigger_target_dag.py took 0.105 seconds
[2025-11-27T14:12:46.975-0300] {processor.py:161} INFO - Started process (PID=3992) to work on /Users/davispecia/Documents/GitHub/Pf_pipeline_dados/Projeto_final_fase3/venv/lib/python3.9/site-packages/airflow/example_dags/example_trigger_target_dag.py
[2025-11-27T14:12:46.977-0300] {processor.py:830} INFO - Processing file /Users/davispecia/Documents/GitHub/Pf_pipeline_dados/Projeto_final_fase3/venv/lib/python3.9/site-packages/airflow/example_dags/example_trigger_target_dag.py for tasks to queue
[2025-11-27T14:12:46.977-0300] {logging_mixin.py:188} INFO - [2025-11-27T14:12:46.977-0300] {dagbag.py:545} INFO - Filling up the DagBag from /Users/davispecia/Documents/GitHub/Pf_pipeline_dados/Projeto_final_fase3/venv/lib/python3.9/site-packages/airflow/example_dags/example_trigger_target_dag.py
[2025-11-27T14:12:46.995-0300] {processor.py:840} INFO - DAG(s) 'example_trigger_target_dag' retrieved from /Users/davispecia/Documents/GitHub/Pf_pipeline_dados/Projeto_final_fase3/venv/lib/python3.9/site-packages/airflow/example_dags/example_trigger_target_dag.py
[2025-11-27T14:12:47.065-0300] {logging_mixin.py:188} INFO - [2025-11-27T14:12:47.065-0300] {dag.py:3089} INFO - Sync 1 DAGs
[2025-11-27T14:12:47.070-0300] {logging_mixin.py:188} INFO - [2025-11-27T14:12:47.070-0300] {dag.py:3947} INFO - Setting next_dagrun for example_trigger_target_dag to None, run_after=None
[2025-11-27T14:12:47.079-0300] {processor.py:183} INFO - Processing /Users/davispecia/Documents/GitHub/Pf_pipeline_dados/Projeto_final_fase3/venv/lib/python3.9/site-packages/airflow/example_dags/example_trigger_target_dag.py took 0.106 seconds
[2025-11-27T14:13:51.287-0300] {processor.py:161} INFO - Started process (PID=4171) to work on /Users/davispecia/Documents/GitHub/Pf_pipeline_dados/Projeto_final_fase3/venv/lib/python3.9/site-packages/airflow/example_dags/example_trigger_target_dag.py
[2025-11-27T14:13:51.289-0300] {processor.py:830} INFO - Processing file /Users/davispecia/Documents/GitHub/Pf_pipeline_dados/Projeto_final_fase3/venv/lib/python3.9/site-packages/airflow/example_dags/example_trigger_target_dag.py for tasks to queue
[2025-11-27T14:13:51.313-0300] {logging_mixin.py:188} INFO - [2025-11-27T14:13:51.311-0300] {dagbag.py:545} INFO - Filling up the DagBag from /Users/davispecia/Documents/GitHub/Pf_pipeline_dados/Projeto_final_fase3/venv/lib/python3.9/site-packages/airflow/example_dags/example_trigger_target_dag.py
[2025-11-27T14:13:51.396-0300] {processor.py:840} INFO - DAG(s) 'example_trigger_target_dag' retrieved from /Users/davispecia/Documents/GitHub/Pf_pipeline_dados/Projeto_final_fase3/venv/lib/python3.9/site-packages/airflow/example_dags/example_trigger_target_dag.py
[2025-11-27T14:13:51.512-0300] {logging_mixin.py:188} INFO - [2025-11-27T14:13:51.511-0300] {dag.py:3089} INFO - Sync 1 DAGs
[2025-11-27T14:13:51.518-0300] {logging_mixin.py:188} INFO - [2025-11-27T14:13:51.517-0300] {dag.py:3947} INFO - Setting next_dagrun for example_trigger_target_dag to None, run_after=None
[2025-11-27T14:13:51.528-0300] {processor.py:183} INFO - Processing /Users/davispecia/Documents/GitHub/Pf_pipeline_dados/Projeto_final_fase3/venv/lib/python3.9/site-packages/airflow/example_dags/example_trigger_target_dag.py took 0.244 seconds
[2025-11-27T14:15:09.409-0300] {processor.py:161} INFO - Started process (PID=4417) to work on /Users/davispecia/Documents/GitHub/Pf_pipeline_dados/Projeto_final_fase3/venv/lib/python3.9/site-packages/airflow/example_dags/example_trigger_target_dag.py
[2025-11-27T14:15:09.410-0300] {processor.py:830} INFO - Processing file /Users/davispecia/Documents/GitHub/Pf_pipeline_dados/Projeto_final_fase3/venv/lib/python3.9/site-packages/airflow/example_dags/example_trigger_target_dag.py for tasks to queue
[2025-11-27T14:15:09.410-0300] {logging_mixin.py:188} INFO - [2025-11-27T14:15:09.410-0300] {dagbag.py:545} INFO - Filling up the DagBag from /Users/davispecia/Documents/GitHub/Pf_pipeline_dados/Projeto_final_fase3/venv/lib/python3.9/site-packages/airflow/example_dags/example_trigger_target_dag.py
[2025-11-27T14:15:09.429-0300] {processor.py:840} INFO - DAG(s) 'example_trigger_target_dag' retrieved from /Users/davispecia/Documents/GitHub/Pf_pipeline_dados/Projeto_final_fase3/venv/lib/python3.9/site-packages/airflow/example_dags/example_trigger_target_dag.py
[2025-11-27T14:15:09.500-0300] {logging_mixin.py:188} INFO - [2025-11-27T14:15:09.499-0300] {dag.py:3089} INFO - Sync 1 DAGs
[2025-11-27T14:15:09.505-0300] {logging_mixin.py:188} INFO - [2025-11-27T14:15:09.505-0300] {dag.py:3947} INFO - Setting next_dagrun for example_trigger_target_dag to None, run_after=None
[2025-11-27T14:15:09.514-0300] {processor.py:183} INFO - Processing /Users/davispecia/Documents/GitHub/Pf_pipeline_dados/Projeto_final_fase3/venv/lib/python3.9/site-packages/airflow/example_dags/example_trigger_target_dag.py took 0.108 seconds
[2025-11-27T14:16:16.434-0300] {processor.py:161} INFO - Started process (PID=4580) to work on /Users/davispecia/Documents/GitHub/Pf_pipeline_dados/Projeto_final_fase3/venv/lib/python3.9/site-packages/airflow/example_dags/example_trigger_target_dag.py
[2025-11-27T14:16:16.435-0300] {processor.py:830} INFO - Processing file /Users/davispecia/Documents/GitHub/Pf_pipeline_dados/Projeto_final_fase3/venv/lib/python3.9/site-packages/airflow/example_dags/example_trigger_target_dag.py for tasks to queue
[2025-11-27T14:16:16.435-0300] {logging_mixin.py:188} INFO - [2025-11-27T14:16:16.435-0300] {dagbag.py:545} INFO - Filling up the DagBag from /Users/davispecia/Documents/GitHub/Pf_pipeline_dados/Projeto_final_fase3/venv/lib/python3.9/site-packages/airflow/example_dags/example_trigger_target_dag.py
[2025-11-27T14:16:16.453-0300] {processor.py:840} INFO - DAG(s) 'example_trigger_target_dag' retrieved from /Users/davispecia/Documents/GitHub/Pf_pipeline_dados/Projeto_final_fase3/venv/lib/python3.9/site-packages/airflow/example_dags/example_trigger_target_dag.py
[2025-11-27T14:16:16.525-0300] {logging_mixin.py:188} INFO - [2025-11-27T14:16:16.525-0300] {dag.py:3089} INFO - Sync 1 DAGs
[2025-11-27T14:16:16.530-0300] {logging_mixin.py:188} INFO - [2025-11-27T14:16:16.530-0300] {dag.py:3947} INFO - Setting next_dagrun for example_trigger_target_dag to None, run_after=None
[2025-11-27T14:16:16.539-0300] {processor.py:183} INFO - Processing /Users/davispecia/Documents/GitHub/Pf_pipeline_dados/Projeto_final_fase3/venv/lib/python3.9/site-packages/airflow/example_dags/example_trigger_target_dag.py took 0.107 seconds
[2025-11-27T14:17:20.650-0300] {processor.py:161} INFO - Started process (PID=4734) to work on /Users/davispecia/Documents/GitHub/Pf_pipeline_dados/Projeto_final_fase3/venv/lib/python3.9/site-packages/airflow/example_dags/example_trigger_target_dag.py
[2025-11-27T14:17:20.651-0300] {processor.py:830} INFO - Processing file /Users/davispecia/Documents/GitHub/Pf_pipeline_dados/Projeto_final_fase3/venv/lib/python3.9/site-packages/airflow/example_dags/example_trigger_target_dag.py for tasks to queue
[2025-11-27T14:17:20.651-0300] {logging_mixin.py:188} INFO - [2025-11-27T14:17:20.651-0300] {dagbag.py:545} INFO - Filling up the DagBag from /Users/davispecia/Documents/GitHub/Pf_pipeline_dados/Projeto_final_fase3/venv/lib/python3.9/site-packages/airflow/example_dags/example_trigger_target_dag.py
[2025-11-27T14:17:20.668-0300] {processor.py:840} INFO - DAG(s) 'example_trigger_target_dag' retrieved from /Users/davispecia/Documents/GitHub/Pf_pipeline_dados/Projeto_final_fase3/venv/lib/python3.9/site-packages/airflow/example_dags/example_trigger_target_dag.py
[2025-11-27T14:17:20.736-0300] {logging_mixin.py:188} INFO - [2025-11-27T14:17:20.736-0300] {dag.py:3089} INFO - Sync 1 DAGs
[2025-11-27T14:17:20.741-0300] {logging_mixin.py:188} INFO - [2025-11-27T14:17:20.741-0300] {dag.py:3947} INFO - Setting next_dagrun for example_trigger_target_dag to None, run_after=None
[2025-11-27T14:17:20.750-0300] {processor.py:183} INFO - Processing /Users/davispecia/Documents/GitHub/Pf_pipeline_dados/Projeto_final_fase3/venv/lib/python3.9/site-packages/airflow/example_dags/example_trigger_target_dag.py took 0.102 seconds
[2025-11-27T14:18:33.022-0300] {processor.py:161} INFO - Started process (PID=4906) to work on /Users/davispecia/Documents/GitHub/Pf_pipeline_dados/Projeto_final_fase3/venv/lib/python3.9/site-packages/airflow/example_dags/example_trigger_target_dag.py
[2025-11-27T14:18:33.023-0300] {processor.py:830} INFO - Processing file /Users/davispecia/Documents/GitHub/Pf_pipeline_dados/Projeto_final_fase3/venv/lib/python3.9/site-packages/airflow/example_dags/example_trigger_target_dag.py for tasks to queue
[2025-11-27T14:18:33.023-0300] {logging_mixin.py:188} INFO - [2025-11-27T14:18:33.023-0300] {dagbag.py:545} INFO - Filling up the DagBag from /Users/davispecia/Documents/GitHub/Pf_pipeline_dados/Projeto_final_fase3/venv/lib/python3.9/site-packages/airflow/example_dags/example_trigger_target_dag.py
[2025-11-27T14:18:33.041-0300] {processor.py:840} INFO - DAG(s) 'example_trigger_target_dag' retrieved from /Users/davispecia/Documents/GitHub/Pf_pipeline_dados/Projeto_final_fase3/venv/lib/python3.9/site-packages/airflow/example_dags/example_trigger_target_dag.py
[2025-11-27T14:18:33.122-0300] {logging_mixin.py:188} INFO - [2025-11-27T14:18:33.121-0300] {dag.py:3089} INFO - Sync 1 DAGs
[2025-11-27T14:18:33.127-0300] {logging_mixin.py:188} INFO - [2025-11-27T14:18:33.127-0300] {dag.py:3947} INFO - Setting next_dagrun for example_trigger_target_dag to None, run_after=None
[2025-11-27T14:18:33.136-0300] {processor.py:183} INFO - Processing /Users/davispecia/Documents/GitHub/Pf_pipeline_dados/Projeto_final_fase3/venv/lib/python3.9/site-packages/airflow/example_dags/example_trigger_target_dag.py took 0.116 seconds
[2025-11-27T14:19:42.367-0300] {processor.py:161} INFO - Started process (PID=5070) to work on /Users/davispecia/Documents/GitHub/Pf_pipeline_dados/Projeto_final_fase3/venv/lib/python3.9/site-packages/airflow/example_dags/example_trigger_target_dag.py
[2025-11-27T14:19:42.368-0300] {processor.py:830} INFO - Processing file /Users/davispecia/Documents/GitHub/Pf_pipeline_dados/Projeto_final_fase3/venv/lib/python3.9/site-packages/airflow/example_dags/example_trigger_target_dag.py for tasks to queue
[2025-11-27T14:19:42.368-0300] {logging_mixin.py:188} INFO - [2025-11-27T14:19:42.368-0300] {dagbag.py:545} INFO - Filling up the DagBag from /Users/davispecia/Documents/GitHub/Pf_pipeline_dados/Projeto_final_fase3/venv/lib/python3.9/site-packages/airflow/example_dags/example_trigger_target_dag.py
[2025-11-27T14:19:42.386-0300] {processor.py:840} INFO - DAG(s) 'example_trigger_target_dag' retrieved from /Users/davispecia/Documents/GitHub/Pf_pipeline_dados/Projeto_final_fase3/venv/lib/python3.9/site-packages/airflow/example_dags/example_trigger_target_dag.py
[2025-11-27T14:19:42.458-0300] {logging_mixin.py:188} INFO - [2025-11-27T14:19:42.458-0300] {dag.py:3089} INFO - Sync 1 DAGs
[2025-11-27T14:19:42.463-0300] {logging_mixin.py:188} INFO - [2025-11-27T14:19:42.463-0300] {dag.py:3947} INFO - Setting next_dagrun for example_trigger_target_dag to None, run_after=None
[2025-11-27T14:19:42.474-0300] {processor.py:183} INFO - Processing /Users/davispecia/Documents/GitHub/Pf_pipeline_dados/Projeto_final_fase3/venv/lib/python3.9/site-packages/airflow/example_dags/example_trigger_target_dag.py took 0.109 seconds
[2025-11-27T14:20:57.330-0300] {processor.py:161} INFO - Started process (PID=5310) to work on /Users/davispecia/Documents/GitHub/Pf_pipeline_dados/Projeto_final_fase3/venv/lib/python3.9/site-packages/airflow/example_dags/example_trigger_target_dag.py
[2025-11-27T14:20:57.331-0300] {processor.py:830} INFO - Processing file /Users/davispecia/Documents/GitHub/Pf_pipeline_dados/Projeto_final_fase3/venv/lib/python3.9/site-packages/airflow/example_dags/example_trigger_target_dag.py for tasks to queue
[2025-11-27T14:20:57.332-0300] {logging_mixin.py:188} INFO - [2025-11-27T14:20:57.331-0300] {dagbag.py:545} INFO - Filling up the DagBag from /Users/davispecia/Documents/GitHub/Pf_pipeline_dados/Projeto_final_fase3/venv/lib/python3.9/site-packages/airflow/example_dags/example_trigger_target_dag.py
[2025-11-27T14:20:57.349-0300] {processor.py:840} INFO - DAG(s) 'example_trigger_target_dag' retrieved from /Users/davispecia/Documents/GitHub/Pf_pipeline_dados/Projeto_final_fase3/venv/lib/python3.9/site-packages/airflow/example_dags/example_trigger_target_dag.py
[2025-11-27T14:20:57.418-0300] {logging_mixin.py:188} INFO - [2025-11-27T14:20:57.418-0300] {dag.py:3089} INFO - Sync 1 DAGs
[2025-11-27T14:20:57.423-0300] {logging_mixin.py:188} INFO - [2025-11-27T14:20:57.423-0300] {dag.py:3947} INFO - Setting next_dagrun for example_trigger_target_dag to None, run_after=None
[2025-11-27T14:20:57.432-0300] {processor.py:183} INFO - Processing /Users/davispecia/Documents/GitHub/Pf_pipeline_dados/Projeto_final_fase3/venv/lib/python3.9/site-packages/airflow/example_dags/example_trigger_target_dag.py took 0.104 seconds
[2025-11-27T14:22:02.496-0300] {processor.py:161} INFO - Started process (PID=5459) to work on /Users/davispecia/Documents/GitHub/Pf_pipeline_dados/Projeto_final_fase3/venv/lib/python3.9/site-packages/airflow/example_dags/example_trigger_target_dag.py
[2025-11-27T14:22:02.497-0300] {processor.py:830} INFO - Processing file /Users/davispecia/Documents/GitHub/Pf_pipeline_dados/Projeto_final_fase3/venv/lib/python3.9/site-packages/airflow/example_dags/example_trigger_target_dag.py for tasks to queue
[2025-11-27T14:22:02.497-0300] {logging_mixin.py:188} INFO - [2025-11-27T14:22:02.497-0300] {dagbag.py:545} INFO - Filling up the DagBag from /Users/davispecia/Documents/GitHub/Pf_pipeline_dados/Projeto_final_fase3/venv/lib/python3.9/site-packages/airflow/example_dags/example_trigger_target_dag.py
[2025-11-27T14:22:02.515-0300] {processor.py:840} INFO - DAG(s) 'example_trigger_target_dag' retrieved from /Users/davispecia/Documents/GitHub/Pf_pipeline_dados/Projeto_final_fase3/venv/lib/python3.9/site-packages/airflow/example_dags/example_trigger_target_dag.py
[2025-11-27T14:22:02.590-0300] {logging_mixin.py:188} INFO - [2025-11-27T14:22:02.590-0300] {dag.py:3089} INFO - Sync 1 DAGs
[2025-11-27T14:22:02.595-0300] {logging_mixin.py:188} INFO - [2025-11-27T14:22:02.595-0300] {dag.py:3947} INFO - Setting next_dagrun for example_trigger_target_dag to None, run_after=None
[2025-11-27T14:22:02.605-0300] {processor.py:183} INFO - Processing /Users/davispecia/Documents/GitHub/Pf_pipeline_dados/Projeto_final_fase3/venv/lib/python3.9/site-packages/airflow/example_dags/example_trigger_target_dag.py took 0.111 seconds
[2025-11-27T14:23:08.119-0300] {processor.py:161} INFO - Started process (PID=5610) to work on /Users/davispecia/Documents/GitHub/Pf_pipeline_dados/Projeto_final_fase3/venv/lib/python3.9/site-packages/airflow/example_dags/example_trigger_target_dag.py
[2025-11-27T14:23:08.120-0300] {processor.py:830} INFO - Processing file /Users/davispecia/Documents/GitHub/Pf_pipeline_dados/Projeto_final_fase3/venv/lib/python3.9/site-packages/airflow/example_dags/example_trigger_target_dag.py for tasks to queue
[2025-11-27T14:23:08.120-0300] {logging_mixin.py:188} INFO - [2025-11-27T14:23:08.120-0300] {dagbag.py:545} INFO - Filling up the DagBag from /Users/davispecia/Documents/GitHub/Pf_pipeline_dados/Projeto_final_fase3/venv/lib/python3.9/site-packages/airflow/example_dags/example_trigger_target_dag.py
[2025-11-27T14:23:08.138-0300] {processor.py:840} INFO - DAG(s) 'example_trigger_target_dag' retrieved from /Users/davispecia/Documents/GitHub/Pf_pipeline_dados/Projeto_final_fase3/venv/lib/python3.9/site-packages/airflow/example_dags/example_trigger_target_dag.py
[2025-11-27T14:23:08.210-0300] {logging_mixin.py:188} INFO - [2025-11-27T14:23:08.210-0300] {dag.py:3089} INFO - Sync 1 DAGs
[2025-11-27T14:23:08.216-0300] {logging_mixin.py:188} INFO - [2025-11-27T14:23:08.216-0300] {dag.py:3947} INFO - Setting next_dagrun for example_trigger_target_dag to None, run_after=None
[2025-11-27T14:23:08.225-0300] {processor.py:183} INFO - Processing /Users/davispecia/Documents/GitHub/Pf_pipeline_dados/Projeto_final_fase3/venv/lib/python3.9/site-packages/airflow/example_dags/example_trigger_target_dag.py took 0.108 seconds
[2025-11-27T14:24:15.675-0300] {processor.py:161} INFO - Started process (PID=5771) to work on /Users/davispecia/Documents/GitHub/Pf_pipeline_dados/Projeto_final_fase3/venv/lib/python3.9/site-packages/airflow/example_dags/example_trigger_target_dag.py
[2025-11-27T14:24:15.677-0300] {processor.py:830} INFO - Processing file /Users/davispecia/Documents/GitHub/Pf_pipeline_dados/Projeto_final_fase3/venv/lib/python3.9/site-packages/airflow/example_dags/example_trigger_target_dag.py for tasks to queue
[2025-11-27T14:24:15.677-0300] {logging_mixin.py:188} INFO - [2025-11-27T14:24:15.677-0300] {dagbag.py:545} INFO - Filling up the DagBag from /Users/davispecia/Documents/GitHub/Pf_pipeline_dados/Projeto_final_fase3/venv/lib/python3.9/site-packages/airflow/example_dags/example_trigger_target_dag.py
[2025-11-27T14:24:15.695-0300] {processor.py:840} INFO - DAG(s) 'example_trigger_target_dag' retrieved from /Users/davispecia/Documents/GitHub/Pf_pipeline_dados/Projeto_final_fase3/venv/lib/python3.9/site-packages/airflow/example_dags/example_trigger_target_dag.py
[2025-11-27T14:24:15.775-0300] {logging_mixin.py:188} INFO - [2025-11-27T14:24:15.775-0300] {dag.py:3089} INFO - Sync 1 DAGs
[2025-11-27T14:24:15.781-0300] {logging_mixin.py:188} INFO - [2025-11-27T14:24:15.781-0300] {dag.py:3947} INFO - Setting next_dagrun for example_trigger_target_dag to None, run_after=None
[2025-11-27T14:24:15.793-0300] {processor.py:183} INFO - Processing /Users/davispecia/Documents/GitHub/Pf_pipeline_dados/Projeto_final_fase3/venv/lib/python3.9/site-packages/airflow/example_dags/example_trigger_target_dag.py took 0.120 seconds
[2025-11-27T14:25:26.688-0300] {processor.py:161} INFO - Started process (PID=5935) to work on /Users/davispecia/Documents/GitHub/Pf_pipeline_dados/Projeto_final_fase3/venv/lib/python3.9/site-packages/airflow/example_dags/example_trigger_target_dag.py
[2025-11-27T14:25:26.688-0300] {processor.py:830} INFO - Processing file /Users/davispecia/Documents/GitHub/Pf_pipeline_dados/Projeto_final_fase3/venv/lib/python3.9/site-packages/airflow/example_dags/example_trigger_target_dag.py for tasks to queue
[2025-11-27T14:25:26.689-0300] {logging_mixin.py:188} INFO - [2025-11-27T14:25:26.689-0300] {dagbag.py:545} INFO - Filling up the DagBag from /Users/davispecia/Documents/GitHub/Pf_pipeline_dados/Projeto_final_fase3/venv/lib/python3.9/site-packages/airflow/example_dags/example_trigger_target_dag.py
[2025-11-27T14:25:26.707-0300] {processor.py:840} INFO - DAG(s) 'example_trigger_target_dag' retrieved from /Users/davispecia/Documents/GitHub/Pf_pipeline_dados/Projeto_final_fase3/venv/lib/python3.9/site-packages/airflow/example_dags/example_trigger_target_dag.py
[2025-11-27T14:25:26.780-0300] {logging_mixin.py:188} INFO - [2025-11-27T14:25:26.779-0300] {dag.py:3089} INFO - Sync 1 DAGs
[2025-11-27T14:25:26.786-0300] {logging_mixin.py:188} INFO - [2025-11-27T14:25:26.786-0300] {dag.py:3947} INFO - Setting next_dagrun for example_trigger_target_dag to None, run_after=None
[2025-11-27T14:25:26.796-0300] {processor.py:183} INFO - Processing /Users/davispecia/Documents/GitHub/Pf_pipeline_dados/Projeto_final_fase3/venv/lib/python3.9/site-packages/airflow/example_dags/example_trigger_target_dag.py took 0.110 seconds
[2025-11-27T14:26:48.785-0300] {processor.py:161} INFO - Started process (PID=6186) to work on /Users/davispecia/Documents/GitHub/Pf_pipeline_dados/Projeto_final_fase3/venv/lib/python3.9/site-packages/airflow/example_dags/example_trigger_target_dag.py
[2025-11-27T14:26:48.785-0300] {processor.py:830} INFO - Processing file /Users/davispecia/Documents/GitHub/Pf_pipeline_dados/Projeto_final_fase3/venv/lib/python3.9/site-packages/airflow/example_dags/example_trigger_target_dag.py for tasks to queue
[2025-11-27T14:26:48.786-0300] {logging_mixin.py:188} INFO - [2025-11-27T14:26:48.786-0300] {dagbag.py:545} INFO - Filling up the DagBag from /Users/davispecia/Documents/GitHub/Pf_pipeline_dados/Projeto_final_fase3/venv/lib/python3.9/site-packages/airflow/example_dags/example_trigger_target_dag.py
[2025-11-27T14:26:48.807-0300] {processor.py:840} INFO - DAG(s) 'example_trigger_target_dag' retrieved from /Users/davispecia/Documents/GitHub/Pf_pipeline_dados/Projeto_final_fase3/venv/lib/python3.9/site-packages/airflow/example_dags/example_trigger_target_dag.py
[2025-11-27T14:26:48.909-0300] {logging_mixin.py:188} INFO - [2025-11-27T14:26:48.909-0300] {dag.py:3089} INFO - Sync 1 DAGs
[2025-11-27T14:26:48.915-0300] {logging_mixin.py:188} INFO - [2025-11-27T14:26:48.915-0300] {dag.py:3947} INFO - Setting next_dagrun for example_trigger_target_dag to None, run_after=None
[2025-11-27T14:26:48.928-0300] {processor.py:183} INFO - Processing /Users/davispecia/Documents/GitHub/Pf_pipeline_dados/Projeto_final_fase3/venv/lib/python3.9/site-packages/airflow/example_dags/example_trigger_target_dag.py took 0.145 seconds
[2025-11-27T14:28:04.176-0300] {processor.py:161} INFO - Started process (PID=6415) to work on /Users/davispecia/Documents/GitHub/Pf_pipeline_dados/Projeto_final_fase3/venv/lib/python3.9/site-packages/airflow/example_dags/example_trigger_target_dag.py
[2025-11-27T14:28:04.178-0300] {processor.py:830} INFO - Processing file /Users/davispecia/Documents/GitHub/Pf_pipeline_dados/Projeto_final_fase3/venv/lib/python3.9/site-packages/airflow/example_dags/example_trigger_target_dag.py for tasks to queue
[2025-11-27T14:28:04.178-0300] {logging_mixin.py:188} INFO - [2025-11-27T14:28:04.178-0300] {dagbag.py:545} INFO - Filling up the DagBag from /Users/davispecia/Documents/GitHub/Pf_pipeline_dados/Projeto_final_fase3/venv/lib/python3.9/site-packages/airflow/example_dags/example_trigger_target_dag.py
[2025-11-27T14:28:04.199-0300] {processor.py:840} INFO - DAG(s) 'example_trigger_target_dag' retrieved from /Users/davispecia/Documents/GitHub/Pf_pipeline_dados/Projeto_final_fase3/venv/lib/python3.9/site-packages/airflow/example_dags/example_trigger_target_dag.py
[2025-11-27T14:28:04.280-0300] {logging_mixin.py:188} INFO - [2025-11-27T14:28:04.280-0300] {dag.py:3089} INFO - Sync 1 DAGs
[2025-11-27T14:28:04.285-0300] {logging_mixin.py:188} INFO - [2025-11-27T14:28:04.285-0300] {dag.py:3947} INFO - Setting next_dagrun for example_trigger_target_dag to None, run_after=None
[2025-11-27T14:28:04.296-0300] {processor.py:183} INFO - Processing /Users/davispecia/Documents/GitHub/Pf_pipeline_dados/Projeto_final_fase3/venv/lib/python3.9/site-packages/airflow/example_dags/example_trigger_target_dag.py took 0.122 seconds
[2025-11-27T14:29:10.344-0300] {processor.py:161} INFO - Started process (PID=6574) to work on /Users/davispecia/Documents/GitHub/Pf_pipeline_dados/Projeto_final_fase3/venv/lib/python3.9/site-packages/airflow/example_dags/example_trigger_target_dag.py
[2025-11-27T14:29:10.345-0300] {processor.py:830} INFO - Processing file /Users/davispecia/Documents/GitHub/Pf_pipeline_dados/Projeto_final_fase3/venv/lib/python3.9/site-packages/airflow/example_dags/example_trigger_target_dag.py for tasks to queue
[2025-11-27T14:29:10.346-0300] {logging_mixin.py:188} INFO - [2025-11-27T14:29:10.345-0300] {dagbag.py:545} INFO - Filling up the DagBag from /Users/davispecia/Documents/GitHub/Pf_pipeline_dados/Projeto_final_fase3/venv/lib/python3.9/site-packages/airflow/example_dags/example_trigger_target_dag.py
[2025-11-27T14:29:10.363-0300] {processor.py:840} INFO - DAG(s) 'example_trigger_target_dag' retrieved from /Users/davispecia/Documents/GitHub/Pf_pipeline_dados/Projeto_final_fase3/venv/lib/python3.9/site-packages/airflow/example_dags/example_trigger_target_dag.py
[2025-11-27T14:29:10.433-0300] {logging_mixin.py:188} INFO - [2025-11-27T14:29:10.433-0300] {dag.py:3089} INFO - Sync 1 DAGs
[2025-11-27T14:29:10.438-0300] {logging_mixin.py:188} INFO - [2025-11-27T14:29:10.438-0300] {dag.py:3947} INFO - Setting next_dagrun for example_trigger_target_dag to None, run_after=None
[2025-11-27T14:29:10.449-0300] {processor.py:183} INFO - Processing /Users/davispecia/Documents/GitHub/Pf_pipeline_dados/Projeto_final_fase3/venv/lib/python3.9/site-packages/airflow/example_dags/example_trigger_target_dag.py took 0.108 seconds
[2025-11-27T14:30:16.106-0300] {processor.py:161} INFO - Started process (PID=6733) to work on /Users/davispecia/Documents/GitHub/Pf_pipeline_dados/Projeto_final_fase3/venv/lib/python3.9/site-packages/airflow/example_dags/example_trigger_target_dag.py
[2025-11-27T14:30:16.107-0300] {processor.py:830} INFO - Processing file /Users/davispecia/Documents/GitHub/Pf_pipeline_dados/Projeto_final_fase3/venv/lib/python3.9/site-packages/airflow/example_dags/example_trigger_target_dag.py for tasks to queue
[2025-11-27T14:30:16.107-0300] {logging_mixin.py:188} INFO - [2025-11-27T14:30:16.107-0300] {dagbag.py:545} INFO - Filling up the DagBag from /Users/davispecia/Documents/GitHub/Pf_pipeline_dados/Projeto_final_fase3/venv/lib/python3.9/site-packages/airflow/example_dags/example_trigger_target_dag.py
[2025-11-27T14:30:16.127-0300] {processor.py:840} INFO - DAG(s) 'example_trigger_target_dag' retrieved from /Users/davispecia/Documents/GitHub/Pf_pipeline_dados/Projeto_final_fase3/venv/lib/python3.9/site-packages/airflow/example_dags/example_trigger_target_dag.py
[2025-11-27T14:30:16.206-0300] {logging_mixin.py:188} INFO - [2025-11-27T14:30:16.206-0300] {dag.py:3089} INFO - Sync 1 DAGs
[2025-11-27T14:30:16.212-0300] {logging_mixin.py:188} INFO - [2025-11-27T14:30:16.212-0300] {dag.py:3947} INFO - Setting next_dagrun for example_trigger_target_dag to None, run_after=None
[2025-11-27T14:30:16.224-0300] {processor.py:183} INFO - Processing /Users/davispecia/Documents/GitHub/Pf_pipeline_dados/Projeto_final_fase3/venv/lib/python3.9/site-packages/airflow/example_dags/example_trigger_target_dag.py took 0.120 seconds
[2025-11-27T14:31:22.387-0300] {processor.py:161} INFO - Started process (PID=6885) to work on /Users/davispecia/Documents/GitHub/Pf_pipeline_dados/Projeto_final_fase3/venv/lib/python3.9/site-packages/airflow/example_dags/example_trigger_target_dag.py
[2025-11-27T14:31:22.388-0300] {processor.py:830} INFO - Processing file /Users/davispecia/Documents/GitHub/Pf_pipeline_dados/Projeto_final_fase3/venv/lib/python3.9/site-packages/airflow/example_dags/example_trigger_target_dag.py for tasks to queue
[2025-11-27T14:31:22.388-0300] {logging_mixin.py:188} INFO - [2025-11-27T14:31:22.388-0300] {dagbag.py:545} INFO - Filling up the DagBag from /Users/davispecia/Documents/GitHub/Pf_pipeline_dados/Projeto_final_fase3/venv/lib/python3.9/site-packages/airflow/example_dags/example_trigger_target_dag.py
[2025-11-27T14:31:22.405-0300] {processor.py:840} INFO - DAG(s) 'example_trigger_target_dag' retrieved from /Users/davispecia/Documents/GitHub/Pf_pipeline_dados/Projeto_final_fase3/venv/lib/python3.9/site-packages/airflow/example_dags/example_trigger_target_dag.py
[2025-11-27T14:31:22.477-0300] {logging_mixin.py:188} INFO - [2025-11-27T14:31:22.477-0300] {dag.py:3089} INFO - Sync 1 DAGs
[2025-11-27T14:31:22.483-0300] {logging_mixin.py:188} INFO - [2025-11-27T14:31:22.482-0300] {dag.py:3947} INFO - Setting next_dagrun for example_trigger_target_dag to None, run_after=None
[2025-11-27T14:31:22.492-0300] {processor.py:183} INFO - Processing /Users/davispecia/Documents/GitHub/Pf_pipeline_dados/Projeto_final_fase3/venv/lib/python3.9/site-packages/airflow/example_dags/example_trigger_target_dag.py took 0.107 seconds
[2025-11-27T14:32:25.397-0300] {processor.py:161} INFO - Started process (PID=7038) to work on /Users/davispecia/Documents/GitHub/Pf_pipeline_dados/Projeto_final_fase3/venv/lib/python3.9/site-packages/airflow/example_dags/example_trigger_target_dag.py
[2025-11-27T14:32:25.398-0300] {processor.py:830} INFO - Processing file /Users/davispecia/Documents/GitHub/Pf_pipeline_dados/Projeto_final_fase3/venv/lib/python3.9/site-packages/airflow/example_dags/example_trigger_target_dag.py for tasks to queue
[2025-11-27T14:32:25.398-0300] {logging_mixin.py:188} INFO - [2025-11-27T14:32:25.398-0300] {dagbag.py:545} INFO - Filling up the DagBag from /Users/davispecia/Documents/GitHub/Pf_pipeline_dados/Projeto_final_fase3/venv/lib/python3.9/site-packages/airflow/example_dags/example_trigger_target_dag.py
[2025-11-27T14:32:25.416-0300] {processor.py:840} INFO - DAG(s) 'example_trigger_target_dag' retrieved from /Users/davispecia/Documents/GitHub/Pf_pipeline_dados/Projeto_final_fase3/venv/lib/python3.9/site-packages/airflow/example_dags/example_trigger_target_dag.py
[2025-11-27T14:32:25.485-0300] {logging_mixin.py:188} INFO - [2025-11-27T14:32:25.485-0300] {dag.py:3089} INFO - Sync 1 DAGs
[2025-11-27T14:32:25.491-0300] {logging_mixin.py:188} INFO - [2025-11-27T14:32:25.491-0300] {dag.py:3947} INFO - Setting next_dagrun for example_trigger_target_dag to None, run_after=None
[2025-11-27T14:32:25.500-0300] {processor.py:183} INFO - Processing /Users/davispecia/Documents/GitHub/Pf_pipeline_dados/Projeto_final_fase3/venv/lib/python3.9/site-packages/airflow/example_dags/example_trigger_target_dag.py took 0.105 seconds
[2025-11-27T14:33:40.233-0300] {processor.py:161} INFO - Started process (PID=7292) to work on /Users/davispecia/Documents/GitHub/Pf_pipeline_dados/Projeto_final_fase3/venv/lib/python3.9/site-packages/airflow/example_dags/example_trigger_target_dag.py
[2025-11-27T14:33:40.235-0300] {processor.py:830} INFO - Processing file /Users/davispecia/Documents/GitHub/Pf_pipeline_dados/Projeto_final_fase3/venv/lib/python3.9/site-packages/airflow/example_dags/example_trigger_target_dag.py for tasks to queue
[2025-11-27T14:33:40.236-0300] {logging_mixin.py:188} INFO - [2025-11-27T14:33:40.235-0300] {dagbag.py:545} INFO - Filling up the DagBag from /Users/davispecia/Documents/GitHub/Pf_pipeline_dados/Projeto_final_fase3/venv/lib/python3.9/site-packages/airflow/example_dags/example_trigger_target_dag.py
[2025-11-27T14:33:40.254-0300] {processor.py:840} INFO - DAG(s) 'example_trigger_target_dag' retrieved from /Users/davispecia/Documents/GitHub/Pf_pipeline_dados/Projeto_final_fase3/venv/lib/python3.9/site-packages/airflow/example_dags/example_trigger_target_dag.py
[2025-11-27T14:33:40.324-0300] {logging_mixin.py:188} INFO - [2025-11-27T14:33:40.324-0300] {dag.py:3089} INFO - Sync 1 DAGs
[2025-11-27T14:33:40.329-0300] {logging_mixin.py:188} INFO - [2025-11-27T14:33:40.329-0300] {dag.py:3947} INFO - Setting next_dagrun for example_trigger_target_dag to None, run_after=None
[2025-11-27T14:33:40.338-0300] {processor.py:183} INFO - Processing /Users/davispecia/Documents/GitHub/Pf_pipeline_dados/Projeto_final_fase3/venv/lib/python3.9/site-packages/airflow/example_dags/example_trigger_target_dag.py took 0.107 seconds
[2025-11-27T14:34:45.512-0300] {processor.py:161} INFO - Started process (PID=7459) to work on /Users/davispecia/Documents/GitHub/Pf_pipeline_dados/Projeto_final_fase3/venv/lib/python3.9/site-packages/airflow/example_dags/example_trigger_target_dag.py
[2025-11-27T14:34:45.513-0300] {processor.py:830} INFO - Processing file /Users/davispecia/Documents/GitHub/Pf_pipeline_dados/Projeto_final_fase3/venv/lib/python3.9/site-packages/airflow/example_dags/example_trigger_target_dag.py for tasks to queue
[2025-11-27T14:34:45.514-0300] {logging_mixin.py:188} INFO - [2025-11-27T14:34:45.514-0300] {dagbag.py:545} INFO - Filling up the DagBag from /Users/davispecia/Documents/GitHub/Pf_pipeline_dados/Projeto_final_fase3/venv/lib/python3.9/site-packages/airflow/example_dags/example_trigger_target_dag.py
[2025-11-27T14:34:45.535-0300] {processor.py:840} INFO - DAG(s) 'example_trigger_target_dag' retrieved from /Users/davispecia/Documents/GitHub/Pf_pipeline_dados/Projeto_final_fase3/venv/lib/python3.9/site-packages/airflow/example_dags/example_trigger_target_dag.py
[2025-11-27T14:34:45.609-0300] {logging_mixin.py:188} INFO - [2025-11-27T14:34:45.609-0300] {dag.py:3089} INFO - Sync 1 DAGs
[2025-11-27T14:34:45.615-0300] {logging_mixin.py:188} INFO - [2025-11-27T14:34:45.615-0300] {dag.py:3947} INFO - Setting next_dagrun for example_trigger_target_dag to None, run_after=None
[2025-11-27T14:34:45.625-0300] {processor.py:183} INFO - Processing /Users/davispecia/Documents/GitHub/Pf_pipeline_dados/Projeto_final_fase3/venv/lib/python3.9/site-packages/airflow/example_dags/example_trigger_target_dag.py took 0.115 seconds
[2025-11-27T14:35:59.298-0300] {processor.py:161} INFO - Started process (PID=7758) to work on /Users/davispecia/Documents/GitHub/Pf_pipeline_dados/Projeto_final_fase3/venv/lib/python3.9/site-packages/airflow/example_dags/example_trigger_target_dag.py
[2025-11-27T14:35:59.298-0300] {processor.py:830} INFO - Processing file /Users/davispecia/Documents/GitHub/Pf_pipeline_dados/Projeto_final_fase3/venv/lib/python3.9/site-packages/airflow/example_dags/example_trigger_target_dag.py for tasks to queue
[2025-11-27T14:35:59.299-0300] {logging_mixin.py:188} INFO - [2025-11-27T14:35:59.298-0300] {dagbag.py:545} INFO - Filling up the DagBag from /Users/davispecia/Documents/GitHub/Pf_pipeline_dados/Projeto_final_fase3/venv/lib/python3.9/site-packages/airflow/example_dags/example_trigger_target_dag.py
[2025-11-27T14:35:59.317-0300] {processor.py:840} INFO - DAG(s) 'example_trigger_target_dag' retrieved from /Users/davispecia/Documents/GitHub/Pf_pipeline_dados/Projeto_final_fase3/venv/lib/python3.9/site-packages/airflow/example_dags/example_trigger_target_dag.py
[2025-11-27T14:35:59.386-0300] {logging_mixin.py:188} INFO - [2025-11-27T14:35:59.386-0300] {dag.py:3089} INFO - Sync 1 DAGs
[2025-11-27T14:35:59.391-0300] {logging_mixin.py:188} INFO - [2025-11-27T14:35:59.391-0300] {dag.py:3947} INFO - Setting next_dagrun for example_trigger_target_dag to None, run_after=None
[2025-11-27T14:35:59.400-0300] {processor.py:183} INFO - Processing /Users/davispecia/Documents/GitHub/Pf_pipeline_dados/Projeto_final_fase3/venv/lib/python3.9/site-packages/airflow/example_dags/example_trigger_target_dag.py took 0.105 seconds
[2025-11-27T14:37:06.845-0300] {processor.py:161} INFO - Started process (PID=7919) to work on /Users/davispecia/Documents/GitHub/Pf_pipeline_dados/Projeto_final_fase3/venv/lib/python3.9/site-packages/airflow/example_dags/example_trigger_target_dag.py
[2025-11-27T14:37:06.846-0300] {processor.py:830} INFO - Processing file /Users/davispecia/Documents/GitHub/Pf_pipeline_dados/Projeto_final_fase3/venv/lib/python3.9/site-packages/airflow/example_dags/example_trigger_target_dag.py for tasks to queue
[2025-11-27T14:37:06.846-0300] {logging_mixin.py:188} INFO - [2025-11-27T14:37:06.846-0300] {dagbag.py:545} INFO - Filling up the DagBag from /Users/davispecia/Documents/GitHub/Pf_pipeline_dados/Projeto_final_fase3/venv/lib/python3.9/site-packages/airflow/example_dags/example_trigger_target_dag.py
[2025-11-27T14:37:06.864-0300] {processor.py:840} INFO - DAG(s) 'example_trigger_target_dag' retrieved from /Users/davispecia/Documents/GitHub/Pf_pipeline_dados/Projeto_final_fase3/venv/lib/python3.9/site-packages/airflow/example_dags/example_trigger_target_dag.py
[2025-11-27T14:37:06.936-0300] {logging_mixin.py:188} INFO - [2025-11-27T14:37:06.936-0300] {dag.py:3089} INFO - Sync 1 DAGs
[2025-11-27T14:37:06.941-0300] {logging_mixin.py:188} INFO - [2025-11-27T14:37:06.941-0300] {dag.py:3947} INFO - Setting next_dagrun for example_trigger_target_dag to None, run_after=None
[2025-11-27T14:37:06.950-0300] {processor.py:183} INFO - Processing /Users/davispecia/Documents/GitHub/Pf_pipeline_dados/Projeto_final_fase3/venv/lib/python3.9/site-packages/airflow/example_dags/example_trigger_target_dag.py took 0.107 seconds
[2025-11-27T14:38:13.906-0300] {processor.py:161} INFO - Started process (PID=8077) to work on /Users/davispecia/Documents/GitHub/Pf_pipeline_dados/Projeto_final_fase3/venv/lib/python3.9/site-packages/airflow/example_dags/example_trigger_target_dag.py
[2025-11-27T14:38:13.906-0300] {processor.py:830} INFO - Processing file /Users/davispecia/Documents/GitHub/Pf_pipeline_dados/Projeto_final_fase3/venv/lib/python3.9/site-packages/airflow/example_dags/example_trigger_target_dag.py for tasks to queue
[2025-11-27T14:38:13.907-0300] {logging_mixin.py:188} INFO - [2025-11-27T14:38:13.907-0300] {dagbag.py:545} INFO - Filling up the DagBag from /Users/davispecia/Documents/GitHub/Pf_pipeline_dados/Projeto_final_fase3/venv/lib/python3.9/site-packages/airflow/example_dags/example_trigger_target_dag.py
[2025-11-27T14:38:13.925-0300] {processor.py:840} INFO - DAG(s) 'example_trigger_target_dag' retrieved from /Users/davispecia/Documents/GitHub/Pf_pipeline_dados/Projeto_final_fase3/venv/lib/python3.9/site-packages/airflow/example_dags/example_trigger_target_dag.py
[2025-11-27T14:38:13.998-0300] {logging_mixin.py:188} INFO - [2025-11-27T14:38:13.998-0300] {dag.py:3089} INFO - Sync 1 DAGs
[2025-11-27T14:38:14.003-0300] {logging_mixin.py:188} INFO - [2025-11-27T14:38:14.003-0300] {dag.py:3947} INFO - Setting next_dagrun for example_trigger_target_dag to None, run_after=None
[2025-11-27T14:38:14.012-0300] {processor.py:183} INFO - Processing /Users/davispecia/Documents/GitHub/Pf_pipeline_dados/Projeto_final_fase3/venv/lib/python3.9/site-packages/airflow/example_dags/example_trigger_target_dag.py took 0.108 seconds
[2025-11-27T14:39:28.239-0300] {processor.py:161} INFO - Started process (PID=8320) to work on /Users/davispecia/Documents/GitHub/Pf_pipeline_dados/Projeto_final_fase3/venv/lib/python3.9/site-packages/airflow/example_dags/example_trigger_target_dag.py
[2025-11-27T14:39:28.240-0300] {processor.py:830} INFO - Processing file /Users/davispecia/Documents/GitHub/Pf_pipeline_dados/Projeto_final_fase3/venv/lib/python3.9/site-packages/airflow/example_dags/example_trigger_target_dag.py for tasks to queue
[2025-11-27T14:39:28.240-0300] {logging_mixin.py:188} INFO - [2025-11-27T14:39:28.240-0300] {dagbag.py:545} INFO - Filling up the DagBag from /Users/davispecia/Documents/GitHub/Pf_pipeline_dados/Projeto_final_fase3/venv/lib/python3.9/site-packages/airflow/example_dags/example_trigger_target_dag.py
[2025-11-27T14:39:28.258-0300] {processor.py:840} INFO - DAG(s) 'example_trigger_target_dag' retrieved from /Users/davispecia/Documents/GitHub/Pf_pipeline_dados/Projeto_final_fase3/venv/lib/python3.9/site-packages/airflow/example_dags/example_trigger_target_dag.py
[2025-11-27T14:39:28.329-0300] {logging_mixin.py:188} INFO - [2025-11-27T14:39:28.328-0300] {dag.py:3089} INFO - Sync 1 DAGs
[2025-11-27T14:39:28.334-0300] {logging_mixin.py:188} INFO - [2025-11-27T14:39:28.334-0300] {dag.py:3947} INFO - Setting next_dagrun for example_trigger_target_dag to None, run_after=None
[2025-11-27T14:39:28.343-0300] {processor.py:183} INFO - Processing /Users/davispecia/Documents/GitHub/Pf_pipeline_dados/Projeto_final_fase3/venv/lib/python3.9/site-packages/airflow/example_dags/example_trigger_target_dag.py took 0.106 seconds
[2025-11-27T14:40:34.888-0300] {processor.py:161} INFO - Started process (PID=8480) to work on /Users/davispecia/Documents/GitHub/Pf_pipeline_dados/Projeto_final_fase3/venv/lib/python3.9/site-packages/airflow/example_dags/example_trigger_target_dag.py
[2025-11-27T14:40:34.890-0300] {processor.py:830} INFO - Processing file /Users/davispecia/Documents/GitHub/Pf_pipeline_dados/Projeto_final_fase3/venv/lib/python3.9/site-packages/airflow/example_dags/example_trigger_target_dag.py for tasks to queue
[2025-11-27T14:40:34.890-0300] {logging_mixin.py:188} INFO - [2025-11-27T14:40:34.890-0300] {dagbag.py:545} INFO - Filling up the DagBag from /Users/davispecia/Documents/GitHub/Pf_pipeline_dados/Projeto_final_fase3/venv/lib/python3.9/site-packages/airflow/example_dags/example_trigger_target_dag.py
[2025-11-27T14:40:34.908-0300] {processor.py:840} INFO - DAG(s) 'example_trigger_target_dag' retrieved from /Users/davispecia/Documents/GitHub/Pf_pipeline_dados/Projeto_final_fase3/venv/lib/python3.9/site-packages/airflow/example_dags/example_trigger_target_dag.py
[2025-11-27T14:40:34.981-0300] {logging_mixin.py:188} INFO - [2025-11-27T14:40:34.981-0300] {dag.py:3089} INFO - Sync 1 DAGs
[2025-11-27T14:40:34.986-0300] {logging_mixin.py:188} INFO - [2025-11-27T14:40:34.986-0300] {dag.py:3947} INFO - Setting next_dagrun for example_trigger_target_dag to None, run_after=None
[2025-11-27T14:40:34.995-0300] {processor.py:183} INFO - Processing /Users/davispecia/Documents/GitHub/Pf_pipeline_dados/Projeto_final_fase3/venv/lib/python3.9/site-packages/airflow/example_dags/example_trigger_target_dag.py took 0.109 seconds
[2025-11-27T14:41:38.136-0300] {processor.py:161} INFO - Started process (PID=8692) to work on /Users/davispecia/Documents/GitHub/Pf_pipeline_dados/Projeto_final_fase3/venv/lib/python3.9/site-packages/airflow/example_dags/example_trigger_target_dag.py
[2025-11-27T14:41:38.138-0300] {processor.py:830} INFO - Processing file /Users/davispecia/Documents/GitHub/Pf_pipeline_dados/Projeto_final_fase3/venv/lib/python3.9/site-packages/airflow/example_dags/example_trigger_target_dag.py for tasks to queue
[2025-11-27T14:41:38.138-0300] {logging_mixin.py:188} INFO - [2025-11-27T14:41:38.138-0300] {dagbag.py:545} INFO - Filling up the DagBag from /Users/davispecia/Documents/GitHub/Pf_pipeline_dados/Projeto_final_fase3/venv/lib/python3.9/site-packages/airflow/example_dags/example_trigger_target_dag.py
[2025-11-27T14:41:38.156-0300] {processor.py:840} INFO - DAG(s) 'example_trigger_target_dag' retrieved from /Users/davispecia/Documents/GitHub/Pf_pipeline_dados/Projeto_final_fase3/venv/lib/python3.9/site-packages/airflow/example_dags/example_trigger_target_dag.py
[2025-11-27T14:41:38.226-0300] {logging_mixin.py:188} INFO - [2025-11-27T14:41:38.226-0300] {dag.py:3089} INFO - Sync 1 DAGs
[2025-11-27T14:41:38.231-0300] {logging_mixin.py:188} INFO - [2025-11-27T14:41:38.231-0300] {dag.py:3947} INFO - Setting next_dagrun for example_trigger_target_dag to None, run_after=None
[2025-11-27T14:41:38.243-0300] {processor.py:183} INFO - Processing /Users/davispecia/Documents/GitHub/Pf_pipeline_dados/Projeto_final_fase3/venv/lib/python3.9/site-packages/airflow/example_dags/example_trigger_target_dag.py took 0.108 seconds
[2025-11-27T14:42:39.895-0300] {processor.py:161} INFO - Started process (PID=8859) to work on /Users/davispecia/Documents/GitHub/Pf_pipeline_dados/Projeto_final_fase3/venv/lib/python3.9/site-packages/airflow/example_dags/example_trigger_target_dag.py
[2025-11-27T14:42:39.896-0300] {processor.py:830} INFO - Processing file /Users/davispecia/Documents/GitHub/Pf_pipeline_dados/Projeto_final_fase3/venv/lib/python3.9/site-packages/airflow/example_dags/example_trigger_target_dag.py for tasks to queue
[2025-11-27T14:42:39.896-0300] {logging_mixin.py:188} INFO - [2025-11-27T14:42:39.896-0300] {dagbag.py:545} INFO - Filling up the DagBag from /Users/davispecia/Documents/GitHub/Pf_pipeline_dados/Projeto_final_fase3/venv/lib/python3.9/site-packages/airflow/example_dags/example_trigger_target_dag.py
[2025-11-27T14:42:39.914-0300] {processor.py:840} INFO - DAG(s) 'example_trigger_target_dag' retrieved from /Users/davispecia/Documents/GitHub/Pf_pipeline_dados/Projeto_final_fase3/venv/lib/python3.9/site-packages/airflow/example_dags/example_trigger_target_dag.py
[2025-11-27T14:42:39.991-0300] {logging_mixin.py:188} INFO - [2025-11-27T14:42:39.990-0300] {dag.py:3089} INFO - Sync 1 DAGs
[2025-11-27T14:42:39.997-0300] {logging_mixin.py:188} INFO - [2025-11-27T14:42:39.996-0300] {dag.py:3947} INFO - Setting next_dagrun for example_trigger_target_dag to None, run_after=None
[2025-11-27T14:42:40.009-0300] {processor.py:183} INFO - Processing /Users/davispecia/Documents/GitHub/Pf_pipeline_dados/Projeto_final_fase3/venv/lib/python3.9/site-packages/airflow/example_dags/example_trigger_target_dag.py took 0.117 seconds
[2025-11-27T14:43:41.093-0300] {processor.py:161} INFO - Started process (PID=9017) to work on /Users/davispecia/Documents/GitHub/Pf_pipeline_dados/Projeto_final_fase3/venv/lib/python3.9/site-packages/airflow/example_dags/example_trigger_target_dag.py
[2025-11-27T14:43:41.094-0300] {processor.py:830} INFO - Processing file /Users/davispecia/Documents/GitHub/Pf_pipeline_dados/Projeto_final_fase3/venv/lib/python3.9/site-packages/airflow/example_dags/example_trigger_target_dag.py for tasks to queue
[2025-11-27T14:43:41.094-0300] {logging_mixin.py:188} INFO - [2025-11-27T14:43:41.094-0300] {dagbag.py:545} INFO - Filling up the DagBag from /Users/davispecia/Documents/GitHub/Pf_pipeline_dados/Projeto_final_fase3/venv/lib/python3.9/site-packages/airflow/example_dags/example_trigger_target_dag.py
[2025-11-27T14:43:41.112-0300] {processor.py:840} INFO - DAG(s) 'example_trigger_target_dag' retrieved from /Users/davispecia/Documents/GitHub/Pf_pipeline_dados/Projeto_final_fase3/venv/lib/python3.9/site-packages/airflow/example_dags/example_trigger_target_dag.py
[2025-11-27T14:43:41.181-0300] {logging_mixin.py:188} INFO - [2025-11-27T14:43:41.181-0300] {dag.py:3089} INFO - Sync 1 DAGs
[2025-11-27T14:43:41.186-0300] {logging_mixin.py:188} INFO - [2025-11-27T14:43:41.186-0300] {dag.py:3947} INFO - Setting next_dagrun for example_trigger_target_dag to None, run_after=None
[2025-11-27T14:43:41.195-0300] {processor.py:183} INFO - Processing /Users/davispecia/Documents/GitHub/Pf_pipeline_dados/Projeto_final_fase3/venv/lib/python3.9/site-packages/airflow/example_dags/example_trigger_target_dag.py took 0.105 seconds
[2025-11-27T14:44:53.903-0300] {processor.py:161} INFO - Started process (PID=9308) to work on /Users/davispecia/Documents/GitHub/Pf_pipeline_dados/Projeto_final_fase3/venv/lib/python3.9/site-packages/airflow/example_dags/example_trigger_target_dag.py
[2025-11-27T14:44:53.905-0300] {processor.py:830} INFO - Processing file /Users/davispecia/Documents/GitHub/Pf_pipeline_dados/Projeto_final_fase3/venv/lib/python3.9/site-packages/airflow/example_dags/example_trigger_target_dag.py for tasks to queue
[2025-11-27T14:44:53.905-0300] {logging_mixin.py:188} INFO - [2025-11-27T14:44:53.905-0300] {dagbag.py:545} INFO - Filling up the DagBag from /Users/davispecia/Documents/GitHub/Pf_pipeline_dados/Projeto_final_fase3/venv/lib/python3.9/site-packages/airflow/example_dags/example_trigger_target_dag.py
[2025-11-27T14:44:53.923-0300] {processor.py:840} INFO - DAG(s) 'example_trigger_target_dag' retrieved from /Users/davispecia/Documents/GitHub/Pf_pipeline_dados/Projeto_final_fase3/venv/lib/python3.9/site-packages/airflow/example_dags/example_trigger_target_dag.py
[2025-11-27T14:44:53.994-0300] {logging_mixin.py:188} INFO - [2025-11-27T14:44:53.994-0300] {dag.py:3089} INFO - Sync 1 DAGs
[2025-11-27T14:44:53.999-0300] {logging_mixin.py:188} INFO - [2025-11-27T14:44:53.999-0300] {dag.py:3947} INFO - Setting next_dagrun for example_trigger_target_dag to None, run_after=None
[2025-11-27T14:44:54.008-0300] {processor.py:183} INFO - Processing /Users/davispecia/Documents/GitHub/Pf_pipeline_dados/Projeto_final_fase3/venv/lib/python3.9/site-packages/airflow/example_dags/example_trigger_target_dag.py took 0.107 seconds
[2025-11-27T14:46:00.131-0300] {processor.py:161} INFO - Started process (PID=9468) to work on /Users/davispecia/Documents/GitHub/Pf_pipeline_dados/Projeto_final_fase3/venv/lib/python3.9/site-packages/airflow/example_dags/example_trigger_target_dag.py
[2025-11-27T14:46:00.133-0300] {processor.py:830} INFO - Processing file /Users/davispecia/Documents/GitHub/Pf_pipeline_dados/Projeto_final_fase3/venv/lib/python3.9/site-packages/airflow/example_dags/example_trigger_target_dag.py for tasks to queue
[2025-11-27T14:46:00.133-0300] {logging_mixin.py:188} INFO - [2025-11-27T14:46:00.133-0300] {dagbag.py:545} INFO - Filling up the DagBag from /Users/davispecia/Documents/GitHub/Pf_pipeline_dados/Projeto_final_fase3/venv/lib/python3.9/site-packages/airflow/example_dags/example_trigger_target_dag.py
[2025-11-27T14:46:00.150-0300] {processor.py:840} INFO - DAG(s) 'example_trigger_target_dag' retrieved from /Users/davispecia/Documents/GitHub/Pf_pipeline_dados/Projeto_final_fase3/venv/lib/python3.9/site-packages/airflow/example_dags/example_trigger_target_dag.py
[2025-11-27T14:46:00.219-0300] {logging_mixin.py:188} INFO - [2025-11-27T14:46:00.219-0300] {dag.py:3089} INFO - Sync 1 DAGs
[2025-11-27T14:46:00.224-0300] {logging_mixin.py:188} INFO - [2025-11-27T14:46:00.224-0300] {dag.py:3947} INFO - Setting next_dagrun for example_trigger_target_dag to None, run_after=None
[2025-11-27T14:46:00.233-0300] {processor.py:183} INFO - Processing /Users/davispecia/Documents/GitHub/Pf_pipeline_dados/Projeto_final_fase3/venv/lib/python3.9/site-packages/airflow/example_dags/example_trigger_target_dag.py took 0.104 seconds
[2025-11-27T14:47:04.932-0300] {processor.py:161} INFO - Started process (PID=9629) to work on /Users/davispecia/Documents/GitHub/Pf_pipeline_dados/Projeto_final_fase3/venv/lib/python3.9/site-packages/airflow/example_dags/example_trigger_target_dag.py
[2025-11-27T14:47:04.932-0300] {processor.py:830} INFO - Processing file /Users/davispecia/Documents/GitHub/Pf_pipeline_dados/Projeto_final_fase3/venv/lib/python3.9/site-packages/airflow/example_dags/example_trigger_target_dag.py for tasks to queue
[2025-11-27T14:47:04.933-0300] {logging_mixin.py:188} INFO - [2025-11-27T14:47:04.933-0300] {dagbag.py:545} INFO - Filling up the DagBag from /Users/davispecia/Documents/GitHub/Pf_pipeline_dados/Projeto_final_fase3/venv/lib/python3.9/site-packages/airflow/example_dags/example_trigger_target_dag.py
[2025-11-27T14:47:04.950-0300] {processor.py:840} INFO - DAG(s) 'example_trigger_target_dag' retrieved from /Users/davispecia/Documents/GitHub/Pf_pipeline_dados/Projeto_final_fase3/venv/lib/python3.9/site-packages/airflow/example_dags/example_trigger_target_dag.py
[2025-11-27T14:47:05.020-0300] {logging_mixin.py:188} INFO - [2025-11-27T14:47:05.020-0300] {dag.py:3089} INFO - Sync 1 DAGs
[2025-11-27T14:47:05.026-0300] {logging_mixin.py:188} INFO - [2025-11-27T14:47:05.026-0300] {dag.py:3947} INFO - Setting next_dagrun for example_trigger_target_dag to None, run_after=None
[2025-11-27T14:47:05.034-0300] {processor.py:183} INFO - Processing /Users/davispecia/Documents/GitHub/Pf_pipeline_dados/Projeto_final_fase3/venv/lib/python3.9/site-packages/airflow/example_dags/example_trigger_target_dag.py took 0.104 seconds
[2025-11-27T14:48:10.198-0300] {processor.py:161} INFO - Started process (PID=9785) to work on /Users/davispecia/Documents/GitHub/Pf_pipeline_dados/Projeto_final_fase3/venv/lib/python3.9/site-packages/airflow/example_dags/example_trigger_target_dag.py
[2025-11-27T14:48:10.199-0300] {processor.py:830} INFO - Processing file /Users/davispecia/Documents/GitHub/Pf_pipeline_dados/Projeto_final_fase3/venv/lib/python3.9/site-packages/airflow/example_dags/example_trigger_target_dag.py for tasks to queue
[2025-11-27T14:48:10.199-0300] {logging_mixin.py:188} INFO - [2025-11-27T14:48:10.199-0300] {dagbag.py:545} INFO - Filling up the DagBag from /Users/davispecia/Documents/GitHub/Pf_pipeline_dados/Projeto_final_fase3/venv/lib/python3.9/site-packages/airflow/example_dags/example_trigger_target_dag.py
[2025-11-27T14:48:10.217-0300] {processor.py:840} INFO - DAG(s) 'example_trigger_target_dag' retrieved from /Users/davispecia/Documents/GitHub/Pf_pipeline_dados/Projeto_final_fase3/venv/lib/python3.9/site-packages/airflow/example_dags/example_trigger_target_dag.py
[2025-11-27T14:48:10.289-0300] {logging_mixin.py:188} INFO - [2025-11-27T14:48:10.289-0300] {dag.py:3089} INFO - Sync 1 DAGs
[2025-11-27T14:48:10.294-0300] {logging_mixin.py:188} INFO - [2025-11-27T14:48:10.294-0300] {dag.py:3947} INFO - Setting next_dagrun for example_trigger_target_dag to None, run_after=None
[2025-11-27T14:48:10.303-0300] {processor.py:183} INFO - Processing /Users/davispecia/Documents/GitHub/Pf_pipeline_dados/Projeto_final_fase3/venv/lib/python3.9/site-packages/airflow/example_dags/example_trigger_target_dag.py took 0.107 seconds
[2025-11-27T14:49:12.917-0300] {processor.py:161} INFO - Started process (PID=9932) to work on /Users/davispecia/Documents/GitHub/Pf_pipeline_dados/Projeto_final_fase3/venv/lib/python3.9/site-packages/airflow/example_dags/example_trigger_target_dag.py
[2025-11-27T14:49:12.918-0300] {processor.py:830} INFO - Processing file /Users/davispecia/Documents/GitHub/Pf_pipeline_dados/Projeto_final_fase3/venv/lib/python3.9/site-packages/airflow/example_dags/example_trigger_target_dag.py for tasks to queue
[2025-11-27T14:49:12.919-0300] {logging_mixin.py:188} INFO - [2025-11-27T14:49:12.918-0300] {dagbag.py:545} INFO - Filling up the DagBag from /Users/davispecia/Documents/GitHub/Pf_pipeline_dados/Projeto_final_fase3/venv/lib/python3.9/site-packages/airflow/example_dags/example_trigger_target_dag.py
[2025-11-27T14:49:12.935-0300] {processor.py:840} INFO - DAG(s) 'example_trigger_target_dag' retrieved from /Users/davispecia/Documents/GitHub/Pf_pipeline_dados/Projeto_final_fase3/venv/lib/python3.9/site-packages/airflow/example_dags/example_trigger_target_dag.py
[2025-11-27T14:49:13.004-0300] {logging_mixin.py:188} INFO - [2025-11-27T14:49:13.004-0300] {dag.py:3089} INFO - Sync 1 DAGs
[2025-11-27T14:49:13.010-0300] {logging_mixin.py:188} INFO - [2025-11-27T14:49:13.010-0300] {dag.py:3947} INFO - Setting next_dagrun for example_trigger_target_dag to None, run_after=None
[2025-11-27T14:49:13.018-0300] {processor.py:183} INFO - Processing /Users/davispecia/Documents/GitHub/Pf_pipeline_dados/Projeto_final_fase3/venv/lib/python3.9/site-packages/airflow/example_dags/example_trigger_target_dag.py took 0.103 seconds
[2025-11-27T14:50:24.975-0300] {processor.py:161} INFO - Started process (PID=10179) to work on /Users/davispecia/Documents/GitHub/Pf_pipeline_dados/Projeto_final_fase3/venv/lib/python3.9/site-packages/airflow/example_dags/example_trigger_target_dag.py
[2025-11-27T14:50:24.976-0300] {processor.py:830} INFO - Processing file /Users/davispecia/Documents/GitHub/Pf_pipeline_dados/Projeto_final_fase3/venv/lib/python3.9/site-packages/airflow/example_dags/example_trigger_target_dag.py for tasks to queue
[2025-11-27T14:50:24.977-0300] {logging_mixin.py:188} INFO - [2025-11-27T14:50:24.977-0300] {dagbag.py:545} INFO - Filling up the DagBag from /Users/davispecia/Documents/GitHub/Pf_pipeline_dados/Projeto_final_fase3/venv/lib/python3.9/site-packages/airflow/example_dags/example_trigger_target_dag.py
[2025-11-27T14:50:24.994-0300] {processor.py:840} INFO - DAG(s) 'example_trigger_target_dag' retrieved from /Users/davispecia/Documents/GitHub/Pf_pipeline_dados/Projeto_final_fase3/venv/lib/python3.9/site-packages/airflow/example_dags/example_trigger_target_dag.py
[2025-11-27T14:50:25.063-0300] {logging_mixin.py:188} INFO - [2025-11-27T14:50:25.063-0300] {dag.py:3089} INFO - Sync 1 DAGs
[2025-11-27T14:50:25.068-0300] {logging_mixin.py:188} INFO - [2025-11-27T14:50:25.068-0300] {dag.py:3947} INFO - Setting next_dagrun for example_trigger_target_dag to None, run_after=None
[2025-11-27T14:50:25.077-0300] {processor.py:183} INFO - Processing /Users/davispecia/Documents/GitHub/Pf_pipeline_dados/Projeto_final_fase3/venv/lib/python3.9/site-packages/airflow/example_dags/example_trigger_target_dag.py took 0.104 seconds
[2025-11-27T14:51:29.723-0300] {processor.py:161} INFO - Started process (PID=10332) to work on /Users/davispecia/Documents/GitHub/Pf_pipeline_dados/Projeto_final_fase3/venv/lib/python3.9/site-packages/airflow/example_dags/example_trigger_target_dag.py
[2025-11-27T14:51:29.724-0300] {processor.py:830} INFO - Processing file /Users/davispecia/Documents/GitHub/Pf_pipeline_dados/Projeto_final_fase3/venv/lib/python3.9/site-packages/airflow/example_dags/example_trigger_target_dag.py for tasks to queue
[2025-11-27T14:51:29.724-0300] {logging_mixin.py:188} INFO - [2025-11-27T14:51:29.724-0300] {dagbag.py:545} INFO - Filling up the DagBag from /Users/davispecia/Documents/GitHub/Pf_pipeline_dados/Projeto_final_fase3/venv/lib/python3.9/site-packages/airflow/example_dags/example_trigger_target_dag.py
[2025-11-27T14:51:29.741-0300] {processor.py:840} INFO - DAG(s) 'example_trigger_target_dag' retrieved from /Users/davispecia/Documents/GitHub/Pf_pipeline_dados/Projeto_final_fase3/venv/lib/python3.9/site-packages/airflow/example_dags/example_trigger_target_dag.py
[2025-11-27T14:51:29.810-0300] {logging_mixin.py:188} INFO - [2025-11-27T14:51:29.810-0300] {dag.py:3089} INFO - Sync 1 DAGs
[2025-11-27T14:51:29.816-0300] {logging_mixin.py:188} INFO - [2025-11-27T14:51:29.816-0300] {dag.py:3947} INFO - Setting next_dagrun for example_trigger_target_dag to None, run_after=None
[2025-11-27T14:51:29.825-0300] {processor.py:183} INFO - Processing /Users/davispecia/Documents/GitHub/Pf_pipeline_dados/Projeto_final_fase3/venv/lib/python3.9/site-packages/airflow/example_dags/example_trigger_target_dag.py took 0.104 seconds
[2025-11-27T14:52:35.730-0300] {processor.py:161} INFO - Started process (PID=10504) to work on /Users/davispecia/Documents/GitHub/Pf_pipeline_dados/Projeto_final_fase3/venv/lib/python3.9/site-packages/airflow/example_dags/example_trigger_target_dag.py
[2025-11-27T14:52:35.731-0300] {processor.py:830} INFO - Processing file /Users/davispecia/Documents/GitHub/Pf_pipeline_dados/Projeto_final_fase3/venv/lib/python3.9/site-packages/airflow/example_dags/example_trigger_target_dag.py for tasks to queue
[2025-11-27T14:52:35.732-0300] {logging_mixin.py:188} INFO - [2025-11-27T14:52:35.731-0300] {dagbag.py:545} INFO - Filling up the DagBag from /Users/davispecia/Documents/GitHub/Pf_pipeline_dados/Projeto_final_fase3/venv/lib/python3.9/site-packages/airflow/example_dags/example_trigger_target_dag.py
[2025-11-27T14:52:35.748-0300] {processor.py:840} INFO - DAG(s) 'example_trigger_target_dag' retrieved from /Users/davispecia/Documents/GitHub/Pf_pipeline_dados/Projeto_final_fase3/venv/lib/python3.9/site-packages/airflow/example_dags/example_trigger_target_dag.py
[2025-11-27T14:52:35.817-0300] {logging_mixin.py:188} INFO - [2025-11-27T14:52:35.817-0300] {dag.py:3089} INFO - Sync 1 DAGs
[2025-11-27T14:52:35.823-0300] {logging_mixin.py:188} INFO - [2025-11-27T14:52:35.823-0300] {dag.py:3947} INFO - Setting next_dagrun for example_trigger_target_dag to None, run_after=None
[2025-11-27T14:52:35.831-0300] {processor.py:183} INFO - Processing /Users/davispecia/Documents/GitHub/Pf_pipeline_dados/Projeto_final_fase3/venv/lib/python3.9/site-packages/airflow/example_dags/example_trigger_target_dag.py took 0.103 seconds
[2025-11-27T14:53:35.472-0300] {processor.py:161} INFO - Started process (PID=10647) to work on /Users/davispecia/Documents/GitHub/Pf_pipeline_dados/Projeto_final_fase3/venv/lib/python3.9/site-packages/airflow/example_dags/example_trigger_target_dag.py
[2025-11-27T14:53:35.473-0300] {processor.py:830} INFO - Processing file /Users/davispecia/Documents/GitHub/Pf_pipeline_dados/Projeto_final_fase3/venv/lib/python3.9/site-packages/airflow/example_dags/example_trigger_target_dag.py for tasks to queue
[2025-11-27T14:53:35.473-0300] {logging_mixin.py:188} INFO - [2025-11-27T14:53:35.473-0300] {dagbag.py:545} INFO - Filling up the DagBag from /Users/davispecia/Documents/GitHub/Pf_pipeline_dados/Projeto_final_fase3/venv/lib/python3.9/site-packages/airflow/example_dags/example_trigger_target_dag.py
[2025-11-27T14:53:35.490-0300] {processor.py:840} INFO - DAG(s) 'example_trigger_target_dag' retrieved from /Users/davispecia/Documents/GitHub/Pf_pipeline_dados/Projeto_final_fase3/venv/lib/python3.9/site-packages/airflow/example_dags/example_trigger_target_dag.py
[2025-11-27T14:53:35.561-0300] {logging_mixin.py:188} INFO - [2025-11-27T14:53:35.561-0300] {dag.py:3089} INFO - Sync 1 DAGs
[2025-11-27T14:53:35.567-0300] {logging_mixin.py:188} INFO - [2025-11-27T14:53:35.567-0300] {dag.py:3947} INFO - Setting next_dagrun for example_trigger_target_dag to None, run_after=None
[2025-11-27T14:53:35.575-0300] {processor.py:183} INFO - Processing /Users/davispecia/Documents/GitHub/Pf_pipeline_dados/Projeto_final_fase3/venv/lib/python3.9/site-packages/airflow/example_dags/example_trigger_target_dag.py took 0.105 seconds
[2025-11-27T14:54:38.231-0300] {processor.py:161} INFO - Started process (PID=10798) to work on /Users/davispecia/Documents/GitHub/Pf_pipeline_dados/Projeto_final_fase3/venv/lib/python3.9/site-packages/airflow/example_dags/example_trigger_target_dag.py
[2025-11-27T14:54:38.232-0300] {processor.py:830} INFO - Processing file /Users/davispecia/Documents/GitHub/Pf_pipeline_dados/Projeto_final_fase3/venv/lib/python3.9/site-packages/airflow/example_dags/example_trigger_target_dag.py for tasks to queue
[2025-11-27T14:54:38.232-0300] {logging_mixin.py:188} INFO - [2025-11-27T14:54:38.232-0300] {dagbag.py:545} INFO - Filling up the DagBag from /Users/davispecia/Documents/GitHub/Pf_pipeline_dados/Projeto_final_fase3/venv/lib/python3.9/site-packages/airflow/example_dags/example_trigger_target_dag.py
[2025-11-27T14:54:38.250-0300] {processor.py:840} INFO - DAG(s) 'example_trigger_target_dag' retrieved from /Users/davispecia/Documents/GitHub/Pf_pipeline_dados/Projeto_final_fase3/venv/lib/python3.9/site-packages/airflow/example_dags/example_trigger_target_dag.py
[2025-11-27T14:54:38.320-0300] {logging_mixin.py:188} INFO - [2025-11-27T14:54:38.320-0300] {dag.py:3089} INFO - Sync 1 DAGs
[2025-11-27T14:54:38.325-0300] {logging_mixin.py:188} INFO - [2025-11-27T14:54:38.325-0300] {dag.py:3947} INFO - Setting next_dagrun for example_trigger_target_dag to None, run_after=None
[2025-11-27T14:54:38.334-0300] {processor.py:183} INFO - Processing /Users/davispecia/Documents/GitHub/Pf_pipeline_dados/Projeto_final_fase3/venv/lib/python3.9/site-packages/airflow/example_dags/example_trigger_target_dag.py took 0.105 seconds
[2025-11-27T14:55:49.325-0300] {processor.py:161} INFO - Started process (PID=11029) to work on /Users/davispecia/Documents/GitHub/Pf_pipeline_dados/Projeto_final_fase3/venv/lib/python3.9/site-packages/airflow/example_dags/example_trigger_target_dag.py
[2025-11-27T14:55:49.326-0300] {processor.py:830} INFO - Processing file /Users/davispecia/Documents/GitHub/Pf_pipeline_dados/Projeto_final_fase3/venv/lib/python3.9/site-packages/airflow/example_dags/example_trigger_target_dag.py for tasks to queue
[2025-11-27T14:55:49.326-0300] {logging_mixin.py:188} INFO - [2025-11-27T14:55:49.326-0300] {dagbag.py:545} INFO - Filling up the DagBag from /Users/davispecia/Documents/GitHub/Pf_pipeline_dados/Projeto_final_fase3/venv/lib/python3.9/site-packages/airflow/example_dags/example_trigger_target_dag.py
[2025-11-27T14:55:49.343-0300] {processor.py:840} INFO - DAG(s) 'example_trigger_target_dag' retrieved from /Users/davispecia/Documents/GitHub/Pf_pipeline_dados/Projeto_final_fase3/venv/lib/python3.9/site-packages/airflow/example_dags/example_trigger_target_dag.py
[2025-11-27T14:55:49.410-0300] {logging_mixin.py:188} INFO - [2025-11-27T14:55:49.410-0300] {dag.py:3089} INFO - Sync 1 DAGs
[2025-11-27T14:55:49.415-0300] {logging_mixin.py:188} INFO - [2025-11-27T14:55:49.415-0300] {dag.py:3947} INFO - Setting next_dagrun for example_trigger_target_dag to None, run_after=None
[2025-11-27T14:55:49.425-0300] {processor.py:183} INFO - Processing /Users/davispecia/Documents/GitHub/Pf_pipeline_dados/Projeto_final_fase3/venv/lib/python3.9/site-packages/airflow/example_dags/example_trigger_target_dag.py took 0.102 seconds
[2025-11-27T14:56:54.348-0300] {processor.py:161} INFO - Started process (PID=11197) to work on /Users/davispecia/Documents/GitHub/Pf_pipeline_dados/Projeto_final_fase3/venv/lib/python3.9/site-packages/airflow/example_dags/example_trigger_target_dag.py
[2025-11-27T14:56:54.349-0300] {processor.py:830} INFO - Processing file /Users/davispecia/Documents/GitHub/Pf_pipeline_dados/Projeto_final_fase3/venv/lib/python3.9/site-packages/airflow/example_dags/example_trigger_target_dag.py for tasks to queue
[2025-11-27T14:56:54.349-0300] {logging_mixin.py:188} INFO - [2025-11-27T14:56:54.349-0300] {dagbag.py:545} INFO - Filling up the DagBag from /Users/davispecia/Documents/GitHub/Pf_pipeline_dados/Projeto_final_fase3/venv/lib/python3.9/site-packages/airflow/example_dags/example_trigger_target_dag.py
[2025-11-27T14:56:54.365-0300] {processor.py:840} INFO - DAG(s) 'example_trigger_target_dag' retrieved from /Users/davispecia/Documents/GitHub/Pf_pipeline_dados/Projeto_final_fase3/venv/lib/python3.9/site-packages/airflow/example_dags/example_trigger_target_dag.py
[2025-11-27T14:56:54.433-0300] {logging_mixin.py:188} INFO - [2025-11-27T14:56:54.433-0300] {dag.py:3089} INFO - Sync 1 DAGs
[2025-11-27T14:56:54.438-0300] {logging_mixin.py:188} INFO - [2025-11-27T14:56:54.438-0300] {dag.py:3947} INFO - Setting next_dagrun for example_trigger_target_dag to None, run_after=None
[2025-11-27T14:56:54.446-0300] {processor.py:183} INFO - Processing /Users/davispecia/Documents/GitHub/Pf_pipeline_dados/Projeto_final_fase3/venv/lib/python3.9/site-packages/airflow/example_dags/example_trigger_target_dag.py took 0.100 seconds
[2025-11-27T14:57:55.713-0300] {processor.py:161} INFO - Started process (PID=11338) to work on /Users/davispecia/Documents/GitHub/Pf_pipeline_dados/Projeto_final_fase3/venv/lib/python3.9/site-packages/airflow/example_dags/example_trigger_target_dag.py
[2025-11-27T14:57:55.714-0300] {processor.py:830} INFO - Processing file /Users/davispecia/Documents/GitHub/Pf_pipeline_dados/Projeto_final_fase3/venv/lib/python3.9/site-packages/airflow/example_dags/example_trigger_target_dag.py for tasks to queue
[2025-11-27T14:57:55.714-0300] {logging_mixin.py:188} INFO - [2025-11-27T14:57:55.714-0300] {dagbag.py:545} INFO - Filling up the DagBag from /Users/davispecia/Documents/GitHub/Pf_pipeline_dados/Projeto_final_fase3/venv/lib/python3.9/site-packages/airflow/example_dags/example_trigger_target_dag.py
[2025-11-27T14:57:55.731-0300] {processor.py:840} INFO - DAG(s) 'example_trigger_target_dag' retrieved from /Users/davispecia/Documents/GitHub/Pf_pipeline_dados/Projeto_final_fase3/venv/lib/python3.9/site-packages/airflow/example_dags/example_trigger_target_dag.py
[2025-11-27T14:57:55.799-0300] {logging_mixin.py:188} INFO - [2025-11-27T14:57:55.799-0300] {dag.py:3089} INFO - Sync 1 DAGs
[2025-11-27T14:57:55.804-0300] {logging_mixin.py:188} INFO - [2025-11-27T14:57:55.804-0300] {dag.py:3947} INFO - Setting next_dagrun for example_trigger_target_dag to None, run_after=None
[2025-11-27T14:57:55.813-0300] {processor.py:183} INFO - Processing /Users/davispecia/Documents/GitHub/Pf_pipeline_dados/Projeto_final_fase3/venv/lib/python3.9/site-packages/airflow/example_dags/example_trigger_target_dag.py took 0.102 seconds
[2025-11-27T14:58:59.399-0300] {processor.py:161} INFO - Started process (PID=11496) to work on /Users/davispecia/Documents/GitHub/Pf_pipeline_dados/Projeto_final_fase3/venv/lib/python3.9/site-packages/airflow/example_dags/example_trigger_target_dag.py
[2025-11-27T14:58:59.400-0300] {processor.py:830} INFO - Processing file /Users/davispecia/Documents/GitHub/Pf_pipeline_dados/Projeto_final_fase3/venv/lib/python3.9/site-packages/airflow/example_dags/example_trigger_target_dag.py for tasks to queue
[2025-11-27T14:58:59.401-0300] {logging_mixin.py:188} INFO - [2025-11-27T14:58:59.400-0300] {dagbag.py:545} INFO - Filling up the DagBag from /Users/davispecia/Documents/GitHub/Pf_pipeline_dados/Projeto_final_fase3/venv/lib/python3.9/site-packages/airflow/example_dags/example_trigger_target_dag.py
[2025-11-27T14:58:59.417-0300] {processor.py:840} INFO - DAG(s) 'example_trigger_target_dag' retrieved from /Users/davispecia/Documents/GitHub/Pf_pipeline_dados/Projeto_final_fase3/venv/lib/python3.9/site-packages/airflow/example_dags/example_trigger_target_dag.py
[2025-11-27T14:58:59.486-0300] {logging_mixin.py:188} INFO - [2025-11-27T14:58:59.486-0300] {dag.py:3089} INFO - Sync 1 DAGs
[2025-11-27T14:58:59.491-0300] {logging_mixin.py:188} INFO - [2025-11-27T14:58:59.491-0300] {dag.py:3947} INFO - Setting next_dagrun for example_trigger_target_dag to None, run_after=None
[2025-11-27T14:58:59.500-0300] {processor.py:183} INFO - Processing /Users/davispecia/Documents/GitHub/Pf_pipeline_dados/Projeto_final_fase3/venv/lib/python3.9/site-packages/airflow/example_dags/example_trigger_target_dag.py took 0.103 seconds
[2025-11-27T15:00:03.317-0300] {processor.py:161} INFO - Started process (PID=11648) to work on /Users/davispecia/Documents/GitHub/Pf_pipeline_dados/Projeto_final_fase3/venv/lib/python3.9/site-packages/airflow/example_dags/example_trigger_target_dag.py
[2025-11-27T15:00:03.319-0300] {processor.py:830} INFO - Processing file /Users/davispecia/Documents/GitHub/Pf_pipeline_dados/Projeto_final_fase3/venv/lib/python3.9/site-packages/airflow/example_dags/example_trigger_target_dag.py for tasks to queue
[2025-11-27T15:00:03.319-0300] {logging_mixin.py:188} INFO - [2025-11-27T15:00:03.319-0300] {dagbag.py:545} INFO - Filling up the DagBag from /Users/davispecia/Documents/GitHub/Pf_pipeline_dados/Projeto_final_fase3/venv/lib/python3.9/site-packages/airflow/example_dags/example_trigger_target_dag.py
[2025-11-27T15:00:03.335-0300] {processor.py:840} INFO - DAG(s) 'example_trigger_target_dag' retrieved from /Users/davispecia/Documents/GitHub/Pf_pipeline_dados/Projeto_final_fase3/venv/lib/python3.9/site-packages/airflow/example_dags/example_trigger_target_dag.py
[2025-11-27T15:00:03.402-0300] {logging_mixin.py:188} INFO - [2025-11-27T15:00:03.402-0300] {dag.py:3089} INFO - Sync 1 DAGs
[2025-11-27T15:00:03.407-0300] {logging_mixin.py:188} INFO - [2025-11-27T15:00:03.407-0300] {dag.py:3947} INFO - Setting next_dagrun for example_trigger_target_dag to None, run_after=None
[2025-11-27T15:00:03.416-0300] {processor.py:183} INFO - Processing /Users/davispecia/Documents/GitHub/Pf_pipeline_dados/Projeto_final_fase3/venv/lib/python3.9/site-packages/airflow/example_dags/example_trigger_target_dag.py took 0.101 seconds
[2025-11-27T15:01:14.034-0300] {processor.py:161} INFO - Started process (PID=11871) to work on /Users/davispecia/Documents/GitHub/Pf_pipeline_dados/Projeto_final_fase3/venv/lib/python3.9/site-packages/airflow/example_dags/example_trigger_target_dag.py
[2025-11-27T15:01:14.035-0300] {processor.py:830} INFO - Processing file /Users/davispecia/Documents/GitHub/Pf_pipeline_dados/Projeto_final_fase3/venv/lib/python3.9/site-packages/airflow/example_dags/example_trigger_target_dag.py for tasks to queue
[2025-11-27T15:01:14.036-0300] {logging_mixin.py:188} INFO - [2025-11-27T15:01:14.036-0300] {dagbag.py:545} INFO - Filling up the DagBag from /Users/davispecia/Documents/GitHub/Pf_pipeline_dados/Projeto_final_fase3/venv/lib/python3.9/site-packages/airflow/example_dags/example_trigger_target_dag.py
[2025-11-27T15:01:14.052-0300] {processor.py:840} INFO - DAG(s) 'example_trigger_target_dag' retrieved from /Users/davispecia/Documents/GitHub/Pf_pipeline_dados/Projeto_final_fase3/venv/lib/python3.9/site-packages/airflow/example_dags/example_trigger_target_dag.py
[2025-11-27T15:01:14.120-0300] {logging_mixin.py:188} INFO - [2025-11-27T15:01:14.120-0300] {dag.py:3089} INFO - Sync 1 DAGs
[2025-11-27T15:01:14.126-0300] {logging_mixin.py:188} INFO - [2025-11-27T15:01:14.126-0300] {dag.py:3947} INFO - Setting next_dagrun for example_trigger_target_dag to None, run_after=None
[2025-11-27T15:01:14.134-0300] {processor.py:183} INFO - Processing /Users/davispecia/Documents/GitHub/Pf_pipeline_dados/Projeto_final_fase3/venv/lib/python3.9/site-packages/airflow/example_dags/example_trigger_target_dag.py took 0.102 seconds
[2025-11-27T15:02:18.262-0300] {processor.py:161} INFO - Started process (PID=12027) to work on /Users/davispecia/Documents/GitHub/Pf_pipeline_dados/Projeto_final_fase3/venv/lib/python3.9/site-packages/airflow/example_dags/example_trigger_target_dag.py
[2025-11-27T15:02:18.262-0300] {processor.py:830} INFO - Processing file /Users/davispecia/Documents/GitHub/Pf_pipeline_dados/Projeto_final_fase3/venv/lib/python3.9/site-packages/airflow/example_dags/example_trigger_target_dag.py for tasks to queue
[2025-11-27T15:02:18.263-0300] {logging_mixin.py:188} INFO - [2025-11-27T15:02:18.262-0300] {dagbag.py:545} INFO - Filling up the DagBag from /Users/davispecia/Documents/GitHub/Pf_pipeline_dados/Projeto_final_fase3/venv/lib/python3.9/site-packages/airflow/example_dags/example_trigger_target_dag.py
[2025-11-27T15:02:18.279-0300] {processor.py:840} INFO - DAG(s) 'example_trigger_target_dag' retrieved from /Users/davispecia/Documents/GitHub/Pf_pipeline_dados/Projeto_final_fase3/venv/lib/python3.9/site-packages/airflow/example_dags/example_trigger_target_dag.py
[2025-11-27T15:02:18.347-0300] {logging_mixin.py:188} INFO - [2025-11-27T15:02:18.347-0300] {dag.py:3089} INFO - Sync 1 DAGs
[2025-11-27T15:02:18.352-0300] {logging_mixin.py:188} INFO - [2025-11-27T15:02:18.352-0300] {dag.py:3947} INFO - Setting next_dagrun for example_trigger_target_dag to None, run_after=None
[2025-11-27T15:02:18.360-0300] {processor.py:183} INFO - Processing /Users/davispecia/Documents/GitHub/Pf_pipeline_dados/Projeto_final_fase3/venv/lib/python3.9/site-packages/airflow/example_dags/example_trigger_target_dag.py took 0.101 seconds
[2025-11-27T15:03:22.438-0300] {processor.py:161} INFO - Started process (PID=12181) to work on /Users/davispecia/Documents/GitHub/Pf_pipeline_dados/Projeto_final_fase3/venv/lib/python3.9/site-packages/airflow/example_dags/example_trigger_target_dag.py
[2025-11-27T15:03:22.439-0300] {processor.py:830} INFO - Processing file /Users/davispecia/Documents/GitHub/Pf_pipeline_dados/Projeto_final_fase3/venv/lib/python3.9/site-packages/airflow/example_dags/example_trigger_target_dag.py for tasks to queue
[2025-11-27T15:03:22.439-0300] {logging_mixin.py:188} INFO - [2025-11-27T15:03:22.439-0300] {dagbag.py:545} INFO - Filling up the DagBag from /Users/davispecia/Documents/GitHub/Pf_pipeline_dados/Projeto_final_fase3/venv/lib/python3.9/site-packages/airflow/example_dags/example_trigger_target_dag.py
[2025-11-27T15:03:22.455-0300] {processor.py:840} INFO - DAG(s) 'example_trigger_target_dag' retrieved from /Users/davispecia/Documents/GitHub/Pf_pipeline_dados/Projeto_final_fase3/venv/lib/python3.9/site-packages/airflow/example_dags/example_trigger_target_dag.py
[2025-11-27T15:03:22.523-0300] {logging_mixin.py:188} INFO - [2025-11-27T15:03:22.523-0300] {dag.py:3089} INFO - Sync 1 DAGs
[2025-11-27T15:03:22.529-0300] {logging_mixin.py:188} INFO - [2025-11-27T15:03:22.529-0300] {dag.py:3947} INFO - Setting next_dagrun for example_trigger_target_dag to None, run_after=None
[2025-11-27T15:03:22.538-0300] {processor.py:183} INFO - Processing /Users/davispecia/Documents/GitHub/Pf_pipeline_dados/Projeto_final_fase3/venv/lib/python3.9/site-packages/airflow/example_dags/example_trigger_target_dag.py took 0.102 seconds
[2025-11-27T15:04:25.860-0300] {processor.py:161} INFO - Started process (PID=12331) to work on /Users/davispecia/Documents/GitHub/Pf_pipeline_dados/Projeto_final_fase3/venv/lib/python3.9/site-packages/airflow/example_dags/example_trigger_target_dag.py
[2025-11-27T15:04:25.860-0300] {processor.py:830} INFO - Processing file /Users/davispecia/Documents/GitHub/Pf_pipeline_dados/Projeto_final_fase3/venv/lib/python3.9/site-packages/airflow/example_dags/example_trigger_target_dag.py for tasks to queue
[2025-11-27T15:04:25.861-0300] {logging_mixin.py:188} INFO - [2025-11-27T15:04:25.861-0300] {dagbag.py:545} INFO - Filling up the DagBag from /Users/davispecia/Documents/GitHub/Pf_pipeline_dados/Projeto_final_fase3/venv/lib/python3.9/site-packages/airflow/example_dags/example_trigger_target_dag.py
[2025-11-27T15:04:25.877-0300] {processor.py:840} INFO - DAG(s) 'example_trigger_target_dag' retrieved from /Users/davispecia/Documents/GitHub/Pf_pipeline_dados/Projeto_final_fase3/venv/lib/python3.9/site-packages/airflow/example_dags/example_trigger_target_dag.py
[2025-11-27T15:04:25.945-0300] {logging_mixin.py:188} INFO - [2025-11-27T15:04:25.945-0300] {dag.py:3089} INFO - Sync 1 DAGs
[2025-11-27T15:04:25.950-0300] {logging_mixin.py:188} INFO - [2025-11-27T15:04:25.950-0300] {dag.py:3947} INFO - Setting next_dagrun for example_trigger_target_dag to None, run_after=None
[2025-11-27T15:04:25.959-0300] {processor.py:183} INFO - Processing /Users/davispecia/Documents/GitHub/Pf_pipeline_dados/Projeto_final_fase3/venv/lib/python3.9/site-packages/airflow/example_dags/example_trigger_target_dag.py took 0.101 seconds
[2025-11-27T15:05:27.915-0300] {processor.py:161} INFO - Started process (PID=12476) to work on /Users/davispecia/Documents/GitHub/Pf_pipeline_dados/Projeto_final_fase3/venv/lib/python3.9/site-packages/airflow/example_dags/example_trigger_target_dag.py
[2025-11-27T15:05:27.916-0300] {processor.py:830} INFO - Processing file /Users/davispecia/Documents/GitHub/Pf_pipeline_dados/Projeto_final_fase3/venv/lib/python3.9/site-packages/airflow/example_dags/example_trigger_target_dag.py for tasks to queue
[2025-11-27T15:05:27.916-0300] {logging_mixin.py:188} INFO - [2025-11-27T15:05:27.916-0300] {dagbag.py:545} INFO - Filling up the DagBag from /Users/davispecia/Documents/GitHub/Pf_pipeline_dados/Projeto_final_fase3/venv/lib/python3.9/site-packages/airflow/example_dags/example_trigger_target_dag.py
[2025-11-27T15:05:27.933-0300] {processor.py:840} INFO - DAG(s) 'example_trigger_target_dag' retrieved from /Users/davispecia/Documents/GitHub/Pf_pipeline_dados/Projeto_final_fase3/venv/lib/python3.9/site-packages/airflow/example_dags/example_trigger_target_dag.py
[2025-11-27T15:05:27.999-0300] {logging_mixin.py:188} INFO - [2025-11-27T15:05:27.999-0300] {dag.py:3089} INFO - Sync 1 DAGs
[2025-11-27T15:05:28.004-0300] {logging_mixin.py:188} INFO - [2025-11-27T15:05:28.004-0300] {dag.py:3947} INFO - Setting next_dagrun for example_trigger_target_dag to None, run_after=None
[2025-11-27T15:05:28.013-0300] {processor.py:183} INFO - Processing /Users/davispecia/Documents/GitHub/Pf_pipeline_dados/Projeto_final_fase3/venv/lib/python3.9/site-packages/airflow/example_dags/example_trigger_target_dag.py took 0.100 seconds
[2025-11-27T15:06:31.942-0300] {processor.py:161} INFO - Started process (PID=12642) to work on /Users/davispecia/Documents/GitHub/Pf_pipeline_dados/Projeto_final_fase3/venv/lib/python3.9/site-packages/airflow/example_dags/example_trigger_target_dag.py
[2025-11-27T15:06:31.943-0300] {processor.py:830} INFO - Processing file /Users/davispecia/Documents/GitHub/Pf_pipeline_dados/Projeto_final_fase3/venv/lib/python3.9/site-packages/airflow/example_dags/example_trigger_target_dag.py for tasks to queue
[2025-11-27T15:06:31.943-0300] {logging_mixin.py:188} INFO - [2025-11-27T15:06:31.943-0300] {dagbag.py:545} INFO - Filling up the DagBag from /Users/davispecia/Documents/GitHub/Pf_pipeline_dados/Projeto_final_fase3/venv/lib/python3.9/site-packages/airflow/example_dags/example_trigger_target_dag.py
[2025-11-27T15:06:31.960-0300] {processor.py:840} INFO - DAG(s) 'example_trigger_target_dag' retrieved from /Users/davispecia/Documents/GitHub/Pf_pipeline_dados/Projeto_final_fase3/venv/lib/python3.9/site-packages/airflow/example_dags/example_trigger_target_dag.py
[2025-11-27T15:06:32.028-0300] {logging_mixin.py:188} INFO - [2025-11-27T15:06:32.028-0300] {dag.py:3089} INFO - Sync 1 DAGs
[2025-11-27T15:06:32.033-0300] {logging_mixin.py:188} INFO - [2025-11-27T15:06:32.033-0300] {dag.py:3947} INFO - Setting next_dagrun for example_trigger_target_dag to None, run_after=None
[2025-11-27T15:06:32.044-0300] {processor.py:183} INFO - Processing /Users/davispecia/Documents/GitHub/Pf_pipeline_dados/Projeto_final_fase3/venv/lib/python3.9/site-packages/airflow/example_dags/example_trigger_target_dag.py took 0.104 seconds
[2025-11-27T15:07:45.335-0300] {processor.py:161} INFO - Started process (PID=12866) to work on /Users/davispecia/Documents/GitHub/Pf_pipeline_dados/Projeto_final_fase3/venv/lib/python3.9/site-packages/airflow/example_dags/example_trigger_target_dag.py
[2025-11-27T15:07:45.336-0300] {processor.py:830} INFO - Processing file /Users/davispecia/Documents/GitHub/Pf_pipeline_dados/Projeto_final_fase3/venv/lib/python3.9/site-packages/airflow/example_dags/example_trigger_target_dag.py for tasks to queue
[2025-11-27T15:07:45.336-0300] {logging_mixin.py:188} INFO - [2025-11-27T15:07:45.336-0300] {dagbag.py:545} INFO - Filling up the DagBag from /Users/davispecia/Documents/GitHub/Pf_pipeline_dados/Projeto_final_fase3/venv/lib/python3.9/site-packages/airflow/example_dags/example_trigger_target_dag.py
[2025-11-27T15:07:45.354-0300] {processor.py:840} INFO - DAG(s) 'example_trigger_target_dag' retrieved from /Users/davispecia/Documents/GitHub/Pf_pipeline_dados/Projeto_final_fase3/venv/lib/python3.9/site-packages/airflow/example_dags/example_trigger_target_dag.py
[2025-11-27T15:07:45.425-0300] {logging_mixin.py:188} INFO - [2025-11-27T15:07:45.425-0300] {dag.py:3089} INFO - Sync 1 DAGs
[2025-11-27T15:07:45.431-0300] {logging_mixin.py:188} INFO - [2025-11-27T15:07:45.430-0300] {dag.py:3947} INFO - Setting next_dagrun for example_trigger_target_dag to None, run_after=None
[2025-11-27T15:07:45.440-0300] {processor.py:183} INFO - Processing /Users/davispecia/Documents/GitHub/Pf_pipeline_dados/Projeto_final_fase3/venv/lib/python3.9/site-packages/airflow/example_dags/example_trigger_target_dag.py took 0.108 seconds
[2025-11-27T15:08:47.410-0300] {processor.py:161} INFO - Started process (PID=13017) to work on /Users/davispecia/Documents/GitHub/Pf_pipeline_dados/Projeto_final_fase3/venv/lib/python3.9/site-packages/airflow/example_dags/example_trigger_target_dag.py
[2025-11-27T15:08:47.411-0300] {processor.py:830} INFO - Processing file /Users/davispecia/Documents/GitHub/Pf_pipeline_dados/Projeto_final_fase3/venv/lib/python3.9/site-packages/airflow/example_dags/example_trigger_target_dag.py for tasks to queue
[2025-11-27T15:08:47.412-0300] {logging_mixin.py:188} INFO - [2025-11-27T15:08:47.412-0300] {dagbag.py:545} INFO - Filling up the DagBag from /Users/davispecia/Documents/GitHub/Pf_pipeline_dados/Projeto_final_fase3/venv/lib/python3.9/site-packages/airflow/example_dags/example_trigger_target_dag.py
[2025-11-27T15:08:47.428-0300] {processor.py:840} INFO - DAG(s) 'example_trigger_target_dag' retrieved from /Users/davispecia/Documents/GitHub/Pf_pipeline_dados/Projeto_final_fase3/venv/lib/python3.9/site-packages/airflow/example_dags/example_trigger_target_dag.py
[2025-11-27T15:08:47.496-0300] {logging_mixin.py:188} INFO - [2025-11-27T15:08:47.496-0300] {dag.py:3089} INFO - Sync 1 DAGs
[2025-11-27T15:08:47.501-0300] {logging_mixin.py:188} INFO - [2025-11-27T15:08:47.501-0300] {dag.py:3947} INFO - Setting next_dagrun for example_trigger_target_dag to None, run_after=None
[2025-11-27T15:08:47.509-0300] {processor.py:183} INFO - Processing /Users/davispecia/Documents/GitHub/Pf_pipeline_dados/Projeto_final_fase3/venv/lib/python3.9/site-packages/airflow/example_dags/example_trigger_target_dag.py took 0.101 seconds
[2025-11-27T15:09:51.059-0300] {processor.py:161} INFO - Started process (PID=13170) to work on /Users/davispecia/Documents/GitHub/Pf_pipeline_dados/Projeto_final_fase3/venv/lib/python3.9/site-packages/airflow/example_dags/example_trigger_target_dag.py
[2025-11-27T15:09:51.060-0300] {processor.py:830} INFO - Processing file /Users/davispecia/Documents/GitHub/Pf_pipeline_dados/Projeto_final_fase3/venv/lib/python3.9/site-packages/airflow/example_dags/example_trigger_target_dag.py for tasks to queue
[2025-11-27T15:09:51.061-0300] {logging_mixin.py:188} INFO - [2025-11-27T15:09:51.061-0300] {dagbag.py:545} INFO - Filling up the DagBag from /Users/davispecia/Documents/GitHub/Pf_pipeline_dados/Projeto_final_fase3/venv/lib/python3.9/site-packages/airflow/example_dags/example_trigger_target_dag.py
[2025-11-27T15:09:51.077-0300] {processor.py:840} INFO - DAG(s) 'example_trigger_target_dag' retrieved from /Users/davispecia/Documents/GitHub/Pf_pipeline_dados/Projeto_final_fase3/venv/lib/python3.9/site-packages/airflow/example_dags/example_trigger_target_dag.py
[2025-11-27T15:09:51.144-0300] {logging_mixin.py:188} INFO - [2025-11-27T15:09:51.144-0300] {dag.py:3089} INFO - Sync 1 DAGs
[2025-11-27T15:09:51.149-0300] {logging_mixin.py:188} INFO - [2025-11-27T15:09:51.149-0300] {dag.py:3947} INFO - Setting next_dagrun for example_trigger_target_dag to None, run_after=None
[2025-11-27T15:09:51.158-0300] {processor.py:183} INFO - Processing /Users/davispecia/Documents/GitHub/Pf_pipeline_dados/Projeto_final_fase3/venv/lib/python3.9/site-packages/airflow/example_dags/example_trigger_target_dag.py took 0.101 seconds
[2025-11-27T15:10:54.012-0300] {processor.py:161} INFO - Started process (PID=13318) to work on /Users/davispecia/Documents/GitHub/Pf_pipeline_dados/Projeto_final_fase3/venv/lib/python3.9/site-packages/airflow/example_dags/example_trigger_target_dag.py
[2025-11-27T15:10:54.014-0300] {processor.py:830} INFO - Processing file /Users/davispecia/Documents/GitHub/Pf_pipeline_dados/Projeto_final_fase3/venv/lib/python3.9/site-packages/airflow/example_dags/example_trigger_target_dag.py for tasks to queue
[2025-11-27T15:10:54.014-0300] {logging_mixin.py:188} INFO - [2025-11-27T15:10:54.014-0300] {dagbag.py:545} INFO - Filling up the DagBag from /Users/davispecia/Documents/GitHub/Pf_pipeline_dados/Projeto_final_fase3/venv/lib/python3.9/site-packages/airflow/example_dags/example_trigger_target_dag.py
[2025-11-27T15:10:54.031-0300] {processor.py:840} INFO - DAG(s) 'example_trigger_target_dag' retrieved from /Users/davispecia/Documents/GitHub/Pf_pipeline_dados/Projeto_final_fase3/venv/lib/python3.9/site-packages/airflow/example_dags/example_trigger_target_dag.py
[2025-11-27T15:10:54.098-0300] {logging_mixin.py:188} INFO - [2025-11-27T15:10:54.098-0300] {dag.py:3089} INFO - Sync 1 DAGs
[2025-11-27T15:10:54.103-0300] {logging_mixin.py:188} INFO - [2025-11-27T15:10:54.103-0300] {dag.py:3947} INFO - Setting next_dagrun for example_trigger_target_dag to None, run_after=None
[2025-11-27T15:10:54.112-0300] {processor.py:183} INFO - Processing /Users/davispecia/Documents/GitHub/Pf_pipeline_dados/Projeto_final_fase3/venv/lib/python3.9/site-packages/airflow/example_dags/example_trigger_target_dag.py took 0.101 seconds
[2025-11-27T15:11:58.225-0300] {processor.py:161} INFO - Started process (PID=13529) to work on /Users/davispecia/Documents/GitHub/Pf_pipeline_dados/Projeto_final_fase3/venv/lib/python3.9/site-packages/airflow/example_dags/example_trigger_target_dag.py
[2025-11-27T15:11:58.226-0300] {processor.py:830} INFO - Processing file /Users/davispecia/Documents/GitHub/Pf_pipeline_dados/Projeto_final_fase3/venv/lib/python3.9/site-packages/airflow/example_dags/example_trigger_target_dag.py for tasks to queue
[2025-11-27T15:11:58.226-0300] {logging_mixin.py:188} INFO - [2025-11-27T15:11:58.226-0300] {dagbag.py:545} INFO - Filling up the DagBag from /Users/davispecia/Documents/GitHub/Pf_pipeline_dados/Projeto_final_fase3/venv/lib/python3.9/site-packages/airflow/example_dags/example_trigger_target_dag.py
[2025-11-27T15:11:58.243-0300] {processor.py:840} INFO - DAG(s) 'example_trigger_target_dag' retrieved from /Users/davispecia/Documents/GitHub/Pf_pipeline_dados/Projeto_final_fase3/venv/lib/python3.9/site-packages/airflow/example_dags/example_trigger_target_dag.py
[2025-11-27T15:11:58.312-0300] {logging_mixin.py:188} INFO - [2025-11-27T15:11:58.312-0300] {dag.py:3089} INFO - Sync 1 DAGs
[2025-11-27T15:11:58.317-0300] {logging_mixin.py:188} INFO - [2025-11-27T15:11:58.317-0300] {dag.py:3947} INFO - Setting next_dagrun for example_trigger_target_dag to None, run_after=None
[2025-11-27T15:11:58.325-0300] {processor.py:183} INFO - Processing /Users/davispecia/Documents/GitHub/Pf_pipeline_dados/Projeto_final_fase3/venv/lib/python3.9/site-packages/airflow/example_dags/example_trigger_target_dag.py took 0.102 seconds
[2025-11-27T15:13:09.275-0300] {processor.py:161} INFO - Started process (PID=13779) to work on /Users/davispecia/Documents/GitHub/Pf_pipeline_dados/Projeto_final_fase3/venv/lib/python3.9/site-packages/airflow/example_dags/example_trigger_target_dag.py
[2025-11-27T15:13:09.276-0300] {processor.py:830} INFO - Processing file /Users/davispecia/Documents/GitHub/Pf_pipeline_dados/Projeto_final_fase3/venv/lib/python3.9/site-packages/airflow/example_dags/example_trigger_target_dag.py for tasks to queue
[2025-11-27T15:13:09.276-0300] {logging_mixin.py:188} INFO - [2025-11-27T15:13:09.276-0300] {dagbag.py:545} INFO - Filling up the DagBag from /Users/davispecia/Documents/GitHub/Pf_pipeline_dados/Projeto_final_fase3/venv/lib/python3.9/site-packages/airflow/example_dags/example_trigger_target_dag.py
[2025-11-27T15:13:09.294-0300] {processor.py:840} INFO - DAG(s) 'example_trigger_target_dag' retrieved from /Users/davispecia/Documents/GitHub/Pf_pipeline_dados/Projeto_final_fase3/venv/lib/python3.9/site-packages/airflow/example_dags/example_trigger_target_dag.py
[2025-11-27T15:13:09.361-0300] {logging_mixin.py:188} INFO - [2025-11-27T15:13:09.361-0300] {dag.py:3089} INFO - Sync 1 DAGs
[2025-11-27T15:13:09.366-0300] {logging_mixin.py:188} INFO - [2025-11-27T15:13:09.366-0300] {dag.py:3947} INFO - Setting next_dagrun for example_trigger_target_dag to None, run_after=None
[2025-11-27T15:13:09.375-0300] {processor.py:183} INFO - Processing /Users/davispecia/Documents/GitHub/Pf_pipeline_dados/Projeto_final_fase3/venv/lib/python3.9/site-packages/airflow/example_dags/example_trigger_target_dag.py took 0.102 seconds
[2025-11-27T15:14:09.006-0300] {processor.py:161} INFO - Started process (PID=13942) to work on /Users/davispecia/Documents/GitHub/Pf_pipeline_dados/Projeto_final_fase3/venv/lib/python3.9/site-packages/airflow/example_dags/example_trigger_target_dag.py
[2025-11-27T15:14:09.007-0300] {processor.py:830} INFO - Processing file /Users/davispecia/Documents/GitHub/Pf_pipeline_dados/Projeto_final_fase3/venv/lib/python3.9/site-packages/airflow/example_dags/example_trigger_target_dag.py for tasks to queue
[2025-11-27T15:14:09.007-0300] {logging_mixin.py:188} INFO - [2025-11-27T15:14:09.007-0300] {dagbag.py:545} INFO - Filling up the DagBag from /Users/davispecia/Documents/GitHub/Pf_pipeline_dados/Projeto_final_fase3/venv/lib/python3.9/site-packages/airflow/example_dags/example_trigger_target_dag.py
[2025-11-27T15:14:09.024-0300] {processor.py:840} INFO - DAG(s) 'example_trigger_target_dag' retrieved from /Users/davispecia/Documents/GitHub/Pf_pipeline_dados/Projeto_final_fase3/venv/lib/python3.9/site-packages/airflow/example_dags/example_trigger_target_dag.py
[2025-11-27T15:14:09.092-0300] {logging_mixin.py:188} INFO - [2025-11-27T15:14:09.092-0300] {dag.py:3089} INFO - Sync 1 DAGs
[2025-11-27T15:14:09.097-0300] {logging_mixin.py:188} INFO - [2025-11-27T15:14:09.097-0300] {dag.py:3947} INFO - Setting next_dagrun for example_trigger_target_dag to None, run_after=None
[2025-11-27T15:14:09.107-0300] {processor.py:183} INFO - Processing /Users/davispecia/Documents/GitHub/Pf_pipeline_dados/Projeto_final_fase3/venv/lib/python3.9/site-packages/airflow/example_dags/example_trigger_target_dag.py took 0.103 seconds
[2025-11-27T15:15:06.906-0300] {processor.py:161} INFO - Started process (PID=14082) to work on /Users/davispecia/Documents/GitHub/Pf_pipeline_dados/Projeto_final_fase3/venv/lib/python3.9/site-packages/airflow/example_dags/example_trigger_target_dag.py
[2025-11-27T15:15:06.907-0300] {processor.py:830} INFO - Processing file /Users/davispecia/Documents/GitHub/Pf_pipeline_dados/Projeto_final_fase3/venv/lib/python3.9/site-packages/airflow/example_dags/example_trigger_target_dag.py for tasks to queue
[2025-11-27T15:15:06.907-0300] {logging_mixin.py:188} INFO - [2025-11-27T15:15:06.907-0300] {dagbag.py:545} INFO - Filling up the DagBag from /Users/davispecia/Documents/GitHub/Pf_pipeline_dados/Projeto_final_fase3/venv/lib/python3.9/site-packages/airflow/example_dags/example_trigger_target_dag.py
[2025-11-27T15:15:06.925-0300] {processor.py:840} INFO - DAG(s) 'example_trigger_target_dag' retrieved from /Users/davispecia/Documents/GitHub/Pf_pipeline_dados/Projeto_final_fase3/venv/lib/python3.9/site-packages/airflow/example_dags/example_trigger_target_dag.py
[2025-11-27T15:15:06.993-0300] {logging_mixin.py:188} INFO - [2025-11-27T15:15:06.993-0300] {dag.py:3089} INFO - Sync 1 DAGs
[2025-11-27T15:15:06.998-0300] {logging_mixin.py:188} INFO - [2025-11-27T15:15:06.998-0300] {dag.py:3947} INFO - Setting next_dagrun for example_trigger_target_dag to None, run_after=None
[2025-11-27T15:15:07.007-0300] {processor.py:183} INFO - Processing /Users/davispecia/Documents/GitHub/Pf_pipeline_dados/Projeto_final_fase3/venv/lib/python3.9/site-packages/airflow/example_dags/example_trigger_target_dag.py took 0.103 seconds
[2025-11-27T15:16:05.279-0300] {processor.py:161} INFO - Started process (PID=14221) to work on /Users/davispecia/Documents/GitHub/Pf_pipeline_dados/Projeto_final_fase3/venv/lib/python3.9/site-packages/airflow/example_dags/example_trigger_target_dag.py
[2025-11-27T15:16:05.279-0300] {processor.py:830} INFO - Processing file /Users/davispecia/Documents/GitHub/Pf_pipeline_dados/Projeto_final_fase3/venv/lib/python3.9/site-packages/airflow/example_dags/example_trigger_target_dag.py for tasks to queue
[2025-11-27T15:16:05.280-0300] {logging_mixin.py:188} INFO - [2025-11-27T15:16:05.280-0300] {dagbag.py:545} INFO - Filling up the DagBag from /Users/davispecia/Documents/GitHub/Pf_pipeline_dados/Projeto_final_fase3/venv/lib/python3.9/site-packages/airflow/example_dags/example_trigger_target_dag.py
[2025-11-27T15:16:05.297-0300] {processor.py:840} INFO - DAG(s) 'example_trigger_target_dag' retrieved from /Users/davispecia/Documents/GitHub/Pf_pipeline_dados/Projeto_final_fase3/venv/lib/python3.9/site-packages/airflow/example_dags/example_trigger_target_dag.py
[2025-11-27T15:16:05.364-0300] {logging_mixin.py:188} INFO - [2025-11-27T15:16:05.364-0300] {dag.py:3089} INFO - Sync 1 DAGs
[2025-11-27T15:16:05.370-0300] {logging_mixin.py:188} INFO - [2025-11-27T15:16:05.370-0300] {dag.py:3947} INFO - Setting next_dagrun for example_trigger_target_dag to None, run_after=None
[2025-11-27T15:16:05.378-0300] {processor.py:183} INFO - Processing /Users/davispecia/Documents/GitHub/Pf_pipeline_dados/Projeto_final_fase3/venv/lib/python3.9/site-packages/airflow/example_dags/example_trigger_target_dag.py took 0.102 seconds
[2025-11-27T15:17:05.778-0300] {processor.py:161} INFO - Started process (PID=14371) to work on /Users/davispecia/Documents/GitHub/Pf_pipeline_dados/Projeto_final_fase3/venv/lib/python3.9/site-packages/airflow/example_dags/example_trigger_target_dag.py
[2025-11-27T15:17:05.780-0300] {processor.py:830} INFO - Processing file /Users/davispecia/Documents/GitHub/Pf_pipeline_dados/Projeto_final_fase3/venv/lib/python3.9/site-packages/airflow/example_dags/example_trigger_target_dag.py for tasks to queue
[2025-11-27T15:17:05.780-0300] {logging_mixin.py:188} INFO - [2025-11-27T15:17:05.780-0300] {dagbag.py:545} INFO - Filling up the DagBag from /Users/davispecia/Documents/GitHub/Pf_pipeline_dados/Projeto_final_fase3/venv/lib/python3.9/site-packages/airflow/example_dags/example_trigger_target_dag.py
[2025-11-27T15:17:05.797-0300] {processor.py:840} INFO - DAG(s) 'example_trigger_target_dag' retrieved from /Users/davispecia/Documents/GitHub/Pf_pipeline_dados/Projeto_final_fase3/venv/lib/python3.9/site-packages/airflow/example_dags/example_trigger_target_dag.py
[2025-11-27T15:17:05.864-0300] {logging_mixin.py:188} INFO - [2025-11-27T15:17:05.864-0300] {dag.py:3089} INFO - Sync 1 DAGs
[2025-11-27T15:17:05.869-0300] {logging_mixin.py:188} INFO - [2025-11-27T15:17:05.869-0300] {dag.py:3947} INFO - Setting next_dagrun for example_trigger_target_dag to None, run_after=None
[2025-11-27T15:17:05.878-0300] {processor.py:183} INFO - Processing /Users/davispecia/Documents/GitHub/Pf_pipeline_dados/Projeto_final_fase3/venv/lib/python3.9/site-packages/airflow/example_dags/example_trigger_target_dag.py took 0.102 seconds
[2025-11-27T15:18:16.842-0300] {processor.py:161} INFO - Started process (PID=14609) to work on /Users/davispecia/Documents/GitHub/Pf_pipeline_dados/Projeto_final_fase3/venv/lib/python3.9/site-packages/airflow/example_dags/example_trigger_target_dag.py
[2025-11-27T15:18:16.843-0300] {processor.py:830} INFO - Processing file /Users/davispecia/Documents/GitHub/Pf_pipeline_dados/Projeto_final_fase3/venv/lib/python3.9/site-packages/airflow/example_dags/example_trigger_target_dag.py for tasks to queue
[2025-11-27T15:18:16.844-0300] {logging_mixin.py:188} INFO - [2025-11-27T15:18:16.844-0300] {dagbag.py:545} INFO - Filling up the DagBag from /Users/davispecia/Documents/GitHub/Pf_pipeline_dados/Projeto_final_fase3/venv/lib/python3.9/site-packages/airflow/example_dags/example_trigger_target_dag.py
[2025-11-27T15:18:16.860-0300] {processor.py:840} INFO - DAG(s) 'example_trigger_target_dag' retrieved from /Users/davispecia/Documents/GitHub/Pf_pipeline_dados/Projeto_final_fase3/venv/lib/python3.9/site-packages/airflow/example_dags/example_trigger_target_dag.py
[2025-11-27T15:18:16.928-0300] {logging_mixin.py:188} INFO - [2025-11-27T15:18:16.928-0300] {dag.py:3089} INFO - Sync 1 DAGs
[2025-11-27T15:18:16.933-0300] {logging_mixin.py:188} INFO - [2025-11-27T15:18:16.933-0300] {dag.py:3947} INFO - Setting next_dagrun for example_trigger_target_dag to None, run_after=None
[2025-11-27T15:18:16.942-0300] {processor.py:183} INFO - Processing /Users/davispecia/Documents/GitHub/Pf_pipeline_dados/Projeto_final_fase3/venv/lib/python3.9/site-packages/airflow/example_dags/example_trigger_target_dag.py took 0.103 seconds
[2025-11-27T15:19:15.882-0300] {processor.py:161} INFO - Started process (PID=14748) to work on /Users/davispecia/Documents/GitHub/Pf_pipeline_dados/Projeto_final_fase3/venv/lib/python3.9/site-packages/airflow/example_dags/example_trigger_target_dag.py
[2025-11-27T15:19:15.883-0300] {processor.py:830} INFO - Processing file /Users/davispecia/Documents/GitHub/Pf_pipeline_dados/Projeto_final_fase3/venv/lib/python3.9/site-packages/airflow/example_dags/example_trigger_target_dag.py for tasks to queue
[2025-11-27T15:19:15.883-0300] {logging_mixin.py:188} INFO - [2025-11-27T15:19:15.883-0300] {dagbag.py:545} INFO - Filling up the DagBag from /Users/davispecia/Documents/GitHub/Pf_pipeline_dados/Projeto_final_fase3/venv/lib/python3.9/site-packages/airflow/example_dags/example_trigger_target_dag.py
[2025-11-27T15:19:15.900-0300] {processor.py:840} INFO - DAG(s) 'example_trigger_target_dag' retrieved from /Users/davispecia/Documents/GitHub/Pf_pipeline_dados/Projeto_final_fase3/venv/lib/python3.9/site-packages/airflow/example_dags/example_trigger_target_dag.py
[2025-11-27T15:19:15.968-0300] {logging_mixin.py:188} INFO - [2025-11-27T15:19:15.967-0300] {dag.py:3089} INFO - Sync 1 DAGs
[2025-11-27T15:19:15.973-0300] {logging_mixin.py:188} INFO - [2025-11-27T15:19:15.973-0300] {dag.py:3947} INFO - Setting next_dagrun for example_trigger_target_dag to None, run_after=None
[2025-11-27T15:19:15.982-0300] {processor.py:183} INFO - Processing /Users/davispecia/Documents/GitHub/Pf_pipeline_dados/Projeto_final_fase3/venv/lib/python3.9/site-packages/airflow/example_dags/example_trigger_target_dag.py took 0.102 seconds
[2025-11-27T15:23:50.403-0300] {processor.py:161} INFO - Started process (PID=14951) to work on /Users/davispecia/Documents/GitHub/Pf_pipeline_dados/Projeto_final_fase3/venv/lib/python3.9/site-packages/airflow/example_dags/example_trigger_target_dag.py
[2025-11-27T15:23:50.403-0300] {processor.py:830} INFO - Processing file /Users/davispecia/Documents/GitHub/Pf_pipeline_dados/Projeto_final_fase3/venv/lib/python3.9/site-packages/airflow/example_dags/example_trigger_target_dag.py for tasks to queue
[2025-11-27T15:23:50.404-0300] {logging_mixin.py:188} INFO - [2025-11-27T15:23:50.403-0300] {dagbag.py:545} INFO - Filling up the DagBag from /Users/davispecia/Documents/GitHub/Pf_pipeline_dados/Projeto_final_fase3/venv/lib/python3.9/site-packages/airflow/example_dags/example_trigger_target_dag.py
[2025-11-27T15:23:50.421-0300] {processor.py:840} INFO - DAG(s) 'example_trigger_target_dag' retrieved from /Users/davispecia/Documents/GitHub/Pf_pipeline_dados/Projeto_final_fase3/venv/lib/python3.9/site-packages/airflow/example_dags/example_trigger_target_dag.py
[2025-11-27T15:23:50.495-0300] {logging_mixin.py:188} INFO - [2025-11-27T15:23:50.495-0300] {dag.py:3089} INFO - Sync 1 DAGs
[2025-11-27T15:23:50.502-0300] {logging_mixin.py:188} INFO - [2025-11-27T15:23:50.502-0300] {dag.py:3947} INFO - Setting next_dagrun for example_trigger_target_dag to None, run_after=None
[2025-11-27T15:23:50.513-0300] {processor.py:183} INFO - Processing /Users/davispecia/Documents/GitHub/Pf_pipeline_dados/Projeto_final_fase3/venv/lib/python3.9/site-packages/airflow/example_dags/example_trigger_target_dag.py took 0.113 seconds
[2025-11-27T15:25:01.147-0300] {processor.py:161} INFO - Started process (PID=15186) to work on /Users/davispecia/Documents/GitHub/Pf_pipeline_dados/Projeto_final_fase3/venv/lib/python3.9/site-packages/airflow/example_dags/example_trigger_target_dag.py
[2025-11-27T15:25:01.149-0300] {processor.py:830} INFO - Processing file /Users/davispecia/Documents/GitHub/Pf_pipeline_dados/Projeto_final_fase3/venv/lib/python3.9/site-packages/airflow/example_dags/example_trigger_target_dag.py for tasks to queue
[2025-11-27T15:25:01.149-0300] {logging_mixin.py:188} INFO - [2025-11-27T15:25:01.149-0300] {dagbag.py:545} INFO - Filling up the DagBag from /Users/davispecia/Documents/GitHub/Pf_pipeline_dados/Projeto_final_fase3/venv/lib/python3.9/site-packages/airflow/example_dags/example_trigger_target_dag.py
[2025-11-27T15:25:01.166-0300] {processor.py:840} INFO - DAG(s) 'example_trigger_target_dag' retrieved from /Users/davispecia/Documents/GitHub/Pf_pipeline_dados/Projeto_final_fase3/venv/lib/python3.9/site-packages/airflow/example_dags/example_trigger_target_dag.py
[2025-11-27T15:25:01.236-0300] {logging_mixin.py:188} INFO - [2025-11-27T15:25:01.236-0300] {dag.py:3089} INFO - Sync 1 DAGs
[2025-11-27T15:25:01.242-0300] {logging_mixin.py:188} INFO - [2025-11-27T15:25:01.242-0300] {dag.py:3947} INFO - Setting next_dagrun for example_trigger_target_dag to None, run_after=None
[2025-11-27T15:25:01.252-0300] {processor.py:183} INFO - Processing /Users/davispecia/Documents/GitHub/Pf_pipeline_dados/Projeto_final_fase3/venv/lib/python3.9/site-packages/airflow/example_dags/example_trigger_target_dag.py took 0.106 seconds
[2025-11-27T15:26:03.878-0300] {processor.py:161} INFO - Started process (PID=15342) to work on /Users/davispecia/Documents/GitHub/Pf_pipeline_dados/Projeto_final_fase3/venv/lib/python3.9/site-packages/airflow/example_dags/example_trigger_target_dag.py
[2025-11-27T15:26:03.880-0300] {processor.py:830} INFO - Processing file /Users/davispecia/Documents/GitHub/Pf_pipeline_dados/Projeto_final_fase3/venv/lib/python3.9/site-packages/airflow/example_dags/example_trigger_target_dag.py for tasks to queue
[2025-11-27T15:26:03.880-0300] {logging_mixin.py:188} INFO - [2025-11-27T15:26:03.880-0300] {dagbag.py:545} INFO - Filling up the DagBag from /Users/davispecia/Documents/GitHub/Pf_pipeline_dados/Projeto_final_fase3/venv/lib/python3.9/site-packages/airflow/example_dags/example_trigger_target_dag.py
[2025-11-27T15:26:03.897-0300] {processor.py:840} INFO - DAG(s) 'example_trigger_target_dag' retrieved from /Users/davispecia/Documents/GitHub/Pf_pipeline_dados/Projeto_final_fase3/venv/lib/python3.9/site-packages/airflow/example_dags/example_trigger_target_dag.py
[2025-11-27T15:26:03.965-0300] {logging_mixin.py:188} INFO - [2025-11-27T15:26:03.965-0300] {dag.py:3089} INFO - Sync 1 DAGs
[2025-11-27T15:26:03.970-0300] {logging_mixin.py:188} INFO - [2025-11-27T15:26:03.970-0300] {dag.py:3947} INFO - Setting next_dagrun for example_trigger_target_dag to None, run_after=None
[2025-11-27T15:26:03.979-0300] {processor.py:183} INFO - Processing /Users/davispecia/Documents/GitHub/Pf_pipeline_dados/Projeto_final_fase3/venv/lib/python3.9/site-packages/airflow/example_dags/example_trigger_target_dag.py took 0.103 seconds
