[2025-11-27T11:12:13.314-0300] {processor.py:161} INFO - Started process (PID=88805) to work on /Users/davispecia/Documents/GitHub/Pf_pipeline_dados/Projeto_final_fase3/venv/lib/python3.9/site-packages/airflow/example_dags/example_subdag_operator.py
[2025-11-27T11:12:13.315-0300] {processor.py:830} INFO - Processing file /Users/davispecia/Documents/GitHub/Pf_pipeline_dados/Projeto_final_fase3/venv/lib/python3.9/site-packages/airflow/example_dags/example_subdag_operator.py for tasks to queue
[2025-11-27T11:12:13.315-0300] {logging_mixin.py:188} INFO - [2025-11-27T11:12:13.315-0300] {dagbag.py:545} INFO - Filling up the DagBag from /Users/davispecia/Documents/GitHub/Pf_pipeline_dados/Projeto_final_fase3/venv/lib/python3.9/site-packages/airflow/example_dags/example_subdag_operator.py
[2025-11-27T11:12:13.370-0300] {processor.py:840} INFO - DAG(s) 'example_subdag_operator.section-1', 'example_subdag_operator.section-2', 'example_subdag_operator' retrieved from /Users/davispecia/Documents/GitHub/Pf_pipeline_dados/Projeto_final_fase3/venv/lib/python3.9/site-packages/airflow/example_dags/example_subdag_operator.py
[2025-11-27T11:12:13.453-0300] {logging_mixin.py:188} INFO - [2025-11-27T11:12:13.453-0300] {override.py:1858} INFO - Created Permission View: can read on DAG:example_subdag_operator
[2025-11-27T11:12:13.457-0300] {logging_mixin.py:188} INFO - [2025-11-27T11:12:13.457-0300] {override.py:1858} INFO - Created Permission View: can edit on DAG:example_subdag_operator
[2025-11-27T11:12:13.459-0300] {logging_mixin.py:188} INFO - [2025-11-27T11:12:13.459-0300] {override.py:1858} INFO - Created Permission View: can delete on DAG:example_subdag_operator
[2025-11-27T11:12:13.460-0300] {logging_mixin.py:188} INFO - [2025-11-27T11:12:13.459-0300] {dag.py:3089} INFO - Sync 3 DAGs
[2025-11-27T11:12:13.464-0300] {logging_mixin.py:188} INFO - [2025-11-27T11:12:13.464-0300] {dag.py:3111} INFO - Creating ORM DAG for example_subdag_operator.section-2
[2025-11-27T11:12:13.465-0300] {logging_mixin.py:188} INFO - [2025-11-27T11:12:13.465-0300] {dag.py:3111} INFO - Creating ORM DAG for example_subdag_operator
[2025-11-27T11:12:13.465-0300] {logging_mixin.py:188} INFO - [2025-11-27T11:12:13.465-0300] {dag.py:3111} INFO - Creating ORM DAG for example_subdag_operator.section-1
[2025-11-27T11:12:13.469-0300] {logging_mixin.py:188} INFO - [2025-11-27T11:12:13.469-0300] {dag.py:3947} INFO - Setting next_dagrun for example_subdag_operator to 2022-01-01 00:00:00+00:00, run_after=2022-01-01 00:00:00+00:00
[2025-11-27T11:12:13.469-0300] {logging_mixin.py:188} INFO - [2025-11-27T11:12:13.469-0300] {dag.py:3947} INFO - Setting next_dagrun for example_subdag_operator.section-1 to None, run_after=None
[2025-11-27T11:12:13.469-0300] {logging_mixin.py:188} INFO - [2025-11-27T11:12:13.469-0300] {dag.py:3947} INFO - Setting next_dagrun for example_subdag_operator.section-2 to None, run_after=None
[2025-11-27T11:12:13.472-0300] {logging_mixin.py:188} INFO - [2025-11-27T11:12:13.472-0300] {dag.py:3089} INFO - Sync 2 DAGs
[2025-11-27T11:12:13.474-0300] {logging_mixin.py:188} INFO - [2025-11-27T11:12:13.474-0300] {dag.py:3947} INFO - Setting next_dagrun for example_subdag_operator.section-1 to None, run_after=None
[2025-11-27T11:12:13.475-0300] {logging_mixin.py:188} INFO - [2025-11-27T11:12:13.475-0300] {dag.py:3947} INFO - Setting next_dagrun for example_subdag_operator.section-2 to None, run_after=None
[2025-11-27T11:12:13.481-0300] {processor.py:183} INFO - Processing /Users/davispecia/Documents/GitHub/Pf_pipeline_dados/Projeto_final_fase3/venv/lib/python3.9/site-packages/airflow/example_dags/example_subdag_operator.py took 0.170 seconds
[2025-11-27T11:13:56.933-0300] {processor.py:161} INFO - Started process (PID=89440) to work on /Users/davispecia/Documents/GitHub/Pf_pipeline_dados/Projeto_final_fase3/venv/lib/python3.9/site-packages/airflow/example_dags/example_subdag_operator.py
[2025-11-27T11:13:56.934-0300] {processor.py:830} INFO - Processing file /Users/davispecia/Documents/GitHub/Pf_pipeline_dados/Projeto_final_fase3/venv/lib/python3.9/site-packages/airflow/example_dags/example_subdag_operator.py for tasks to queue
[2025-11-27T11:13:56.934-0300] {logging_mixin.py:188} INFO - [2025-11-27T11:13:56.934-0300] {dagbag.py:545} INFO - Filling up the DagBag from /Users/davispecia/Documents/GitHub/Pf_pipeline_dados/Projeto_final_fase3/venv/lib/python3.9/site-packages/airflow/example_dags/example_subdag_operator.py
[2025-11-27T11:13:56.986-0300] {processor.py:840} INFO - DAG(s) 'example_subdag_operator.section-1', 'example_subdag_operator.section-2', 'example_subdag_operator' retrieved from /Users/davispecia/Documents/GitHub/Pf_pipeline_dados/Projeto_final_fase3/venv/lib/python3.9/site-packages/airflow/example_dags/example_subdag_operator.py
[2025-11-27T11:13:57.024-0300] {logging_mixin.py:188} INFO - [2025-11-27T11:13:57.024-0300] {dag.py:3089} INFO - Sync 3 DAGs
[2025-11-27T11:13:57.032-0300] {logging_mixin.py:188} INFO - [2025-11-27T11:13:57.032-0300] {dag.py:3947} INFO - Setting next_dagrun for example_subdag_operator to 2022-01-01 00:00:00+00:00, run_after=2022-01-01 00:00:00+00:00
[2025-11-27T11:13:57.034-0300] {logging_mixin.py:188} INFO - [2025-11-27T11:13:57.033-0300] {dag.py:3947} INFO - Setting next_dagrun for example_subdag_operator.section-1 to None, run_after=None
[2025-11-27T11:13:57.034-0300] {logging_mixin.py:188} INFO - [2025-11-27T11:13:57.034-0300] {dag.py:3947} INFO - Setting next_dagrun for example_subdag_operator.section-2 to None, run_after=None
[2025-11-27T11:13:57.037-0300] {logging_mixin.py:188} INFO - [2025-11-27T11:13:57.036-0300] {dag.py:3089} INFO - Sync 2 DAGs
[2025-11-27T11:13:57.038-0300] {logging_mixin.py:188} INFO - [2025-11-27T11:13:57.038-0300] {dag.py:3947} INFO - Setting next_dagrun for example_subdag_operator.section-1 to None, run_after=None
[2025-11-27T11:13:57.038-0300] {logging_mixin.py:188} INFO - [2025-11-27T11:13:57.038-0300] {dag.py:3947} INFO - Setting next_dagrun for example_subdag_operator.section-2 to None, run_after=None
[2025-11-27T11:13:57.044-0300] {processor.py:183} INFO - Processing /Users/davispecia/Documents/GitHub/Pf_pipeline_dados/Projeto_final_fase3/venv/lib/python3.9/site-packages/airflow/example_dags/example_subdag_operator.py took 0.113 seconds
[2025-11-27T11:15:02.702-0300] {processor.py:161} INFO - Started process (PID=90117) to work on /Users/davispecia/Documents/GitHub/Pf_pipeline_dados/Projeto_final_fase3/venv/lib/python3.9/site-packages/airflow/example_dags/example_subdag_operator.py
[2025-11-27T11:15:02.702-0300] {processor.py:830} INFO - Processing file /Users/davispecia/Documents/GitHub/Pf_pipeline_dados/Projeto_final_fase3/venv/lib/python3.9/site-packages/airflow/example_dags/example_subdag_operator.py for tasks to queue
[2025-11-27T11:15:02.703-0300] {logging_mixin.py:188} INFO - [2025-11-27T11:15:02.703-0300] {dagbag.py:545} INFO - Filling up the DagBag from /Users/davispecia/Documents/GitHub/Pf_pipeline_dados/Projeto_final_fase3/venv/lib/python3.9/site-packages/airflow/example_dags/example_subdag_operator.py
[2025-11-27T11:15:02.755-0300] {processor.py:840} INFO - DAG(s) 'example_subdag_operator.section-1', 'example_subdag_operator.section-2', 'example_subdag_operator' retrieved from /Users/davispecia/Documents/GitHub/Pf_pipeline_dados/Projeto_final_fase3/venv/lib/python3.9/site-packages/airflow/example_dags/example_subdag_operator.py
[2025-11-27T11:15:02.794-0300] {logging_mixin.py:188} INFO - [2025-11-27T11:15:02.794-0300] {dag.py:3089} INFO - Sync 3 DAGs
[2025-11-27T11:15:02.802-0300] {logging_mixin.py:188} INFO - [2025-11-27T11:15:02.802-0300] {dag.py:3947} INFO - Setting next_dagrun for example_subdag_operator to 2022-01-01 00:00:00+00:00, run_after=2022-01-01 00:00:00+00:00
[2025-11-27T11:15:02.804-0300] {logging_mixin.py:188} INFO - [2025-11-27T11:15:02.804-0300] {dag.py:3947} INFO - Setting next_dagrun for example_subdag_operator.section-1 to None, run_after=None
[2025-11-27T11:15:02.805-0300] {logging_mixin.py:188} INFO - [2025-11-27T11:15:02.805-0300] {dag.py:3947} INFO - Setting next_dagrun for example_subdag_operator.section-2 to None, run_after=None
[2025-11-27T11:15:02.809-0300] {logging_mixin.py:188} INFO - [2025-11-27T11:15:02.809-0300] {dag.py:3089} INFO - Sync 2 DAGs
[2025-11-27T11:15:02.811-0300] {logging_mixin.py:188} INFO - [2025-11-27T11:15:02.811-0300] {dag.py:3947} INFO - Setting next_dagrun for example_subdag_operator.section-1 to None, run_after=None
[2025-11-27T11:15:02.811-0300] {logging_mixin.py:188} INFO - [2025-11-27T11:15:02.811-0300] {dag.py:3947} INFO - Setting next_dagrun for example_subdag_operator.section-2 to None, run_after=None
[2025-11-27T11:15:02.817-0300] {processor.py:183} INFO - Processing /Users/davispecia/Documents/GitHub/Pf_pipeline_dados/Projeto_final_fase3/venv/lib/python3.9/site-packages/airflow/example_dags/example_subdag_operator.py took 0.118 seconds
[2025-11-27T11:18:27.553-0300] {processor.py:161} INFO - Started process (PID=91131) to work on /Users/davispecia/Documents/GitHub/Pf_pipeline_dados/Projeto_final_fase3/venv/lib/python3.9/site-packages/airflow/example_dags/example_subdag_operator.py
[2025-11-27T11:18:27.553-0300] {processor.py:830} INFO - Processing file /Users/davispecia/Documents/GitHub/Pf_pipeline_dados/Projeto_final_fase3/venv/lib/python3.9/site-packages/airflow/example_dags/example_subdag_operator.py for tasks to queue
[2025-11-27T11:18:27.554-0300] {logging_mixin.py:188} INFO - [2025-11-27T11:18:27.554-0300] {dagbag.py:545} INFO - Filling up the DagBag from /Users/davispecia/Documents/GitHub/Pf_pipeline_dados/Projeto_final_fase3/venv/lib/python3.9/site-packages/airflow/example_dags/example_subdag_operator.py
[2025-11-27T11:18:27.604-0300] {processor.py:840} INFO - DAG(s) 'example_subdag_operator.section-1', 'example_subdag_operator.section-2', 'example_subdag_operator' retrieved from /Users/davispecia/Documents/GitHub/Pf_pipeline_dados/Projeto_final_fase3/venv/lib/python3.9/site-packages/airflow/example_dags/example_subdag_operator.py
[2025-11-27T11:18:27.643-0300] {logging_mixin.py:188} INFO - [2025-11-27T11:18:27.643-0300] {dag.py:3089} INFO - Sync 3 DAGs
[2025-11-27T11:18:27.651-0300] {logging_mixin.py:188} INFO - [2025-11-27T11:18:27.651-0300] {dag.py:3947} INFO - Setting next_dagrun for example_subdag_operator to 2022-01-01 00:00:00+00:00, run_after=2022-01-01 00:00:00+00:00
[2025-11-27T11:18:27.652-0300] {logging_mixin.py:188} INFO - [2025-11-27T11:18:27.652-0300] {dag.py:3947} INFO - Setting next_dagrun for example_subdag_operator.section-1 to None, run_after=None
[2025-11-27T11:18:27.653-0300] {logging_mixin.py:188} INFO - [2025-11-27T11:18:27.653-0300] {dag.py:3947} INFO - Setting next_dagrun for example_subdag_operator.section-2 to None, run_after=None
[2025-11-27T11:18:27.656-0300] {logging_mixin.py:188} INFO - [2025-11-27T11:18:27.655-0300] {dag.py:3089} INFO - Sync 2 DAGs
[2025-11-27T11:18:27.657-0300] {logging_mixin.py:188} INFO - [2025-11-27T11:18:27.657-0300] {dag.py:3947} INFO - Setting next_dagrun for example_subdag_operator.section-1 to None, run_after=None
[2025-11-27T11:18:27.657-0300] {logging_mixin.py:188} INFO - [2025-11-27T11:18:27.657-0300] {dag.py:3947} INFO - Setting next_dagrun for example_subdag_operator.section-2 to None, run_after=None
[2025-11-27T11:18:27.663-0300] {processor.py:183} INFO - Processing /Users/davispecia/Documents/GitHub/Pf_pipeline_dados/Projeto_final_fase3/venv/lib/python3.9/site-packages/airflow/example_dags/example_subdag_operator.py took 0.112 seconds
[2025-11-27T11:19:40.693-0300] {processor.py:161} INFO - Started process (PID=91367) to work on /Users/davispecia/Documents/GitHub/Pf_pipeline_dados/Projeto_final_fase3/venv/lib/python3.9/site-packages/airflow/example_dags/example_subdag_operator.py
[2025-11-27T11:19:40.694-0300] {processor.py:830} INFO - Processing file /Users/davispecia/Documents/GitHub/Pf_pipeline_dados/Projeto_final_fase3/venv/lib/python3.9/site-packages/airflow/example_dags/example_subdag_operator.py for tasks to queue
[2025-11-27T11:19:40.695-0300] {logging_mixin.py:188} INFO - [2025-11-27T11:19:40.695-0300] {dagbag.py:545} INFO - Filling up the DagBag from /Users/davispecia/Documents/GitHub/Pf_pipeline_dados/Projeto_final_fase3/venv/lib/python3.9/site-packages/airflow/example_dags/example_subdag_operator.py
[2025-11-27T11:19:40.743-0300] {processor.py:840} INFO - DAG(s) 'example_subdag_operator.section-1', 'example_subdag_operator.section-2', 'example_subdag_operator' retrieved from /Users/davispecia/Documents/GitHub/Pf_pipeline_dados/Projeto_final_fase3/venv/lib/python3.9/site-packages/airflow/example_dags/example_subdag_operator.py
[2025-11-27T11:19:40.782-0300] {logging_mixin.py:188} INFO - [2025-11-27T11:19:40.782-0300] {dag.py:3089} INFO - Sync 3 DAGs
[2025-11-27T11:19:40.790-0300] {logging_mixin.py:188} INFO - [2025-11-27T11:19:40.790-0300] {dag.py:3947} INFO - Setting next_dagrun for example_subdag_operator to 2022-01-01 00:00:00+00:00, run_after=2022-01-01 00:00:00+00:00
[2025-11-27T11:19:40.791-0300] {logging_mixin.py:188} INFO - [2025-11-27T11:19:40.791-0300] {dag.py:3947} INFO - Setting next_dagrun for example_subdag_operator.section-1 to None, run_after=None
[2025-11-27T11:19:40.792-0300] {logging_mixin.py:188} INFO - [2025-11-27T11:19:40.791-0300] {dag.py:3947} INFO - Setting next_dagrun for example_subdag_operator.section-2 to None, run_after=None
[2025-11-27T11:19:40.794-0300] {logging_mixin.py:188} INFO - [2025-11-27T11:19:40.794-0300] {dag.py:3089} INFO - Sync 2 DAGs
[2025-11-27T11:19:40.796-0300] {logging_mixin.py:188} INFO - [2025-11-27T11:19:40.796-0300] {dag.py:3947} INFO - Setting next_dagrun for example_subdag_operator.section-1 to None, run_after=None
[2025-11-27T11:19:40.796-0300] {logging_mixin.py:188} INFO - [2025-11-27T11:19:40.796-0300] {dag.py:3947} INFO - Setting next_dagrun for example_subdag_operator.section-2 to None, run_after=None
[2025-11-27T11:19:40.802-0300] {processor.py:183} INFO - Processing /Users/davispecia/Documents/GitHub/Pf_pipeline_dados/Projeto_final_fase3/venv/lib/python3.9/site-packages/airflow/example_dags/example_subdag_operator.py took 0.111 seconds
[2025-11-27T11:20:44.382-0300] {processor.py:161} INFO - Started process (PID=91524) to work on /Users/davispecia/Documents/GitHub/Pf_pipeline_dados/Projeto_final_fase3/venv/lib/python3.9/site-packages/airflow/example_dags/example_subdag_operator.py
[2025-11-27T11:20:44.383-0300] {processor.py:830} INFO - Processing file /Users/davispecia/Documents/GitHub/Pf_pipeline_dados/Projeto_final_fase3/venv/lib/python3.9/site-packages/airflow/example_dags/example_subdag_operator.py for tasks to queue
[2025-11-27T11:20:44.383-0300] {logging_mixin.py:188} INFO - [2025-11-27T11:20:44.383-0300] {dagbag.py:545} INFO - Filling up the DagBag from /Users/davispecia/Documents/GitHub/Pf_pipeline_dados/Projeto_final_fase3/venv/lib/python3.9/site-packages/airflow/example_dags/example_subdag_operator.py
[2025-11-27T11:20:44.432-0300] {processor.py:840} INFO - DAG(s) 'example_subdag_operator.section-1', 'example_subdag_operator.section-2', 'example_subdag_operator' retrieved from /Users/davispecia/Documents/GitHub/Pf_pipeline_dados/Projeto_final_fase3/venv/lib/python3.9/site-packages/airflow/example_dags/example_subdag_operator.py
[2025-11-27T11:20:44.469-0300] {logging_mixin.py:188} INFO - [2025-11-27T11:20:44.469-0300] {dag.py:3089} INFO - Sync 3 DAGs
[2025-11-27T11:20:44.477-0300] {logging_mixin.py:188} INFO - [2025-11-27T11:20:44.477-0300] {dag.py:3947} INFO - Setting next_dagrun for example_subdag_operator to 2022-01-01 00:00:00+00:00, run_after=2022-01-01 00:00:00+00:00
[2025-11-27T11:20:44.479-0300] {logging_mixin.py:188} INFO - [2025-11-27T11:20:44.479-0300] {dag.py:3947} INFO - Setting next_dagrun for example_subdag_operator.section-1 to None, run_after=None
[2025-11-27T11:20:44.479-0300] {logging_mixin.py:188} INFO - [2025-11-27T11:20:44.479-0300] {dag.py:3947} INFO - Setting next_dagrun for example_subdag_operator.section-2 to None, run_after=None
[2025-11-27T11:20:44.482-0300] {logging_mixin.py:188} INFO - [2025-11-27T11:20:44.482-0300] {dag.py:3089} INFO - Sync 2 DAGs
[2025-11-27T11:20:44.483-0300] {logging_mixin.py:188} INFO - [2025-11-27T11:20:44.483-0300] {dag.py:3947} INFO - Setting next_dagrun for example_subdag_operator.section-1 to None, run_after=None
[2025-11-27T11:20:44.483-0300] {logging_mixin.py:188} INFO - [2025-11-27T11:20:44.483-0300] {dag.py:3947} INFO - Setting next_dagrun for example_subdag_operator.section-2 to None, run_after=None
[2025-11-27T11:20:44.489-0300] {processor.py:183} INFO - Processing /Users/davispecia/Documents/GitHub/Pf_pipeline_dados/Projeto_final_fase3/venv/lib/python3.9/site-packages/airflow/example_dags/example_subdag_operator.py took 0.110 seconds
[2025-11-27T11:22:46.453-0300] {processor.py:161} INFO - Started process (PID=91831) to work on /Users/davispecia/Documents/GitHub/Pf_pipeline_dados/Projeto_final_fase3/venv/lib/python3.9/site-packages/airflow/example_dags/example_subdag_operator.py
[2025-11-27T11:22:46.454-0300] {processor.py:830} INFO - Processing file /Users/davispecia/Documents/GitHub/Pf_pipeline_dados/Projeto_final_fase3/venv/lib/python3.9/site-packages/airflow/example_dags/example_subdag_operator.py for tasks to queue
[2025-11-27T11:22:46.454-0300] {logging_mixin.py:188} INFO - [2025-11-27T11:22:46.454-0300] {dagbag.py:545} INFO - Filling up the DagBag from /Users/davispecia/Documents/GitHub/Pf_pipeline_dados/Projeto_final_fase3/venv/lib/python3.9/site-packages/airflow/example_dags/example_subdag_operator.py
[2025-11-27T11:22:46.503-0300] {processor.py:840} INFO - DAG(s) 'example_subdag_operator.section-1', 'example_subdag_operator.section-2', 'example_subdag_operator' retrieved from /Users/davispecia/Documents/GitHub/Pf_pipeline_dados/Projeto_final_fase3/venv/lib/python3.9/site-packages/airflow/example_dags/example_subdag_operator.py
[2025-11-27T11:22:46.540-0300] {logging_mixin.py:188} INFO - [2025-11-27T11:22:46.540-0300] {dag.py:3089} INFO - Sync 3 DAGs
[2025-11-27T11:22:46.548-0300] {logging_mixin.py:188} INFO - [2025-11-27T11:22:46.548-0300] {dag.py:3947} INFO - Setting next_dagrun for example_subdag_operator to 2022-01-01 00:00:00+00:00, run_after=2022-01-01 00:00:00+00:00
[2025-11-27T11:22:46.549-0300] {logging_mixin.py:188} INFO - [2025-11-27T11:22:46.549-0300] {dag.py:3947} INFO - Setting next_dagrun for example_subdag_operator.section-1 to None, run_after=None
[2025-11-27T11:22:46.550-0300] {logging_mixin.py:188} INFO - [2025-11-27T11:22:46.550-0300] {dag.py:3947} INFO - Setting next_dagrun for example_subdag_operator.section-2 to None, run_after=None
[2025-11-27T11:22:46.552-0300] {logging_mixin.py:188} INFO - [2025-11-27T11:22:46.552-0300] {dag.py:3089} INFO - Sync 2 DAGs
[2025-11-27T11:22:46.554-0300] {logging_mixin.py:188} INFO - [2025-11-27T11:22:46.554-0300] {dag.py:3947} INFO - Setting next_dagrun for example_subdag_operator.section-1 to None, run_after=None
[2025-11-27T11:22:46.554-0300] {logging_mixin.py:188} INFO - [2025-11-27T11:22:46.554-0300] {dag.py:3947} INFO - Setting next_dagrun for example_subdag_operator.section-2 to None, run_after=None
[2025-11-27T11:22:46.560-0300] {processor.py:183} INFO - Processing /Users/davispecia/Documents/GitHub/Pf_pipeline_dados/Projeto_final_fase3/venv/lib/python3.9/site-packages/airflow/example_dags/example_subdag_operator.py took 0.109 seconds
[2025-11-27T11:23:49.385-0300] {processor.py:161} INFO - Started process (PID=91980) to work on /Users/davispecia/Documents/GitHub/Pf_pipeline_dados/Projeto_final_fase3/venv/lib/python3.9/site-packages/airflow/example_dags/example_subdag_operator.py
[2025-11-27T11:23:49.386-0300] {processor.py:830} INFO - Processing file /Users/davispecia/Documents/GitHub/Pf_pipeline_dados/Projeto_final_fase3/venv/lib/python3.9/site-packages/airflow/example_dags/example_subdag_operator.py for tasks to queue
[2025-11-27T11:23:49.387-0300] {logging_mixin.py:188} INFO - [2025-11-27T11:23:49.386-0300] {dagbag.py:545} INFO - Filling up the DagBag from /Users/davispecia/Documents/GitHub/Pf_pipeline_dados/Projeto_final_fase3/venv/lib/python3.9/site-packages/airflow/example_dags/example_subdag_operator.py
[2025-11-27T11:23:49.435-0300] {processor.py:840} INFO - DAG(s) 'example_subdag_operator.section-1', 'example_subdag_operator.section-2', 'example_subdag_operator' retrieved from /Users/davispecia/Documents/GitHub/Pf_pipeline_dados/Projeto_final_fase3/venv/lib/python3.9/site-packages/airflow/example_dags/example_subdag_operator.py
[2025-11-27T11:23:49.473-0300] {logging_mixin.py:188} INFO - [2025-11-27T11:23:49.472-0300] {dag.py:3089} INFO - Sync 3 DAGs
[2025-11-27T11:23:49.481-0300] {logging_mixin.py:188} INFO - [2025-11-27T11:23:49.481-0300] {dag.py:3947} INFO - Setting next_dagrun for example_subdag_operator to 2022-01-01 00:00:00+00:00, run_after=2022-01-01 00:00:00+00:00
[2025-11-27T11:23:49.482-0300] {logging_mixin.py:188} INFO - [2025-11-27T11:23:49.482-0300] {dag.py:3947} INFO - Setting next_dagrun for example_subdag_operator.section-1 to None, run_after=None
[2025-11-27T11:23:49.483-0300] {logging_mixin.py:188} INFO - [2025-11-27T11:23:49.483-0300] {dag.py:3947} INFO - Setting next_dagrun for example_subdag_operator.section-2 to None, run_after=None
[2025-11-27T11:23:49.485-0300] {logging_mixin.py:188} INFO - [2025-11-27T11:23:49.485-0300] {dag.py:3089} INFO - Sync 2 DAGs
[2025-11-27T11:23:49.487-0300] {logging_mixin.py:188} INFO - [2025-11-27T11:23:49.487-0300] {dag.py:3947} INFO - Setting next_dagrun for example_subdag_operator.section-1 to None, run_after=None
[2025-11-27T11:23:49.487-0300] {logging_mixin.py:188} INFO - [2025-11-27T11:23:49.487-0300] {dag.py:3947} INFO - Setting next_dagrun for example_subdag_operator.section-2 to None, run_after=None
[2025-11-27T11:23:49.493-0300] {processor.py:183} INFO - Processing /Users/davispecia/Documents/GitHub/Pf_pipeline_dados/Projeto_final_fase3/venv/lib/python3.9/site-packages/airflow/example_dags/example_subdag_operator.py took 0.110 seconds
[2025-11-27T11:26:02.620-0300] {processor.py:161} INFO - Started process (PID=92361) to work on /Users/davispecia/Documents/GitHub/Pf_pipeline_dados/Projeto_final_fase3/venv/lib/python3.9/site-packages/airflow/example_dags/example_subdag_operator.py
[2025-11-27T11:26:02.621-0300] {processor.py:830} INFO - Processing file /Users/davispecia/Documents/GitHub/Pf_pipeline_dados/Projeto_final_fase3/venv/lib/python3.9/site-packages/airflow/example_dags/example_subdag_operator.py for tasks to queue
[2025-11-27T11:26:02.622-0300] {logging_mixin.py:188} INFO - [2025-11-27T11:26:02.621-0300] {dagbag.py:545} INFO - Filling up the DagBag from /Users/davispecia/Documents/GitHub/Pf_pipeline_dados/Projeto_final_fase3/venv/lib/python3.9/site-packages/airflow/example_dags/example_subdag_operator.py
[2025-11-27T11:26:02.670-0300] {processor.py:840} INFO - DAG(s) 'example_subdag_operator.section-1', 'example_subdag_operator.section-2', 'example_subdag_operator' retrieved from /Users/davispecia/Documents/GitHub/Pf_pipeline_dados/Projeto_final_fase3/venv/lib/python3.9/site-packages/airflow/example_dags/example_subdag_operator.py
[2025-11-27T11:26:02.707-0300] {logging_mixin.py:188} INFO - [2025-11-27T11:26:02.707-0300] {dag.py:3089} INFO - Sync 3 DAGs
[2025-11-27T11:26:02.715-0300] {logging_mixin.py:188} INFO - [2025-11-27T11:26:02.715-0300] {dag.py:3947} INFO - Setting next_dagrun for example_subdag_operator to 2022-01-01 00:00:00+00:00, run_after=2022-01-01 00:00:00+00:00
[2025-11-27T11:26:02.716-0300] {logging_mixin.py:188} INFO - [2025-11-27T11:26:02.716-0300] {dag.py:3947} INFO - Setting next_dagrun for example_subdag_operator.section-1 to None, run_after=None
[2025-11-27T11:26:02.716-0300] {logging_mixin.py:188} INFO - [2025-11-27T11:26:02.716-0300] {dag.py:3947} INFO - Setting next_dagrun for example_subdag_operator.section-2 to None, run_after=None
[2025-11-27T11:26:02.719-0300] {logging_mixin.py:188} INFO - [2025-11-27T11:26:02.719-0300] {dag.py:3089} INFO - Sync 2 DAGs
[2025-11-27T11:26:02.721-0300] {logging_mixin.py:188} INFO - [2025-11-27T11:26:02.721-0300] {dag.py:3947} INFO - Setting next_dagrun for example_subdag_operator.section-1 to None, run_after=None
[2025-11-27T11:26:02.721-0300] {logging_mixin.py:188} INFO - [2025-11-27T11:26:02.721-0300] {dag.py:3947} INFO - Setting next_dagrun for example_subdag_operator.section-2 to None, run_after=None
[2025-11-27T11:26:02.727-0300] {processor.py:183} INFO - Processing /Users/davispecia/Documents/GitHub/Pf_pipeline_dados/Projeto_final_fase3/venv/lib/python3.9/site-packages/airflow/example_dags/example_subdag_operator.py took 0.108 seconds
[2025-11-27T11:28:04.494-0300] {processor.py:161} INFO - Started process (PID=92681) to work on /Users/davispecia/Documents/GitHub/Pf_pipeline_dados/Projeto_final_fase3/venv/lib/python3.9/site-packages/airflow/example_dags/example_subdag_operator.py
[2025-11-27T11:28:04.496-0300] {processor.py:830} INFO - Processing file /Users/davispecia/Documents/GitHub/Pf_pipeline_dados/Projeto_final_fase3/venv/lib/python3.9/site-packages/airflow/example_dags/example_subdag_operator.py for tasks to queue
[2025-11-27T11:28:04.496-0300] {logging_mixin.py:188} INFO - [2025-11-27T11:28:04.496-0300] {dagbag.py:545} INFO - Filling up the DagBag from /Users/davispecia/Documents/GitHub/Pf_pipeline_dados/Projeto_final_fase3/venv/lib/python3.9/site-packages/airflow/example_dags/example_subdag_operator.py
[2025-11-27T11:28:04.544-0300] {processor.py:840} INFO - DAG(s) 'example_subdag_operator.section-1', 'example_subdag_operator.section-2', 'example_subdag_operator' retrieved from /Users/davispecia/Documents/GitHub/Pf_pipeline_dados/Projeto_final_fase3/venv/lib/python3.9/site-packages/airflow/example_dags/example_subdag_operator.py
[2025-11-27T11:28:04.582-0300] {logging_mixin.py:188} INFO - [2025-11-27T11:28:04.581-0300] {dag.py:3089} INFO - Sync 3 DAGs
[2025-11-27T11:28:04.590-0300] {logging_mixin.py:188} INFO - [2025-11-27T11:28:04.590-0300] {dag.py:3947} INFO - Setting next_dagrun for example_subdag_operator to 2022-01-01 00:00:00+00:00, run_after=2022-01-01 00:00:00+00:00
[2025-11-27T11:28:04.591-0300] {logging_mixin.py:188} INFO - [2025-11-27T11:28:04.591-0300] {dag.py:3947} INFO - Setting next_dagrun for example_subdag_operator.section-1 to None, run_after=None
[2025-11-27T11:28:04.592-0300] {logging_mixin.py:188} INFO - [2025-11-27T11:28:04.592-0300] {dag.py:3947} INFO - Setting next_dagrun for example_subdag_operator.section-2 to None, run_after=None
[2025-11-27T11:28:04.594-0300] {logging_mixin.py:188} INFO - [2025-11-27T11:28:04.594-0300] {dag.py:3089} INFO - Sync 2 DAGs
[2025-11-27T11:28:04.596-0300] {logging_mixin.py:188} INFO - [2025-11-27T11:28:04.596-0300] {dag.py:3947} INFO - Setting next_dagrun for example_subdag_operator.section-1 to None, run_after=None
[2025-11-27T11:28:04.596-0300] {logging_mixin.py:188} INFO - [2025-11-27T11:28:04.596-0300] {dag.py:3947} INFO - Setting next_dagrun for example_subdag_operator.section-2 to None, run_after=None
[2025-11-27T11:28:04.602-0300] {processor.py:183} INFO - Processing /Users/davispecia/Documents/GitHub/Pf_pipeline_dados/Projeto_final_fase3/venv/lib/python3.9/site-packages/airflow/example_dags/example_subdag_operator.py took 0.109 seconds
[2025-11-27T11:30:11.256-0300] {processor.py:161} INFO - Started process (PID=92993) to work on /Users/davispecia/Documents/GitHub/Pf_pipeline_dados/Projeto_final_fase3/venv/lib/python3.9/site-packages/airflow/example_dags/example_subdag_operator.py
[2025-11-27T11:30:11.257-0300] {processor.py:830} INFO - Processing file /Users/davispecia/Documents/GitHub/Pf_pipeline_dados/Projeto_final_fase3/venv/lib/python3.9/site-packages/airflow/example_dags/example_subdag_operator.py for tasks to queue
[2025-11-27T11:30:11.257-0300] {logging_mixin.py:188} INFO - [2025-11-27T11:30:11.257-0300] {dagbag.py:545} INFO - Filling up the DagBag from /Users/davispecia/Documents/GitHub/Pf_pipeline_dados/Projeto_final_fase3/venv/lib/python3.9/site-packages/airflow/example_dags/example_subdag_operator.py
[2025-11-27T11:30:11.305-0300] {processor.py:840} INFO - DAG(s) 'example_subdag_operator.section-1', 'example_subdag_operator.section-2', 'example_subdag_operator' retrieved from /Users/davispecia/Documents/GitHub/Pf_pipeline_dados/Projeto_final_fase3/venv/lib/python3.9/site-packages/airflow/example_dags/example_subdag_operator.py
[2025-11-27T11:30:11.342-0300] {logging_mixin.py:188} INFO - [2025-11-27T11:30:11.342-0300] {dag.py:3089} INFO - Sync 3 DAGs
[2025-11-27T11:30:11.350-0300] {logging_mixin.py:188} INFO - [2025-11-27T11:30:11.350-0300] {dag.py:3947} INFO - Setting next_dagrun for example_subdag_operator to 2022-01-01 00:00:00+00:00, run_after=2022-01-01 00:00:00+00:00
[2025-11-27T11:30:11.352-0300] {logging_mixin.py:188} INFO - [2025-11-27T11:30:11.351-0300] {dag.py:3947} INFO - Setting next_dagrun for example_subdag_operator.section-1 to None, run_after=None
[2025-11-27T11:30:11.352-0300] {logging_mixin.py:188} INFO - [2025-11-27T11:30:11.352-0300] {dag.py:3947} INFO - Setting next_dagrun for example_subdag_operator.section-2 to None, run_after=None
[2025-11-27T11:30:11.355-0300] {logging_mixin.py:188} INFO - [2025-11-27T11:30:11.355-0300] {dag.py:3089} INFO - Sync 2 DAGs
[2025-11-27T11:30:11.356-0300] {logging_mixin.py:188} INFO - [2025-11-27T11:30:11.356-0300] {dag.py:3947} INFO - Setting next_dagrun for example_subdag_operator.section-1 to None, run_after=None
[2025-11-27T11:30:11.356-0300] {logging_mixin.py:188} INFO - [2025-11-27T11:30:11.356-0300] {dag.py:3947} INFO - Setting next_dagrun for example_subdag_operator.section-2 to None, run_after=None
[2025-11-27T11:30:11.362-0300] {processor.py:183} INFO - Processing /Users/davispecia/Documents/GitHub/Pf_pipeline_dados/Projeto_final_fase3/venv/lib/python3.9/site-packages/airflow/example_dags/example_subdag_operator.py took 0.109 seconds
[2025-11-27T11:32:18.549-0300] {processor.py:161} INFO - Started process (PID=93346) to work on /Users/davispecia/Documents/GitHub/Pf_pipeline_dados/Projeto_final_fase3/venv/lib/python3.9/site-packages/airflow/example_dags/example_subdag_operator.py
[2025-11-27T11:32:18.551-0300] {processor.py:830} INFO - Processing file /Users/davispecia/Documents/GitHub/Pf_pipeline_dados/Projeto_final_fase3/venv/lib/python3.9/site-packages/airflow/example_dags/example_subdag_operator.py for tasks to queue
[2025-11-27T11:32:18.551-0300] {logging_mixin.py:188} INFO - [2025-11-27T11:32:18.551-0300] {dagbag.py:545} INFO - Filling up the DagBag from /Users/davispecia/Documents/GitHub/Pf_pipeline_dados/Projeto_final_fase3/venv/lib/python3.9/site-packages/airflow/example_dags/example_subdag_operator.py
[2025-11-27T11:32:18.599-0300] {processor.py:840} INFO - DAG(s) 'example_subdag_operator.section-1', 'example_subdag_operator.section-2', 'example_subdag_operator' retrieved from /Users/davispecia/Documents/GitHub/Pf_pipeline_dados/Projeto_final_fase3/venv/lib/python3.9/site-packages/airflow/example_dags/example_subdag_operator.py
[2025-11-27T11:32:18.637-0300] {logging_mixin.py:188} INFO - [2025-11-27T11:32:18.636-0300] {dag.py:3089} INFO - Sync 3 DAGs
[2025-11-27T11:32:18.645-0300] {logging_mixin.py:188} INFO - [2025-11-27T11:32:18.644-0300] {dag.py:3947} INFO - Setting next_dagrun for example_subdag_operator to 2022-01-01 00:00:00+00:00, run_after=2022-01-01 00:00:00+00:00
[2025-11-27T11:32:18.646-0300] {logging_mixin.py:188} INFO - [2025-11-27T11:32:18.646-0300] {dag.py:3947} INFO - Setting next_dagrun for example_subdag_operator.section-1 to None, run_after=None
[2025-11-27T11:32:18.646-0300] {logging_mixin.py:188} INFO - [2025-11-27T11:32:18.646-0300] {dag.py:3947} INFO - Setting next_dagrun for example_subdag_operator.section-2 to None, run_after=None
[2025-11-27T11:32:18.649-0300] {logging_mixin.py:188} INFO - [2025-11-27T11:32:18.649-0300] {dag.py:3089} INFO - Sync 2 DAGs
[2025-11-27T11:32:18.651-0300] {logging_mixin.py:188} INFO - [2025-11-27T11:32:18.651-0300] {dag.py:3947} INFO - Setting next_dagrun for example_subdag_operator.section-1 to None, run_after=None
[2025-11-27T11:32:18.651-0300] {logging_mixin.py:188} INFO - [2025-11-27T11:32:18.651-0300] {dag.py:3947} INFO - Setting next_dagrun for example_subdag_operator.section-2 to None, run_after=None
[2025-11-27T11:32:18.657-0300] {processor.py:183} INFO - Processing /Users/davispecia/Documents/GitHub/Pf_pipeline_dados/Projeto_final_fase3/venv/lib/python3.9/site-packages/airflow/example_dags/example_subdag_operator.py took 0.109 seconds
[2025-11-27T11:33:24.015-0300] {processor.py:161} INFO - Started process (PID=93504) to work on /Users/davispecia/Documents/GitHub/Pf_pipeline_dados/Projeto_final_fase3/venv/lib/python3.9/site-packages/airflow/example_dags/example_subdag_operator.py
[2025-11-27T11:33:24.017-0300] {processor.py:830} INFO - Processing file /Users/davispecia/Documents/GitHub/Pf_pipeline_dados/Projeto_final_fase3/venv/lib/python3.9/site-packages/airflow/example_dags/example_subdag_operator.py for tasks to queue
[2025-11-27T11:33:24.018-0300] {logging_mixin.py:188} INFO - [2025-11-27T11:33:24.017-0300] {dagbag.py:545} INFO - Filling up the DagBag from /Users/davispecia/Documents/GitHub/Pf_pipeline_dados/Projeto_final_fase3/venv/lib/python3.9/site-packages/airflow/example_dags/example_subdag_operator.py
[2025-11-27T11:33:24.070-0300] {processor.py:840} INFO - DAG(s) 'example_subdag_operator.section-1', 'example_subdag_operator.section-2', 'example_subdag_operator' retrieved from /Users/davispecia/Documents/GitHub/Pf_pipeline_dados/Projeto_final_fase3/venv/lib/python3.9/site-packages/airflow/example_dags/example_subdag_operator.py
[2025-11-27T11:33:24.113-0300] {logging_mixin.py:188} INFO - [2025-11-27T11:33:24.113-0300] {dag.py:3089} INFO - Sync 3 DAGs
[2025-11-27T11:33:24.122-0300] {logging_mixin.py:188} INFO - [2025-11-27T11:33:24.121-0300] {dag.py:3947} INFO - Setting next_dagrun for example_subdag_operator to 2022-01-01 00:00:00+00:00, run_after=2022-01-01 00:00:00+00:00
[2025-11-27T11:33:24.123-0300] {logging_mixin.py:188} INFO - [2025-11-27T11:33:24.123-0300] {dag.py:3947} INFO - Setting next_dagrun for example_subdag_operator.section-1 to None, run_after=None
[2025-11-27T11:33:24.123-0300] {logging_mixin.py:188} INFO - [2025-11-27T11:33:24.123-0300] {dag.py:3947} INFO - Setting next_dagrun for example_subdag_operator.section-2 to None, run_after=None
[2025-11-27T11:33:24.126-0300] {logging_mixin.py:188} INFO - [2025-11-27T11:33:24.126-0300] {dag.py:3089} INFO - Sync 2 DAGs
[2025-11-27T11:33:24.128-0300] {logging_mixin.py:188} INFO - [2025-11-27T11:33:24.128-0300] {dag.py:3947} INFO - Setting next_dagrun for example_subdag_operator.section-1 to None, run_after=None
[2025-11-27T11:33:24.128-0300] {logging_mixin.py:188} INFO - [2025-11-27T11:33:24.128-0300] {dag.py:3947} INFO - Setting next_dagrun for example_subdag_operator.section-2 to None, run_after=None
[2025-11-27T11:33:24.134-0300] {processor.py:183} INFO - Processing /Users/davispecia/Documents/GitHub/Pf_pipeline_dados/Projeto_final_fase3/venv/lib/python3.9/site-packages/airflow/example_dags/example_subdag_operator.py took 0.122 seconds
[2025-11-27T11:34:27.177-0300] {processor.py:161} INFO - Started process (PID=93655) to work on /Users/davispecia/Documents/GitHub/Pf_pipeline_dados/Projeto_final_fase3/venv/lib/python3.9/site-packages/airflow/example_dags/example_subdag_operator.py
[2025-11-27T11:34:27.178-0300] {processor.py:830} INFO - Processing file /Users/davispecia/Documents/GitHub/Pf_pipeline_dados/Projeto_final_fase3/venv/lib/python3.9/site-packages/airflow/example_dags/example_subdag_operator.py for tasks to queue
[2025-11-27T11:34:27.179-0300] {logging_mixin.py:188} INFO - [2025-11-27T11:34:27.179-0300] {dagbag.py:545} INFO - Filling up the DagBag from /Users/davispecia/Documents/GitHub/Pf_pipeline_dados/Projeto_final_fase3/venv/lib/python3.9/site-packages/airflow/example_dags/example_subdag_operator.py
[2025-11-27T11:34:27.228-0300] {processor.py:840} INFO - DAG(s) 'example_subdag_operator.section-1', 'example_subdag_operator.section-2', 'example_subdag_operator' retrieved from /Users/davispecia/Documents/GitHub/Pf_pipeline_dados/Projeto_final_fase3/venv/lib/python3.9/site-packages/airflow/example_dags/example_subdag_operator.py
[2025-11-27T11:34:27.264-0300] {logging_mixin.py:188} INFO - [2025-11-27T11:34:27.264-0300] {dag.py:3089} INFO - Sync 3 DAGs
[2025-11-27T11:34:27.272-0300] {logging_mixin.py:188} INFO - [2025-11-27T11:34:27.272-0300] {dag.py:3947} INFO - Setting next_dagrun for example_subdag_operator to 2022-01-01 00:00:00+00:00, run_after=2022-01-01 00:00:00+00:00
[2025-11-27T11:34:27.274-0300] {logging_mixin.py:188} INFO - [2025-11-27T11:34:27.274-0300] {dag.py:3947} INFO - Setting next_dagrun for example_subdag_operator.section-1 to None, run_after=None
[2025-11-27T11:34:27.274-0300] {logging_mixin.py:188} INFO - [2025-11-27T11:34:27.274-0300] {dag.py:3947} INFO - Setting next_dagrun for example_subdag_operator.section-2 to None, run_after=None
[2025-11-27T11:34:27.277-0300] {logging_mixin.py:188} INFO - [2025-11-27T11:34:27.277-0300] {dag.py:3089} INFO - Sync 2 DAGs
[2025-11-27T11:34:27.279-0300] {logging_mixin.py:188} INFO - [2025-11-27T11:34:27.279-0300] {dag.py:3947} INFO - Setting next_dagrun for example_subdag_operator.section-1 to None, run_after=None
[2025-11-27T11:34:27.279-0300] {logging_mixin.py:188} INFO - [2025-11-27T11:34:27.279-0300] {dag.py:3947} INFO - Setting next_dagrun for example_subdag_operator.section-2 to None, run_after=None
[2025-11-27T11:34:27.285-0300] {processor.py:183} INFO - Processing /Users/davispecia/Documents/GitHub/Pf_pipeline_dados/Projeto_final_fase3/venv/lib/python3.9/site-packages/airflow/example_dags/example_subdag_operator.py took 0.110 seconds
[2025-11-27T11:35:30.432-0300] {processor.py:161} INFO - Started process (PID=93813) to work on /Users/davispecia/Documents/GitHub/Pf_pipeline_dados/Projeto_final_fase3/venv/lib/python3.9/site-packages/airflow/example_dags/example_subdag_operator.py
[2025-11-27T11:35:30.432-0300] {processor.py:830} INFO - Processing file /Users/davispecia/Documents/GitHub/Pf_pipeline_dados/Projeto_final_fase3/venv/lib/python3.9/site-packages/airflow/example_dags/example_subdag_operator.py for tasks to queue
[2025-11-27T11:35:30.433-0300] {logging_mixin.py:188} INFO - [2025-11-27T11:35:30.433-0300] {dagbag.py:545} INFO - Filling up the DagBag from /Users/davispecia/Documents/GitHub/Pf_pipeline_dados/Projeto_final_fase3/venv/lib/python3.9/site-packages/airflow/example_dags/example_subdag_operator.py
[2025-11-27T11:35:30.481-0300] {processor.py:840} INFO - DAG(s) 'example_subdag_operator.section-1', 'example_subdag_operator.section-2', 'example_subdag_operator' retrieved from /Users/davispecia/Documents/GitHub/Pf_pipeline_dados/Projeto_final_fase3/venv/lib/python3.9/site-packages/airflow/example_dags/example_subdag_operator.py
[2025-11-27T11:35:30.518-0300] {logging_mixin.py:188} INFO - [2025-11-27T11:35:30.518-0300] {dag.py:3089} INFO - Sync 3 DAGs
[2025-11-27T11:35:30.526-0300] {logging_mixin.py:188} INFO - [2025-11-27T11:35:30.525-0300] {dag.py:3947} INFO - Setting next_dagrun for example_subdag_operator to 2022-01-01 00:00:00+00:00, run_after=2022-01-01 00:00:00+00:00
[2025-11-27T11:35:30.527-0300] {logging_mixin.py:188} INFO - [2025-11-27T11:35:30.527-0300] {dag.py:3947} INFO - Setting next_dagrun for example_subdag_operator.section-1 to None, run_after=None
[2025-11-27T11:35:30.527-0300] {logging_mixin.py:188} INFO - [2025-11-27T11:35:30.527-0300] {dag.py:3947} INFO - Setting next_dagrun for example_subdag_operator.section-2 to None, run_after=None
[2025-11-27T11:35:30.530-0300] {logging_mixin.py:188} INFO - [2025-11-27T11:35:30.530-0300] {dag.py:3089} INFO - Sync 2 DAGs
[2025-11-27T11:35:30.532-0300] {logging_mixin.py:188} INFO - [2025-11-27T11:35:30.531-0300] {dag.py:3947} INFO - Setting next_dagrun for example_subdag_operator.section-1 to None, run_after=None
[2025-11-27T11:35:30.532-0300] {logging_mixin.py:188} INFO - [2025-11-27T11:35:30.532-0300] {dag.py:3947} INFO - Setting next_dagrun for example_subdag_operator.section-2 to None, run_after=None
[2025-11-27T11:35:30.538-0300] {processor.py:183} INFO - Processing /Users/davispecia/Documents/GitHub/Pf_pipeline_dados/Projeto_final_fase3/venv/lib/python3.9/site-packages/airflow/example_dags/example_subdag_operator.py took 0.108 seconds
[2025-11-27T11:36:41.981-0300] {processor.py:161} INFO - Started process (PID=94035) to work on /Users/davispecia/Documents/GitHub/Pf_pipeline_dados/Projeto_final_fase3/venv/lib/python3.9/site-packages/airflow/example_dags/example_subdag_operator.py
[2025-11-27T11:36:41.982-0300] {processor.py:830} INFO - Processing file /Users/davispecia/Documents/GitHub/Pf_pipeline_dados/Projeto_final_fase3/venv/lib/python3.9/site-packages/airflow/example_dags/example_subdag_operator.py for tasks to queue
[2025-11-27T11:36:41.983-0300] {logging_mixin.py:188} INFO - [2025-11-27T11:36:41.983-0300] {dagbag.py:545} INFO - Filling up the DagBag from /Users/davispecia/Documents/GitHub/Pf_pipeline_dados/Projeto_final_fase3/venv/lib/python3.9/site-packages/airflow/example_dags/example_subdag_operator.py
[2025-11-27T11:36:42.030-0300] {processor.py:840} INFO - DAG(s) 'example_subdag_operator.section-1', 'example_subdag_operator.section-2', 'example_subdag_operator' retrieved from /Users/davispecia/Documents/GitHub/Pf_pipeline_dados/Projeto_final_fase3/venv/lib/python3.9/site-packages/airflow/example_dags/example_subdag_operator.py
[2025-11-27T11:36:42.066-0300] {logging_mixin.py:188} INFO - [2025-11-27T11:36:42.066-0300] {dag.py:3089} INFO - Sync 3 DAGs
[2025-11-27T11:36:42.074-0300] {logging_mixin.py:188} INFO - [2025-11-27T11:36:42.074-0300] {dag.py:3947} INFO - Setting next_dagrun for example_subdag_operator to 2022-01-01 00:00:00+00:00, run_after=2022-01-01 00:00:00+00:00
[2025-11-27T11:36:42.075-0300] {logging_mixin.py:188} INFO - [2025-11-27T11:36:42.075-0300] {dag.py:3947} INFO - Setting next_dagrun for example_subdag_operator.section-1 to None, run_after=None
[2025-11-27T11:36:42.076-0300] {logging_mixin.py:188} INFO - [2025-11-27T11:36:42.075-0300] {dag.py:3947} INFO - Setting next_dagrun for example_subdag_operator.section-2 to None, run_after=None
[2025-11-27T11:36:42.078-0300] {logging_mixin.py:188} INFO - [2025-11-27T11:36:42.078-0300] {dag.py:3089} INFO - Sync 2 DAGs
[2025-11-27T11:36:42.080-0300] {logging_mixin.py:188} INFO - [2025-11-27T11:36:42.080-0300] {dag.py:3947} INFO - Setting next_dagrun for example_subdag_operator.section-1 to None, run_after=None
[2025-11-27T11:36:42.080-0300] {logging_mixin.py:188} INFO - [2025-11-27T11:36:42.080-0300] {dag.py:3947} INFO - Setting next_dagrun for example_subdag_operator.section-2 to None, run_after=None
[2025-11-27T11:36:42.086-0300] {processor.py:183} INFO - Processing /Users/davispecia/Documents/GitHub/Pf_pipeline_dados/Projeto_final_fase3/venv/lib/python3.9/site-packages/airflow/example_dags/example_subdag_operator.py took 0.107 seconds
[2025-11-27T11:37:45.693-0300] {processor.py:161} INFO - Started process (PID=94184) to work on /Users/davispecia/Documents/GitHub/Pf_pipeline_dados/Projeto_final_fase3/venv/lib/python3.9/site-packages/airflow/example_dags/example_subdag_operator.py
[2025-11-27T11:37:45.693-0300] {processor.py:830} INFO - Processing file /Users/davispecia/Documents/GitHub/Pf_pipeline_dados/Projeto_final_fase3/venv/lib/python3.9/site-packages/airflow/example_dags/example_subdag_operator.py for tasks to queue
[2025-11-27T11:37:45.694-0300] {logging_mixin.py:188} INFO - [2025-11-27T11:37:45.693-0300] {dagbag.py:545} INFO - Filling up the DagBag from /Users/davispecia/Documents/GitHub/Pf_pipeline_dados/Projeto_final_fase3/venv/lib/python3.9/site-packages/airflow/example_dags/example_subdag_operator.py
[2025-11-27T11:37:45.742-0300] {processor.py:840} INFO - DAG(s) 'example_subdag_operator.section-1', 'example_subdag_operator.section-2', 'example_subdag_operator' retrieved from /Users/davispecia/Documents/GitHub/Pf_pipeline_dados/Projeto_final_fase3/venv/lib/python3.9/site-packages/airflow/example_dags/example_subdag_operator.py
[2025-11-27T11:37:45.779-0300] {logging_mixin.py:188} INFO - [2025-11-27T11:37:45.778-0300] {dag.py:3089} INFO - Sync 3 DAGs
[2025-11-27T11:37:45.787-0300] {logging_mixin.py:188} INFO - [2025-11-27T11:37:45.787-0300] {dag.py:3947} INFO - Setting next_dagrun for example_subdag_operator to 2022-01-01 00:00:00+00:00, run_after=2022-01-01 00:00:00+00:00
[2025-11-27T11:37:45.788-0300] {logging_mixin.py:188} INFO - [2025-11-27T11:37:45.788-0300] {dag.py:3947} INFO - Setting next_dagrun for example_subdag_operator.section-1 to None, run_after=None
[2025-11-27T11:37:45.788-0300] {logging_mixin.py:188} INFO - [2025-11-27T11:37:45.788-0300] {dag.py:3947} INFO - Setting next_dagrun for example_subdag_operator.section-2 to None, run_after=None
[2025-11-27T11:37:45.792-0300] {logging_mixin.py:188} INFO - [2025-11-27T11:37:45.792-0300] {dag.py:3089} INFO - Sync 2 DAGs
[2025-11-27T11:37:45.793-0300] {logging_mixin.py:188} INFO - [2025-11-27T11:37:45.793-0300] {dag.py:3947} INFO - Setting next_dagrun for example_subdag_operator.section-1 to None, run_after=None
[2025-11-27T11:37:45.794-0300] {logging_mixin.py:188} INFO - [2025-11-27T11:37:45.794-0300] {dag.py:3947} INFO - Setting next_dagrun for example_subdag_operator.section-2 to None, run_after=None
[2025-11-27T11:37:45.800-0300] {processor.py:183} INFO - Processing /Users/davispecia/Documents/GitHub/Pf_pipeline_dados/Projeto_final_fase3/venv/lib/python3.9/site-packages/airflow/example_dags/example_subdag_operator.py took 0.109 seconds
[2025-11-27T11:38:49.503-0300] {processor.py:161} INFO - Started process (PID=94333) to work on /Users/davispecia/Documents/GitHub/Pf_pipeline_dados/Projeto_final_fase3/venv/lib/python3.9/site-packages/airflow/example_dags/example_subdag_operator.py
[2025-11-27T11:38:49.504-0300] {processor.py:830} INFO - Processing file /Users/davispecia/Documents/GitHub/Pf_pipeline_dados/Projeto_final_fase3/venv/lib/python3.9/site-packages/airflow/example_dags/example_subdag_operator.py for tasks to queue
[2025-11-27T11:38:49.504-0300] {logging_mixin.py:188} INFO - [2025-11-27T11:38:49.504-0300] {dagbag.py:545} INFO - Filling up the DagBag from /Users/davispecia/Documents/GitHub/Pf_pipeline_dados/Projeto_final_fase3/venv/lib/python3.9/site-packages/airflow/example_dags/example_subdag_operator.py
[2025-11-27T11:38:49.553-0300] {processor.py:840} INFO - DAG(s) 'example_subdag_operator.section-1', 'example_subdag_operator.section-2', 'example_subdag_operator' retrieved from /Users/davispecia/Documents/GitHub/Pf_pipeline_dados/Projeto_final_fase3/venv/lib/python3.9/site-packages/airflow/example_dags/example_subdag_operator.py
[2025-11-27T11:38:49.590-0300] {logging_mixin.py:188} INFO - [2025-11-27T11:38:49.590-0300] {dag.py:3089} INFO - Sync 3 DAGs
[2025-11-27T11:38:49.598-0300] {logging_mixin.py:188} INFO - [2025-11-27T11:38:49.598-0300] {dag.py:3947} INFO - Setting next_dagrun for example_subdag_operator to 2022-01-01 00:00:00+00:00, run_after=2022-01-01 00:00:00+00:00
[2025-11-27T11:38:49.600-0300] {logging_mixin.py:188} INFO - [2025-11-27T11:38:49.600-0300] {dag.py:3947} INFO - Setting next_dagrun for example_subdag_operator.section-1 to None, run_after=None
[2025-11-27T11:38:49.600-0300] {logging_mixin.py:188} INFO - [2025-11-27T11:38:49.600-0300] {dag.py:3947} INFO - Setting next_dagrun for example_subdag_operator.section-2 to None, run_after=None
[2025-11-27T11:38:49.603-0300] {logging_mixin.py:188} INFO - [2025-11-27T11:38:49.603-0300] {dag.py:3089} INFO - Sync 2 DAGs
[2025-11-27T11:38:49.605-0300] {logging_mixin.py:188} INFO - [2025-11-27T11:38:49.605-0300] {dag.py:3947} INFO - Setting next_dagrun for example_subdag_operator.section-1 to None, run_after=None
[2025-11-27T11:38:49.605-0300] {logging_mixin.py:188} INFO - [2025-11-27T11:38:49.605-0300] {dag.py:3947} INFO - Setting next_dagrun for example_subdag_operator.section-2 to None, run_after=None
[2025-11-27T11:38:49.611-0300] {processor.py:183} INFO - Processing /Users/davispecia/Documents/GitHub/Pf_pipeline_dados/Projeto_final_fase3/venv/lib/python3.9/site-packages/airflow/example_dags/example_subdag_operator.py took 0.110 seconds
[2025-11-27T11:40:55.433-0300] {processor.py:161} INFO - Started process (PID=94629) to work on /Users/davispecia/Documents/GitHub/Pf_pipeline_dados/Projeto_final_fase3/venv/lib/python3.9/site-packages/airflow/example_dags/example_subdag_operator.py
[2025-11-27T11:40:55.433-0300] {processor.py:830} INFO - Processing file /Users/davispecia/Documents/GitHub/Pf_pipeline_dados/Projeto_final_fase3/venv/lib/python3.9/site-packages/airflow/example_dags/example_subdag_operator.py for tasks to queue
[2025-11-27T11:40:55.434-0300] {logging_mixin.py:188} INFO - [2025-11-27T11:40:55.433-0300] {dagbag.py:545} INFO - Filling up the DagBag from /Users/davispecia/Documents/GitHub/Pf_pipeline_dados/Projeto_final_fase3/venv/lib/python3.9/site-packages/airflow/example_dags/example_subdag_operator.py
[2025-11-27T11:40:55.485-0300] {processor.py:840} INFO - DAG(s) 'example_subdag_operator.section-1', 'example_subdag_operator.section-2', 'example_subdag_operator' retrieved from /Users/davispecia/Documents/GitHub/Pf_pipeline_dados/Projeto_final_fase3/venv/lib/python3.9/site-packages/airflow/example_dags/example_subdag_operator.py
[2025-11-27T11:40:55.523-0300] {logging_mixin.py:188} INFO - [2025-11-27T11:40:55.523-0300] {dag.py:3089} INFO - Sync 3 DAGs
[2025-11-27T11:40:55.532-0300] {logging_mixin.py:188} INFO - [2025-11-27T11:40:55.532-0300] {dag.py:3947} INFO - Setting next_dagrun for example_subdag_operator to 2022-01-01 00:00:00+00:00, run_after=2022-01-01 00:00:00+00:00
[2025-11-27T11:40:55.533-0300] {logging_mixin.py:188} INFO - [2025-11-27T11:40:55.533-0300] {dag.py:3947} INFO - Setting next_dagrun for example_subdag_operator.section-1 to None, run_after=None
[2025-11-27T11:40:55.534-0300] {logging_mixin.py:188} INFO - [2025-11-27T11:40:55.533-0300] {dag.py:3947} INFO - Setting next_dagrun for example_subdag_operator.section-2 to None, run_after=None
[2025-11-27T11:40:55.536-0300] {logging_mixin.py:188} INFO - [2025-11-27T11:40:55.536-0300] {dag.py:3089} INFO - Sync 2 DAGs
[2025-11-27T11:40:55.538-0300] {logging_mixin.py:188} INFO - [2025-11-27T11:40:55.538-0300] {dag.py:3947} INFO - Setting next_dagrun for example_subdag_operator.section-1 to None, run_after=None
[2025-11-27T11:40:55.538-0300] {logging_mixin.py:188} INFO - [2025-11-27T11:40:55.538-0300] {dag.py:3947} INFO - Setting next_dagrun for example_subdag_operator.section-2 to None, run_after=None
[2025-11-27T11:40:55.544-0300] {processor.py:183} INFO - Processing /Users/davispecia/Documents/GitHub/Pf_pipeline_dados/Projeto_final_fase3/venv/lib/python3.9/site-packages/airflow/example_dags/example_subdag_operator.py took 0.114 seconds
[2025-11-27T11:42:05.943-0300] {processor.py:161} INFO - Started process (PID=94867) to work on /Users/davispecia/Documents/GitHub/Pf_pipeline_dados/Projeto_final_fase3/venv/lib/python3.9/site-packages/airflow/example_dags/example_subdag_operator.py
[2025-11-27T11:42:05.945-0300] {processor.py:830} INFO - Processing file /Users/davispecia/Documents/GitHub/Pf_pipeline_dados/Projeto_final_fase3/venv/lib/python3.9/site-packages/airflow/example_dags/example_subdag_operator.py for tasks to queue
[2025-11-27T11:42:05.945-0300] {logging_mixin.py:188} INFO - [2025-11-27T11:42:05.945-0300] {dagbag.py:545} INFO - Filling up the DagBag from /Users/davispecia/Documents/GitHub/Pf_pipeline_dados/Projeto_final_fase3/venv/lib/python3.9/site-packages/airflow/example_dags/example_subdag_operator.py
[2025-11-27T11:42:05.993-0300] {processor.py:840} INFO - DAG(s) 'example_subdag_operator.section-1', 'example_subdag_operator.section-2', 'example_subdag_operator' retrieved from /Users/davispecia/Documents/GitHub/Pf_pipeline_dados/Projeto_final_fase3/venv/lib/python3.9/site-packages/airflow/example_dags/example_subdag_operator.py
[2025-11-27T11:42:06.030-0300] {logging_mixin.py:188} INFO - [2025-11-27T11:42:06.030-0300] {dag.py:3089} INFO - Sync 3 DAGs
[2025-11-27T11:42:06.038-0300] {logging_mixin.py:188} INFO - [2025-11-27T11:42:06.038-0300] {dag.py:3947} INFO - Setting next_dagrun for example_subdag_operator to 2022-01-01 00:00:00+00:00, run_after=2022-01-01 00:00:00+00:00
[2025-11-27T11:42:06.040-0300] {logging_mixin.py:188} INFO - [2025-11-27T11:42:06.040-0300] {dag.py:3947} INFO - Setting next_dagrun for example_subdag_operator.section-1 to None, run_after=None
[2025-11-27T11:42:06.040-0300] {logging_mixin.py:188} INFO - [2025-11-27T11:42:06.040-0300] {dag.py:3947} INFO - Setting next_dagrun for example_subdag_operator.section-2 to None, run_after=None
[2025-11-27T11:42:06.043-0300] {logging_mixin.py:188} INFO - [2025-11-27T11:42:06.043-0300] {dag.py:3089} INFO - Sync 2 DAGs
[2025-11-27T11:42:06.045-0300] {logging_mixin.py:188} INFO - [2025-11-27T11:42:06.045-0300] {dag.py:3947} INFO - Setting next_dagrun for example_subdag_operator.section-1 to None, run_after=None
[2025-11-27T11:42:06.045-0300] {logging_mixin.py:188} INFO - [2025-11-27T11:42:06.045-0300] {dag.py:3947} INFO - Setting next_dagrun for example_subdag_operator.section-2 to None, run_after=None
[2025-11-27T11:42:06.051-0300] {processor.py:183} INFO - Processing /Users/davispecia/Documents/GitHub/Pf_pipeline_dados/Projeto_final_fase3/venv/lib/python3.9/site-packages/airflow/example_dags/example_subdag_operator.py took 0.109 seconds
[2025-11-27T11:43:10.697-0300] {processor.py:161} INFO - Started process (PID=95019) to work on /Users/davispecia/Documents/GitHub/Pf_pipeline_dados/Projeto_final_fase3/venv/lib/python3.9/site-packages/airflow/example_dags/example_subdag_operator.py
[2025-11-27T11:43:10.698-0300] {processor.py:830} INFO - Processing file /Users/davispecia/Documents/GitHub/Pf_pipeline_dados/Projeto_final_fase3/venv/lib/python3.9/site-packages/airflow/example_dags/example_subdag_operator.py for tasks to queue
[2025-11-27T11:43:10.698-0300] {logging_mixin.py:188} INFO - [2025-11-27T11:43:10.698-0300] {dagbag.py:545} INFO - Filling up the DagBag from /Users/davispecia/Documents/GitHub/Pf_pipeline_dados/Projeto_final_fase3/venv/lib/python3.9/site-packages/airflow/example_dags/example_subdag_operator.py
[2025-11-27T11:43:10.746-0300] {processor.py:840} INFO - DAG(s) 'example_subdag_operator.section-1', 'example_subdag_operator.section-2', 'example_subdag_operator' retrieved from /Users/davispecia/Documents/GitHub/Pf_pipeline_dados/Projeto_final_fase3/venv/lib/python3.9/site-packages/airflow/example_dags/example_subdag_operator.py
[2025-11-27T11:43:10.783-0300] {logging_mixin.py:188} INFO - [2025-11-27T11:43:10.782-0300] {dag.py:3089} INFO - Sync 3 DAGs
[2025-11-27T11:43:10.791-0300] {logging_mixin.py:188} INFO - [2025-11-27T11:43:10.790-0300] {dag.py:3947} INFO - Setting next_dagrun for example_subdag_operator to 2022-01-01 00:00:00+00:00, run_after=2022-01-01 00:00:00+00:00
[2025-11-27T11:43:10.792-0300] {logging_mixin.py:188} INFO - [2025-11-27T11:43:10.792-0300] {dag.py:3947} INFO - Setting next_dagrun for example_subdag_operator.section-1 to None, run_after=None
[2025-11-27T11:43:10.792-0300] {logging_mixin.py:188} INFO - [2025-11-27T11:43:10.792-0300] {dag.py:3947} INFO - Setting next_dagrun for example_subdag_operator.section-2 to None, run_after=None
[2025-11-27T11:43:10.795-0300] {logging_mixin.py:188} INFO - [2025-11-27T11:43:10.795-0300] {dag.py:3089} INFO - Sync 2 DAGs
[2025-11-27T11:43:10.797-0300] {logging_mixin.py:188} INFO - [2025-11-27T11:43:10.797-0300] {dag.py:3947} INFO - Setting next_dagrun for example_subdag_operator.section-1 to None, run_after=None
[2025-11-27T11:43:10.797-0300] {logging_mixin.py:188} INFO - [2025-11-27T11:43:10.797-0300] {dag.py:3947} INFO - Setting next_dagrun for example_subdag_operator.section-2 to None, run_after=None
[2025-11-27T11:43:10.803-0300] {processor.py:183} INFO - Processing /Users/davispecia/Documents/GitHub/Pf_pipeline_dados/Projeto_final_fase3/venv/lib/python3.9/site-packages/airflow/example_dags/example_subdag_operator.py took 0.108 seconds
[2025-11-27T11:44:15.308-0300] {processor.py:161} INFO - Started process (PID=95171) to work on /Users/davispecia/Documents/GitHub/Pf_pipeline_dados/Projeto_final_fase3/venv/lib/python3.9/site-packages/airflow/example_dags/example_subdag_operator.py
[2025-11-27T11:44:15.308-0300] {processor.py:830} INFO - Processing file /Users/davispecia/Documents/GitHub/Pf_pipeline_dados/Projeto_final_fase3/venv/lib/python3.9/site-packages/airflow/example_dags/example_subdag_operator.py for tasks to queue
[2025-11-27T11:44:15.309-0300] {logging_mixin.py:188} INFO - [2025-11-27T11:44:15.308-0300] {dagbag.py:545} INFO - Filling up the DagBag from /Users/davispecia/Documents/GitHub/Pf_pipeline_dados/Projeto_final_fase3/venv/lib/python3.9/site-packages/airflow/example_dags/example_subdag_operator.py
[2025-11-27T11:44:15.357-0300] {processor.py:840} INFO - DAG(s) 'example_subdag_operator.section-1', 'example_subdag_operator.section-2', 'example_subdag_operator' retrieved from /Users/davispecia/Documents/GitHub/Pf_pipeline_dados/Projeto_final_fase3/venv/lib/python3.9/site-packages/airflow/example_dags/example_subdag_operator.py
[2025-11-27T11:44:15.393-0300] {logging_mixin.py:188} INFO - [2025-11-27T11:44:15.393-0300] {dag.py:3089} INFO - Sync 3 DAGs
[2025-11-27T11:44:15.401-0300] {logging_mixin.py:188} INFO - [2025-11-27T11:44:15.401-0300] {dag.py:3947} INFO - Setting next_dagrun for example_subdag_operator to 2022-01-01 00:00:00+00:00, run_after=2022-01-01 00:00:00+00:00
[2025-11-27T11:44:15.403-0300] {logging_mixin.py:188} INFO - [2025-11-27T11:44:15.402-0300] {dag.py:3947} INFO - Setting next_dagrun for example_subdag_operator.section-1 to None, run_after=None
[2025-11-27T11:44:15.403-0300] {logging_mixin.py:188} INFO - [2025-11-27T11:44:15.403-0300] {dag.py:3947} INFO - Setting next_dagrun for example_subdag_operator.section-2 to None, run_after=None
[2025-11-27T11:44:15.406-0300] {logging_mixin.py:188} INFO - [2025-11-27T11:44:15.406-0300] {dag.py:3089} INFO - Sync 2 DAGs
[2025-11-27T11:44:15.407-0300] {logging_mixin.py:188} INFO - [2025-11-27T11:44:15.407-0300] {dag.py:3947} INFO - Setting next_dagrun for example_subdag_operator.section-1 to None, run_after=None
[2025-11-27T11:44:15.407-0300] {logging_mixin.py:188} INFO - [2025-11-27T11:44:15.407-0300] {dag.py:3947} INFO - Setting next_dagrun for example_subdag_operator.section-2 to None, run_after=None
[2025-11-27T11:44:15.413-0300] {processor.py:183} INFO - Processing /Users/davispecia/Documents/GitHub/Pf_pipeline_dados/Projeto_final_fase3/venv/lib/python3.9/site-packages/airflow/example_dags/example_subdag_operator.py took 0.108 seconds
[2025-11-27T11:46:18.256-0300] {processor.py:161} INFO - Started process (PID=95466) to work on /Users/davispecia/Documents/GitHub/Pf_pipeline_dados/Projeto_final_fase3/venv/lib/python3.9/site-packages/airflow/example_dags/example_subdag_operator.py
[2025-11-27T11:46:18.257-0300] {processor.py:830} INFO - Processing file /Users/davispecia/Documents/GitHub/Pf_pipeline_dados/Projeto_final_fase3/venv/lib/python3.9/site-packages/airflow/example_dags/example_subdag_operator.py for tasks to queue
[2025-11-27T11:46:18.257-0300] {logging_mixin.py:188} INFO - [2025-11-27T11:46:18.257-0300] {dagbag.py:545} INFO - Filling up the DagBag from /Users/davispecia/Documents/GitHub/Pf_pipeline_dados/Projeto_final_fase3/venv/lib/python3.9/site-packages/airflow/example_dags/example_subdag_operator.py
[2025-11-27T11:46:18.305-0300] {processor.py:840} INFO - DAG(s) 'example_subdag_operator.section-1', 'example_subdag_operator.section-2', 'example_subdag_operator' retrieved from /Users/davispecia/Documents/GitHub/Pf_pipeline_dados/Projeto_final_fase3/venv/lib/python3.9/site-packages/airflow/example_dags/example_subdag_operator.py
[2025-11-27T11:46:18.342-0300] {logging_mixin.py:188} INFO - [2025-11-27T11:46:18.342-0300] {dag.py:3089} INFO - Sync 3 DAGs
[2025-11-27T11:46:18.350-0300] {logging_mixin.py:188} INFO - [2025-11-27T11:46:18.350-0300] {dag.py:3947} INFO - Setting next_dagrun for example_subdag_operator to 2022-01-01 00:00:00+00:00, run_after=2022-01-01 00:00:00+00:00
[2025-11-27T11:46:18.351-0300] {logging_mixin.py:188} INFO - [2025-11-27T11:46:18.351-0300] {dag.py:3947} INFO - Setting next_dagrun for example_subdag_operator.section-1 to None, run_after=None
[2025-11-27T11:46:18.352-0300] {logging_mixin.py:188} INFO - [2025-11-27T11:46:18.352-0300] {dag.py:3947} INFO - Setting next_dagrun for example_subdag_operator.section-2 to None, run_after=None
[2025-11-27T11:46:18.354-0300] {logging_mixin.py:188} INFO - [2025-11-27T11:46:18.354-0300] {dag.py:3089} INFO - Sync 2 DAGs
[2025-11-27T11:46:18.356-0300] {logging_mixin.py:188} INFO - [2025-11-27T11:46:18.356-0300] {dag.py:3947} INFO - Setting next_dagrun for example_subdag_operator.section-1 to None, run_after=None
[2025-11-27T11:46:18.356-0300] {logging_mixin.py:188} INFO - [2025-11-27T11:46:18.356-0300] {dag.py:3947} INFO - Setting next_dagrun for example_subdag_operator.section-2 to None, run_after=None
[2025-11-27T11:46:18.362-0300] {processor.py:183} INFO - Processing /Users/davispecia/Documents/GitHub/Pf_pipeline_dados/Projeto_final_fase3/venv/lib/python3.9/site-packages/airflow/example_dags/example_subdag_operator.py took 0.108 seconds
[2025-11-27T11:47:28.976-0300] {processor.py:161} INFO - Started process (PID=95736) to work on /Users/davispecia/Documents/GitHub/Pf_pipeline_dados/Projeto_final_fase3/venv/lib/python3.9/site-packages/airflow/example_dags/example_subdag_operator.py
[2025-11-27T11:47:28.977-0300] {processor.py:830} INFO - Processing file /Users/davispecia/Documents/GitHub/Pf_pipeline_dados/Projeto_final_fase3/venv/lib/python3.9/site-packages/airflow/example_dags/example_subdag_operator.py for tasks to queue
[2025-11-27T11:47:28.978-0300] {logging_mixin.py:188} INFO - [2025-11-27T11:47:28.978-0300] {dagbag.py:545} INFO - Filling up the DagBag from /Users/davispecia/Documents/GitHub/Pf_pipeline_dados/Projeto_final_fase3/venv/lib/python3.9/site-packages/airflow/example_dags/example_subdag_operator.py
[2025-11-27T11:47:29.025-0300] {processor.py:840} INFO - DAG(s) 'example_subdag_operator.section-1', 'example_subdag_operator.section-2', 'example_subdag_operator' retrieved from /Users/davispecia/Documents/GitHub/Pf_pipeline_dados/Projeto_final_fase3/venv/lib/python3.9/site-packages/airflow/example_dags/example_subdag_operator.py
[2025-11-27T11:47:29.062-0300] {logging_mixin.py:188} INFO - [2025-11-27T11:47:29.062-0300] {dag.py:3089} INFO - Sync 3 DAGs
[2025-11-27T11:47:29.070-0300] {logging_mixin.py:188} INFO - [2025-11-27T11:47:29.070-0300] {dag.py:3947} INFO - Setting next_dagrun for example_subdag_operator to 2022-01-01 00:00:00+00:00, run_after=2022-01-01 00:00:00+00:00
[2025-11-27T11:47:29.071-0300] {logging_mixin.py:188} INFO - [2025-11-27T11:47:29.071-0300] {dag.py:3947} INFO - Setting next_dagrun for example_subdag_operator.section-1 to None, run_after=None
[2025-11-27T11:47:29.072-0300] {logging_mixin.py:188} INFO - [2025-11-27T11:47:29.072-0300] {dag.py:3947} INFO - Setting next_dagrun for example_subdag_operator.section-2 to None, run_after=None
[2025-11-27T11:47:29.074-0300] {logging_mixin.py:188} INFO - [2025-11-27T11:47:29.074-0300] {dag.py:3089} INFO - Sync 2 DAGs
[2025-11-27T11:47:29.076-0300] {logging_mixin.py:188} INFO - [2025-11-27T11:47:29.076-0300] {dag.py:3947} INFO - Setting next_dagrun for example_subdag_operator.section-1 to None, run_after=None
[2025-11-27T11:47:29.076-0300] {logging_mixin.py:188} INFO - [2025-11-27T11:47:29.076-0300] {dag.py:3947} INFO - Setting next_dagrun for example_subdag_operator.section-2 to None, run_after=None
[2025-11-27T11:47:29.082-0300] {processor.py:183} INFO - Processing /Users/davispecia/Documents/GitHub/Pf_pipeline_dados/Projeto_final_fase3/venv/lib/python3.9/site-packages/airflow/example_dags/example_subdag_operator.py took 0.108 seconds
[2025-11-27T11:48:34.246-0300] {processor.py:161} INFO - Started process (PID=95888) to work on /Users/davispecia/Documents/GitHub/Pf_pipeline_dados/Projeto_final_fase3/venv/lib/python3.9/site-packages/airflow/example_dags/example_subdag_operator.py
[2025-11-27T11:48:34.247-0300] {processor.py:830} INFO - Processing file /Users/davispecia/Documents/GitHub/Pf_pipeline_dados/Projeto_final_fase3/venv/lib/python3.9/site-packages/airflow/example_dags/example_subdag_operator.py for tasks to queue
[2025-11-27T11:48:34.247-0300] {logging_mixin.py:188} INFO - [2025-11-27T11:48:34.247-0300] {dagbag.py:545} INFO - Filling up the DagBag from /Users/davispecia/Documents/GitHub/Pf_pipeline_dados/Projeto_final_fase3/venv/lib/python3.9/site-packages/airflow/example_dags/example_subdag_operator.py
[2025-11-27T11:48:34.295-0300] {processor.py:840} INFO - DAG(s) 'example_subdag_operator.section-1', 'example_subdag_operator.section-2', 'example_subdag_operator' retrieved from /Users/davispecia/Documents/GitHub/Pf_pipeline_dados/Projeto_final_fase3/venv/lib/python3.9/site-packages/airflow/example_dags/example_subdag_operator.py
[2025-11-27T11:48:34.332-0300] {logging_mixin.py:188} INFO - [2025-11-27T11:48:34.332-0300] {dag.py:3089} INFO - Sync 3 DAGs
[2025-11-27T11:48:34.340-0300] {logging_mixin.py:188} INFO - [2025-11-27T11:48:34.340-0300] {dag.py:3947} INFO - Setting next_dagrun for example_subdag_operator to 2022-01-01 00:00:00+00:00, run_after=2022-01-01 00:00:00+00:00
[2025-11-27T11:48:34.341-0300] {logging_mixin.py:188} INFO - [2025-11-27T11:48:34.341-0300] {dag.py:3947} INFO - Setting next_dagrun for example_subdag_operator.section-1 to None, run_after=None
[2025-11-27T11:48:34.342-0300] {logging_mixin.py:188} INFO - [2025-11-27T11:48:34.342-0300] {dag.py:3947} INFO - Setting next_dagrun for example_subdag_operator.section-2 to None, run_after=None
[2025-11-27T11:48:34.344-0300] {logging_mixin.py:188} INFO - [2025-11-27T11:48:34.344-0300] {dag.py:3089} INFO - Sync 2 DAGs
[2025-11-27T11:48:34.346-0300] {logging_mixin.py:188} INFO - [2025-11-27T11:48:34.346-0300] {dag.py:3947} INFO - Setting next_dagrun for example_subdag_operator.section-1 to None, run_after=None
[2025-11-27T11:48:34.346-0300] {logging_mixin.py:188} INFO - [2025-11-27T11:48:34.346-0300] {dag.py:3947} INFO - Setting next_dagrun for example_subdag_operator.section-2 to None, run_after=None
[2025-11-27T11:48:34.352-0300] {processor.py:183} INFO - Processing /Users/davispecia/Documents/GitHub/Pf_pipeline_dados/Projeto_final_fase3/venv/lib/python3.9/site-packages/airflow/example_dags/example_subdag_operator.py took 0.109 seconds
[2025-11-27T11:49:37.705-0300] {processor.py:161} INFO - Started process (PID=96047) to work on /Users/davispecia/Documents/GitHub/Pf_pipeline_dados/Projeto_final_fase3/venv/lib/python3.9/site-packages/airflow/example_dags/example_subdag_operator.py
[2025-11-27T11:49:37.706-0300] {processor.py:830} INFO - Processing file /Users/davispecia/Documents/GitHub/Pf_pipeline_dados/Projeto_final_fase3/venv/lib/python3.9/site-packages/airflow/example_dags/example_subdag_operator.py for tasks to queue
[2025-11-27T11:49:37.706-0300] {logging_mixin.py:188} INFO - [2025-11-27T11:49:37.706-0300] {dagbag.py:545} INFO - Filling up the DagBag from /Users/davispecia/Documents/GitHub/Pf_pipeline_dados/Projeto_final_fase3/venv/lib/python3.9/site-packages/airflow/example_dags/example_subdag_operator.py
[2025-11-27T11:49:37.754-0300] {processor.py:840} INFO - DAG(s) 'example_subdag_operator.section-1', 'example_subdag_operator.section-2', 'example_subdag_operator' retrieved from /Users/davispecia/Documents/GitHub/Pf_pipeline_dados/Projeto_final_fase3/venv/lib/python3.9/site-packages/airflow/example_dags/example_subdag_operator.py
[2025-11-27T11:49:37.791-0300] {logging_mixin.py:188} INFO - [2025-11-27T11:49:37.791-0300] {dag.py:3089} INFO - Sync 3 DAGs
[2025-11-27T11:49:37.799-0300] {logging_mixin.py:188} INFO - [2025-11-27T11:49:37.799-0300] {dag.py:3947} INFO - Setting next_dagrun for example_subdag_operator to 2022-01-01 00:00:00+00:00, run_after=2022-01-01 00:00:00+00:00
[2025-11-27T11:49:37.801-0300] {logging_mixin.py:188} INFO - [2025-11-27T11:49:37.801-0300] {dag.py:3947} INFO - Setting next_dagrun for example_subdag_operator.section-1 to None, run_after=None
[2025-11-27T11:49:37.801-0300] {logging_mixin.py:188} INFO - [2025-11-27T11:49:37.801-0300] {dag.py:3947} INFO - Setting next_dagrun for example_subdag_operator.section-2 to None, run_after=None
[2025-11-27T11:49:37.804-0300] {logging_mixin.py:188} INFO - [2025-11-27T11:49:37.804-0300] {dag.py:3089} INFO - Sync 2 DAGs
[2025-11-27T11:49:37.806-0300] {logging_mixin.py:188} INFO - [2025-11-27T11:49:37.806-0300] {dag.py:3947} INFO - Setting next_dagrun for example_subdag_operator.section-1 to None, run_after=None
[2025-11-27T11:49:37.806-0300] {logging_mixin.py:188} INFO - [2025-11-27T11:49:37.806-0300] {dag.py:3947} INFO - Setting next_dagrun for example_subdag_operator.section-2 to None, run_after=None
[2025-11-27T11:49:37.812-0300] {processor.py:183} INFO - Processing /Users/davispecia/Documents/GitHub/Pf_pipeline_dados/Projeto_final_fase3/venv/lib/python3.9/site-packages/airflow/example_dags/example_subdag_operator.py took 0.109 seconds
[2025-11-27T11:50:41.982-0300] {processor.py:161} INFO - Started process (PID=96209) to work on /Users/davispecia/Documents/GitHub/Pf_pipeline_dados/Projeto_final_fase3/venv/lib/python3.9/site-packages/airflow/example_dags/example_subdag_operator.py
[2025-11-27T11:50:41.983-0300] {processor.py:830} INFO - Processing file /Users/davispecia/Documents/GitHub/Pf_pipeline_dados/Projeto_final_fase3/venv/lib/python3.9/site-packages/airflow/example_dags/example_subdag_operator.py for tasks to queue
[2025-11-27T11:50:41.983-0300] {logging_mixin.py:188} INFO - [2025-11-27T11:50:41.983-0300] {dagbag.py:545} INFO - Filling up the DagBag from /Users/davispecia/Documents/GitHub/Pf_pipeline_dados/Projeto_final_fase3/venv/lib/python3.9/site-packages/airflow/example_dags/example_subdag_operator.py
[2025-11-27T11:50:42.032-0300] {processor.py:840} INFO - DAG(s) 'example_subdag_operator.section-1', 'example_subdag_operator.section-2', 'example_subdag_operator' retrieved from /Users/davispecia/Documents/GitHub/Pf_pipeline_dados/Projeto_final_fase3/venv/lib/python3.9/site-packages/airflow/example_dags/example_subdag_operator.py
[2025-11-27T11:50:42.068-0300] {logging_mixin.py:188} INFO - [2025-11-27T11:50:42.068-0300] {dag.py:3089} INFO - Sync 3 DAGs
[2025-11-27T11:50:42.076-0300] {logging_mixin.py:188} INFO - [2025-11-27T11:50:42.076-0300] {dag.py:3947} INFO - Setting next_dagrun for example_subdag_operator to 2022-01-01 00:00:00+00:00, run_after=2022-01-01 00:00:00+00:00
[2025-11-27T11:50:42.078-0300] {logging_mixin.py:188} INFO - [2025-11-27T11:50:42.078-0300] {dag.py:3947} INFO - Setting next_dagrun for example_subdag_operator.section-1 to None, run_after=None
[2025-11-27T11:50:42.078-0300] {logging_mixin.py:188} INFO - [2025-11-27T11:50:42.078-0300] {dag.py:3947} INFO - Setting next_dagrun for example_subdag_operator.section-2 to None, run_after=None
[2025-11-27T11:50:42.081-0300] {logging_mixin.py:188} INFO - [2025-11-27T11:50:42.081-0300] {dag.py:3089} INFO - Sync 2 DAGs
[2025-11-27T11:50:42.082-0300] {logging_mixin.py:188} INFO - [2025-11-27T11:50:42.082-0300] {dag.py:3947} INFO - Setting next_dagrun for example_subdag_operator.section-1 to None, run_after=None
[2025-11-27T11:50:42.083-0300] {logging_mixin.py:188} INFO - [2025-11-27T11:50:42.082-0300] {dag.py:3947} INFO - Setting next_dagrun for example_subdag_operator.section-2 to None, run_after=None
[2025-11-27T11:50:42.088-0300] {processor.py:183} INFO - Processing /Users/davispecia/Documents/GitHub/Pf_pipeline_dados/Projeto_final_fase3/venv/lib/python3.9/site-packages/airflow/example_dags/example_subdag_operator.py took 0.108 seconds
[2025-11-27T11:51:45.542-0300] {processor.py:161} INFO - Started process (PID=96364) to work on /Users/davispecia/Documents/GitHub/Pf_pipeline_dados/Projeto_final_fase3/venv/lib/python3.9/site-packages/airflow/example_dags/example_subdag_operator.py
[2025-11-27T11:51:45.543-0300] {processor.py:830} INFO - Processing file /Users/davispecia/Documents/GitHub/Pf_pipeline_dados/Projeto_final_fase3/venv/lib/python3.9/site-packages/airflow/example_dags/example_subdag_operator.py for tasks to queue
[2025-11-27T11:51:45.543-0300] {logging_mixin.py:188} INFO - [2025-11-27T11:51:45.543-0300] {dagbag.py:545} INFO - Filling up the DagBag from /Users/davispecia/Documents/GitHub/Pf_pipeline_dados/Projeto_final_fase3/venv/lib/python3.9/site-packages/airflow/example_dags/example_subdag_operator.py
[2025-11-27T11:51:45.591-0300] {processor.py:840} INFO - DAG(s) 'example_subdag_operator.section-1', 'example_subdag_operator.section-2', 'example_subdag_operator' retrieved from /Users/davispecia/Documents/GitHub/Pf_pipeline_dados/Projeto_final_fase3/venv/lib/python3.9/site-packages/airflow/example_dags/example_subdag_operator.py
[2025-11-27T11:51:45.627-0300] {logging_mixin.py:188} INFO - [2025-11-27T11:51:45.627-0300] {dag.py:3089} INFO - Sync 3 DAGs
[2025-11-27T11:51:45.635-0300] {logging_mixin.py:188} INFO - [2025-11-27T11:51:45.635-0300] {dag.py:3947} INFO - Setting next_dagrun for example_subdag_operator to 2022-01-01 00:00:00+00:00, run_after=2022-01-01 00:00:00+00:00
[2025-11-27T11:51:45.636-0300] {logging_mixin.py:188} INFO - [2025-11-27T11:51:45.636-0300] {dag.py:3947} INFO - Setting next_dagrun for example_subdag_operator.section-1 to None, run_after=None
[2025-11-27T11:51:45.637-0300] {logging_mixin.py:188} INFO - [2025-11-27T11:51:45.636-0300] {dag.py:3947} INFO - Setting next_dagrun for example_subdag_operator.section-2 to None, run_after=None
[2025-11-27T11:51:45.639-0300] {logging_mixin.py:188} INFO - [2025-11-27T11:51:45.639-0300] {dag.py:3089} INFO - Sync 2 DAGs
[2025-11-27T11:51:45.641-0300] {logging_mixin.py:188} INFO - [2025-11-27T11:51:45.641-0300] {dag.py:3947} INFO - Setting next_dagrun for example_subdag_operator.section-1 to None, run_after=None
[2025-11-27T11:51:45.641-0300] {logging_mixin.py:188} INFO - [2025-11-27T11:51:45.641-0300] {dag.py:3947} INFO - Setting next_dagrun for example_subdag_operator.section-2 to None, run_after=None
[2025-11-27T11:51:45.647-0300] {processor.py:183} INFO - Processing /Users/davispecia/Documents/GitHub/Pf_pipeline_dados/Projeto_final_fase3/venv/lib/python3.9/site-packages/airflow/example_dags/example_subdag_operator.py took 0.108 seconds
[2025-11-27T11:53:57.462-0300] {processor.py:161} INFO - Started process (PID=96833) to work on /Users/davispecia/Documents/GitHub/Pf_pipeline_dados/Projeto_final_fase3/venv/lib/python3.9/site-packages/airflow/example_dags/example_subdag_operator.py
[2025-11-27T11:53:57.463-0300] {processor.py:830} INFO - Processing file /Users/davispecia/Documents/GitHub/Pf_pipeline_dados/Projeto_final_fase3/venv/lib/python3.9/site-packages/airflow/example_dags/example_subdag_operator.py for tasks to queue
[2025-11-27T11:53:57.464-0300] {logging_mixin.py:188} INFO - [2025-11-27T11:53:57.464-0300] {dagbag.py:545} INFO - Filling up the DagBag from /Users/davispecia/Documents/GitHub/Pf_pipeline_dados/Projeto_final_fase3/venv/lib/python3.9/site-packages/airflow/example_dags/example_subdag_operator.py
[2025-11-27T11:53:57.512-0300] {processor.py:840} INFO - DAG(s) 'example_subdag_operator.section-1', 'example_subdag_operator.section-2', 'example_subdag_operator' retrieved from /Users/davispecia/Documents/GitHub/Pf_pipeline_dados/Projeto_final_fase3/venv/lib/python3.9/site-packages/airflow/example_dags/example_subdag_operator.py
[2025-11-27T11:53:57.548-0300] {logging_mixin.py:188} INFO - [2025-11-27T11:53:57.548-0300] {dag.py:3089} INFO - Sync 3 DAGs
[2025-11-27T11:53:57.556-0300] {logging_mixin.py:188} INFO - [2025-11-27T11:53:57.556-0300] {dag.py:3947} INFO - Setting next_dagrun for example_subdag_operator to 2022-01-01 00:00:00+00:00, run_after=2022-01-01 00:00:00+00:00
[2025-11-27T11:53:57.558-0300] {logging_mixin.py:188} INFO - [2025-11-27T11:53:57.558-0300] {dag.py:3947} INFO - Setting next_dagrun for example_subdag_operator.section-1 to None, run_after=None
[2025-11-27T11:53:57.558-0300] {logging_mixin.py:188} INFO - [2025-11-27T11:53:57.558-0300] {dag.py:3947} INFO - Setting next_dagrun for example_subdag_operator.section-2 to None, run_after=None
[2025-11-27T11:53:57.561-0300] {logging_mixin.py:188} INFO - [2025-11-27T11:53:57.561-0300] {dag.py:3089} INFO - Sync 2 DAGs
[2025-11-27T11:53:57.562-0300] {logging_mixin.py:188} INFO - [2025-11-27T11:53:57.562-0300] {dag.py:3947} INFO - Setting next_dagrun for example_subdag_operator.section-1 to None, run_after=None
[2025-11-27T11:53:57.562-0300] {logging_mixin.py:188} INFO - [2025-11-27T11:53:57.562-0300] {dag.py:3947} INFO - Setting next_dagrun for example_subdag_operator.section-2 to None, run_after=None
[2025-11-27T11:53:57.568-0300] {processor.py:183} INFO - Processing /Users/davispecia/Documents/GitHub/Pf_pipeline_dados/Projeto_final_fase3/venv/lib/python3.9/site-packages/airflow/example_dags/example_subdag_operator.py took 0.108 seconds
[2025-11-27T11:55:54.385-0300] {processor.py:161} INFO - Started process (PID=97112) to work on /Users/davispecia/Documents/GitHub/Pf_pipeline_dados/Projeto_final_fase3/venv/lib/python3.9/site-packages/airflow/example_dags/example_subdag_operator.py
[2025-11-27T11:55:54.386-0300] {processor.py:830} INFO - Processing file /Users/davispecia/Documents/GitHub/Pf_pipeline_dados/Projeto_final_fase3/venv/lib/python3.9/site-packages/airflow/example_dags/example_subdag_operator.py for tasks to queue
[2025-11-27T11:55:54.387-0300] {logging_mixin.py:188} INFO - [2025-11-27T11:55:54.387-0300] {dagbag.py:545} INFO - Filling up the DagBag from /Users/davispecia/Documents/GitHub/Pf_pipeline_dados/Projeto_final_fase3/venv/lib/python3.9/site-packages/airflow/example_dags/example_subdag_operator.py
[2025-11-27T11:55:54.435-0300] {processor.py:840} INFO - DAG(s) 'example_subdag_operator.section-1', 'example_subdag_operator.section-2', 'example_subdag_operator' retrieved from /Users/davispecia/Documents/GitHub/Pf_pipeline_dados/Projeto_final_fase3/venv/lib/python3.9/site-packages/airflow/example_dags/example_subdag_operator.py
[2025-11-27T11:55:54.473-0300] {logging_mixin.py:188} INFO - [2025-11-27T11:55:54.473-0300] {dag.py:3089} INFO - Sync 3 DAGs
[2025-11-27T11:55:54.481-0300] {logging_mixin.py:188} INFO - [2025-11-27T11:55:54.481-0300] {dag.py:3947} INFO - Setting next_dagrun for example_subdag_operator to 2022-01-01 00:00:00+00:00, run_after=2022-01-01 00:00:00+00:00
[2025-11-27T11:55:54.482-0300] {logging_mixin.py:188} INFO - [2025-11-27T11:55:54.482-0300] {dag.py:3947} INFO - Setting next_dagrun for example_subdag_operator.section-1 to None, run_after=None
[2025-11-27T11:55:54.482-0300] {logging_mixin.py:188} INFO - [2025-11-27T11:55:54.482-0300] {dag.py:3947} INFO - Setting next_dagrun for example_subdag_operator.section-2 to None, run_after=None
[2025-11-27T11:55:54.485-0300] {logging_mixin.py:188} INFO - [2025-11-27T11:55:54.485-0300] {dag.py:3089} INFO - Sync 2 DAGs
[2025-11-27T11:55:54.487-0300] {logging_mixin.py:188} INFO - [2025-11-27T11:55:54.486-0300] {dag.py:3947} INFO - Setting next_dagrun for example_subdag_operator.section-1 to None, run_after=None
[2025-11-27T11:55:54.487-0300] {logging_mixin.py:188} INFO - [2025-11-27T11:55:54.487-0300] {dag.py:3947} INFO - Setting next_dagrun for example_subdag_operator.section-2 to None, run_after=None
[2025-11-27T11:55:54.493-0300] {processor.py:183} INFO - Processing /Users/davispecia/Documents/GitHub/Pf_pipeline_dados/Projeto_final_fase3/venv/lib/python3.9/site-packages/airflow/example_dags/example_subdag_operator.py took 0.110 seconds
[2025-11-27T11:56:58.835-0300] {processor.py:161} INFO - Started process (PID=97269) to work on /Users/davispecia/Documents/GitHub/Pf_pipeline_dados/Projeto_final_fase3/venv/lib/python3.9/site-packages/airflow/example_dags/example_subdag_operator.py
[2025-11-27T11:56:58.836-0300] {processor.py:830} INFO - Processing file /Users/davispecia/Documents/GitHub/Pf_pipeline_dados/Projeto_final_fase3/venv/lib/python3.9/site-packages/airflow/example_dags/example_subdag_operator.py for tasks to queue
[2025-11-27T11:56:58.836-0300] {logging_mixin.py:188} INFO - [2025-11-27T11:56:58.836-0300] {dagbag.py:545} INFO - Filling up the DagBag from /Users/davispecia/Documents/GitHub/Pf_pipeline_dados/Projeto_final_fase3/venv/lib/python3.9/site-packages/airflow/example_dags/example_subdag_operator.py
[2025-11-27T11:56:58.885-0300] {processor.py:840} INFO - DAG(s) 'example_subdag_operator.section-1', 'example_subdag_operator.section-2', 'example_subdag_operator' retrieved from /Users/davispecia/Documents/GitHub/Pf_pipeline_dados/Projeto_final_fase3/venv/lib/python3.9/site-packages/airflow/example_dags/example_subdag_operator.py
[2025-11-27T11:56:58.922-0300] {logging_mixin.py:188} INFO - [2025-11-27T11:56:58.921-0300] {dag.py:3089} INFO - Sync 3 DAGs
[2025-11-27T11:56:58.930-0300] {logging_mixin.py:188} INFO - [2025-11-27T11:56:58.930-0300] {dag.py:3947} INFO - Setting next_dagrun for example_subdag_operator to 2022-01-01 00:00:00+00:00, run_after=2022-01-01 00:00:00+00:00
[2025-11-27T11:56:58.931-0300] {logging_mixin.py:188} INFO - [2025-11-27T11:56:58.931-0300] {dag.py:3947} INFO - Setting next_dagrun for example_subdag_operator.section-1 to None, run_after=None
[2025-11-27T11:56:58.932-0300] {logging_mixin.py:188} INFO - [2025-11-27T11:56:58.931-0300] {dag.py:3947} INFO - Setting next_dagrun for example_subdag_operator.section-2 to None, run_after=None
[2025-11-27T11:56:58.934-0300] {logging_mixin.py:188} INFO - [2025-11-27T11:56:58.934-0300] {dag.py:3089} INFO - Sync 2 DAGs
[2025-11-27T11:56:58.936-0300] {logging_mixin.py:188} INFO - [2025-11-27T11:56:58.936-0300] {dag.py:3947} INFO - Setting next_dagrun for example_subdag_operator.section-1 to None, run_after=None
[2025-11-27T11:56:58.937-0300] {logging_mixin.py:188} INFO - [2025-11-27T11:56:58.936-0300] {dag.py:3947} INFO - Setting next_dagrun for example_subdag_operator.section-2 to None, run_after=None
[2025-11-27T11:56:58.943-0300] {processor.py:183} INFO - Processing /Users/davispecia/Documents/GitHub/Pf_pipeline_dados/Projeto_final_fase3/venv/lib/python3.9/site-packages/airflow/example_dags/example_subdag_operator.py took 0.109 seconds
[2025-11-27T11:58:03.046-0300] {processor.py:161} INFO - Started process (PID=97426) to work on /Users/davispecia/Documents/GitHub/Pf_pipeline_dados/Projeto_final_fase3/venv/lib/python3.9/site-packages/airflow/example_dags/example_subdag_operator.py
[2025-11-27T11:58:03.046-0300] {processor.py:830} INFO - Processing file /Users/davispecia/Documents/GitHub/Pf_pipeline_dados/Projeto_final_fase3/venv/lib/python3.9/site-packages/airflow/example_dags/example_subdag_operator.py for tasks to queue
[2025-11-27T11:58:03.047-0300] {logging_mixin.py:188} INFO - [2025-11-27T11:58:03.047-0300] {dagbag.py:545} INFO - Filling up the DagBag from /Users/davispecia/Documents/GitHub/Pf_pipeline_dados/Projeto_final_fase3/venv/lib/python3.9/site-packages/airflow/example_dags/example_subdag_operator.py
[2025-11-27T11:58:03.095-0300] {processor.py:840} INFO - DAG(s) 'example_subdag_operator.section-1', 'example_subdag_operator.section-2', 'example_subdag_operator' retrieved from /Users/davispecia/Documents/GitHub/Pf_pipeline_dados/Projeto_final_fase3/venv/lib/python3.9/site-packages/airflow/example_dags/example_subdag_operator.py
[2025-11-27T11:58:03.132-0300] {logging_mixin.py:188} INFO - [2025-11-27T11:58:03.132-0300] {dag.py:3089} INFO - Sync 3 DAGs
[2025-11-27T11:58:03.140-0300] {logging_mixin.py:188} INFO - [2025-11-27T11:58:03.140-0300] {dag.py:3947} INFO - Setting next_dagrun for example_subdag_operator to 2022-01-01 00:00:00+00:00, run_after=2022-01-01 00:00:00+00:00
[2025-11-27T11:58:03.141-0300] {logging_mixin.py:188} INFO - [2025-11-27T11:58:03.141-0300] {dag.py:3947} INFO - Setting next_dagrun for example_subdag_operator.section-1 to None, run_after=None
[2025-11-27T11:58:03.141-0300] {logging_mixin.py:188} INFO - [2025-11-27T11:58:03.141-0300] {dag.py:3947} INFO - Setting next_dagrun for example_subdag_operator.section-2 to None, run_after=None
[2025-11-27T11:58:03.144-0300] {logging_mixin.py:188} INFO - [2025-11-27T11:58:03.144-0300] {dag.py:3089} INFO - Sync 2 DAGs
[2025-11-27T11:58:03.146-0300] {logging_mixin.py:188} INFO - [2025-11-27T11:58:03.145-0300] {dag.py:3947} INFO - Setting next_dagrun for example_subdag_operator.section-1 to None, run_after=None
[2025-11-27T11:58:03.146-0300] {logging_mixin.py:188} INFO - [2025-11-27T11:58:03.146-0300] {dag.py:3947} INFO - Setting next_dagrun for example_subdag_operator.section-2 to None, run_after=None
[2025-11-27T11:58:03.152-0300] {processor.py:183} INFO - Processing /Users/davispecia/Documents/GitHub/Pf_pipeline_dados/Projeto_final_fase3/venv/lib/python3.9/site-packages/airflow/example_dags/example_subdag_operator.py took 0.108 seconds
[2025-11-27T11:59:17.115-0300] {processor.py:161} INFO - Started process (PID=97662) to work on /Users/davispecia/Documents/GitHub/Pf_pipeline_dados/Projeto_final_fase3/venv/lib/python3.9/site-packages/airflow/example_dags/example_subdag_operator.py
[2025-11-27T11:59:17.116-0300] {processor.py:830} INFO - Processing file /Users/davispecia/Documents/GitHub/Pf_pipeline_dados/Projeto_final_fase3/venv/lib/python3.9/site-packages/airflow/example_dags/example_subdag_operator.py for tasks to queue
[2025-11-27T11:59:17.116-0300] {logging_mixin.py:188} INFO - [2025-11-27T11:59:17.116-0300] {dagbag.py:545} INFO - Filling up the DagBag from /Users/davispecia/Documents/GitHub/Pf_pipeline_dados/Projeto_final_fase3/venv/lib/python3.9/site-packages/airflow/example_dags/example_subdag_operator.py
[2025-11-27T11:59:17.166-0300] {processor.py:840} INFO - DAG(s) 'example_subdag_operator.section-1', 'example_subdag_operator.section-2', 'example_subdag_operator' retrieved from /Users/davispecia/Documents/GitHub/Pf_pipeline_dados/Projeto_final_fase3/venv/lib/python3.9/site-packages/airflow/example_dags/example_subdag_operator.py
[2025-11-27T11:59:17.204-0300] {logging_mixin.py:188} INFO - [2025-11-27T11:59:17.204-0300] {dag.py:3089} INFO - Sync 3 DAGs
[2025-11-27T11:59:17.212-0300] {logging_mixin.py:188} INFO - [2025-11-27T11:59:17.212-0300] {dag.py:3947} INFO - Setting next_dagrun for example_subdag_operator to 2022-01-01 00:00:00+00:00, run_after=2022-01-01 00:00:00+00:00
[2025-11-27T11:59:17.214-0300] {logging_mixin.py:188} INFO - [2025-11-27T11:59:17.214-0300] {dag.py:3947} INFO - Setting next_dagrun for example_subdag_operator.section-1 to None, run_after=None
[2025-11-27T11:59:17.214-0300] {logging_mixin.py:188} INFO - [2025-11-27T11:59:17.214-0300] {dag.py:3947} INFO - Setting next_dagrun for example_subdag_operator.section-2 to None, run_after=None
[2025-11-27T11:59:17.217-0300] {logging_mixin.py:188} INFO - [2025-11-27T11:59:17.217-0300] {dag.py:3089} INFO - Sync 2 DAGs
[2025-11-27T11:59:17.218-0300] {logging_mixin.py:188} INFO - [2025-11-27T11:59:17.218-0300] {dag.py:3947} INFO - Setting next_dagrun for example_subdag_operator.section-1 to None, run_after=None
[2025-11-27T11:59:17.219-0300] {logging_mixin.py:188} INFO - [2025-11-27T11:59:17.219-0300] {dag.py:3947} INFO - Setting next_dagrun for example_subdag_operator.section-2 to None, run_after=None
[2025-11-27T11:59:17.224-0300] {processor.py:183} INFO - Processing /Users/davispecia/Documents/GitHub/Pf_pipeline_dados/Projeto_final_fase3/venv/lib/python3.9/site-packages/airflow/example_dags/example_subdag_operator.py took 0.112 seconds
[2025-11-27T12:00:23.013-0300] {processor.py:161} INFO - Started process (PID=97834) to work on /Users/davispecia/Documents/GitHub/Pf_pipeline_dados/Projeto_final_fase3/venv/lib/python3.9/site-packages/airflow/example_dags/example_subdag_operator.py
[2025-11-27T12:00:23.014-0300] {processor.py:830} INFO - Processing file /Users/davispecia/Documents/GitHub/Pf_pipeline_dados/Projeto_final_fase3/venv/lib/python3.9/site-packages/airflow/example_dags/example_subdag_operator.py for tasks to queue
[2025-11-27T12:00:23.014-0300] {logging_mixin.py:188} INFO - [2025-11-27T12:00:23.014-0300] {dagbag.py:545} INFO - Filling up the DagBag from /Users/davispecia/Documents/GitHub/Pf_pipeline_dados/Projeto_final_fase3/venv/lib/python3.9/site-packages/airflow/example_dags/example_subdag_operator.py
[2025-11-27T12:00:23.062-0300] {processor.py:840} INFO - DAG(s) 'example_subdag_operator.section-1', 'example_subdag_operator.section-2', 'example_subdag_operator' retrieved from /Users/davispecia/Documents/GitHub/Pf_pipeline_dados/Projeto_final_fase3/venv/lib/python3.9/site-packages/airflow/example_dags/example_subdag_operator.py
[2025-11-27T12:00:23.098-0300] {logging_mixin.py:188} INFO - [2025-11-27T12:00:23.098-0300] {dag.py:3089} INFO - Sync 3 DAGs
[2025-11-27T12:00:23.106-0300] {logging_mixin.py:188} INFO - [2025-11-27T12:00:23.106-0300] {dag.py:3947} INFO - Setting next_dagrun for example_subdag_operator to 2022-01-01 00:00:00+00:00, run_after=2022-01-01 00:00:00+00:00
[2025-11-27T12:00:23.107-0300] {logging_mixin.py:188} INFO - [2025-11-27T12:00:23.107-0300] {dag.py:3947} INFO - Setting next_dagrun for example_subdag_operator.section-1 to None, run_after=None
[2025-11-27T12:00:23.108-0300] {logging_mixin.py:188} INFO - [2025-11-27T12:00:23.108-0300] {dag.py:3947} INFO - Setting next_dagrun for example_subdag_operator.section-2 to None, run_after=None
[2025-11-27T12:00:23.111-0300] {logging_mixin.py:188} INFO - [2025-11-27T12:00:23.110-0300] {dag.py:3089} INFO - Sync 2 DAGs
[2025-11-27T12:00:23.112-0300] {logging_mixin.py:188} INFO - [2025-11-27T12:00:23.112-0300] {dag.py:3947} INFO - Setting next_dagrun for example_subdag_operator.section-1 to None, run_after=None
[2025-11-27T12:00:23.112-0300] {logging_mixin.py:188} INFO - [2025-11-27T12:00:23.112-0300] {dag.py:3947} INFO - Setting next_dagrun for example_subdag_operator.section-2 to None, run_after=None
[2025-11-27T12:00:23.118-0300] {processor.py:183} INFO - Processing /Users/davispecia/Documents/GitHub/Pf_pipeline_dados/Projeto_final_fase3/venv/lib/python3.9/site-packages/airflow/example_dags/example_subdag_operator.py took 0.107 seconds
[2025-11-27T12:01:28.002-0300] {processor.py:161} INFO - Started process (PID=97987) to work on /Users/davispecia/Documents/GitHub/Pf_pipeline_dados/Projeto_final_fase3/venv/lib/python3.9/site-packages/airflow/example_dags/example_subdag_operator.py
[2025-11-27T12:01:28.003-0300] {processor.py:830} INFO - Processing file /Users/davispecia/Documents/GitHub/Pf_pipeline_dados/Projeto_final_fase3/venv/lib/python3.9/site-packages/airflow/example_dags/example_subdag_operator.py for tasks to queue
[2025-11-27T12:01:28.003-0300] {logging_mixin.py:188} INFO - [2025-11-27T12:01:28.003-0300] {dagbag.py:545} INFO - Filling up the DagBag from /Users/davispecia/Documents/GitHub/Pf_pipeline_dados/Projeto_final_fase3/venv/lib/python3.9/site-packages/airflow/example_dags/example_subdag_operator.py
[2025-11-27T12:01:28.051-0300] {processor.py:840} INFO - DAG(s) 'example_subdag_operator.section-1', 'example_subdag_operator.section-2', 'example_subdag_operator' retrieved from /Users/davispecia/Documents/GitHub/Pf_pipeline_dados/Projeto_final_fase3/venv/lib/python3.9/site-packages/airflow/example_dags/example_subdag_operator.py
[2025-11-27T12:01:28.087-0300] {logging_mixin.py:188} INFO - [2025-11-27T12:01:28.086-0300] {dag.py:3089} INFO - Sync 3 DAGs
[2025-11-27T12:01:28.095-0300] {logging_mixin.py:188} INFO - [2025-11-27T12:01:28.095-0300] {dag.py:3947} INFO - Setting next_dagrun for example_subdag_operator to 2022-01-01 00:00:00+00:00, run_after=2022-01-01 00:00:00+00:00
[2025-11-27T12:01:28.096-0300] {logging_mixin.py:188} INFO - [2025-11-27T12:01:28.096-0300] {dag.py:3947} INFO - Setting next_dagrun for example_subdag_operator.section-1 to None, run_after=None
[2025-11-27T12:01:28.096-0300] {logging_mixin.py:188} INFO - [2025-11-27T12:01:28.096-0300] {dag.py:3947} INFO - Setting next_dagrun for example_subdag_operator.section-2 to None, run_after=None
[2025-11-27T12:01:28.099-0300] {logging_mixin.py:188} INFO - [2025-11-27T12:01:28.099-0300] {dag.py:3089} INFO - Sync 2 DAGs
[2025-11-27T12:01:28.101-0300] {logging_mixin.py:188} INFO - [2025-11-27T12:01:28.101-0300] {dag.py:3947} INFO - Setting next_dagrun for example_subdag_operator.section-1 to None, run_after=None
[2025-11-27T12:01:28.101-0300] {logging_mixin.py:188} INFO - [2025-11-27T12:01:28.101-0300] {dag.py:3947} INFO - Setting next_dagrun for example_subdag_operator.section-2 to None, run_after=None
[2025-11-27T12:01:28.107-0300] {processor.py:183} INFO - Processing /Users/davispecia/Documents/GitHub/Pf_pipeline_dados/Projeto_final_fase3/venv/lib/python3.9/site-packages/airflow/example_dags/example_subdag_operator.py took 0.107 seconds
[2025-11-27T12:02:30.092-0300] {processor.py:161} INFO - Started process (PID=98135) to work on /Users/davispecia/Documents/GitHub/Pf_pipeline_dados/Projeto_final_fase3/venv/lib/python3.9/site-packages/airflow/example_dags/example_subdag_operator.py
[2025-11-27T12:02:30.094-0300] {processor.py:830} INFO - Processing file /Users/davispecia/Documents/GitHub/Pf_pipeline_dados/Projeto_final_fase3/venv/lib/python3.9/site-packages/airflow/example_dags/example_subdag_operator.py for tasks to queue
[2025-11-27T12:02:30.094-0300] {logging_mixin.py:188} INFO - [2025-11-27T12:02:30.094-0300] {dagbag.py:545} INFO - Filling up the DagBag from /Users/davispecia/Documents/GitHub/Pf_pipeline_dados/Projeto_final_fase3/venv/lib/python3.9/site-packages/airflow/example_dags/example_subdag_operator.py
[2025-11-27T12:02:30.147-0300] {processor.py:840} INFO - DAG(s) 'example_subdag_operator.section-1', 'example_subdag_operator.section-2', 'example_subdag_operator' retrieved from /Users/davispecia/Documents/GitHub/Pf_pipeline_dados/Projeto_final_fase3/venv/lib/python3.9/site-packages/airflow/example_dags/example_subdag_operator.py
[2025-11-27T12:02:30.184-0300] {logging_mixin.py:188} INFO - [2025-11-27T12:02:30.183-0300] {dag.py:3089} INFO - Sync 3 DAGs
[2025-11-27T12:02:30.192-0300] {logging_mixin.py:188} INFO - [2025-11-27T12:02:30.192-0300] {dag.py:3947} INFO - Setting next_dagrun for example_subdag_operator to 2022-01-01 00:00:00+00:00, run_after=2022-01-01 00:00:00+00:00
[2025-11-27T12:02:30.193-0300] {logging_mixin.py:188} INFO - [2025-11-27T12:02:30.193-0300] {dag.py:3947} INFO - Setting next_dagrun for example_subdag_operator.section-1 to None, run_after=None
[2025-11-27T12:02:30.193-0300] {logging_mixin.py:188} INFO - [2025-11-27T12:02:30.193-0300] {dag.py:3947} INFO - Setting next_dagrun for example_subdag_operator.section-2 to None, run_after=None
[2025-11-27T12:02:30.196-0300] {logging_mixin.py:188} INFO - [2025-11-27T12:02:30.196-0300] {dag.py:3089} INFO - Sync 2 DAGs
[2025-11-27T12:02:30.198-0300] {logging_mixin.py:188} INFO - [2025-11-27T12:02:30.198-0300] {dag.py:3947} INFO - Setting next_dagrun for example_subdag_operator.section-1 to None, run_after=None
[2025-11-27T12:02:30.198-0300] {logging_mixin.py:188} INFO - [2025-11-27T12:02:30.198-0300] {dag.py:3947} INFO - Setting next_dagrun for example_subdag_operator.section-2 to None, run_after=None
[2025-11-27T12:02:30.204-0300] {processor.py:183} INFO - Processing /Users/davispecia/Documents/GitHub/Pf_pipeline_dados/Projeto_final_fase3/venv/lib/python3.9/site-packages/airflow/example_dags/example_subdag_operator.py took 0.114 seconds
[2025-11-27T12:04:33.712-0300] {processor.py:161} INFO - Started process (PID=98490) to work on /Users/davispecia/Documents/GitHub/Pf_pipeline_dados/Projeto_final_fase3/venv/lib/python3.9/site-packages/airflow/example_dags/example_subdag_operator.py
[2025-11-27T12:04:33.713-0300] {processor.py:830} INFO - Processing file /Users/davispecia/Documents/GitHub/Pf_pipeline_dados/Projeto_final_fase3/venv/lib/python3.9/site-packages/airflow/example_dags/example_subdag_operator.py for tasks to queue
[2025-11-27T12:04:33.713-0300] {logging_mixin.py:188} INFO - [2025-11-27T12:04:33.713-0300] {dagbag.py:545} INFO - Filling up the DagBag from /Users/davispecia/Documents/GitHub/Pf_pipeline_dados/Projeto_final_fase3/venv/lib/python3.9/site-packages/airflow/example_dags/example_subdag_operator.py
[2025-11-27T12:04:33.762-0300] {processor.py:840} INFO - DAG(s) 'example_subdag_operator.section-1', 'example_subdag_operator.section-2', 'example_subdag_operator' retrieved from /Users/davispecia/Documents/GitHub/Pf_pipeline_dados/Projeto_final_fase3/venv/lib/python3.9/site-packages/airflow/example_dags/example_subdag_operator.py
[2025-11-27T12:04:33.800-0300] {logging_mixin.py:188} INFO - [2025-11-27T12:04:33.800-0300] {dag.py:3089} INFO - Sync 3 DAGs
[2025-11-27T12:04:33.808-0300] {logging_mixin.py:188} INFO - [2025-11-27T12:04:33.808-0300] {dag.py:3947} INFO - Setting next_dagrun for example_subdag_operator to 2022-01-01 00:00:00+00:00, run_after=2022-01-01 00:00:00+00:00
[2025-11-27T12:04:33.810-0300] {logging_mixin.py:188} INFO - [2025-11-27T12:04:33.809-0300] {dag.py:3947} INFO - Setting next_dagrun for example_subdag_operator.section-1 to None, run_after=None
[2025-11-27T12:04:33.810-0300] {logging_mixin.py:188} INFO - [2025-11-27T12:04:33.810-0300] {dag.py:3947} INFO - Setting next_dagrun for example_subdag_operator.section-2 to None, run_after=None
[2025-11-27T12:04:33.813-0300] {logging_mixin.py:188} INFO - [2025-11-27T12:04:33.813-0300] {dag.py:3089} INFO - Sync 2 DAGs
[2025-11-27T12:04:33.814-0300] {logging_mixin.py:188} INFO - [2025-11-27T12:04:33.814-0300] {dag.py:3947} INFO - Setting next_dagrun for example_subdag_operator.section-1 to None, run_after=None
[2025-11-27T12:04:33.814-0300] {logging_mixin.py:188} INFO - [2025-11-27T12:04:33.814-0300] {dag.py:3947} INFO - Setting next_dagrun for example_subdag_operator.section-2 to None, run_after=None
[2025-11-27T12:04:33.821-0300] {processor.py:183} INFO - Processing /Users/davispecia/Documents/GitHub/Pf_pipeline_dados/Projeto_final_fase3/venv/lib/python3.9/site-packages/airflow/example_dags/example_subdag_operator.py took 0.111 seconds
[2025-11-27T12:05:48.238-0300] {processor.py:161} INFO - Started process (PID=98716) to work on /Users/davispecia/Documents/GitHub/Pf_pipeline_dados/Projeto_final_fase3/venv/lib/python3.9/site-packages/airflow/example_dags/example_subdag_operator.py
[2025-11-27T12:05:48.239-0300] {processor.py:830} INFO - Processing file /Users/davispecia/Documents/GitHub/Pf_pipeline_dados/Projeto_final_fase3/venv/lib/python3.9/site-packages/airflow/example_dags/example_subdag_operator.py for tasks to queue
[2025-11-27T12:05:48.240-0300] {logging_mixin.py:188} INFO - [2025-11-27T12:05:48.239-0300] {dagbag.py:545} INFO - Filling up the DagBag from /Users/davispecia/Documents/GitHub/Pf_pipeline_dados/Projeto_final_fase3/venv/lib/python3.9/site-packages/airflow/example_dags/example_subdag_operator.py
[2025-11-27T12:05:48.290-0300] {processor.py:840} INFO - DAG(s) 'example_subdag_operator.section-1', 'example_subdag_operator.section-2', 'example_subdag_operator' retrieved from /Users/davispecia/Documents/GitHub/Pf_pipeline_dados/Projeto_final_fase3/venv/lib/python3.9/site-packages/airflow/example_dags/example_subdag_operator.py
[2025-11-27T12:05:48.327-0300] {logging_mixin.py:188} INFO - [2025-11-27T12:05:48.327-0300] {dag.py:3089} INFO - Sync 3 DAGs
[2025-11-27T12:05:48.335-0300] {logging_mixin.py:188} INFO - [2025-11-27T12:05:48.335-0300] {dag.py:3947} INFO - Setting next_dagrun for example_subdag_operator to 2022-01-01 00:00:00+00:00, run_after=2022-01-01 00:00:00+00:00
[2025-11-27T12:05:48.336-0300] {logging_mixin.py:188} INFO - [2025-11-27T12:05:48.336-0300] {dag.py:3947} INFO - Setting next_dagrun for example_subdag_operator.section-1 to None, run_after=None
[2025-11-27T12:05:48.337-0300] {logging_mixin.py:188} INFO - [2025-11-27T12:05:48.336-0300] {dag.py:3947} INFO - Setting next_dagrun for example_subdag_operator.section-2 to None, run_after=None
[2025-11-27T12:05:48.339-0300] {logging_mixin.py:188} INFO - [2025-11-27T12:05:48.339-0300] {dag.py:3089} INFO - Sync 2 DAGs
[2025-11-27T12:05:48.341-0300] {logging_mixin.py:188} INFO - [2025-11-27T12:05:48.341-0300] {dag.py:3947} INFO - Setting next_dagrun for example_subdag_operator.section-1 to None, run_after=None
[2025-11-27T12:05:48.341-0300] {logging_mixin.py:188} INFO - [2025-11-27T12:05:48.341-0300] {dag.py:3947} INFO - Setting next_dagrun for example_subdag_operator.section-2 to None, run_after=None
[2025-11-27T12:05:48.348-0300] {processor.py:183} INFO - Processing /Users/davispecia/Documents/GitHub/Pf_pipeline_dados/Projeto_final_fase3/venv/lib/python3.9/site-packages/airflow/example_dags/example_subdag_operator.py took 0.112 seconds
[2025-11-27T12:06:54.228-0300] {processor.py:161} INFO - Started process (PID=98873) to work on /Users/davispecia/Documents/GitHub/Pf_pipeline_dados/Projeto_final_fase3/venv/lib/python3.9/site-packages/airflow/example_dags/example_subdag_operator.py
[2025-11-27T12:06:54.229-0300] {processor.py:830} INFO - Processing file /Users/davispecia/Documents/GitHub/Pf_pipeline_dados/Projeto_final_fase3/venv/lib/python3.9/site-packages/airflow/example_dags/example_subdag_operator.py for tasks to queue
[2025-11-27T12:06:54.229-0300] {logging_mixin.py:188} INFO - [2025-11-27T12:06:54.229-0300] {dagbag.py:545} INFO - Filling up the DagBag from /Users/davispecia/Documents/GitHub/Pf_pipeline_dados/Projeto_final_fase3/venv/lib/python3.9/site-packages/airflow/example_dags/example_subdag_operator.py
[2025-11-27T12:06:54.277-0300] {processor.py:840} INFO - DAG(s) 'example_subdag_operator.section-1', 'example_subdag_operator.section-2', 'example_subdag_operator' retrieved from /Users/davispecia/Documents/GitHub/Pf_pipeline_dados/Projeto_final_fase3/venv/lib/python3.9/site-packages/airflow/example_dags/example_subdag_operator.py
[2025-11-27T12:06:54.314-0300] {logging_mixin.py:188} INFO - [2025-11-27T12:06:54.314-0300] {dag.py:3089} INFO - Sync 3 DAGs
[2025-11-27T12:06:54.322-0300] {logging_mixin.py:188} INFO - [2025-11-27T12:06:54.322-0300] {dag.py:3947} INFO - Setting next_dagrun for example_subdag_operator to 2022-01-01 00:00:00+00:00, run_after=2022-01-01 00:00:00+00:00
[2025-11-27T12:06:54.323-0300] {logging_mixin.py:188} INFO - [2025-11-27T12:06:54.323-0300] {dag.py:3947} INFO - Setting next_dagrun for example_subdag_operator.section-1 to None, run_after=None
[2025-11-27T12:06:54.324-0300] {logging_mixin.py:188} INFO - [2025-11-27T12:06:54.324-0300] {dag.py:3947} INFO - Setting next_dagrun for example_subdag_operator.section-2 to None, run_after=None
[2025-11-27T12:06:54.327-0300] {logging_mixin.py:188} INFO - [2025-11-27T12:06:54.327-0300] {dag.py:3089} INFO - Sync 2 DAGs
[2025-11-27T12:06:54.328-0300] {logging_mixin.py:188} INFO - [2025-11-27T12:06:54.328-0300] {dag.py:3947} INFO - Setting next_dagrun for example_subdag_operator.section-1 to None, run_after=None
[2025-11-27T12:06:54.328-0300] {logging_mixin.py:188} INFO - [2025-11-27T12:06:54.328-0300] {dag.py:3947} INFO - Setting next_dagrun for example_subdag_operator.section-2 to None, run_after=None
[2025-11-27T12:06:54.334-0300] {processor.py:183} INFO - Processing /Users/davispecia/Documents/GitHub/Pf_pipeline_dados/Projeto_final_fase3/venv/lib/python3.9/site-packages/airflow/example_dags/example_subdag_operator.py took 0.108 seconds
[2025-11-27T12:07:58.947-0300] {processor.py:161} INFO - Started process (PID=99030) to work on /Users/davispecia/Documents/GitHub/Pf_pipeline_dados/Projeto_final_fase3/venv/lib/python3.9/site-packages/airflow/example_dags/example_subdag_operator.py
[2025-11-27T12:07:58.948-0300] {processor.py:830} INFO - Processing file /Users/davispecia/Documents/GitHub/Pf_pipeline_dados/Projeto_final_fase3/venv/lib/python3.9/site-packages/airflow/example_dags/example_subdag_operator.py for tasks to queue
[2025-11-27T12:07:58.948-0300] {logging_mixin.py:188} INFO - [2025-11-27T12:07:58.948-0300] {dagbag.py:545} INFO - Filling up the DagBag from /Users/davispecia/Documents/GitHub/Pf_pipeline_dados/Projeto_final_fase3/venv/lib/python3.9/site-packages/airflow/example_dags/example_subdag_operator.py
[2025-11-27T12:07:58.996-0300] {processor.py:840} INFO - DAG(s) 'example_subdag_operator.section-1', 'example_subdag_operator.section-2', 'example_subdag_operator' retrieved from /Users/davispecia/Documents/GitHub/Pf_pipeline_dados/Projeto_final_fase3/venv/lib/python3.9/site-packages/airflow/example_dags/example_subdag_operator.py
[2025-11-27T12:07:59.033-0300] {logging_mixin.py:188} INFO - [2025-11-27T12:07:59.032-0300] {dag.py:3089} INFO - Sync 3 DAGs
[2025-11-27T12:07:59.041-0300] {logging_mixin.py:188} INFO - [2025-11-27T12:07:59.041-0300] {dag.py:3947} INFO - Setting next_dagrun for example_subdag_operator to 2022-01-01 00:00:00+00:00, run_after=2022-01-01 00:00:00+00:00
[2025-11-27T12:07:59.042-0300] {logging_mixin.py:188} INFO - [2025-11-27T12:07:59.042-0300] {dag.py:3947} INFO - Setting next_dagrun for example_subdag_operator.section-1 to None, run_after=None
[2025-11-27T12:07:59.043-0300] {logging_mixin.py:188} INFO - [2025-11-27T12:07:59.042-0300] {dag.py:3947} INFO - Setting next_dagrun for example_subdag_operator.section-2 to None, run_after=None
[2025-11-27T12:07:59.045-0300] {logging_mixin.py:188} INFO - [2025-11-27T12:07:59.045-0300] {dag.py:3089} INFO - Sync 2 DAGs
[2025-11-27T12:07:59.047-0300] {logging_mixin.py:188} INFO - [2025-11-27T12:07:59.047-0300] {dag.py:3947} INFO - Setting next_dagrun for example_subdag_operator.section-1 to None, run_after=None
[2025-11-27T12:07:59.047-0300] {logging_mixin.py:188} INFO - [2025-11-27T12:07:59.047-0300] {dag.py:3947} INFO - Setting next_dagrun for example_subdag_operator.section-2 to None, run_after=None
[2025-11-27T12:07:59.053-0300] {processor.py:183} INFO - Processing /Users/davispecia/Documents/GitHub/Pf_pipeline_dados/Projeto_final_fase3/venv/lib/python3.9/site-packages/airflow/example_dags/example_subdag_operator.py took 0.108 seconds
[2025-11-27T12:09:01.723-0300] {processor.py:161} INFO - Started process (PID=99184) to work on /Users/davispecia/Documents/GitHub/Pf_pipeline_dados/Projeto_final_fase3/venv/lib/python3.9/site-packages/airflow/example_dags/example_subdag_operator.py
[2025-11-27T12:09:01.724-0300] {processor.py:830} INFO - Processing file /Users/davispecia/Documents/GitHub/Pf_pipeline_dados/Projeto_final_fase3/venv/lib/python3.9/site-packages/airflow/example_dags/example_subdag_operator.py for tasks to queue
[2025-11-27T12:09:01.724-0300] {logging_mixin.py:188} INFO - [2025-11-27T12:09:01.724-0300] {dagbag.py:545} INFO - Filling up the DagBag from /Users/davispecia/Documents/GitHub/Pf_pipeline_dados/Projeto_final_fase3/venv/lib/python3.9/site-packages/airflow/example_dags/example_subdag_operator.py
[2025-11-27T12:09:01.772-0300] {processor.py:840} INFO - DAG(s) 'example_subdag_operator.section-1', 'example_subdag_operator.section-2', 'example_subdag_operator' retrieved from /Users/davispecia/Documents/GitHub/Pf_pipeline_dados/Projeto_final_fase3/venv/lib/python3.9/site-packages/airflow/example_dags/example_subdag_operator.py
[2025-11-27T12:09:01.809-0300] {logging_mixin.py:188} INFO - [2025-11-27T12:09:01.809-0300] {dag.py:3089} INFO - Sync 3 DAGs
[2025-11-27T12:09:01.817-0300] {logging_mixin.py:188} INFO - [2025-11-27T12:09:01.817-0300] {dag.py:3947} INFO - Setting next_dagrun for example_subdag_operator to 2022-01-01 00:00:00+00:00, run_after=2022-01-01 00:00:00+00:00
[2025-11-27T12:09:01.818-0300] {logging_mixin.py:188} INFO - [2025-11-27T12:09:01.818-0300] {dag.py:3947} INFO - Setting next_dagrun for example_subdag_operator.section-1 to None, run_after=None
[2025-11-27T12:09:01.818-0300] {logging_mixin.py:188} INFO - [2025-11-27T12:09:01.818-0300] {dag.py:3947} INFO - Setting next_dagrun for example_subdag_operator.section-2 to None, run_after=None
[2025-11-27T12:09:01.821-0300] {logging_mixin.py:188} INFO - [2025-11-27T12:09:01.821-0300] {dag.py:3089} INFO - Sync 2 DAGs
[2025-11-27T12:09:01.823-0300] {logging_mixin.py:188} INFO - [2025-11-27T12:09:01.822-0300] {dag.py:3947} INFO - Setting next_dagrun for example_subdag_operator.section-1 to None, run_after=None
[2025-11-27T12:09:01.823-0300] {logging_mixin.py:188} INFO - [2025-11-27T12:09:01.823-0300] {dag.py:3947} INFO - Setting next_dagrun for example_subdag_operator.section-2 to None, run_after=None
[2025-11-27T12:09:01.829-0300] {processor.py:183} INFO - Processing /Users/davispecia/Documents/GitHub/Pf_pipeline_dados/Projeto_final_fase3/venv/lib/python3.9/site-packages/airflow/example_dags/example_subdag_operator.py took 0.108 seconds
[2025-11-27T12:10:05.805-0300] {processor.py:161} INFO - Started process (PID=99345) to work on /Users/davispecia/Documents/GitHub/Pf_pipeline_dados/Projeto_final_fase3/venv/lib/python3.9/site-packages/airflow/example_dags/example_subdag_operator.py
[2025-11-27T12:10:05.806-0300] {processor.py:830} INFO - Processing file /Users/davispecia/Documents/GitHub/Pf_pipeline_dados/Projeto_final_fase3/venv/lib/python3.9/site-packages/airflow/example_dags/example_subdag_operator.py for tasks to queue
[2025-11-27T12:10:05.806-0300] {logging_mixin.py:188} INFO - [2025-11-27T12:10:05.806-0300] {dagbag.py:545} INFO - Filling up the DagBag from /Users/davispecia/Documents/GitHub/Pf_pipeline_dados/Projeto_final_fase3/venv/lib/python3.9/site-packages/airflow/example_dags/example_subdag_operator.py
[2025-11-27T12:10:05.856-0300] {processor.py:840} INFO - DAG(s) 'example_subdag_operator.section-1', 'example_subdag_operator.section-2', 'example_subdag_operator' retrieved from /Users/davispecia/Documents/GitHub/Pf_pipeline_dados/Projeto_final_fase3/venv/lib/python3.9/site-packages/airflow/example_dags/example_subdag_operator.py
[2025-11-27T12:10:05.895-0300] {logging_mixin.py:188} INFO - [2025-11-27T12:10:05.894-0300] {dag.py:3089} INFO - Sync 3 DAGs
[2025-11-27T12:10:05.903-0300] {logging_mixin.py:188} INFO - [2025-11-27T12:10:05.903-0300] {dag.py:3947} INFO - Setting next_dagrun for example_subdag_operator to 2022-01-01 00:00:00+00:00, run_after=2022-01-01 00:00:00+00:00
[2025-11-27T12:10:05.904-0300] {logging_mixin.py:188} INFO - [2025-11-27T12:10:05.904-0300] {dag.py:3947} INFO - Setting next_dagrun for example_subdag_operator.section-1 to None, run_after=None
[2025-11-27T12:10:05.905-0300] {logging_mixin.py:188} INFO - [2025-11-27T12:10:05.905-0300] {dag.py:3947} INFO - Setting next_dagrun for example_subdag_operator.section-2 to None, run_after=None
[2025-11-27T12:10:05.907-0300] {logging_mixin.py:188} INFO - [2025-11-27T12:10:05.907-0300] {dag.py:3089} INFO - Sync 2 DAGs
[2025-11-27T12:10:05.909-0300] {logging_mixin.py:188} INFO - [2025-11-27T12:10:05.909-0300] {dag.py:3947} INFO - Setting next_dagrun for example_subdag_operator.section-1 to None, run_after=None
[2025-11-27T12:10:05.909-0300] {logging_mixin.py:188} INFO - [2025-11-27T12:10:05.909-0300] {dag.py:3947} INFO - Setting next_dagrun for example_subdag_operator.section-2 to None, run_after=None
[2025-11-27T12:10:05.915-0300] {processor.py:183} INFO - Processing /Users/davispecia/Documents/GitHub/Pf_pipeline_dados/Projeto_final_fase3/venv/lib/python3.9/site-packages/airflow/example_dags/example_subdag_operator.py took 0.112 seconds
[2025-11-27T12:12:21.244-0300] {processor.py:161} INFO - Started process (PID=99714) to work on /Users/davispecia/Documents/GitHub/Pf_pipeline_dados/Projeto_final_fase3/venv/lib/python3.9/site-packages/airflow/example_dags/example_subdag_operator.py
[2025-11-27T12:12:21.245-0300] {processor.py:830} INFO - Processing file /Users/davispecia/Documents/GitHub/Pf_pipeline_dados/Projeto_final_fase3/venv/lib/python3.9/site-packages/airflow/example_dags/example_subdag_operator.py for tasks to queue
[2025-11-27T12:12:21.245-0300] {logging_mixin.py:188} INFO - [2025-11-27T12:12:21.245-0300] {dagbag.py:545} INFO - Filling up the DagBag from /Users/davispecia/Documents/GitHub/Pf_pipeline_dados/Projeto_final_fase3/venv/lib/python3.9/site-packages/airflow/example_dags/example_subdag_operator.py
[2025-11-27T12:12:21.294-0300] {processor.py:840} INFO - DAG(s) 'example_subdag_operator.section-1', 'example_subdag_operator.section-2', 'example_subdag_operator' retrieved from /Users/davispecia/Documents/GitHub/Pf_pipeline_dados/Projeto_final_fase3/venv/lib/python3.9/site-packages/airflow/example_dags/example_subdag_operator.py
[2025-11-27T12:12:21.331-0300] {logging_mixin.py:188} INFO - [2025-11-27T12:12:21.330-0300] {dag.py:3089} INFO - Sync 3 DAGs
[2025-11-27T12:12:21.339-0300] {logging_mixin.py:188} INFO - [2025-11-27T12:12:21.339-0300] {dag.py:3947} INFO - Setting next_dagrun for example_subdag_operator to 2022-01-01 00:00:00+00:00, run_after=2022-01-01 00:00:00+00:00
[2025-11-27T12:12:21.340-0300] {logging_mixin.py:188} INFO - [2025-11-27T12:12:21.340-0300] {dag.py:3947} INFO - Setting next_dagrun for example_subdag_operator.section-1 to None, run_after=None
[2025-11-27T12:12:21.340-0300] {logging_mixin.py:188} INFO - [2025-11-27T12:12:21.340-0300] {dag.py:3947} INFO - Setting next_dagrun for example_subdag_operator.section-2 to None, run_after=None
[2025-11-27T12:12:21.343-0300] {logging_mixin.py:188} INFO - [2025-11-27T12:12:21.343-0300] {dag.py:3089} INFO - Sync 2 DAGs
[2025-11-27T12:12:21.345-0300] {logging_mixin.py:188} INFO - [2025-11-27T12:12:21.344-0300] {dag.py:3947} INFO - Setting next_dagrun for example_subdag_operator.section-1 to None, run_after=None
[2025-11-27T12:12:21.345-0300] {logging_mixin.py:188} INFO - [2025-11-27T12:12:21.345-0300] {dag.py:3947} INFO - Setting next_dagrun for example_subdag_operator.section-2 to None, run_after=None
[2025-11-27T12:12:21.351-0300] {processor.py:183} INFO - Processing /Users/davispecia/Documents/GitHub/Pf_pipeline_dados/Projeto_final_fase3/venv/lib/python3.9/site-packages/airflow/example_dags/example_subdag_operator.py took 0.109 seconds
[2025-11-27T12:13:24.197-0300] {processor.py:161} INFO - Started process (PID=99863) to work on /Users/davispecia/Documents/GitHub/Pf_pipeline_dados/Projeto_final_fase3/venv/lib/python3.9/site-packages/airflow/example_dags/example_subdag_operator.py
[2025-11-27T12:13:24.198-0300] {processor.py:830} INFO - Processing file /Users/davispecia/Documents/GitHub/Pf_pipeline_dados/Projeto_final_fase3/venv/lib/python3.9/site-packages/airflow/example_dags/example_subdag_operator.py for tasks to queue
[2025-11-27T12:13:24.199-0300] {logging_mixin.py:188} INFO - [2025-11-27T12:13:24.199-0300] {dagbag.py:545} INFO - Filling up the DagBag from /Users/davispecia/Documents/GitHub/Pf_pipeline_dados/Projeto_final_fase3/venv/lib/python3.9/site-packages/airflow/example_dags/example_subdag_operator.py
[2025-11-27T12:13:24.246-0300] {processor.py:840} INFO - DAG(s) 'example_subdag_operator.section-1', 'example_subdag_operator.section-2', 'example_subdag_operator' retrieved from /Users/davispecia/Documents/GitHub/Pf_pipeline_dados/Projeto_final_fase3/venv/lib/python3.9/site-packages/airflow/example_dags/example_subdag_operator.py
[2025-11-27T12:13:24.283-0300] {logging_mixin.py:188} INFO - [2025-11-27T12:13:24.282-0300] {dag.py:3089} INFO - Sync 3 DAGs
[2025-11-27T12:13:24.290-0300] {logging_mixin.py:188} INFO - [2025-11-27T12:13:24.290-0300] {dag.py:3947} INFO - Setting next_dagrun for example_subdag_operator to 2022-01-01 00:00:00+00:00, run_after=2022-01-01 00:00:00+00:00
[2025-11-27T12:13:24.292-0300] {logging_mixin.py:188} INFO - [2025-11-27T12:13:24.292-0300] {dag.py:3947} INFO - Setting next_dagrun for example_subdag_operator.section-1 to None, run_after=None
[2025-11-27T12:13:24.292-0300] {logging_mixin.py:188} INFO - [2025-11-27T12:13:24.292-0300] {dag.py:3947} INFO - Setting next_dagrun for example_subdag_operator.section-2 to None, run_after=None
[2025-11-27T12:13:24.295-0300] {logging_mixin.py:188} INFO - [2025-11-27T12:13:24.295-0300] {dag.py:3089} INFO - Sync 2 DAGs
[2025-11-27T12:13:24.296-0300] {logging_mixin.py:188} INFO - [2025-11-27T12:13:24.296-0300] {dag.py:3947} INFO - Setting next_dagrun for example_subdag_operator.section-1 to None, run_after=None
[2025-11-27T12:13:24.296-0300] {logging_mixin.py:188} INFO - [2025-11-27T12:13:24.296-0300] {dag.py:3947} INFO - Setting next_dagrun for example_subdag_operator.section-2 to None, run_after=None
[2025-11-27T12:13:24.303-0300] {processor.py:183} INFO - Processing /Users/davispecia/Documents/GitHub/Pf_pipeline_dados/Projeto_final_fase3/venv/lib/python3.9/site-packages/airflow/example_dags/example_subdag_operator.py took 0.107 seconds
[2025-11-27T12:15:28.666-0300] {processor.py:161} INFO - Started process (PID=333) to work on /Users/davispecia/Documents/GitHub/Pf_pipeline_dados/Projeto_final_fase3/venv/lib/python3.9/site-packages/airflow/example_dags/example_subdag_operator.py
[2025-11-27T12:15:28.667-0300] {processor.py:830} INFO - Processing file /Users/davispecia/Documents/GitHub/Pf_pipeline_dados/Projeto_final_fase3/venv/lib/python3.9/site-packages/airflow/example_dags/example_subdag_operator.py for tasks to queue
[2025-11-27T12:15:28.668-0300] {logging_mixin.py:188} INFO - [2025-11-27T12:15:28.667-0300] {dagbag.py:545} INFO - Filling up the DagBag from /Users/davispecia/Documents/GitHub/Pf_pipeline_dados/Projeto_final_fase3/venv/lib/python3.9/site-packages/airflow/example_dags/example_subdag_operator.py
[2025-11-27T12:15:28.717-0300] {processor.py:840} INFO - DAG(s) 'example_subdag_operator.section-1', 'example_subdag_operator.section-2', 'example_subdag_operator' retrieved from /Users/davispecia/Documents/GitHub/Pf_pipeline_dados/Projeto_final_fase3/venv/lib/python3.9/site-packages/airflow/example_dags/example_subdag_operator.py
[2025-11-27T12:15:28.755-0300] {logging_mixin.py:188} INFO - [2025-11-27T12:15:28.755-0300] {dag.py:3089} INFO - Sync 3 DAGs
[2025-11-27T12:15:28.763-0300] {logging_mixin.py:188} INFO - [2025-11-27T12:15:28.763-0300] {dag.py:3947} INFO - Setting next_dagrun for example_subdag_operator to 2022-01-01 00:00:00+00:00, run_after=2022-01-01 00:00:00+00:00
[2025-11-27T12:15:28.764-0300] {logging_mixin.py:188} INFO - [2025-11-27T12:15:28.764-0300] {dag.py:3947} INFO - Setting next_dagrun for example_subdag_operator.section-1 to None, run_after=None
[2025-11-27T12:15:28.765-0300] {logging_mixin.py:188} INFO - [2025-11-27T12:15:28.765-0300] {dag.py:3947} INFO - Setting next_dagrun for example_subdag_operator.section-2 to None, run_after=None
[2025-11-27T12:15:28.767-0300] {logging_mixin.py:188} INFO - [2025-11-27T12:15:28.767-0300] {dag.py:3089} INFO - Sync 2 DAGs
[2025-11-27T12:15:28.769-0300] {logging_mixin.py:188} INFO - [2025-11-27T12:15:28.769-0300] {dag.py:3947} INFO - Setting next_dagrun for example_subdag_operator.section-1 to None, run_after=None
[2025-11-27T12:15:28.769-0300] {logging_mixin.py:188} INFO - [2025-11-27T12:15:28.769-0300] {dag.py:3947} INFO - Setting next_dagrun for example_subdag_operator.section-2 to None, run_after=None
[2025-11-27T12:15:28.775-0300] {processor.py:183} INFO - Processing /Users/davispecia/Documents/GitHub/Pf_pipeline_dados/Projeto_final_fase3/venv/lib/python3.9/site-packages/airflow/example_dags/example_subdag_operator.py took 0.111 seconds
[2025-11-27T12:17:36.784-0300] {processor.py:161} INFO - Started process (PID=769) to work on /Users/davispecia/Documents/GitHub/Pf_pipeline_dados/Projeto_final_fase3/venv/lib/python3.9/site-packages/airflow/example_dags/example_subdag_operator.py
[2025-11-27T12:17:36.785-0300] {processor.py:830} INFO - Processing file /Users/davispecia/Documents/GitHub/Pf_pipeline_dados/Projeto_final_fase3/venv/lib/python3.9/site-packages/airflow/example_dags/example_subdag_operator.py for tasks to queue
[2025-11-27T12:17:36.785-0300] {logging_mixin.py:188} INFO - [2025-11-27T12:17:36.785-0300] {dagbag.py:545} INFO - Filling up the DagBag from /Users/davispecia/Documents/GitHub/Pf_pipeline_dados/Projeto_final_fase3/venv/lib/python3.9/site-packages/airflow/example_dags/example_subdag_operator.py
[2025-11-27T12:17:36.834-0300] {processor.py:840} INFO - DAG(s) 'example_subdag_operator.section-1', 'example_subdag_operator.section-2', 'example_subdag_operator' retrieved from /Users/davispecia/Documents/GitHub/Pf_pipeline_dados/Projeto_final_fase3/venv/lib/python3.9/site-packages/airflow/example_dags/example_subdag_operator.py
[2025-11-27T12:17:36.872-0300] {logging_mixin.py:188} INFO - [2025-11-27T12:17:36.872-0300] {dag.py:3089} INFO - Sync 3 DAGs
[2025-11-27T12:17:36.880-0300] {logging_mixin.py:188} INFO - [2025-11-27T12:17:36.880-0300] {dag.py:3947} INFO - Setting next_dagrun for example_subdag_operator to 2022-01-01 00:00:00+00:00, run_after=2022-01-01 00:00:00+00:00
[2025-11-27T12:17:36.881-0300] {logging_mixin.py:188} INFO - [2025-11-27T12:17:36.881-0300] {dag.py:3947} INFO - Setting next_dagrun for example_subdag_operator.section-1 to None, run_after=None
[2025-11-27T12:17:36.882-0300] {logging_mixin.py:188} INFO - [2025-11-27T12:17:36.882-0300] {dag.py:3947} INFO - Setting next_dagrun for example_subdag_operator.section-2 to None, run_after=None
[2025-11-27T12:17:36.885-0300] {logging_mixin.py:188} INFO - [2025-11-27T12:17:36.885-0300] {dag.py:3089} INFO - Sync 2 DAGs
[2025-11-27T12:17:36.886-0300] {logging_mixin.py:188} INFO - [2025-11-27T12:17:36.886-0300] {dag.py:3947} INFO - Setting next_dagrun for example_subdag_operator.section-1 to None, run_after=None
[2025-11-27T12:17:36.886-0300] {logging_mixin.py:188} INFO - [2025-11-27T12:17:36.886-0300] {dag.py:3947} INFO - Setting next_dagrun for example_subdag_operator.section-2 to None, run_after=None
[2025-11-27T12:17:36.892-0300] {processor.py:183} INFO - Processing /Users/davispecia/Documents/GitHub/Pf_pipeline_dados/Projeto_final_fase3/venv/lib/python3.9/site-packages/airflow/example_dags/example_subdag_operator.py took 0.110 seconds
[2025-11-27T12:19:37.722-0300] {processor.py:161} INFO - Started process (PID=1106) to work on /Users/davispecia/Documents/GitHub/Pf_pipeline_dados/Projeto_final_fase3/venv/lib/python3.9/site-packages/airflow/example_dags/example_subdag_operator.py
[2025-11-27T12:19:37.723-0300] {processor.py:830} INFO - Processing file /Users/davispecia/Documents/GitHub/Pf_pipeline_dados/Projeto_final_fase3/venv/lib/python3.9/site-packages/airflow/example_dags/example_subdag_operator.py for tasks to queue
[2025-11-27T12:19:37.723-0300] {logging_mixin.py:188} INFO - [2025-11-27T12:19:37.723-0300] {dagbag.py:545} INFO - Filling up the DagBag from /Users/davispecia/Documents/GitHub/Pf_pipeline_dados/Projeto_final_fase3/venv/lib/python3.9/site-packages/airflow/example_dags/example_subdag_operator.py
[2025-11-27T12:19:37.771-0300] {processor.py:840} INFO - DAG(s) 'example_subdag_operator.section-1', 'example_subdag_operator.section-2', 'example_subdag_operator' retrieved from /Users/davispecia/Documents/GitHub/Pf_pipeline_dados/Projeto_final_fase3/venv/lib/python3.9/site-packages/airflow/example_dags/example_subdag_operator.py
[2025-11-27T12:19:37.809-0300] {logging_mixin.py:188} INFO - [2025-11-27T12:19:37.808-0300] {dag.py:3089} INFO - Sync 3 DAGs
[2025-11-27T12:19:37.817-0300] {logging_mixin.py:188} INFO - [2025-11-27T12:19:37.816-0300] {dag.py:3947} INFO - Setting next_dagrun for example_subdag_operator to 2022-01-01 00:00:00+00:00, run_after=2022-01-01 00:00:00+00:00
[2025-11-27T12:19:37.818-0300] {logging_mixin.py:188} INFO - [2025-11-27T12:19:37.818-0300] {dag.py:3947} INFO - Setting next_dagrun for example_subdag_operator.section-1 to None, run_after=None
[2025-11-27T12:19:37.818-0300] {logging_mixin.py:188} INFO - [2025-11-27T12:19:37.818-0300] {dag.py:3947} INFO - Setting next_dagrun for example_subdag_operator.section-2 to None, run_after=None
[2025-11-27T12:19:37.821-0300] {logging_mixin.py:188} INFO - [2025-11-27T12:19:37.821-0300] {dag.py:3089} INFO - Sync 2 DAGs
[2025-11-27T12:19:37.822-0300] {logging_mixin.py:188} INFO - [2025-11-27T12:19:37.822-0300] {dag.py:3947} INFO - Setting next_dagrun for example_subdag_operator.section-1 to None, run_after=None
[2025-11-27T12:19:37.823-0300] {logging_mixin.py:188} INFO - [2025-11-27T12:19:37.823-0300] {dag.py:3947} INFO - Setting next_dagrun for example_subdag_operator.section-2 to None, run_after=None
[2025-11-27T12:19:37.829-0300] {processor.py:183} INFO - Processing /Users/davispecia/Documents/GitHub/Pf_pipeline_dados/Projeto_final_fase3/venv/lib/python3.9/site-packages/airflow/example_dags/example_subdag_operator.py took 0.109 seconds
[2025-11-27T12:20:41.798-0300] {processor.py:161} INFO - Started process (PID=1263) to work on /Users/davispecia/Documents/GitHub/Pf_pipeline_dados/Projeto_final_fase3/venv/lib/python3.9/site-packages/airflow/example_dags/example_subdag_operator.py
[2025-11-27T12:20:41.799-0300] {processor.py:830} INFO - Processing file /Users/davispecia/Documents/GitHub/Pf_pipeline_dados/Projeto_final_fase3/venv/lib/python3.9/site-packages/airflow/example_dags/example_subdag_operator.py for tasks to queue
[2025-11-27T12:20:41.799-0300] {logging_mixin.py:188} INFO - [2025-11-27T12:20:41.799-0300] {dagbag.py:545} INFO - Filling up the DagBag from /Users/davispecia/Documents/GitHub/Pf_pipeline_dados/Projeto_final_fase3/venv/lib/python3.9/site-packages/airflow/example_dags/example_subdag_operator.py
[2025-11-27T12:20:41.848-0300] {processor.py:840} INFO - DAG(s) 'example_subdag_operator.section-1', 'example_subdag_operator.section-2', 'example_subdag_operator' retrieved from /Users/davispecia/Documents/GitHub/Pf_pipeline_dados/Projeto_final_fase3/venv/lib/python3.9/site-packages/airflow/example_dags/example_subdag_operator.py
[2025-11-27T12:20:41.887-0300] {logging_mixin.py:188} INFO - [2025-11-27T12:20:41.886-0300] {dag.py:3089} INFO - Sync 3 DAGs
[2025-11-27T12:20:41.895-0300] {logging_mixin.py:188} INFO - [2025-11-27T12:20:41.894-0300] {dag.py:3947} INFO - Setting next_dagrun for example_subdag_operator to 2022-01-01 00:00:00+00:00, run_after=2022-01-01 00:00:00+00:00
[2025-11-27T12:20:41.896-0300] {logging_mixin.py:188} INFO - [2025-11-27T12:20:41.896-0300] {dag.py:3947} INFO - Setting next_dagrun for example_subdag_operator.section-1 to None, run_after=None
[2025-11-27T12:20:41.896-0300] {logging_mixin.py:188} INFO - [2025-11-27T12:20:41.896-0300] {dag.py:3947} INFO - Setting next_dagrun for example_subdag_operator.section-2 to None, run_after=None
[2025-11-27T12:20:41.899-0300] {logging_mixin.py:188} INFO - [2025-11-27T12:20:41.899-0300] {dag.py:3089} INFO - Sync 2 DAGs
[2025-11-27T12:20:41.901-0300] {logging_mixin.py:188} INFO - [2025-11-27T12:20:41.901-0300] {dag.py:3947} INFO - Setting next_dagrun for example_subdag_operator.section-1 to None, run_after=None
[2025-11-27T12:20:41.901-0300] {logging_mixin.py:188} INFO - [2025-11-27T12:20:41.901-0300] {dag.py:3947} INFO - Setting next_dagrun for example_subdag_operator.section-2 to None, run_after=None
[2025-11-27T12:20:41.907-0300] {processor.py:183} INFO - Processing /Users/davispecia/Documents/GitHub/Pf_pipeline_dados/Projeto_final_fase3/venv/lib/python3.9/site-packages/airflow/example_dags/example_subdag_operator.py took 0.111 seconds
[2025-11-27T12:22:52.849-0300] {processor.py:161} INFO - Started process (PID=1666) to work on /Users/davispecia/Documents/GitHub/Pf_pipeline_dados/Projeto_final_fase3/venv/lib/python3.9/site-packages/airflow/example_dags/example_subdag_operator.py
[2025-11-27T12:22:52.850-0300] {processor.py:830} INFO - Processing file /Users/davispecia/Documents/GitHub/Pf_pipeline_dados/Projeto_final_fase3/venv/lib/python3.9/site-packages/airflow/example_dags/example_subdag_operator.py for tasks to queue
[2025-11-27T12:22:52.850-0300] {logging_mixin.py:188} INFO - [2025-11-27T12:22:52.850-0300] {dagbag.py:545} INFO - Filling up the DagBag from /Users/davispecia/Documents/GitHub/Pf_pipeline_dados/Projeto_final_fase3/venv/lib/python3.9/site-packages/airflow/example_dags/example_subdag_operator.py
[2025-11-27T12:22:52.898-0300] {processor.py:840} INFO - DAG(s) 'example_subdag_operator.section-1', 'example_subdag_operator.section-2', 'example_subdag_operator' retrieved from /Users/davispecia/Documents/GitHub/Pf_pipeline_dados/Projeto_final_fase3/venv/lib/python3.9/site-packages/airflow/example_dags/example_subdag_operator.py
[2025-11-27T12:22:52.934-0300] {logging_mixin.py:188} INFO - [2025-11-27T12:22:52.934-0300] {dag.py:3089} INFO - Sync 3 DAGs
[2025-11-27T12:22:52.942-0300] {logging_mixin.py:188} INFO - [2025-11-27T12:22:52.942-0300] {dag.py:3947} INFO - Setting next_dagrun for example_subdag_operator to 2022-01-01 00:00:00+00:00, run_after=2022-01-01 00:00:00+00:00
[2025-11-27T12:22:52.944-0300] {logging_mixin.py:188} INFO - [2025-11-27T12:22:52.943-0300] {dag.py:3947} INFO - Setting next_dagrun for example_subdag_operator.section-1 to None, run_after=None
[2025-11-27T12:22:52.944-0300] {logging_mixin.py:188} INFO - [2025-11-27T12:22:52.944-0300] {dag.py:3947} INFO - Setting next_dagrun for example_subdag_operator.section-2 to None, run_after=None
[2025-11-27T12:22:52.947-0300] {logging_mixin.py:188} INFO - [2025-11-27T12:22:52.947-0300] {dag.py:3089} INFO - Sync 2 DAGs
[2025-11-27T12:22:52.948-0300] {logging_mixin.py:188} INFO - [2025-11-27T12:22:52.948-0300] {dag.py:3947} INFO - Setting next_dagrun for example_subdag_operator.section-1 to None, run_after=None
[2025-11-27T12:22:52.948-0300] {logging_mixin.py:188} INFO - [2025-11-27T12:22:52.948-0300] {dag.py:3947} INFO - Setting next_dagrun for example_subdag_operator.section-2 to None, run_after=None
[2025-11-27T12:22:52.954-0300] {processor.py:183} INFO - Processing /Users/davispecia/Documents/GitHub/Pf_pipeline_dados/Projeto_final_fase3/venv/lib/python3.9/site-packages/airflow/example_dags/example_subdag_operator.py took 0.108 seconds
[2025-11-27T12:24:55.060-0300] {processor.py:161} INFO - Started process (PID=1978) to work on /Users/davispecia/Documents/GitHub/Pf_pipeline_dados/Projeto_final_fase3/venv/lib/python3.9/site-packages/airflow/example_dags/example_subdag_operator.py
[2025-11-27T12:24:55.060-0300] {processor.py:830} INFO - Processing file /Users/davispecia/Documents/GitHub/Pf_pipeline_dados/Projeto_final_fase3/venv/lib/python3.9/site-packages/airflow/example_dags/example_subdag_operator.py for tasks to queue
[2025-11-27T12:24:55.060-0300] {logging_mixin.py:188} INFO - [2025-11-27T12:24:55.060-0300] {dagbag.py:545} INFO - Filling up the DagBag from /Users/davispecia/Documents/GitHub/Pf_pipeline_dados/Projeto_final_fase3/venv/lib/python3.9/site-packages/airflow/example_dags/example_subdag_operator.py
[2025-11-27T12:24:55.110-0300] {processor.py:840} INFO - DAG(s) 'example_subdag_operator.section-1', 'example_subdag_operator.section-2', 'example_subdag_operator' retrieved from /Users/davispecia/Documents/GitHub/Pf_pipeline_dados/Projeto_final_fase3/venv/lib/python3.9/site-packages/airflow/example_dags/example_subdag_operator.py
[2025-11-27T12:24:55.150-0300] {logging_mixin.py:188} INFO - [2025-11-27T12:24:55.150-0300] {dag.py:3089} INFO - Sync 3 DAGs
[2025-11-27T12:24:55.158-0300] {logging_mixin.py:188} INFO - [2025-11-27T12:24:55.158-0300] {dag.py:3947} INFO - Setting next_dagrun for example_subdag_operator to 2022-01-01 00:00:00+00:00, run_after=2022-01-01 00:00:00+00:00
[2025-11-27T12:24:55.159-0300] {logging_mixin.py:188} INFO - [2025-11-27T12:24:55.159-0300] {dag.py:3947} INFO - Setting next_dagrun for example_subdag_operator.section-1 to None, run_after=None
[2025-11-27T12:24:55.159-0300] {logging_mixin.py:188} INFO - [2025-11-27T12:24:55.159-0300] {dag.py:3947} INFO - Setting next_dagrun for example_subdag_operator.section-2 to None, run_after=None
[2025-11-27T12:24:55.163-0300] {logging_mixin.py:188} INFO - [2025-11-27T12:24:55.163-0300] {dag.py:3089} INFO - Sync 2 DAGs
[2025-11-27T12:24:55.164-0300] {logging_mixin.py:188} INFO - [2025-11-27T12:24:55.164-0300] {dag.py:3947} INFO - Setting next_dagrun for example_subdag_operator.section-1 to None, run_after=None
[2025-11-27T12:24:55.165-0300] {logging_mixin.py:188} INFO - [2025-11-27T12:24:55.165-0300] {dag.py:3947} INFO - Setting next_dagrun for example_subdag_operator.section-2 to None, run_after=None
[2025-11-27T12:24:55.171-0300] {processor.py:183} INFO - Processing /Users/davispecia/Documents/GitHub/Pf_pipeline_dados/Projeto_final_fase3/venv/lib/python3.9/site-packages/airflow/example_dags/example_subdag_operator.py took 0.114 seconds
[2025-11-27T12:27:08.402-0300] {processor.py:161} INFO - Started process (PID=2362) to work on /Users/davispecia/Documents/GitHub/Pf_pipeline_dados/Projeto_final_fase3/venv/lib/python3.9/site-packages/airflow/example_dags/example_subdag_operator.py
[2025-11-27T12:27:08.403-0300] {processor.py:830} INFO - Processing file /Users/davispecia/Documents/GitHub/Pf_pipeline_dados/Projeto_final_fase3/venv/lib/python3.9/site-packages/airflow/example_dags/example_subdag_operator.py for tasks to queue
[2025-11-27T12:27:08.404-0300] {logging_mixin.py:188} INFO - [2025-11-27T12:27:08.404-0300] {dagbag.py:545} INFO - Filling up the DagBag from /Users/davispecia/Documents/GitHub/Pf_pipeline_dados/Projeto_final_fase3/venv/lib/python3.9/site-packages/airflow/example_dags/example_subdag_operator.py
[2025-11-27T12:27:08.451-0300] {processor.py:840} INFO - DAG(s) 'example_subdag_operator.section-1', 'example_subdag_operator.section-2', 'example_subdag_operator' retrieved from /Users/davispecia/Documents/GitHub/Pf_pipeline_dados/Projeto_final_fase3/venv/lib/python3.9/site-packages/airflow/example_dags/example_subdag_operator.py
[2025-11-27T12:27:08.488-0300] {logging_mixin.py:188} INFO - [2025-11-27T12:27:08.488-0300] {dag.py:3089} INFO - Sync 3 DAGs
[2025-11-27T12:27:08.496-0300] {logging_mixin.py:188} INFO - [2025-11-27T12:27:08.496-0300] {dag.py:3947} INFO - Setting next_dagrun for example_subdag_operator to 2022-01-01 00:00:00+00:00, run_after=2022-01-01 00:00:00+00:00
[2025-11-27T12:27:08.497-0300] {logging_mixin.py:188} INFO - [2025-11-27T12:27:08.497-0300] {dag.py:3947} INFO - Setting next_dagrun for example_subdag_operator.section-1 to None, run_after=None
[2025-11-27T12:27:08.498-0300] {logging_mixin.py:188} INFO - [2025-11-27T12:27:08.498-0300] {dag.py:3947} INFO - Setting next_dagrun for example_subdag_operator.section-2 to None, run_after=None
[2025-11-27T12:27:08.500-0300] {logging_mixin.py:188} INFO - [2025-11-27T12:27:08.500-0300] {dag.py:3089} INFO - Sync 2 DAGs
[2025-11-27T12:27:08.502-0300] {logging_mixin.py:188} INFO - [2025-11-27T12:27:08.502-0300] {dag.py:3947} INFO - Setting next_dagrun for example_subdag_operator.section-1 to None, run_after=None
[2025-11-27T12:27:08.502-0300] {logging_mixin.py:188} INFO - [2025-11-27T12:27:08.502-0300] {dag.py:3947} INFO - Setting next_dagrun for example_subdag_operator.section-2 to None, run_after=None
[2025-11-27T12:27:08.508-0300] {processor.py:183} INFO - Processing /Users/davispecia/Documents/GitHub/Pf_pipeline_dados/Projeto_final_fase3/venv/lib/python3.9/site-packages/airflow/example_dags/example_subdag_operator.py took 0.108 seconds
[2025-11-27T12:28:14.995-0300] {processor.py:161} INFO - Started process (PID=2537) to work on /Users/davispecia/Documents/GitHub/Pf_pipeline_dados/Projeto_final_fase3/venv/lib/python3.9/site-packages/airflow/example_dags/example_subdag_operator.py
[2025-11-27T12:28:14.996-0300] {processor.py:830} INFO - Processing file /Users/davispecia/Documents/GitHub/Pf_pipeline_dados/Projeto_final_fase3/venv/lib/python3.9/site-packages/airflow/example_dags/example_subdag_operator.py for tasks to queue
[2025-11-27T12:28:14.996-0300] {logging_mixin.py:188} INFO - [2025-11-27T12:28:14.996-0300] {dagbag.py:545} INFO - Filling up the DagBag from /Users/davispecia/Documents/GitHub/Pf_pipeline_dados/Projeto_final_fase3/venv/lib/python3.9/site-packages/airflow/example_dags/example_subdag_operator.py
[2025-11-27T12:28:15.044-0300] {processor.py:840} INFO - DAG(s) 'example_subdag_operator.section-1', 'example_subdag_operator.section-2', 'example_subdag_operator' retrieved from /Users/davispecia/Documents/GitHub/Pf_pipeline_dados/Projeto_final_fase3/venv/lib/python3.9/site-packages/airflow/example_dags/example_subdag_operator.py
[2025-11-27T12:28:15.080-0300] {logging_mixin.py:188} INFO - [2025-11-27T12:28:15.080-0300] {dag.py:3089} INFO - Sync 3 DAGs
[2025-11-27T12:28:15.088-0300] {logging_mixin.py:188} INFO - [2025-11-27T12:28:15.088-0300] {dag.py:3947} INFO - Setting next_dagrun for example_subdag_operator to 2022-01-01 00:00:00+00:00, run_after=2022-01-01 00:00:00+00:00
[2025-11-27T12:28:15.090-0300] {logging_mixin.py:188} INFO - [2025-11-27T12:28:15.090-0300] {dag.py:3947} INFO - Setting next_dagrun for example_subdag_operator.section-1 to None, run_after=None
[2025-11-27T12:28:15.090-0300] {logging_mixin.py:188} INFO - [2025-11-27T12:28:15.090-0300] {dag.py:3947} INFO - Setting next_dagrun for example_subdag_operator.section-2 to None, run_after=None
[2025-11-27T12:28:15.093-0300] {logging_mixin.py:188} INFO - [2025-11-27T12:28:15.093-0300] {dag.py:3089} INFO - Sync 2 DAGs
[2025-11-27T12:28:15.094-0300] {logging_mixin.py:188} INFO - [2025-11-27T12:28:15.094-0300] {dag.py:3947} INFO - Setting next_dagrun for example_subdag_operator.section-1 to None, run_after=None
[2025-11-27T12:28:15.094-0300] {logging_mixin.py:188} INFO - [2025-11-27T12:28:15.094-0300] {dag.py:3947} INFO - Setting next_dagrun for example_subdag_operator.section-2 to None, run_after=None
[2025-11-27T12:28:15.100-0300] {processor.py:183} INFO - Processing /Users/davispecia/Documents/GitHub/Pf_pipeline_dados/Projeto_final_fase3/venv/lib/python3.9/site-packages/airflow/example_dags/example_subdag_operator.py took 0.108 seconds
[2025-11-27T14:03:53.142-0300] {processor.py:161} INFO - Started process (PID=2854) to work on /Users/davispecia/Documents/GitHub/Pf_pipeline_dados/Projeto_final_fase3/venv/lib/python3.9/site-packages/airflow/example_dags/example_subdag_operator.py
[2025-11-27T14:03:53.144-0300] {processor.py:830} INFO - Processing file /Users/davispecia/Documents/GitHub/Pf_pipeline_dados/Projeto_final_fase3/venv/lib/python3.9/site-packages/airflow/example_dags/example_subdag_operator.py for tasks to queue
[2025-11-27T14:03:53.144-0300] {logging_mixin.py:188} INFO - [2025-11-27T14:03:53.144-0300] {dagbag.py:545} INFO - Filling up the DagBag from /Users/davispecia/Documents/GitHub/Pf_pipeline_dados/Projeto_final_fase3/venv/lib/python3.9/site-packages/airflow/example_dags/example_subdag_operator.py
[2025-11-27T14:03:53.191-0300] {processor.py:840} INFO - DAG(s) 'example_subdag_operator.section-1', 'example_subdag_operator.section-2', 'example_subdag_operator' retrieved from /Users/davispecia/Documents/GitHub/Pf_pipeline_dados/Projeto_final_fase3/venv/lib/python3.9/site-packages/airflow/example_dags/example_subdag_operator.py
[2025-11-27T14:03:53.228-0300] {logging_mixin.py:188} INFO - [2025-11-27T14:03:53.228-0300] {dag.py:3089} INFO - Sync 3 DAGs
[2025-11-27T14:03:53.236-0300] {logging_mixin.py:188} INFO - [2025-11-27T14:03:53.236-0300] {dag.py:3947} INFO - Setting next_dagrun for example_subdag_operator to 2022-01-01 00:00:00+00:00, run_after=2022-01-01 00:00:00+00:00
[2025-11-27T14:03:53.238-0300] {logging_mixin.py:188} INFO - [2025-11-27T14:03:53.237-0300] {dag.py:3947} INFO - Setting next_dagrun for example_subdag_operator.section-1 to None, run_after=None
[2025-11-27T14:03:53.238-0300] {logging_mixin.py:188} INFO - [2025-11-27T14:03:53.238-0300] {dag.py:3947} INFO - Setting next_dagrun for example_subdag_operator.section-2 to None, run_after=None
[2025-11-27T14:03:53.241-0300] {logging_mixin.py:188} INFO - [2025-11-27T14:03:53.240-0300] {dag.py:3089} INFO - Sync 2 DAGs
[2025-11-27T14:03:53.242-0300] {logging_mixin.py:188} INFO - [2025-11-27T14:03:53.242-0300] {dag.py:3947} INFO - Setting next_dagrun for example_subdag_operator.section-1 to None, run_after=None
[2025-11-27T14:03:53.242-0300] {logging_mixin.py:188} INFO - [2025-11-27T14:03:53.242-0300] {dag.py:3947} INFO - Setting next_dagrun for example_subdag_operator.section-2 to None, run_after=None
[2025-11-27T14:03:53.248-0300] {processor.py:183} INFO - Processing /Users/davispecia/Documents/GitHub/Pf_pipeline_dados/Projeto_final_fase3/venv/lib/python3.9/site-packages/airflow/example_dags/example_subdag_operator.py took 0.108 seconds
[2025-11-27T14:08:16.975-0300] {processor.py:161} INFO - Started process (PID=3276) to work on /Users/davispecia/Documents/GitHub/Pf_pipeline_dados/Projeto_final_fase3/venv/lib/python3.9/site-packages/airflow/example_dags/example_subdag_operator.py
[2025-11-27T14:08:16.976-0300] {processor.py:830} INFO - Processing file /Users/davispecia/Documents/GitHub/Pf_pipeline_dados/Projeto_final_fase3/venv/lib/python3.9/site-packages/airflow/example_dags/example_subdag_operator.py for tasks to queue
[2025-11-27T14:08:16.976-0300] {logging_mixin.py:188} INFO - [2025-11-27T14:08:16.976-0300] {dagbag.py:545} INFO - Filling up the DagBag from /Users/davispecia/Documents/GitHub/Pf_pipeline_dados/Projeto_final_fase3/venv/lib/python3.9/site-packages/airflow/example_dags/example_subdag_operator.py
[2025-11-27T14:08:17.024-0300] {processor.py:840} INFO - DAG(s) 'example_subdag_operator.section-1', 'example_subdag_operator.section-2', 'example_subdag_operator' retrieved from /Users/davispecia/Documents/GitHub/Pf_pipeline_dados/Projeto_final_fase3/venv/lib/python3.9/site-packages/airflow/example_dags/example_subdag_operator.py
[2025-11-27T14:08:17.064-0300] {logging_mixin.py:188} INFO - [2025-11-27T14:08:17.064-0300] {dag.py:3089} INFO - Sync 3 DAGs
[2025-11-27T14:08:17.073-0300] {logging_mixin.py:188} INFO - [2025-11-27T14:08:17.073-0300] {dag.py:3947} INFO - Setting next_dagrun for example_subdag_operator to 2022-01-01 00:00:00+00:00, run_after=2022-01-01 00:00:00+00:00
[2025-11-27T14:08:17.075-0300] {logging_mixin.py:188} INFO - [2025-11-27T14:08:17.075-0300] {dag.py:3947} INFO - Setting next_dagrun for example_subdag_operator.section-1 to None, run_after=None
[2025-11-27T14:08:17.075-0300] {logging_mixin.py:188} INFO - [2025-11-27T14:08:17.075-0300] {dag.py:3947} INFO - Setting next_dagrun for example_subdag_operator.section-2 to None, run_after=None
[2025-11-27T14:08:17.078-0300] {logging_mixin.py:188} INFO - [2025-11-27T14:08:17.078-0300] {dag.py:3089} INFO - Sync 2 DAGs
[2025-11-27T14:08:17.080-0300] {logging_mixin.py:188} INFO - [2025-11-27T14:08:17.080-0300] {dag.py:3947} INFO - Setting next_dagrun for example_subdag_operator.section-1 to None, run_after=None
[2025-11-27T14:08:17.080-0300] {logging_mixin.py:188} INFO - [2025-11-27T14:08:17.080-0300] {dag.py:3947} INFO - Setting next_dagrun for example_subdag_operator.section-2 to None, run_after=None
[2025-11-27T14:08:17.086-0300] {processor.py:183} INFO - Processing /Users/davispecia/Documents/GitHub/Pf_pipeline_dados/Projeto_final_fase3/venv/lib/python3.9/site-packages/airflow/example_dags/example_subdag_operator.py took 0.113 seconds
[2025-11-27T14:09:51.109-0300] {processor.py:161} INFO - Started process (PID=3563) to work on /Users/davispecia/Documents/GitHub/Pf_pipeline_dados/Projeto_final_fase3/venv/lib/python3.9/site-packages/airflow/example_dags/example_subdag_operator.py
[2025-11-27T14:09:51.110-0300] {processor.py:830} INFO - Processing file /Users/davispecia/Documents/GitHub/Pf_pipeline_dados/Projeto_final_fase3/venv/lib/python3.9/site-packages/airflow/example_dags/example_subdag_operator.py for tasks to queue
[2025-11-27T14:09:51.110-0300] {logging_mixin.py:188} INFO - [2025-11-27T14:09:51.110-0300] {dagbag.py:545} INFO - Filling up the DagBag from /Users/davispecia/Documents/GitHub/Pf_pipeline_dados/Projeto_final_fase3/venv/lib/python3.9/site-packages/airflow/example_dags/example_subdag_operator.py
[2025-11-27T14:09:51.158-0300] {processor.py:840} INFO - DAG(s) 'example_subdag_operator.section-1', 'example_subdag_operator.section-2', 'example_subdag_operator' retrieved from /Users/davispecia/Documents/GitHub/Pf_pipeline_dados/Projeto_final_fase3/venv/lib/python3.9/site-packages/airflow/example_dags/example_subdag_operator.py
[2025-11-27T14:09:51.197-0300] {logging_mixin.py:188} INFO - [2025-11-27T14:09:51.196-0300] {dag.py:3089} INFO - Sync 3 DAGs
[2025-11-27T14:09:51.205-0300] {logging_mixin.py:188} INFO - [2025-11-27T14:09:51.205-0300] {dag.py:3947} INFO - Setting next_dagrun for example_subdag_operator to 2022-01-01 00:00:00+00:00, run_after=2022-01-01 00:00:00+00:00
[2025-11-27T14:09:51.206-0300] {logging_mixin.py:188} INFO - [2025-11-27T14:09:51.206-0300] {dag.py:3947} INFO - Setting next_dagrun for example_subdag_operator.section-1 to None, run_after=None
[2025-11-27T14:09:51.207-0300] {logging_mixin.py:188} INFO - [2025-11-27T14:09:51.207-0300] {dag.py:3947} INFO - Setting next_dagrun for example_subdag_operator.section-2 to None, run_after=None
[2025-11-27T14:09:51.210-0300] {logging_mixin.py:188} INFO - [2025-11-27T14:09:51.210-0300] {dag.py:3089} INFO - Sync 2 DAGs
[2025-11-27T14:09:51.211-0300] {logging_mixin.py:188} INFO - [2025-11-27T14:09:51.211-0300] {dag.py:3947} INFO - Setting next_dagrun for example_subdag_operator.section-1 to None, run_after=None
[2025-11-27T14:09:51.211-0300] {logging_mixin.py:188} INFO - [2025-11-27T14:09:51.211-0300] {dag.py:3947} INFO - Setting next_dagrun for example_subdag_operator.section-2 to None, run_after=None
[2025-11-27T14:09:51.219-0300] {processor.py:183} INFO - Processing /Users/davispecia/Documents/GitHub/Pf_pipeline_dados/Projeto_final_fase3/venv/lib/python3.9/site-packages/airflow/example_dags/example_subdag_operator.py took 0.112 seconds
[2025-11-27T14:10:54.622-0300] {processor.py:161} INFO - Started process (PID=3716) to work on /Users/davispecia/Documents/GitHub/Pf_pipeline_dados/Projeto_final_fase3/venv/lib/python3.9/site-packages/airflow/example_dags/example_subdag_operator.py
[2025-11-27T14:10:54.623-0300] {processor.py:830} INFO - Processing file /Users/davispecia/Documents/GitHub/Pf_pipeline_dados/Projeto_final_fase3/venv/lib/python3.9/site-packages/airflow/example_dags/example_subdag_operator.py for tasks to queue
[2025-11-27T14:10:54.623-0300] {logging_mixin.py:188} INFO - [2025-11-27T14:10:54.623-0300] {dagbag.py:545} INFO - Filling up the DagBag from /Users/davispecia/Documents/GitHub/Pf_pipeline_dados/Projeto_final_fase3/venv/lib/python3.9/site-packages/airflow/example_dags/example_subdag_operator.py
[2025-11-27T14:10:54.673-0300] {processor.py:840} INFO - DAG(s) 'example_subdag_operator.section-1', 'example_subdag_operator.section-2', 'example_subdag_operator' retrieved from /Users/davispecia/Documents/GitHub/Pf_pipeline_dados/Projeto_final_fase3/venv/lib/python3.9/site-packages/airflow/example_dags/example_subdag_operator.py
[2025-11-27T14:10:54.710-0300] {logging_mixin.py:188} INFO - [2025-11-27T14:10:54.709-0300] {dag.py:3089} INFO - Sync 3 DAGs
[2025-11-27T14:10:54.718-0300] {logging_mixin.py:188} INFO - [2025-11-27T14:10:54.718-0300] {dag.py:3947} INFO - Setting next_dagrun for example_subdag_operator to 2022-01-01 00:00:00+00:00, run_after=2022-01-01 00:00:00+00:00
[2025-11-27T14:10:54.719-0300] {logging_mixin.py:188} INFO - [2025-11-27T14:10:54.719-0300] {dag.py:3947} INFO - Setting next_dagrun for example_subdag_operator.section-1 to None, run_after=None
[2025-11-27T14:10:54.719-0300] {logging_mixin.py:188} INFO - [2025-11-27T14:10:54.719-0300] {dag.py:3947} INFO - Setting next_dagrun for example_subdag_operator.section-2 to None, run_after=None
[2025-11-27T14:10:54.722-0300] {logging_mixin.py:188} INFO - [2025-11-27T14:10:54.722-0300] {dag.py:3089} INFO - Sync 2 DAGs
[2025-11-27T14:10:54.724-0300] {logging_mixin.py:188} INFO - [2025-11-27T14:10:54.724-0300] {dag.py:3947} INFO - Setting next_dagrun for example_subdag_operator.section-1 to None, run_after=None
[2025-11-27T14:10:54.724-0300] {logging_mixin.py:188} INFO - [2025-11-27T14:10:54.724-0300] {dag.py:3947} INFO - Setting next_dagrun for example_subdag_operator.section-2 to None, run_after=None
[2025-11-27T14:10:54.730-0300] {processor.py:183} INFO - Processing /Users/davispecia/Documents/GitHub/Pf_pipeline_dados/Projeto_final_fase3/venv/lib/python3.9/site-packages/airflow/example_dags/example_subdag_operator.py took 0.110 seconds
[2025-11-27T14:12:54.820-0300] {processor.py:161} INFO - Started process (PID=4012) to work on /Users/davispecia/Documents/GitHub/Pf_pipeline_dados/Projeto_final_fase3/venv/lib/python3.9/site-packages/airflow/example_dags/example_subdag_operator.py
[2025-11-27T14:12:54.821-0300] {processor.py:830} INFO - Processing file /Users/davispecia/Documents/GitHub/Pf_pipeline_dados/Projeto_final_fase3/venv/lib/python3.9/site-packages/airflow/example_dags/example_subdag_operator.py for tasks to queue
[2025-11-27T14:12:54.821-0300] {logging_mixin.py:188} INFO - [2025-11-27T14:12:54.821-0300] {dagbag.py:545} INFO - Filling up the DagBag from /Users/davispecia/Documents/GitHub/Pf_pipeline_dados/Projeto_final_fase3/venv/lib/python3.9/site-packages/airflow/example_dags/example_subdag_operator.py
[2025-11-27T14:12:54.872-0300] {processor.py:840} INFO - DAG(s) 'example_subdag_operator.section-1', 'example_subdag_operator.section-2', 'example_subdag_operator' retrieved from /Users/davispecia/Documents/GitHub/Pf_pipeline_dados/Projeto_final_fase3/venv/lib/python3.9/site-packages/airflow/example_dags/example_subdag_operator.py
[2025-11-27T14:12:54.911-0300] {logging_mixin.py:188} INFO - [2025-11-27T14:12:54.910-0300] {dag.py:3089} INFO - Sync 3 DAGs
[2025-11-27T14:12:54.919-0300] {logging_mixin.py:188} INFO - [2025-11-27T14:12:54.919-0300] {dag.py:3947} INFO - Setting next_dagrun for example_subdag_operator to 2022-01-01 00:00:00+00:00, run_after=2022-01-01 00:00:00+00:00
[2025-11-27T14:12:54.920-0300] {logging_mixin.py:188} INFO - [2025-11-27T14:12:54.920-0300] {dag.py:3947} INFO - Setting next_dagrun for example_subdag_operator.section-1 to None, run_after=None
[2025-11-27T14:12:54.920-0300] {logging_mixin.py:188} INFO - [2025-11-27T14:12:54.920-0300] {dag.py:3947} INFO - Setting next_dagrun for example_subdag_operator.section-2 to None, run_after=None
[2025-11-27T14:12:54.923-0300] {logging_mixin.py:188} INFO - [2025-11-27T14:12:54.923-0300] {dag.py:3089} INFO - Sync 2 DAGs
[2025-11-27T14:12:54.925-0300] {logging_mixin.py:188} INFO - [2025-11-27T14:12:54.925-0300] {dag.py:3947} INFO - Setting next_dagrun for example_subdag_operator.section-1 to None, run_after=None
[2025-11-27T14:12:54.925-0300] {logging_mixin.py:188} INFO - [2025-11-27T14:12:54.925-0300] {dag.py:3947} INFO - Setting next_dagrun for example_subdag_operator.section-2 to None, run_after=None
[2025-11-27T14:12:54.931-0300] {processor.py:183} INFO - Processing /Users/davispecia/Documents/GitHub/Pf_pipeline_dados/Projeto_final_fase3/venv/lib/python3.9/site-packages/airflow/example_dags/example_subdag_operator.py took 0.113 seconds
[2025-11-27T14:14:01.788-0300] {processor.py:161} INFO - Started process (PID=4199) to work on /Users/davispecia/Documents/GitHub/Pf_pipeline_dados/Projeto_final_fase3/venv/lib/python3.9/site-packages/airflow/example_dags/example_subdag_operator.py
[2025-11-27T14:14:01.792-0300] {processor.py:830} INFO - Processing file /Users/davispecia/Documents/GitHub/Pf_pipeline_dados/Projeto_final_fase3/venv/lib/python3.9/site-packages/airflow/example_dags/example_subdag_operator.py for tasks to queue
[2025-11-27T14:14:01.792-0300] {logging_mixin.py:188} INFO - [2025-11-27T14:14:01.792-0300] {dagbag.py:545} INFO - Filling up the DagBag from /Users/davispecia/Documents/GitHub/Pf_pipeline_dados/Projeto_final_fase3/venv/lib/python3.9/site-packages/airflow/example_dags/example_subdag_operator.py
[2025-11-27T14:14:01.882-0300] {processor.py:840} INFO - DAG(s) 'example_subdag_operator.section-1', 'example_subdag_operator.section-2', 'example_subdag_operator' retrieved from /Users/davispecia/Documents/GitHub/Pf_pipeline_dados/Projeto_final_fase3/venv/lib/python3.9/site-packages/airflow/example_dags/example_subdag_operator.py
[2025-11-27T14:14:01.951-0300] {logging_mixin.py:188} INFO - [2025-11-27T14:14:01.950-0300] {dag.py:3089} INFO - Sync 3 DAGs
[2025-11-27T14:14:01.967-0300] {logging_mixin.py:188} INFO - [2025-11-27T14:14:01.967-0300] {dag.py:3947} INFO - Setting next_dagrun for example_subdag_operator to 2022-01-01 00:00:00+00:00, run_after=2022-01-01 00:00:00+00:00
[2025-11-27T14:14:01.969-0300] {logging_mixin.py:188} INFO - [2025-11-27T14:14:01.969-0300] {dag.py:3947} INFO - Setting next_dagrun for example_subdag_operator.section-1 to None, run_after=None
[2025-11-27T14:14:01.970-0300] {logging_mixin.py:188} INFO - [2025-11-27T14:14:01.970-0300] {dag.py:3947} INFO - Setting next_dagrun for example_subdag_operator.section-2 to None, run_after=None
[2025-11-27T14:14:01.973-0300] {logging_mixin.py:188} INFO - [2025-11-27T14:14:01.973-0300] {dag.py:3089} INFO - Sync 2 DAGs
[2025-11-27T14:14:01.976-0300] {logging_mixin.py:188} INFO - [2025-11-27T14:14:01.976-0300] {dag.py:3947} INFO - Setting next_dagrun for example_subdag_operator.section-1 to None, run_after=None
[2025-11-27T14:14:01.977-0300] {logging_mixin.py:188} INFO - [2025-11-27T14:14:01.977-0300] {dag.py:3947} INFO - Setting next_dagrun for example_subdag_operator.section-2 to None, run_after=None
[2025-11-27T14:14:01.989-0300] {processor.py:183} INFO - Processing /Users/davispecia/Documents/GitHub/Pf_pipeline_dados/Projeto_final_fase3/venv/lib/python3.9/site-packages/airflow/example_dags/example_subdag_operator.py took 0.208 seconds
[2025-11-27T14:15:18.225-0300] {processor.py:161} INFO - Started process (PID=4438) to work on /Users/davispecia/Documents/GitHub/Pf_pipeline_dados/Projeto_final_fase3/venv/lib/python3.9/site-packages/airflow/example_dags/example_subdag_operator.py
[2025-11-27T14:15:18.226-0300] {processor.py:830} INFO - Processing file /Users/davispecia/Documents/GitHub/Pf_pipeline_dados/Projeto_final_fase3/venv/lib/python3.9/site-packages/airflow/example_dags/example_subdag_operator.py for tasks to queue
[2025-11-27T14:15:18.226-0300] {logging_mixin.py:188} INFO - [2025-11-27T14:15:18.226-0300] {dagbag.py:545} INFO - Filling up the DagBag from /Users/davispecia/Documents/GitHub/Pf_pipeline_dados/Projeto_final_fase3/venv/lib/python3.9/site-packages/airflow/example_dags/example_subdag_operator.py
[2025-11-27T14:15:18.276-0300] {processor.py:840} INFO - DAG(s) 'example_subdag_operator.section-1', 'example_subdag_operator.section-2', 'example_subdag_operator' retrieved from /Users/davispecia/Documents/GitHub/Pf_pipeline_dados/Projeto_final_fase3/venv/lib/python3.9/site-packages/airflow/example_dags/example_subdag_operator.py
[2025-11-27T14:15:18.313-0300] {logging_mixin.py:188} INFO - [2025-11-27T14:15:18.313-0300] {dag.py:3089} INFO - Sync 3 DAGs
[2025-11-27T14:15:18.322-0300] {logging_mixin.py:188} INFO - [2025-11-27T14:15:18.321-0300] {dag.py:3947} INFO - Setting next_dagrun for example_subdag_operator to 2022-01-01 00:00:00+00:00, run_after=2022-01-01 00:00:00+00:00
[2025-11-27T14:15:18.323-0300] {logging_mixin.py:188} INFO - [2025-11-27T14:15:18.323-0300] {dag.py:3947} INFO - Setting next_dagrun for example_subdag_operator.section-1 to None, run_after=None
[2025-11-27T14:15:18.323-0300] {logging_mixin.py:188} INFO - [2025-11-27T14:15:18.323-0300] {dag.py:3947} INFO - Setting next_dagrun for example_subdag_operator.section-2 to None, run_after=None
[2025-11-27T14:15:18.326-0300] {logging_mixin.py:188} INFO - [2025-11-27T14:15:18.326-0300] {dag.py:3089} INFO - Sync 2 DAGs
[2025-11-27T14:15:18.328-0300] {logging_mixin.py:188} INFO - [2025-11-27T14:15:18.328-0300] {dag.py:3947} INFO - Setting next_dagrun for example_subdag_operator.section-1 to None, run_after=None
[2025-11-27T14:15:18.328-0300] {logging_mixin.py:188} INFO - [2025-11-27T14:15:18.328-0300] {dag.py:3947} INFO - Setting next_dagrun for example_subdag_operator.section-2 to None, run_after=None
[2025-11-27T14:15:18.334-0300] {processor.py:183} INFO - Processing /Users/davispecia/Documents/GitHub/Pf_pipeline_dados/Projeto_final_fase3/venv/lib/python3.9/site-packages/airflow/example_dags/example_subdag_operator.py took 0.111 seconds
[2025-11-27T14:16:26.166-0300] {processor.py:161} INFO - Started process (PID=4604) to work on /Users/davispecia/Documents/GitHub/Pf_pipeline_dados/Projeto_final_fase3/venv/lib/python3.9/site-packages/airflow/example_dags/example_subdag_operator.py
[2025-11-27T14:16:26.167-0300] {processor.py:830} INFO - Processing file /Users/davispecia/Documents/GitHub/Pf_pipeline_dados/Projeto_final_fase3/venv/lib/python3.9/site-packages/airflow/example_dags/example_subdag_operator.py for tasks to queue
[2025-11-27T14:16:26.167-0300] {logging_mixin.py:188} INFO - [2025-11-27T14:16:26.167-0300] {dagbag.py:545} INFO - Filling up the DagBag from /Users/davispecia/Documents/GitHub/Pf_pipeline_dados/Projeto_final_fase3/venv/lib/python3.9/site-packages/airflow/example_dags/example_subdag_operator.py
[2025-11-27T14:16:26.217-0300] {processor.py:840} INFO - DAG(s) 'example_subdag_operator.section-1', 'example_subdag_operator.section-2', 'example_subdag_operator' retrieved from /Users/davispecia/Documents/GitHub/Pf_pipeline_dados/Projeto_final_fase3/venv/lib/python3.9/site-packages/airflow/example_dags/example_subdag_operator.py
[2025-11-27T14:16:26.255-0300] {logging_mixin.py:188} INFO - [2025-11-27T14:16:26.255-0300] {dag.py:3089} INFO - Sync 3 DAGs
[2025-11-27T14:16:26.263-0300] {logging_mixin.py:188} INFO - [2025-11-27T14:16:26.263-0300] {dag.py:3947} INFO - Setting next_dagrun for example_subdag_operator to 2022-01-01 00:00:00+00:00, run_after=2022-01-01 00:00:00+00:00
[2025-11-27T14:16:26.265-0300] {logging_mixin.py:188} INFO - [2025-11-27T14:16:26.265-0300] {dag.py:3947} INFO - Setting next_dagrun for example_subdag_operator.section-1 to None, run_after=None
[2025-11-27T14:16:26.265-0300] {logging_mixin.py:188} INFO - [2025-11-27T14:16:26.265-0300] {dag.py:3947} INFO - Setting next_dagrun for example_subdag_operator.section-2 to None, run_after=None
[2025-11-27T14:16:26.269-0300] {logging_mixin.py:188} INFO - [2025-11-27T14:16:26.269-0300] {dag.py:3089} INFO - Sync 2 DAGs
[2025-11-27T14:16:26.271-0300] {logging_mixin.py:188} INFO - [2025-11-27T14:16:26.271-0300] {dag.py:3947} INFO - Setting next_dagrun for example_subdag_operator.section-1 to None, run_after=None
[2025-11-27T14:16:26.271-0300] {logging_mixin.py:188} INFO - [2025-11-27T14:16:26.271-0300] {dag.py:3947} INFO - Setting next_dagrun for example_subdag_operator.section-2 to None, run_after=None
[2025-11-27T14:16:26.277-0300] {processor.py:183} INFO - Processing /Users/davispecia/Documents/GitHub/Pf_pipeline_dados/Projeto_final_fase3/venv/lib/python3.9/site-packages/airflow/example_dags/example_subdag_operator.py took 0.114 seconds
[2025-11-27T14:17:29.336-0300] {processor.py:161} INFO - Started process (PID=4754) to work on /Users/davispecia/Documents/GitHub/Pf_pipeline_dados/Projeto_final_fase3/venv/lib/python3.9/site-packages/airflow/example_dags/example_subdag_operator.py
[2025-11-27T14:17:29.336-0300] {processor.py:830} INFO - Processing file /Users/davispecia/Documents/GitHub/Pf_pipeline_dados/Projeto_final_fase3/venv/lib/python3.9/site-packages/airflow/example_dags/example_subdag_operator.py for tasks to queue
[2025-11-27T14:17:29.337-0300] {logging_mixin.py:188} INFO - [2025-11-27T14:17:29.337-0300] {dagbag.py:545} INFO - Filling up the DagBag from /Users/davispecia/Documents/GitHub/Pf_pipeline_dados/Projeto_final_fase3/venv/lib/python3.9/site-packages/airflow/example_dags/example_subdag_operator.py
[2025-11-27T14:17:29.389-0300] {processor.py:840} INFO - DAG(s) 'example_subdag_operator.section-1', 'example_subdag_operator.section-2', 'example_subdag_operator' retrieved from /Users/davispecia/Documents/GitHub/Pf_pipeline_dados/Projeto_final_fase3/venv/lib/python3.9/site-packages/airflow/example_dags/example_subdag_operator.py
[2025-11-27T14:17:29.435-0300] {logging_mixin.py:188} INFO - [2025-11-27T14:17:29.434-0300] {dag.py:3089} INFO - Sync 3 DAGs
[2025-11-27T14:17:29.446-0300] {logging_mixin.py:188} INFO - [2025-11-27T14:17:29.445-0300] {dag.py:3947} INFO - Setting next_dagrun for example_subdag_operator to 2022-01-01 00:00:00+00:00, run_after=2022-01-01 00:00:00+00:00
[2025-11-27T14:17:29.447-0300] {logging_mixin.py:188} INFO - [2025-11-27T14:17:29.447-0300] {dag.py:3947} INFO - Setting next_dagrun for example_subdag_operator.section-1 to None, run_after=None
[2025-11-27T14:17:29.447-0300] {logging_mixin.py:188} INFO - [2025-11-27T14:17:29.447-0300] {dag.py:3947} INFO - Setting next_dagrun for example_subdag_operator.section-2 to None, run_after=None
[2025-11-27T14:17:29.450-0300] {logging_mixin.py:188} INFO - [2025-11-27T14:17:29.450-0300] {dag.py:3089} INFO - Sync 2 DAGs
[2025-11-27T14:17:29.452-0300] {logging_mixin.py:188} INFO - [2025-11-27T14:17:29.452-0300] {dag.py:3947} INFO - Setting next_dagrun for example_subdag_operator.section-1 to None, run_after=None
[2025-11-27T14:17:29.452-0300] {logging_mixin.py:188} INFO - [2025-11-27T14:17:29.452-0300] {dag.py:3947} INFO - Setting next_dagrun for example_subdag_operator.section-2 to None, run_after=None
[2025-11-27T14:17:29.458-0300] {processor.py:183} INFO - Processing /Users/davispecia/Documents/GitHub/Pf_pipeline_dados/Projeto_final_fase3/venv/lib/python3.9/site-packages/airflow/example_dags/example_subdag_operator.py took 0.125 seconds
[2025-11-27T14:18:42.825-0300] {processor.py:161} INFO - Started process (PID=4928) to work on /Users/davispecia/Documents/GitHub/Pf_pipeline_dados/Projeto_final_fase3/venv/lib/python3.9/site-packages/airflow/example_dags/example_subdag_operator.py
[2025-11-27T14:18:42.826-0300] {processor.py:830} INFO - Processing file /Users/davispecia/Documents/GitHub/Pf_pipeline_dados/Projeto_final_fase3/venv/lib/python3.9/site-packages/airflow/example_dags/example_subdag_operator.py for tasks to queue
[2025-11-27T14:18:42.826-0300] {logging_mixin.py:188} INFO - [2025-11-27T14:18:42.826-0300] {dagbag.py:545} INFO - Filling up the DagBag from /Users/davispecia/Documents/GitHub/Pf_pipeline_dados/Projeto_final_fase3/venv/lib/python3.9/site-packages/airflow/example_dags/example_subdag_operator.py
[2025-11-27T14:18:42.875-0300] {processor.py:840} INFO - DAG(s) 'example_subdag_operator.section-1', 'example_subdag_operator.section-2', 'example_subdag_operator' retrieved from /Users/davispecia/Documents/GitHub/Pf_pipeline_dados/Projeto_final_fase3/venv/lib/python3.9/site-packages/airflow/example_dags/example_subdag_operator.py
[2025-11-27T14:18:42.913-0300] {logging_mixin.py:188} INFO - [2025-11-27T14:18:42.913-0300] {dag.py:3089} INFO - Sync 3 DAGs
[2025-11-27T14:18:42.921-0300] {logging_mixin.py:188} INFO - [2025-11-27T14:18:42.921-0300] {dag.py:3947} INFO - Setting next_dagrun for example_subdag_operator to 2022-01-01 00:00:00+00:00, run_after=2022-01-01 00:00:00+00:00
[2025-11-27T14:18:42.922-0300] {logging_mixin.py:188} INFO - [2025-11-27T14:18:42.922-0300] {dag.py:3947} INFO - Setting next_dagrun for example_subdag_operator.section-1 to None, run_after=None
[2025-11-27T14:18:42.923-0300] {logging_mixin.py:188} INFO - [2025-11-27T14:18:42.923-0300] {dag.py:3947} INFO - Setting next_dagrun for example_subdag_operator.section-2 to None, run_after=None
[2025-11-27T14:18:42.925-0300] {logging_mixin.py:188} INFO - [2025-11-27T14:18:42.925-0300] {dag.py:3089} INFO - Sync 2 DAGs
[2025-11-27T14:18:42.927-0300] {logging_mixin.py:188} INFO - [2025-11-27T14:18:42.927-0300] {dag.py:3947} INFO - Setting next_dagrun for example_subdag_operator.section-1 to None, run_after=None
[2025-11-27T14:18:42.927-0300] {logging_mixin.py:188} INFO - [2025-11-27T14:18:42.927-0300] {dag.py:3947} INFO - Setting next_dagrun for example_subdag_operator.section-2 to None, run_after=None
[2025-11-27T14:18:42.933-0300] {processor.py:183} INFO - Processing /Users/davispecia/Documents/GitHub/Pf_pipeline_dados/Projeto_final_fase3/venv/lib/python3.9/site-packages/airflow/example_dags/example_subdag_operator.py took 0.110 seconds
[2025-11-27T14:19:52.325-0300] {processor.py:161} INFO - Started process (PID=5090) to work on /Users/davispecia/Documents/GitHub/Pf_pipeline_dados/Projeto_final_fase3/venv/lib/python3.9/site-packages/airflow/example_dags/example_subdag_operator.py
[2025-11-27T14:19:52.326-0300] {processor.py:830} INFO - Processing file /Users/davispecia/Documents/GitHub/Pf_pipeline_dados/Projeto_final_fase3/venv/lib/python3.9/site-packages/airflow/example_dags/example_subdag_operator.py for tasks to queue
[2025-11-27T14:19:52.326-0300] {logging_mixin.py:188} INFO - [2025-11-27T14:19:52.326-0300] {dagbag.py:545} INFO - Filling up the DagBag from /Users/davispecia/Documents/GitHub/Pf_pipeline_dados/Projeto_final_fase3/venv/lib/python3.9/site-packages/airflow/example_dags/example_subdag_operator.py
[2025-11-27T14:19:52.378-0300] {processor.py:840} INFO - DAG(s) 'example_subdag_operator.section-1', 'example_subdag_operator.section-2', 'example_subdag_operator' retrieved from /Users/davispecia/Documents/GitHub/Pf_pipeline_dados/Projeto_final_fase3/venv/lib/python3.9/site-packages/airflow/example_dags/example_subdag_operator.py
[2025-11-27T14:19:52.416-0300] {logging_mixin.py:188} INFO - [2025-11-27T14:19:52.416-0300] {dag.py:3089} INFO - Sync 3 DAGs
[2025-11-27T14:19:52.424-0300] {logging_mixin.py:188} INFO - [2025-11-27T14:19:52.424-0300] {dag.py:3947} INFO - Setting next_dagrun for example_subdag_operator to 2022-01-01 00:00:00+00:00, run_after=2022-01-01 00:00:00+00:00
[2025-11-27T14:19:52.425-0300] {logging_mixin.py:188} INFO - [2025-11-27T14:19:52.425-0300] {dag.py:3947} INFO - Setting next_dagrun for example_subdag_operator.section-1 to None, run_after=None
[2025-11-27T14:19:52.426-0300] {logging_mixin.py:188} INFO - [2025-11-27T14:19:52.426-0300] {dag.py:3947} INFO - Setting next_dagrun for example_subdag_operator.section-2 to None, run_after=None
[2025-11-27T14:19:52.429-0300] {logging_mixin.py:188} INFO - [2025-11-27T14:19:52.428-0300] {dag.py:3089} INFO - Sync 2 DAGs
[2025-11-27T14:19:52.430-0300] {logging_mixin.py:188} INFO - [2025-11-27T14:19:52.430-0300] {dag.py:3947} INFO - Setting next_dagrun for example_subdag_operator.section-1 to None, run_after=None
[2025-11-27T14:19:52.430-0300] {logging_mixin.py:188} INFO - [2025-11-27T14:19:52.430-0300] {dag.py:3947} INFO - Setting next_dagrun for example_subdag_operator.section-2 to None, run_after=None
[2025-11-27T14:19:52.436-0300] {processor.py:183} INFO - Processing /Users/davispecia/Documents/GitHub/Pf_pipeline_dados/Projeto_final_fase3/venv/lib/python3.9/site-packages/airflow/example_dags/example_subdag_operator.py took 0.114 seconds
[2025-11-27T14:21:07.109-0300] {processor.py:161} INFO - Started process (PID=5330) to work on /Users/davispecia/Documents/GitHub/Pf_pipeline_dados/Projeto_final_fase3/venv/lib/python3.9/site-packages/airflow/example_dags/example_subdag_operator.py
[2025-11-27T14:21:07.111-0300] {processor.py:830} INFO - Processing file /Users/davispecia/Documents/GitHub/Pf_pipeline_dados/Projeto_final_fase3/venv/lib/python3.9/site-packages/airflow/example_dags/example_subdag_operator.py for tasks to queue
[2025-11-27T14:21:07.111-0300] {logging_mixin.py:188} INFO - [2025-11-27T14:21:07.111-0300] {dagbag.py:545} INFO - Filling up the DagBag from /Users/davispecia/Documents/GitHub/Pf_pipeline_dados/Projeto_final_fase3/venv/lib/python3.9/site-packages/airflow/example_dags/example_subdag_operator.py
[2025-11-27T14:21:07.162-0300] {processor.py:840} INFO - DAG(s) 'example_subdag_operator.section-1', 'example_subdag_operator.section-2', 'example_subdag_operator' retrieved from /Users/davispecia/Documents/GitHub/Pf_pipeline_dados/Projeto_final_fase3/venv/lib/python3.9/site-packages/airflow/example_dags/example_subdag_operator.py
[2025-11-27T14:21:07.204-0300] {logging_mixin.py:188} INFO - [2025-11-27T14:21:07.203-0300] {dag.py:3089} INFO - Sync 3 DAGs
[2025-11-27T14:21:07.212-0300] {logging_mixin.py:188} INFO - [2025-11-27T14:21:07.212-0300] {dag.py:3947} INFO - Setting next_dagrun for example_subdag_operator to 2022-01-01 00:00:00+00:00, run_after=2022-01-01 00:00:00+00:00
[2025-11-27T14:21:07.213-0300] {logging_mixin.py:188} INFO - [2025-11-27T14:21:07.213-0300] {dag.py:3947} INFO - Setting next_dagrun for example_subdag_operator.section-1 to None, run_after=None
[2025-11-27T14:21:07.214-0300] {logging_mixin.py:188} INFO - [2025-11-27T14:21:07.214-0300] {dag.py:3947} INFO - Setting next_dagrun for example_subdag_operator.section-2 to None, run_after=None
[2025-11-27T14:21:07.217-0300] {logging_mixin.py:188} INFO - [2025-11-27T14:21:07.217-0300] {dag.py:3089} INFO - Sync 2 DAGs
[2025-11-27T14:21:07.219-0300] {logging_mixin.py:188} INFO - [2025-11-27T14:21:07.219-0300] {dag.py:3947} INFO - Setting next_dagrun for example_subdag_operator.section-1 to None, run_after=None
[2025-11-27T14:21:07.219-0300] {logging_mixin.py:188} INFO - [2025-11-27T14:21:07.219-0300] {dag.py:3947} INFO - Setting next_dagrun for example_subdag_operator.section-2 to None, run_after=None
[2025-11-27T14:21:07.226-0300] {processor.py:183} INFO - Processing /Users/davispecia/Documents/GitHub/Pf_pipeline_dados/Projeto_final_fase3/venv/lib/python3.9/site-packages/airflow/example_dags/example_subdag_operator.py took 0.119 seconds
[2025-11-27T14:22:12.241-0300] {processor.py:161} INFO - Started process (PID=5482) to work on /Users/davispecia/Documents/GitHub/Pf_pipeline_dados/Projeto_final_fase3/venv/lib/python3.9/site-packages/airflow/example_dags/example_subdag_operator.py
[2025-11-27T14:22:12.242-0300] {processor.py:830} INFO - Processing file /Users/davispecia/Documents/GitHub/Pf_pipeline_dados/Projeto_final_fase3/venv/lib/python3.9/site-packages/airflow/example_dags/example_subdag_operator.py for tasks to queue
[2025-11-27T14:22:12.243-0300] {logging_mixin.py:188} INFO - [2025-11-27T14:22:12.242-0300] {dagbag.py:545} INFO - Filling up the DagBag from /Users/davispecia/Documents/GitHub/Pf_pipeline_dados/Projeto_final_fase3/venv/lib/python3.9/site-packages/airflow/example_dags/example_subdag_operator.py
[2025-11-27T14:22:12.295-0300] {processor.py:840} INFO - DAG(s) 'example_subdag_operator.section-1', 'example_subdag_operator.section-2', 'example_subdag_operator' retrieved from /Users/davispecia/Documents/GitHub/Pf_pipeline_dados/Projeto_final_fase3/venv/lib/python3.9/site-packages/airflow/example_dags/example_subdag_operator.py
[2025-11-27T14:22:12.337-0300] {logging_mixin.py:188} INFO - [2025-11-27T14:22:12.336-0300] {dag.py:3089} INFO - Sync 3 DAGs
[2025-11-27T14:22:12.345-0300] {logging_mixin.py:188} INFO - [2025-11-27T14:22:12.344-0300] {dag.py:3947} INFO - Setting next_dagrun for example_subdag_operator to 2022-01-01 00:00:00+00:00, run_after=2022-01-01 00:00:00+00:00
[2025-11-27T14:22:12.346-0300] {logging_mixin.py:188} INFO - [2025-11-27T14:22:12.346-0300] {dag.py:3947} INFO - Setting next_dagrun for example_subdag_operator.section-1 to None, run_after=None
[2025-11-27T14:22:12.346-0300] {logging_mixin.py:188} INFO - [2025-11-27T14:22:12.346-0300] {dag.py:3947} INFO - Setting next_dagrun for example_subdag_operator.section-2 to None, run_after=None
[2025-11-27T14:22:12.349-0300] {logging_mixin.py:188} INFO - [2025-11-27T14:22:12.349-0300] {dag.py:3089} INFO - Sync 2 DAGs
[2025-11-27T14:22:12.350-0300] {logging_mixin.py:188} INFO - [2025-11-27T14:22:12.350-0300] {dag.py:3947} INFO - Setting next_dagrun for example_subdag_operator.section-1 to None, run_after=None
[2025-11-27T14:22:12.351-0300] {logging_mixin.py:188} INFO - [2025-11-27T14:22:12.350-0300] {dag.py:3947} INFO - Setting next_dagrun for example_subdag_operator.section-2 to None, run_after=None
[2025-11-27T14:22:12.356-0300] {processor.py:183} INFO - Processing /Users/davispecia/Documents/GitHub/Pf_pipeline_dados/Projeto_final_fase3/venv/lib/python3.9/site-packages/airflow/example_dags/example_subdag_operator.py took 0.118 seconds
[2025-11-27T14:23:16.519-0300] {processor.py:161} INFO - Started process (PID=5635) to work on /Users/davispecia/Documents/GitHub/Pf_pipeline_dados/Projeto_final_fase3/venv/lib/python3.9/site-packages/airflow/example_dags/example_subdag_operator.py
[2025-11-27T14:23:16.520-0300] {processor.py:830} INFO - Processing file /Users/davispecia/Documents/GitHub/Pf_pipeline_dados/Projeto_final_fase3/venv/lib/python3.9/site-packages/airflow/example_dags/example_subdag_operator.py for tasks to queue
[2025-11-27T14:23:16.520-0300] {logging_mixin.py:188} INFO - [2025-11-27T14:23:16.520-0300] {dagbag.py:545} INFO - Filling up the DagBag from /Users/davispecia/Documents/GitHub/Pf_pipeline_dados/Projeto_final_fase3/venv/lib/python3.9/site-packages/airflow/example_dags/example_subdag_operator.py
[2025-11-27T14:23:16.570-0300] {processor.py:840} INFO - DAG(s) 'example_subdag_operator.section-1', 'example_subdag_operator.section-2', 'example_subdag_operator' retrieved from /Users/davispecia/Documents/GitHub/Pf_pipeline_dados/Projeto_final_fase3/venv/lib/python3.9/site-packages/airflow/example_dags/example_subdag_operator.py
[2025-11-27T14:23:16.609-0300] {logging_mixin.py:188} INFO - [2025-11-27T14:23:16.609-0300] {dag.py:3089} INFO - Sync 3 DAGs
[2025-11-27T14:23:16.617-0300] {logging_mixin.py:188} INFO - [2025-11-27T14:23:16.617-0300] {dag.py:3947} INFO - Setting next_dagrun for example_subdag_operator to 2022-01-01 00:00:00+00:00, run_after=2022-01-01 00:00:00+00:00
[2025-11-27T14:23:16.618-0300] {logging_mixin.py:188} INFO - [2025-11-27T14:23:16.618-0300] {dag.py:3947} INFO - Setting next_dagrun for example_subdag_operator.section-1 to None, run_after=None
[2025-11-27T14:23:16.619-0300] {logging_mixin.py:188} INFO - [2025-11-27T14:23:16.619-0300] {dag.py:3947} INFO - Setting next_dagrun for example_subdag_operator.section-2 to None, run_after=None
[2025-11-27T14:23:16.621-0300] {logging_mixin.py:188} INFO - [2025-11-27T14:23:16.621-0300] {dag.py:3089} INFO - Sync 2 DAGs
[2025-11-27T14:23:16.623-0300] {logging_mixin.py:188} INFO - [2025-11-27T14:23:16.623-0300] {dag.py:3947} INFO - Setting next_dagrun for example_subdag_operator.section-1 to None, run_after=None
[2025-11-27T14:23:16.623-0300] {logging_mixin.py:188} INFO - [2025-11-27T14:23:16.623-0300] {dag.py:3947} INFO - Setting next_dagrun for example_subdag_operator.section-2 to None, run_after=None
[2025-11-27T14:23:16.629-0300] {processor.py:183} INFO - Processing /Users/davispecia/Documents/GitHub/Pf_pipeline_dados/Projeto_final_fase3/venv/lib/python3.9/site-packages/airflow/example_dags/example_subdag_operator.py took 0.113 seconds
[2025-11-27T14:24:24.683-0300] {processor.py:161} INFO - Started process (PID=5789) to work on /Users/davispecia/Documents/GitHub/Pf_pipeline_dados/Projeto_final_fase3/venv/lib/python3.9/site-packages/airflow/example_dags/example_subdag_operator.py
[2025-11-27T14:24:24.684-0300] {processor.py:830} INFO - Processing file /Users/davispecia/Documents/GitHub/Pf_pipeline_dados/Projeto_final_fase3/venv/lib/python3.9/site-packages/airflow/example_dags/example_subdag_operator.py for tasks to queue
[2025-11-27T14:24:24.684-0300] {logging_mixin.py:188} INFO - [2025-11-27T14:24:24.684-0300] {dagbag.py:545} INFO - Filling up the DagBag from /Users/davispecia/Documents/GitHub/Pf_pipeline_dados/Projeto_final_fase3/venv/lib/python3.9/site-packages/airflow/example_dags/example_subdag_operator.py
[2025-11-27T14:24:24.742-0300] {processor.py:840} INFO - DAG(s) 'example_subdag_operator.section-1', 'example_subdag_operator.section-2', 'example_subdag_operator' retrieved from /Users/davispecia/Documents/GitHub/Pf_pipeline_dados/Projeto_final_fase3/venv/lib/python3.9/site-packages/airflow/example_dags/example_subdag_operator.py
[2025-11-27T14:24:24.782-0300] {logging_mixin.py:188} INFO - [2025-11-27T14:24:24.782-0300] {dag.py:3089} INFO - Sync 3 DAGs
[2025-11-27T14:24:24.791-0300] {logging_mixin.py:188} INFO - [2025-11-27T14:24:24.791-0300] {dag.py:3947} INFO - Setting next_dagrun for example_subdag_operator to 2022-01-01 00:00:00+00:00, run_after=2022-01-01 00:00:00+00:00
[2025-11-27T14:24:24.792-0300] {logging_mixin.py:188} INFO - [2025-11-27T14:24:24.792-0300] {dag.py:3947} INFO - Setting next_dagrun for example_subdag_operator.section-1 to None, run_after=None
[2025-11-27T14:24:24.792-0300] {logging_mixin.py:188} INFO - [2025-11-27T14:24:24.792-0300] {dag.py:3947} INFO - Setting next_dagrun for example_subdag_operator.section-2 to None, run_after=None
[2025-11-27T14:24:24.795-0300] {logging_mixin.py:188} INFO - [2025-11-27T14:24:24.795-0300] {dag.py:3089} INFO - Sync 2 DAGs
[2025-11-27T14:24:24.798-0300] {logging_mixin.py:188} INFO - [2025-11-27T14:24:24.797-0300] {dag.py:3947} INFO - Setting next_dagrun for example_subdag_operator.section-1 to None, run_after=None
[2025-11-27T14:24:24.798-0300] {logging_mixin.py:188} INFO - [2025-11-27T14:24:24.798-0300] {dag.py:3947} INFO - Setting next_dagrun for example_subdag_operator.section-2 to None, run_after=None
[2025-11-27T14:24:24.804-0300] {processor.py:183} INFO - Processing /Users/davispecia/Documents/GitHub/Pf_pipeline_dados/Projeto_final_fase3/venv/lib/python3.9/site-packages/airflow/example_dags/example_subdag_operator.py took 0.123 seconds
[2025-11-27T14:25:36.396-0300] {processor.py:161} INFO - Started process (PID=5955) to work on /Users/davispecia/Documents/GitHub/Pf_pipeline_dados/Projeto_final_fase3/venv/lib/python3.9/site-packages/airflow/example_dags/example_subdag_operator.py
[2025-11-27T14:25:36.397-0300] {processor.py:830} INFO - Processing file /Users/davispecia/Documents/GitHub/Pf_pipeline_dados/Projeto_final_fase3/venv/lib/python3.9/site-packages/airflow/example_dags/example_subdag_operator.py for tasks to queue
[2025-11-27T14:25:36.398-0300] {logging_mixin.py:188} INFO - [2025-11-27T14:25:36.398-0300] {dagbag.py:545} INFO - Filling up the DagBag from /Users/davispecia/Documents/GitHub/Pf_pipeline_dados/Projeto_final_fase3/venv/lib/python3.9/site-packages/airflow/example_dags/example_subdag_operator.py
[2025-11-27T14:25:36.447-0300] {processor.py:840} INFO - DAG(s) 'example_subdag_operator.section-1', 'example_subdag_operator.section-2', 'example_subdag_operator' retrieved from /Users/davispecia/Documents/GitHub/Pf_pipeline_dados/Projeto_final_fase3/venv/lib/python3.9/site-packages/airflow/example_dags/example_subdag_operator.py
[2025-11-27T14:25:36.486-0300] {logging_mixin.py:188} INFO - [2025-11-27T14:25:36.486-0300] {dag.py:3089} INFO - Sync 3 DAGs
[2025-11-27T14:25:36.495-0300] {logging_mixin.py:188} INFO - [2025-11-27T14:25:36.495-0300] {dag.py:3947} INFO - Setting next_dagrun for example_subdag_operator to 2022-01-01 00:00:00+00:00, run_after=2022-01-01 00:00:00+00:00
[2025-11-27T14:25:36.496-0300] {logging_mixin.py:188} INFO - [2025-11-27T14:25:36.496-0300] {dag.py:3947} INFO - Setting next_dagrun for example_subdag_operator.section-1 to None, run_after=None
[2025-11-27T14:25:36.497-0300] {logging_mixin.py:188} INFO - [2025-11-27T14:25:36.496-0300] {dag.py:3947} INFO - Setting next_dagrun for example_subdag_operator.section-2 to None, run_after=None
[2025-11-27T14:25:36.499-0300] {logging_mixin.py:188} INFO - [2025-11-27T14:25:36.499-0300] {dag.py:3089} INFO - Sync 2 DAGs
[2025-11-27T14:25:36.501-0300] {logging_mixin.py:188} INFO - [2025-11-27T14:25:36.501-0300] {dag.py:3947} INFO - Setting next_dagrun for example_subdag_operator.section-1 to None, run_after=None
[2025-11-27T14:25:36.501-0300] {logging_mixin.py:188} INFO - [2025-11-27T14:25:36.501-0300] {dag.py:3947} INFO - Setting next_dagrun for example_subdag_operator.section-2 to None, run_after=None
[2025-11-27T14:25:36.507-0300] {processor.py:183} INFO - Processing /Users/davispecia/Documents/GitHub/Pf_pipeline_dados/Projeto_final_fase3/venv/lib/python3.9/site-packages/airflow/example_dags/example_subdag_operator.py took 0.113 seconds
[2025-11-27T14:26:59.666-0300] {processor.py:161} INFO - Started process (PID=6212) to work on /Users/davispecia/Documents/GitHub/Pf_pipeline_dados/Projeto_final_fase3/venv/lib/python3.9/site-packages/airflow/example_dags/example_subdag_operator.py
[2025-11-27T14:26:59.667-0300] {processor.py:830} INFO - Processing file /Users/davispecia/Documents/GitHub/Pf_pipeline_dados/Projeto_final_fase3/venv/lib/python3.9/site-packages/airflow/example_dags/example_subdag_operator.py for tasks to queue
[2025-11-27T14:26:59.667-0300] {logging_mixin.py:188} INFO - [2025-11-27T14:26:59.667-0300] {dagbag.py:545} INFO - Filling up the DagBag from /Users/davispecia/Documents/GitHub/Pf_pipeline_dados/Projeto_final_fase3/venv/lib/python3.9/site-packages/airflow/example_dags/example_subdag_operator.py
[2025-11-27T14:26:59.745-0300] {processor.py:840} INFO - DAG(s) 'example_subdag_operator.section-1', 'example_subdag_operator.section-2', 'example_subdag_operator' retrieved from /Users/davispecia/Documents/GitHub/Pf_pipeline_dados/Projeto_final_fase3/venv/lib/python3.9/site-packages/airflow/example_dags/example_subdag_operator.py
[2025-11-27T14:26:59.793-0300] {logging_mixin.py:188} INFO - [2025-11-27T14:26:59.793-0300] {dag.py:3089} INFO - Sync 3 DAGs
[2025-11-27T14:26:59.803-0300] {logging_mixin.py:188} INFO - [2025-11-27T14:26:59.802-0300] {dag.py:3947} INFO - Setting next_dagrun for example_subdag_operator to 2022-01-01 00:00:00+00:00, run_after=2022-01-01 00:00:00+00:00
[2025-11-27T14:26:59.806-0300] {logging_mixin.py:188} INFO - [2025-11-27T14:26:59.806-0300] {dag.py:3947} INFO - Setting next_dagrun for example_subdag_operator.section-1 to None, run_after=None
[2025-11-27T14:26:59.807-0300] {logging_mixin.py:188} INFO - [2025-11-27T14:26:59.807-0300] {dag.py:3947} INFO - Setting next_dagrun for example_subdag_operator.section-2 to None, run_after=None
[2025-11-27T14:26:59.811-0300] {logging_mixin.py:188} INFO - [2025-11-27T14:26:59.811-0300] {dag.py:3089} INFO - Sync 2 DAGs
[2025-11-27T14:26:59.813-0300] {logging_mixin.py:188} INFO - [2025-11-27T14:26:59.813-0300] {dag.py:3947} INFO - Setting next_dagrun for example_subdag_operator.section-1 to None, run_after=None
[2025-11-27T14:26:59.813-0300] {logging_mixin.py:188} INFO - [2025-11-27T14:26:59.813-0300] {dag.py:3947} INFO - Setting next_dagrun for example_subdag_operator.section-2 to None, run_after=None
[2025-11-27T14:26:59.820-0300] {processor.py:183} INFO - Processing /Users/davispecia/Documents/GitHub/Pf_pipeline_dados/Projeto_final_fase3/venv/lib/python3.9/site-packages/airflow/example_dags/example_subdag_operator.py took 0.158 seconds
[2025-11-27T14:28:14.128-0300] {processor.py:161} INFO - Started process (PID=6438) to work on /Users/davispecia/Documents/GitHub/Pf_pipeline_dados/Projeto_final_fase3/venv/lib/python3.9/site-packages/airflow/example_dags/example_subdag_operator.py
[2025-11-27T14:28:14.129-0300] {processor.py:830} INFO - Processing file /Users/davispecia/Documents/GitHub/Pf_pipeline_dados/Projeto_final_fase3/venv/lib/python3.9/site-packages/airflow/example_dags/example_subdag_operator.py for tasks to queue
[2025-11-27T14:28:14.129-0300] {logging_mixin.py:188} INFO - [2025-11-27T14:28:14.129-0300] {dagbag.py:545} INFO - Filling up the DagBag from /Users/davispecia/Documents/GitHub/Pf_pipeline_dados/Projeto_final_fase3/venv/lib/python3.9/site-packages/airflow/example_dags/example_subdag_operator.py
[2025-11-27T14:28:14.179-0300] {processor.py:840} INFO - DAG(s) 'example_subdag_operator.section-1', 'example_subdag_operator.section-2', 'example_subdag_operator' retrieved from /Users/davispecia/Documents/GitHub/Pf_pipeline_dados/Projeto_final_fase3/venv/lib/python3.9/site-packages/airflow/example_dags/example_subdag_operator.py
[2025-11-27T14:28:14.221-0300] {logging_mixin.py:188} INFO - [2025-11-27T14:28:14.221-0300] {dag.py:3089} INFO - Sync 3 DAGs
[2025-11-27T14:28:14.229-0300] {logging_mixin.py:188} INFO - [2025-11-27T14:28:14.229-0300] {dag.py:3947} INFO - Setting next_dagrun for example_subdag_operator to 2022-01-01 00:00:00+00:00, run_after=2022-01-01 00:00:00+00:00
[2025-11-27T14:28:14.230-0300] {logging_mixin.py:188} INFO - [2025-11-27T14:28:14.230-0300] {dag.py:3947} INFO - Setting next_dagrun for example_subdag_operator.section-1 to None, run_after=None
[2025-11-27T14:28:14.231-0300] {logging_mixin.py:188} INFO - [2025-11-27T14:28:14.231-0300] {dag.py:3947} INFO - Setting next_dagrun for example_subdag_operator.section-2 to None, run_after=None
[2025-11-27T14:28:14.235-0300] {logging_mixin.py:188} INFO - [2025-11-27T14:28:14.234-0300] {dag.py:3089} INFO - Sync 2 DAGs
[2025-11-27T14:28:14.236-0300] {logging_mixin.py:188} INFO - [2025-11-27T14:28:14.236-0300] {dag.py:3947} INFO - Setting next_dagrun for example_subdag_operator.section-1 to None, run_after=None
[2025-11-27T14:28:14.236-0300] {logging_mixin.py:188} INFO - [2025-11-27T14:28:14.236-0300] {dag.py:3947} INFO - Setting next_dagrun for example_subdag_operator.section-2 to None, run_after=None
[2025-11-27T14:28:14.244-0300] {processor.py:183} INFO - Processing /Users/davispecia/Documents/GitHub/Pf_pipeline_dados/Projeto_final_fase3/venv/lib/python3.9/site-packages/airflow/example_dags/example_subdag_operator.py took 0.119 seconds
[2025-11-27T14:29:20.123-0300] {processor.py:161} INFO - Started process (PID=6598) to work on /Users/davispecia/Documents/GitHub/Pf_pipeline_dados/Projeto_final_fase3/venv/lib/python3.9/site-packages/airflow/example_dags/example_subdag_operator.py
[2025-11-27T14:29:20.125-0300] {processor.py:830} INFO - Processing file /Users/davispecia/Documents/GitHub/Pf_pipeline_dados/Projeto_final_fase3/venv/lib/python3.9/site-packages/airflow/example_dags/example_subdag_operator.py for tasks to queue
[2025-11-27T14:29:20.125-0300] {logging_mixin.py:188} INFO - [2025-11-27T14:29:20.125-0300] {dagbag.py:545} INFO - Filling up the DagBag from /Users/davispecia/Documents/GitHub/Pf_pipeline_dados/Projeto_final_fase3/venv/lib/python3.9/site-packages/airflow/example_dags/example_subdag_operator.py
[2025-11-27T14:29:20.176-0300] {processor.py:840} INFO - DAG(s) 'example_subdag_operator.section-1', 'example_subdag_operator.section-2', 'example_subdag_operator' retrieved from /Users/davispecia/Documents/GitHub/Pf_pipeline_dados/Projeto_final_fase3/venv/lib/python3.9/site-packages/airflow/example_dags/example_subdag_operator.py
[2025-11-27T14:29:20.215-0300] {logging_mixin.py:188} INFO - [2025-11-27T14:29:20.214-0300] {dag.py:3089} INFO - Sync 3 DAGs
[2025-11-27T14:29:20.223-0300] {logging_mixin.py:188} INFO - [2025-11-27T14:29:20.223-0300] {dag.py:3947} INFO - Setting next_dagrun for example_subdag_operator to 2022-01-01 00:00:00+00:00, run_after=2022-01-01 00:00:00+00:00
[2025-11-27T14:29:20.224-0300] {logging_mixin.py:188} INFO - [2025-11-27T14:29:20.224-0300] {dag.py:3947} INFO - Setting next_dagrun for example_subdag_operator.section-1 to None, run_after=None
[2025-11-27T14:29:20.224-0300] {logging_mixin.py:188} INFO - [2025-11-27T14:29:20.224-0300] {dag.py:3947} INFO - Setting next_dagrun for example_subdag_operator.section-2 to None, run_after=None
[2025-11-27T14:29:20.227-0300] {logging_mixin.py:188} INFO - [2025-11-27T14:29:20.227-0300] {dag.py:3089} INFO - Sync 2 DAGs
[2025-11-27T14:29:20.229-0300] {logging_mixin.py:188} INFO - [2025-11-27T14:29:20.229-0300] {dag.py:3947} INFO - Setting next_dagrun for example_subdag_operator.section-1 to None, run_after=None
[2025-11-27T14:29:20.229-0300] {logging_mixin.py:188} INFO - [2025-11-27T14:29:20.229-0300] {dag.py:3947} INFO - Setting next_dagrun for example_subdag_operator.section-2 to None, run_after=None
[2025-11-27T14:29:20.235-0300] {processor.py:183} INFO - Processing /Users/davispecia/Documents/GitHub/Pf_pipeline_dados/Projeto_final_fase3/venv/lib/python3.9/site-packages/airflow/example_dags/example_subdag_operator.py took 0.114 seconds
[2025-11-27T14:30:24.309-0300] {processor.py:161} INFO - Started process (PID=6751) to work on /Users/davispecia/Documents/GitHub/Pf_pipeline_dados/Projeto_final_fase3/venv/lib/python3.9/site-packages/airflow/example_dags/example_subdag_operator.py
[2025-11-27T14:30:24.310-0300] {processor.py:830} INFO - Processing file /Users/davispecia/Documents/GitHub/Pf_pipeline_dados/Projeto_final_fase3/venv/lib/python3.9/site-packages/airflow/example_dags/example_subdag_operator.py for tasks to queue
[2025-11-27T14:30:24.310-0300] {logging_mixin.py:188} INFO - [2025-11-27T14:30:24.310-0300] {dagbag.py:545} INFO - Filling up the DagBag from /Users/davispecia/Documents/GitHub/Pf_pipeline_dados/Projeto_final_fase3/venv/lib/python3.9/site-packages/airflow/example_dags/example_subdag_operator.py
[2025-11-27T14:30:24.366-0300] {processor.py:840} INFO - DAG(s) 'example_subdag_operator.section-1', 'example_subdag_operator.section-2', 'example_subdag_operator' retrieved from /Users/davispecia/Documents/GitHub/Pf_pipeline_dados/Projeto_final_fase3/venv/lib/python3.9/site-packages/airflow/example_dags/example_subdag_operator.py
[2025-11-27T14:30:24.415-0300] {logging_mixin.py:188} INFO - [2025-11-27T14:30:24.415-0300] {dag.py:3089} INFO - Sync 3 DAGs
[2025-11-27T14:30:24.424-0300] {logging_mixin.py:188} INFO - [2025-11-27T14:30:24.424-0300] {dag.py:3947} INFO - Setting next_dagrun for example_subdag_operator to 2022-01-01 00:00:00+00:00, run_after=2022-01-01 00:00:00+00:00
[2025-11-27T14:30:24.425-0300] {logging_mixin.py:188} INFO - [2025-11-27T14:30:24.425-0300] {dag.py:3947} INFO - Setting next_dagrun for example_subdag_operator.section-1 to None, run_after=None
[2025-11-27T14:30:24.426-0300] {logging_mixin.py:188} INFO - [2025-11-27T14:30:24.426-0300] {dag.py:3947} INFO - Setting next_dagrun for example_subdag_operator.section-2 to None, run_after=None
[2025-11-27T14:30:24.429-0300] {logging_mixin.py:188} INFO - [2025-11-27T14:30:24.428-0300] {dag.py:3089} INFO - Sync 2 DAGs
[2025-11-27T14:30:24.430-0300] {logging_mixin.py:188} INFO - [2025-11-27T14:30:24.430-0300] {dag.py:3947} INFO - Setting next_dagrun for example_subdag_operator.section-1 to None, run_after=None
[2025-11-27T14:30:24.430-0300] {logging_mixin.py:188} INFO - [2025-11-27T14:30:24.430-0300] {dag.py:3947} INFO - Setting next_dagrun for example_subdag_operator.section-2 to None, run_after=None
[2025-11-27T14:30:24.437-0300] {processor.py:183} INFO - Processing /Users/davispecia/Documents/GitHub/Pf_pipeline_dados/Projeto_final_fase3/venv/lib/python3.9/site-packages/airflow/example_dags/example_subdag_operator.py took 0.131 seconds
[2025-11-27T14:31:30.281-0300] {processor.py:161} INFO - Started process (PID=6905) to work on /Users/davispecia/Documents/GitHub/Pf_pipeline_dados/Projeto_final_fase3/venv/lib/python3.9/site-packages/airflow/example_dags/example_subdag_operator.py
[2025-11-27T14:31:30.283-0300] {processor.py:830} INFO - Processing file /Users/davispecia/Documents/GitHub/Pf_pipeline_dados/Projeto_final_fase3/venv/lib/python3.9/site-packages/airflow/example_dags/example_subdag_operator.py for tasks to queue
[2025-11-27T14:31:30.283-0300] {logging_mixin.py:188} INFO - [2025-11-27T14:31:30.283-0300] {dagbag.py:545} INFO - Filling up the DagBag from /Users/davispecia/Documents/GitHub/Pf_pipeline_dados/Projeto_final_fase3/venv/lib/python3.9/site-packages/airflow/example_dags/example_subdag_operator.py
[2025-11-27T14:31:30.332-0300] {processor.py:840} INFO - DAG(s) 'example_subdag_operator.section-1', 'example_subdag_operator.section-2', 'example_subdag_operator' retrieved from /Users/davispecia/Documents/GitHub/Pf_pipeline_dados/Projeto_final_fase3/venv/lib/python3.9/site-packages/airflow/example_dags/example_subdag_operator.py
[2025-11-27T14:31:30.373-0300] {logging_mixin.py:188} INFO - [2025-11-27T14:31:30.373-0300] {dag.py:3089} INFO - Sync 3 DAGs
[2025-11-27T14:31:30.382-0300] {logging_mixin.py:188} INFO - [2025-11-27T14:31:30.381-0300] {dag.py:3947} INFO - Setting next_dagrun for example_subdag_operator to 2022-01-01 00:00:00+00:00, run_after=2022-01-01 00:00:00+00:00
[2025-11-27T14:31:30.383-0300] {logging_mixin.py:188} INFO - [2025-11-27T14:31:30.383-0300] {dag.py:3947} INFO - Setting next_dagrun for example_subdag_operator.section-1 to None, run_after=None
[2025-11-27T14:31:30.383-0300] {logging_mixin.py:188} INFO - [2025-11-27T14:31:30.383-0300] {dag.py:3947} INFO - Setting next_dagrun for example_subdag_operator.section-2 to None, run_after=None
[2025-11-27T14:31:30.386-0300] {logging_mixin.py:188} INFO - [2025-11-27T14:31:30.386-0300] {dag.py:3089} INFO - Sync 2 DAGs
[2025-11-27T14:31:30.388-0300] {logging_mixin.py:188} INFO - [2025-11-27T14:31:30.388-0300] {dag.py:3947} INFO - Setting next_dagrun for example_subdag_operator.section-1 to None, run_after=None
[2025-11-27T14:31:30.388-0300] {logging_mixin.py:188} INFO - [2025-11-27T14:31:30.388-0300] {dag.py:3947} INFO - Setting next_dagrun for example_subdag_operator.section-2 to None, run_after=None
[2025-11-27T14:31:30.395-0300] {processor.py:183} INFO - Processing /Users/davispecia/Documents/GitHub/Pf_pipeline_dados/Projeto_final_fase3/venv/lib/python3.9/site-packages/airflow/example_dags/example_subdag_operator.py took 0.116 seconds
[2025-11-27T14:33:49.876-0300] {processor.py:161} INFO - Started process (PID=7318) to work on /Users/davispecia/Documents/GitHub/Pf_pipeline_dados/Projeto_final_fase3/venv/lib/python3.9/site-packages/airflow/example_dags/example_subdag_operator.py
[2025-11-27T14:33:49.877-0300] {processor.py:830} INFO - Processing file /Users/davispecia/Documents/GitHub/Pf_pipeline_dados/Projeto_final_fase3/venv/lib/python3.9/site-packages/airflow/example_dags/example_subdag_operator.py for tasks to queue
[2025-11-27T14:33:49.877-0300] {logging_mixin.py:188} INFO - [2025-11-27T14:33:49.877-0300] {dagbag.py:545} INFO - Filling up the DagBag from /Users/davispecia/Documents/GitHub/Pf_pipeline_dados/Projeto_final_fase3/venv/lib/python3.9/site-packages/airflow/example_dags/example_subdag_operator.py
[2025-11-27T14:33:49.927-0300] {processor.py:840} INFO - DAG(s) 'example_subdag_operator.section-1', 'example_subdag_operator.section-2', 'example_subdag_operator' retrieved from /Users/davispecia/Documents/GitHub/Pf_pipeline_dados/Projeto_final_fase3/venv/lib/python3.9/site-packages/airflow/example_dags/example_subdag_operator.py
[2025-11-27T14:33:49.966-0300] {logging_mixin.py:188} INFO - [2025-11-27T14:33:49.966-0300] {dag.py:3089} INFO - Sync 3 DAGs
[2025-11-27T14:33:49.975-0300] {logging_mixin.py:188} INFO - [2025-11-27T14:33:49.974-0300] {dag.py:3947} INFO - Setting next_dagrun for example_subdag_operator to 2022-01-01 00:00:00+00:00, run_after=2022-01-01 00:00:00+00:00
[2025-11-27T14:33:49.976-0300] {logging_mixin.py:188} INFO - [2025-11-27T14:33:49.976-0300] {dag.py:3947} INFO - Setting next_dagrun for example_subdag_operator.section-1 to None, run_after=None
[2025-11-27T14:33:49.976-0300] {logging_mixin.py:188} INFO - [2025-11-27T14:33:49.976-0300] {dag.py:3947} INFO - Setting next_dagrun for example_subdag_operator.section-2 to None, run_after=None
[2025-11-27T14:33:49.979-0300] {logging_mixin.py:188} INFO - [2025-11-27T14:33:49.979-0300] {dag.py:3089} INFO - Sync 2 DAGs
[2025-11-27T14:33:49.981-0300] {logging_mixin.py:188} INFO - [2025-11-27T14:33:49.981-0300] {dag.py:3947} INFO - Setting next_dagrun for example_subdag_operator.section-1 to None, run_after=None
[2025-11-27T14:33:49.981-0300] {logging_mixin.py:188} INFO - [2025-11-27T14:33:49.981-0300] {dag.py:3947} INFO - Setting next_dagrun for example_subdag_operator.section-2 to None, run_after=None
[2025-11-27T14:33:49.987-0300] {processor.py:183} INFO - Processing /Users/davispecia/Documents/GitHub/Pf_pipeline_dados/Projeto_final_fase3/venv/lib/python3.9/site-packages/airflow/example_dags/example_subdag_operator.py took 0.113 seconds
[2025-11-27T14:34:55.506-0300] {processor.py:161} INFO - Started process (PID=7483) to work on /Users/davispecia/Documents/GitHub/Pf_pipeline_dados/Projeto_final_fase3/venv/lib/python3.9/site-packages/airflow/example_dags/example_subdag_operator.py
[2025-11-27T14:34:55.507-0300] {processor.py:830} INFO - Processing file /Users/davispecia/Documents/GitHub/Pf_pipeline_dados/Projeto_final_fase3/venv/lib/python3.9/site-packages/airflow/example_dags/example_subdag_operator.py for tasks to queue
[2025-11-27T14:34:55.507-0300] {logging_mixin.py:188} INFO - [2025-11-27T14:34:55.507-0300] {dagbag.py:545} INFO - Filling up the DagBag from /Users/davispecia/Documents/GitHub/Pf_pipeline_dados/Projeto_final_fase3/venv/lib/python3.9/site-packages/airflow/example_dags/example_subdag_operator.py
[2025-11-27T14:34:55.561-0300] {processor.py:840} INFO - DAG(s) 'example_subdag_operator.section-1', 'example_subdag_operator.section-2', 'example_subdag_operator' retrieved from /Users/davispecia/Documents/GitHub/Pf_pipeline_dados/Projeto_final_fase3/venv/lib/python3.9/site-packages/airflow/example_dags/example_subdag_operator.py
[2025-11-27T14:34:55.604-0300] {logging_mixin.py:188} INFO - [2025-11-27T14:34:55.603-0300] {dag.py:3089} INFO - Sync 3 DAGs
[2025-11-27T14:34:55.613-0300] {logging_mixin.py:188} INFO - [2025-11-27T14:34:55.613-0300] {dag.py:3947} INFO - Setting next_dagrun for example_subdag_operator to 2022-01-01 00:00:00+00:00, run_after=2022-01-01 00:00:00+00:00
[2025-11-27T14:34:55.614-0300] {logging_mixin.py:188} INFO - [2025-11-27T14:34:55.614-0300] {dag.py:3947} INFO - Setting next_dagrun for example_subdag_operator.section-1 to None, run_after=None
[2025-11-27T14:34:55.615-0300] {logging_mixin.py:188} INFO - [2025-11-27T14:34:55.615-0300] {dag.py:3947} INFO - Setting next_dagrun for example_subdag_operator.section-2 to None, run_after=None
[2025-11-27T14:34:55.618-0300] {logging_mixin.py:188} INFO - [2025-11-27T14:34:55.618-0300] {dag.py:3089} INFO - Sync 2 DAGs
[2025-11-27T14:34:55.620-0300] {logging_mixin.py:188} INFO - [2025-11-27T14:34:55.620-0300] {dag.py:3947} INFO - Setting next_dagrun for example_subdag_operator.section-1 to None, run_after=None
[2025-11-27T14:34:55.620-0300] {logging_mixin.py:188} INFO - [2025-11-27T14:34:55.620-0300] {dag.py:3947} INFO - Setting next_dagrun for example_subdag_operator.section-2 to None, run_after=None
[2025-11-27T14:34:55.626-0300] {processor.py:183} INFO - Processing /Users/davispecia/Documents/GitHub/Pf_pipeline_dados/Projeto_final_fase3/venv/lib/python3.9/site-packages/airflow/example_dags/example_subdag_operator.py took 0.123 seconds
[2025-11-27T14:36:08.288-0300] {processor.py:161} INFO - Started process (PID=7775) to work on /Users/davispecia/Documents/GitHub/Pf_pipeline_dados/Projeto_final_fase3/venv/lib/python3.9/site-packages/airflow/example_dags/example_subdag_operator.py
[2025-11-27T14:36:08.290-0300] {processor.py:830} INFO - Processing file /Users/davispecia/Documents/GitHub/Pf_pipeline_dados/Projeto_final_fase3/venv/lib/python3.9/site-packages/airflow/example_dags/example_subdag_operator.py for tasks to queue
[2025-11-27T14:36:08.290-0300] {logging_mixin.py:188} INFO - [2025-11-27T14:36:08.290-0300] {dagbag.py:545} INFO - Filling up the DagBag from /Users/davispecia/Documents/GitHub/Pf_pipeline_dados/Projeto_final_fase3/venv/lib/python3.9/site-packages/airflow/example_dags/example_subdag_operator.py
[2025-11-27T14:36:08.344-0300] {processor.py:840} INFO - DAG(s) 'example_subdag_operator.section-1', 'example_subdag_operator.section-2', 'example_subdag_operator' retrieved from /Users/davispecia/Documents/GitHub/Pf_pipeline_dados/Projeto_final_fase3/venv/lib/python3.9/site-packages/airflow/example_dags/example_subdag_operator.py
[2025-11-27T14:36:08.384-0300] {logging_mixin.py:188} INFO - [2025-11-27T14:36:08.383-0300] {dag.py:3089} INFO - Sync 3 DAGs
[2025-11-27T14:36:08.392-0300] {logging_mixin.py:188} INFO - [2025-11-27T14:36:08.391-0300] {dag.py:3947} INFO - Setting next_dagrun for example_subdag_operator to 2022-01-01 00:00:00+00:00, run_after=2022-01-01 00:00:00+00:00
[2025-11-27T14:36:08.393-0300] {logging_mixin.py:188} INFO - [2025-11-27T14:36:08.393-0300] {dag.py:3947} INFO - Setting next_dagrun for example_subdag_operator.section-1 to None, run_after=None
[2025-11-27T14:36:08.393-0300] {logging_mixin.py:188} INFO - [2025-11-27T14:36:08.393-0300] {dag.py:3947} INFO - Setting next_dagrun for example_subdag_operator.section-2 to None, run_after=None
[2025-11-27T14:36:08.396-0300] {logging_mixin.py:188} INFO - [2025-11-27T14:36:08.396-0300] {dag.py:3089} INFO - Sync 2 DAGs
[2025-11-27T14:36:08.398-0300] {logging_mixin.py:188} INFO - [2025-11-27T14:36:08.398-0300] {dag.py:3947} INFO - Setting next_dagrun for example_subdag_operator.section-1 to None, run_after=None
[2025-11-27T14:36:08.398-0300] {logging_mixin.py:188} INFO - [2025-11-27T14:36:08.398-0300] {dag.py:3947} INFO - Setting next_dagrun for example_subdag_operator.section-2 to None, run_after=None
[2025-11-27T14:36:08.405-0300] {processor.py:183} INFO - Processing /Users/davispecia/Documents/GitHub/Pf_pipeline_dados/Projeto_final_fase3/venv/lib/python3.9/site-packages/airflow/example_dags/example_subdag_operator.py took 0.119 seconds
[2025-11-27T14:37:15.846-0300] {processor.py:161} INFO - Started process (PID=7942) to work on /Users/davispecia/Documents/GitHub/Pf_pipeline_dados/Projeto_final_fase3/venv/lib/python3.9/site-packages/airflow/example_dags/example_subdag_operator.py
[2025-11-27T14:37:15.847-0300] {processor.py:830} INFO - Processing file /Users/davispecia/Documents/GitHub/Pf_pipeline_dados/Projeto_final_fase3/venv/lib/python3.9/site-packages/airflow/example_dags/example_subdag_operator.py for tasks to queue
[2025-11-27T14:37:15.848-0300] {logging_mixin.py:188} INFO - [2025-11-27T14:37:15.848-0300] {dagbag.py:545} INFO - Filling up the DagBag from /Users/davispecia/Documents/GitHub/Pf_pipeline_dados/Projeto_final_fase3/venv/lib/python3.9/site-packages/airflow/example_dags/example_subdag_operator.py
[2025-11-27T14:37:15.905-0300] {processor.py:840} INFO - DAG(s) 'example_subdag_operator.section-1', 'example_subdag_operator.section-2', 'example_subdag_operator' retrieved from /Users/davispecia/Documents/GitHub/Pf_pipeline_dados/Projeto_final_fase3/venv/lib/python3.9/site-packages/airflow/example_dags/example_subdag_operator.py
[2025-11-27T14:37:15.947-0300] {logging_mixin.py:188} INFO - [2025-11-27T14:37:15.947-0300] {dag.py:3089} INFO - Sync 3 DAGs
[2025-11-27T14:37:15.956-0300] {logging_mixin.py:188} INFO - [2025-11-27T14:37:15.956-0300] {dag.py:3947} INFO - Setting next_dagrun for example_subdag_operator to 2022-01-01 00:00:00+00:00, run_after=2022-01-01 00:00:00+00:00
[2025-11-27T14:37:15.958-0300] {logging_mixin.py:188} INFO - [2025-11-27T14:37:15.958-0300] {dag.py:3947} INFO - Setting next_dagrun for example_subdag_operator.section-1 to None, run_after=None
[2025-11-27T14:37:15.959-0300] {logging_mixin.py:188} INFO - [2025-11-27T14:37:15.959-0300] {dag.py:3947} INFO - Setting next_dagrun for example_subdag_operator.section-2 to None, run_after=None
[2025-11-27T14:37:15.962-0300] {logging_mixin.py:188} INFO - [2025-11-27T14:37:15.962-0300] {dag.py:3089} INFO - Sync 2 DAGs
[2025-11-27T14:37:15.964-0300] {logging_mixin.py:188} INFO - [2025-11-27T14:37:15.964-0300] {dag.py:3947} INFO - Setting next_dagrun for example_subdag_operator.section-1 to None, run_after=None
[2025-11-27T14:37:15.964-0300] {logging_mixin.py:188} INFO - [2025-11-27T14:37:15.964-0300] {dag.py:3947} INFO - Setting next_dagrun for example_subdag_operator.section-2 to None, run_after=None
[2025-11-27T14:37:15.970-0300] {processor.py:183} INFO - Processing /Users/davispecia/Documents/GitHub/Pf_pipeline_dados/Projeto_final_fase3/venv/lib/python3.9/site-packages/airflow/example_dags/example_subdag_operator.py took 0.127 seconds
[2025-11-27T14:38:23.670-0300] {processor.py:161} INFO - Started process (PID=8104) to work on /Users/davispecia/Documents/GitHub/Pf_pipeline_dados/Projeto_final_fase3/venv/lib/python3.9/site-packages/airflow/example_dags/example_subdag_operator.py
[2025-11-27T14:38:23.671-0300] {processor.py:830} INFO - Processing file /Users/davispecia/Documents/GitHub/Pf_pipeline_dados/Projeto_final_fase3/venv/lib/python3.9/site-packages/airflow/example_dags/example_subdag_operator.py for tasks to queue
[2025-11-27T14:38:23.672-0300] {logging_mixin.py:188} INFO - [2025-11-27T14:38:23.671-0300] {dagbag.py:545} INFO - Filling up the DagBag from /Users/davispecia/Documents/GitHub/Pf_pipeline_dados/Projeto_final_fase3/venv/lib/python3.9/site-packages/airflow/example_dags/example_subdag_operator.py
[2025-11-27T14:38:23.720-0300] {processor.py:840} INFO - DAG(s) 'example_subdag_operator.section-1', 'example_subdag_operator.section-2', 'example_subdag_operator' retrieved from /Users/davispecia/Documents/GitHub/Pf_pipeline_dados/Projeto_final_fase3/venv/lib/python3.9/site-packages/airflow/example_dags/example_subdag_operator.py
[2025-11-27T14:38:23.759-0300] {logging_mixin.py:188} INFO - [2025-11-27T14:38:23.759-0300] {dag.py:3089} INFO - Sync 3 DAGs
[2025-11-27T14:38:23.767-0300] {logging_mixin.py:188} INFO - [2025-11-27T14:38:23.767-0300] {dag.py:3947} INFO - Setting next_dagrun for example_subdag_operator to 2022-01-01 00:00:00+00:00, run_after=2022-01-01 00:00:00+00:00
[2025-11-27T14:38:23.768-0300] {logging_mixin.py:188} INFO - [2025-11-27T14:38:23.768-0300] {dag.py:3947} INFO - Setting next_dagrun for example_subdag_operator.section-1 to None, run_after=None
[2025-11-27T14:38:23.769-0300] {logging_mixin.py:188} INFO - [2025-11-27T14:38:23.769-0300] {dag.py:3947} INFO - Setting next_dagrun for example_subdag_operator.section-2 to None, run_after=None
[2025-11-27T14:38:23.772-0300] {logging_mixin.py:188} INFO - [2025-11-27T14:38:23.772-0300] {dag.py:3089} INFO - Sync 2 DAGs
[2025-11-27T14:38:23.774-0300] {logging_mixin.py:188} INFO - [2025-11-27T14:38:23.773-0300] {dag.py:3947} INFO - Setting next_dagrun for example_subdag_operator.section-1 to None, run_after=None
[2025-11-27T14:38:23.774-0300] {logging_mixin.py:188} INFO - [2025-11-27T14:38:23.774-0300] {dag.py:3947} INFO - Setting next_dagrun for example_subdag_operator.section-2 to None, run_after=None
[2025-11-27T14:38:23.780-0300] {processor.py:183} INFO - Processing /Users/davispecia/Documents/GitHub/Pf_pipeline_dados/Projeto_final_fase3/venv/lib/python3.9/site-packages/airflow/example_dags/example_subdag_operator.py took 0.111 seconds
[2025-11-27T14:39:37.130-0300] {processor.py:161} INFO - Started process (PID=8340) to work on /Users/davispecia/Documents/GitHub/Pf_pipeline_dados/Projeto_final_fase3/venv/lib/python3.9/site-packages/airflow/example_dags/example_subdag_operator.py
[2025-11-27T14:39:37.131-0300] {processor.py:830} INFO - Processing file /Users/davispecia/Documents/GitHub/Pf_pipeline_dados/Projeto_final_fase3/venv/lib/python3.9/site-packages/airflow/example_dags/example_subdag_operator.py for tasks to queue
[2025-11-27T14:39:37.131-0300] {logging_mixin.py:188} INFO - [2025-11-27T14:39:37.131-0300] {dagbag.py:545} INFO - Filling up the DagBag from /Users/davispecia/Documents/GitHub/Pf_pipeline_dados/Projeto_final_fase3/venv/lib/python3.9/site-packages/airflow/example_dags/example_subdag_operator.py
[2025-11-27T14:39:37.181-0300] {processor.py:840} INFO - DAG(s) 'example_subdag_operator.section-1', 'example_subdag_operator.section-2', 'example_subdag_operator' retrieved from /Users/davispecia/Documents/GitHub/Pf_pipeline_dados/Projeto_final_fase3/venv/lib/python3.9/site-packages/airflow/example_dags/example_subdag_operator.py
[2025-11-27T14:39:37.220-0300] {logging_mixin.py:188} INFO - [2025-11-27T14:39:37.220-0300] {dag.py:3089} INFO - Sync 3 DAGs
[2025-11-27T14:39:37.228-0300] {logging_mixin.py:188} INFO - [2025-11-27T14:39:37.228-0300] {dag.py:3947} INFO - Setting next_dagrun for example_subdag_operator to 2022-01-01 00:00:00+00:00, run_after=2022-01-01 00:00:00+00:00
[2025-11-27T14:39:37.229-0300] {logging_mixin.py:188} INFO - [2025-11-27T14:39:37.229-0300] {dag.py:3947} INFO - Setting next_dagrun for example_subdag_operator.section-1 to None, run_after=None
[2025-11-27T14:39:37.229-0300] {logging_mixin.py:188} INFO - [2025-11-27T14:39:37.229-0300] {dag.py:3947} INFO - Setting next_dagrun for example_subdag_operator.section-2 to None, run_after=None
[2025-11-27T14:39:37.232-0300] {logging_mixin.py:188} INFO - [2025-11-27T14:39:37.232-0300] {dag.py:3089} INFO - Sync 2 DAGs
[2025-11-27T14:39:37.234-0300] {logging_mixin.py:188} INFO - [2025-11-27T14:39:37.234-0300] {dag.py:3947} INFO - Setting next_dagrun for example_subdag_operator.section-1 to None, run_after=None
[2025-11-27T14:39:37.234-0300] {logging_mixin.py:188} INFO - [2025-11-27T14:39:37.234-0300] {dag.py:3947} INFO - Setting next_dagrun for example_subdag_operator.section-2 to None, run_after=None
[2025-11-27T14:39:37.240-0300] {processor.py:183} INFO - Processing /Users/davispecia/Documents/GitHub/Pf_pipeline_dados/Projeto_final_fase3/venv/lib/python3.9/site-packages/airflow/example_dags/example_subdag_operator.py took 0.112 seconds
[2025-11-27T14:40:43.074-0300] {processor.py:161} INFO - Started process (PID=8506) to work on /Users/davispecia/Documents/GitHub/Pf_pipeline_dados/Projeto_final_fase3/venv/lib/python3.9/site-packages/airflow/example_dags/example_subdag_operator.py
[2025-11-27T14:40:43.075-0300] {processor.py:830} INFO - Processing file /Users/davispecia/Documents/GitHub/Pf_pipeline_dados/Projeto_final_fase3/venv/lib/python3.9/site-packages/airflow/example_dags/example_subdag_operator.py for tasks to queue
[2025-11-27T14:40:43.075-0300] {logging_mixin.py:188} INFO - [2025-11-27T14:40:43.075-0300] {dagbag.py:545} INFO - Filling up the DagBag from /Users/davispecia/Documents/GitHub/Pf_pipeline_dados/Projeto_final_fase3/venv/lib/python3.9/site-packages/airflow/example_dags/example_subdag_operator.py
[2025-11-27T14:40:43.125-0300] {processor.py:840} INFO - DAG(s) 'example_subdag_operator.section-1', 'example_subdag_operator.section-2', 'example_subdag_operator' retrieved from /Users/davispecia/Documents/GitHub/Pf_pipeline_dados/Projeto_final_fase3/venv/lib/python3.9/site-packages/airflow/example_dags/example_subdag_operator.py
[2025-11-27T14:40:43.165-0300] {logging_mixin.py:188} INFO - [2025-11-27T14:40:43.164-0300] {dag.py:3089} INFO - Sync 3 DAGs
[2025-11-27T14:40:43.173-0300] {logging_mixin.py:188} INFO - [2025-11-27T14:40:43.172-0300] {dag.py:3947} INFO - Setting next_dagrun for example_subdag_operator to 2022-01-01 00:00:00+00:00, run_after=2022-01-01 00:00:00+00:00
[2025-11-27T14:40:43.174-0300] {logging_mixin.py:188} INFO - [2025-11-27T14:40:43.174-0300] {dag.py:3947} INFO - Setting next_dagrun for example_subdag_operator.section-1 to None, run_after=None
[2025-11-27T14:40:43.174-0300] {logging_mixin.py:188} INFO - [2025-11-27T14:40:43.174-0300] {dag.py:3947} INFO - Setting next_dagrun for example_subdag_operator.section-2 to None, run_after=None
[2025-11-27T14:40:43.177-0300] {logging_mixin.py:188} INFO - [2025-11-27T14:40:43.177-0300] {dag.py:3089} INFO - Sync 2 DAGs
[2025-11-27T14:40:43.179-0300] {logging_mixin.py:188} INFO - [2025-11-27T14:40:43.179-0300] {dag.py:3947} INFO - Setting next_dagrun for example_subdag_operator.section-1 to None, run_after=None
[2025-11-27T14:40:43.179-0300] {logging_mixin.py:188} INFO - [2025-11-27T14:40:43.179-0300] {dag.py:3947} INFO - Setting next_dagrun for example_subdag_operator.section-2 to None, run_after=None
[2025-11-27T14:40:43.185-0300] {processor.py:183} INFO - Processing /Users/davispecia/Documents/GitHub/Pf_pipeline_dados/Projeto_final_fase3/venv/lib/python3.9/site-packages/airflow/example_dags/example_subdag_operator.py took 0.114 seconds
[2025-11-27T14:41:46.340-0300] {processor.py:161} INFO - Started process (PID=8720) to work on /Users/davispecia/Documents/GitHub/Pf_pipeline_dados/Projeto_final_fase3/venv/lib/python3.9/site-packages/airflow/example_dags/example_subdag_operator.py
[2025-11-27T14:41:46.341-0300] {processor.py:830} INFO - Processing file /Users/davispecia/Documents/GitHub/Pf_pipeline_dados/Projeto_final_fase3/venv/lib/python3.9/site-packages/airflow/example_dags/example_subdag_operator.py for tasks to queue
[2025-11-27T14:41:46.342-0300] {logging_mixin.py:188} INFO - [2025-11-27T14:41:46.342-0300] {dagbag.py:545} INFO - Filling up the DagBag from /Users/davispecia/Documents/GitHub/Pf_pipeline_dados/Projeto_final_fase3/venv/lib/python3.9/site-packages/airflow/example_dags/example_subdag_operator.py
[2025-11-27T14:41:46.390-0300] {processor.py:840} INFO - DAG(s) 'example_subdag_operator.section-1', 'example_subdag_operator.section-2', 'example_subdag_operator' retrieved from /Users/davispecia/Documents/GitHub/Pf_pipeline_dados/Projeto_final_fase3/venv/lib/python3.9/site-packages/airflow/example_dags/example_subdag_operator.py
[2025-11-27T14:41:46.428-0300] {logging_mixin.py:188} INFO - [2025-11-27T14:41:46.428-0300] {dag.py:3089} INFO - Sync 3 DAGs
[2025-11-27T14:41:46.436-0300] {logging_mixin.py:188} INFO - [2025-11-27T14:41:46.436-0300] {dag.py:3947} INFO - Setting next_dagrun for example_subdag_operator to 2022-01-01 00:00:00+00:00, run_after=2022-01-01 00:00:00+00:00
[2025-11-27T14:41:46.438-0300] {logging_mixin.py:188} INFO - [2025-11-27T14:41:46.438-0300] {dag.py:3947} INFO - Setting next_dagrun for example_subdag_operator.section-1 to None, run_after=None
[2025-11-27T14:41:46.438-0300] {logging_mixin.py:188} INFO - [2025-11-27T14:41:46.438-0300] {dag.py:3947} INFO - Setting next_dagrun for example_subdag_operator.section-2 to None, run_after=None
[2025-11-27T14:41:46.441-0300] {logging_mixin.py:188} INFO - [2025-11-27T14:41:46.441-0300] {dag.py:3089} INFO - Sync 2 DAGs
[2025-11-27T14:41:46.442-0300] {logging_mixin.py:188} INFO - [2025-11-27T14:41:46.442-0300] {dag.py:3947} INFO - Setting next_dagrun for example_subdag_operator.section-1 to None, run_after=None
[2025-11-27T14:41:46.443-0300] {logging_mixin.py:188} INFO - [2025-11-27T14:41:46.443-0300] {dag.py:3947} INFO - Setting next_dagrun for example_subdag_operator.section-2 to None, run_after=None
[2025-11-27T14:41:46.449-0300] {processor.py:183} INFO - Processing /Users/davispecia/Documents/GitHub/Pf_pipeline_dados/Projeto_final_fase3/venv/lib/python3.9/site-packages/airflow/example_dags/example_subdag_operator.py took 0.111 seconds
[2025-11-27T14:43:50.787-0300] {processor.py:161} INFO - Started process (PID=9043) to work on /Users/davispecia/Documents/GitHub/Pf_pipeline_dados/Projeto_final_fase3/venv/lib/python3.9/site-packages/airflow/example_dags/example_subdag_operator.py
[2025-11-27T14:43:50.787-0300] {processor.py:830} INFO - Processing file /Users/davispecia/Documents/GitHub/Pf_pipeline_dados/Projeto_final_fase3/venv/lib/python3.9/site-packages/airflow/example_dags/example_subdag_operator.py for tasks to queue
[2025-11-27T14:43:50.788-0300] {logging_mixin.py:188} INFO - [2025-11-27T14:43:50.788-0300] {dagbag.py:545} INFO - Filling up the DagBag from /Users/davispecia/Documents/GitHub/Pf_pipeline_dados/Projeto_final_fase3/venv/lib/python3.9/site-packages/airflow/example_dags/example_subdag_operator.py
[2025-11-27T14:43:50.838-0300] {processor.py:840} INFO - DAG(s) 'example_subdag_operator.section-1', 'example_subdag_operator.section-2', 'example_subdag_operator' retrieved from /Users/davispecia/Documents/GitHub/Pf_pipeline_dados/Projeto_final_fase3/venv/lib/python3.9/site-packages/airflow/example_dags/example_subdag_operator.py
[2025-11-27T14:43:50.876-0300] {logging_mixin.py:188} INFO - [2025-11-27T14:43:50.876-0300] {dag.py:3089} INFO - Sync 3 DAGs
[2025-11-27T14:43:50.885-0300] {logging_mixin.py:188} INFO - [2025-11-27T14:43:50.884-0300] {dag.py:3947} INFO - Setting next_dagrun for example_subdag_operator to 2022-01-01 00:00:00+00:00, run_after=2022-01-01 00:00:00+00:00
[2025-11-27T14:43:50.886-0300] {logging_mixin.py:188} INFO - [2025-11-27T14:43:50.886-0300] {dag.py:3947} INFO - Setting next_dagrun for example_subdag_operator.section-1 to None, run_after=None
[2025-11-27T14:43:50.886-0300] {logging_mixin.py:188} INFO - [2025-11-27T14:43:50.886-0300] {dag.py:3947} INFO - Setting next_dagrun for example_subdag_operator.section-2 to None, run_after=None
[2025-11-27T14:43:50.890-0300] {logging_mixin.py:188} INFO - [2025-11-27T14:43:50.890-0300] {dag.py:3089} INFO - Sync 2 DAGs
[2025-11-27T14:43:50.891-0300] {logging_mixin.py:188} INFO - [2025-11-27T14:43:50.891-0300] {dag.py:3947} INFO - Setting next_dagrun for example_subdag_operator.section-1 to None, run_after=None
[2025-11-27T14:43:50.892-0300] {logging_mixin.py:188} INFO - [2025-11-27T14:43:50.891-0300] {dag.py:3947} INFO - Setting next_dagrun for example_subdag_operator.section-2 to None, run_after=None
[2025-11-27T14:43:50.898-0300] {processor.py:183} INFO - Processing /Users/davispecia/Documents/GitHub/Pf_pipeline_dados/Projeto_final_fase3/venv/lib/python3.9/site-packages/airflow/example_dags/example_subdag_operator.py took 0.113 seconds
[2025-11-27T14:45:03.460-0300] {processor.py:161} INFO - Started process (PID=9334) to work on /Users/davispecia/Documents/GitHub/Pf_pipeline_dados/Projeto_final_fase3/venv/lib/python3.9/site-packages/airflow/example_dags/example_subdag_operator.py
[2025-11-27T14:45:03.460-0300] {processor.py:830} INFO - Processing file /Users/davispecia/Documents/GitHub/Pf_pipeline_dados/Projeto_final_fase3/venv/lib/python3.9/site-packages/airflow/example_dags/example_subdag_operator.py for tasks to queue
[2025-11-27T14:45:03.461-0300] {logging_mixin.py:188} INFO - [2025-11-27T14:45:03.461-0300] {dagbag.py:545} INFO - Filling up the DagBag from /Users/davispecia/Documents/GitHub/Pf_pipeline_dados/Projeto_final_fase3/venv/lib/python3.9/site-packages/airflow/example_dags/example_subdag_operator.py
[2025-11-27T14:45:03.511-0300] {processor.py:840} INFO - DAG(s) 'example_subdag_operator.section-1', 'example_subdag_operator.section-2', 'example_subdag_operator' retrieved from /Users/davispecia/Documents/GitHub/Pf_pipeline_dados/Projeto_final_fase3/venv/lib/python3.9/site-packages/airflow/example_dags/example_subdag_operator.py
[2025-11-27T14:45:03.551-0300] {logging_mixin.py:188} INFO - [2025-11-27T14:45:03.550-0300] {dag.py:3089} INFO - Sync 3 DAGs
[2025-11-27T14:45:03.559-0300] {logging_mixin.py:188} INFO - [2025-11-27T14:45:03.558-0300] {dag.py:3947} INFO - Setting next_dagrun for example_subdag_operator to 2022-01-01 00:00:00+00:00, run_after=2022-01-01 00:00:00+00:00
[2025-11-27T14:45:03.560-0300] {logging_mixin.py:188} INFO - [2025-11-27T14:45:03.560-0300] {dag.py:3947} INFO - Setting next_dagrun for example_subdag_operator.section-1 to None, run_after=None
[2025-11-27T14:45:03.560-0300] {logging_mixin.py:188} INFO - [2025-11-27T14:45:03.560-0300] {dag.py:3947} INFO - Setting next_dagrun for example_subdag_operator.section-2 to None, run_after=None
[2025-11-27T14:45:03.564-0300] {logging_mixin.py:188} INFO - [2025-11-27T14:45:03.564-0300] {dag.py:3089} INFO - Sync 2 DAGs
[2025-11-27T14:45:03.565-0300] {logging_mixin.py:188} INFO - [2025-11-27T14:45:03.565-0300] {dag.py:3947} INFO - Setting next_dagrun for example_subdag_operator.section-1 to None, run_after=None
[2025-11-27T14:45:03.565-0300] {logging_mixin.py:188} INFO - [2025-11-27T14:45:03.565-0300] {dag.py:3947} INFO - Setting next_dagrun for example_subdag_operator.section-2 to None, run_after=None
[2025-11-27T14:45:03.572-0300] {processor.py:183} INFO - Processing /Users/davispecia/Documents/GitHub/Pf_pipeline_dados/Projeto_final_fase3/venv/lib/python3.9/site-packages/airflow/example_dags/example_subdag_operator.py took 0.115 seconds
[2025-11-27T14:46:08.307-0300] {processor.py:161} INFO - Started process (PID=9485) to work on /Users/davispecia/Documents/GitHub/Pf_pipeline_dados/Projeto_final_fase3/venv/lib/python3.9/site-packages/airflow/example_dags/example_subdag_operator.py
[2025-11-27T14:46:08.309-0300] {processor.py:830} INFO - Processing file /Users/davispecia/Documents/GitHub/Pf_pipeline_dados/Projeto_final_fase3/venv/lib/python3.9/site-packages/airflow/example_dags/example_subdag_operator.py for tasks to queue
[2025-11-27T14:46:08.309-0300] {logging_mixin.py:188} INFO - [2025-11-27T14:46:08.309-0300] {dagbag.py:545} INFO - Filling up the DagBag from /Users/davispecia/Documents/GitHub/Pf_pipeline_dados/Projeto_final_fase3/venv/lib/python3.9/site-packages/airflow/example_dags/example_subdag_operator.py
[2025-11-27T14:46:08.359-0300] {processor.py:840} INFO - DAG(s) 'example_subdag_operator.section-1', 'example_subdag_operator.section-2', 'example_subdag_operator' retrieved from /Users/davispecia/Documents/GitHub/Pf_pipeline_dados/Projeto_final_fase3/venv/lib/python3.9/site-packages/airflow/example_dags/example_subdag_operator.py
[2025-11-27T14:46:08.398-0300] {logging_mixin.py:188} INFO - [2025-11-27T14:46:08.398-0300] {dag.py:3089} INFO - Sync 3 DAGs
[2025-11-27T14:46:08.407-0300] {logging_mixin.py:188} INFO - [2025-11-27T14:46:08.406-0300] {dag.py:3947} INFO - Setting next_dagrun for example_subdag_operator to 2022-01-01 00:00:00+00:00, run_after=2022-01-01 00:00:00+00:00
[2025-11-27T14:46:08.408-0300] {logging_mixin.py:188} INFO - [2025-11-27T14:46:08.408-0300] {dag.py:3947} INFO - Setting next_dagrun for example_subdag_operator.section-1 to None, run_after=None
[2025-11-27T14:46:08.408-0300] {logging_mixin.py:188} INFO - [2025-11-27T14:46:08.408-0300] {dag.py:3947} INFO - Setting next_dagrun for example_subdag_operator.section-2 to None, run_after=None
[2025-11-27T14:46:08.411-0300] {logging_mixin.py:188} INFO - [2025-11-27T14:46:08.411-0300] {dag.py:3089} INFO - Sync 2 DAGs
[2025-11-27T14:46:08.412-0300] {logging_mixin.py:188} INFO - [2025-11-27T14:46:08.412-0300] {dag.py:3947} INFO - Setting next_dagrun for example_subdag_operator.section-1 to None, run_after=None
[2025-11-27T14:46:08.413-0300] {logging_mixin.py:188} INFO - [2025-11-27T14:46:08.413-0300] {dag.py:3947} INFO - Setting next_dagrun for example_subdag_operator.section-2 to None, run_after=None
[2025-11-27T14:46:08.419-0300] {processor.py:183} INFO - Processing /Users/davispecia/Documents/GitHub/Pf_pipeline_dados/Projeto_final_fase3/venv/lib/python3.9/site-packages/airflow/example_dags/example_subdag_operator.py took 0.114 seconds
[2025-11-27T14:47:13.666-0300] {processor.py:161} INFO - Started process (PID=9651) to work on /Users/davispecia/Documents/GitHub/Pf_pipeline_dados/Projeto_final_fase3/venv/lib/python3.9/site-packages/airflow/example_dags/example_subdag_operator.py
[2025-11-27T14:47:13.668-0300] {processor.py:830} INFO - Processing file /Users/davispecia/Documents/GitHub/Pf_pipeline_dados/Projeto_final_fase3/venv/lib/python3.9/site-packages/airflow/example_dags/example_subdag_operator.py for tasks to queue
[2025-11-27T14:47:13.668-0300] {logging_mixin.py:188} INFO - [2025-11-27T14:47:13.668-0300] {dagbag.py:545} INFO - Filling up the DagBag from /Users/davispecia/Documents/GitHub/Pf_pipeline_dados/Projeto_final_fase3/venv/lib/python3.9/site-packages/airflow/example_dags/example_subdag_operator.py
[2025-11-27T14:47:13.718-0300] {processor.py:840} INFO - DAG(s) 'example_subdag_operator.section-1', 'example_subdag_operator.section-2', 'example_subdag_operator' retrieved from /Users/davispecia/Documents/GitHub/Pf_pipeline_dados/Projeto_final_fase3/venv/lib/python3.9/site-packages/airflow/example_dags/example_subdag_operator.py
[2025-11-27T14:47:13.755-0300] {logging_mixin.py:188} INFO - [2025-11-27T14:47:13.754-0300] {dag.py:3089} INFO - Sync 3 DAGs
[2025-11-27T14:47:13.762-0300] {logging_mixin.py:188} INFO - [2025-11-27T14:47:13.762-0300] {dag.py:3947} INFO - Setting next_dagrun for example_subdag_operator to 2022-01-01 00:00:00+00:00, run_after=2022-01-01 00:00:00+00:00
[2025-11-27T14:47:13.764-0300] {logging_mixin.py:188} INFO - [2025-11-27T14:47:13.764-0300] {dag.py:3947} INFO - Setting next_dagrun for example_subdag_operator.section-1 to None, run_after=None
[2025-11-27T14:47:13.764-0300] {logging_mixin.py:188} INFO - [2025-11-27T14:47:13.764-0300] {dag.py:3947} INFO - Setting next_dagrun for example_subdag_operator.section-2 to None, run_after=None
[2025-11-27T14:47:13.767-0300] {logging_mixin.py:188} INFO - [2025-11-27T14:47:13.767-0300] {dag.py:3089} INFO - Sync 2 DAGs
[2025-11-27T14:47:13.768-0300] {logging_mixin.py:188} INFO - [2025-11-27T14:47:13.768-0300] {dag.py:3947} INFO - Setting next_dagrun for example_subdag_operator.section-1 to None, run_after=None
[2025-11-27T14:47:13.769-0300] {logging_mixin.py:188} INFO - [2025-11-27T14:47:13.768-0300] {dag.py:3947} INFO - Setting next_dagrun for example_subdag_operator.section-2 to None, run_after=None
[2025-11-27T14:47:13.775-0300] {processor.py:183} INFO - Processing /Users/davispecia/Documents/GitHub/Pf_pipeline_dados/Projeto_final_fase3/venv/lib/python3.9/site-packages/airflow/example_dags/example_subdag_operator.py took 0.110 seconds
[2025-11-27T14:48:17.939-0300] {processor.py:161} INFO - Started process (PID=9805) to work on /Users/davispecia/Documents/GitHub/Pf_pipeline_dados/Projeto_final_fase3/venv/lib/python3.9/site-packages/airflow/example_dags/example_subdag_operator.py
[2025-11-27T14:48:17.940-0300] {processor.py:830} INFO - Processing file /Users/davispecia/Documents/GitHub/Pf_pipeline_dados/Projeto_final_fase3/venv/lib/python3.9/site-packages/airflow/example_dags/example_subdag_operator.py for tasks to queue
[2025-11-27T14:48:17.940-0300] {logging_mixin.py:188} INFO - [2025-11-27T14:48:17.940-0300] {dagbag.py:545} INFO - Filling up the DagBag from /Users/davispecia/Documents/GitHub/Pf_pipeline_dados/Projeto_final_fase3/venv/lib/python3.9/site-packages/airflow/example_dags/example_subdag_operator.py
[2025-11-27T14:48:17.988-0300] {processor.py:840} INFO - DAG(s) 'example_subdag_operator.section-1', 'example_subdag_operator.section-2', 'example_subdag_operator' retrieved from /Users/davispecia/Documents/GitHub/Pf_pipeline_dados/Projeto_final_fase3/venv/lib/python3.9/site-packages/airflow/example_dags/example_subdag_operator.py
[2025-11-27T14:48:18.024-0300] {logging_mixin.py:188} INFO - [2025-11-27T14:48:18.024-0300] {dag.py:3089} INFO - Sync 3 DAGs
[2025-11-27T14:48:18.033-0300] {logging_mixin.py:188} INFO - [2025-11-27T14:48:18.032-0300] {dag.py:3947} INFO - Setting next_dagrun for example_subdag_operator to 2022-01-01 00:00:00+00:00, run_after=2022-01-01 00:00:00+00:00
[2025-11-27T14:48:18.034-0300] {logging_mixin.py:188} INFO - [2025-11-27T14:48:18.034-0300] {dag.py:3947} INFO - Setting next_dagrun for example_subdag_operator.section-1 to None, run_after=None
[2025-11-27T14:48:18.034-0300] {logging_mixin.py:188} INFO - [2025-11-27T14:48:18.034-0300] {dag.py:3947} INFO - Setting next_dagrun for example_subdag_operator.section-2 to None, run_after=None
[2025-11-27T14:48:18.037-0300] {logging_mixin.py:188} INFO - [2025-11-27T14:48:18.037-0300] {dag.py:3089} INFO - Sync 2 DAGs
[2025-11-27T14:48:18.038-0300] {logging_mixin.py:188} INFO - [2025-11-27T14:48:18.038-0300] {dag.py:3947} INFO - Setting next_dagrun for example_subdag_operator.section-1 to None, run_after=None
[2025-11-27T14:48:18.039-0300] {logging_mixin.py:188} INFO - [2025-11-27T14:48:18.038-0300] {dag.py:3947} INFO - Setting next_dagrun for example_subdag_operator.section-2 to None, run_after=None
[2025-11-27T14:48:18.044-0300] {processor.py:183} INFO - Processing /Users/davispecia/Documents/GitHub/Pf_pipeline_dados/Projeto_final_fase3/venv/lib/python3.9/site-packages/airflow/example_dags/example_subdag_operator.py took 0.107 seconds
[2025-11-27T14:50:33.842-0300] {processor.py:161} INFO - Started process (PID=10199) to work on /Users/davispecia/Documents/GitHub/Pf_pipeline_dados/Projeto_final_fase3/venv/lib/python3.9/site-packages/airflow/example_dags/example_subdag_operator.py
[2025-11-27T14:50:33.843-0300] {processor.py:830} INFO - Processing file /Users/davispecia/Documents/GitHub/Pf_pipeline_dados/Projeto_final_fase3/venv/lib/python3.9/site-packages/airflow/example_dags/example_subdag_operator.py for tasks to queue
[2025-11-27T14:50:33.843-0300] {logging_mixin.py:188} INFO - [2025-11-27T14:50:33.843-0300] {dagbag.py:545} INFO - Filling up the DagBag from /Users/davispecia/Documents/GitHub/Pf_pipeline_dados/Projeto_final_fase3/venv/lib/python3.9/site-packages/airflow/example_dags/example_subdag_operator.py
[2025-11-27T14:50:33.893-0300] {processor.py:840} INFO - DAG(s) 'example_subdag_operator.section-1', 'example_subdag_operator.section-2', 'example_subdag_operator' retrieved from /Users/davispecia/Documents/GitHub/Pf_pipeline_dados/Projeto_final_fase3/venv/lib/python3.9/site-packages/airflow/example_dags/example_subdag_operator.py
[2025-11-27T14:50:33.929-0300] {logging_mixin.py:188} INFO - [2025-11-27T14:50:33.929-0300] {dag.py:3089} INFO - Sync 3 DAGs
[2025-11-27T14:50:33.937-0300] {logging_mixin.py:188} INFO - [2025-11-27T14:50:33.937-0300] {dag.py:3947} INFO - Setting next_dagrun for example_subdag_operator to 2022-01-01 00:00:00+00:00, run_after=2022-01-01 00:00:00+00:00
[2025-11-27T14:50:33.939-0300] {logging_mixin.py:188} INFO - [2025-11-27T14:50:33.939-0300] {dag.py:3947} INFO - Setting next_dagrun for example_subdag_operator.section-1 to None, run_after=None
[2025-11-27T14:50:33.939-0300] {logging_mixin.py:188} INFO - [2025-11-27T14:50:33.939-0300] {dag.py:3947} INFO - Setting next_dagrun for example_subdag_operator.section-2 to None, run_after=None
[2025-11-27T14:50:33.942-0300] {logging_mixin.py:188} INFO - [2025-11-27T14:50:33.942-0300] {dag.py:3089} INFO - Sync 2 DAGs
[2025-11-27T14:50:33.943-0300] {logging_mixin.py:188} INFO - [2025-11-27T14:50:33.943-0300] {dag.py:3947} INFO - Setting next_dagrun for example_subdag_operator.section-1 to None, run_after=None
[2025-11-27T14:50:33.944-0300] {logging_mixin.py:188} INFO - [2025-11-27T14:50:33.943-0300] {dag.py:3947} INFO - Setting next_dagrun for example_subdag_operator.section-2 to None, run_after=None
[2025-11-27T14:50:33.949-0300] {processor.py:183} INFO - Processing /Users/davispecia/Documents/GitHub/Pf_pipeline_dados/Projeto_final_fase3/venv/lib/python3.9/site-packages/airflow/example_dags/example_subdag_operator.py took 0.110 seconds
[2025-11-27T14:51:39.263-0300] {processor.py:161} INFO - Started process (PID=10349) to work on /Users/davispecia/Documents/GitHub/Pf_pipeline_dados/Projeto_final_fase3/venv/lib/python3.9/site-packages/airflow/example_dags/example_subdag_operator.py
[2025-11-27T14:51:39.264-0300] {processor.py:830} INFO - Processing file /Users/davispecia/Documents/GitHub/Pf_pipeline_dados/Projeto_final_fase3/venv/lib/python3.9/site-packages/airflow/example_dags/example_subdag_operator.py for tasks to queue
[2025-11-27T14:51:39.264-0300] {logging_mixin.py:188} INFO - [2025-11-27T14:51:39.264-0300] {dagbag.py:545} INFO - Filling up the DagBag from /Users/davispecia/Documents/GitHub/Pf_pipeline_dados/Projeto_final_fase3/venv/lib/python3.9/site-packages/airflow/example_dags/example_subdag_operator.py
[2025-11-27T14:51:39.311-0300] {processor.py:840} INFO - DAG(s) 'example_subdag_operator.section-1', 'example_subdag_operator.section-2', 'example_subdag_operator' retrieved from /Users/davispecia/Documents/GitHub/Pf_pipeline_dados/Projeto_final_fase3/venv/lib/python3.9/site-packages/airflow/example_dags/example_subdag_operator.py
[2025-11-27T14:51:39.349-0300] {logging_mixin.py:188} INFO - [2025-11-27T14:51:39.349-0300] {dag.py:3089} INFO - Sync 3 DAGs
[2025-11-27T14:51:39.357-0300] {logging_mixin.py:188} INFO - [2025-11-27T14:51:39.357-0300] {dag.py:3947} INFO - Setting next_dagrun for example_subdag_operator to 2022-01-01 00:00:00+00:00, run_after=2022-01-01 00:00:00+00:00
[2025-11-27T14:51:39.359-0300] {logging_mixin.py:188} INFO - [2025-11-27T14:51:39.359-0300] {dag.py:3947} INFO - Setting next_dagrun for example_subdag_operator.section-1 to None, run_after=None
[2025-11-27T14:51:39.359-0300] {logging_mixin.py:188} INFO - [2025-11-27T14:51:39.359-0300] {dag.py:3947} INFO - Setting next_dagrun for example_subdag_operator.section-2 to None, run_after=None
[2025-11-27T14:51:39.362-0300] {logging_mixin.py:188} INFO - [2025-11-27T14:51:39.362-0300] {dag.py:3089} INFO - Sync 2 DAGs
[2025-11-27T14:51:39.363-0300] {logging_mixin.py:188} INFO - [2025-11-27T14:51:39.363-0300] {dag.py:3947} INFO - Setting next_dagrun for example_subdag_operator.section-1 to None, run_after=None
[2025-11-27T14:51:39.364-0300] {logging_mixin.py:188} INFO - [2025-11-27T14:51:39.363-0300] {dag.py:3947} INFO - Setting next_dagrun for example_subdag_operator.section-2 to None, run_after=None
[2025-11-27T14:51:39.369-0300] {processor.py:183} INFO - Processing /Users/davispecia/Documents/GitHub/Pf_pipeline_dados/Projeto_final_fase3/venv/lib/python3.9/site-packages/airflow/example_dags/example_subdag_operator.py took 0.108 seconds
[2025-11-27T14:52:43.883-0300] {processor.py:161} INFO - Started process (PID=10526) to work on /Users/davispecia/Documents/GitHub/Pf_pipeline_dados/Projeto_final_fase3/venv/lib/python3.9/site-packages/airflow/example_dags/example_subdag_operator.py
[2025-11-27T14:52:43.884-0300] {processor.py:830} INFO - Processing file /Users/davispecia/Documents/GitHub/Pf_pipeline_dados/Projeto_final_fase3/venv/lib/python3.9/site-packages/airflow/example_dags/example_subdag_operator.py for tasks to queue
[2025-11-27T14:52:43.884-0300] {logging_mixin.py:188} INFO - [2025-11-27T14:52:43.884-0300] {dagbag.py:545} INFO - Filling up the DagBag from /Users/davispecia/Documents/GitHub/Pf_pipeline_dados/Projeto_final_fase3/venv/lib/python3.9/site-packages/airflow/example_dags/example_subdag_operator.py
[2025-11-27T14:52:43.932-0300] {processor.py:840} INFO - DAG(s) 'example_subdag_operator.section-1', 'example_subdag_operator.section-2', 'example_subdag_operator' retrieved from /Users/davispecia/Documents/GitHub/Pf_pipeline_dados/Projeto_final_fase3/venv/lib/python3.9/site-packages/airflow/example_dags/example_subdag_operator.py
[2025-11-27T14:52:43.968-0300] {logging_mixin.py:188} INFO - [2025-11-27T14:52:43.968-0300] {dag.py:3089} INFO - Sync 3 DAGs
[2025-11-27T14:52:43.976-0300] {logging_mixin.py:188} INFO - [2025-11-27T14:52:43.976-0300] {dag.py:3947} INFO - Setting next_dagrun for example_subdag_operator to 2022-01-01 00:00:00+00:00, run_after=2022-01-01 00:00:00+00:00
[2025-11-27T14:52:43.978-0300] {logging_mixin.py:188} INFO - [2025-11-27T14:52:43.978-0300] {dag.py:3947} INFO - Setting next_dagrun for example_subdag_operator.section-1 to None, run_after=None
[2025-11-27T14:52:43.978-0300] {logging_mixin.py:188} INFO - [2025-11-27T14:52:43.978-0300] {dag.py:3947} INFO - Setting next_dagrun for example_subdag_operator.section-2 to None, run_after=None
[2025-11-27T14:52:43.981-0300] {logging_mixin.py:188} INFO - [2025-11-27T14:52:43.981-0300] {dag.py:3089} INFO - Sync 2 DAGs
[2025-11-27T14:52:43.983-0300] {logging_mixin.py:188} INFO - [2025-11-27T14:52:43.983-0300] {dag.py:3947} INFO - Setting next_dagrun for example_subdag_operator.section-1 to None, run_after=None
[2025-11-27T14:52:43.983-0300] {logging_mixin.py:188} INFO - [2025-11-27T14:52:43.983-0300] {dag.py:3947} INFO - Setting next_dagrun for example_subdag_operator.section-2 to None, run_after=None
[2025-11-27T14:52:43.990-0300] {processor.py:183} INFO - Processing /Users/davispecia/Documents/GitHub/Pf_pipeline_dados/Projeto_final_fase3/venv/lib/python3.9/site-packages/airflow/example_dags/example_subdag_operator.py took 0.108 seconds
[2025-11-27T14:54:47.196-0300] {processor.py:161} INFO - Started process (PID=10820) to work on /Users/davispecia/Documents/GitHub/Pf_pipeline_dados/Projeto_final_fase3/venv/lib/python3.9/site-packages/airflow/example_dags/example_subdag_operator.py
[2025-11-27T14:54:47.198-0300] {processor.py:830} INFO - Processing file /Users/davispecia/Documents/GitHub/Pf_pipeline_dados/Projeto_final_fase3/venv/lib/python3.9/site-packages/airflow/example_dags/example_subdag_operator.py for tasks to queue
[2025-11-27T14:54:47.198-0300] {logging_mixin.py:188} INFO - [2025-11-27T14:54:47.198-0300] {dagbag.py:545} INFO - Filling up the DagBag from /Users/davispecia/Documents/GitHub/Pf_pipeline_dados/Projeto_final_fase3/venv/lib/python3.9/site-packages/airflow/example_dags/example_subdag_operator.py
[2025-11-27T14:54:47.246-0300] {processor.py:840} INFO - DAG(s) 'example_subdag_operator.section-1', 'example_subdag_operator.section-2', 'example_subdag_operator' retrieved from /Users/davispecia/Documents/GitHub/Pf_pipeline_dados/Projeto_final_fase3/venv/lib/python3.9/site-packages/airflow/example_dags/example_subdag_operator.py
[2025-11-27T14:54:47.282-0300] {logging_mixin.py:188} INFO - [2025-11-27T14:54:47.282-0300] {dag.py:3089} INFO - Sync 3 DAGs
[2025-11-27T14:54:47.290-0300] {logging_mixin.py:188} INFO - [2025-11-27T14:54:47.290-0300] {dag.py:3947} INFO - Setting next_dagrun for example_subdag_operator to 2022-01-01 00:00:00+00:00, run_after=2022-01-01 00:00:00+00:00
[2025-11-27T14:54:47.291-0300] {logging_mixin.py:188} INFO - [2025-11-27T14:54:47.291-0300] {dag.py:3947} INFO - Setting next_dagrun for example_subdag_operator.section-1 to None, run_after=None
[2025-11-27T14:54:47.292-0300] {logging_mixin.py:188} INFO - [2025-11-27T14:54:47.291-0300] {dag.py:3947} INFO - Setting next_dagrun for example_subdag_operator.section-2 to None, run_after=None
[2025-11-27T14:54:47.294-0300] {logging_mixin.py:188} INFO - [2025-11-27T14:54:47.294-0300] {dag.py:3089} INFO - Sync 2 DAGs
[2025-11-27T14:54:47.296-0300] {logging_mixin.py:188} INFO - [2025-11-27T14:54:47.296-0300] {dag.py:3947} INFO - Setting next_dagrun for example_subdag_operator.section-1 to None, run_after=None
[2025-11-27T14:54:47.296-0300] {logging_mixin.py:188} INFO - [2025-11-27T14:54:47.296-0300] {dag.py:3947} INFO - Setting next_dagrun for example_subdag_operator.section-2 to None, run_after=None
[2025-11-27T14:54:47.302-0300] {processor.py:183} INFO - Processing /Users/davispecia/Documents/GitHub/Pf_pipeline_dados/Projeto_final_fase3/venv/lib/python3.9/site-packages/airflow/example_dags/example_subdag_operator.py took 0.108 seconds
[2025-11-27T14:55:58.370-0300] {processor.py:161} INFO - Started process (PID=11046) to work on /Users/davispecia/Documents/GitHub/Pf_pipeline_dados/Projeto_final_fase3/venv/lib/python3.9/site-packages/airflow/example_dags/example_subdag_operator.py
[2025-11-27T14:55:58.370-0300] {processor.py:830} INFO - Processing file /Users/davispecia/Documents/GitHub/Pf_pipeline_dados/Projeto_final_fase3/venv/lib/python3.9/site-packages/airflow/example_dags/example_subdag_operator.py for tasks to queue
[2025-11-27T14:55:58.371-0300] {logging_mixin.py:188} INFO - [2025-11-27T14:55:58.371-0300] {dagbag.py:545} INFO - Filling up the DagBag from /Users/davispecia/Documents/GitHub/Pf_pipeline_dados/Projeto_final_fase3/venv/lib/python3.9/site-packages/airflow/example_dags/example_subdag_operator.py
[2025-11-27T14:55:58.420-0300] {processor.py:840} INFO - DAG(s) 'example_subdag_operator.section-1', 'example_subdag_operator.section-2', 'example_subdag_operator' retrieved from /Users/davispecia/Documents/GitHub/Pf_pipeline_dados/Projeto_final_fase3/venv/lib/python3.9/site-packages/airflow/example_dags/example_subdag_operator.py
[2025-11-27T14:55:58.458-0300] {logging_mixin.py:188} INFO - [2025-11-27T14:55:58.457-0300] {dag.py:3089} INFO - Sync 3 DAGs
[2025-11-27T14:55:58.466-0300] {logging_mixin.py:188} INFO - [2025-11-27T14:55:58.465-0300] {dag.py:3947} INFO - Setting next_dagrun for example_subdag_operator to 2022-01-01 00:00:00+00:00, run_after=2022-01-01 00:00:00+00:00
[2025-11-27T14:55:58.467-0300] {logging_mixin.py:188} INFO - [2025-11-27T14:55:58.467-0300] {dag.py:3947} INFO - Setting next_dagrun for example_subdag_operator.section-1 to None, run_after=None
[2025-11-27T14:55:58.467-0300] {logging_mixin.py:188} INFO - [2025-11-27T14:55:58.467-0300] {dag.py:3947} INFO - Setting next_dagrun for example_subdag_operator.section-2 to None, run_after=None
[2025-11-27T14:55:58.470-0300] {logging_mixin.py:188} INFO - [2025-11-27T14:55:58.470-0300] {dag.py:3089} INFO - Sync 2 DAGs
[2025-11-27T14:55:58.471-0300] {logging_mixin.py:188} INFO - [2025-11-27T14:55:58.471-0300] {dag.py:3947} INFO - Setting next_dagrun for example_subdag_operator.section-1 to None, run_after=None
[2025-11-27T14:55:58.472-0300] {logging_mixin.py:188} INFO - [2025-11-27T14:55:58.471-0300] {dag.py:3947} INFO - Setting next_dagrun for example_subdag_operator.section-2 to None, run_after=None
[2025-11-27T14:55:58.478-0300] {processor.py:183} INFO - Processing /Users/davispecia/Documents/GitHub/Pf_pipeline_dados/Projeto_final_fase3/venv/lib/python3.9/site-packages/airflow/example_dags/example_subdag_operator.py took 0.110 seconds
[2025-11-27T14:58:04.672-0300] {processor.py:161} INFO - Started process (PID=11363) to work on /Users/davispecia/Documents/GitHub/Pf_pipeline_dados/Projeto_final_fase3/venv/lib/python3.9/site-packages/airflow/example_dags/example_subdag_operator.py
[2025-11-27T14:58:04.672-0300] {processor.py:830} INFO - Processing file /Users/davispecia/Documents/GitHub/Pf_pipeline_dados/Projeto_final_fase3/venv/lib/python3.9/site-packages/airflow/example_dags/example_subdag_operator.py for tasks to queue
[2025-11-27T14:58:04.673-0300] {logging_mixin.py:188} INFO - [2025-11-27T14:58:04.673-0300] {dagbag.py:545} INFO - Filling up the DagBag from /Users/davispecia/Documents/GitHub/Pf_pipeline_dados/Projeto_final_fase3/venv/lib/python3.9/site-packages/airflow/example_dags/example_subdag_operator.py
[2025-11-27T14:58:04.721-0300] {processor.py:840} INFO - DAG(s) 'example_subdag_operator.section-1', 'example_subdag_operator.section-2', 'example_subdag_operator' retrieved from /Users/davispecia/Documents/GitHub/Pf_pipeline_dados/Projeto_final_fase3/venv/lib/python3.9/site-packages/airflow/example_dags/example_subdag_operator.py
[2025-11-27T14:58:04.758-0300] {logging_mixin.py:188} INFO - [2025-11-27T14:58:04.758-0300] {dag.py:3089} INFO - Sync 3 DAGs
[2025-11-27T14:58:04.766-0300] {logging_mixin.py:188} INFO - [2025-11-27T14:58:04.766-0300] {dag.py:3947} INFO - Setting next_dagrun for example_subdag_operator to 2022-01-01 00:00:00+00:00, run_after=2022-01-01 00:00:00+00:00
[2025-11-27T14:58:04.767-0300] {logging_mixin.py:188} INFO - [2025-11-27T14:58:04.767-0300] {dag.py:3947} INFO - Setting next_dagrun for example_subdag_operator.section-1 to None, run_after=None
[2025-11-27T14:58:04.768-0300] {logging_mixin.py:188} INFO - [2025-11-27T14:58:04.768-0300] {dag.py:3947} INFO - Setting next_dagrun for example_subdag_operator.section-2 to None, run_after=None
[2025-11-27T14:58:04.771-0300] {logging_mixin.py:188} INFO - [2025-11-27T14:58:04.771-0300] {dag.py:3089} INFO - Sync 2 DAGs
[2025-11-27T14:58:04.773-0300] {logging_mixin.py:188} INFO - [2025-11-27T14:58:04.772-0300] {dag.py:3947} INFO - Setting next_dagrun for example_subdag_operator.section-1 to None, run_after=None
[2025-11-27T14:58:04.773-0300] {logging_mixin.py:188} INFO - [2025-11-27T14:58:04.773-0300] {dag.py:3947} INFO - Setting next_dagrun for example_subdag_operator.section-2 to None, run_after=None
[2025-11-27T14:58:04.779-0300] {processor.py:183} INFO - Processing /Users/davispecia/Documents/GitHub/Pf_pipeline_dados/Projeto_final_fase3/venv/lib/python3.9/site-packages/airflow/example_dags/example_subdag_operator.py took 0.109 seconds
[2025-11-27T14:59:08.932-0300] {processor.py:161} INFO - Started process (PID=11515) to work on /Users/davispecia/Documents/GitHub/Pf_pipeline_dados/Projeto_final_fase3/venv/lib/python3.9/site-packages/airflow/example_dags/example_subdag_operator.py
[2025-11-27T14:59:08.933-0300] {processor.py:830} INFO - Processing file /Users/davispecia/Documents/GitHub/Pf_pipeline_dados/Projeto_final_fase3/venv/lib/python3.9/site-packages/airflow/example_dags/example_subdag_operator.py for tasks to queue
[2025-11-27T14:59:08.933-0300] {logging_mixin.py:188} INFO - [2025-11-27T14:59:08.933-0300] {dagbag.py:545} INFO - Filling up the DagBag from /Users/davispecia/Documents/GitHub/Pf_pipeline_dados/Projeto_final_fase3/venv/lib/python3.9/site-packages/airflow/example_dags/example_subdag_operator.py
[2025-11-27T14:59:08.983-0300] {processor.py:840} INFO - DAG(s) 'example_subdag_operator.section-1', 'example_subdag_operator.section-2', 'example_subdag_operator' retrieved from /Users/davispecia/Documents/GitHub/Pf_pipeline_dados/Projeto_final_fase3/venv/lib/python3.9/site-packages/airflow/example_dags/example_subdag_operator.py
[2025-11-27T14:59:09.019-0300] {logging_mixin.py:188} INFO - [2025-11-27T14:59:09.019-0300] {dag.py:3089} INFO - Sync 3 DAGs
[2025-11-27T14:59:09.027-0300] {logging_mixin.py:188} INFO - [2025-11-27T14:59:09.027-0300] {dag.py:3947} INFO - Setting next_dagrun for example_subdag_operator to 2022-01-01 00:00:00+00:00, run_after=2022-01-01 00:00:00+00:00
[2025-11-27T14:59:09.029-0300] {logging_mixin.py:188} INFO - [2025-11-27T14:59:09.029-0300] {dag.py:3947} INFO - Setting next_dagrun for example_subdag_operator.section-1 to None, run_after=None
[2025-11-27T14:59:09.029-0300] {logging_mixin.py:188} INFO - [2025-11-27T14:59:09.029-0300] {dag.py:3947} INFO - Setting next_dagrun for example_subdag_operator.section-2 to None, run_after=None
[2025-11-27T14:59:09.032-0300] {logging_mixin.py:188} INFO - [2025-11-27T14:59:09.032-0300] {dag.py:3089} INFO - Sync 2 DAGs
[2025-11-27T14:59:09.033-0300] {logging_mixin.py:188} INFO - [2025-11-27T14:59:09.033-0300] {dag.py:3947} INFO - Setting next_dagrun for example_subdag_operator.section-1 to None, run_after=None
[2025-11-27T14:59:09.034-0300] {logging_mixin.py:188} INFO - [2025-11-27T14:59:09.034-0300] {dag.py:3947} INFO - Setting next_dagrun for example_subdag_operator.section-2 to None, run_after=None
[2025-11-27T14:59:09.039-0300] {processor.py:183} INFO - Processing /Users/davispecia/Documents/GitHub/Pf_pipeline_dados/Projeto_final_fase3/venv/lib/python3.9/site-packages/airflow/example_dags/example_subdag_operator.py took 0.109 seconds
[2025-11-27T15:01:22.824-0300] {processor.py:161} INFO - Started process (PID=11892) to work on /Users/davispecia/Documents/GitHub/Pf_pipeline_dados/Projeto_final_fase3/venv/lib/python3.9/site-packages/airflow/example_dags/example_subdag_operator.py
[2025-11-27T15:01:22.825-0300] {processor.py:830} INFO - Processing file /Users/davispecia/Documents/GitHub/Pf_pipeline_dados/Projeto_final_fase3/venv/lib/python3.9/site-packages/airflow/example_dags/example_subdag_operator.py for tasks to queue
[2025-11-27T15:01:22.825-0300] {logging_mixin.py:188} INFO - [2025-11-27T15:01:22.825-0300] {dagbag.py:545} INFO - Filling up the DagBag from /Users/davispecia/Documents/GitHub/Pf_pipeline_dados/Projeto_final_fase3/venv/lib/python3.9/site-packages/airflow/example_dags/example_subdag_operator.py
[2025-11-27T15:01:22.874-0300] {processor.py:840} INFO - DAG(s) 'example_subdag_operator.section-1', 'example_subdag_operator.section-2', 'example_subdag_operator' retrieved from /Users/davispecia/Documents/GitHub/Pf_pipeline_dados/Projeto_final_fase3/venv/lib/python3.9/site-packages/airflow/example_dags/example_subdag_operator.py
[2025-11-27T15:01:22.910-0300] {logging_mixin.py:188} INFO - [2025-11-27T15:01:22.910-0300] {dag.py:3089} INFO - Sync 3 DAGs
[2025-11-27T15:01:22.918-0300] {logging_mixin.py:188} INFO - [2025-11-27T15:01:22.918-0300] {dag.py:3947} INFO - Setting next_dagrun for example_subdag_operator to 2022-01-01 00:00:00+00:00, run_after=2022-01-01 00:00:00+00:00
[2025-11-27T15:01:22.919-0300] {logging_mixin.py:188} INFO - [2025-11-27T15:01:22.919-0300] {dag.py:3947} INFO - Setting next_dagrun for example_subdag_operator.section-1 to None, run_after=None
[2025-11-27T15:01:22.920-0300] {logging_mixin.py:188} INFO - [2025-11-27T15:01:22.920-0300] {dag.py:3947} INFO - Setting next_dagrun for example_subdag_operator.section-2 to None, run_after=None
[2025-11-27T15:01:22.922-0300] {logging_mixin.py:188} INFO - [2025-11-27T15:01:22.922-0300] {dag.py:3089} INFO - Sync 2 DAGs
[2025-11-27T15:01:22.924-0300] {logging_mixin.py:188} INFO - [2025-11-27T15:01:22.924-0300] {dag.py:3947} INFO - Setting next_dagrun for example_subdag_operator.section-1 to None, run_after=None
[2025-11-27T15:01:22.924-0300] {logging_mixin.py:188} INFO - [2025-11-27T15:01:22.924-0300] {dag.py:3947} INFO - Setting next_dagrun for example_subdag_operator.section-2 to None, run_after=None
[2025-11-27T15:01:22.930-0300] {processor.py:183} INFO - Processing /Users/davispecia/Documents/GitHub/Pf_pipeline_dados/Projeto_final_fase3/venv/lib/python3.9/site-packages/airflow/example_dags/example_subdag_operator.py took 0.109 seconds
[2025-11-27T15:02:27.562-0300] {processor.py:161} INFO - Started process (PID=12046) to work on /Users/davispecia/Documents/GitHub/Pf_pipeline_dados/Projeto_final_fase3/venv/lib/python3.9/site-packages/airflow/example_dags/example_subdag_operator.py
[2025-11-27T15:02:27.563-0300] {processor.py:830} INFO - Processing file /Users/davispecia/Documents/GitHub/Pf_pipeline_dados/Projeto_final_fase3/venv/lib/python3.9/site-packages/airflow/example_dags/example_subdag_operator.py for tasks to queue
[2025-11-27T15:02:27.564-0300] {logging_mixin.py:188} INFO - [2025-11-27T15:02:27.564-0300] {dagbag.py:545} INFO - Filling up the DagBag from /Users/davispecia/Documents/GitHub/Pf_pipeline_dados/Projeto_final_fase3/venv/lib/python3.9/site-packages/airflow/example_dags/example_subdag_operator.py
[2025-11-27T15:02:27.611-0300] {processor.py:840} INFO - DAG(s) 'example_subdag_operator.section-1', 'example_subdag_operator.section-2', 'example_subdag_operator' retrieved from /Users/davispecia/Documents/GitHub/Pf_pipeline_dados/Projeto_final_fase3/venv/lib/python3.9/site-packages/airflow/example_dags/example_subdag_operator.py
[2025-11-27T15:02:27.648-0300] {logging_mixin.py:188} INFO - [2025-11-27T15:02:27.648-0300] {dag.py:3089} INFO - Sync 3 DAGs
[2025-11-27T15:02:27.656-0300] {logging_mixin.py:188} INFO - [2025-11-27T15:02:27.656-0300] {dag.py:3947} INFO - Setting next_dagrun for example_subdag_operator to 2022-01-01 00:00:00+00:00, run_after=2022-01-01 00:00:00+00:00
[2025-11-27T15:02:27.657-0300] {logging_mixin.py:188} INFO - [2025-11-27T15:02:27.657-0300] {dag.py:3947} INFO - Setting next_dagrun for example_subdag_operator.section-1 to None, run_after=None
[2025-11-27T15:02:27.658-0300] {logging_mixin.py:188} INFO - [2025-11-27T15:02:27.658-0300] {dag.py:3947} INFO - Setting next_dagrun for example_subdag_operator.section-2 to None, run_after=None
[2025-11-27T15:02:27.661-0300] {logging_mixin.py:188} INFO - [2025-11-27T15:02:27.661-0300] {dag.py:3089} INFO - Sync 2 DAGs
[2025-11-27T15:02:27.662-0300] {logging_mixin.py:188} INFO - [2025-11-27T15:02:27.662-0300] {dag.py:3947} INFO - Setting next_dagrun for example_subdag_operator.section-1 to None, run_after=None
[2025-11-27T15:02:27.662-0300] {logging_mixin.py:188} INFO - [2025-11-27T15:02:27.662-0300] {dag.py:3947} INFO - Setting next_dagrun for example_subdag_operator.section-2 to None, run_after=None
[2025-11-27T15:02:27.668-0300] {processor.py:183} INFO - Processing /Users/davispecia/Documents/GitHub/Pf_pipeline_dados/Projeto_final_fase3/venv/lib/python3.9/site-packages/airflow/example_dags/example_subdag_operator.py took 0.108 seconds
[2025-11-27T15:03:32.027-0300] {processor.py:161} INFO - Started process (PID=12204) to work on /Users/davispecia/Documents/GitHub/Pf_pipeline_dados/Projeto_final_fase3/venv/lib/python3.9/site-packages/airflow/example_dags/example_subdag_operator.py
[2025-11-27T15:03:32.029-0300] {processor.py:830} INFO - Processing file /Users/davispecia/Documents/GitHub/Pf_pipeline_dados/Projeto_final_fase3/venv/lib/python3.9/site-packages/airflow/example_dags/example_subdag_operator.py for tasks to queue
[2025-11-27T15:03:32.029-0300] {logging_mixin.py:188} INFO - [2025-11-27T15:03:32.029-0300] {dagbag.py:545} INFO - Filling up the DagBag from /Users/davispecia/Documents/GitHub/Pf_pipeline_dados/Projeto_final_fase3/venv/lib/python3.9/site-packages/airflow/example_dags/example_subdag_operator.py
[2025-11-27T15:03:32.077-0300] {processor.py:840} INFO - DAG(s) 'example_subdag_operator.section-1', 'example_subdag_operator.section-2', 'example_subdag_operator' retrieved from /Users/davispecia/Documents/GitHub/Pf_pipeline_dados/Projeto_final_fase3/venv/lib/python3.9/site-packages/airflow/example_dags/example_subdag_operator.py
[2025-11-27T15:03:32.114-0300] {logging_mixin.py:188} INFO - [2025-11-27T15:03:32.114-0300] {dag.py:3089} INFO - Sync 3 DAGs
[2025-11-27T15:03:32.122-0300] {logging_mixin.py:188} INFO - [2025-11-27T15:03:32.122-0300] {dag.py:3947} INFO - Setting next_dagrun for example_subdag_operator to 2022-01-01 00:00:00+00:00, run_after=2022-01-01 00:00:00+00:00
[2025-11-27T15:03:32.123-0300] {logging_mixin.py:188} INFO - [2025-11-27T15:03:32.123-0300] {dag.py:3947} INFO - Setting next_dagrun for example_subdag_operator.section-1 to None, run_after=None
[2025-11-27T15:03:32.124-0300] {logging_mixin.py:188} INFO - [2025-11-27T15:03:32.124-0300] {dag.py:3947} INFO - Setting next_dagrun for example_subdag_operator.section-2 to None, run_after=None
[2025-11-27T15:03:32.126-0300] {logging_mixin.py:188} INFO - [2025-11-27T15:03:32.126-0300] {dag.py:3089} INFO - Sync 2 DAGs
[2025-11-27T15:03:32.128-0300] {logging_mixin.py:188} INFO - [2025-11-27T15:03:32.128-0300] {dag.py:3947} INFO - Setting next_dagrun for example_subdag_operator.section-1 to None, run_after=None
[2025-11-27T15:03:32.128-0300] {logging_mixin.py:188} INFO - [2025-11-27T15:03:32.128-0300] {dag.py:3947} INFO - Setting next_dagrun for example_subdag_operator.section-2 to None, run_after=None
[2025-11-27T15:03:32.134-0300] {processor.py:183} INFO - Processing /Users/davispecia/Documents/GitHub/Pf_pipeline_dados/Projeto_final_fase3/venv/lib/python3.9/site-packages/airflow/example_dags/example_subdag_operator.py took 0.110 seconds
[2025-11-27T15:05:37.528-0300] {processor.py:161} INFO - Started process (PID=12499) to work on /Users/davispecia/Documents/GitHub/Pf_pipeline_dados/Projeto_final_fase3/venv/lib/python3.9/site-packages/airflow/example_dags/example_subdag_operator.py
[2025-11-27T15:05:37.530-0300] {processor.py:830} INFO - Processing file /Users/davispecia/Documents/GitHub/Pf_pipeline_dados/Projeto_final_fase3/venv/lib/python3.9/site-packages/airflow/example_dags/example_subdag_operator.py for tasks to queue
[2025-11-27T15:05:37.530-0300] {logging_mixin.py:188} INFO - [2025-11-27T15:05:37.530-0300] {dagbag.py:545} INFO - Filling up the DagBag from /Users/davispecia/Documents/GitHub/Pf_pipeline_dados/Projeto_final_fase3/venv/lib/python3.9/site-packages/airflow/example_dags/example_subdag_operator.py
[2025-11-27T15:05:37.578-0300] {processor.py:840} INFO - DAG(s) 'example_subdag_operator.section-1', 'example_subdag_operator.section-2', 'example_subdag_operator' retrieved from /Users/davispecia/Documents/GitHub/Pf_pipeline_dados/Projeto_final_fase3/venv/lib/python3.9/site-packages/airflow/example_dags/example_subdag_operator.py
[2025-11-27T15:05:37.615-0300] {logging_mixin.py:188} INFO - [2025-11-27T15:05:37.614-0300] {dag.py:3089} INFO - Sync 3 DAGs
[2025-11-27T15:05:37.623-0300] {logging_mixin.py:188} INFO - [2025-11-27T15:05:37.623-0300] {dag.py:3947} INFO - Setting next_dagrun for example_subdag_operator to 2022-01-01 00:00:00+00:00, run_after=2022-01-01 00:00:00+00:00
[2025-11-27T15:05:37.624-0300] {logging_mixin.py:188} INFO - [2025-11-27T15:05:37.624-0300] {dag.py:3947} INFO - Setting next_dagrun for example_subdag_operator.section-1 to None, run_after=None
[2025-11-27T15:05:37.625-0300] {logging_mixin.py:188} INFO - [2025-11-27T15:05:37.625-0300] {dag.py:3947} INFO - Setting next_dagrun for example_subdag_operator.section-2 to None, run_after=None
[2025-11-27T15:05:37.627-0300] {logging_mixin.py:188} INFO - [2025-11-27T15:05:37.627-0300] {dag.py:3089} INFO - Sync 2 DAGs
[2025-11-27T15:05:37.629-0300] {logging_mixin.py:188} INFO - [2025-11-27T15:05:37.629-0300] {dag.py:3947} INFO - Setting next_dagrun for example_subdag_operator.section-1 to None, run_after=None
[2025-11-27T15:05:37.629-0300] {logging_mixin.py:188} INFO - [2025-11-27T15:05:37.629-0300] {dag.py:3947} INFO - Setting next_dagrun for example_subdag_operator.section-2 to None, run_after=None
[2025-11-27T15:05:37.635-0300] {processor.py:183} INFO - Processing /Users/davispecia/Documents/GitHub/Pf_pipeline_dados/Projeto_final_fase3/venv/lib/python3.9/site-packages/airflow/example_dags/example_subdag_operator.py took 0.109 seconds
[2025-11-27T15:06:40.921-0300] {processor.py:161} INFO - Started process (PID=12661) to work on /Users/davispecia/Documents/GitHub/Pf_pipeline_dados/Projeto_final_fase3/venv/lib/python3.9/site-packages/airflow/example_dags/example_subdag_operator.py
[2025-11-27T15:06:40.923-0300] {processor.py:830} INFO - Processing file /Users/davispecia/Documents/GitHub/Pf_pipeline_dados/Projeto_final_fase3/venv/lib/python3.9/site-packages/airflow/example_dags/example_subdag_operator.py for tasks to queue
[2025-11-27T15:06:40.923-0300] {logging_mixin.py:188} INFO - [2025-11-27T15:06:40.923-0300] {dagbag.py:545} INFO - Filling up the DagBag from /Users/davispecia/Documents/GitHub/Pf_pipeline_dados/Projeto_final_fase3/venv/lib/python3.9/site-packages/airflow/example_dags/example_subdag_operator.py
[2025-11-27T15:06:40.970-0300] {processor.py:840} INFO - DAG(s) 'example_subdag_operator.section-1', 'example_subdag_operator.section-2', 'example_subdag_operator' retrieved from /Users/davispecia/Documents/GitHub/Pf_pipeline_dados/Projeto_final_fase3/venv/lib/python3.9/site-packages/airflow/example_dags/example_subdag_operator.py
[2025-11-27T15:06:41.006-0300] {logging_mixin.py:188} INFO - [2025-11-27T15:06:41.006-0300] {dag.py:3089} INFO - Sync 3 DAGs
[2025-11-27T15:06:41.014-0300] {logging_mixin.py:188} INFO - [2025-11-27T15:06:41.014-0300] {dag.py:3947} INFO - Setting next_dagrun for example_subdag_operator to 2022-01-01 00:00:00+00:00, run_after=2022-01-01 00:00:00+00:00
[2025-11-27T15:06:41.015-0300] {logging_mixin.py:188} INFO - [2025-11-27T15:06:41.015-0300] {dag.py:3947} INFO - Setting next_dagrun for example_subdag_operator.section-1 to None, run_after=None
[2025-11-27T15:06:41.016-0300] {logging_mixin.py:188} INFO - [2025-11-27T15:06:41.016-0300] {dag.py:3947} INFO - Setting next_dagrun for example_subdag_operator.section-2 to None, run_after=None
[2025-11-27T15:06:41.019-0300] {logging_mixin.py:188} INFO - [2025-11-27T15:06:41.019-0300] {dag.py:3089} INFO - Sync 2 DAGs
[2025-11-27T15:06:41.021-0300] {logging_mixin.py:188} INFO - [2025-11-27T15:06:41.021-0300] {dag.py:3947} INFO - Setting next_dagrun for example_subdag_operator.section-1 to None, run_after=None
[2025-11-27T15:06:41.021-0300] {logging_mixin.py:188} INFO - [2025-11-27T15:06:41.021-0300] {dag.py:3947} INFO - Setting next_dagrun for example_subdag_operator.section-2 to None, run_after=None
[2025-11-27T15:06:41.027-0300] {processor.py:183} INFO - Processing /Users/davispecia/Documents/GitHub/Pf_pipeline_dados/Projeto_final_fase3/venv/lib/python3.9/site-packages/airflow/example_dags/example_subdag_operator.py took 0.107 seconds
[2025-11-27T15:07:54.003-0300] {processor.py:161} INFO - Started process (PID=12886) to work on /Users/davispecia/Documents/GitHub/Pf_pipeline_dados/Projeto_final_fase3/venv/lib/python3.9/site-packages/airflow/example_dags/example_subdag_operator.py
[2025-11-27T15:07:54.003-0300] {processor.py:830} INFO - Processing file /Users/davispecia/Documents/GitHub/Pf_pipeline_dados/Projeto_final_fase3/venv/lib/python3.9/site-packages/airflow/example_dags/example_subdag_operator.py for tasks to queue
[2025-11-27T15:07:54.004-0300] {logging_mixin.py:188} INFO - [2025-11-27T15:07:54.004-0300] {dagbag.py:545} INFO - Filling up the DagBag from /Users/davispecia/Documents/GitHub/Pf_pipeline_dados/Projeto_final_fase3/venv/lib/python3.9/site-packages/airflow/example_dags/example_subdag_operator.py
[2025-11-27T15:07:54.061-0300] {processor.py:840} INFO - DAG(s) 'example_subdag_operator.section-1', 'example_subdag_operator.section-2', 'example_subdag_operator' retrieved from /Users/davispecia/Documents/GitHub/Pf_pipeline_dados/Projeto_final_fase3/venv/lib/python3.9/site-packages/airflow/example_dags/example_subdag_operator.py
[2025-11-27T15:07:54.098-0300] {logging_mixin.py:188} INFO - [2025-11-27T15:07:54.098-0300] {dag.py:3089} INFO - Sync 3 DAGs
[2025-11-27T15:07:54.106-0300] {logging_mixin.py:188} INFO - [2025-11-27T15:07:54.106-0300] {dag.py:3947} INFO - Setting next_dagrun for example_subdag_operator to 2022-01-01 00:00:00+00:00, run_after=2022-01-01 00:00:00+00:00
[2025-11-27T15:07:54.107-0300] {logging_mixin.py:188} INFO - [2025-11-27T15:07:54.107-0300] {dag.py:3947} INFO - Setting next_dagrun for example_subdag_operator.section-1 to None, run_after=None
[2025-11-27T15:07:54.107-0300] {logging_mixin.py:188} INFO - [2025-11-27T15:07:54.107-0300] {dag.py:3947} INFO - Setting next_dagrun for example_subdag_operator.section-2 to None, run_after=None
[2025-11-27T15:07:54.110-0300] {logging_mixin.py:188} INFO - [2025-11-27T15:07:54.110-0300] {dag.py:3089} INFO - Sync 2 DAGs
[2025-11-27T15:07:54.112-0300] {logging_mixin.py:188} INFO - [2025-11-27T15:07:54.112-0300] {dag.py:3947} INFO - Setting next_dagrun for example_subdag_operator.section-1 to None, run_after=None
[2025-11-27T15:07:54.112-0300] {logging_mixin.py:188} INFO - [2025-11-27T15:07:54.112-0300] {dag.py:3947} INFO - Setting next_dagrun for example_subdag_operator.section-2 to None, run_after=None
[2025-11-27T15:07:54.118-0300] {processor.py:183} INFO - Processing /Users/davispecia/Documents/GitHub/Pf_pipeline_dados/Projeto_final_fase3/venv/lib/python3.9/site-packages/airflow/example_dags/example_subdag_operator.py took 0.118 seconds
[2025-11-27T15:08:55.525-0300] {processor.py:161} INFO - Started process (PID=13040) to work on /Users/davispecia/Documents/GitHub/Pf_pipeline_dados/Projeto_final_fase3/venv/lib/python3.9/site-packages/airflow/example_dags/example_subdag_operator.py
[2025-11-27T15:08:55.526-0300] {processor.py:830} INFO - Processing file /Users/davispecia/Documents/GitHub/Pf_pipeline_dados/Projeto_final_fase3/venv/lib/python3.9/site-packages/airflow/example_dags/example_subdag_operator.py for tasks to queue
[2025-11-27T15:08:55.527-0300] {logging_mixin.py:188} INFO - [2025-11-27T15:08:55.527-0300] {dagbag.py:545} INFO - Filling up the DagBag from /Users/davispecia/Documents/GitHub/Pf_pipeline_dados/Projeto_final_fase3/venv/lib/python3.9/site-packages/airflow/example_dags/example_subdag_operator.py
[2025-11-27T15:08:55.577-0300] {processor.py:840} INFO - DAG(s) 'example_subdag_operator.section-1', 'example_subdag_operator.section-2', 'example_subdag_operator' retrieved from /Users/davispecia/Documents/GitHub/Pf_pipeline_dados/Projeto_final_fase3/venv/lib/python3.9/site-packages/airflow/example_dags/example_subdag_operator.py
[2025-11-27T15:08:55.614-0300] {logging_mixin.py:188} INFO - [2025-11-27T15:08:55.614-0300] {dag.py:3089} INFO - Sync 3 DAGs
[2025-11-27T15:08:55.622-0300] {logging_mixin.py:188} INFO - [2025-11-27T15:08:55.622-0300] {dag.py:3947} INFO - Setting next_dagrun for example_subdag_operator to 2022-01-01 00:00:00+00:00, run_after=2022-01-01 00:00:00+00:00
[2025-11-27T15:08:55.623-0300] {logging_mixin.py:188} INFO - [2025-11-27T15:08:55.623-0300] {dag.py:3947} INFO - Setting next_dagrun for example_subdag_operator.section-1 to None, run_after=None
[2025-11-27T15:08:55.624-0300] {logging_mixin.py:188} INFO - [2025-11-27T15:08:55.624-0300] {dag.py:3947} INFO - Setting next_dagrun for example_subdag_operator.section-2 to None, run_after=None
[2025-11-27T15:08:55.627-0300] {logging_mixin.py:188} INFO - [2025-11-27T15:08:55.626-0300] {dag.py:3089} INFO - Sync 2 DAGs
[2025-11-27T15:08:55.628-0300] {logging_mixin.py:188} INFO - [2025-11-27T15:08:55.628-0300] {dag.py:3947} INFO - Setting next_dagrun for example_subdag_operator.section-1 to None, run_after=None
[2025-11-27T15:08:55.628-0300] {logging_mixin.py:188} INFO - [2025-11-27T15:08:55.628-0300] {dag.py:3947} INFO - Setting next_dagrun for example_subdag_operator.section-2 to None, run_after=None
[2025-11-27T15:08:55.637-0300] {processor.py:183} INFO - Processing /Users/davispecia/Documents/GitHub/Pf_pipeline_dados/Projeto_final_fase3/venv/lib/python3.9/site-packages/airflow/example_dags/example_subdag_operator.py took 0.114 seconds
[2025-11-27T15:10:00.614-0300] {processor.py:161} INFO - Started process (PID=13196) to work on /Users/davispecia/Documents/GitHub/Pf_pipeline_dados/Projeto_final_fase3/venv/lib/python3.9/site-packages/airflow/example_dags/example_subdag_operator.py
[2025-11-27T15:10:00.615-0300] {processor.py:830} INFO - Processing file /Users/davispecia/Documents/GitHub/Pf_pipeline_dados/Projeto_final_fase3/venv/lib/python3.9/site-packages/airflow/example_dags/example_subdag_operator.py for tasks to queue
[2025-11-27T15:10:00.615-0300] {logging_mixin.py:188} INFO - [2025-11-27T15:10:00.615-0300] {dagbag.py:545} INFO - Filling up the DagBag from /Users/davispecia/Documents/GitHub/Pf_pipeline_dados/Projeto_final_fase3/venv/lib/python3.9/site-packages/airflow/example_dags/example_subdag_operator.py
[2025-11-27T15:10:00.675-0300] {processor.py:840} INFO - DAG(s) 'example_subdag_operator.section-1', 'example_subdag_operator.section-2', 'example_subdag_operator' retrieved from /Users/davispecia/Documents/GitHub/Pf_pipeline_dados/Projeto_final_fase3/venv/lib/python3.9/site-packages/airflow/example_dags/example_subdag_operator.py
[2025-11-27T15:10:00.711-0300] {logging_mixin.py:188} INFO - [2025-11-27T15:10:00.710-0300] {dag.py:3089} INFO - Sync 3 DAGs
[2025-11-27T15:10:00.719-0300] {logging_mixin.py:188} INFO - [2025-11-27T15:10:00.719-0300] {dag.py:3947} INFO - Setting next_dagrun for example_subdag_operator to 2022-01-01 00:00:00+00:00, run_after=2022-01-01 00:00:00+00:00
[2025-11-27T15:10:00.720-0300] {logging_mixin.py:188} INFO - [2025-11-27T15:10:00.720-0300] {dag.py:3947} INFO - Setting next_dagrun for example_subdag_operator.section-1 to None, run_after=None
[2025-11-27T15:10:00.721-0300] {logging_mixin.py:188} INFO - [2025-11-27T15:10:00.720-0300] {dag.py:3947} INFO - Setting next_dagrun for example_subdag_operator.section-2 to None, run_after=None
[2025-11-27T15:10:00.724-0300] {logging_mixin.py:188} INFO - [2025-11-27T15:10:00.724-0300] {dag.py:3089} INFO - Sync 2 DAGs
[2025-11-27T15:10:00.725-0300] {logging_mixin.py:188} INFO - [2025-11-27T15:10:00.725-0300] {dag.py:3947} INFO - Setting next_dagrun for example_subdag_operator.section-1 to None, run_after=None
[2025-11-27T15:10:00.725-0300] {logging_mixin.py:188} INFO - [2025-11-27T15:10:00.725-0300] {dag.py:3947} INFO - Setting next_dagrun for example_subdag_operator.section-2 to None, run_after=None
[2025-11-27T15:10:00.732-0300] {processor.py:183} INFO - Processing /Users/davispecia/Documents/GitHub/Pf_pipeline_dados/Projeto_final_fase3/venv/lib/python3.9/site-packages/airflow/example_dags/example_subdag_operator.py took 0.120 seconds
[2025-11-27T15:12:07.226-0300] {processor.py:161} INFO - Started process (PID=13561) to work on /Users/davispecia/Documents/GitHub/Pf_pipeline_dados/Projeto_final_fase3/venv/lib/python3.9/site-packages/airflow/example_dags/example_subdag_operator.py
[2025-11-27T15:12:07.227-0300] {processor.py:830} INFO - Processing file /Users/davispecia/Documents/GitHub/Pf_pipeline_dados/Projeto_final_fase3/venv/lib/python3.9/site-packages/airflow/example_dags/example_subdag_operator.py for tasks to queue
[2025-11-27T15:12:07.227-0300] {logging_mixin.py:188} INFO - [2025-11-27T15:12:07.227-0300] {dagbag.py:545} INFO - Filling up the DagBag from /Users/davispecia/Documents/GitHub/Pf_pipeline_dados/Projeto_final_fase3/venv/lib/python3.9/site-packages/airflow/example_dags/example_subdag_operator.py
[2025-11-27T15:12:07.277-0300] {processor.py:840} INFO - DAG(s) 'example_subdag_operator.section-1', 'example_subdag_operator.section-2', 'example_subdag_operator' retrieved from /Users/davispecia/Documents/GitHub/Pf_pipeline_dados/Projeto_final_fase3/venv/lib/python3.9/site-packages/airflow/example_dags/example_subdag_operator.py
[2025-11-27T15:12:07.316-0300] {logging_mixin.py:188} INFO - [2025-11-27T15:12:07.316-0300] {dag.py:3089} INFO - Sync 3 DAGs
[2025-11-27T15:12:07.324-0300] {logging_mixin.py:188} INFO - [2025-11-27T15:12:07.324-0300] {dag.py:3947} INFO - Setting next_dagrun for example_subdag_operator to 2022-01-01 00:00:00+00:00, run_after=2022-01-01 00:00:00+00:00
[2025-11-27T15:12:07.325-0300] {logging_mixin.py:188} INFO - [2025-11-27T15:12:07.325-0300] {dag.py:3947} INFO - Setting next_dagrun for example_subdag_operator.section-1 to None, run_after=None
[2025-11-27T15:12:07.326-0300] {logging_mixin.py:188} INFO - [2025-11-27T15:12:07.326-0300] {dag.py:3947} INFO - Setting next_dagrun for example_subdag_operator.section-2 to None, run_after=None
[2025-11-27T15:12:07.328-0300] {logging_mixin.py:188} INFO - [2025-11-27T15:12:07.328-0300] {dag.py:3089} INFO - Sync 2 DAGs
[2025-11-27T15:12:07.330-0300] {logging_mixin.py:188} INFO - [2025-11-27T15:12:07.330-0300] {dag.py:3947} INFO - Setting next_dagrun for example_subdag_operator.section-1 to None, run_after=None
[2025-11-27T15:12:07.330-0300] {logging_mixin.py:188} INFO - [2025-11-27T15:12:07.330-0300] {dag.py:3947} INFO - Setting next_dagrun for example_subdag_operator.section-2 to None, run_after=None
[2025-11-27T15:12:07.336-0300] {processor.py:183} INFO - Processing /Users/davispecia/Documents/GitHub/Pf_pipeline_dados/Projeto_final_fase3/venv/lib/python3.9/site-packages/airflow/example_dags/example_subdag_operator.py took 0.112 seconds
[2025-11-27T15:13:17.103-0300] {processor.py:161} INFO - Started process (PID=13816) to work on /Users/davispecia/Documents/GitHub/Pf_pipeline_dados/Projeto_final_fase3/venv/lib/python3.9/site-packages/airflow/example_dags/example_subdag_operator.py
[2025-11-27T15:13:17.104-0300] {processor.py:830} INFO - Processing file /Users/davispecia/Documents/GitHub/Pf_pipeline_dados/Projeto_final_fase3/venv/lib/python3.9/site-packages/airflow/example_dags/example_subdag_operator.py for tasks to queue
[2025-11-27T15:13:17.104-0300] {logging_mixin.py:188} INFO - [2025-11-27T15:13:17.104-0300] {dagbag.py:545} INFO - Filling up the DagBag from /Users/davispecia/Documents/GitHub/Pf_pipeline_dados/Projeto_final_fase3/venv/lib/python3.9/site-packages/airflow/example_dags/example_subdag_operator.py
[2025-11-27T15:13:17.152-0300] {processor.py:840} INFO - DAG(s) 'example_subdag_operator.section-1', 'example_subdag_operator.section-2', 'example_subdag_operator' retrieved from /Users/davispecia/Documents/GitHub/Pf_pipeline_dados/Projeto_final_fase3/venv/lib/python3.9/site-packages/airflow/example_dags/example_subdag_operator.py
[2025-11-27T15:13:17.188-0300] {logging_mixin.py:188} INFO - [2025-11-27T15:13:17.188-0300] {dag.py:3089} INFO - Sync 3 DAGs
[2025-11-27T15:13:17.196-0300] {logging_mixin.py:188} INFO - [2025-11-27T15:13:17.196-0300] {dag.py:3947} INFO - Setting next_dagrun for example_subdag_operator to 2022-01-01 00:00:00+00:00, run_after=2022-01-01 00:00:00+00:00
[2025-11-27T15:13:17.198-0300] {logging_mixin.py:188} INFO - [2025-11-27T15:13:17.198-0300] {dag.py:3947} INFO - Setting next_dagrun for example_subdag_operator.section-1 to None, run_after=None
[2025-11-27T15:13:17.198-0300] {logging_mixin.py:188} INFO - [2025-11-27T15:13:17.198-0300] {dag.py:3947} INFO - Setting next_dagrun for example_subdag_operator.section-2 to None, run_after=None
[2025-11-27T15:13:17.201-0300] {logging_mixin.py:188} INFO - [2025-11-27T15:13:17.201-0300] {dag.py:3089} INFO - Sync 2 DAGs
[2025-11-27T15:13:17.202-0300] {logging_mixin.py:188} INFO - [2025-11-27T15:13:17.202-0300] {dag.py:3947} INFO - Setting next_dagrun for example_subdag_operator.section-1 to None, run_after=None
[2025-11-27T15:13:17.203-0300] {logging_mixin.py:188} INFO - [2025-11-27T15:13:17.202-0300] {dag.py:3947} INFO - Setting next_dagrun for example_subdag_operator.section-2 to None, run_after=None
[2025-11-27T15:13:17.208-0300] {processor.py:183} INFO - Processing /Users/davispecia/Documents/GitHub/Pf_pipeline_dados/Projeto_final_fase3/venv/lib/python3.9/site-packages/airflow/example_dags/example_subdag_operator.py took 0.107 seconds
[2025-11-27T15:15:11.824-0300] {processor.py:161} INFO - Started process (PID=14091) to work on /Users/davispecia/Documents/GitHub/Pf_pipeline_dados/Projeto_final_fase3/venv/lib/python3.9/site-packages/airflow/example_dags/example_subdag_operator.py
[2025-11-27T15:15:11.825-0300] {processor.py:830} INFO - Processing file /Users/davispecia/Documents/GitHub/Pf_pipeline_dados/Projeto_final_fase3/venv/lib/python3.9/site-packages/airflow/example_dags/example_subdag_operator.py for tasks to queue
[2025-11-27T15:15:11.825-0300] {logging_mixin.py:188} INFO - [2025-11-27T15:15:11.825-0300] {dagbag.py:545} INFO - Filling up the DagBag from /Users/davispecia/Documents/GitHub/Pf_pipeline_dados/Projeto_final_fase3/venv/lib/python3.9/site-packages/airflow/example_dags/example_subdag_operator.py
[2025-11-27T15:15:11.876-0300] {processor.py:840} INFO - DAG(s) 'example_subdag_operator.section-1', 'example_subdag_operator.section-2', 'example_subdag_operator' retrieved from /Users/davispecia/Documents/GitHub/Pf_pipeline_dados/Projeto_final_fase3/venv/lib/python3.9/site-packages/airflow/example_dags/example_subdag_operator.py
[2025-11-27T15:15:11.916-0300] {logging_mixin.py:188} INFO - [2025-11-27T15:15:11.916-0300] {dag.py:3089} INFO - Sync 3 DAGs
[2025-11-27T15:15:11.924-0300] {logging_mixin.py:188} INFO - [2025-11-27T15:15:11.924-0300] {dag.py:3947} INFO - Setting next_dagrun for example_subdag_operator to 2022-01-01 00:00:00+00:00, run_after=2022-01-01 00:00:00+00:00
[2025-11-27T15:15:11.926-0300] {logging_mixin.py:188} INFO - [2025-11-27T15:15:11.925-0300] {dag.py:3947} INFO - Setting next_dagrun for example_subdag_operator.section-1 to None, run_after=None
[2025-11-27T15:15:11.926-0300] {logging_mixin.py:188} INFO - [2025-11-27T15:15:11.926-0300] {dag.py:3947} INFO - Setting next_dagrun for example_subdag_operator.section-2 to None, run_after=None
[2025-11-27T15:15:11.929-0300] {logging_mixin.py:188} INFO - [2025-11-27T15:15:11.929-0300] {dag.py:3089} INFO - Sync 2 DAGs
[2025-11-27T15:15:11.930-0300] {logging_mixin.py:188} INFO - [2025-11-27T15:15:11.930-0300] {dag.py:3947} INFO - Setting next_dagrun for example_subdag_operator.section-1 to None, run_after=None
[2025-11-27T15:15:11.930-0300] {logging_mixin.py:188} INFO - [2025-11-27T15:15:11.930-0300] {dag.py:3947} INFO - Setting next_dagrun for example_subdag_operator.section-2 to None, run_after=None
[2025-11-27T15:15:11.936-0300] {processor.py:183} INFO - Processing /Users/davispecia/Documents/GitHub/Pf_pipeline_dados/Projeto_final_fase3/venv/lib/python3.9/site-packages/airflow/example_dags/example_subdag_operator.py took 0.115 seconds
[2025-11-27T15:17:12.822-0300] {processor.py:161} INFO - Started process (PID=14387) to work on /Users/davispecia/Documents/GitHub/Pf_pipeline_dados/Projeto_final_fase3/venv/lib/python3.9/site-packages/airflow/example_dags/example_subdag_operator.py
[2025-11-27T15:17:12.822-0300] {processor.py:830} INFO - Processing file /Users/davispecia/Documents/GitHub/Pf_pipeline_dados/Projeto_final_fase3/venv/lib/python3.9/site-packages/airflow/example_dags/example_subdag_operator.py for tasks to queue
[2025-11-27T15:17:12.823-0300] {logging_mixin.py:188} INFO - [2025-11-27T15:17:12.823-0300] {dagbag.py:545} INFO - Filling up the DagBag from /Users/davispecia/Documents/GitHub/Pf_pipeline_dados/Projeto_final_fase3/venv/lib/python3.9/site-packages/airflow/example_dags/example_subdag_operator.py
[2025-11-27T15:17:12.871-0300] {processor.py:840} INFO - DAG(s) 'example_subdag_operator.section-1', 'example_subdag_operator.section-2', 'example_subdag_operator' retrieved from /Users/davispecia/Documents/GitHub/Pf_pipeline_dados/Projeto_final_fase3/venv/lib/python3.9/site-packages/airflow/example_dags/example_subdag_operator.py
[2025-11-27T15:17:12.907-0300] {logging_mixin.py:188} INFO - [2025-11-27T15:17:12.907-0300] {dag.py:3089} INFO - Sync 3 DAGs
[2025-11-27T15:17:12.915-0300] {logging_mixin.py:188} INFO - [2025-11-27T15:17:12.915-0300] {dag.py:3947} INFO - Setting next_dagrun for example_subdag_operator to 2022-01-01 00:00:00+00:00, run_after=2022-01-01 00:00:00+00:00
[2025-11-27T15:17:12.917-0300] {logging_mixin.py:188} INFO - [2025-11-27T15:17:12.917-0300] {dag.py:3947} INFO - Setting next_dagrun for example_subdag_operator.section-1 to None, run_after=None
[2025-11-27T15:17:12.917-0300] {logging_mixin.py:188} INFO - [2025-11-27T15:17:12.917-0300] {dag.py:3947} INFO - Setting next_dagrun for example_subdag_operator.section-2 to None, run_after=None
[2025-11-27T15:17:12.920-0300] {logging_mixin.py:188} INFO - [2025-11-27T15:17:12.920-0300] {dag.py:3089} INFO - Sync 2 DAGs
[2025-11-27T15:17:12.921-0300] {logging_mixin.py:188} INFO - [2025-11-27T15:17:12.921-0300] {dag.py:3947} INFO - Setting next_dagrun for example_subdag_operator.section-1 to None, run_after=None
[2025-11-27T15:17:12.922-0300] {logging_mixin.py:188} INFO - [2025-11-27T15:17:12.921-0300] {dag.py:3947} INFO - Setting next_dagrun for example_subdag_operator.section-2 to None, run_after=None
[2025-11-27T15:17:12.928-0300] {processor.py:183} INFO - Processing /Users/davispecia/Documents/GitHub/Pf_pipeline_dados/Projeto_final_fase3/venv/lib/python3.9/site-packages/airflow/example_dags/example_subdag_operator.py took 0.108 seconds
[2025-11-27T15:18:25.693-0300] {processor.py:161} INFO - Started process (PID=14627) to work on /Users/davispecia/Documents/GitHub/Pf_pipeline_dados/Projeto_final_fase3/venv/lib/python3.9/site-packages/airflow/example_dags/example_subdag_operator.py
[2025-11-27T15:18:25.694-0300] {processor.py:830} INFO - Processing file /Users/davispecia/Documents/GitHub/Pf_pipeline_dados/Projeto_final_fase3/venv/lib/python3.9/site-packages/airflow/example_dags/example_subdag_operator.py for tasks to queue
[2025-11-27T15:18:25.694-0300] {logging_mixin.py:188} INFO - [2025-11-27T15:18:25.694-0300] {dagbag.py:545} INFO - Filling up the DagBag from /Users/davispecia/Documents/GitHub/Pf_pipeline_dados/Projeto_final_fase3/venv/lib/python3.9/site-packages/airflow/example_dags/example_subdag_operator.py
[2025-11-27T15:18:25.743-0300] {processor.py:840} INFO - DAG(s) 'example_subdag_operator.section-1', 'example_subdag_operator.section-2', 'example_subdag_operator' retrieved from /Users/davispecia/Documents/GitHub/Pf_pipeline_dados/Projeto_final_fase3/venv/lib/python3.9/site-packages/airflow/example_dags/example_subdag_operator.py
[2025-11-27T15:18:25.780-0300] {logging_mixin.py:188} INFO - [2025-11-27T15:18:25.780-0300] {dag.py:3089} INFO - Sync 3 DAGs
[2025-11-27T15:18:25.788-0300] {logging_mixin.py:188} INFO - [2025-11-27T15:18:25.788-0300] {dag.py:3947} INFO - Setting next_dagrun for example_subdag_operator to 2022-01-01 00:00:00+00:00, run_after=2022-01-01 00:00:00+00:00
[2025-11-27T15:18:25.789-0300] {logging_mixin.py:188} INFO - [2025-11-27T15:18:25.789-0300] {dag.py:3947} INFO - Setting next_dagrun for example_subdag_operator.section-1 to None, run_after=None
[2025-11-27T15:18:25.790-0300] {logging_mixin.py:188} INFO - [2025-11-27T15:18:25.790-0300] {dag.py:3947} INFO - Setting next_dagrun for example_subdag_operator.section-2 to None, run_after=None
[2025-11-27T15:18:25.792-0300] {logging_mixin.py:188} INFO - [2025-11-27T15:18:25.792-0300] {dag.py:3089} INFO - Sync 2 DAGs
[2025-11-27T15:18:25.794-0300] {logging_mixin.py:188} INFO - [2025-11-27T15:18:25.794-0300] {dag.py:3947} INFO - Setting next_dagrun for example_subdag_operator.section-1 to None, run_after=None
[2025-11-27T15:18:25.794-0300] {logging_mixin.py:188} INFO - [2025-11-27T15:18:25.794-0300] {dag.py:3947} INFO - Setting next_dagrun for example_subdag_operator.section-2 to None, run_after=None
[2025-11-27T15:18:25.800-0300] {processor.py:183} INFO - Processing /Users/davispecia/Documents/GitHub/Pf_pipeline_dados/Projeto_final_fase3/venv/lib/python3.9/site-packages/airflow/example_dags/example_subdag_operator.py took 0.110 seconds
[2025-11-27T15:24:00.268-0300] {processor.py:161} INFO - Started process (PID=14973) to work on /Users/davispecia/Documents/GitHub/Pf_pipeline_dados/Projeto_final_fase3/venv/lib/python3.9/site-packages/airflow/example_dags/example_subdag_operator.py
[2025-11-27T15:24:00.268-0300] {processor.py:830} INFO - Processing file /Users/davispecia/Documents/GitHub/Pf_pipeline_dados/Projeto_final_fase3/venv/lib/python3.9/site-packages/airflow/example_dags/example_subdag_operator.py for tasks to queue
[2025-11-27T15:24:00.269-0300] {logging_mixin.py:188} INFO - [2025-11-27T15:24:00.269-0300] {dagbag.py:545} INFO - Filling up the DagBag from /Users/davispecia/Documents/GitHub/Pf_pipeline_dados/Projeto_final_fase3/venv/lib/python3.9/site-packages/airflow/example_dags/example_subdag_operator.py
[2025-11-27T15:24:00.319-0300] {processor.py:840} INFO - DAG(s) 'example_subdag_operator.section-1', 'example_subdag_operator.section-2', 'example_subdag_operator' retrieved from /Users/davispecia/Documents/GitHub/Pf_pipeline_dados/Projeto_final_fase3/venv/lib/python3.9/site-packages/airflow/example_dags/example_subdag_operator.py
[2025-11-27T15:24:00.356-0300] {logging_mixin.py:188} INFO - [2025-11-27T15:24:00.356-0300] {dag.py:3089} INFO - Sync 3 DAGs
[2025-11-27T15:24:00.365-0300] {logging_mixin.py:188} INFO - [2025-11-27T15:24:00.365-0300] {dag.py:3947} INFO - Setting next_dagrun for example_subdag_operator to 2022-01-01 00:00:00+00:00, run_after=2022-01-01 00:00:00+00:00
[2025-11-27T15:24:00.367-0300] {logging_mixin.py:188} INFO - [2025-11-27T15:24:00.366-0300] {dag.py:3947} INFO - Setting next_dagrun for example_subdag_operator.section-1 to None, run_after=None
[2025-11-27T15:24:00.367-0300] {logging_mixin.py:188} INFO - [2025-11-27T15:24:00.367-0300] {dag.py:3947} INFO - Setting next_dagrun for example_subdag_operator.section-2 to None, run_after=None
[2025-11-27T15:24:00.370-0300] {logging_mixin.py:188} INFO - [2025-11-27T15:24:00.370-0300] {dag.py:3089} INFO - Sync 2 DAGs
[2025-11-27T15:24:00.371-0300] {logging_mixin.py:188} INFO - [2025-11-27T15:24:00.371-0300] {dag.py:3947} INFO - Setting next_dagrun for example_subdag_operator.section-1 to None, run_after=None
[2025-11-27T15:24:00.371-0300] {logging_mixin.py:188} INFO - [2025-11-27T15:24:00.371-0300] {dag.py:3947} INFO - Setting next_dagrun for example_subdag_operator.section-2 to None, run_after=None
[2025-11-27T15:24:00.377-0300] {processor.py:183} INFO - Processing /Users/davispecia/Documents/GitHub/Pf_pipeline_dados/Projeto_final_fase3/venv/lib/python3.9/site-packages/airflow/example_dags/example_subdag_operator.py took 0.112 seconds
[2025-11-27T15:26:12.950-0300] {processor.py:161} INFO - Started process (PID=15359) to work on /Users/davispecia/Documents/GitHub/Pf_pipeline_dados/Projeto_final_fase3/venv/lib/python3.9/site-packages/airflow/example_dags/example_subdag_operator.py
[2025-11-27T15:26:12.951-0300] {processor.py:830} INFO - Processing file /Users/davispecia/Documents/GitHub/Pf_pipeline_dados/Projeto_final_fase3/venv/lib/python3.9/site-packages/airflow/example_dags/example_subdag_operator.py for tasks to queue
[2025-11-27T15:26:12.952-0300] {logging_mixin.py:188} INFO - [2025-11-27T15:26:12.951-0300] {dagbag.py:545} INFO - Filling up the DagBag from /Users/davispecia/Documents/GitHub/Pf_pipeline_dados/Projeto_final_fase3/venv/lib/python3.9/site-packages/airflow/example_dags/example_subdag_operator.py
[2025-11-27T15:26:13.003-0300] {processor.py:840} INFO - DAG(s) 'example_subdag_operator.section-1', 'example_subdag_operator.section-2', 'example_subdag_operator' retrieved from /Users/davispecia/Documents/GitHub/Pf_pipeline_dados/Projeto_final_fase3/venv/lib/python3.9/site-packages/airflow/example_dags/example_subdag_operator.py
[2025-11-27T15:26:13.044-0300] {logging_mixin.py:188} INFO - [2025-11-27T15:26:13.044-0300] {dag.py:3089} INFO - Sync 3 DAGs
[2025-11-27T15:26:13.052-0300] {logging_mixin.py:188} INFO - [2025-11-27T15:26:13.052-0300] {dag.py:3947} INFO - Setting next_dagrun for example_subdag_operator to 2022-01-01 00:00:00+00:00, run_after=2022-01-01 00:00:00+00:00
[2025-11-27T15:26:13.053-0300] {logging_mixin.py:188} INFO - [2025-11-27T15:26:13.053-0300] {dag.py:3947} INFO - Setting next_dagrun for example_subdag_operator.section-1 to None, run_after=None
[2025-11-27T15:26:13.054-0300] {logging_mixin.py:188} INFO - [2025-11-27T15:26:13.054-0300] {dag.py:3947} INFO - Setting next_dagrun for example_subdag_operator.section-2 to None, run_after=None
[2025-11-27T15:26:13.057-0300] {logging_mixin.py:188} INFO - [2025-11-27T15:26:13.056-0300] {dag.py:3089} INFO - Sync 2 DAGs
[2025-11-27T15:26:13.058-0300] {logging_mixin.py:188} INFO - [2025-11-27T15:26:13.058-0300] {dag.py:3947} INFO - Setting next_dagrun for example_subdag_operator.section-1 to None, run_after=None
[2025-11-27T15:26:13.058-0300] {logging_mixin.py:188} INFO - [2025-11-27T15:26:13.058-0300] {dag.py:3947} INFO - Setting next_dagrun for example_subdag_operator.section-2 to None, run_after=None
[2025-11-27T15:26:13.064-0300] {processor.py:183} INFO - Processing /Users/davispecia/Documents/GitHub/Pf_pipeline_dados/Projeto_final_fase3/venv/lib/python3.9/site-packages/airflow/example_dags/example_subdag_operator.py took 0.116 seconds
