[2025-11-27T11:12:56.032-0300] {processor.py:161} INFO - Started process (PID=88977) to work on /Users/davispecia/Documents/GitHub/Pf_pipeline_dados/Projeto_final_fase3/venv/lib/python3.9/site-packages/airflow/example_dags/example_datasets.py
[2025-11-27T11:12:56.033-0300] {processor.py:830} INFO - Processing file /Users/davispecia/Documents/GitHub/Pf_pipeline_dados/Projeto_final_fase3/venv/lib/python3.9/site-packages/airflow/example_dags/example_datasets.py for tasks to queue
[2025-11-27T11:12:56.033-0300] {logging_mixin.py:188} INFO - [2025-11-27T11:12:56.033-0300] {dagbag.py:545} INFO - Filling up the DagBag from /Users/davispecia/Documents/GitHub/Pf_pipeline_dados/Projeto_final_fase3/venv/lib/python3.9/site-packages/airflow/example_dags/example_datasets.py
[2025-11-27T11:12:56.063-0300] {processor.py:840} INFO - DAG(s) 'consume_1_or_2_with_dataset_expressions', 'dataset_produces_2', 'dataset_produces_1', 'consume_1_and_2_with_dataset_expressions', 'dataset_consumes_1_never_scheduled', 'consume_1_or_both_2_and_3_with_dataset_expressions', 'dataset_consumes_unknown_never_scheduled', 'dataset_consumes_1_and_2', 'conditional_dataset_and_time_based_timetable', 'dataset_consumes_1' retrieved from /Users/davispecia/Documents/GitHub/Pf_pipeline_dados/Projeto_final_fase3/venv/lib/python3.9/site-packages/airflow/example_dags/example_datasets.py
[2025-11-27T11:12:56.176-0300] {logging_mixin.py:188} INFO - [2025-11-27T11:12:56.176-0300] {override.py:1858} INFO - Created Permission View: can read on DAG:consume_1_or_2_with_dataset_expressions
[2025-11-27T11:12:56.180-0300] {logging_mixin.py:188} INFO - [2025-11-27T11:12:56.180-0300] {override.py:1858} INFO - Created Permission View: can edit on DAG:consume_1_or_2_with_dataset_expressions
[2025-11-27T11:12:56.183-0300] {logging_mixin.py:188} INFO - [2025-11-27T11:12:56.183-0300] {override.py:1858} INFO - Created Permission View: can delete on DAG:consume_1_or_2_with_dataset_expressions
[2025-11-27T11:12:56.188-0300] {logging_mixin.py:188} INFO - [2025-11-27T11:12:56.187-0300] {override.py:1858} INFO - Created Permission View: can read on DAG:dataset_produces_2
[2025-11-27T11:12:56.190-0300] {logging_mixin.py:188} INFO - [2025-11-27T11:12:56.190-0300] {override.py:1858} INFO - Created Permission View: can edit on DAG:dataset_produces_2
[2025-11-27T11:12:56.192-0300] {logging_mixin.py:188} INFO - [2025-11-27T11:12:56.192-0300] {override.py:1858} INFO - Created Permission View: can delete on DAG:dataset_produces_2
[2025-11-27T11:12:56.197-0300] {logging_mixin.py:188} INFO - [2025-11-27T11:12:56.197-0300] {override.py:1858} INFO - Created Permission View: can read on DAG:dataset_produces_1
[2025-11-27T11:12:56.199-0300] {logging_mixin.py:188} INFO - [2025-11-27T11:12:56.199-0300] {override.py:1858} INFO - Created Permission View: can edit on DAG:dataset_produces_1
[2025-11-27T11:12:56.201-0300] {logging_mixin.py:188} INFO - [2025-11-27T11:12:56.201-0300] {override.py:1858} INFO - Created Permission View: can delete on DAG:dataset_produces_1
[2025-11-27T11:12:56.206-0300] {logging_mixin.py:188} INFO - [2025-11-27T11:12:56.206-0300] {override.py:1858} INFO - Created Permission View: can read on DAG:consume_1_and_2_with_dataset_expressions
[2025-11-27T11:12:56.208-0300] {logging_mixin.py:188} INFO - [2025-11-27T11:12:56.208-0300] {override.py:1858} INFO - Created Permission View: can edit on DAG:consume_1_and_2_with_dataset_expressions
[2025-11-27T11:12:56.210-0300] {logging_mixin.py:188} INFO - [2025-11-27T11:12:56.210-0300] {override.py:1858} INFO - Created Permission View: can delete on DAG:consume_1_and_2_with_dataset_expressions
[2025-11-27T11:12:56.215-0300] {logging_mixin.py:188} INFO - [2025-11-27T11:12:56.215-0300] {override.py:1858} INFO - Created Permission View: can read on DAG:dataset_consumes_1_never_scheduled
[2025-11-27T11:12:56.218-0300] {logging_mixin.py:188} INFO - [2025-11-27T11:12:56.218-0300] {override.py:1858} INFO - Created Permission View: can edit on DAG:dataset_consumes_1_never_scheduled
[2025-11-27T11:12:56.220-0300] {logging_mixin.py:188} INFO - [2025-11-27T11:12:56.220-0300] {override.py:1858} INFO - Created Permission View: can delete on DAG:dataset_consumes_1_never_scheduled
[2025-11-27T11:12:56.225-0300] {logging_mixin.py:188} INFO - [2025-11-27T11:12:56.225-0300] {override.py:1858} INFO - Created Permission View: can read on DAG:consume_1_or_both_2_and_3_with_dataset_expressions
[2025-11-27T11:12:56.228-0300] {logging_mixin.py:188} INFO - [2025-11-27T11:12:56.228-0300] {override.py:1858} INFO - Created Permission View: can edit on DAG:consume_1_or_both_2_and_3_with_dataset_expressions
[2025-11-27T11:12:56.230-0300] {logging_mixin.py:188} INFO - [2025-11-27T11:12:56.230-0300] {override.py:1858} INFO - Created Permission View: can delete on DAG:consume_1_or_both_2_and_3_with_dataset_expressions
[2025-11-27T11:12:56.235-0300] {logging_mixin.py:188} INFO - [2025-11-27T11:12:56.235-0300] {override.py:1858} INFO - Created Permission View: can read on DAG:dataset_consumes_unknown_never_scheduled
[2025-11-27T11:12:56.238-0300] {logging_mixin.py:188} INFO - [2025-11-27T11:12:56.237-0300] {override.py:1858} INFO - Created Permission View: can edit on DAG:dataset_consumes_unknown_never_scheduled
[2025-11-27T11:12:56.240-0300] {logging_mixin.py:188} INFO - [2025-11-27T11:12:56.240-0300] {override.py:1858} INFO - Created Permission View: can delete on DAG:dataset_consumes_unknown_never_scheduled
[2025-11-27T11:12:56.245-0300] {logging_mixin.py:188} INFO - [2025-11-27T11:12:56.244-0300] {override.py:1858} INFO - Created Permission View: can read on DAG:dataset_consumes_1_and_2
[2025-11-27T11:12:56.247-0300] {logging_mixin.py:188} INFO - [2025-11-27T11:12:56.247-0300] {override.py:1858} INFO - Created Permission View: can edit on DAG:dataset_consumes_1_and_2
[2025-11-27T11:12:56.249-0300] {logging_mixin.py:188} INFO - [2025-11-27T11:12:56.249-0300] {override.py:1858} INFO - Created Permission View: can delete on DAG:dataset_consumes_1_and_2
[2025-11-27T11:12:56.254-0300] {logging_mixin.py:188} INFO - [2025-11-27T11:12:56.253-0300] {override.py:1858} INFO - Created Permission View: can read on DAG:conditional_dataset_and_time_based_timetable
[2025-11-27T11:12:56.256-0300] {logging_mixin.py:188} INFO - [2025-11-27T11:12:56.256-0300] {override.py:1858} INFO - Created Permission View: can edit on DAG:conditional_dataset_and_time_based_timetable
[2025-11-27T11:12:56.258-0300] {logging_mixin.py:188} INFO - [2025-11-27T11:12:56.258-0300] {override.py:1858} INFO - Created Permission View: can delete on DAG:conditional_dataset_and_time_based_timetable
[2025-11-27T11:12:56.262-0300] {logging_mixin.py:188} INFO - [2025-11-27T11:12:56.262-0300] {override.py:1858} INFO - Created Permission View: can read on DAG:dataset_consumes_1
[2025-11-27T11:12:56.265-0300] {logging_mixin.py:188} INFO - [2025-11-27T11:12:56.264-0300] {override.py:1858} INFO - Created Permission View: can edit on DAG:dataset_consumes_1
[2025-11-27T11:12:56.267-0300] {logging_mixin.py:188} INFO - [2025-11-27T11:12:56.267-0300] {override.py:1858} INFO - Created Permission View: can delete on DAG:dataset_consumes_1
[2025-11-27T11:12:56.267-0300] {logging_mixin.py:188} INFO - [2025-11-27T11:12:56.267-0300] {dag.py:3089} INFO - Sync 10 DAGs
[2025-11-27T11:12:56.272-0300] {logging_mixin.py:188} INFO - [2025-11-27T11:12:56.272-0300] {dag.py:3111} INFO - Creating ORM DAG for consume_1_or_both_2_and_3_with_dataset_expressions
[2025-11-27T11:12:56.272-0300] {logging_mixin.py:188} INFO - [2025-11-27T11:12:56.272-0300] {dag.py:3111} INFO - Creating ORM DAG for dataset_produces_1
[2025-11-27T11:12:56.272-0300] {logging_mixin.py:188} INFO - [2025-11-27T11:12:56.272-0300] {dag.py:3111} INFO - Creating ORM DAG for conditional_dataset_and_time_based_timetable
[2025-11-27T11:12:56.273-0300] {logging_mixin.py:188} INFO - [2025-11-27T11:12:56.273-0300] {dag.py:3111} INFO - Creating ORM DAG for dataset_consumes_1_never_scheduled
[2025-11-27T11:12:56.273-0300] {logging_mixin.py:188} INFO - [2025-11-27T11:12:56.273-0300] {dag.py:3111} INFO - Creating ORM DAG for dataset_consumes_1
[2025-11-27T11:12:56.273-0300] {logging_mixin.py:188} INFO - [2025-11-27T11:12:56.273-0300] {dag.py:3111} INFO - Creating ORM DAG for consume_1_and_2_with_dataset_expressions
[2025-11-27T11:12:56.273-0300] {logging_mixin.py:188} INFO - [2025-11-27T11:12:56.273-0300] {dag.py:3111} INFO - Creating ORM DAG for dataset_produces_2
[2025-11-27T11:12:56.274-0300] {logging_mixin.py:188} INFO - [2025-11-27T11:12:56.274-0300] {dag.py:3111} INFO - Creating ORM DAG for consume_1_or_2_with_dataset_expressions
[2025-11-27T11:12:56.274-0300] {logging_mixin.py:188} INFO - [2025-11-27T11:12:56.274-0300] {dag.py:3111} INFO - Creating ORM DAG for dataset_consumes_unknown_never_scheduled
[2025-11-27T11:12:56.274-0300] {logging_mixin.py:188} INFO - [2025-11-27T11:12:56.274-0300] {dag.py:3111} INFO - Creating ORM DAG for dataset_consumes_1_and_2
[2025-11-27T11:12:56.278-0300] {logging_mixin.py:188} INFO - [2025-11-27T11:12:56.278-0300] {dag.py:3947} INFO - Setting next_dagrun for conditional_dataset_and_time_based_timetable to 2025-11-26 01:00:00+00:00, run_after=2025-11-26 01:00:00+00:00
[2025-11-27T11:12:56.279-0300] {logging_mixin.py:188} INFO - [2025-11-27T11:12:56.279-0300] {dag.py:3947} INFO - Setting next_dagrun for consume_1_and_2_with_dataset_expressions to None, run_after=None
[2025-11-27T11:12:56.279-0300] {logging_mixin.py:188} INFO - [2025-11-27T11:12:56.279-0300] {dag.py:3947} INFO - Setting next_dagrun for consume_1_or_2_with_dataset_expressions to None, run_after=None
[2025-11-27T11:12:56.279-0300] {logging_mixin.py:188} INFO - [2025-11-27T11:12:56.279-0300] {dag.py:3947} INFO - Setting next_dagrun for consume_1_or_both_2_and_3_with_dataset_expressions to None, run_after=None
[2025-11-27T11:12:56.279-0300] {logging_mixin.py:188} INFO - [2025-11-27T11:12:56.279-0300] {dag.py:3947} INFO - Setting next_dagrun for dataset_consumes_1 to None, run_after=None
[2025-11-27T11:12:56.280-0300] {logging_mixin.py:188} INFO - [2025-11-27T11:12:56.280-0300] {dag.py:3947} INFO - Setting next_dagrun for dataset_consumes_1_and_2 to None, run_after=None
[2025-11-27T11:12:56.280-0300] {logging_mixin.py:188} INFO - [2025-11-27T11:12:56.280-0300] {dag.py:3947} INFO - Setting next_dagrun for dataset_consumes_1_never_scheduled to None, run_after=None
[2025-11-27T11:12:56.280-0300] {logging_mixin.py:188} INFO - [2025-11-27T11:12:56.280-0300] {dag.py:3947} INFO - Setting next_dagrun for dataset_consumes_unknown_never_scheduled to None, run_after=None
[2025-11-27T11:12:56.281-0300] {logging_mixin.py:188} INFO - [2025-11-27T11:12:56.281-0300] {dag.py:3947} INFO - Setting next_dagrun for dataset_produces_1 to 2025-11-26 00:00:00+00:00, run_after=2025-11-27 00:00:00+00:00
[2025-11-27T11:12:56.281-0300] {logging_mixin.py:188} INFO - [2025-11-27T11:12:56.281-0300] {dag.py:3947} INFO - Setting next_dagrun for dataset_produces_2 to None, run_after=None
[2025-11-27T11:12:56.298-0300] {processor.py:183} INFO - Processing /Users/davispecia/Documents/GitHub/Pf_pipeline_dados/Projeto_final_fase3/venv/lib/python3.9/site-packages/airflow/example_dags/example_datasets.py took 0.268 seconds
[2025-11-27T11:15:12.741-0300] {processor.py:161} INFO - Started process (PID=90142) to work on /Users/davispecia/Documents/GitHub/Pf_pipeline_dados/Projeto_final_fase3/venv/lib/python3.9/site-packages/airflow/example_dags/example_datasets.py
[2025-11-27T11:15:12.742-0300] {processor.py:830} INFO - Processing file /Users/davispecia/Documents/GitHub/Pf_pipeline_dados/Projeto_final_fase3/venv/lib/python3.9/site-packages/airflow/example_dags/example_datasets.py for tasks to queue
[2025-11-27T11:15:12.742-0300] {logging_mixin.py:188} INFO - [2025-11-27T11:15:12.742-0300] {dagbag.py:545} INFO - Filling up the DagBag from /Users/davispecia/Documents/GitHub/Pf_pipeline_dados/Projeto_final_fase3/venv/lib/python3.9/site-packages/airflow/example_dags/example_datasets.py
[2025-11-27T11:15:12.774-0300] {processor.py:840} INFO - DAG(s) 'consume_1_and_2_with_dataset_expressions', 'conditional_dataset_and_time_based_timetable', 'consume_1_or_2_with_dataset_expressions', 'dataset_produces_2', 'consume_1_or_both_2_and_3_with_dataset_expressions', 'dataset_produces_1', 'dataset_consumes_1', 'dataset_consumes_1_and_2', 'dataset_consumes_1_never_scheduled', 'dataset_consumes_unknown_never_scheduled' retrieved from /Users/davispecia/Documents/GitHub/Pf_pipeline_dados/Projeto_final_fase3/venv/lib/python3.9/site-packages/airflow/example_dags/example_datasets.py
[2025-11-27T11:15:12.885-0300] {logging_mixin.py:188} INFO - [2025-11-27T11:15:12.885-0300] {dag.py:3089} INFO - Sync 10 DAGs
[2025-11-27T11:15:12.898-0300] {logging_mixin.py:188} INFO - [2025-11-27T11:15:12.897-0300] {dag.py:3947} INFO - Setting next_dagrun for conditional_dataset_and_time_based_timetable to 2025-11-26 01:00:00+00:00, run_after=2025-11-26 01:00:00+00:00
[2025-11-27T11:15:12.899-0300] {logging_mixin.py:188} INFO - [2025-11-27T11:15:12.899-0300] {dag.py:3947} INFO - Setting next_dagrun for consume_1_and_2_with_dataset_expressions to None, run_after=None
[2025-11-27T11:15:12.900-0300] {logging_mixin.py:188} INFO - [2025-11-27T11:15:12.900-0300] {dag.py:3947} INFO - Setting next_dagrun for consume_1_or_2_with_dataset_expressions to None, run_after=None
[2025-11-27T11:15:12.900-0300] {logging_mixin.py:188} INFO - [2025-11-27T11:15:12.900-0300] {dag.py:3947} INFO - Setting next_dagrun for consume_1_or_both_2_and_3_with_dataset_expressions to None, run_after=None
[2025-11-27T11:15:12.901-0300] {logging_mixin.py:188} INFO - [2025-11-27T11:15:12.901-0300] {dag.py:3947} INFO - Setting next_dagrun for dataset_consumes_1 to None, run_after=None
[2025-11-27T11:15:12.902-0300] {logging_mixin.py:188} INFO - [2025-11-27T11:15:12.902-0300] {dag.py:3947} INFO - Setting next_dagrun for dataset_consumes_1_and_2 to None, run_after=None
[2025-11-27T11:15:12.902-0300] {logging_mixin.py:188} INFO - [2025-11-27T11:15:12.902-0300] {dag.py:3947} INFO - Setting next_dagrun for dataset_consumes_1_never_scheduled to None, run_after=None
[2025-11-27T11:15:12.902-0300] {logging_mixin.py:188} INFO - [2025-11-27T11:15:12.902-0300] {dag.py:3947} INFO - Setting next_dagrun for dataset_consumes_unknown_never_scheduled to None, run_after=None
[2025-11-27T11:15:12.904-0300] {logging_mixin.py:188} INFO - [2025-11-27T11:15:12.903-0300] {dag.py:3947} INFO - Setting next_dagrun for dataset_produces_1 to 2025-11-26 00:00:00+00:00, run_after=2025-11-27 00:00:00+00:00
[2025-11-27T11:15:12.904-0300] {logging_mixin.py:188} INFO - [2025-11-27T11:15:12.904-0300] {dag.py:3947} INFO - Setting next_dagrun for dataset_produces_2 to None, run_after=None
[2025-11-27T11:15:12.918-0300] {processor.py:183} INFO - Processing /Users/davispecia/Documents/GitHub/Pf_pipeline_dados/Projeto_final_fase3/venv/lib/python3.9/site-packages/airflow/example_dags/example_datasets.py took 0.180 seconds
[2025-11-27T11:18:40.434-0300] {processor.py:161} INFO - Started process (PID=91165) to work on /Users/davispecia/Documents/GitHub/Pf_pipeline_dados/Projeto_final_fase3/venv/lib/python3.9/site-packages/airflow/example_dags/example_datasets.py
[2025-11-27T11:18:40.435-0300] {processor.py:830} INFO - Processing file /Users/davispecia/Documents/GitHub/Pf_pipeline_dados/Projeto_final_fase3/venv/lib/python3.9/site-packages/airflow/example_dags/example_datasets.py for tasks to queue
[2025-11-27T11:18:40.435-0300] {logging_mixin.py:188} INFO - [2025-11-27T11:18:40.435-0300] {dagbag.py:545} INFO - Filling up the DagBag from /Users/davispecia/Documents/GitHub/Pf_pipeline_dados/Projeto_final_fase3/venv/lib/python3.9/site-packages/airflow/example_dags/example_datasets.py
[2025-11-27T11:18:40.467-0300] {processor.py:840} INFO - DAG(s) 'consume_1_and_2_with_dataset_expressions', 'conditional_dataset_and_time_based_timetable', 'consume_1_or_2_with_dataset_expressions', 'dataset_produces_2', 'dataset_produces_1', 'dataset_consumes_unknown_never_scheduled', 'dataset_consumes_1', 'dataset_consumes_1_never_scheduled', 'consume_1_or_both_2_and_3_with_dataset_expressions', 'dataset_consumes_1_and_2' retrieved from /Users/davispecia/Documents/GitHub/Pf_pipeline_dados/Projeto_final_fase3/venv/lib/python3.9/site-packages/airflow/example_dags/example_datasets.py
[2025-11-27T11:18:40.551-0300] {logging_mixin.py:188} INFO - [2025-11-27T11:18:40.551-0300] {dag.py:3089} INFO - Sync 10 DAGs
[2025-11-27T11:18:40.560-0300] {logging_mixin.py:188} INFO - [2025-11-27T11:18:40.560-0300] {dag.py:3947} INFO - Setting next_dagrun for conditional_dataset_and_time_based_timetable to 2025-11-26 01:00:00+00:00, run_after=2025-11-26 01:00:00+00:00
[2025-11-27T11:18:40.562-0300] {logging_mixin.py:188} INFO - [2025-11-27T11:18:40.562-0300] {dag.py:3947} INFO - Setting next_dagrun for consume_1_and_2_with_dataset_expressions to None, run_after=None
[2025-11-27T11:18:40.562-0300] {logging_mixin.py:188} INFO - [2025-11-27T11:18:40.562-0300] {dag.py:3947} INFO - Setting next_dagrun for consume_1_or_2_with_dataset_expressions to None, run_after=None
[2025-11-27T11:18:40.562-0300] {logging_mixin.py:188} INFO - [2025-11-27T11:18:40.562-0300] {dag.py:3947} INFO - Setting next_dagrun for consume_1_or_both_2_and_3_with_dataset_expressions to None, run_after=None
[2025-11-27T11:18:40.563-0300] {logging_mixin.py:188} INFO - [2025-11-27T11:18:40.563-0300] {dag.py:3947} INFO - Setting next_dagrun for dataset_consumes_1 to None, run_after=None
[2025-11-27T11:18:40.564-0300] {logging_mixin.py:188} INFO - [2025-11-27T11:18:40.564-0300] {dag.py:3947} INFO - Setting next_dagrun for dataset_consumes_1_and_2 to None, run_after=None
[2025-11-27T11:18:40.564-0300] {logging_mixin.py:188} INFO - [2025-11-27T11:18:40.564-0300] {dag.py:3947} INFO - Setting next_dagrun for dataset_consumes_1_never_scheduled to None, run_after=None
[2025-11-27T11:18:40.565-0300] {logging_mixin.py:188} INFO - [2025-11-27T11:18:40.564-0300] {dag.py:3947} INFO - Setting next_dagrun for dataset_consumes_unknown_never_scheduled to None, run_after=None
[2025-11-27T11:18:40.566-0300] {logging_mixin.py:188} INFO - [2025-11-27T11:18:40.565-0300] {dag.py:3947} INFO - Setting next_dagrun for dataset_produces_1 to 2025-11-26 00:00:00+00:00, run_after=2025-11-27 00:00:00+00:00
[2025-11-27T11:18:40.566-0300] {logging_mixin.py:188} INFO - [2025-11-27T11:18:40.566-0300] {dag.py:3947} INFO - Setting next_dagrun for dataset_produces_2 to None, run_after=None
[2025-11-27T11:18:40.579-0300] {processor.py:183} INFO - Processing /Users/davispecia/Documents/GitHub/Pf_pipeline_dados/Projeto_final_fase3/venv/lib/python3.9/site-packages/airflow/example_dags/example_datasets.py took 0.148 seconds
[2025-11-27T11:20:57.163-0300] {processor.py:161} INFO - Started process (PID=91557) to work on /Users/davispecia/Documents/GitHub/Pf_pipeline_dados/Projeto_final_fase3/venv/lib/python3.9/site-packages/airflow/example_dags/example_datasets.py
[2025-11-27T11:20:57.164-0300] {processor.py:830} INFO - Processing file /Users/davispecia/Documents/GitHub/Pf_pipeline_dados/Projeto_final_fase3/venv/lib/python3.9/site-packages/airflow/example_dags/example_datasets.py for tasks to queue
[2025-11-27T11:20:57.164-0300] {logging_mixin.py:188} INFO - [2025-11-27T11:20:57.164-0300] {dagbag.py:545} INFO - Filling up the DagBag from /Users/davispecia/Documents/GitHub/Pf_pipeline_dados/Projeto_final_fase3/venv/lib/python3.9/site-packages/airflow/example_dags/example_datasets.py
[2025-11-27T11:20:57.196-0300] {processor.py:840} INFO - DAG(s) 'dataset_consumes_1_never_scheduled', 'dataset_consumes_1_and_2', 'dataset_produces_1', 'dataset_consumes_1', 'consume_1_and_2_with_dataset_expressions', 'consume_1_or_both_2_and_3_with_dataset_expressions', 'consume_1_or_2_with_dataset_expressions', 'conditional_dataset_and_time_based_timetable', 'dataset_consumes_unknown_never_scheduled', 'dataset_produces_2' retrieved from /Users/davispecia/Documents/GitHub/Pf_pipeline_dados/Projeto_final_fase3/venv/lib/python3.9/site-packages/airflow/example_dags/example_datasets.py
[2025-11-27T11:20:57.282-0300] {logging_mixin.py:188} INFO - [2025-11-27T11:20:57.281-0300] {dag.py:3089} INFO - Sync 10 DAGs
[2025-11-27T11:20:57.291-0300] {logging_mixin.py:188} INFO - [2025-11-27T11:20:57.291-0300] {dag.py:3947} INFO - Setting next_dagrun for conditional_dataset_and_time_based_timetable to 2025-11-26 01:00:00+00:00, run_after=2025-11-26 01:00:00+00:00
[2025-11-27T11:20:57.293-0300] {logging_mixin.py:188} INFO - [2025-11-27T11:20:57.293-0300] {dag.py:3947} INFO - Setting next_dagrun for consume_1_and_2_with_dataset_expressions to None, run_after=None
[2025-11-27T11:20:57.293-0300] {logging_mixin.py:188} INFO - [2025-11-27T11:20:57.293-0300] {dag.py:3947} INFO - Setting next_dagrun for consume_1_or_2_with_dataset_expressions to None, run_after=None
[2025-11-27T11:20:57.293-0300] {logging_mixin.py:188} INFO - [2025-11-27T11:20:57.293-0300] {dag.py:3947} INFO - Setting next_dagrun for consume_1_or_both_2_and_3_with_dataset_expressions to None, run_after=None
[2025-11-27T11:20:57.294-0300] {logging_mixin.py:188} INFO - [2025-11-27T11:20:57.294-0300] {dag.py:3947} INFO - Setting next_dagrun for dataset_consumes_1 to None, run_after=None
[2025-11-27T11:20:57.295-0300] {logging_mixin.py:188} INFO - [2025-11-27T11:20:57.295-0300] {dag.py:3947} INFO - Setting next_dagrun for dataset_consumes_1_and_2 to None, run_after=None
[2025-11-27T11:20:57.295-0300] {logging_mixin.py:188} INFO - [2025-11-27T11:20:57.295-0300] {dag.py:3947} INFO - Setting next_dagrun for dataset_consumes_1_never_scheduled to None, run_after=None
[2025-11-27T11:20:57.295-0300] {logging_mixin.py:188} INFO - [2025-11-27T11:20:57.295-0300] {dag.py:3947} INFO - Setting next_dagrun for dataset_consumes_unknown_never_scheduled to None, run_after=None
[2025-11-27T11:20:57.296-0300] {logging_mixin.py:188} INFO - [2025-11-27T11:20:57.296-0300] {dag.py:3947} INFO - Setting next_dagrun for dataset_produces_1 to 2025-11-26 00:00:00+00:00, run_after=2025-11-27 00:00:00+00:00
[2025-11-27T11:20:57.297-0300] {logging_mixin.py:188} INFO - [2025-11-27T11:20:57.297-0300] {dag.py:3947} INFO - Setting next_dagrun for dataset_produces_2 to None, run_after=None
[2025-11-27T11:20:57.310-0300] {processor.py:183} INFO - Processing /Users/davispecia/Documents/GitHub/Pf_pipeline_dados/Projeto_final_fase3/venv/lib/python3.9/site-packages/airflow/example_dags/example_datasets.py took 0.149 seconds
[2025-11-27T11:22:58.150-0300] {processor.py:161} INFO - Started process (PID=91862) to work on /Users/davispecia/Documents/GitHub/Pf_pipeline_dados/Projeto_final_fase3/venv/lib/python3.9/site-packages/airflow/example_dags/example_datasets.py
[2025-11-27T11:22:58.151-0300] {processor.py:830} INFO - Processing file /Users/davispecia/Documents/GitHub/Pf_pipeline_dados/Projeto_final_fase3/venv/lib/python3.9/site-packages/airflow/example_dags/example_datasets.py for tasks to queue
[2025-11-27T11:22:58.151-0300] {logging_mixin.py:188} INFO - [2025-11-27T11:22:58.151-0300] {dagbag.py:545} INFO - Filling up the DagBag from /Users/davispecia/Documents/GitHub/Pf_pipeline_dados/Projeto_final_fase3/venv/lib/python3.9/site-packages/airflow/example_dags/example_datasets.py
[2025-11-27T11:22:58.183-0300] {processor.py:840} INFO - DAG(s) 'consume_1_or_both_2_and_3_with_dataset_expressions', 'dataset_consumes_unknown_never_scheduled', 'consume_1_or_2_with_dataset_expressions', 'dataset_consumes_1_never_scheduled', 'consume_1_and_2_with_dataset_expressions', 'dataset_consumes_1', 'conditional_dataset_and_time_based_timetable', 'dataset_consumes_1_and_2', 'dataset_produces_2', 'dataset_produces_1' retrieved from /Users/davispecia/Documents/GitHub/Pf_pipeline_dados/Projeto_final_fase3/venv/lib/python3.9/site-packages/airflow/example_dags/example_datasets.py
[2025-11-27T11:22:58.265-0300] {logging_mixin.py:188} INFO - [2025-11-27T11:22:58.264-0300] {dag.py:3089} INFO - Sync 10 DAGs
[2025-11-27T11:22:58.274-0300] {logging_mixin.py:188} INFO - [2025-11-27T11:22:58.274-0300] {dag.py:3947} INFO - Setting next_dagrun for conditional_dataset_and_time_based_timetable to 2025-11-26 01:00:00+00:00, run_after=2025-11-26 01:00:00+00:00
[2025-11-27T11:22:58.276-0300] {logging_mixin.py:188} INFO - [2025-11-27T11:22:58.276-0300] {dag.py:3947} INFO - Setting next_dagrun for consume_1_and_2_with_dataset_expressions to None, run_after=None
[2025-11-27T11:22:58.276-0300] {logging_mixin.py:188} INFO - [2025-11-27T11:22:58.276-0300] {dag.py:3947} INFO - Setting next_dagrun for consume_1_or_2_with_dataset_expressions to None, run_after=None
[2025-11-27T11:22:58.276-0300] {logging_mixin.py:188} INFO - [2025-11-27T11:22:58.276-0300] {dag.py:3947} INFO - Setting next_dagrun for consume_1_or_both_2_and_3_with_dataset_expressions to None, run_after=None
[2025-11-27T11:22:58.277-0300] {logging_mixin.py:188} INFO - [2025-11-27T11:22:58.277-0300] {dag.py:3947} INFO - Setting next_dagrun for dataset_consumes_1 to None, run_after=None
[2025-11-27T11:22:58.278-0300] {logging_mixin.py:188} INFO - [2025-11-27T11:22:58.278-0300] {dag.py:3947} INFO - Setting next_dagrun for dataset_consumes_1_and_2 to None, run_after=None
[2025-11-27T11:22:58.278-0300] {logging_mixin.py:188} INFO - [2025-11-27T11:22:58.278-0300] {dag.py:3947} INFO - Setting next_dagrun for dataset_consumes_1_never_scheduled to None, run_after=None
[2025-11-27T11:22:58.279-0300] {logging_mixin.py:188} INFO - [2025-11-27T11:22:58.279-0300] {dag.py:3947} INFO - Setting next_dagrun for dataset_consumes_unknown_never_scheduled to None, run_after=None
[2025-11-27T11:22:58.280-0300] {logging_mixin.py:188} INFO - [2025-11-27T11:22:58.280-0300] {dag.py:3947} INFO - Setting next_dagrun for dataset_produces_1 to 2025-11-26 00:00:00+00:00, run_after=2025-11-27 00:00:00+00:00
[2025-11-27T11:22:58.280-0300] {logging_mixin.py:188} INFO - [2025-11-27T11:22:58.280-0300] {dag.py:3947} INFO - Setting next_dagrun for dataset_produces_2 to None, run_after=None
[2025-11-27T11:22:58.293-0300] {processor.py:183} INFO - Processing /Users/davispecia/Documents/GitHub/Pf_pipeline_dados/Projeto_final_fase3/venv/lib/python3.9/site-packages/airflow/example_dags/example_datasets.py took 0.145 seconds
[2025-11-27T11:25:02.973-0300] {processor.py:161} INFO - Started process (PID=92167) to work on /Users/davispecia/Documents/GitHub/Pf_pipeline_dados/Projeto_final_fase3/venv/lib/python3.9/site-packages/airflow/example_dags/example_datasets.py
[2025-11-27T11:25:02.974-0300] {processor.py:830} INFO - Processing file /Users/davispecia/Documents/GitHub/Pf_pipeline_dados/Projeto_final_fase3/venv/lib/python3.9/site-packages/airflow/example_dags/example_datasets.py for tasks to queue
[2025-11-27T11:25:02.975-0300] {logging_mixin.py:188} INFO - [2025-11-27T11:25:02.974-0300] {dagbag.py:545} INFO - Filling up the DagBag from /Users/davispecia/Documents/GitHub/Pf_pipeline_dados/Projeto_final_fase3/venv/lib/python3.9/site-packages/airflow/example_dags/example_datasets.py
[2025-11-27T11:25:03.005-0300] {processor.py:840} INFO - DAG(s) 'dataset_consumes_1_and_2', 'dataset_produces_2', 'dataset_consumes_1', 'dataset_produces_1', 'consume_1_and_2_with_dataset_expressions', 'consume_1_or_2_with_dataset_expressions', 'conditional_dataset_and_time_based_timetable', 'dataset_consumes_unknown_never_scheduled', 'dataset_consumes_1_never_scheduled', 'consume_1_or_both_2_and_3_with_dataset_expressions' retrieved from /Users/davispecia/Documents/GitHub/Pf_pipeline_dados/Projeto_final_fase3/venv/lib/python3.9/site-packages/airflow/example_dags/example_datasets.py
[2025-11-27T11:25:03.086-0300] {logging_mixin.py:188} INFO - [2025-11-27T11:25:03.086-0300] {dag.py:3089} INFO - Sync 10 DAGs
[2025-11-27T11:25:03.095-0300] {logging_mixin.py:188} INFO - [2025-11-27T11:25:03.095-0300] {dag.py:3947} INFO - Setting next_dagrun for conditional_dataset_and_time_based_timetable to 2025-11-26 01:00:00+00:00, run_after=2025-11-26 01:00:00+00:00
[2025-11-27T11:25:03.097-0300] {logging_mixin.py:188} INFO - [2025-11-27T11:25:03.097-0300] {dag.py:3947} INFO - Setting next_dagrun for consume_1_and_2_with_dataset_expressions to None, run_after=None
[2025-11-27T11:25:03.097-0300] {logging_mixin.py:188} INFO - [2025-11-27T11:25:03.097-0300] {dag.py:3947} INFO - Setting next_dagrun for consume_1_or_2_with_dataset_expressions to None, run_after=None
[2025-11-27T11:25:03.097-0300] {logging_mixin.py:188} INFO - [2025-11-27T11:25:03.097-0300] {dag.py:3947} INFO - Setting next_dagrun for consume_1_or_both_2_and_3_with_dataset_expressions to None, run_after=None
[2025-11-27T11:25:03.098-0300] {logging_mixin.py:188} INFO - [2025-11-27T11:25:03.098-0300] {dag.py:3947} INFO - Setting next_dagrun for dataset_consumes_1 to None, run_after=None
[2025-11-27T11:25:03.099-0300] {logging_mixin.py:188} INFO - [2025-11-27T11:25:03.099-0300] {dag.py:3947} INFO - Setting next_dagrun for dataset_consumes_1_and_2 to None, run_after=None
[2025-11-27T11:25:03.099-0300] {logging_mixin.py:188} INFO - [2025-11-27T11:25:03.099-0300] {dag.py:3947} INFO - Setting next_dagrun for dataset_consumes_1_never_scheduled to None, run_after=None
[2025-11-27T11:25:03.099-0300] {logging_mixin.py:188} INFO - [2025-11-27T11:25:03.099-0300] {dag.py:3947} INFO - Setting next_dagrun for dataset_consumes_unknown_never_scheduled to None, run_after=None
[2025-11-27T11:25:03.100-0300] {logging_mixin.py:188} INFO - [2025-11-27T11:25:03.100-0300] {dag.py:3947} INFO - Setting next_dagrun for dataset_produces_1 to 2025-11-26 00:00:00+00:00, run_after=2025-11-27 00:00:00+00:00
[2025-11-27T11:25:03.101-0300] {logging_mixin.py:188} INFO - [2025-11-27T11:25:03.101-0300] {dag.py:3947} INFO - Setting next_dagrun for dataset_produces_2 to None, run_after=None
[2025-11-27T11:25:03.114-0300] {processor.py:183} INFO - Processing /Users/davispecia/Documents/GitHub/Pf_pipeline_dados/Projeto_final_fase3/venv/lib/python3.9/site-packages/airflow/example_dags/example_datasets.py took 0.143 seconds
[2025-11-27T11:27:16.895-0300] {processor.py:161} INFO - Started process (PID=92547) to work on /Users/davispecia/Documents/GitHub/Pf_pipeline_dados/Projeto_final_fase3/venv/lib/python3.9/site-packages/airflow/example_dags/example_datasets.py
[2025-11-27T11:27:16.896-0300] {processor.py:830} INFO - Processing file /Users/davispecia/Documents/GitHub/Pf_pipeline_dados/Projeto_final_fase3/venv/lib/python3.9/site-packages/airflow/example_dags/example_datasets.py for tasks to queue
[2025-11-27T11:27:16.896-0300] {logging_mixin.py:188} INFO - [2025-11-27T11:27:16.896-0300] {dagbag.py:545} INFO - Filling up the DagBag from /Users/davispecia/Documents/GitHub/Pf_pipeline_dados/Projeto_final_fase3/venv/lib/python3.9/site-packages/airflow/example_dags/example_datasets.py
[2025-11-27T11:27:16.920-0300] {processor.py:840} INFO - DAG(s) 'dataset_produces_2', 'dataset_produces_1', 'dataset_consumes_unknown_never_scheduled', 'dataset_consumes_1_and_2', 'consume_1_or_2_with_dataset_expressions', 'consume_1_or_both_2_and_3_with_dataset_expressions', 'conditional_dataset_and_time_based_timetable', 'dataset_consumes_1', 'consume_1_and_2_with_dataset_expressions', 'dataset_consumes_1_never_scheduled' retrieved from /Users/davispecia/Documents/GitHub/Pf_pipeline_dados/Projeto_final_fase3/venv/lib/python3.9/site-packages/airflow/example_dags/example_datasets.py
[2025-11-27T11:27:17.000-0300] {logging_mixin.py:188} INFO - [2025-11-27T11:27:17.000-0300] {dag.py:3089} INFO - Sync 10 DAGs
[2025-11-27T11:27:17.010-0300] {logging_mixin.py:188} INFO - [2025-11-27T11:27:17.010-0300] {dag.py:3947} INFO - Setting next_dagrun for conditional_dataset_and_time_based_timetable to 2025-11-26 01:00:00+00:00, run_after=2025-11-26 01:00:00+00:00
[2025-11-27T11:27:17.011-0300] {logging_mixin.py:188} INFO - [2025-11-27T11:27:17.011-0300] {dag.py:3947} INFO - Setting next_dagrun for consume_1_and_2_with_dataset_expressions to None, run_after=None
[2025-11-27T11:27:17.011-0300] {logging_mixin.py:188} INFO - [2025-11-27T11:27:17.011-0300] {dag.py:3947} INFO - Setting next_dagrun for consume_1_or_2_with_dataset_expressions to None, run_after=None
[2025-11-27T11:27:17.012-0300] {logging_mixin.py:188} INFO - [2025-11-27T11:27:17.012-0300] {dag.py:3947} INFO - Setting next_dagrun for consume_1_or_both_2_and_3_with_dataset_expressions to None, run_after=None
[2025-11-27T11:27:17.013-0300] {logging_mixin.py:188} INFO - [2025-11-27T11:27:17.013-0300] {dag.py:3947} INFO - Setting next_dagrun for dataset_consumes_1 to None, run_after=None
[2025-11-27T11:27:17.013-0300] {logging_mixin.py:188} INFO - [2025-11-27T11:27:17.013-0300] {dag.py:3947} INFO - Setting next_dagrun for dataset_consumes_1_and_2 to None, run_after=None
[2025-11-27T11:27:17.013-0300] {logging_mixin.py:188} INFO - [2025-11-27T11:27:17.013-0300] {dag.py:3947} INFO - Setting next_dagrun for dataset_consumes_1_never_scheduled to None, run_after=None
[2025-11-27T11:27:17.014-0300] {logging_mixin.py:188} INFO - [2025-11-27T11:27:17.014-0300] {dag.py:3947} INFO - Setting next_dagrun for dataset_consumes_unknown_never_scheduled to None, run_after=None
[2025-11-27T11:27:17.015-0300] {logging_mixin.py:188} INFO - [2025-11-27T11:27:17.015-0300] {dag.py:3947} INFO - Setting next_dagrun for dataset_produces_1 to 2025-11-26 00:00:00+00:00, run_after=2025-11-27 00:00:00+00:00
[2025-11-27T11:27:17.015-0300] {logging_mixin.py:188} INFO - [2025-11-27T11:27:17.015-0300] {dag.py:3947} INFO - Setting next_dagrun for dataset_produces_2 to None, run_after=None
[2025-11-27T11:27:17.028-0300] {processor.py:183} INFO - Processing /Users/davispecia/Documents/GitHub/Pf_pipeline_dados/Projeto_final_fase3/venv/lib/python3.9/site-packages/airflow/example_dags/example_datasets.py took 0.136 seconds
[2025-11-27T11:29:17.724-0300] {processor.py:161} INFO - Started process (PID=92854) to work on /Users/davispecia/Documents/GitHub/Pf_pipeline_dados/Projeto_final_fase3/venv/lib/python3.9/site-packages/airflow/example_dags/example_datasets.py
[2025-11-27T11:29:17.724-0300] {processor.py:830} INFO - Processing file /Users/davispecia/Documents/GitHub/Pf_pipeline_dados/Projeto_final_fase3/venv/lib/python3.9/site-packages/airflow/example_dags/example_datasets.py for tasks to queue
[2025-11-27T11:29:17.725-0300] {logging_mixin.py:188} INFO - [2025-11-27T11:29:17.725-0300] {dagbag.py:545} INFO - Filling up the DagBag from /Users/davispecia/Documents/GitHub/Pf_pipeline_dados/Projeto_final_fase3/venv/lib/python3.9/site-packages/airflow/example_dags/example_datasets.py
[2025-11-27T11:29:17.756-0300] {processor.py:840} INFO - DAG(s) 'dataset_produces_2', 'consume_1_and_2_with_dataset_expressions', 'dataset_produces_1', 'dataset_consumes_1_and_2', 'dataset_consumes_1_never_scheduled', 'conditional_dataset_and_time_based_timetable', 'dataset_consumes_1', 'consume_1_or_both_2_and_3_with_dataset_expressions', 'dataset_consumes_unknown_never_scheduled', 'consume_1_or_2_with_dataset_expressions' retrieved from /Users/davispecia/Documents/GitHub/Pf_pipeline_dados/Projeto_final_fase3/venv/lib/python3.9/site-packages/airflow/example_dags/example_datasets.py
[2025-11-27T11:29:17.837-0300] {logging_mixin.py:188} INFO - [2025-11-27T11:29:17.837-0300] {dag.py:3089} INFO - Sync 10 DAGs
[2025-11-27T11:29:17.846-0300] {logging_mixin.py:188} INFO - [2025-11-27T11:29:17.846-0300] {dag.py:3947} INFO - Setting next_dagrun for conditional_dataset_and_time_based_timetable to 2025-11-26 01:00:00+00:00, run_after=2025-11-26 01:00:00+00:00
[2025-11-27T11:29:17.848-0300] {logging_mixin.py:188} INFO - [2025-11-27T11:29:17.848-0300] {dag.py:3947} INFO - Setting next_dagrun for consume_1_and_2_with_dataset_expressions to None, run_after=None
[2025-11-27T11:29:17.848-0300] {logging_mixin.py:188} INFO - [2025-11-27T11:29:17.848-0300] {dag.py:3947} INFO - Setting next_dagrun for consume_1_or_2_with_dataset_expressions to None, run_after=None
[2025-11-27T11:29:17.849-0300] {logging_mixin.py:188} INFO - [2025-11-27T11:29:17.849-0300] {dag.py:3947} INFO - Setting next_dagrun for consume_1_or_both_2_and_3_with_dataset_expressions to None, run_after=None
[2025-11-27T11:29:17.849-0300] {logging_mixin.py:188} INFO - [2025-11-27T11:29:17.849-0300] {dag.py:3947} INFO - Setting next_dagrun for dataset_consumes_1 to None, run_after=None
[2025-11-27T11:29:17.850-0300] {logging_mixin.py:188} INFO - [2025-11-27T11:29:17.850-0300] {dag.py:3947} INFO - Setting next_dagrun for dataset_consumes_1_and_2 to None, run_after=None
[2025-11-27T11:29:17.850-0300] {logging_mixin.py:188} INFO - [2025-11-27T11:29:17.850-0300] {dag.py:3947} INFO - Setting next_dagrun for dataset_consumes_1_never_scheduled to None, run_after=None
[2025-11-27T11:29:17.851-0300] {logging_mixin.py:188} INFO - [2025-11-27T11:29:17.850-0300] {dag.py:3947} INFO - Setting next_dagrun for dataset_consumes_unknown_never_scheduled to None, run_after=None
[2025-11-27T11:29:17.851-0300] {logging_mixin.py:188} INFO - [2025-11-27T11:29:17.851-0300] {dag.py:3947} INFO - Setting next_dagrun for dataset_produces_1 to 2025-11-26 00:00:00+00:00, run_after=2025-11-27 00:00:00+00:00
[2025-11-27T11:29:17.852-0300] {logging_mixin.py:188} INFO - [2025-11-27T11:29:17.852-0300] {dag.py:3947} INFO - Setting next_dagrun for dataset_produces_2 to None, run_after=None
[2025-11-27T11:29:17.865-0300] {processor.py:183} INFO - Processing /Users/davispecia/Documents/GitHub/Pf_pipeline_dados/Projeto_final_fase3/venv/lib/python3.9/site-packages/airflow/example_dags/example_datasets.py took 0.143 seconds
[2025-11-27T11:31:28.032-0300] {processor.py:161} INFO - Started process (PID=93227) to work on /Users/davispecia/Documents/GitHub/Pf_pipeline_dados/Projeto_final_fase3/venv/lib/python3.9/site-packages/airflow/example_dags/example_datasets.py
[2025-11-27T11:31:28.033-0300] {processor.py:830} INFO - Processing file /Users/davispecia/Documents/GitHub/Pf_pipeline_dados/Projeto_final_fase3/venv/lib/python3.9/site-packages/airflow/example_dags/example_datasets.py for tasks to queue
[2025-11-27T11:31:28.033-0300] {logging_mixin.py:188} INFO - [2025-11-27T11:31:28.033-0300] {dagbag.py:545} INFO - Filling up the DagBag from /Users/davispecia/Documents/GitHub/Pf_pipeline_dados/Projeto_final_fase3/venv/lib/python3.9/site-packages/airflow/example_dags/example_datasets.py
[2025-11-27T11:31:28.063-0300] {processor.py:840} INFO - DAG(s) 'dataset_consumes_1', 'consume_1_or_both_2_and_3_with_dataset_expressions', 'dataset_consumes_1_never_scheduled', 'dataset_consumes_unknown_never_scheduled', 'consume_1_and_2_with_dataset_expressions', 'consume_1_or_2_with_dataset_expressions', 'conditional_dataset_and_time_based_timetable', 'dataset_produces_1', 'dataset_produces_2', 'dataset_consumes_1_and_2' retrieved from /Users/davispecia/Documents/GitHub/Pf_pipeline_dados/Projeto_final_fase3/venv/lib/python3.9/site-packages/airflow/example_dags/example_datasets.py
[2025-11-27T11:31:28.144-0300] {logging_mixin.py:188} INFO - [2025-11-27T11:31:28.144-0300] {dag.py:3089} INFO - Sync 10 DAGs
[2025-11-27T11:31:28.153-0300] {logging_mixin.py:188} INFO - [2025-11-27T11:31:28.153-0300] {dag.py:3947} INFO - Setting next_dagrun for conditional_dataset_and_time_based_timetable to 2025-11-26 01:00:00+00:00, run_after=2025-11-26 01:00:00+00:00
[2025-11-27T11:31:28.155-0300] {logging_mixin.py:188} INFO - [2025-11-27T11:31:28.155-0300] {dag.py:3947} INFO - Setting next_dagrun for consume_1_and_2_with_dataset_expressions to None, run_after=None
[2025-11-27T11:31:28.155-0300] {logging_mixin.py:188} INFO - [2025-11-27T11:31:28.155-0300] {dag.py:3947} INFO - Setting next_dagrun for consume_1_or_2_with_dataset_expressions to None, run_after=None
[2025-11-27T11:31:28.155-0300] {logging_mixin.py:188} INFO - [2025-11-27T11:31:28.155-0300] {dag.py:3947} INFO - Setting next_dagrun for consume_1_or_both_2_and_3_with_dataset_expressions to None, run_after=None
[2025-11-27T11:31:28.156-0300] {logging_mixin.py:188} INFO - [2025-11-27T11:31:28.156-0300] {dag.py:3947} INFO - Setting next_dagrun for dataset_consumes_1 to None, run_after=None
[2025-11-27T11:31:28.157-0300] {logging_mixin.py:188} INFO - [2025-11-27T11:31:28.157-0300] {dag.py:3947} INFO - Setting next_dagrun for dataset_consumes_1_and_2 to None, run_after=None
[2025-11-27T11:31:28.157-0300] {logging_mixin.py:188} INFO - [2025-11-27T11:31:28.157-0300] {dag.py:3947} INFO - Setting next_dagrun for dataset_consumes_1_never_scheduled to None, run_after=None
[2025-11-27T11:31:28.157-0300] {logging_mixin.py:188} INFO - [2025-11-27T11:31:28.157-0300] {dag.py:3947} INFO - Setting next_dagrun for dataset_consumes_unknown_never_scheduled to None, run_after=None
[2025-11-27T11:31:28.158-0300] {logging_mixin.py:188} INFO - [2025-11-27T11:31:28.158-0300] {dag.py:3947} INFO - Setting next_dagrun for dataset_produces_1 to 2025-11-26 00:00:00+00:00, run_after=2025-11-27 00:00:00+00:00
[2025-11-27T11:31:28.159-0300] {logging_mixin.py:188} INFO - [2025-11-27T11:31:28.159-0300] {dag.py:3947} INFO - Setting next_dagrun for dataset_produces_2 to None, run_after=None
[2025-11-27T11:31:28.172-0300] {processor.py:183} INFO - Processing /Users/davispecia/Documents/GitHub/Pf_pipeline_dados/Projeto_final_fase3/venv/lib/python3.9/site-packages/airflow/example_dags/example_datasets.py took 0.142 seconds
[2025-11-27T11:33:35.071-0300] {processor.py:161} INFO - Started process (PID=93529) to work on /Users/davispecia/Documents/GitHub/Pf_pipeline_dados/Projeto_final_fase3/venv/lib/python3.9/site-packages/airflow/example_dags/example_datasets.py
[2025-11-27T11:33:35.074-0300] {processor.py:830} INFO - Processing file /Users/davispecia/Documents/GitHub/Pf_pipeline_dados/Projeto_final_fase3/venv/lib/python3.9/site-packages/airflow/example_dags/example_datasets.py for tasks to queue
[2025-11-27T11:33:35.074-0300] {logging_mixin.py:188} INFO - [2025-11-27T11:33:35.074-0300] {dagbag.py:545} INFO - Filling up the DagBag from /Users/davispecia/Documents/GitHub/Pf_pipeline_dados/Projeto_final_fase3/venv/lib/python3.9/site-packages/airflow/example_dags/example_datasets.py
[2025-11-27T11:33:35.177-0300] {processor.py:840} INFO - DAG(s) 'consume_1_or_2_with_dataset_expressions', 'dataset_consumes_1_and_2', 'dataset_consumes_1_never_scheduled', 'dataset_produces_2', 'dataset_consumes_1', 'consume_1_or_both_2_and_3_with_dataset_expressions', 'dataset_consumes_unknown_never_scheduled', 'dataset_produces_1', 'consume_1_and_2_with_dataset_expressions', 'conditional_dataset_and_time_based_timetable' retrieved from /Users/davispecia/Documents/GitHub/Pf_pipeline_dados/Projeto_final_fase3/venv/lib/python3.9/site-packages/airflow/example_dags/example_datasets.py
[2025-11-27T11:33:35.265-0300] {logging_mixin.py:188} INFO - [2025-11-27T11:33:35.265-0300] {dag.py:3089} INFO - Sync 10 DAGs
[2025-11-27T11:33:35.274-0300] {logging_mixin.py:188} INFO - [2025-11-27T11:33:35.274-0300] {dag.py:3947} INFO - Setting next_dagrun for conditional_dataset_and_time_based_timetable to 2025-11-26 01:00:00+00:00, run_after=2025-11-26 01:00:00+00:00
[2025-11-27T11:33:35.276-0300] {logging_mixin.py:188} INFO - [2025-11-27T11:33:35.275-0300] {dag.py:3947} INFO - Setting next_dagrun for consume_1_and_2_with_dataset_expressions to None, run_after=None
[2025-11-27T11:33:35.276-0300] {logging_mixin.py:188} INFO - [2025-11-27T11:33:35.276-0300] {dag.py:3947} INFO - Setting next_dagrun for consume_1_or_2_with_dataset_expressions to None, run_after=None
[2025-11-27T11:33:35.276-0300] {logging_mixin.py:188} INFO - [2025-11-27T11:33:35.276-0300] {dag.py:3947} INFO - Setting next_dagrun for consume_1_or_both_2_and_3_with_dataset_expressions to None, run_after=None
[2025-11-27T11:33:35.277-0300] {logging_mixin.py:188} INFO - [2025-11-27T11:33:35.277-0300] {dag.py:3947} INFO - Setting next_dagrun for dataset_consumes_1 to None, run_after=None
[2025-11-27T11:33:35.278-0300] {logging_mixin.py:188} INFO - [2025-11-27T11:33:35.278-0300] {dag.py:3947} INFO - Setting next_dagrun for dataset_consumes_1_and_2 to None, run_after=None
[2025-11-27T11:33:35.278-0300] {logging_mixin.py:188} INFO - [2025-11-27T11:33:35.278-0300] {dag.py:3947} INFO - Setting next_dagrun for dataset_consumes_1_never_scheduled to None, run_after=None
[2025-11-27T11:33:35.278-0300] {logging_mixin.py:188} INFO - [2025-11-27T11:33:35.278-0300] {dag.py:3947} INFO - Setting next_dagrun for dataset_consumes_unknown_never_scheduled to None, run_after=None
[2025-11-27T11:33:35.279-0300] {logging_mixin.py:188} INFO - [2025-11-27T11:33:35.279-0300] {dag.py:3947} INFO - Setting next_dagrun for dataset_produces_1 to 2025-11-26 00:00:00+00:00, run_after=2025-11-27 00:00:00+00:00
[2025-11-27T11:33:35.280-0300] {logging_mixin.py:188} INFO - [2025-11-27T11:33:35.280-0300] {dag.py:3947} INFO - Setting next_dagrun for dataset_produces_2 to None, run_after=None
[2025-11-27T11:33:35.299-0300] {processor.py:183} INFO - Processing /Users/davispecia/Documents/GitHub/Pf_pipeline_dados/Projeto_final_fase3/venv/lib/python3.9/site-packages/airflow/example_dags/example_datasets.py took 0.230 seconds
[2025-11-27T11:35:42.083-0300] {processor.py:161} INFO - Started process (PID=93843) to work on /Users/davispecia/Documents/GitHub/Pf_pipeline_dados/Projeto_final_fase3/venv/lib/python3.9/site-packages/airflow/example_dags/example_datasets.py
[2025-11-27T11:35:42.084-0300] {processor.py:830} INFO - Processing file /Users/davispecia/Documents/GitHub/Pf_pipeline_dados/Projeto_final_fase3/venv/lib/python3.9/site-packages/airflow/example_dags/example_datasets.py for tasks to queue
[2025-11-27T11:35:42.085-0300] {logging_mixin.py:188} INFO - [2025-11-27T11:35:42.085-0300] {dagbag.py:545} INFO - Filling up the DagBag from /Users/davispecia/Documents/GitHub/Pf_pipeline_dados/Projeto_final_fase3/venv/lib/python3.9/site-packages/airflow/example_dags/example_datasets.py
[2025-11-27T11:35:42.114-0300] {processor.py:840} INFO - DAG(s) 'dataset_consumes_1_and_2', 'conditional_dataset_and_time_based_timetable', 'dataset_produces_2', 'consume_1_or_both_2_and_3_with_dataset_expressions', 'dataset_consumes_1', 'consume_1_or_2_with_dataset_expressions', 'consume_1_and_2_with_dataset_expressions', 'dataset_produces_1', 'dataset_consumes_unknown_never_scheduled', 'dataset_consumes_1_never_scheduled' retrieved from /Users/davispecia/Documents/GitHub/Pf_pipeline_dados/Projeto_final_fase3/venv/lib/python3.9/site-packages/airflow/example_dags/example_datasets.py
[2025-11-27T11:35:42.196-0300] {logging_mixin.py:188} INFO - [2025-11-27T11:35:42.196-0300] {dag.py:3089} INFO - Sync 10 DAGs
[2025-11-27T11:35:42.206-0300] {logging_mixin.py:188} INFO - [2025-11-27T11:35:42.206-0300] {dag.py:3947} INFO - Setting next_dagrun for conditional_dataset_and_time_based_timetable to 2025-11-26 01:00:00+00:00, run_after=2025-11-26 01:00:00+00:00
[2025-11-27T11:35:42.207-0300] {logging_mixin.py:188} INFO - [2025-11-27T11:35:42.207-0300] {dag.py:3947} INFO - Setting next_dagrun for consume_1_and_2_with_dataset_expressions to None, run_after=None
[2025-11-27T11:35:42.207-0300] {logging_mixin.py:188} INFO - [2025-11-27T11:35:42.207-0300] {dag.py:3947} INFO - Setting next_dagrun for consume_1_or_2_with_dataset_expressions to None, run_after=None
[2025-11-27T11:35:42.208-0300] {logging_mixin.py:188} INFO - [2025-11-27T11:35:42.208-0300] {dag.py:3947} INFO - Setting next_dagrun for consume_1_or_both_2_and_3_with_dataset_expressions to None, run_after=None
[2025-11-27T11:35:42.209-0300] {logging_mixin.py:188} INFO - [2025-11-27T11:35:42.209-0300] {dag.py:3947} INFO - Setting next_dagrun for dataset_consumes_1 to None, run_after=None
[2025-11-27T11:35:42.209-0300] {logging_mixin.py:188} INFO - [2025-11-27T11:35:42.209-0300] {dag.py:3947} INFO - Setting next_dagrun for dataset_consumes_1_and_2 to None, run_after=None
[2025-11-27T11:35:42.210-0300] {logging_mixin.py:188} INFO - [2025-11-27T11:35:42.210-0300] {dag.py:3947} INFO - Setting next_dagrun for dataset_consumes_1_never_scheduled to None, run_after=None
[2025-11-27T11:35:42.210-0300] {logging_mixin.py:188} INFO - [2025-11-27T11:35:42.210-0300] {dag.py:3947} INFO - Setting next_dagrun for dataset_consumes_unknown_never_scheduled to None, run_after=None
[2025-11-27T11:35:42.211-0300] {logging_mixin.py:188} INFO - [2025-11-27T11:35:42.211-0300] {dag.py:3947} INFO - Setting next_dagrun for dataset_produces_1 to 2025-11-26 00:00:00+00:00, run_after=2025-11-27 00:00:00+00:00
[2025-11-27T11:35:42.211-0300] {logging_mixin.py:188} INFO - [2025-11-27T11:35:42.211-0300] {dag.py:3947} INFO - Setting next_dagrun for dataset_produces_2 to None, run_after=None
[2025-11-27T11:35:42.225-0300] {processor.py:183} INFO - Processing /Users/davispecia/Documents/GitHub/Pf_pipeline_dados/Projeto_final_fase3/venv/lib/python3.9/site-packages/airflow/example_dags/example_datasets.py took 0.144 seconds
[2025-11-27T11:37:57.368-0300] {processor.py:161} INFO - Started process (PID=94211) to work on /Users/davispecia/Documents/GitHub/Pf_pipeline_dados/Projeto_final_fase3/venv/lib/python3.9/site-packages/airflow/example_dags/example_datasets.py
[2025-11-27T11:37:57.369-0300] {processor.py:830} INFO - Processing file /Users/davispecia/Documents/GitHub/Pf_pipeline_dados/Projeto_final_fase3/venv/lib/python3.9/site-packages/airflow/example_dags/example_datasets.py for tasks to queue
[2025-11-27T11:37:57.370-0300] {logging_mixin.py:188} INFO - [2025-11-27T11:37:57.370-0300] {dagbag.py:545} INFO - Filling up the DagBag from /Users/davispecia/Documents/GitHub/Pf_pipeline_dados/Projeto_final_fase3/venv/lib/python3.9/site-packages/airflow/example_dags/example_datasets.py
[2025-11-27T11:37:57.403-0300] {processor.py:840} INFO - DAG(s) 'dataset_consumes_unknown_never_scheduled', 'consume_1_and_2_with_dataset_expressions', 'dataset_produces_2', 'dataset_produces_1', 'consume_1_or_both_2_and_3_with_dataset_expressions', 'dataset_consumes_1_never_scheduled', 'dataset_consumes_1', 'conditional_dataset_and_time_based_timetable', 'dataset_consumes_1_and_2', 'consume_1_or_2_with_dataset_expressions' retrieved from /Users/davispecia/Documents/GitHub/Pf_pipeline_dados/Projeto_final_fase3/venv/lib/python3.9/site-packages/airflow/example_dags/example_datasets.py
[2025-11-27T11:37:57.492-0300] {logging_mixin.py:188} INFO - [2025-11-27T11:37:57.492-0300] {dag.py:3089} INFO - Sync 10 DAGs
[2025-11-27T11:37:57.502-0300] {logging_mixin.py:188} INFO - [2025-11-27T11:37:57.502-0300] {dag.py:3947} INFO - Setting next_dagrun for conditional_dataset_and_time_based_timetable to 2025-11-26 01:00:00+00:00, run_after=2025-11-26 01:00:00+00:00
[2025-11-27T11:37:57.503-0300] {logging_mixin.py:188} INFO - [2025-11-27T11:37:57.503-0300] {dag.py:3947} INFO - Setting next_dagrun for consume_1_and_2_with_dataset_expressions to None, run_after=None
[2025-11-27T11:37:57.504-0300] {logging_mixin.py:188} INFO - [2025-11-27T11:37:57.504-0300] {dag.py:3947} INFO - Setting next_dagrun for consume_1_or_2_with_dataset_expressions to None, run_after=None
[2025-11-27T11:37:57.504-0300] {logging_mixin.py:188} INFO - [2025-11-27T11:37:57.504-0300] {dag.py:3947} INFO - Setting next_dagrun for consume_1_or_both_2_and_3_with_dataset_expressions to None, run_after=None
[2025-11-27T11:37:57.505-0300] {logging_mixin.py:188} INFO - [2025-11-27T11:37:57.505-0300] {dag.py:3947} INFO - Setting next_dagrun for dataset_consumes_1 to None, run_after=None
[2025-11-27T11:37:57.505-0300] {logging_mixin.py:188} INFO - [2025-11-27T11:37:57.505-0300] {dag.py:3947} INFO - Setting next_dagrun for dataset_consumes_1_and_2 to None, run_after=None
[2025-11-27T11:37:57.506-0300] {logging_mixin.py:188} INFO - [2025-11-27T11:37:57.506-0300] {dag.py:3947} INFO - Setting next_dagrun for dataset_consumes_1_never_scheduled to None, run_after=None
[2025-11-27T11:37:57.506-0300] {logging_mixin.py:188} INFO - [2025-11-27T11:37:57.506-0300] {dag.py:3947} INFO - Setting next_dagrun for dataset_consumes_unknown_never_scheduled to None, run_after=None
[2025-11-27T11:37:57.507-0300] {logging_mixin.py:188} INFO - [2025-11-27T11:37:57.507-0300] {dag.py:3947} INFO - Setting next_dagrun for dataset_produces_1 to 2025-11-26 00:00:00+00:00, run_after=2025-11-27 00:00:00+00:00
[2025-11-27T11:37:57.508-0300] {logging_mixin.py:188} INFO - [2025-11-27T11:37:57.507-0300] {dag.py:3947} INFO - Setting next_dagrun for dataset_produces_2 to None, run_after=None
[2025-11-27T11:37:57.521-0300] {processor.py:183} INFO - Processing /Users/davispecia/Documents/GitHub/Pf_pipeline_dados/Projeto_final_fase3/venv/lib/python3.9/site-packages/airflow/example_dags/example_datasets.py took 0.155 seconds
[2025-11-27T11:40:03.110-0300] {processor.py:161} INFO - Started process (PID=94505) to work on /Users/davispecia/Documents/GitHub/Pf_pipeline_dados/Projeto_final_fase3/venv/lib/python3.9/site-packages/airflow/example_dags/example_datasets.py
[2025-11-27T11:40:03.111-0300] {processor.py:830} INFO - Processing file /Users/davispecia/Documents/GitHub/Pf_pipeline_dados/Projeto_final_fase3/venv/lib/python3.9/site-packages/airflow/example_dags/example_datasets.py for tasks to queue
[2025-11-27T11:40:03.112-0300] {logging_mixin.py:188} INFO - [2025-11-27T11:40:03.112-0300] {dagbag.py:545} INFO - Filling up the DagBag from /Users/davispecia/Documents/GitHub/Pf_pipeline_dados/Projeto_final_fase3/venv/lib/python3.9/site-packages/airflow/example_dags/example_datasets.py
[2025-11-27T11:40:03.142-0300] {processor.py:840} INFO - DAG(s) 'dataset_produces_1', 'conditional_dataset_and_time_based_timetable', 'dataset_produces_2', 'consume_1_and_2_with_dataset_expressions', 'consume_1_or_2_with_dataset_expressions', 'consume_1_or_both_2_and_3_with_dataset_expressions', 'dataset_consumes_unknown_never_scheduled', 'dataset_consumes_1_and_2', 'dataset_consumes_1_never_scheduled', 'dataset_consumes_1' retrieved from /Users/davispecia/Documents/GitHub/Pf_pipeline_dados/Projeto_final_fase3/venv/lib/python3.9/site-packages/airflow/example_dags/example_datasets.py
[2025-11-27T11:40:03.222-0300] {logging_mixin.py:188} INFO - [2025-11-27T11:40:03.221-0300] {dag.py:3089} INFO - Sync 10 DAGs
[2025-11-27T11:40:03.231-0300] {logging_mixin.py:188} INFO - [2025-11-27T11:40:03.231-0300] {dag.py:3947} INFO - Setting next_dagrun for conditional_dataset_and_time_based_timetable to 2025-11-26 01:00:00+00:00, run_after=2025-11-26 01:00:00+00:00
[2025-11-27T11:40:03.232-0300] {logging_mixin.py:188} INFO - [2025-11-27T11:40:03.232-0300] {dag.py:3947} INFO - Setting next_dagrun for consume_1_and_2_with_dataset_expressions to None, run_after=None
[2025-11-27T11:40:03.233-0300] {logging_mixin.py:188} INFO - [2025-11-27T11:40:03.233-0300] {dag.py:3947} INFO - Setting next_dagrun for consume_1_or_2_with_dataset_expressions to None, run_after=None
[2025-11-27T11:40:03.234-0300] {logging_mixin.py:188} INFO - [2025-11-27T11:40:03.234-0300] {dag.py:3947} INFO - Setting next_dagrun for consume_1_or_both_2_and_3_with_dataset_expressions to None, run_after=None
[2025-11-27T11:40:03.234-0300] {logging_mixin.py:188} INFO - [2025-11-27T11:40:03.234-0300] {dag.py:3947} INFO - Setting next_dagrun for dataset_consumes_1 to None, run_after=None
[2025-11-27T11:40:03.234-0300] {logging_mixin.py:188} INFO - [2025-11-27T11:40:03.234-0300] {dag.py:3947} INFO - Setting next_dagrun for dataset_consumes_1_and_2 to None, run_after=None
[2025-11-27T11:40:03.235-0300] {logging_mixin.py:188} INFO - [2025-11-27T11:40:03.235-0300] {dag.py:3947} INFO - Setting next_dagrun for dataset_consumes_1_never_scheduled to None, run_after=None
[2025-11-27T11:40:03.235-0300] {logging_mixin.py:188} INFO - [2025-11-27T11:40:03.235-0300] {dag.py:3947} INFO - Setting next_dagrun for dataset_consumes_unknown_never_scheduled to None, run_after=None
[2025-11-27T11:40:03.236-0300] {logging_mixin.py:188} INFO - [2025-11-27T11:40:03.236-0300] {dag.py:3947} INFO - Setting next_dagrun for dataset_produces_1 to 2025-11-26 00:00:00+00:00, run_after=2025-11-27 00:00:00+00:00
[2025-11-27T11:40:03.237-0300] {logging_mixin.py:188} INFO - [2025-11-27T11:40:03.236-0300] {dag.py:3947} INFO - Setting next_dagrun for dataset_produces_2 to None, run_after=None
[2025-11-27T11:40:03.250-0300] {processor.py:183} INFO - Processing /Users/davispecia/Documents/GitHub/Pf_pipeline_dados/Projeto_final_fase3/venv/lib/python3.9/site-packages/airflow/example_dags/example_datasets.py took 0.142 seconds
[2025-11-27T11:42:18.920-0300] {processor.py:161} INFO - Started process (PID=94897) to work on /Users/davispecia/Documents/GitHub/Pf_pipeline_dados/Projeto_final_fase3/venv/lib/python3.9/site-packages/airflow/example_dags/example_datasets.py
[2025-11-27T11:42:18.921-0300] {processor.py:830} INFO - Processing file /Users/davispecia/Documents/GitHub/Pf_pipeline_dados/Projeto_final_fase3/venv/lib/python3.9/site-packages/airflow/example_dags/example_datasets.py for tasks to queue
[2025-11-27T11:42:18.921-0300] {logging_mixin.py:188} INFO - [2025-11-27T11:42:18.921-0300] {dagbag.py:545} INFO - Filling up the DagBag from /Users/davispecia/Documents/GitHub/Pf_pipeline_dados/Projeto_final_fase3/venv/lib/python3.9/site-packages/airflow/example_dags/example_datasets.py
[2025-11-27T11:42:18.950-0300] {processor.py:840} INFO - DAG(s) 'consume_1_or_both_2_and_3_with_dataset_expressions', 'dataset_consumes_1', 'dataset_consumes_1_and_2', 'consume_1_or_2_with_dataset_expressions', 'conditional_dataset_and_time_based_timetable', 'dataset_produces_1', 'consume_1_and_2_with_dataset_expressions', 'dataset_consumes_1_never_scheduled', 'dataset_consumes_unknown_never_scheduled', 'dataset_produces_2' retrieved from /Users/davispecia/Documents/GitHub/Pf_pipeline_dados/Projeto_final_fase3/venv/lib/python3.9/site-packages/airflow/example_dags/example_datasets.py
[2025-11-27T11:42:19.031-0300] {logging_mixin.py:188} INFO - [2025-11-27T11:42:19.031-0300] {dag.py:3089} INFO - Sync 10 DAGs
[2025-11-27T11:42:19.040-0300] {logging_mixin.py:188} INFO - [2025-11-27T11:42:19.040-0300] {dag.py:3947} INFO - Setting next_dagrun for conditional_dataset_and_time_based_timetable to 2025-11-26 01:00:00+00:00, run_after=2025-11-26 01:00:00+00:00
[2025-11-27T11:42:19.042-0300] {logging_mixin.py:188} INFO - [2025-11-27T11:42:19.042-0300] {dag.py:3947} INFO - Setting next_dagrun for consume_1_and_2_with_dataset_expressions to None, run_after=None
[2025-11-27T11:42:19.042-0300] {logging_mixin.py:188} INFO - [2025-11-27T11:42:19.042-0300] {dag.py:3947} INFO - Setting next_dagrun for consume_1_or_2_with_dataset_expressions to None, run_after=None
[2025-11-27T11:42:19.042-0300] {logging_mixin.py:188} INFO - [2025-11-27T11:42:19.042-0300] {dag.py:3947} INFO - Setting next_dagrun for consume_1_or_both_2_and_3_with_dataset_expressions to None, run_after=None
[2025-11-27T11:42:19.043-0300] {logging_mixin.py:188} INFO - [2025-11-27T11:42:19.043-0300] {dag.py:3947} INFO - Setting next_dagrun for dataset_consumes_1 to None, run_after=None
[2025-11-27T11:42:19.044-0300] {logging_mixin.py:188} INFO - [2025-11-27T11:42:19.044-0300] {dag.py:3947} INFO - Setting next_dagrun for dataset_consumes_1_and_2 to None, run_after=None
[2025-11-27T11:42:19.044-0300] {logging_mixin.py:188} INFO - [2025-11-27T11:42:19.044-0300] {dag.py:3947} INFO - Setting next_dagrun for dataset_consumes_1_never_scheduled to None, run_after=None
[2025-11-27T11:42:19.044-0300] {logging_mixin.py:188} INFO - [2025-11-27T11:42:19.044-0300] {dag.py:3947} INFO - Setting next_dagrun for dataset_consumes_unknown_never_scheduled to None, run_after=None
[2025-11-27T11:42:19.045-0300] {logging_mixin.py:188} INFO - [2025-11-27T11:42:19.045-0300] {dag.py:3947} INFO - Setting next_dagrun for dataset_produces_1 to 2025-11-26 00:00:00+00:00, run_after=2025-11-27 00:00:00+00:00
[2025-11-27T11:42:19.046-0300] {logging_mixin.py:188} INFO - [2025-11-27T11:42:19.046-0300] {dag.py:3947} INFO - Setting next_dagrun for dataset_produces_2 to None, run_after=None
[2025-11-27T11:42:19.060-0300] {processor.py:183} INFO - Processing /Users/davispecia/Documents/GitHub/Pf_pipeline_dados/Projeto_final_fase3/venv/lib/python3.9/site-packages/airflow/example_dags/example_datasets.py took 0.142 seconds
[2025-11-27T11:44:26.249-0300] {processor.py:161} INFO - Started process (PID=95197) to work on /Users/davispecia/Documents/GitHub/Pf_pipeline_dados/Projeto_final_fase3/venv/lib/python3.9/site-packages/airflow/example_dags/example_datasets.py
[2025-11-27T11:44:26.250-0300] {processor.py:830} INFO - Processing file /Users/davispecia/Documents/GitHub/Pf_pipeline_dados/Projeto_final_fase3/venv/lib/python3.9/site-packages/airflow/example_dags/example_datasets.py for tasks to queue
[2025-11-27T11:44:26.250-0300] {logging_mixin.py:188} INFO - [2025-11-27T11:44:26.250-0300] {dagbag.py:545} INFO - Filling up the DagBag from /Users/davispecia/Documents/GitHub/Pf_pipeline_dados/Projeto_final_fase3/venv/lib/python3.9/site-packages/airflow/example_dags/example_datasets.py
[2025-11-27T11:44:26.282-0300] {processor.py:840} INFO - DAG(s) 'dataset_consumes_unknown_never_scheduled', 'dataset_produces_1', 'dataset_produces_2', 'dataset_consumes_1', 'consume_1_or_both_2_and_3_with_dataset_expressions', 'conditional_dataset_and_time_based_timetable', 'consume_1_and_2_with_dataset_expressions', 'dataset_consumes_1_and_2', 'dataset_consumes_1_never_scheduled', 'consume_1_or_2_with_dataset_expressions' retrieved from /Users/davispecia/Documents/GitHub/Pf_pipeline_dados/Projeto_final_fase3/venv/lib/python3.9/site-packages/airflow/example_dags/example_datasets.py
[2025-11-27T11:44:26.362-0300] {logging_mixin.py:188} INFO - [2025-11-27T11:44:26.362-0300] {dag.py:3089} INFO - Sync 10 DAGs
[2025-11-27T11:44:26.371-0300] {logging_mixin.py:188} INFO - [2025-11-27T11:44:26.371-0300] {dag.py:3947} INFO - Setting next_dagrun for conditional_dataset_and_time_based_timetable to 2025-11-26 01:00:00+00:00, run_after=2025-11-26 01:00:00+00:00
[2025-11-27T11:44:26.373-0300] {logging_mixin.py:188} INFO - [2025-11-27T11:44:26.373-0300] {dag.py:3947} INFO - Setting next_dagrun for consume_1_and_2_with_dataset_expressions to None, run_after=None
[2025-11-27T11:44:26.373-0300] {logging_mixin.py:188} INFO - [2025-11-27T11:44:26.373-0300] {dag.py:3947} INFO - Setting next_dagrun for consume_1_or_2_with_dataset_expressions to None, run_after=None
[2025-11-27T11:44:26.374-0300] {logging_mixin.py:188} INFO - [2025-11-27T11:44:26.373-0300] {dag.py:3947} INFO - Setting next_dagrun for consume_1_or_both_2_and_3_with_dataset_expressions to None, run_after=None
[2025-11-27T11:44:26.374-0300] {logging_mixin.py:188} INFO - [2025-11-27T11:44:26.374-0300] {dag.py:3947} INFO - Setting next_dagrun for dataset_consumes_1 to None, run_after=None
[2025-11-27T11:44:26.375-0300] {logging_mixin.py:188} INFO - [2025-11-27T11:44:26.375-0300] {dag.py:3947} INFO - Setting next_dagrun for dataset_consumes_1_and_2 to None, run_after=None
[2025-11-27T11:44:26.375-0300] {logging_mixin.py:188} INFO - [2025-11-27T11:44:26.375-0300] {dag.py:3947} INFO - Setting next_dagrun for dataset_consumes_1_never_scheduled to None, run_after=None
[2025-11-27T11:44:26.376-0300] {logging_mixin.py:188} INFO - [2025-11-27T11:44:26.376-0300] {dag.py:3947} INFO - Setting next_dagrun for dataset_consumes_unknown_never_scheduled to None, run_after=None
[2025-11-27T11:44:26.377-0300] {logging_mixin.py:188} INFO - [2025-11-27T11:44:26.377-0300] {dag.py:3947} INFO - Setting next_dagrun for dataset_produces_1 to 2025-11-26 00:00:00+00:00, run_after=2025-11-27 00:00:00+00:00
[2025-11-27T11:44:26.377-0300] {logging_mixin.py:188} INFO - [2025-11-27T11:44:26.377-0300] {dag.py:3947} INFO - Setting next_dagrun for dataset_produces_2 to None, run_after=None
[2025-11-27T11:44:26.391-0300] {processor.py:183} INFO - Processing /Users/davispecia/Documents/GitHub/Pf_pipeline_dados/Projeto_final_fase3/venv/lib/python3.9/site-packages/airflow/example_dags/example_datasets.py took 0.145 seconds
[2025-11-27T11:46:28.401-0300] {processor.py:161} INFO - Started process (PID=95489) to work on /Users/davispecia/Documents/GitHub/Pf_pipeline_dados/Projeto_final_fase3/venv/lib/python3.9/site-packages/airflow/example_dags/example_datasets.py
[2025-11-27T11:46:28.402-0300] {processor.py:830} INFO - Processing file /Users/davispecia/Documents/GitHub/Pf_pipeline_dados/Projeto_final_fase3/venv/lib/python3.9/site-packages/airflow/example_dags/example_datasets.py for tasks to queue
[2025-11-27T11:46:28.403-0300] {logging_mixin.py:188} INFO - [2025-11-27T11:46:28.402-0300] {dagbag.py:545} INFO - Filling up the DagBag from /Users/davispecia/Documents/GitHub/Pf_pipeline_dados/Projeto_final_fase3/venv/lib/python3.9/site-packages/airflow/example_dags/example_datasets.py
[2025-11-27T11:46:28.433-0300] {processor.py:840} INFO - DAG(s) 'consume_1_or_both_2_and_3_with_dataset_expressions', 'consume_1_or_2_with_dataset_expressions', 'dataset_produces_1', 'dataset_consumes_unknown_never_scheduled', 'dataset_consumes_1_never_scheduled', 'conditional_dataset_and_time_based_timetable', 'consume_1_and_2_with_dataset_expressions', 'dataset_consumes_1_and_2', 'dataset_consumes_1', 'dataset_produces_2' retrieved from /Users/davispecia/Documents/GitHub/Pf_pipeline_dados/Projeto_final_fase3/venv/lib/python3.9/site-packages/airflow/example_dags/example_datasets.py
[2025-11-27T11:46:28.514-0300] {logging_mixin.py:188} INFO - [2025-11-27T11:46:28.514-0300] {dag.py:3089} INFO - Sync 10 DAGs
[2025-11-27T11:46:28.524-0300] {logging_mixin.py:188} INFO - [2025-11-27T11:46:28.524-0300] {dag.py:3947} INFO - Setting next_dagrun for conditional_dataset_and_time_based_timetable to 2025-11-26 01:00:00+00:00, run_after=2025-11-26 01:00:00+00:00
[2025-11-27T11:46:28.525-0300] {logging_mixin.py:188} INFO - [2025-11-27T11:46:28.525-0300] {dag.py:3947} INFO - Setting next_dagrun for consume_1_and_2_with_dataset_expressions to None, run_after=None
[2025-11-27T11:46:28.526-0300] {logging_mixin.py:188} INFO - [2025-11-27T11:46:28.526-0300] {dag.py:3947} INFO - Setting next_dagrun for consume_1_or_2_with_dataset_expressions to None, run_after=None
[2025-11-27T11:46:28.526-0300] {logging_mixin.py:188} INFO - [2025-11-27T11:46:28.526-0300] {dag.py:3947} INFO - Setting next_dagrun for consume_1_or_both_2_and_3_with_dataset_expressions to None, run_after=None
[2025-11-27T11:46:28.527-0300] {logging_mixin.py:188} INFO - [2025-11-27T11:46:28.527-0300] {dag.py:3947} INFO - Setting next_dagrun for dataset_consumes_1 to None, run_after=None
[2025-11-27T11:46:28.528-0300] {logging_mixin.py:188} INFO - [2025-11-27T11:46:28.528-0300] {dag.py:3947} INFO - Setting next_dagrun for dataset_consumes_1_and_2 to None, run_after=None
[2025-11-27T11:46:28.528-0300] {logging_mixin.py:188} INFO - [2025-11-27T11:46:28.528-0300] {dag.py:3947} INFO - Setting next_dagrun for dataset_consumes_1_never_scheduled to None, run_after=None
[2025-11-27T11:46:28.528-0300] {logging_mixin.py:188} INFO - [2025-11-27T11:46:28.528-0300] {dag.py:3947} INFO - Setting next_dagrun for dataset_consumes_unknown_never_scheduled to None, run_after=None
[2025-11-27T11:46:28.529-0300] {logging_mixin.py:188} INFO - [2025-11-27T11:46:28.529-0300] {dag.py:3947} INFO - Setting next_dagrun for dataset_produces_1 to 2025-11-26 00:00:00+00:00, run_after=2025-11-27 00:00:00+00:00
[2025-11-27T11:46:28.530-0300] {logging_mixin.py:188} INFO - [2025-11-27T11:46:28.530-0300] {dag.py:3947} INFO - Setting next_dagrun for dataset_produces_2 to None, run_after=None
[2025-11-27T11:46:28.544-0300] {processor.py:183} INFO - Processing /Users/davispecia/Documents/GitHub/Pf_pipeline_dados/Projeto_final_fase3/venv/lib/python3.9/site-packages/airflow/example_dags/example_datasets.py took 0.145 seconds
[2025-11-27T11:48:45.185-0300] {processor.py:161} INFO - Started process (PID=95914) to work on /Users/davispecia/Documents/GitHub/Pf_pipeline_dados/Projeto_final_fase3/venv/lib/python3.9/site-packages/airflow/example_dags/example_datasets.py
[2025-11-27T11:48:45.186-0300] {processor.py:830} INFO - Processing file /Users/davispecia/Documents/GitHub/Pf_pipeline_dados/Projeto_final_fase3/venv/lib/python3.9/site-packages/airflow/example_dags/example_datasets.py for tasks to queue
[2025-11-27T11:48:45.186-0300] {logging_mixin.py:188} INFO - [2025-11-27T11:48:45.186-0300] {dagbag.py:545} INFO - Filling up the DagBag from /Users/davispecia/Documents/GitHub/Pf_pipeline_dados/Projeto_final_fase3/venv/lib/python3.9/site-packages/airflow/example_dags/example_datasets.py
[2025-11-27T11:48:45.213-0300] {processor.py:840} INFO - DAG(s) 'dataset_consumes_1_never_scheduled', 'dataset_consumes_1', 'dataset_produces_1', 'dataset_consumes_unknown_never_scheduled', 'dataset_produces_2', 'conditional_dataset_and_time_based_timetable', 'dataset_consumes_1_and_2', 'consume_1_and_2_with_dataset_expressions', 'consume_1_or_both_2_and_3_with_dataset_expressions', 'consume_1_or_2_with_dataset_expressions' retrieved from /Users/davispecia/Documents/GitHub/Pf_pipeline_dados/Projeto_final_fase3/venv/lib/python3.9/site-packages/airflow/example_dags/example_datasets.py
[2025-11-27T11:48:45.294-0300] {logging_mixin.py:188} INFO - [2025-11-27T11:48:45.294-0300] {dag.py:3089} INFO - Sync 10 DAGs
[2025-11-27T11:48:45.304-0300] {logging_mixin.py:188} INFO - [2025-11-27T11:48:45.303-0300] {dag.py:3947} INFO - Setting next_dagrun for conditional_dataset_and_time_based_timetable to 2025-11-26 01:00:00+00:00, run_after=2025-11-26 01:00:00+00:00
[2025-11-27T11:48:45.305-0300] {logging_mixin.py:188} INFO - [2025-11-27T11:48:45.305-0300] {dag.py:3947} INFO - Setting next_dagrun for consume_1_and_2_with_dataset_expressions to None, run_after=None
[2025-11-27T11:48:45.305-0300] {logging_mixin.py:188} INFO - [2025-11-27T11:48:45.305-0300] {dag.py:3947} INFO - Setting next_dagrun for consume_1_or_2_with_dataset_expressions to None, run_after=None
[2025-11-27T11:48:45.306-0300] {logging_mixin.py:188} INFO - [2025-11-27T11:48:45.306-0300] {dag.py:3947} INFO - Setting next_dagrun for consume_1_or_both_2_and_3_with_dataset_expressions to None, run_after=None
[2025-11-27T11:48:45.307-0300] {logging_mixin.py:188} INFO - [2025-11-27T11:48:45.306-0300] {dag.py:3947} INFO - Setting next_dagrun for dataset_consumes_1 to None, run_after=None
[2025-11-27T11:48:45.307-0300] {logging_mixin.py:188} INFO - [2025-11-27T11:48:45.307-0300] {dag.py:3947} INFO - Setting next_dagrun for dataset_consumes_1_and_2 to None, run_after=None
[2025-11-27T11:48:45.307-0300] {logging_mixin.py:188} INFO - [2025-11-27T11:48:45.307-0300] {dag.py:3947} INFO - Setting next_dagrun for dataset_consumes_1_never_scheduled to None, run_after=None
[2025-11-27T11:48:45.308-0300] {logging_mixin.py:188} INFO - [2025-11-27T11:48:45.308-0300] {dag.py:3947} INFO - Setting next_dagrun for dataset_consumes_unknown_never_scheduled to None, run_after=None
[2025-11-27T11:48:45.309-0300] {logging_mixin.py:188} INFO - [2025-11-27T11:48:45.309-0300] {dag.py:3947} INFO - Setting next_dagrun for dataset_produces_1 to 2025-11-26 00:00:00+00:00, run_after=2025-11-27 00:00:00+00:00
[2025-11-27T11:48:45.309-0300] {logging_mixin.py:188} INFO - [2025-11-27T11:48:45.309-0300] {dag.py:3947} INFO - Setting next_dagrun for dataset_produces_2 to None, run_after=None
[2025-11-27T11:48:45.322-0300] {processor.py:183} INFO - Processing /Users/davispecia/Documents/GitHub/Pf_pipeline_dados/Projeto_final_fase3/venv/lib/python3.9/site-packages/airflow/example_dags/example_datasets.py took 0.139 seconds
[2025-11-27T11:50:55.158-0300] {processor.py:161} INFO - Started process (PID=96238) to work on /Users/davispecia/Documents/GitHub/Pf_pipeline_dados/Projeto_final_fase3/venv/lib/python3.9/site-packages/airflow/example_dags/example_datasets.py
[2025-11-27T11:50:55.158-0300] {processor.py:830} INFO - Processing file /Users/davispecia/Documents/GitHub/Pf_pipeline_dados/Projeto_final_fase3/venv/lib/python3.9/site-packages/airflow/example_dags/example_datasets.py for tasks to queue
[2025-11-27T11:50:55.159-0300] {logging_mixin.py:188} INFO - [2025-11-27T11:50:55.159-0300] {dagbag.py:545} INFO - Filling up the DagBag from /Users/davispecia/Documents/GitHub/Pf_pipeline_dados/Projeto_final_fase3/venv/lib/python3.9/site-packages/airflow/example_dags/example_datasets.py
[2025-11-27T11:50:55.189-0300] {processor.py:840} INFO - DAG(s) 'dataset_consumes_1', 'dataset_consumes_1_never_scheduled', 'dataset_produces_2', 'consume_1_and_2_with_dataset_expressions', 'dataset_consumes_unknown_never_scheduled', 'dataset_consumes_1_and_2', 'consume_1_or_2_with_dataset_expressions', 'conditional_dataset_and_time_based_timetable', 'dataset_produces_1', 'consume_1_or_both_2_and_3_with_dataset_expressions' retrieved from /Users/davispecia/Documents/GitHub/Pf_pipeline_dados/Projeto_final_fase3/venv/lib/python3.9/site-packages/airflow/example_dags/example_datasets.py
[2025-11-27T11:50:55.270-0300] {logging_mixin.py:188} INFO - [2025-11-27T11:50:55.270-0300] {dag.py:3089} INFO - Sync 10 DAGs
[2025-11-27T11:50:55.280-0300] {logging_mixin.py:188} INFO - [2025-11-27T11:50:55.280-0300] {dag.py:3947} INFO - Setting next_dagrun for conditional_dataset_and_time_based_timetable to 2025-11-26 01:00:00+00:00, run_after=2025-11-26 01:00:00+00:00
[2025-11-27T11:50:55.281-0300] {logging_mixin.py:188} INFO - [2025-11-27T11:50:55.281-0300] {dag.py:3947} INFO - Setting next_dagrun for consume_1_and_2_with_dataset_expressions to None, run_after=None
[2025-11-27T11:50:55.282-0300] {logging_mixin.py:188} INFO - [2025-11-27T11:50:55.282-0300] {dag.py:3947} INFO - Setting next_dagrun for consume_1_or_2_with_dataset_expressions to None, run_after=None
[2025-11-27T11:50:55.282-0300] {logging_mixin.py:188} INFO - [2025-11-27T11:50:55.282-0300] {dag.py:3947} INFO - Setting next_dagrun for consume_1_or_both_2_and_3_with_dataset_expressions to None, run_after=None
[2025-11-27T11:50:55.283-0300] {logging_mixin.py:188} INFO - [2025-11-27T11:50:55.283-0300] {dag.py:3947} INFO - Setting next_dagrun for dataset_consumes_1 to None, run_after=None
[2025-11-27T11:50:55.283-0300] {logging_mixin.py:188} INFO - [2025-11-27T11:50:55.283-0300] {dag.py:3947} INFO - Setting next_dagrun for dataset_consumes_1_and_2 to None, run_after=None
[2025-11-27T11:50:55.284-0300] {logging_mixin.py:188} INFO - [2025-11-27T11:50:55.284-0300] {dag.py:3947} INFO - Setting next_dagrun for dataset_consumes_1_never_scheduled to None, run_after=None
[2025-11-27T11:50:55.284-0300] {logging_mixin.py:188} INFO - [2025-11-27T11:50:55.284-0300] {dag.py:3947} INFO - Setting next_dagrun for dataset_consumes_unknown_never_scheduled to None, run_after=None
[2025-11-27T11:50:55.285-0300] {logging_mixin.py:188} INFO - [2025-11-27T11:50:55.285-0300] {dag.py:3947} INFO - Setting next_dagrun for dataset_produces_1 to 2025-11-26 00:00:00+00:00, run_after=2025-11-27 00:00:00+00:00
[2025-11-27T11:50:55.285-0300] {logging_mixin.py:188} INFO - [2025-11-27T11:50:55.285-0300] {dag.py:3947} INFO - Setting next_dagrun for dataset_produces_2 to None, run_after=None
[2025-11-27T11:50:55.298-0300] {processor.py:183} INFO - Processing /Users/davispecia/Documents/GitHub/Pf_pipeline_dados/Projeto_final_fase3/venv/lib/python3.9/site-packages/airflow/example_dags/example_datasets.py took 0.143 seconds
[2025-11-27T11:52:57.709-0300] {processor.py:161} INFO - Started process (PID=96630) to work on /Users/davispecia/Documents/GitHub/Pf_pipeline_dados/Projeto_final_fase3/venv/lib/python3.9/site-packages/airflow/example_dags/example_datasets.py
[2025-11-27T11:52:57.709-0300] {processor.py:830} INFO - Processing file /Users/davispecia/Documents/GitHub/Pf_pipeline_dados/Projeto_final_fase3/venv/lib/python3.9/site-packages/airflow/example_dags/example_datasets.py for tasks to queue
[2025-11-27T11:52:57.710-0300] {logging_mixin.py:188} INFO - [2025-11-27T11:52:57.710-0300] {dagbag.py:545} INFO - Filling up the DagBag from /Users/davispecia/Documents/GitHub/Pf_pipeline_dados/Projeto_final_fase3/venv/lib/python3.9/site-packages/airflow/example_dags/example_datasets.py
[2025-11-27T11:52:57.736-0300] {processor.py:840} INFO - DAG(s) 'consume_1_and_2_with_dataset_expressions', 'dataset_produces_1', 'conditional_dataset_and_time_based_timetable', 'consume_1_or_both_2_and_3_with_dataset_expressions', 'dataset_consumes_unknown_never_scheduled', 'consume_1_or_2_with_dataset_expressions', 'dataset_consumes_1', 'dataset_consumes_1_and_2', 'dataset_consumes_1_never_scheduled', 'dataset_produces_2' retrieved from /Users/davispecia/Documents/GitHub/Pf_pipeline_dados/Projeto_final_fase3/venv/lib/python3.9/site-packages/airflow/example_dags/example_datasets.py
[2025-11-27T11:52:57.822-0300] {logging_mixin.py:188} INFO - [2025-11-27T11:52:57.822-0300] {dag.py:3089} INFO - Sync 10 DAGs
[2025-11-27T11:52:57.831-0300] {logging_mixin.py:188} INFO - [2025-11-27T11:52:57.831-0300] {dag.py:3947} INFO - Setting next_dagrun for conditional_dataset_and_time_based_timetable to 2025-11-26 01:00:00+00:00, run_after=2025-11-26 01:00:00+00:00
[2025-11-27T11:52:57.833-0300] {logging_mixin.py:188} INFO - [2025-11-27T11:52:57.833-0300] {dag.py:3947} INFO - Setting next_dagrun for consume_1_and_2_with_dataset_expressions to None, run_after=None
[2025-11-27T11:52:57.833-0300] {logging_mixin.py:188} INFO - [2025-11-27T11:52:57.833-0300] {dag.py:3947} INFO - Setting next_dagrun for consume_1_or_2_with_dataset_expressions to None, run_after=None
[2025-11-27T11:52:57.834-0300] {logging_mixin.py:188} INFO - [2025-11-27T11:52:57.833-0300] {dag.py:3947} INFO - Setting next_dagrun for consume_1_or_both_2_and_3_with_dataset_expressions to None, run_after=None
[2025-11-27T11:52:57.834-0300] {logging_mixin.py:188} INFO - [2025-11-27T11:52:57.834-0300] {dag.py:3947} INFO - Setting next_dagrun for dataset_consumes_1 to None, run_after=None
[2025-11-27T11:52:57.835-0300] {logging_mixin.py:188} INFO - [2025-11-27T11:52:57.835-0300] {dag.py:3947} INFO - Setting next_dagrun for dataset_consumes_1_and_2 to None, run_after=None
[2025-11-27T11:52:57.835-0300] {logging_mixin.py:188} INFO - [2025-11-27T11:52:57.835-0300] {dag.py:3947} INFO - Setting next_dagrun for dataset_consumes_1_never_scheduled to None, run_after=None
[2025-11-27T11:52:57.836-0300] {logging_mixin.py:188} INFO - [2025-11-27T11:52:57.836-0300] {dag.py:3947} INFO - Setting next_dagrun for dataset_consumes_unknown_never_scheduled to None, run_after=None
[2025-11-27T11:52:57.837-0300] {logging_mixin.py:188} INFO - [2025-11-27T11:52:57.837-0300] {dag.py:3947} INFO - Setting next_dagrun for dataset_produces_1 to 2025-11-26 00:00:00+00:00, run_after=2025-11-27 00:00:00+00:00
[2025-11-27T11:52:57.837-0300] {logging_mixin.py:188} INFO - [2025-11-27T11:52:57.837-0300] {dag.py:3947} INFO - Setting next_dagrun for dataset_produces_2 to None, run_after=None
[2025-11-27T11:52:57.850-0300] {processor.py:183} INFO - Processing /Users/davispecia/Documents/GitHub/Pf_pipeline_dados/Projeto_final_fase3/venv/lib/python3.9/site-packages/airflow/example_dags/example_datasets.py took 0.144 seconds
[2025-11-27T11:55:07.306-0300] {processor.py:161} INFO - Started process (PID=97000) to work on /Users/davispecia/Documents/GitHub/Pf_pipeline_dados/Projeto_final_fase3/venv/lib/python3.9/site-packages/airflow/example_dags/example_datasets.py
[2025-11-27T11:55:07.307-0300] {processor.py:830} INFO - Processing file /Users/davispecia/Documents/GitHub/Pf_pipeline_dados/Projeto_final_fase3/venv/lib/python3.9/site-packages/airflow/example_dags/example_datasets.py for tasks to queue
[2025-11-27T11:55:07.307-0300] {logging_mixin.py:188} INFO - [2025-11-27T11:55:07.307-0300] {dagbag.py:545} INFO - Filling up the DagBag from /Users/davispecia/Documents/GitHub/Pf_pipeline_dados/Projeto_final_fase3/venv/lib/python3.9/site-packages/airflow/example_dags/example_datasets.py
[2025-11-27T11:55:07.336-0300] {processor.py:840} INFO - DAG(s) 'consume_1_or_both_2_and_3_with_dataset_expressions', 'consume_1_or_2_with_dataset_expressions', 'dataset_consumes_1', 'dataset_consumes_1_and_2', 'dataset_consumes_1_never_scheduled', 'consume_1_and_2_with_dataset_expressions', 'conditional_dataset_and_time_based_timetable', 'dataset_produces_2', 'dataset_consumes_unknown_never_scheduled', 'dataset_produces_1' retrieved from /Users/davispecia/Documents/GitHub/Pf_pipeline_dados/Projeto_final_fase3/venv/lib/python3.9/site-packages/airflow/example_dags/example_datasets.py
[2025-11-27T11:55:07.415-0300] {logging_mixin.py:188} INFO - [2025-11-27T11:55:07.415-0300] {dag.py:3089} INFO - Sync 10 DAGs
[2025-11-27T11:55:07.425-0300] {logging_mixin.py:188} INFO - [2025-11-27T11:55:07.425-0300] {dag.py:3947} INFO - Setting next_dagrun for conditional_dataset_and_time_based_timetable to 2025-11-26 01:00:00+00:00, run_after=2025-11-26 01:00:00+00:00
[2025-11-27T11:55:07.426-0300] {logging_mixin.py:188} INFO - [2025-11-27T11:55:07.426-0300] {dag.py:3947} INFO - Setting next_dagrun for consume_1_and_2_with_dataset_expressions to None, run_after=None
[2025-11-27T11:55:07.426-0300] {logging_mixin.py:188} INFO - [2025-11-27T11:55:07.426-0300] {dag.py:3947} INFO - Setting next_dagrun for consume_1_or_2_with_dataset_expressions to None, run_after=None
[2025-11-27T11:55:07.427-0300] {logging_mixin.py:188} INFO - [2025-11-27T11:55:07.427-0300] {dag.py:3947} INFO - Setting next_dagrun for consume_1_or_both_2_and_3_with_dataset_expressions to None, run_after=None
[2025-11-27T11:55:07.428-0300] {logging_mixin.py:188} INFO - [2025-11-27T11:55:07.428-0300] {dag.py:3947} INFO - Setting next_dagrun for dataset_consumes_1 to None, run_after=None
[2025-11-27T11:55:07.428-0300] {logging_mixin.py:188} INFO - [2025-11-27T11:55:07.428-0300] {dag.py:3947} INFO - Setting next_dagrun for dataset_consumes_1_and_2 to None, run_after=None
[2025-11-27T11:55:07.428-0300] {logging_mixin.py:188} INFO - [2025-11-27T11:55:07.428-0300] {dag.py:3947} INFO - Setting next_dagrun for dataset_consumes_1_never_scheduled to None, run_after=None
[2025-11-27T11:55:07.429-0300] {logging_mixin.py:188} INFO - [2025-11-27T11:55:07.429-0300] {dag.py:3947} INFO - Setting next_dagrun for dataset_consumes_unknown_never_scheduled to None, run_after=None
[2025-11-27T11:55:07.430-0300] {logging_mixin.py:188} INFO - [2025-11-27T11:55:07.430-0300] {dag.py:3947} INFO - Setting next_dagrun for dataset_produces_1 to 2025-11-26 00:00:00+00:00, run_after=2025-11-27 00:00:00+00:00
[2025-11-27T11:55:07.430-0300] {logging_mixin.py:188} INFO - [2025-11-27T11:55:07.430-0300] {dag.py:3947} INFO - Setting next_dagrun for dataset_produces_2 to None, run_after=None
[2025-11-27T11:55:07.443-0300] {processor.py:183} INFO - Processing /Users/davispecia/Documents/GitHub/Pf_pipeline_dados/Projeto_final_fase3/venv/lib/python3.9/site-packages/airflow/example_dags/example_datasets.py took 0.139 seconds
[2025-11-27T11:57:11.861-0300] {processor.py:161} INFO - Started process (PID=97301) to work on /Users/davispecia/Documents/GitHub/Pf_pipeline_dados/Projeto_final_fase3/venv/lib/python3.9/site-packages/airflow/example_dags/example_datasets.py
[2025-11-27T11:57:11.863-0300] {processor.py:830} INFO - Processing file /Users/davispecia/Documents/GitHub/Pf_pipeline_dados/Projeto_final_fase3/venv/lib/python3.9/site-packages/airflow/example_dags/example_datasets.py for tasks to queue
[2025-11-27T11:57:11.864-0300] {logging_mixin.py:188} INFO - [2025-11-27T11:57:11.863-0300] {dagbag.py:545} INFO - Filling up the DagBag from /Users/davispecia/Documents/GitHub/Pf_pipeline_dados/Projeto_final_fase3/venv/lib/python3.9/site-packages/airflow/example_dags/example_datasets.py
[2025-11-27T11:57:11.894-0300] {processor.py:840} INFO - DAG(s) 'dataset_produces_2', 'dataset_produces_1', 'consume_1_or_both_2_and_3_with_dataset_expressions', 'consume_1_or_2_with_dataset_expressions', 'dataset_consumes_1', 'conditional_dataset_and_time_based_timetable', 'dataset_consumes_1_and_2', 'dataset_consumes_1_never_scheduled', 'dataset_consumes_unknown_never_scheduled', 'consume_1_and_2_with_dataset_expressions' retrieved from /Users/davispecia/Documents/GitHub/Pf_pipeline_dados/Projeto_final_fase3/venv/lib/python3.9/site-packages/airflow/example_dags/example_datasets.py
[2025-11-27T11:57:11.981-0300] {logging_mixin.py:188} INFO - [2025-11-27T11:57:11.981-0300] {dag.py:3089} INFO - Sync 10 DAGs
[2025-11-27T11:57:11.991-0300] {logging_mixin.py:188} INFO - [2025-11-27T11:57:11.991-0300] {dag.py:3947} INFO - Setting next_dagrun for conditional_dataset_and_time_based_timetable to 2025-11-26 01:00:00+00:00, run_after=2025-11-26 01:00:00+00:00
[2025-11-27T11:57:11.993-0300] {logging_mixin.py:188} INFO - [2025-11-27T11:57:11.992-0300] {dag.py:3947} INFO - Setting next_dagrun for consume_1_and_2_with_dataset_expressions to None, run_after=None
[2025-11-27T11:57:11.993-0300] {logging_mixin.py:188} INFO - [2025-11-27T11:57:11.993-0300] {dag.py:3947} INFO - Setting next_dagrun for consume_1_or_2_with_dataset_expressions to None, run_after=None
[2025-11-27T11:57:11.993-0300] {logging_mixin.py:188} INFO - [2025-11-27T11:57:11.993-0300] {dag.py:3947} INFO - Setting next_dagrun for consume_1_or_both_2_and_3_with_dataset_expressions to None, run_after=None
[2025-11-27T11:57:11.994-0300] {logging_mixin.py:188} INFO - [2025-11-27T11:57:11.994-0300] {dag.py:3947} INFO - Setting next_dagrun for dataset_consumes_1 to None, run_after=None
[2025-11-27T11:57:11.995-0300] {logging_mixin.py:188} INFO - [2025-11-27T11:57:11.995-0300] {dag.py:3947} INFO - Setting next_dagrun for dataset_consumes_1_and_2 to None, run_after=None
[2025-11-27T11:57:11.995-0300] {logging_mixin.py:188} INFO - [2025-11-27T11:57:11.995-0300] {dag.py:3947} INFO - Setting next_dagrun for dataset_consumes_1_never_scheduled to None, run_after=None
[2025-11-27T11:57:11.996-0300] {logging_mixin.py:188} INFO - [2025-11-27T11:57:11.996-0300] {dag.py:3947} INFO - Setting next_dagrun for dataset_consumes_unknown_never_scheduled to None, run_after=None
[2025-11-27T11:57:11.997-0300] {logging_mixin.py:188} INFO - [2025-11-27T11:57:11.997-0300] {dag.py:3947} INFO - Setting next_dagrun for dataset_produces_1 to 2025-11-26 00:00:00+00:00, run_after=2025-11-27 00:00:00+00:00
[2025-11-27T11:57:11.997-0300] {logging_mixin.py:188} INFO - [2025-11-27T11:57:11.997-0300] {dag.py:3947} INFO - Setting next_dagrun for dataset_produces_2 to None, run_after=None
[2025-11-27T11:57:12.013-0300] {processor.py:183} INFO - Processing /Users/davispecia/Documents/GitHub/Pf_pipeline_dados/Projeto_final_fase3/venv/lib/python3.9/site-packages/airflow/example_dags/example_datasets.py took 0.156 seconds
[2025-11-27T11:59:29.923-0300] {processor.py:161} INFO - Started process (PID=97692) to work on /Users/davispecia/Documents/GitHub/Pf_pipeline_dados/Projeto_final_fase3/venv/lib/python3.9/site-packages/airflow/example_dags/example_datasets.py
[2025-11-27T11:59:29.924-0300] {processor.py:830} INFO - Processing file /Users/davispecia/Documents/GitHub/Pf_pipeline_dados/Projeto_final_fase3/venv/lib/python3.9/site-packages/airflow/example_dags/example_datasets.py for tasks to queue
[2025-11-27T11:59:29.924-0300] {logging_mixin.py:188} INFO - [2025-11-27T11:59:29.924-0300] {dagbag.py:545} INFO - Filling up the DagBag from /Users/davispecia/Documents/GitHub/Pf_pipeline_dados/Projeto_final_fase3/venv/lib/python3.9/site-packages/airflow/example_dags/example_datasets.py
[2025-11-27T11:59:29.950-0300] {processor.py:840} INFO - DAG(s) 'conditional_dataset_and_time_based_timetable', 'dataset_consumes_1_and_2', 'dataset_consumes_unknown_never_scheduled', 'dataset_produces_1', 'dataset_consumes_1_never_scheduled', 'consume_1_or_both_2_and_3_with_dataset_expressions', 'consume_1_or_2_with_dataset_expressions', 'consume_1_and_2_with_dataset_expressions', 'dataset_produces_2', 'dataset_consumes_1' retrieved from /Users/davispecia/Documents/GitHub/Pf_pipeline_dados/Projeto_final_fase3/venv/lib/python3.9/site-packages/airflow/example_dags/example_datasets.py
[2025-11-27T11:59:30.034-0300] {logging_mixin.py:188} INFO - [2025-11-27T11:59:30.033-0300] {dag.py:3089} INFO - Sync 10 DAGs
[2025-11-27T11:59:30.043-0300] {logging_mixin.py:188} INFO - [2025-11-27T11:59:30.043-0300] {dag.py:3947} INFO - Setting next_dagrun for conditional_dataset_and_time_based_timetable to 2025-11-26 01:00:00+00:00, run_after=2025-11-26 01:00:00+00:00
[2025-11-27T11:59:30.044-0300] {logging_mixin.py:188} INFO - [2025-11-27T11:59:30.044-0300] {dag.py:3947} INFO - Setting next_dagrun for consume_1_and_2_with_dataset_expressions to None, run_after=None
[2025-11-27T11:59:30.045-0300] {logging_mixin.py:188} INFO - [2025-11-27T11:59:30.045-0300] {dag.py:3947} INFO - Setting next_dagrun for consume_1_or_2_with_dataset_expressions to None, run_after=None
[2025-11-27T11:59:30.045-0300] {logging_mixin.py:188} INFO - [2025-11-27T11:59:30.045-0300] {dag.py:3947} INFO - Setting next_dagrun for consume_1_or_both_2_and_3_with_dataset_expressions to None, run_after=None
[2025-11-27T11:59:30.046-0300] {logging_mixin.py:188} INFO - [2025-11-27T11:59:30.046-0300] {dag.py:3947} INFO - Setting next_dagrun for dataset_consumes_1 to None, run_after=None
[2025-11-27T11:59:30.046-0300] {logging_mixin.py:188} INFO - [2025-11-27T11:59:30.046-0300] {dag.py:3947} INFO - Setting next_dagrun for dataset_consumes_1_and_2 to None, run_after=None
[2025-11-27T11:59:30.047-0300] {logging_mixin.py:188} INFO - [2025-11-27T11:59:30.047-0300] {dag.py:3947} INFO - Setting next_dagrun for dataset_consumes_1_never_scheduled to None, run_after=None
[2025-11-27T11:59:30.047-0300] {logging_mixin.py:188} INFO - [2025-11-27T11:59:30.047-0300] {dag.py:3947} INFO - Setting next_dagrun for dataset_consumes_unknown_never_scheduled to None, run_after=None
[2025-11-27T11:59:30.048-0300] {logging_mixin.py:188} INFO - [2025-11-27T11:59:30.048-0300] {dag.py:3947} INFO - Setting next_dagrun for dataset_produces_1 to 2025-11-26 00:00:00+00:00, run_after=2025-11-27 00:00:00+00:00
[2025-11-27T11:59:30.049-0300] {logging_mixin.py:188} INFO - [2025-11-27T11:59:30.049-0300] {dag.py:3947} INFO - Setting next_dagrun for dataset_produces_2 to None, run_after=None
[2025-11-27T11:59:30.063-0300] {processor.py:183} INFO - Processing /Users/davispecia/Documents/GitHub/Pf_pipeline_dados/Projeto_final_fase3/venv/lib/python3.9/site-packages/airflow/example_dags/example_datasets.py took 0.143 seconds
[2025-11-27T12:01:39.269-0300] {processor.py:161} INFO - Started process (PID=98011) to work on /Users/davispecia/Documents/GitHub/Pf_pipeline_dados/Projeto_final_fase3/venv/lib/python3.9/site-packages/airflow/example_dags/example_datasets.py
[2025-11-27T12:01:39.269-0300] {processor.py:830} INFO - Processing file /Users/davispecia/Documents/GitHub/Pf_pipeline_dados/Projeto_final_fase3/venv/lib/python3.9/site-packages/airflow/example_dags/example_datasets.py for tasks to queue
[2025-11-27T12:01:39.270-0300] {logging_mixin.py:188} INFO - [2025-11-27T12:01:39.270-0300] {dagbag.py:545} INFO - Filling up the DagBag from /Users/davispecia/Documents/GitHub/Pf_pipeline_dados/Projeto_final_fase3/venv/lib/python3.9/site-packages/airflow/example_dags/example_datasets.py
[2025-11-27T12:01:39.294-0300] {processor.py:840} INFO - DAG(s) 'dataset_consumes_unknown_never_scheduled', 'consume_1_or_2_with_dataset_expressions', 'dataset_consumes_1', 'dataset_consumes_1_never_scheduled', 'dataset_produces_1', 'conditional_dataset_and_time_based_timetable', 'consume_1_and_2_with_dataset_expressions', 'dataset_produces_2', 'dataset_consumes_1_and_2', 'consume_1_or_both_2_and_3_with_dataset_expressions' retrieved from /Users/davispecia/Documents/GitHub/Pf_pipeline_dados/Projeto_final_fase3/venv/lib/python3.9/site-packages/airflow/example_dags/example_datasets.py
[2025-11-27T12:01:39.378-0300] {logging_mixin.py:188} INFO - [2025-11-27T12:01:39.378-0300] {dag.py:3089} INFO - Sync 10 DAGs
[2025-11-27T12:01:39.387-0300] {logging_mixin.py:188} INFO - [2025-11-27T12:01:39.387-0300] {dag.py:3947} INFO - Setting next_dagrun for conditional_dataset_and_time_based_timetable to 2025-11-26 01:00:00+00:00, run_after=2025-11-26 01:00:00+00:00
[2025-11-27T12:01:39.389-0300] {logging_mixin.py:188} INFO - [2025-11-27T12:01:39.389-0300] {dag.py:3947} INFO - Setting next_dagrun for consume_1_and_2_with_dataset_expressions to None, run_after=None
[2025-11-27T12:01:39.389-0300] {logging_mixin.py:188} INFO - [2025-11-27T12:01:39.389-0300] {dag.py:3947} INFO - Setting next_dagrun for consume_1_or_2_with_dataset_expressions to None, run_after=None
[2025-11-27T12:01:39.390-0300] {logging_mixin.py:188} INFO - [2025-11-27T12:01:39.389-0300] {dag.py:3947} INFO - Setting next_dagrun for consume_1_or_both_2_and_3_with_dataset_expressions to None, run_after=None
[2025-11-27T12:01:39.390-0300] {logging_mixin.py:188} INFO - [2025-11-27T12:01:39.390-0300] {dag.py:3947} INFO - Setting next_dagrun for dataset_consumes_1 to None, run_after=None
[2025-11-27T12:01:39.391-0300] {logging_mixin.py:188} INFO - [2025-11-27T12:01:39.391-0300] {dag.py:3947} INFO - Setting next_dagrun for dataset_consumes_1_and_2 to None, run_after=None
[2025-11-27T12:01:39.391-0300] {logging_mixin.py:188} INFO - [2025-11-27T12:01:39.391-0300] {dag.py:3947} INFO - Setting next_dagrun for dataset_consumes_1_never_scheduled to None, run_after=None
[2025-11-27T12:01:39.392-0300] {logging_mixin.py:188} INFO - [2025-11-27T12:01:39.392-0300] {dag.py:3947} INFO - Setting next_dagrun for dataset_consumes_unknown_never_scheduled to None, run_after=None
[2025-11-27T12:01:39.393-0300] {logging_mixin.py:188} INFO - [2025-11-27T12:01:39.393-0300] {dag.py:3947} INFO - Setting next_dagrun for dataset_produces_1 to 2025-11-26 00:00:00+00:00, run_after=2025-11-27 00:00:00+00:00
[2025-11-27T12:01:39.393-0300] {logging_mixin.py:188} INFO - [2025-11-27T12:01:39.393-0300] {dag.py:3947} INFO - Setting next_dagrun for dataset_produces_2 to None, run_after=None
[2025-11-27T12:01:39.407-0300] {processor.py:183} INFO - Processing /Users/davispecia/Documents/GitHub/Pf_pipeline_dados/Projeto_final_fase3/venv/lib/python3.9/site-packages/airflow/example_dags/example_datasets.py took 0.140 seconds
[2025-11-27T12:03:41.196-0300] {processor.py:161} INFO - Started process (PID=98305) to work on /Users/davispecia/Documents/GitHub/Pf_pipeline_dados/Projeto_final_fase3/venv/lib/python3.9/site-packages/airflow/example_dags/example_datasets.py
[2025-11-27T12:03:41.197-0300] {processor.py:830} INFO - Processing file /Users/davispecia/Documents/GitHub/Pf_pipeline_dados/Projeto_final_fase3/venv/lib/python3.9/site-packages/airflow/example_dags/example_datasets.py for tasks to queue
[2025-11-27T12:03:41.198-0300] {logging_mixin.py:188} INFO - [2025-11-27T12:03:41.198-0300] {dagbag.py:545} INFO - Filling up the DagBag from /Users/davispecia/Documents/GitHub/Pf_pipeline_dados/Projeto_final_fase3/venv/lib/python3.9/site-packages/airflow/example_dags/example_datasets.py
[2025-11-27T12:03:41.227-0300] {processor.py:840} INFO - DAG(s) 'dataset_produces_1', 'consume_1_and_2_with_dataset_expressions', 'dataset_consumes_unknown_never_scheduled', 'consume_1_or_2_with_dataset_expressions', 'dataset_consumes_1_never_scheduled', 'dataset_consumes_1', 'dataset_consumes_1_and_2', 'dataset_produces_2', 'conditional_dataset_and_time_based_timetable', 'consume_1_or_both_2_and_3_with_dataset_expressions' retrieved from /Users/davispecia/Documents/GitHub/Pf_pipeline_dados/Projeto_final_fase3/venv/lib/python3.9/site-packages/airflow/example_dags/example_datasets.py
[2025-11-27T12:03:41.307-0300] {logging_mixin.py:188} INFO - [2025-11-27T12:03:41.307-0300] {dag.py:3089} INFO - Sync 10 DAGs
[2025-11-27T12:03:41.317-0300] {logging_mixin.py:188} INFO - [2025-11-27T12:03:41.317-0300] {dag.py:3947} INFO - Setting next_dagrun for conditional_dataset_and_time_based_timetable to 2025-11-26 01:00:00+00:00, run_after=2025-11-26 01:00:00+00:00
[2025-11-27T12:03:41.318-0300] {logging_mixin.py:188} INFO - [2025-11-27T12:03:41.318-0300] {dag.py:3947} INFO - Setting next_dagrun for consume_1_and_2_with_dataset_expressions to None, run_after=None
[2025-11-27T12:03:41.318-0300] {logging_mixin.py:188} INFO - [2025-11-27T12:03:41.318-0300] {dag.py:3947} INFO - Setting next_dagrun for consume_1_or_2_with_dataset_expressions to None, run_after=None
[2025-11-27T12:03:41.319-0300] {logging_mixin.py:188} INFO - [2025-11-27T12:03:41.319-0300] {dag.py:3947} INFO - Setting next_dagrun for consume_1_or_both_2_and_3_with_dataset_expressions to None, run_after=None
[2025-11-27T12:03:41.320-0300] {logging_mixin.py:188} INFO - [2025-11-27T12:03:41.320-0300] {dag.py:3947} INFO - Setting next_dagrun for dataset_consumes_1 to None, run_after=None
[2025-11-27T12:03:41.320-0300] {logging_mixin.py:188} INFO - [2025-11-27T12:03:41.320-0300] {dag.py:3947} INFO - Setting next_dagrun for dataset_consumes_1_and_2 to None, run_after=None
[2025-11-27T12:03:41.321-0300] {logging_mixin.py:188} INFO - [2025-11-27T12:03:41.321-0300] {dag.py:3947} INFO - Setting next_dagrun for dataset_consumes_1_never_scheduled to None, run_after=None
[2025-11-27T12:03:41.321-0300] {logging_mixin.py:188} INFO - [2025-11-27T12:03:41.321-0300] {dag.py:3947} INFO - Setting next_dagrun for dataset_consumes_unknown_never_scheduled to None, run_after=None
[2025-11-27T12:03:41.322-0300] {logging_mixin.py:188} INFO - [2025-11-27T12:03:41.322-0300] {dag.py:3947} INFO - Setting next_dagrun for dataset_produces_1 to 2025-11-26 00:00:00+00:00, run_after=2025-11-27 00:00:00+00:00
[2025-11-27T12:03:41.322-0300] {logging_mixin.py:188} INFO - [2025-11-27T12:03:41.322-0300] {dag.py:3947} INFO - Setting next_dagrun for dataset_produces_2 to None, run_after=None
[2025-11-27T12:03:41.336-0300] {processor.py:183} INFO - Processing /Users/davispecia/Documents/GitHub/Pf_pipeline_dados/Projeto_final_fase3/venv/lib/python3.9/site-packages/airflow/example_dags/example_datasets.py took 0.142 seconds
[2025-11-27T12:06:01.092-0300] {processor.py:161} INFO - Started process (PID=98748) to work on /Users/davispecia/Documents/GitHub/Pf_pipeline_dados/Projeto_final_fase3/venv/lib/python3.9/site-packages/airflow/example_dags/example_datasets.py
[2025-11-27T12:06:01.093-0300] {processor.py:830} INFO - Processing file /Users/davispecia/Documents/GitHub/Pf_pipeline_dados/Projeto_final_fase3/venv/lib/python3.9/site-packages/airflow/example_dags/example_datasets.py for tasks to queue
[2025-11-27T12:06:01.093-0300] {logging_mixin.py:188} INFO - [2025-11-27T12:06:01.093-0300] {dagbag.py:545} INFO - Filling up the DagBag from /Users/davispecia/Documents/GitHub/Pf_pipeline_dados/Projeto_final_fase3/venv/lib/python3.9/site-packages/airflow/example_dags/example_datasets.py
[2025-11-27T12:06:01.120-0300] {processor.py:840} INFO - DAG(s) 'consume_1_or_both_2_and_3_with_dataset_expressions', 'dataset_consumes_1', 'conditional_dataset_and_time_based_timetable', 'consume_1_and_2_with_dataset_expressions', 'consume_1_or_2_with_dataset_expressions', 'dataset_produces_1', 'dataset_produces_2', 'dataset_consumes_1_never_scheduled', 'dataset_consumes_1_and_2', 'dataset_consumes_unknown_never_scheduled' retrieved from /Users/davispecia/Documents/GitHub/Pf_pipeline_dados/Projeto_final_fase3/venv/lib/python3.9/site-packages/airflow/example_dags/example_datasets.py
[2025-11-27T12:06:01.202-0300] {logging_mixin.py:188} INFO - [2025-11-27T12:06:01.202-0300] {dag.py:3089} INFO - Sync 10 DAGs
[2025-11-27T12:06:01.212-0300] {logging_mixin.py:188} INFO - [2025-11-27T12:06:01.212-0300] {dag.py:3947} INFO - Setting next_dagrun for conditional_dataset_and_time_based_timetable to 2025-11-26 01:00:00+00:00, run_after=2025-11-26 01:00:00+00:00
[2025-11-27T12:06:01.213-0300] {logging_mixin.py:188} INFO - [2025-11-27T12:06:01.213-0300] {dag.py:3947} INFO - Setting next_dagrun for consume_1_and_2_with_dataset_expressions to None, run_after=None
[2025-11-27T12:06:01.214-0300] {logging_mixin.py:188} INFO - [2025-11-27T12:06:01.214-0300] {dag.py:3947} INFO - Setting next_dagrun for consume_1_or_2_with_dataset_expressions to None, run_after=None
[2025-11-27T12:06:01.214-0300] {logging_mixin.py:188} INFO - [2025-11-27T12:06:01.214-0300] {dag.py:3947} INFO - Setting next_dagrun for consume_1_or_both_2_and_3_with_dataset_expressions to None, run_after=None
[2025-11-27T12:06:01.215-0300] {logging_mixin.py:188} INFO - [2025-11-27T12:06:01.215-0300] {dag.py:3947} INFO - Setting next_dagrun for dataset_consumes_1 to None, run_after=None
[2025-11-27T12:06:01.216-0300] {logging_mixin.py:188} INFO - [2025-11-27T12:06:01.216-0300] {dag.py:3947} INFO - Setting next_dagrun for dataset_consumes_1_and_2 to None, run_after=None
[2025-11-27T12:06:01.216-0300] {logging_mixin.py:188} INFO - [2025-11-27T12:06:01.216-0300] {dag.py:3947} INFO - Setting next_dagrun for dataset_consumes_1_never_scheduled to None, run_after=None
[2025-11-27T12:06:01.216-0300] {logging_mixin.py:188} INFO - [2025-11-27T12:06:01.216-0300] {dag.py:3947} INFO - Setting next_dagrun for dataset_consumes_unknown_never_scheduled to None, run_after=None
[2025-11-27T12:06:01.217-0300] {logging_mixin.py:188} INFO - [2025-11-27T12:06:01.217-0300] {dag.py:3947} INFO - Setting next_dagrun for dataset_produces_1 to 2025-11-26 00:00:00+00:00, run_after=2025-11-27 00:00:00+00:00
[2025-11-27T12:06:01.218-0300] {logging_mixin.py:188} INFO - [2025-11-27T12:06:01.218-0300] {dag.py:3947} INFO - Setting next_dagrun for dataset_produces_2 to None, run_after=None
[2025-11-27T12:06:01.233-0300] {processor.py:183} INFO - Processing /Users/davispecia/Documents/GitHub/Pf_pipeline_dados/Projeto_final_fase3/venv/lib/python3.9/site-packages/airflow/example_dags/example_datasets.py took 0.142 seconds
[2025-11-27T12:08:10.429-0300] {processor.py:161} INFO - Started process (PID=99055) to work on /Users/davispecia/Documents/GitHub/Pf_pipeline_dados/Projeto_final_fase3/venv/lib/python3.9/site-packages/airflow/example_dags/example_datasets.py
[2025-11-27T12:08:10.430-0300] {processor.py:830} INFO - Processing file /Users/davispecia/Documents/GitHub/Pf_pipeline_dados/Projeto_final_fase3/venv/lib/python3.9/site-packages/airflow/example_dags/example_datasets.py for tasks to queue
[2025-11-27T12:08:10.431-0300] {logging_mixin.py:188} INFO - [2025-11-27T12:08:10.431-0300] {dagbag.py:545} INFO - Filling up the DagBag from /Users/davispecia/Documents/GitHub/Pf_pipeline_dados/Projeto_final_fase3/venv/lib/python3.9/site-packages/airflow/example_dags/example_datasets.py
[2025-11-27T12:08:10.459-0300] {processor.py:840} INFO - DAG(s) 'dataset_consumes_unknown_never_scheduled', 'consume_1_or_2_with_dataset_expressions', 'consume_1_or_both_2_and_3_with_dataset_expressions', 'dataset_consumes_1_never_scheduled', 'dataset_consumes_1_and_2', 'consume_1_and_2_with_dataset_expressions', 'dataset_consumes_1', 'dataset_produces_2', 'dataset_produces_1', 'conditional_dataset_and_time_based_timetable' retrieved from /Users/davispecia/Documents/GitHub/Pf_pipeline_dados/Projeto_final_fase3/venv/lib/python3.9/site-packages/airflow/example_dags/example_datasets.py
[2025-11-27T12:08:10.538-0300] {logging_mixin.py:188} INFO - [2025-11-27T12:08:10.538-0300] {dag.py:3089} INFO - Sync 10 DAGs
[2025-11-27T12:08:10.548-0300] {logging_mixin.py:188} INFO - [2025-11-27T12:08:10.548-0300] {dag.py:3947} INFO - Setting next_dagrun for conditional_dataset_and_time_based_timetable to 2025-11-26 01:00:00+00:00, run_after=2025-11-26 01:00:00+00:00
[2025-11-27T12:08:10.550-0300] {logging_mixin.py:188} INFO - [2025-11-27T12:08:10.549-0300] {dag.py:3947} INFO - Setting next_dagrun for consume_1_and_2_with_dataset_expressions to None, run_after=None
[2025-11-27T12:08:10.550-0300] {logging_mixin.py:188} INFO - [2025-11-27T12:08:10.550-0300] {dag.py:3947} INFO - Setting next_dagrun for consume_1_or_2_with_dataset_expressions to None, run_after=None
[2025-11-27T12:08:10.550-0300] {logging_mixin.py:188} INFO - [2025-11-27T12:08:10.550-0300] {dag.py:3947} INFO - Setting next_dagrun for consume_1_or_both_2_and_3_with_dataset_expressions to None, run_after=None
[2025-11-27T12:08:10.551-0300] {logging_mixin.py:188} INFO - [2025-11-27T12:08:10.551-0300] {dag.py:3947} INFO - Setting next_dagrun for dataset_consumes_1 to None, run_after=None
[2025-11-27T12:08:10.552-0300] {logging_mixin.py:188} INFO - [2025-11-27T12:08:10.552-0300] {dag.py:3947} INFO - Setting next_dagrun for dataset_consumes_1_and_2 to None, run_after=None
[2025-11-27T12:08:10.552-0300] {logging_mixin.py:188} INFO - [2025-11-27T12:08:10.552-0300] {dag.py:3947} INFO - Setting next_dagrun for dataset_consumes_1_never_scheduled to None, run_after=None
[2025-11-27T12:08:10.552-0300] {logging_mixin.py:188} INFO - [2025-11-27T12:08:10.552-0300] {dag.py:3947} INFO - Setting next_dagrun for dataset_consumes_unknown_never_scheduled to None, run_after=None
[2025-11-27T12:08:10.554-0300] {logging_mixin.py:188} INFO - [2025-11-27T12:08:10.553-0300] {dag.py:3947} INFO - Setting next_dagrun for dataset_produces_1 to 2025-11-26 00:00:00+00:00, run_after=2025-11-27 00:00:00+00:00
[2025-11-27T12:08:10.554-0300] {logging_mixin.py:188} INFO - [2025-11-27T12:08:10.554-0300] {dag.py:3947} INFO - Setting next_dagrun for dataset_produces_2 to None, run_after=None
[2025-11-27T12:08:10.568-0300] {processor.py:183} INFO - Processing /Users/davispecia/Documents/GitHub/Pf_pipeline_dados/Projeto_final_fase3/venv/lib/python3.9/site-packages/airflow/example_dags/example_datasets.py took 0.141 seconds
[2025-11-27T12:10:16.512-0300] {processor.py:161} INFO - Started process (PID=99373) to work on /Users/davispecia/Documents/GitHub/Pf_pipeline_dados/Projeto_final_fase3/venv/lib/python3.9/site-packages/airflow/example_dags/example_datasets.py
[2025-11-27T12:10:16.513-0300] {processor.py:830} INFO - Processing file /Users/davispecia/Documents/GitHub/Pf_pipeline_dados/Projeto_final_fase3/venv/lib/python3.9/site-packages/airflow/example_dags/example_datasets.py for tasks to queue
[2025-11-27T12:10:16.513-0300] {logging_mixin.py:188} INFO - [2025-11-27T12:10:16.513-0300] {dagbag.py:545} INFO - Filling up the DagBag from /Users/davispecia/Documents/GitHub/Pf_pipeline_dados/Projeto_final_fase3/venv/lib/python3.9/site-packages/airflow/example_dags/example_datasets.py
[2025-11-27T12:10:16.542-0300] {processor.py:840} INFO - DAG(s) 'consume_1_and_2_with_dataset_expressions', 'dataset_produces_2', 'dataset_consumes_unknown_never_scheduled', 'dataset_consumes_1_and_2', 'conditional_dataset_and_time_based_timetable', 'consume_1_or_both_2_and_3_with_dataset_expressions', 'consume_1_or_2_with_dataset_expressions', 'dataset_produces_1', 'dataset_consumes_1_never_scheduled', 'dataset_consumes_1' retrieved from /Users/davispecia/Documents/GitHub/Pf_pipeline_dados/Projeto_final_fase3/venv/lib/python3.9/site-packages/airflow/example_dags/example_datasets.py
[2025-11-27T12:10:16.624-0300] {logging_mixin.py:188} INFO - [2025-11-27T12:10:16.624-0300] {dag.py:3089} INFO - Sync 10 DAGs
[2025-11-27T12:10:16.634-0300] {logging_mixin.py:188} INFO - [2025-11-27T12:10:16.633-0300] {dag.py:3947} INFO - Setting next_dagrun for conditional_dataset_and_time_based_timetable to 2025-11-26 01:00:00+00:00, run_after=2025-11-26 01:00:00+00:00
[2025-11-27T12:10:16.635-0300] {logging_mixin.py:188} INFO - [2025-11-27T12:10:16.635-0300] {dag.py:3947} INFO - Setting next_dagrun for consume_1_and_2_with_dataset_expressions to None, run_after=None
[2025-11-27T12:10:16.636-0300] {logging_mixin.py:188} INFO - [2025-11-27T12:10:16.636-0300] {dag.py:3947} INFO - Setting next_dagrun for consume_1_or_2_with_dataset_expressions to None, run_after=None
[2025-11-27T12:10:16.636-0300] {logging_mixin.py:188} INFO - [2025-11-27T12:10:16.636-0300] {dag.py:3947} INFO - Setting next_dagrun for consume_1_or_both_2_and_3_with_dataset_expressions to None, run_after=None
[2025-11-27T12:10:16.637-0300] {logging_mixin.py:188} INFO - [2025-11-27T12:10:16.637-0300] {dag.py:3947} INFO - Setting next_dagrun for dataset_consumes_1 to None, run_after=None
[2025-11-27T12:10:16.637-0300] {logging_mixin.py:188} INFO - [2025-11-27T12:10:16.637-0300] {dag.py:3947} INFO - Setting next_dagrun for dataset_consumes_1_and_2 to None, run_after=None
[2025-11-27T12:10:16.638-0300] {logging_mixin.py:188} INFO - [2025-11-27T12:10:16.638-0300] {dag.py:3947} INFO - Setting next_dagrun for dataset_consumes_1_never_scheduled to None, run_after=None
[2025-11-27T12:10:16.638-0300] {logging_mixin.py:188} INFO - [2025-11-27T12:10:16.638-0300] {dag.py:3947} INFO - Setting next_dagrun for dataset_consumes_unknown_never_scheduled to None, run_after=None
[2025-11-27T12:10:16.639-0300] {logging_mixin.py:188} INFO - [2025-11-27T12:10:16.639-0300] {dag.py:3947} INFO - Setting next_dagrun for dataset_produces_1 to 2025-11-26 00:00:00+00:00, run_after=2025-11-27 00:00:00+00:00
[2025-11-27T12:10:16.639-0300] {logging_mixin.py:188} INFO - [2025-11-27T12:10:16.639-0300] {dag.py:3947} INFO - Setting next_dagrun for dataset_produces_2 to None, run_after=None
[2025-11-27T12:10:16.653-0300] {processor.py:183} INFO - Processing /Users/davispecia/Documents/GitHub/Pf_pipeline_dados/Projeto_final_fase3/venv/lib/python3.9/site-packages/airflow/example_dags/example_datasets.py took 0.143 seconds
[2025-11-27T12:12:31.588-0300] {processor.py:161} INFO - Started process (PID=99738) to work on /Users/davispecia/Documents/GitHub/Pf_pipeline_dados/Projeto_final_fase3/venv/lib/python3.9/site-packages/airflow/example_dags/example_datasets.py
[2025-11-27T12:12:31.589-0300] {processor.py:830} INFO - Processing file /Users/davispecia/Documents/GitHub/Pf_pipeline_dados/Projeto_final_fase3/venv/lib/python3.9/site-packages/airflow/example_dags/example_datasets.py for tasks to queue
[2025-11-27T12:12:31.590-0300] {logging_mixin.py:188} INFO - [2025-11-27T12:12:31.589-0300] {dagbag.py:545} INFO - Filling up the DagBag from /Users/davispecia/Documents/GitHub/Pf_pipeline_dados/Projeto_final_fase3/venv/lib/python3.9/site-packages/airflow/example_dags/example_datasets.py
[2025-11-27T12:12:31.618-0300] {processor.py:840} INFO - DAG(s) 'dataset_produces_1', 'conditional_dataset_and_time_based_timetable', 'consume_1_and_2_with_dataset_expressions', 'dataset_consumes_1_never_scheduled', 'dataset_produces_2', 'dataset_consumes_1', 'consume_1_or_both_2_and_3_with_dataset_expressions', 'consume_1_or_2_with_dataset_expressions', 'dataset_consumes_unknown_never_scheduled', 'dataset_consumes_1_and_2' retrieved from /Users/davispecia/Documents/GitHub/Pf_pipeline_dados/Projeto_final_fase3/venv/lib/python3.9/site-packages/airflow/example_dags/example_datasets.py
[2025-11-27T12:12:31.697-0300] {logging_mixin.py:188} INFO - [2025-11-27T12:12:31.697-0300] {dag.py:3089} INFO - Sync 10 DAGs
[2025-11-27T12:12:31.706-0300] {logging_mixin.py:188} INFO - [2025-11-27T12:12:31.706-0300] {dag.py:3947} INFO - Setting next_dagrun for conditional_dataset_and_time_based_timetable to 2025-11-26 01:00:00+00:00, run_after=2025-11-26 01:00:00+00:00
[2025-11-27T12:12:31.708-0300] {logging_mixin.py:188} INFO - [2025-11-27T12:12:31.708-0300] {dag.py:3947} INFO - Setting next_dagrun for consume_1_and_2_with_dataset_expressions to None, run_after=None
[2025-11-27T12:12:31.708-0300] {logging_mixin.py:188} INFO - [2025-11-27T12:12:31.708-0300] {dag.py:3947} INFO - Setting next_dagrun for consume_1_or_2_with_dataset_expressions to None, run_after=None
[2025-11-27T12:12:31.709-0300] {logging_mixin.py:188} INFO - [2025-11-27T12:12:31.709-0300] {dag.py:3947} INFO - Setting next_dagrun for consume_1_or_both_2_and_3_with_dataset_expressions to None, run_after=None
[2025-11-27T12:12:31.709-0300] {logging_mixin.py:188} INFO - [2025-11-27T12:12:31.709-0300] {dag.py:3947} INFO - Setting next_dagrun for dataset_consumes_1 to None, run_after=None
[2025-11-27T12:12:31.710-0300] {logging_mixin.py:188} INFO - [2025-11-27T12:12:31.710-0300] {dag.py:3947} INFO - Setting next_dagrun for dataset_consumes_1_and_2 to None, run_after=None
[2025-11-27T12:12:31.710-0300] {logging_mixin.py:188} INFO - [2025-11-27T12:12:31.710-0300] {dag.py:3947} INFO - Setting next_dagrun for dataset_consumes_1_never_scheduled to None, run_after=None
[2025-11-27T12:12:31.710-0300] {logging_mixin.py:188} INFO - [2025-11-27T12:12:31.710-0300] {dag.py:3947} INFO - Setting next_dagrun for dataset_consumes_unknown_never_scheduled to None, run_after=None
[2025-11-27T12:12:31.711-0300] {logging_mixin.py:188} INFO - [2025-11-27T12:12:31.711-0300] {dag.py:3947} INFO - Setting next_dagrun for dataset_produces_1 to 2025-11-26 00:00:00+00:00, run_after=2025-11-27 00:00:00+00:00
[2025-11-27T12:12:31.712-0300] {logging_mixin.py:188} INFO - [2025-11-27T12:12:31.712-0300] {dag.py:3947} INFO - Setting next_dagrun for dataset_produces_2 to None, run_after=None
[2025-11-27T12:12:31.725-0300] {processor.py:183} INFO - Processing /Users/davispecia/Documents/GitHub/Pf_pipeline_dados/Projeto_final_fase3/venv/lib/python3.9/site-packages/airflow/example_dags/example_datasets.py took 0.139 seconds
[2025-11-27T12:14:36.048-0300] {processor.py:161} INFO - Started process (PID=169) to work on /Users/davispecia/Documents/GitHub/Pf_pipeline_dados/Projeto_final_fase3/venv/lib/python3.9/site-packages/airflow/example_dags/example_datasets.py
[2025-11-27T12:14:36.049-0300] {processor.py:830} INFO - Processing file /Users/davispecia/Documents/GitHub/Pf_pipeline_dados/Projeto_final_fase3/venv/lib/python3.9/site-packages/airflow/example_dags/example_datasets.py for tasks to queue
[2025-11-27T12:14:36.049-0300] {logging_mixin.py:188} INFO - [2025-11-27T12:14:36.049-0300] {dagbag.py:545} INFO - Filling up the DagBag from /Users/davispecia/Documents/GitHub/Pf_pipeline_dados/Projeto_final_fase3/venv/lib/python3.9/site-packages/airflow/example_dags/example_datasets.py
[2025-11-27T12:14:36.077-0300] {processor.py:840} INFO - DAG(s) 'dataset_consumes_1', 'dataset_produces_2', 'dataset_consumes_1_and_2', 'dataset_produces_1', 'consume_1_or_both_2_and_3_with_dataset_expressions', 'dataset_consumes_1_never_scheduled', 'consume_1_or_2_with_dataset_expressions', 'conditional_dataset_and_time_based_timetable', 'consume_1_and_2_with_dataset_expressions', 'dataset_consumes_unknown_never_scheduled' retrieved from /Users/davispecia/Documents/GitHub/Pf_pipeline_dados/Projeto_final_fase3/venv/lib/python3.9/site-packages/airflow/example_dags/example_datasets.py
[2025-11-27T12:14:36.156-0300] {logging_mixin.py:188} INFO - [2025-11-27T12:14:36.156-0300] {dag.py:3089} INFO - Sync 10 DAGs
[2025-11-27T12:14:36.166-0300] {logging_mixin.py:188} INFO - [2025-11-27T12:14:36.166-0300] {dag.py:3947} INFO - Setting next_dagrun for conditional_dataset_and_time_based_timetable to 2025-11-26 01:00:00+00:00, run_after=2025-11-26 01:00:00+00:00
[2025-11-27T12:14:36.167-0300] {logging_mixin.py:188} INFO - [2025-11-27T12:14:36.167-0300] {dag.py:3947} INFO - Setting next_dagrun for consume_1_and_2_with_dataset_expressions to None, run_after=None
[2025-11-27T12:14:36.168-0300] {logging_mixin.py:188} INFO - [2025-11-27T12:14:36.167-0300] {dag.py:3947} INFO - Setting next_dagrun for consume_1_or_2_with_dataset_expressions to None, run_after=None
[2025-11-27T12:14:36.168-0300] {logging_mixin.py:188} INFO - [2025-11-27T12:14:36.168-0300] {dag.py:3947} INFO - Setting next_dagrun for consume_1_or_both_2_and_3_with_dataset_expressions to None, run_after=None
[2025-11-27T12:14:36.170-0300] {logging_mixin.py:188} INFO - [2025-11-27T12:14:36.170-0300] {dag.py:3947} INFO - Setting next_dagrun for dataset_consumes_1 to None, run_after=None
[2025-11-27T12:14:36.170-0300] {logging_mixin.py:188} INFO - [2025-11-27T12:14:36.170-0300] {dag.py:3947} INFO - Setting next_dagrun for dataset_consumes_1_and_2 to None, run_after=None
[2025-11-27T12:14:36.170-0300] {logging_mixin.py:188} INFO - [2025-11-27T12:14:36.170-0300] {dag.py:3947} INFO - Setting next_dagrun for dataset_consumes_1_never_scheduled to None, run_after=None
[2025-11-27T12:14:36.171-0300] {logging_mixin.py:188} INFO - [2025-11-27T12:14:36.171-0300] {dag.py:3947} INFO - Setting next_dagrun for dataset_consumes_unknown_never_scheduled to None, run_after=None
[2025-11-27T12:14:36.172-0300] {logging_mixin.py:188} INFO - [2025-11-27T12:14:36.172-0300] {dag.py:3947} INFO - Setting next_dagrun for dataset_produces_1 to 2025-11-26 00:00:00+00:00, run_after=2025-11-27 00:00:00+00:00
[2025-11-27T12:14:36.172-0300] {logging_mixin.py:188} INFO - [2025-11-27T12:14:36.172-0300] {dag.py:3947} INFO - Setting next_dagrun for dataset_produces_2 to None, run_after=None
[2025-11-27T12:14:36.185-0300] {processor.py:183} INFO - Processing /Users/davispecia/Documents/GitHub/Pf_pipeline_dados/Projeto_final_fase3/venv/lib/python3.9/site-packages/airflow/example_dags/example_datasets.py took 0.139 seconds
[2025-11-27T12:16:45.755-0300] {processor.py:161} INFO - Started process (PID=638) to work on /Users/davispecia/Documents/GitHub/Pf_pipeline_dados/Projeto_final_fase3/venv/lib/python3.9/site-packages/airflow/example_dags/example_datasets.py
[2025-11-27T12:16:45.756-0300] {processor.py:830} INFO - Processing file /Users/davispecia/Documents/GitHub/Pf_pipeline_dados/Projeto_final_fase3/venv/lib/python3.9/site-packages/airflow/example_dags/example_datasets.py for tasks to queue
[2025-11-27T12:16:45.757-0300] {logging_mixin.py:188} INFO - [2025-11-27T12:16:45.757-0300] {dagbag.py:545} INFO - Filling up the DagBag from /Users/davispecia/Documents/GitHub/Pf_pipeline_dados/Projeto_final_fase3/venv/lib/python3.9/site-packages/airflow/example_dags/example_datasets.py
[2025-11-27T12:16:45.783-0300] {processor.py:840} INFO - DAG(s) 'dataset_produces_2', 'dataset_consumes_1_and_2', 'dataset_consumes_1', 'consume_1_or_2_with_dataset_expressions', 'consume_1_and_2_with_dataset_expressions', 'conditional_dataset_and_time_based_timetable', 'dataset_consumes_unknown_never_scheduled', 'consume_1_or_both_2_and_3_with_dataset_expressions', 'dataset_consumes_1_never_scheduled', 'dataset_produces_1' retrieved from /Users/davispecia/Documents/GitHub/Pf_pipeline_dados/Projeto_final_fase3/venv/lib/python3.9/site-packages/airflow/example_dags/example_datasets.py
[2025-11-27T12:16:45.862-0300] {logging_mixin.py:188} INFO - [2025-11-27T12:16:45.862-0300] {dag.py:3089} INFO - Sync 10 DAGs
[2025-11-27T12:16:45.871-0300] {logging_mixin.py:188} INFO - [2025-11-27T12:16:45.871-0300] {dag.py:3947} INFO - Setting next_dagrun for conditional_dataset_and_time_based_timetable to 2025-11-26 01:00:00+00:00, run_after=2025-11-26 01:00:00+00:00
[2025-11-27T12:16:45.873-0300] {logging_mixin.py:188} INFO - [2025-11-27T12:16:45.872-0300] {dag.py:3947} INFO - Setting next_dagrun for consume_1_and_2_with_dataset_expressions to None, run_after=None
[2025-11-27T12:16:45.873-0300] {logging_mixin.py:188} INFO - [2025-11-27T12:16:45.873-0300] {dag.py:3947} INFO - Setting next_dagrun for consume_1_or_2_with_dataset_expressions to None, run_after=None
[2025-11-27T12:16:45.874-0300] {logging_mixin.py:188} INFO - [2025-11-27T12:16:45.874-0300] {dag.py:3947} INFO - Setting next_dagrun for consume_1_or_both_2_and_3_with_dataset_expressions to None, run_after=None
[2025-11-27T12:16:45.874-0300] {logging_mixin.py:188} INFO - [2025-11-27T12:16:45.874-0300] {dag.py:3947} INFO - Setting next_dagrun for dataset_consumes_1 to None, run_after=None
[2025-11-27T12:16:45.875-0300] {logging_mixin.py:188} INFO - [2025-11-27T12:16:45.875-0300] {dag.py:3947} INFO - Setting next_dagrun for dataset_consumes_1_and_2 to None, run_after=None
[2025-11-27T12:16:45.876-0300] {logging_mixin.py:188} INFO - [2025-11-27T12:16:45.876-0300] {dag.py:3947} INFO - Setting next_dagrun for dataset_consumes_1_never_scheduled to None, run_after=None
[2025-11-27T12:16:45.876-0300] {logging_mixin.py:188} INFO - [2025-11-27T12:16:45.876-0300] {dag.py:3947} INFO - Setting next_dagrun for dataset_consumes_unknown_never_scheduled to None, run_after=None
[2025-11-27T12:16:45.877-0300] {logging_mixin.py:188} INFO - [2025-11-27T12:16:45.877-0300] {dag.py:3947} INFO - Setting next_dagrun for dataset_produces_1 to 2025-11-26 00:00:00+00:00, run_after=2025-11-27 00:00:00+00:00
[2025-11-27T12:16:45.878-0300] {logging_mixin.py:188} INFO - [2025-11-27T12:16:45.878-0300] {dag.py:3947} INFO - Setting next_dagrun for dataset_produces_2 to None, run_after=None
[2025-11-27T12:16:45.891-0300] {processor.py:183} INFO - Processing /Users/davispecia/Documents/GitHub/Pf_pipeline_dados/Projeto_final_fase3/venv/lib/python3.9/site-packages/airflow/example_dags/example_datasets.py took 0.138 seconds
[2025-11-27T12:18:48.440-0300] {processor.py:161} INFO - Started process (PID=985) to work on /Users/davispecia/Documents/GitHub/Pf_pipeline_dados/Projeto_final_fase3/venv/lib/python3.9/site-packages/airflow/example_dags/example_datasets.py
[2025-11-27T12:18:48.442-0300] {processor.py:830} INFO - Processing file /Users/davispecia/Documents/GitHub/Pf_pipeline_dados/Projeto_final_fase3/venv/lib/python3.9/site-packages/airflow/example_dags/example_datasets.py for tasks to queue
[2025-11-27T12:18:48.442-0300] {logging_mixin.py:188} INFO - [2025-11-27T12:18:48.442-0300] {dagbag.py:545} INFO - Filling up the DagBag from /Users/davispecia/Documents/GitHub/Pf_pipeline_dados/Projeto_final_fase3/venv/lib/python3.9/site-packages/airflow/example_dags/example_datasets.py
[2025-11-27T12:18:48.470-0300] {processor.py:840} INFO - DAG(s) 'dataset_produces_1', 'dataset_consumes_1_never_scheduled', 'consume_1_or_2_with_dataset_expressions', 'dataset_consumes_1', 'dataset_produces_2', 'dataset_consumes_unknown_never_scheduled', 'dataset_consumes_1_and_2', 'consume_1_and_2_with_dataset_expressions', 'consume_1_or_both_2_and_3_with_dataset_expressions', 'conditional_dataset_and_time_based_timetable' retrieved from /Users/davispecia/Documents/GitHub/Pf_pipeline_dados/Projeto_final_fase3/venv/lib/python3.9/site-packages/airflow/example_dags/example_datasets.py
[2025-11-27T12:18:48.551-0300] {logging_mixin.py:188} INFO - [2025-11-27T12:18:48.551-0300] {dag.py:3089} INFO - Sync 10 DAGs
[2025-11-27T12:18:48.561-0300] {logging_mixin.py:188} INFO - [2025-11-27T12:18:48.561-0300] {dag.py:3947} INFO - Setting next_dagrun for conditional_dataset_and_time_based_timetable to 2025-11-26 01:00:00+00:00, run_after=2025-11-26 01:00:00+00:00
[2025-11-27T12:18:48.562-0300] {logging_mixin.py:188} INFO - [2025-11-27T12:18:48.562-0300] {dag.py:3947} INFO - Setting next_dagrun for consume_1_and_2_with_dataset_expressions to None, run_after=None
[2025-11-27T12:18:48.562-0300] {logging_mixin.py:188} INFO - [2025-11-27T12:18:48.562-0300] {dag.py:3947} INFO - Setting next_dagrun for consume_1_or_2_with_dataset_expressions to None, run_after=None
[2025-11-27T12:18:48.563-0300] {logging_mixin.py:188} INFO - [2025-11-27T12:18:48.563-0300] {dag.py:3947} INFO - Setting next_dagrun for consume_1_or_both_2_and_3_with_dataset_expressions to None, run_after=None
[2025-11-27T12:18:48.564-0300] {logging_mixin.py:188} INFO - [2025-11-27T12:18:48.564-0300] {dag.py:3947} INFO - Setting next_dagrun for dataset_consumes_1 to None, run_after=None
[2025-11-27T12:18:48.564-0300] {logging_mixin.py:188} INFO - [2025-11-27T12:18:48.564-0300] {dag.py:3947} INFO - Setting next_dagrun for dataset_consumes_1_and_2 to None, run_after=None
[2025-11-27T12:18:48.565-0300] {logging_mixin.py:188} INFO - [2025-11-27T12:18:48.564-0300] {dag.py:3947} INFO - Setting next_dagrun for dataset_consumes_1_never_scheduled to None, run_after=None
[2025-11-27T12:18:48.565-0300] {logging_mixin.py:188} INFO - [2025-11-27T12:18:48.565-0300] {dag.py:3947} INFO - Setting next_dagrun for dataset_consumes_unknown_never_scheduled to None, run_after=None
[2025-11-27T12:18:48.567-0300] {logging_mixin.py:188} INFO - [2025-11-27T12:18:48.567-0300] {dag.py:3947} INFO - Setting next_dagrun for dataset_produces_1 to 2025-11-26 00:00:00+00:00, run_after=2025-11-27 00:00:00+00:00
[2025-11-27T12:18:48.567-0300] {logging_mixin.py:188} INFO - [2025-11-27T12:18:48.567-0300] {dag.py:3947} INFO - Setting next_dagrun for dataset_produces_2 to None, run_after=None
[2025-11-27T12:18:48.580-0300] {processor.py:183} INFO - Processing /Users/davispecia/Documents/GitHub/Pf_pipeline_dados/Projeto_final_fase3/venv/lib/python3.9/site-packages/airflow/example_dags/example_datasets.py took 0.142 seconds
[2025-11-27T12:20:52.674-0300] {processor.py:161} INFO - Started process (PID=1293) to work on /Users/davispecia/Documents/GitHub/Pf_pipeline_dados/Projeto_final_fase3/venv/lib/python3.9/site-packages/airflow/example_dags/example_datasets.py
[2025-11-27T12:20:52.676-0300] {processor.py:830} INFO - Processing file /Users/davispecia/Documents/GitHub/Pf_pipeline_dados/Projeto_final_fase3/venv/lib/python3.9/site-packages/airflow/example_dags/example_datasets.py for tasks to queue
[2025-11-27T12:20:52.676-0300] {logging_mixin.py:188} INFO - [2025-11-27T12:20:52.676-0300] {dagbag.py:545} INFO - Filling up the DagBag from /Users/davispecia/Documents/GitHub/Pf_pipeline_dados/Projeto_final_fase3/venv/lib/python3.9/site-packages/airflow/example_dags/example_datasets.py
[2025-11-27T12:20:52.704-0300] {processor.py:840} INFO - DAG(s) 'dataset_consumes_unknown_never_scheduled', 'consume_1_or_both_2_and_3_with_dataset_expressions', 'dataset_consumes_1_never_scheduled', 'dataset_produces_2', 'dataset_consumes_1', 'dataset_consumes_1_and_2', 'dataset_produces_1', 'conditional_dataset_and_time_based_timetable', 'consume_1_and_2_with_dataset_expressions', 'consume_1_or_2_with_dataset_expressions' retrieved from /Users/davispecia/Documents/GitHub/Pf_pipeline_dados/Projeto_final_fase3/venv/lib/python3.9/site-packages/airflow/example_dags/example_datasets.py
[2025-11-27T12:20:52.784-0300] {logging_mixin.py:188} INFO - [2025-11-27T12:20:52.784-0300] {dag.py:3089} INFO - Sync 10 DAGs
[2025-11-27T12:20:52.793-0300] {logging_mixin.py:188} INFO - [2025-11-27T12:20:52.793-0300] {dag.py:3947} INFO - Setting next_dagrun for conditional_dataset_and_time_based_timetable to 2025-11-26 01:00:00+00:00, run_after=2025-11-26 01:00:00+00:00
[2025-11-27T12:20:52.795-0300] {logging_mixin.py:188} INFO - [2025-11-27T12:20:52.795-0300] {dag.py:3947} INFO - Setting next_dagrun for consume_1_and_2_with_dataset_expressions to None, run_after=None
[2025-11-27T12:20:52.795-0300] {logging_mixin.py:188} INFO - [2025-11-27T12:20:52.795-0300] {dag.py:3947} INFO - Setting next_dagrun for consume_1_or_2_with_dataset_expressions to None, run_after=None
[2025-11-27T12:20:52.795-0300] {logging_mixin.py:188} INFO - [2025-11-27T12:20:52.795-0300] {dag.py:3947} INFO - Setting next_dagrun for consume_1_or_both_2_and_3_with_dataset_expressions to None, run_after=None
[2025-11-27T12:20:52.796-0300] {logging_mixin.py:188} INFO - [2025-11-27T12:20:52.796-0300] {dag.py:3947} INFO - Setting next_dagrun for dataset_consumes_1 to None, run_after=None
[2025-11-27T12:20:52.797-0300] {logging_mixin.py:188} INFO - [2025-11-27T12:20:52.797-0300] {dag.py:3947} INFO - Setting next_dagrun for dataset_consumes_1_and_2 to None, run_after=None
[2025-11-27T12:20:52.797-0300] {logging_mixin.py:188} INFO - [2025-11-27T12:20:52.797-0300] {dag.py:3947} INFO - Setting next_dagrun for dataset_consumes_1_never_scheduled to None, run_after=None
[2025-11-27T12:20:52.798-0300] {logging_mixin.py:188} INFO - [2025-11-27T12:20:52.797-0300] {dag.py:3947} INFO - Setting next_dagrun for dataset_consumes_unknown_never_scheduled to None, run_after=None
[2025-11-27T12:20:52.799-0300] {logging_mixin.py:188} INFO - [2025-11-27T12:20:52.798-0300] {dag.py:3947} INFO - Setting next_dagrun for dataset_produces_1 to 2025-11-26 00:00:00+00:00, run_after=2025-11-27 00:00:00+00:00
[2025-11-27T12:20:52.800-0300] {logging_mixin.py:188} INFO - [2025-11-27T12:20:52.800-0300] {dag.py:3947} INFO - Setting next_dagrun for dataset_produces_2 to None, run_after=None
[2025-11-27T12:20:52.813-0300] {processor.py:183} INFO - Processing /Users/davispecia/Documents/GitHub/Pf_pipeline_dados/Projeto_final_fase3/venv/lib/python3.9/site-packages/airflow/example_dags/example_datasets.py took 0.141 seconds
[2025-11-27T12:23:03.856-0300] {processor.py:161} INFO - Started process (PID=1692) to work on /Users/davispecia/Documents/GitHub/Pf_pipeline_dados/Projeto_final_fase3/venv/lib/python3.9/site-packages/airflow/example_dags/example_datasets.py
[2025-11-27T12:23:03.857-0300] {processor.py:830} INFO - Processing file /Users/davispecia/Documents/GitHub/Pf_pipeline_dados/Projeto_final_fase3/venv/lib/python3.9/site-packages/airflow/example_dags/example_datasets.py for tasks to queue
[2025-11-27T12:23:03.858-0300] {logging_mixin.py:188} INFO - [2025-11-27T12:23:03.858-0300] {dagbag.py:545} INFO - Filling up the DagBag from /Users/davispecia/Documents/GitHub/Pf_pipeline_dados/Projeto_final_fase3/venv/lib/python3.9/site-packages/airflow/example_dags/example_datasets.py
[2025-11-27T12:23:03.885-0300] {processor.py:840} INFO - DAG(s) 'dataset_consumes_1_never_scheduled', 'consume_1_or_both_2_and_3_with_dataset_expressions', 'dataset_consumes_unknown_never_scheduled', 'conditional_dataset_and_time_based_timetable', 'dataset_produces_2', 'consume_1_and_2_with_dataset_expressions', 'consume_1_or_2_with_dataset_expressions', 'dataset_consumes_1_and_2', 'dataset_produces_1', 'dataset_consumes_1' retrieved from /Users/davispecia/Documents/GitHub/Pf_pipeline_dados/Projeto_final_fase3/venv/lib/python3.9/site-packages/airflow/example_dags/example_datasets.py
[2025-11-27T12:23:03.965-0300] {logging_mixin.py:188} INFO - [2025-11-27T12:23:03.965-0300] {dag.py:3089} INFO - Sync 10 DAGs
[2025-11-27T12:23:03.975-0300] {logging_mixin.py:188} INFO - [2025-11-27T12:23:03.975-0300] {dag.py:3947} INFO - Setting next_dagrun for conditional_dataset_and_time_based_timetable to 2025-11-26 01:00:00+00:00, run_after=2025-11-26 01:00:00+00:00
[2025-11-27T12:23:03.976-0300] {logging_mixin.py:188} INFO - [2025-11-27T12:23:03.976-0300] {dag.py:3947} INFO - Setting next_dagrun for consume_1_and_2_with_dataset_expressions to None, run_after=None
[2025-11-27T12:23:03.977-0300] {logging_mixin.py:188} INFO - [2025-11-27T12:23:03.977-0300] {dag.py:3947} INFO - Setting next_dagrun for consume_1_or_2_with_dataset_expressions to None, run_after=None
[2025-11-27T12:23:03.977-0300] {logging_mixin.py:188} INFO - [2025-11-27T12:23:03.977-0300] {dag.py:3947} INFO - Setting next_dagrun for consume_1_or_both_2_and_3_with_dataset_expressions to None, run_after=None
[2025-11-27T12:23:03.978-0300] {logging_mixin.py:188} INFO - [2025-11-27T12:23:03.978-0300] {dag.py:3947} INFO - Setting next_dagrun for dataset_consumes_1 to None, run_after=None
[2025-11-27T12:23:03.978-0300] {logging_mixin.py:188} INFO - [2025-11-27T12:23:03.978-0300] {dag.py:3947} INFO - Setting next_dagrun for dataset_consumes_1_and_2 to None, run_after=None
[2025-11-27T12:23:03.979-0300] {logging_mixin.py:188} INFO - [2025-11-27T12:23:03.979-0300] {dag.py:3947} INFO - Setting next_dagrun for dataset_consumes_1_never_scheduled to None, run_after=None
[2025-11-27T12:23:03.979-0300] {logging_mixin.py:188} INFO - [2025-11-27T12:23:03.979-0300] {dag.py:3947} INFO - Setting next_dagrun for dataset_consumes_unknown_never_scheduled to None, run_after=None
[2025-11-27T12:23:03.980-0300] {logging_mixin.py:188} INFO - [2025-11-27T12:23:03.980-0300] {dag.py:3947} INFO - Setting next_dagrun for dataset_produces_1 to 2025-11-26 00:00:00+00:00, run_after=2025-11-27 00:00:00+00:00
[2025-11-27T12:23:03.980-0300] {logging_mixin.py:188} INFO - [2025-11-27T12:23:03.980-0300] {dag.py:3947} INFO - Setting next_dagrun for dataset_produces_2 to None, run_after=None
[2025-11-27T12:23:03.996-0300] {processor.py:183} INFO - Processing /Users/davispecia/Documents/GitHub/Pf_pipeline_dados/Projeto_final_fase3/venv/lib/python3.9/site-packages/airflow/example_dags/example_datasets.py took 0.142 seconds
[2025-11-27T12:25:05.167-0300] {processor.py:161} INFO - Started process (PID=2006) to work on /Users/davispecia/Documents/GitHub/Pf_pipeline_dados/Projeto_final_fase3/venv/lib/python3.9/site-packages/airflow/example_dags/example_datasets.py
[2025-11-27T12:25:05.168-0300] {processor.py:830} INFO - Processing file /Users/davispecia/Documents/GitHub/Pf_pipeline_dados/Projeto_final_fase3/venv/lib/python3.9/site-packages/airflow/example_dags/example_datasets.py for tasks to queue
[2025-11-27T12:25:05.169-0300] {logging_mixin.py:188} INFO - [2025-11-27T12:25:05.168-0300] {dagbag.py:545} INFO - Filling up the DagBag from /Users/davispecia/Documents/GitHub/Pf_pipeline_dados/Projeto_final_fase3/venv/lib/python3.9/site-packages/airflow/example_dags/example_datasets.py
[2025-11-27T12:25:05.197-0300] {processor.py:840} INFO - DAG(s) 'consume_1_and_2_with_dataset_expressions', 'consume_1_or_both_2_and_3_with_dataset_expressions', 'consume_1_or_2_with_dataset_expressions', 'dataset_consumes_1_and_2', 'conditional_dataset_and_time_based_timetable', 'dataset_consumes_unknown_never_scheduled', 'dataset_consumes_1_never_scheduled', 'dataset_consumes_1', 'dataset_produces_1', 'dataset_produces_2' retrieved from /Users/davispecia/Documents/GitHub/Pf_pipeline_dados/Projeto_final_fase3/venv/lib/python3.9/site-packages/airflow/example_dags/example_datasets.py
[2025-11-27T12:25:05.278-0300] {logging_mixin.py:188} INFO - [2025-11-27T12:25:05.278-0300] {dag.py:3089} INFO - Sync 10 DAGs
[2025-11-27T12:25:05.288-0300] {logging_mixin.py:188} INFO - [2025-11-27T12:25:05.288-0300] {dag.py:3947} INFO - Setting next_dagrun for conditional_dataset_and_time_based_timetable to 2025-11-26 01:00:00+00:00, run_after=2025-11-26 01:00:00+00:00
[2025-11-27T12:25:05.289-0300] {logging_mixin.py:188} INFO - [2025-11-27T12:25:05.289-0300] {dag.py:3947} INFO - Setting next_dagrun for consume_1_and_2_with_dataset_expressions to None, run_after=None
[2025-11-27T12:25:05.290-0300] {logging_mixin.py:188} INFO - [2025-11-27T12:25:05.290-0300] {dag.py:3947} INFO - Setting next_dagrun for consume_1_or_2_with_dataset_expressions to None, run_after=None
[2025-11-27T12:25:05.290-0300] {logging_mixin.py:188} INFO - [2025-11-27T12:25:05.290-0300] {dag.py:3947} INFO - Setting next_dagrun for consume_1_or_both_2_and_3_with_dataset_expressions to None, run_after=None
[2025-11-27T12:25:05.291-0300] {logging_mixin.py:188} INFO - [2025-11-27T12:25:05.291-0300] {dag.py:3947} INFO - Setting next_dagrun for dataset_consumes_1 to None, run_after=None
[2025-11-27T12:25:05.292-0300] {logging_mixin.py:188} INFO - [2025-11-27T12:25:05.291-0300] {dag.py:3947} INFO - Setting next_dagrun for dataset_consumes_1_and_2 to None, run_after=None
[2025-11-27T12:25:05.292-0300] {logging_mixin.py:188} INFO - [2025-11-27T12:25:05.292-0300] {dag.py:3947} INFO - Setting next_dagrun for dataset_consumes_1_never_scheduled to None, run_after=None
[2025-11-27T12:25:05.292-0300] {logging_mixin.py:188} INFO - [2025-11-27T12:25:05.292-0300] {dag.py:3947} INFO - Setting next_dagrun for dataset_consumes_unknown_never_scheduled to None, run_after=None
[2025-11-27T12:25:05.293-0300] {logging_mixin.py:188} INFO - [2025-11-27T12:25:05.293-0300] {dag.py:3947} INFO - Setting next_dagrun for dataset_produces_1 to 2025-11-26 00:00:00+00:00, run_after=2025-11-27 00:00:00+00:00
[2025-11-27T12:25:05.294-0300] {logging_mixin.py:188} INFO - [2025-11-27T12:25:05.294-0300] {dag.py:3947} INFO - Setting next_dagrun for dataset_produces_2 to None, run_after=None
[2025-11-27T12:25:05.307-0300] {processor.py:183} INFO - Processing /Users/davispecia/Documents/GitHub/Pf_pipeline_dados/Projeto_final_fase3/venv/lib/python3.9/site-packages/airflow/example_dags/example_datasets.py took 0.142 seconds
[2025-11-27T12:27:19.365-0300] {processor.py:161} INFO - Started process (PID=2387) to work on /Users/davispecia/Documents/GitHub/Pf_pipeline_dados/Projeto_final_fase3/venv/lib/python3.9/site-packages/airflow/example_dags/example_datasets.py
[2025-11-27T12:27:19.366-0300] {processor.py:830} INFO - Processing file /Users/davispecia/Documents/GitHub/Pf_pipeline_dados/Projeto_final_fase3/venv/lib/python3.9/site-packages/airflow/example_dags/example_datasets.py for tasks to queue
[2025-11-27T12:27:19.366-0300] {logging_mixin.py:188} INFO - [2025-11-27T12:27:19.366-0300] {dagbag.py:545} INFO - Filling up the DagBag from /Users/davispecia/Documents/GitHub/Pf_pipeline_dados/Projeto_final_fase3/venv/lib/python3.9/site-packages/airflow/example_dags/example_datasets.py
[2025-11-27T12:27:19.392-0300] {processor.py:840} INFO - DAG(s) 'dataset_consumes_1_and_2', 'consume_1_and_2_with_dataset_expressions', 'consume_1_or_both_2_and_3_with_dataset_expressions', 'dataset_consumes_unknown_never_scheduled', 'dataset_consumes_1', 'dataset_consumes_1_never_scheduled', 'dataset_produces_1', 'dataset_produces_2', 'consume_1_or_2_with_dataset_expressions', 'conditional_dataset_and_time_based_timetable' retrieved from /Users/davispecia/Documents/GitHub/Pf_pipeline_dados/Projeto_final_fase3/venv/lib/python3.9/site-packages/airflow/example_dags/example_datasets.py
[2025-11-27T12:27:19.473-0300] {logging_mixin.py:188} INFO - [2025-11-27T12:27:19.473-0300] {dag.py:3089} INFO - Sync 10 DAGs
[2025-11-27T12:27:19.483-0300] {logging_mixin.py:188} INFO - [2025-11-27T12:27:19.482-0300] {dag.py:3947} INFO - Setting next_dagrun for conditional_dataset_and_time_based_timetable to 2025-11-26 01:00:00+00:00, run_after=2025-11-26 01:00:00+00:00
[2025-11-27T12:27:19.484-0300] {logging_mixin.py:188} INFO - [2025-11-27T12:27:19.484-0300] {dag.py:3947} INFO - Setting next_dagrun for consume_1_and_2_with_dataset_expressions to None, run_after=None
[2025-11-27T12:27:19.484-0300] {logging_mixin.py:188} INFO - [2025-11-27T12:27:19.484-0300] {dag.py:3947} INFO - Setting next_dagrun for consume_1_or_2_with_dataset_expressions to None, run_after=None
[2025-11-27T12:27:19.485-0300] {logging_mixin.py:188} INFO - [2025-11-27T12:27:19.485-0300] {dag.py:3947} INFO - Setting next_dagrun for consume_1_or_both_2_and_3_with_dataset_expressions to None, run_after=None
[2025-11-27T12:27:19.486-0300] {logging_mixin.py:188} INFO - [2025-11-27T12:27:19.486-0300] {dag.py:3947} INFO - Setting next_dagrun for dataset_consumes_1 to None, run_after=None
[2025-11-27T12:27:19.486-0300] {logging_mixin.py:188} INFO - [2025-11-27T12:27:19.486-0300] {dag.py:3947} INFO - Setting next_dagrun for dataset_consumes_1_and_2 to None, run_after=None
[2025-11-27T12:27:19.487-0300] {logging_mixin.py:188} INFO - [2025-11-27T12:27:19.486-0300] {dag.py:3947} INFO - Setting next_dagrun for dataset_consumes_1_never_scheduled to None, run_after=None
[2025-11-27T12:27:19.487-0300] {logging_mixin.py:188} INFO - [2025-11-27T12:27:19.487-0300] {dag.py:3947} INFO - Setting next_dagrun for dataset_consumes_unknown_never_scheduled to None, run_after=None
[2025-11-27T12:27:19.488-0300] {logging_mixin.py:188} INFO - [2025-11-27T12:27:19.488-0300] {dag.py:3947} INFO - Setting next_dagrun for dataset_produces_1 to 2025-11-26 00:00:00+00:00, run_after=2025-11-27 00:00:00+00:00
[2025-11-27T12:27:19.488-0300] {logging_mixin.py:188} INFO - [2025-11-27T12:27:19.488-0300] {dag.py:3947} INFO - Setting next_dagrun for dataset_produces_2 to None, run_after=None
[2025-11-27T12:27:19.502-0300] {processor.py:183} INFO - Processing /Users/davispecia/Documents/GitHub/Pf_pipeline_dados/Projeto_final_fase3/venv/lib/python3.9/site-packages/airflow/example_dags/example_datasets.py took 0.139 seconds
[2025-11-27T14:06:47.540-0300] {processor.py:161} INFO - Started process (PID=2975) to work on /Users/davispecia/Documents/GitHub/Pf_pipeline_dados/Projeto_final_fase3/venv/lib/python3.9/site-packages/airflow/example_dags/example_datasets.py
[2025-11-27T14:06:47.541-0300] {processor.py:830} INFO - Processing file /Users/davispecia/Documents/GitHub/Pf_pipeline_dados/Projeto_final_fase3/venv/lib/python3.9/site-packages/airflow/example_dags/example_datasets.py for tasks to queue
[2025-11-27T14:06:47.542-0300] {logging_mixin.py:188} INFO - [2025-11-27T14:06:47.542-0300] {dagbag.py:545} INFO - Filling up the DagBag from /Users/davispecia/Documents/GitHub/Pf_pipeline_dados/Projeto_final_fase3/venv/lib/python3.9/site-packages/airflow/example_dags/example_datasets.py
[2025-11-27T14:06:47.567-0300] {processor.py:840} INFO - DAG(s) 'dataset_produces_1', 'dataset_consumes_unknown_never_scheduled', 'dataset_produces_2', 'consume_1_or_both_2_and_3_with_dataset_expressions', 'dataset_consumes_1', 'dataset_consumes_1_and_2', 'consume_1_and_2_with_dataset_expressions', 'conditional_dataset_and_time_based_timetable', 'dataset_consumes_1_never_scheduled', 'consume_1_or_2_with_dataset_expressions' retrieved from /Users/davispecia/Documents/GitHub/Pf_pipeline_dados/Projeto_final_fase3/venv/lib/python3.9/site-packages/airflow/example_dags/example_datasets.py
[2025-11-27T14:06:47.648-0300] {logging_mixin.py:188} INFO - [2025-11-27T14:06:47.648-0300] {dag.py:3089} INFO - Sync 10 DAGs
[2025-11-27T14:06:47.658-0300] {logging_mixin.py:188} INFO - [2025-11-27T14:06:47.658-0300] {dag.py:3947} INFO - Setting next_dagrun for conditional_dataset_and_time_based_timetable to 2025-11-26 01:00:00+00:00, run_after=2025-11-26 01:00:00+00:00
[2025-11-27T14:06:47.659-0300] {logging_mixin.py:188} INFO - [2025-11-27T14:06:47.659-0300] {dag.py:3947} INFO - Setting next_dagrun for consume_1_and_2_with_dataset_expressions to None, run_after=None
[2025-11-27T14:06:47.660-0300] {logging_mixin.py:188} INFO - [2025-11-27T14:06:47.660-0300] {dag.py:3947} INFO - Setting next_dagrun for consume_1_or_2_with_dataset_expressions to None, run_after=None
[2025-11-27T14:06:47.661-0300] {logging_mixin.py:188} INFO - [2025-11-27T14:06:47.661-0300] {dag.py:3947} INFO - Setting next_dagrun for consume_1_or_both_2_and_3_with_dataset_expressions to None, run_after=None
[2025-11-27T14:06:47.661-0300] {logging_mixin.py:188} INFO - [2025-11-27T14:06:47.661-0300] {dag.py:3947} INFO - Setting next_dagrun for dataset_consumes_1 to None, run_after=None
[2025-11-27T14:06:47.662-0300] {logging_mixin.py:188} INFO - [2025-11-27T14:06:47.661-0300] {dag.py:3947} INFO - Setting next_dagrun for dataset_consumes_1_and_2 to None, run_after=None
[2025-11-27T14:06:47.662-0300] {logging_mixin.py:188} INFO - [2025-11-27T14:06:47.662-0300] {dag.py:3947} INFO - Setting next_dagrun for dataset_consumes_1_never_scheduled to None, run_after=None
[2025-11-27T14:06:47.662-0300] {logging_mixin.py:188} INFO - [2025-11-27T14:06:47.662-0300] {dag.py:3947} INFO - Setting next_dagrun for dataset_consumes_unknown_never_scheduled to None, run_after=None
[2025-11-27T14:06:47.663-0300] {logging_mixin.py:188} INFO - [2025-11-27T14:06:47.663-0300] {dag.py:3947} INFO - Setting next_dagrun for dataset_produces_1 to 2025-11-26 00:00:00+00:00, run_after=2025-11-27 00:00:00+00:00
[2025-11-27T14:06:47.664-0300] {logging_mixin.py:188} INFO - [2025-11-27T14:06:47.664-0300] {dag.py:3947} INFO - Setting next_dagrun for dataset_produces_2 to None, run_after=None
[2025-11-27T14:06:47.677-0300] {processor.py:183} INFO - Processing /Users/davispecia/Documents/GitHub/Pf_pipeline_dados/Projeto_final_fase3/venv/lib/python3.9/site-packages/airflow/example_dags/example_datasets.py took 0.139 seconds
[2025-11-27T14:08:57.680-0300] {processor.py:161} INFO - Started process (PID=3377) to work on /Users/davispecia/Documents/GitHub/Pf_pipeline_dados/Projeto_final_fase3/venv/lib/python3.9/site-packages/airflow/example_dags/example_datasets.py
[2025-11-27T14:08:57.681-0300] {processor.py:830} INFO - Processing file /Users/davispecia/Documents/GitHub/Pf_pipeline_dados/Projeto_final_fase3/venv/lib/python3.9/site-packages/airflow/example_dags/example_datasets.py for tasks to queue
[2025-11-27T14:08:57.682-0300] {logging_mixin.py:188} INFO - [2025-11-27T14:08:57.682-0300] {dagbag.py:545} INFO - Filling up the DagBag from /Users/davispecia/Documents/GitHub/Pf_pipeline_dados/Projeto_final_fase3/venv/lib/python3.9/site-packages/airflow/example_dags/example_datasets.py
[2025-11-27T14:08:57.709-0300] {processor.py:840} INFO - DAG(s) 'consume_1_or_both_2_and_3_with_dataset_expressions', 'dataset_consumes_1_and_2', 'dataset_consumes_1_never_scheduled', 'consume_1_and_2_with_dataset_expressions', 'dataset_produces_2', 'consume_1_or_2_with_dataset_expressions', 'dataset_produces_1', 'dataset_consumes_unknown_never_scheduled', 'dataset_consumes_1', 'conditional_dataset_and_time_based_timetable' retrieved from /Users/davispecia/Documents/GitHub/Pf_pipeline_dados/Projeto_final_fase3/venv/lib/python3.9/site-packages/airflow/example_dags/example_datasets.py
[2025-11-27T14:08:57.793-0300] {logging_mixin.py:188} INFO - [2025-11-27T14:08:57.792-0300] {dag.py:3089} INFO - Sync 10 DAGs
[2025-11-27T14:08:57.802-0300] {logging_mixin.py:188} INFO - [2025-11-27T14:08:57.802-0300] {dag.py:3947} INFO - Setting next_dagrun for conditional_dataset_and_time_based_timetable to 2025-11-26 01:00:00+00:00, run_after=2025-11-26 01:00:00+00:00
[2025-11-27T14:08:57.804-0300] {logging_mixin.py:188} INFO - [2025-11-27T14:08:57.803-0300] {dag.py:3947} INFO - Setting next_dagrun for consume_1_and_2_with_dataset_expressions to None, run_after=None
[2025-11-27T14:08:57.804-0300] {logging_mixin.py:188} INFO - [2025-11-27T14:08:57.804-0300] {dag.py:3947} INFO - Setting next_dagrun for consume_1_or_2_with_dataset_expressions to None, run_after=None
[2025-11-27T14:08:57.804-0300] {logging_mixin.py:188} INFO - [2025-11-27T14:08:57.804-0300] {dag.py:3947} INFO - Setting next_dagrun for consume_1_or_both_2_and_3_with_dataset_expressions to None, run_after=None
[2025-11-27T14:08:57.805-0300] {logging_mixin.py:188} INFO - [2025-11-27T14:08:57.805-0300] {dag.py:3947} INFO - Setting next_dagrun for dataset_consumes_1 to None, run_after=None
[2025-11-27T14:08:57.806-0300] {logging_mixin.py:188} INFO - [2025-11-27T14:08:57.806-0300] {dag.py:3947} INFO - Setting next_dagrun for dataset_consumes_1_and_2 to None, run_after=None
[2025-11-27T14:08:57.806-0300] {logging_mixin.py:188} INFO - [2025-11-27T14:08:57.806-0300] {dag.py:3947} INFO - Setting next_dagrun for dataset_consumes_1_never_scheduled to None, run_after=None
[2025-11-27T14:08:57.806-0300] {logging_mixin.py:188} INFO - [2025-11-27T14:08:57.806-0300] {dag.py:3947} INFO - Setting next_dagrun for dataset_consumes_unknown_never_scheduled to None, run_after=None
[2025-11-27T14:08:57.807-0300] {logging_mixin.py:188} INFO - [2025-11-27T14:08:57.807-0300] {dag.py:3947} INFO - Setting next_dagrun for dataset_produces_1 to 2025-11-26 00:00:00+00:00, run_after=2025-11-27 00:00:00+00:00
[2025-11-27T14:08:57.808-0300] {logging_mixin.py:188} INFO - [2025-11-27T14:08:57.808-0300] {dag.py:3947} INFO - Setting next_dagrun for dataset_produces_2 to None, run_after=None
[2025-11-27T14:08:57.820-0300] {processor.py:183} INFO - Processing /Users/davispecia/Documents/GitHub/Pf_pipeline_dados/Projeto_final_fase3/venv/lib/python3.9/site-packages/airflow/example_dags/example_datasets.py took 0.143 seconds
[2025-11-27T14:11:12.586-0300] {processor.py:161} INFO - Started process (PID=3757) to work on /Users/davispecia/Documents/GitHub/Pf_pipeline_dados/Projeto_final_fase3/venv/lib/python3.9/site-packages/airflow/example_dags/example_datasets.py
[2025-11-27T14:11:12.587-0300] {processor.py:830} INFO - Processing file /Users/davispecia/Documents/GitHub/Pf_pipeline_dados/Projeto_final_fase3/venv/lib/python3.9/site-packages/airflow/example_dags/example_datasets.py for tasks to queue
[2025-11-27T14:11:12.588-0300] {logging_mixin.py:188} INFO - [2025-11-27T14:11:12.588-0300] {dagbag.py:545} INFO - Filling up the DagBag from /Users/davispecia/Documents/GitHub/Pf_pipeline_dados/Projeto_final_fase3/venv/lib/python3.9/site-packages/airflow/example_dags/example_datasets.py
[2025-11-27T14:11:12.615-0300] {processor.py:840} INFO - DAG(s) 'dataset_consumes_1', 'consume_1_and_2_with_dataset_expressions', 'dataset_consumes_1_never_scheduled', 'conditional_dataset_and_time_based_timetable', 'consume_1_or_2_with_dataset_expressions', 'dataset_consumes_1_and_2', 'dataset_consumes_unknown_never_scheduled', 'dataset_produces_2', 'consume_1_or_both_2_and_3_with_dataset_expressions', 'dataset_produces_1' retrieved from /Users/davispecia/Documents/GitHub/Pf_pipeline_dados/Projeto_final_fase3/venv/lib/python3.9/site-packages/airflow/example_dags/example_datasets.py
[2025-11-27T14:11:12.699-0300] {logging_mixin.py:188} INFO - [2025-11-27T14:11:12.698-0300] {dag.py:3089} INFO - Sync 10 DAGs
[2025-11-27T14:11:12.708-0300] {logging_mixin.py:188} INFO - [2025-11-27T14:11:12.708-0300] {dag.py:3947} INFO - Setting next_dagrun for conditional_dataset_and_time_based_timetable to 2025-11-26 01:00:00+00:00, run_after=2025-11-26 01:00:00+00:00
[2025-11-27T14:11:12.709-0300] {logging_mixin.py:188} INFO - [2025-11-27T14:11:12.709-0300] {dag.py:3947} INFO - Setting next_dagrun for consume_1_and_2_with_dataset_expressions to None, run_after=None
[2025-11-27T14:11:12.710-0300] {logging_mixin.py:188} INFO - [2025-11-27T14:11:12.710-0300] {dag.py:3947} INFO - Setting next_dagrun for consume_1_or_2_with_dataset_expressions to None, run_after=None
[2025-11-27T14:11:12.710-0300] {logging_mixin.py:188} INFO - [2025-11-27T14:11:12.710-0300] {dag.py:3947} INFO - Setting next_dagrun for consume_1_or_both_2_and_3_with_dataset_expressions to None, run_after=None
[2025-11-27T14:11:12.711-0300] {logging_mixin.py:188} INFO - [2025-11-27T14:11:12.711-0300] {dag.py:3947} INFO - Setting next_dagrun for dataset_consumes_1 to None, run_after=None
[2025-11-27T14:11:12.711-0300] {logging_mixin.py:188} INFO - [2025-11-27T14:11:12.711-0300] {dag.py:3947} INFO - Setting next_dagrun for dataset_consumes_1_and_2 to None, run_after=None
[2025-11-27T14:11:12.712-0300] {logging_mixin.py:188} INFO - [2025-11-27T14:11:12.712-0300] {dag.py:3947} INFO - Setting next_dagrun for dataset_consumes_1_never_scheduled to None, run_after=None
[2025-11-27T14:11:12.712-0300] {logging_mixin.py:188} INFO - [2025-11-27T14:11:12.712-0300] {dag.py:3947} INFO - Setting next_dagrun for dataset_consumes_unknown_never_scheduled to None, run_after=None
[2025-11-27T14:11:12.713-0300] {logging_mixin.py:188} INFO - [2025-11-27T14:11:12.713-0300] {dag.py:3947} INFO - Setting next_dagrun for dataset_produces_1 to 2025-11-26 00:00:00+00:00, run_after=2025-11-27 00:00:00+00:00
[2025-11-27T14:11:12.714-0300] {logging_mixin.py:188} INFO - [2025-11-27T14:11:12.714-0300] {dag.py:3947} INFO - Setting next_dagrun for dataset_produces_2 to None, run_after=None
[2025-11-27T14:11:12.727-0300] {processor.py:183} INFO - Processing /Users/davispecia/Documents/GitHub/Pf_pipeline_dados/Projeto_final_fase3/venv/lib/python3.9/site-packages/airflow/example_dags/example_datasets.py took 0.143 seconds
[2025-11-27T14:13:15.557-0300] {processor.py:161} INFO - Started process (PID=4075) to work on /Users/davispecia/Documents/GitHub/Pf_pipeline_dados/Projeto_final_fase3/venv/lib/python3.9/site-packages/airflow/example_dags/example_datasets.py
[2025-11-27T14:13:15.558-0300] {processor.py:830} INFO - Processing file /Users/davispecia/Documents/GitHub/Pf_pipeline_dados/Projeto_final_fase3/venv/lib/python3.9/site-packages/airflow/example_dags/example_datasets.py for tasks to queue
[2025-11-27T14:13:15.558-0300] {logging_mixin.py:188} INFO - [2025-11-27T14:13:15.558-0300] {dagbag.py:545} INFO - Filling up the DagBag from /Users/davispecia/Documents/GitHub/Pf_pipeline_dados/Projeto_final_fase3/venv/lib/python3.9/site-packages/airflow/example_dags/example_datasets.py
[2025-11-27T14:13:15.588-0300] {processor.py:840} INFO - DAG(s) 'dataset_consumes_unknown_never_scheduled', 'dataset_consumes_1_and_2', 'consume_1_and_2_with_dataset_expressions', 'dataset_produces_1', 'dataset_consumes_1_never_scheduled', 'dataset_produces_2', 'conditional_dataset_and_time_based_timetable', 'consume_1_or_both_2_and_3_with_dataset_expressions', 'consume_1_or_2_with_dataset_expressions', 'dataset_consumes_1' retrieved from /Users/davispecia/Documents/GitHub/Pf_pipeline_dados/Projeto_final_fase3/venv/lib/python3.9/site-packages/airflow/example_dags/example_datasets.py
[2025-11-27T14:13:15.675-0300] {logging_mixin.py:188} INFO - [2025-11-27T14:13:15.674-0300] {dag.py:3089} INFO - Sync 10 DAGs
[2025-11-27T14:13:15.685-0300] {logging_mixin.py:188} INFO - [2025-11-27T14:13:15.684-0300] {dag.py:3947} INFO - Setting next_dagrun for conditional_dataset_and_time_based_timetable to 2025-11-26 01:00:00+00:00, run_after=2025-11-26 01:00:00+00:00
[2025-11-27T14:13:15.686-0300] {logging_mixin.py:188} INFO - [2025-11-27T14:13:15.686-0300] {dag.py:3947} INFO - Setting next_dagrun for consume_1_and_2_with_dataset_expressions to None, run_after=None
[2025-11-27T14:13:15.686-0300] {logging_mixin.py:188} INFO - [2025-11-27T14:13:15.686-0300] {dag.py:3947} INFO - Setting next_dagrun for consume_1_or_2_with_dataset_expressions to None, run_after=None
[2025-11-27T14:13:15.687-0300] {logging_mixin.py:188} INFO - [2025-11-27T14:13:15.687-0300] {dag.py:3947} INFO - Setting next_dagrun for consume_1_or_both_2_and_3_with_dataset_expressions to None, run_after=None
[2025-11-27T14:13:15.688-0300] {logging_mixin.py:188} INFO - [2025-11-27T14:13:15.688-0300] {dag.py:3947} INFO - Setting next_dagrun for dataset_consumes_1 to None, run_after=None
[2025-11-27T14:13:15.688-0300] {logging_mixin.py:188} INFO - [2025-11-27T14:13:15.688-0300] {dag.py:3947} INFO - Setting next_dagrun for dataset_consumes_1_and_2 to None, run_after=None
[2025-11-27T14:13:15.688-0300] {logging_mixin.py:188} INFO - [2025-11-27T14:13:15.688-0300] {dag.py:3947} INFO - Setting next_dagrun for dataset_consumes_1_never_scheduled to None, run_after=None
[2025-11-27T14:13:15.689-0300] {logging_mixin.py:188} INFO - [2025-11-27T14:13:15.689-0300] {dag.py:3947} INFO - Setting next_dagrun for dataset_consumes_unknown_never_scheduled to None, run_after=None
[2025-11-27T14:13:15.690-0300] {logging_mixin.py:188} INFO - [2025-11-27T14:13:15.690-0300] {dag.py:3947} INFO - Setting next_dagrun for dataset_produces_1 to 2025-11-26 00:00:00+00:00, run_after=2025-11-27 00:00:00+00:00
[2025-11-27T14:13:15.690-0300] {logging_mixin.py:188} INFO - [2025-11-27T14:13:15.690-0300] {dag.py:3947} INFO - Setting next_dagrun for dataset_produces_2 to None, run_after=None
[2025-11-27T14:13:15.705-0300] {processor.py:183} INFO - Processing /Users/davispecia/Documents/GitHub/Pf_pipeline_dados/Projeto_final_fase3/venv/lib/python3.9/site-packages/airflow/example_dags/example_datasets.py took 0.151 seconds
[2025-11-27T14:15:40.801-0300] {processor.py:161} INFO - Started process (PID=4494) to work on /Users/davispecia/Documents/GitHub/Pf_pipeline_dados/Projeto_final_fase3/venv/lib/python3.9/site-packages/airflow/example_dags/example_datasets.py
[2025-11-27T14:15:40.802-0300] {processor.py:830} INFO - Processing file /Users/davispecia/Documents/GitHub/Pf_pipeline_dados/Projeto_final_fase3/venv/lib/python3.9/site-packages/airflow/example_dags/example_datasets.py for tasks to queue
[2025-11-27T14:15:40.803-0300] {logging_mixin.py:188} INFO - [2025-11-27T14:15:40.802-0300] {dagbag.py:545} INFO - Filling up the DagBag from /Users/davispecia/Documents/GitHub/Pf_pipeline_dados/Projeto_final_fase3/venv/lib/python3.9/site-packages/airflow/example_dags/example_datasets.py
[2025-11-27T14:15:40.830-0300] {processor.py:840} INFO - DAG(s) 'conditional_dataset_and_time_based_timetable', 'dataset_consumes_1_never_scheduled', 'dataset_consumes_unknown_never_scheduled', 'consume_1_or_both_2_and_3_with_dataset_expressions', 'dataset_consumes_1', 'dataset_produces_2', 'consume_1_and_2_with_dataset_expressions', 'dataset_consumes_1_and_2', 'dataset_produces_1', 'consume_1_or_2_with_dataset_expressions' retrieved from /Users/davispecia/Documents/GitHub/Pf_pipeline_dados/Projeto_final_fase3/venv/lib/python3.9/site-packages/airflow/example_dags/example_datasets.py
[2025-11-27T14:15:40.913-0300] {logging_mixin.py:188} INFO - [2025-11-27T14:15:40.913-0300] {dag.py:3089} INFO - Sync 10 DAGs
[2025-11-27T14:15:40.924-0300] {logging_mixin.py:188} INFO - [2025-11-27T14:15:40.923-0300] {dag.py:3947} INFO - Setting next_dagrun for conditional_dataset_and_time_based_timetable to 2025-11-26 01:00:00+00:00, run_after=2025-11-26 01:00:00+00:00
[2025-11-27T14:15:40.925-0300] {logging_mixin.py:188} INFO - [2025-11-27T14:15:40.925-0300] {dag.py:3947} INFO - Setting next_dagrun for consume_1_and_2_with_dataset_expressions to None, run_after=None
[2025-11-27T14:15:40.925-0300] {logging_mixin.py:188} INFO - [2025-11-27T14:15:40.925-0300] {dag.py:3947} INFO - Setting next_dagrun for consume_1_or_2_with_dataset_expressions to None, run_after=None
[2025-11-27T14:15:40.926-0300] {logging_mixin.py:188} INFO - [2025-11-27T14:15:40.926-0300] {dag.py:3947} INFO - Setting next_dagrun for consume_1_or_both_2_and_3_with_dataset_expressions to None, run_after=None
[2025-11-27T14:15:40.927-0300] {logging_mixin.py:188} INFO - [2025-11-27T14:15:40.927-0300] {dag.py:3947} INFO - Setting next_dagrun for dataset_consumes_1 to None, run_after=None
[2025-11-27T14:15:40.927-0300] {logging_mixin.py:188} INFO - [2025-11-27T14:15:40.927-0300] {dag.py:3947} INFO - Setting next_dagrun for dataset_consumes_1_and_2 to None, run_after=None
[2025-11-27T14:15:40.927-0300] {logging_mixin.py:188} INFO - [2025-11-27T14:15:40.927-0300] {dag.py:3947} INFO - Setting next_dagrun for dataset_consumes_1_never_scheduled to None, run_after=None
[2025-11-27T14:15:40.928-0300] {logging_mixin.py:188} INFO - [2025-11-27T14:15:40.928-0300] {dag.py:3947} INFO - Setting next_dagrun for dataset_consumes_unknown_never_scheduled to None, run_after=None
[2025-11-27T14:15:40.929-0300] {logging_mixin.py:188} INFO - [2025-11-27T14:15:40.929-0300] {dag.py:3947} INFO - Setting next_dagrun for dataset_produces_1 to 2025-11-26 00:00:00+00:00, run_after=2025-11-27 00:00:00+00:00
[2025-11-27T14:15:40.929-0300] {logging_mixin.py:188} INFO - [2025-11-27T14:15:40.929-0300] {dag.py:3947} INFO - Setting next_dagrun for dataset_produces_2 to None, run_after=None
[2025-11-27T14:15:40.943-0300] {processor.py:183} INFO - Processing /Users/davispecia/Documents/GitHub/Pf_pipeline_dados/Projeto_final_fase3/venv/lib/python3.9/site-packages/airflow/example_dags/example_datasets.py took 0.143 seconds
[2025-11-27T14:17:53.611-0300] {processor.py:161} INFO - Started process (PID=4814) to work on /Users/davispecia/Documents/GitHub/Pf_pipeline_dados/Projeto_final_fase3/venv/lib/python3.9/site-packages/airflow/example_dags/example_datasets.py
[2025-11-27T14:17:53.612-0300] {processor.py:830} INFO - Processing file /Users/davispecia/Documents/GitHub/Pf_pipeline_dados/Projeto_final_fase3/venv/lib/python3.9/site-packages/airflow/example_dags/example_datasets.py for tasks to queue
[2025-11-27T14:17:53.612-0300] {logging_mixin.py:188} INFO - [2025-11-27T14:17:53.612-0300] {dagbag.py:545} INFO - Filling up the DagBag from /Users/davispecia/Documents/GitHub/Pf_pipeline_dados/Projeto_final_fase3/venv/lib/python3.9/site-packages/airflow/example_dags/example_datasets.py
[2025-11-27T14:17:53.644-0300] {processor.py:840} INFO - DAG(s) 'consume_1_or_2_with_dataset_expressions', 'dataset_consumes_unknown_never_scheduled', 'consume_1_or_both_2_and_3_with_dataset_expressions', 'dataset_produces_1', 'dataset_consumes_1', 'dataset_consumes_1_never_scheduled', 'conditional_dataset_and_time_based_timetable', 'dataset_consumes_1_and_2', 'consume_1_and_2_with_dataset_expressions', 'dataset_produces_2' retrieved from /Users/davispecia/Documents/GitHub/Pf_pipeline_dados/Projeto_final_fase3/venv/lib/python3.9/site-packages/airflow/example_dags/example_datasets.py
[2025-11-27T14:17:53.772-0300] {logging_mixin.py:188} INFO - [2025-11-27T14:17:53.772-0300] {dag.py:3089} INFO - Sync 10 DAGs
[2025-11-27T14:17:53.795-0300] {logging_mixin.py:188} INFO - [2025-11-27T14:17:53.795-0300] {dag.py:3947} INFO - Setting next_dagrun for conditional_dataset_and_time_based_timetable to 2025-11-26 01:00:00+00:00, run_after=2025-11-26 01:00:00+00:00
[2025-11-27T14:17:53.799-0300] {logging_mixin.py:188} INFO - [2025-11-27T14:17:53.799-0300] {dag.py:3947} INFO - Setting next_dagrun for consume_1_and_2_with_dataset_expressions to None, run_after=None
[2025-11-27T14:17:53.799-0300] {logging_mixin.py:188} INFO - [2025-11-27T14:17:53.799-0300] {dag.py:3947} INFO - Setting next_dagrun for consume_1_or_2_with_dataset_expressions to None, run_after=None
[2025-11-27T14:17:53.800-0300] {logging_mixin.py:188} INFO - [2025-11-27T14:17:53.800-0300] {dag.py:3947} INFO - Setting next_dagrun for consume_1_or_both_2_and_3_with_dataset_expressions to None, run_after=None
[2025-11-27T14:17:53.801-0300] {logging_mixin.py:188} INFO - [2025-11-27T14:17:53.801-0300] {dag.py:3947} INFO - Setting next_dagrun for dataset_consumes_1 to None, run_after=None
[2025-11-27T14:17:53.801-0300] {logging_mixin.py:188} INFO - [2025-11-27T14:17:53.801-0300] {dag.py:3947} INFO - Setting next_dagrun for dataset_consumes_1_and_2 to None, run_after=None
[2025-11-27T14:17:53.801-0300] {logging_mixin.py:188} INFO - [2025-11-27T14:17:53.801-0300] {dag.py:3947} INFO - Setting next_dagrun for dataset_consumes_1_never_scheduled to None, run_after=None
[2025-11-27T14:17:53.802-0300] {logging_mixin.py:188} INFO - [2025-11-27T14:17:53.802-0300] {dag.py:3947} INFO - Setting next_dagrun for dataset_consumes_unknown_never_scheduled to None, run_after=None
[2025-11-27T14:17:53.803-0300] {logging_mixin.py:188} INFO - [2025-11-27T14:17:53.803-0300] {dag.py:3947} INFO - Setting next_dagrun for dataset_produces_1 to 2025-11-26 00:00:00+00:00, run_after=2025-11-27 00:00:00+00:00
[2025-11-27T14:17:53.803-0300] {logging_mixin.py:188} INFO - [2025-11-27T14:17:53.803-0300] {dag.py:3947} INFO - Setting next_dagrun for dataset_produces_2 to None, run_after=None
[2025-11-27T14:17:53.817-0300] {processor.py:183} INFO - Processing /Users/davispecia/Documents/GitHub/Pf_pipeline_dados/Projeto_final_fase3/venv/lib/python3.9/site-packages/airflow/example_dags/example_datasets.py took 0.209 seconds
[2025-11-27T14:20:10.370-0300] {processor.py:161} INFO - Started process (PID=5140) to work on /Users/davispecia/Documents/GitHub/Pf_pipeline_dados/Projeto_final_fase3/venv/lib/python3.9/site-packages/airflow/example_dags/example_datasets.py
[2025-11-27T14:20:10.371-0300] {processor.py:830} INFO - Processing file /Users/davispecia/Documents/GitHub/Pf_pipeline_dados/Projeto_final_fase3/venv/lib/python3.9/site-packages/airflow/example_dags/example_datasets.py for tasks to queue
[2025-11-27T14:20:10.371-0300] {logging_mixin.py:188} INFO - [2025-11-27T14:20:10.371-0300] {dagbag.py:545} INFO - Filling up the DagBag from /Users/davispecia/Documents/GitHub/Pf_pipeline_dados/Projeto_final_fase3/venv/lib/python3.9/site-packages/airflow/example_dags/example_datasets.py
[2025-11-27T14:20:10.401-0300] {processor.py:840} INFO - DAG(s) 'consume_1_or_2_with_dataset_expressions', 'dataset_produces_1', 'dataset_consumes_1_and_2', 'dataset_produces_2', 'consume_1_or_both_2_and_3_with_dataset_expressions', 'consume_1_and_2_with_dataset_expressions', 'dataset_consumes_1', 'conditional_dataset_and_time_based_timetable', 'dataset_consumes_1_never_scheduled', 'dataset_consumes_unknown_never_scheduled' retrieved from /Users/davispecia/Documents/GitHub/Pf_pipeline_dados/Projeto_final_fase3/venv/lib/python3.9/site-packages/airflow/example_dags/example_datasets.py
[2025-11-27T14:20:10.488-0300] {logging_mixin.py:188} INFO - [2025-11-27T14:20:10.488-0300] {dag.py:3089} INFO - Sync 10 DAGs
[2025-11-27T14:20:10.499-0300] {logging_mixin.py:188} INFO - [2025-11-27T14:20:10.499-0300] {dag.py:3947} INFO - Setting next_dagrun for conditional_dataset_and_time_based_timetable to 2025-11-26 01:00:00+00:00, run_after=2025-11-26 01:00:00+00:00
[2025-11-27T14:20:10.501-0300] {logging_mixin.py:188} INFO - [2025-11-27T14:20:10.501-0300] {dag.py:3947} INFO - Setting next_dagrun for consume_1_and_2_with_dataset_expressions to None, run_after=None
[2025-11-27T14:20:10.501-0300] {logging_mixin.py:188} INFO - [2025-11-27T14:20:10.501-0300] {dag.py:3947} INFO - Setting next_dagrun for consume_1_or_2_with_dataset_expressions to None, run_after=None
[2025-11-27T14:20:10.502-0300] {logging_mixin.py:188} INFO - [2025-11-27T14:20:10.502-0300] {dag.py:3947} INFO - Setting next_dagrun for consume_1_or_both_2_and_3_with_dataset_expressions to None, run_after=None
[2025-11-27T14:20:10.503-0300] {logging_mixin.py:188} INFO - [2025-11-27T14:20:10.503-0300] {dag.py:3947} INFO - Setting next_dagrun for dataset_consumes_1 to None, run_after=None
[2025-11-27T14:20:10.504-0300] {logging_mixin.py:188} INFO - [2025-11-27T14:20:10.504-0300] {dag.py:3947} INFO - Setting next_dagrun for dataset_consumes_1_and_2 to None, run_after=None
[2025-11-27T14:20:10.505-0300] {logging_mixin.py:188} INFO - [2025-11-27T14:20:10.504-0300] {dag.py:3947} INFO - Setting next_dagrun for dataset_consumes_1_never_scheduled to None, run_after=None
[2025-11-27T14:20:10.505-0300] {logging_mixin.py:188} INFO - [2025-11-27T14:20:10.505-0300] {dag.py:3947} INFO - Setting next_dagrun for dataset_consumes_unknown_never_scheduled to None, run_after=None
[2025-11-27T14:20:10.506-0300] {logging_mixin.py:188} INFO - [2025-11-27T14:20:10.506-0300] {dag.py:3947} INFO - Setting next_dagrun for dataset_produces_1 to 2025-11-26 00:00:00+00:00, run_after=2025-11-27 00:00:00+00:00
[2025-11-27T14:20:10.507-0300] {logging_mixin.py:188} INFO - [2025-11-27T14:20:10.507-0300] {dag.py:3947} INFO - Setting next_dagrun for dataset_produces_2 to None, run_after=None
[2025-11-27T14:20:10.524-0300] {processor.py:183} INFO - Processing /Users/davispecia/Documents/GitHub/Pf_pipeline_dados/Projeto_final_fase3/venv/lib/python3.9/site-packages/airflow/example_dags/example_datasets.py took 0.157 seconds
[2025-11-27T14:22:29.799-0300] {processor.py:161} INFO - Started process (PID=5524) to work on /Users/davispecia/Documents/GitHub/Pf_pipeline_dados/Projeto_final_fase3/venv/lib/python3.9/site-packages/airflow/example_dags/example_datasets.py
[2025-11-27T14:22:29.800-0300] {processor.py:830} INFO - Processing file /Users/davispecia/Documents/GitHub/Pf_pipeline_dados/Projeto_final_fase3/venv/lib/python3.9/site-packages/airflow/example_dags/example_datasets.py for tasks to queue
[2025-11-27T14:22:29.800-0300] {logging_mixin.py:188} INFO - [2025-11-27T14:22:29.800-0300] {dagbag.py:545} INFO - Filling up the DagBag from /Users/davispecia/Documents/GitHub/Pf_pipeline_dados/Projeto_final_fase3/venv/lib/python3.9/site-packages/airflow/example_dags/example_datasets.py
[2025-11-27T14:22:29.830-0300] {processor.py:840} INFO - DAG(s) 'consume_1_or_both_2_and_3_with_dataset_expressions', 'consume_1_or_2_with_dataset_expressions', 'conditional_dataset_and_time_based_timetable', 'dataset_consumes_1_and_2', 'dataset_produces_2', 'dataset_produces_1', 'dataset_consumes_unknown_never_scheduled', 'dataset_consumes_1_never_scheduled', 'dataset_consumes_1', 'consume_1_and_2_with_dataset_expressions' retrieved from /Users/davispecia/Documents/GitHub/Pf_pipeline_dados/Projeto_final_fase3/venv/lib/python3.9/site-packages/airflow/example_dags/example_datasets.py
[2025-11-27T14:22:29.914-0300] {logging_mixin.py:188} INFO - [2025-11-27T14:22:29.914-0300] {dag.py:3089} INFO - Sync 10 DAGs
[2025-11-27T14:22:29.924-0300] {logging_mixin.py:188} INFO - [2025-11-27T14:22:29.924-0300] {dag.py:3947} INFO - Setting next_dagrun for conditional_dataset_and_time_based_timetable to 2025-11-26 01:00:00+00:00, run_after=2025-11-26 01:00:00+00:00
[2025-11-27T14:22:29.925-0300] {logging_mixin.py:188} INFO - [2025-11-27T14:22:29.925-0300] {dag.py:3947} INFO - Setting next_dagrun for consume_1_and_2_with_dataset_expressions to None, run_after=None
[2025-11-27T14:22:29.926-0300] {logging_mixin.py:188} INFO - [2025-11-27T14:22:29.926-0300] {dag.py:3947} INFO - Setting next_dagrun for consume_1_or_2_with_dataset_expressions to None, run_after=None
[2025-11-27T14:22:29.926-0300] {logging_mixin.py:188} INFO - [2025-11-27T14:22:29.926-0300] {dag.py:3947} INFO - Setting next_dagrun for consume_1_or_both_2_and_3_with_dataset_expressions to None, run_after=None
[2025-11-27T14:22:29.927-0300] {logging_mixin.py:188} INFO - [2025-11-27T14:22:29.927-0300] {dag.py:3947} INFO - Setting next_dagrun for dataset_consumes_1 to None, run_after=None
[2025-11-27T14:22:29.927-0300] {logging_mixin.py:188} INFO - [2025-11-27T14:22:29.927-0300] {dag.py:3947} INFO - Setting next_dagrun for dataset_consumes_1_and_2 to None, run_after=None
[2025-11-27T14:22:29.928-0300] {logging_mixin.py:188} INFO - [2025-11-27T14:22:29.928-0300] {dag.py:3947} INFO - Setting next_dagrun for dataset_consumes_1_never_scheduled to None, run_after=None
[2025-11-27T14:22:29.928-0300] {logging_mixin.py:188} INFO - [2025-11-27T14:22:29.928-0300] {dag.py:3947} INFO - Setting next_dagrun for dataset_consumes_unknown_never_scheduled to None, run_after=None
[2025-11-27T14:22:29.929-0300] {logging_mixin.py:188} INFO - [2025-11-27T14:22:29.929-0300] {dag.py:3947} INFO - Setting next_dagrun for dataset_produces_1 to 2025-11-26 00:00:00+00:00, run_after=2025-11-27 00:00:00+00:00
[2025-11-27T14:22:29.929-0300] {logging_mixin.py:188} INFO - [2025-11-27T14:22:29.929-0300] {dag.py:3947} INFO - Setting next_dagrun for dataset_produces_2 to None, run_after=None
[2025-11-27T14:22:29.945-0300] {processor.py:183} INFO - Processing /Users/davispecia/Documents/GitHub/Pf_pipeline_dados/Projeto_final_fase3/venv/lib/python3.9/site-packages/airflow/example_dags/example_datasets.py took 0.148 seconds
[2025-11-27T14:24:46.805-0300] {processor.py:161} INFO - Started process (PID=5841) to work on /Users/davispecia/Documents/GitHub/Pf_pipeline_dados/Projeto_final_fase3/venv/lib/python3.9/site-packages/airflow/example_dags/example_datasets.py
[2025-11-27T14:24:46.806-0300] {processor.py:830} INFO - Processing file /Users/davispecia/Documents/GitHub/Pf_pipeline_dados/Projeto_final_fase3/venv/lib/python3.9/site-packages/airflow/example_dags/example_datasets.py for tasks to queue
[2025-11-27T14:24:46.806-0300] {logging_mixin.py:188} INFO - [2025-11-27T14:24:46.806-0300] {dagbag.py:545} INFO - Filling up the DagBag from /Users/davispecia/Documents/GitHub/Pf_pipeline_dados/Projeto_final_fase3/venv/lib/python3.9/site-packages/airflow/example_dags/example_datasets.py
[2025-11-27T14:24:46.837-0300] {processor.py:840} INFO - DAG(s) 'consume_1_and_2_with_dataset_expressions', 'dataset_consumes_1', 'dataset_produces_2', 'consume_1_or_2_with_dataset_expressions', 'dataset_consumes_1_never_scheduled', 'dataset_consumes_unknown_never_scheduled', 'dataset_produces_1', 'consume_1_or_both_2_and_3_with_dataset_expressions', 'conditional_dataset_and_time_based_timetable', 'dataset_consumes_1_and_2' retrieved from /Users/davispecia/Documents/GitHub/Pf_pipeline_dados/Projeto_final_fase3/venv/lib/python3.9/site-packages/airflow/example_dags/example_datasets.py
[2025-11-27T14:24:46.925-0300] {logging_mixin.py:188} INFO - [2025-11-27T14:24:46.925-0300] {dag.py:3089} INFO - Sync 10 DAGs
[2025-11-27T14:24:46.935-0300] {logging_mixin.py:188} INFO - [2025-11-27T14:24:46.935-0300] {dag.py:3947} INFO - Setting next_dagrun for conditional_dataset_and_time_based_timetable to 2025-11-26 01:00:00+00:00, run_after=2025-11-26 01:00:00+00:00
[2025-11-27T14:24:46.936-0300] {logging_mixin.py:188} INFO - [2025-11-27T14:24:46.936-0300] {dag.py:3947} INFO - Setting next_dagrun for consume_1_and_2_with_dataset_expressions to None, run_after=None
[2025-11-27T14:24:46.937-0300] {logging_mixin.py:188} INFO - [2025-11-27T14:24:46.936-0300] {dag.py:3947} INFO - Setting next_dagrun for consume_1_or_2_with_dataset_expressions to None, run_after=None
[2025-11-27T14:24:46.937-0300] {logging_mixin.py:188} INFO - [2025-11-27T14:24:46.937-0300] {dag.py:3947} INFO - Setting next_dagrun for consume_1_or_both_2_and_3_with_dataset_expressions to None, run_after=None
[2025-11-27T14:24:46.938-0300] {logging_mixin.py:188} INFO - [2025-11-27T14:24:46.938-0300] {dag.py:3947} INFO - Setting next_dagrun for dataset_consumes_1 to None, run_after=None
[2025-11-27T14:24:46.938-0300] {logging_mixin.py:188} INFO - [2025-11-27T14:24:46.938-0300] {dag.py:3947} INFO - Setting next_dagrun for dataset_consumes_1_and_2 to None, run_after=None
[2025-11-27T14:24:46.939-0300] {logging_mixin.py:188} INFO - [2025-11-27T14:24:46.939-0300] {dag.py:3947} INFO - Setting next_dagrun for dataset_consumes_1_never_scheduled to None, run_after=None
[2025-11-27T14:24:46.939-0300] {logging_mixin.py:188} INFO - [2025-11-27T14:24:46.939-0300] {dag.py:3947} INFO - Setting next_dagrun for dataset_consumes_unknown_never_scheduled to None, run_after=None
[2025-11-27T14:24:46.940-0300] {logging_mixin.py:188} INFO - [2025-11-27T14:24:46.940-0300] {dag.py:3947} INFO - Setting next_dagrun for dataset_produces_1 to 2025-11-26 00:00:00+00:00, run_after=2025-11-27 00:00:00+00:00
[2025-11-27T14:24:46.941-0300] {logging_mixin.py:188} INFO - [2025-11-27T14:24:46.941-0300] {dag.py:3947} INFO - Setting next_dagrun for dataset_produces_2 to None, run_after=None
[2025-11-27T14:24:46.956-0300] {processor.py:183} INFO - Processing /Users/davispecia/Documents/GitHub/Pf_pipeline_dados/Projeto_final_fase3/venv/lib/python3.9/site-packages/airflow/example_dags/example_datasets.py took 0.154 seconds
[2025-11-27T14:27:20.755-0300] {processor.py:161} INFO - Started process (PID=6261) to work on /Users/davispecia/Documents/GitHub/Pf_pipeline_dados/Projeto_final_fase3/venv/lib/python3.9/site-packages/airflow/example_dags/example_datasets.py
[2025-11-27T14:27:20.758-0300] {processor.py:830} INFO - Processing file /Users/davispecia/Documents/GitHub/Pf_pipeline_dados/Projeto_final_fase3/venv/lib/python3.9/site-packages/airflow/example_dags/example_datasets.py for tasks to queue
[2025-11-27T14:27:20.758-0300] {logging_mixin.py:188} INFO - [2025-11-27T14:27:20.758-0300] {dagbag.py:545} INFO - Filling up the DagBag from /Users/davispecia/Documents/GitHub/Pf_pipeline_dados/Projeto_final_fase3/venv/lib/python3.9/site-packages/airflow/example_dags/example_datasets.py
[2025-11-27T14:27:20.789-0300] {processor.py:840} INFO - DAG(s) 'consume_1_or_2_with_dataset_expressions', 'dataset_consumes_1', 'conditional_dataset_and_time_based_timetable', 'dataset_produces_2', 'dataset_consumes_1_and_2', 'dataset_consumes_unknown_never_scheduled', 'consume_1_and_2_with_dataset_expressions', 'dataset_produces_1', 'dataset_consumes_1_never_scheduled', 'consume_1_or_both_2_and_3_with_dataset_expressions' retrieved from /Users/davispecia/Documents/GitHub/Pf_pipeline_dados/Projeto_final_fase3/venv/lib/python3.9/site-packages/airflow/example_dags/example_datasets.py
[2025-11-27T14:27:20.880-0300] {logging_mixin.py:188} INFO - [2025-11-27T14:27:20.880-0300] {dag.py:3089} INFO - Sync 10 DAGs
[2025-11-27T14:27:20.890-0300] {logging_mixin.py:188} INFO - [2025-11-27T14:27:20.890-0300] {dag.py:3947} INFO - Setting next_dagrun for conditional_dataset_and_time_based_timetable to 2025-11-26 01:00:00+00:00, run_after=2025-11-26 01:00:00+00:00
[2025-11-27T14:27:20.892-0300] {logging_mixin.py:188} INFO - [2025-11-27T14:27:20.892-0300] {dag.py:3947} INFO - Setting next_dagrun for consume_1_and_2_with_dataset_expressions to None, run_after=None
[2025-11-27T14:27:20.892-0300] {logging_mixin.py:188} INFO - [2025-11-27T14:27:20.892-0300] {dag.py:3947} INFO - Setting next_dagrun for consume_1_or_2_with_dataset_expressions to None, run_after=None
[2025-11-27T14:27:20.892-0300] {logging_mixin.py:188} INFO - [2025-11-27T14:27:20.892-0300] {dag.py:3947} INFO - Setting next_dagrun for consume_1_or_both_2_and_3_with_dataset_expressions to None, run_after=None
[2025-11-27T14:27:20.893-0300] {logging_mixin.py:188} INFO - [2025-11-27T14:27:20.893-0300] {dag.py:3947} INFO - Setting next_dagrun for dataset_consumes_1 to None, run_after=None
[2025-11-27T14:27:20.894-0300] {logging_mixin.py:188} INFO - [2025-11-27T14:27:20.894-0300] {dag.py:3947} INFO - Setting next_dagrun for dataset_consumes_1_and_2 to None, run_after=None
[2025-11-27T14:27:20.894-0300] {logging_mixin.py:188} INFO - [2025-11-27T14:27:20.894-0300] {dag.py:3947} INFO - Setting next_dagrun for dataset_consumes_1_never_scheduled to None, run_after=None
[2025-11-27T14:27:20.895-0300] {logging_mixin.py:188} INFO - [2025-11-27T14:27:20.895-0300] {dag.py:3947} INFO - Setting next_dagrun for dataset_consumes_unknown_never_scheduled to None, run_after=None
[2025-11-27T14:27:20.896-0300] {logging_mixin.py:188} INFO - [2025-11-27T14:27:20.896-0300] {dag.py:3947} INFO - Setting next_dagrun for dataset_produces_1 to 2025-11-26 00:00:00+00:00, run_after=2025-11-27 00:00:00+00:00
[2025-11-27T14:27:20.896-0300] {logging_mixin.py:188} INFO - [2025-11-27T14:27:20.896-0300] {dag.py:3947} INFO - Setting next_dagrun for dataset_produces_2 to None, run_after=None
[2025-11-27T14:27:20.912-0300] {processor.py:183} INFO - Processing /Users/davispecia/Documents/GitHub/Pf_pipeline_dados/Projeto_final_fase3/venv/lib/python3.9/site-packages/airflow/example_dags/example_datasets.py took 0.164 seconds
[2025-11-27T14:29:38.071-0300] {processor.py:161} INFO - Started process (PID=6639) to work on /Users/davispecia/Documents/GitHub/Pf_pipeline_dados/Projeto_final_fase3/venv/lib/python3.9/site-packages/airflow/example_dags/example_datasets.py
[2025-11-27T14:29:38.072-0300] {processor.py:830} INFO - Processing file /Users/davispecia/Documents/GitHub/Pf_pipeline_dados/Projeto_final_fase3/venv/lib/python3.9/site-packages/airflow/example_dags/example_datasets.py for tasks to queue
[2025-11-27T14:29:38.072-0300] {logging_mixin.py:188} INFO - [2025-11-27T14:29:38.072-0300] {dagbag.py:545} INFO - Filling up the DagBag from /Users/davispecia/Documents/GitHub/Pf_pipeline_dados/Projeto_final_fase3/venv/lib/python3.9/site-packages/airflow/example_dags/example_datasets.py
[2025-11-27T14:29:38.102-0300] {processor.py:840} INFO - DAG(s) 'conditional_dataset_and_time_based_timetable', 'dataset_consumes_1', 'dataset_consumes_unknown_never_scheduled', 'dataset_produces_1', 'consume_1_or_both_2_and_3_with_dataset_expressions', 'dataset_consumes_1_and_2', 'dataset_produces_2', 'consume_1_or_2_with_dataset_expressions', 'consume_1_and_2_with_dataset_expressions', 'dataset_consumes_1_never_scheduled' retrieved from /Users/davispecia/Documents/GitHub/Pf_pipeline_dados/Projeto_final_fase3/venv/lib/python3.9/site-packages/airflow/example_dags/example_datasets.py
[2025-11-27T14:29:38.187-0300] {logging_mixin.py:188} INFO - [2025-11-27T14:29:38.187-0300] {dag.py:3089} INFO - Sync 10 DAGs
[2025-11-27T14:29:38.196-0300] {logging_mixin.py:188} INFO - [2025-11-27T14:29:38.196-0300] {dag.py:3947} INFO - Setting next_dagrun for conditional_dataset_and_time_based_timetable to 2025-11-26 01:00:00+00:00, run_after=2025-11-26 01:00:00+00:00
[2025-11-27T14:29:38.198-0300] {logging_mixin.py:188} INFO - [2025-11-27T14:29:38.198-0300] {dag.py:3947} INFO - Setting next_dagrun for consume_1_and_2_with_dataset_expressions to None, run_after=None
[2025-11-27T14:29:38.198-0300] {logging_mixin.py:188} INFO - [2025-11-27T14:29:38.198-0300] {dag.py:3947} INFO - Setting next_dagrun for consume_1_or_2_with_dataset_expressions to None, run_after=None
[2025-11-27T14:29:38.199-0300] {logging_mixin.py:188} INFO - [2025-11-27T14:29:38.198-0300] {dag.py:3947} INFO - Setting next_dagrun for consume_1_or_both_2_and_3_with_dataset_expressions to None, run_after=None
[2025-11-27T14:29:38.199-0300] {logging_mixin.py:188} INFO - [2025-11-27T14:29:38.199-0300] {dag.py:3947} INFO - Setting next_dagrun for dataset_consumes_1 to None, run_after=None
[2025-11-27T14:29:38.200-0300] {logging_mixin.py:188} INFO - [2025-11-27T14:29:38.200-0300] {dag.py:3947} INFO - Setting next_dagrun for dataset_consumes_1_and_2 to None, run_after=None
[2025-11-27T14:29:38.200-0300] {logging_mixin.py:188} INFO - [2025-11-27T14:29:38.200-0300] {dag.py:3947} INFO - Setting next_dagrun for dataset_consumes_1_never_scheduled to None, run_after=None
[2025-11-27T14:29:38.201-0300] {logging_mixin.py:188} INFO - [2025-11-27T14:29:38.201-0300] {dag.py:3947} INFO - Setting next_dagrun for dataset_consumes_unknown_never_scheduled to None, run_after=None
[2025-11-27T14:29:38.202-0300] {logging_mixin.py:188} INFO - [2025-11-27T14:29:38.202-0300] {dag.py:3947} INFO - Setting next_dagrun for dataset_produces_1 to 2025-11-26 00:00:00+00:00, run_after=2025-11-27 00:00:00+00:00
[2025-11-27T14:29:38.202-0300] {logging_mixin.py:188} INFO - [2025-11-27T14:29:38.202-0300] {dag.py:3947} INFO - Setting next_dagrun for dataset_produces_2 to None, run_after=None
[2025-11-27T14:29:38.215-0300] {processor.py:183} INFO - Processing /Users/davispecia/Documents/GitHub/Pf_pipeline_dados/Projeto_final_fase3/venv/lib/python3.9/site-packages/airflow/example_dags/example_datasets.py took 0.146 seconds
[2025-11-27T14:31:49.029-0300] {processor.py:161} INFO - Started process (PID=6951) to work on /Users/davispecia/Documents/GitHub/Pf_pipeline_dados/Projeto_final_fase3/venv/lib/python3.9/site-packages/airflow/example_dags/example_datasets.py
[2025-11-27T14:31:49.031-0300] {processor.py:830} INFO - Processing file /Users/davispecia/Documents/GitHub/Pf_pipeline_dados/Projeto_final_fase3/venv/lib/python3.9/site-packages/airflow/example_dags/example_datasets.py for tasks to queue
[2025-11-27T14:31:49.031-0300] {logging_mixin.py:188} INFO - [2025-11-27T14:31:49.031-0300] {dagbag.py:545} INFO - Filling up the DagBag from /Users/davispecia/Documents/GitHub/Pf_pipeline_dados/Projeto_final_fase3/venv/lib/python3.9/site-packages/airflow/example_dags/example_datasets.py
[2025-11-27T14:31:49.061-0300] {processor.py:840} INFO - DAG(s) 'conditional_dataset_and_time_based_timetable', 'consume_1_or_both_2_and_3_with_dataset_expressions', 'dataset_produces_1', 'dataset_consumes_1', 'dataset_consumes_unknown_never_scheduled', 'dataset_consumes_1_and_2', 'consume_1_or_2_with_dataset_expressions', 'dataset_consumes_1_never_scheduled', 'consume_1_and_2_with_dataset_expressions', 'dataset_produces_2' retrieved from /Users/davispecia/Documents/GitHub/Pf_pipeline_dados/Projeto_final_fase3/venv/lib/python3.9/site-packages/airflow/example_dags/example_datasets.py
[2025-11-27T14:31:49.144-0300] {logging_mixin.py:188} INFO - [2025-11-27T14:31:49.144-0300] {dag.py:3089} INFO - Sync 10 DAGs
[2025-11-27T14:31:49.154-0300] {logging_mixin.py:188} INFO - [2025-11-27T14:31:49.153-0300] {dag.py:3947} INFO - Setting next_dagrun for conditional_dataset_and_time_based_timetable to 2025-11-26 01:00:00+00:00, run_after=2025-11-26 01:00:00+00:00
[2025-11-27T14:31:49.155-0300] {logging_mixin.py:188} INFO - [2025-11-27T14:31:49.155-0300] {dag.py:3947} INFO - Setting next_dagrun for consume_1_and_2_with_dataset_expressions to None, run_after=None
[2025-11-27T14:31:49.155-0300] {logging_mixin.py:188} INFO - [2025-11-27T14:31:49.155-0300] {dag.py:3947} INFO - Setting next_dagrun for consume_1_or_2_with_dataset_expressions to None, run_after=None
[2025-11-27T14:31:49.156-0300] {logging_mixin.py:188} INFO - [2025-11-27T14:31:49.156-0300] {dag.py:3947} INFO - Setting next_dagrun for consume_1_or_both_2_and_3_with_dataset_expressions to None, run_after=None
[2025-11-27T14:31:49.156-0300] {logging_mixin.py:188} INFO - [2025-11-27T14:31:49.156-0300] {dag.py:3947} INFO - Setting next_dagrun for dataset_consumes_1 to None, run_after=None
[2025-11-27T14:31:49.157-0300] {logging_mixin.py:188} INFO - [2025-11-27T14:31:49.157-0300] {dag.py:3947} INFO - Setting next_dagrun for dataset_consumes_1_and_2 to None, run_after=None
[2025-11-27T14:31:49.157-0300] {logging_mixin.py:188} INFO - [2025-11-27T14:31:49.157-0300] {dag.py:3947} INFO - Setting next_dagrun for dataset_consumes_1_never_scheduled to None, run_after=None
[2025-11-27T14:31:49.158-0300] {logging_mixin.py:188} INFO - [2025-11-27T14:31:49.158-0300] {dag.py:3947} INFO - Setting next_dagrun for dataset_consumes_unknown_never_scheduled to None, run_after=None
[2025-11-27T14:31:49.159-0300] {logging_mixin.py:188} INFO - [2025-11-27T14:31:49.159-0300] {dag.py:3947} INFO - Setting next_dagrun for dataset_produces_1 to 2025-11-26 00:00:00+00:00, run_after=2025-11-27 00:00:00+00:00
[2025-11-27T14:31:49.159-0300] {logging_mixin.py:188} INFO - [2025-11-27T14:31:49.159-0300] {dag.py:3947} INFO - Setting next_dagrun for dataset_produces_2 to None, run_after=None
[2025-11-27T14:31:49.172-0300] {processor.py:183} INFO - Processing /Users/davispecia/Documents/GitHub/Pf_pipeline_dados/Projeto_final_fase3/venv/lib/python3.9/site-packages/airflow/example_dags/example_datasets.py took 0.144 seconds
[2025-11-27T14:34:09.727-0300] {processor.py:161} INFO - Started process (PID=7367) to work on /Users/davispecia/Documents/GitHub/Pf_pipeline_dados/Projeto_final_fase3/venv/lib/python3.9/site-packages/airflow/example_dags/example_datasets.py
[2025-11-27T14:34:09.728-0300] {processor.py:830} INFO - Processing file /Users/davispecia/Documents/GitHub/Pf_pipeline_dados/Projeto_final_fase3/venv/lib/python3.9/site-packages/airflow/example_dags/example_datasets.py for tasks to queue
[2025-11-27T14:34:09.728-0300] {logging_mixin.py:188} INFO - [2025-11-27T14:34:09.728-0300] {dagbag.py:545} INFO - Filling up the DagBag from /Users/davispecia/Documents/GitHub/Pf_pipeline_dados/Projeto_final_fase3/venv/lib/python3.9/site-packages/airflow/example_dags/example_datasets.py
[2025-11-27T14:34:09.757-0300] {processor.py:840} INFO - DAG(s) 'conditional_dataset_and_time_based_timetable', 'dataset_consumes_1', 'consume_1_or_2_with_dataset_expressions', 'dataset_consumes_1_and_2', 'consume_1_or_both_2_and_3_with_dataset_expressions', 'dataset_produces_2', 'dataset_produces_1', 'dataset_consumes_unknown_never_scheduled', 'dataset_consumes_1_never_scheduled', 'consume_1_and_2_with_dataset_expressions' retrieved from /Users/davispecia/Documents/GitHub/Pf_pipeline_dados/Projeto_final_fase3/venv/lib/python3.9/site-packages/airflow/example_dags/example_datasets.py
[2025-11-27T14:34:09.846-0300] {logging_mixin.py:188} INFO - [2025-11-27T14:34:09.846-0300] {dag.py:3089} INFO - Sync 10 DAGs
[2025-11-27T14:34:09.856-0300] {logging_mixin.py:188} INFO - [2025-11-27T14:34:09.856-0300] {dag.py:3947} INFO - Setting next_dagrun for conditional_dataset_and_time_based_timetable to 2025-11-26 01:00:00+00:00, run_after=2025-11-26 01:00:00+00:00
[2025-11-27T14:34:09.857-0300] {logging_mixin.py:188} INFO - [2025-11-27T14:34:09.857-0300] {dag.py:3947} INFO - Setting next_dagrun for consume_1_and_2_with_dataset_expressions to None, run_after=None
[2025-11-27T14:34:09.857-0300] {logging_mixin.py:188} INFO - [2025-11-27T14:34:09.857-0300] {dag.py:3947} INFO - Setting next_dagrun for consume_1_or_2_with_dataset_expressions to None, run_after=None
[2025-11-27T14:34:09.858-0300] {logging_mixin.py:188} INFO - [2025-11-27T14:34:09.858-0300] {dag.py:3947} INFO - Setting next_dagrun for consume_1_or_both_2_and_3_with_dataset_expressions to None, run_after=None
[2025-11-27T14:34:09.859-0300] {logging_mixin.py:188} INFO - [2025-11-27T14:34:09.859-0300] {dag.py:3947} INFO - Setting next_dagrun for dataset_consumes_1 to None, run_after=None
[2025-11-27T14:34:09.859-0300] {logging_mixin.py:188} INFO - [2025-11-27T14:34:09.859-0300] {dag.py:3947} INFO - Setting next_dagrun for dataset_consumes_1_and_2 to None, run_after=None
[2025-11-27T14:34:09.859-0300] {logging_mixin.py:188} INFO - [2025-11-27T14:34:09.859-0300] {dag.py:3947} INFO - Setting next_dagrun for dataset_consumes_1_never_scheduled to None, run_after=None
[2025-11-27T14:34:09.860-0300] {logging_mixin.py:188} INFO - [2025-11-27T14:34:09.860-0300] {dag.py:3947} INFO - Setting next_dagrun for dataset_consumes_unknown_never_scheduled to None, run_after=None
[2025-11-27T14:34:09.861-0300] {logging_mixin.py:188} INFO - [2025-11-27T14:34:09.861-0300] {dag.py:3947} INFO - Setting next_dagrun for dataset_produces_1 to 2025-11-26 00:00:00+00:00, run_after=2025-11-27 00:00:00+00:00
[2025-11-27T14:34:09.861-0300] {logging_mixin.py:188} INFO - [2025-11-27T14:34:09.861-0300] {dag.py:3947} INFO - Setting next_dagrun for dataset_produces_2 to None, run_after=None
[2025-11-27T14:34:09.877-0300] {processor.py:183} INFO - Processing /Users/davispecia/Documents/GitHub/Pf_pipeline_dados/Projeto_final_fase3/venv/lib/python3.9/site-packages/airflow/example_dags/example_datasets.py took 0.152 seconds
[2025-11-27T14:36:29.175-0300] {processor.py:161} INFO - Started process (PID=7827) to work on /Users/davispecia/Documents/GitHub/Pf_pipeline_dados/Projeto_final_fase3/venv/lib/python3.9/site-packages/airflow/example_dags/example_datasets.py
[2025-11-27T14:36:29.175-0300] {processor.py:830} INFO - Processing file /Users/davispecia/Documents/GitHub/Pf_pipeline_dados/Projeto_final_fase3/venv/lib/python3.9/site-packages/airflow/example_dags/example_datasets.py for tasks to queue
[2025-11-27T14:36:29.176-0300] {logging_mixin.py:188} INFO - [2025-11-27T14:36:29.176-0300] {dagbag.py:545} INFO - Filling up the DagBag from /Users/davispecia/Documents/GitHub/Pf_pipeline_dados/Projeto_final_fase3/venv/lib/python3.9/site-packages/airflow/example_dags/example_datasets.py
[2025-11-27T14:36:29.205-0300] {processor.py:840} INFO - DAG(s) 'consume_1_and_2_with_dataset_expressions', 'dataset_consumes_1_and_2', 'conditional_dataset_and_time_based_timetable', 'dataset_consumes_unknown_never_scheduled', 'dataset_consumes_1', 'dataset_produces_2', 'consume_1_or_2_with_dataset_expressions', 'consume_1_or_both_2_and_3_with_dataset_expressions', 'dataset_consumes_1_never_scheduled', 'dataset_produces_1' retrieved from /Users/davispecia/Documents/GitHub/Pf_pipeline_dados/Projeto_final_fase3/venv/lib/python3.9/site-packages/airflow/example_dags/example_datasets.py
[2025-11-27T14:36:29.286-0300] {logging_mixin.py:188} INFO - [2025-11-27T14:36:29.286-0300] {dag.py:3089} INFO - Sync 10 DAGs
[2025-11-27T14:36:29.296-0300] {logging_mixin.py:188} INFO - [2025-11-27T14:36:29.295-0300] {dag.py:3947} INFO - Setting next_dagrun for conditional_dataset_and_time_based_timetable to 2025-11-26 01:00:00+00:00, run_after=2025-11-26 01:00:00+00:00
[2025-11-27T14:36:29.299-0300] {logging_mixin.py:188} INFO - [2025-11-27T14:36:29.299-0300] {dag.py:3947} INFO - Setting next_dagrun for consume_1_and_2_with_dataset_expressions to None, run_after=None
[2025-11-27T14:36:29.301-0300] {logging_mixin.py:188} INFO - [2025-11-27T14:36:29.301-0300] {dag.py:3947} INFO - Setting next_dagrun for consume_1_or_2_with_dataset_expressions to None, run_after=None
[2025-11-27T14:36:29.302-0300] {logging_mixin.py:188} INFO - [2025-11-27T14:36:29.302-0300] {dag.py:3947} INFO - Setting next_dagrun for consume_1_or_both_2_and_3_with_dataset_expressions to None, run_after=None
[2025-11-27T14:36:29.303-0300] {logging_mixin.py:188} INFO - [2025-11-27T14:36:29.302-0300] {dag.py:3947} INFO - Setting next_dagrun for dataset_consumes_1 to None, run_after=None
[2025-11-27T14:36:29.303-0300] {logging_mixin.py:188} INFO - [2025-11-27T14:36:29.303-0300] {dag.py:3947} INFO - Setting next_dagrun for dataset_consumes_1_and_2 to None, run_after=None
[2025-11-27T14:36:29.303-0300] {logging_mixin.py:188} INFO - [2025-11-27T14:36:29.303-0300] {dag.py:3947} INFO - Setting next_dagrun for dataset_consumes_1_never_scheduled to None, run_after=None
[2025-11-27T14:36:29.304-0300] {logging_mixin.py:188} INFO - [2025-11-27T14:36:29.304-0300] {dag.py:3947} INFO - Setting next_dagrun for dataset_consumes_unknown_never_scheduled to None, run_after=None
[2025-11-27T14:36:29.305-0300] {logging_mixin.py:188} INFO - [2025-11-27T14:36:29.305-0300] {dag.py:3947} INFO - Setting next_dagrun for dataset_produces_1 to 2025-11-26 00:00:00+00:00, run_after=2025-11-27 00:00:00+00:00
[2025-11-27T14:36:29.305-0300] {logging_mixin.py:188} INFO - [2025-11-27T14:36:29.305-0300] {dag.py:3947} INFO - Setting next_dagrun for dataset_produces_2 to None, run_after=None
[2025-11-27T14:36:29.322-0300] {processor.py:183} INFO - Processing /Users/davispecia/Documents/GitHub/Pf_pipeline_dados/Projeto_final_fase3/venv/lib/python3.9/site-packages/airflow/example_dags/example_datasets.py took 0.150 seconds
[2025-11-27T14:38:44.888-0300] {processor.py:161} INFO - Started process (PID=8165) to work on /Users/davispecia/Documents/GitHub/Pf_pipeline_dados/Projeto_final_fase3/venv/lib/python3.9/site-packages/airflow/example_dags/example_datasets.py
[2025-11-27T14:38:44.889-0300] {processor.py:830} INFO - Processing file /Users/davispecia/Documents/GitHub/Pf_pipeline_dados/Projeto_final_fase3/venv/lib/python3.9/site-packages/airflow/example_dags/example_datasets.py for tasks to queue
[2025-11-27T14:38:44.889-0300] {logging_mixin.py:188} INFO - [2025-11-27T14:38:44.889-0300] {dagbag.py:545} INFO - Filling up the DagBag from /Users/davispecia/Documents/GitHub/Pf_pipeline_dados/Projeto_final_fase3/venv/lib/python3.9/site-packages/airflow/example_dags/example_datasets.py
[2025-11-27T14:38:44.920-0300] {processor.py:840} INFO - DAG(s) 'dataset_consumes_1', 'dataset_consumes_unknown_never_scheduled', 'dataset_produces_1', 'dataset_consumes_1_and_2', 'consume_1_or_2_with_dataset_expressions', 'conditional_dataset_and_time_based_timetable', 'dataset_consumes_1_never_scheduled', 'consume_1_and_2_with_dataset_expressions', 'consume_1_or_both_2_and_3_with_dataset_expressions', 'dataset_produces_2' retrieved from /Users/davispecia/Documents/GitHub/Pf_pipeline_dados/Projeto_final_fase3/venv/lib/python3.9/site-packages/airflow/example_dags/example_datasets.py
[2025-11-27T14:38:45.004-0300] {logging_mixin.py:188} INFO - [2025-11-27T14:38:45.004-0300] {dag.py:3089} INFO - Sync 10 DAGs
[2025-11-27T14:38:45.014-0300] {logging_mixin.py:188} INFO - [2025-11-27T14:38:45.014-0300] {dag.py:3947} INFO - Setting next_dagrun for conditional_dataset_and_time_based_timetable to 2025-11-26 01:00:00+00:00, run_after=2025-11-26 01:00:00+00:00
[2025-11-27T14:38:45.015-0300] {logging_mixin.py:188} INFO - [2025-11-27T14:38:45.015-0300] {dag.py:3947} INFO - Setting next_dagrun for consume_1_and_2_with_dataset_expressions to None, run_after=None
[2025-11-27T14:38:45.016-0300] {logging_mixin.py:188} INFO - [2025-11-27T14:38:45.016-0300] {dag.py:3947} INFO - Setting next_dagrun for consume_1_or_2_with_dataset_expressions to None, run_after=None
[2025-11-27T14:38:45.016-0300] {logging_mixin.py:188} INFO - [2025-11-27T14:38:45.016-0300] {dag.py:3947} INFO - Setting next_dagrun for consume_1_or_both_2_and_3_with_dataset_expressions to None, run_after=None
[2025-11-27T14:38:45.017-0300] {logging_mixin.py:188} INFO - [2025-11-27T14:38:45.017-0300] {dag.py:3947} INFO - Setting next_dagrun for dataset_consumes_1 to None, run_after=None
[2025-11-27T14:38:45.017-0300] {logging_mixin.py:188} INFO - [2025-11-27T14:38:45.017-0300] {dag.py:3947} INFO - Setting next_dagrun for dataset_consumes_1_and_2 to None, run_after=None
[2025-11-27T14:38:45.018-0300] {logging_mixin.py:188} INFO - [2025-11-27T14:38:45.018-0300] {dag.py:3947} INFO - Setting next_dagrun for dataset_consumes_1_never_scheduled to None, run_after=None
[2025-11-27T14:38:45.018-0300] {logging_mixin.py:188} INFO - [2025-11-27T14:38:45.018-0300] {dag.py:3947} INFO - Setting next_dagrun for dataset_consumes_unknown_never_scheduled to None, run_after=None
[2025-11-27T14:38:45.019-0300] {logging_mixin.py:188} INFO - [2025-11-27T14:38:45.019-0300] {dag.py:3947} INFO - Setting next_dagrun for dataset_produces_1 to 2025-11-26 00:00:00+00:00, run_after=2025-11-27 00:00:00+00:00
[2025-11-27T14:38:45.020-0300] {logging_mixin.py:188} INFO - [2025-11-27T14:38:45.020-0300] {dag.py:3947} INFO - Setting next_dagrun for dataset_produces_2 to None, run_after=None
[2025-11-27T14:38:45.034-0300] {processor.py:183} INFO - Processing /Users/davispecia/Documents/GitHub/Pf_pipeline_dados/Projeto_final_fase3/venv/lib/python3.9/site-packages/airflow/example_dags/example_datasets.py took 0.148 seconds
[2025-11-27T14:41:00.905-0300] {processor.py:161} INFO - Started process (PID=8589) to work on /Users/davispecia/Documents/GitHub/Pf_pipeline_dados/Projeto_final_fase3/venv/lib/python3.9/site-packages/airflow/example_dags/example_datasets.py
[2025-11-27T14:41:00.907-0300] {processor.py:830} INFO - Processing file /Users/davispecia/Documents/GitHub/Pf_pipeline_dados/Projeto_final_fase3/venv/lib/python3.9/site-packages/airflow/example_dags/example_datasets.py for tasks to queue
[2025-11-27T14:41:00.907-0300] {logging_mixin.py:188} INFO - [2025-11-27T14:41:00.907-0300] {dagbag.py:545} INFO - Filling up the DagBag from /Users/davispecia/Documents/GitHub/Pf_pipeline_dados/Projeto_final_fase3/venv/lib/python3.9/site-packages/airflow/example_dags/example_datasets.py
[2025-11-27T14:41:00.934-0300] {processor.py:840} INFO - DAG(s) 'dataset_consumes_unknown_never_scheduled', 'dataset_produces_1', 'dataset_consumes_1', 'dataset_consumes_1_and_2', 'dataset_produces_2', 'dataset_consumes_1_never_scheduled', 'consume_1_and_2_with_dataset_expressions', 'consume_1_or_2_with_dataset_expressions', 'consume_1_or_both_2_and_3_with_dataset_expressions', 'conditional_dataset_and_time_based_timetable' retrieved from /Users/davispecia/Documents/GitHub/Pf_pipeline_dados/Projeto_final_fase3/venv/lib/python3.9/site-packages/airflow/example_dags/example_datasets.py
[2025-11-27T14:41:01.019-0300] {logging_mixin.py:188} INFO - [2025-11-27T14:41:01.019-0300] {dag.py:3089} INFO - Sync 10 DAGs
[2025-11-27T14:41:01.029-0300] {logging_mixin.py:188} INFO - [2025-11-27T14:41:01.029-0300] {dag.py:3947} INFO - Setting next_dagrun for conditional_dataset_and_time_based_timetable to 2025-11-26 01:00:00+00:00, run_after=2025-11-26 01:00:00+00:00
[2025-11-27T14:41:01.030-0300] {logging_mixin.py:188} INFO - [2025-11-27T14:41:01.030-0300] {dag.py:3947} INFO - Setting next_dagrun for consume_1_and_2_with_dataset_expressions to None, run_after=None
[2025-11-27T14:41:01.031-0300] {logging_mixin.py:188} INFO - [2025-11-27T14:41:01.031-0300] {dag.py:3947} INFO - Setting next_dagrun for consume_1_or_2_with_dataset_expressions to None, run_after=None
[2025-11-27T14:41:01.031-0300] {logging_mixin.py:188} INFO - [2025-11-27T14:41:01.031-0300] {dag.py:3947} INFO - Setting next_dagrun for consume_1_or_both_2_and_3_with_dataset_expressions to None, run_after=None
[2025-11-27T14:41:01.032-0300] {logging_mixin.py:188} INFO - [2025-11-27T14:41:01.032-0300] {dag.py:3947} INFO - Setting next_dagrun for dataset_consumes_1 to None, run_after=None
[2025-11-27T14:41:01.032-0300] {logging_mixin.py:188} INFO - [2025-11-27T14:41:01.032-0300] {dag.py:3947} INFO - Setting next_dagrun for dataset_consumes_1_and_2 to None, run_after=None
[2025-11-27T14:41:01.033-0300] {logging_mixin.py:188} INFO - [2025-11-27T14:41:01.033-0300] {dag.py:3947} INFO - Setting next_dagrun for dataset_consumes_1_never_scheduled to None, run_after=None
[2025-11-27T14:41:01.033-0300] {logging_mixin.py:188} INFO - [2025-11-27T14:41:01.033-0300] {dag.py:3947} INFO - Setting next_dagrun for dataset_consumes_unknown_never_scheduled to None, run_after=None
[2025-11-27T14:41:01.034-0300] {logging_mixin.py:188} INFO - [2025-11-27T14:41:01.034-0300] {dag.py:3947} INFO - Setting next_dagrun for dataset_produces_1 to 2025-11-26 00:00:00+00:00, run_after=2025-11-27 00:00:00+00:00
[2025-11-27T14:41:01.034-0300] {logging_mixin.py:188} INFO - [2025-11-27T14:41:01.034-0300] {dag.py:3947} INFO - Setting next_dagrun for dataset_produces_2 to None, run_after=None
[2025-11-27T14:41:01.048-0300] {processor.py:183} INFO - Processing /Users/davispecia/Documents/GitHub/Pf_pipeline_dados/Projeto_final_fase3/venv/lib/python3.9/site-packages/airflow/example_dags/example_datasets.py took 0.145 seconds
[2025-11-27T14:43:05.347-0300] {processor.py:161} INFO - Started process (PID=8938) to work on /Users/davispecia/Documents/GitHub/Pf_pipeline_dados/Projeto_final_fase3/venv/lib/python3.9/site-packages/airflow/example_dags/example_datasets.py
[2025-11-27T14:43:05.348-0300] {processor.py:830} INFO - Processing file /Users/davispecia/Documents/GitHub/Pf_pipeline_dados/Projeto_final_fase3/venv/lib/python3.9/site-packages/airflow/example_dags/example_datasets.py for tasks to queue
[2025-11-27T14:43:05.348-0300] {logging_mixin.py:188} INFO - [2025-11-27T14:43:05.348-0300] {dagbag.py:545} INFO - Filling up the DagBag from /Users/davispecia/Documents/GitHub/Pf_pipeline_dados/Projeto_final_fase3/venv/lib/python3.9/site-packages/airflow/example_dags/example_datasets.py
[2025-11-27T14:43:05.379-0300] {processor.py:840} INFO - DAG(s) 'dataset_consumes_1', 'dataset_consumes_unknown_never_scheduled', 'dataset_consumes_1_and_2', 'conditional_dataset_and_time_based_timetable', 'consume_1_or_both_2_and_3_with_dataset_expressions', 'dataset_produces_1', 'consume_1_and_2_with_dataset_expressions', 'dataset_produces_2', 'consume_1_or_2_with_dataset_expressions', 'dataset_consumes_1_never_scheduled' retrieved from /Users/davispecia/Documents/GitHub/Pf_pipeline_dados/Projeto_final_fase3/venv/lib/python3.9/site-packages/airflow/example_dags/example_datasets.py
[2025-11-27T14:43:05.462-0300] {logging_mixin.py:188} INFO - [2025-11-27T14:43:05.462-0300] {dag.py:3089} INFO - Sync 10 DAGs
[2025-11-27T14:43:05.472-0300] {logging_mixin.py:188} INFO - [2025-11-27T14:43:05.472-0300] {dag.py:3947} INFO - Setting next_dagrun for conditional_dataset_and_time_based_timetable to 2025-11-26 01:00:00+00:00, run_after=2025-11-26 01:00:00+00:00
[2025-11-27T14:43:05.473-0300] {logging_mixin.py:188} INFO - [2025-11-27T14:43:05.473-0300] {dag.py:3947} INFO - Setting next_dagrun for consume_1_and_2_with_dataset_expressions to None, run_after=None
[2025-11-27T14:43:05.474-0300] {logging_mixin.py:188} INFO - [2025-11-27T14:43:05.474-0300] {dag.py:3947} INFO - Setting next_dagrun for consume_1_or_2_with_dataset_expressions to None, run_after=None
[2025-11-27T14:43:05.474-0300] {logging_mixin.py:188} INFO - [2025-11-27T14:43:05.474-0300] {dag.py:3947} INFO - Setting next_dagrun for consume_1_or_both_2_and_3_with_dataset_expressions to None, run_after=None
[2025-11-27T14:43:05.475-0300] {logging_mixin.py:188} INFO - [2025-11-27T14:43:05.475-0300] {dag.py:3947} INFO - Setting next_dagrun for dataset_consumes_1 to None, run_after=None
[2025-11-27T14:43:05.475-0300] {logging_mixin.py:188} INFO - [2025-11-27T14:43:05.475-0300] {dag.py:3947} INFO - Setting next_dagrun for dataset_consumes_1_and_2 to None, run_after=None
[2025-11-27T14:43:05.476-0300] {logging_mixin.py:188} INFO - [2025-11-27T14:43:05.476-0300] {dag.py:3947} INFO - Setting next_dagrun for dataset_consumes_1_never_scheduled to None, run_after=None
[2025-11-27T14:43:05.476-0300] {logging_mixin.py:188} INFO - [2025-11-27T14:43:05.476-0300] {dag.py:3947} INFO - Setting next_dagrun for dataset_consumes_unknown_never_scheduled to None, run_after=None
[2025-11-27T14:43:05.477-0300] {logging_mixin.py:188} INFO - [2025-11-27T14:43:05.477-0300] {dag.py:3947} INFO - Setting next_dagrun for dataset_produces_1 to 2025-11-26 00:00:00+00:00, run_after=2025-11-27 00:00:00+00:00
[2025-11-27T14:43:05.477-0300] {logging_mixin.py:188} INFO - [2025-11-27T14:43:05.477-0300] {dag.py:3947} INFO - Setting next_dagrun for dataset_produces_2 to None, run_after=None
[2025-11-27T14:43:05.490-0300] {processor.py:183} INFO - Processing /Users/davispecia/Documents/GitHub/Pf_pipeline_dados/Projeto_final_fase3/venv/lib/python3.9/site-packages/airflow/example_dags/example_datasets.py took 0.146 seconds
[2025-11-27T14:45:23.271-0300] {processor.py:161} INFO - Started process (PID=9379) to work on /Users/davispecia/Documents/GitHub/Pf_pipeline_dados/Projeto_final_fase3/venv/lib/python3.9/site-packages/airflow/example_dags/example_datasets.py
[2025-11-27T14:45:23.273-0300] {processor.py:830} INFO - Processing file /Users/davispecia/Documents/GitHub/Pf_pipeline_dados/Projeto_final_fase3/venv/lib/python3.9/site-packages/airflow/example_dags/example_datasets.py for tasks to queue
[2025-11-27T14:45:23.273-0300] {logging_mixin.py:188} INFO - [2025-11-27T14:45:23.273-0300] {dagbag.py:545} INFO - Filling up the DagBag from /Users/davispecia/Documents/GitHub/Pf_pipeline_dados/Projeto_final_fase3/venv/lib/python3.9/site-packages/airflow/example_dags/example_datasets.py
[2025-11-27T14:45:23.302-0300] {processor.py:840} INFO - DAG(s) 'consume_1_and_2_with_dataset_expressions', 'dataset_produces_2', 'dataset_consumes_1_never_scheduled', 'dataset_consumes_1', 'dataset_produces_1', 'dataset_consumes_1_and_2', 'conditional_dataset_and_time_based_timetable', 'consume_1_or_both_2_and_3_with_dataset_expressions', 'consume_1_or_2_with_dataset_expressions', 'dataset_consumes_unknown_never_scheduled' retrieved from /Users/davispecia/Documents/GitHub/Pf_pipeline_dados/Projeto_final_fase3/venv/lib/python3.9/site-packages/airflow/example_dags/example_datasets.py
[2025-11-27T14:45:23.387-0300] {logging_mixin.py:188} INFO - [2025-11-27T14:45:23.387-0300] {dag.py:3089} INFO - Sync 10 DAGs
[2025-11-27T14:45:23.397-0300] {logging_mixin.py:188} INFO - [2025-11-27T14:45:23.397-0300] {dag.py:3947} INFO - Setting next_dagrun for conditional_dataset_and_time_based_timetable to 2025-11-26 01:00:00+00:00, run_after=2025-11-26 01:00:00+00:00
[2025-11-27T14:45:23.398-0300] {logging_mixin.py:188} INFO - [2025-11-27T14:45:23.398-0300] {dag.py:3947} INFO - Setting next_dagrun for consume_1_and_2_with_dataset_expressions to None, run_after=None
[2025-11-27T14:45:23.398-0300] {logging_mixin.py:188} INFO - [2025-11-27T14:45:23.398-0300] {dag.py:3947} INFO - Setting next_dagrun for consume_1_or_2_with_dataset_expressions to None, run_after=None
[2025-11-27T14:45:23.399-0300] {logging_mixin.py:188} INFO - [2025-11-27T14:45:23.399-0300] {dag.py:3947} INFO - Setting next_dagrun for consume_1_or_both_2_and_3_with_dataset_expressions to None, run_after=None
[2025-11-27T14:45:23.400-0300] {logging_mixin.py:188} INFO - [2025-11-27T14:45:23.400-0300] {dag.py:3947} INFO - Setting next_dagrun for dataset_consumes_1 to None, run_after=None
[2025-11-27T14:45:23.400-0300] {logging_mixin.py:188} INFO - [2025-11-27T14:45:23.400-0300] {dag.py:3947} INFO - Setting next_dagrun for dataset_consumes_1_and_2 to None, run_after=None
[2025-11-27T14:45:23.401-0300] {logging_mixin.py:188} INFO - [2025-11-27T14:45:23.401-0300] {dag.py:3947} INFO - Setting next_dagrun for dataset_consumes_1_never_scheduled to None, run_after=None
[2025-11-27T14:45:23.401-0300] {logging_mixin.py:188} INFO - [2025-11-27T14:45:23.401-0300] {dag.py:3947} INFO - Setting next_dagrun for dataset_consumes_unknown_never_scheduled to None, run_after=None
[2025-11-27T14:45:23.402-0300] {logging_mixin.py:188} INFO - [2025-11-27T14:45:23.402-0300] {dag.py:3947} INFO - Setting next_dagrun for dataset_produces_1 to 2025-11-26 00:00:00+00:00, run_after=2025-11-27 00:00:00+00:00
[2025-11-27T14:45:23.402-0300] {logging_mixin.py:188} INFO - [2025-11-27T14:45:23.402-0300] {dag.py:3947} INFO - Setting next_dagrun for dataset_produces_2 to None, run_after=None
[2025-11-27T14:45:23.416-0300] {processor.py:183} INFO - Processing /Users/davispecia/Documents/GitHub/Pf_pipeline_dados/Projeto_final_fase3/venv/lib/python3.9/site-packages/airflow/example_dags/example_datasets.py took 0.147 seconds
[2025-11-27T14:47:32.661-0300] {processor.py:161} INFO - Started process (PID=9698) to work on /Users/davispecia/Documents/GitHub/Pf_pipeline_dados/Projeto_final_fase3/venv/lib/python3.9/site-packages/airflow/example_dags/example_datasets.py
[2025-11-27T14:47:32.663-0300] {processor.py:830} INFO - Processing file /Users/davispecia/Documents/GitHub/Pf_pipeline_dados/Projeto_final_fase3/venv/lib/python3.9/site-packages/airflow/example_dags/example_datasets.py for tasks to queue
[2025-11-27T14:47:32.663-0300] {logging_mixin.py:188} INFO - [2025-11-27T14:47:32.663-0300] {dagbag.py:545} INFO - Filling up the DagBag from /Users/davispecia/Documents/GitHub/Pf_pipeline_dados/Projeto_final_fase3/venv/lib/python3.9/site-packages/airflow/example_dags/example_datasets.py
[2025-11-27T14:47:32.695-0300] {processor.py:840} INFO - DAG(s) 'dataset_consumes_1_and_2', 'dataset_produces_2', 'consume_1_or_both_2_and_3_with_dataset_expressions', 'dataset_consumes_unknown_never_scheduled', 'conditional_dataset_and_time_based_timetable', 'consume_1_and_2_with_dataset_expressions', 'consume_1_or_2_with_dataset_expressions', 'dataset_consumes_1_never_scheduled', 'dataset_produces_1', 'dataset_consumes_1' retrieved from /Users/davispecia/Documents/GitHub/Pf_pipeline_dados/Projeto_final_fase3/venv/lib/python3.9/site-packages/airflow/example_dags/example_datasets.py
[2025-11-27T14:47:32.781-0300] {logging_mixin.py:188} INFO - [2025-11-27T14:47:32.781-0300] {dag.py:3089} INFO - Sync 10 DAGs
[2025-11-27T14:47:32.791-0300] {logging_mixin.py:188} INFO - [2025-11-27T14:47:32.790-0300] {dag.py:3947} INFO - Setting next_dagrun for conditional_dataset_and_time_based_timetable to 2025-11-26 01:00:00+00:00, run_after=2025-11-26 01:00:00+00:00
[2025-11-27T14:47:32.792-0300] {logging_mixin.py:188} INFO - [2025-11-27T14:47:32.792-0300] {dag.py:3947} INFO - Setting next_dagrun for consume_1_and_2_with_dataset_expressions to None, run_after=None
[2025-11-27T14:47:32.792-0300] {logging_mixin.py:188} INFO - [2025-11-27T14:47:32.792-0300] {dag.py:3947} INFO - Setting next_dagrun for consume_1_or_2_with_dataset_expressions to None, run_after=None
[2025-11-27T14:47:32.793-0300] {logging_mixin.py:188} INFO - [2025-11-27T14:47:32.793-0300] {dag.py:3947} INFO - Setting next_dagrun for consume_1_or_both_2_and_3_with_dataset_expressions to None, run_after=None
[2025-11-27T14:47:32.794-0300] {logging_mixin.py:188} INFO - [2025-11-27T14:47:32.794-0300] {dag.py:3947} INFO - Setting next_dagrun for dataset_consumes_1 to None, run_after=None
[2025-11-27T14:47:32.794-0300] {logging_mixin.py:188} INFO - [2025-11-27T14:47:32.794-0300] {dag.py:3947} INFO - Setting next_dagrun for dataset_consumes_1_and_2 to None, run_after=None
[2025-11-27T14:47:32.794-0300] {logging_mixin.py:188} INFO - [2025-11-27T14:47:32.794-0300] {dag.py:3947} INFO - Setting next_dagrun for dataset_consumes_1_never_scheduled to None, run_after=None
[2025-11-27T14:47:32.795-0300] {logging_mixin.py:188} INFO - [2025-11-27T14:47:32.795-0300] {dag.py:3947} INFO - Setting next_dagrun for dataset_consumes_unknown_never_scheduled to None, run_after=None
[2025-11-27T14:47:32.796-0300] {logging_mixin.py:188} INFO - [2025-11-27T14:47:32.796-0300] {dag.py:3947} INFO - Setting next_dagrun for dataset_produces_1 to 2025-11-26 00:00:00+00:00, run_after=2025-11-27 00:00:00+00:00
[2025-11-27T14:47:32.796-0300] {logging_mixin.py:188} INFO - [2025-11-27T14:47:32.796-0300] {dag.py:3947} INFO - Setting next_dagrun for dataset_produces_2 to None, run_after=None
[2025-11-27T14:47:32.809-0300] {processor.py:183} INFO - Processing /Users/davispecia/Documents/GitHub/Pf_pipeline_dados/Projeto_final_fase3/venv/lib/python3.9/site-packages/airflow/example_dags/example_datasets.py took 0.150 seconds
[2025-11-27T14:49:39.457-0300] {processor.py:161} INFO - Started process (PID=10010) to work on /Users/davispecia/Documents/GitHub/Pf_pipeline_dados/Projeto_final_fase3/venv/lib/python3.9/site-packages/airflow/example_dags/example_datasets.py
[2025-11-27T14:49:39.458-0300] {processor.py:830} INFO - Processing file /Users/davispecia/Documents/GitHub/Pf_pipeline_dados/Projeto_final_fase3/venv/lib/python3.9/site-packages/airflow/example_dags/example_datasets.py for tasks to queue
[2025-11-27T14:49:39.459-0300] {logging_mixin.py:188} INFO - [2025-11-27T14:49:39.459-0300] {dagbag.py:545} INFO - Filling up the DagBag from /Users/davispecia/Documents/GitHub/Pf_pipeline_dados/Projeto_final_fase3/venv/lib/python3.9/site-packages/airflow/example_dags/example_datasets.py
[2025-11-27T14:49:39.488-0300] {processor.py:840} INFO - DAG(s) 'dataset_consumes_1_and_2', 'consume_1_or_both_2_and_3_with_dataset_expressions', 'dataset_consumes_1', 'consume_1_or_2_with_dataset_expressions', 'conditional_dataset_and_time_based_timetable', 'dataset_produces_1', 'consume_1_and_2_with_dataset_expressions', 'dataset_consumes_unknown_never_scheduled', 'dataset_consumes_1_never_scheduled', 'dataset_produces_2' retrieved from /Users/davispecia/Documents/GitHub/Pf_pipeline_dados/Projeto_final_fase3/venv/lib/python3.9/site-packages/airflow/example_dags/example_datasets.py
[2025-11-27T14:49:39.572-0300] {logging_mixin.py:188} INFO - [2025-11-27T14:49:39.572-0300] {dag.py:3089} INFO - Sync 10 DAGs
[2025-11-27T14:49:39.583-0300] {logging_mixin.py:188} INFO - [2025-11-27T14:49:39.583-0300] {dag.py:3947} INFO - Setting next_dagrun for conditional_dataset_and_time_based_timetable to 2025-11-26 01:00:00+00:00, run_after=2025-11-26 01:00:00+00:00
[2025-11-27T14:49:39.584-0300] {logging_mixin.py:188} INFO - [2025-11-27T14:49:39.584-0300] {dag.py:3947} INFO - Setting next_dagrun for consume_1_and_2_with_dataset_expressions to None, run_after=None
[2025-11-27T14:49:39.584-0300] {logging_mixin.py:188} INFO - [2025-11-27T14:49:39.584-0300] {dag.py:3947} INFO - Setting next_dagrun for consume_1_or_2_with_dataset_expressions to None, run_after=None
[2025-11-27T14:49:39.585-0300] {logging_mixin.py:188} INFO - [2025-11-27T14:49:39.585-0300] {dag.py:3947} INFO - Setting next_dagrun for consume_1_or_both_2_and_3_with_dataset_expressions to None, run_after=None
[2025-11-27T14:49:39.586-0300] {logging_mixin.py:188} INFO - [2025-11-27T14:49:39.586-0300] {dag.py:3947} INFO - Setting next_dagrun for dataset_consumes_1 to None, run_after=None
[2025-11-27T14:49:39.586-0300] {logging_mixin.py:188} INFO - [2025-11-27T14:49:39.586-0300] {dag.py:3947} INFO - Setting next_dagrun for dataset_consumes_1_and_2 to None, run_after=None
[2025-11-27T14:49:39.587-0300] {logging_mixin.py:188} INFO - [2025-11-27T14:49:39.587-0300] {dag.py:3947} INFO - Setting next_dagrun for dataset_consumes_1_never_scheduled to None, run_after=None
[2025-11-27T14:49:39.587-0300] {logging_mixin.py:188} INFO - [2025-11-27T14:49:39.587-0300] {dag.py:3947} INFO - Setting next_dagrun for dataset_consumes_unknown_never_scheduled to None, run_after=None
[2025-11-27T14:49:39.588-0300] {logging_mixin.py:188} INFO - [2025-11-27T14:49:39.588-0300] {dag.py:3947} INFO - Setting next_dagrun for dataset_produces_1 to 2025-11-26 00:00:00+00:00, run_after=2025-11-27 00:00:00+00:00
[2025-11-27T14:49:39.589-0300] {logging_mixin.py:188} INFO - [2025-11-27T14:49:39.589-0300] {dag.py:3947} INFO - Setting next_dagrun for dataset_produces_2 to None, run_after=None
[2025-11-27T14:49:39.602-0300] {processor.py:183} INFO - Processing /Users/davispecia/Documents/GitHub/Pf_pipeline_dados/Projeto_final_fase3/venv/lib/python3.9/site-packages/airflow/example_dags/example_datasets.py took 0.147 seconds
[2025-11-27T14:51:59.033-0300] {processor.py:161} INFO - Started process (PID=10398) to work on /Users/davispecia/Documents/GitHub/Pf_pipeline_dados/Projeto_final_fase3/venv/lib/python3.9/site-packages/airflow/example_dags/example_datasets.py
[2025-11-27T14:51:59.033-0300] {processor.py:830} INFO - Processing file /Users/davispecia/Documents/GitHub/Pf_pipeline_dados/Projeto_final_fase3/venv/lib/python3.9/site-packages/airflow/example_dags/example_datasets.py for tasks to queue
[2025-11-27T14:51:59.034-0300] {logging_mixin.py:188} INFO - [2025-11-27T14:51:59.034-0300] {dagbag.py:545} INFO - Filling up the DagBag from /Users/davispecia/Documents/GitHub/Pf_pipeline_dados/Projeto_final_fase3/venv/lib/python3.9/site-packages/airflow/example_dags/example_datasets.py
[2025-11-27T14:51:59.063-0300] {processor.py:840} INFO - DAG(s) 'consume_1_or_both_2_and_3_with_dataset_expressions', 'conditional_dataset_and_time_based_timetable', 'consume_1_or_2_with_dataset_expressions', 'dataset_consumes_unknown_never_scheduled', 'dataset_consumes_1_and_2', 'dataset_produces_2', 'dataset_consumes_1', 'consume_1_and_2_with_dataset_expressions', 'dataset_consumes_1_never_scheduled', 'dataset_produces_1' retrieved from /Users/davispecia/Documents/GitHub/Pf_pipeline_dados/Projeto_final_fase3/venv/lib/python3.9/site-packages/airflow/example_dags/example_datasets.py
[2025-11-27T14:51:59.144-0300] {logging_mixin.py:188} INFO - [2025-11-27T14:51:59.144-0300] {dag.py:3089} INFO - Sync 10 DAGs
[2025-11-27T14:51:59.154-0300] {logging_mixin.py:188} INFO - [2025-11-27T14:51:59.153-0300] {dag.py:3947} INFO - Setting next_dagrun for conditional_dataset_and_time_based_timetable to 2025-11-26 01:00:00+00:00, run_after=2025-11-26 01:00:00+00:00
[2025-11-27T14:51:59.155-0300] {logging_mixin.py:188} INFO - [2025-11-27T14:51:59.155-0300] {dag.py:3947} INFO - Setting next_dagrun for consume_1_and_2_with_dataset_expressions to None, run_after=None
[2025-11-27T14:51:59.155-0300] {logging_mixin.py:188} INFO - [2025-11-27T14:51:59.155-0300] {dag.py:3947} INFO - Setting next_dagrun for consume_1_or_2_with_dataset_expressions to None, run_after=None
[2025-11-27T14:51:59.156-0300] {logging_mixin.py:188} INFO - [2025-11-27T14:51:59.156-0300] {dag.py:3947} INFO - Setting next_dagrun for consume_1_or_both_2_and_3_with_dataset_expressions to None, run_after=None
[2025-11-27T14:51:59.157-0300] {logging_mixin.py:188} INFO - [2025-11-27T14:51:59.156-0300] {dag.py:3947} INFO - Setting next_dagrun for dataset_consumes_1 to None, run_after=None
[2025-11-27T14:51:59.157-0300] {logging_mixin.py:188} INFO - [2025-11-27T14:51:59.157-0300] {dag.py:3947} INFO - Setting next_dagrun for dataset_consumes_1_and_2 to None, run_after=None
[2025-11-27T14:51:59.157-0300] {logging_mixin.py:188} INFO - [2025-11-27T14:51:59.157-0300] {dag.py:3947} INFO - Setting next_dagrun for dataset_consumes_1_never_scheduled to None, run_after=None
[2025-11-27T14:51:59.158-0300] {logging_mixin.py:188} INFO - [2025-11-27T14:51:59.158-0300] {dag.py:3947} INFO - Setting next_dagrun for dataset_consumes_unknown_never_scheduled to None, run_after=None
[2025-11-27T14:51:59.159-0300] {logging_mixin.py:188} INFO - [2025-11-27T14:51:59.159-0300] {dag.py:3947} INFO - Setting next_dagrun for dataset_produces_1 to 2025-11-26 00:00:00+00:00, run_after=2025-11-27 00:00:00+00:00
[2025-11-27T14:51:59.159-0300] {logging_mixin.py:188} INFO - [2025-11-27T14:51:59.159-0300] {dag.py:3947} INFO - Setting next_dagrun for dataset_produces_2 to None, run_after=None
[2025-11-27T14:51:59.173-0300] {processor.py:183} INFO - Processing /Users/davispecia/Documents/GitHub/Pf_pipeline_dados/Projeto_final_fase3/venv/lib/python3.9/site-packages/airflow/example_dags/example_datasets.py took 0.143 seconds
[2025-11-27T14:54:02.276-0300] {processor.py:161} INFO - Started process (PID=10716) to work on /Users/davispecia/Documents/GitHub/Pf_pipeline_dados/Projeto_final_fase3/venv/lib/python3.9/site-packages/airflow/example_dags/example_datasets.py
[2025-11-27T14:54:02.277-0300] {processor.py:830} INFO - Processing file /Users/davispecia/Documents/GitHub/Pf_pipeline_dados/Projeto_final_fase3/venv/lib/python3.9/site-packages/airflow/example_dags/example_datasets.py for tasks to queue
[2025-11-27T14:54:02.278-0300] {logging_mixin.py:188} INFO - [2025-11-27T14:54:02.277-0300] {dagbag.py:545} INFO - Filling up the DagBag from /Users/davispecia/Documents/GitHub/Pf_pipeline_dados/Projeto_final_fase3/venv/lib/python3.9/site-packages/airflow/example_dags/example_datasets.py
[2025-11-27T14:54:02.305-0300] {processor.py:840} INFO - DAG(s) 'dataset_produces_1', 'conditional_dataset_and_time_based_timetable', 'dataset_consumes_1', 'dataset_produces_2', 'consume_1_or_both_2_and_3_with_dataset_expressions', 'dataset_consumes_unknown_never_scheduled', 'dataset_consumes_1_never_scheduled', 'consume_1_and_2_with_dataset_expressions', 'consume_1_or_2_with_dataset_expressions', 'dataset_consumes_1_and_2' retrieved from /Users/davispecia/Documents/GitHub/Pf_pipeline_dados/Projeto_final_fase3/venv/lib/python3.9/site-packages/airflow/example_dags/example_datasets.py
[2025-11-27T14:54:02.387-0300] {logging_mixin.py:188} INFO - [2025-11-27T14:54:02.387-0300] {dag.py:3089} INFO - Sync 10 DAGs
[2025-11-27T14:54:02.396-0300] {logging_mixin.py:188} INFO - [2025-11-27T14:54:02.396-0300] {dag.py:3947} INFO - Setting next_dagrun for conditional_dataset_and_time_based_timetable to 2025-11-26 01:00:00+00:00, run_after=2025-11-26 01:00:00+00:00
[2025-11-27T14:54:02.398-0300] {logging_mixin.py:188} INFO - [2025-11-27T14:54:02.398-0300] {dag.py:3947} INFO - Setting next_dagrun for consume_1_and_2_with_dataset_expressions to None, run_after=None
[2025-11-27T14:54:02.398-0300] {logging_mixin.py:188} INFO - [2025-11-27T14:54:02.398-0300] {dag.py:3947} INFO - Setting next_dagrun for consume_1_or_2_with_dataset_expressions to None, run_after=None
[2025-11-27T14:54:02.399-0300] {logging_mixin.py:188} INFO - [2025-11-27T14:54:02.399-0300] {dag.py:3947} INFO - Setting next_dagrun for consume_1_or_both_2_and_3_with_dataset_expressions to None, run_after=None
[2025-11-27T14:54:02.399-0300] {logging_mixin.py:188} INFO - [2025-11-27T14:54:02.399-0300] {dag.py:3947} INFO - Setting next_dagrun for dataset_consumes_1 to None, run_after=None
[2025-11-27T14:54:02.400-0300] {logging_mixin.py:188} INFO - [2025-11-27T14:54:02.400-0300] {dag.py:3947} INFO - Setting next_dagrun for dataset_consumes_1_and_2 to None, run_after=None
[2025-11-27T14:54:02.400-0300] {logging_mixin.py:188} INFO - [2025-11-27T14:54:02.400-0300] {dag.py:3947} INFO - Setting next_dagrun for dataset_consumes_1_never_scheduled to None, run_after=None
[2025-11-27T14:54:02.401-0300] {logging_mixin.py:188} INFO - [2025-11-27T14:54:02.400-0300] {dag.py:3947} INFO - Setting next_dagrun for dataset_consumes_unknown_never_scheduled to None, run_after=None
[2025-11-27T14:54:02.402-0300] {logging_mixin.py:188} INFO - [2025-11-27T14:54:02.401-0300] {dag.py:3947} INFO - Setting next_dagrun for dataset_produces_1 to 2025-11-26 00:00:00+00:00, run_after=2025-11-27 00:00:00+00:00
[2025-11-27T14:54:02.402-0300] {logging_mixin.py:188} INFO - [2025-11-27T14:54:02.402-0300] {dag.py:3947} INFO - Setting next_dagrun for dataset_produces_2 to None, run_after=None
[2025-11-27T14:54:02.415-0300] {processor.py:183} INFO - Processing /Users/davispecia/Documents/GitHub/Pf_pipeline_dados/Projeto_final_fase3/venv/lib/python3.9/site-packages/airflow/example_dags/example_datasets.py took 0.140 seconds
[2025-11-27T14:56:15.906-0300] {processor.py:161} INFO - Started process (PID=11092) to work on /Users/davispecia/Documents/GitHub/Pf_pipeline_dados/Projeto_final_fase3/venv/lib/python3.9/site-packages/airflow/example_dags/example_datasets.py
[2025-11-27T14:56:15.907-0300] {processor.py:830} INFO - Processing file /Users/davispecia/Documents/GitHub/Pf_pipeline_dados/Projeto_final_fase3/venv/lib/python3.9/site-packages/airflow/example_dags/example_datasets.py for tasks to queue
[2025-11-27T14:56:15.907-0300] {logging_mixin.py:188} INFO - [2025-11-27T14:56:15.907-0300] {dagbag.py:545} INFO - Filling up the DagBag from /Users/davispecia/Documents/GitHub/Pf_pipeline_dados/Projeto_final_fase3/venv/lib/python3.9/site-packages/airflow/example_dags/example_datasets.py
[2025-11-27T14:56:15.935-0300] {processor.py:840} INFO - DAG(s) 'consume_1_or_2_with_dataset_expressions', 'dataset_consumes_1', 'consume_1_and_2_with_dataset_expressions', 'dataset_produces_1', 'dataset_consumes_1_and_2', 'dataset_consumes_1_never_scheduled', 'dataset_produces_2', 'conditional_dataset_and_time_based_timetable', 'dataset_consumes_unknown_never_scheduled', 'consume_1_or_both_2_and_3_with_dataset_expressions' retrieved from /Users/davispecia/Documents/GitHub/Pf_pipeline_dados/Projeto_final_fase3/venv/lib/python3.9/site-packages/airflow/example_dags/example_datasets.py
[2025-11-27T14:56:16.017-0300] {logging_mixin.py:188} INFO - [2025-11-27T14:56:16.016-0300] {dag.py:3089} INFO - Sync 10 DAGs
[2025-11-27T14:56:16.026-0300] {logging_mixin.py:188} INFO - [2025-11-27T14:56:16.026-0300] {dag.py:3947} INFO - Setting next_dagrun for conditional_dataset_and_time_based_timetable to 2025-11-26 01:00:00+00:00, run_after=2025-11-26 01:00:00+00:00
[2025-11-27T14:56:16.027-0300] {logging_mixin.py:188} INFO - [2025-11-27T14:56:16.027-0300] {dag.py:3947} INFO - Setting next_dagrun for consume_1_and_2_with_dataset_expressions to None, run_after=None
[2025-11-27T14:56:16.028-0300] {logging_mixin.py:188} INFO - [2025-11-27T14:56:16.028-0300] {dag.py:3947} INFO - Setting next_dagrun for consume_1_or_2_with_dataset_expressions to None, run_after=None
[2025-11-27T14:56:16.028-0300] {logging_mixin.py:188} INFO - [2025-11-27T14:56:16.028-0300] {dag.py:3947} INFO - Setting next_dagrun for consume_1_or_both_2_and_3_with_dataset_expressions to None, run_after=None
[2025-11-27T14:56:16.029-0300] {logging_mixin.py:188} INFO - [2025-11-27T14:56:16.029-0300] {dag.py:3947} INFO - Setting next_dagrun for dataset_consumes_1 to None, run_after=None
[2025-11-27T14:56:16.029-0300] {logging_mixin.py:188} INFO - [2025-11-27T14:56:16.029-0300] {dag.py:3947} INFO - Setting next_dagrun for dataset_consumes_1_and_2 to None, run_after=None
[2025-11-27T14:56:16.030-0300] {logging_mixin.py:188} INFO - [2025-11-27T14:56:16.030-0300] {dag.py:3947} INFO - Setting next_dagrun for dataset_consumes_1_never_scheduled to None, run_after=None
[2025-11-27T14:56:16.030-0300] {logging_mixin.py:188} INFO - [2025-11-27T14:56:16.030-0300] {dag.py:3947} INFO - Setting next_dagrun for dataset_consumes_unknown_never_scheduled to None, run_after=None
[2025-11-27T14:56:16.031-0300] {logging_mixin.py:188} INFO - [2025-11-27T14:56:16.031-0300] {dag.py:3947} INFO - Setting next_dagrun for dataset_produces_1 to 2025-11-26 00:00:00+00:00, run_after=2025-11-27 00:00:00+00:00
[2025-11-27T14:56:16.031-0300] {logging_mixin.py:188} INFO - [2025-11-27T14:56:16.031-0300] {dag.py:3947} INFO - Setting next_dagrun for dataset_produces_2 to None, run_after=None
[2025-11-27T14:56:16.044-0300] {processor.py:183} INFO - Processing /Users/davispecia/Documents/GitHub/Pf_pipeline_dados/Projeto_final_fase3/venv/lib/python3.9/site-packages/airflow/example_dags/example_datasets.py took 0.141 seconds
[2025-11-27T14:58:24.070-0300] {processor.py:161} INFO - Started process (PID=11406) to work on /Users/davispecia/Documents/GitHub/Pf_pipeline_dados/Projeto_final_fase3/venv/lib/python3.9/site-packages/airflow/example_dags/example_datasets.py
[2025-11-27T14:58:24.071-0300] {processor.py:830} INFO - Processing file /Users/davispecia/Documents/GitHub/Pf_pipeline_dados/Projeto_final_fase3/venv/lib/python3.9/site-packages/airflow/example_dags/example_datasets.py for tasks to queue
[2025-11-27T14:58:24.071-0300] {logging_mixin.py:188} INFO - [2025-11-27T14:58:24.071-0300] {dagbag.py:545} INFO - Filling up the DagBag from /Users/davispecia/Documents/GitHub/Pf_pipeline_dados/Projeto_final_fase3/venv/lib/python3.9/site-packages/airflow/example_dags/example_datasets.py
[2025-11-27T14:58:24.101-0300] {processor.py:840} INFO - DAG(s) 'dataset_consumes_1_never_scheduled', 'dataset_produces_2', 'consume_1_or_2_with_dataset_expressions', 'consume_1_and_2_with_dataset_expressions', 'dataset_produces_1', 'dataset_consumes_1_and_2', 'dataset_consumes_unknown_never_scheduled', 'consume_1_or_both_2_and_3_with_dataset_expressions', 'conditional_dataset_and_time_based_timetable', 'dataset_consumes_1' retrieved from /Users/davispecia/Documents/GitHub/Pf_pipeline_dados/Projeto_final_fase3/venv/lib/python3.9/site-packages/airflow/example_dags/example_datasets.py
[2025-11-27T14:58:24.180-0300] {logging_mixin.py:188} INFO - [2025-11-27T14:58:24.180-0300] {dag.py:3089} INFO - Sync 10 DAGs
[2025-11-27T14:58:24.190-0300] {logging_mixin.py:188} INFO - [2025-11-27T14:58:24.190-0300] {dag.py:3947} INFO - Setting next_dagrun for conditional_dataset_and_time_based_timetable to 2025-11-26 01:00:00+00:00, run_after=2025-11-26 01:00:00+00:00
[2025-11-27T14:58:24.191-0300] {logging_mixin.py:188} INFO - [2025-11-27T14:58:24.191-0300] {dag.py:3947} INFO - Setting next_dagrun for consume_1_and_2_with_dataset_expressions to None, run_after=None
[2025-11-27T14:58:24.191-0300] {logging_mixin.py:188} INFO - [2025-11-27T14:58:24.191-0300] {dag.py:3947} INFO - Setting next_dagrun for consume_1_or_2_with_dataset_expressions to None, run_after=None
[2025-11-27T14:58:24.192-0300] {logging_mixin.py:188} INFO - [2025-11-27T14:58:24.192-0300] {dag.py:3947} INFO - Setting next_dagrun for consume_1_or_both_2_and_3_with_dataset_expressions to None, run_after=None
[2025-11-27T14:58:24.193-0300] {logging_mixin.py:188} INFO - [2025-11-27T14:58:24.193-0300] {dag.py:3947} INFO - Setting next_dagrun for dataset_consumes_1 to None, run_after=None
[2025-11-27T14:58:24.193-0300] {logging_mixin.py:188} INFO - [2025-11-27T14:58:24.193-0300] {dag.py:3947} INFO - Setting next_dagrun for dataset_consumes_1_and_2 to None, run_after=None
[2025-11-27T14:58:24.193-0300] {logging_mixin.py:188} INFO - [2025-11-27T14:58:24.193-0300] {dag.py:3947} INFO - Setting next_dagrun for dataset_consumes_1_never_scheduled to None, run_after=None
[2025-11-27T14:58:24.194-0300] {logging_mixin.py:188} INFO - [2025-11-27T14:58:24.194-0300] {dag.py:3947} INFO - Setting next_dagrun for dataset_consumes_unknown_never_scheduled to None, run_after=None
[2025-11-27T14:58:24.195-0300] {logging_mixin.py:188} INFO - [2025-11-27T14:58:24.195-0300] {dag.py:3947} INFO - Setting next_dagrun for dataset_produces_1 to 2025-11-26 00:00:00+00:00, run_after=2025-11-27 00:00:00+00:00
[2025-11-27T14:58:24.195-0300] {logging_mixin.py:188} INFO - [2025-11-27T14:58:24.195-0300] {dag.py:3947} INFO - Setting next_dagrun for dataset_produces_2 to None, run_after=None
[2025-11-27T14:58:24.209-0300] {processor.py:183} INFO - Processing /Users/davispecia/Documents/GitHub/Pf_pipeline_dados/Projeto_final_fase3/venv/lib/python3.9/site-packages/airflow/example_dags/example_datasets.py took 0.142 seconds
[2025-11-27T15:00:29.714-0300] {processor.py:161} INFO - Started process (PID=11709) to work on /Users/davispecia/Documents/GitHub/Pf_pipeline_dados/Projeto_final_fase3/venv/lib/python3.9/site-packages/airflow/example_dags/example_datasets.py
[2025-11-27T15:00:29.715-0300] {processor.py:830} INFO - Processing file /Users/davispecia/Documents/GitHub/Pf_pipeline_dados/Projeto_final_fase3/venv/lib/python3.9/site-packages/airflow/example_dags/example_datasets.py for tasks to queue
[2025-11-27T15:00:29.715-0300] {logging_mixin.py:188} INFO - [2025-11-27T15:00:29.715-0300] {dagbag.py:545} INFO - Filling up the DagBag from /Users/davispecia/Documents/GitHub/Pf_pipeline_dados/Projeto_final_fase3/venv/lib/python3.9/site-packages/airflow/example_dags/example_datasets.py
[2025-11-27T15:00:29.745-0300] {processor.py:840} INFO - DAG(s) 'dataset_consumes_1_and_2', 'consume_1_or_both_2_and_3_with_dataset_expressions', 'dataset_consumes_1', 'dataset_consumes_1_never_scheduled', 'dataset_produces_1', 'consume_1_and_2_with_dataset_expressions', 'dataset_produces_2', 'consume_1_or_2_with_dataset_expressions', 'dataset_consumes_unknown_never_scheduled', 'conditional_dataset_and_time_based_timetable' retrieved from /Users/davispecia/Documents/GitHub/Pf_pipeline_dados/Projeto_final_fase3/venv/lib/python3.9/site-packages/airflow/example_dags/example_datasets.py
[2025-11-27T15:00:29.825-0300] {logging_mixin.py:188} INFO - [2025-11-27T15:00:29.825-0300] {dag.py:3089} INFO - Sync 10 DAGs
[2025-11-27T15:00:29.834-0300] {logging_mixin.py:188} INFO - [2025-11-27T15:00:29.834-0300] {dag.py:3947} INFO - Setting next_dagrun for conditional_dataset_and_time_based_timetable to 2025-11-26 01:00:00+00:00, run_after=2025-11-26 01:00:00+00:00
[2025-11-27T15:00:29.836-0300] {logging_mixin.py:188} INFO - [2025-11-27T15:00:29.836-0300] {dag.py:3947} INFO - Setting next_dagrun for consume_1_and_2_with_dataset_expressions to None, run_after=None
[2025-11-27T15:00:29.836-0300] {logging_mixin.py:188} INFO - [2025-11-27T15:00:29.836-0300] {dag.py:3947} INFO - Setting next_dagrun for consume_1_or_2_with_dataset_expressions to None, run_after=None
[2025-11-27T15:00:29.836-0300] {logging_mixin.py:188} INFO - [2025-11-27T15:00:29.836-0300] {dag.py:3947} INFO - Setting next_dagrun for consume_1_or_both_2_and_3_with_dataset_expressions to None, run_after=None
[2025-11-27T15:00:29.837-0300] {logging_mixin.py:188} INFO - [2025-11-27T15:00:29.837-0300] {dag.py:3947} INFO - Setting next_dagrun for dataset_consumes_1 to None, run_after=None
[2025-11-27T15:00:29.838-0300] {logging_mixin.py:188} INFO - [2025-11-27T15:00:29.838-0300] {dag.py:3947} INFO - Setting next_dagrun for dataset_consumes_1_and_2 to None, run_after=None
[2025-11-27T15:00:29.838-0300] {logging_mixin.py:188} INFO - [2025-11-27T15:00:29.838-0300] {dag.py:3947} INFO - Setting next_dagrun for dataset_consumes_1_never_scheduled to None, run_after=None
[2025-11-27T15:00:29.838-0300] {logging_mixin.py:188} INFO - [2025-11-27T15:00:29.838-0300] {dag.py:3947} INFO - Setting next_dagrun for dataset_consumes_unknown_never_scheduled to None, run_after=None
[2025-11-27T15:00:29.839-0300] {logging_mixin.py:188} INFO - [2025-11-27T15:00:29.839-0300] {dag.py:3947} INFO - Setting next_dagrun for dataset_produces_1 to 2025-11-26 00:00:00+00:00, run_after=2025-11-27 00:00:00+00:00
[2025-11-27T15:00:29.840-0300] {logging_mixin.py:188} INFO - [2025-11-27T15:00:29.840-0300] {dag.py:3947} INFO - Setting next_dagrun for dataset_produces_2 to None, run_after=None
[2025-11-27T15:00:29.853-0300] {processor.py:183} INFO - Processing /Users/davispecia/Documents/GitHub/Pf_pipeline_dados/Projeto_final_fase3/venv/lib/python3.9/site-packages/airflow/example_dags/example_datasets.py took 0.141 seconds
[2025-11-27T15:02:46.416-0300] {processor.py:161} INFO - Started process (PID=12098) to work on /Users/davispecia/Documents/GitHub/Pf_pipeline_dados/Projeto_final_fase3/venv/lib/python3.9/site-packages/airflow/example_dags/example_datasets.py
[2025-11-27T15:02:46.417-0300] {processor.py:830} INFO - Processing file /Users/davispecia/Documents/GitHub/Pf_pipeline_dados/Projeto_final_fase3/venv/lib/python3.9/site-packages/airflow/example_dags/example_datasets.py for tasks to queue
[2025-11-27T15:02:46.417-0300] {logging_mixin.py:188} INFO - [2025-11-27T15:02:46.417-0300] {dagbag.py:545} INFO - Filling up the DagBag from /Users/davispecia/Documents/GitHub/Pf_pipeline_dados/Projeto_final_fase3/venv/lib/python3.9/site-packages/airflow/example_dags/example_datasets.py
[2025-11-27T15:02:46.446-0300] {processor.py:840} INFO - DAG(s) 'consume_1_or_2_with_dataset_expressions', 'dataset_consumes_unknown_never_scheduled', 'dataset_produces_2', 'dataset_consumes_1', 'dataset_consumes_1_never_scheduled', 'consume_1_or_both_2_and_3_with_dataset_expressions', 'dataset_consumes_1_and_2', 'dataset_produces_1', 'consume_1_and_2_with_dataset_expressions', 'conditional_dataset_and_time_based_timetable' retrieved from /Users/davispecia/Documents/GitHub/Pf_pipeline_dados/Projeto_final_fase3/venv/lib/python3.9/site-packages/airflow/example_dags/example_datasets.py
[2025-11-27T15:02:46.526-0300] {logging_mixin.py:188} INFO - [2025-11-27T15:02:46.526-0300] {dag.py:3089} INFO - Sync 10 DAGs
[2025-11-27T15:02:46.535-0300] {logging_mixin.py:188} INFO - [2025-11-27T15:02:46.535-0300] {dag.py:3947} INFO - Setting next_dagrun for conditional_dataset_and_time_based_timetable to 2025-11-26 01:00:00+00:00, run_after=2025-11-26 01:00:00+00:00
[2025-11-27T15:02:46.552-0300] {logging_mixin.py:188} INFO - [2025-11-27T15:02:46.552-0300] {dag.py:3947} INFO - Setting next_dagrun for consume_1_and_2_with_dataset_expressions to None, run_after=None
[2025-11-27T15:02:46.554-0300] {logging_mixin.py:188} INFO - [2025-11-27T15:02:46.554-0300] {dag.py:3947} INFO - Setting next_dagrun for consume_1_or_2_with_dataset_expressions to None, run_after=None
[2025-11-27T15:02:46.554-0300] {logging_mixin.py:188} INFO - [2025-11-27T15:02:46.554-0300] {dag.py:3947} INFO - Setting next_dagrun for consume_1_or_both_2_and_3_with_dataset_expressions to None, run_after=None
[2025-11-27T15:02:46.557-0300] {logging_mixin.py:188} INFO - [2025-11-27T15:02:46.557-0300] {dag.py:3947} INFO - Setting next_dagrun for dataset_consumes_1 to None, run_after=None
[2025-11-27T15:02:46.558-0300] {logging_mixin.py:188} INFO - [2025-11-27T15:02:46.558-0300] {dag.py:3947} INFO - Setting next_dagrun for dataset_consumes_1_and_2 to None, run_after=None
[2025-11-27T15:02:46.560-0300] {logging_mixin.py:188} INFO - [2025-11-27T15:02:46.560-0300] {dag.py:3947} INFO - Setting next_dagrun for dataset_consumes_1_never_scheduled to None, run_after=None
[2025-11-27T15:02:46.560-0300] {logging_mixin.py:188} INFO - [2025-11-27T15:02:46.560-0300] {dag.py:3947} INFO - Setting next_dagrun for dataset_consumes_unknown_never_scheduled to None, run_after=None
[2025-11-27T15:02:46.561-0300] {logging_mixin.py:188} INFO - [2025-11-27T15:02:46.561-0300] {dag.py:3947} INFO - Setting next_dagrun for dataset_produces_1 to 2025-11-26 00:00:00+00:00, run_after=2025-11-27 00:00:00+00:00
[2025-11-27T15:02:46.562-0300] {logging_mixin.py:188} INFO - [2025-11-27T15:02:46.562-0300] {dag.py:3947} INFO - Setting next_dagrun for dataset_produces_2 to None, run_after=None
[2025-11-27T15:02:46.577-0300] {processor.py:183} INFO - Processing /Users/davispecia/Documents/GitHub/Pf_pipeline_dados/Projeto_final_fase3/venv/lib/python3.9/site-packages/airflow/example_dags/example_datasets.py took 0.164 seconds
[2025-11-27T15:04:52.729-0300] {processor.py:161} INFO - Started process (PID=12396) to work on /Users/davispecia/Documents/GitHub/Pf_pipeline_dados/Projeto_final_fase3/venv/lib/python3.9/site-packages/airflow/example_dags/example_datasets.py
[2025-11-27T15:04:52.730-0300] {processor.py:830} INFO - Processing file /Users/davispecia/Documents/GitHub/Pf_pipeline_dados/Projeto_final_fase3/venv/lib/python3.9/site-packages/airflow/example_dags/example_datasets.py for tasks to queue
[2025-11-27T15:04:52.730-0300] {logging_mixin.py:188} INFO - [2025-11-27T15:04:52.730-0300] {dagbag.py:545} INFO - Filling up the DagBag from /Users/davispecia/Documents/GitHub/Pf_pipeline_dados/Projeto_final_fase3/venv/lib/python3.9/site-packages/airflow/example_dags/example_datasets.py
[2025-11-27T15:04:52.759-0300] {processor.py:840} INFO - DAG(s) 'dataset_consumes_unknown_never_scheduled', 'consume_1_and_2_with_dataset_expressions', 'consume_1_or_both_2_and_3_with_dataset_expressions', 'dataset_consumes_1_never_scheduled', 'dataset_produces_2', 'consume_1_or_2_with_dataset_expressions', 'dataset_consumes_1_and_2', 'dataset_produces_1', 'conditional_dataset_and_time_based_timetable', 'dataset_consumes_1' retrieved from /Users/davispecia/Documents/GitHub/Pf_pipeline_dados/Projeto_final_fase3/venv/lib/python3.9/site-packages/airflow/example_dags/example_datasets.py
[2025-11-27T15:04:52.841-0300] {logging_mixin.py:188} INFO - [2025-11-27T15:04:52.841-0300] {dag.py:3089} INFO - Sync 10 DAGs
[2025-11-27T15:04:52.850-0300] {logging_mixin.py:188} INFO - [2025-11-27T15:04:52.850-0300] {dag.py:3947} INFO - Setting next_dagrun for conditional_dataset_and_time_based_timetable to 2025-11-26 01:00:00+00:00, run_after=2025-11-26 01:00:00+00:00
[2025-11-27T15:04:52.852-0300] {logging_mixin.py:188} INFO - [2025-11-27T15:04:52.852-0300] {dag.py:3947} INFO - Setting next_dagrun for consume_1_and_2_with_dataset_expressions to None, run_after=None
[2025-11-27T15:04:52.852-0300] {logging_mixin.py:188} INFO - [2025-11-27T15:04:52.852-0300] {dag.py:3947} INFO - Setting next_dagrun for consume_1_or_2_with_dataset_expressions to None, run_after=None
[2025-11-27T15:04:52.853-0300] {logging_mixin.py:188} INFO - [2025-11-27T15:04:52.853-0300] {dag.py:3947} INFO - Setting next_dagrun for consume_1_or_both_2_and_3_with_dataset_expressions to None, run_after=None
[2025-11-27T15:04:52.853-0300] {logging_mixin.py:188} INFO - [2025-11-27T15:04:52.853-0300] {dag.py:3947} INFO - Setting next_dagrun for dataset_consumes_1 to None, run_after=None
[2025-11-27T15:04:52.854-0300] {logging_mixin.py:188} INFO - [2025-11-27T15:04:52.854-0300] {dag.py:3947} INFO - Setting next_dagrun for dataset_consumes_1_and_2 to None, run_after=None
[2025-11-27T15:04:52.854-0300] {logging_mixin.py:188} INFO - [2025-11-27T15:04:52.854-0300] {dag.py:3947} INFO - Setting next_dagrun for dataset_consumes_1_never_scheduled to None, run_after=None
[2025-11-27T15:04:52.855-0300] {logging_mixin.py:188} INFO - [2025-11-27T15:04:52.855-0300] {dag.py:3947} INFO - Setting next_dagrun for dataset_consumes_unknown_never_scheduled to None, run_after=None
[2025-11-27T15:04:52.856-0300] {logging_mixin.py:188} INFO - [2025-11-27T15:04:52.856-0300] {dag.py:3947} INFO - Setting next_dagrun for dataset_produces_1 to 2025-11-26 00:00:00+00:00, run_after=2025-11-27 00:00:00+00:00
[2025-11-27T15:04:52.856-0300] {logging_mixin.py:188} INFO - [2025-11-27T15:04:52.856-0300] {dag.py:3947} INFO - Setting next_dagrun for dataset_produces_2 to None, run_after=None
[2025-11-27T15:04:52.871-0300] {processor.py:183} INFO - Processing /Users/davispecia/Documents/GitHub/Pf_pipeline_dados/Projeto_final_fase3/venv/lib/python3.9/site-packages/airflow/example_dags/example_datasets.py took 0.144 seconds
[2025-11-27T15:07:00.640-0300] {processor.py:161} INFO - Started process (PID=12711) to work on /Users/davispecia/Documents/GitHub/Pf_pipeline_dados/Projeto_final_fase3/venv/lib/python3.9/site-packages/airflow/example_dags/example_datasets.py
[2025-11-27T15:07:00.642-0300] {processor.py:830} INFO - Processing file /Users/davispecia/Documents/GitHub/Pf_pipeline_dados/Projeto_final_fase3/venv/lib/python3.9/site-packages/airflow/example_dags/example_datasets.py for tasks to queue
[2025-11-27T15:07:00.642-0300] {logging_mixin.py:188} INFO - [2025-11-27T15:07:00.642-0300] {dagbag.py:545} INFO - Filling up the DagBag from /Users/davispecia/Documents/GitHub/Pf_pipeline_dados/Projeto_final_fase3/venv/lib/python3.9/site-packages/airflow/example_dags/example_datasets.py
[2025-11-27T15:07:00.673-0300] {processor.py:840} INFO - DAG(s) 'dataset_consumes_1_never_scheduled', 'consume_1_or_2_with_dataset_expressions', 'dataset_consumes_1', 'dataset_consumes_unknown_never_scheduled', 'dataset_consumes_1_and_2', 'consume_1_or_both_2_and_3_with_dataset_expressions', 'conditional_dataset_and_time_based_timetable', 'consume_1_and_2_with_dataset_expressions', 'dataset_produces_1', 'dataset_produces_2' retrieved from /Users/davispecia/Documents/GitHub/Pf_pipeline_dados/Projeto_final_fase3/venv/lib/python3.9/site-packages/airflow/example_dags/example_datasets.py
[2025-11-27T15:07:00.753-0300] {logging_mixin.py:188} INFO - [2025-11-27T15:07:00.753-0300] {dag.py:3089} INFO - Sync 10 DAGs
[2025-11-27T15:07:00.763-0300] {logging_mixin.py:188} INFO - [2025-11-27T15:07:00.763-0300] {dag.py:3947} INFO - Setting next_dagrun for conditional_dataset_and_time_based_timetable to 2025-11-26 01:00:00+00:00, run_after=2025-11-26 01:00:00+00:00
[2025-11-27T15:07:00.764-0300] {logging_mixin.py:188} INFO - [2025-11-27T15:07:00.764-0300] {dag.py:3947} INFO - Setting next_dagrun for consume_1_and_2_with_dataset_expressions to None, run_after=None
[2025-11-27T15:07:00.765-0300] {logging_mixin.py:188} INFO - [2025-11-27T15:07:00.764-0300] {dag.py:3947} INFO - Setting next_dagrun for consume_1_or_2_with_dataset_expressions to None, run_after=None
[2025-11-27T15:07:00.765-0300] {logging_mixin.py:188} INFO - [2025-11-27T15:07:00.765-0300] {dag.py:3947} INFO - Setting next_dagrun for consume_1_or_both_2_and_3_with_dataset_expressions to None, run_after=None
[2025-11-27T15:07:00.766-0300] {logging_mixin.py:188} INFO - [2025-11-27T15:07:00.766-0300] {dag.py:3947} INFO - Setting next_dagrun for dataset_consumes_1 to None, run_after=None
[2025-11-27T15:07:00.766-0300] {logging_mixin.py:188} INFO - [2025-11-27T15:07:00.766-0300] {dag.py:3947} INFO - Setting next_dagrun for dataset_consumes_1_and_2 to None, run_after=None
[2025-11-27T15:07:00.767-0300] {logging_mixin.py:188} INFO - [2025-11-27T15:07:00.767-0300] {dag.py:3947} INFO - Setting next_dagrun for dataset_consumes_1_never_scheduled to None, run_after=None
[2025-11-27T15:07:00.767-0300] {logging_mixin.py:188} INFO - [2025-11-27T15:07:00.767-0300] {dag.py:3947} INFO - Setting next_dagrun for dataset_consumes_unknown_never_scheduled to None, run_after=None
[2025-11-27T15:07:00.768-0300] {logging_mixin.py:188} INFO - [2025-11-27T15:07:00.768-0300] {dag.py:3947} INFO - Setting next_dagrun for dataset_produces_1 to 2025-11-26 00:00:00+00:00, run_after=2025-11-27 00:00:00+00:00
[2025-11-27T15:07:00.768-0300] {logging_mixin.py:188} INFO - [2025-11-27T15:07:00.768-0300] {dag.py:3947} INFO - Setting next_dagrun for dataset_produces_2 to None, run_after=None
[2025-11-27T15:07:00.782-0300] {processor.py:183} INFO - Processing /Users/davispecia/Documents/GitHub/Pf_pipeline_dados/Projeto_final_fase3/venv/lib/python3.9/site-packages/airflow/example_dags/example_datasets.py took 0.144 seconds
[2025-11-27T15:09:15.832-0300] {processor.py:161} INFO - Started process (PID=13090) to work on /Users/davispecia/Documents/GitHub/Pf_pipeline_dados/Projeto_final_fase3/venv/lib/python3.9/site-packages/airflow/example_dags/example_datasets.py
[2025-11-27T15:09:15.833-0300] {processor.py:830} INFO - Processing file /Users/davispecia/Documents/GitHub/Pf_pipeline_dados/Projeto_final_fase3/venv/lib/python3.9/site-packages/airflow/example_dags/example_datasets.py for tasks to queue
[2025-11-27T15:09:15.833-0300] {logging_mixin.py:188} INFO - [2025-11-27T15:09:15.833-0300] {dagbag.py:545} INFO - Filling up the DagBag from /Users/davispecia/Documents/GitHub/Pf_pipeline_dados/Projeto_final_fase3/venv/lib/python3.9/site-packages/airflow/example_dags/example_datasets.py
[2025-11-27T15:09:15.863-0300] {processor.py:840} INFO - DAG(s) 'consume_1_or_both_2_and_3_with_dataset_expressions', 'dataset_produces_1', 'dataset_consumes_unknown_never_scheduled', 'dataset_produces_2', 'conditional_dataset_and_time_based_timetable', 'consume_1_and_2_with_dataset_expressions', 'consume_1_or_2_with_dataset_expressions', 'dataset_consumes_1_and_2', 'dataset_consumes_1', 'dataset_consumes_1_never_scheduled' retrieved from /Users/davispecia/Documents/GitHub/Pf_pipeline_dados/Projeto_final_fase3/venv/lib/python3.9/site-packages/airflow/example_dags/example_datasets.py
[2025-11-27T15:09:15.945-0300] {logging_mixin.py:188} INFO - [2025-11-27T15:09:15.944-0300] {dag.py:3089} INFO - Sync 10 DAGs
[2025-11-27T15:09:15.954-0300] {logging_mixin.py:188} INFO - [2025-11-27T15:09:15.954-0300] {dag.py:3947} INFO - Setting next_dagrun for conditional_dataset_and_time_based_timetable to 2025-11-26 01:00:00+00:00, run_after=2025-11-26 01:00:00+00:00
[2025-11-27T15:09:15.956-0300] {logging_mixin.py:188} INFO - [2025-11-27T15:09:15.956-0300] {dag.py:3947} INFO - Setting next_dagrun for consume_1_and_2_with_dataset_expressions to None, run_after=None
[2025-11-27T15:09:15.956-0300] {logging_mixin.py:188} INFO - [2025-11-27T15:09:15.956-0300] {dag.py:3947} INFO - Setting next_dagrun for consume_1_or_2_with_dataset_expressions to None, run_after=None
[2025-11-27T15:09:15.956-0300] {logging_mixin.py:188} INFO - [2025-11-27T15:09:15.956-0300] {dag.py:3947} INFO - Setting next_dagrun for consume_1_or_both_2_and_3_with_dataset_expressions to None, run_after=None
[2025-11-27T15:09:15.957-0300] {logging_mixin.py:188} INFO - [2025-11-27T15:09:15.957-0300] {dag.py:3947} INFO - Setting next_dagrun for dataset_consumes_1 to None, run_after=None
[2025-11-27T15:09:15.958-0300] {logging_mixin.py:188} INFO - [2025-11-27T15:09:15.958-0300] {dag.py:3947} INFO - Setting next_dagrun for dataset_consumes_1_and_2 to None, run_after=None
[2025-11-27T15:09:15.958-0300] {logging_mixin.py:188} INFO - [2025-11-27T15:09:15.958-0300] {dag.py:3947} INFO - Setting next_dagrun for dataset_consumes_1_never_scheduled to None, run_after=None
[2025-11-27T15:09:15.959-0300] {logging_mixin.py:188} INFO - [2025-11-27T15:09:15.958-0300] {dag.py:3947} INFO - Setting next_dagrun for dataset_consumes_unknown_never_scheduled to None, run_after=None
[2025-11-27T15:09:15.960-0300] {logging_mixin.py:188} INFO - [2025-11-27T15:09:15.959-0300] {dag.py:3947} INFO - Setting next_dagrun for dataset_produces_1 to 2025-11-26 00:00:00+00:00, run_after=2025-11-27 00:00:00+00:00
[2025-11-27T15:09:15.960-0300] {logging_mixin.py:188} INFO - [2025-11-27T15:09:15.960-0300] {dag.py:3947} INFO - Setting next_dagrun for dataset_produces_2 to None, run_after=None
[2025-11-27T15:09:15.974-0300] {processor.py:183} INFO - Processing /Users/davispecia/Documents/GitHub/Pf_pipeline_dados/Projeto_final_fase3/venv/lib/python3.9/site-packages/airflow/example_dags/example_datasets.py took 0.143 seconds
[2025-11-27T15:11:22.141-0300] {processor.py:161} INFO - Started process (PID=13393) to work on /Users/davispecia/Documents/GitHub/Pf_pipeline_dados/Projeto_final_fase3/venv/lib/python3.9/site-packages/airflow/example_dags/example_datasets.py
[2025-11-27T15:11:22.142-0300] {processor.py:830} INFO - Processing file /Users/davispecia/Documents/GitHub/Pf_pipeline_dados/Projeto_final_fase3/venv/lib/python3.9/site-packages/airflow/example_dags/example_datasets.py for tasks to queue
[2025-11-27T15:11:22.142-0300] {logging_mixin.py:188} INFO - [2025-11-27T15:11:22.142-0300] {dagbag.py:545} INFO - Filling up the DagBag from /Users/davispecia/Documents/GitHub/Pf_pipeline_dados/Projeto_final_fase3/venv/lib/python3.9/site-packages/airflow/example_dags/example_datasets.py
[2025-11-27T15:11:22.172-0300] {processor.py:840} INFO - DAG(s) 'dataset_consumes_1', 'consume_1_and_2_with_dataset_expressions', 'dataset_consumes_1_never_scheduled', 'dataset_produces_1', 'conditional_dataset_and_time_based_timetable', 'consume_1_or_2_with_dataset_expressions', 'consume_1_or_both_2_and_3_with_dataset_expressions', 'dataset_consumes_unknown_never_scheduled', 'dataset_consumes_1_and_2', 'dataset_produces_2' retrieved from /Users/davispecia/Documents/GitHub/Pf_pipeline_dados/Projeto_final_fase3/venv/lib/python3.9/site-packages/airflow/example_dags/example_datasets.py
[2025-11-27T15:11:22.254-0300] {logging_mixin.py:188} INFO - [2025-11-27T15:11:22.254-0300] {dag.py:3089} INFO - Sync 10 DAGs
[2025-11-27T15:11:22.264-0300] {logging_mixin.py:188} INFO - [2025-11-27T15:11:22.264-0300] {dag.py:3947} INFO - Setting next_dagrun for conditional_dataset_and_time_based_timetable to 2025-11-26 01:00:00+00:00, run_after=2025-11-26 01:00:00+00:00
[2025-11-27T15:11:22.265-0300] {logging_mixin.py:188} INFO - [2025-11-27T15:11:22.265-0300] {dag.py:3947} INFO - Setting next_dagrun for consume_1_and_2_with_dataset_expressions to None, run_after=None
[2025-11-27T15:11:22.265-0300] {logging_mixin.py:188} INFO - [2025-11-27T15:11:22.265-0300] {dag.py:3947} INFO - Setting next_dagrun for consume_1_or_2_with_dataset_expressions to None, run_after=None
[2025-11-27T15:11:22.266-0300] {logging_mixin.py:188} INFO - [2025-11-27T15:11:22.266-0300] {dag.py:3947} INFO - Setting next_dagrun for consume_1_or_both_2_and_3_with_dataset_expressions to None, run_after=None
[2025-11-27T15:11:22.267-0300] {logging_mixin.py:188} INFO - [2025-11-27T15:11:22.267-0300] {dag.py:3947} INFO - Setting next_dagrun for dataset_consumes_1 to None, run_after=None
[2025-11-27T15:11:22.267-0300] {logging_mixin.py:188} INFO - [2025-11-27T15:11:22.267-0300] {dag.py:3947} INFO - Setting next_dagrun for dataset_consumes_1_and_2 to None, run_after=None
[2025-11-27T15:11:22.268-0300] {logging_mixin.py:188} INFO - [2025-11-27T15:11:22.267-0300] {dag.py:3947} INFO - Setting next_dagrun for dataset_consumes_1_never_scheduled to None, run_after=None
[2025-11-27T15:11:22.268-0300] {logging_mixin.py:188} INFO - [2025-11-27T15:11:22.268-0300] {dag.py:3947} INFO - Setting next_dagrun for dataset_consumes_unknown_never_scheduled to None, run_after=None
[2025-11-27T15:11:22.269-0300] {logging_mixin.py:188} INFO - [2025-11-27T15:11:22.269-0300] {dag.py:3947} INFO - Setting next_dagrun for dataset_produces_1 to 2025-11-26 00:00:00+00:00, run_after=2025-11-27 00:00:00+00:00
[2025-11-27T15:11:22.269-0300] {logging_mixin.py:188} INFO - [2025-11-27T15:11:22.269-0300] {dag.py:3947} INFO - Setting next_dagrun for dataset_produces_2 to None, run_after=None
[2025-11-27T15:11:22.283-0300] {processor.py:183} INFO - Processing /Users/davispecia/Documents/GitHub/Pf_pipeline_dados/Projeto_final_fase3/venv/lib/python3.9/site-packages/airflow/example_dags/example_datasets.py took 0.144 seconds
[2025-11-27T15:13:33.782-0300] {processor.py:161} INFO - Started process (PID=13855) to work on /Users/davispecia/Documents/GitHub/Pf_pipeline_dados/Projeto_final_fase3/venv/lib/python3.9/site-packages/airflow/example_dags/example_datasets.py
[2025-11-27T15:13:33.783-0300] {processor.py:830} INFO - Processing file /Users/davispecia/Documents/GitHub/Pf_pipeline_dados/Projeto_final_fase3/venv/lib/python3.9/site-packages/airflow/example_dags/example_datasets.py for tasks to queue
[2025-11-27T15:13:33.783-0300] {logging_mixin.py:188} INFO - [2025-11-27T15:13:33.783-0300] {dagbag.py:545} INFO - Filling up the DagBag from /Users/davispecia/Documents/GitHub/Pf_pipeline_dados/Projeto_final_fase3/venv/lib/python3.9/site-packages/airflow/example_dags/example_datasets.py
[2025-11-27T15:13:33.812-0300] {processor.py:840} INFO - DAG(s) 'dataset_consumes_1', 'dataset_consumes_1_and_2', 'conditional_dataset_and_time_based_timetable', 'dataset_produces_2', 'consume_1_or_2_with_dataset_expressions', 'dataset_consumes_1_never_scheduled', 'dataset_produces_1', 'consume_1_or_both_2_and_3_with_dataset_expressions', 'dataset_consumes_unknown_never_scheduled', 'consume_1_and_2_with_dataset_expressions' retrieved from /Users/davispecia/Documents/GitHub/Pf_pipeline_dados/Projeto_final_fase3/venv/lib/python3.9/site-packages/airflow/example_dags/example_datasets.py
[2025-11-27T15:13:33.895-0300] {logging_mixin.py:188} INFO - [2025-11-27T15:13:33.894-0300] {dag.py:3089} INFO - Sync 10 DAGs
[2025-11-27T15:13:33.904-0300] {logging_mixin.py:188} INFO - [2025-11-27T15:13:33.904-0300] {dag.py:3947} INFO - Setting next_dagrun for conditional_dataset_and_time_based_timetable to 2025-11-26 01:00:00+00:00, run_after=2025-11-26 01:00:00+00:00
[2025-11-27T15:13:33.906-0300] {logging_mixin.py:188} INFO - [2025-11-27T15:13:33.905-0300] {dag.py:3947} INFO - Setting next_dagrun for consume_1_and_2_with_dataset_expressions to None, run_after=None
[2025-11-27T15:13:33.906-0300] {logging_mixin.py:188} INFO - [2025-11-27T15:13:33.906-0300] {dag.py:3947} INFO - Setting next_dagrun for consume_1_or_2_with_dataset_expressions to None, run_after=None
[2025-11-27T15:13:33.906-0300] {logging_mixin.py:188} INFO - [2025-11-27T15:13:33.906-0300] {dag.py:3947} INFO - Setting next_dagrun for consume_1_or_both_2_and_3_with_dataset_expressions to None, run_after=None
[2025-11-27T15:13:33.907-0300] {logging_mixin.py:188} INFO - [2025-11-27T15:13:33.907-0300] {dag.py:3947} INFO - Setting next_dagrun for dataset_consumes_1 to None, run_after=None
[2025-11-27T15:13:33.908-0300] {logging_mixin.py:188} INFO - [2025-11-27T15:13:33.908-0300] {dag.py:3947} INFO - Setting next_dagrun for dataset_consumes_1_and_2 to None, run_after=None
[2025-11-27T15:13:33.908-0300] {logging_mixin.py:188} INFO - [2025-11-27T15:13:33.908-0300] {dag.py:3947} INFO - Setting next_dagrun for dataset_consumes_1_never_scheduled to None, run_after=None
[2025-11-27T15:13:33.908-0300] {logging_mixin.py:188} INFO - [2025-11-27T15:13:33.908-0300] {dag.py:3947} INFO - Setting next_dagrun for dataset_consumes_unknown_never_scheduled to None, run_after=None
[2025-11-27T15:13:33.909-0300] {logging_mixin.py:188} INFO - [2025-11-27T15:13:33.909-0300] {dag.py:3947} INFO - Setting next_dagrun for dataset_produces_1 to 2025-11-26 00:00:00+00:00, run_after=2025-11-27 00:00:00+00:00
[2025-11-27T15:13:33.910-0300] {logging_mixin.py:188} INFO - [2025-11-27T15:13:33.910-0300] {dag.py:3947} INFO - Setting next_dagrun for dataset_produces_2 to None, run_after=None
[2025-11-27T15:13:33.923-0300] {processor.py:183} INFO - Processing /Users/davispecia/Documents/GitHub/Pf_pipeline_dados/Projeto_final_fase3/venv/lib/python3.9/site-packages/airflow/example_dags/example_datasets.py took 0.142 seconds
[2025-11-27T15:15:30.268-0300] {processor.py:161} INFO - Started process (PID=14134) to work on /Users/davispecia/Documents/GitHub/Pf_pipeline_dados/Projeto_final_fase3/venv/lib/python3.9/site-packages/airflow/example_dags/example_datasets.py
[2025-11-27T15:15:30.269-0300] {processor.py:830} INFO - Processing file /Users/davispecia/Documents/GitHub/Pf_pipeline_dados/Projeto_final_fase3/venv/lib/python3.9/site-packages/airflow/example_dags/example_datasets.py for tasks to queue
[2025-11-27T15:15:30.270-0300] {logging_mixin.py:188} INFO - [2025-11-27T15:15:30.270-0300] {dagbag.py:545} INFO - Filling up the DagBag from /Users/davispecia/Documents/GitHub/Pf_pipeline_dados/Projeto_final_fase3/venv/lib/python3.9/site-packages/airflow/example_dags/example_datasets.py
[2025-11-27T15:15:30.300-0300] {processor.py:840} INFO - DAG(s) 'conditional_dataset_and_time_based_timetable', 'dataset_consumes_1', 'dataset_produces_2', 'dataset_produces_1', 'dataset_consumes_1_never_scheduled', 'dataset_consumes_1_and_2', 'dataset_consumes_unknown_never_scheduled', 'consume_1_or_both_2_and_3_with_dataset_expressions', 'consume_1_and_2_with_dataset_expressions', 'consume_1_or_2_with_dataset_expressions' retrieved from /Users/davispecia/Documents/GitHub/Pf_pipeline_dados/Projeto_final_fase3/venv/lib/python3.9/site-packages/airflow/example_dags/example_datasets.py
[2025-11-27T15:15:30.381-0300] {logging_mixin.py:188} INFO - [2025-11-27T15:15:30.381-0300] {dag.py:3089} INFO - Sync 10 DAGs
[2025-11-27T15:15:30.391-0300] {logging_mixin.py:188} INFO - [2025-11-27T15:15:30.391-0300] {dag.py:3947} INFO - Setting next_dagrun for conditional_dataset_and_time_based_timetable to 2025-11-26 01:00:00+00:00, run_after=2025-11-26 01:00:00+00:00
[2025-11-27T15:15:30.392-0300] {logging_mixin.py:188} INFO - [2025-11-27T15:15:30.392-0300] {dag.py:3947} INFO - Setting next_dagrun for consume_1_and_2_with_dataset_expressions to None, run_after=None
[2025-11-27T15:15:30.393-0300] {logging_mixin.py:188} INFO - [2025-11-27T15:15:30.393-0300] {dag.py:3947} INFO - Setting next_dagrun for consume_1_or_2_with_dataset_expressions to None, run_after=None
[2025-11-27T15:15:30.393-0300] {logging_mixin.py:188} INFO - [2025-11-27T15:15:30.393-0300] {dag.py:3947} INFO - Setting next_dagrun for consume_1_or_both_2_and_3_with_dataset_expressions to None, run_after=None
[2025-11-27T15:15:30.394-0300] {logging_mixin.py:188} INFO - [2025-11-27T15:15:30.394-0300] {dag.py:3947} INFO - Setting next_dagrun for dataset_consumes_1 to None, run_after=None
[2025-11-27T15:15:30.394-0300] {logging_mixin.py:188} INFO - [2025-11-27T15:15:30.394-0300] {dag.py:3947} INFO - Setting next_dagrun for dataset_consumes_1_and_2 to None, run_after=None
[2025-11-27T15:15:30.395-0300] {logging_mixin.py:188} INFO - [2025-11-27T15:15:30.395-0300] {dag.py:3947} INFO - Setting next_dagrun for dataset_consumes_1_never_scheduled to None, run_after=None
[2025-11-27T15:15:30.395-0300] {logging_mixin.py:188} INFO - [2025-11-27T15:15:30.395-0300] {dag.py:3947} INFO - Setting next_dagrun for dataset_consumes_unknown_never_scheduled to None, run_after=None
[2025-11-27T15:15:30.396-0300] {logging_mixin.py:188} INFO - [2025-11-27T15:15:30.396-0300] {dag.py:3947} INFO - Setting next_dagrun for dataset_produces_1 to 2025-11-26 00:00:00+00:00, run_after=2025-11-27 00:00:00+00:00
[2025-11-27T15:15:30.397-0300] {logging_mixin.py:188} INFO - [2025-11-27T15:15:30.396-0300] {dag.py:3947} INFO - Setting next_dagrun for dataset_produces_2 to None, run_after=None
[2025-11-27T15:15:30.412-0300] {processor.py:183} INFO - Processing /Users/davispecia/Documents/GitHub/Pf_pipeline_dados/Projeto_final_fase3/venv/lib/python3.9/site-packages/airflow/example_dags/example_datasets.py took 0.146 seconds
[2025-11-27T15:17:32.709-0300] {processor.py:161} INFO - Started process (PID=14443) to work on /Users/davispecia/Documents/GitHub/Pf_pipeline_dados/Projeto_final_fase3/venv/lib/python3.9/site-packages/airflow/example_dags/example_datasets.py
[2025-11-27T15:17:32.710-0300] {processor.py:830} INFO - Processing file /Users/davispecia/Documents/GitHub/Pf_pipeline_dados/Projeto_final_fase3/venv/lib/python3.9/site-packages/airflow/example_dags/example_datasets.py for tasks to queue
[2025-11-27T15:17:32.710-0300] {logging_mixin.py:188} INFO - [2025-11-27T15:17:32.710-0300] {dagbag.py:545} INFO - Filling up the DagBag from /Users/davispecia/Documents/GitHub/Pf_pipeline_dados/Projeto_final_fase3/venv/lib/python3.9/site-packages/airflow/example_dags/example_datasets.py
[2025-11-27T15:17:32.740-0300] {processor.py:840} INFO - DAG(s) 'consume_1_or_both_2_and_3_with_dataset_expressions', 'conditional_dataset_and_time_based_timetable', 'dataset_consumes_1_never_scheduled', 'consume_1_or_2_with_dataset_expressions', 'dataset_produces_1', 'consume_1_and_2_with_dataset_expressions', 'dataset_consumes_unknown_never_scheduled', 'dataset_consumes_1_and_2', 'dataset_consumes_1', 'dataset_produces_2' retrieved from /Users/davispecia/Documents/GitHub/Pf_pipeline_dados/Projeto_final_fase3/venv/lib/python3.9/site-packages/airflow/example_dags/example_datasets.py
[2025-11-27T15:17:32.823-0300] {logging_mixin.py:188} INFO - [2025-11-27T15:17:32.823-0300] {dag.py:3089} INFO - Sync 10 DAGs
[2025-11-27T15:17:32.833-0300] {logging_mixin.py:188} INFO - [2025-11-27T15:17:32.833-0300] {dag.py:3947} INFO - Setting next_dagrun for conditional_dataset_and_time_based_timetable to 2025-11-26 01:00:00+00:00, run_after=2025-11-26 01:00:00+00:00
[2025-11-27T15:17:32.834-0300] {logging_mixin.py:188} INFO - [2025-11-27T15:17:32.834-0300] {dag.py:3947} INFO - Setting next_dagrun for consume_1_and_2_with_dataset_expressions to None, run_after=None
[2025-11-27T15:17:32.834-0300] {logging_mixin.py:188} INFO - [2025-11-27T15:17:32.834-0300] {dag.py:3947} INFO - Setting next_dagrun for consume_1_or_2_with_dataset_expressions to None, run_after=None
[2025-11-27T15:17:32.835-0300] {logging_mixin.py:188} INFO - [2025-11-27T15:17:32.835-0300] {dag.py:3947} INFO - Setting next_dagrun for consume_1_or_both_2_and_3_with_dataset_expressions to None, run_after=None
[2025-11-27T15:17:32.836-0300] {logging_mixin.py:188} INFO - [2025-11-27T15:17:32.836-0300] {dag.py:3947} INFO - Setting next_dagrun for dataset_consumes_1 to None, run_after=None
[2025-11-27T15:17:32.836-0300] {logging_mixin.py:188} INFO - [2025-11-27T15:17:32.836-0300] {dag.py:3947} INFO - Setting next_dagrun for dataset_consumes_1_and_2 to None, run_after=None
[2025-11-27T15:17:32.836-0300] {logging_mixin.py:188} INFO - [2025-11-27T15:17:32.836-0300] {dag.py:3947} INFO - Setting next_dagrun for dataset_consumes_1_never_scheduled to None, run_after=None
[2025-11-27T15:17:32.837-0300] {logging_mixin.py:188} INFO - [2025-11-27T15:17:32.837-0300] {dag.py:3947} INFO - Setting next_dagrun for dataset_consumes_unknown_never_scheduled to None, run_after=None
[2025-11-27T15:17:32.838-0300] {logging_mixin.py:188} INFO - [2025-11-27T15:17:32.838-0300] {dag.py:3947} INFO - Setting next_dagrun for dataset_produces_1 to 2025-11-26 00:00:00+00:00, run_after=2025-11-27 00:00:00+00:00
[2025-11-27T15:17:32.838-0300] {logging_mixin.py:188} INFO - [2025-11-27T15:17:32.838-0300] {dag.py:3947} INFO - Setting next_dagrun for dataset_produces_2 to None, run_after=None
[2025-11-27T15:17:32.853-0300] {processor.py:183} INFO - Processing /Users/davispecia/Documents/GitHub/Pf_pipeline_dados/Projeto_final_fase3/venv/lib/python3.9/site-packages/airflow/example_dags/example_datasets.py took 0.146 seconds
[2025-11-27T15:19:41.709-0300] {processor.py:161} INFO - Started process (PID=14815) to work on /Users/davispecia/Documents/GitHub/Pf_pipeline_dados/Projeto_final_fase3/venv/lib/python3.9/site-packages/airflow/example_dags/example_datasets.py
[2025-11-27T15:19:41.710-0300] {processor.py:830} INFO - Processing file /Users/davispecia/Documents/GitHub/Pf_pipeline_dados/Projeto_final_fase3/venv/lib/python3.9/site-packages/airflow/example_dags/example_datasets.py for tasks to queue
[2025-11-27T15:19:41.710-0300] {logging_mixin.py:188} INFO - [2025-11-27T15:19:41.710-0300] {dagbag.py:545} INFO - Filling up the DagBag from /Users/davispecia/Documents/GitHub/Pf_pipeline_dados/Projeto_final_fase3/venv/lib/python3.9/site-packages/airflow/example_dags/example_datasets.py
[2025-11-27T15:19:41.737-0300] {processor.py:840} INFO - DAG(s) 'conditional_dataset_and_time_based_timetable', 'dataset_consumes_1_and_2', 'dataset_consumes_1_never_scheduled', 'consume_1_or_2_with_dataset_expressions', 'dataset_produces_1', 'consume_1_and_2_with_dataset_expressions', 'consume_1_or_both_2_and_3_with_dataset_expressions', 'dataset_consumes_1', 'dataset_consumes_unknown_never_scheduled', 'dataset_produces_2' retrieved from /Users/davispecia/Documents/GitHub/Pf_pipeline_dados/Projeto_final_fase3/venv/lib/python3.9/site-packages/airflow/example_dags/example_datasets.py
[2025-11-27T15:19:41.819-0300] {logging_mixin.py:188} INFO - [2025-11-27T15:19:41.818-0300] {dag.py:3089} INFO - Sync 10 DAGs
[2025-11-27T15:19:41.829-0300] {logging_mixin.py:188} INFO - [2025-11-27T15:19:41.829-0300] {dag.py:3947} INFO - Setting next_dagrun for conditional_dataset_and_time_based_timetable to 2025-11-26 01:00:00+00:00, run_after=2025-11-26 01:00:00+00:00
[2025-11-27T15:19:41.830-0300] {logging_mixin.py:188} INFO - [2025-11-27T15:19:41.830-0300] {dag.py:3947} INFO - Setting next_dagrun for consume_1_and_2_with_dataset_expressions to None, run_after=None
[2025-11-27T15:19:41.831-0300] {logging_mixin.py:188} INFO - [2025-11-27T15:19:41.831-0300] {dag.py:3947} INFO - Setting next_dagrun for consume_1_or_2_with_dataset_expressions to None, run_after=None
[2025-11-27T15:19:41.831-0300] {logging_mixin.py:188} INFO - [2025-11-27T15:19:41.831-0300] {dag.py:3947} INFO - Setting next_dagrun for consume_1_or_both_2_and_3_with_dataset_expressions to None, run_after=None
[2025-11-27T15:19:41.832-0300] {logging_mixin.py:188} INFO - [2025-11-27T15:19:41.832-0300] {dag.py:3947} INFO - Setting next_dagrun for dataset_consumes_1 to None, run_after=None
[2025-11-27T15:19:41.832-0300] {logging_mixin.py:188} INFO - [2025-11-27T15:19:41.832-0300] {dag.py:3947} INFO - Setting next_dagrun for dataset_consumes_1_and_2 to None, run_after=None
[2025-11-27T15:19:41.833-0300] {logging_mixin.py:188} INFO - [2025-11-27T15:19:41.833-0300] {dag.py:3947} INFO - Setting next_dagrun for dataset_consumes_1_never_scheduled to None, run_after=None
[2025-11-27T15:19:41.833-0300] {logging_mixin.py:188} INFO - [2025-11-27T15:19:41.833-0300] {dag.py:3947} INFO - Setting next_dagrun for dataset_consumes_unknown_never_scheduled to None, run_after=None
[2025-11-27T15:19:41.834-0300] {logging_mixin.py:188} INFO - [2025-11-27T15:19:41.834-0300] {dag.py:3947} INFO - Setting next_dagrun for dataset_produces_1 to 2025-11-26 00:00:00+00:00, run_after=2025-11-27 00:00:00+00:00
[2025-11-27T15:19:41.835-0300] {logging_mixin.py:188} INFO - [2025-11-27T15:19:41.835-0300] {dag.py:3947} INFO - Setting next_dagrun for dataset_produces_2 to None, run_after=None
[2025-11-27T15:19:41.849-0300] {processor.py:183} INFO - Processing /Users/davispecia/Documents/GitHub/Pf_pipeline_dados/Projeto_final_fase3/venv/lib/python3.9/site-packages/airflow/example_dags/example_datasets.py took 0.141 seconds
[2025-11-27T15:25:28.180-0300] {processor.py:161} INFO - Started process (PID=15255) to work on /Users/davispecia/Documents/GitHub/Pf_pipeline_dados/Projeto_final_fase3/venv/lib/python3.9/site-packages/airflow/example_dags/example_datasets.py
[2025-11-27T15:25:28.181-0300] {processor.py:830} INFO - Processing file /Users/davispecia/Documents/GitHub/Pf_pipeline_dados/Projeto_final_fase3/venv/lib/python3.9/site-packages/airflow/example_dags/example_datasets.py for tasks to queue
[2025-11-27T15:25:28.181-0300] {logging_mixin.py:188} INFO - [2025-11-27T15:25:28.181-0300] {dagbag.py:545} INFO - Filling up the DagBag from /Users/davispecia/Documents/GitHub/Pf_pipeline_dados/Projeto_final_fase3/venv/lib/python3.9/site-packages/airflow/example_dags/example_datasets.py
[2025-11-27T15:25:28.209-0300] {processor.py:840} INFO - DAG(s) 'conditional_dataset_and_time_based_timetable', 'consume_1_or_2_with_dataset_expressions', 'dataset_produces_1', 'dataset_consumes_1', 'dataset_consumes_1_and_2', 'consume_1_and_2_with_dataset_expressions', 'consume_1_or_both_2_and_3_with_dataset_expressions', 'dataset_produces_2', 'dataset_consumes_1_never_scheduled', 'dataset_consumes_unknown_never_scheduled' retrieved from /Users/davispecia/Documents/GitHub/Pf_pipeline_dados/Projeto_final_fase3/venv/lib/python3.9/site-packages/airflow/example_dags/example_datasets.py
[2025-11-27T15:25:28.299-0300] {logging_mixin.py:188} INFO - [2025-11-27T15:25:28.299-0300] {dag.py:3089} INFO - Sync 10 DAGs
[2025-11-27T15:25:28.309-0300] {logging_mixin.py:188} INFO - [2025-11-27T15:25:28.309-0300] {dag.py:3947} INFO - Setting next_dagrun for conditional_dataset_and_time_based_timetable to 2025-11-26 01:00:00+00:00, run_after=2025-11-26 01:00:00+00:00
[2025-11-27T15:25:28.310-0300] {logging_mixin.py:188} INFO - [2025-11-27T15:25:28.310-0300] {dag.py:3947} INFO - Setting next_dagrun for consume_1_and_2_with_dataset_expressions to None, run_after=None
[2025-11-27T15:25:28.311-0300] {logging_mixin.py:188} INFO - [2025-11-27T15:25:28.311-0300] {dag.py:3947} INFO - Setting next_dagrun for consume_1_or_2_with_dataset_expressions to None, run_after=None
[2025-11-27T15:25:28.311-0300] {logging_mixin.py:188} INFO - [2025-11-27T15:25:28.311-0300] {dag.py:3947} INFO - Setting next_dagrun for consume_1_or_both_2_and_3_with_dataset_expressions to None, run_after=None
[2025-11-27T15:25:28.312-0300] {logging_mixin.py:188} INFO - [2025-11-27T15:25:28.312-0300] {dag.py:3947} INFO - Setting next_dagrun for dataset_consumes_1 to None, run_after=None
[2025-11-27T15:25:28.313-0300] {logging_mixin.py:188} INFO - [2025-11-27T15:25:28.312-0300] {dag.py:3947} INFO - Setting next_dagrun for dataset_consumes_1_and_2 to None, run_after=None
[2025-11-27T15:25:28.313-0300] {logging_mixin.py:188} INFO - [2025-11-27T15:25:28.313-0300] {dag.py:3947} INFO - Setting next_dagrun for dataset_consumes_1_never_scheduled to None, run_after=None
[2025-11-27T15:25:28.313-0300] {logging_mixin.py:188} INFO - [2025-11-27T15:25:28.313-0300] {dag.py:3947} INFO - Setting next_dagrun for dataset_consumes_unknown_never_scheduled to None, run_after=None
[2025-11-27T15:25:28.314-0300] {logging_mixin.py:188} INFO - [2025-11-27T15:25:28.314-0300] {dag.py:3947} INFO - Setting next_dagrun for dataset_produces_1 to 2025-11-26 00:00:00+00:00, run_after=2025-11-27 00:00:00+00:00
[2025-11-27T15:25:28.315-0300] {logging_mixin.py:188} INFO - [2025-11-27T15:25:28.315-0300] {dag.py:3947} INFO - Setting next_dagrun for dataset_produces_2 to None, run_after=None
[2025-11-27T15:25:28.330-0300] {processor.py:183} INFO - Processing /Users/davispecia/Documents/GitHub/Pf_pipeline_dados/Projeto_final_fase3/venv/lib/python3.9/site-packages/airflow/example_dags/example_datasets.py took 0.152 seconds
