[2025-11-27T11:13:12.199-0300] {processor.py:161} INFO - Started process (PID=89023) to work on /Users/davispecia/Documents/GitHub/Pf_pipeline_dados/Projeto_final_fase3/venv/lib/python3.9/site-packages/airflow/example_dags/example_branch_datetime_operator.py
[2025-11-27T11:13:12.199-0300] {processor.py:830} INFO - Processing file /Users/davispecia/Documents/GitHub/Pf_pipeline_dados/Projeto_final_fase3/venv/lib/python3.9/site-packages/airflow/example_dags/example_branch_datetime_operator.py for tasks to queue
[2025-11-27T11:13:12.200-0300] {logging_mixin.py:188} INFO - [2025-11-27T11:13:12.200-0300] {dagbag.py:545} INFO - Filling up the DagBag from /Users/davispecia/Documents/GitHub/Pf_pipeline_dados/Projeto_final_fase3/venv/lib/python3.9/site-packages/airflow/example_dags/example_branch_datetime_operator.py
[2025-11-27T11:13:12.206-0300] {processor.py:840} INFO - DAG(s) 'example_branch_datetime_operator_3', 'example_branch_datetime_operator', 'example_branch_datetime_operator_2' retrieved from /Users/davispecia/Documents/GitHub/Pf_pipeline_dados/Projeto_final_fase3/venv/lib/python3.9/site-packages/airflow/example_dags/example_branch_datetime_operator.py
[2025-11-27T11:13:12.322-0300] {logging_mixin.py:188} INFO - [2025-11-27T11:13:12.322-0300] {override.py:1858} INFO - Created Permission View: can edit on DAG:example_branch_datetime_operator_3
[2025-11-27T11:13:12.328-0300] {logging_mixin.py:188} INFO - [2025-11-27T11:13:12.328-0300] {override.py:1858} INFO - Created Permission View: can read on DAG:example_branch_datetime_operator_3
[2025-11-27T11:13:12.331-0300] {logging_mixin.py:188} INFO - [2025-11-27T11:13:12.331-0300] {override.py:1858} INFO - Created Permission View: can delete on DAG:example_branch_datetime_operator_3
[2025-11-27T11:13:12.337-0300] {logging_mixin.py:188} INFO - [2025-11-27T11:13:12.337-0300] {override.py:1858} INFO - Created Permission View: can edit on DAG:example_branch_datetime_operator
[2025-11-27T11:13:12.339-0300] {logging_mixin.py:188} INFO - [2025-11-27T11:13:12.339-0300] {override.py:1858} INFO - Created Permission View: can read on DAG:example_branch_datetime_operator
[2025-11-27T11:13:12.342-0300] {logging_mixin.py:188} INFO - [2025-11-27T11:13:12.341-0300] {override.py:1858} INFO - Created Permission View: can delete on DAG:example_branch_datetime_operator
[2025-11-27T11:13:12.347-0300] {logging_mixin.py:188} INFO - [2025-11-27T11:13:12.347-0300] {override.py:1858} INFO - Created Permission View: can edit on DAG:example_branch_datetime_operator_2
[2025-11-27T11:13:12.351-0300] {logging_mixin.py:188} INFO - [2025-11-27T11:13:12.351-0300] {override.py:1858} INFO - Created Permission View: can read on DAG:example_branch_datetime_operator_2
[2025-11-27T11:13:12.355-0300] {logging_mixin.py:188} INFO - [2025-11-27T11:13:12.355-0300] {override.py:1858} INFO - Created Permission View: can delete on DAG:example_branch_datetime_operator_2
[2025-11-27T11:13:12.355-0300] {logging_mixin.py:188} INFO - [2025-11-27T11:13:12.355-0300] {dag.py:3089} INFO - Sync 3 DAGs
[2025-11-27T11:13:12.362-0300] {logging_mixin.py:188} INFO - [2025-11-27T11:13:12.362-0300] {dag.py:3111} INFO - Creating ORM DAG for example_branch_datetime_operator_2
[2025-11-27T11:13:12.363-0300] {logging_mixin.py:188} INFO - [2025-11-27T11:13:12.363-0300] {dag.py:3111} INFO - Creating ORM DAG for example_branch_datetime_operator
[2025-11-27T11:13:12.363-0300] {logging_mixin.py:188} INFO - [2025-11-27T11:13:12.363-0300] {dag.py:3111} INFO - Creating ORM DAG for example_branch_datetime_operator_3
[2025-11-27T11:13:12.368-0300] {logging_mixin.py:188} INFO - [2025-11-27T11:13:12.368-0300] {dag.py:3947} INFO - Setting next_dagrun for example_branch_datetime_operator to 2025-11-26 00:00:00+00:00, run_after=2025-11-27 00:00:00+00:00
[2025-11-27T11:13:12.369-0300] {logging_mixin.py:188} INFO - [2025-11-27T11:13:12.369-0300] {dag.py:3947} INFO - Setting next_dagrun for example_branch_datetime_operator_2 to 2025-11-26 00:00:00+00:00, run_after=2025-11-27 00:00:00+00:00
[2025-11-27T11:13:12.370-0300] {logging_mixin.py:188} INFO - [2025-11-27T11:13:12.370-0300] {dag.py:3947} INFO - Setting next_dagrun for example_branch_datetime_operator_3 to 2025-11-26 00:00:00+00:00, run_after=2025-11-27 00:00:00+00:00
[2025-11-27T11:13:12.381-0300] {processor.py:183} INFO - Processing /Users/davispecia/Documents/GitHub/Pf_pipeline_dados/Projeto_final_fase3/venv/lib/python3.9/site-packages/airflow/example_dags/example_branch_datetime_operator.py took 0.183 seconds
[2025-11-27T11:15:28.742-0300] {processor.py:161} INFO - Started process (PID=90249) to work on /Users/davispecia/Documents/GitHub/Pf_pipeline_dados/Projeto_final_fase3/venv/lib/python3.9/site-packages/airflow/example_dags/example_branch_datetime_operator.py
[2025-11-27T11:15:28.743-0300] {processor.py:830} INFO - Processing file /Users/davispecia/Documents/GitHub/Pf_pipeline_dados/Projeto_final_fase3/venv/lib/python3.9/site-packages/airflow/example_dags/example_branch_datetime_operator.py for tasks to queue
[2025-11-27T11:15:28.743-0300] {logging_mixin.py:188} INFO - [2025-11-27T11:15:28.743-0300] {dagbag.py:545} INFO - Filling up the DagBag from /Users/davispecia/Documents/GitHub/Pf_pipeline_dados/Projeto_final_fase3/venv/lib/python3.9/site-packages/airflow/example_dags/example_branch_datetime_operator.py
[2025-11-27T11:15:28.750-0300] {processor.py:840} INFO - DAG(s) 'example_branch_datetime_operator_2', 'example_branch_datetime_operator_3', 'example_branch_datetime_operator' retrieved from /Users/davispecia/Documents/GitHub/Pf_pipeline_dados/Projeto_final_fase3/venv/lib/python3.9/site-packages/airflow/example_dags/example_branch_datetime_operator.py
[2025-11-27T11:15:28.822-0300] {logging_mixin.py:188} INFO - [2025-11-27T11:15:28.822-0300] {dag.py:3089} INFO - Sync 3 DAGs
[2025-11-27T11:15:28.831-0300] {logging_mixin.py:188} INFO - [2025-11-27T11:15:28.831-0300] {dag.py:3947} INFO - Setting next_dagrun for example_branch_datetime_operator to 2025-11-26 00:00:00+00:00, run_after=2025-11-27 00:00:00+00:00
[2025-11-27T11:15:28.833-0300] {logging_mixin.py:188} INFO - [2025-11-27T11:15:28.833-0300] {dag.py:3947} INFO - Setting next_dagrun for example_branch_datetime_operator_2 to 2025-11-26 00:00:00+00:00, run_after=2025-11-27 00:00:00+00:00
[2025-11-27T11:15:28.834-0300] {logging_mixin.py:188} INFO - [2025-11-27T11:15:28.834-0300] {dag.py:3947} INFO - Setting next_dagrun for example_branch_datetime_operator_3 to 2025-11-26 00:00:00+00:00, run_after=2025-11-27 00:00:00+00:00
[2025-11-27T11:15:28.843-0300] {processor.py:183} INFO - Processing /Users/davispecia/Documents/GitHub/Pf_pipeline_dados/Projeto_final_fase3/venv/lib/python3.9/site-packages/airflow/example_dags/example_branch_datetime_operator.py took 0.103 seconds
[2025-11-27T11:18:54.128-0300] {processor.py:161} INFO - Started process (PID=91194) to work on /Users/davispecia/Documents/GitHub/Pf_pipeline_dados/Projeto_final_fase3/venv/lib/python3.9/site-packages/airflow/example_dags/example_branch_datetime_operator.py
[2025-11-27T11:18:54.129-0300] {processor.py:830} INFO - Processing file /Users/davispecia/Documents/GitHub/Pf_pipeline_dados/Projeto_final_fase3/venv/lib/python3.9/site-packages/airflow/example_dags/example_branch_datetime_operator.py for tasks to queue
[2025-11-27T11:18:54.129-0300] {logging_mixin.py:188} INFO - [2025-11-27T11:18:54.129-0300] {dagbag.py:545} INFO - Filling up the DagBag from /Users/davispecia/Documents/GitHub/Pf_pipeline_dados/Projeto_final_fase3/venv/lib/python3.9/site-packages/airflow/example_dags/example_branch_datetime_operator.py
[2025-11-27T11:18:54.135-0300] {processor.py:840} INFO - DAG(s) 'example_branch_datetime_operator', 'example_branch_datetime_operator_2', 'example_branch_datetime_operator_3' retrieved from /Users/davispecia/Documents/GitHub/Pf_pipeline_dados/Projeto_final_fase3/venv/lib/python3.9/site-packages/airflow/example_dags/example_branch_datetime_operator.py
[2025-11-27T11:18:54.209-0300] {logging_mixin.py:188} INFO - [2025-11-27T11:18:54.208-0300] {dag.py:3089} INFO - Sync 3 DAGs
[2025-11-27T11:18:54.217-0300] {logging_mixin.py:188} INFO - [2025-11-27T11:18:54.217-0300] {dag.py:3947} INFO - Setting next_dagrun for example_branch_datetime_operator to 2025-11-26 00:00:00+00:00, run_after=2025-11-27 00:00:00+00:00
[2025-11-27T11:18:54.219-0300] {logging_mixin.py:188} INFO - [2025-11-27T11:18:54.219-0300] {dag.py:3947} INFO - Setting next_dagrun for example_branch_datetime_operator_2 to 2025-11-26 00:00:00+00:00, run_after=2025-11-27 00:00:00+00:00
[2025-11-27T11:18:54.220-0300] {logging_mixin.py:188} INFO - [2025-11-27T11:18:54.220-0300] {dag.py:3947} INFO - Setting next_dagrun for example_branch_datetime_operator_3 to 2025-11-26 00:00:00+00:00, run_after=2025-11-27 00:00:00+00:00
[2025-11-27T11:18:54.228-0300] {processor.py:183} INFO - Processing /Users/davispecia/Documents/GitHub/Pf_pipeline_dados/Projeto_final_fase3/venv/lib/python3.9/site-packages/airflow/example_dags/example_branch_datetime_operator.py took 0.103 seconds
[2025-11-27T11:21:10.170-0300] {processor.py:161} INFO - Started process (PID=91594) to work on /Users/davispecia/Documents/GitHub/Pf_pipeline_dados/Projeto_final_fase3/venv/lib/python3.9/site-packages/airflow/example_dags/example_branch_datetime_operator.py
[2025-11-27T11:21:10.171-0300] {processor.py:830} INFO - Processing file /Users/davispecia/Documents/GitHub/Pf_pipeline_dados/Projeto_final_fase3/venv/lib/python3.9/site-packages/airflow/example_dags/example_branch_datetime_operator.py for tasks to queue
[2025-11-27T11:21:10.171-0300] {logging_mixin.py:188} INFO - [2025-11-27T11:21:10.171-0300] {dagbag.py:545} INFO - Filling up the DagBag from /Users/davispecia/Documents/GitHub/Pf_pipeline_dados/Projeto_final_fase3/venv/lib/python3.9/site-packages/airflow/example_dags/example_branch_datetime_operator.py
[2025-11-27T11:21:10.178-0300] {processor.py:840} INFO - DAG(s) 'example_branch_datetime_operator', 'example_branch_datetime_operator_2', 'example_branch_datetime_operator_3' retrieved from /Users/davispecia/Documents/GitHub/Pf_pipeline_dados/Projeto_final_fase3/venv/lib/python3.9/site-packages/airflow/example_dags/example_branch_datetime_operator.py
[2025-11-27T11:21:10.253-0300] {logging_mixin.py:188} INFO - [2025-11-27T11:21:10.253-0300] {dag.py:3089} INFO - Sync 3 DAGs
[2025-11-27T11:21:10.262-0300] {logging_mixin.py:188} INFO - [2025-11-27T11:21:10.262-0300] {dag.py:3947} INFO - Setting next_dagrun for example_branch_datetime_operator to 2025-11-26 00:00:00+00:00, run_after=2025-11-27 00:00:00+00:00
[2025-11-27T11:21:10.264-0300] {logging_mixin.py:188} INFO - [2025-11-27T11:21:10.264-0300] {dag.py:3947} INFO - Setting next_dagrun for example_branch_datetime_operator_2 to 2025-11-26 00:00:00+00:00, run_after=2025-11-27 00:00:00+00:00
[2025-11-27T11:21:10.265-0300] {logging_mixin.py:188} INFO - [2025-11-27T11:21:10.265-0300] {dag.py:3947} INFO - Setting next_dagrun for example_branch_datetime_operator_3 to 2025-11-26 00:00:00+00:00, run_after=2025-11-27 00:00:00+00:00
[2025-11-27T11:21:10.273-0300] {processor.py:183} INFO - Processing /Users/davispecia/Documents/GitHub/Pf_pipeline_dados/Projeto_final_fase3/venv/lib/python3.9/site-packages/airflow/example_dags/example_branch_datetime_operator.py took 0.106 seconds
[2025-11-27T11:23:13.024-0300] {processor.py:161} INFO - Started process (PID=91897) to work on /Users/davispecia/Documents/GitHub/Pf_pipeline_dados/Projeto_final_fase3/venv/lib/python3.9/site-packages/airflow/example_dags/example_branch_datetime_operator.py
[2025-11-27T11:23:13.024-0300] {processor.py:830} INFO - Processing file /Users/davispecia/Documents/GitHub/Pf_pipeline_dados/Projeto_final_fase3/venv/lib/python3.9/site-packages/airflow/example_dags/example_branch_datetime_operator.py for tasks to queue
[2025-11-27T11:23:13.025-0300] {logging_mixin.py:188} INFO - [2025-11-27T11:23:13.025-0300] {dagbag.py:545} INFO - Filling up the DagBag from /Users/davispecia/Documents/GitHub/Pf_pipeline_dados/Projeto_final_fase3/venv/lib/python3.9/site-packages/airflow/example_dags/example_branch_datetime_operator.py
[2025-11-27T11:23:13.031-0300] {processor.py:840} INFO - DAG(s) 'example_branch_datetime_operator_2', 'example_branch_datetime_operator_3', 'example_branch_datetime_operator' retrieved from /Users/davispecia/Documents/GitHub/Pf_pipeline_dados/Projeto_final_fase3/venv/lib/python3.9/site-packages/airflow/example_dags/example_branch_datetime_operator.py
[2025-11-27T11:23:13.106-0300] {logging_mixin.py:188} INFO - [2025-11-27T11:23:13.106-0300] {dag.py:3089} INFO - Sync 3 DAGs
[2025-11-27T11:23:13.115-0300] {logging_mixin.py:188} INFO - [2025-11-27T11:23:13.115-0300] {dag.py:3947} INFO - Setting next_dagrun for example_branch_datetime_operator to 2025-11-26 00:00:00+00:00, run_after=2025-11-27 00:00:00+00:00
[2025-11-27T11:23:13.117-0300] {logging_mixin.py:188} INFO - [2025-11-27T11:23:13.117-0300] {dag.py:3947} INFO - Setting next_dagrun for example_branch_datetime_operator_2 to 2025-11-26 00:00:00+00:00, run_after=2025-11-27 00:00:00+00:00
[2025-11-27T11:23:13.118-0300] {logging_mixin.py:188} INFO - [2025-11-27T11:23:13.118-0300] {dag.py:3947} INFO - Setting next_dagrun for example_branch_datetime_operator_3 to 2025-11-26 00:00:00+00:00, run_after=2025-11-27 00:00:00+00:00
[2025-11-27T11:23:13.126-0300] {processor.py:183} INFO - Processing /Users/davispecia/Documents/GitHub/Pf_pipeline_dados/Projeto_final_fase3/venv/lib/python3.9/site-packages/airflow/example_dags/example_branch_datetime_operator.py took 0.105 seconds
[2025-11-27T11:25:16.888-0300] {processor.py:161} INFO - Started process (PID=92201) to work on /Users/davispecia/Documents/GitHub/Pf_pipeline_dados/Projeto_final_fase3/venv/lib/python3.9/site-packages/airflow/example_dags/example_branch_datetime_operator.py
[2025-11-27T11:25:16.889-0300] {processor.py:830} INFO - Processing file /Users/davispecia/Documents/GitHub/Pf_pipeline_dados/Projeto_final_fase3/venv/lib/python3.9/site-packages/airflow/example_dags/example_branch_datetime_operator.py for tasks to queue
[2025-11-27T11:25:16.889-0300] {logging_mixin.py:188} INFO - [2025-11-27T11:25:16.889-0300] {dagbag.py:545} INFO - Filling up the DagBag from /Users/davispecia/Documents/GitHub/Pf_pipeline_dados/Projeto_final_fase3/venv/lib/python3.9/site-packages/airflow/example_dags/example_branch_datetime_operator.py
[2025-11-27T11:25:16.896-0300] {processor.py:840} INFO - DAG(s) 'example_branch_datetime_operator_3', 'example_branch_datetime_operator', 'example_branch_datetime_operator_2' retrieved from /Users/davispecia/Documents/GitHub/Pf_pipeline_dados/Projeto_final_fase3/venv/lib/python3.9/site-packages/airflow/example_dags/example_branch_datetime_operator.py
[2025-11-27T11:25:16.969-0300] {logging_mixin.py:188} INFO - [2025-11-27T11:25:16.969-0300] {dag.py:3089} INFO - Sync 3 DAGs
[2025-11-27T11:25:16.978-0300] {logging_mixin.py:188} INFO - [2025-11-27T11:25:16.978-0300] {dag.py:3947} INFO - Setting next_dagrun for example_branch_datetime_operator to 2025-11-26 00:00:00+00:00, run_after=2025-11-27 00:00:00+00:00
[2025-11-27T11:25:16.980-0300] {logging_mixin.py:188} INFO - [2025-11-27T11:25:16.980-0300] {dag.py:3947} INFO - Setting next_dagrun for example_branch_datetime_operator_2 to 2025-11-26 00:00:00+00:00, run_after=2025-11-27 00:00:00+00:00
[2025-11-27T11:25:16.981-0300] {logging_mixin.py:188} INFO - [2025-11-27T11:25:16.981-0300] {dag.py:3947} INFO - Setting next_dagrun for example_branch_datetime_operator_3 to 2025-11-26 00:00:00+00:00, run_after=2025-11-27 00:00:00+00:00
[2025-11-27T11:25:16.990-0300] {processor.py:183} INFO - Processing /Users/davispecia/Documents/GitHub/Pf_pipeline_dados/Projeto_final_fase3/venv/lib/python3.9/site-packages/airflow/example_dags/example_branch_datetime_operator.py took 0.104 seconds
[2025-11-27T11:27:29.899-0300] {processor.py:161} INFO - Started process (PID=92576) to work on /Users/davispecia/Documents/GitHub/Pf_pipeline_dados/Projeto_final_fase3/venv/lib/python3.9/site-packages/airflow/example_dags/example_branch_datetime_operator.py
[2025-11-27T11:27:29.900-0300] {processor.py:830} INFO - Processing file /Users/davispecia/Documents/GitHub/Pf_pipeline_dados/Projeto_final_fase3/venv/lib/python3.9/site-packages/airflow/example_dags/example_branch_datetime_operator.py for tasks to queue
[2025-11-27T11:27:29.900-0300] {logging_mixin.py:188} INFO - [2025-11-27T11:27:29.900-0300] {dagbag.py:545} INFO - Filling up the DagBag from /Users/davispecia/Documents/GitHub/Pf_pipeline_dados/Projeto_final_fase3/venv/lib/python3.9/site-packages/airflow/example_dags/example_branch_datetime_operator.py
[2025-11-27T11:27:29.907-0300] {processor.py:840} INFO - DAG(s) 'example_branch_datetime_operator', 'example_branch_datetime_operator_2', 'example_branch_datetime_operator_3' retrieved from /Users/davispecia/Documents/GitHub/Pf_pipeline_dados/Projeto_final_fase3/venv/lib/python3.9/site-packages/airflow/example_dags/example_branch_datetime_operator.py
[2025-11-27T11:27:29.979-0300] {logging_mixin.py:188} INFO - [2025-11-27T11:27:29.979-0300] {dag.py:3089} INFO - Sync 3 DAGs
[2025-11-27T11:27:29.988-0300] {logging_mixin.py:188} INFO - [2025-11-27T11:27:29.988-0300] {dag.py:3947} INFO - Setting next_dagrun for example_branch_datetime_operator to 2025-11-26 00:00:00+00:00, run_after=2025-11-27 00:00:00+00:00
[2025-11-27T11:27:29.990-0300] {logging_mixin.py:188} INFO - [2025-11-27T11:27:29.990-0300] {dag.py:3947} INFO - Setting next_dagrun for example_branch_datetime_operator_2 to 2025-11-26 00:00:00+00:00, run_after=2025-11-27 00:00:00+00:00
[2025-11-27T11:27:29.991-0300] {logging_mixin.py:188} INFO - [2025-11-27T11:27:29.991-0300] {dag.py:3947} INFO - Setting next_dagrun for example_branch_datetime_operator_3 to 2025-11-26 00:00:00+00:00, run_after=2025-11-27 00:00:00+00:00
[2025-11-27T11:27:29.999-0300] {processor.py:183} INFO - Processing /Users/davispecia/Documents/GitHub/Pf_pipeline_dados/Projeto_final_fase3/venv/lib/python3.9/site-packages/airflow/example_dags/example_branch_datetime_operator.py took 0.103 seconds
[2025-11-27T11:29:33.227-0300] {processor.py:161} INFO - Started process (PID=92890) to work on /Users/davispecia/Documents/GitHub/Pf_pipeline_dados/Projeto_final_fase3/venv/lib/python3.9/site-packages/airflow/example_dags/example_branch_datetime_operator.py
[2025-11-27T11:29:33.228-0300] {processor.py:830} INFO - Processing file /Users/davispecia/Documents/GitHub/Pf_pipeline_dados/Projeto_final_fase3/venv/lib/python3.9/site-packages/airflow/example_dags/example_branch_datetime_operator.py for tasks to queue
[2025-11-27T11:29:33.228-0300] {logging_mixin.py:188} INFO - [2025-11-27T11:29:33.228-0300] {dagbag.py:545} INFO - Filling up the DagBag from /Users/davispecia/Documents/GitHub/Pf_pipeline_dados/Projeto_final_fase3/venv/lib/python3.9/site-packages/airflow/example_dags/example_branch_datetime_operator.py
[2025-11-27T11:29:33.234-0300] {processor.py:840} INFO - DAG(s) 'example_branch_datetime_operator_2', 'example_branch_datetime_operator', 'example_branch_datetime_operator_3' retrieved from /Users/davispecia/Documents/GitHub/Pf_pipeline_dados/Projeto_final_fase3/venv/lib/python3.9/site-packages/airflow/example_dags/example_branch_datetime_operator.py
[2025-11-27T11:29:33.307-0300] {logging_mixin.py:188} INFO - [2025-11-27T11:29:33.307-0300] {dag.py:3089} INFO - Sync 3 DAGs
[2025-11-27T11:29:33.316-0300] {logging_mixin.py:188} INFO - [2025-11-27T11:29:33.316-0300] {dag.py:3947} INFO - Setting next_dagrun for example_branch_datetime_operator to 2025-11-26 00:00:00+00:00, run_after=2025-11-27 00:00:00+00:00
[2025-11-27T11:29:33.318-0300] {logging_mixin.py:188} INFO - [2025-11-27T11:29:33.318-0300] {dag.py:3947} INFO - Setting next_dagrun for example_branch_datetime_operator_2 to 2025-11-26 00:00:00+00:00, run_after=2025-11-27 00:00:00+00:00
[2025-11-27T11:29:33.319-0300] {logging_mixin.py:188} INFO - [2025-11-27T11:29:33.319-0300] {dag.py:3947} INFO - Setting next_dagrun for example_branch_datetime_operator_3 to 2025-11-26 00:00:00+00:00, run_after=2025-11-27 00:00:00+00:00
[2025-11-27T11:29:33.327-0300] {processor.py:183} INFO - Processing /Users/davispecia/Documents/GitHub/Pf_pipeline_dados/Projeto_final_fase3/venv/lib/python3.9/site-packages/airflow/example_dags/example_branch_datetime_operator.py took 0.103 seconds
[2025-11-27T11:31:42.958-0300] {processor.py:161} INFO - Started process (PID=93262) to work on /Users/davispecia/Documents/GitHub/Pf_pipeline_dados/Projeto_final_fase3/venv/lib/python3.9/site-packages/airflow/example_dags/example_branch_datetime_operator.py
[2025-11-27T11:31:42.959-0300] {processor.py:830} INFO - Processing file /Users/davispecia/Documents/GitHub/Pf_pipeline_dados/Projeto_final_fase3/venv/lib/python3.9/site-packages/airflow/example_dags/example_branch_datetime_operator.py for tasks to queue
[2025-11-27T11:31:42.960-0300] {logging_mixin.py:188} INFO - [2025-11-27T11:31:42.960-0300] {dagbag.py:545} INFO - Filling up the DagBag from /Users/davispecia/Documents/GitHub/Pf_pipeline_dados/Projeto_final_fase3/venv/lib/python3.9/site-packages/airflow/example_dags/example_branch_datetime_operator.py
[2025-11-27T11:31:42.966-0300] {processor.py:840} INFO - DAG(s) 'example_branch_datetime_operator', 'example_branch_datetime_operator_2', 'example_branch_datetime_operator_3' retrieved from /Users/davispecia/Documents/GitHub/Pf_pipeline_dados/Projeto_final_fase3/venv/lib/python3.9/site-packages/airflow/example_dags/example_branch_datetime_operator.py
[2025-11-27T11:31:43.039-0300] {logging_mixin.py:188} INFO - [2025-11-27T11:31:43.038-0300] {dag.py:3089} INFO - Sync 3 DAGs
[2025-11-27T11:31:43.048-0300] {logging_mixin.py:188} INFO - [2025-11-27T11:31:43.047-0300] {dag.py:3947} INFO - Setting next_dagrun for example_branch_datetime_operator to 2025-11-26 00:00:00+00:00, run_after=2025-11-27 00:00:00+00:00
[2025-11-27T11:31:43.050-0300] {logging_mixin.py:188} INFO - [2025-11-27T11:31:43.049-0300] {dag.py:3947} INFO - Setting next_dagrun for example_branch_datetime_operator_2 to 2025-11-26 00:00:00+00:00, run_after=2025-11-27 00:00:00+00:00
[2025-11-27T11:31:43.051-0300] {logging_mixin.py:188} INFO - [2025-11-27T11:31:43.051-0300] {dag.py:3947} INFO - Setting next_dagrun for example_branch_datetime_operator_3 to 2025-11-26 00:00:00+00:00, run_after=2025-11-27 00:00:00+00:00
[2025-11-27T11:31:43.059-0300] {processor.py:183} INFO - Processing /Users/davispecia/Documents/GitHub/Pf_pipeline_dados/Projeto_final_fase3/venv/lib/python3.9/site-packages/airflow/example_dags/example_branch_datetime_operator.py took 0.103 seconds
[2025-11-27T11:33:49.508-0300] {processor.py:161} INFO - Started process (PID=93563) to work on /Users/davispecia/Documents/GitHub/Pf_pipeline_dados/Projeto_final_fase3/venv/lib/python3.9/site-packages/airflow/example_dags/example_branch_datetime_operator.py
[2025-11-27T11:33:49.509-0300] {processor.py:830} INFO - Processing file /Users/davispecia/Documents/GitHub/Pf_pipeline_dados/Projeto_final_fase3/venv/lib/python3.9/site-packages/airflow/example_dags/example_branch_datetime_operator.py for tasks to queue
[2025-11-27T11:33:49.510-0300] {logging_mixin.py:188} INFO - [2025-11-27T11:33:49.509-0300] {dagbag.py:545} INFO - Filling up the DagBag from /Users/davispecia/Documents/GitHub/Pf_pipeline_dados/Projeto_final_fase3/venv/lib/python3.9/site-packages/airflow/example_dags/example_branch_datetime_operator.py
[2025-11-27T11:33:49.516-0300] {processor.py:840} INFO - DAG(s) 'example_branch_datetime_operator_2', 'example_branch_datetime_operator', 'example_branch_datetime_operator_3' retrieved from /Users/davispecia/Documents/GitHub/Pf_pipeline_dados/Projeto_final_fase3/venv/lib/python3.9/site-packages/airflow/example_dags/example_branch_datetime_operator.py
[2025-11-27T11:33:49.587-0300] {logging_mixin.py:188} INFO - [2025-11-27T11:33:49.586-0300] {dag.py:3089} INFO - Sync 3 DAGs
[2025-11-27T11:33:49.595-0300] {logging_mixin.py:188} INFO - [2025-11-27T11:33:49.595-0300] {dag.py:3947} INFO - Setting next_dagrun for example_branch_datetime_operator to 2025-11-26 00:00:00+00:00, run_after=2025-11-27 00:00:00+00:00
[2025-11-27T11:33:49.597-0300] {logging_mixin.py:188} INFO - [2025-11-27T11:33:49.597-0300] {dag.py:3947} INFO - Setting next_dagrun for example_branch_datetime_operator_2 to 2025-11-26 00:00:00+00:00, run_after=2025-11-27 00:00:00+00:00
[2025-11-27T11:33:49.598-0300] {logging_mixin.py:188} INFO - [2025-11-27T11:33:49.598-0300] {dag.py:3947} INFO - Setting next_dagrun for example_branch_datetime_operator_3 to 2025-11-26 00:00:00+00:00, run_after=2025-11-27 00:00:00+00:00
[2025-11-27T11:33:49.607-0300] {processor.py:183} INFO - Processing /Users/davispecia/Documents/GitHub/Pf_pipeline_dados/Projeto_final_fase3/venv/lib/python3.9/site-packages/airflow/example_dags/example_branch_datetime_operator.py took 0.101 seconds
[2025-11-27T11:35:57.016-0300] {processor.py:161} INFO - Started process (PID=93878) to work on /Users/davispecia/Documents/GitHub/Pf_pipeline_dados/Projeto_final_fase3/venv/lib/python3.9/site-packages/airflow/example_dags/example_branch_datetime_operator.py
[2025-11-27T11:35:57.017-0300] {processor.py:830} INFO - Processing file /Users/davispecia/Documents/GitHub/Pf_pipeline_dados/Projeto_final_fase3/venv/lib/python3.9/site-packages/airflow/example_dags/example_branch_datetime_operator.py for tasks to queue
[2025-11-27T11:35:57.017-0300] {logging_mixin.py:188} INFO - [2025-11-27T11:35:57.017-0300] {dagbag.py:545} INFO - Filling up the DagBag from /Users/davispecia/Documents/GitHub/Pf_pipeline_dados/Projeto_final_fase3/venv/lib/python3.9/site-packages/airflow/example_dags/example_branch_datetime_operator.py
[2025-11-27T11:35:57.024-0300] {processor.py:840} INFO - DAG(s) 'example_branch_datetime_operator_3', 'example_branch_datetime_operator', 'example_branch_datetime_operator_2' retrieved from /Users/davispecia/Documents/GitHub/Pf_pipeline_dados/Projeto_final_fase3/venv/lib/python3.9/site-packages/airflow/example_dags/example_branch_datetime_operator.py
[2025-11-27T11:35:57.096-0300] {logging_mixin.py:188} INFO - [2025-11-27T11:35:57.096-0300] {dag.py:3089} INFO - Sync 3 DAGs
[2025-11-27T11:35:57.105-0300] {logging_mixin.py:188} INFO - [2025-11-27T11:35:57.104-0300] {dag.py:3947} INFO - Setting next_dagrun for example_branch_datetime_operator to 2025-11-26 00:00:00+00:00, run_after=2025-11-27 00:00:00+00:00
[2025-11-27T11:35:57.106-0300] {logging_mixin.py:188} INFO - [2025-11-27T11:35:57.106-0300] {dag.py:3947} INFO - Setting next_dagrun for example_branch_datetime_operator_2 to 2025-11-26 00:00:00+00:00, run_after=2025-11-27 00:00:00+00:00
[2025-11-27T11:35:57.107-0300] {logging_mixin.py:188} INFO - [2025-11-27T11:35:57.107-0300] {dag.py:3947} INFO - Setting next_dagrun for example_branch_datetime_operator_3 to 2025-11-26 00:00:00+00:00, run_after=2025-11-27 00:00:00+00:00
[2025-11-27T11:35:57.116-0300] {processor.py:183} INFO - Processing /Users/davispecia/Documents/GitHub/Pf_pipeline_dados/Projeto_final_fase3/venv/lib/python3.9/site-packages/airflow/example_dags/example_branch_datetime_operator.py took 0.103 seconds
[2025-11-27T11:38:12.063-0300] {processor.py:161} INFO - Started process (PID=94246) to work on /Users/davispecia/Documents/GitHub/Pf_pipeline_dados/Projeto_final_fase3/venv/lib/python3.9/site-packages/airflow/example_dags/example_branch_datetime_operator.py
[2025-11-27T11:38:12.064-0300] {processor.py:830} INFO - Processing file /Users/davispecia/Documents/GitHub/Pf_pipeline_dados/Projeto_final_fase3/venv/lib/python3.9/site-packages/airflow/example_dags/example_branch_datetime_operator.py for tasks to queue
[2025-11-27T11:38:12.064-0300] {logging_mixin.py:188} INFO - [2025-11-27T11:38:12.064-0300] {dagbag.py:545} INFO - Filling up the DagBag from /Users/davispecia/Documents/GitHub/Pf_pipeline_dados/Projeto_final_fase3/venv/lib/python3.9/site-packages/airflow/example_dags/example_branch_datetime_operator.py
[2025-11-27T11:38:12.071-0300] {processor.py:840} INFO - DAG(s) 'example_branch_datetime_operator_2', 'example_branch_datetime_operator', 'example_branch_datetime_operator_3' retrieved from /Users/davispecia/Documents/GitHub/Pf_pipeline_dados/Projeto_final_fase3/venv/lib/python3.9/site-packages/airflow/example_dags/example_branch_datetime_operator.py
[2025-11-27T11:38:12.141-0300] {logging_mixin.py:188} INFO - [2025-11-27T11:38:12.141-0300] {dag.py:3089} INFO - Sync 3 DAGs
[2025-11-27T11:38:12.150-0300] {logging_mixin.py:188} INFO - [2025-11-27T11:38:12.150-0300] {dag.py:3947} INFO - Setting next_dagrun for example_branch_datetime_operator to 2025-11-26 00:00:00+00:00, run_after=2025-11-27 00:00:00+00:00
[2025-11-27T11:38:12.152-0300] {logging_mixin.py:188} INFO - [2025-11-27T11:38:12.152-0300] {dag.py:3947} INFO - Setting next_dagrun for example_branch_datetime_operator_2 to 2025-11-26 00:00:00+00:00, run_after=2025-11-27 00:00:00+00:00
[2025-11-27T11:38:12.154-0300] {logging_mixin.py:188} INFO - [2025-11-27T11:38:12.153-0300] {dag.py:3947} INFO - Setting next_dagrun for example_branch_datetime_operator_3 to 2025-11-26 00:00:00+00:00, run_after=2025-11-27 00:00:00+00:00
[2025-11-27T11:38:12.161-0300] {processor.py:183} INFO - Processing /Users/davispecia/Documents/GitHub/Pf_pipeline_dados/Projeto_final_fase3/venv/lib/python3.9/site-packages/airflow/example_dags/example_branch_datetime_operator.py took 0.100 seconds
[2025-11-27T11:40:17.503-0300] {processor.py:161} INFO - Started process (PID=94538) to work on /Users/davispecia/Documents/GitHub/Pf_pipeline_dados/Projeto_final_fase3/venv/lib/python3.9/site-packages/airflow/example_dags/example_branch_datetime_operator.py
[2025-11-27T11:40:17.504-0300] {processor.py:830} INFO - Processing file /Users/davispecia/Documents/GitHub/Pf_pipeline_dados/Projeto_final_fase3/venv/lib/python3.9/site-packages/airflow/example_dags/example_branch_datetime_operator.py for tasks to queue
[2025-11-27T11:40:17.504-0300] {logging_mixin.py:188} INFO - [2025-11-27T11:40:17.504-0300] {dagbag.py:545} INFO - Filling up the DagBag from /Users/davispecia/Documents/GitHub/Pf_pipeline_dados/Projeto_final_fase3/venv/lib/python3.9/site-packages/airflow/example_dags/example_branch_datetime_operator.py
[2025-11-27T11:40:17.510-0300] {processor.py:840} INFO - DAG(s) 'example_branch_datetime_operator_3', 'example_branch_datetime_operator_2', 'example_branch_datetime_operator' retrieved from /Users/davispecia/Documents/GitHub/Pf_pipeline_dados/Projeto_final_fase3/venv/lib/python3.9/site-packages/airflow/example_dags/example_branch_datetime_operator.py
[2025-11-27T11:40:17.582-0300] {logging_mixin.py:188} INFO - [2025-11-27T11:40:17.582-0300] {dag.py:3089} INFO - Sync 3 DAGs
[2025-11-27T11:40:17.591-0300] {logging_mixin.py:188} INFO - [2025-11-27T11:40:17.591-0300] {dag.py:3947} INFO - Setting next_dagrun for example_branch_datetime_operator to 2025-11-26 00:00:00+00:00, run_after=2025-11-27 00:00:00+00:00
[2025-11-27T11:40:17.593-0300] {logging_mixin.py:188} INFO - [2025-11-27T11:40:17.593-0300] {dag.py:3947} INFO - Setting next_dagrun for example_branch_datetime_operator_2 to 2025-11-26 00:00:00+00:00, run_after=2025-11-27 00:00:00+00:00
[2025-11-27T11:40:17.594-0300] {logging_mixin.py:188} INFO - [2025-11-27T11:40:17.594-0300] {dag.py:3947} INFO - Setting next_dagrun for example_branch_datetime_operator_3 to 2025-11-26 00:00:00+00:00, run_after=2025-11-27 00:00:00+00:00
[2025-11-27T11:40:17.603-0300] {processor.py:183} INFO - Processing /Users/davispecia/Documents/GitHub/Pf_pipeline_dados/Projeto_final_fase3/venv/lib/python3.9/site-packages/airflow/example_dags/example_branch_datetime_operator.py took 0.102 seconds
[2025-11-27T11:42:32.955-0300] {processor.py:161} INFO - Started process (PID=94929) to work on /Users/davispecia/Documents/GitHub/Pf_pipeline_dados/Projeto_final_fase3/venv/lib/python3.9/site-packages/airflow/example_dags/example_branch_datetime_operator.py
[2025-11-27T11:42:32.956-0300] {processor.py:830} INFO - Processing file /Users/davispecia/Documents/GitHub/Pf_pipeline_dados/Projeto_final_fase3/venv/lib/python3.9/site-packages/airflow/example_dags/example_branch_datetime_operator.py for tasks to queue
[2025-11-27T11:42:32.957-0300] {logging_mixin.py:188} INFO - [2025-11-27T11:42:32.956-0300] {dagbag.py:545} INFO - Filling up the DagBag from /Users/davispecia/Documents/GitHub/Pf_pipeline_dados/Projeto_final_fase3/venv/lib/python3.9/site-packages/airflow/example_dags/example_branch_datetime_operator.py
[2025-11-27T11:42:32.963-0300] {processor.py:840} INFO - DAG(s) 'example_branch_datetime_operator', 'example_branch_datetime_operator_2', 'example_branch_datetime_operator_3' retrieved from /Users/davispecia/Documents/GitHub/Pf_pipeline_dados/Projeto_final_fase3/venv/lib/python3.9/site-packages/airflow/example_dags/example_branch_datetime_operator.py
[2025-11-27T11:42:33.034-0300] {logging_mixin.py:188} INFO - [2025-11-27T11:42:33.034-0300] {dag.py:3089} INFO - Sync 3 DAGs
[2025-11-27T11:42:33.043-0300] {logging_mixin.py:188} INFO - [2025-11-27T11:42:33.043-0300] {dag.py:3947} INFO - Setting next_dagrun for example_branch_datetime_operator to 2025-11-26 00:00:00+00:00, run_after=2025-11-27 00:00:00+00:00
[2025-11-27T11:42:33.045-0300] {logging_mixin.py:188} INFO - [2025-11-27T11:42:33.044-0300] {dag.py:3947} INFO - Setting next_dagrun for example_branch_datetime_operator_2 to 2025-11-26 00:00:00+00:00, run_after=2025-11-27 00:00:00+00:00
[2025-11-27T11:42:33.046-0300] {logging_mixin.py:188} INFO - [2025-11-27T11:42:33.046-0300] {dag.py:3947} INFO - Setting next_dagrun for example_branch_datetime_operator_3 to 2025-11-26 00:00:00+00:00, run_after=2025-11-27 00:00:00+00:00
[2025-11-27T11:42:33.054-0300] {processor.py:183} INFO - Processing /Users/davispecia/Documents/GitHub/Pf_pipeline_dados/Projeto_final_fase3/venv/lib/python3.9/site-packages/airflow/example_dags/example_branch_datetime_operator.py took 0.101 seconds
[2025-11-27T11:44:40.038-0300] {processor.py:161} INFO - Started process (PID=95230) to work on /Users/davispecia/Documents/GitHub/Pf_pipeline_dados/Projeto_final_fase3/venv/lib/python3.9/site-packages/airflow/example_dags/example_branch_datetime_operator.py
[2025-11-27T11:44:40.038-0300] {processor.py:830} INFO - Processing file /Users/davispecia/Documents/GitHub/Pf_pipeline_dados/Projeto_final_fase3/venv/lib/python3.9/site-packages/airflow/example_dags/example_branch_datetime_operator.py for tasks to queue
[2025-11-27T11:44:40.039-0300] {logging_mixin.py:188} INFO - [2025-11-27T11:44:40.039-0300] {dagbag.py:545} INFO - Filling up the DagBag from /Users/davispecia/Documents/GitHub/Pf_pipeline_dados/Projeto_final_fase3/venv/lib/python3.9/site-packages/airflow/example_dags/example_branch_datetime_operator.py
[2025-11-27T11:44:40.046-0300] {processor.py:840} INFO - DAG(s) 'example_branch_datetime_operator_3', 'example_branch_datetime_operator_2', 'example_branch_datetime_operator' retrieved from /Users/davispecia/Documents/GitHub/Pf_pipeline_dados/Projeto_final_fase3/venv/lib/python3.9/site-packages/airflow/example_dags/example_branch_datetime_operator.py
[2025-11-27T11:44:40.123-0300] {logging_mixin.py:188} INFO - [2025-11-27T11:44:40.123-0300] {dag.py:3089} INFO - Sync 3 DAGs
[2025-11-27T11:44:40.132-0300] {logging_mixin.py:188} INFO - [2025-11-27T11:44:40.132-0300] {dag.py:3947} INFO - Setting next_dagrun for example_branch_datetime_operator to 2025-11-26 00:00:00+00:00, run_after=2025-11-27 00:00:00+00:00
[2025-11-27T11:44:40.134-0300] {logging_mixin.py:188} INFO - [2025-11-27T11:44:40.134-0300] {dag.py:3947} INFO - Setting next_dagrun for example_branch_datetime_operator_2 to 2025-11-26 00:00:00+00:00, run_after=2025-11-27 00:00:00+00:00
[2025-11-27T11:44:40.135-0300] {logging_mixin.py:188} INFO - [2025-11-27T11:44:40.135-0300] {dag.py:3947} INFO - Setting next_dagrun for example_branch_datetime_operator_3 to 2025-11-26 00:00:00+00:00, run_after=2025-11-27 00:00:00+00:00
[2025-11-27T11:44:40.144-0300] {processor.py:183} INFO - Processing /Users/davispecia/Documents/GitHub/Pf_pipeline_dados/Projeto_final_fase3/venv/lib/python3.9/site-packages/airflow/example_dags/example_branch_datetime_operator.py took 0.108 seconds
[2025-11-27T11:46:43.314-0300] {processor.py:161} INFO - Started process (PID=95523) to work on /Users/davispecia/Documents/GitHub/Pf_pipeline_dados/Projeto_final_fase3/venv/lib/python3.9/site-packages/airflow/example_dags/example_branch_datetime_operator.py
[2025-11-27T11:46:43.315-0300] {processor.py:830} INFO - Processing file /Users/davispecia/Documents/GitHub/Pf_pipeline_dados/Projeto_final_fase3/venv/lib/python3.9/site-packages/airflow/example_dags/example_branch_datetime_operator.py for tasks to queue
[2025-11-27T11:46:43.316-0300] {logging_mixin.py:188} INFO - [2025-11-27T11:46:43.315-0300] {dagbag.py:545} INFO - Filling up the DagBag from /Users/davispecia/Documents/GitHub/Pf_pipeline_dados/Projeto_final_fase3/venv/lib/python3.9/site-packages/airflow/example_dags/example_branch_datetime_operator.py
[2025-11-27T11:46:43.322-0300] {processor.py:840} INFO - DAG(s) 'example_branch_datetime_operator_3', 'example_branch_datetime_operator_2', 'example_branch_datetime_operator' retrieved from /Users/davispecia/Documents/GitHub/Pf_pipeline_dados/Projeto_final_fase3/venv/lib/python3.9/site-packages/airflow/example_dags/example_branch_datetime_operator.py
[2025-11-27T11:46:43.392-0300] {logging_mixin.py:188} INFO - [2025-11-27T11:46:43.392-0300] {dag.py:3089} INFO - Sync 3 DAGs
[2025-11-27T11:46:43.401-0300] {logging_mixin.py:188} INFO - [2025-11-27T11:46:43.401-0300] {dag.py:3947} INFO - Setting next_dagrun for example_branch_datetime_operator to 2025-11-26 00:00:00+00:00, run_after=2025-11-27 00:00:00+00:00
[2025-11-27T11:46:43.403-0300] {logging_mixin.py:188} INFO - [2025-11-27T11:46:43.403-0300] {dag.py:3947} INFO - Setting next_dagrun for example_branch_datetime_operator_2 to 2025-11-26 00:00:00+00:00, run_after=2025-11-27 00:00:00+00:00
[2025-11-27T11:46:43.404-0300] {logging_mixin.py:188} INFO - [2025-11-27T11:46:43.404-0300] {dag.py:3947} INFO - Setting next_dagrun for example_branch_datetime_operator_3 to 2025-11-26 00:00:00+00:00, run_after=2025-11-27 00:00:00+00:00
[2025-11-27T11:46:43.412-0300] {processor.py:183} INFO - Processing /Users/davispecia/Documents/GitHub/Pf_pipeline_dados/Projeto_final_fase3/venv/lib/python3.9/site-packages/airflow/example_dags/example_branch_datetime_operator.py took 0.100 seconds
[2025-11-27T11:48:59.596-0300] {processor.py:161} INFO - Started process (PID=95952) to work on /Users/davispecia/Documents/GitHub/Pf_pipeline_dados/Projeto_final_fase3/venv/lib/python3.9/site-packages/airflow/example_dags/example_branch_datetime_operator.py
[2025-11-27T11:48:59.597-0300] {processor.py:830} INFO - Processing file /Users/davispecia/Documents/GitHub/Pf_pipeline_dados/Projeto_final_fase3/venv/lib/python3.9/site-packages/airflow/example_dags/example_branch_datetime_operator.py for tasks to queue
[2025-11-27T11:48:59.597-0300] {logging_mixin.py:188} INFO - [2025-11-27T11:48:59.597-0300] {dagbag.py:545} INFO - Filling up the DagBag from /Users/davispecia/Documents/GitHub/Pf_pipeline_dados/Projeto_final_fase3/venv/lib/python3.9/site-packages/airflow/example_dags/example_branch_datetime_operator.py
[2025-11-27T11:48:59.604-0300] {processor.py:840} INFO - DAG(s) 'example_branch_datetime_operator_3', 'example_branch_datetime_operator_2', 'example_branch_datetime_operator' retrieved from /Users/davispecia/Documents/GitHub/Pf_pipeline_dados/Projeto_final_fase3/venv/lib/python3.9/site-packages/airflow/example_dags/example_branch_datetime_operator.py
[2025-11-27T11:48:59.675-0300] {logging_mixin.py:188} INFO - [2025-11-27T11:48:59.674-0300] {dag.py:3089} INFO - Sync 3 DAGs
[2025-11-27T11:48:59.683-0300] {logging_mixin.py:188} INFO - [2025-11-27T11:48:59.683-0300] {dag.py:3947} INFO - Setting next_dagrun for example_branch_datetime_operator to 2025-11-26 00:00:00+00:00, run_after=2025-11-27 00:00:00+00:00
[2025-11-27T11:48:59.685-0300] {logging_mixin.py:188} INFO - [2025-11-27T11:48:59.685-0300] {dag.py:3947} INFO - Setting next_dagrun for example_branch_datetime_operator_2 to 2025-11-26 00:00:00+00:00, run_after=2025-11-27 00:00:00+00:00
[2025-11-27T11:48:59.686-0300] {logging_mixin.py:188} INFO - [2025-11-27T11:48:59.686-0300] {dag.py:3947} INFO - Setting next_dagrun for example_branch_datetime_operator_3 to 2025-11-26 00:00:00+00:00, run_after=2025-11-27 00:00:00+00:00
[2025-11-27T11:48:59.695-0300] {processor.py:183} INFO - Processing /Users/davispecia/Documents/GitHub/Pf_pipeline_dados/Projeto_final_fase3/venv/lib/python3.9/site-packages/airflow/example_dags/example_branch_datetime_operator.py took 0.101 seconds
[2025-11-27T11:51:09.861-0300] {processor.py:161} INFO - Started process (PID=96273) to work on /Users/davispecia/Documents/GitHub/Pf_pipeline_dados/Projeto_final_fase3/venv/lib/python3.9/site-packages/airflow/example_dags/example_branch_datetime_operator.py
[2025-11-27T11:51:09.862-0300] {processor.py:830} INFO - Processing file /Users/davispecia/Documents/GitHub/Pf_pipeline_dados/Projeto_final_fase3/venv/lib/python3.9/site-packages/airflow/example_dags/example_branch_datetime_operator.py for tasks to queue
[2025-11-27T11:51:09.862-0300] {logging_mixin.py:188} INFO - [2025-11-27T11:51:09.862-0300] {dagbag.py:545} INFO - Filling up the DagBag from /Users/davispecia/Documents/GitHub/Pf_pipeline_dados/Projeto_final_fase3/venv/lib/python3.9/site-packages/airflow/example_dags/example_branch_datetime_operator.py
[2025-11-27T11:51:09.869-0300] {processor.py:840} INFO - DAG(s) 'example_branch_datetime_operator_2', 'example_branch_datetime_operator_3', 'example_branch_datetime_operator' retrieved from /Users/davispecia/Documents/GitHub/Pf_pipeline_dados/Projeto_final_fase3/venv/lib/python3.9/site-packages/airflow/example_dags/example_branch_datetime_operator.py
[2025-11-27T11:51:09.943-0300] {logging_mixin.py:188} INFO - [2025-11-27T11:51:09.943-0300] {dag.py:3089} INFO - Sync 3 DAGs
[2025-11-27T11:51:09.954-0300] {logging_mixin.py:188} INFO - [2025-11-27T11:51:09.953-0300] {dag.py:3947} INFO - Setting next_dagrun for example_branch_datetime_operator to 2025-11-26 00:00:00+00:00, run_after=2025-11-27 00:00:00+00:00
[2025-11-27T11:51:09.956-0300] {logging_mixin.py:188} INFO - [2025-11-27T11:51:09.956-0300] {dag.py:3947} INFO - Setting next_dagrun for example_branch_datetime_operator_2 to 2025-11-26 00:00:00+00:00, run_after=2025-11-27 00:00:00+00:00
[2025-11-27T11:51:09.957-0300] {logging_mixin.py:188} INFO - [2025-11-27T11:51:09.957-0300] {dag.py:3947} INFO - Setting next_dagrun for example_branch_datetime_operator_3 to 2025-11-26 00:00:00+00:00, run_after=2025-11-27 00:00:00+00:00
[2025-11-27T11:51:09.965-0300] {processor.py:183} INFO - Processing /Users/davispecia/Documents/GitHub/Pf_pipeline_dados/Projeto_final_fase3/venv/lib/python3.9/site-packages/airflow/example_dags/example_branch_datetime_operator.py took 0.108 seconds
[2025-11-27T11:53:11.868-0300] {processor.py:161} INFO - Started process (PID=96667) to work on /Users/davispecia/Documents/GitHub/Pf_pipeline_dados/Projeto_final_fase3/venv/lib/python3.9/site-packages/airflow/example_dags/example_branch_datetime_operator.py
[2025-11-27T11:53:11.869-0300] {processor.py:830} INFO - Processing file /Users/davispecia/Documents/GitHub/Pf_pipeline_dados/Projeto_final_fase3/venv/lib/python3.9/site-packages/airflow/example_dags/example_branch_datetime_operator.py for tasks to queue
[2025-11-27T11:53:11.869-0300] {logging_mixin.py:188} INFO - [2025-11-27T11:53:11.869-0300] {dagbag.py:545} INFO - Filling up the DagBag from /Users/davispecia/Documents/GitHub/Pf_pipeline_dados/Projeto_final_fase3/venv/lib/python3.9/site-packages/airflow/example_dags/example_branch_datetime_operator.py
[2025-11-27T11:53:11.876-0300] {processor.py:840} INFO - DAG(s) 'example_branch_datetime_operator', 'example_branch_datetime_operator_3', 'example_branch_datetime_operator_2' retrieved from /Users/davispecia/Documents/GitHub/Pf_pipeline_dados/Projeto_final_fase3/venv/lib/python3.9/site-packages/airflow/example_dags/example_branch_datetime_operator.py
[2025-11-27T11:53:11.947-0300] {logging_mixin.py:188} INFO - [2025-11-27T11:53:11.947-0300] {dag.py:3089} INFO - Sync 3 DAGs
[2025-11-27T11:53:11.956-0300] {logging_mixin.py:188} INFO - [2025-11-27T11:53:11.956-0300] {dag.py:3947} INFO - Setting next_dagrun for example_branch_datetime_operator to 2025-11-26 00:00:00+00:00, run_after=2025-11-27 00:00:00+00:00
[2025-11-27T11:53:11.958-0300] {logging_mixin.py:188} INFO - [2025-11-27T11:53:11.958-0300] {dag.py:3947} INFO - Setting next_dagrun for example_branch_datetime_operator_2 to 2025-11-26 00:00:00+00:00, run_after=2025-11-27 00:00:00+00:00
[2025-11-27T11:53:11.959-0300] {logging_mixin.py:188} INFO - [2025-11-27T11:53:11.959-0300] {dag.py:3947} INFO - Setting next_dagrun for example_branch_datetime_operator_3 to 2025-11-26 00:00:00+00:00, run_after=2025-11-27 00:00:00+00:00
[2025-11-27T11:53:11.968-0300] {processor.py:183} INFO - Processing /Users/davispecia/Documents/GitHub/Pf_pipeline_dados/Projeto_final_fase3/venv/lib/python3.9/site-packages/airflow/example_dags/example_branch_datetime_operator.py took 0.102 seconds
[2025-11-27T11:55:20.148-0300] {processor.py:161} INFO - Started process (PID=97030) to work on /Users/davispecia/Documents/GitHub/Pf_pipeline_dados/Projeto_final_fase3/venv/lib/python3.9/site-packages/airflow/example_dags/example_branch_datetime_operator.py
[2025-11-27T11:55:20.148-0300] {processor.py:830} INFO - Processing file /Users/davispecia/Documents/GitHub/Pf_pipeline_dados/Projeto_final_fase3/venv/lib/python3.9/site-packages/airflow/example_dags/example_branch_datetime_operator.py for tasks to queue
[2025-11-27T11:55:20.149-0300] {logging_mixin.py:188} INFO - [2025-11-27T11:55:20.149-0300] {dagbag.py:545} INFO - Filling up the DagBag from /Users/davispecia/Documents/GitHub/Pf_pipeline_dados/Projeto_final_fase3/venv/lib/python3.9/site-packages/airflow/example_dags/example_branch_datetime_operator.py
[2025-11-27T11:55:20.155-0300] {processor.py:840} INFO - DAG(s) 'example_branch_datetime_operator_3', 'example_branch_datetime_operator_2', 'example_branch_datetime_operator' retrieved from /Users/davispecia/Documents/GitHub/Pf_pipeline_dados/Projeto_final_fase3/venv/lib/python3.9/site-packages/airflow/example_dags/example_branch_datetime_operator.py
[2025-11-27T11:55:20.228-0300] {logging_mixin.py:188} INFO - [2025-11-27T11:55:20.228-0300] {dag.py:3089} INFO - Sync 3 DAGs
[2025-11-27T11:55:20.237-0300] {logging_mixin.py:188} INFO - [2025-11-27T11:55:20.237-0300] {dag.py:3947} INFO - Setting next_dagrun for example_branch_datetime_operator to 2025-11-26 00:00:00+00:00, run_after=2025-11-27 00:00:00+00:00
[2025-11-27T11:55:20.239-0300] {logging_mixin.py:188} INFO - [2025-11-27T11:55:20.239-0300] {dag.py:3947} INFO - Setting next_dagrun for example_branch_datetime_operator_2 to 2025-11-26 00:00:00+00:00, run_after=2025-11-27 00:00:00+00:00
[2025-11-27T11:55:20.240-0300] {logging_mixin.py:188} INFO - [2025-11-27T11:55:20.240-0300] {dag.py:3947} INFO - Setting next_dagrun for example_branch_datetime_operator_3 to 2025-11-26 00:00:00+00:00, run_after=2025-11-27 00:00:00+00:00
[2025-11-27T11:55:20.249-0300] {processor.py:183} INFO - Processing /Users/davispecia/Documents/GitHub/Pf_pipeline_dados/Projeto_final_fase3/venv/lib/python3.9/site-packages/airflow/example_dags/example_branch_datetime_operator.py took 0.103 seconds
[2025-11-27T11:57:25.627-0300] {processor.py:161} INFO - Started process (PID=97334) to work on /Users/davispecia/Documents/GitHub/Pf_pipeline_dados/Projeto_final_fase3/venv/lib/python3.9/site-packages/airflow/example_dags/example_branch_datetime_operator.py
[2025-11-27T11:57:25.628-0300] {processor.py:830} INFO - Processing file /Users/davispecia/Documents/GitHub/Pf_pipeline_dados/Projeto_final_fase3/venv/lib/python3.9/site-packages/airflow/example_dags/example_branch_datetime_operator.py for tasks to queue
[2025-11-27T11:57:25.628-0300] {logging_mixin.py:188} INFO - [2025-11-27T11:57:25.628-0300] {dagbag.py:545} INFO - Filling up the DagBag from /Users/davispecia/Documents/GitHub/Pf_pipeline_dados/Projeto_final_fase3/venv/lib/python3.9/site-packages/airflow/example_dags/example_branch_datetime_operator.py
[2025-11-27T11:57:25.634-0300] {processor.py:840} INFO - DAG(s) 'example_branch_datetime_operator', 'example_branch_datetime_operator_3', 'example_branch_datetime_operator_2' retrieved from /Users/davispecia/Documents/GitHub/Pf_pipeline_dados/Projeto_final_fase3/venv/lib/python3.9/site-packages/airflow/example_dags/example_branch_datetime_operator.py
[2025-11-27T11:57:25.706-0300] {logging_mixin.py:188} INFO - [2025-11-27T11:57:25.706-0300] {dag.py:3089} INFO - Sync 3 DAGs
[2025-11-27T11:57:25.715-0300] {logging_mixin.py:188} INFO - [2025-11-27T11:57:25.715-0300] {dag.py:3947} INFO - Setting next_dagrun for example_branch_datetime_operator to 2025-11-26 00:00:00+00:00, run_after=2025-11-27 00:00:00+00:00
[2025-11-27T11:57:25.717-0300] {logging_mixin.py:188} INFO - [2025-11-27T11:57:25.717-0300] {dag.py:3947} INFO - Setting next_dagrun for example_branch_datetime_operator_2 to 2025-11-26 00:00:00+00:00, run_after=2025-11-27 00:00:00+00:00
[2025-11-27T11:57:25.718-0300] {logging_mixin.py:188} INFO - [2025-11-27T11:57:25.718-0300] {dag.py:3947} INFO - Setting next_dagrun for example_branch_datetime_operator_3 to 2025-11-26 00:00:00+00:00, run_after=2025-11-27 00:00:00+00:00
[2025-11-27T11:57:25.726-0300] {processor.py:183} INFO - Processing /Users/davispecia/Documents/GitHub/Pf_pipeline_dados/Projeto_final_fase3/venv/lib/python3.9/site-packages/airflow/example_dags/example_branch_datetime_operator.py took 0.101 seconds
[2025-11-27T11:59:44.168-0300] {processor.py:161} INFO - Started process (PID=97732) to work on /Users/davispecia/Documents/GitHub/Pf_pipeline_dados/Projeto_final_fase3/venv/lib/python3.9/site-packages/airflow/example_dags/example_branch_datetime_operator.py
[2025-11-27T11:59:44.169-0300] {processor.py:830} INFO - Processing file /Users/davispecia/Documents/GitHub/Pf_pipeline_dados/Projeto_final_fase3/venv/lib/python3.9/site-packages/airflow/example_dags/example_branch_datetime_operator.py for tasks to queue
[2025-11-27T11:59:44.169-0300] {logging_mixin.py:188} INFO - [2025-11-27T11:59:44.169-0300] {dagbag.py:545} INFO - Filling up the DagBag from /Users/davispecia/Documents/GitHub/Pf_pipeline_dados/Projeto_final_fase3/venv/lib/python3.9/site-packages/airflow/example_dags/example_branch_datetime_operator.py
[2025-11-27T11:59:44.176-0300] {processor.py:840} INFO - DAG(s) 'example_branch_datetime_operator_2', 'example_branch_datetime_operator', 'example_branch_datetime_operator_3' retrieved from /Users/davispecia/Documents/GitHub/Pf_pipeline_dados/Projeto_final_fase3/venv/lib/python3.9/site-packages/airflow/example_dags/example_branch_datetime_operator.py
[2025-11-27T11:59:44.247-0300] {logging_mixin.py:188} INFO - [2025-11-27T11:59:44.247-0300] {dag.py:3089} INFO - Sync 3 DAGs
[2025-11-27T11:59:44.256-0300] {logging_mixin.py:188} INFO - [2025-11-27T11:59:44.256-0300] {dag.py:3947} INFO - Setting next_dagrun for example_branch_datetime_operator to 2025-11-26 00:00:00+00:00, run_after=2025-11-27 00:00:00+00:00
[2025-11-27T11:59:44.258-0300] {logging_mixin.py:188} INFO - [2025-11-27T11:59:44.258-0300] {dag.py:3947} INFO - Setting next_dagrun for example_branch_datetime_operator_2 to 2025-11-26 00:00:00+00:00, run_after=2025-11-27 00:00:00+00:00
[2025-11-27T11:59:44.259-0300] {logging_mixin.py:188} INFO - [2025-11-27T11:59:44.259-0300] {dag.py:3947} INFO - Setting next_dagrun for example_branch_datetime_operator_3 to 2025-11-26 00:00:00+00:00, run_after=2025-11-27 00:00:00+00:00
[2025-11-27T11:59:44.267-0300] {processor.py:183} INFO - Processing /Users/davispecia/Documents/GitHub/Pf_pipeline_dados/Projeto_final_fase3/venv/lib/python3.9/site-packages/airflow/example_dags/example_branch_datetime_operator.py took 0.101 seconds
[2025-11-27T12:01:53.499-0300] {processor.py:161} INFO - Started process (PID=98046) to work on /Users/davispecia/Documents/GitHub/Pf_pipeline_dados/Projeto_final_fase3/venv/lib/python3.9/site-packages/airflow/example_dags/example_branch_datetime_operator.py
[2025-11-27T12:01:53.500-0300] {processor.py:830} INFO - Processing file /Users/davispecia/Documents/GitHub/Pf_pipeline_dados/Projeto_final_fase3/venv/lib/python3.9/site-packages/airflow/example_dags/example_branch_datetime_operator.py for tasks to queue
[2025-11-27T12:01:53.500-0300] {logging_mixin.py:188} INFO - [2025-11-27T12:01:53.500-0300] {dagbag.py:545} INFO - Filling up the DagBag from /Users/davispecia/Documents/GitHub/Pf_pipeline_dados/Projeto_final_fase3/venv/lib/python3.9/site-packages/airflow/example_dags/example_branch_datetime_operator.py
[2025-11-27T12:01:53.507-0300] {processor.py:840} INFO - DAG(s) 'example_branch_datetime_operator_3', 'example_branch_datetime_operator', 'example_branch_datetime_operator_2' retrieved from /Users/davispecia/Documents/GitHub/Pf_pipeline_dados/Projeto_final_fase3/venv/lib/python3.9/site-packages/airflow/example_dags/example_branch_datetime_operator.py
[2025-11-27T12:01:53.580-0300] {logging_mixin.py:188} INFO - [2025-11-27T12:01:53.580-0300] {dag.py:3089} INFO - Sync 3 DAGs
[2025-11-27T12:01:53.589-0300] {logging_mixin.py:188} INFO - [2025-11-27T12:01:53.589-0300] {dag.py:3947} INFO - Setting next_dagrun for example_branch_datetime_operator to 2025-11-26 00:00:00+00:00, run_after=2025-11-27 00:00:00+00:00
[2025-11-27T12:01:53.591-0300] {logging_mixin.py:188} INFO - [2025-11-27T12:01:53.591-0300] {dag.py:3947} INFO - Setting next_dagrun for example_branch_datetime_operator_2 to 2025-11-26 00:00:00+00:00, run_after=2025-11-27 00:00:00+00:00
[2025-11-27T12:01:53.592-0300] {logging_mixin.py:188} INFO - [2025-11-27T12:01:53.592-0300] {dag.py:3947} INFO - Setting next_dagrun for example_branch_datetime_operator_3 to 2025-11-26 00:00:00+00:00, run_after=2025-11-27 00:00:00+00:00
[2025-11-27T12:01:53.599-0300] {processor.py:183} INFO - Processing /Users/davispecia/Documents/GitHub/Pf_pipeline_dados/Projeto_final_fase3/venv/lib/python3.9/site-packages/airflow/example_dags/example_branch_datetime_operator.py took 0.102 seconds
[2025-11-27T12:03:54.063-0300] {processor.py:161} INFO - Started process (PID=98334) to work on /Users/davispecia/Documents/GitHub/Pf_pipeline_dados/Projeto_final_fase3/venv/lib/python3.9/site-packages/airflow/example_dags/example_branch_datetime_operator.py
[2025-11-27T12:03:54.064-0300] {processor.py:830} INFO - Processing file /Users/davispecia/Documents/GitHub/Pf_pipeline_dados/Projeto_final_fase3/venv/lib/python3.9/site-packages/airflow/example_dags/example_branch_datetime_operator.py for tasks to queue
[2025-11-27T12:03:54.064-0300] {logging_mixin.py:188} INFO - [2025-11-27T12:03:54.064-0300] {dagbag.py:545} INFO - Filling up the DagBag from /Users/davispecia/Documents/GitHub/Pf_pipeline_dados/Projeto_final_fase3/venv/lib/python3.9/site-packages/airflow/example_dags/example_branch_datetime_operator.py
[2025-11-27T12:03:54.071-0300] {processor.py:840} INFO - DAG(s) 'example_branch_datetime_operator', 'example_branch_datetime_operator_3', 'example_branch_datetime_operator_2' retrieved from /Users/davispecia/Documents/GitHub/Pf_pipeline_dados/Projeto_final_fase3/venv/lib/python3.9/site-packages/airflow/example_dags/example_branch_datetime_operator.py
[2025-11-27T12:03:54.142-0300] {logging_mixin.py:188} INFO - [2025-11-27T12:03:54.141-0300] {dag.py:3089} INFO - Sync 3 DAGs
[2025-11-27T12:03:54.150-0300] {logging_mixin.py:188} INFO - [2025-11-27T12:03:54.150-0300] {dag.py:3947} INFO - Setting next_dagrun for example_branch_datetime_operator to 2025-11-26 00:00:00+00:00, run_after=2025-11-27 00:00:00+00:00
[2025-11-27T12:03:54.152-0300] {logging_mixin.py:188} INFO - [2025-11-27T12:03:54.152-0300] {dag.py:3947} INFO - Setting next_dagrun for example_branch_datetime_operator_2 to 2025-11-26 00:00:00+00:00, run_after=2025-11-27 00:00:00+00:00
[2025-11-27T12:03:54.153-0300] {logging_mixin.py:188} INFO - [2025-11-27T12:03:54.153-0300] {dag.py:3947} INFO - Setting next_dagrun for example_branch_datetime_operator_3 to 2025-11-26 00:00:00+00:00, run_after=2025-11-27 00:00:00+00:00
[2025-11-27T12:03:54.163-0300] {processor.py:183} INFO - Processing /Users/davispecia/Documents/GitHub/Pf_pipeline_dados/Projeto_final_fase3/venv/lib/python3.9/site-packages/airflow/example_dags/example_branch_datetime_operator.py took 0.103 seconds
[2025-11-27T12:06:15.343-0300] {processor.py:161} INFO - Started process (PID=98782) to work on /Users/davispecia/Documents/GitHub/Pf_pipeline_dados/Projeto_final_fase3/venv/lib/python3.9/site-packages/airflow/example_dags/example_branch_datetime_operator.py
[2025-11-27T12:06:15.345-0300] {processor.py:830} INFO - Processing file /Users/davispecia/Documents/GitHub/Pf_pipeline_dados/Projeto_final_fase3/venv/lib/python3.9/site-packages/airflow/example_dags/example_branch_datetime_operator.py for tasks to queue
[2025-11-27T12:06:15.345-0300] {logging_mixin.py:188} INFO - [2025-11-27T12:06:15.345-0300] {dagbag.py:545} INFO - Filling up the DagBag from /Users/davispecia/Documents/GitHub/Pf_pipeline_dados/Projeto_final_fase3/venv/lib/python3.9/site-packages/airflow/example_dags/example_branch_datetime_operator.py
[2025-11-27T12:06:15.351-0300] {processor.py:840} INFO - DAG(s) 'example_branch_datetime_operator_2', 'example_branch_datetime_operator_3', 'example_branch_datetime_operator' retrieved from /Users/davispecia/Documents/GitHub/Pf_pipeline_dados/Projeto_final_fase3/venv/lib/python3.9/site-packages/airflow/example_dags/example_branch_datetime_operator.py
[2025-11-27T12:06:15.422-0300] {logging_mixin.py:188} INFO - [2025-11-27T12:06:15.422-0300] {dag.py:3089} INFO - Sync 3 DAGs
[2025-11-27T12:06:15.431-0300] {logging_mixin.py:188} INFO - [2025-11-27T12:06:15.431-0300] {dag.py:3947} INFO - Setting next_dagrun for example_branch_datetime_operator to 2025-11-26 00:00:00+00:00, run_after=2025-11-27 00:00:00+00:00
[2025-11-27T12:06:15.433-0300] {logging_mixin.py:188} INFO - [2025-11-27T12:06:15.433-0300] {dag.py:3947} INFO - Setting next_dagrun for example_branch_datetime_operator_2 to 2025-11-26 00:00:00+00:00, run_after=2025-11-27 00:00:00+00:00
[2025-11-27T12:06:15.434-0300] {logging_mixin.py:188} INFO - [2025-11-27T12:06:15.434-0300] {dag.py:3947} INFO - Setting next_dagrun for example_branch_datetime_operator_3 to 2025-11-26 00:00:00+00:00, run_after=2025-11-27 00:00:00+00:00
[2025-11-27T12:06:15.442-0300] {processor.py:183} INFO - Processing /Users/davispecia/Documents/GitHub/Pf_pipeline_dados/Projeto_final_fase3/venv/lib/python3.9/site-packages/airflow/example_dags/example_branch_datetime_operator.py took 0.101 seconds
[2025-11-27T12:08:24.596-0300] {processor.py:161} INFO - Started process (PID=99088) to work on /Users/davispecia/Documents/GitHub/Pf_pipeline_dados/Projeto_final_fase3/venv/lib/python3.9/site-packages/airflow/example_dags/example_branch_datetime_operator.py
[2025-11-27T12:08:24.596-0300] {processor.py:830} INFO - Processing file /Users/davispecia/Documents/GitHub/Pf_pipeline_dados/Projeto_final_fase3/venv/lib/python3.9/site-packages/airflow/example_dags/example_branch_datetime_operator.py for tasks to queue
[2025-11-27T12:08:24.597-0300] {logging_mixin.py:188} INFO - [2025-11-27T12:08:24.597-0300] {dagbag.py:545} INFO - Filling up the DagBag from /Users/davispecia/Documents/GitHub/Pf_pipeline_dados/Projeto_final_fase3/venv/lib/python3.9/site-packages/airflow/example_dags/example_branch_datetime_operator.py
[2025-11-27T12:08:24.603-0300] {processor.py:840} INFO - DAG(s) 'example_branch_datetime_operator_2', 'example_branch_datetime_operator', 'example_branch_datetime_operator_3' retrieved from /Users/davispecia/Documents/GitHub/Pf_pipeline_dados/Projeto_final_fase3/venv/lib/python3.9/site-packages/airflow/example_dags/example_branch_datetime_operator.py
[2025-11-27T12:08:24.675-0300] {logging_mixin.py:188} INFO - [2025-11-27T12:08:24.675-0300] {dag.py:3089} INFO - Sync 3 DAGs
[2025-11-27T12:08:24.684-0300] {logging_mixin.py:188} INFO - [2025-11-27T12:08:24.684-0300] {dag.py:3947} INFO - Setting next_dagrun for example_branch_datetime_operator to 2025-11-26 00:00:00+00:00, run_after=2025-11-27 00:00:00+00:00
[2025-11-27T12:08:24.686-0300] {logging_mixin.py:188} INFO - [2025-11-27T12:08:24.686-0300] {dag.py:3947} INFO - Setting next_dagrun for example_branch_datetime_operator_2 to 2025-11-26 00:00:00+00:00, run_after=2025-11-27 00:00:00+00:00
[2025-11-27T12:08:24.687-0300] {logging_mixin.py:188} INFO - [2025-11-27T12:08:24.687-0300] {dag.py:3947} INFO - Setting next_dagrun for example_branch_datetime_operator_3 to 2025-11-26 00:00:00+00:00, run_after=2025-11-27 00:00:00+00:00
[2025-11-27T12:08:24.695-0300] {processor.py:183} INFO - Processing /Users/davispecia/Documents/GitHub/Pf_pipeline_dados/Projeto_final_fase3/venv/lib/python3.9/site-packages/airflow/example_dags/example_branch_datetime_operator.py took 0.102 seconds
[2025-11-27T12:10:30.254-0300] {processor.py:161} INFO - Started process (PID=99402) to work on /Users/davispecia/Documents/GitHub/Pf_pipeline_dados/Projeto_final_fase3/venv/lib/python3.9/site-packages/airflow/example_dags/example_branch_datetime_operator.py
[2025-11-27T12:10:30.255-0300] {processor.py:830} INFO - Processing file /Users/davispecia/Documents/GitHub/Pf_pipeline_dados/Projeto_final_fase3/venv/lib/python3.9/site-packages/airflow/example_dags/example_branch_datetime_operator.py for tasks to queue
[2025-11-27T12:10:30.255-0300] {logging_mixin.py:188} INFO - [2025-11-27T12:10:30.255-0300] {dagbag.py:545} INFO - Filling up the DagBag from /Users/davispecia/Documents/GitHub/Pf_pipeline_dados/Projeto_final_fase3/venv/lib/python3.9/site-packages/airflow/example_dags/example_branch_datetime_operator.py
[2025-11-27T12:10:30.262-0300] {processor.py:840} INFO - DAG(s) 'example_branch_datetime_operator_3', 'example_branch_datetime_operator', 'example_branch_datetime_operator_2' retrieved from /Users/davispecia/Documents/GitHub/Pf_pipeline_dados/Projeto_final_fase3/venv/lib/python3.9/site-packages/airflow/example_dags/example_branch_datetime_operator.py
[2025-11-27T12:10:30.335-0300] {logging_mixin.py:188} INFO - [2025-11-27T12:10:30.335-0300] {dag.py:3089} INFO - Sync 3 DAGs
[2025-11-27T12:10:30.344-0300] {logging_mixin.py:188} INFO - [2025-11-27T12:10:30.344-0300] {dag.py:3947} INFO - Setting next_dagrun for example_branch_datetime_operator to 2025-11-26 00:00:00+00:00, run_after=2025-11-27 00:00:00+00:00
[2025-11-27T12:10:30.346-0300] {logging_mixin.py:188} INFO - [2025-11-27T12:10:30.346-0300] {dag.py:3947} INFO - Setting next_dagrun for example_branch_datetime_operator_2 to 2025-11-26 00:00:00+00:00, run_after=2025-11-27 00:00:00+00:00
[2025-11-27T12:10:30.347-0300] {logging_mixin.py:188} INFO - [2025-11-27T12:10:30.347-0300] {dag.py:3947} INFO - Setting next_dagrun for example_branch_datetime_operator_3 to 2025-11-26 00:00:00+00:00, run_after=2025-11-27 00:00:00+00:00
[2025-11-27T12:10:30.356-0300] {processor.py:183} INFO - Processing /Users/davispecia/Documents/GitHub/Pf_pipeline_dados/Projeto_final_fase3/venv/lib/python3.9/site-packages/airflow/example_dags/example_branch_datetime_operator.py took 0.104 seconds
[2025-11-27T12:12:46.631-0300] {processor.py:161} INFO - Started process (PID=99775) to work on /Users/davispecia/Documents/GitHub/Pf_pipeline_dados/Projeto_final_fase3/venv/lib/python3.9/site-packages/airflow/example_dags/example_branch_datetime_operator.py
[2025-11-27T12:12:46.631-0300] {processor.py:830} INFO - Processing file /Users/davispecia/Documents/GitHub/Pf_pipeline_dados/Projeto_final_fase3/venv/lib/python3.9/site-packages/airflow/example_dags/example_branch_datetime_operator.py for tasks to queue
[2025-11-27T12:12:46.632-0300] {logging_mixin.py:188} INFO - [2025-11-27T12:12:46.632-0300] {dagbag.py:545} INFO - Filling up the DagBag from /Users/davispecia/Documents/GitHub/Pf_pipeline_dados/Projeto_final_fase3/venv/lib/python3.9/site-packages/airflow/example_dags/example_branch_datetime_operator.py
[2025-11-27T12:12:46.638-0300] {processor.py:840} INFO - DAG(s) 'example_branch_datetime_operator_2', 'example_branch_datetime_operator_3', 'example_branch_datetime_operator' retrieved from /Users/davispecia/Documents/GitHub/Pf_pipeline_dados/Projeto_final_fase3/venv/lib/python3.9/site-packages/airflow/example_dags/example_branch_datetime_operator.py
[2025-11-27T12:12:46.710-0300] {logging_mixin.py:188} INFO - [2025-11-27T12:12:46.710-0300] {dag.py:3089} INFO - Sync 3 DAGs
[2025-11-27T12:12:46.719-0300] {logging_mixin.py:188} INFO - [2025-11-27T12:12:46.719-0300] {dag.py:3947} INFO - Setting next_dagrun for example_branch_datetime_operator to 2025-11-26 00:00:00+00:00, run_after=2025-11-27 00:00:00+00:00
[2025-11-27T12:12:46.721-0300] {logging_mixin.py:188} INFO - [2025-11-27T12:12:46.721-0300] {dag.py:3947} INFO - Setting next_dagrun for example_branch_datetime_operator_2 to 2025-11-26 00:00:00+00:00, run_after=2025-11-27 00:00:00+00:00
[2025-11-27T12:12:46.722-0300] {logging_mixin.py:188} INFO - [2025-11-27T12:12:46.722-0300] {dag.py:3947} INFO - Setting next_dagrun for example_branch_datetime_operator_3 to 2025-11-26 00:00:00+00:00, run_after=2025-11-27 00:00:00+00:00
[2025-11-27T12:12:46.731-0300] {processor.py:183} INFO - Processing /Users/davispecia/Documents/GitHub/Pf_pipeline_dados/Projeto_final_fase3/venv/lib/python3.9/site-packages/airflow/example_dags/example_branch_datetime_operator.py took 0.102 seconds
[2025-11-27T12:14:50.818-0300] {processor.py:161} INFO - Started process (PID=214) to work on /Users/davispecia/Documents/GitHub/Pf_pipeline_dados/Projeto_final_fase3/venv/lib/python3.9/site-packages/airflow/example_dags/example_branch_datetime_operator.py
[2025-11-27T12:14:50.819-0300] {processor.py:830} INFO - Processing file /Users/davispecia/Documents/GitHub/Pf_pipeline_dados/Projeto_final_fase3/venv/lib/python3.9/site-packages/airflow/example_dags/example_branch_datetime_operator.py for tasks to queue
[2025-11-27T12:14:50.819-0300] {logging_mixin.py:188} INFO - [2025-11-27T12:14:50.819-0300] {dagbag.py:545} INFO - Filling up the DagBag from /Users/davispecia/Documents/GitHub/Pf_pipeline_dados/Projeto_final_fase3/venv/lib/python3.9/site-packages/airflow/example_dags/example_branch_datetime_operator.py
[2025-11-27T12:14:50.826-0300] {processor.py:840} INFO - DAG(s) 'example_branch_datetime_operator_3', 'example_branch_datetime_operator', 'example_branch_datetime_operator_2' retrieved from /Users/davispecia/Documents/GitHub/Pf_pipeline_dados/Projeto_final_fase3/venv/lib/python3.9/site-packages/airflow/example_dags/example_branch_datetime_operator.py
[2025-11-27T12:14:50.897-0300] {logging_mixin.py:188} INFO - [2025-11-27T12:14:50.897-0300] {dag.py:3089} INFO - Sync 3 DAGs
[2025-11-27T12:14:50.906-0300] {logging_mixin.py:188} INFO - [2025-11-27T12:14:50.906-0300] {dag.py:3947} INFO - Setting next_dagrun for example_branch_datetime_operator to 2025-11-26 00:00:00+00:00, run_after=2025-11-27 00:00:00+00:00
[2025-11-27T12:14:50.908-0300] {logging_mixin.py:188} INFO - [2025-11-27T12:14:50.908-0300] {dag.py:3947} INFO - Setting next_dagrun for example_branch_datetime_operator_2 to 2025-11-26 00:00:00+00:00, run_after=2025-11-27 00:00:00+00:00
[2025-11-27T12:14:50.909-0300] {logging_mixin.py:188} INFO - [2025-11-27T12:14:50.909-0300] {dag.py:3947} INFO - Setting next_dagrun for example_branch_datetime_operator_3 to 2025-11-26 00:00:00+00:00, run_after=2025-11-27 00:00:00+00:00
[2025-11-27T12:14:50.918-0300] {processor.py:183} INFO - Processing /Users/davispecia/Documents/GitHub/Pf_pipeline_dados/Projeto_final_fase3/venv/lib/python3.9/site-packages/airflow/example_dags/example_branch_datetime_operator.py took 0.102 seconds
[2025-11-27T12:17:00.646-0300] {processor.py:161} INFO - Started process (PID=681) to work on /Users/davispecia/Documents/GitHub/Pf_pipeline_dados/Projeto_final_fase3/venv/lib/python3.9/site-packages/airflow/example_dags/example_branch_datetime_operator.py
[2025-11-27T12:17:00.647-0300] {processor.py:830} INFO - Processing file /Users/davispecia/Documents/GitHub/Pf_pipeline_dados/Projeto_final_fase3/venv/lib/python3.9/site-packages/airflow/example_dags/example_branch_datetime_operator.py for tasks to queue
[2025-11-27T12:17:00.647-0300] {logging_mixin.py:188} INFO - [2025-11-27T12:17:00.647-0300] {dagbag.py:545} INFO - Filling up the DagBag from /Users/davispecia/Documents/GitHub/Pf_pipeline_dados/Projeto_final_fase3/venv/lib/python3.9/site-packages/airflow/example_dags/example_branch_datetime_operator.py
[2025-11-27T12:17:00.653-0300] {processor.py:840} INFO - DAG(s) 'example_branch_datetime_operator_3', 'example_branch_datetime_operator', 'example_branch_datetime_operator_2' retrieved from /Users/davispecia/Documents/GitHub/Pf_pipeline_dados/Projeto_final_fase3/venv/lib/python3.9/site-packages/airflow/example_dags/example_branch_datetime_operator.py
[2025-11-27T12:17:00.813-0300] {logging_mixin.py:188} INFO - [2025-11-27T12:17:00.813-0300] {dag.py:3089} INFO - Sync 3 DAGs
[2025-11-27T12:17:00.822-0300] {logging_mixin.py:188} INFO - [2025-11-27T12:17:00.822-0300] {dag.py:3947} INFO - Setting next_dagrun for example_branch_datetime_operator to 2025-11-26 00:00:00+00:00, run_after=2025-11-27 00:00:00+00:00
[2025-11-27T12:17:00.824-0300] {logging_mixin.py:188} INFO - [2025-11-27T12:17:00.824-0300] {dag.py:3947} INFO - Setting next_dagrun for example_branch_datetime_operator_2 to 2025-11-26 00:00:00+00:00, run_after=2025-11-27 00:00:00+00:00
[2025-11-27T12:17:00.825-0300] {logging_mixin.py:188} INFO - [2025-11-27T12:17:00.825-0300] {dag.py:3947} INFO - Setting next_dagrun for example_branch_datetime_operator_3 to 2025-11-26 00:00:00+00:00, run_after=2025-11-27 00:00:00+00:00
[2025-11-27T12:17:00.832-0300] {processor.py:183} INFO - Processing /Users/davispecia/Documents/GitHub/Pf_pipeline_dados/Projeto_final_fase3/venv/lib/python3.9/site-packages/airflow/example_dags/example_branch_datetime_operator.py took 0.189 seconds
[2025-11-27T12:19:03.367-0300] {processor.py:161} INFO - Started process (PID=1020) to work on /Users/davispecia/Documents/GitHub/Pf_pipeline_dados/Projeto_final_fase3/venv/lib/python3.9/site-packages/airflow/example_dags/example_branch_datetime_operator.py
[2025-11-27T12:19:03.368-0300] {processor.py:830} INFO - Processing file /Users/davispecia/Documents/GitHub/Pf_pipeline_dados/Projeto_final_fase3/venv/lib/python3.9/site-packages/airflow/example_dags/example_branch_datetime_operator.py for tasks to queue
[2025-11-27T12:19:03.368-0300] {logging_mixin.py:188} INFO - [2025-11-27T12:19:03.368-0300] {dagbag.py:545} INFO - Filling up the DagBag from /Users/davispecia/Documents/GitHub/Pf_pipeline_dados/Projeto_final_fase3/venv/lib/python3.9/site-packages/airflow/example_dags/example_branch_datetime_operator.py
[2025-11-27T12:19:03.374-0300] {processor.py:840} INFO - DAG(s) 'example_branch_datetime_operator_2', 'example_branch_datetime_operator', 'example_branch_datetime_operator_3' retrieved from /Users/davispecia/Documents/GitHub/Pf_pipeline_dados/Projeto_final_fase3/venv/lib/python3.9/site-packages/airflow/example_dags/example_branch_datetime_operator.py
[2025-11-27T12:19:03.447-0300] {logging_mixin.py:188} INFO - [2025-11-27T12:19:03.447-0300] {dag.py:3089} INFO - Sync 3 DAGs
[2025-11-27T12:19:03.456-0300] {logging_mixin.py:188} INFO - [2025-11-27T12:19:03.456-0300] {dag.py:3947} INFO - Setting next_dagrun for example_branch_datetime_operator to 2025-11-26 00:00:00+00:00, run_after=2025-11-27 00:00:00+00:00
[2025-11-27T12:19:03.458-0300] {logging_mixin.py:188} INFO - [2025-11-27T12:19:03.458-0300] {dag.py:3947} INFO - Setting next_dagrun for example_branch_datetime_operator_2 to 2025-11-26 00:00:00+00:00, run_after=2025-11-27 00:00:00+00:00
[2025-11-27T12:19:03.459-0300] {logging_mixin.py:188} INFO - [2025-11-27T12:19:03.459-0300] {dag.py:3947} INFO - Setting next_dagrun for example_branch_datetime_operator_3 to 2025-11-26 00:00:00+00:00, run_after=2025-11-27 00:00:00+00:00
[2025-11-27T12:19:03.468-0300] {processor.py:183} INFO - Processing /Users/davispecia/Documents/GitHub/Pf_pipeline_dados/Projeto_final_fase3/venv/lib/python3.9/site-packages/airflow/example_dags/example_branch_datetime_operator.py took 0.103 seconds
[2025-11-27T12:21:07.248-0300] {processor.py:161} INFO - Started process (PID=1345) to work on /Users/davispecia/Documents/GitHub/Pf_pipeline_dados/Projeto_final_fase3/venv/lib/python3.9/site-packages/airflow/example_dags/example_branch_datetime_operator.py
[2025-11-27T12:21:07.249-0300] {processor.py:830} INFO - Processing file /Users/davispecia/Documents/GitHub/Pf_pipeline_dados/Projeto_final_fase3/venv/lib/python3.9/site-packages/airflow/example_dags/example_branch_datetime_operator.py for tasks to queue
[2025-11-27T12:21:07.249-0300] {logging_mixin.py:188} INFO - [2025-11-27T12:21:07.249-0300] {dagbag.py:545} INFO - Filling up the DagBag from /Users/davispecia/Documents/GitHub/Pf_pipeline_dados/Projeto_final_fase3/venv/lib/python3.9/site-packages/airflow/example_dags/example_branch_datetime_operator.py
[2025-11-27T12:21:07.255-0300] {processor.py:840} INFO - DAG(s) 'example_branch_datetime_operator_3', 'example_branch_datetime_operator', 'example_branch_datetime_operator_2' retrieved from /Users/davispecia/Documents/GitHub/Pf_pipeline_dados/Projeto_final_fase3/venv/lib/python3.9/site-packages/airflow/example_dags/example_branch_datetime_operator.py
[2025-11-27T12:21:07.327-0300] {logging_mixin.py:188} INFO - [2025-11-27T12:21:07.327-0300] {dag.py:3089} INFO - Sync 3 DAGs
[2025-11-27T12:21:07.336-0300] {logging_mixin.py:188} INFO - [2025-11-27T12:21:07.336-0300] {dag.py:3947} INFO - Setting next_dagrun for example_branch_datetime_operator to 2025-11-26 00:00:00+00:00, run_after=2025-11-27 00:00:00+00:00
[2025-11-27T12:21:07.338-0300] {logging_mixin.py:188} INFO - [2025-11-27T12:21:07.338-0300] {dag.py:3947} INFO - Setting next_dagrun for example_branch_datetime_operator_2 to 2025-11-26 00:00:00+00:00, run_after=2025-11-27 00:00:00+00:00
[2025-11-27T12:21:07.339-0300] {logging_mixin.py:188} INFO - [2025-11-27T12:21:07.339-0300] {dag.py:3947} INFO - Setting next_dagrun for example_branch_datetime_operator_3 to 2025-11-26 00:00:00+00:00, run_after=2025-11-27 00:00:00+00:00
[2025-11-27T12:21:07.347-0300] {processor.py:183} INFO - Processing /Users/davispecia/Documents/GitHub/Pf_pipeline_dados/Projeto_final_fase3/venv/lib/python3.9/site-packages/airflow/example_dags/example_branch_datetime_operator.py took 0.101 seconds
[2025-11-27T12:23:17.575-0300] {processor.py:161} INFO - Started process (PID=1726) to work on /Users/davispecia/Documents/GitHub/Pf_pipeline_dados/Projeto_final_fase3/venv/lib/python3.9/site-packages/airflow/example_dags/example_branch_datetime_operator.py
[2025-11-27T12:23:17.576-0300] {processor.py:830} INFO - Processing file /Users/davispecia/Documents/GitHub/Pf_pipeline_dados/Projeto_final_fase3/venv/lib/python3.9/site-packages/airflow/example_dags/example_branch_datetime_operator.py for tasks to queue
[2025-11-27T12:23:17.576-0300] {logging_mixin.py:188} INFO - [2025-11-27T12:23:17.576-0300] {dagbag.py:545} INFO - Filling up the DagBag from /Users/davispecia/Documents/GitHub/Pf_pipeline_dados/Projeto_final_fase3/venv/lib/python3.9/site-packages/airflow/example_dags/example_branch_datetime_operator.py
[2025-11-27T12:23:17.583-0300] {processor.py:840} INFO - DAG(s) 'example_branch_datetime_operator_2', 'example_branch_datetime_operator_3', 'example_branch_datetime_operator' retrieved from /Users/davispecia/Documents/GitHub/Pf_pipeline_dados/Projeto_final_fase3/venv/lib/python3.9/site-packages/airflow/example_dags/example_branch_datetime_operator.py
[2025-11-27T12:23:17.654-0300] {logging_mixin.py:188} INFO - [2025-11-27T12:23:17.654-0300] {dag.py:3089} INFO - Sync 3 DAGs
[2025-11-27T12:23:17.663-0300] {logging_mixin.py:188} INFO - [2025-11-27T12:23:17.663-0300] {dag.py:3947} INFO - Setting next_dagrun for example_branch_datetime_operator to 2025-11-26 00:00:00+00:00, run_after=2025-11-27 00:00:00+00:00
[2025-11-27T12:23:17.665-0300] {logging_mixin.py:188} INFO - [2025-11-27T12:23:17.665-0300] {dag.py:3947} INFO - Setting next_dagrun for example_branch_datetime_operator_2 to 2025-11-26 00:00:00+00:00, run_after=2025-11-27 00:00:00+00:00
[2025-11-27T12:23:17.666-0300] {logging_mixin.py:188} INFO - [2025-11-27T12:23:17.666-0300] {dag.py:3947} INFO - Setting next_dagrun for example_branch_datetime_operator_3 to 2025-11-26 00:00:00+00:00, run_after=2025-11-27 00:00:00+00:00
[2025-11-27T12:23:17.674-0300] {processor.py:183} INFO - Processing /Users/davispecia/Documents/GitHub/Pf_pipeline_dados/Projeto_final_fase3/venv/lib/python3.9/site-packages/airflow/example_dags/example_branch_datetime_operator.py took 0.102 seconds
[2025-11-27T12:25:20.616-0300] {processor.py:161} INFO - Started process (PID=2043) to work on /Users/davispecia/Documents/GitHub/Pf_pipeline_dados/Projeto_final_fase3/venv/lib/python3.9/site-packages/airflow/example_dags/example_branch_datetime_operator.py
[2025-11-27T12:25:20.617-0300] {processor.py:830} INFO - Processing file /Users/davispecia/Documents/GitHub/Pf_pipeline_dados/Projeto_final_fase3/venv/lib/python3.9/site-packages/airflow/example_dags/example_branch_datetime_operator.py for tasks to queue
[2025-11-27T12:25:20.617-0300] {logging_mixin.py:188} INFO - [2025-11-27T12:25:20.617-0300] {dagbag.py:545} INFO - Filling up the DagBag from /Users/davispecia/Documents/GitHub/Pf_pipeline_dados/Projeto_final_fase3/venv/lib/python3.9/site-packages/airflow/example_dags/example_branch_datetime_operator.py
[2025-11-27T12:25:20.623-0300] {processor.py:840} INFO - DAG(s) 'example_branch_datetime_operator', 'example_branch_datetime_operator_2', 'example_branch_datetime_operator_3' retrieved from /Users/davispecia/Documents/GitHub/Pf_pipeline_dados/Projeto_final_fase3/venv/lib/python3.9/site-packages/airflow/example_dags/example_branch_datetime_operator.py
[2025-11-27T12:25:20.698-0300] {logging_mixin.py:188} INFO - [2025-11-27T12:25:20.698-0300] {dag.py:3089} INFO - Sync 3 DAGs
[2025-11-27T12:25:20.707-0300] {logging_mixin.py:188} INFO - [2025-11-27T12:25:20.707-0300] {dag.py:3947} INFO - Setting next_dagrun for example_branch_datetime_operator to 2025-11-26 00:00:00+00:00, run_after=2025-11-27 00:00:00+00:00
[2025-11-27T12:25:20.709-0300] {logging_mixin.py:188} INFO - [2025-11-27T12:25:20.709-0300] {dag.py:3947} INFO - Setting next_dagrun for example_branch_datetime_operator_2 to 2025-11-26 00:00:00+00:00, run_after=2025-11-27 00:00:00+00:00
[2025-11-27T12:25:20.710-0300] {logging_mixin.py:188} INFO - [2025-11-27T12:25:20.710-0300] {dag.py:3947} INFO - Setting next_dagrun for example_branch_datetime_operator_3 to 2025-11-26 00:00:00+00:00, run_after=2025-11-27 00:00:00+00:00
[2025-11-27T12:25:20.718-0300] {processor.py:183} INFO - Processing /Users/davispecia/Documents/GitHub/Pf_pipeline_dados/Projeto_final_fase3/venv/lib/python3.9/site-packages/airflow/example_dags/example_branch_datetime_operator.py took 0.104 seconds
[2025-11-27T12:27:33.793-0300] {processor.py:161} INFO - Started process (PID=2420) to work on /Users/davispecia/Documents/GitHub/Pf_pipeline_dados/Projeto_final_fase3/venv/lib/python3.9/site-packages/airflow/example_dags/example_branch_datetime_operator.py
[2025-11-27T12:27:33.794-0300] {processor.py:830} INFO - Processing file /Users/davispecia/Documents/GitHub/Pf_pipeline_dados/Projeto_final_fase3/venv/lib/python3.9/site-packages/airflow/example_dags/example_branch_datetime_operator.py for tasks to queue
[2025-11-27T12:27:33.794-0300] {logging_mixin.py:188} INFO - [2025-11-27T12:27:33.794-0300] {dagbag.py:545} INFO - Filling up the DagBag from /Users/davispecia/Documents/GitHub/Pf_pipeline_dados/Projeto_final_fase3/venv/lib/python3.9/site-packages/airflow/example_dags/example_branch_datetime_operator.py
[2025-11-27T12:27:33.801-0300] {processor.py:840} INFO - DAG(s) 'example_branch_datetime_operator', 'example_branch_datetime_operator_2', 'example_branch_datetime_operator_3' retrieved from /Users/davispecia/Documents/GitHub/Pf_pipeline_dados/Projeto_final_fase3/venv/lib/python3.9/site-packages/airflow/example_dags/example_branch_datetime_operator.py
[2025-11-27T12:27:33.871-0300] {logging_mixin.py:188} INFO - [2025-11-27T12:27:33.871-0300] {dag.py:3089} INFO - Sync 3 DAGs
[2025-11-27T12:27:33.880-0300] {logging_mixin.py:188} INFO - [2025-11-27T12:27:33.880-0300] {dag.py:3947} INFO - Setting next_dagrun for example_branch_datetime_operator to 2025-11-26 00:00:00+00:00, run_after=2025-11-27 00:00:00+00:00
[2025-11-27T12:27:33.882-0300] {logging_mixin.py:188} INFO - [2025-11-27T12:27:33.882-0300] {dag.py:3947} INFO - Setting next_dagrun for example_branch_datetime_operator_2 to 2025-11-26 00:00:00+00:00, run_after=2025-11-27 00:00:00+00:00
[2025-11-27T12:27:33.883-0300] {logging_mixin.py:188} INFO - [2025-11-27T12:27:33.883-0300] {dag.py:3947} INFO - Setting next_dagrun for example_branch_datetime_operator_3 to 2025-11-26 00:00:00+00:00, run_after=2025-11-27 00:00:00+00:00
[2025-11-27T12:27:33.891-0300] {processor.py:183} INFO - Processing /Users/davispecia/Documents/GitHub/Pf_pipeline_dados/Projeto_final_fase3/venv/lib/python3.9/site-packages/airflow/example_dags/example_branch_datetime_operator.py took 0.100 seconds
[2025-11-27T14:07:01.337-0300] {processor.py:161} INFO - Started process (PID=3006) to work on /Users/davispecia/Documents/GitHub/Pf_pipeline_dados/Projeto_final_fase3/venv/lib/python3.9/site-packages/airflow/example_dags/example_branch_datetime_operator.py
[2025-11-27T14:07:01.338-0300] {processor.py:830} INFO - Processing file /Users/davispecia/Documents/GitHub/Pf_pipeline_dados/Projeto_final_fase3/venv/lib/python3.9/site-packages/airflow/example_dags/example_branch_datetime_operator.py for tasks to queue
[2025-11-27T14:07:01.338-0300] {logging_mixin.py:188} INFO - [2025-11-27T14:07:01.338-0300] {dagbag.py:545} INFO - Filling up the DagBag from /Users/davispecia/Documents/GitHub/Pf_pipeline_dados/Projeto_final_fase3/venv/lib/python3.9/site-packages/airflow/example_dags/example_branch_datetime_operator.py
[2025-11-27T14:07:01.345-0300] {processor.py:840} INFO - DAG(s) 'example_branch_datetime_operator_2', 'example_branch_datetime_operator', 'example_branch_datetime_operator_3' retrieved from /Users/davispecia/Documents/GitHub/Pf_pipeline_dados/Projeto_final_fase3/venv/lib/python3.9/site-packages/airflow/example_dags/example_branch_datetime_operator.py
[2025-11-27T14:07:01.415-0300] {logging_mixin.py:188} INFO - [2025-11-27T14:07:01.415-0300] {dag.py:3089} INFO - Sync 3 DAGs
[2025-11-27T14:07:01.424-0300] {logging_mixin.py:188} INFO - [2025-11-27T14:07:01.424-0300] {dag.py:3947} INFO - Setting next_dagrun for example_branch_datetime_operator to 2025-11-26 00:00:00+00:00, run_after=2025-11-27 00:00:00+00:00
[2025-11-27T14:07:01.426-0300] {logging_mixin.py:188} INFO - [2025-11-27T14:07:01.426-0300] {dag.py:3947} INFO - Setting next_dagrun for example_branch_datetime_operator_2 to 2025-11-26 00:00:00+00:00, run_after=2025-11-27 00:00:00+00:00
[2025-11-27T14:07:01.427-0300] {logging_mixin.py:188} INFO - [2025-11-27T14:07:01.427-0300] {dag.py:3947} INFO - Setting next_dagrun for example_branch_datetime_operator_3 to 2025-11-26 00:00:00+00:00, run_after=2025-11-27 00:00:00+00:00
[2025-11-27T14:07:01.435-0300] {processor.py:183} INFO - Processing /Users/davispecia/Documents/GitHub/Pf_pipeline_dados/Projeto_final_fase3/venv/lib/python3.9/site-packages/airflow/example_dags/example_branch_datetime_operator.py took 0.100 seconds
[2025-11-27T14:10:16.636-0300] {processor.py:161} INFO - Started process (PID=3628) to work on /Users/davispecia/Documents/GitHub/Pf_pipeline_dados/Projeto_final_fase3/venv/lib/python3.9/site-packages/airflow/example_dags/example_branch_datetime_operator.py
[2025-11-27T14:10:16.637-0300] {processor.py:830} INFO - Processing file /Users/davispecia/Documents/GitHub/Pf_pipeline_dados/Projeto_final_fase3/venv/lib/python3.9/site-packages/airflow/example_dags/example_branch_datetime_operator.py for tasks to queue
[2025-11-27T14:10:16.638-0300] {logging_mixin.py:188} INFO - [2025-11-27T14:10:16.638-0300] {dagbag.py:545} INFO - Filling up the DagBag from /Users/davispecia/Documents/GitHub/Pf_pipeline_dados/Projeto_final_fase3/venv/lib/python3.9/site-packages/airflow/example_dags/example_branch_datetime_operator.py
[2025-11-27T14:10:16.644-0300] {processor.py:840} INFO - DAG(s) 'example_branch_datetime_operator', 'example_branch_datetime_operator_2', 'example_branch_datetime_operator_3' retrieved from /Users/davispecia/Documents/GitHub/Pf_pipeline_dados/Projeto_final_fase3/venv/lib/python3.9/site-packages/airflow/example_dags/example_branch_datetime_operator.py
[2025-11-27T14:10:16.719-0300] {logging_mixin.py:188} INFO - [2025-11-27T14:10:16.719-0300] {dag.py:3089} INFO - Sync 3 DAGs
[2025-11-27T14:10:16.728-0300] {logging_mixin.py:188} INFO - [2025-11-27T14:10:16.728-0300] {dag.py:3947} INFO - Setting next_dagrun for example_branch_datetime_operator to 2025-11-26 00:00:00+00:00, run_after=2025-11-27 00:00:00+00:00
[2025-11-27T14:10:16.730-0300] {logging_mixin.py:188} INFO - [2025-11-27T14:10:16.730-0300] {dag.py:3947} INFO - Setting next_dagrun for example_branch_datetime_operator_2 to 2025-11-26 00:00:00+00:00, run_after=2025-11-27 00:00:00+00:00
[2025-11-27T14:10:16.731-0300] {logging_mixin.py:188} INFO - [2025-11-27T14:10:16.731-0300] {dag.py:3947} INFO - Setting next_dagrun for example_branch_datetime_operator_3 to 2025-11-26 00:00:00+00:00, run_after=2025-11-27 00:00:00+00:00
[2025-11-27T14:10:16.740-0300] {processor.py:183} INFO - Processing /Users/davispecia/Documents/GitHub/Pf_pipeline_dados/Projeto_final_fase3/venv/lib/python3.9/site-packages/airflow/example_dags/example_branch_datetime_operator.py took 0.106 seconds
[2025-11-27T14:12:17.909-0300] {processor.py:161} INFO - Started process (PID=3908) to work on /Users/davispecia/Documents/GitHub/Pf_pipeline_dados/Projeto_final_fase3/venv/lib/python3.9/site-packages/airflow/example_dags/example_branch_datetime_operator.py
[2025-11-27T14:12:17.910-0300] {processor.py:830} INFO - Processing file /Users/davispecia/Documents/GitHub/Pf_pipeline_dados/Projeto_final_fase3/venv/lib/python3.9/site-packages/airflow/example_dags/example_branch_datetime_operator.py for tasks to queue
[2025-11-27T14:12:17.910-0300] {logging_mixin.py:188} INFO - [2025-11-27T14:12:17.910-0300] {dagbag.py:545} INFO - Filling up the DagBag from /Users/davispecia/Documents/GitHub/Pf_pipeline_dados/Projeto_final_fase3/venv/lib/python3.9/site-packages/airflow/example_dags/example_branch_datetime_operator.py
[2025-11-27T14:12:17.917-0300] {processor.py:840} INFO - DAG(s) 'example_branch_datetime_operator_2', 'example_branch_datetime_operator_3', 'example_branch_datetime_operator' retrieved from /Users/davispecia/Documents/GitHub/Pf_pipeline_dados/Projeto_final_fase3/venv/lib/python3.9/site-packages/airflow/example_dags/example_branch_datetime_operator.py
[2025-11-27T14:12:17.990-0300] {logging_mixin.py:188} INFO - [2025-11-27T14:12:17.990-0300] {dag.py:3089} INFO - Sync 3 DAGs
[2025-11-27T14:12:17.999-0300] {logging_mixin.py:188} INFO - [2025-11-27T14:12:17.999-0300] {dag.py:3947} INFO - Setting next_dagrun for example_branch_datetime_operator to 2025-11-26 00:00:00+00:00, run_after=2025-11-27 00:00:00+00:00
[2025-11-27T14:12:18.001-0300] {logging_mixin.py:188} INFO - [2025-11-27T14:12:18.001-0300] {dag.py:3947} INFO - Setting next_dagrun for example_branch_datetime_operator_2 to 2025-11-26 00:00:00+00:00, run_after=2025-11-27 00:00:00+00:00
[2025-11-27T14:12:18.002-0300] {logging_mixin.py:188} INFO - [2025-11-27T14:12:18.002-0300] {dag.py:3947} INFO - Setting next_dagrun for example_branch_datetime_operator_3 to 2025-11-26 00:00:00+00:00, run_after=2025-11-27 00:00:00+00:00
[2025-11-27T14:12:18.010-0300] {processor.py:183} INFO - Processing /Users/davispecia/Documents/GitHub/Pf_pipeline_dados/Projeto_final_fase3/venv/lib/python3.9/site-packages/airflow/example_dags/example_branch_datetime_operator.py took 0.104 seconds
[2025-11-27T14:14:30.188-0300] {processor.py:161} INFO - Started process (PID=4273) to work on /Users/davispecia/Documents/GitHub/Pf_pipeline_dados/Projeto_final_fase3/venv/lib/python3.9/site-packages/airflow/example_dags/example_branch_datetime_operator.py
[2025-11-27T14:14:30.189-0300] {processor.py:830} INFO - Processing file /Users/davispecia/Documents/GitHub/Pf_pipeline_dados/Projeto_final_fase3/venv/lib/python3.9/site-packages/airflow/example_dags/example_branch_datetime_operator.py for tasks to queue
[2025-11-27T14:14:30.189-0300] {logging_mixin.py:188} INFO - [2025-11-27T14:14:30.189-0300] {dagbag.py:545} INFO - Filling up the DagBag from /Users/davispecia/Documents/GitHub/Pf_pipeline_dados/Projeto_final_fase3/venv/lib/python3.9/site-packages/airflow/example_dags/example_branch_datetime_operator.py
[2025-11-27T14:14:30.196-0300] {processor.py:840} INFO - DAG(s) 'example_branch_datetime_operator_3', 'example_branch_datetime_operator', 'example_branch_datetime_operator_2' retrieved from /Users/davispecia/Documents/GitHub/Pf_pipeline_dados/Projeto_final_fase3/venv/lib/python3.9/site-packages/airflow/example_dags/example_branch_datetime_operator.py
[2025-11-27T14:14:30.274-0300] {logging_mixin.py:188} INFO - [2025-11-27T14:14:30.274-0300] {dag.py:3089} INFO - Sync 3 DAGs
[2025-11-27T14:14:30.284-0300] {logging_mixin.py:188} INFO - [2025-11-27T14:14:30.284-0300] {dag.py:3947} INFO - Setting next_dagrun for example_branch_datetime_operator to 2025-11-26 00:00:00+00:00, run_after=2025-11-27 00:00:00+00:00
[2025-11-27T14:14:30.286-0300] {logging_mixin.py:188} INFO - [2025-11-27T14:14:30.286-0300] {dag.py:3947} INFO - Setting next_dagrun for example_branch_datetime_operator_2 to 2025-11-26 00:00:00+00:00, run_after=2025-11-27 00:00:00+00:00
[2025-11-27T14:14:30.287-0300] {logging_mixin.py:188} INFO - [2025-11-27T14:14:30.287-0300] {dag.py:3947} INFO - Setting next_dagrun for example_branch_datetime_operator_3 to 2025-11-26 00:00:00+00:00, run_after=2025-11-27 00:00:00+00:00
[2025-11-27T14:14:30.298-0300] {processor.py:183} INFO - Processing /Users/davispecia/Documents/GitHub/Pf_pipeline_dados/Projeto_final_fase3/venv/lib/python3.9/site-packages/airflow/example_dags/example_branch_datetime_operator.py took 0.112 seconds
[2025-11-27T14:16:52.663-0300] {processor.py:161} INFO - Started process (PID=4668) to work on /Users/davispecia/Documents/GitHub/Pf_pipeline_dados/Projeto_final_fase3/venv/lib/python3.9/site-packages/airflow/example_dags/example_branch_datetime_operator.py
[2025-11-27T14:16:52.664-0300] {processor.py:830} INFO - Processing file /Users/davispecia/Documents/GitHub/Pf_pipeline_dados/Projeto_final_fase3/venv/lib/python3.9/site-packages/airflow/example_dags/example_branch_datetime_operator.py for tasks to queue
[2025-11-27T14:16:52.664-0300] {logging_mixin.py:188} INFO - [2025-11-27T14:16:52.664-0300] {dagbag.py:545} INFO - Filling up the DagBag from /Users/davispecia/Documents/GitHub/Pf_pipeline_dados/Projeto_final_fase3/venv/lib/python3.9/site-packages/airflow/example_dags/example_branch_datetime_operator.py
[2025-11-27T14:16:52.670-0300] {processor.py:840} INFO - DAG(s) 'example_branch_datetime_operator_2', 'example_branch_datetime_operator', 'example_branch_datetime_operator_3' retrieved from /Users/davispecia/Documents/GitHub/Pf_pipeline_dados/Projeto_final_fase3/venv/lib/python3.9/site-packages/airflow/example_dags/example_branch_datetime_operator.py
[2025-11-27T14:16:52.744-0300] {logging_mixin.py:188} INFO - [2025-11-27T14:16:52.744-0300] {dag.py:3089} INFO - Sync 3 DAGs
[2025-11-27T14:16:52.753-0300] {logging_mixin.py:188} INFO - [2025-11-27T14:16:52.752-0300] {dag.py:3947} INFO - Setting next_dagrun for example_branch_datetime_operator to 2025-11-26 00:00:00+00:00, run_after=2025-11-27 00:00:00+00:00
[2025-11-27T14:16:52.755-0300] {logging_mixin.py:188} INFO - [2025-11-27T14:16:52.754-0300] {dag.py:3947} INFO - Setting next_dagrun for example_branch_datetime_operator_2 to 2025-11-26 00:00:00+00:00, run_after=2025-11-27 00:00:00+00:00
[2025-11-27T14:16:52.756-0300] {logging_mixin.py:188} INFO - [2025-11-27T14:16:52.755-0300] {dag.py:3947} INFO - Setting next_dagrun for example_branch_datetime_operator_3 to 2025-11-26 00:00:00+00:00, run_after=2025-11-27 00:00:00+00:00
[2025-11-27T14:16:52.764-0300] {processor.py:183} INFO - Processing /Users/davispecia/Documents/GitHub/Pf_pipeline_dados/Projeto_final_fase3/venv/lib/python3.9/site-packages/airflow/example_dags/example_branch_datetime_operator.py took 0.104 seconds
[2025-11-27T14:19:10.973-0300] {processor.py:161} INFO - Started process (PID=4997) to work on /Users/davispecia/Documents/GitHub/Pf_pipeline_dados/Projeto_final_fase3/venv/lib/python3.9/site-packages/airflow/example_dags/example_branch_datetime_operator.py
[2025-11-27T14:19:10.975-0300] {processor.py:830} INFO - Processing file /Users/davispecia/Documents/GitHub/Pf_pipeline_dados/Projeto_final_fase3/venv/lib/python3.9/site-packages/airflow/example_dags/example_branch_datetime_operator.py for tasks to queue
[2025-11-27T14:19:10.975-0300] {logging_mixin.py:188} INFO - [2025-11-27T14:19:10.975-0300] {dagbag.py:545} INFO - Filling up the DagBag from /Users/davispecia/Documents/GitHub/Pf_pipeline_dados/Projeto_final_fase3/venv/lib/python3.9/site-packages/airflow/example_dags/example_branch_datetime_operator.py
[2025-11-27T14:19:10.982-0300] {processor.py:840} INFO - DAG(s) 'example_branch_datetime_operator_3', 'example_branch_datetime_operator_2', 'example_branch_datetime_operator' retrieved from /Users/davispecia/Documents/GitHub/Pf_pipeline_dados/Projeto_final_fase3/venv/lib/python3.9/site-packages/airflow/example_dags/example_branch_datetime_operator.py
[2025-11-27T14:19:11.060-0300] {logging_mixin.py:188} INFO - [2025-11-27T14:19:11.060-0300] {dag.py:3089} INFO - Sync 3 DAGs
[2025-11-27T14:19:11.069-0300] {logging_mixin.py:188} INFO - [2025-11-27T14:19:11.069-0300] {dag.py:3947} INFO - Setting next_dagrun for example_branch_datetime_operator to 2025-11-26 00:00:00+00:00, run_after=2025-11-27 00:00:00+00:00
[2025-11-27T14:19:11.071-0300] {logging_mixin.py:188} INFO - [2025-11-27T14:19:11.071-0300] {dag.py:3947} INFO - Setting next_dagrun for example_branch_datetime_operator_2 to 2025-11-26 00:00:00+00:00, run_after=2025-11-27 00:00:00+00:00
[2025-11-27T14:19:11.073-0300] {logging_mixin.py:188} INFO - [2025-11-27T14:19:11.072-0300] {dag.py:3947} INFO - Setting next_dagrun for example_branch_datetime_operator_3 to 2025-11-26 00:00:00+00:00, run_after=2025-11-27 00:00:00+00:00
[2025-11-27T14:19:11.081-0300] {processor.py:183} INFO - Processing /Users/davispecia/Documents/GitHub/Pf_pipeline_dados/Projeto_final_fase3/venv/lib/python3.9/site-packages/airflow/example_dags/example_branch_datetime_operator.py took 0.109 seconds
[2025-11-27T14:21:32.421-0300] {processor.py:161} INFO - Started process (PID=5388) to work on /Users/davispecia/Documents/GitHub/Pf_pipeline_dados/Projeto_final_fase3/venv/lib/python3.9/site-packages/airflow/example_dags/example_branch_datetime_operator.py
[2025-11-27T14:21:32.421-0300] {processor.py:830} INFO - Processing file /Users/davispecia/Documents/GitHub/Pf_pipeline_dados/Projeto_final_fase3/venv/lib/python3.9/site-packages/airflow/example_dags/example_branch_datetime_operator.py for tasks to queue
[2025-11-27T14:21:32.422-0300] {logging_mixin.py:188} INFO - [2025-11-27T14:21:32.421-0300] {dagbag.py:545} INFO - Filling up the DagBag from /Users/davispecia/Documents/GitHub/Pf_pipeline_dados/Projeto_final_fase3/venv/lib/python3.9/site-packages/airflow/example_dags/example_branch_datetime_operator.py
[2025-11-27T14:21:32.428-0300] {processor.py:840} INFO - DAG(s) 'example_branch_datetime_operator_2', 'example_branch_datetime_operator_3', 'example_branch_datetime_operator' retrieved from /Users/davispecia/Documents/GitHub/Pf_pipeline_dados/Projeto_final_fase3/venv/lib/python3.9/site-packages/airflow/example_dags/example_branch_datetime_operator.py
[2025-11-27T14:21:32.501-0300] {logging_mixin.py:188} INFO - [2025-11-27T14:21:32.501-0300] {dag.py:3089} INFO - Sync 3 DAGs
[2025-11-27T14:21:32.510-0300] {logging_mixin.py:188} INFO - [2025-11-27T14:21:32.510-0300] {dag.py:3947} INFO - Setting next_dagrun for example_branch_datetime_operator to 2025-11-26 00:00:00+00:00, run_after=2025-11-27 00:00:00+00:00
[2025-11-27T14:21:32.512-0300] {logging_mixin.py:188} INFO - [2025-11-27T14:21:32.512-0300] {dag.py:3947} INFO - Setting next_dagrun for example_branch_datetime_operator_2 to 2025-11-26 00:00:00+00:00, run_after=2025-11-27 00:00:00+00:00
[2025-11-27T14:21:32.513-0300] {logging_mixin.py:188} INFO - [2025-11-27T14:21:32.513-0300] {dag.py:3947} INFO - Setting next_dagrun for example_branch_datetime_operator_3 to 2025-11-26 00:00:00+00:00, run_after=2025-11-27 00:00:00+00:00
[2025-11-27T14:21:32.521-0300] {processor.py:183} INFO - Processing /Users/davispecia/Documents/GitHub/Pf_pipeline_dados/Projeto_final_fase3/venv/lib/python3.9/site-packages/airflow/example_dags/example_branch_datetime_operator.py took 0.102 seconds
[2025-11-27T14:23:45.704-0300] {processor.py:161} INFO - Started process (PID=5700) to work on /Users/davispecia/Documents/GitHub/Pf_pipeline_dados/Projeto_final_fase3/venv/lib/python3.9/site-packages/airflow/example_dags/example_branch_datetime_operator.py
[2025-11-27T14:23:45.704-0300] {processor.py:830} INFO - Processing file /Users/davispecia/Documents/GitHub/Pf_pipeline_dados/Projeto_final_fase3/venv/lib/python3.9/site-packages/airflow/example_dags/example_branch_datetime_operator.py for tasks to queue
[2025-11-27T14:23:45.705-0300] {logging_mixin.py:188} INFO - [2025-11-27T14:23:45.705-0300] {dagbag.py:545} INFO - Filling up the DagBag from /Users/davispecia/Documents/GitHub/Pf_pipeline_dados/Projeto_final_fase3/venv/lib/python3.9/site-packages/airflow/example_dags/example_branch_datetime_operator.py
[2025-11-27T14:23:45.712-0300] {processor.py:840} INFO - DAG(s) 'example_branch_datetime_operator', 'example_branch_datetime_operator_2', 'example_branch_datetime_operator_3' retrieved from /Users/davispecia/Documents/GitHub/Pf_pipeline_dados/Projeto_final_fase3/venv/lib/python3.9/site-packages/airflow/example_dags/example_branch_datetime_operator.py
[2025-11-27T14:23:45.791-0300] {logging_mixin.py:188} INFO - [2025-11-27T14:23:45.791-0300] {dag.py:3089} INFO - Sync 3 DAGs
[2025-11-27T14:23:45.801-0300] {logging_mixin.py:188} INFO - [2025-11-27T14:23:45.801-0300] {dag.py:3947} INFO - Setting next_dagrun for example_branch_datetime_operator to 2025-11-26 00:00:00+00:00, run_after=2025-11-27 00:00:00+00:00
[2025-11-27T14:23:45.805-0300] {logging_mixin.py:188} INFO - [2025-11-27T14:23:45.805-0300] {dag.py:3947} INFO - Setting next_dagrun for example_branch_datetime_operator_2 to 2025-11-26 00:00:00+00:00, run_after=2025-11-27 00:00:00+00:00
[2025-11-27T14:23:45.807-0300] {logging_mixin.py:188} INFO - [2025-11-27T14:23:45.807-0300] {dag.py:3947} INFO - Setting next_dagrun for example_branch_datetime_operator_3 to 2025-11-26 00:00:00+00:00, run_after=2025-11-27 00:00:00+00:00
[2025-11-27T14:23:45.820-0300] {processor.py:183} INFO - Processing /Users/davispecia/Documents/GitHub/Pf_pipeline_dados/Projeto_final_fase3/venv/lib/python3.9/site-packages/airflow/example_dags/example_branch_datetime_operator.py took 0.119 seconds
[2025-11-27T14:26:06.437-0300] {processor.py:161} INFO - Started process (PID=6026) to work on /Users/davispecia/Documents/GitHub/Pf_pipeline_dados/Projeto_final_fase3/venv/lib/python3.9/site-packages/airflow/example_dags/example_branch_datetime_operator.py
[2025-11-27T14:26:06.438-0300] {processor.py:830} INFO - Processing file /Users/davispecia/Documents/GitHub/Pf_pipeline_dados/Projeto_final_fase3/venv/lib/python3.9/site-packages/airflow/example_dags/example_branch_datetime_operator.py for tasks to queue
[2025-11-27T14:26:06.438-0300] {logging_mixin.py:188} INFO - [2025-11-27T14:26:06.438-0300] {dagbag.py:545} INFO - Filling up the DagBag from /Users/davispecia/Documents/GitHub/Pf_pipeline_dados/Projeto_final_fase3/venv/lib/python3.9/site-packages/airflow/example_dags/example_branch_datetime_operator.py
[2025-11-27T14:26:06.445-0300] {processor.py:840} INFO - DAG(s) 'example_branch_datetime_operator_3', 'example_branch_datetime_operator', 'example_branch_datetime_operator_2' retrieved from /Users/davispecia/Documents/GitHub/Pf_pipeline_dados/Projeto_final_fase3/venv/lib/python3.9/site-packages/airflow/example_dags/example_branch_datetime_operator.py
[2025-11-27T14:26:06.522-0300] {logging_mixin.py:188} INFO - [2025-11-27T14:26:06.522-0300] {dag.py:3089} INFO - Sync 3 DAGs
[2025-11-27T14:26:06.531-0300] {logging_mixin.py:188} INFO - [2025-11-27T14:26:06.531-0300] {dag.py:3947} INFO - Setting next_dagrun for example_branch_datetime_operator to 2025-11-26 00:00:00+00:00, run_after=2025-11-27 00:00:00+00:00
[2025-11-27T14:26:06.533-0300] {logging_mixin.py:188} INFO - [2025-11-27T14:26:06.533-0300] {dag.py:3947} INFO - Setting next_dagrun for example_branch_datetime_operator_2 to 2025-11-26 00:00:00+00:00, run_after=2025-11-27 00:00:00+00:00
[2025-11-27T14:26:06.534-0300] {logging_mixin.py:188} INFO - [2025-11-27T14:26:06.534-0300] {dag.py:3947} INFO - Setting next_dagrun for example_branch_datetime_operator_3 to 2025-11-26 00:00:00+00:00, run_after=2025-11-27 00:00:00+00:00
[2025-11-27T14:26:06.543-0300] {processor.py:183} INFO - Processing /Users/davispecia/Documents/GitHub/Pf_pipeline_dados/Projeto_final_fase3/venv/lib/python3.9/site-packages/airflow/example_dags/example_branch_datetime_operator.py took 0.108 seconds
[2025-11-27T14:28:40.785-0300] {processor.py:161} INFO - Started process (PID=6506) to work on /Users/davispecia/Documents/GitHub/Pf_pipeline_dados/Projeto_final_fase3/venv/lib/python3.9/site-packages/airflow/example_dags/example_branch_datetime_operator.py
[2025-11-27T14:28:40.786-0300] {processor.py:830} INFO - Processing file /Users/davispecia/Documents/GitHub/Pf_pipeline_dados/Projeto_final_fase3/venv/lib/python3.9/site-packages/airflow/example_dags/example_branch_datetime_operator.py for tasks to queue
[2025-11-27T14:28:40.787-0300] {logging_mixin.py:188} INFO - [2025-11-27T14:28:40.787-0300] {dagbag.py:545} INFO - Filling up the DagBag from /Users/davispecia/Documents/GitHub/Pf_pipeline_dados/Projeto_final_fase3/venv/lib/python3.9/site-packages/airflow/example_dags/example_branch_datetime_operator.py
[2025-11-27T14:28:40.794-0300] {processor.py:840} INFO - DAG(s) 'example_branch_datetime_operator', 'example_branch_datetime_operator_3', 'example_branch_datetime_operator_2' retrieved from /Users/davispecia/Documents/GitHub/Pf_pipeline_dados/Projeto_final_fase3/venv/lib/python3.9/site-packages/airflow/example_dags/example_branch_datetime_operator.py
[2025-11-27T14:28:40.870-0300] {logging_mixin.py:188} INFO - [2025-11-27T14:28:40.869-0300] {dag.py:3089} INFO - Sync 3 DAGs
[2025-11-27T14:28:40.879-0300] {logging_mixin.py:188} INFO - [2025-11-27T14:28:40.879-0300] {dag.py:3947} INFO - Setting next_dagrun for example_branch_datetime_operator to 2025-11-26 00:00:00+00:00, run_after=2025-11-27 00:00:00+00:00
[2025-11-27T14:28:40.881-0300] {logging_mixin.py:188} INFO - [2025-11-27T14:28:40.881-0300] {dag.py:3947} INFO - Setting next_dagrun for example_branch_datetime_operator_2 to 2025-11-26 00:00:00+00:00, run_after=2025-11-27 00:00:00+00:00
[2025-11-27T14:28:40.882-0300] {logging_mixin.py:188} INFO - [2025-11-27T14:28:40.882-0300] {dag.py:3947} INFO - Setting next_dagrun for example_branch_datetime_operator_3 to 2025-11-26 00:00:00+00:00, run_after=2025-11-27 00:00:00+00:00
[2025-11-27T14:28:40.891-0300] {processor.py:183} INFO - Processing /Users/davispecia/Documents/GitHub/Pf_pipeline_dados/Projeto_final_fase3/venv/lib/python3.9/site-packages/airflow/example_dags/example_branch_datetime_operator.py took 0.108 seconds
[2025-11-27T14:30:52.142-0300] {processor.py:161} INFO - Started process (PID=6814) to work on /Users/davispecia/Documents/GitHub/Pf_pipeline_dados/Projeto_final_fase3/venv/lib/python3.9/site-packages/airflow/example_dags/example_branch_datetime_operator.py
[2025-11-27T14:30:52.142-0300] {processor.py:830} INFO - Processing file /Users/davispecia/Documents/GitHub/Pf_pipeline_dados/Projeto_final_fase3/venv/lib/python3.9/site-packages/airflow/example_dags/example_branch_datetime_operator.py for tasks to queue
[2025-11-27T14:30:52.143-0300] {logging_mixin.py:188} INFO - [2025-11-27T14:30:52.142-0300] {dagbag.py:545} INFO - Filling up the DagBag from /Users/davispecia/Documents/GitHub/Pf_pipeline_dados/Projeto_final_fase3/venv/lib/python3.9/site-packages/airflow/example_dags/example_branch_datetime_operator.py
[2025-11-27T14:30:52.150-0300] {processor.py:840} INFO - DAG(s) 'example_branch_datetime_operator_2', 'example_branch_datetime_operator', 'example_branch_datetime_operator_3' retrieved from /Users/davispecia/Documents/GitHub/Pf_pipeline_dados/Projeto_final_fase3/venv/lib/python3.9/site-packages/airflow/example_dags/example_branch_datetime_operator.py
[2025-11-27T14:30:52.234-0300] {logging_mixin.py:188} INFO - [2025-11-27T14:30:52.234-0300] {dag.py:3089} INFO - Sync 3 DAGs
[2025-11-27T14:30:52.244-0300] {logging_mixin.py:188} INFO - [2025-11-27T14:30:52.244-0300] {dag.py:3947} INFO - Setting next_dagrun for example_branch_datetime_operator to 2025-11-26 00:00:00+00:00, run_after=2025-11-27 00:00:00+00:00
[2025-11-27T14:30:52.246-0300] {logging_mixin.py:188} INFO - [2025-11-27T14:30:52.246-0300] {dag.py:3947} INFO - Setting next_dagrun for example_branch_datetime_operator_2 to 2025-11-26 00:00:00+00:00, run_after=2025-11-27 00:00:00+00:00
[2025-11-27T14:30:52.247-0300] {logging_mixin.py:188} INFO - [2025-11-27T14:30:52.247-0300] {dag.py:3947} INFO - Setting next_dagrun for example_branch_datetime_operator_3 to 2025-11-26 00:00:00+00:00, run_after=2025-11-27 00:00:00+00:00
[2025-11-27T14:30:52.257-0300] {processor.py:183} INFO - Processing /Users/davispecia/Documents/GitHub/Pf_pipeline_dados/Projeto_final_fase3/venv/lib/python3.9/site-packages/airflow/example_dags/example_branch_datetime_operator.py took 0.119 seconds
[2025-11-27T14:32:58.244-0300] {processor.py:161} INFO - Started process (PID=7126) to work on /Users/davispecia/Documents/GitHub/Pf_pipeline_dados/Projeto_final_fase3/venv/lib/python3.9/site-packages/airflow/example_dags/example_branch_datetime_operator.py
[2025-11-27T14:32:58.245-0300] {processor.py:830} INFO - Processing file /Users/davispecia/Documents/GitHub/Pf_pipeline_dados/Projeto_final_fase3/venv/lib/python3.9/site-packages/airflow/example_dags/example_branch_datetime_operator.py for tasks to queue
[2025-11-27T14:32:58.245-0300] {logging_mixin.py:188} INFO - [2025-11-27T14:32:58.245-0300] {dagbag.py:545} INFO - Filling up the DagBag from /Users/davispecia/Documents/GitHub/Pf_pipeline_dados/Projeto_final_fase3/venv/lib/python3.9/site-packages/airflow/example_dags/example_branch_datetime_operator.py
[2025-11-27T14:32:58.253-0300] {processor.py:840} INFO - DAG(s) 'example_branch_datetime_operator_3', 'example_branch_datetime_operator_2', 'example_branch_datetime_operator' retrieved from /Users/davispecia/Documents/GitHub/Pf_pipeline_dados/Projeto_final_fase3/venv/lib/python3.9/site-packages/airflow/example_dags/example_branch_datetime_operator.py
[2025-11-27T14:32:58.339-0300] {logging_mixin.py:188} INFO - [2025-11-27T14:32:58.338-0300] {dag.py:3089} INFO - Sync 3 DAGs
[2025-11-27T14:32:58.348-0300] {logging_mixin.py:188} INFO - [2025-11-27T14:32:58.348-0300] {dag.py:3947} INFO - Setting next_dagrun for example_branch_datetime_operator to 2025-11-26 00:00:00+00:00, run_after=2025-11-27 00:00:00+00:00
[2025-11-27T14:32:58.350-0300] {logging_mixin.py:188} INFO - [2025-11-27T14:32:58.350-0300] {dag.py:3947} INFO - Setting next_dagrun for example_branch_datetime_operator_2 to 2025-11-26 00:00:00+00:00, run_after=2025-11-27 00:00:00+00:00
[2025-11-27T14:32:58.351-0300] {logging_mixin.py:188} INFO - [2025-11-27T14:32:58.351-0300] {dag.py:3947} INFO - Setting next_dagrun for example_branch_datetime_operator_3 to 2025-11-26 00:00:00+00:00, run_after=2025-11-27 00:00:00+00:00
[2025-11-27T14:32:58.360-0300] {processor.py:183} INFO - Processing /Users/davispecia/Documents/GitHub/Pf_pipeline_dados/Projeto_final_fase3/venv/lib/python3.9/site-packages/airflow/example_dags/example_branch_datetime_operator.py took 0.119 seconds
[2025-11-27T14:35:26.866-0300] {processor.py:161} INFO - Started process (PID=7635) to work on /Users/davispecia/Documents/GitHub/Pf_pipeline_dados/Projeto_final_fase3/venv/lib/python3.9/site-packages/airflow/example_dags/example_branch_datetime_operator.py
[2025-11-27T14:35:26.867-0300] {processor.py:830} INFO - Processing file /Users/davispecia/Documents/GitHub/Pf_pipeline_dados/Projeto_final_fase3/venv/lib/python3.9/site-packages/airflow/example_dags/example_branch_datetime_operator.py for tasks to queue
[2025-11-27T14:35:26.867-0300] {logging_mixin.py:188} INFO - [2025-11-27T14:35:26.867-0300] {dagbag.py:545} INFO - Filling up the DagBag from /Users/davispecia/Documents/GitHub/Pf_pipeline_dados/Projeto_final_fase3/venv/lib/python3.9/site-packages/airflow/example_dags/example_branch_datetime_operator.py
[2025-11-27T14:35:26.875-0300] {processor.py:840} INFO - DAG(s) 'example_branch_datetime_operator_3', 'example_branch_datetime_operator', 'example_branch_datetime_operator_2' retrieved from /Users/davispecia/Documents/GitHub/Pf_pipeline_dados/Projeto_final_fase3/venv/lib/python3.9/site-packages/airflow/example_dags/example_branch_datetime_operator.py
[2025-11-27T14:35:26.981-0300] {logging_mixin.py:188} INFO - [2025-11-27T14:35:26.981-0300] {dag.py:3089} INFO - Sync 3 DAGs
[2025-11-27T14:35:26.992-0300] {logging_mixin.py:188} INFO - [2025-11-27T14:35:26.992-0300] {dag.py:3947} INFO - Setting next_dagrun for example_branch_datetime_operator to 2025-11-26 00:00:00+00:00, run_after=2025-11-27 00:00:00+00:00
[2025-11-27T14:35:26.994-0300] {logging_mixin.py:188} INFO - [2025-11-27T14:35:26.994-0300] {dag.py:3947} INFO - Setting next_dagrun for example_branch_datetime_operator_2 to 2025-11-26 00:00:00+00:00, run_after=2025-11-27 00:00:00+00:00
[2025-11-27T14:35:26.995-0300] {logging_mixin.py:188} INFO - [2025-11-27T14:35:26.995-0300] {dag.py:3947} INFO - Setting next_dagrun for example_branch_datetime_operator_3 to 2025-11-26 00:00:00+00:00, run_after=2025-11-27 00:00:00+00:00
[2025-11-27T14:35:27.004-0300] {processor.py:183} INFO - Processing /Users/davispecia/Documents/GitHub/Pf_pipeline_dados/Projeto_final_fase3/venv/lib/python3.9/site-packages/airflow/example_dags/example_branch_datetime_operator.py took 0.141 seconds
[2025-11-27T14:37:44.725-0300] {processor.py:161} INFO - Started process (PID=8012) to work on /Users/davispecia/Documents/GitHub/Pf_pipeline_dados/Projeto_final_fase3/venv/lib/python3.9/site-packages/airflow/example_dags/example_branch_datetime_operator.py
[2025-11-27T14:37:44.726-0300] {processor.py:830} INFO - Processing file /Users/davispecia/Documents/GitHub/Pf_pipeline_dados/Projeto_final_fase3/venv/lib/python3.9/site-packages/airflow/example_dags/example_branch_datetime_operator.py for tasks to queue
[2025-11-27T14:37:44.726-0300] {logging_mixin.py:188} INFO - [2025-11-27T14:37:44.726-0300] {dagbag.py:545} INFO - Filling up the DagBag from /Users/davispecia/Documents/GitHub/Pf_pipeline_dados/Projeto_final_fase3/venv/lib/python3.9/site-packages/airflow/example_dags/example_branch_datetime_operator.py
[2025-11-27T14:37:44.733-0300] {processor.py:840} INFO - DAG(s) 'example_branch_datetime_operator_2', 'example_branch_datetime_operator', 'example_branch_datetime_operator_3' retrieved from /Users/davispecia/Documents/GitHub/Pf_pipeline_dados/Projeto_final_fase3/venv/lib/python3.9/site-packages/airflow/example_dags/example_branch_datetime_operator.py
[2025-11-27T14:37:44.810-0300] {logging_mixin.py:188} INFO - [2025-11-27T14:37:44.810-0300] {dag.py:3089} INFO - Sync 3 DAGs
[2025-11-27T14:37:44.819-0300] {logging_mixin.py:188} INFO - [2025-11-27T14:37:44.819-0300] {dag.py:3947} INFO - Setting next_dagrun for example_branch_datetime_operator to 2025-11-26 00:00:00+00:00, run_after=2025-11-27 00:00:00+00:00
[2025-11-27T14:37:44.821-0300] {logging_mixin.py:188} INFO - [2025-11-27T14:37:44.821-0300] {dag.py:3947} INFO - Setting next_dagrun for example_branch_datetime_operator_2 to 2025-11-26 00:00:00+00:00, run_after=2025-11-27 00:00:00+00:00
[2025-11-27T14:37:44.822-0300] {logging_mixin.py:188} INFO - [2025-11-27T14:37:44.822-0300] {dag.py:3947} INFO - Setting next_dagrun for example_branch_datetime_operator_3 to 2025-11-26 00:00:00+00:00, run_after=2025-11-27 00:00:00+00:00
[2025-11-27T14:37:44.831-0300] {processor.py:183} INFO - Processing /Users/davispecia/Documents/GitHub/Pf_pipeline_dados/Projeto_final_fase3/venv/lib/python3.9/site-packages/airflow/example_dags/example_branch_datetime_operator.py took 0.108 seconds
[2025-11-27T14:40:04.140-0300] {processor.py:161} INFO - Started process (PID=8407) to work on /Users/davispecia/Documents/GitHub/Pf_pipeline_dados/Projeto_final_fase3/venv/lib/python3.9/site-packages/airflow/example_dags/example_branch_datetime_operator.py
[2025-11-27T14:40:04.141-0300] {processor.py:830} INFO - Processing file /Users/davispecia/Documents/GitHub/Pf_pipeline_dados/Projeto_final_fase3/venv/lib/python3.9/site-packages/airflow/example_dags/example_branch_datetime_operator.py for tasks to queue
[2025-11-27T14:40:04.141-0300] {logging_mixin.py:188} INFO - [2025-11-27T14:40:04.141-0300] {dagbag.py:545} INFO - Filling up the DagBag from /Users/davispecia/Documents/GitHub/Pf_pipeline_dados/Projeto_final_fase3/venv/lib/python3.9/site-packages/airflow/example_dags/example_branch_datetime_operator.py
[2025-11-27T14:40:04.148-0300] {processor.py:840} INFO - DAG(s) 'example_branch_datetime_operator_3', 'example_branch_datetime_operator', 'example_branch_datetime_operator_2' retrieved from /Users/davispecia/Documents/GitHub/Pf_pipeline_dados/Projeto_final_fase3/venv/lib/python3.9/site-packages/airflow/example_dags/example_branch_datetime_operator.py
[2025-11-27T14:40:04.224-0300] {logging_mixin.py:188} INFO - [2025-11-27T14:40:04.224-0300] {dag.py:3089} INFO - Sync 3 DAGs
[2025-11-27T14:40:04.233-0300] {logging_mixin.py:188} INFO - [2025-11-27T14:40:04.233-0300] {dag.py:3947} INFO - Setting next_dagrun for example_branch_datetime_operator to 2025-11-26 00:00:00+00:00, run_after=2025-11-27 00:00:00+00:00
[2025-11-27T14:40:04.235-0300] {logging_mixin.py:188} INFO - [2025-11-27T14:40:04.235-0300] {dag.py:3947} INFO - Setting next_dagrun for example_branch_datetime_operator_2 to 2025-11-26 00:00:00+00:00, run_after=2025-11-27 00:00:00+00:00
[2025-11-27T14:40:04.236-0300] {logging_mixin.py:188} INFO - [2025-11-27T14:40:04.236-0300] {dag.py:3947} INFO - Setting next_dagrun for example_branch_datetime_operator_3 to 2025-11-26 00:00:00+00:00, run_after=2025-11-27 00:00:00+00:00
[2025-11-27T14:40:04.245-0300] {processor.py:183} INFO - Processing /Users/davispecia/Documents/GitHub/Pf_pipeline_dados/Projeto_final_fase3/venv/lib/python3.9/site-packages/airflow/example_dags/example_branch_datetime_operator.py took 0.107 seconds
[2025-11-27T14:42:10.926-0300] {processor.py:161} INFO - Started process (PID=8778) to work on /Users/davispecia/Documents/GitHub/Pf_pipeline_dados/Projeto_final_fase3/venv/lib/python3.9/site-packages/airflow/example_dags/example_branch_datetime_operator.py
[2025-11-27T14:42:10.927-0300] {processor.py:830} INFO - Processing file /Users/davispecia/Documents/GitHub/Pf_pipeline_dados/Projeto_final_fase3/venv/lib/python3.9/site-packages/airflow/example_dags/example_branch_datetime_operator.py for tasks to queue
[2025-11-27T14:42:10.927-0300] {logging_mixin.py:188} INFO - [2025-11-27T14:42:10.927-0300] {dagbag.py:545} INFO - Filling up the DagBag from /Users/davispecia/Documents/GitHub/Pf_pipeline_dados/Projeto_final_fase3/venv/lib/python3.9/site-packages/airflow/example_dags/example_branch_datetime_operator.py
[2025-11-27T14:42:10.934-0300] {processor.py:840} INFO - DAG(s) 'example_branch_datetime_operator', 'example_branch_datetime_operator_3', 'example_branch_datetime_operator_2' retrieved from /Users/davispecia/Documents/GitHub/Pf_pipeline_dados/Projeto_final_fase3/venv/lib/python3.9/site-packages/airflow/example_dags/example_branch_datetime_operator.py
[2025-11-27T14:42:11.011-0300] {logging_mixin.py:188} INFO - [2025-11-27T14:42:11.011-0300] {dag.py:3089} INFO - Sync 3 DAGs
[2025-11-27T14:42:11.020-0300] {logging_mixin.py:188} INFO - [2025-11-27T14:42:11.020-0300] {dag.py:3947} INFO - Setting next_dagrun for example_branch_datetime_operator to 2025-11-26 00:00:00+00:00, run_after=2025-11-27 00:00:00+00:00
[2025-11-27T14:42:11.022-0300] {logging_mixin.py:188} INFO - [2025-11-27T14:42:11.022-0300] {dag.py:3947} INFO - Setting next_dagrun for example_branch_datetime_operator_2 to 2025-11-26 00:00:00+00:00, run_after=2025-11-27 00:00:00+00:00
[2025-11-27T14:42:11.023-0300] {logging_mixin.py:188} INFO - [2025-11-27T14:42:11.023-0300] {dag.py:3947} INFO - Setting next_dagrun for example_branch_datetime_operator_3 to 2025-11-26 00:00:00+00:00, run_after=2025-11-27 00:00:00+00:00
[2025-11-27T14:42:11.033-0300] {processor.py:183} INFO - Processing /Users/davispecia/Documents/GitHub/Pf_pipeline_dados/Projeto_final_fase3/venv/lib/python3.9/site-packages/airflow/example_dags/example_branch_datetime_operator.py took 0.109 seconds
[2025-11-27T14:44:15.961-0300] {processor.py:161} INFO - Started process (PID=9160) to work on /Users/davispecia/Documents/GitHub/Pf_pipeline_dados/Projeto_final_fase3/venv/lib/python3.9/site-packages/airflow/example_dags/example_branch_datetime_operator.py
[2025-11-27T14:44:15.962-0300] {processor.py:830} INFO - Processing file /Users/davispecia/Documents/GitHub/Pf_pipeline_dados/Projeto_final_fase3/venv/lib/python3.9/site-packages/airflow/example_dags/example_branch_datetime_operator.py for tasks to queue
[2025-11-27T14:44:15.962-0300] {logging_mixin.py:188} INFO - [2025-11-27T14:44:15.962-0300] {dagbag.py:545} INFO - Filling up the DagBag from /Users/davispecia/Documents/GitHub/Pf_pipeline_dados/Projeto_final_fase3/venv/lib/python3.9/site-packages/airflow/example_dags/example_branch_datetime_operator.py
[2025-11-27T14:44:15.970-0300] {processor.py:840} INFO - DAG(s) 'example_branch_datetime_operator_2', 'example_branch_datetime_operator', 'example_branch_datetime_operator_3' retrieved from /Users/davispecia/Documents/GitHub/Pf_pipeline_dados/Projeto_final_fase3/venv/lib/python3.9/site-packages/airflow/example_dags/example_branch_datetime_operator.py
[2025-11-27T14:44:16.050-0300] {logging_mixin.py:188} INFO - [2025-11-27T14:44:16.049-0300] {dag.py:3089} INFO - Sync 3 DAGs
[2025-11-27T14:44:16.059-0300] {logging_mixin.py:188} INFO - [2025-11-27T14:44:16.059-0300] {dag.py:3947} INFO - Setting next_dagrun for example_branch_datetime_operator to 2025-11-26 00:00:00+00:00, run_after=2025-11-27 00:00:00+00:00
[2025-11-27T14:44:16.061-0300] {logging_mixin.py:188} INFO - [2025-11-27T14:44:16.061-0300] {dag.py:3947} INFO - Setting next_dagrun for example_branch_datetime_operator_2 to 2025-11-26 00:00:00+00:00, run_after=2025-11-27 00:00:00+00:00
[2025-11-27T14:44:16.062-0300] {logging_mixin.py:188} INFO - [2025-11-27T14:44:16.062-0300] {dag.py:3947} INFO - Setting next_dagrun for example_branch_datetime_operator_3 to 2025-11-26 00:00:00+00:00, run_after=2025-11-27 00:00:00+00:00
[2025-11-27T14:44:16.074-0300] {processor.py:183} INFO - Processing /Users/davispecia/Documents/GitHub/Pf_pipeline_dados/Projeto_final_fase3/venv/lib/python3.9/site-packages/airflow/example_dags/example_branch_datetime_operator.py took 0.115 seconds
[2025-11-27T14:46:35.906-0300] {processor.py:161} INFO - Started process (PID=9551) to work on /Users/davispecia/Documents/GitHub/Pf_pipeline_dados/Projeto_final_fase3/venv/lib/python3.9/site-packages/airflow/example_dags/example_branch_datetime_operator.py
[2025-11-27T14:46:35.907-0300] {processor.py:830} INFO - Processing file /Users/davispecia/Documents/GitHub/Pf_pipeline_dados/Projeto_final_fase3/venv/lib/python3.9/site-packages/airflow/example_dags/example_branch_datetime_operator.py for tasks to queue
[2025-11-27T14:46:35.907-0300] {logging_mixin.py:188} INFO - [2025-11-27T14:46:35.907-0300] {dagbag.py:545} INFO - Filling up the DagBag from /Users/davispecia/Documents/GitHub/Pf_pipeline_dados/Projeto_final_fase3/venv/lib/python3.9/site-packages/airflow/example_dags/example_branch_datetime_operator.py
[2025-11-27T14:46:35.914-0300] {processor.py:840} INFO - DAG(s) 'example_branch_datetime_operator_3', 'example_branch_datetime_operator_2', 'example_branch_datetime_operator' retrieved from /Users/davispecia/Documents/GitHub/Pf_pipeline_dados/Projeto_final_fase3/venv/lib/python3.9/site-packages/airflow/example_dags/example_branch_datetime_operator.py
[2025-11-27T14:46:35.993-0300] {logging_mixin.py:188} INFO - [2025-11-27T14:46:35.993-0300] {dag.py:3089} INFO - Sync 3 DAGs
[2025-11-27T14:46:36.002-0300] {logging_mixin.py:188} INFO - [2025-11-27T14:46:36.002-0300] {dag.py:3947} INFO - Setting next_dagrun for example_branch_datetime_operator to 2025-11-26 00:00:00+00:00, run_after=2025-11-27 00:00:00+00:00
[2025-11-27T14:46:36.004-0300] {logging_mixin.py:188} INFO - [2025-11-27T14:46:36.004-0300] {dag.py:3947} INFO - Setting next_dagrun for example_branch_datetime_operator_2 to 2025-11-26 00:00:00+00:00, run_after=2025-11-27 00:00:00+00:00
[2025-11-27T14:46:36.005-0300] {logging_mixin.py:188} INFO - [2025-11-27T14:46:36.005-0300] {dag.py:3947} INFO - Setting next_dagrun for example_branch_datetime_operator_3 to 2025-11-26 00:00:00+00:00, run_after=2025-11-27 00:00:00+00:00
[2025-11-27T14:46:36.015-0300] {processor.py:183} INFO - Processing /Users/davispecia/Documents/GitHub/Pf_pipeline_dados/Projeto_final_fase3/venv/lib/python3.9/site-packages/airflow/example_dags/example_branch_datetime_operator.py took 0.112 seconds
[2025-11-27T14:48:43.586-0300] {processor.py:161} INFO - Started process (PID=9867) to work on /Users/davispecia/Documents/GitHub/Pf_pipeline_dados/Projeto_final_fase3/venv/lib/python3.9/site-packages/airflow/example_dags/example_branch_datetime_operator.py
[2025-11-27T14:48:43.586-0300] {processor.py:830} INFO - Processing file /Users/davispecia/Documents/GitHub/Pf_pipeline_dados/Projeto_final_fase3/venv/lib/python3.9/site-packages/airflow/example_dags/example_branch_datetime_operator.py for tasks to queue
[2025-11-27T14:48:43.587-0300] {logging_mixin.py:188} INFO - [2025-11-27T14:48:43.587-0300] {dagbag.py:545} INFO - Filling up the DagBag from /Users/davispecia/Documents/GitHub/Pf_pipeline_dados/Projeto_final_fase3/venv/lib/python3.9/site-packages/airflow/example_dags/example_branch_datetime_operator.py
[2025-11-27T14:48:43.593-0300] {processor.py:840} INFO - DAG(s) 'example_branch_datetime_operator_2', 'example_branch_datetime_operator', 'example_branch_datetime_operator_3' retrieved from /Users/davispecia/Documents/GitHub/Pf_pipeline_dados/Projeto_final_fase3/venv/lib/python3.9/site-packages/airflow/example_dags/example_branch_datetime_operator.py
[2025-11-27T14:48:43.667-0300] {logging_mixin.py:188} INFO - [2025-11-27T14:48:43.667-0300] {dag.py:3089} INFO - Sync 3 DAGs
[2025-11-27T14:48:43.676-0300] {logging_mixin.py:188} INFO - [2025-11-27T14:48:43.676-0300] {dag.py:3947} INFO - Setting next_dagrun for example_branch_datetime_operator to 2025-11-26 00:00:00+00:00, run_after=2025-11-27 00:00:00+00:00
[2025-11-27T14:48:43.678-0300] {logging_mixin.py:188} INFO - [2025-11-27T14:48:43.678-0300] {dag.py:3947} INFO - Setting next_dagrun for example_branch_datetime_operator_2 to 2025-11-26 00:00:00+00:00, run_after=2025-11-27 00:00:00+00:00
[2025-11-27T14:48:43.679-0300] {logging_mixin.py:188} INFO - [2025-11-27T14:48:43.679-0300] {dag.py:3947} INFO - Setting next_dagrun for example_branch_datetime_operator_3 to 2025-11-26 00:00:00+00:00, run_after=2025-11-27 00:00:00+00:00
[2025-11-27T14:48:43.688-0300] {processor.py:183} INFO - Processing /Users/davispecia/Documents/GitHub/Pf_pipeline_dados/Projeto_final_fase3/venv/lib/python3.9/site-packages/airflow/example_dags/example_branch_datetime_operator.py took 0.104 seconds
[2025-11-27T14:51:00.902-0300] {processor.py:161} INFO - Started process (PID=10264) to work on /Users/davispecia/Documents/GitHub/Pf_pipeline_dados/Projeto_final_fase3/venv/lib/python3.9/site-packages/airflow/example_dags/example_branch_datetime_operator.py
[2025-11-27T14:51:00.903-0300] {processor.py:830} INFO - Processing file /Users/davispecia/Documents/GitHub/Pf_pipeline_dados/Projeto_final_fase3/venv/lib/python3.9/site-packages/airflow/example_dags/example_branch_datetime_operator.py for tasks to queue
[2025-11-27T14:51:00.904-0300] {logging_mixin.py:188} INFO - [2025-11-27T14:51:00.904-0300] {dagbag.py:545} INFO - Filling up the DagBag from /Users/davispecia/Documents/GitHub/Pf_pipeline_dados/Projeto_final_fase3/venv/lib/python3.9/site-packages/airflow/example_dags/example_branch_datetime_operator.py
[2025-11-27T14:51:00.911-0300] {processor.py:840} INFO - DAG(s) 'example_branch_datetime_operator_2', 'example_branch_datetime_operator_3', 'example_branch_datetime_operator' retrieved from /Users/davispecia/Documents/GitHub/Pf_pipeline_dados/Projeto_final_fase3/venv/lib/python3.9/site-packages/airflow/example_dags/example_branch_datetime_operator.py
[2025-11-27T14:51:00.987-0300] {logging_mixin.py:188} INFO - [2025-11-27T14:51:00.986-0300] {dag.py:3089} INFO - Sync 3 DAGs
[2025-11-27T14:51:00.996-0300] {logging_mixin.py:188} INFO - [2025-11-27T14:51:00.996-0300] {dag.py:3947} INFO - Setting next_dagrun for example_branch_datetime_operator to 2025-11-26 00:00:00+00:00, run_after=2025-11-27 00:00:00+00:00
[2025-11-27T14:51:00.998-0300] {logging_mixin.py:188} INFO - [2025-11-27T14:51:00.998-0300] {dag.py:3947} INFO - Setting next_dagrun for example_branch_datetime_operator_2 to 2025-11-26 00:00:00+00:00, run_after=2025-11-27 00:00:00+00:00
[2025-11-27T14:51:00.999-0300] {logging_mixin.py:188} INFO - [2025-11-27T14:51:00.999-0300] {dag.py:3947} INFO - Setting next_dagrun for example_branch_datetime_operator_3 to 2025-11-26 00:00:00+00:00, run_after=2025-11-27 00:00:00+00:00
[2025-11-27T14:51:01.007-0300] {processor.py:183} INFO - Processing /Users/davispecia/Documents/GitHub/Pf_pipeline_dados/Projeto_final_fase3/venv/lib/python3.9/site-packages/airflow/example_dags/example_branch_datetime_operator.py took 0.107 seconds
[2025-11-27T14:53:10.182-0300] {processor.py:161} INFO - Started process (PID=10585) to work on /Users/davispecia/Documents/GitHub/Pf_pipeline_dados/Projeto_final_fase3/venv/lib/python3.9/site-packages/airflow/example_dags/example_branch_datetime_operator.py
[2025-11-27T14:53:10.183-0300] {processor.py:830} INFO - Processing file /Users/davispecia/Documents/GitHub/Pf_pipeline_dados/Projeto_final_fase3/venv/lib/python3.9/site-packages/airflow/example_dags/example_branch_datetime_operator.py for tasks to queue
[2025-11-27T14:53:10.183-0300] {logging_mixin.py:188} INFO - [2025-11-27T14:53:10.183-0300] {dagbag.py:545} INFO - Filling up the DagBag from /Users/davispecia/Documents/GitHub/Pf_pipeline_dados/Projeto_final_fase3/venv/lib/python3.9/site-packages/airflow/example_dags/example_branch_datetime_operator.py
[2025-11-27T14:53:10.190-0300] {processor.py:840} INFO - DAG(s) 'example_branch_datetime_operator_2', 'example_branch_datetime_operator_3', 'example_branch_datetime_operator' retrieved from /Users/davispecia/Documents/GitHub/Pf_pipeline_dados/Projeto_final_fase3/venv/lib/python3.9/site-packages/airflow/example_dags/example_branch_datetime_operator.py
[2025-11-27T14:53:10.260-0300] {logging_mixin.py:188} INFO - [2025-11-27T14:53:10.260-0300] {dag.py:3089} INFO - Sync 3 DAGs
[2025-11-27T14:53:10.269-0300] {logging_mixin.py:188} INFO - [2025-11-27T14:53:10.269-0300] {dag.py:3947} INFO - Setting next_dagrun for example_branch_datetime_operator to 2025-11-26 00:00:00+00:00, run_after=2025-11-27 00:00:00+00:00
[2025-11-27T14:53:10.271-0300] {logging_mixin.py:188} INFO - [2025-11-27T14:53:10.271-0300] {dag.py:3947} INFO - Setting next_dagrun for example_branch_datetime_operator_2 to 2025-11-26 00:00:00+00:00, run_after=2025-11-27 00:00:00+00:00
[2025-11-27T14:53:10.272-0300] {logging_mixin.py:188} INFO - [2025-11-27T14:53:10.272-0300] {dag.py:3947} INFO - Setting next_dagrun for example_branch_datetime_operator_3 to 2025-11-26 00:00:00+00:00, run_after=2025-11-27 00:00:00+00:00
[2025-11-27T14:53:10.280-0300] {processor.py:183} INFO - Processing /Users/davispecia/Documents/GitHub/Pf_pipeline_dados/Projeto_final_fase3/venv/lib/python3.9/site-packages/airflow/example_dags/example_branch_datetime_operator.py took 0.100 seconds
[2025-11-27T14:55:12.818-0300] {processor.py:161} INFO - Started process (PID=10880) to work on /Users/davispecia/Documents/GitHub/Pf_pipeline_dados/Projeto_final_fase3/venv/lib/python3.9/site-packages/airflow/example_dags/example_branch_datetime_operator.py
[2025-11-27T14:55:12.819-0300] {processor.py:830} INFO - Processing file /Users/davispecia/Documents/GitHub/Pf_pipeline_dados/Projeto_final_fase3/venv/lib/python3.9/site-packages/airflow/example_dags/example_branch_datetime_operator.py for tasks to queue
[2025-11-27T14:55:12.820-0300] {logging_mixin.py:188} INFO - [2025-11-27T14:55:12.819-0300] {dagbag.py:545} INFO - Filling up the DagBag from /Users/davispecia/Documents/GitHub/Pf_pipeline_dados/Projeto_final_fase3/venv/lib/python3.9/site-packages/airflow/example_dags/example_branch_datetime_operator.py
[2025-11-27T14:55:12.826-0300] {processor.py:840} INFO - DAG(s) 'example_branch_datetime_operator', 'example_branch_datetime_operator_3', 'example_branch_datetime_operator_2' retrieved from /Users/davispecia/Documents/GitHub/Pf_pipeline_dados/Projeto_final_fase3/venv/lib/python3.9/site-packages/airflow/example_dags/example_branch_datetime_operator.py
[2025-11-27T14:55:12.899-0300] {logging_mixin.py:188} INFO - [2025-11-27T14:55:12.899-0300] {dag.py:3089} INFO - Sync 3 DAGs
[2025-11-27T14:55:12.908-0300] {logging_mixin.py:188} INFO - [2025-11-27T14:55:12.908-0300] {dag.py:3947} INFO - Setting next_dagrun for example_branch_datetime_operator to 2025-11-26 00:00:00+00:00, run_after=2025-11-27 00:00:00+00:00
[2025-11-27T14:55:12.910-0300] {logging_mixin.py:188} INFO - [2025-11-27T14:55:12.910-0300] {dag.py:3947} INFO - Setting next_dagrun for example_branch_datetime_operator_2 to 2025-11-26 00:00:00+00:00, run_after=2025-11-27 00:00:00+00:00
[2025-11-27T14:55:12.912-0300] {logging_mixin.py:188} INFO - [2025-11-27T14:55:12.911-0300] {dag.py:3947} INFO - Setting next_dagrun for example_branch_datetime_operator_3 to 2025-11-26 00:00:00+00:00, run_after=2025-11-27 00:00:00+00:00
[2025-11-27T14:55:12.921-0300] {processor.py:183} INFO - Processing /Users/davispecia/Documents/GitHub/Pf_pipeline_dados/Projeto_final_fase3/venv/lib/python3.9/site-packages/airflow/example_dags/example_branch_datetime_operator.py took 0.104 seconds
[2025-11-27T14:57:26.695-0300] {processor.py:161} INFO - Started process (PID=11272) to work on /Users/davispecia/Documents/GitHub/Pf_pipeline_dados/Projeto_final_fase3/venv/lib/python3.9/site-packages/airflow/example_dags/example_branch_datetime_operator.py
[2025-11-27T14:57:26.695-0300] {processor.py:830} INFO - Processing file /Users/davispecia/Documents/GitHub/Pf_pipeline_dados/Projeto_final_fase3/venv/lib/python3.9/site-packages/airflow/example_dags/example_branch_datetime_operator.py for tasks to queue
[2025-11-27T14:57:26.696-0300] {logging_mixin.py:188} INFO - [2025-11-27T14:57:26.696-0300] {dagbag.py:545} INFO - Filling up the DagBag from /Users/davispecia/Documents/GitHub/Pf_pipeline_dados/Projeto_final_fase3/venv/lib/python3.9/site-packages/airflow/example_dags/example_branch_datetime_operator.py
[2025-11-27T14:57:26.702-0300] {processor.py:840} INFO - DAG(s) 'example_branch_datetime_operator', 'example_branch_datetime_operator_3', 'example_branch_datetime_operator_2' retrieved from /Users/davispecia/Documents/GitHub/Pf_pipeline_dados/Projeto_final_fase3/venv/lib/python3.9/site-packages/airflow/example_dags/example_branch_datetime_operator.py
[2025-11-27T14:57:26.774-0300] {logging_mixin.py:188} INFO - [2025-11-27T14:57:26.774-0300] {dag.py:3089} INFO - Sync 3 DAGs
[2025-11-27T14:57:26.783-0300] {logging_mixin.py:188} INFO - [2025-11-27T14:57:26.783-0300] {dag.py:3947} INFO - Setting next_dagrun for example_branch_datetime_operator to 2025-11-26 00:00:00+00:00, run_after=2025-11-27 00:00:00+00:00
[2025-11-27T14:57:26.785-0300] {logging_mixin.py:188} INFO - [2025-11-27T14:57:26.785-0300] {dag.py:3947} INFO - Setting next_dagrun for example_branch_datetime_operator_2 to 2025-11-26 00:00:00+00:00, run_after=2025-11-27 00:00:00+00:00
[2025-11-27T14:57:26.786-0300] {logging_mixin.py:188} INFO - [2025-11-27T14:57:26.786-0300] {dag.py:3947} INFO - Setting next_dagrun for example_branch_datetime_operator_3 to 2025-11-26 00:00:00+00:00, run_after=2025-11-27 00:00:00+00:00
[2025-11-27T14:57:26.795-0300] {processor.py:183} INFO - Processing /Users/davispecia/Documents/GitHub/Pf_pipeline_dados/Projeto_final_fase3/venv/lib/python3.9/site-packages/airflow/example_dags/example_branch_datetime_operator.py took 0.103 seconds
[2025-11-27T14:59:34.411-0300] {processor.py:161} INFO - Started process (PID=11577) to work on /Users/davispecia/Documents/GitHub/Pf_pipeline_dados/Projeto_final_fase3/venv/lib/python3.9/site-packages/airflow/example_dags/example_branch_datetime_operator.py
[2025-11-27T14:59:34.412-0300] {processor.py:830} INFO - Processing file /Users/davispecia/Documents/GitHub/Pf_pipeline_dados/Projeto_final_fase3/venv/lib/python3.9/site-packages/airflow/example_dags/example_branch_datetime_operator.py for tasks to queue
[2025-11-27T14:59:34.412-0300] {logging_mixin.py:188} INFO - [2025-11-27T14:59:34.412-0300] {dagbag.py:545} INFO - Filling up the DagBag from /Users/davispecia/Documents/GitHub/Pf_pipeline_dados/Projeto_final_fase3/venv/lib/python3.9/site-packages/airflow/example_dags/example_branch_datetime_operator.py
[2025-11-27T14:59:34.419-0300] {processor.py:840} INFO - DAG(s) 'example_branch_datetime_operator_2', 'example_branch_datetime_operator', 'example_branch_datetime_operator_3' retrieved from /Users/davispecia/Documents/GitHub/Pf_pipeline_dados/Projeto_final_fase3/venv/lib/python3.9/site-packages/airflow/example_dags/example_branch_datetime_operator.py
[2025-11-27T14:59:34.493-0300] {logging_mixin.py:188} INFO - [2025-11-27T14:59:34.493-0300] {dag.py:3089} INFO - Sync 3 DAGs
[2025-11-27T14:59:34.502-0300] {logging_mixin.py:188} INFO - [2025-11-27T14:59:34.502-0300] {dag.py:3947} INFO - Setting next_dagrun for example_branch_datetime_operator to 2025-11-26 00:00:00+00:00, run_after=2025-11-27 00:00:00+00:00
[2025-11-27T14:59:34.504-0300] {logging_mixin.py:188} INFO - [2025-11-27T14:59:34.504-0300] {dag.py:3947} INFO - Setting next_dagrun for example_branch_datetime_operator_2 to 2025-11-26 00:00:00+00:00, run_after=2025-11-27 00:00:00+00:00
[2025-11-27T14:59:34.505-0300] {logging_mixin.py:188} INFO - [2025-11-27T14:59:34.505-0300] {dag.py:3947} INFO - Setting next_dagrun for example_branch_datetime_operator_3 to 2025-11-26 00:00:00+00:00, run_after=2025-11-27 00:00:00+00:00
[2025-11-27T14:59:34.514-0300] {processor.py:183} INFO - Processing /Users/davispecia/Documents/GitHub/Pf_pipeline_dados/Projeto_final_fase3/venv/lib/python3.9/site-packages/airflow/example_dags/example_branch_datetime_operator.py took 0.105 seconds
[2025-11-27T15:01:48.273-0300] {processor.py:161} INFO - Started process (PID=11955) to work on /Users/davispecia/Documents/GitHub/Pf_pipeline_dados/Projeto_final_fase3/venv/lib/python3.9/site-packages/airflow/example_dags/example_branch_datetime_operator.py
[2025-11-27T15:01:48.274-0300] {processor.py:830} INFO - Processing file /Users/davispecia/Documents/GitHub/Pf_pipeline_dados/Projeto_final_fase3/venv/lib/python3.9/site-packages/airflow/example_dags/example_branch_datetime_operator.py for tasks to queue
[2025-11-27T15:01:48.274-0300] {logging_mixin.py:188} INFO - [2025-11-27T15:01:48.274-0300] {dagbag.py:545} INFO - Filling up the DagBag from /Users/davispecia/Documents/GitHub/Pf_pipeline_dados/Projeto_final_fase3/venv/lib/python3.9/site-packages/airflow/example_dags/example_branch_datetime_operator.py
[2025-11-27T15:01:48.280-0300] {processor.py:840} INFO - DAG(s) 'example_branch_datetime_operator_3', 'example_branch_datetime_operator', 'example_branch_datetime_operator_2' retrieved from /Users/davispecia/Documents/GitHub/Pf_pipeline_dados/Projeto_final_fase3/venv/lib/python3.9/site-packages/airflow/example_dags/example_branch_datetime_operator.py
[2025-11-27T15:01:48.351-0300] {logging_mixin.py:188} INFO - [2025-11-27T15:01:48.351-0300] {dag.py:3089} INFO - Sync 3 DAGs
[2025-11-27T15:01:48.360-0300] {logging_mixin.py:188} INFO - [2025-11-27T15:01:48.360-0300] {dag.py:3947} INFO - Setting next_dagrun for example_branch_datetime_operator to 2025-11-26 00:00:00+00:00, run_after=2025-11-27 00:00:00+00:00
[2025-11-27T15:01:48.362-0300] {logging_mixin.py:188} INFO - [2025-11-27T15:01:48.362-0300] {dag.py:3947} INFO - Setting next_dagrun for example_branch_datetime_operator_2 to 2025-11-26 00:00:00+00:00, run_after=2025-11-27 00:00:00+00:00
[2025-11-27T15:01:48.363-0300] {logging_mixin.py:188} INFO - [2025-11-27T15:01:48.363-0300] {dag.py:3947} INFO - Setting next_dagrun for example_branch_datetime_operator_3 to 2025-11-26 00:00:00+00:00, run_after=2025-11-27 00:00:00+00:00
[2025-11-27T15:01:48.371-0300] {processor.py:183} INFO - Processing /Users/davispecia/Documents/GitHub/Pf_pipeline_dados/Projeto_final_fase3/venv/lib/python3.9/site-packages/airflow/example_dags/example_branch_datetime_operator.py took 0.099 seconds
[2025-11-27T15:03:56.526-0300] {processor.py:161} INFO - Started process (PID=12261) to work on /Users/davispecia/Documents/GitHub/Pf_pipeline_dados/Projeto_final_fase3/venv/lib/python3.9/site-packages/airflow/example_dags/example_branch_datetime_operator.py
[2025-11-27T15:03:56.527-0300] {processor.py:830} INFO - Processing file /Users/davispecia/Documents/GitHub/Pf_pipeline_dados/Projeto_final_fase3/venv/lib/python3.9/site-packages/airflow/example_dags/example_branch_datetime_operator.py for tasks to queue
[2025-11-27T15:03:56.527-0300] {logging_mixin.py:188} INFO - [2025-11-27T15:03:56.527-0300] {dagbag.py:545} INFO - Filling up the DagBag from /Users/davispecia/Documents/GitHub/Pf_pipeline_dados/Projeto_final_fase3/venv/lib/python3.9/site-packages/airflow/example_dags/example_branch_datetime_operator.py
[2025-11-27T15:03:56.533-0300] {processor.py:840} INFO - DAG(s) 'example_branch_datetime_operator', 'example_branch_datetime_operator_2', 'example_branch_datetime_operator_3' retrieved from /Users/davispecia/Documents/GitHub/Pf_pipeline_dados/Projeto_final_fase3/venv/lib/python3.9/site-packages/airflow/example_dags/example_branch_datetime_operator.py
[2025-11-27T15:03:56.604-0300] {logging_mixin.py:188} INFO - [2025-11-27T15:03:56.603-0300] {dag.py:3089} INFO - Sync 3 DAGs
[2025-11-27T15:03:56.612-0300] {logging_mixin.py:188} INFO - [2025-11-27T15:03:56.612-0300] {dag.py:3947} INFO - Setting next_dagrun for example_branch_datetime_operator to 2025-11-26 00:00:00+00:00, run_after=2025-11-27 00:00:00+00:00
[2025-11-27T15:03:56.614-0300] {logging_mixin.py:188} INFO - [2025-11-27T15:03:56.614-0300] {dag.py:3947} INFO - Setting next_dagrun for example_branch_datetime_operator_2 to 2025-11-26 00:00:00+00:00, run_after=2025-11-27 00:00:00+00:00
[2025-11-27T15:03:56.615-0300] {logging_mixin.py:188} INFO - [2025-11-27T15:03:56.615-0300] {dag.py:3947} INFO - Setting next_dagrun for example_branch_datetime_operator_3 to 2025-11-26 00:00:00+00:00, run_after=2025-11-27 00:00:00+00:00
[2025-11-27T15:03:56.623-0300] {processor.py:183} INFO - Processing /Users/davispecia/Documents/GitHub/Pf_pipeline_dados/Projeto_final_fase3/venv/lib/python3.9/site-packages/airflow/example_dags/example_branch_datetime_operator.py took 0.100 seconds
[2025-11-27T15:06:03.240-0300] {processor.py:161} INFO - Started process (PID=12565) to work on /Users/davispecia/Documents/GitHub/Pf_pipeline_dados/Projeto_final_fase3/venv/lib/python3.9/site-packages/airflow/example_dags/example_branch_datetime_operator.py
[2025-11-27T15:06:03.241-0300] {processor.py:830} INFO - Processing file /Users/davispecia/Documents/GitHub/Pf_pipeline_dados/Projeto_final_fase3/venv/lib/python3.9/site-packages/airflow/example_dags/example_branch_datetime_operator.py for tasks to queue
[2025-11-27T15:06:03.241-0300] {logging_mixin.py:188} INFO - [2025-11-27T15:06:03.241-0300] {dagbag.py:545} INFO - Filling up the DagBag from /Users/davispecia/Documents/GitHub/Pf_pipeline_dados/Projeto_final_fase3/venv/lib/python3.9/site-packages/airflow/example_dags/example_branch_datetime_operator.py
[2025-11-27T15:06:03.248-0300] {processor.py:840} INFO - DAG(s) 'example_branch_datetime_operator', 'example_branch_datetime_operator_2', 'example_branch_datetime_operator_3' retrieved from /Users/davispecia/Documents/GitHub/Pf_pipeline_dados/Projeto_final_fase3/venv/lib/python3.9/site-packages/airflow/example_dags/example_branch_datetime_operator.py
[2025-11-27T15:06:03.320-0300] {logging_mixin.py:188} INFO - [2025-11-27T15:06:03.320-0300] {dag.py:3089} INFO - Sync 3 DAGs
[2025-11-27T15:06:03.329-0300] {logging_mixin.py:188} INFO - [2025-11-27T15:06:03.329-0300] {dag.py:3947} INFO - Setting next_dagrun for example_branch_datetime_operator to 2025-11-26 00:00:00+00:00, run_after=2025-11-27 00:00:00+00:00
[2025-11-27T15:06:03.331-0300] {logging_mixin.py:188} INFO - [2025-11-27T15:06:03.331-0300] {dag.py:3947} INFO - Setting next_dagrun for example_branch_datetime_operator_2 to 2025-11-26 00:00:00+00:00, run_after=2025-11-27 00:00:00+00:00
[2025-11-27T15:06:03.332-0300] {logging_mixin.py:188} INFO - [2025-11-27T15:06:03.332-0300] {dag.py:3947} INFO - Setting next_dagrun for example_branch_datetime_operator_3 to 2025-11-26 00:00:00+00:00, run_after=2025-11-27 00:00:00+00:00
[2025-11-27T15:06:03.340-0300] {processor.py:183} INFO - Processing /Users/davispecia/Documents/GitHub/Pf_pipeline_dados/Projeto_final_fase3/venv/lib/python3.9/site-packages/airflow/example_dags/example_branch_datetime_operator.py took 0.102 seconds
[2025-11-27T15:08:19.678-0300] {processor.py:161} INFO - Started process (PID=12947) to work on /Users/davispecia/Documents/GitHub/Pf_pipeline_dados/Projeto_final_fase3/venv/lib/python3.9/site-packages/airflow/example_dags/example_branch_datetime_operator.py
[2025-11-27T15:08:19.679-0300] {processor.py:830} INFO - Processing file /Users/davispecia/Documents/GitHub/Pf_pipeline_dados/Projeto_final_fase3/venv/lib/python3.9/site-packages/airflow/example_dags/example_branch_datetime_operator.py for tasks to queue
[2025-11-27T15:08:19.680-0300] {logging_mixin.py:188} INFO - [2025-11-27T15:08:19.679-0300] {dagbag.py:545} INFO - Filling up the DagBag from /Users/davispecia/Documents/GitHub/Pf_pipeline_dados/Projeto_final_fase3/venv/lib/python3.9/site-packages/airflow/example_dags/example_branch_datetime_operator.py
[2025-11-27T15:08:19.686-0300] {processor.py:840} INFO - DAG(s) 'example_branch_datetime_operator_3', 'example_branch_datetime_operator', 'example_branch_datetime_operator_2' retrieved from /Users/davispecia/Documents/GitHub/Pf_pipeline_dados/Projeto_final_fase3/venv/lib/python3.9/site-packages/airflow/example_dags/example_branch_datetime_operator.py
[2025-11-27T15:08:19.757-0300] {logging_mixin.py:188} INFO - [2025-11-27T15:08:19.757-0300] {dag.py:3089} INFO - Sync 3 DAGs
[2025-11-27T15:08:19.766-0300] {logging_mixin.py:188} INFO - [2025-11-27T15:08:19.766-0300] {dag.py:3947} INFO - Setting next_dagrun for example_branch_datetime_operator to 2025-11-26 00:00:00+00:00, run_after=2025-11-27 00:00:00+00:00
[2025-11-27T15:08:19.768-0300] {logging_mixin.py:188} INFO - [2025-11-27T15:08:19.768-0300] {dag.py:3947} INFO - Setting next_dagrun for example_branch_datetime_operator_2 to 2025-11-26 00:00:00+00:00, run_after=2025-11-27 00:00:00+00:00
[2025-11-27T15:08:19.769-0300] {logging_mixin.py:188} INFO - [2025-11-27T15:08:19.769-0300] {dag.py:3947} INFO - Setting next_dagrun for example_branch_datetime_operator_3 to 2025-11-26 00:00:00+00:00, run_after=2025-11-27 00:00:00+00:00
[2025-11-27T15:08:19.777-0300] {processor.py:183} INFO - Processing /Users/davispecia/Documents/GitHub/Pf_pipeline_dados/Projeto_final_fase3/venv/lib/python3.9/site-packages/airflow/example_dags/example_branch_datetime_operator.py took 0.101 seconds
[2025-11-27T15:10:26.101-0300] {processor.py:161} INFO - Started process (PID=13252) to work on /Users/davispecia/Documents/GitHub/Pf_pipeline_dados/Projeto_final_fase3/venv/lib/python3.9/site-packages/airflow/example_dags/example_branch_datetime_operator.py
[2025-11-27T15:10:26.103-0300] {processor.py:830} INFO - Processing file /Users/davispecia/Documents/GitHub/Pf_pipeline_dados/Projeto_final_fase3/venv/lib/python3.9/site-packages/airflow/example_dags/example_branch_datetime_operator.py for tasks to queue
[2025-11-27T15:10:26.103-0300] {logging_mixin.py:188} INFO - [2025-11-27T15:10:26.103-0300] {dagbag.py:545} INFO - Filling up the DagBag from /Users/davispecia/Documents/GitHub/Pf_pipeline_dados/Projeto_final_fase3/venv/lib/python3.9/site-packages/airflow/example_dags/example_branch_datetime_operator.py
[2025-11-27T15:10:26.110-0300] {processor.py:840} INFO - DAG(s) 'example_branch_datetime_operator', 'example_branch_datetime_operator_3', 'example_branch_datetime_operator_2' retrieved from /Users/davispecia/Documents/GitHub/Pf_pipeline_dados/Projeto_final_fase3/venv/lib/python3.9/site-packages/airflow/example_dags/example_branch_datetime_operator.py
[2025-11-27T15:10:26.180-0300] {logging_mixin.py:188} INFO - [2025-11-27T15:10:26.180-0300] {dag.py:3089} INFO - Sync 3 DAGs
[2025-11-27T15:10:26.189-0300] {logging_mixin.py:188} INFO - [2025-11-27T15:10:26.189-0300] {dag.py:3947} INFO - Setting next_dagrun for example_branch_datetime_operator to 2025-11-26 00:00:00+00:00, run_after=2025-11-27 00:00:00+00:00
[2025-11-27T15:10:26.191-0300] {logging_mixin.py:188} INFO - [2025-11-27T15:10:26.191-0300] {dag.py:3947} INFO - Setting next_dagrun for example_branch_datetime_operator_2 to 2025-11-26 00:00:00+00:00, run_after=2025-11-27 00:00:00+00:00
[2025-11-27T15:10:26.192-0300] {logging_mixin.py:188} INFO - [2025-11-27T15:10:26.192-0300] {dag.py:3947} INFO - Setting next_dagrun for example_branch_datetime_operator_3 to 2025-11-26 00:00:00+00:00, run_after=2025-11-27 00:00:00+00:00
[2025-11-27T15:10:26.200-0300] {processor.py:183} INFO - Processing /Users/davispecia/Documents/GitHub/Pf_pipeline_dados/Projeto_final_fase3/venv/lib/python3.9/site-packages/airflow/example_dags/example_branch_datetime_operator.py took 0.101 seconds
[2025-11-27T15:12:32.849-0300] {processor.py:161} INFO - Started process (PID=13639) to work on /Users/davispecia/Documents/GitHub/Pf_pipeline_dados/Projeto_final_fase3/venv/lib/python3.9/site-packages/airflow/example_dags/example_branch_datetime_operator.py
[2025-11-27T15:12:32.850-0300] {processor.py:830} INFO - Processing file /Users/davispecia/Documents/GitHub/Pf_pipeline_dados/Projeto_final_fase3/venv/lib/python3.9/site-packages/airflow/example_dags/example_branch_datetime_operator.py for tasks to queue
[2025-11-27T15:12:32.850-0300] {logging_mixin.py:188} INFO - [2025-11-27T15:12:32.850-0300] {dagbag.py:545} INFO - Filling up the DagBag from /Users/davispecia/Documents/GitHub/Pf_pipeline_dados/Projeto_final_fase3/venv/lib/python3.9/site-packages/airflow/example_dags/example_branch_datetime_operator.py
[2025-11-27T15:12:32.857-0300] {processor.py:840} INFO - DAG(s) 'example_branch_datetime_operator_2', 'example_branch_datetime_operator', 'example_branch_datetime_operator_3' retrieved from /Users/davispecia/Documents/GitHub/Pf_pipeline_dados/Projeto_final_fase3/venv/lib/python3.9/site-packages/airflow/example_dags/example_branch_datetime_operator.py
[2025-11-27T15:12:32.928-0300] {logging_mixin.py:188} INFO - [2025-11-27T15:12:32.928-0300] {dag.py:3089} INFO - Sync 3 DAGs
[2025-11-27T15:12:32.937-0300] {logging_mixin.py:188} INFO - [2025-11-27T15:12:32.937-0300] {dag.py:3947} INFO - Setting next_dagrun for example_branch_datetime_operator to 2025-11-26 00:00:00+00:00, run_after=2025-11-27 00:00:00+00:00
[2025-11-27T15:12:32.939-0300] {logging_mixin.py:188} INFO - [2025-11-27T15:12:32.939-0300] {dag.py:3947} INFO - Setting next_dagrun for example_branch_datetime_operator_2 to 2025-11-26 00:00:00+00:00, run_after=2025-11-27 00:00:00+00:00
[2025-11-27T15:12:32.940-0300] {logging_mixin.py:188} INFO - [2025-11-27T15:12:32.940-0300] {dag.py:3947} INFO - Setting next_dagrun for example_branch_datetime_operator_3 to 2025-11-26 00:00:00+00:00, run_after=2025-11-27 00:00:00+00:00
[2025-11-27T15:12:32.949-0300] {processor.py:183} INFO - Processing /Users/davispecia/Documents/GitHub/Pf_pipeline_dados/Projeto_final_fase3/venv/lib/python3.9/site-packages/airflow/example_dags/example_branch_datetime_operator.py took 0.102 seconds
[2025-11-27T15:14:37.471-0300] {processor.py:161} INFO - Started process (PID=14010) to work on /Users/davispecia/Documents/GitHub/Pf_pipeline_dados/Projeto_final_fase3/venv/lib/python3.9/site-packages/airflow/example_dags/example_branch_datetime_operator.py
[2025-11-27T15:14:37.471-0300] {processor.py:830} INFO - Processing file /Users/davispecia/Documents/GitHub/Pf_pipeline_dados/Projeto_final_fase3/venv/lib/python3.9/site-packages/airflow/example_dags/example_branch_datetime_operator.py for tasks to queue
[2025-11-27T15:14:37.472-0300] {logging_mixin.py:188} INFO - [2025-11-27T15:14:37.472-0300] {dagbag.py:545} INFO - Filling up the DagBag from /Users/davispecia/Documents/GitHub/Pf_pipeline_dados/Projeto_final_fase3/venv/lib/python3.9/site-packages/airflow/example_dags/example_branch_datetime_operator.py
[2025-11-27T15:14:37.478-0300] {processor.py:840} INFO - DAG(s) 'example_branch_datetime_operator_2', 'example_branch_datetime_operator_3', 'example_branch_datetime_operator' retrieved from /Users/davispecia/Documents/GitHub/Pf_pipeline_dados/Projeto_final_fase3/venv/lib/python3.9/site-packages/airflow/example_dags/example_branch_datetime_operator.py
[2025-11-27T15:14:37.550-0300] {logging_mixin.py:188} INFO - [2025-11-27T15:14:37.550-0300] {dag.py:3089} INFO - Sync 3 DAGs
[2025-11-27T15:14:37.559-0300] {logging_mixin.py:188} INFO - [2025-11-27T15:14:37.559-0300] {dag.py:3947} INFO - Setting next_dagrun for example_branch_datetime_operator to 2025-11-26 00:00:00+00:00, run_after=2025-11-27 00:00:00+00:00
[2025-11-27T15:14:37.561-0300] {logging_mixin.py:188} INFO - [2025-11-27T15:14:37.561-0300] {dag.py:3947} INFO - Setting next_dagrun for example_branch_datetime_operator_2 to 2025-11-26 00:00:00+00:00, run_after=2025-11-27 00:00:00+00:00
[2025-11-27T15:14:37.562-0300] {logging_mixin.py:188} INFO - [2025-11-27T15:14:37.562-0300] {dag.py:3947} INFO - Setting next_dagrun for example_branch_datetime_operator_3 to 2025-11-26 00:00:00+00:00, run_after=2025-11-27 00:00:00+00:00
[2025-11-27T15:14:37.572-0300] {processor.py:183} INFO - Processing /Users/davispecia/Documents/GitHub/Pf_pipeline_dados/Projeto_final_fase3/venv/lib/python3.9/site-packages/airflow/example_dags/example_branch_datetime_operator.py took 0.103 seconds
[2025-11-27T15:16:37.843-0300] {processor.py:161} INFO - Started process (PID=14301) to work on /Users/davispecia/Documents/GitHub/Pf_pipeline_dados/Projeto_final_fase3/venv/lib/python3.9/site-packages/airflow/example_dags/example_branch_datetime_operator.py
[2025-11-27T15:16:37.844-0300] {processor.py:830} INFO - Processing file /Users/davispecia/Documents/GitHub/Pf_pipeline_dados/Projeto_final_fase3/venv/lib/python3.9/site-packages/airflow/example_dags/example_branch_datetime_operator.py for tasks to queue
[2025-11-27T15:16:37.844-0300] {logging_mixin.py:188} INFO - [2025-11-27T15:16:37.844-0300] {dagbag.py:545} INFO - Filling up the DagBag from /Users/davispecia/Documents/GitHub/Pf_pipeline_dados/Projeto_final_fase3/venv/lib/python3.9/site-packages/airflow/example_dags/example_branch_datetime_operator.py
[2025-11-27T15:16:37.851-0300] {processor.py:840} INFO - DAG(s) 'example_branch_datetime_operator', 'example_branch_datetime_operator_2', 'example_branch_datetime_operator_3' retrieved from /Users/davispecia/Documents/GitHub/Pf_pipeline_dados/Projeto_final_fase3/venv/lib/python3.9/site-packages/airflow/example_dags/example_branch_datetime_operator.py
[2025-11-27T15:16:37.921-0300] {logging_mixin.py:188} INFO - [2025-11-27T15:16:37.921-0300] {dag.py:3089} INFO - Sync 3 DAGs
[2025-11-27T15:16:37.930-0300] {logging_mixin.py:188} INFO - [2025-11-27T15:16:37.930-0300] {dag.py:3947} INFO - Setting next_dagrun for example_branch_datetime_operator to 2025-11-26 00:00:00+00:00, run_after=2025-11-27 00:00:00+00:00
[2025-11-27T15:16:37.932-0300] {logging_mixin.py:188} INFO - [2025-11-27T15:16:37.932-0300] {dag.py:3947} INFO - Setting next_dagrun for example_branch_datetime_operator_2 to 2025-11-26 00:00:00+00:00, run_after=2025-11-27 00:00:00+00:00
[2025-11-27T15:16:37.933-0300] {logging_mixin.py:188} INFO - [2025-11-27T15:16:37.933-0300] {dag.py:3947} INFO - Setting next_dagrun for example_branch_datetime_operator_3 to 2025-11-26 00:00:00+00:00, run_after=2025-11-27 00:00:00+00:00
[2025-11-27T15:16:37.941-0300] {processor.py:183} INFO - Processing /Users/davispecia/Documents/GitHub/Pf_pipeline_dados/Projeto_final_fase3/venv/lib/python3.9/site-packages/airflow/example_dags/example_branch_datetime_operator.py took 0.101 seconds
[2025-11-27T15:18:49.307-0300] {processor.py:161} INFO - Started process (PID=14685) to work on /Users/davispecia/Documents/GitHub/Pf_pipeline_dados/Projeto_final_fase3/venv/lib/python3.9/site-packages/airflow/example_dags/example_branch_datetime_operator.py
[2025-11-27T15:18:49.307-0300] {processor.py:830} INFO - Processing file /Users/davispecia/Documents/GitHub/Pf_pipeline_dados/Projeto_final_fase3/venv/lib/python3.9/site-packages/airflow/example_dags/example_branch_datetime_operator.py for tasks to queue
[2025-11-27T15:18:49.308-0300] {logging_mixin.py:188} INFO - [2025-11-27T15:18:49.308-0300] {dagbag.py:545} INFO - Filling up the DagBag from /Users/davispecia/Documents/GitHub/Pf_pipeline_dados/Projeto_final_fase3/venv/lib/python3.9/site-packages/airflow/example_dags/example_branch_datetime_operator.py
[2025-11-27T15:18:49.314-0300] {processor.py:840} INFO - DAG(s) 'example_branch_datetime_operator', 'example_branch_datetime_operator_3', 'example_branch_datetime_operator_2' retrieved from /Users/davispecia/Documents/GitHub/Pf_pipeline_dados/Projeto_final_fase3/venv/lib/python3.9/site-packages/airflow/example_dags/example_branch_datetime_operator.py
[2025-11-27T15:18:49.384-0300] {logging_mixin.py:188} INFO - [2025-11-27T15:18:49.384-0300] {dag.py:3089} INFO - Sync 3 DAGs
[2025-11-27T15:18:49.393-0300] {logging_mixin.py:188} INFO - [2025-11-27T15:18:49.393-0300] {dag.py:3947} INFO - Setting next_dagrun for example_branch_datetime_operator to 2025-11-26 00:00:00+00:00, run_after=2025-11-27 00:00:00+00:00
[2025-11-27T15:18:49.395-0300] {logging_mixin.py:188} INFO - [2025-11-27T15:18:49.395-0300] {dag.py:3947} INFO - Setting next_dagrun for example_branch_datetime_operator_2 to 2025-11-26 00:00:00+00:00, run_after=2025-11-27 00:00:00+00:00
[2025-11-27T15:18:49.396-0300] {logging_mixin.py:188} INFO - [2025-11-27T15:18:49.396-0300] {dag.py:3947} INFO - Setting next_dagrun for example_branch_datetime_operator_3 to 2025-11-26 00:00:00+00:00, run_after=2025-11-27 00:00:00+00:00
[2025-11-27T15:18:49.404-0300] {processor.py:183} INFO - Processing /Users/davispecia/Documents/GitHub/Pf_pipeline_dados/Projeto_final_fase3/venv/lib/python3.9/site-packages/airflow/example_dags/example_branch_datetime_operator.py took 0.100 seconds
[2025-11-27T15:24:23.984-0300] {processor.py:161} INFO - Started process (PID=15038) to work on /Users/davispecia/Documents/GitHub/Pf_pipeline_dados/Projeto_final_fase3/venv/lib/python3.9/site-packages/airflow/example_dags/example_branch_datetime_operator.py
[2025-11-27T15:24:23.984-0300] {processor.py:830} INFO - Processing file /Users/davispecia/Documents/GitHub/Pf_pipeline_dados/Projeto_final_fase3/venv/lib/python3.9/site-packages/airflow/example_dags/example_branch_datetime_operator.py for tasks to queue
[2025-11-27T15:24:23.985-0300] {logging_mixin.py:188} INFO - [2025-11-27T15:24:23.985-0300] {dagbag.py:545} INFO - Filling up the DagBag from /Users/davispecia/Documents/GitHub/Pf_pipeline_dados/Projeto_final_fase3/venv/lib/python3.9/site-packages/airflow/example_dags/example_branch_datetime_operator.py
[2025-11-27T15:24:23.992-0300] {processor.py:840} INFO - DAG(s) 'example_branch_datetime_operator_3', 'example_branch_datetime_operator_2', 'example_branch_datetime_operator' retrieved from /Users/davispecia/Documents/GitHub/Pf_pipeline_dados/Projeto_final_fase3/venv/lib/python3.9/site-packages/airflow/example_dags/example_branch_datetime_operator.py
[2025-11-27T15:24:24.067-0300] {logging_mixin.py:188} INFO - [2025-11-27T15:24:24.067-0300] {dag.py:3089} INFO - Sync 3 DAGs
[2025-11-27T15:24:24.076-0300] {logging_mixin.py:188} INFO - [2025-11-27T15:24:24.076-0300] {dag.py:3947} INFO - Setting next_dagrun for example_branch_datetime_operator to 2025-11-26 00:00:00+00:00, run_after=2025-11-27 00:00:00+00:00
[2025-11-27T15:24:24.078-0300] {logging_mixin.py:188} INFO - [2025-11-27T15:24:24.078-0300] {dag.py:3947} INFO - Setting next_dagrun for example_branch_datetime_operator_2 to 2025-11-26 00:00:00+00:00, run_after=2025-11-27 00:00:00+00:00
[2025-11-27T15:24:24.079-0300] {logging_mixin.py:188} INFO - [2025-11-27T15:24:24.079-0300] {dag.py:3947} INFO - Setting next_dagrun for example_branch_datetime_operator_3 to 2025-11-26 00:00:00+00:00, run_after=2025-11-27 00:00:00+00:00
[2025-11-27T15:24:24.089-0300] {processor.py:183} INFO - Processing /Users/davispecia/Documents/GitHub/Pf_pipeline_dados/Projeto_final_fase3/venv/lib/python3.9/site-packages/airflow/example_dags/example_branch_datetime_operator.py took 0.107 seconds
[2025-11-27T15:26:37.618-0300] {processor.py:161} INFO - Started process (PID=15422) to work on /Users/davispecia/Documents/GitHub/Pf_pipeline_dados/Projeto_final_fase3/venv/lib/python3.9/site-packages/airflow/example_dags/example_branch_datetime_operator.py
[2025-11-27T15:26:37.620-0300] {processor.py:830} INFO - Processing file /Users/davispecia/Documents/GitHub/Pf_pipeline_dados/Projeto_final_fase3/venv/lib/python3.9/site-packages/airflow/example_dags/example_branch_datetime_operator.py for tasks to queue
[2025-11-27T15:26:37.620-0300] {logging_mixin.py:188} INFO - [2025-11-27T15:26:37.620-0300] {dagbag.py:545} INFO - Filling up the DagBag from /Users/davispecia/Documents/GitHub/Pf_pipeline_dados/Projeto_final_fase3/venv/lib/python3.9/site-packages/airflow/example_dags/example_branch_datetime_operator.py
[2025-11-27T15:26:37.627-0300] {processor.py:840} INFO - DAG(s) 'example_branch_datetime_operator_3', 'example_branch_datetime_operator_2', 'example_branch_datetime_operator' retrieved from /Users/davispecia/Documents/GitHub/Pf_pipeline_dados/Projeto_final_fase3/venv/lib/python3.9/site-packages/airflow/example_dags/example_branch_datetime_operator.py
[2025-11-27T15:26:37.702-0300] {logging_mixin.py:188} INFO - [2025-11-27T15:26:37.702-0300] {dag.py:3089} INFO - Sync 3 DAGs
[2025-11-27T15:26:37.711-0300] {logging_mixin.py:188} INFO - [2025-11-27T15:26:37.711-0300] {dag.py:3947} INFO - Setting next_dagrun for example_branch_datetime_operator to 2025-11-26 00:00:00+00:00, run_after=2025-11-27 00:00:00+00:00
[2025-11-27T15:26:37.713-0300] {logging_mixin.py:188} INFO - [2025-11-27T15:26:37.713-0300] {dag.py:3947} INFO - Setting next_dagrun for example_branch_datetime_operator_2 to 2025-11-26 00:00:00+00:00, run_after=2025-11-27 00:00:00+00:00
[2025-11-27T15:26:37.714-0300] {logging_mixin.py:188} INFO - [2025-11-27T15:26:37.714-0300] {dag.py:3947} INFO - Setting next_dagrun for example_branch_datetime_operator_3 to 2025-11-26 00:00:00+00:00, run_after=2025-11-27 00:00:00+00:00
[2025-11-27T15:26:37.722-0300] {processor.py:183} INFO - Processing /Users/davispecia/Documents/GitHub/Pf_pipeline_dados/Projeto_final_fase3/venv/lib/python3.9/site-packages/airflow/example_dags/example_branch_datetime_operator.py took 0.106 seconds
