[2025-11-27T11:12:15.346-0300] {processor.py:161} INFO - Started process (PID=88809) to work on /Users/davispecia/Documents/GitHub/Pf_pipeline_dados/Projeto_final_fase3/venv/lib/python3.9/site-packages/airflow/example_dags/example_sla_dag.py
[2025-11-27T11:12:15.347-0300] {processor.py:830} INFO - Processing file /Users/davispecia/Documents/GitHub/Pf_pipeline_dados/Projeto_final_fase3/venv/lib/python3.9/site-packages/airflow/example_dags/example_sla_dag.py for tasks to queue
[2025-11-27T11:12:15.347-0300] {logging_mixin.py:188} INFO - [2025-11-27T11:12:15.347-0300] {dagbag.py:545} INFO - Filling up the DagBag from /Users/davispecia/Documents/GitHub/Pf_pipeline_dados/Projeto_final_fase3/venv/lib/python3.9/site-packages/airflow/example_dags/example_sla_dag.py
[2025-11-27T11:12:15.368-0300] {processor.py:840} INFO - DAG(s) 'example_sla_dag' retrieved from /Users/davispecia/Documents/GitHub/Pf_pipeline_dados/Projeto_final_fase3/venv/lib/python3.9/site-packages/airflow/example_dags/example_sla_dag.py
[2025-11-27T11:12:15.481-0300] {logging_mixin.py:188} INFO - [2025-11-27T11:12:15.481-0300] {override.py:1858} INFO - Created Permission View: can delete on DAG:example_sla_dag
[2025-11-27T11:12:15.485-0300] {logging_mixin.py:188} INFO - [2025-11-27T11:12:15.485-0300] {override.py:1858} INFO - Created Permission View: can read on DAG:example_sla_dag
[2025-11-27T11:12:15.487-0300] {logging_mixin.py:188} INFO - [2025-11-27T11:12:15.487-0300] {override.py:1858} INFO - Created Permission View: can edit on DAG:example_sla_dag
[2025-11-27T11:12:15.487-0300] {logging_mixin.py:188} INFO - [2025-11-27T11:12:15.487-0300] {dag.py:3089} INFO - Sync 1 DAGs
[2025-11-27T11:12:15.492-0300] {logging_mixin.py:188} INFO - [2025-11-27T11:12:15.492-0300] {dag.py:3111} INFO - Creating ORM DAG for example_sla_dag
[2025-11-27T11:12:15.498-0300] {logging_mixin.py:188} INFO - [2025-11-27T11:12:15.498-0300] {dag.py:3947} INFO - Setting next_dagrun for example_sla_dag to 2025-11-27 14:10:00+00:00, run_after=2025-11-27 14:12:00+00:00
[2025-11-27T11:12:15.506-0300] {processor.py:183} INFO - Processing /Users/davispecia/Documents/GitHub/Pf_pipeline_dados/Projeto_final_fase3/venv/lib/python3.9/site-packages/airflow/example_dags/example_sla_dag.py took 0.161 seconds
[2025-11-27T11:13:58.860-0300] {processor.py:161} INFO - Started process (PID=89444) to work on /Users/davispecia/Documents/GitHub/Pf_pipeline_dados/Projeto_final_fase3/venv/lib/python3.9/site-packages/airflow/example_dags/example_sla_dag.py
[2025-11-27T11:13:58.860-0300] {processor.py:830} INFO - Processing file /Users/davispecia/Documents/GitHub/Pf_pipeline_dados/Projeto_final_fase3/venv/lib/python3.9/site-packages/airflow/example_dags/example_sla_dag.py for tasks to queue
[2025-11-27T11:13:58.861-0300] {logging_mixin.py:188} INFO - [2025-11-27T11:13:58.861-0300] {dagbag.py:545} INFO - Filling up the DagBag from /Users/davispecia/Documents/GitHub/Pf_pipeline_dados/Projeto_final_fase3/venv/lib/python3.9/site-packages/airflow/example_dags/example_sla_dag.py
[2025-11-27T11:13:58.879-0300] {processor.py:840} INFO - DAG(s) 'example_sla_dag' retrieved from /Users/davispecia/Documents/GitHub/Pf_pipeline_dados/Projeto_final_fase3/venv/lib/python3.9/site-packages/airflow/example_dags/example_sla_dag.py
[2025-11-27T11:13:58.949-0300] {logging_mixin.py:188} INFO - [2025-11-27T11:13:58.949-0300] {dag.py:3089} INFO - Sync 1 DAGs
[2025-11-27T11:13:58.960-0300] {logging_mixin.py:188} INFO - [2025-11-27T11:13:58.960-0300] {dag.py:3947} INFO - Setting next_dagrun for example_sla_dag to 2025-11-27 14:10:00+00:00, run_after=2025-11-27 14:12:00+00:00
[2025-11-27T11:13:58.968-0300] {processor.py:183} INFO - Processing /Users/davispecia/Documents/GitHub/Pf_pipeline_dados/Projeto_final_fase3/venv/lib/python3.9/site-packages/airflow/example_dags/example_sla_dag.py took 0.111 seconds
[2025-11-27T11:17:23.391-0300] {processor.py:161} INFO - Started process (PID=90976) to work on /Users/davispecia/Documents/GitHub/Pf_pipeline_dados/Projeto_final_fase3/venv/lib/python3.9/site-packages/airflow/example_dags/example_sla_dag.py
[2025-11-27T11:17:23.392-0300] {processor.py:830} INFO - Processing file /Users/davispecia/Documents/GitHub/Pf_pipeline_dados/Projeto_final_fase3/venv/lib/python3.9/site-packages/airflow/example_dags/example_sla_dag.py for tasks to queue
[2025-11-27T11:17:23.392-0300] {logging_mixin.py:188} INFO - [2025-11-27T11:17:23.392-0300] {dagbag.py:545} INFO - Filling up the DagBag from /Users/davispecia/Documents/GitHub/Pf_pipeline_dados/Projeto_final_fase3/venv/lib/python3.9/site-packages/airflow/example_dags/example_sla_dag.py
[2025-11-27T11:17:23.412-0300] {processor.py:840} INFO - DAG(s) 'example_sla_dag' retrieved from /Users/davispecia/Documents/GitHub/Pf_pipeline_dados/Projeto_final_fase3/venv/lib/python3.9/site-packages/airflow/example_dags/example_sla_dag.py
[2025-11-27T11:17:23.485-0300] {logging_mixin.py:188} INFO - [2025-11-27T11:17:23.485-0300] {dag.py:3089} INFO - Sync 1 DAGs
[2025-11-27T11:17:23.497-0300] {logging_mixin.py:188} INFO - [2025-11-27T11:17:23.496-0300] {dag.py:3947} INFO - Setting next_dagrun for example_sla_dag to 2025-11-27 14:14:00+00:00, run_after=2025-11-27 14:16:00+00:00
[2025-11-27T11:17:23.506-0300] {processor.py:183} INFO - Processing /Users/davispecia/Documents/GitHub/Pf_pipeline_dados/Projeto_final_fase3/venv/lib/python3.9/site-packages/airflow/example_dags/example_sla_dag.py took 0.117 seconds
[2025-11-27T11:18:29.479-0300] {processor.py:161} INFO - Started process (PID=91135) to work on /Users/davispecia/Documents/GitHub/Pf_pipeline_dados/Projeto_final_fase3/venv/lib/python3.9/site-packages/airflow/example_dags/example_sla_dag.py
[2025-11-27T11:18:29.480-0300] {processor.py:830} INFO - Processing file /Users/davispecia/Documents/GitHub/Pf_pipeline_dados/Projeto_final_fase3/venv/lib/python3.9/site-packages/airflow/example_dags/example_sla_dag.py for tasks to queue
[2025-11-27T11:18:29.480-0300] {logging_mixin.py:188} INFO - [2025-11-27T11:18:29.480-0300] {dagbag.py:545} INFO - Filling up the DagBag from /Users/davispecia/Documents/GitHub/Pf_pipeline_dados/Projeto_final_fase3/venv/lib/python3.9/site-packages/airflow/example_dags/example_sla_dag.py
[2025-11-27T11:18:29.499-0300] {processor.py:840} INFO - DAG(s) 'example_sla_dag' retrieved from /Users/davispecia/Documents/GitHub/Pf_pipeline_dados/Projeto_final_fase3/venv/lib/python3.9/site-packages/airflow/example_dags/example_sla_dag.py
[2025-11-27T11:18:29.571-0300] {logging_mixin.py:188} INFO - [2025-11-27T11:18:29.571-0300] {dag.py:3089} INFO - Sync 1 DAGs
[2025-11-27T11:18:29.581-0300] {logging_mixin.py:188} INFO - [2025-11-27T11:18:29.581-0300] {dag.py:3947} INFO - Setting next_dagrun for example_sla_dag to 2025-11-27 14:16:00+00:00, run_after=2025-11-27 14:18:00+00:00
[2025-11-27T11:18:29.590-0300] {processor.py:183} INFO - Processing /Users/davispecia/Documents/GitHub/Pf_pipeline_dados/Projeto_final_fase3/venv/lib/python3.9/site-packages/airflow/example_dags/example_sla_dag.py took 0.114 seconds
[2025-11-27T11:20:46.306-0300] {processor.py:161} INFO - Started process (PID=91528) to work on /Users/davispecia/Documents/GitHub/Pf_pipeline_dados/Projeto_final_fase3/venv/lib/python3.9/site-packages/airflow/example_dags/example_sla_dag.py
[2025-11-27T11:20:46.307-0300] {processor.py:830} INFO - Processing file /Users/davispecia/Documents/GitHub/Pf_pipeline_dados/Projeto_final_fase3/venv/lib/python3.9/site-packages/airflow/example_dags/example_sla_dag.py for tasks to queue
[2025-11-27T11:20:46.307-0300] {logging_mixin.py:188} INFO - [2025-11-27T11:20:46.307-0300] {dagbag.py:545} INFO - Filling up the DagBag from /Users/davispecia/Documents/GitHub/Pf_pipeline_dados/Projeto_final_fase3/venv/lib/python3.9/site-packages/airflow/example_dags/example_sla_dag.py
[2025-11-27T11:20:46.326-0300] {processor.py:840} INFO - DAG(s) 'example_sla_dag' retrieved from /Users/davispecia/Documents/GitHub/Pf_pipeline_dados/Projeto_final_fase3/venv/lib/python3.9/site-packages/airflow/example_dags/example_sla_dag.py
[2025-11-27T11:20:46.395-0300] {logging_mixin.py:188} INFO - [2025-11-27T11:20:46.395-0300] {dag.py:3089} INFO - Sync 1 DAGs
[2025-11-27T11:20:46.406-0300] {logging_mixin.py:188} INFO - [2025-11-27T11:20:46.405-0300] {dag.py:3947} INFO - Setting next_dagrun for example_sla_dag to 2025-11-27 14:18:00+00:00, run_after=2025-11-27 14:20:00+00:00
[2025-11-27T11:20:46.414-0300] {processor.py:183} INFO - Processing /Users/davispecia/Documents/GitHub/Pf_pipeline_dados/Projeto_final_fase3/venv/lib/python3.9/site-packages/airflow/example_dags/example_sla_dag.py took 0.110 seconds
[2025-11-27T11:22:48.365-0300] {processor.py:161} INFO - Started process (PID=91835) to work on /Users/davispecia/Documents/GitHub/Pf_pipeline_dados/Projeto_final_fase3/venv/lib/python3.9/site-packages/airflow/example_dags/example_sla_dag.py
[2025-11-27T11:22:48.366-0300] {processor.py:830} INFO - Processing file /Users/davispecia/Documents/GitHub/Pf_pipeline_dados/Projeto_final_fase3/venv/lib/python3.9/site-packages/airflow/example_dags/example_sla_dag.py for tasks to queue
[2025-11-27T11:22:48.366-0300] {logging_mixin.py:188} INFO - [2025-11-27T11:22:48.366-0300] {dagbag.py:545} INFO - Filling up the DagBag from /Users/davispecia/Documents/GitHub/Pf_pipeline_dados/Projeto_final_fase3/venv/lib/python3.9/site-packages/airflow/example_dags/example_sla_dag.py
[2025-11-27T11:22:48.384-0300] {processor.py:840} INFO - DAG(s) 'example_sla_dag' retrieved from /Users/davispecia/Documents/GitHub/Pf_pipeline_dados/Projeto_final_fase3/venv/lib/python3.9/site-packages/airflow/example_dags/example_sla_dag.py
[2025-11-27T11:22:48.456-0300] {logging_mixin.py:188} INFO - [2025-11-27T11:22:48.456-0300] {dag.py:3089} INFO - Sync 1 DAGs
[2025-11-27T11:22:48.467-0300] {logging_mixin.py:188} INFO - [2025-11-27T11:22:48.467-0300] {dag.py:3947} INFO - Setting next_dagrun for example_sla_dag to 2025-11-27 14:20:00+00:00, run_after=2025-11-27 14:22:00+00:00
[2025-11-27T11:22:48.475-0300] {processor.py:183} INFO - Processing /Users/davispecia/Documents/GitHub/Pf_pipeline_dados/Projeto_final_fase3/venv/lib/python3.9/site-packages/airflow/example_dags/example_sla_dag.py took 0.112 seconds
[2025-11-27T11:24:52.258-0300] {processor.py:161} INFO - Started process (PID=92137) to work on /Users/davispecia/Documents/GitHub/Pf_pipeline_dados/Projeto_final_fase3/venv/lib/python3.9/site-packages/airflow/example_dags/example_sla_dag.py
[2025-11-27T11:24:52.259-0300] {processor.py:830} INFO - Processing file /Users/davispecia/Documents/GitHub/Pf_pipeline_dados/Projeto_final_fase3/venv/lib/python3.9/site-packages/airflow/example_dags/example_sla_dag.py for tasks to queue
[2025-11-27T11:24:52.260-0300] {logging_mixin.py:188} INFO - [2025-11-27T11:24:52.260-0300] {dagbag.py:545} INFO - Filling up the DagBag from /Users/davispecia/Documents/GitHub/Pf_pipeline_dados/Projeto_final_fase3/venv/lib/python3.9/site-packages/airflow/example_dags/example_sla_dag.py
[2025-11-27T11:24:52.278-0300] {processor.py:840} INFO - DAG(s) 'example_sla_dag' retrieved from /Users/davispecia/Documents/GitHub/Pf_pipeline_dados/Projeto_final_fase3/venv/lib/python3.9/site-packages/airflow/example_dags/example_sla_dag.py
[2025-11-27T11:24:52.346-0300] {logging_mixin.py:188} INFO - [2025-11-27T11:24:52.346-0300] {dag.py:3089} INFO - Sync 1 DAGs
[2025-11-27T11:24:52.357-0300] {logging_mixin.py:188} INFO - [2025-11-27T11:24:52.357-0300] {dag.py:3947} INFO - Setting next_dagrun for example_sla_dag to 2025-11-27 14:22:00+00:00, run_after=2025-11-27 14:24:00+00:00
[2025-11-27T11:24:52.365-0300] {processor.py:183} INFO - Processing /Users/davispecia/Documents/GitHub/Pf_pipeline_dados/Projeto_final_fase3/venv/lib/python3.9/site-packages/airflow/example_dags/example_sla_dag.py took 0.109 seconds
[2025-11-27T11:27:06.154-0300] {processor.py:161} INFO - Started process (PID=92518) to work on /Users/davispecia/Documents/GitHub/Pf_pipeline_dados/Projeto_final_fase3/venv/lib/python3.9/site-packages/airflow/example_dags/example_sla_dag.py
[2025-11-27T11:27:06.155-0300] {processor.py:830} INFO - Processing file /Users/davispecia/Documents/GitHub/Pf_pipeline_dados/Projeto_final_fase3/venv/lib/python3.9/site-packages/airflow/example_dags/example_sla_dag.py for tasks to queue
[2025-11-27T11:27:06.156-0300] {logging_mixin.py:188} INFO - [2025-11-27T11:27:06.156-0300] {dagbag.py:545} INFO - Filling up the DagBag from /Users/davispecia/Documents/GitHub/Pf_pipeline_dados/Projeto_final_fase3/venv/lib/python3.9/site-packages/airflow/example_dags/example_sla_dag.py
[2025-11-27T11:27:06.173-0300] {processor.py:840} INFO - DAG(s) 'example_sla_dag' retrieved from /Users/davispecia/Documents/GitHub/Pf_pipeline_dados/Projeto_final_fase3/venv/lib/python3.9/site-packages/airflow/example_dags/example_sla_dag.py
[2025-11-27T11:27:06.241-0300] {logging_mixin.py:188} INFO - [2025-11-27T11:27:06.241-0300] {dag.py:3089} INFO - Sync 1 DAGs
[2025-11-27T11:27:06.252-0300] {logging_mixin.py:188} INFO - [2025-11-27T11:27:06.252-0300] {dag.py:3947} INFO - Setting next_dagrun for example_sla_dag to 2025-11-27 14:24:00+00:00, run_after=2025-11-27 14:26:00+00:00
[2025-11-27T11:27:06.260-0300] {processor.py:183} INFO - Processing /Users/davispecia/Documents/GitHub/Pf_pipeline_dados/Projeto_final_fase3/venv/lib/python3.9/site-packages/airflow/example_dags/example_sla_dag.py took 0.108 seconds
[2025-11-27T11:29:07.578-0300] {processor.py:161} INFO - Started process (PID=92829) to work on /Users/davispecia/Documents/GitHub/Pf_pipeline_dados/Projeto_final_fase3/venv/lib/python3.9/site-packages/airflow/example_dags/example_sla_dag.py
[2025-11-27T11:29:07.579-0300] {processor.py:830} INFO - Processing file /Users/davispecia/Documents/GitHub/Pf_pipeline_dados/Projeto_final_fase3/venv/lib/python3.9/site-packages/airflow/example_dags/example_sla_dag.py for tasks to queue
[2025-11-27T11:29:07.580-0300] {logging_mixin.py:188} INFO - [2025-11-27T11:29:07.579-0300] {dagbag.py:545} INFO - Filling up the DagBag from /Users/davispecia/Documents/GitHub/Pf_pipeline_dados/Projeto_final_fase3/venv/lib/python3.9/site-packages/airflow/example_dags/example_sla_dag.py
[2025-11-27T11:29:07.597-0300] {processor.py:840} INFO - DAG(s) 'example_sla_dag' retrieved from /Users/davispecia/Documents/GitHub/Pf_pipeline_dados/Projeto_final_fase3/venv/lib/python3.9/site-packages/airflow/example_dags/example_sla_dag.py
[2025-11-27T11:29:07.668-0300] {logging_mixin.py:188} INFO - [2025-11-27T11:29:07.668-0300] {dag.py:3089} INFO - Sync 1 DAGs
[2025-11-27T11:29:07.679-0300] {logging_mixin.py:188} INFO - [2025-11-27T11:29:07.679-0300] {dag.py:3947} INFO - Setting next_dagrun for example_sla_dag to 2025-11-27 14:26:00+00:00, run_after=2025-11-27 14:28:00+00:00
[2025-11-27T11:29:07.688-0300] {processor.py:183} INFO - Processing /Users/davispecia/Documents/GitHub/Pf_pipeline_dados/Projeto_final_fase3/venv/lib/python3.9/site-packages/airflow/example_dags/example_sla_dag.py took 0.112 seconds
[2025-11-27T11:30:13.217-0300] {processor.py:161} INFO - Started process (PID=92998) to work on /Users/davispecia/Documents/GitHub/Pf_pipeline_dados/Projeto_final_fase3/venv/lib/python3.9/site-packages/airflow/example_dags/example_sla_dag.py
[2025-11-27T11:30:13.218-0300] {processor.py:830} INFO - Processing file /Users/davispecia/Documents/GitHub/Pf_pipeline_dados/Projeto_final_fase3/venv/lib/python3.9/site-packages/airflow/example_dags/example_sla_dag.py for tasks to queue
[2025-11-27T11:30:13.218-0300] {logging_mixin.py:188} INFO - [2025-11-27T11:30:13.218-0300] {dagbag.py:545} INFO - Filling up the DagBag from /Users/davispecia/Documents/GitHub/Pf_pipeline_dados/Projeto_final_fase3/venv/lib/python3.9/site-packages/airflow/example_dags/example_sla_dag.py
[2025-11-27T11:30:13.236-0300] {processor.py:840} INFO - DAG(s) 'example_sla_dag' retrieved from /Users/davispecia/Documents/GitHub/Pf_pipeline_dados/Projeto_final_fase3/venv/lib/python3.9/site-packages/airflow/example_dags/example_sla_dag.py
[2025-11-27T11:30:13.306-0300] {logging_mixin.py:188} INFO - [2025-11-27T11:30:13.306-0300] {dag.py:3089} INFO - Sync 1 DAGs
[2025-11-27T11:30:13.316-0300] {logging_mixin.py:188} INFO - [2025-11-27T11:30:13.316-0300] {dag.py:3947} INFO - Setting next_dagrun for example_sla_dag to 2025-11-27 14:28:00+00:00, run_after=2025-11-27 14:30:00+00:00
[2025-11-27T11:30:13.326-0300] {processor.py:183} INFO - Processing /Users/davispecia/Documents/GitHub/Pf_pipeline_dados/Projeto_final_fase3/venv/lib/python3.9/site-packages/airflow/example_dags/example_sla_dag.py took 0.111 seconds
[2025-11-27T11:32:20.127-0300] {processor.py:161} INFO - Started process (PID=93347) to work on /Users/davispecia/Documents/GitHub/Pf_pipeline_dados/Projeto_final_fase3/venv/lib/python3.9/site-packages/airflow/example_dags/example_sla_dag.py
[2025-11-27T11:32:20.128-0300] {processor.py:830} INFO - Processing file /Users/davispecia/Documents/GitHub/Pf_pipeline_dados/Projeto_final_fase3/venv/lib/python3.9/site-packages/airflow/example_dags/example_sla_dag.py for tasks to queue
[2025-11-27T11:32:20.129-0300] {logging_mixin.py:188} INFO - [2025-11-27T11:32:20.128-0300] {dagbag.py:545} INFO - Filling up the DagBag from /Users/davispecia/Documents/GitHub/Pf_pipeline_dados/Projeto_final_fase3/venv/lib/python3.9/site-packages/airflow/example_dags/example_sla_dag.py
[2025-11-27T11:32:20.146-0300] {processor.py:840} INFO - DAG(s) 'example_sla_dag' retrieved from /Users/davispecia/Documents/GitHub/Pf_pipeline_dados/Projeto_final_fase3/venv/lib/python3.9/site-packages/airflow/example_dags/example_sla_dag.py
[2025-11-27T11:32:20.218-0300] {logging_mixin.py:188} INFO - [2025-11-27T11:32:20.217-0300] {dag.py:3089} INFO - Sync 1 DAGs
[2025-11-27T11:32:20.228-0300] {logging_mixin.py:188} INFO - [2025-11-27T11:32:20.228-0300] {dag.py:3947} INFO - Setting next_dagrun for example_sla_dag to 2025-11-27 14:30:00+00:00, run_after=2025-11-27 14:32:00+00:00
[2025-11-27T11:32:20.238-0300] {processor.py:183} INFO - Processing /Users/davispecia/Documents/GitHub/Pf_pipeline_dados/Projeto_final_fase3/venv/lib/python3.9/site-packages/airflow/example_dags/example_sla_dag.py took 0.113 seconds
[2025-11-27T11:33:25.329-0300] {processor.py:161} INFO - Started process (PID=93510) to work on /Users/davispecia/Documents/GitHub/Pf_pipeline_dados/Projeto_final_fase3/venv/lib/python3.9/site-packages/airflow/example_dags/example_sla_dag.py
[2025-11-27T11:33:25.329-0300] {processor.py:830} INFO - Processing file /Users/davispecia/Documents/GitHub/Pf_pipeline_dados/Projeto_final_fase3/venv/lib/python3.9/site-packages/airflow/example_dags/example_sla_dag.py for tasks to queue
[2025-11-27T11:33:25.329-0300] {logging_mixin.py:188} INFO - [2025-11-27T11:33:25.329-0300] {dagbag.py:545} INFO - Filling up the DagBag from /Users/davispecia/Documents/GitHub/Pf_pipeline_dados/Projeto_final_fase3/venv/lib/python3.9/site-packages/airflow/example_dags/example_sla_dag.py
[2025-11-27T11:33:25.347-0300] {processor.py:840} INFO - DAG(s) 'example_sla_dag' retrieved from /Users/davispecia/Documents/GitHub/Pf_pipeline_dados/Projeto_final_fase3/venv/lib/python3.9/site-packages/airflow/example_dags/example_sla_dag.py
[2025-11-27T11:33:25.416-0300] {logging_mixin.py:188} INFO - [2025-11-27T11:33:25.416-0300] {dag.py:3089} INFO - Sync 1 DAGs
[2025-11-27T11:33:25.427-0300] {logging_mixin.py:188} INFO - [2025-11-27T11:33:25.427-0300] {dag.py:3947} INFO - Setting next_dagrun for example_sla_dag to 2025-11-27 14:30:00+00:00, run_after=2025-11-27 14:32:00+00:00
[2025-11-27T11:33:25.435-0300] {processor.py:183} INFO - Processing /Users/davispecia/Documents/GitHub/Pf_pipeline_dados/Projeto_final_fase3/venv/lib/python3.9/site-packages/airflow/example_dags/example_sla_dag.py took 0.109 seconds
[2025-11-27T11:35:32.342-0300] {processor.py:161} INFO - Started process (PID=93817) to work on /Users/davispecia/Documents/GitHub/Pf_pipeline_dados/Projeto_final_fase3/venv/lib/python3.9/site-packages/airflow/example_dags/example_sla_dag.py
[2025-11-27T11:35:32.343-0300] {processor.py:830} INFO - Processing file /Users/davispecia/Documents/GitHub/Pf_pipeline_dados/Projeto_final_fase3/venv/lib/python3.9/site-packages/airflow/example_dags/example_sla_dag.py for tasks to queue
[2025-11-27T11:35:32.343-0300] {logging_mixin.py:188} INFO - [2025-11-27T11:35:32.343-0300] {dagbag.py:545} INFO - Filling up the DagBag from /Users/davispecia/Documents/GitHub/Pf_pipeline_dados/Projeto_final_fase3/venv/lib/python3.9/site-packages/airflow/example_dags/example_sla_dag.py
[2025-11-27T11:35:32.361-0300] {processor.py:840} INFO - DAG(s) 'example_sla_dag' retrieved from /Users/davispecia/Documents/GitHub/Pf_pipeline_dados/Projeto_final_fase3/venv/lib/python3.9/site-packages/airflow/example_dags/example_sla_dag.py
[2025-11-27T11:35:32.428-0300] {logging_mixin.py:188} INFO - [2025-11-27T11:35:32.428-0300] {dag.py:3089} INFO - Sync 1 DAGs
[2025-11-27T11:35:32.439-0300] {logging_mixin.py:188} INFO - [2025-11-27T11:35:32.439-0300] {dag.py:3947} INFO - Setting next_dagrun for example_sla_dag to 2025-11-27 14:32:00+00:00, run_after=2025-11-27 14:34:00+00:00
[2025-11-27T11:35:32.447-0300] {processor.py:183} INFO - Processing /Users/davispecia/Documents/GitHub/Pf_pipeline_dados/Projeto_final_fase3/venv/lib/python3.9/site-packages/airflow/example_dags/example_sla_dag.py took 0.107 seconds
[2025-11-27T11:37:47.606-0300] {processor.py:161} INFO - Started process (PID=94188) to work on /Users/davispecia/Documents/GitHub/Pf_pipeline_dados/Projeto_final_fase3/venv/lib/python3.9/site-packages/airflow/example_dags/example_sla_dag.py
[2025-11-27T11:37:47.607-0300] {processor.py:830} INFO - Processing file /Users/davispecia/Documents/GitHub/Pf_pipeline_dados/Projeto_final_fase3/venv/lib/python3.9/site-packages/airflow/example_dags/example_sla_dag.py for tasks to queue
[2025-11-27T11:37:47.607-0300] {logging_mixin.py:188} INFO - [2025-11-27T11:37:47.607-0300] {dagbag.py:545} INFO - Filling up the DagBag from /Users/davispecia/Documents/GitHub/Pf_pipeline_dados/Projeto_final_fase3/venv/lib/python3.9/site-packages/airflow/example_dags/example_sla_dag.py
[2025-11-27T11:37:47.625-0300] {processor.py:840} INFO - DAG(s) 'example_sla_dag' retrieved from /Users/davispecia/Documents/GitHub/Pf_pipeline_dados/Projeto_final_fase3/venv/lib/python3.9/site-packages/airflow/example_dags/example_sla_dag.py
[2025-11-27T11:37:47.693-0300] {logging_mixin.py:188} INFO - [2025-11-27T11:37:47.693-0300] {dag.py:3089} INFO - Sync 1 DAGs
[2025-11-27T11:37:47.704-0300] {logging_mixin.py:188} INFO - [2025-11-27T11:37:47.704-0300] {dag.py:3947} INFO - Setting next_dagrun for example_sla_dag to 2025-11-27 14:34:00+00:00, run_after=2025-11-27 14:36:00+00:00
[2025-11-27T11:37:47.712-0300] {processor.py:183} INFO - Processing /Users/davispecia/Documents/GitHub/Pf_pipeline_dados/Projeto_final_fase3/venv/lib/python3.9/site-packages/airflow/example_dags/example_sla_dag.py took 0.108 seconds
[2025-11-27T11:39:52.193-0300] {processor.py:161} INFO - Started process (PID=94477) to work on /Users/davispecia/Documents/GitHub/Pf_pipeline_dados/Projeto_final_fase3/venv/lib/python3.9/site-packages/airflow/example_dags/example_sla_dag.py
[2025-11-27T11:39:52.195-0300] {processor.py:830} INFO - Processing file /Users/davispecia/Documents/GitHub/Pf_pipeline_dados/Projeto_final_fase3/venv/lib/python3.9/site-packages/airflow/example_dags/example_sla_dag.py for tasks to queue
[2025-11-27T11:39:52.195-0300] {logging_mixin.py:188} INFO - [2025-11-27T11:39:52.195-0300] {dagbag.py:545} INFO - Filling up the DagBag from /Users/davispecia/Documents/GitHub/Pf_pipeline_dados/Projeto_final_fase3/venv/lib/python3.9/site-packages/airflow/example_dags/example_sla_dag.py
[2025-11-27T11:39:52.213-0300] {processor.py:840} INFO - DAG(s) 'example_sla_dag' retrieved from /Users/davispecia/Documents/GitHub/Pf_pipeline_dados/Projeto_final_fase3/venv/lib/python3.9/site-packages/airflow/example_dags/example_sla_dag.py
[2025-11-27T11:39:52.281-0300] {logging_mixin.py:188} INFO - [2025-11-27T11:39:52.281-0300] {dag.py:3089} INFO - Sync 1 DAGs
[2025-11-27T11:39:52.292-0300] {logging_mixin.py:188} INFO - [2025-11-27T11:39:52.292-0300] {dag.py:3947} INFO - Setting next_dagrun for example_sla_dag to 2025-11-27 14:36:00+00:00, run_after=2025-11-27 14:38:00+00:00
[2025-11-27T11:39:52.300-0300] {processor.py:183} INFO - Processing /Users/davispecia/Documents/GitHub/Pf_pipeline_dados/Projeto_final_fase3/venv/lib/python3.9/site-packages/airflow/example_dags/example_sla_dag.py took 0.109 seconds
[2025-11-27T11:42:07.879-0300] {processor.py:161} INFO - Started process (PID=94868) to work on /Users/davispecia/Documents/GitHub/Pf_pipeline_dados/Projeto_final_fase3/venv/lib/python3.9/site-packages/airflow/example_dags/example_sla_dag.py
[2025-11-27T11:42:07.880-0300] {processor.py:830} INFO - Processing file /Users/davispecia/Documents/GitHub/Pf_pipeline_dados/Projeto_final_fase3/venv/lib/python3.9/site-packages/airflow/example_dags/example_sla_dag.py for tasks to queue
[2025-11-27T11:42:07.880-0300] {logging_mixin.py:188} INFO - [2025-11-27T11:42:07.880-0300] {dagbag.py:545} INFO - Filling up the DagBag from /Users/davispecia/Documents/GitHub/Pf_pipeline_dados/Projeto_final_fase3/venv/lib/python3.9/site-packages/airflow/example_dags/example_sla_dag.py
[2025-11-27T11:42:07.898-0300] {processor.py:840} INFO - DAG(s) 'example_sla_dag' retrieved from /Users/davispecia/Documents/GitHub/Pf_pipeline_dados/Projeto_final_fase3/venv/lib/python3.9/site-packages/airflow/example_dags/example_sla_dag.py
[2025-11-27T11:42:07.966-0300] {logging_mixin.py:188} INFO - [2025-11-27T11:42:07.965-0300] {dag.py:3089} INFO - Sync 1 DAGs
[2025-11-27T11:42:07.976-0300] {logging_mixin.py:188} INFO - [2025-11-27T11:42:07.976-0300] {dag.py:3947} INFO - Setting next_dagrun for example_sla_dag to 2025-11-27 14:40:00+00:00, run_after=2025-11-27 14:42:00+00:00
[2025-11-27T11:42:07.985-0300] {processor.py:183} INFO - Processing /Users/davispecia/Documents/GitHub/Pf_pipeline_dados/Projeto_final_fase3/venv/lib/python3.9/site-packages/airflow/example_dags/example_sla_dag.py took 0.108 seconds
[2025-11-27T11:43:12.604-0300] {processor.py:161} INFO - Started process (PID=95023) to work on /Users/davispecia/Documents/GitHub/Pf_pipeline_dados/Projeto_final_fase3/venv/lib/python3.9/site-packages/airflow/example_dags/example_sla_dag.py
[2025-11-27T11:43:12.605-0300] {processor.py:830} INFO - Processing file /Users/davispecia/Documents/GitHub/Pf_pipeline_dados/Projeto_final_fase3/venv/lib/python3.9/site-packages/airflow/example_dags/example_sla_dag.py for tasks to queue
[2025-11-27T11:43:12.605-0300] {logging_mixin.py:188} INFO - [2025-11-27T11:43:12.605-0300] {dagbag.py:545} INFO - Filling up the DagBag from /Users/davispecia/Documents/GitHub/Pf_pipeline_dados/Projeto_final_fase3/venv/lib/python3.9/site-packages/airflow/example_dags/example_sla_dag.py
[2025-11-27T11:43:12.626-0300] {processor.py:840} INFO - DAG(s) 'example_sla_dag' retrieved from /Users/davispecia/Documents/GitHub/Pf_pipeline_dados/Projeto_final_fase3/venv/lib/python3.9/site-packages/airflow/example_dags/example_sla_dag.py
[2025-11-27T11:43:12.697-0300] {logging_mixin.py:188} INFO - [2025-11-27T11:43:12.697-0300] {dag.py:3089} INFO - Sync 1 DAGs
[2025-11-27T11:43:12.709-0300] {logging_mixin.py:188} INFO - [2025-11-27T11:43:12.708-0300] {dag.py:3947} INFO - Setting next_dagrun for example_sla_dag to 2025-11-27 14:40:00+00:00, run_after=2025-11-27 14:42:00+00:00
[2025-11-27T11:43:12.717-0300] {processor.py:183} INFO - Processing /Users/davispecia/Documents/GitHub/Pf_pipeline_dados/Projeto_final_fase3/venv/lib/python3.9/site-packages/airflow/example_dags/example_sla_dag.py took 0.115 seconds
[2025-11-27T11:45:18.045-0300] {processor.py:161} INFO - Started process (PID=95321) to work on /Users/davispecia/Documents/GitHub/Pf_pipeline_dados/Projeto_final_fase3/venv/lib/python3.9/site-packages/airflow/example_dags/example_sla_dag.py
[2025-11-27T11:45:18.050-0300] {processor.py:830} INFO - Processing file /Users/davispecia/Documents/GitHub/Pf_pipeline_dados/Projeto_final_fase3/venv/lib/python3.9/site-packages/airflow/example_dags/example_sla_dag.py for tasks to queue
[2025-11-27T11:45:18.051-0300] {logging_mixin.py:188} INFO - [2025-11-27T11:45:18.050-0300] {dagbag.py:545} INFO - Filling up the DagBag from /Users/davispecia/Documents/GitHub/Pf_pipeline_dados/Projeto_final_fase3/venv/lib/python3.9/site-packages/airflow/example_dags/example_sla_dag.py
[2025-11-27T11:45:18.083-0300] {processor.py:840} INFO - DAG(s) 'example_sla_dag' retrieved from /Users/davispecia/Documents/GitHub/Pf_pipeline_dados/Projeto_final_fase3/venv/lib/python3.9/site-packages/airflow/example_dags/example_sla_dag.py
[2025-11-27T11:45:18.156-0300] {logging_mixin.py:188} INFO - [2025-11-27T11:45:18.156-0300] {dag.py:3089} INFO - Sync 1 DAGs
[2025-11-27T11:45:18.167-0300] {logging_mixin.py:188} INFO - [2025-11-27T11:45:18.167-0300] {dag.py:3947} INFO - Setting next_dagrun for example_sla_dag to 2025-11-27 14:42:00+00:00, run_after=2025-11-27 14:44:00+00:00
[2025-11-27T11:45:18.176-0300] {processor.py:183} INFO - Processing /Users/davispecia/Documents/GitHub/Pf_pipeline_dados/Projeto_final_fase3/venv/lib/python3.9/site-packages/airflow/example_dags/example_sla_dag.py took 0.133 seconds
[2025-11-27T11:47:30.892-0300] {processor.py:161} INFO - Started process (PID=95740) to work on /Users/davispecia/Documents/GitHub/Pf_pipeline_dados/Projeto_final_fase3/venv/lib/python3.9/site-packages/airflow/example_dags/example_sla_dag.py
[2025-11-27T11:47:30.893-0300] {processor.py:830} INFO - Processing file /Users/davispecia/Documents/GitHub/Pf_pipeline_dados/Projeto_final_fase3/venv/lib/python3.9/site-packages/airflow/example_dags/example_sla_dag.py for tasks to queue
[2025-11-27T11:47:30.894-0300] {logging_mixin.py:188} INFO - [2025-11-27T11:47:30.893-0300] {dagbag.py:545} INFO - Filling up the DagBag from /Users/davispecia/Documents/GitHub/Pf_pipeline_dados/Projeto_final_fase3/venv/lib/python3.9/site-packages/airflow/example_dags/example_sla_dag.py
[2025-11-27T11:47:30.912-0300] {processor.py:840} INFO - DAG(s) 'example_sla_dag' retrieved from /Users/davispecia/Documents/GitHub/Pf_pipeline_dados/Projeto_final_fase3/venv/lib/python3.9/site-packages/airflow/example_dags/example_sla_dag.py
[2025-11-27T11:47:30.980-0300] {logging_mixin.py:188} INFO - [2025-11-27T11:47:30.979-0300] {dag.py:3089} INFO - Sync 1 DAGs
[2025-11-27T11:47:30.990-0300] {logging_mixin.py:188} INFO - [2025-11-27T11:47:30.990-0300] {dag.py:3947} INFO - Setting next_dagrun for example_sla_dag to 2025-11-27 14:44:00+00:00, run_after=2025-11-27 14:46:00+00:00
[2025-11-27T11:47:30.999-0300] {processor.py:183} INFO - Processing /Users/davispecia/Documents/GitHub/Pf_pipeline_dados/Projeto_final_fase3/venv/lib/python3.9/site-packages/airflow/example_dags/example_sla_dag.py took 0.109 seconds
[2025-11-27T11:49:38.901-0300] {processor.py:161} INFO - Started process (PID=96053) to work on /Users/davispecia/Documents/GitHub/Pf_pipeline_dados/Projeto_final_fase3/venv/lib/python3.9/site-packages/airflow/example_dags/example_sla_dag.py
[2025-11-27T11:49:38.901-0300] {processor.py:830} INFO - Processing file /Users/davispecia/Documents/GitHub/Pf_pipeline_dados/Projeto_final_fase3/venv/lib/python3.9/site-packages/airflow/example_dags/example_sla_dag.py for tasks to queue
[2025-11-27T11:49:38.902-0300] {logging_mixin.py:188} INFO - [2025-11-27T11:49:38.902-0300] {dagbag.py:545} INFO - Filling up the DagBag from /Users/davispecia/Documents/GitHub/Pf_pipeline_dados/Projeto_final_fase3/venv/lib/python3.9/site-packages/airflow/example_dags/example_sla_dag.py
[2025-11-27T11:49:38.920-0300] {processor.py:840} INFO - DAG(s) 'example_sla_dag' retrieved from /Users/davispecia/Documents/GitHub/Pf_pipeline_dados/Projeto_final_fase3/venv/lib/python3.9/site-packages/airflow/example_dags/example_sla_dag.py
[2025-11-27T11:49:38.990-0300] {logging_mixin.py:188} INFO - [2025-11-27T11:49:38.990-0300] {dag.py:3089} INFO - Sync 1 DAGs
[2025-11-27T11:49:39.001-0300] {logging_mixin.py:188} INFO - [2025-11-27T11:49:39.001-0300] {dag.py:3947} INFO - Setting next_dagrun for example_sla_dag to 2025-11-27 14:46:00+00:00, run_after=2025-11-27 14:48:00+00:00
[2025-11-27T11:49:39.011-0300] {processor.py:183} INFO - Processing /Users/davispecia/Documents/GitHub/Pf_pipeline_dados/Projeto_final_fase3/venv/lib/python3.9/site-packages/airflow/example_dags/example_sla_dag.py took 0.112 seconds
[2025-11-27T11:50:43.890-0300] {processor.py:161} INFO - Started process (PID=96213) to work on /Users/davispecia/Documents/GitHub/Pf_pipeline_dados/Projeto_final_fase3/venv/lib/python3.9/site-packages/airflow/example_dags/example_sla_dag.py
[2025-11-27T11:50:43.891-0300] {processor.py:830} INFO - Processing file /Users/davispecia/Documents/GitHub/Pf_pipeline_dados/Projeto_final_fase3/venv/lib/python3.9/site-packages/airflow/example_dags/example_sla_dag.py for tasks to queue
[2025-11-27T11:50:43.892-0300] {logging_mixin.py:188} INFO - [2025-11-27T11:50:43.892-0300] {dagbag.py:545} INFO - Filling up the DagBag from /Users/davispecia/Documents/GitHub/Pf_pipeline_dados/Projeto_final_fase3/venv/lib/python3.9/site-packages/airflow/example_dags/example_sla_dag.py
[2025-11-27T11:50:43.910-0300] {processor.py:840} INFO - DAG(s) 'example_sla_dag' retrieved from /Users/davispecia/Documents/GitHub/Pf_pipeline_dados/Projeto_final_fase3/venv/lib/python3.9/site-packages/airflow/example_dags/example_sla_dag.py
[2025-11-27T11:50:43.978-0300] {logging_mixin.py:188} INFO - [2025-11-27T11:50:43.978-0300] {dag.py:3089} INFO - Sync 1 DAGs
[2025-11-27T11:50:43.988-0300] {logging_mixin.py:188} INFO - [2025-11-27T11:50:43.988-0300] {dag.py:3947} INFO - Setting next_dagrun for example_sla_dag to 2025-11-27 14:48:00+00:00, run_after=2025-11-27 14:50:00+00:00
[2025-11-27T11:50:43.997-0300] {processor.py:183} INFO - Processing /Users/davispecia/Documents/GitHub/Pf_pipeline_dados/Projeto_final_fase3/venv/lib/python3.9/site-packages/airflow/example_dags/example_sla_dag.py took 0.109 seconds
[2025-11-27T11:52:46.666-0300] {processor.py:161} INFO - Started process (PID=96588) to work on /Users/davispecia/Documents/GitHub/Pf_pipeline_dados/Projeto_final_fase3/venv/lib/python3.9/site-packages/airflow/example_dags/example_sla_dag.py
[2025-11-27T11:52:46.667-0300] {processor.py:830} INFO - Processing file /Users/davispecia/Documents/GitHub/Pf_pipeline_dados/Projeto_final_fase3/venv/lib/python3.9/site-packages/airflow/example_dags/example_sla_dag.py for tasks to queue
[2025-11-27T11:52:46.667-0300] {logging_mixin.py:188} INFO - [2025-11-27T11:52:46.667-0300] {dagbag.py:545} INFO - Filling up the DagBag from /Users/davispecia/Documents/GitHub/Pf_pipeline_dados/Projeto_final_fase3/venv/lib/python3.9/site-packages/airflow/example_dags/example_sla_dag.py
[2025-11-27T11:52:46.686-0300] {processor.py:840} INFO - DAG(s) 'example_sla_dag' retrieved from /Users/davispecia/Documents/GitHub/Pf_pipeline_dados/Projeto_final_fase3/venv/lib/python3.9/site-packages/airflow/example_dags/example_sla_dag.py
[2025-11-27T11:52:46.754-0300] {logging_mixin.py:188} INFO - [2025-11-27T11:52:46.754-0300] {dag.py:3089} INFO - Sync 1 DAGs
[2025-11-27T11:52:46.764-0300] {logging_mixin.py:188} INFO - [2025-11-27T11:52:46.764-0300] {dag.py:3947} INFO - Setting next_dagrun for example_sla_dag to 2025-11-27 14:50:00+00:00, run_after=2025-11-27 14:52:00+00:00
[2025-11-27T11:52:46.773-0300] {processor.py:183} INFO - Processing /Users/davispecia/Documents/GitHub/Pf_pipeline_dados/Projeto_final_fase3/venv/lib/python3.9/site-packages/airflow/example_dags/example_sla_dag.py took 0.109 seconds
[2025-11-27T11:53:59.392-0300] {processor.py:161} INFO - Started process (PID=96837) to work on /Users/davispecia/Documents/GitHub/Pf_pipeline_dados/Projeto_final_fase3/venv/lib/python3.9/site-packages/airflow/example_dags/example_sla_dag.py
[2025-11-27T11:53:59.393-0300] {processor.py:830} INFO - Processing file /Users/davispecia/Documents/GitHub/Pf_pipeline_dados/Projeto_final_fase3/venv/lib/python3.9/site-packages/airflow/example_dags/example_sla_dag.py for tasks to queue
[2025-11-27T11:53:59.393-0300] {logging_mixin.py:188} INFO - [2025-11-27T11:53:59.393-0300] {dagbag.py:545} INFO - Filling up the DagBag from /Users/davispecia/Documents/GitHub/Pf_pipeline_dados/Projeto_final_fase3/venv/lib/python3.9/site-packages/airflow/example_dags/example_sla_dag.py
[2025-11-27T11:53:59.411-0300] {processor.py:840} INFO - DAG(s) 'example_sla_dag' retrieved from /Users/davispecia/Documents/GitHub/Pf_pipeline_dados/Projeto_final_fase3/venv/lib/python3.9/site-packages/airflow/example_dags/example_sla_dag.py
[2025-11-27T11:53:59.479-0300] {logging_mixin.py:188} INFO - [2025-11-27T11:53:59.479-0300] {dag.py:3089} INFO - Sync 1 DAGs
[2025-11-27T11:53:59.490-0300] {logging_mixin.py:188} INFO - [2025-11-27T11:53:59.490-0300] {dag.py:3947} INFO - Setting next_dagrun for example_sla_dag to 2025-11-27 14:50:00+00:00, run_after=2025-11-27 14:52:00+00:00
[2025-11-27T11:53:59.498-0300] {processor.py:183} INFO - Processing /Users/davispecia/Documents/GitHub/Pf_pipeline_dados/Projeto_final_fase3/venv/lib/python3.9/site-packages/airflow/example_dags/example_sla_dag.py took 0.108 seconds
[2025-11-27T11:55:55.903-0300] {processor.py:161} INFO - Started process (PID=97118) to work on /Users/davispecia/Documents/GitHub/Pf_pipeline_dados/Projeto_final_fase3/venv/lib/python3.9/site-packages/airflow/example_dags/example_sla_dag.py
[2025-11-27T11:55:55.904-0300] {processor.py:830} INFO - Processing file /Users/davispecia/Documents/GitHub/Pf_pipeline_dados/Projeto_final_fase3/venv/lib/python3.9/site-packages/airflow/example_dags/example_sla_dag.py for tasks to queue
[2025-11-27T11:55:55.904-0300] {logging_mixin.py:188} INFO - [2025-11-27T11:55:55.904-0300] {dagbag.py:545} INFO - Filling up the DagBag from /Users/davispecia/Documents/GitHub/Pf_pipeline_dados/Projeto_final_fase3/venv/lib/python3.9/site-packages/airflow/example_dags/example_sla_dag.py
[2025-11-27T11:55:55.921-0300] {processor.py:840} INFO - DAG(s) 'example_sla_dag' retrieved from /Users/davispecia/Documents/GitHub/Pf_pipeline_dados/Projeto_final_fase3/venv/lib/python3.9/site-packages/airflow/example_dags/example_sla_dag.py
[2025-11-27T11:55:55.989-0300] {logging_mixin.py:188} INFO - [2025-11-27T11:55:55.989-0300] {dag.py:3089} INFO - Sync 1 DAGs
[2025-11-27T11:55:56.000-0300] {logging_mixin.py:188} INFO - [2025-11-27T11:55:56.000-0300] {dag.py:3947} INFO - Setting next_dagrun for example_sla_dag to 2025-11-27 14:52:00+00:00, run_after=2025-11-27 14:54:00+00:00
[2025-11-27T11:55:56.009-0300] {processor.py:183} INFO - Processing /Users/davispecia/Documents/GitHub/Pf_pipeline_dados/Projeto_final_fase3/venv/lib/python3.9/site-packages/airflow/example_dags/example_sla_dag.py took 0.108 seconds
[2025-11-27T11:57:00.828-0300] {processor.py:161} INFO - Started process (PID=97275) to work on /Users/davispecia/Documents/GitHub/Pf_pipeline_dados/Projeto_final_fase3/venv/lib/python3.9/site-packages/airflow/example_dags/example_sla_dag.py
[2025-11-27T11:57:00.829-0300] {processor.py:830} INFO - Processing file /Users/davispecia/Documents/GitHub/Pf_pipeline_dados/Projeto_final_fase3/venv/lib/python3.9/site-packages/airflow/example_dags/example_sla_dag.py for tasks to queue
[2025-11-27T11:57:00.830-0300] {logging_mixin.py:188} INFO - [2025-11-27T11:57:00.830-0300] {dagbag.py:545} INFO - Filling up the DagBag from /Users/davispecia/Documents/GitHub/Pf_pipeline_dados/Projeto_final_fase3/venv/lib/python3.9/site-packages/airflow/example_dags/example_sla_dag.py
[2025-11-27T11:57:00.848-0300] {processor.py:840} INFO - DAG(s) 'example_sla_dag' retrieved from /Users/davispecia/Documents/GitHub/Pf_pipeline_dados/Projeto_final_fase3/venv/lib/python3.9/site-packages/airflow/example_dags/example_sla_dag.py
[2025-11-27T11:57:00.919-0300] {logging_mixin.py:188} INFO - [2025-11-27T11:57:00.919-0300] {dag.py:3089} INFO - Sync 1 DAGs
[2025-11-27T11:57:00.930-0300] {logging_mixin.py:188} INFO - [2025-11-27T11:57:00.930-0300] {dag.py:3947} INFO - Setting next_dagrun for example_sla_dag to 2025-11-27 14:54:00+00:00, run_after=2025-11-27 14:56:00+00:00
[2025-11-27T11:57:00.938-0300] {processor.py:183} INFO - Processing /Users/davispecia/Documents/GitHub/Pf_pipeline_dados/Projeto_final_fase3/venv/lib/python3.9/site-packages/airflow/example_dags/example_sla_dag.py took 0.113 seconds
[2025-11-27T11:59:18.865-0300] {processor.py:161} INFO - Started process (PID=97666) to work on /Users/davispecia/Documents/GitHub/Pf_pipeline_dados/Projeto_final_fase3/venv/lib/python3.9/site-packages/airflow/example_dags/example_sla_dag.py
[2025-11-27T11:59:18.866-0300] {processor.py:830} INFO - Processing file /Users/davispecia/Documents/GitHub/Pf_pipeline_dados/Projeto_final_fase3/venv/lib/python3.9/site-packages/airflow/example_dags/example_sla_dag.py for tasks to queue
[2025-11-27T11:59:18.866-0300] {logging_mixin.py:188} INFO - [2025-11-27T11:59:18.866-0300] {dagbag.py:545} INFO - Filling up the DagBag from /Users/davispecia/Documents/GitHub/Pf_pipeline_dados/Projeto_final_fase3/venv/lib/python3.9/site-packages/airflow/example_dags/example_sla_dag.py
[2025-11-27T11:59:18.884-0300] {processor.py:840} INFO - DAG(s) 'example_sla_dag' retrieved from /Users/davispecia/Documents/GitHub/Pf_pipeline_dados/Projeto_final_fase3/venv/lib/python3.9/site-packages/airflow/example_dags/example_sla_dag.py
[2025-11-27T11:59:18.951-0300] {logging_mixin.py:188} INFO - [2025-11-27T11:59:18.951-0300] {dag.py:3089} INFO - Sync 1 DAGs
[2025-11-27T11:59:18.962-0300] {logging_mixin.py:188} INFO - [2025-11-27T11:59:18.962-0300] {dag.py:3947} INFO - Setting next_dagrun for example_sla_dag to 2025-11-27 14:56:00+00:00, run_after=2025-11-27 14:58:00+00:00
[2025-11-27T11:59:18.970-0300] {processor.py:183} INFO - Processing /Users/davispecia/Documents/GitHub/Pf_pipeline_dados/Projeto_final_fase3/venv/lib/python3.9/site-packages/airflow/example_dags/example_sla_dag.py took 0.107 seconds
[2025-11-27T12:00:24.953-0300] {processor.py:161} INFO - Started process (PID=97838) to work on /Users/davispecia/Documents/GitHub/Pf_pipeline_dados/Projeto_final_fase3/venv/lib/python3.9/site-packages/airflow/example_dags/example_sla_dag.py
[2025-11-27T12:00:24.954-0300] {processor.py:830} INFO - Processing file /Users/davispecia/Documents/GitHub/Pf_pipeline_dados/Projeto_final_fase3/venv/lib/python3.9/site-packages/airflow/example_dags/example_sla_dag.py for tasks to queue
[2025-11-27T12:00:24.954-0300] {logging_mixin.py:188} INFO - [2025-11-27T12:00:24.954-0300] {dagbag.py:545} INFO - Filling up the DagBag from /Users/davispecia/Documents/GitHub/Pf_pipeline_dados/Projeto_final_fase3/venv/lib/python3.9/site-packages/airflow/example_dags/example_sla_dag.py
[2025-11-27T12:00:24.972-0300] {processor.py:840} INFO - DAG(s) 'example_sla_dag' retrieved from /Users/davispecia/Documents/GitHub/Pf_pipeline_dados/Projeto_final_fase3/venv/lib/python3.9/site-packages/airflow/example_dags/example_sla_dag.py
[2025-11-27T12:00:25.043-0300] {logging_mixin.py:188} INFO - [2025-11-27T12:00:25.043-0300] {dag.py:3089} INFO - Sync 1 DAGs
[2025-11-27T12:00:25.054-0300] {logging_mixin.py:188} INFO - [2025-11-27T12:00:25.054-0300] {dag.py:3947} INFO - Setting next_dagrun for example_sla_dag to 2025-11-27 14:58:00+00:00, run_after=2025-11-27 15:00:00+00:00
[2025-11-27T12:00:25.063-0300] {processor.py:183} INFO - Processing /Users/davispecia/Documents/GitHub/Pf_pipeline_dados/Projeto_final_fase3/venv/lib/python3.9/site-packages/airflow/example_dags/example_sla_dag.py took 0.113 seconds
[2025-11-27T12:02:32.024-0300] {processor.py:161} INFO - Started process (PID=98137) to work on /Users/davispecia/Documents/GitHub/Pf_pipeline_dados/Projeto_final_fase3/venv/lib/python3.9/site-packages/airflow/example_dags/example_sla_dag.py
[2025-11-27T12:02:32.024-0300] {processor.py:830} INFO - Processing file /Users/davispecia/Documents/GitHub/Pf_pipeline_dados/Projeto_final_fase3/venv/lib/python3.9/site-packages/airflow/example_dags/example_sla_dag.py for tasks to queue
[2025-11-27T12:02:32.025-0300] {logging_mixin.py:188} INFO - [2025-11-27T12:02:32.024-0300] {dagbag.py:545} INFO - Filling up the DagBag from /Users/davispecia/Documents/GitHub/Pf_pipeline_dados/Projeto_final_fase3/venv/lib/python3.9/site-packages/airflow/example_dags/example_sla_dag.py
[2025-11-27T12:02:32.042-0300] {processor.py:840} INFO - DAG(s) 'example_sla_dag' retrieved from /Users/davispecia/Documents/GitHub/Pf_pipeline_dados/Projeto_final_fase3/venv/lib/python3.9/site-packages/airflow/example_dags/example_sla_dag.py
[2025-11-27T12:02:32.109-0300] {logging_mixin.py:188} INFO - [2025-11-27T12:02:32.109-0300] {dag.py:3089} INFO - Sync 1 DAGs
[2025-11-27T12:02:32.120-0300] {logging_mixin.py:188} INFO - [2025-11-27T12:02:32.120-0300] {dag.py:3947} INFO - Setting next_dagrun for example_sla_dag to 2025-11-27 15:00:00+00:00, run_after=2025-11-27 15:02:00+00:00
[2025-11-27T12:02:32.128-0300] {processor.py:183} INFO - Processing /Users/davispecia/Documents/GitHub/Pf_pipeline_dados/Projeto_final_fase3/venv/lib/python3.9/site-packages/airflow/example_dags/example_sla_dag.py took 0.106 seconds
[2025-11-27T12:04:35.619-0300] {processor.py:161} INFO - Started process (PID=98494) to work on /Users/davispecia/Documents/GitHub/Pf_pipeline_dados/Projeto_final_fase3/venv/lib/python3.9/site-packages/airflow/example_dags/example_sla_dag.py
[2025-11-27T12:04:35.621-0300] {processor.py:830} INFO - Processing file /Users/davispecia/Documents/GitHub/Pf_pipeline_dados/Projeto_final_fase3/venv/lib/python3.9/site-packages/airflow/example_dags/example_sla_dag.py for tasks to queue
[2025-11-27T12:04:35.621-0300] {logging_mixin.py:188} INFO - [2025-11-27T12:04:35.621-0300] {dagbag.py:545} INFO - Filling up the DagBag from /Users/davispecia/Documents/GitHub/Pf_pipeline_dados/Projeto_final_fase3/venv/lib/python3.9/site-packages/airflow/example_dags/example_sla_dag.py
[2025-11-27T12:04:35.639-0300] {processor.py:840} INFO - DAG(s) 'example_sla_dag' retrieved from /Users/davispecia/Documents/GitHub/Pf_pipeline_dados/Projeto_final_fase3/venv/lib/python3.9/site-packages/airflow/example_dags/example_sla_dag.py
[2025-11-27T12:04:35.707-0300] {logging_mixin.py:188} INFO - [2025-11-27T12:04:35.706-0300] {dag.py:3089} INFO - Sync 1 DAGs
[2025-11-27T12:04:35.717-0300] {logging_mixin.py:188} INFO - [2025-11-27T12:04:35.717-0300] {dag.py:3947} INFO - Setting next_dagrun for example_sla_dag to 2025-11-27 15:02:00+00:00, run_after=2025-11-27 15:04:00+00:00
[2025-11-27T12:04:35.726-0300] {processor.py:183} INFO - Processing /Users/davispecia/Documents/GitHub/Pf_pipeline_dados/Projeto_final_fase3/venv/lib/python3.9/site-packages/airflow/example_dags/example_sla_dag.py took 0.108 seconds
[2025-11-27T12:05:50.121-0300] {processor.py:161} INFO - Started process (PID=98720) to work on /Users/davispecia/Documents/GitHub/Pf_pipeline_dados/Projeto_final_fase3/venv/lib/python3.9/site-packages/airflow/example_dags/example_sla_dag.py
[2025-11-27T12:05:50.122-0300] {processor.py:830} INFO - Processing file /Users/davispecia/Documents/GitHub/Pf_pipeline_dados/Projeto_final_fase3/venv/lib/python3.9/site-packages/airflow/example_dags/example_sla_dag.py for tasks to queue
[2025-11-27T12:05:50.122-0300] {logging_mixin.py:188} INFO - [2025-11-27T12:05:50.122-0300] {dagbag.py:545} INFO - Filling up the DagBag from /Users/davispecia/Documents/GitHub/Pf_pipeline_dados/Projeto_final_fase3/venv/lib/python3.9/site-packages/airflow/example_dags/example_sla_dag.py
[2025-11-27T12:05:50.140-0300] {processor.py:840} INFO - DAG(s) 'example_sla_dag' retrieved from /Users/davispecia/Documents/GitHub/Pf_pipeline_dados/Projeto_final_fase3/venv/lib/python3.9/site-packages/airflow/example_dags/example_sla_dag.py
[2025-11-27T12:05:50.207-0300] {logging_mixin.py:188} INFO - [2025-11-27T12:05:50.207-0300] {dag.py:3089} INFO - Sync 1 DAGs
[2025-11-27T12:05:50.217-0300] {logging_mixin.py:188} INFO - [2025-11-27T12:05:50.217-0300] {dag.py:3947} INFO - Setting next_dagrun for example_sla_dag to 2025-11-27 15:02:00+00:00, run_after=2025-11-27 15:04:00+00:00
[2025-11-27T12:05:50.226-0300] {processor.py:183} INFO - Processing /Users/davispecia/Documents/GitHub/Pf_pipeline_dados/Projeto_final_fase3/venv/lib/python3.9/site-packages/airflow/example_dags/example_sla_dag.py took 0.107 seconds
[2025-11-27T12:06:56.142-0300] {processor.py:161} INFO - Started process (PID=98877) to work on /Users/davispecia/Documents/GitHub/Pf_pipeline_dados/Projeto_final_fase3/venv/lib/python3.9/site-packages/airflow/example_dags/example_sla_dag.py
[2025-11-27T12:06:56.145-0300] {processor.py:830} INFO - Processing file /Users/davispecia/Documents/GitHub/Pf_pipeline_dados/Projeto_final_fase3/venv/lib/python3.9/site-packages/airflow/example_dags/example_sla_dag.py for tasks to queue
[2025-11-27T12:06:56.145-0300] {logging_mixin.py:188} INFO - [2025-11-27T12:06:56.145-0300] {dagbag.py:545} INFO - Filling up the DagBag from /Users/davispecia/Documents/GitHub/Pf_pipeline_dados/Projeto_final_fase3/venv/lib/python3.9/site-packages/airflow/example_dags/example_sla_dag.py
[2025-11-27T12:06:56.163-0300] {processor.py:840} INFO - DAG(s) 'example_sla_dag' retrieved from /Users/davispecia/Documents/GitHub/Pf_pipeline_dados/Projeto_final_fase3/venv/lib/python3.9/site-packages/airflow/example_dags/example_sla_dag.py
[2025-11-27T12:06:56.230-0300] {logging_mixin.py:188} INFO - [2025-11-27T12:06:56.230-0300] {dag.py:3089} INFO - Sync 1 DAGs
[2025-11-27T12:06:56.240-0300] {logging_mixin.py:188} INFO - [2025-11-27T12:06:56.240-0300] {dag.py:3947} INFO - Setting next_dagrun for example_sla_dag to 2025-11-27 15:04:00+00:00, run_after=2025-11-27 15:06:00+00:00
[2025-11-27T12:06:56.249-0300] {processor.py:183} INFO - Processing /Users/davispecia/Documents/GitHub/Pf_pipeline_dados/Projeto_final_fase3/venv/lib/python3.9/site-packages/airflow/example_dags/example_sla_dag.py took 0.108 seconds
[2025-11-27T12:09:03.634-0300] {processor.py:161} INFO - Started process (PID=99188) to work on /Users/davispecia/Documents/GitHub/Pf_pipeline_dados/Projeto_final_fase3/venv/lib/python3.9/site-packages/airflow/example_dags/example_sla_dag.py
[2025-11-27T12:09:03.635-0300] {processor.py:830} INFO - Processing file /Users/davispecia/Documents/GitHub/Pf_pipeline_dados/Projeto_final_fase3/venv/lib/python3.9/site-packages/airflow/example_dags/example_sla_dag.py for tasks to queue
[2025-11-27T12:09:03.635-0300] {logging_mixin.py:188} INFO - [2025-11-27T12:09:03.635-0300] {dagbag.py:545} INFO - Filling up the DagBag from /Users/davispecia/Documents/GitHub/Pf_pipeline_dados/Projeto_final_fase3/venv/lib/python3.9/site-packages/airflow/example_dags/example_sla_dag.py
[2025-11-27T12:09:03.653-0300] {processor.py:840} INFO - DAG(s) 'example_sla_dag' retrieved from /Users/davispecia/Documents/GitHub/Pf_pipeline_dados/Projeto_final_fase3/venv/lib/python3.9/site-packages/airflow/example_dags/example_sla_dag.py
[2025-11-27T12:09:03.721-0300] {logging_mixin.py:188} INFO - [2025-11-27T12:09:03.721-0300] {dag.py:3089} INFO - Sync 1 DAGs
[2025-11-27T12:09:03.732-0300] {logging_mixin.py:188} INFO - [2025-11-27T12:09:03.732-0300] {dag.py:3947} INFO - Setting next_dagrun for example_sla_dag to 2025-11-27 15:06:00+00:00, run_after=2025-11-27 15:08:00+00:00
[2025-11-27T12:09:03.741-0300] {processor.py:183} INFO - Processing /Users/davispecia/Documents/GitHub/Pf_pipeline_dados/Projeto_final_fase3/venv/lib/python3.9/site-packages/airflow/example_dags/example_sla_dag.py took 0.109 seconds
[2025-11-27T12:11:17.849-0300] {processor.py:161} INFO - Started process (PID=99566) to work on /Users/davispecia/Documents/GitHub/Pf_pipeline_dados/Projeto_final_fase3/venv/lib/python3.9/site-packages/airflow/example_dags/example_sla_dag.py
[2025-11-27T12:11:17.850-0300] {processor.py:830} INFO - Processing file /Users/davispecia/Documents/GitHub/Pf_pipeline_dados/Projeto_final_fase3/venv/lib/python3.9/site-packages/airflow/example_dags/example_sla_dag.py for tasks to queue
[2025-11-27T12:11:17.850-0300] {logging_mixin.py:188} INFO - [2025-11-27T12:11:17.850-0300] {dagbag.py:545} INFO - Filling up the DagBag from /Users/davispecia/Documents/GitHub/Pf_pipeline_dados/Projeto_final_fase3/venv/lib/python3.9/site-packages/airflow/example_dags/example_sla_dag.py
[2025-11-27T12:11:17.868-0300] {processor.py:840} INFO - DAG(s) 'example_sla_dag' retrieved from /Users/davispecia/Documents/GitHub/Pf_pipeline_dados/Projeto_final_fase3/venv/lib/python3.9/site-packages/airflow/example_dags/example_sla_dag.py
[2025-11-27T12:11:17.935-0300] {logging_mixin.py:188} INFO - [2025-11-27T12:11:17.935-0300] {dag.py:3089} INFO - Sync 1 DAGs
[2025-11-27T12:11:17.945-0300] {logging_mixin.py:188} INFO - [2025-11-27T12:11:17.945-0300] {dag.py:3947} INFO - Setting next_dagrun for example_sla_dag to 2025-11-27 15:08:00+00:00, run_after=2025-11-27 15:10:00+00:00
[2025-11-27T12:11:17.953-0300] {processor.py:183} INFO - Processing /Users/davispecia/Documents/GitHub/Pf_pipeline_dados/Projeto_final_fase3/venv/lib/python3.9/site-packages/airflow/example_dags/example_sla_dag.py took 0.107 seconds
[2025-11-27T12:13:26.105-0300] {processor.py:161} INFO - Started process (PID=99867) to work on /Users/davispecia/Documents/GitHub/Pf_pipeline_dados/Projeto_final_fase3/venv/lib/python3.9/site-packages/airflow/example_dags/example_sla_dag.py
[2025-11-27T12:13:26.106-0300] {processor.py:830} INFO - Processing file /Users/davispecia/Documents/GitHub/Pf_pipeline_dados/Projeto_final_fase3/venv/lib/python3.9/site-packages/airflow/example_dags/example_sla_dag.py for tasks to queue
[2025-11-27T12:13:26.106-0300] {logging_mixin.py:188} INFO - [2025-11-27T12:13:26.106-0300] {dagbag.py:545} INFO - Filling up the DagBag from /Users/davispecia/Documents/GitHub/Pf_pipeline_dados/Projeto_final_fase3/venv/lib/python3.9/site-packages/airflow/example_dags/example_sla_dag.py
[2025-11-27T12:13:26.124-0300] {processor.py:840} INFO - DAG(s) 'example_sla_dag' retrieved from /Users/davispecia/Documents/GitHub/Pf_pipeline_dados/Projeto_final_fase3/venv/lib/python3.9/site-packages/airflow/example_dags/example_sla_dag.py
[2025-11-27T12:13:26.192-0300] {logging_mixin.py:188} INFO - [2025-11-27T12:13:26.192-0300] {dag.py:3089} INFO - Sync 1 DAGs
[2025-11-27T12:13:26.202-0300] {logging_mixin.py:188} INFO - [2025-11-27T12:13:26.202-0300] {dag.py:3947} INFO - Setting next_dagrun for example_sla_dag to 2025-11-27 15:10:00+00:00, run_after=2025-11-27 15:12:00+00:00
[2025-11-27T12:13:26.211-0300] {processor.py:183} INFO - Processing /Users/davispecia/Documents/GitHub/Pf_pipeline_dados/Projeto_final_fase3/venv/lib/python3.9/site-packages/airflow/example_dags/example_sla_dag.py took 0.107 seconds
[2025-11-27T12:15:29.914-0300] {processor.py:161} INFO - Started process (PID=334) to work on /Users/davispecia/Documents/GitHub/Pf_pipeline_dados/Projeto_final_fase3/venv/lib/python3.9/site-packages/airflow/example_dags/example_sla_dag.py
[2025-11-27T12:15:29.915-0300] {processor.py:830} INFO - Processing file /Users/davispecia/Documents/GitHub/Pf_pipeline_dados/Projeto_final_fase3/venv/lib/python3.9/site-packages/airflow/example_dags/example_sla_dag.py for tasks to queue
[2025-11-27T12:15:29.915-0300] {logging_mixin.py:188} INFO - [2025-11-27T12:15:29.915-0300] {dagbag.py:545} INFO - Filling up the DagBag from /Users/davispecia/Documents/GitHub/Pf_pipeline_dados/Projeto_final_fase3/venv/lib/python3.9/site-packages/airflow/example_dags/example_sla_dag.py
[2025-11-27T12:15:29.933-0300] {processor.py:840} INFO - DAG(s) 'example_sla_dag' retrieved from /Users/davispecia/Documents/GitHub/Pf_pipeline_dados/Projeto_final_fase3/venv/lib/python3.9/site-packages/airflow/example_dags/example_sla_dag.py
[2025-11-27T12:15:30.001-0300] {logging_mixin.py:188} INFO - [2025-11-27T12:15:30.001-0300] {dag.py:3089} INFO - Sync 1 DAGs
[2025-11-27T12:15:30.011-0300] {logging_mixin.py:188} INFO - [2025-11-27T12:15:30.011-0300] {dag.py:3947} INFO - Setting next_dagrun for example_sla_dag to 2025-11-27 15:12:00+00:00, run_after=2025-11-27 15:14:00+00:00
[2025-11-27T12:15:30.020-0300] {processor.py:183} INFO - Processing /Users/davispecia/Documents/GitHub/Pf_pipeline_dados/Projeto_final_fase3/venv/lib/python3.9/site-packages/airflow/example_dags/example_sla_dag.py took 0.108 seconds
[2025-11-27T12:17:38.692-0300] {processor.py:161} INFO - Started process (PID=773) to work on /Users/davispecia/Documents/GitHub/Pf_pipeline_dados/Projeto_final_fase3/venv/lib/python3.9/site-packages/airflow/example_dags/example_sla_dag.py
[2025-11-27T12:17:38.692-0300] {processor.py:830} INFO - Processing file /Users/davispecia/Documents/GitHub/Pf_pipeline_dados/Projeto_final_fase3/venv/lib/python3.9/site-packages/airflow/example_dags/example_sla_dag.py for tasks to queue
[2025-11-27T12:17:38.693-0300] {logging_mixin.py:188} INFO - [2025-11-27T12:17:38.693-0300] {dagbag.py:545} INFO - Filling up the DagBag from /Users/davispecia/Documents/GitHub/Pf_pipeline_dados/Projeto_final_fase3/venv/lib/python3.9/site-packages/airflow/example_dags/example_sla_dag.py
[2025-11-27T12:17:38.711-0300] {processor.py:840} INFO - DAG(s) 'example_sla_dag' retrieved from /Users/davispecia/Documents/GitHub/Pf_pipeline_dados/Projeto_final_fase3/venv/lib/python3.9/site-packages/airflow/example_dags/example_sla_dag.py
[2025-11-27T12:17:38.782-0300] {logging_mixin.py:188} INFO - [2025-11-27T12:17:38.782-0300] {dag.py:3089} INFO - Sync 1 DAGs
[2025-11-27T12:17:38.792-0300] {logging_mixin.py:188} INFO - [2025-11-27T12:17:38.792-0300] {dag.py:3947} INFO - Setting next_dagrun for example_sla_dag to 2025-11-27 15:14:00+00:00, run_after=2025-11-27 15:16:00+00:00
[2025-11-27T12:17:38.802-0300] {processor.py:183} INFO - Processing /Users/davispecia/Documents/GitHub/Pf_pipeline_dados/Projeto_final_fase3/venv/lib/python3.9/site-packages/airflow/example_dags/example_sla_dag.py took 0.112 seconds
[2025-11-27T12:19:39.632-0300] {processor.py:161} INFO - Started process (PID=1110) to work on /Users/davispecia/Documents/GitHub/Pf_pipeline_dados/Projeto_final_fase3/venv/lib/python3.9/site-packages/airflow/example_dags/example_sla_dag.py
[2025-11-27T12:19:39.633-0300] {processor.py:830} INFO - Processing file /Users/davispecia/Documents/GitHub/Pf_pipeline_dados/Projeto_final_fase3/venv/lib/python3.9/site-packages/airflow/example_dags/example_sla_dag.py for tasks to queue
[2025-11-27T12:19:39.633-0300] {logging_mixin.py:188} INFO - [2025-11-27T12:19:39.633-0300] {dagbag.py:545} INFO - Filling up the DagBag from /Users/davispecia/Documents/GitHub/Pf_pipeline_dados/Projeto_final_fase3/venv/lib/python3.9/site-packages/airflow/example_dags/example_sla_dag.py
[2025-11-27T12:19:39.651-0300] {processor.py:840} INFO - DAG(s) 'example_sla_dag' retrieved from /Users/davispecia/Documents/GitHub/Pf_pipeline_dados/Projeto_final_fase3/venv/lib/python3.9/site-packages/airflow/example_dags/example_sla_dag.py
[2025-11-27T12:19:39.721-0300] {logging_mixin.py:188} INFO - [2025-11-27T12:19:39.720-0300] {dag.py:3089} INFO - Sync 1 DAGs
[2025-11-27T12:19:39.731-0300] {logging_mixin.py:188} INFO - [2025-11-27T12:19:39.731-0300] {dag.py:3947} INFO - Setting next_dagrun for example_sla_dag to 2025-11-27 15:16:00+00:00, run_after=2025-11-27 15:18:00+00:00
[2025-11-27T12:19:39.740-0300] {processor.py:183} INFO - Processing /Users/davispecia/Documents/GitHub/Pf_pipeline_dados/Projeto_final_fase3/venv/lib/python3.9/site-packages/airflow/example_dags/example_sla_dag.py took 0.110 seconds
[2025-11-27T12:21:53.480-0300] {processor.py:161} INFO - Started process (PID=1529) to work on /Users/davispecia/Documents/GitHub/Pf_pipeline_dados/Projeto_final_fase3/venv/lib/python3.9/site-packages/airflow/example_dags/example_sla_dag.py
[2025-11-27T12:21:53.481-0300] {processor.py:830} INFO - Processing file /Users/davispecia/Documents/GitHub/Pf_pipeline_dados/Projeto_final_fase3/venv/lib/python3.9/site-packages/airflow/example_dags/example_sla_dag.py for tasks to queue
[2025-11-27T12:21:53.481-0300] {logging_mixin.py:188} INFO - [2025-11-27T12:21:53.481-0300] {dagbag.py:545} INFO - Filling up the DagBag from /Users/davispecia/Documents/GitHub/Pf_pipeline_dados/Projeto_final_fase3/venv/lib/python3.9/site-packages/airflow/example_dags/example_sla_dag.py
[2025-11-27T12:21:53.499-0300] {processor.py:840} INFO - DAG(s) 'example_sla_dag' retrieved from /Users/davispecia/Documents/GitHub/Pf_pipeline_dados/Projeto_final_fase3/venv/lib/python3.9/site-packages/airflow/example_dags/example_sla_dag.py
[2025-11-27T12:21:53.567-0300] {logging_mixin.py:188} INFO - [2025-11-27T12:21:53.567-0300] {dag.py:3089} INFO - Sync 1 DAGs
[2025-11-27T12:21:53.577-0300] {logging_mixin.py:188} INFO - [2025-11-27T12:21:53.577-0300] {dag.py:3947} INFO - Setting next_dagrun for example_sla_dag to 2025-11-27 15:18:00+00:00, run_after=2025-11-27 15:20:00+00:00
[2025-11-27T12:21:53.586-0300] {processor.py:183} INFO - Processing /Users/davispecia/Documents/GitHub/Pf_pipeline_dados/Projeto_final_fase3/venv/lib/python3.9/site-packages/airflow/example_dags/example_sla_dag.py took 0.108 seconds
[2025-11-27T12:23:55.710-0300] {processor.py:161} INFO - Started process (PID=1832) to work on /Users/davispecia/Documents/GitHub/Pf_pipeline_dados/Projeto_final_fase3/venv/lib/python3.9/site-packages/airflow/example_dags/example_sla_dag.py
[2025-11-27T12:23:55.711-0300] {processor.py:830} INFO - Processing file /Users/davispecia/Documents/GitHub/Pf_pipeline_dados/Projeto_final_fase3/venv/lib/python3.9/site-packages/airflow/example_dags/example_sla_dag.py for tasks to queue
[2025-11-27T12:23:55.711-0300] {logging_mixin.py:188} INFO - [2025-11-27T12:23:55.711-0300] {dagbag.py:545} INFO - Filling up the DagBag from /Users/davispecia/Documents/GitHub/Pf_pipeline_dados/Projeto_final_fase3/venv/lib/python3.9/site-packages/airflow/example_dags/example_sla_dag.py
[2025-11-27T12:23:55.729-0300] {processor.py:840} INFO - DAG(s) 'example_sla_dag' retrieved from /Users/davispecia/Documents/GitHub/Pf_pipeline_dados/Projeto_final_fase3/venv/lib/python3.9/site-packages/airflow/example_dags/example_sla_dag.py
[2025-11-27T12:23:55.797-0300] {logging_mixin.py:188} INFO - [2025-11-27T12:23:55.797-0300] {dag.py:3089} INFO - Sync 1 DAGs
[2025-11-27T12:23:55.808-0300] {logging_mixin.py:188} INFO - [2025-11-27T12:23:55.808-0300] {dag.py:3947} INFO - Setting next_dagrun for example_sla_dag to 2025-11-27 15:20:00+00:00, run_after=2025-11-27 15:22:00+00:00
[2025-11-27T12:23:55.816-0300] {processor.py:183} INFO - Processing /Users/davispecia/Documents/GitHub/Pf_pipeline_dados/Projeto_final_fase3/venv/lib/python3.9/site-packages/airflow/example_dags/example_sla_dag.py took 0.108 seconds
[2025-11-27T12:25:57.724-0300] {processor.py:161} INFO - Started process (PID=2130) to work on /Users/davispecia/Documents/GitHub/Pf_pipeline_dados/Projeto_final_fase3/venv/lib/python3.9/site-packages/airflow/example_dags/example_sla_dag.py
[2025-11-27T12:25:57.725-0300] {processor.py:830} INFO - Processing file /Users/davispecia/Documents/GitHub/Pf_pipeline_dados/Projeto_final_fase3/venv/lib/python3.9/site-packages/airflow/example_dags/example_sla_dag.py for tasks to queue
[2025-11-27T12:25:57.725-0300] {logging_mixin.py:188} INFO - [2025-11-27T12:25:57.725-0300] {dagbag.py:545} INFO - Filling up the DagBag from /Users/davispecia/Documents/GitHub/Pf_pipeline_dados/Projeto_final_fase3/venv/lib/python3.9/site-packages/airflow/example_dags/example_sla_dag.py
[2025-11-27T12:25:57.743-0300] {processor.py:840} INFO - DAG(s) 'example_sla_dag' retrieved from /Users/davispecia/Documents/GitHub/Pf_pipeline_dados/Projeto_final_fase3/venv/lib/python3.9/site-packages/airflow/example_dags/example_sla_dag.py
[2025-11-27T12:25:57.811-0300] {logging_mixin.py:188} INFO - [2025-11-27T12:25:57.811-0300] {dag.py:3089} INFO - Sync 1 DAGs
[2025-11-27T12:25:57.821-0300] {logging_mixin.py:188} INFO - [2025-11-27T12:25:57.821-0300] {dag.py:3947} INFO - Setting next_dagrun for example_sla_dag to 2025-11-27 15:22:00+00:00, run_after=2025-11-27 15:24:00+00:00
[2025-11-27T12:25:57.830-0300] {processor.py:183} INFO - Processing /Users/davispecia/Documents/GitHub/Pf_pipeline_dados/Projeto_final_fase3/venv/lib/python3.9/site-packages/airflow/example_dags/example_sla_dag.py took 0.107 seconds
[2025-11-27T12:28:16.918-0300] {processor.py:161} INFO - Started process (PID=2542) to work on /Users/davispecia/Documents/GitHub/Pf_pipeline_dados/Projeto_final_fase3/venv/lib/python3.9/site-packages/airflow/example_dags/example_sla_dag.py
[2025-11-27T12:28:16.919-0300] {processor.py:830} INFO - Processing file /Users/davispecia/Documents/GitHub/Pf_pipeline_dados/Projeto_final_fase3/venv/lib/python3.9/site-packages/airflow/example_dags/example_sla_dag.py for tasks to queue
[2025-11-27T12:28:16.919-0300] {logging_mixin.py:188} INFO - [2025-11-27T12:28:16.919-0300] {dagbag.py:545} INFO - Filling up the DagBag from /Users/davispecia/Documents/GitHub/Pf_pipeline_dados/Projeto_final_fase3/venv/lib/python3.9/site-packages/airflow/example_dags/example_sla_dag.py
[2025-11-27T12:28:16.938-0300] {processor.py:840} INFO - DAG(s) 'example_sla_dag' retrieved from /Users/davispecia/Documents/GitHub/Pf_pipeline_dados/Projeto_final_fase3/venv/lib/python3.9/site-packages/airflow/example_dags/example_sla_dag.py
[2025-11-27T12:28:17.006-0300] {logging_mixin.py:188} INFO - [2025-11-27T12:28:17.005-0300] {dag.py:3089} INFO - Sync 1 DAGs
[2025-11-27T12:28:17.016-0300] {logging_mixin.py:188} INFO - [2025-11-27T12:28:17.016-0300] {dag.py:3947} INFO - Setting next_dagrun for example_sla_dag to 2025-11-27 15:26:00+00:00, run_after=2025-11-27 15:28:00+00:00
[2025-11-27T12:28:17.025-0300] {processor.py:183} INFO - Processing /Users/davispecia/Documents/GitHub/Pf_pipeline_dados/Projeto_final_fase3/venv/lib/python3.9/site-packages/airflow/example_dags/example_sla_dag.py took 0.110 seconds
[2025-11-27T14:03:55.063-0300] {processor.py:161} INFO - Started process (PID=2860) to work on /Users/davispecia/Documents/GitHub/Pf_pipeline_dados/Projeto_final_fase3/venv/lib/python3.9/site-packages/airflow/example_dags/example_sla_dag.py
[2025-11-27T14:03:55.063-0300] {processor.py:830} INFO - Processing file /Users/davispecia/Documents/GitHub/Pf_pipeline_dados/Projeto_final_fase3/venv/lib/python3.9/site-packages/airflow/example_dags/example_sla_dag.py for tasks to queue
[2025-11-27T14:03:55.064-0300] {logging_mixin.py:188} INFO - [2025-11-27T14:03:55.064-0300] {dagbag.py:545} INFO - Filling up the DagBag from /Users/davispecia/Documents/GitHub/Pf_pipeline_dados/Projeto_final_fase3/venv/lib/python3.9/site-packages/airflow/example_dags/example_sla_dag.py
[2025-11-27T14:03:55.081-0300] {processor.py:840} INFO - DAG(s) 'example_sla_dag' retrieved from /Users/davispecia/Documents/GitHub/Pf_pipeline_dados/Projeto_final_fase3/venv/lib/python3.9/site-packages/airflow/example_dags/example_sla_dag.py
[2025-11-27T14:03:55.147-0300] {logging_mixin.py:188} INFO - [2025-11-27T14:03:55.147-0300] {dag.py:3089} INFO - Sync 1 DAGs
[2025-11-27T14:03:55.159-0300] {logging_mixin.py:188} INFO - [2025-11-27T14:03:55.158-0300] {dag.py:3947} INFO - Setting next_dagrun for example_sla_dag to 2025-11-27 17:00:00+00:00, run_after=2025-11-27 17:02:00+00:00
[2025-11-27T14:03:55.167-0300] {processor.py:183} INFO - Processing /Users/davispecia/Documents/GitHub/Pf_pipeline_dados/Projeto_final_fase3/venv/lib/python3.9/site-packages/airflow/example_dags/example_sla_dag.py took 0.106 seconds
[2025-11-27T14:08:18.906-0300] {processor.py:161} INFO - Started process (PID=3281) to work on /Users/davispecia/Documents/GitHub/Pf_pipeline_dados/Projeto_final_fase3/venv/lib/python3.9/site-packages/airflow/example_dags/example_sla_dag.py
[2025-11-27T14:08:18.906-0300] {processor.py:830} INFO - Processing file /Users/davispecia/Documents/GitHub/Pf_pipeline_dados/Projeto_final_fase3/venv/lib/python3.9/site-packages/airflow/example_dags/example_sla_dag.py for tasks to queue
[2025-11-27T14:08:18.907-0300] {logging_mixin.py:188} INFO - [2025-11-27T14:08:18.906-0300] {dagbag.py:545} INFO - Filling up the DagBag from /Users/davispecia/Documents/GitHub/Pf_pipeline_dados/Projeto_final_fase3/venv/lib/python3.9/site-packages/airflow/example_dags/example_sla_dag.py
[2025-11-27T14:08:18.925-0300] {processor.py:840} INFO - DAG(s) 'example_sla_dag' retrieved from /Users/davispecia/Documents/GitHub/Pf_pipeline_dados/Projeto_final_fase3/venv/lib/python3.9/site-packages/airflow/example_dags/example_sla_dag.py
[2025-11-27T14:08:18.997-0300] {logging_mixin.py:188} INFO - [2025-11-27T14:08:18.997-0300] {dag.py:3089} INFO - Sync 1 DAGs
[2025-11-27T14:08:19.007-0300] {logging_mixin.py:188} INFO - [2025-11-27T14:08:19.007-0300] {dag.py:3947} INFO - Setting next_dagrun for example_sla_dag to 2025-11-27 17:06:00+00:00, run_after=2025-11-27 17:08:00+00:00
[2025-11-27T14:08:19.016-0300] {processor.py:183} INFO - Processing /Users/davispecia/Documents/GitHub/Pf_pipeline_dados/Projeto_final_fase3/venv/lib/python3.9/site-packages/airflow/example_dags/example_sla_dag.py took 0.112 seconds
[2025-11-27T14:09:53.045-0300] {processor.py:161} INFO - Started process (PID=3567) to work on /Users/davispecia/Documents/GitHub/Pf_pipeline_dados/Projeto_final_fase3/venv/lib/python3.9/site-packages/airflow/example_dags/example_sla_dag.py
[2025-11-27T14:09:53.047-0300] {processor.py:830} INFO - Processing file /Users/davispecia/Documents/GitHub/Pf_pipeline_dados/Projeto_final_fase3/venv/lib/python3.9/site-packages/airflow/example_dags/example_sla_dag.py for tasks to queue
[2025-11-27T14:09:53.047-0300] {logging_mixin.py:188} INFO - [2025-11-27T14:09:53.047-0300] {dagbag.py:545} INFO - Filling up the DagBag from /Users/davispecia/Documents/GitHub/Pf_pipeline_dados/Projeto_final_fase3/venv/lib/python3.9/site-packages/airflow/example_dags/example_sla_dag.py
[2025-11-27T14:09:53.066-0300] {processor.py:840} INFO - DAG(s) 'example_sla_dag' retrieved from /Users/davispecia/Documents/GitHub/Pf_pipeline_dados/Projeto_final_fase3/venv/lib/python3.9/site-packages/airflow/example_dags/example_sla_dag.py
[2025-11-27T14:09:53.135-0300] {logging_mixin.py:188} INFO - [2025-11-27T14:09:53.134-0300] {dag.py:3089} INFO - Sync 1 DAGs
[2025-11-27T14:09:53.145-0300] {logging_mixin.py:188} INFO - [2025-11-27T14:09:53.145-0300] {dag.py:3947} INFO - Setting next_dagrun for example_sla_dag to 2025-11-27 17:06:00+00:00, run_after=2025-11-27 17:08:00+00:00
[2025-11-27T14:09:53.153-0300] {processor.py:183} INFO - Processing /Users/davispecia/Documents/GitHub/Pf_pipeline_dados/Projeto_final_fase3/venv/lib/python3.9/site-packages/airflow/example_dags/example_sla_dag.py took 0.110 seconds
[2025-11-27T14:11:54.186-0300] {processor.py:161} INFO - Started process (PID=3858) to work on /Users/davispecia/Documents/GitHub/Pf_pipeline_dados/Projeto_final_fase3/venv/lib/python3.9/site-packages/airflow/example_dags/example_sla_dag.py
[2025-11-27T14:11:54.187-0300] {processor.py:830} INFO - Processing file /Users/davispecia/Documents/GitHub/Pf_pipeline_dados/Projeto_final_fase3/venv/lib/python3.9/site-packages/airflow/example_dags/example_sla_dag.py for tasks to queue
[2025-11-27T14:11:54.187-0300] {logging_mixin.py:188} INFO - [2025-11-27T14:11:54.187-0300] {dagbag.py:545} INFO - Filling up the DagBag from /Users/davispecia/Documents/GitHub/Pf_pipeline_dados/Projeto_final_fase3/venv/lib/python3.9/site-packages/airflow/example_dags/example_sla_dag.py
[2025-11-27T14:11:54.206-0300] {processor.py:840} INFO - DAG(s) 'example_sla_dag' retrieved from /Users/davispecia/Documents/GitHub/Pf_pipeline_dados/Projeto_final_fase3/venv/lib/python3.9/site-packages/airflow/example_dags/example_sla_dag.py
[2025-11-27T14:11:54.277-0300] {logging_mixin.py:188} INFO - [2025-11-27T14:11:54.276-0300] {dag.py:3089} INFO - Sync 1 DAGs
[2025-11-27T14:11:54.287-0300] {logging_mixin.py:188} INFO - [2025-11-27T14:11:54.287-0300] {dag.py:3947} INFO - Setting next_dagrun for example_sla_dag to 2025-11-27 17:08:00+00:00, run_after=2025-11-27 17:10:00+00:00
[2025-11-27T14:11:54.297-0300] {processor.py:183} INFO - Processing /Users/davispecia/Documents/GitHub/Pf_pipeline_dados/Projeto_final_fase3/venv/lib/python3.9/site-packages/airflow/example_dags/example_sla_dag.py took 0.113 seconds
[2025-11-27T14:14:04.304-0300] {processor.py:161} INFO - Started process (PID=4203) to work on /Users/davispecia/Documents/GitHub/Pf_pipeline_dados/Projeto_final_fase3/venv/lib/python3.9/site-packages/airflow/example_dags/example_sla_dag.py
[2025-11-27T14:14:04.306-0300] {processor.py:830} INFO - Processing file /Users/davispecia/Documents/GitHub/Pf_pipeline_dados/Projeto_final_fase3/venv/lib/python3.9/site-packages/airflow/example_dags/example_sla_dag.py for tasks to queue
[2025-11-27T14:14:04.308-0300] {logging_mixin.py:188} INFO - [2025-11-27T14:14:04.307-0300] {dagbag.py:545} INFO - Filling up the DagBag from /Users/davispecia/Documents/GitHub/Pf_pipeline_dados/Projeto_final_fase3/venv/lib/python3.9/site-packages/airflow/example_dags/example_sla_dag.py
[2025-11-27T14:14:04.387-0300] {processor.py:840} INFO - DAG(s) 'example_sla_dag' retrieved from /Users/davispecia/Documents/GitHub/Pf_pipeline_dados/Projeto_final_fase3/venv/lib/python3.9/site-packages/airflow/example_dags/example_sla_dag.py
[2025-11-27T14:14:04.480-0300] {logging_mixin.py:188} INFO - [2025-11-27T14:14:04.480-0300] {dag.py:3089} INFO - Sync 1 DAGs
[2025-11-27T14:14:04.497-0300] {logging_mixin.py:188} INFO - [2025-11-27T14:14:04.497-0300] {dag.py:3947} INFO - Setting next_dagrun for example_sla_dag to 2025-11-27 17:12:00+00:00, run_after=2025-11-27 17:14:00+00:00
[2025-11-27T14:14:04.518-0300] {processor.py:183} INFO - Processing /Users/davispecia/Documents/GitHub/Pf_pipeline_dados/Projeto_final_fase3/venv/lib/python3.9/site-packages/airflow/example_dags/example_sla_dag.py took 0.217 seconds
[2025-11-27T14:15:20.178-0300] {processor.py:161} INFO - Started process (PID=4442) to work on /Users/davispecia/Documents/GitHub/Pf_pipeline_dados/Projeto_final_fase3/venv/lib/python3.9/site-packages/airflow/example_dags/example_sla_dag.py
[2025-11-27T14:15:20.179-0300] {processor.py:830} INFO - Processing file /Users/davispecia/Documents/GitHub/Pf_pipeline_dados/Projeto_final_fase3/venv/lib/python3.9/site-packages/airflow/example_dags/example_sla_dag.py for tasks to queue
[2025-11-27T14:15:20.180-0300] {logging_mixin.py:188} INFO - [2025-11-27T14:15:20.180-0300] {dagbag.py:545} INFO - Filling up the DagBag from /Users/davispecia/Documents/GitHub/Pf_pipeline_dados/Projeto_final_fase3/venv/lib/python3.9/site-packages/airflow/example_dags/example_sla_dag.py
[2025-11-27T14:15:20.198-0300] {processor.py:840} INFO - DAG(s) 'example_sla_dag' retrieved from /Users/davispecia/Documents/GitHub/Pf_pipeline_dados/Projeto_final_fase3/venv/lib/python3.9/site-packages/airflow/example_dags/example_sla_dag.py
[2025-11-27T14:15:20.267-0300] {logging_mixin.py:188} INFO - [2025-11-27T14:15:20.267-0300] {dag.py:3089} INFO - Sync 1 DAGs
[2025-11-27T14:15:20.278-0300] {logging_mixin.py:188} INFO - [2025-11-27T14:15:20.278-0300] {dag.py:3947} INFO - Setting next_dagrun for example_sla_dag to 2025-11-27 17:12:00+00:00, run_after=2025-11-27 17:14:00+00:00
[2025-11-27T14:15:20.287-0300] {processor.py:183} INFO - Processing /Users/davispecia/Documents/GitHub/Pf_pipeline_dados/Projeto_final_fase3/venv/lib/python3.9/site-packages/airflow/example_dags/example_sla_dag.py took 0.111 seconds
[2025-11-27T14:16:27.376-0300] {processor.py:161} INFO - Started process (PID=4608) to work on /Users/davispecia/Documents/GitHub/Pf_pipeline_dados/Projeto_final_fase3/venv/lib/python3.9/site-packages/airflow/example_dags/example_sla_dag.py
[2025-11-27T14:16:27.377-0300] {processor.py:830} INFO - Processing file /Users/davispecia/Documents/GitHub/Pf_pipeline_dados/Projeto_final_fase3/venv/lib/python3.9/site-packages/airflow/example_dags/example_sla_dag.py for tasks to queue
[2025-11-27T14:16:27.377-0300] {logging_mixin.py:188} INFO - [2025-11-27T14:16:27.377-0300] {dagbag.py:545} INFO - Filling up the DagBag from /Users/davispecia/Documents/GitHub/Pf_pipeline_dados/Projeto_final_fase3/venv/lib/python3.9/site-packages/airflow/example_dags/example_sla_dag.py
[2025-11-27T14:16:27.395-0300] {processor.py:840} INFO - DAG(s) 'example_sla_dag' retrieved from /Users/davispecia/Documents/GitHub/Pf_pipeline_dados/Projeto_final_fase3/venv/lib/python3.9/site-packages/airflow/example_dags/example_sla_dag.py
[2025-11-27T14:16:27.465-0300] {logging_mixin.py:188} INFO - [2025-11-27T14:16:27.465-0300] {dag.py:3089} INFO - Sync 1 DAGs
[2025-11-27T14:16:27.475-0300] {logging_mixin.py:188} INFO - [2025-11-27T14:16:27.475-0300] {dag.py:3947} INFO - Setting next_dagrun for example_sla_dag to 2025-11-27 17:14:00+00:00, run_after=2025-11-27 17:16:00+00:00
[2025-11-27T14:16:27.484-0300] {processor.py:183} INFO - Processing /Users/davispecia/Documents/GitHub/Pf_pipeline_dados/Projeto_final_fase3/venv/lib/python3.9/site-packages/airflow/example_dags/example_sla_dag.py took 0.110 seconds
[2025-11-27T14:17:30.712-0300] {processor.py:161} INFO - Started process (PID=4758) to work on /Users/davispecia/Documents/GitHub/Pf_pipeline_dados/Projeto_final_fase3/venv/lib/python3.9/site-packages/airflow/example_dags/example_sla_dag.py
[2025-11-27T14:17:30.713-0300] {processor.py:830} INFO - Processing file /Users/davispecia/Documents/GitHub/Pf_pipeline_dados/Projeto_final_fase3/venv/lib/python3.9/site-packages/airflow/example_dags/example_sla_dag.py for tasks to queue
[2025-11-27T14:17:30.713-0300] {logging_mixin.py:188} INFO - [2025-11-27T14:17:30.713-0300] {dagbag.py:545} INFO - Filling up the DagBag from /Users/davispecia/Documents/GitHub/Pf_pipeline_dados/Projeto_final_fase3/venv/lib/python3.9/site-packages/airflow/example_dags/example_sla_dag.py
[2025-11-27T14:17:30.731-0300] {processor.py:840} INFO - DAG(s) 'example_sla_dag' retrieved from /Users/davispecia/Documents/GitHub/Pf_pipeline_dados/Projeto_final_fase3/venv/lib/python3.9/site-packages/airflow/example_dags/example_sla_dag.py
[2025-11-27T14:17:30.801-0300] {logging_mixin.py:188} INFO - [2025-11-27T14:17:30.800-0300] {dag.py:3089} INFO - Sync 1 DAGs
[2025-11-27T14:17:30.812-0300] {logging_mixin.py:188} INFO - [2025-11-27T14:17:30.811-0300] {dag.py:3947} INFO - Setting next_dagrun for example_sla_dag to 2025-11-27 17:14:00+00:00, run_after=2025-11-27 17:16:00+00:00
[2025-11-27T14:17:30.820-0300] {processor.py:183} INFO - Processing /Users/davispecia/Documents/GitHub/Pf_pipeline_dados/Projeto_final_fase3/venv/lib/python3.9/site-packages/airflow/example_dags/example_sla_dag.py took 0.110 seconds
[2025-11-27T14:18:43.986-0300] {processor.py:161} INFO - Started process (PID=4932) to work on /Users/davispecia/Documents/GitHub/Pf_pipeline_dados/Projeto_final_fase3/venv/lib/python3.9/site-packages/airflow/example_dags/example_sla_dag.py
[2025-11-27T14:18:43.987-0300] {processor.py:830} INFO - Processing file /Users/davispecia/Documents/GitHub/Pf_pipeline_dados/Projeto_final_fase3/venv/lib/python3.9/site-packages/airflow/example_dags/example_sla_dag.py for tasks to queue
[2025-11-27T14:18:43.987-0300] {logging_mixin.py:188} INFO - [2025-11-27T14:18:43.987-0300] {dagbag.py:545} INFO - Filling up the DagBag from /Users/davispecia/Documents/GitHub/Pf_pipeline_dados/Projeto_final_fase3/venv/lib/python3.9/site-packages/airflow/example_dags/example_sla_dag.py
[2025-11-27T14:18:44.006-0300] {processor.py:840} INFO - DAG(s) 'example_sla_dag' retrieved from /Users/davispecia/Documents/GitHub/Pf_pipeline_dados/Projeto_final_fase3/venv/lib/python3.9/site-packages/airflow/example_dags/example_sla_dag.py
[2025-11-27T14:18:44.076-0300] {logging_mixin.py:188} INFO - [2025-11-27T14:18:44.076-0300] {dag.py:3089} INFO - Sync 1 DAGs
[2025-11-27T14:18:44.087-0300] {logging_mixin.py:188} INFO - [2025-11-27T14:18:44.087-0300] {dag.py:3947} INFO - Setting next_dagrun for example_sla_dag to 2025-11-27 17:16:00+00:00, run_after=2025-11-27 17:18:00+00:00
[2025-11-27T14:18:44.095-0300] {processor.py:183} INFO - Processing /Users/davispecia/Documents/GitHub/Pf_pipeline_dados/Projeto_final_fase3/venv/lib/python3.9/site-packages/airflow/example_dags/example_sla_dag.py took 0.112 seconds
[2025-11-27T14:19:54.264-0300] {processor.py:161} INFO - Started process (PID=5094) to work on /Users/davispecia/Documents/GitHub/Pf_pipeline_dados/Projeto_final_fase3/venv/lib/python3.9/site-packages/airflow/example_dags/example_sla_dag.py
[2025-11-27T14:19:54.265-0300] {processor.py:830} INFO - Processing file /Users/davispecia/Documents/GitHub/Pf_pipeline_dados/Projeto_final_fase3/venv/lib/python3.9/site-packages/airflow/example_dags/example_sla_dag.py for tasks to queue
[2025-11-27T14:19:54.265-0300] {logging_mixin.py:188} INFO - [2025-11-27T14:19:54.265-0300] {dagbag.py:545} INFO - Filling up the DagBag from /Users/davispecia/Documents/GitHub/Pf_pipeline_dados/Projeto_final_fase3/venv/lib/python3.9/site-packages/airflow/example_dags/example_sla_dag.py
[2025-11-27T14:19:54.284-0300] {processor.py:840} INFO - DAG(s) 'example_sla_dag' retrieved from /Users/davispecia/Documents/GitHub/Pf_pipeline_dados/Projeto_final_fase3/venv/lib/python3.9/site-packages/airflow/example_dags/example_sla_dag.py
[2025-11-27T14:19:54.357-0300] {logging_mixin.py:188} INFO - [2025-11-27T14:19:54.357-0300] {dag.py:3089} INFO - Sync 1 DAGs
[2025-11-27T14:19:54.367-0300] {logging_mixin.py:188} INFO - [2025-11-27T14:19:54.367-0300] {dag.py:3947} INFO - Setting next_dagrun for example_sla_dag to 2025-11-27 17:16:00+00:00, run_after=2025-11-27 17:18:00+00:00
[2025-11-27T14:19:54.376-0300] {processor.py:183} INFO - Processing /Users/davispecia/Documents/GitHub/Pf_pipeline_dados/Projeto_final_fase3/venv/lib/python3.9/site-packages/airflow/example_dags/example_sla_dag.py took 0.114 seconds
[2025-11-27T14:22:14.189-0300] {processor.py:161} INFO - Started process (PID=5486) to work on /Users/davispecia/Documents/GitHub/Pf_pipeline_dados/Projeto_final_fase3/venv/lib/python3.9/site-packages/airflow/example_dags/example_sla_dag.py
[2025-11-27T14:22:14.195-0300] {processor.py:830} INFO - Processing file /Users/davispecia/Documents/GitHub/Pf_pipeline_dados/Projeto_final_fase3/venv/lib/python3.9/site-packages/airflow/example_dags/example_sla_dag.py for tasks to queue
[2025-11-27T14:22:14.195-0300] {logging_mixin.py:188} INFO - [2025-11-27T14:22:14.195-0300] {dagbag.py:545} INFO - Filling up the DagBag from /Users/davispecia/Documents/GitHub/Pf_pipeline_dados/Projeto_final_fase3/venv/lib/python3.9/site-packages/airflow/example_dags/example_sla_dag.py
[2025-11-27T14:22:14.214-0300] {processor.py:840} INFO - DAG(s) 'example_sla_dag' retrieved from /Users/davispecia/Documents/GitHub/Pf_pipeline_dados/Projeto_final_fase3/venv/lib/python3.9/site-packages/airflow/example_dags/example_sla_dag.py
[2025-11-27T14:22:14.287-0300] {logging_mixin.py:188} INFO - [2025-11-27T14:22:14.286-0300] {dag.py:3089} INFO - Sync 1 DAGs
[2025-11-27T14:22:14.298-0300] {logging_mixin.py:188} INFO - [2025-11-27T14:22:14.297-0300] {dag.py:3947} INFO - Setting next_dagrun for example_sla_dag to 2025-11-27 17:20:00+00:00, run_after=2025-11-27 17:22:00+00:00
[2025-11-27T14:22:14.306-0300] {processor.py:183} INFO - Processing /Users/davispecia/Documents/GitHub/Pf_pipeline_dados/Projeto_final_fase3/venv/lib/python3.9/site-packages/airflow/example_dags/example_sla_dag.py took 0.120 seconds
[2025-11-27T14:24:26.965-0300] {processor.py:161} INFO - Started process (PID=5796) to work on /Users/davispecia/Documents/GitHub/Pf_pipeline_dados/Projeto_final_fase3/venv/lib/python3.9/site-packages/airflow/example_dags/example_sla_dag.py
[2025-11-27T14:24:26.965-0300] {processor.py:830} INFO - Processing file /Users/davispecia/Documents/GitHub/Pf_pipeline_dados/Projeto_final_fase3/venv/lib/python3.9/site-packages/airflow/example_dags/example_sla_dag.py for tasks to queue
[2025-11-27T14:24:26.966-0300] {logging_mixin.py:188} INFO - [2025-11-27T14:24:26.965-0300] {dagbag.py:545} INFO - Filling up the DagBag from /Users/davispecia/Documents/GitHub/Pf_pipeline_dados/Projeto_final_fase3/venv/lib/python3.9/site-packages/airflow/example_dags/example_sla_dag.py
[2025-11-27T14:24:26.987-0300] {processor.py:840} INFO - DAG(s) 'example_sla_dag' retrieved from /Users/davispecia/Documents/GitHub/Pf_pipeline_dados/Projeto_final_fase3/venv/lib/python3.9/site-packages/airflow/example_dags/example_sla_dag.py
[2025-11-27T14:24:27.061-0300] {logging_mixin.py:188} INFO - [2025-11-27T14:24:27.061-0300] {dag.py:3089} INFO - Sync 1 DAGs
[2025-11-27T14:24:27.073-0300] {logging_mixin.py:188} INFO - [2025-11-27T14:24:27.073-0300] {dag.py:3947} INFO - Setting next_dagrun for example_sla_dag to 2025-11-27 17:22:00+00:00, run_after=2025-11-27 17:24:00+00:00
[2025-11-27T14:24:27.083-0300] {processor.py:183} INFO - Processing /Users/davispecia/Documents/GitHub/Pf_pipeline_dados/Projeto_final_fase3/venv/lib/python3.9/site-packages/airflow/example_dags/example_sla_dag.py took 0.121 seconds
[2025-11-27T14:25:38.350-0300] {processor.py:161} INFO - Started process (PID=5959) to work on /Users/davispecia/Documents/GitHub/Pf_pipeline_dados/Projeto_final_fase3/venv/lib/python3.9/site-packages/airflow/example_dags/example_sla_dag.py
[2025-11-27T14:25:38.350-0300] {processor.py:830} INFO - Processing file /Users/davispecia/Documents/GitHub/Pf_pipeline_dados/Projeto_final_fase3/venv/lib/python3.9/site-packages/airflow/example_dags/example_sla_dag.py for tasks to queue
[2025-11-27T14:25:38.351-0300] {logging_mixin.py:188} INFO - [2025-11-27T14:25:38.350-0300] {dagbag.py:545} INFO - Filling up the DagBag from /Users/davispecia/Documents/GitHub/Pf_pipeline_dados/Projeto_final_fase3/venv/lib/python3.9/site-packages/airflow/example_dags/example_sla_dag.py
[2025-11-27T14:25:38.369-0300] {processor.py:840} INFO - DAG(s) 'example_sla_dag' retrieved from /Users/davispecia/Documents/GitHub/Pf_pipeline_dados/Projeto_final_fase3/venv/lib/python3.9/site-packages/airflow/example_dags/example_sla_dag.py
[2025-11-27T14:25:38.443-0300] {logging_mixin.py:188} INFO - [2025-11-27T14:25:38.443-0300] {dag.py:3089} INFO - Sync 1 DAGs
[2025-11-27T14:25:38.454-0300] {logging_mixin.py:188} INFO - [2025-11-27T14:25:38.453-0300] {dag.py:3947} INFO - Setting next_dagrun for example_sla_dag to 2025-11-27 17:22:00+00:00, run_after=2025-11-27 17:24:00+00:00
[2025-11-27T14:25:38.463-0300] {processor.py:183} INFO - Processing /Users/davispecia/Documents/GitHub/Pf_pipeline_dados/Projeto_final_fase3/venv/lib/python3.9/site-packages/airflow/example_dags/example_sla_dag.py took 0.116 seconds
[2025-11-27T14:27:01.083-0300] {processor.py:161} INFO - Started process (PID=6217) to work on /Users/davispecia/Documents/GitHub/Pf_pipeline_dados/Projeto_final_fase3/venv/lib/python3.9/site-packages/airflow/example_dags/example_sla_dag.py
[2025-11-27T14:27:01.084-0300] {processor.py:830} INFO - Processing file /Users/davispecia/Documents/GitHub/Pf_pipeline_dados/Projeto_final_fase3/venv/lib/python3.9/site-packages/airflow/example_dags/example_sla_dag.py for tasks to queue
[2025-11-27T14:27:01.084-0300] {logging_mixin.py:188} INFO - [2025-11-27T14:27:01.084-0300] {dagbag.py:545} INFO - Filling up the DagBag from /Users/davispecia/Documents/GitHub/Pf_pipeline_dados/Projeto_final_fase3/venv/lib/python3.9/site-packages/airflow/example_dags/example_sla_dag.py
[2025-11-27T14:27:01.105-0300] {processor.py:840} INFO - DAG(s) 'example_sla_dag' retrieved from /Users/davispecia/Documents/GitHub/Pf_pipeline_dados/Projeto_final_fase3/venv/lib/python3.9/site-packages/airflow/example_dags/example_sla_dag.py
[2025-11-27T14:27:01.183-0300] {logging_mixin.py:188} INFO - [2025-11-27T14:27:01.183-0300] {dag.py:3089} INFO - Sync 1 DAGs
[2025-11-27T14:27:01.194-0300] {logging_mixin.py:188} INFO - [2025-11-27T14:27:01.194-0300] {dag.py:3947} INFO - Setting next_dagrun for example_sla_dag to 2025-11-27 17:24:00+00:00, run_after=2025-11-27 17:26:00+00:00
[2025-11-27T14:27:01.205-0300] {processor.py:183} INFO - Processing /Users/davispecia/Documents/GitHub/Pf_pipeline_dados/Projeto_final_fase3/venv/lib/python3.9/site-packages/airflow/example_dags/example_sla_dag.py took 0.124 seconds
[2025-11-27T14:28:16.109-0300] {processor.py:161} INFO - Started process (PID=6442) to work on /Users/davispecia/Documents/GitHub/Pf_pipeline_dados/Projeto_final_fase3/venv/lib/python3.9/site-packages/airflow/example_dags/example_sla_dag.py
[2025-11-27T14:28:16.110-0300] {processor.py:830} INFO - Processing file /Users/davispecia/Documents/GitHub/Pf_pipeline_dados/Projeto_final_fase3/venv/lib/python3.9/site-packages/airflow/example_dags/example_sla_dag.py for tasks to queue
[2025-11-27T14:28:16.111-0300] {logging_mixin.py:188} INFO - [2025-11-27T14:28:16.111-0300] {dagbag.py:545} INFO - Filling up the DagBag from /Users/davispecia/Documents/GitHub/Pf_pipeline_dados/Projeto_final_fase3/venv/lib/python3.9/site-packages/airflow/example_dags/example_sla_dag.py
[2025-11-27T14:28:16.129-0300] {processor.py:840} INFO - DAG(s) 'example_sla_dag' retrieved from /Users/davispecia/Documents/GitHub/Pf_pipeline_dados/Projeto_final_fase3/venv/lib/python3.9/site-packages/airflow/example_dags/example_sla_dag.py
[2025-11-27T14:28:16.201-0300] {logging_mixin.py:188} INFO - [2025-11-27T14:28:16.201-0300] {dag.py:3089} INFO - Sync 1 DAGs
[2025-11-27T14:28:16.212-0300] {logging_mixin.py:188} INFO - [2025-11-27T14:28:16.212-0300] {dag.py:3947} INFO - Setting next_dagrun for example_sla_dag to 2025-11-27 17:26:00+00:00, run_after=2025-11-27 17:28:00+00:00
[2025-11-27T14:28:16.222-0300] {processor.py:183} INFO - Processing /Users/davispecia/Documents/GitHub/Pf_pipeline_dados/Projeto_final_fase3/venv/lib/python3.9/site-packages/airflow/example_dags/example_sla_dag.py took 0.115 seconds
[2025-11-27T14:30:26.314-0300] {processor.py:161} INFO - Started process (PID=6758) to work on /Users/davispecia/Documents/GitHub/Pf_pipeline_dados/Projeto_final_fase3/venv/lib/python3.9/site-packages/airflow/example_dags/example_sla_dag.py
[2025-11-27T14:30:26.315-0300] {processor.py:830} INFO - Processing file /Users/davispecia/Documents/GitHub/Pf_pipeline_dados/Projeto_final_fase3/venv/lib/python3.9/site-packages/airflow/example_dags/example_sla_dag.py for tasks to queue
[2025-11-27T14:30:26.315-0300] {logging_mixin.py:188} INFO - [2025-11-27T14:30:26.315-0300] {dagbag.py:545} INFO - Filling up the DagBag from /Users/davispecia/Documents/GitHub/Pf_pipeline_dados/Projeto_final_fase3/venv/lib/python3.9/site-packages/airflow/example_dags/example_sla_dag.py
[2025-11-27T14:30:26.335-0300] {processor.py:840} INFO - DAG(s) 'example_sla_dag' retrieved from /Users/davispecia/Documents/GitHub/Pf_pipeline_dados/Projeto_final_fase3/venv/lib/python3.9/site-packages/airflow/example_dags/example_sla_dag.py
[2025-11-27T14:30:26.405-0300] {logging_mixin.py:188} INFO - [2025-11-27T14:30:26.405-0300] {dag.py:3089} INFO - Sync 1 DAGs
[2025-11-27T14:30:26.415-0300] {logging_mixin.py:188} INFO - [2025-11-27T14:30:26.415-0300] {dag.py:3947} INFO - Setting next_dagrun for example_sla_dag to 2025-11-27 17:28:00+00:00, run_after=2025-11-27 17:30:00+00:00
[2025-11-27T14:30:26.424-0300] {processor.py:183} INFO - Processing /Users/davispecia/Documents/GitHub/Pf_pipeline_dados/Projeto_final_fase3/venv/lib/python3.9/site-packages/airflow/example_dags/example_sla_dag.py took 0.112 seconds
[2025-11-27T14:31:32.224-0300] {processor.py:161} INFO - Started process (PID=6909) to work on /Users/davispecia/Documents/GitHub/Pf_pipeline_dados/Projeto_final_fase3/venv/lib/python3.9/site-packages/airflow/example_dags/example_sla_dag.py
[2025-11-27T14:31:32.225-0300] {processor.py:830} INFO - Processing file /Users/davispecia/Documents/GitHub/Pf_pipeline_dados/Projeto_final_fase3/venv/lib/python3.9/site-packages/airflow/example_dags/example_sla_dag.py for tasks to queue
[2025-11-27T14:31:32.225-0300] {logging_mixin.py:188} INFO - [2025-11-27T14:31:32.225-0300] {dagbag.py:545} INFO - Filling up the DagBag from /Users/davispecia/Documents/GitHub/Pf_pipeline_dados/Projeto_final_fase3/venv/lib/python3.9/site-packages/airflow/example_dags/example_sla_dag.py
[2025-11-27T14:31:32.244-0300] {processor.py:840} INFO - DAG(s) 'example_sla_dag' retrieved from /Users/davispecia/Documents/GitHub/Pf_pipeline_dados/Projeto_final_fase3/venv/lib/python3.9/site-packages/airflow/example_dags/example_sla_dag.py
[2025-11-27T14:31:32.317-0300] {logging_mixin.py:188} INFO - [2025-11-27T14:31:32.317-0300] {dag.py:3089} INFO - Sync 1 DAGs
[2025-11-27T14:31:32.328-0300] {logging_mixin.py:188} INFO - [2025-11-27T14:31:32.328-0300] {dag.py:3947} INFO - Setting next_dagrun for example_sla_dag to 2025-11-27 17:28:00+00:00, run_after=2025-11-27 17:30:00+00:00
[2025-11-27T14:31:32.338-0300] {processor.py:183} INFO - Processing /Users/davispecia/Documents/GitHub/Pf_pipeline_dados/Projeto_final_fase3/venv/lib/python3.9/site-packages/airflow/example_dags/example_sla_dag.py took 0.116 seconds
[2025-11-27T14:33:51.119-0300] {processor.py:161} INFO - Started process (PID=7322) to work on /Users/davispecia/Documents/GitHub/Pf_pipeline_dados/Projeto_final_fase3/venv/lib/python3.9/site-packages/airflow/example_dags/example_sla_dag.py
[2025-11-27T14:33:51.119-0300] {processor.py:830} INFO - Processing file /Users/davispecia/Documents/GitHub/Pf_pipeline_dados/Projeto_final_fase3/venv/lib/python3.9/site-packages/airflow/example_dags/example_sla_dag.py for tasks to queue
[2025-11-27T14:33:51.120-0300] {logging_mixin.py:188} INFO - [2025-11-27T14:33:51.119-0300] {dagbag.py:545} INFO - Filling up the DagBag from /Users/davispecia/Documents/GitHub/Pf_pipeline_dados/Projeto_final_fase3/venv/lib/python3.9/site-packages/airflow/example_dags/example_sla_dag.py
[2025-11-27T14:33:51.138-0300] {processor.py:840} INFO - DAG(s) 'example_sla_dag' retrieved from /Users/davispecia/Documents/GitHub/Pf_pipeline_dados/Projeto_final_fase3/venv/lib/python3.9/site-packages/airflow/example_dags/example_sla_dag.py
[2025-11-27T14:33:51.211-0300] {logging_mixin.py:188} INFO - [2025-11-27T14:33:51.211-0300] {dag.py:3089} INFO - Sync 1 DAGs
[2025-11-27T14:33:51.222-0300] {logging_mixin.py:188} INFO - [2025-11-27T14:33:51.222-0300] {dag.py:3947} INFO - Setting next_dagrun for example_sla_dag to 2025-11-27 17:30:00+00:00, run_after=2025-11-27 17:32:00+00:00
[2025-11-27T14:33:51.230-0300] {processor.py:183} INFO - Processing /Users/davispecia/Documents/GitHub/Pf_pipeline_dados/Projeto_final_fase3/venv/lib/python3.9/site-packages/airflow/example_dags/example_sla_dag.py took 0.114 seconds
[2025-11-27T14:36:10.254-0300] {processor.py:161} INFO - Started process (PID=7779) to work on /Users/davispecia/Documents/GitHub/Pf_pipeline_dados/Projeto_final_fase3/venv/lib/python3.9/site-packages/airflow/example_dags/example_sla_dag.py
[2025-11-27T14:36:10.255-0300] {processor.py:830} INFO - Processing file /Users/davispecia/Documents/GitHub/Pf_pipeline_dados/Projeto_final_fase3/venv/lib/python3.9/site-packages/airflow/example_dags/example_sla_dag.py for tasks to queue
[2025-11-27T14:36:10.256-0300] {logging_mixin.py:188} INFO - [2025-11-27T14:36:10.256-0300] {dagbag.py:545} INFO - Filling up the DagBag from /Users/davispecia/Documents/GitHub/Pf_pipeline_dados/Projeto_final_fase3/venv/lib/python3.9/site-packages/airflow/example_dags/example_sla_dag.py
[2025-11-27T14:36:10.275-0300] {processor.py:840} INFO - DAG(s) 'example_sla_dag' retrieved from /Users/davispecia/Documents/GitHub/Pf_pipeline_dados/Projeto_final_fase3/venv/lib/python3.9/site-packages/airflow/example_dags/example_sla_dag.py
[2025-11-27T14:36:10.344-0300] {logging_mixin.py:188} INFO - [2025-11-27T14:36:10.344-0300] {dag.py:3089} INFO - Sync 1 DAGs
[2025-11-27T14:36:10.354-0300] {logging_mixin.py:188} INFO - [2025-11-27T14:36:10.354-0300] {dag.py:3947} INFO - Setting next_dagrun for example_sla_dag to 2025-11-27 17:34:00+00:00, run_after=2025-11-27 17:36:00+00:00
[2025-11-27T14:36:10.363-0300] {processor.py:183} INFO - Processing /Users/davispecia/Documents/GitHub/Pf_pipeline_dados/Projeto_final_fase3/venv/lib/python3.9/site-packages/airflow/example_dags/example_sla_dag.py took 0.111 seconds
[2025-11-27T14:37:17.840-0300] {processor.py:161} INFO - Started process (PID=7946) to work on /Users/davispecia/Documents/GitHub/Pf_pipeline_dados/Projeto_final_fase3/venv/lib/python3.9/site-packages/airflow/example_dags/example_sla_dag.py
[2025-11-27T14:37:17.840-0300] {processor.py:830} INFO - Processing file /Users/davispecia/Documents/GitHub/Pf_pipeline_dados/Projeto_final_fase3/venv/lib/python3.9/site-packages/airflow/example_dags/example_sla_dag.py for tasks to queue
[2025-11-27T14:37:17.841-0300] {logging_mixin.py:188} INFO - [2025-11-27T14:37:17.841-0300] {dagbag.py:545} INFO - Filling up the DagBag from /Users/davispecia/Documents/GitHub/Pf_pipeline_dados/Projeto_final_fase3/venv/lib/python3.9/site-packages/airflow/example_dags/example_sla_dag.py
[2025-11-27T14:37:17.860-0300] {processor.py:840} INFO - DAG(s) 'example_sla_dag' retrieved from /Users/davispecia/Documents/GitHub/Pf_pipeline_dados/Projeto_final_fase3/venv/lib/python3.9/site-packages/airflow/example_dags/example_sla_dag.py
[2025-11-27T14:37:17.929-0300] {logging_mixin.py:188} INFO - [2025-11-27T14:37:17.929-0300] {dag.py:3089} INFO - Sync 1 DAGs
[2025-11-27T14:37:17.940-0300] {logging_mixin.py:188} INFO - [2025-11-27T14:37:17.940-0300] {dag.py:3947} INFO - Setting next_dagrun for example_sla_dag to 2025-11-27 17:34:00+00:00, run_after=2025-11-27 17:36:00+00:00
[2025-11-27T14:37:17.950-0300] {processor.py:183} INFO - Processing /Users/davispecia/Documents/GitHub/Pf_pipeline_dados/Projeto_final_fase3/venv/lib/python3.9/site-packages/airflow/example_dags/example_sla_dag.py took 0.112 seconds
[2025-11-27T14:38:25.636-0300] {processor.py:161} INFO - Started process (PID=8111) to work on /Users/davispecia/Documents/GitHub/Pf_pipeline_dados/Projeto_final_fase3/venv/lib/python3.9/site-packages/airflow/example_dags/example_sla_dag.py
[2025-11-27T14:38:25.637-0300] {processor.py:830} INFO - Processing file /Users/davispecia/Documents/GitHub/Pf_pipeline_dados/Projeto_final_fase3/venv/lib/python3.9/site-packages/airflow/example_dags/example_sla_dag.py for tasks to queue
[2025-11-27T14:38:25.637-0300] {logging_mixin.py:188} INFO - [2025-11-27T14:38:25.637-0300] {dagbag.py:545} INFO - Filling up the DagBag from /Users/davispecia/Documents/GitHub/Pf_pipeline_dados/Projeto_final_fase3/venv/lib/python3.9/site-packages/airflow/example_dags/example_sla_dag.py
[2025-11-27T14:38:25.656-0300] {processor.py:840} INFO - DAG(s) 'example_sla_dag' retrieved from /Users/davispecia/Documents/GitHub/Pf_pipeline_dados/Projeto_final_fase3/venv/lib/python3.9/site-packages/airflow/example_dags/example_sla_dag.py
[2025-11-27T14:38:25.728-0300] {logging_mixin.py:188} INFO - [2025-11-27T14:38:25.727-0300] {dag.py:3089} INFO - Sync 1 DAGs
[2025-11-27T14:38:25.738-0300] {logging_mixin.py:188} INFO - [2025-11-27T14:38:25.738-0300] {dag.py:3947} INFO - Setting next_dagrun for example_sla_dag to 2025-11-27 17:36:00+00:00, run_after=2025-11-27 17:38:00+00:00
[2025-11-27T14:38:25.749-0300] {processor.py:183} INFO - Processing /Users/davispecia/Documents/GitHub/Pf_pipeline_dados/Projeto_final_fase3/venv/lib/python3.9/site-packages/airflow/example_dags/example_sla_dag.py took 0.115 seconds
[2025-11-27T14:39:39.099-0300] {processor.py:161} INFO - Started process (PID=8347) to work on /Users/davispecia/Documents/GitHub/Pf_pipeline_dados/Projeto_final_fase3/venv/lib/python3.9/site-packages/airflow/example_dags/example_sla_dag.py
[2025-11-27T14:39:39.100-0300] {processor.py:830} INFO - Processing file /Users/davispecia/Documents/GitHub/Pf_pipeline_dados/Projeto_final_fase3/venv/lib/python3.9/site-packages/airflow/example_dags/example_sla_dag.py for tasks to queue
[2025-11-27T14:39:39.100-0300] {logging_mixin.py:188} INFO - [2025-11-27T14:39:39.100-0300] {dagbag.py:545} INFO - Filling up the DagBag from /Users/davispecia/Documents/GitHub/Pf_pipeline_dados/Projeto_final_fase3/venv/lib/python3.9/site-packages/airflow/example_dags/example_sla_dag.py
[2025-11-27T14:39:39.120-0300] {processor.py:840} INFO - DAG(s) 'example_sla_dag' retrieved from /Users/davispecia/Documents/GitHub/Pf_pipeline_dados/Projeto_final_fase3/venv/lib/python3.9/site-packages/airflow/example_dags/example_sla_dag.py
[2025-11-27T14:39:39.197-0300] {logging_mixin.py:188} INFO - [2025-11-27T14:39:39.196-0300] {dag.py:3089} INFO - Sync 1 DAGs
[2025-11-27T14:39:39.209-0300] {logging_mixin.py:188} INFO - [2025-11-27T14:39:39.209-0300] {dag.py:3947} INFO - Setting next_dagrun for example_sla_dag to 2025-11-27 17:36:00+00:00, run_after=2025-11-27 17:38:00+00:00
[2025-11-27T14:39:39.220-0300] {processor.py:183} INFO - Processing /Users/davispecia/Documents/GitHub/Pf_pipeline_dados/Projeto_final_fase3/venv/lib/python3.9/site-packages/airflow/example_dags/example_sla_dag.py took 0.123 seconds
[2025-11-27T14:40:44.038-0300] {processor.py:161} INFO - Started process (PID=8510) to work on /Users/davispecia/Documents/GitHub/Pf_pipeline_dados/Projeto_final_fase3/venv/lib/python3.9/site-packages/airflow/example_dags/example_sla_dag.py
[2025-11-27T14:40:44.039-0300] {processor.py:830} INFO - Processing file /Users/davispecia/Documents/GitHub/Pf_pipeline_dados/Projeto_final_fase3/venv/lib/python3.9/site-packages/airflow/example_dags/example_sla_dag.py for tasks to queue
[2025-11-27T14:40:44.040-0300] {logging_mixin.py:188} INFO - [2025-11-27T14:40:44.040-0300] {dagbag.py:545} INFO - Filling up the DagBag from /Users/davispecia/Documents/GitHub/Pf_pipeline_dados/Projeto_final_fase3/venv/lib/python3.9/site-packages/airflow/example_dags/example_sla_dag.py
[2025-11-27T14:40:44.058-0300] {processor.py:840} INFO - DAG(s) 'example_sla_dag' retrieved from /Users/davispecia/Documents/GitHub/Pf_pipeline_dados/Projeto_final_fase3/venv/lib/python3.9/site-packages/airflow/example_dags/example_sla_dag.py
[2025-11-27T14:40:44.128-0300] {logging_mixin.py:188} INFO - [2025-11-27T14:40:44.128-0300] {dag.py:3089} INFO - Sync 1 DAGs
[2025-11-27T14:40:44.139-0300] {logging_mixin.py:188} INFO - [2025-11-27T14:40:44.139-0300] {dag.py:3947} INFO - Setting next_dagrun for example_sla_dag to 2025-11-27 17:38:00+00:00, run_after=2025-11-27 17:40:00+00:00
[2025-11-27T14:40:44.148-0300] {processor.py:183} INFO - Processing /Users/davispecia/Documents/GitHub/Pf_pipeline_dados/Projeto_final_fase3/venv/lib/python3.9/site-packages/airflow/example_dags/example_sla_dag.py took 0.111 seconds
[2025-11-27T14:42:46.850-0300] {processor.py:161} INFO - Started process (PID=8882) to work on /Users/davispecia/Documents/GitHub/Pf_pipeline_dados/Projeto_final_fase3/venv/lib/python3.9/site-packages/airflow/example_dags/example_sla_dag.py
[2025-11-27T14:42:46.850-0300] {processor.py:830} INFO - Processing file /Users/davispecia/Documents/GitHub/Pf_pipeline_dados/Projeto_final_fase3/venv/lib/python3.9/site-packages/airflow/example_dags/example_sla_dag.py for tasks to queue
[2025-11-27T14:42:46.851-0300] {logging_mixin.py:188} INFO - [2025-11-27T14:42:46.851-0300] {dagbag.py:545} INFO - Filling up the DagBag from /Users/davispecia/Documents/GitHub/Pf_pipeline_dados/Projeto_final_fase3/venv/lib/python3.9/site-packages/airflow/example_dags/example_sla_dag.py
[2025-11-27T14:42:46.870-0300] {processor.py:840} INFO - DAG(s) 'example_sla_dag' retrieved from /Users/davispecia/Documents/GitHub/Pf_pipeline_dados/Projeto_final_fase3/venv/lib/python3.9/site-packages/airflow/example_dags/example_sla_dag.py
[2025-11-27T14:42:46.942-0300] {logging_mixin.py:188} INFO - [2025-11-27T14:42:46.942-0300] {dag.py:3089} INFO - Sync 1 DAGs
[2025-11-27T14:42:46.953-0300] {logging_mixin.py:188} INFO - [2025-11-27T14:42:46.953-0300] {dag.py:3947} INFO - Setting next_dagrun for example_sla_dag to 2025-11-27 17:40:00+00:00, run_after=2025-11-27 17:42:00+00:00
[2025-11-27T14:42:46.961-0300] {processor.py:183} INFO - Processing /Users/davispecia/Documents/GitHub/Pf_pipeline_dados/Projeto_final_fase3/venv/lib/python3.9/site-packages/airflow/example_dags/example_sla_dag.py took 0.114 seconds
[2025-11-27T14:45:05.401-0300] {processor.py:161} INFO - Started process (PID=9338) to work on /Users/davispecia/Documents/GitHub/Pf_pipeline_dados/Projeto_final_fase3/venv/lib/python3.9/site-packages/airflow/example_dags/example_sla_dag.py
[2025-11-27T14:45:05.402-0300] {processor.py:830} INFO - Processing file /Users/davispecia/Documents/GitHub/Pf_pipeline_dados/Projeto_final_fase3/venv/lib/python3.9/site-packages/airflow/example_dags/example_sla_dag.py for tasks to queue
[2025-11-27T14:45:05.402-0300] {logging_mixin.py:188} INFO - [2025-11-27T14:45:05.402-0300] {dagbag.py:545} INFO - Filling up the DagBag from /Users/davispecia/Documents/GitHub/Pf_pipeline_dados/Projeto_final_fase3/venv/lib/python3.9/site-packages/airflow/example_dags/example_sla_dag.py
[2025-11-27T14:45:05.421-0300] {processor.py:840} INFO - DAG(s) 'example_sla_dag' retrieved from /Users/davispecia/Documents/GitHub/Pf_pipeline_dados/Projeto_final_fase3/venv/lib/python3.9/site-packages/airflow/example_dags/example_sla_dag.py
[2025-11-27T14:45:05.492-0300] {logging_mixin.py:188} INFO - [2025-11-27T14:45:05.492-0300] {dag.py:3089} INFO - Sync 1 DAGs
[2025-11-27T14:45:05.503-0300] {logging_mixin.py:188} INFO - [2025-11-27T14:45:05.503-0300] {dag.py:3947} INFO - Setting next_dagrun for example_sla_dag to 2025-11-27 17:42:00+00:00, run_after=2025-11-27 17:44:00+00:00
[2025-11-27T14:45:05.512-0300] {processor.py:183} INFO - Processing /Users/davispecia/Documents/GitHub/Pf_pipeline_dados/Projeto_final_fase3/venv/lib/python3.9/site-packages/airflow/example_dags/example_sla_dag.py took 0.113 seconds
[2025-11-27T14:46:10.257-0300] {processor.py:161} INFO - Started process (PID=9489) to work on /Users/davispecia/Documents/GitHub/Pf_pipeline_dados/Projeto_final_fase3/venv/lib/python3.9/site-packages/airflow/example_dags/example_sla_dag.py
[2025-11-27T14:46:10.258-0300] {processor.py:830} INFO - Processing file /Users/davispecia/Documents/GitHub/Pf_pipeline_dados/Projeto_final_fase3/venv/lib/python3.9/site-packages/airflow/example_dags/example_sla_dag.py for tasks to queue
[2025-11-27T14:46:10.259-0300] {logging_mixin.py:188} INFO - [2025-11-27T14:46:10.259-0300] {dagbag.py:545} INFO - Filling up the DagBag from /Users/davispecia/Documents/GitHub/Pf_pipeline_dados/Projeto_final_fase3/venv/lib/python3.9/site-packages/airflow/example_dags/example_sla_dag.py
[2025-11-27T14:46:10.278-0300] {processor.py:840} INFO - DAG(s) 'example_sla_dag' retrieved from /Users/davispecia/Documents/GitHub/Pf_pipeline_dados/Projeto_final_fase3/venv/lib/python3.9/site-packages/airflow/example_dags/example_sla_dag.py
[2025-11-27T14:46:10.347-0300] {logging_mixin.py:188} INFO - [2025-11-27T14:46:10.347-0300] {dag.py:3089} INFO - Sync 1 DAGs
[2025-11-27T14:46:10.358-0300] {logging_mixin.py:188} INFO - [2025-11-27T14:46:10.358-0300] {dag.py:3947} INFO - Setting next_dagrun for example_sla_dag to 2025-11-27 17:44:00+00:00, run_after=2025-11-27 17:46:00+00:00
[2025-11-27T14:46:10.366-0300] {processor.py:183} INFO - Processing /Users/davispecia/Documents/GitHub/Pf_pipeline_dados/Projeto_final_fase3/venv/lib/python3.9/site-packages/airflow/example_dags/example_sla_dag.py took 0.112 seconds
[2025-11-27T14:47:15.093-0300] {processor.py:161} INFO - Started process (PID=9655) to work on /Users/davispecia/Documents/GitHub/Pf_pipeline_dados/Projeto_final_fase3/venv/lib/python3.9/site-packages/airflow/example_dags/example_sla_dag.py
[2025-11-27T14:47:15.094-0300] {processor.py:830} INFO - Processing file /Users/davispecia/Documents/GitHub/Pf_pipeline_dados/Projeto_final_fase3/venv/lib/python3.9/site-packages/airflow/example_dags/example_sla_dag.py for tasks to queue
[2025-11-27T14:47:15.095-0300] {logging_mixin.py:188} INFO - [2025-11-27T14:47:15.094-0300] {dagbag.py:545} INFO - Filling up the DagBag from /Users/davispecia/Documents/GitHub/Pf_pipeline_dados/Projeto_final_fase3/venv/lib/python3.9/site-packages/airflow/example_dags/example_sla_dag.py
[2025-11-27T14:47:15.115-0300] {processor.py:840} INFO - DAG(s) 'example_sla_dag' retrieved from /Users/davispecia/Documents/GitHub/Pf_pipeline_dados/Projeto_final_fase3/venv/lib/python3.9/site-packages/airflow/example_dags/example_sla_dag.py
[2025-11-27T14:47:15.185-0300] {logging_mixin.py:188} INFO - [2025-11-27T14:47:15.185-0300] {dag.py:3089} INFO - Sync 1 DAGs
[2025-11-27T14:47:15.195-0300] {logging_mixin.py:188} INFO - [2025-11-27T14:47:15.195-0300] {dag.py:3947} INFO - Setting next_dagrun for example_sla_dag to 2025-11-27 17:44:00+00:00, run_after=2025-11-27 17:46:00+00:00
[2025-11-27T14:47:15.204-0300] {processor.py:183} INFO - Processing /Users/davispecia/Documents/GitHub/Pf_pipeline_dados/Projeto_final_fase3/venv/lib/python3.9/site-packages/airflow/example_dags/example_sla_dag.py took 0.113 seconds
[2025-11-27T14:49:20.790-0300] {processor.py:161} INFO - Started process (PID=9963) to work on /Users/davispecia/Documents/GitHub/Pf_pipeline_dados/Projeto_final_fase3/venv/lib/python3.9/site-packages/airflow/example_dags/example_sla_dag.py
[2025-11-27T14:49:20.791-0300] {processor.py:830} INFO - Processing file /Users/davispecia/Documents/GitHub/Pf_pipeline_dados/Projeto_final_fase3/venv/lib/python3.9/site-packages/airflow/example_dags/example_sla_dag.py for tasks to queue
[2025-11-27T14:49:20.791-0300] {logging_mixin.py:188} INFO - [2025-11-27T14:49:20.791-0300] {dagbag.py:545} INFO - Filling up the DagBag from /Users/davispecia/Documents/GitHub/Pf_pipeline_dados/Projeto_final_fase3/venv/lib/python3.9/site-packages/airflow/example_dags/example_sla_dag.py
[2025-11-27T14:49:20.810-0300] {processor.py:840} INFO - DAG(s) 'example_sla_dag' retrieved from /Users/davispecia/Documents/GitHub/Pf_pipeline_dados/Projeto_final_fase3/venv/lib/python3.9/site-packages/airflow/example_dags/example_sla_dag.py
[2025-11-27T14:49:20.884-0300] {logging_mixin.py:188} INFO - [2025-11-27T14:49:20.884-0300] {dag.py:3089} INFO - Sync 1 DAGs
[2025-11-27T14:49:20.894-0300] {logging_mixin.py:188} INFO - [2025-11-27T14:49:20.894-0300] {dag.py:3947} INFO - Setting next_dagrun for example_sla_dag to 2025-11-27 17:46:00+00:00, run_after=2025-11-27 17:48:00+00:00
[2025-11-27T14:49:20.903-0300] {processor.py:183} INFO - Processing /Users/davispecia/Documents/GitHub/Pf_pipeline_dados/Projeto_final_fase3/venv/lib/python3.9/site-packages/airflow/example_dags/example_sla_dag.py took 0.116 seconds
[2025-11-27T14:50:35.792-0300] {processor.py:161} INFO - Started process (PID=10203) to work on /Users/davispecia/Documents/GitHub/Pf_pipeline_dados/Projeto_final_fase3/venv/lib/python3.9/site-packages/airflow/example_dags/example_sla_dag.py
[2025-11-27T14:50:35.792-0300] {processor.py:830} INFO - Processing file /Users/davispecia/Documents/GitHub/Pf_pipeline_dados/Projeto_final_fase3/venv/lib/python3.9/site-packages/airflow/example_dags/example_sla_dag.py for tasks to queue
[2025-11-27T14:50:35.793-0300] {logging_mixin.py:188} INFO - [2025-11-27T14:50:35.793-0300] {dagbag.py:545} INFO - Filling up the DagBag from /Users/davispecia/Documents/GitHub/Pf_pipeline_dados/Projeto_final_fase3/venv/lib/python3.9/site-packages/airflow/example_dags/example_sla_dag.py
[2025-11-27T14:50:35.811-0300] {processor.py:840} INFO - DAG(s) 'example_sla_dag' retrieved from /Users/davispecia/Documents/GitHub/Pf_pipeline_dados/Projeto_final_fase3/venv/lib/python3.9/site-packages/airflow/example_dags/example_sla_dag.py
[2025-11-27T14:50:35.882-0300] {logging_mixin.py:188} INFO - [2025-11-27T14:50:35.882-0300] {dag.py:3089} INFO - Sync 1 DAGs
[2025-11-27T14:50:35.892-0300] {logging_mixin.py:188} INFO - [2025-11-27T14:50:35.892-0300] {dag.py:3947} INFO - Setting next_dagrun for example_sla_dag to 2025-11-27 17:48:00+00:00, run_after=2025-11-27 17:50:00+00:00
[2025-11-27T14:50:35.900-0300] {processor.py:183} INFO - Processing /Users/davispecia/Documents/GitHub/Pf_pipeline_dados/Projeto_final_fase3/venv/lib/python3.9/site-packages/airflow/example_dags/example_sla_dag.py took 0.111 seconds
[2025-11-27T14:51:41.182-0300] {processor.py:161} INFO - Started process (PID=10353) to work on /Users/davispecia/Documents/GitHub/Pf_pipeline_dados/Projeto_final_fase3/venv/lib/python3.9/site-packages/airflow/example_dags/example_sla_dag.py
[2025-11-27T14:51:41.183-0300] {processor.py:830} INFO - Processing file /Users/davispecia/Documents/GitHub/Pf_pipeline_dados/Projeto_final_fase3/venv/lib/python3.9/site-packages/airflow/example_dags/example_sla_dag.py for tasks to queue
[2025-11-27T14:51:41.183-0300] {logging_mixin.py:188} INFO - [2025-11-27T14:51:41.183-0300] {dagbag.py:545} INFO - Filling up the DagBag from /Users/davispecia/Documents/GitHub/Pf_pipeline_dados/Projeto_final_fase3/venv/lib/python3.9/site-packages/airflow/example_dags/example_sla_dag.py
[2025-11-27T14:51:41.201-0300] {processor.py:840} INFO - DAG(s) 'example_sla_dag' retrieved from /Users/davispecia/Documents/GitHub/Pf_pipeline_dados/Projeto_final_fase3/venv/lib/python3.9/site-packages/airflow/example_dags/example_sla_dag.py
[2025-11-27T14:51:41.268-0300] {logging_mixin.py:188} INFO - [2025-11-27T14:51:41.268-0300] {dag.py:3089} INFO - Sync 1 DAGs
[2025-11-27T14:51:41.279-0300] {logging_mixin.py:188} INFO - [2025-11-27T14:51:41.278-0300] {dag.py:3947} INFO - Setting next_dagrun for example_sla_dag to 2025-11-27 17:48:00+00:00, run_after=2025-11-27 17:50:00+00:00
[2025-11-27T14:51:41.287-0300] {processor.py:183} INFO - Processing /Users/davispecia/Documents/GitHub/Pf_pipeline_dados/Projeto_final_fase3/venv/lib/python3.9/site-packages/airflow/example_dags/example_sla_dag.py took 0.107 seconds
[2025-11-27T14:53:45.147-0300] {processor.py:161} INFO - Started process (PID=10675) to work on /Users/davispecia/Documents/GitHub/Pf_pipeline_dados/Projeto_final_fase3/venv/lib/python3.9/site-packages/airflow/example_dags/example_sla_dag.py
[2025-11-27T14:53:45.148-0300] {processor.py:830} INFO - Processing file /Users/davispecia/Documents/GitHub/Pf_pipeline_dados/Projeto_final_fase3/venv/lib/python3.9/site-packages/airflow/example_dags/example_sla_dag.py for tasks to queue
[2025-11-27T14:53:45.148-0300] {logging_mixin.py:188} INFO - [2025-11-27T14:53:45.148-0300] {dagbag.py:545} INFO - Filling up the DagBag from /Users/davispecia/Documents/GitHub/Pf_pipeline_dados/Projeto_final_fase3/venv/lib/python3.9/site-packages/airflow/example_dags/example_sla_dag.py
[2025-11-27T14:53:45.166-0300] {processor.py:840} INFO - DAG(s) 'example_sla_dag' retrieved from /Users/davispecia/Documents/GitHub/Pf_pipeline_dados/Projeto_final_fase3/venv/lib/python3.9/site-packages/airflow/example_dags/example_sla_dag.py
[2025-11-27T14:53:45.235-0300] {logging_mixin.py:188} INFO - [2025-11-27T14:53:45.235-0300] {dag.py:3089} INFO - Sync 1 DAGs
[2025-11-27T14:53:45.245-0300] {logging_mixin.py:188} INFO - [2025-11-27T14:53:45.245-0300] {dag.py:3947} INFO - Setting next_dagrun for example_sla_dag to 2025-11-27 17:50:00+00:00, run_after=2025-11-27 17:52:00+00:00
[2025-11-27T14:53:45.254-0300] {processor.py:183} INFO - Processing /Users/davispecia/Documents/GitHub/Pf_pipeline_dados/Projeto_final_fase3/venv/lib/python3.9/site-packages/airflow/example_dags/example_sla_dag.py took 0.108 seconds
[2025-11-27T14:56:00.376-0300] {processor.py:161} INFO - Started process (PID=11053) to work on /Users/davispecia/Documents/GitHub/Pf_pipeline_dados/Projeto_final_fase3/venv/lib/python3.9/site-packages/airflow/example_dags/example_sla_dag.py
[2025-11-27T14:56:00.377-0300] {processor.py:830} INFO - Processing file /Users/davispecia/Documents/GitHub/Pf_pipeline_dados/Projeto_final_fase3/venv/lib/python3.9/site-packages/airflow/example_dags/example_sla_dag.py for tasks to queue
[2025-11-27T14:56:00.377-0300] {logging_mixin.py:188} INFO - [2025-11-27T14:56:00.377-0300] {dagbag.py:545} INFO - Filling up the DagBag from /Users/davispecia/Documents/GitHub/Pf_pipeline_dados/Projeto_final_fase3/venv/lib/python3.9/site-packages/airflow/example_dags/example_sla_dag.py
[2025-11-27T14:56:00.399-0300] {processor.py:840} INFO - DAG(s) 'example_sla_dag' retrieved from /Users/davispecia/Documents/GitHub/Pf_pipeline_dados/Projeto_final_fase3/venv/lib/python3.9/site-packages/airflow/example_dags/example_sla_dag.py
[2025-11-27T14:56:00.469-0300] {logging_mixin.py:188} INFO - [2025-11-27T14:56:00.468-0300] {dag.py:3089} INFO - Sync 1 DAGs
[2025-11-27T14:56:00.479-0300] {logging_mixin.py:188} INFO - [2025-11-27T14:56:00.479-0300] {dag.py:3947} INFO - Setting next_dagrun for example_sla_dag to 2025-11-27 17:54:00+00:00, run_after=2025-11-27 17:56:00+00:00
[2025-11-27T14:56:00.488-0300] {processor.py:183} INFO - Processing /Users/davispecia/Documents/GitHub/Pf_pipeline_dados/Projeto_final_fase3/venv/lib/python3.9/site-packages/airflow/example_dags/example_sla_dag.py took 0.116 seconds
[2025-11-27T14:58:06.585-0300] {processor.py:161} INFO - Started process (PID=11367) to work on /Users/davispecia/Documents/GitHub/Pf_pipeline_dados/Projeto_final_fase3/venv/lib/python3.9/site-packages/airflow/example_dags/example_sla_dag.py
[2025-11-27T14:58:06.587-0300] {processor.py:830} INFO - Processing file /Users/davispecia/Documents/GitHub/Pf_pipeline_dados/Projeto_final_fase3/venv/lib/python3.9/site-packages/airflow/example_dags/example_sla_dag.py for tasks to queue
[2025-11-27T14:58:06.587-0300] {logging_mixin.py:188} INFO - [2025-11-27T14:58:06.587-0300] {dagbag.py:545} INFO - Filling up the DagBag from /Users/davispecia/Documents/GitHub/Pf_pipeline_dados/Projeto_final_fase3/venv/lib/python3.9/site-packages/airflow/example_dags/example_sla_dag.py
[2025-11-27T14:58:06.605-0300] {processor.py:840} INFO - DAG(s) 'example_sla_dag' retrieved from /Users/davispecia/Documents/GitHub/Pf_pipeline_dados/Projeto_final_fase3/venv/lib/python3.9/site-packages/airflow/example_dags/example_sla_dag.py
[2025-11-27T14:58:06.673-0300] {logging_mixin.py:188} INFO - [2025-11-27T14:58:06.673-0300] {dag.py:3089} INFO - Sync 1 DAGs
[2025-11-27T14:58:06.684-0300] {logging_mixin.py:188} INFO - [2025-11-27T14:58:06.684-0300] {dag.py:3947} INFO - Setting next_dagrun for example_sla_dag to 2025-11-27 17:56:00+00:00, run_after=2025-11-27 17:58:00+00:00
[2025-11-27T14:58:06.693-0300] {processor.py:183} INFO - Processing /Users/davispecia/Documents/GitHub/Pf_pipeline_dados/Projeto_final_fase3/venv/lib/python3.9/site-packages/airflow/example_dags/example_sla_dag.py took 0.109 seconds
[2025-11-27T15:00:12.316-0300] {processor.py:161} INFO - Started process (PID=11668) to work on /Users/davispecia/Documents/GitHub/Pf_pipeline_dados/Projeto_final_fase3/venv/lib/python3.9/site-packages/airflow/example_dags/example_sla_dag.py
[2025-11-27T15:00:12.317-0300] {processor.py:830} INFO - Processing file /Users/davispecia/Documents/GitHub/Pf_pipeline_dados/Projeto_final_fase3/venv/lib/python3.9/site-packages/airflow/example_dags/example_sla_dag.py for tasks to queue
[2025-11-27T15:00:12.317-0300] {logging_mixin.py:188} INFO - [2025-11-27T15:00:12.317-0300] {dagbag.py:545} INFO - Filling up the DagBag from /Users/davispecia/Documents/GitHub/Pf_pipeline_dados/Projeto_final_fase3/venv/lib/python3.9/site-packages/airflow/example_dags/example_sla_dag.py
[2025-11-27T15:00:12.335-0300] {processor.py:840} INFO - DAG(s) 'example_sla_dag' retrieved from /Users/davispecia/Documents/GitHub/Pf_pipeline_dados/Projeto_final_fase3/venv/lib/python3.9/site-packages/airflow/example_dags/example_sla_dag.py
[2025-11-27T15:00:12.403-0300] {logging_mixin.py:188} INFO - [2025-11-27T15:00:12.402-0300] {dag.py:3089} INFO - Sync 1 DAGs
[2025-11-27T15:00:12.413-0300] {logging_mixin.py:188} INFO - [2025-11-27T15:00:12.413-0300] {dag.py:3947} INFO - Setting next_dagrun for example_sla_dag to 2025-11-27 17:58:00+00:00, run_after=2025-11-27 18:00:00+00:00
[2025-11-27T15:00:12.424-0300] {processor.py:183} INFO - Processing /Users/davispecia/Documents/GitHub/Pf_pipeline_dados/Projeto_final_fase3/venv/lib/python3.9/site-packages/airflow/example_dags/example_sla_dag.py took 0.111 seconds
[2025-11-27T15:02:29.470-0300] {processor.py:161} INFO - Started process (PID=12050) to work on /Users/davispecia/Documents/GitHub/Pf_pipeline_dados/Projeto_final_fase3/venv/lib/python3.9/site-packages/airflow/example_dags/example_sla_dag.py
[2025-11-27T15:02:29.471-0300] {processor.py:830} INFO - Processing file /Users/davispecia/Documents/GitHub/Pf_pipeline_dados/Projeto_final_fase3/venv/lib/python3.9/site-packages/airflow/example_dags/example_sla_dag.py for tasks to queue
[2025-11-27T15:02:29.471-0300] {logging_mixin.py:188} INFO - [2025-11-27T15:02:29.471-0300] {dagbag.py:545} INFO - Filling up the DagBag from /Users/davispecia/Documents/GitHub/Pf_pipeline_dados/Projeto_final_fase3/venv/lib/python3.9/site-packages/airflow/example_dags/example_sla_dag.py
[2025-11-27T15:02:29.490-0300] {processor.py:840} INFO - DAG(s) 'example_sla_dag' retrieved from /Users/davispecia/Documents/GitHub/Pf_pipeline_dados/Projeto_final_fase3/venv/lib/python3.9/site-packages/airflow/example_dags/example_sla_dag.py
[2025-11-27T15:02:29.565-0300] {logging_mixin.py:188} INFO - [2025-11-27T15:02:29.565-0300] {dag.py:3089} INFO - Sync 1 DAGs
[2025-11-27T15:02:29.576-0300] {logging_mixin.py:188} INFO - [2025-11-27T15:02:29.576-0300] {dag.py:3947} INFO - Setting next_dagrun for example_sla_dag to 2025-11-27 18:00:00+00:00, run_after=2025-11-27 18:02:00+00:00
[2025-11-27T15:02:29.585-0300] {processor.py:183} INFO - Processing /Users/davispecia/Documents/GitHub/Pf_pipeline_dados/Projeto_final_fase3/venv/lib/python3.9/site-packages/airflow/example_dags/example_sla_dag.py took 0.118 seconds
[2025-11-27T15:04:34.832-0300] {processor.py:161} INFO - Started process (PID=12351) to work on /Users/davispecia/Documents/GitHub/Pf_pipeline_dados/Projeto_final_fase3/venv/lib/python3.9/site-packages/airflow/example_dags/example_sla_dag.py
[2025-11-27T15:04:34.833-0300] {processor.py:830} INFO - Processing file /Users/davispecia/Documents/GitHub/Pf_pipeline_dados/Projeto_final_fase3/venv/lib/python3.9/site-packages/airflow/example_dags/example_sla_dag.py for tasks to queue
[2025-11-27T15:04:34.833-0300] {logging_mixin.py:188} INFO - [2025-11-27T15:04:34.833-0300] {dagbag.py:545} INFO - Filling up the DagBag from /Users/davispecia/Documents/GitHub/Pf_pipeline_dados/Projeto_final_fase3/venv/lib/python3.9/site-packages/airflow/example_dags/example_sla_dag.py
[2025-11-27T15:04:34.851-0300] {processor.py:840} INFO - DAG(s) 'example_sla_dag' retrieved from /Users/davispecia/Documents/GitHub/Pf_pipeline_dados/Projeto_final_fase3/venv/lib/python3.9/site-packages/airflow/example_dags/example_sla_dag.py
[2025-11-27T15:04:34.918-0300] {logging_mixin.py:188} INFO - [2025-11-27T15:04:34.918-0300] {dag.py:3089} INFO - Sync 1 DAGs
[2025-11-27T15:04:34.929-0300] {logging_mixin.py:188} INFO - [2025-11-27T15:04:34.929-0300] {dag.py:3947} INFO - Setting next_dagrun for example_sla_dag to 2025-11-27 18:02:00+00:00, run_after=2025-11-27 18:04:00+00:00
[2025-11-27T15:04:34.937-0300] {processor.py:183} INFO - Processing /Users/davispecia/Documents/GitHub/Pf_pipeline_dados/Projeto_final_fase3/venv/lib/python3.9/site-packages/airflow/example_dags/example_sla_dag.py took 0.107 seconds
[2025-11-27T15:06:42.907-0300] {processor.py:161} INFO - Started process (PID=12665) to work on /Users/davispecia/Documents/GitHub/Pf_pipeline_dados/Projeto_final_fase3/venv/lib/python3.9/site-packages/airflow/example_dags/example_sla_dag.py
[2025-11-27T15:06:42.908-0300] {processor.py:830} INFO - Processing file /Users/davispecia/Documents/GitHub/Pf_pipeline_dados/Projeto_final_fase3/venv/lib/python3.9/site-packages/airflow/example_dags/example_sla_dag.py for tasks to queue
[2025-11-27T15:06:42.908-0300] {logging_mixin.py:188} INFO - [2025-11-27T15:06:42.908-0300] {dagbag.py:545} INFO - Filling up the DagBag from /Users/davispecia/Documents/GitHub/Pf_pipeline_dados/Projeto_final_fase3/venv/lib/python3.9/site-packages/airflow/example_dags/example_sla_dag.py
[2025-11-27T15:06:42.929-0300] {processor.py:840} INFO - DAG(s) 'example_sla_dag' retrieved from /Users/davispecia/Documents/GitHub/Pf_pipeline_dados/Projeto_final_fase3/venv/lib/python3.9/site-packages/airflow/example_dags/example_sla_dag.py
[2025-11-27T15:06:43.006-0300] {logging_mixin.py:188} INFO - [2025-11-27T15:06:43.006-0300] {dag.py:3089} INFO - Sync 1 DAGs
[2025-11-27T15:06:43.017-0300] {logging_mixin.py:188} INFO - [2025-11-27T15:06:43.017-0300] {dag.py:3947} INFO - Setting next_dagrun for example_sla_dag to 2025-11-27 18:04:00+00:00, run_after=2025-11-27 18:06:00+00:00
[2025-11-27T15:06:43.028-0300] {processor.py:183} INFO - Processing /Users/davispecia/Documents/GitHub/Pf_pipeline_dados/Projeto_final_fase3/venv/lib/python3.9/site-packages/airflow/example_dags/example_sla_dag.py took 0.124 seconds
[2025-11-27T15:08:57.459-0300] {processor.py:161} INFO - Started process (PID=13045) to work on /Users/davispecia/Documents/GitHub/Pf_pipeline_dados/Projeto_final_fase3/venv/lib/python3.9/site-packages/airflow/example_dags/example_sla_dag.py
[2025-11-27T15:08:57.460-0300] {processor.py:830} INFO - Processing file /Users/davispecia/Documents/GitHub/Pf_pipeline_dados/Projeto_final_fase3/venv/lib/python3.9/site-packages/airflow/example_dags/example_sla_dag.py for tasks to queue
[2025-11-27T15:08:57.460-0300] {logging_mixin.py:188} INFO - [2025-11-27T15:08:57.460-0300] {dagbag.py:545} INFO - Filling up the DagBag from /Users/davispecia/Documents/GitHub/Pf_pipeline_dados/Projeto_final_fase3/venv/lib/python3.9/site-packages/airflow/example_dags/example_sla_dag.py
[2025-11-27T15:08:57.478-0300] {processor.py:840} INFO - DAG(s) 'example_sla_dag' retrieved from /Users/davispecia/Documents/GitHub/Pf_pipeline_dados/Projeto_final_fase3/venv/lib/python3.9/site-packages/airflow/example_dags/example_sla_dag.py
[2025-11-27T15:08:57.545-0300] {logging_mixin.py:188} INFO - [2025-11-27T15:08:57.545-0300] {dag.py:3089} INFO - Sync 1 DAGs
[2025-11-27T15:08:57.556-0300] {logging_mixin.py:188} INFO - [2025-11-27T15:08:57.556-0300] {dag.py:3947} INFO - Setting next_dagrun for example_sla_dag to 2025-11-27 18:06:00+00:00, run_after=2025-11-27 18:08:00+00:00
[2025-11-27T15:08:57.564-0300] {processor.py:183} INFO - Processing /Users/davispecia/Documents/GitHub/Pf_pipeline_dados/Projeto_final_fase3/venv/lib/python3.9/site-packages/airflow/example_dags/example_sla_dag.py took 0.108 seconds
[2025-11-27T15:11:03.567-0300] {processor.py:161} INFO - Started process (PID=13345) to work on /Users/davispecia/Documents/GitHub/Pf_pipeline_dados/Projeto_final_fase3/venv/lib/python3.9/site-packages/airflow/example_dags/example_sla_dag.py
[2025-11-27T15:11:03.567-0300] {processor.py:830} INFO - Processing file /Users/davispecia/Documents/GitHub/Pf_pipeline_dados/Projeto_final_fase3/venv/lib/python3.9/site-packages/airflow/example_dags/example_sla_dag.py for tasks to queue
[2025-11-27T15:11:03.568-0300] {logging_mixin.py:188} INFO - [2025-11-27T15:11:03.567-0300] {dagbag.py:545} INFO - Filling up the DagBag from /Users/davispecia/Documents/GitHub/Pf_pipeline_dados/Projeto_final_fase3/venv/lib/python3.9/site-packages/airflow/example_dags/example_sla_dag.py
[2025-11-27T15:11:03.585-0300] {processor.py:840} INFO - DAG(s) 'example_sla_dag' retrieved from /Users/davispecia/Documents/GitHub/Pf_pipeline_dados/Projeto_final_fase3/venv/lib/python3.9/site-packages/airflow/example_dags/example_sla_dag.py
[2025-11-27T15:11:03.653-0300] {logging_mixin.py:188} INFO - [2025-11-27T15:11:03.653-0300] {dag.py:3089} INFO - Sync 1 DAGs
[2025-11-27T15:11:03.664-0300] {logging_mixin.py:188} INFO - [2025-11-27T15:11:03.663-0300] {dag.py:3947} INFO - Setting next_dagrun for example_sla_dag to 2025-11-27 18:08:00+00:00, run_after=2025-11-27 18:10:00+00:00
[2025-11-27T15:11:03.672-0300] {processor.py:183} INFO - Processing /Users/davispecia/Documents/GitHub/Pf_pipeline_dados/Projeto_final_fase3/venv/lib/python3.9/site-packages/airflow/example_dags/example_sla_dag.py took 0.107 seconds
[2025-11-27T15:13:19.024-0300] {processor.py:161} INFO - Started process (PID=13820) to work on /Users/davispecia/Documents/GitHub/Pf_pipeline_dados/Projeto_final_fase3/venv/lib/python3.9/site-packages/airflow/example_dags/example_sla_dag.py
[2025-11-27T15:13:19.025-0300] {processor.py:830} INFO - Processing file /Users/davispecia/Documents/GitHub/Pf_pipeline_dados/Projeto_final_fase3/venv/lib/python3.9/site-packages/airflow/example_dags/example_sla_dag.py for tasks to queue
[2025-11-27T15:13:19.025-0300] {logging_mixin.py:188} INFO - [2025-11-27T15:13:19.025-0300] {dagbag.py:545} INFO - Filling up the DagBag from /Users/davispecia/Documents/GitHub/Pf_pipeline_dados/Projeto_final_fase3/venv/lib/python3.9/site-packages/airflow/example_dags/example_sla_dag.py
[2025-11-27T15:13:19.043-0300] {processor.py:840} INFO - DAG(s) 'example_sla_dag' retrieved from /Users/davispecia/Documents/GitHub/Pf_pipeline_dados/Projeto_final_fase3/venv/lib/python3.9/site-packages/airflow/example_dags/example_sla_dag.py
[2025-11-27T15:13:19.111-0300] {logging_mixin.py:188} INFO - [2025-11-27T15:13:19.110-0300] {dag.py:3089} INFO - Sync 1 DAGs
[2025-11-27T15:13:19.121-0300] {logging_mixin.py:188} INFO - [2025-11-27T15:13:19.121-0300] {dag.py:3947} INFO - Setting next_dagrun for example_sla_dag to 2025-11-27 18:10:00+00:00, run_after=2025-11-27 18:12:00+00:00
[2025-11-27T15:13:19.130-0300] {processor.py:183} INFO - Processing /Users/davispecia/Documents/GitHub/Pf_pipeline_dados/Projeto_final_fase3/venv/lib/python3.9/site-packages/airflow/example_dags/example_sla_dag.py took 0.107 seconds
[2025-11-27T15:15:12.836-0300] {processor.py:161} INFO - Started process (PID=14095) to work on /Users/davispecia/Documents/GitHub/Pf_pipeline_dados/Projeto_final_fase3/venv/lib/python3.9/site-packages/airflow/example_dags/example_sla_dag.py
[2025-11-27T15:15:12.837-0300] {processor.py:830} INFO - Processing file /Users/davispecia/Documents/GitHub/Pf_pipeline_dados/Projeto_final_fase3/venv/lib/python3.9/site-packages/airflow/example_dags/example_sla_dag.py for tasks to queue
[2025-11-27T15:15:12.837-0300] {logging_mixin.py:188} INFO - [2025-11-27T15:15:12.837-0300] {dagbag.py:545} INFO - Filling up the DagBag from /Users/davispecia/Documents/GitHub/Pf_pipeline_dados/Projeto_final_fase3/venv/lib/python3.9/site-packages/airflow/example_dags/example_sla_dag.py
[2025-11-27T15:15:12.855-0300] {processor.py:840} INFO - DAG(s) 'example_sla_dag' retrieved from /Users/davispecia/Documents/GitHub/Pf_pipeline_dados/Projeto_final_fase3/venv/lib/python3.9/site-packages/airflow/example_dags/example_sla_dag.py
[2025-11-27T15:15:12.925-0300] {logging_mixin.py:188} INFO - [2025-11-27T15:15:12.925-0300] {dag.py:3089} INFO - Sync 1 DAGs
[2025-11-27T15:15:12.936-0300] {logging_mixin.py:188} INFO - [2025-11-27T15:15:12.936-0300] {dag.py:3947} INFO - Setting next_dagrun for example_sla_dag to 2025-11-27 18:12:00+00:00, run_after=2025-11-27 18:14:00+00:00
[2025-11-27T15:15:12.944-0300] {processor.py:183} INFO - Processing /Users/davispecia/Documents/GitHub/Pf_pipeline_dados/Projeto_final_fase3/venv/lib/python3.9/site-packages/airflow/example_dags/example_sla_dag.py took 0.111 seconds
[2025-11-27T15:17:14.739-0300] {processor.py:161} INFO - Started process (PID=14391) to work on /Users/davispecia/Documents/GitHub/Pf_pipeline_dados/Projeto_final_fase3/venv/lib/python3.9/site-packages/airflow/example_dags/example_sla_dag.py
[2025-11-27T15:17:14.741-0300] {processor.py:830} INFO - Processing file /Users/davispecia/Documents/GitHub/Pf_pipeline_dados/Projeto_final_fase3/venv/lib/python3.9/site-packages/airflow/example_dags/example_sla_dag.py for tasks to queue
[2025-11-27T15:17:14.741-0300] {logging_mixin.py:188} INFO - [2025-11-27T15:17:14.741-0300] {dagbag.py:545} INFO - Filling up the DagBag from /Users/davispecia/Documents/GitHub/Pf_pipeline_dados/Projeto_final_fase3/venv/lib/python3.9/site-packages/airflow/example_dags/example_sla_dag.py
[2025-11-27T15:17:14.759-0300] {processor.py:840} INFO - DAG(s) 'example_sla_dag' retrieved from /Users/davispecia/Documents/GitHub/Pf_pipeline_dados/Projeto_final_fase3/venv/lib/python3.9/site-packages/airflow/example_dags/example_sla_dag.py
[2025-11-27T15:17:14.826-0300] {logging_mixin.py:188} INFO - [2025-11-27T15:17:14.826-0300] {dag.py:3089} INFO - Sync 1 DAGs
[2025-11-27T15:17:14.836-0300] {logging_mixin.py:188} INFO - [2025-11-27T15:17:14.836-0300] {dag.py:3947} INFO - Setting next_dagrun for example_sla_dag to 2025-11-27 18:14:00+00:00, run_after=2025-11-27 18:16:00+00:00
[2025-11-27T15:17:14.845-0300] {processor.py:183} INFO - Processing /Users/davispecia/Documents/GitHub/Pf_pipeline_dados/Projeto_final_fase3/venv/lib/python3.9/site-packages/airflow/example_dags/example_sla_dag.py took 0.108 seconds
[2025-11-27T15:19:22.981-0300] {processor.py:161} INFO - Started process (PID=14764) to work on /Users/davispecia/Documents/GitHub/Pf_pipeline_dados/Projeto_final_fase3/venv/lib/python3.9/site-packages/airflow/example_dags/example_sla_dag.py
[2025-11-27T15:19:22.981-0300] {processor.py:830} INFO - Processing file /Users/davispecia/Documents/GitHub/Pf_pipeline_dados/Projeto_final_fase3/venv/lib/python3.9/site-packages/airflow/example_dags/example_sla_dag.py for tasks to queue
[2025-11-27T15:19:22.982-0300] {logging_mixin.py:188} INFO - [2025-11-27T15:19:22.982-0300] {dagbag.py:545} INFO - Filling up the DagBag from /Users/davispecia/Documents/GitHub/Pf_pipeline_dados/Projeto_final_fase3/venv/lib/python3.9/site-packages/airflow/example_dags/example_sla_dag.py
[2025-11-27T15:19:22.999-0300] {processor.py:840} INFO - DAG(s) 'example_sla_dag' retrieved from /Users/davispecia/Documents/GitHub/Pf_pipeline_dados/Projeto_final_fase3/venv/lib/python3.9/site-packages/airflow/example_dags/example_sla_dag.py
[2025-11-27T15:19:23.066-0300] {logging_mixin.py:188} INFO - [2025-11-27T15:19:23.066-0300] {dag.py:3089} INFO - Sync 1 DAGs
[2025-11-27T15:19:23.076-0300] {logging_mixin.py:188} INFO - [2025-11-27T15:19:23.076-0300] {dag.py:3947} INFO - Setting next_dagrun for example_sla_dag to 2025-11-27 18:16:00+00:00, run_after=2025-11-27 18:18:00+00:00
[2025-11-27T15:19:23.084-0300] {processor.py:183} INFO - Processing /Users/davispecia/Documents/GitHub/Pf_pipeline_dados/Projeto_final_fase3/venv/lib/python3.9/site-packages/airflow/example_dags/example_sla_dag.py took 0.106 seconds
[2025-11-27T15:25:10.193-0300] {processor.py:161} INFO - Started process (PID=15204) to work on /Users/davispecia/Documents/GitHub/Pf_pipeline_dados/Projeto_final_fase3/venv/lib/python3.9/site-packages/airflow/example_dags/example_sla_dag.py
[2025-11-27T15:25:10.194-0300] {processor.py:830} INFO - Processing file /Users/davispecia/Documents/GitHub/Pf_pipeline_dados/Projeto_final_fase3/venv/lib/python3.9/site-packages/airflow/example_dags/example_sla_dag.py for tasks to queue
[2025-11-27T15:25:10.194-0300] {logging_mixin.py:188} INFO - [2025-11-27T15:25:10.194-0300] {dagbag.py:545} INFO - Filling up the DagBag from /Users/davispecia/Documents/GitHub/Pf_pipeline_dados/Projeto_final_fase3/venv/lib/python3.9/site-packages/airflow/example_dags/example_sla_dag.py
[2025-11-27T15:25:10.214-0300] {processor.py:840} INFO - DAG(s) 'example_sla_dag' retrieved from /Users/davispecia/Documents/GitHub/Pf_pipeline_dados/Projeto_final_fase3/venv/lib/python3.9/site-packages/airflow/example_dags/example_sla_dag.py
[2025-11-27T15:25:10.285-0300] {logging_mixin.py:188} INFO - [2025-11-27T15:25:10.285-0300] {dag.py:3089} INFO - Sync 1 DAGs
[2025-11-27T15:25:10.296-0300] {logging_mixin.py:188} INFO - [2025-11-27T15:25:10.296-0300] {dag.py:3947} INFO - Setting next_dagrun for example_sla_dag to 2025-11-27 18:22:00+00:00, run_after=2025-11-27 18:24:00+00:00
[2025-11-27T15:25:10.305-0300] {processor.py:183} INFO - Processing /Users/davispecia/Documents/GitHub/Pf_pipeline_dados/Projeto_final_fase3/venv/lib/python3.9/site-packages/airflow/example_dags/example_sla_dag.py took 0.114 seconds
