[2025-11-27T11:12:54.003-0300] {processor.py:161} INFO - Started process (PID=88971) to work on /Users/davispecia/Documents/GitHub/Pf_pipeline_dados/Projeto_final_fase3/venv/lib/python3.9/site-packages/airflow/example_dags/example_display_name.py
[2025-11-27T11:12:54.003-0300] {processor.py:830} INFO - Processing file /Users/davispecia/Documents/GitHub/Pf_pipeline_dados/Projeto_final_fase3/venv/lib/python3.9/site-packages/airflow/example_dags/example_display_name.py for tasks to queue
[2025-11-27T11:12:54.004-0300] {logging_mixin.py:188} INFO - [2025-11-27T11:12:54.003-0300] {dagbag.py:545} INFO - Filling up the DagBag from /Users/davispecia/Documents/GitHub/Pf_pipeline_dados/Projeto_final_fase3/venv/lib/python3.9/site-packages/airflow/example_dags/example_display_name.py
[2025-11-27T11:12:54.023-0300] {processor.py:840} INFO - DAG(s) 'example_display_name' retrieved from /Users/davispecia/Documents/GitHub/Pf_pipeline_dados/Projeto_final_fase3/venv/lib/python3.9/site-packages/airflow/example_dags/example_display_name.py
[2025-11-27T11:12:54.145-0300] {logging_mixin.py:188} INFO - [2025-11-27T11:12:54.144-0300] {override.py:1858} INFO - Created Permission View: can delete on DAG:example_display_name
[2025-11-27T11:12:54.148-0300] {logging_mixin.py:188} INFO - [2025-11-27T11:12:54.148-0300] {override.py:1858} INFO - Created Permission View: can read on DAG:example_display_name
[2025-11-27T11:12:54.150-0300] {logging_mixin.py:188} INFO - [2025-11-27T11:12:54.150-0300] {override.py:1858} INFO - Created Permission View: can edit on DAG:example_display_name
[2025-11-27T11:12:54.151-0300] {logging_mixin.py:188} INFO - [2025-11-27T11:12:54.151-0300] {dag.py:3089} INFO - Sync 1 DAGs
[2025-11-27T11:12:54.155-0300] {logging_mixin.py:188} INFO - [2025-11-27T11:12:54.155-0300] {dag.py:3111} INFO - Creating ORM DAG for example_display_name
[2025-11-27T11:12:54.156-0300] {logging_mixin.py:188} INFO - [2025-11-27T11:12:54.156-0300] {dag.py:3947} INFO - Setting next_dagrun for example_display_name to None, run_after=None
[2025-11-27T11:12:54.164-0300] {processor.py:183} INFO - Processing /Users/davispecia/Documents/GitHub/Pf_pipeline_dados/Projeto_final_fase3/venv/lib/python3.9/site-packages/airflow/example_dags/example_display_name.py took 0.164 seconds
[2025-11-27T11:15:10.670-0300] {processor.py:161} INFO - Started process (PID=90137) to work on /Users/davispecia/Documents/GitHub/Pf_pipeline_dados/Projeto_final_fase3/venv/lib/python3.9/site-packages/airflow/example_dags/example_display_name.py
[2025-11-27T11:15:10.670-0300] {processor.py:830} INFO - Processing file /Users/davispecia/Documents/GitHub/Pf_pipeline_dados/Projeto_final_fase3/venv/lib/python3.9/site-packages/airflow/example_dags/example_display_name.py for tasks to queue
[2025-11-27T11:15:10.671-0300] {logging_mixin.py:188} INFO - [2025-11-27T11:15:10.671-0300] {dagbag.py:545} INFO - Filling up the DagBag from /Users/davispecia/Documents/GitHub/Pf_pipeline_dados/Projeto_final_fase3/venv/lib/python3.9/site-packages/airflow/example_dags/example_display_name.py
[2025-11-27T11:15:10.688-0300] {processor.py:840} INFO - DAG(s) 'example_display_name' retrieved from /Users/davispecia/Documents/GitHub/Pf_pipeline_dados/Projeto_final_fase3/venv/lib/python3.9/site-packages/airflow/example_dags/example_display_name.py
[2025-11-27T11:15:10.757-0300] {logging_mixin.py:188} INFO - [2025-11-27T11:15:10.757-0300] {dag.py:3089} INFO - Sync 1 DAGs
[2025-11-27T11:15:10.763-0300] {logging_mixin.py:188} INFO - [2025-11-27T11:15:10.763-0300] {dag.py:3947} INFO - Setting next_dagrun for example_display_name to None, run_after=None
[2025-11-27T11:15:10.773-0300] {processor.py:183} INFO - Processing /Users/davispecia/Documents/GitHub/Pf_pipeline_dados/Projeto_final_fase3/venv/lib/python3.9/site-packages/airflow/example_dags/example_display_name.py took 0.105 seconds
[2025-11-27T11:18:38.493-0300] {processor.py:161} INFO - Started process (PID=91160) to work on /Users/davispecia/Documents/GitHub/Pf_pipeline_dados/Projeto_final_fase3/venv/lib/python3.9/site-packages/airflow/example_dags/example_display_name.py
[2025-11-27T11:18:38.494-0300] {processor.py:830} INFO - Processing file /Users/davispecia/Documents/GitHub/Pf_pipeline_dados/Projeto_final_fase3/venv/lib/python3.9/site-packages/airflow/example_dags/example_display_name.py for tasks to queue
[2025-11-27T11:18:38.494-0300] {logging_mixin.py:188} INFO - [2025-11-27T11:18:38.494-0300] {dagbag.py:545} INFO - Filling up the DagBag from /Users/davispecia/Documents/GitHub/Pf_pipeline_dados/Projeto_final_fase3/venv/lib/python3.9/site-packages/airflow/example_dags/example_display_name.py
[2025-11-27T11:18:38.513-0300] {processor.py:840} INFO - DAG(s) 'example_display_name' retrieved from /Users/davispecia/Documents/GitHub/Pf_pipeline_dados/Projeto_final_fase3/venv/lib/python3.9/site-packages/airflow/example_dags/example_display_name.py
[2025-11-27T11:18:38.585-0300] {logging_mixin.py:188} INFO - [2025-11-27T11:18:38.584-0300] {dag.py:3089} INFO - Sync 1 DAGs
[2025-11-27T11:18:38.590-0300] {logging_mixin.py:188} INFO - [2025-11-27T11:18:38.590-0300] {dag.py:3947} INFO - Setting next_dagrun for example_display_name to None, run_after=None
[2025-11-27T11:18:38.599-0300] {processor.py:183} INFO - Processing /Users/davispecia/Documents/GitHub/Pf_pipeline_dados/Projeto_final_fase3/venv/lib/python3.9/site-packages/airflow/example_dags/example_display_name.py took 0.108 seconds
[2025-11-27T11:20:55.231-0300] {processor.py:161} INFO - Started process (PID=91552) to work on /Users/davispecia/Documents/GitHub/Pf_pipeline_dados/Projeto_final_fase3/venv/lib/python3.9/site-packages/airflow/example_dags/example_display_name.py
[2025-11-27T11:20:55.231-0300] {processor.py:830} INFO - Processing file /Users/davispecia/Documents/GitHub/Pf_pipeline_dados/Projeto_final_fase3/venv/lib/python3.9/site-packages/airflow/example_dags/example_display_name.py for tasks to queue
[2025-11-27T11:20:55.232-0300] {logging_mixin.py:188} INFO - [2025-11-27T11:20:55.231-0300] {dagbag.py:545} INFO - Filling up the DagBag from /Users/davispecia/Documents/GitHub/Pf_pipeline_dados/Projeto_final_fase3/venv/lib/python3.9/site-packages/airflow/example_dags/example_display_name.py
[2025-11-27T11:20:55.249-0300] {processor.py:840} INFO - DAG(s) 'example_display_name' retrieved from /Users/davispecia/Documents/GitHub/Pf_pipeline_dados/Projeto_final_fase3/venv/lib/python3.9/site-packages/airflow/example_dags/example_display_name.py
[2025-11-27T11:20:55.318-0300] {logging_mixin.py:188} INFO - [2025-11-27T11:20:55.317-0300] {dag.py:3089} INFO - Sync 1 DAGs
[2025-11-27T11:20:55.323-0300] {logging_mixin.py:188} INFO - [2025-11-27T11:20:55.323-0300] {dag.py:3947} INFO - Setting next_dagrun for example_display_name to None, run_after=None
[2025-11-27T11:20:55.332-0300] {processor.py:183} INFO - Processing /Users/davispecia/Documents/GitHub/Pf_pipeline_dados/Projeto_final_fase3/venv/lib/python3.9/site-packages/airflow/example_dags/example_display_name.py took 0.103 seconds
[2025-11-27T11:22:56.236-0300] {processor.py:161} INFO - Started process (PID=91857) to work on /Users/davispecia/Documents/GitHub/Pf_pipeline_dados/Projeto_final_fase3/venv/lib/python3.9/site-packages/airflow/example_dags/example_display_name.py
[2025-11-27T11:22:56.237-0300] {processor.py:830} INFO - Processing file /Users/davispecia/Documents/GitHub/Pf_pipeline_dados/Projeto_final_fase3/venv/lib/python3.9/site-packages/airflow/example_dags/example_display_name.py for tasks to queue
[2025-11-27T11:22:56.238-0300] {logging_mixin.py:188} INFO - [2025-11-27T11:22:56.238-0300] {dagbag.py:545} INFO - Filling up the DagBag from /Users/davispecia/Documents/GitHub/Pf_pipeline_dados/Projeto_final_fase3/venv/lib/python3.9/site-packages/airflow/example_dags/example_display_name.py
[2025-11-27T11:22:56.255-0300] {processor.py:840} INFO - DAG(s) 'example_display_name' retrieved from /Users/davispecia/Documents/GitHub/Pf_pipeline_dados/Projeto_final_fase3/venv/lib/python3.9/site-packages/airflow/example_dags/example_display_name.py
[2025-11-27T11:22:56.322-0300] {logging_mixin.py:188} INFO - [2025-11-27T11:22:56.322-0300] {dag.py:3089} INFO - Sync 1 DAGs
[2025-11-27T11:22:56.327-0300] {logging_mixin.py:188} INFO - [2025-11-27T11:22:56.327-0300] {dag.py:3947} INFO - Setting next_dagrun for example_display_name to None, run_after=None
[2025-11-27T11:22:56.336-0300] {processor.py:183} INFO - Processing /Users/davispecia/Documents/GitHub/Pf_pipeline_dados/Projeto_final_fase3/venv/lib/python3.9/site-packages/airflow/example_dags/example_display_name.py took 0.102 seconds
[2025-11-27T11:25:01.044-0300] {processor.py:161} INFO - Started process (PID=92161) to work on /Users/davispecia/Documents/GitHub/Pf_pipeline_dados/Projeto_final_fase3/venv/lib/python3.9/site-packages/airflow/example_dags/example_display_name.py
[2025-11-27T11:25:01.045-0300] {processor.py:830} INFO - Processing file /Users/davispecia/Documents/GitHub/Pf_pipeline_dados/Projeto_final_fase3/venv/lib/python3.9/site-packages/airflow/example_dags/example_display_name.py for tasks to queue
[2025-11-27T11:25:01.045-0300] {logging_mixin.py:188} INFO - [2025-11-27T11:25:01.045-0300] {dagbag.py:545} INFO - Filling up the DagBag from /Users/davispecia/Documents/GitHub/Pf_pipeline_dados/Projeto_final_fase3/venv/lib/python3.9/site-packages/airflow/example_dags/example_display_name.py
[2025-11-27T11:25:01.062-0300] {processor.py:840} INFO - DAG(s) 'example_display_name' retrieved from /Users/davispecia/Documents/GitHub/Pf_pipeline_dados/Projeto_final_fase3/venv/lib/python3.9/site-packages/airflow/example_dags/example_display_name.py
[2025-11-27T11:25:01.134-0300] {logging_mixin.py:188} INFO - [2025-11-27T11:25:01.134-0300] {dag.py:3089} INFO - Sync 1 DAGs
[2025-11-27T11:25:01.140-0300] {logging_mixin.py:188} INFO - [2025-11-27T11:25:01.140-0300] {dag.py:3947} INFO - Setting next_dagrun for example_display_name to None, run_after=None
[2025-11-27T11:25:01.148-0300] {processor.py:183} INFO - Processing /Users/davispecia/Documents/GitHub/Pf_pipeline_dados/Projeto_final_fase3/venv/lib/python3.9/site-packages/airflow/example_dags/example_display_name.py took 0.106 seconds
[2025-11-27T11:27:14.989-0300] {processor.py:161} INFO - Started process (PID=92543) to work on /Users/davispecia/Documents/GitHub/Pf_pipeline_dados/Projeto_final_fase3/venv/lib/python3.9/site-packages/airflow/example_dags/example_display_name.py
[2025-11-27T11:27:14.990-0300] {processor.py:830} INFO - Processing file /Users/davispecia/Documents/GitHub/Pf_pipeline_dados/Projeto_final_fase3/venv/lib/python3.9/site-packages/airflow/example_dags/example_display_name.py for tasks to queue
[2025-11-27T11:27:14.990-0300] {logging_mixin.py:188} INFO - [2025-11-27T11:27:14.990-0300] {dagbag.py:545} INFO - Filling up the DagBag from /Users/davispecia/Documents/GitHub/Pf_pipeline_dados/Projeto_final_fase3/venv/lib/python3.9/site-packages/airflow/example_dags/example_display_name.py
[2025-11-27T11:27:15.007-0300] {processor.py:840} INFO - DAG(s) 'example_display_name' retrieved from /Users/davispecia/Documents/GitHub/Pf_pipeline_dados/Projeto_final_fase3/venv/lib/python3.9/site-packages/airflow/example_dags/example_display_name.py
[2025-11-27T11:27:15.075-0300] {logging_mixin.py:188} INFO - [2025-11-27T11:27:15.074-0300] {dag.py:3089} INFO - Sync 1 DAGs
[2025-11-27T11:27:15.080-0300] {logging_mixin.py:188} INFO - [2025-11-27T11:27:15.080-0300] {dag.py:3947} INFO - Setting next_dagrun for example_display_name to None, run_after=None
[2025-11-27T11:27:15.089-0300] {processor.py:183} INFO - Processing /Users/davispecia/Documents/GitHub/Pf_pipeline_dados/Projeto_final_fase3/venv/lib/python3.9/site-packages/airflow/example_dags/example_display_name.py took 0.102 seconds
[2025-11-27T11:29:15.815-0300] {processor.py:161} INFO - Started process (PID=92850) to work on /Users/davispecia/Documents/GitHub/Pf_pipeline_dados/Projeto_final_fase3/venv/lib/python3.9/site-packages/airflow/example_dags/example_display_name.py
[2025-11-27T11:29:15.816-0300] {processor.py:830} INFO - Processing file /Users/davispecia/Documents/GitHub/Pf_pipeline_dados/Projeto_final_fase3/venv/lib/python3.9/site-packages/airflow/example_dags/example_display_name.py for tasks to queue
[2025-11-27T11:29:15.816-0300] {logging_mixin.py:188} INFO - [2025-11-27T11:29:15.816-0300] {dagbag.py:545} INFO - Filling up the DagBag from /Users/davispecia/Documents/GitHub/Pf_pipeline_dados/Projeto_final_fase3/venv/lib/python3.9/site-packages/airflow/example_dags/example_display_name.py
[2025-11-27T11:29:15.834-0300] {processor.py:840} INFO - DAG(s) 'example_display_name' retrieved from /Users/davispecia/Documents/GitHub/Pf_pipeline_dados/Projeto_final_fase3/venv/lib/python3.9/site-packages/airflow/example_dags/example_display_name.py
[2025-11-27T11:29:15.901-0300] {logging_mixin.py:188} INFO - [2025-11-27T11:29:15.901-0300] {dag.py:3089} INFO - Sync 1 DAGs
[2025-11-27T11:29:15.907-0300] {logging_mixin.py:188} INFO - [2025-11-27T11:29:15.907-0300] {dag.py:3947} INFO - Setting next_dagrun for example_display_name to None, run_after=None
[2025-11-27T11:29:15.915-0300] {processor.py:183} INFO - Processing /Users/davispecia/Documents/GitHub/Pf_pipeline_dados/Projeto_final_fase3/venv/lib/python3.9/site-packages/airflow/example_dags/example_display_name.py took 0.103 seconds
[2025-11-27T11:31:26.329-0300] {processor.py:161} INFO - Started process (PID=93222) to work on /Users/davispecia/Documents/GitHub/Pf_pipeline_dados/Projeto_final_fase3/venv/lib/python3.9/site-packages/airflow/example_dags/example_display_name.py
[2025-11-27T11:31:26.330-0300] {processor.py:830} INFO - Processing file /Users/davispecia/Documents/GitHub/Pf_pipeline_dados/Projeto_final_fase3/venv/lib/python3.9/site-packages/airflow/example_dags/example_display_name.py for tasks to queue
[2025-11-27T11:31:26.330-0300] {logging_mixin.py:188} INFO - [2025-11-27T11:31:26.330-0300] {dagbag.py:545} INFO - Filling up the DagBag from /Users/davispecia/Documents/GitHub/Pf_pipeline_dados/Projeto_final_fase3/venv/lib/python3.9/site-packages/airflow/example_dags/example_display_name.py
[2025-11-27T11:31:26.347-0300] {processor.py:840} INFO - DAG(s) 'example_display_name' retrieved from /Users/davispecia/Documents/GitHub/Pf_pipeline_dados/Projeto_final_fase3/venv/lib/python3.9/site-packages/airflow/example_dags/example_display_name.py
[2025-11-27T11:31:26.415-0300] {logging_mixin.py:188} INFO - [2025-11-27T11:31:26.415-0300] {dag.py:3089} INFO - Sync 1 DAGs
[2025-11-27T11:31:26.420-0300] {logging_mixin.py:188} INFO - [2025-11-27T11:31:26.420-0300] {dag.py:3947} INFO - Setting next_dagrun for example_display_name to None, run_after=None
[2025-11-27T11:31:26.429-0300] {processor.py:183} INFO - Processing /Users/davispecia/Documents/GitHub/Pf_pipeline_dados/Projeto_final_fase3/venv/lib/python3.9/site-packages/airflow/example_dags/example_display_name.py took 0.102 seconds
[2025-11-27T11:33:33.149-0300] {processor.py:161} INFO - Started process (PID=93525) to work on /Users/davispecia/Documents/GitHub/Pf_pipeline_dados/Projeto_final_fase3/venv/lib/python3.9/site-packages/airflow/example_dags/example_display_name.py
[2025-11-27T11:33:33.150-0300] {processor.py:830} INFO - Processing file /Users/davispecia/Documents/GitHub/Pf_pipeline_dados/Projeto_final_fase3/venv/lib/python3.9/site-packages/airflow/example_dags/example_display_name.py for tasks to queue
[2025-11-27T11:33:33.151-0300] {logging_mixin.py:188} INFO - [2025-11-27T11:33:33.151-0300] {dagbag.py:545} INFO - Filling up the DagBag from /Users/davispecia/Documents/GitHub/Pf_pipeline_dados/Projeto_final_fase3/venv/lib/python3.9/site-packages/airflow/example_dags/example_display_name.py
[2025-11-27T11:33:33.169-0300] {processor.py:840} INFO - DAG(s) 'example_display_name' retrieved from /Users/davispecia/Documents/GitHub/Pf_pipeline_dados/Projeto_final_fase3/venv/lib/python3.9/site-packages/airflow/example_dags/example_display_name.py
[2025-11-27T11:33:33.237-0300] {logging_mixin.py:188} INFO - [2025-11-27T11:33:33.237-0300] {dag.py:3089} INFO - Sync 1 DAGs
[2025-11-27T11:33:33.243-0300] {logging_mixin.py:188} INFO - [2025-11-27T11:33:33.242-0300] {dag.py:3947} INFO - Setting next_dagrun for example_display_name to None, run_after=None
[2025-11-27T11:33:33.251-0300] {processor.py:183} INFO - Processing /Users/davispecia/Documents/GitHub/Pf_pipeline_dados/Projeto_final_fase3/venv/lib/python3.9/site-packages/airflow/example_dags/example_display_name.py took 0.104 seconds
[2025-11-27T11:35:40.151-0300] {processor.py:161} INFO - Started process (PID=93839) to work on /Users/davispecia/Documents/GitHub/Pf_pipeline_dados/Projeto_final_fase3/venv/lib/python3.9/site-packages/airflow/example_dags/example_display_name.py
[2025-11-27T11:35:40.151-0300] {processor.py:830} INFO - Processing file /Users/davispecia/Documents/GitHub/Pf_pipeline_dados/Projeto_final_fase3/venv/lib/python3.9/site-packages/airflow/example_dags/example_display_name.py for tasks to queue
[2025-11-27T11:35:40.152-0300] {logging_mixin.py:188} INFO - [2025-11-27T11:35:40.151-0300] {dagbag.py:545} INFO - Filling up the DagBag from /Users/davispecia/Documents/GitHub/Pf_pipeline_dados/Projeto_final_fase3/venv/lib/python3.9/site-packages/airflow/example_dags/example_display_name.py
[2025-11-27T11:35:40.169-0300] {processor.py:840} INFO - DAG(s) 'example_display_name' retrieved from /Users/davispecia/Documents/GitHub/Pf_pipeline_dados/Projeto_final_fase3/venv/lib/python3.9/site-packages/airflow/example_dags/example_display_name.py
[2025-11-27T11:35:40.236-0300] {logging_mixin.py:188} INFO - [2025-11-27T11:35:40.236-0300] {dag.py:3089} INFO - Sync 1 DAGs
[2025-11-27T11:35:40.241-0300] {logging_mixin.py:188} INFO - [2025-11-27T11:35:40.241-0300] {dag.py:3947} INFO - Setting next_dagrun for example_display_name to None, run_after=None
[2025-11-27T11:35:40.250-0300] {processor.py:183} INFO - Processing /Users/davispecia/Documents/GitHub/Pf_pipeline_dados/Projeto_final_fase3/venv/lib/python3.9/site-packages/airflow/example_dags/example_display_name.py took 0.101 seconds
[2025-11-27T11:37:55.466-0300] {processor.py:161} INFO - Started process (PID=94207) to work on /Users/davispecia/Documents/GitHub/Pf_pipeline_dados/Projeto_final_fase3/venv/lib/python3.9/site-packages/airflow/example_dags/example_display_name.py
[2025-11-27T11:37:55.466-0300] {processor.py:830} INFO - Processing file /Users/davispecia/Documents/GitHub/Pf_pipeline_dados/Projeto_final_fase3/venv/lib/python3.9/site-packages/airflow/example_dags/example_display_name.py for tasks to queue
[2025-11-27T11:37:55.467-0300] {logging_mixin.py:188} INFO - [2025-11-27T11:37:55.467-0300] {dagbag.py:545} INFO - Filling up the DagBag from /Users/davispecia/Documents/GitHub/Pf_pipeline_dados/Projeto_final_fase3/venv/lib/python3.9/site-packages/airflow/example_dags/example_display_name.py
[2025-11-27T11:37:55.484-0300] {processor.py:840} INFO - DAG(s) 'example_display_name' retrieved from /Users/davispecia/Documents/GitHub/Pf_pipeline_dados/Projeto_final_fase3/venv/lib/python3.9/site-packages/airflow/example_dags/example_display_name.py
[2025-11-27T11:37:55.552-0300] {logging_mixin.py:188} INFO - [2025-11-27T11:37:55.551-0300] {dag.py:3089} INFO - Sync 1 DAGs
[2025-11-27T11:37:55.557-0300] {logging_mixin.py:188} INFO - [2025-11-27T11:37:55.557-0300] {dag.py:3947} INFO - Setting next_dagrun for example_display_name to None, run_after=None
[2025-11-27T11:37:55.566-0300] {processor.py:183} INFO - Processing /Users/davispecia/Documents/GitHub/Pf_pipeline_dados/Projeto_final_fase3/venv/lib/python3.9/site-packages/airflow/example_dags/example_display_name.py took 0.102 seconds
[2025-11-27T11:40:01.200-0300] {processor.py:161} INFO - Started process (PID=94501) to work on /Users/davispecia/Documents/GitHub/Pf_pipeline_dados/Projeto_final_fase3/venv/lib/python3.9/site-packages/airflow/example_dags/example_display_name.py
[2025-11-27T11:40:01.201-0300] {processor.py:830} INFO - Processing file /Users/davispecia/Documents/GitHub/Pf_pipeline_dados/Projeto_final_fase3/venv/lib/python3.9/site-packages/airflow/example_dags/example_display_name.py for tasks to queue
[2025-11-27T11:40:01.201-0300] {logging_mixin.py:188} INFO - [2025-11-27T11:40:01.201-0300] {dagbag.py:545} INFO - Filling up the DagBag from /Users/davispecia/Documents/GitHub/Pf_pipeline_dados/Projeto_final_fase3/venv/lib/python3.9/site-packages/airflow/example_dags/example_display_name.py
[2025-11-27T11:40:01.218-0300] {processor.py:840} INFO - DAG(s) 'example_display_name' retrieved from /Users/davispecia/Documents/GitHub/Pf_pipeline_dados/Projeto_final_fase3/venv/lib/python3.9/site-packages/airflow/example_dags/example_display_name.py
[2025-11-27T11:40:01.289-0300] {logging_mixin.py:188} INFO - [2025-11-27T11:40:01.289-0300] {dag.py:3089} INFO - Sync 1 DAGs
[2025-11-27T11:40:01.294-0300] {logging_mixin.py:188} INFO - [2025-11-27T11:40:01.294-0300] {dag.py:3947} INFO - Setting next_dagrun for example_display_name to None, run_after=None
[2025-11-27T11:40:01.304-0300] {processor.py:183} INFO - Processing /Users/davispecia/Documents/GitHub/Pf_pipeline_dados/Projeto_final_fase3/venv/lib/python3.9/site-packages/airflow/example_dags/example_display_name.py took 0.106 seconds
[2025-11-27T11:42:17.010-0300] {processor.py:161} INFO - Started process (PID=94893) to work on /Users/davispecia/Documents/GitHub/Pf_pipeline_dados/Projeto_final_fase3/venv/lib/python3.9/site-packages/airflow/example_dags/example_display_name.py
[2025-11-27T11:42:17.011-0300] {processor.py:830} INFO - Processing file /Users/davispecia/Documents/GitHub/Pf_pipeline_dados/Projeto_final_fase3/venv/lib/python3.9/site-packages/airflow/example_dags/example_display_name.py for tasks to queue
[2025-11-27T11:42:17.011-0300] {logging_mixin.py:188} INFO - [2025-11-27T11:42:17.011-0300] {dagbag.py:545} INFO - Filling up the DagBag from /Users/davispecia/Documents/GitHub/Pf_pipeline_dados/Projeto_final_fase3/venv/lib/python3.9/site-packages/airflow/example_dags/example_display_name.py
[2025-11-27T11:42:17.028-0300] {processor.py:840} INFO - DAG(s) 'example_display_name' retrieved from /Users/davispecia/Documents/GitHub/Pf_pipeline_dados/Projeto_final_fase3/venv/lib/python3.9/site-packages/airflow/example_dags/example_display_name.py
[2025-11-27T11:42:17.096-0300] {logging_mixin.py:188} INFO - [2025-11-27T11:42:17.096-0300] {dag.py:3089} INFO - Sync 1 DAGs
[2025-11-27T11:42:17.101-0300] {logging_mixin.py:188} INFO - [2025-11-27T11:42:17.101-0300] {dag.py:3947} INFO - Setting next_dagrun for example_display_name to None, run_after=None
[2025-11-27T11:42:17.112-0300] {processor.py:183} INFO - Processing /Users/davispecia/Documents/GitHub/Pf_pipeline_dados/Projeto_final_fase3/venv/lib/python3.9/site-packages/airflow/example_dags/example_display_name.py took 0.103 seconds
[2025-11-27T11:44:24.337-0300] {processor.py:161} INFO - Started process (PID=95191) to work on /Users/davispecia/Documents/GitHub/Pf_pipeline_dados/Projeto_final_fase3/venv/lib/python3.9/site-packages/airflow/example_dags/example_display_name.py
[2025-11-27T11:44:24.338-0300] {processor.py:830} INFO - Processing file /Users/davispecia/Documents/GitHub/Pf_pipeline_dados/Projeto_final_fase3/venv/lib/python3.9/site-packages/airflow/example_dags/example_display_name.py for tasks to queue
[2025-11-27T11:44:24.338-0300] {logging_mixin.py:188} INFO - [2025-11-27T11:44:24.338-0300] {dagbag.py:545} INFO - Filling up the DagBag from /Users/davispecia/Documents/GitHub/Pf_pipeline_dados/Projeto_final_fase3/venv/lib/python3.9/site-packages/airflow/example_dags/example_display_name.py
[2025-11-27T11:44:24.355-0300] {processor.py:840} INFO - DAG(s) 'example_display_name' retrieved from /Users/davispecia/Documents/GitHub/Pf_pipeline_dados/Projeto_final_fase3/venv/lib/python3.9/site-packages/airflow/example_dags/example_display_name.py
[2025-11-27T11:44:24.423-0300] {logging_mixin.py:188} INFO - [2025-11-27T11:44:24.423-0300] {dag.py:3089} INFO - Sync 1 DAGs
[2025-11-27T11:44:24.428-0300] {logging_mixin.py:188} INFO - [2025-11-27T11:44:24.428-0300] {dag.py:3947} INFO - Setting next_dagrun for example_display_name to None, run_after=None
[2025-11-27T11:44:24.437-0300] {processor.py:183} INFO - Processing /Users/davispecia/Documents/GitHub/Pf_pipeline_dados/Projeto_final_fase3/venv/lib/python3.9/site-packages/airflow/example_dags/example_display_name.py took 0.101 seconds
[2025-11-27T11:46:26.483-0300] {processor.py:161} INFO - Started process (PID=95485) to work on /Users/davispecia/Documents/GitHub/Pf_pipeline_dados/Projeto_final_fase3/venv/lib/python3.9/site-packages/airflow/example_dags/example_display_name.py
[2025-11-27T11:46:26.483-0300] {processor.py:830} INFO - Processing file /Users/davispecia/Documents/GitHub/Pf_pipeline_dados/Projeto_final_fase3/venv/lib/python3.9/site-packages/airflow/example_dags/example_display_name.py for tasks to queue
[2025-11-27T11:46:26.484-0300] {logging_mixin.py:188} INFO - [2025-11-27T11:46:26.484-0300] {dagbag.py:545} INFO - Filling up the DagBag from /Users/davispecia/Documents/GitHub/Pf_pipeline_dados/Projeto_final_fase3/venv/lib/python3.9/site-packages/airflow/example_dags/example_display_name.py
[2025-11-27T11:46:26.501-0300] {processor.py:840} INFO - DAG(s) 'example_display_name' retrieved from /Users/davispecia/Documents/GitHub/Pf_pipeline_dados/Projeto_final_fase3/venv/lib/python3.9/site-packages/airflow/example_dags/example_display_name.py
[2025-11-27T11:46:26.572-0300] {logging_mixin.py:188} INFO - [2025-11-27T11:46:26.571-0300] {dag.py:3089} INFO - Sync 1 DAGs
[2025-11-27T11:46:26.577-0300] {logging_mixin.py:188} INFO - [2025-11-27T11:46:26.577-0300] {dag.py:3947} INFO - Setting next_dagrun for example_display_name to None, run_after=None
[2025-11-27T11:46:26.586-0300] {processor.py:183} INFO - Processing /Users/davispecia/Documents/GitHub/Pf_pipeline_dados/Projeto_final_fase3/venv/lib/python3.9/site-packages/airflow/example_dags/example_display_name.py took 0.106 seconds
[2025-11-27T11:48:43.265-0300] {processor.py:161} INFO - Started process (PID=95912) to work on /Users/davispecia/Documents/GitHub/Pf_pipeline_dados/Projeto_final_fase3/venv/lib/python3.9/site-packages/airflow/example_dags/example_display_name.py
[2025-11-27T11:48:43.266-0300] {processor.py:830} INFO - Processing file /Users/davispecia/Documents/GitHub/Pf_pipeline_dados/Projeto_final_fase3/venv/lib/python3.9/site-packages/airflow/example_dags/example_display_name.py for tasks to queue
[2025-11-27T11:48:43.266-0300] {logging_mixin.py:188} INFO - [2025-11-27T11:48:43.266-0300] {dagbag.py:545} INFO - Filling up the DagBag from /Users/davispecia/Documents/GitHub/Pf_pipeline_dados/Projeto_final_fase3/venv/lib/python3.9/site-packages/airflow/example_dags/example_display_name.py
[2025-11-27T11:48:43.283-0300] {processor.py:840} INFO - DAG(s) 'example_display_name' retrieved from /Users/davispecia/Documents/GitHub/Pf_pipeline_dados/Projeto_final_fase3/venv/lib/python3.9/site-packages/airflow/example_dags/example_display_name.py
[2025-11-27T11:48:43.351-0300] {logging_mixin.py:188} INFO - [2025-11-27T11:48:43.351-0300] {dag.py:3089} INFO - Sync 1 DAGs
[2025-11-27T11:48:43.357-0300] {logging_mixin.py:188} INFO - [2025-11-27T11:48:43.356-0300] {dag.py:3947} INFO - Setting next_dagrun for example_display_name to None, run_after=None
[2025-11-27T11:48:43.366-0300] {processor.py:183} INFO - Processing /Users/davispecia/Documents/GitHub/Pf_pipeline_dados/Projeto_final_fase3/venv/lib/python3.9/site-packages/airflow/example_dags/example_display_name.py took 0.103 seconds
[2025-11-27T11:50:53.238-0300] {processor.py:161} INFO - Started process (PID=96234) to work on /Users/davispecia/Documents/GitHub/Pf_pipeline_dados/Projeto_final_fase3/venv/lib/python3.9/site-packages/airflow/example_dags/example_display_name.py
[2025-11-27T11:50:53.239-0300] {processor.py:830} INFO - Processing file /Users/davispecia/Documents/GitHub/Pf_pipeline_dados/Projeto_final_fase3/venv/lib/python3.9/site-packages/airflow/example_dags/example_display_name.py for tasks to queue
[2025-11-27T11:50:53.240-0300] {logging_mixin.py:188} INFO - [2025-11-27T11:50:53.240-0300] {dagbag.py:545} INFO - Filling up the DagBag from /Users/davispecia/Documents/GitHub/Pf_pipeline_dados/Projeto_final_fase3/venv/lib/python3.9/site-packages/airflow/example_dags/example_display_name.py
[2025-11-27T11:50:53.256-0300] {processor.py:840} INFO - DAG(s) 'example_display_name' retrieved from /Users/davispecia/Documents/GitHub/Pf_pipeline_dados/Projeto_final_fase3/venv/lib/python3.9/site-packages/airflow/example_dags/example_display_name.py
[2025-11-27T11:50:53.323-0300] {logging_mixin.py:188} INFO - [2025-11-27T11:50:53.323-0300] {dag.py:3089} INFO - Sync 1 DAGs
[2025-11-27T11:50:53.328-0300] {logging_mixin.py:188} INFO - [2025-11-27T11:50:53.328-0300] {dag.py:3947} INFO - Setting next_dagrun for example_display_name to None, run_after=None
[2025-11-27T11:50:53.337-0300] {processor.py:183} INFO - Processing /Users/davispecia/Documents/GitHub/Pf_pipeline_dados/Projeto_final_fase3/venv/lib/python3.9/site-packages/airflow/example_dags/example_display_name.py took 0.101 seconds
[2025-11-27T11:52:55.743-0300] {processor.py:161} INFO - Started process (PID=96626) to work on /Users/davispecia/Documents/GitHub/Pf_pipeline_dados/Projeto_final_fase3/venv/lib/python3.9/site-packages/airflow/example_dags/example_display_name.py
[2025-11-27T11:52:55.744-0300] {processor.py:830} INFO - Processing file /Users/davispecia/Documents/GitHub/Pf_pipeline_dados/Projeto_final_fase3/venv/lib/python3.9/site-packages/airflow/example_dags/example_display_name.py for tasks to queue
[2025-11-27T11:52:55.744-0300] {logging_mixin.py:188} INFO - [2025-11-27T11:52:55.744-0300] {dagbag.py:545} INFO - Filling up the DagBag from /Users/davispecia/Documents/GitHub/Pf_pipeline_dados/Projeto_final_fase3/venv/lib/python3.9/site-packages/airflow/example_dags/example_display_name.py
[2025-11-27T11:52:55.762-0300] {processor.py:840} INFO - DAG(s) 'example_display_name' retrieved from /Users/davispecia/Documents/GitHub/Pf_pipeline_dados/Projeto_final_fase3/venv/lib/python3.9/site-packages/airflow/example_dags/example_display_name.py
[2025-11-27T11:52:55.831-0300] {logging_mixin.py:188} INFO - [2025-11-27T11:52:55.831-0300] {dag.py:3089} INFO - Sync 1 DAGs
[2025-11-27T11:52:55.836-0300] {logging_mixin.py:188} INFO - [2025-11-27T11:52:55.836-0300] {dag.py:3947} INFO - Setting next_dagrun for example_display_name to None, run_after=None
[2025-11-27T11:52:55.845-0300] {processor.py:183} INFO - Processing /Users/davispecia/Documents/GitHub/Pf_pipeline_dados/Projeto_final_fase3/venv/lib/python3.9/site-packages/airflow/example_dags/example_display_name.py took 0.104 seconds
[2025-11-27T11:55:05.408-0300] {processor.py:161} INFO - Started process (PID=96996) to work on /Users/davispecia/Documents/GitHub/Pf_pipeline_dados/Projeto_final_fase3/venv/lib/python3.9/site-packages/airflow/example_dags/example_display_name.py
[2025-11-27T11:55:05.410-0300] {processor.py:830} INFO - Processing file /Users/davispecia/Documents/GitHub/Pf_pipeline_dados/Projeto_final_fase3/venv/lib/python3.9/site-packages/airflow/example_dags/example_display_name.py for tasks to queue
[2025-11-27T11:55:05.410-0300] {logging_mixin.py:188} INFO - [2025-11-27T11:55:05.410-0300] {dagbag.py:545} INFO - Filling up the DagBag from /Users/davispecia/Documents/GitHub/Pf_pipeline_dados/Projeto_final_fase3/venv/lib/python3.9/site-packages/airflow/example_dags/example_display_name.py
[2025-11-27T11:55:05.427-0300] {processor.py:840} INFO - DAG(s) 'example_display_name' retrieved from /Users/davispecia/Documents/GitHub/Pf_pipeline_dados/Projeto_final_fase3/venv/lib/python3.9/site-packages/airflow/example_dags/example_display_name.py
[2025-11-27T11:55:05.494-0300] {logging_mixin.py:188} INFO - [2025-11-27T11:55:05.494-0300] {dag.py:3089} INFO - Sync 1 DAGs
[2025-11-27T11:55:05.499-0300] {logging_mixin.py:188} INFO - [2025-11-27T11:55:05.499-0300] {dag.py:3947} INFO - Setting next_dagrun for example_display_name to None, run_after=None
[2025-11-27T11:55:05.508-0300] {processor.py:183} INFO - Processing /Users/davispecia/Documents/GitHub/Pf_pipeline_dados/Projeto_final_fase3/venv/lib/python3.9/site-packages/airflow/example_dags/example_display_name.py took 0.101 seconds
[2025-11-27T11:57:09.895-0300] {processor.py:161} INFO - Started process (PID=97297) to work on /Users/davispecia/Documents/GitHub/Pf_pipeline_dados/Projeto_final_fase3/venv/lib/python3.9/site-packages/airflow/example_dags/example_display_name.py
[2025-11-27T11:57:09.896-0300] {processor.py:830} INFO - Processing file /Users/davispecia/Documents/GitHub/Pf_pipeline_dados/Projeto_final_fase3/venv/lib/python3.9/site-packages/airflow/example_dags/example_display_name.py for tasks to queue
[2025-11-27T11:57:09.897-0300] {logging_mixin.py:188} INFO - [2025-11-27T11:57:09.897-0300] {dagbag.py:545} INFO - Filling up the DagBag from /Users/davispecia/Documents/GitHub/Pf_pipeline_dados/Projeto_final_fase3/venv/lib/python3.9/site-packages/airflow/example_dags/example_display_name.py
[2025-11-27T11:57:09.914-0300] {processor.py:840} INFO - DAG(s) 'example_display_name' retrieved from /Users/davispecia/Documents/GitHub/Pf_pipeline_dados/Projeto_final_fase3/venv/lib/python3.9/site-packages/airflow/example_dags/example_display_name.py
[2025-11-27T11:57:09.981-0300] {logging_mixin.py:188} INFO - [2025-11-27T11:57:09.981-0300] {dag.py:3089} INFO - Sync 1 DAGs
[2025-11-27T11:57:09.986-0300] {logging_mixin.py:188} INFO - [2025-11-27T11:57:09.986-0300] {dag.py:3947} INFO - Setting next_dagrun for example_display_name to None, run_after=None
[2025-11-27T11:57:09.995-0300] {processor.py:183} INFO - Processing /Users/davispecia/Documents/GitHub/Pf_pipeline_dados/Projeto_final_fase3/venv/lib/python3.9/site-packages/airflow/example_dags/example_display_name.py took 0.102 seconds
[2025-11-27T11:59:27.991-0300] {processor.py:161} INFO - Started process (PID=97688) to work on /Users/davispecia/Documents/GitHub/Pf_pipeline_dados/Projeto_final_fase3/venv/lib/python3.9/site-packages/airflow/example_dags/example_display_name.py
[2025-11-27T11:59:27.992-0300] {processor.py:830} INFO - Processing file /Users/davispecia/Documents/GitHub/Pf_pipeline_dados/Projeto_final_fase3/venv/lib/python3.9/site-packages/airflow/example_dags/example_display_name.py for tasks to queue
[2025-11-27T11:59:27.993-0300] {logging_mixin.py:188} INFO - [2025-11-27T11:59:27.993-0300] {dagbag.py:545} INFO - Filling up the DagBag from /Users/davispecia/Documents/GitHub/Pf_pipeline_dados/Projeto_final_fase3/venv/lib/python3.9/site-packages/airflow/example_dags/example_display_name.py
[2025-11-27T11:59:28.009-0300] {processor.py:840} INFO - DAG(s) 'example_display_name' retrieved from /Users/davispecia/Documents/GitHub/Pf_pipeline_dados/Projeto_final_fase3/venv/lib/python3.9/site-packages/airflow/example_dags/example_display_name.py
[2025-11-27T11:59:28.077-0300] {logging_mixin.py:188} INFO - [2025-11-27T11:59:28.076-0300] {dag.py:3089} INFO - Sync 1 DAGs
[2025-11-27T11:59:28.082-0300] {logging_mixin.py:188} INFO - [2025-11-27T11:59:28.082-0300] {dag.py:3947} INFO - Setting next_dagrun for example_display_name to None, run_after=None
[2025-11-27T11:59:28.090-0300] {processor.py:183} INFO - Processing /Users/davispecia/Documents/GitHub/Pf_pipeline_dados/Projeto_final_fase3/venv/lib/python3.9/site-packages/airflow/example_dags/example_display_name.py took 0.101 seconds
[2025-11-27T12:01:37.358-0300] {processor.py:161} INFO - Started process (PID=98008) to work on /Users/davispecia/Documents/GitHub/Pf_pipeline_dados/Projeto_final_fase3/venv/lib/python3.9/site-packages/airflow/example_dags/example_display_name.py
[2025-11-27T12:01:37.358-0300] {processor.py:830} INFO - Processing file /Users/davispecia/Documents/GitHub/Pf_pipeline_dados/Projeto_final_fase3/venv/lib/python3.9/site-packages/airflow/example_dags/example_display_name.py for tasks to queue
[2025-11-27T12:01:37.358-0300] {logging_mixin.py:188} INFO - [2025-11-27T12:01:37.358-0300] {dagbag.py:545} INFO - Filling up the DagBag from /Users/davispecia/Documents/GitHub/Pf_pipeline_dados/Projeto_final_fase3/venv/lib/python3.9/site-packages/airflow/example_dags/example_display_name.py
[2025-11-27T12:01:37.375-0300] {processor.py:840} INFO - DAG(s) 'example_display_name' retrieved from /Users/davispecia/Documents/GitHub/Pf_pipeline_dados/Projeto_final_fase3/venv/lib/python3.9/site-packages/airflow/example_dags/example_display_name.py
[2025-11-27T12:01:37.443-0300] {logging_mixin.py:188} INFO - [2025-11-27T12:01:37.442-0300] {dag.py:3089} INFO - Sync 1 DAGs
[2025-11-27T12:01:37.448-0300] {logging_mixin.py:188} INFO - [2025-11-27T12:01:37.448-0300] {dag.py:3947} INFO - Setting next_dagrun for example_display_name to None, run_after=None
[2025-11-27T12:01:37.456-0300] {processor.py:183} INFO - Processing /Users/davispecia/Documents/GitHub/Pf_pipeline_dados/Projeto_final_fase3/venv/lib/python3.9/site-packages/airflow/example_dags/example_display_name.py took 0.101 seconds
[2025-11-27T12:03:39.842-0300] {processor.py:161} INFO - Started process (PID=98301) to work on /Users/davispecia/Documents/GitHub/Pf_pipeline_dados/Projeto_final_fase3/venv/lib/python3.9/site-packages/airflow/example_dags/example_display_name.py
[2025-11-27T12:03:39.843-0300] {processor.py:830} INFO - Processing file /Users/davispecia/Documents/GitHub/Pf_pipeline_dados/Projeto_final_fase3/venv/lib/python3.9/site-packages/airflow/example_dags/example_display_name.py for tasks to queue
[2025-11-27T12:03:39.844-0300] {logging_mixin.py:188} INFO - [2025-11-27T12:03:39.844-0300] {dagbag.py:545} INFO - Filling up the DagBag from /Users/davispecia/Documents/GitHub/Pf_pipeline_dados/Projeto_final_fase3/venv/lib/python3.9/site-packages/airflow/example_dags/example_display_name.py
[2025-11-27T12:03:39.860-0300] {processor.py:840} INFO - DAG(s) 'example_display_name' retrieved from /Users/davispecia/Documents/GitHub/Pf_pipeline_dados/Projeto_final_fase3/venv/lib/python3.9/site-packages/airflow/example_dags/example_display_name.py
[2025-11-27T12:03:39.928-0300] {logging_mixin.py:188} INFO - [2025-11-27T12:03:39.928-0300] {dag.py:3089} INFO - Sync 1 DAGs
[2025-11-27T12:03:39.933-0300] {logging_mixin.py:188} INFO - [2025-11-27T12:03:39.933-0300] {dag.py:3947} INFO - Setting next_dagrun for example_display_name to None, run_after=None
[2025-11-27T12:03:39.944-0300] {processor.py:183} INFO - Processing /Users/davispecia/Documents/GitHub/Pf_pipeline_dados/Projeto_final_fase3/venv/lib/python3.9/site-packages/airflow/example_dags/example_display_name.py took 0.103 seconds
[2025-11-27T12:05:59.109-0300] {processor.py:161} INFO - Started process (PID=98742) to work on /Users/davispecia/Documents/GitHub/Pf_pipeline_dados/Projeto_final_fase3/venv/lib/python3.9/site-packages/airflow/example_dags/example_display_name.py
[2025-11-27T12:05:59.110-0300] {processor.py:830} INFO - Processing file /Users/davispecia/Documents/GitHub/Pf_pipeline_dados/Projeto_final_fase3/venv/lib/python3.9/site-packages/airflow/example_dags/example_display_name.py for tasks to queue
[2025-11-27T12:05:59.110-0300] {logging_mixin.py:188} INFO - [2025-11-27T12:05:59.110-0300] {dagbag.py:545} INFO - Filling up the DagBag from /Users/davispecia/Documents/GitHub/Pf_pipeline_dados/Projeto_final_fase3/venv/lib/python3.9/site-packages/airflow/example_dags/example_display_name.py
[2025-11-27T12:05:59.127-0300] {processor.py:840} INFO - DAG(s) 'example_display_name' retrieved from /Users/davispecia/Documents/GitHub/Pf_pipeline_dados/Projeto_final_fase3/venv/lib/python3.9/site-packages/airflow/example_dags/example_display_name.py
[2025-11-27T12:05:59.194-0300] {logging_mixin.py:188} INFO - [2025-11-27T12:05:59.194-0300] {dag.py:3089} INFO - Sync 1 DAGs
[2025-11-27T12:05:59.199-0300] {logging_mixin.py:188} INFO - [2025-11-27T12:05:59.199-0300] {dag.py:3947} INFO - Setting next_dagrun for example_display_name to None, run_after=None
[2025-11-27T12:05:59.208-0300] {processor.py:183} INFO - Processing /Users/davispecia/Documents/GitHub/Pf_pipeline_dados/Projeto_final_fase3/venv/lib/python3.9/site-packages/airflow/example_dags/example_display_name.py took 0.100 seconds
[2025-11-27T12:08:08.529-0300] {processor.py:161} INFO - Started process (PID=99054) to work on /Users/davispecia/Documents/GitHub/Pf_pipeline_dados/Projeto_final_fase3/venv/lib/python3.9/site-packages/airflow/example_dags/example_display_name.py
[2025-11-27T12:08:08.530-0300] {processor.py:830} INFO - Processing file /Users/davispecia/Documents/GitHub/Pf_pipeline_dados/Projeto_final_fase3/venv/lib/python3.9/site-packages/airflow/example_dags/example_display_name.py for tasks to queue
[2025-11-27T12:08:08.531-0300] {logging_mixin.py:188} INFO - [2025-11-27T12:08:08.531-0300] {dagbag.py:545} INFO - Filling up the DagBag from /Users/davispecia/Documents/GitHub/Pf_pipeline_dados/Projeto_final_fase3/venv/lib/python3.9/site-packages/airflow/example_dags/example_display_name.py
[2025-11-27T12:08:08.547-0300] {processor.py:840} INFO - DAG(s) 'example_display_name' retrieved from /Users/davispecia/Documents/GitHub/Pf_pipeline_dados/Projeto_final_fase3/venv/lib/python3.9/site-packages/airflow/example_dags/example_display_name.py
[2025-11-27T12:08:08.615-0300] {logging_mixin.py:188} INFO - [2025-11-27T12:08:08.615-0300] {dag.py:3089} INFO - Sync 1 DAGs
[2025-11-27T12:08:08.620-0300] {logging_mixin.py:188} INFO - [2025-11-27T12:08:08.620-0300] {dag.py:3947} INFO - Setting next_dagrun for example_display_name to None, run_after=None
[2025-11-27T12:08:08.629-0300] {processor.py:183} INFO - Processing /Users/davispecia/Documents/GitHub/Pf_pipeline_dados/Projeto_final_fase3/venv/lib/python3.9/site-packages/airflow/example_dags/example_display_name.py took 0.102 seconds
[2025-11-27T12:10:14.668-0300] {processor.py:161} INFO - Started process (PID=99368) to work on /Users/davispecia/Documents/GitHub/Pf_pipeline_dados/Projeto_final_fase3/venv/lib/python3.9/site-packages/airflow/example_dags/example_display_name.py
[2025-11-27T12:10:14.669-0300] {processor.py:830} INFO - Processing file /Users/davispecia/Documents/GitHub/Pf_pipeline_dados/Projeto_final_fase3/venv/lib/python3.9/site-packages/airflow/example_dags/example_display_name.py for tasks to queue
[2025-11-27T12:10:14.670-0300] {logging_mixin.py:188} INFO - [2025-11-27T12:10:14.670-0300] {dagbag.py:545} INFO - Filling up the DagBag from /Users/davispecia/Documents/GitHub/Pf_pipeline_dados/Projeto_final_fase3/venv/lib/python3.9/site-packages/airflow/example_dags/example_display_name.py
[2025-11-27T12:10:14.687-0300] {processor.py:840} INFO - DAG(s) 'example_display_name' retrieved from /Users/davispecia/Documents/GitHub/Pf_pipeline_dados/Projeto_final_fase3/venv/lib/python3.9/site-packages/airflow/example_dags/example_display_name.py
[2025-11-27T12:10:14.755-0300] {logging_mixin.py:188} INFO - [2025-11-27T12:10:14.755-0300] {dag.py:3089} INFO - Sync 1 DAGs
[2025-11-27T12:10:14.760-0300] {logging_mixin.py:188} INFO - [2025-11-27T12:10:14.760-0300] {dag.py:3947} INFO - Setting next_dagrun for example_display_name to None, run_after=None
[2025-11-27T12:10:14.769-0300] {processor.py:183} INFO - Processing /Users/davispecia/Documents/GitHub/Pf_pipeline_dados/Projeto_final_fase3/venv/lib/python3.9/site-packages/airflow/example_dags/example_display_name.py took 0.103 seconds
[2025-11-27T12:12:29.675-0300] {processor.py:161} INFO - Started process (PID=99733) to work on /Users/davispecia/Documents/GitHub/Pf_pipeline_dados/Projeto_final_fase3/venv/lib/python3.9/site-packages/airflow/example_dags/example_display_name.py
[2025-11-27T12:12:29.676-0300] {processor.py:830} INFO - Processing file /Users/davispecia/Documents/GitHub/Pf_pipeline_dados/Projeto_final_fase3/venv/lib/python3.9/site-packages/airflow/example_dags/example_display_name.py for tasks to queue
[2025-11-27T12:12:29.676-0300] {logging_mixin.py:188} INFO - [2025-11-27T12:12:29.676-0300] {dagbag.py:545} INFO - Filling up the DagBag from /Users/davispecia/Documents/GitHub/Pf_pipeline_dados/Projeto_final_fase3/venv/lib/python3.9/site-packages/airflow/example_dags/example_display_name.py
[2025-11-27T12:12:29.694-0300] {processor.py:840} INFO - DAG(s) 'example_display_name' retrieved from /Users/davispecia/Documents/GitHub/Pf_pipeline_dados/Projeto_final_fase3/venv/lib/python3.9/site-packages/airflow/example_dags/example_display_name.py
[2025-11-27T12:12:29.761-0300] {logging_mixin.py:188} INFO - [2025-11-27T12:12:29.761-0300] {dag.py:3089} INFO - Sync 1 DAGs
[2025-11-27T12:12:29.766-0300] {logging_mixin.py:188} INFO - [2025-11-27T12:12:29.766-0300] {dag.py:3947} INFO - Setting next_dagrun for example_display_name to None, run_after=None
[2025-11-27T12:12:29.775-0300] {processor.py:183} INFO - Processing /Users/davispecia/Documents/GitHub/Pf_pipeline_dados/Projeto_final_fase3/venv/lib/python3.9/site-packages/airflow/example_dags/example_display_name.py took 0.102 seconds
[2025-11-27T12:14:34.126-0300] {processor.py:161} INFO - Started process (PID=165) to work on /Users/davispecia/Documents/GitHub/Pf_pipeline_dados/Projeto_final_fase3/venv/lib/python3.9/site-packages/airflow/example_dags/example_display_name.py
[2025-11-27T12:14:34.127-0300] {processor.py:830} INFO - Processing file /Users/davispecia/Documents/GitHub/Pf_pipeline_dados/Projeto_final_fase3/venv/lib/python3.9/site-packages/airflow/example_dags/example_display_name.py for tasks to queue
[2025-11-27T12:14:34.128-0300] {logging_mixin.py:188} INFO - [2025-11-27T12:14:34.128-0300] {dagbag.py:545} INFO - Filling up the DagBag from /Users/davispecia/Documents/GitHub/Pf_pipeline_dados/Projeto_final_fase3/venv/lib/python3.9/site-packages/airflow/example_dags/example_display_name.py
[2025-11-27T12:14:34.145-0300] {processor.py:840} INFO - DAG(s) 'example_display_name' retrieved from /Users/davispecia/Documents/GitHub/Pf_pipeline_dados/Projeto_final_fase3/venv/lib/python3.9/site-packages/airflow/example_dags/example_display_name.py
[2025-11-27T12:14:34.211-0300] {logging_mixin.py:188} INFO - [2025-11-27T12:14:34.211-0300] {dag.py:3089} INFO - Sync 1 DAGs
[2025-11-27T12:14:34.217-0300] {logging_mixin.py:188} INFO - [2025-11-27T12:14:34.217-0300] {dag.py:3947} INFO - Setting next_dagrun for example_display_name to None, run_after=None
[2025-11-27T12:14:34.226-0300] {processor.py:183} INFO - Processing /Users/davispecia/Documents/GitHub/Pf_pipeline_dados/Projeto_final_fase3/venv/lib/python3.9/site-packages/airflow/example_dags/example_display_name.py took 0.101 seconds
[2025-11-27T12:16:44.741-0300] {processor.py:161} INFO - Started process (PID=634) to work on /Users/davispecia/Documents/GitHub/Pf_pipeline_dados/Projeto_final_fase3/venv/lib/python3.9/site-packages/airflow/example_dags/example_display_name.py
[2025-11-27T12:16:44.742-0300] {processor.py:830} INFO - Processing file /Users/davispecia/Documents/GitHub/Pf_pipeline_dados/Projeto_final_fase3/venv/lib/python3.9/site-packages/airflow/example_dags/example_display_name.py for tasks to queue
[2025-11-27T12:16:44.742-0300] {logging_mixin.py:188} INFO - [2025-11-27T12:16:44.742-0300] {dagbag.py:545} INFO - Filling up the DagBag from /Users/davispecia/Documents/GitHub/Pf_pipeline_dados/Projeto_final_fase3/venv/lib/python3.9/site-packages/airflow/example_dags/example_display_name.py
[2025-11-27T12:16:44.759-0300] {processor.py:840} INFO - DAG(s) 'example_display_name' retrieved from /Users/davispecia/Documents/GitHub/Pf_pipeline_dados/Projeto_final_fase3/venv/lib/python3.9/site-packages/airflow/example_dags/example_display_name.py
[2025-11-27T12:16:44.826-0300] {logging_mixin.py:188} INFO - [2025-11-27T12:16:44.826-0300] {dag.py:3089} INFO - Sync 1 DAGs
[2025-11-27T12:16:44.832-0300] {logging_mixin.py:188} INFO - [2025-11-27T12:16:44.832-0300] {dag.py:3947} INFO - Setting next_dagrun for example_display_name to None, run_after=None
[2025-11-27T12:16:44.841-0300] {processor.py:183} INFO - Processing /Users/davispecia/Documents/GitHub/Pf_pipeline_dados/Projeto_final_fase3/venv/lib/python3.9/site-packages/airflow/example_dags/example_display_name.py took 0.102 seconds
[2025-11-27T12:18:47.379-0300] {processor.py:161} INFO - Started process (PID=984) to work on /Users/davispecia/Documents/GitHub/Pf_pipeline_dados/Projeto_final_fase3/venv/lib/python3.9/site-packages/airflow/example_dags/example_display_name.py
[2025-11-27T12:18:47.380-0300] {processor.py:830} INFO - Processing file /Users/davispecia/Documents/GitHub/Pf_pipeline_dados/Projeto_final_fase3/venv/lib/python3.9/site-packages/airflow/example_dags/example_display_name.py for tasks to queue
[2025-11-27T12:18:47.380-0300] {logging_mixin.py:188} INFO - [2025-11-27T12:18:47.380-0300] {dagbag.py:545} INFO - Filling up the DagBag from /Users/davispecia/Documents/GitHub/Pf_pipeline_dados/Projeto_final_fase3/venv/lib/python3.9/site-packages/airflow/example_dags/example_display_name.py
[2025-11-27T12:18:47.397-0300] {processor.py:840} INFO - DAG(s) 'example_display_name' retrieved from /Users/davispecia/Documents/GitHub/Pf_pipeline_dados/Projeto_final_fase3/venv/lib/python3.9/site-packages/airflow/example_dags/example_display_name.py
[2025-11-27T12:18:47.465-0300] {logging_mixin.py:188} INFO - [2025-11-27T12:18:47.465-0300] {dag.py:3089} INFO - Sync 1 DAGs
[2025-11-27T12:18:47.470-0300] {logging_mixin.py:188} INFO - [2025-11-27T12:18:47.470-0300] {dag.py:3947} INFO - Setting next_dagrun for example_display_name to None, run_after=None
[2025-11-27T12:18:47.479-0300] {processor.py:183} INFO - Processing /Users/davispecia/Documents/GitHub/Pf_pipeline_dados/Projeto_final_fase3/venv/lib/python3.9/site-packages/airflow/example_dags/example_display_name.py took 0.102 seconds
[2025-11-27T12:20:50.768-0300] {processor.py:161} INFO - Started process (PID=1289) to work on /Users/davispecia/Documents/GitHub/Pf_pipeline_dados/Projeto_final_fase3/venv/lib/python3.9/site-packages/airflow/example_dags/example_display_name.py
[2025-11-27T12:20:50.769-0300] {processor.py:830} INFO - Processing file /Users/davispecia/Documents/GitHub/Pf_pipeline_dados/Projeto_final_fase3/venv/lib/python3.9/site-packages/airflow/example_dags/example_display_name.py for tasks to queue
[2025-11-27T12:20:50.769-0300] {logging_mixin.py:188} INFO - [2025-11-27T12:20:50.769-0300] {dagbag.py:545} INFO - Filling up the DagBag from /Users/davispecia/Documents/GitHub/Pf_pipeline_dados/Projeto_final_fase3/venv/lib/python3.9/site-packages/airflow/example_dags/example_display_name.py
[2025-11-27T12:20:50.786-0300] {processor.py:840} INFO - DAG(s) 'example_display_name' retrieved from /Users/davispecia/Documents/GitHub/Pf_pipeline_dados/Projeto_final_fase3/venv/lib/python3.9/site-packages/airflow/example_dags/example_display_name.py
[2025-11-27T12:20:50.856-0300] {logging_mixin.py:188} INFO - [2025-11-27T12:20:50.856-0300] {dag.py:3089} INFO - Sync 1 DAGs
[2025-11-27T12:20:50.861-0300] {logging_mixin.py:188} INFO - [2025-11-27T12:20:50.861-0300] {dag.py:3947} INFO - Setting next_dagrun for example_display_name to None, run_after=None
[2025-11-27T12:20:50.870-0300] {processor.py:183} INFO - Processing /Users/davispecia/Documents/GitHub/Pf_pipeline_dados/Projeto_final_fase3/venv/lib/python3.9/site-packages/airflow/example_dags/example_display_name.py took 0.104 seconds
[2025-11-27T12:23:01.902-0300] {processor.py:161} INFO - Started process (PID=1687) to work on /Users/davispecia/Documents/GitHub/Pf_pipeline_dados/Projeto_final_fase3/venv/lib/python3.9/site-packages/airflow/example_dags/example_display_name.py
[2025-11-27T12:23:01.903-0300] {processor.py:830} INFO - Processing file /Users/davispecia/Documents/GitHub/Pf_pipeline_dados/Projeto_final_fase3/venv/lib/python3.9/site-packages/airflow/example_dags/example_display_name.py for tasks to queue
[2025-11-27T12:23:01.903-0300] {logging_mixin.py:188} INFO - [2025-11-27T12:23:01.903-0300] {dagbag.py:545} INFO - Filling up the DagBag from /Users/davispecia/Documents/GitHub/Pf_pipeline_dados/Projeto_final_fase3/venv/lib/python3.9/site-packages/airflow/example_dags/example_display_name.py
[2025-11-27T12:23:01.920-0300] {processor.py:840} INFO - DAG(s) 'example_display_name' retrieved from /Users/davispecia/Documents/GitHub/Pf_pipeline_dados/Projeto_final_fase3/venv/lib/python3.9/site-packages/airflow/example_dags/example_display_name.py
[2025-11-27T12:23:01.988-0300] {logging_mixin.py:188} INFO - [2025-11-27T12:23:01.988-0300] {dag.py:3089} INFO - Sync 1 DAGs
[2025-11-27T12:23:01.994-0300] {logging_mixin.py:188} INFO - [2025-11-27T12:23:01.994-0300] {dag.py:3947} INFO - Setting next_dagrun for example_display_name to None, run_after=None
[2025-11-27T12:23:02.002-0300] {processor.py:183} INFO - Processing /Users/davispecia/Documents/GitHub/Pf_pipeline_dados/Projeto_final_fase3/venv/lib/python3.9/site-packages/airflow/example_dags/example_display_name.py took 0.102 seconds
[2025-11-27T12:25:04.017-0300] {processor.py:161} INFO - Started process (PID=2005) to work on /Users/davispecia/Documents/GitHub/Pf_pipeline_dados/Projeto_final_fase3/venv/lib/python3.9/site-packages/airflow/example_dags/example_display_name.py
[2025-11-27T12:25:04.018-0300] {processor.py:830} INFO - Processing file /Users/davispecia/Documents/GitHub/Pf_pipeline_dados/Projeto_final_fase3/venv/lib/python3.9/site-packages/airflow/example_dags/example_display_name.py for tasks to queue
[2025-11-27T12:25:04.018-0300] {logging_mixin.py:188} INFO - [2025-11-27T12:25:04.018-0300] {dagbag.py:545} INFO - Filling up the DagBag from /Users/davispecia/Documents/GitHub/Pf_pipeline_dados/Projeto_final_fase3/venv/lib/python3.9/site-packages/airflow/example_dags/example_display_name.py
[2025-11-27T12:25:04.036-0300] {processor.py:840} INFO - DAG(s) 'example_display_name' retrieved from /Users/davispecia/Documents/GitHub/Pf_pipeline_dados/Projeto_final_fase3/venv/lib/python3.9/site-packages/airflow/example_dags/example_display_name.py
[2025-11-27T12:25:04.104-0300] {logging_mixin.py:188} INFO - [2025-11-27T12:25:04.104-0300] {dag.py:3089} INFO - Sync 1 DAGs
[2025-11-27T12:25:04.109-0300] {logging_mixin.py:188} INFO - [2025-11-27T12:25:04.109-0300] {dag.py:3947} INFO - Setting next_dagrun for example_display_name to None, run_after=None
[2025-11-27T12:25:04.117-0300] {processor.py:183} INFO - Processing /Users/davispecia/Documents/GitHub/Pf_pipeline_dados/Projeto_final_fase3/venv/lib/python3.9/site-packages/airflow/example_dags/example_display_name.py took 0.102 seconds
[2025-11-27T12:27:17.456-0300] {processor.py:161} INFO - Started process (PID=2382) to work on /Users/davispecia/Documents/GitHub/Pf_pipeline_dados/Projeto_final_fase3/venv/lib/python3.9/site-packages/airflow/example_dags/example_display_name.py
[2025-11-27T12:27:17.457-0300] {processor.py:830} INFO - Processing file /Users/davispecia/Documents/GitHub/Pf_pipeline_dados/Projeto_final_fase3/venv/lib/python3.9/site-packages/airflow/example_dags/example_display_name.py for tasks to queue
[2025-11-27T12:27:17.458-0300] {logging_mixin.py:188} INFO - [2025-11-27T12:27:17.458-0300] {dagbag.py:545} INFO - Filling up the DagBag from /Users/davispecia/Documents/GitHub/Pf_pipeline_dados/Projeto_final_fase3/venv/lib/python3.9/site-packages/airflow/example_dags/example_display_name.py
[2025-11-27T12:27:17.474-0300] {processor.py:840} INFO - DAG(s) 'example_display_name' retrieved from /Users/davispecia/Documents/GitHub/Pf_pipeline_dados/Projeto_final_fase3/venv/lib/python3.9/site-packages/airflow/example_dags/example_display_name.py
[2025-11-27T12:27:17.542-0300] {logging_mixin.py:188} INFO - [2025-11-27T12:27:17.541-0300] {dag.py:3089} INFO - Sync 1 DAGs
[2025-11-27T12:27:17.547-0300] {logging_mixin.py:188} INFO - [2025-11-27T12:27:17.547-0300] {dag.py:3947} INFO - Setting next_dagrun for example_display_name to None, run_after=None
[2025-11-27T12:27:17.555-0300] {processor.py:183} INFO - Processing /Users/davispecia/Documents/GitHub/Pf_pipeline_dados/Projeto_final_fase3/venv/lib/python3.9/site-packages/airflow/example_dags/example_display_name.py took 0.101 seconds
[2025-11-27T14:06:45.569-0300] {processor.py:161} INFO - Started process (PID=2971) to work on /Users/davispecia/Documents/GitHub/Pf_pipeline_dados/Projeto_final_fase3/venv/lib/python3.9/site-packages/airflow/example_dags/example_display_name.py
[2025-11-27T14:06:45.571-0300] {processor.py:830} INFO - Processing file /Users/davispecia/Documents/GitHub/Pf_pipeline_dados/Projeto_final_fase3/venv/lib/python3.9/site-packages/airflow/example_dags/example_display_name.py for tasks to queue
[2025-11-27T14:06:45.572-0300] {logging_mixin.py:188} INFO - [2025-11-27T14:06:45.572-0300] {dagbag.py:545} INFO - Filling up the DagBag from /Users/davispecia/Documents/GitHub/Pf_pipeline_dados/Projeto_final_fase3/venv/lib/python3.9/site-packages/airflow/example_dags/example_display_name.py
[2025-11-27T14:06:45.589-0300] {processor.py:840} INFO - DAG(s) 'example_display_name' retrieved from /Users/davispecia/Documents/GitHub/Pf_pipeline_dados/Projeto_final_fase3/venv/lib/python3.9/site-packages/airflow/example_dags/example_display_name.py
[2025-11-27T14:06:45.656-0300] {logging_mixin.py:188} INFO - [2025-11-27T14:06:45.656-0300] {dag.py:3089} INFO - Sync 1 DAGs
[2025-11-27T14:06:45.662-0300] {logging_mixin.py:188} INFO - [2025-11-27T14:06:45.662-0300] {dag.py:3947} INFO - Setting next_dagrun for example_display_name to None, run_after=None
[2025-11-27T14:06:45.670-0300] {processor.py:183} INFO - Processing /Users/davispecia/Documents/GitHub/Pf_pipeline_dados/Projeto_final_fase3/venv/lib/python3.9/site-packages/airflow/example_dags/example_display_name.py took 0.104 seconds
[2025-11-27T14:08:56.300-0300] {processor.py:161} INFO - Started process (PID=3373) to work on /Users/davispecia/Documents/GitHub/Pf_pipeline_dados/Projeto_final_fase3/venv/lib/python3.9/site-packages/airflow/example_dags/example_display_name.py
[2025-11-27T14:08:56.301-0300] {processor.py:830} INFO - Processing file /Users/davispecia/Documents/GitHub/Pf_pipeline_dados/Projeto_final_fase3/venv/lib/python3.9/site-packages/airflow/example_dags/example_display_name.py for tasks to queue
[2025-11-27T14:08:56.302-0300] {logging_mixin.py:188} INFO - [2025-11-27T14:08:56.302-0300] {dagbag.py:545} INFO - Filling up the DagBag from /Users/davispecia/Documents/GitHub/Pf_pipeline_dados/Projeto_final_fase3/venv/lib/python3.9/site-packages/airflow/example_dags/example_display_name.py
[2025-11-27T14:08:56.320-0300] {processor.py:840} INFO - DAG(s) 'example_display_name' retrieved from /Users/davispecia/Documents/GitHub/Pf_pipeline_dados/Projeto_final_fase3/venv/lib/python3.9/site-packages/airflow/example_dags/example_display_name.py
[2025-11-27T14:08:56.390-0300] {logging_mixin.py:188} INFO - [2025-11-27T14:08:56.390-0300] {dag.py:3089} INFO - Sync 1 DAGs
[2025-11-27T14:08:56.396-0300] {logging_mixin.py:188} INFO - [2025-11-27T14:08:56.395-0300] {dag.py:3947} INFO - Setting next_dagrun for example_display_name to None, run_after=None
[2025-11-27T14:08:56.404-0300] {processor.py:183} INFO - Processing /Users/davispecia/Documents/GitHub/Pf_pipeline_dados/Projeto_final_fase3/venv/lib/python3.9/site-packages/airflow/example_dags/example_display_name.py took 0.107 seconds
[2025-11-27T14:11:11.227-0300] {processor.py:161} INFO - Started process (PID=3756) to work on /Users/davispecia/Documents/GitHub/Pf_pipeline_dados/Projeto_final_fase3/venv/lib/python3.9/site-packages/airflow/example_dags/example_display_name.py
[2025-11-27T14:11:11.228-0300] {processor.py:830} INFO - Processing file /Users/davispecia/Documents/GitHub/Pf_pipeline_dados/Projeto_final_fase3/venv/lib/python3.9/site-packages/airflow/example_dags/example_display_name.py for tasks to queue
[2025-11-27T14:11:11.229-0300] {logging_mixin.py:188} INFO - [2025-11-27T14:11:11.228-0300] {dagbag.py:545} INFO - Filling up the DagBag from /Users/davispecia/Documents/GitHub/Pf_pipeline_dados/Projeto_final_fase3/venv/lib/python3.9/site-packages/airflow/example_dags/example_display_name.py
[2025-11-27T14:11:11.246-0300] {processor.py:840} INFO - DAG(s) 'example_display_name' retrieved from /Users/davispecia/Documents/GitHub/Pf_pipeline_dados/Projeto_final_fase3/venv/lib/python3.9/site-packages/airflow/example_dags/example_display_name.py
[2025-11-27T14:11:11.315-0300] {logging_mixin.py:188} INFO - [2025-11-27T14:11:11.315-0300] {dag.py:3089} INFO - Sync 1 DAGs
[2025-11-27T14:11:11.321-0300] {logging_mixin.py:188} INFO - [2025-11-27T14:11:11.321-0300] {dag.py:3947} INFO - Setting next_dagrun for example_display_name to None, run_after=None
[2025-11-27T14:11:11.329-0300] {processor.py:183} INFO - Processing /Users/davispecia/Documents/GitHub/Pf_pipeline_dados/Projeto_final_fase3/venv/lib/python3.9/site-packages/airflow/example_dags/example_display_name.py took 0.105 seconds
[2025-11-27T14:13:13.610-0300] {processor.py:161} INFO - Started process (PID=4070) to work on /Users/davispecia/Documents/GitHub/Pf_pipeline_dados/Projeto_final_fase3/venv/lib/python3.9/site-packages/airflow/example_dags/example_display_name.py
[2025-11-27T14:13:13.611-0300] {processor.py:830} INFO - Processing file /Users/davispecia/Documents/GitHub/Pf_pipeline_dados/Projeto_final_fase3/venv/lib/python3.9/site-packages/airflow/example_dags/example_display_name.py for tasks to queue
[2025-11-27T14:13:13.611-0300] {logging_mixin.py:188} INFO - [2025-11-27T14:13:13.611-0300] {dagbag.py:545} INFO - Filling up the DagBag from /Users/davispecia/Documents/GitHub/Pf_pipeline_dados/Projeto_final_fase3/venv/lib/python3.9/site-packages/airflow/example_dags/example_display_name.py
[2025-11-27T14:13:13.630-0300] {processor.py:840} INFO - DAG(s) 'example_display_name' retrieved from /Users/davispecia/Documents/GitHub/Pf_pipeline_dados/Projeto_final_fase3/venv/lib/python3.9/site-packages/airflow/example_dags/example_display_name.py
[2025-11-27T14:13:13.707-0300] {logging_mixin.py:188} INFO - [2025-11-27T14:13:13.707-0300] {dag.py:3089} INFO - Sync 1 DAGs
[2025-11-27T14:13:13.712-0300] {logging_mixin.py:188} INFO - [2025-11-27T14:13:13.712-0300] {dag.py:3947} INFO - Setting next_dagrun for example_display_name to None, run_after=None
[2025-11-27T14:13:13.723-0300] {processor.py:183} INFO - Processing /Users/davispecia/Documents/GitHub/Pf_pipeline_dados/Projeto_final_fase3/venv/lib/python3.9/site-packages/airflow/example_dags/example_display_name.py took 0.115 seconds
[2025-11-27T14:15:38.874-0300] {processor.py:161} INFO - Started process (PID=4485) to work on /Users/davispecia/Documents/GitHub/Pf_pipeline_dados/Projeto_final_fase3/venv/lib/python3.9/site-packages/airflow/example_dags/example_display_name.py
[2025-11-27T14:15:38.875-0300] {processor.py:830} INFO - Processing file /Users/davispecia/Documents/GitHub/Pf_pipeline_dados/Projeto_final_fase3/venv/lib/python3.9/site-packages/airflow/example_dags/example_display_name.py for tasks to queue
[2025-11-27T14:15:38.875-0300] {logging_mixin.py:188} INFO - [2025-11-27T14:15:38.875-0300] {dagbag.py:545} INFO - Filling up the DagBag from /Users/davispecia/Documents/GitHub/Pf_pipeline_dados/Projeto_final_fase3/venv/lib/python3.9/site-packages/airflow/example_dags/example_display_name.py
[2025-11-27T14:15:38.893-0300] {processor.py:840} INFO - DAG(s) 'example_display_name' retrieved from /Users/davispecia/Documents/GitHub/Pf_pipeline_dados/Projeto_final_fase3/venv/lib/python3.9/site-packages/airflow/example_dags/example_display_name.py
[2025-11-27T14:15:38.966-0300] {logging_mixin.py:188} INFO - [2025-11-27T14:15:38.965-0300] {dag.py:3089} INFO - Sync 1 DAGs
[2025-11-27T14:15:38.971-0300] {logging_mixin.py:188} INFO - [2025-11-27T14:15:38.971-0300] {dag.py:3947} INFO - Setting next_dagrun for example_display_name to None, run_after=None
[2025-11-27T14:15:38.982-0300] {processor.py:183} INFO - Processing /Users/davispecia/Documents/GitHub/Pf_pipeline_dados/Projeto_final_fase3/venv/lib/python3.9/site-packages/airflow/example_dags/example_display_name.py took 0.111 seconds
[2025-11-27T14:17:51.700-0300] {processor.py:161} INFO - Started process (PID=4810) to work on /Users/davispecia/Documents/GitHub/Pf_pipeline_dados/Projeto_final_fase3/venv/lib/python3.9/site-packages/airflow/example_dags/example_display_name.py
[2025-11-27T14:17:51.700-0300] {processor.py:830} INFO - Processing file /Users/davispecia/Documents/GitHub/Pf_pipeline_dados/Projeto_final_fase3/venv/lib/python3.9/site-packages/airflow/example_dags/example_display_name.py for tasks to queue
[2025-11-27T14:17:51.701-0300] {logging_mixin.py:188} INFO - [2025-11-27T14:17:51.700-0300] {dagbag.py:545} INFO - Filling up the DagBag from /Users/davispecia/Documents/GitHub/Pf_pipeline_dados/Projeto_final_fase3/venv/lib/python3.9/site-packages/airflow/example_dags/example_display_name.py
[2025-11-27T14:17:51.721-0300] {processor.py:840} INFO - DAG(s) 'example_display_name' retrieved from /Users/davispecia/Documents/GitHub/Pf_pipeline_dados/Projeto_final_fase3/venv/lib/python3.9/site-packages/airflow/example_dags/example_display_name.py
[2025-11-27T14:17:51.795-0300] {logging_mixin.py:188} INFO - [2025-11-27T14:17:51.795-0300] {dag.py:3089} INFO - Sync 1 DAGs
[2025-11-27T14:17:51.800-0300] {logging_mixin.py:188} INFO - [2025-11-27T14:17:51.800-0300] {dag.py:3947} INFO - Setting next_dagrun for example_display_name to None, run_after=None
[2025-11-27T14:17:51.811-0300] {processor.py:183} INFO - Processing /Users/davispecia/Documents/GitHub/Pf_pipeline_dados/Projeto_final_fase3/venv/lib/python3.9/site-packages/airflow/example_dags/example_display_name.py took 0.117 seconds
[2025-11-27T14:20:08.235-0300] {processor.py:161} INFO - Started process (PID=5133) to work on /Users/davispecia/Documents/GitHub/Pf_pipeline_dados/Projeto_final_fase3/venv/lib/python3.9/site-packages/airflow/example_dags/example_display_name.py
[2025-11-27T14:20:08.236-0300] {processor.py:830} INFO - Processing file /Users/davispecia/Documents/GitHub/Pf_pipeline_dados/Projeto_final_fase3/venv/lib/python3.9/site-packages/airflow/example_dags/example_display_name.py for tasks to queue
[2025-11-27T14:20:08.236-0300] {logging_mixin.py:188} INFO - [2025-11-27T14:20:08.236-0300] {dagbag.py:545} INFO - Filling up the DagBag from /Users/davispecia/Documents/GitHub/Pf_pipeline_dados/Projeto_final_fase3/venv/lib/python3.9/site-packages/airflow/example_dags/example_display_name.py
[2025-11-27T14:20:08.255-0300] {processor.py:840} INFO - DAG(s) 'example_display_name' retrieved from /Users/davispecia/Documents/GitHub/Pf_pipeline_dados/Projeto_final_fase3/venv/lib/python3.9/site-packages/airflow/example_dags/example_display_name.py
[2025-11-27T14:20:08.329-0300] {logging_mixin.py:188} INFO - [2025-11-27T14:20:08.329-0300] {dag.py:3089} INFO - Sync 1 DAGs
[2025-11-27T14:20:08.334-0300] {logging_mixin.py:188} INFO - [2025-11-27T14:20:08.334-0300] {dag.py:3947} INFO - Setting next_dagrun for example_display_name to None, run_after=None
[2025-11-27T14:20:08.342-0300] {processor.py:183} INFO - Processing /Users/davispecia/Documents/GitHub/Pf_pipeline_dados/Projeto_final_fase3/venv/lib/python3.9/site-packages/airflow/example_dags/example_display_name.py took 0.109 seconds
[2025-11-27T14:22:27.821-0300] {processor.py:161} INFO - Started process (PID=5519) to work on /Users/davispecia/Documents/GitHub/Pf_pipeline_dados/Projeto_final_fase3/venv/lib/python3.9/site-packages/airflow/example_dags/example_display_name.py
[2025-11-27T14:22:27.823-0300] {processor.py:830} INFO - Processing file /Users/davispecia/Documents/GitHub/Pf_pipeline_dados/Projeto_final_fase3/venv/lib/python3.9/site-packages/airflow/example_dags/example_display_name.py for tasks to queue
[2025-11-27T14:22:27.823-0300] {logging_mixin.py:188} INFO - [2025-11-27T14:22:27.823-0300] {dagbag.py:545} INFO - Filling up the DagBag from /Users/davispecia/Documents/GitHub/Pf_pipeline_dados/Projeto_final_fase3/venv/lib/python3.9/site-packages/airflow/example_dags/example_display_name.py
[2025-11-27T14:22:27.841-0300] {processor.py:840} INFO - DAG(s) 'example_display_name' retrieved from /Users/davispecia/Documents/GitHub/Pf_pipeline_dados/Projeto_final_fase3/venv/lib/python3.9/site-packages/airflow/example_dags/example_display_name.py
[2025-11-27T14:22:27.910-0300] {logging_mixin.py:188} INFO - [2025-11-27T14:22:27.910-0300] {dag.py:3089} INFO - Sync 1 DAGs
[2025-11-27T14:22:27.917-0300] {logging_mixin.py:188} INFO - [2025-11-27T14:22:27.917-0300] {dag.py:3947} INFO - Setting next_dagrun for example_display_name to None, run_after=None
[2025-11-27T14:22:27.928-0300] {processor.py:183} INFO - Processing /Users/davispecia/Documents/GitHub/Pf_pipeline_dados/Projeto_final_fase3/venv/lib/python3.9/site-packages/airflow/example_dags/example_display_name.py took 0.108 seconds
[2025-11-27T14:24:45.044-0300] {processor.py:161} INFO - Started process (PID=5837) to work on /Users/davispecia/Documents/GitHub/Pf_pipeline_dados/Projeto_final_fase3/venv/lib/python3.9/site-packages/airflow/example_dags/example_display_name.py
[2025-11-27T14:24:45.045-0300] {processor.py:830} INFO - Processing file /Users/davispecia/Documents/GitHub/Pf_pipeline_dados/Projeto_final_fase3/venv/lib/python3.9/site-packages/airflow/example_dags/example_display_name.py for tasks to queue
[2025-11-27T14:24:45.046-0300] {logging_mixin.py:188} INFO - [2025-11-27T14:24:45.046-0300] {dagbag.py:545} INFO - Filling up the DagBag from /Users/davispecia/Documents/GitHub/Pf_pipeline_dados/Projeto_final_fase3/venv/lib/python3.9/site-packages/airflow/example_dags/example_display_name.py
[2025-11-27T14:24:45.068-0300] {processor.py:840} INFO - DAG(s) 'example_display_name' retrieved from /Users/davispecia/Documents/GitHub/Pf_pipeline_dados/Projeto_final_fase3/venv/lib/python3.9/site-packages/airflow/example_dags/example_display_name.py
[2025-11-27T14:24:45.150-0300] {logging_mixin.py:188} INFO - [2025-11-27T14:24:45.150-0300] {dag.py:3089} INFO - Sync 1 DAGs
[2025-11-27T14:24:45.157-0300] {logging_mixin.py:188} INFO - [2025-11-27T14:24:45.157-0300] {dag.py:3947} INFO - Setting next_dagrun for example_display_name to None, run_after=None
[2025-11-27T14:24:45.168-0300] {processor.py:183} INFO - Processing /Users/davispecia/Documents/GitHub/Pf_pipeline_dados/Projeto_final_fase3/venv/lib/python3.9/site-packages/airflow/example_dags/example_display_name.py took 0.127 seconds
[2025-11-27T14:27:18.457-0300] {processor.py:161} INFO - Started process (PID=6257) to work on /Users/davispecia/Documents/GitHub/Pf_pipeline_dados/Projeto_final_fase3/venv/lib/python3.9/site-packages/airflow/example_dags/example_display_name.py
[2025-11-27T14:27:18.458-0300] {processor.py:830} INFO - Processing file /Users/davispecia/Documents/GitHub/Pf_pipeline_dados/Projeto_final_fase3/venv/lib/python3.9/site-packages/airflow/example_dags/example_display_name.py for tasks to queue
[2025-11-27T14:27:18.458-0300] {logging_mixin.py:188} INFO - [2025-11-27T14:27:18.458-0300] {dagbag.py:545} INFO - Filling up the DagBag from /Users/davispecia/Documents/GitHub/Pf_pipeline_dados/Projeto_final_fase3/venv/lib/python3.9/site-packages/airflow/example_dags/example_display_name.py
[2025-11-27T14:27:18.477-0300] {processor.py:840} INFO - DAG(s) 'example_display_name' retrieved from /Users/davispecia/Documents/GitHub/Pf_pipeline_dados/Projeto_final_fase3/venv/lib/python3.9/site-packages/airflow/example_dags/example_display_name.py
[2025-11-27T14:27:18.562-0300] {logging_mixin.py:188} INFO - [2025-11-27T14:27:18.562-0300] {dag.py:3089} INFO - Sync 1 DAGs
[2025-11-27T14:27:18.573-0300] {logging_mixin.py:188} INFO - [2025-11-27T14:27:18.573-0300] {dag.py:3947} INFO - Setting next_dagrun for example_display_name to None, run_after=None
[2025-11-27T14:27:18.583-0300] {processor.py:183} INFO - Processing /Users/davispecia/Documents/GitHub/Pf_pipeline_dados/Projeto_final_fase3/venv/lib/python3.9/site-packages/airflow/example_dags/example_display_name.py took 0.128 seconds
[2025-11-27T14:29:36.078-0300] {processor.py:161} INFO - Started process (PID=6635) to work on /Users/davispecia/Documents/GitHub/Pf_pipeline_dados/Projeto_final_fase3/venv/lib/python3.9/site-packages/airflow/example_dags/example_display_name.py
[2025-11-27T14:29:36.079-0300] {processor.py:830} INFO - Processing file /Users/davispecia/Documents/GitHub/Pf_pipeline_dados/Projeto_final_fase3/venv/lib/python3.9/site-packages/airflow/example_dags/example_display_name.py for tasks to queue
[2025-11-27T14:29:36.080-0300] {logging_mixin.py:188} INFO - [2025-11-27T14:29:36.080-0300] {dagbag.py:545} INFO - Filling up the DagBag from /Users/davispecia/Documents/GitHub/Pf_pipeline_dados/Projeto_final_fase3/venv/lib/python3.9/site-packages/airflow/example_dags/example_display_name.py
[2025-11-27T14:29:36.098-0300] {processor.py:840} INFO - DAG(s) 'example_display_name' retrieved from /Users/davispecia/Documents/GitHub/Pf_pipeline_dados/Projeto_final_fase3/venv/lib/python3.9/site-packages/airflow/example_dags/example_display_name.py
[2025-11-27T14:29:36.167-0300] {logging_mixin.py:188} INFO - [2025-11-27T14:29:36.167-0300] {dag.py:3089} INFO - Sync 1 DAGs
[2025-11-27T14:29:36.172-0300] {logging_mixin.py:188} INFO - [2025-11-27T14:29:36.172-0300] {dag.py:3947} INFO - Setting next_dagrun for example_display_name to None, run_after=None
[2025-11-27T14:29:36.181-0300] {processor.py:183} INFO - Processing /Users/davispecia/Documents/GitHub/Pf_pipeline_dados/Projeto_final_fase3/venv/lib/python3.9/site-packages/airflow/example_dags/example_display_name.py took 0.105 seconds
[2025-11-27T14:31:47.078-0300] {processor.py:161} INFO - Started process (PID=6947) to work on /Users/davispecia/Documents/GitHub/Pf_pipeline_dados/Projeto_final_fase3/venv/lib/python3.9/site-packages/airflow/example_dags/example_display_name.py
[2025-11-27T14:31:47.079-0300] {processor.py:830} INFO - Processing file /Users/davispecia/Documents/GitHub/Pf_pipeline_dados/Projeto_final_fase3/venv/lib/python3.9/site-packages/airflow/example_dags/example_display_name.py for tasks to queue
[2025-11-27T14:31:47.079-0300] {logging_mixin.py:188} INFO - [2025-11-27T14:31:47.079-0300] {dagbag.py:545} INFO - Filling up the DagBag from /Users/davispecia/Documents/GitHub/Pf_pipeline_dados/Projeto_final_fase3/venv/lib/python3.9/site-packages/airflow/example_dags/example_display_name.py
[2025-11-27T14:31:47.097-0300] {processor.py:840} INFO - DAG(s) 'example_display_name' retrieved from /Users/davispecia/Documents/GitHub/Pf_pipeline_dados/Projeto_final_fase3/venv/lib/python3.9/site-packages/airflow/example_dags/example_display_name.py
[2025-11-27T14:31:47.168-0300] {logging_mixin.py:188} INFO - [2025-11-27T14:31:47.167-0300] {dag.py:3089} INFO - Sync 1 DAGs
[2025-11-27T14:31:47.173-0300] {logging_mixin.py:188} INFO - [2025-11-27T14:31:47.173-0300] {dag.py:3947} INFO - Setting next_dagrun for example_display_name to None, run_after=None
[2025-11-27T14:31:47.182-0300] {processor.py:183} INFO - Processing /Users/davispecia/Documents/GitHub/Pf_pipeline_dados/Projeto_final_fase3/venv/lib/python3.9/site-packages/airflow/example_dags/example_display_name.py took 0.106 seconds
[2025-11-27T14:34:07.759-0300] {processor.py:161} INFO - Started process (PID=7363) to work on /Users/davispecia/Documents/GitHub/Pf_pipeline_dados/Projeto_final_fase3/venv/lib/python3.9/site-packages/airflow/example_dags/example_display_name.py
[2025-11-27T14:34:07.760-0300] {processor.py:830} INFO - Processing file /Users/davispecia/Documents/GitHub/Pf_pipeline_dados/Projeto_final_fase3/venv/lib/python3.9/site-packages/airflow/example_dags/example_display_name.py for tasks to queue
[2025-11-27T14:34:07.760-0300] {logging_mixin.py:188} INFO - [2025-11-27T14:34:07.760-0300] {dagbag.py:545} INFO - Filling up the DagBag from /Users/davispecia/Documents/GitHub/Pf_pipeline_dados/Projeto_final_fase3/venv/lib/python3.9/site-packages/airflow/example_dags/example_display_name.py
[2025-11-27T14:34:07.778-0300] {processor.py:840} INFO - DAG(s) 'example_display_name' retrieved from /Users/davispecia/Documents/GitHub/Pf_pipeline_dados/Projeto_final_fase3/venv/lib/python3.9/site-packages/airflow/example_dags/example_display_name.py
[2025-11-27T14:34:07.853-0300] {logging_mixin.py:188} INFO - [2025-11-27T14:34:07.853-0300] {dag.py:3089} INFO - Sync 1 DAGs
[2025-11-27T14:34:07.858-0300] {logging_mixin.py:188} INFO - [2025-11-27T14:34:07.858-0300] {dag.py:3947} INFO - Setting next_dagrun for example_display_name to None, run_after=None
[2025-11-27T14:34:07.867-0300] {processor.py:183} INFO - Processing /Users/davispecia/Documents/GitHub/Pf_pipeline_dados/Projeto_final_fase3/venv/lib/python3.9/site-packages/airflow/example_dags/example_display_name.py took 0.110 seconds
[2025-11-27T14:36:27.184-0300] {processor.py:161} INFO - Started process (PID=7823) to work on /Users/davispecia/Documents/GitHub/Pf_pipeline_dados/Projeto_final_fase3/venv/lib/python3.9/site-packages/airflow/example_dags/example_display_name.py
[2025-11-27T14:36:27.184-0300] {processor.py:830} INFO - Processing file /Users/davispecia/Documents/GitHub/Pf_pipeline_dados/Projeto_final_fase3/venv/lib/python3.9/site-packages/airflow/example_dags/example_display_name.py for tasks to queue
[2025-11-27T14:36:27.185-0300] {logging_mixin.py:188} INFO - [2025-11-27T14:36:27.184-0300] {dagbag.py:545} INFO - Filling up the DagBag from /Users/davispecia/Documents/GitHub/Pf_pipeline_dados/Projeto_final_fase3/venv/lib/python3.9/site-packages/airflow/example_dags/example_display_name.py
[2025-11-27T14:36:27.202-0300] {processor.py:840} INFO - DAG(s) 'example_display_name' retrieved from /Users/davispecia/Documents/GitHub/Pf_pipeline_dados/Projeto_final_fase3/venv/lib/python3.9/site-packages/airflow/example_dags/example_display_name.py
[2025-11-27T14:36:27.278-0300] {logging_mixin.py:188} INFO - [2025-11-27T14:36:27.278-0300] {dag.py:3089} INFO - Sync 1 DAGs
[2025-11-27T14:36:27.284-0300] {logging_mixin.py:188} INFO - [2025-11-27T14:36:27.283-0300] {dag.py:3947} INFO - Setting next_dagrun for example_display_name to None, run_after=None
[2025-11-27T14:36:27.292-0300] {processor.py:183} INFO - Processing /Users/davispecia/Documents/GitHub/Pf_pipeline_dados/Projeto_final_fase3/venv/lib/python3.9/site-packages/airflow/example_dags/example_display_name.py took 0.111 seconds
[2025-11-27T14:38:42.956-0300] {processor.py:161} INFO - Started process (PID=8161) to work on /Users/davispecia/Documents/GitHub/Pf_pipeline_dados/Projeto_final_fase3/venv/lib/python3.9/site-packages/airflow/example_dags/example_display_name.py
[2025-11-27T14:38:42.957-0300] {processor.py:830} INFO - Processing file /Users/davispecia/Documents/GitHub/Pf_pipeline_dados/Projeto_final_fase3/venv/lib/python3.9/site-packages/airflow/example_dags/example_display_name.py for tasks to queue
[2025-11-27T14:38:42.957-0300] {logging_mixin.py:188} INFO - [2025-11-27T14:38:42.957-0300] {dagbag.py:545} INFO - Filling up the DagBag from /Users/davispecia/Documents/GitHub/Pf_pipeline_dados/Projeto_final_fase3/venv/lib/python3.9/site-packages/airflow/example_dags/example_display_name.py
[2025-11-27T14:38:42.974-0300] {processor.py:840} INFO - DAG(s) 'example_display_name' retrieved from /Users/davispecia/Documents/GitHub/Pf_pipeline_dados/Projeto_final_fase3/venv/lib/python3.9/site-packages/airflow/example_dags/example_display_name.py
[2025-11-27T14:38:43.043-0300] {logging_mixin.py:188} INFO - [2025-11-27T14:38:43.043-0300] {dag.py:3089} INFO - Sync 1 DAGs
[2025-11-27T14:38:43.049-0300] {logging_mixin.py:188} INFO - [2025-11-27T14:38:43.049-0300] {dag.py:3947} INFO - Setting next_dagrun for example_display_name to None, run_after=None
[2025-11-27T14:38:43.058-0300] {processor.py:183} INFO - Processing /Users/davispecia/Documents/GitHub/Pf_pipeline_dados/Projeto_final_fase3/venv/lib/python3.9/site-packages/airflow/example_dags/example_display_name.py took 0.104 seconds
[2025-11-27T14:40:58.977-0300] {processor.py:161} INFO - Started process (PID=8584) to work on /Users/davispecia/Documents/GitHub/Pf_pipeline_dados/Projeto_final_fase3/venv/lib/python3.9/site-packages/airflow/example_dags/example_display_name.py
[2025-11-27T14:40:58.978-0300] {processor.py:830} INFO - Processing file /Users/davispecia/Documents/GitHub/Pf_pipeline_dados/Projeto_final_fase3/venv/lib/python3.9/site-packages/airflow/example_dags/example_display_name.py for tasks to queue
[2025-11-27T14:40:58.978-0300] {logging_mixin.py:188} INFO - [2025-11-27T14:40:58.978-0300] {dagbag.py:545} INFO - Filling up the DagBag from /Users/davispecia/Documents/GitHub/Pf_pipeline_dados/Projeto_final_fase3/venv/lib/python3.9/site-packages/airflow/example_dags/example_display_name.py
[2025-11-27T14:40:58.995-0300] {processor.py:840} INFO - DAG(s) 'example_display_name' retrieved from /Users/davispecia/Documents/GitHub/Pf_pipeline_dados/Projeto_final_fase3/venv/lib/python3.9/site-packages/airflow/example_dags/example_display_name.py
[2025-11-27T14:40:59.064-0300] {logging_mixin.py:188} INFO - [2025-11-27T14:40:59.063-0300] {dag.py:3089} INFO - Sync 1 DAGs
[2025-11-27T14:40:59.069-0300] {logging_mixin.py:188} INFO - [2025-11-27T14:40:59.069-0300] {dag.py:3947} INFO - Setting next_dagrun for example_display_name to None, run_after=None
[2025-11-27T14:40:59.077-0300] {processor.py:183} INFO - Processing /Users/davispecia/Documents/GitHub/Pf_pipeline_dados/Projeto_final_fase3/venv/lib/python3.9/site-packages/airflow/example_dags/example_display_name.py took 0.102 seconds
[2025-11-27T14:43:03.410-0300] {processor.py:161} INFO - Started process (PID=8928) to work on /Users/davispecia/Documents/GitHub/Pf_pipeline_dados/Projeto_final_fase3/venv/lib/python3.9/site-packages/airflow/example_dags/example_display_name.py
[2025-11-27T14:43:03.411-0300] {processor.py:830} INFO - Processing file /Users/davispecia/Documents/GitHub/Pf_pipeline_dados/Projeto_final_fase3/venv/lib/python3.9/site-packages/airflow/example_dags/example_display_name.py for tasks to queue
[2025-11-27T14:43:03.411-0300] {logging_mixin.py:188} INFO - [2025-11-27T14:43:03.411-0300] {dagbag.py:545} INFO - Filling up the DagBag from /Users/davispecia/Documents/GitHub/Pf_pipeline_dados/Projeto_final_fase3/venv/lib/python3.9/site-packages/airflow/example_dags/example_display_name.py
[2025-11-27T14:43:03.429-0300] {processor.py:840} INFO - DAG(s) 'example_display_name' retrieved from /Users/davispecia/Documents/GitHub/Pf_pipeline_dados/Projeto_final_fase3/venv/lib/python3.9/site-packages/airflow/example_dags/example_display_name.py
[2025-11-27T14:43:03.500-0300] {logging_mixin.py:188} INFO - [2025-11-27T14:43:03.500-0300] {dag.py:3089} INFO - Sync 1 DAGs
[2025-11-27T14:43:03.505-0300] {logging_mixin.py:188} INFO - [2025-11-27T14:43:03.505-0300] {dag.py:3947} INFO - Setting next_dagrun for example_display_name to None, run_after=None
[2025-11-27T14:43:03.517-0300] {processor.py:183} INFO - Processing /Users/davispecia/Documents/GitHub/Pf_pipeline_dados/Projeto_final_fase3/venv/lib/python3.9/site-packages/airflow/example_dags/example_display_name.py took 0.109 seconds
[2025-11-27T14:45:21.341-0300] {processor.py:161} INFO - Started process (PID=9375) to work on /Users/davispecia/Documents/GitHub/Pf_pipeline_dados/Projeto_final_fase3/venv/lib/python3.9/site-packages/airflow/example_dags/example_display_name.py
[2025-11-27T14:45:21.342-0300] {processor.py:830} INFO - Processing file /Users/davispecia/Documents/GitHub/Pf_pipeline_dados/Projeto_final_fase3/venv/lib/python3.9/site-packages/airflow/example_dags/example_display_name.py for tasks to queue
[2025-11-27T14:45:21.342-0300] {logging_mixin.py:188} INFO - [2025-11-27T14:45:21.342-0300] {dagbag.py:545} INFO - Filling up the DagBag from /Users/davispecia/Documents/GitHub/Pf_pipeline_dados/Projeto_final_fase3/venv/lib/python3.9/site-packages/airflow/example_dags/example_display_name.py
[2025-11-27T14:45:21.361-0300] {processor.py:840} INFO - DAG(s) 'example_display_name' retrieved from /Users/davispecia/Documents/GitHub/Pf_pipeline_dados/Projeto_final_fase3/venv/lib/python3.9/site-packages/airflow/example_dags/example_display_name.py
[2025-11-27T14:45:21.430-0300] {logging_mixin.py:188} INFO - [2025-11-27T14:45:21.430-0300] {dag.py:3089} INFO - Sync 1 DAGs
[2025-11-27T14:45:21.435-0300] {logging_mixin.py:188} INFO - [2025-11-27T14:45:21.435-0300] {dag.py:3947} INFO - Setting next_dagrun for example_display_name to None, run_after=None
[2025-11-27T14:45:21.444-0300] {processor.py:183} INFO - Processing /Users/davispecia/Documents/GitHub/Pf_pipeline_dados/Projeto_final_fase3/venv/lib/python3.9/site-packages/airflow/example_dags/example_display_name.py took 0.106 seconds
[2025-11-27T14:47:30.752-0300] {processor.py:161} INFO - Started process (PID=9694) to work on /Users/davispecia/Documents/GitHub/Pf_pipeline_dados/Projeto_final_fase3/venv/lib/python3.9/site-packages/airflow/example_dags/example_display_name.py
[2025-11-27T14:47:30.753-0300] {processor.py:830} INFO - Processing file /Users/davispecia/Documents/GitHub/Pf_pipeline_dados/Projeto_final_fase3/venv/lib/python3.9/site-packages/airflow/example_dags/example_display_name.py for tasks to queue
[2025-11-27T14:47:30.753-0300] {logging_mixin.py:188} INFO - [2025-11-27T14:47:30.753-0300] {dagbag.py:545} INFO - Filling up the DagBag from /Users/davispecia/Documents/GitHub/Pf_pipeline_dados/Projeto_final_fase3/venv/lib/python3.9/site-packages/airflow/example_dags/example_display_name.py
[2025-11-27T14:47:30.771-0300] {processor.py:840} INFO - DAG(s) 'example_display_name' retrieved from /Users/davispecia/Documents/GitHub/Pf_pipeline_dados/Projeto_final_fase3/venv/lib/python3.9/site-packages/airflow/example_dags/example_display_name.py
[2025-11-27T14:47:30.843-0300] {logging_mixin.py:188} INFO - [2025-11-27T14:47:30.843-0300] {dag.py:3089} INFO - Sync 1 DAGs
[2025-11-27T14:47:30.848-0300] {logging_mixin.py:188} INFO - [2025-11-27T14:47:30.848-0300] {dag.py:3947} INFO - Setting next_dagrun for example_display_name to None, run_after=None
[2025-11-27T14:47:30.857-0300] {processor.py:183} INFO - Processing /Users/davispecia/Documents/GitHub/Pf_pipeline_dados/Projeto_final_fase3/venv/lib/python3.9/site-packages/airflow/example_dags/example_display_name.py took 0.107 seconds
[2025-11-27T14:49:37.516-0300] {processor.py:161} INFO - Started process (PID=10005) to work on /Users/davispecia/Documents/GitHub/Pf_pipeline_dados/Projeto_final_fase3/venv/lib/python3.9/site-packages/airflow/example_dags/example_display_name.py
[2025-11-27T14:49:37.516-0300] {processor.py:830} INFO - Processing file /Users/davispecia/Documents/GitHub/Pf_pipeline_dados/Projeto_final_fase3/venv/lib/python3.9/site-packages/airflow/example_dags/example_display_name.py for tasks to queue
[2025-11-27T14:49:37.517-0300] {logging_mixin.py:188} INFO - [2025-11-27T14:49:37.517-0300] {dagbag.py:545} INFO - Filling up the DagBag from /Users/davispecia/Documents/GitHub/Pf_pipeline_dados/Projeto_final_fase3/venv/lib/python3.9/site-packages/airflow/example_dags/example_display_name.py
[2025-11-27T14:49:37.535-0300] {processor.py:840} INFO - DAG(s) 'example_display_name' retrieved from /Users/davispecia/Documents/GitHub/Pf_pipeline_dados/Projeto_final_fase3/venv/lib/python3.9/site-packages/airflow/example_dags/example_display_name.py
[2025-11-27T14:49:37.607-0300] {logging_mixin.py:188} INFO - [2025-11-27T14:49:37.607-0300] {dag.py:3089} INFO - Sync 1 DAGs
[2025-11-27T14:49:37.612-0300] {logging_mixin.py:188} INFO - [2025-11-27T14:49:37.612-0300] {dag.py:3947} INFO - Setting next_dagrun for example_display_name to None, run_after=None
[2025-11-27T14:49:37.621-0300] {processor.py:183} INFO - Processing /Users/davispecia/Documents/GitHub/Pf_pipeline_dados/Projeto_final_fase3/venv/lib/python3.9/site-packages/airflow/example_dags/example_display_name.py took 0.107 seconds
[2025-11-27T14:51:57.114-0300] {processor.py:161} INFO - Started process (PID=10391) to work on /Users/davispecia/Documents/GitHub/Pf_pipeline_dados/Projeto_final_fase3/venv/lib/python3.9/site-packages/airflow/example_dags/example_display_name.py
[2025-11-27T14:51:57.115-0300] {processor.py:830} INFO - Processing file /Users/davispecia/Documents/GitHub/Pf_pipeline_dados/Projeto_final_fase3/venv/lib/python3.9/site-packages/airflow/example_dags/example_display_name.py for tasks to queue
[2025-11-27T14:51:57.115-0300] {logging_mixin.py:188} INFO - [2025-11-27T14:51:57.115-0300] {dagbag.py:545} INFO - Filling up the DagBag from /Users/davispecia/Documents/GitHub/Pf_pipeline_dados/Projeto_final_fase3/venv/lib/python3.9/site-packages/airflow/example_dags/example_display_name.py
[2025-11-27T14:51:57.132-0300] {processor.py:840} INFO - DAG(s) 'example_display_name' retrieved from /Users/davispecia/Documents/GitHub/Pf_pipeline_dados/Projeto_final_fase3/venv/lib/python3.9/site-packages/airflow/example_dags/example_display_name.py
[2025-11-27T14:51:57.199-0300] {logging_mixin.py:188} INFO - [2025-11-27T14:51:57.199-0300] {dag.py:3089} INFO - Sync 1 DAGs
[2025-11-27T14:51:57.204-0300] {logging_mixin.py:188} INFO - [2025-11-27T14:51:57.204-0300] {dag.py:3947} INFO - Setting next_dagrun for example_display_name to None, run_after=None
[2025-11-27T14:51:57.213-0300] {processor.py:183} INFO - Processing /Users/davispecia/Documents/GitHub/Pf_pipeline_dados/Projeto_final_fase3/venv/lib/python3.9/site-packages/airflow/example_dags/example_display_name.py took 0.100 seconds
[2025-11-27T14:54:01.055-0300] {processor.py:161} INFO - Started process (PID=10712) to work on /Users/davispecia/Documents/GitHub/Pf_pipeline_dados/Projeto_final_fase3/venv/lib/python3.9/site-packages/airflow/example_dags/example_display_name.py
[2025-11-27T14:54:01.056-0300] {processor.py:830} INFO - Processing file /Users/davispecia/Documents/GitHub/Pf_pipeline_dados/Projeto_final_fase3/venv/lib/python3.9/site-packages/airflow/example_dags/example_display_name.py for tasks to queue
[2025-11-27T14:54:01.056-0300] {logging_mixin.py:188} INFO - [2025-11-27T14:54:01.056-0300] {dagbag.py:545} INFO - Filling up the DagBag from /Users/davispecia/Documents/GitHub/Pf_pipeline_dados/Projeto_final_fase3/venv/lib/python3.9/site-packages/airflow/example_dags/example_display_name.py
[2025-11-27T14:54:01.073-0300] {processor.py:840} INFO - DAG(s) 'example_display_name' retrieved from /Users/davispecia/Documents/GitHub/Pf_pipeline_dados/Projeto_final_fase3/venv/lib/python3.9/site-packages/airflow/example_dags/example_display_name.py
[2025-11-27T14:54:01.143-0300] {logging_mixin.py:188} INFO - [2025-11-27T14:54:01.143-0300] {dag.py:3089} INFO - Sync 1 DAGs
[2025-11-27T14:54:01.148-0300] {logging_mixin.py:188} INFO - [2025-11-27T14:54:01.148-0300] {dag.py:3947} INFO - Setting next_dagrun for example_display_name to None, run_after=None
[2025-11-27T14:54:01.157-0300] {processor.py:183} INFO - Processing /Users/davispecia/Documents/GitHub/Pf_pipeline_dados/Projeto_final_fase3/venv/lib/python3.9/site-packages/airflow/example_dags/example_display_name.py took 0.104 seconds
[2025-11-27T14:56:13.982-0300] {processor.py:161} INFO - Started process (PID=11088) to work on /Users/davispecia/Documents/GitHub/Pf_pipeline_dados/Projeto_final_fase3/venv/lib/python3.9/site-packages/airflow/example_dags/example_display_name.py
[2025-11-27T14:56:13.984-0300] {processor.py:830} INFO - Processing file /Users/davispecia/Documents/GitHub/Pf_pipeline_dados/Projeto_final_fase3/venv/lib/python3.9/site-packages/airflow/example_dags/example_display_name.py for tasks to queue
[2025-11-27T14:56:13.984-0300] {logging_mixin.py:188} INFO - [2025-11-27T14:56:13.984-0300] {dagbag.py:545} INFO - Filling up the DagBag from /Users/davispecia/Documents/GitHub/Pf_pipeline_dados/Projeto_final_fase3/venv/lib/python3.9/site-packages/airflow/example_dags/example_display_name.py
[2025-11-27T14:56:14.001-0300] {processor.py:840} INFO - DAG(s) 'example_display_name' retrieved from /Users/davispecia/Documents/GitHub/Pf_pipeline_dados/Projeto_final_fase3/venv/lib/python3.9/site-packages/airflow/example_dags/example_display_name.py
[2025-11-27T14:56:14.069-0300] {logging_mixin.py:188} INFO - [2025-11-27T14:56:14.069-0300] {dag.py:3089} INFO - Sync 1 DAGs
[2025-11-27T14:56:14.075-0300] {logging_mixin.py:188} INFO - [2025-11-27T14:56:14.075-0300] {dag.py:3947} INFO - Setting next_dagrun for example_display_name to None, run_after=None
[2025-11-27T14:56:14.084-0300] {processor.py:183} INFO - Processing /Users/davispecia/Documents/GitHub/Pf_pipeline_dados/Projeto_final_fase3/venv/lib/python3.9/site-packages/airflow/example_dags/example_display_name.py took 0.103 seconds
[2025-11-27T14:58:22.155-0300] {processor.py:161} INFO - Started process (PID=11402) to work on /Users/davispecia/Documents/GitHub/Pf_pipeline_dados/Projeto_final_fase3/venv/lib/python3.9/site-packages/airflow/example_dags/example_display_name.py
[2025-11-27T14:58:22.156-0300] {processor.py:830} INFO - Processing file /Users/davispecia/Documents/GitHub/Pf_pipeline_dados/Projeto_final_fase3/venv/lib/python3.9/site-packages/airflow/example_dags/example_display_name.py for tasks to queue
[2025-11-27T14:58:22.157-0300] {logging_mixin.py:188} INFO - [2025-11-27T14:58:22.156-0300] {dagbag.py:545} INFO - Filling up the DagBag from /Users/davispecia/Documents/GitHub/Pf_pipeline_dados/Projeto_final_fase3/venv/lib/python3.9/site-packages/airflow/example_dags/example_display_name.py
[2025-11-27T14:58:22.174-0300] {processor.py:840} INFO - DAG(s) 'example_display_name' retrieved from /Users/davispecia/Documents/GitHub/Pf_pipeline_dados/Projeto_final_fase3/venv/lib/python3.9/site-packages/airflow/example_dags/example_display_name.py
[2025-11-27T14:58:22.242-0300] {logging_mixin.py:188} INFO - [2025-11-27T14:58:22.241-0300] {dag.py:3089} INFO - Sync 1 DAGs
[2025-11-27T14:58:22.247-0300] {logging_mixin.py:188} INFO - [2025-11-27T14:58:22.247-0300] {dag.py:3947} INFO - Setting next_dagrun for example_display_name to None, run_after=None
[2025-11-27T14:58:22.256-0300] {processor.py:183} INFO - Processing /Users/davispecia/Documents/GitHub/Pf_pipeline_dados/Projeto_final_fase3/venv/lib/python3.9/site-packages/airflow/example_dags/example_display_name.py took 0.103 seconds
[2025-11-27T15:00:27.825-0300] {processor.py:161} INFO - Started process (PID=11702) to work on /Users/davispecia/Documents/GitHub/Pf_pipeline_dados/Projeto_final_fase3/venv/lib/python3.9/site-packages/airflow/example_dags/example_display_name.py
[2025-11-27T15:00:27.826-0300] {processor.py:830} INFO - Processing file /Users/davispecia/Documents/GitHub/Pf_pipeline_dados/Projeto_final_fase3/venv/lib/python3.9/site-packages/airflow/example_dags/example_display_name.py for tasks to queue
[2025-11-27T15:00:27.826-0300] {logging_mixin.py:188} INFO - [2025-11-27T15:00:27.826-0300] {dagbag.py:545} INFO - Filling up the DagBag from /Users/davispecia/Documents/GitHub/Pf_pipeline_dados/Projeto_final_fase3/venv/lib/python3.9/site-packages/airflow/example_dags/example_display_name.py
[2025-11-27T15:00:27.843-0300] {processor.py:840} INFO - DAG(s) 'example_display_name' retrieved from /Users/davispecia/Documents/GitHub/Pf_pipeline_dados/Projeto_final_fase3/venv/lib/python3.9/site-packages/airflow/example_dags/example_display_name.py
[2025-11-27T15:00:27.911-0300] {logging_mixin.py:188} INFO - [2025-11-27T15:00:27.911-0300] {dag.py:3089} INFO - Sync 1 DAGs
[2025-11-27T15:00:27.917-0300] {logging_mixin.py:188} INFO - [2025-11-27T15:00:27.917-0300] {dag.py:3947} INFO - Setting next_dagrun for example_display_name to None, run_after=None
[2025-11-27T15:00:27.926-0300] {processor.py:183} INFO - Processing /Users/davispecia/Documents/GitHub/Pf_pipeline_dados/Projeto_final_fase3/venv/lib/python3.9/site-packages/airflow/example_dags/example_display_name.py took 0.103 seconds
[2025-11-27T15:02:45.382-0300] {processor.py:161} INFO - Started process (PID=12094) to work on /Users/davispecia/Documents/GitHub/Pf_pipeline_dados/Projeto_final_fase3/venv/lib/python3.9/site-packages/airflow/example_dags/example_display_name.py
[2025-11-27T15:02:45.383-0300] {processor.py:830} INFO - Processing file /Users/davispecia/Documents/GitHub/Pf_pipeline_dados/Projeto_final_fase3/venv/lib/python3.9/site-packages/airflow/example_dags/example_display_name.py for tasks to queue
[2025-11-27T15:02:45.384-0300] {logging_mixin.py:188} INFO - [2025-11-27T15:02:45.384-0300] {dagbag.py:545} INFO - Filling up the DagBag from /Users/davispecia/Documents/GitHub/Pf_pipeline_dados/Projeto_final_fase3/venv/lib/python3.9/site-packages/airflow/example_dags/example_display_name.py
[2025-11-27T15:02:45.401-0300] {processor.py:840} INFO - DAG(s) 'example_display_name' retrieved from /Users/davispecia/Documents/GitHub/Pf_pipeline_dados/Projeto_final_fase3/venv/lib/python3.9/site-packages/airflow/example_dags/example_display_name.py
[2025-11-27T15:02:45.472-0300] {logging_mixin.py:188} INFO - [2025-11-27T15:02:45.472-0300] {dag.py:3089} INFO - Sync 1 DAGs
[2025-11-27T15:02:45.477-0300] {logging_mixin.py:188} INFO - [2025-11-27T15:02:45.477-0300] {dag.py:3947} INFO - Setting next_dagrun for example_display_name to None, run_after=None
[2025-11-27T15:02:45.485-0300] {processor.py:183} INFO - Processing /Users/davispecia/Documents/GitHub/Pf_pipeline_dados/Projeto_final_fase3/venv/lib/python3.9/site-packages/airflow/example_dags/example_display_name.py took 0.105 seconds
[2025-11-27T15:04:51.343-0300] {processor.py:161} INFO - Started process (PID=12392) to work on /Users/davispecia/Documents/GitHub/Pf_pipeline_dados/Projeto_final_fase3/venv/lib/python3.9/site-packages/airflow/example_dags/example_display_name.py
[2025-11-27T15:04:51.344-0300] {processor.py:830} INFO - Processing file /Users/davispecia/Documents/GitHub/Pf_pipeline_dados/Projeto_final_fase3/venv/lib/python3.9/site-packages/airflow/example_dags/example_display_name.py for tasks to queue
[2025-11-27T15:04:51.344-0300] {logging_mixin.py:188} INFO - [2025-11-27T15:04:51.344-0300] {dagbag.py:545} INFO - Filling up the DagBag from /Users/davispecia/Documents/GitHub/Pf_pipeline_dados/Projeto_final_fase3/venv/lib/python3.9/site-packages/airflow/example_dags/example_display_name.py
[2025-11-27T15:04:51.361-0300] {processor.py:840} INFO - DAG(s) 'example_display_name' retrieved from /Users/davispecia/Documents/GitHub/Pf_pipeline_dados/Projeto_final_fase3/venv/lib/python3.9/site-packages/airflow/example_dags/example_display_name.py
[2025-11-27T15:04:51.428-0300] {logging_mixin.py:188} INFO - [2025-11-27T15:04:51.428-0300] {dag.py:3089} INFO - Sync 1 DAGs
[2025-11-27T15:04:51.434-0300] {logging_mixin.py:188} INFO - [2025-11-27T15:04:51.434-0300] {dag.py:3947} INFO - Setting next_dagrun for example_display_name to None, run_after=None
[2025-11-27T15:04:51.442-0300] {processor.py:183} INFO - Processing /Users/davispecia/Documents/GitHub/Pf_pipeline_dados/Projeto_final_fase3/venv/lib/python3.9/site-packages/airflow/example_dags/example_display_name.py took 0.101 seconds
[2025-11-27T15:06:58.714-0300] {processor.py:161} INFO - Started process (PID=12704) to work on /Users/davispecia/Documents/GitHub/Pf_pipeline_dados/Projeto_final_fase3/venv/lib/python3.9/site-packages/airflow/example_dags/example_display_name.py
[2025-11-27T15:06:58.715-0300] {processor.py:830} INFO - Processing file /Users/davispecia/Documents/GitHub/Pf_pipeline_dados/Projeto_final_fase3/venv/lib/python3.9/site-packages/airflow/example_dags/example_display_name.py for tasks to queue
[2025-11-27T15:06:58.715-0300] {logging_mixin.py:188} INFO - [2025-11-27T15:06:58.715-0300] {dagbag.py:545} INFO - Filling up the DagBag from /Users/davispecia/Documents/GitHub/Pf_pipeline_dados/Projeto_final_fase3/venv/lib/python3.9/site-packages/airflow/example_dags/example_display_name.py
[2025-11-27T15:06:58.732-0300] {processor.py:840} INFO - DAG(s) 'example_display_name' retrieved from /Users/davispecia/Documents/GitHub/Pf_pipeline_dados/Projeto_final_fase3/venv/lib/python3.9/site-packages/airflow/example_dags/example_display_name.py
[2025-11-27T15:06:58.805-0300] {logging_mixin.py:188} INFO - [2025-11-27T15:06:58.805-0300] {dag.py:3089} INFO - Sync 1 DAGs
[2025-11-27T15:06:58.810-0300] {logging_mixin.py:188} INFO - [2025-11-27T15:06:58.810-0300] {dag.py:3947} INFO - Setting next_dagrun for example_display_name to None, run_after=None
[2025-11-27T15:06:58.819-0300] {processor.py:183} INFO - Processing /Users/davispecia/Documents/GitHub/Pf_pipeline_dados/Projeto_final_fase3/venv/lib/python3.9/site-packages/airflow/example_dags/example_display_name.py took 0.106 seconds
[2025-11-27T15:09:13.871-0300] {processor.py:161} INFO - Started process (PID=13083) to work on /Users/davispecia/Documents/GitHub/Pf_pipeline_dados/Projeto_final_fase3/venv/lib/python3.9/site-packages/airflow/example_dags/example_display_name.py
[2025-11-27T15:09:13.872-0300] {processor.py:830} INFO - Processing file /Users/davispecia/Documents/GitHub/Pf_pipeline_dados/Projeto_final_fase3/venv/lib/python3.9/site-packages/airflow/example_dags/example_display_name.py for tasks to queue
[2025-11-27T15:09:13.872-0300] {logging_mixin.py:188} INFO - [2025-11-27T15:09:13.872-0300] {dagbag.py:545} INFO - Filling up the DagBag from /Users/davispecia/Documents/GitHub/Pf_pipeline_dados/Projeto_final_fase3/venv/lib/python3.9/site-packages/airflow/example_dags/example_display_name.py
[2025-11-27T15:09:13.890-0300] {processor.py:840} INFO - DAG(s) 'example_display_name' retrieved from /Users/davispecia/Documents/GitHub/Pf_pipeline_dados/Projeto_final_fase3/venv/lib/python3.9/site-packages/airflow/example_dags/example_display_name.py
[2025-11-27T15:09:13.961-0300] {logging_mixin.py:188} INFO - [2025-11-27T15:09:13.961-0300] {dag.py:3089} INFO - Sync 1 DAGs
[2025-11-27T15:09:13.967-0300] {logging_mixin.py:188} INFO - [2025-11-27T15:09:13.966-0300] {dag.py:3947} INFO - Setting next_dagrun for example_display_name to None, run_after=None
[2025-11-27T15:09:13.975-0300] {processor.py:183} INFO - Processing /Users/davispecia/Documents/GitHub/Pf_pipeline_dados/Projeto_final_fase3/venv/lib/python3.9/site-packages/airflow/example_dags/example_display_name.py took 0.107 seconds
[2025-11-27T15:11:20.246-0300] {processor.py:161} INFO - Started process (PID=13389) to work on /Users/davispecia/Documents/GitHub/Pf_pipeline_dados/Projeto_final_fase3/venv/lib/python3.9/site-packages/airflow/example_dags/example_display_name.py
[2025-11-27T15:11:20.247-0300] {processor.py:830} INFO - Processing file /Users/davispecia/Documents/GitHub/Pf_pipeline_dados/Projeto_final_fase3/venv/lib/python3.9/site-packages/airflow/example_dags/example_display_name.py for tasks to queue
[2025-11-27T15:11:20.247-0300] {logging_mixin.py:188} INFO - [2025-11-27T15:11:20.247-0300] {dagbag.py:545} INFO - Filling up the DagBag from /Users/davispecia/Documents/GitHub/Pf_pipeline_dados/Projeto_final_fase3/venv/lib/python3.9/site-packages/airflow/example_dags/example_display_name.py
[2025-11-27T15:11:20.265-0300] {processor.py:840} INFO - DAG(s) 'example_display_name' retrieved from /Users/davispecia/Documents/GitHub/Pf_pipeline_dados/Projeto_final_fase3/venv/lib/python3.9/site-packages/airflow/example_dags/example_display_name.py
[2025-11-27T15:11:20.333-0300] {logging_mixin.py:188} INFO - [2025-11-27T15:11:20.333-0300] {dag.py:3089} INFO - Sync 1 DAGs
[2025-11-27T15:11:20.339-0300] {logging_mixin.py:188} INFO - [2025-11-27T15:11:20.339-0300] {dag.py:3947} INFO - Setting next_dagrun for example_display_name to None, run_after=None
[2025-11-27T15:11:20.348-0300] {processor.py:183} INFO - Processing /Users/davispecia/Documents/GitHub/Pf_pipeline_dados/Projeto_final_fase3/venv/lib/python3.9/site-packages/airflow/example_dags/example_display_name.py took 0.105 seconds
[2025-11-27T15:13:31.829-0300] {processor.py:161} INFO - Started process (PID=13851) to work on /Users/davispecia/Documents/GitHub/Pf_pipeline_dados/Projeto_final_fase3/venv/lib/python3.9/site-packages/airflow/example_dags/example_display_name.py
[2025-11-27T15:13:31.830-0300] {processor.py:830} INFO - Processing file /Users/davispecia/Documents/GitHub/Pf_pipeline_dados/Projeto_final_fase3/venv/lib/python3.9/site-packages/airflow/example_dags/example_display_name.py for tasks to queue
[2025-11-27T15:13:31.830-0300] {logging_mixin.py:188} INFO - [2025-11-27T15:13:31.830-0300] {dagbag.py:545} INFO - Filling up the DagBag from /Users/davispecia/Documents/GitHub/Pf_pipeline_dados/Projeto_final_fase3/venv/lib/python3.9/site-packages/airflow/example_dags/example_display_name.py
[2025-11-27T15:13:31.847-0300] {processor.py:840} INFO - DAG(s) 'example_display_name' retrieved from /Users/davispecia/Documents/GitHub/Pf_pipeline_dados/Projeto_final_fase3/venv/lib/python3.9/site-packages/airflow/example_dags/example_display_name.py
[2025-11-27T15:13:31.914-0300] {logging_mixin.py:188} INFO - [2025-11-27T15:13:31.914-0300] {dag.py:3089} INFO - Sync 1 DAGs
[2025-11-27T15:13:31.919-0300] {logging_mixin.py:188} INFO - [2025-11-27T15:13:31.919-0300] {dag.py:3947} INFO - Setting next_dagrun for example_display_name to None, run_after=None
[2025-11-27T15:13:31.928-0300] {processor.py:183} INFO - Processing /Users/davispecia/Documents/GitHub/Pf_pipeline_dados/Projeto_final_fase3/venv/lib/python3.9/site-packages/airflow/example_dags/example_display_name.py took 0.101 seconds
[2025-11-27T15:15:28.743-0300] {processor.py:161} INFO - Started process (PID=14133) to work on /Users/davispecia/Documents/GitHub/Pf_pipeline_dados/Projeto_final_fase3/venv/lib/python3.9/site-packages/airflow/example_dags/example_display_name.py
[2025-11-27T15:15:28.744-0300] {processor.py:830} INFO - Processing file /Users/davispecia/Documents/GitHub/Pf_pipeline_dados/Projeto_final_fase3/venv/lib/python3.9/site-packages/airflow/example_dags/example_display_name.py for tasks to queue
[2025-11-27T15:15:28.744-0300] {logging_mixin.py:188} INFO - [2025-11-27T15:15:28.744-0300] {dagbag.py:545} INFO - Filling up the DagBag from /Users/davispecia/Documents/GitHub/Pf_pipeline_dados/Projeto_final_fase3/venv/lib/python3.9/site-packages/airflow/example_dags/example_display_name.py
[2025-11-27T15:15:28.761-0300] {processor.py:840} INFO - DAG(s) 'example_display_name' retrieved from /Users/davispecia/Documents/GitHub/Pf_pipeline_dados/Projeto_final_fase3/venv/lib/python3.9/site-packages/airflow/example_dags/example_display_name.py
[2025-11-27T15:15:28.830-0300] {logging_mixin.py:188} INFO - [2025-11-27T15:15:28.830-0300] {dag.py:3089} INFO - Sync 1 DAGs
[2025-11-27T15:15:28.836-0300] {logging_mixin.py:188} INFO - [2025-11-27T15:15:28.836-0300] {dag.py:3947} INFO - Setting next_dagrun for example_display_name to None, run_after=None
[2025-11-27T15:15:28.845-0300] {processor.py:183} INFO - Processing /Users/davispecia/Documents/GitHub/Pf_pipeline_dados/Projeto_final_fase3/venv/lib/python3.9/site-packages/airflow/example_dags/example_display_name.py took 0.104 seconds
[2025-11-27T15:17:30.768-0300] {processor.py:161} INFO - Started process (PID=14433) to work on /Users/davispecia/Documents/GitHub/Pf_pipeline_dados/Projeto_final_fase3/venv/lib/python3.9/site-packages/airflow/example_dags/example_display_name.py
[2025-11-27T15:17:30.769-0300] {processor.py:830} INFO - Processing file /Users/davispecia/Documents/GitHub/Pf_pipeline_dados/Projeto_final_fase3/venv/lib/python3.9/site-packages/airflow/example_dags/example_display_name.py for tasks to queue
[2025-11-27T15:17:30.769-0300] {logging_mixin.py:188} INFO - [2025-11-27T15:17:30.769-0300] {dagbag.py:545} INFO - Filling up the DagBag from /Users/davispecia/Documents/GitHub/Pf_pipeline_dados/Projeto_final_fase3/venv/lib/python3.9/site-packages/airflow/example_dags/example_display_name.py
[2025-11-27T15:17:30.785-0300] {processor.py:840} INFO - DAG(s) 'example_display_name' retrieved from /Users/davispecia/Documents/GitHub/Pf_pipeline_dados/Projeto_final_fase3/venv/lib/python3.9/site-packages/airflow/example_dags/example_display_name.py
[2025-11-27T15:17:30.855-0300] {logging_mixin.py:188} INFO - [2025-11-27T15:17:30.855-0300] {dag.py:3089} INFO - Sync 1 DAGs
[2025-11-27T15:17:30.860-0300] {logging_mixin.py:188} INFO - [2025-11-27T15:17:30.860-0300] {dag.py:3947} INFO - Setting next_dagrun for example_display_name to None, run_after=None
[2025-11-27T15:17:30.869-0300] {processor.py:183} INFO - Processing /Users/davispecia/Documents/GitHub/Pf_pipeline_dados/Projeto_final_fase3/venv/lib/python3.9/site-packages/airflow/example_dags/example_display_name.py took 0.102 seconds
[2025-11-27T15:19:39.776-0300] {processor.py:161} INFO - Started process (PID=14814) to work on /Users/davispecia/Documents/GitHub/Pf_pipeline_dados/Projeto_final_fase3/venv/lib/python3.9/site-packages/airflow/example_dags/example_display_name.py
[2025-11-27T15:19:39.776-0300] {processor.py:830} INFO - Processing file /Users/davispecia/Documents/GitHub/Pf_pipeline_dados/Projeto_final_fase3/venv/lib/python3.9/site-packages/airflow/example_dags/example_display_name.py for tasks to queue
[2025-11-27T15:19:39.777-0300] {logging_mixin.py:188} INFO - [2025-11-27T15:19:39.777-0300] {dagbag.py:545} INFO - Filling up the DagBag from /Users/davispecia/Documents/GitHub/Pf_pipeline_dados/Projeto_final_fase3/venv/lib/python3.9/site-packages/airflow/example_dags/example_display_name.py
[2025-11-27T15:19:39.795-0300] {processor.py:840} INFO - DAG(s) 'example_display_name' retrieved from /Users/davispecia/Documents/GitHub/Pf_pipeline_dados/Projeto_final_fase3/venv/lib/python3.9/site-packages/airflow/example_dags/example_display_name.py
[2025-11-27T15:19:39.862-0300] {logging_mixin.py:188} INFO - [2025-11-27T15:19:39.862-0300] {dag.py:3089} INFO - Sync 1 DAGs
[2025-11-27T15:19:39.867-0300] {logging_mixin.py:188} INFO - [2025-11-27T15:19:39.867-0300] {dag.py:3947} INFO - Setting next_dagrun for example_display_name to None, run_after=None
[2025-11-27T15:19:39.876-0300] {processor.py:183} INFO - Processing /Users/davispecia/Documents/GitHub/Pf_pipeline_dados/Projeto_final_fase3/venv/lib/python3.9/site-packages/airflow/example_dags/example_display_name.py took 0.102 seconds
[2025-11-27T15:25:26.244-0300] {processor.py:161} INFO - Started process (PID=15251) to work on /Users/davispecia/Documents/GitHub/Pf_pipeline_dados/Projeto_final_fase3/venv/lib/python3.9/site-packages/airflow/example_dags/example_display_name.py
[2025-11-27T15:25:26.245-0300] {processor.py:830} INFO - Processing file /Users/davispecia/Documents/GitHub/Pf_pipeline_dados/Projeto_final_fase3/venv/lib/python3.9/site-packages/airflow/example_dags/example_display_name.py for tasks to queue
[2025-11-27T15:25:26.246-0300] {logging_mixin.py:188} INFO - [2025-11-27T15:25:26.245-0300] {dagbag.py:545} INFO - Filling up the DagBag from /Users/davispecia/Documents/GitHub/Pf_pipeline_dados/Projeto_final_fase3/venv/lib/python3.9/site-packages/airflow/example_dags/example_display_name.py
[2025-11-27T15:25:26.263-0300] {processor.py:840} INFO - DAG(s) 'example_display_name' retrieved from /Users/davispecia/Documents/GitHub/Pf_pipeline_dados/Projeto_final_fase3/venv/lib/python3.9/site-packages/airflow/example_dags/example_display_name.py
[2025-11-27T15:25:26.331-0300] {logging_mixin.py:188} INFO - [2025-11-27T15:25:26.331-0300] {dag.py:3089} INFO - Sync 1 DAGs
[2025-11-27T15:25:26.336-0300] {logging_mixin.py:188} INFO - [2025-11-27T15:25:26.336-0300] {dag.py:3947} INFO - Setting next_dagrun for example_display_name to None, run_after=None
[2025-11-27T15:25:26.345-0300] {processor.py:183} INFO - Processing /Users/davispecia/Documents/GitHub/Pf_pipeline_dados/Projeto_final_fase3/venv/lib/python3.9/site-packages/airflow/example_dags/example_display_name.py took 0.103 seconds
