[2025-11-27T11:13:10.376-0300] {processor.py:161} INFO - Started process (PID=89018) to work on /Users/davispecia/Documents/GitHub/Pf_pipeline_dados/Projeto_final_fase3/venv/lib/python3.9/site-packages/airflow/example_dags/example_branch_day_of_week_operator.py
[2025-11-27T11:13:10.377-0300] {processor.py:830} INFO - Processing file /Users/davispecia/Documents/GitHub/Pf_pipeline_dados/Projeto_final_fase3/venv/lib/python3.9/site-packages/airflow/example_dags/example_branch_day_of_week_operator.py for tasks to queue
[2025-11-27T11:13:10.377-0300] {logging_mixin.py:188} INFO - [2025-11-27T11:13:10.377-0300] {dagbag.py:545} INFO - Filling up the DagBag from /Users/davispecia/Documents/GitHub/Pf_pipeline_dados/Projeto_final_fase3/venv/lib/python3.9/site-packages/airflow/example_dags/example_branch_day_of_week_operator.py
[2025-11-27T11:13:10.383-0300] {processor.py:840} INFO - DAG(s) 'example_weekday_branch_operator' retrieved from /Users/davispecia/Documents/GitHub/Pf_pipeline_dados/Projeto_final_fase3/venv/lib/python3.9/site-packages/airflow/example_dags/example_branch_day_of_week_operator.py
[2025-11-27T11:13:10.497-0300] {logging_mixin.py:188} INFO - [2025-11-27T11:13:10.496-0300] {override.py:1858} INFO - Created Permission View: can read on DAG:example_weekday_branch_operator
[2025-11-27T11:13:10.500-0300] {logging_mixin.py:188} INFO - [2025-11-27T11:13:10.500-0300] {override.py:1858} INFO - Created Permission View: can delete on DAG:example_weekday_branch_operator
[2025-11-27T11:13:10.503-0300] {logging_mixin.py:188} INFO - [2025-11-27T11:13:10.503-0300] {override.py:1858} INFO - Created Permission View: can edit on DAG:example_weekday_branch_operator
[2025-11-27T11:13:10.503-0300] {logging_mixin.py:188} INFO - [2025-11-27T11:13:10.503-0300] {dag.py:3089} INFO - Sync 1 DAGs
[2025-11-27T11:13:10.509-0300] {logging_mixin.py:188} INFO - [2025-11-27T11:13:10.508-0300] {dag.py:3111} INFO - Creating ORM DAG for example_weekday_branch_operator
[2025-11-27T11:13:10.513-0300] {logging_mixin.py:188} INFO - [2025-11-27T11:13:10.513-0300] {dag.py:3947} INFO - Setting next_dagrun for example_weekday_branch_operator to 2025-11-26 00:00:00+00:00, run_after=2025-11-27 00:00:00+00:00
[2025-11-27T11:13:10.521-0300] {processor.py:183} INFO - Processing /Users/davispecia/Documents/GitHub/Pf_pipeline_dados/Projeto_final_fase3/venv/lib/python3.9/site-packages/airflow/example_dags/example_branch_day_of_week_operator.py took 0.147 seconds
[2025-11-27T11:15:26.756-0300] {processor.py:161} INFO - Started process (PID=90245) to work on /Users/davispecia/Documents/GitHub/Pf_pipeline_dados/Projeto_final_fase3/venv/lib/python3.9/site-packages/airflow/example_dags/example_branch_day_of_week_operator.py
[2025-11-27T11:15:26.757-0300] {processor.py:830} INFO - Processing file /Users/davispecia/Documents/GitHub/Pf_pipeline_dados/Projeto_final_fase3/venv/lib/python3.9/site-packages/airflow/example_dags/example_branch_day_of_week_operator.py for tasks to queue
[2025-11-27T11:15:26.757-0300] {logging_mixin.py:188} INFO - [2025-11-27T11:15:26.757-0300] {dagbag.py:545} INFO - Filling up the DagBag from /Users/davispecia/Documents/GitHub/Pf_pipeline_dados/Projeto_final_fase3/venv/lib/python3.9/site-packages/airflow/example_dags/example_branch_day_of_week_operator.py
[2025-11-27T11:15:26.764-0300] {processor.py:840} INFO - DAG(s) 'example_weekday_branch_operator' retrieved from /Users/davispecia/Documents/GitHub/Pf_pipeline_dados/Projeto_final_fase3/venv/lib/python3.9/site-packages/airflow/example_dags/example_branch_day_of_week_operator.py
[2025-11-27T11:15:26.841-0300] {logging_mixin.py:188} INFO - [2025-11-27T11:15:26.841-0300] {dag.py:3089} INFO - Sync 1 DAGs
[2025-11-27T11:15:26.850-0300] {logging_mixin.py:188} INFO - [2025-11-27T11:15:26.850-0300] {dag.py:3947} INFO - Setting next_dagrun for example_weekday_branch_operator to 2025-11-26 00:00:00+00:00, run_after=2025-11-27 00:00:00+00:00
[2025-11-27T11:15:26.859-0300] {processor.py:183} INFO - Processing /Users/davispecia/Documents/GitHub/Pf_pipeline_dados/Projeto_final_fase3/venv/lib/python3.9/site-packages/airflow/example_dags/example_branch_day_of_week_operator.py took 0.105 seconds
[2025-11-27T11:18:52.204-0300] {processor.py:161} INFO - Started process (PID=91190) to work on /Users/davispecia/Documents/GitHub/Pf_pipeline_dados/Projeto_final_fase3/venv/lib/python3.9/site-packages/airflow/example_dags/example_branch_day_of_week_operator.py
[2025-11-27T11:18:52.205-0300] {processor.py:830} INFO - Processing file /Users/davispecia/Documents/GitHub/Pf_pipeline_dados/Projeto_final_fase3/venv/lib/python3.9/site-packages/airflow/example_dags/example_branch_day_of_week_operator.py for tasks to queue
[2025-11-27T11:18:52.205-0300] {logging_mixin.py:188} INFO - [2025-11-27T11:18:52.205-0300] {dagbag.py:545} INFO - Filling up the DagBag from /Users/davispecia/Documents/GitHub/Pf_pipeline_dados/Projeto_final_fase3/venv/lib/python3.9/site-packages/airflow/example_dags/example_branch_day_of_week_operator.py
[2025-11-27T11:18:52.211-0300] {processor.py:840} INFO - DAG(s) 'example_weekday_branch_operator' retrieved from /Users/davispecia/Documents/GitHub/Pf_pipeline_dados/Projeto_final_fase3/venv/lib/python3.9/site-packages/airflow/example_dags/example_branch_day_of_week_operator.py
[2025-11-27T11:18:52.285-0300] {logging_mixin.py:188} INFO - [2025-11-27T11:18:52.285-0300] {dag.py:3089} INFO - Sync 1 DAGs
[2025-11-27T11:18:52.295-0300] {logging_mixin.py:188} INFO - [2025-11-27T11:18:52.295-0300] {dag.py:3947} INFO - Setting next_dagrun for example_weekday_branch_operator to 2025-11-26 00:00:00+00:00, run_after=2025-11-27 00:00:00+00:00
[2025-11-27T11:18:52.304-0300] {processor.py:183} INFO - Processing /Users/davispecia/Documents/GitHub/Pf_pipeline_dados/Projeto_final_fase3/venv/lib/python3.9/site-packages/airflow/example_dags/example_branch_day_of_week_operator.py took 0.102 seconds
[2025-11-27T11:21:08.155-0300] {processor.py:161} INFO - Started process (PID=91590) to work on /Users/davispecia/Documents/GitHub/Pf_pipeline_dados/Projeto_final_fase3/venv/lib/python3.9/site-packages/airflow/example_dags/example_branch_day_of_week_operator.py
[2025-11-27T11:21:08.156-0300] {processor.py:830} INFO - Processing file /Users/davispecia/Documents/GitHub/Pf_pipeline_dados/Projeto_final_fase3/venv/lib/python3.9/site-packages/airflow/example_dags/example_branch_day_of_week_operator.py for tasks to queue
[2025-11-27T11:21:08.157-0300] {logging_mixin.py:188} INFO - [2025-11-27T11:21:08.156-0300] {dagbag.py:545} INFO - Filling up the DagBag from /Users/davispecia/Documents/GitHub/Pf_pipeline_dados/Projeto_final_fase3/venv/lib/python3.9/site-packages/airflow/example_dags/example_branch_day_of_week_operator.py
[2025-11-27T11:21:08.162-0300] {processor.py:840} INFO - DAG(s) 'example_weekday_branch_operator' retrieved from /Users/davispecia/Documents/GitHub/Pf_pipeline_dados/Projeto_final_fase3/venv/lib/python3.9/site-packages/airflow/example_dags/example_branch_day_of_week_operator.py
[2025-11-27T11:21:08.233-0300] {logging_mixin.py:188} INFO - [2025-11-27T11:21:08.233-0300] {dag.py:3089} INFO - Sync 1 DAGs
[2025-11-27T11:21:08.242-0300] {logging_mixin.py:188} INFO - [2025-11-27T11:21:08.242-0300] {dag.py:3947} INFO - Setting next_dagrun for example_weekday_branch_operator to 2025-11-26 00:00:00+00:00, run_after=2025-11-27 00:00:00+00:00
[2025-11-27T11:21:08.250-0300] {processor.py:183} INFO - Processing /Users/davispecia/Documents/GitHub/Pf_pipeline_dados/Projeto_final_fase3/venv/lib/python3.9/site-packages/airflow/example_dags/example_branch_day_of_week_operator.py took 0.098 seconds
[2025-11-27T11:23:11.048-0300] {processor.py:161} INFO - Started process (PID=91892) to work on /Users/davispecia/Documents/GitHub/Pf_pipeline_dados/Projeto_final_fase3/venv/lib/python3.9/site-packages/airflow/example_dags/example_branch_day_of_week_operator.py
[2025-11-27T11:23:11.049-0300] {processor.py:830} INFO - Processing file /Users/davispecia/Documents/GitHub/Pf_pipeline_dados/Projeto_final_fase3/venv/lib/python3.9/site-packages/airflow/example_dags/example_branch_day_of_week_operator.py for tasks to queue
[2025-11-27T11:23:11.049-0300] {logging_mixin.py:188} INFO - [2025-11-27T11:23:11.049-0300] {dagbag.py:545} INFO - Filling up the DagBag from /Users/davispecia/Documents/GitHub/Pf_pipeline_dados/Projeto_final_fase3/venv/lib/python3.9/site-packages/airflow/example_dags/example_branch_day_of_week_operator.py
[2025-11-27T11:23:11.054-0300] {processor.py:840} INFO - DAG(s) 'example_weekday_branch_operator' retrieved from /Users/davispecia/Documents/GitHub/Pf_pipeline_dados/Projeto_final_fase3/venv/lib/python3.9/site-packages/airflow/example_dags/example_branch_day_of_week_operator.py
[2025-11-27T11:23:11.124-0300] {logging_mixin.py:188} INFO - [2025-11-27T11:23:11.124-0300] {dag.py:3089} INFO - Sync 1 DAGs
[2025-11-27T11:23:11.133-0300] {logging_mixin.py:188} INFO - [2025-11-27T11:23:11.133-0300] {dag.py:3947} INFO - Setting next_dagrun for example_weekday_branch_operator to 2025-11-26 00:00:00+00:00, run_after=2025-11-27 00:00:00+00:00
[2025-11-27T11:23:11.143-0300] {processor.py:183} INFO - Processing /Users/davispecia/Documents/GitHub/Pf_pipeline_dados/Projeto_final_fase3/venv/lib/python3.9/site-packages/airflow/example_dags/example_branch_day_of_week_operator.py took 0.097 seconds
[2025-11-27T11:25:14.983-0300] {processor.py:161} INFO - Started process (PID=92200) to work on /Users/davispecia/Documents/GitHub/Pf_pipeline_dados/Projeto_final_fase3/venv/lib/python3.9/site-packages/airflow/example_dags/example_branch_day_of_week_operator.py
[2025-11-27T11:25:14.984-0300] {processor.py:830} INFO - Processing file /Users/davispecia/Documents/GitHub/Pf_pipeline_dados/Projeto_final_fase3/venv/lib/python3.9/site-packages/airflow/example_dags/example_branch_day_of_week_operator.py for tasks to queue
[2025-11-27T11:25:14.984-0300] {logging_mixin.py:188} INFO - [2025-11-27T11:25:14.984-0300] {dagbag.py:545} INFO - Filling up the DagBag from /Users/davispecia/Documents/GitHub/Pf_pipeline_dados/Projeto_final_fase3/venv/lib/python3.9/site-packages/airflow/example_dags/example_branch_day_of_week_operator.py
[2025-11-27T11:25:14.990-0300] {processor.py:840} INFO - DAG(s) 'example_weekday_branch_operator' retrieved from /Users/davispecia/Documents/GitHub/Pf_pipeline_dados/Projeto_final_fase3/venv/lib/python3.9/site-packages/airflow/example_dags/example_branch_day_of_week_operator.py
[2025-11-27T11:25:15.059-0300] {logging_mixin.py:188} INFO - [2025-11-27T11:25:15.059-0300] {dag.py:3089} INFO - Sync 1 DAGs
[2025-11-27T11:25:15.067-0300] {logging_mixin.py:188} INFO - [2025-11-27T11:25:15.067-0300] {dag.py:3947} INFO - Setting next_dagrun for example_weekday_branch_operator to 2025-11-26 00:00:00+00:00, run_after=2025-11-27 00:00:00+00:00
[2025-11-27T11:25:15.076-0300] {processor.py:183} INFO - Processing /Users/davispecia/Documents/GitHub/Pf_pipeline_dados/Projeto_final_fase3/venv/lib/python3.9/site-packages/airflow/example_dags/example_branch_day_of_week_operator.py took 0.095 seconds
[2025-11-27T11:27:28.947-0300] {processor.py:161} INFO - Started process (PID=92575) to work on /Users/davispecia/Documents/GitHub/Pf_pipeline_dados/Projeto_final_fase3/venv/lib/python3.9/site-packages/airflow/example_dags/example_branch_day_of_week_operator.py
[2025-11-27T11:27:28.949-0300] {processor.py:830} INFO - Processing file /Users/davispecia/Documents/GitHub/Pf_pipeline_dados/Projeto_final_fase3/venv/lib/python3.9/site-packages/airflow/example_dags/example_branch_day_of_week_operator.py for tasks to queue
[2025-11-27T11:27:28.949-0300] {logging_mixin.py:188} INFO - [2025-11-27T11:27:28.949-0300] {dagbag.py:545} INFO - Filling up the DagBag from /Users/davispecia/Documents/GitHub/Pf_pipeline_dados/Projeto_final_fase3/venv/lib/python3.9/site-packages/airflow/example_dags/example_branch_day_of_week_operator.py
[2025-11-27T11:27:28.954-0300] {processor.py:840} INFO - DAG(s) 'example_weekday_branch_operator' retrieved from /Users/davispecia/Documents/GitHub/Pf_pipeline_dados/Projeto_final_fase3/venv/lib/python3.9/site-packages/airflow/example_dags/example_branch_day_of_week_operator.py
[2025-11-27T11:27:29.024-0300] {logging_mixin.py:188} INFO - [2025-11-27T11:27:29.023-0300] {dag.py:3089} INFO - Sync 1 DAGs
[2025-11-27T11:27:29.032-0300] {logging_mixin.py:188} INFO - [2025-11-27T11:27:29.032-0300] {dag.py:3947} INFO - Setting next_dagrun for example_weekday_branch_operator to 2025-11-26 00:00:00+00:00, run_after=2025-11-27 00:00:00+00:00
[2025-11-27T11:27:29.041-0300] {processor.py:183} INFO - Processing /Users/davispecia/Documents/GitHub/Pf_pipeline_dados/Projeto_final_fase3/venv/lib/python3.9/site-packages/airflow/example_dags/example_branch_day_of_week_operator.py took 0.096 seconds
[2025-11-27T11:29:31.310-0300] {processor.py:161} INFO - Started process (PID=92886) to work on /Users/davispecia/Documents/GitHub/Pf_pipeline_dados/Projeto_final_fase3/venv/lib/python3.9/site-packages/airflow/example_dags/example_branch_day_of_week_operator.py
[2025-11-27T11:29:31.310-0300] {processor.py:830} INFO - Processing file /Users/davispecia/Documents/GitHub/Pf_pipeline_dados/Projeto_final_fase3/venv/lib/python3.9/site-packages/airflow/example_dags/example_branch_day_of_week_operator.py for tasks to queue
[2025-11-27T11:29:31.311-0300] {logging_mixin.py:188} INFO - [2025-11-27T11:29:31.311-0300] {dagbag.py:545} INFO - Filling up the DagBag from /Users/davispecia/Documents/GitHub/Pf_pipeline_dados/Projeto_final_fase3/venv/lib/python3.9/site-packages/airflow/example_dags/example_branch_day_of_week_operator.py
[2025-11-27T11:29:31.316-0300] {processor.py:840} INFO - DAG(s) 'example_weekday_branch_operator' retrieved from /Users/davispecia/Documents/GitHub/Pf_pipeline_dados/Projeto_final_fase3/venv/lib/python3.9/site-packages/airflow/example_dags/example_branch_day_of_week_operator.py
[2025-11-27T11:29:31.386-0300] {logging_mixin.py:188} INFO - [2025-11-27T11:29:31.386-0300] {dag.py:3089} INFO - Sync 1 DAGs
[2025-11-27T11:29:31.395-0300] {logging_mixin.py:188} INFO - [2025-11-27T11:29:31.395-0300] {dag.py:3947} INFO - Setting next_dagrun for example_weekday_branch_operator to 2025-11-26 00:00:00+00:00, run_after=2025-11-27 00:00:00+00:00
[2025-11-27T11:29:31.403-0300] {processor.py:183} INFO - Processing /Users/davispecia/Documents/GitHub/Pf_pipeline_dados/Projeto_final_fase3/venv/lib/python3.9/site-packages/airflow/example_dags/example_branch_day_of_week_operator.py took 0.096 seconds
[2025-11-27T11:31:41.039-0300] {processor.py:161} INFO - Started process (PID=93256) to work on /Users/davispecia/Documents/GitHub/Pf_pipeline_dados/Projeto_final_fase3/venv/lib/python3.9/site-packages/airflow/example_dags/example_branch_day_of_week_operator.py
[2025-11-27T11:31:41.040-0300] {processor.py:830} INFO - Processing file /Users/davispecia/Documents/GitHub/Pf_pipeline_dados/Projeto_final_fase3/venv/lib/python3.9/site-packages/airflow/example_dags/example_branch_day_of_week_operator.py for tasks to queue
[2025-11-27T11:31:41.040-0300] {logging_mixin.py:188} INFO - [2025-11-27T11:31:41.040-0300] {dagbag.py:545} INFO - Filling up the DagBag from /Users/davispecia/Documents/GitHub/Pf_pipeline_dados/Projeto_final_fase3/venv/lib/python3.9/site-packages/airflow/example_dags/example_branch_day_of_week_operator.py
[2025-11-27T11:31:41.046-0300] {processor.py:840} INFO - DAG(s) 'example_weekday_branch_operator' retrieved from /Users/davispecia/Documents/GitHub/Pf_pipeline_dados/Projeto_final_fase3/venv/lib/python3.9/site-packages/airflow/example_dags/example_branch_day_of_week_operator.py
[2025-11-27T11:31:41.114-0300] {logging_mixin.py:188} INFO - [2025-11-27T11:31:41.114-0300] {dag.py:3089} INFO - Sync 1 DAGs
[2025-11-27T11:31:41.123-0300] {logging_mixin.py:188} INFO - [2025-11-27T11:31:41.123-0300] {dag.py:3947} INFO - Setting next_dagrun for example_weekday_branch_operator to 2025-11-26 00:00:00+00:00, run_after=2025-11-27 00:00:00+00:00
[2025-11-27T11:31:41.132-0300] {processor.py:183} INFO - Processing /Users/davispecia/Documents/GitHub/Pf_pipeline_dados/Projeto_final_fase3/venv/lib/python3.9/site-packages/airflow/example_dags/example_branch_day_of_week_operator.py took 0.095 seconds
[2025-11-27T11:33:47.609-0300] {processor.py:161} INFO - Started process (PID=93562) to work on /Users/davispecia/Documents/GitHub/Pf_pipeline_dados/Projeto_final_fase3/venv/lib/python3.9/site-packages/airflow/example_dags/example_branch_day_of_week_operator.py
[2025-11-27T11:33:47.611-0300] {processor.py:830} INFO - Processing file /Users/davispecia/Documents/GitHub/Pf_pipeline_dados/Projeto_final_fase3/venv/lib/python3.9/site-packages/airflow/example_dags/example_branch_day_of_week_operator.py for tasks to queue
[2025-11-27T11:33:47.611-0300] {logging_mixin.py:188} INFO - [2025-11-27T11:33:47.611-0300] {dagbag.py:545} INFO - Filling up the DagBag from /Users/davispecia/Documents/GitHub/Pf_pipeline_dados/Projeto_final_fase3/venv/lib/python3.9/site-packages/airflow/example_dags/example_branch_day_of_week_operator.py
[2025-11-27T11:33:47.616-0300] {processor.py:840} INFO - DAG(s) 'example_weekday_branch_operator' retrieved from /Users/davispecia/Documents/GitHub/Pf_pipeline_dados/Projeto_final_fase3/venv/lib/python3.9/site-packages/airflow/example_dags/example_branch_day_of_week_operator.py
[2025-11-27T11:33:47.685-0300] {logging_mixin.py:188} INFO - [2025-11-27T11:33:47.685-0300] {dag.py:3089} INFO - Sync 1 DAGs
[2025-11-27T11:33:47.693-0300] {logging_mixin.py:188} INFO - [2025-11-27T11:33:47.693-0300] {dag.py:3947} INFO - Setting next_dagrun for example_weekday_branch_operator to 2025-11-26 00:00:00+00:00, run_after=2025-11-27 00:00:00+00:00
[2025-11-27T11:33:47.703-0300] {processor.py:183} INFO - Processing /Users/davispecia/Documents/GitHub/Pf_pipeline_dados/Projeto_final_fase3/venv/lib/python3.9/site-packages/airflow/example_dags/example_branch_day_of_week_operator.py took 0.096 seconds
[2025-11-27T11:35:55.579-0300] {processor.py:161} INFO - Started process (PID=93877) to work on /Users/davispecia/Documents/GitHub/Pf_pipeline_dados/Projeto_final_fase3/venv/lib/python3.9/site-packages/airflow/example_dags/example_branch_day_of_week_operator.py
[2025-11-27T11:35:55.579-0300] {processor.py:830} INFO - Processing file /Users/davispecia/Documents/GitHub/Pf_pipeline_dados/Projeto_final_fase3/venv/lib/python3.9/site-packages/airflow/example_dags/example_branch_day_of_week_operator.py for tasks to queue
[2025-11-27T11:35:55.579-0300] {logging_mixin.py:188} INFO - [2025-11-27T11:35:55.579-0300] {dagbag.py:545} INFO - Filling up the DagBag from /Users/davispecia/Documents/GitHub/Pf_pipeline_dados/Projeto_final_fase3/venv/lib/python3.9/site-packages/airflow/example_dags/example_branch_day_of_week_operator.py
[2025-11-27T11:35:55.585-0300] {processor.py:840} INFO - DAG(s) 'example_weekday_branch_operator' retrieved from /Users/davispecia/Documents/GitHub/Pf_pipeline_dados/Projeto_final_fase3/venv/lib/python3.9/site-packages/airflow/example_dags/example_branch_day_of_week_operator.py
[2025-11-27T11:35:55.653-0300] {logging_mixin.py:188} INFO - [2025-11-27T11:35:55.653-0300] {dag.py:3089} INFO - Sync 1 DAGs
[2025-11-27T11:35:55.663-0300] {logging_mixin.py:188} INFO - [2025-11-27T11:35:55.663-0300] {dag.py:3947} INFO - Setting next_dagrun for example_weekday_branch_operator to 2025-11-26 00:00:00+00:00, run_after=2025-11-27 00:00:00+00:00
[2025-11-27T11:35:55.671-0300] {processor.py:183} INFO - Processing /Users/davispecia/Documents/GitHub/Pf_pipeline_dados/Projeto_final_fase3/venv/lib/python3.9/site-packages/airflow/example_dags/example_branch_day_of_week_operator.py took 0.095 seconds
[2025-11-27T11:38:10.147-0300] {processor.py:161} INFO - Started process (PID=94242) to work on /Users/davispecia/Documents/GitHub/Pf_pipeline_dados/Projeto_final_fase3/venv/lib/python3.9/site-packages/airflow/example_dags/example_branch_day_of_week_operator.py
[2025-11-27T11:38:10.147-0300] {processor.py:830} INFO - Processing file /Users/davispecia/Documents/GitHub/Pf_pipeline_dados/Projeto_final_fase3/venv/lib/python3.9/site-packages/airflow/example_dags/example_branch_day_of_week_operator.py for tasks to queue
[2025-11-27T11:38:10.148-0300] {logging_mixin.py:188} INFO - [2025-11-27T11:38:10.148-0300] {dagbag.py:545} INFO - Filling up the DagBag from /Users/davispecia/Documents/GitHub/Pf_pipeline_dados/Projeto_final_fase3/venv/lib/python3.9/site-packages/airflow/example_dags/example_branch_day_of_week_operator.py
[2025-11-27T11:38:10.153-0300] {processor.py:840} INFO - DAG(s) 'example_weekday_branch_operator' retrieved from /Users/davispecia/Documents/GitHub/Pf_pipeline_dados/Projeto_final_fase3/venv/lib/python3.9/site-packages/airflow/example_dags/example_branch_day_of_week_operator.py
[2025-11-27T11:38:10.222-0300] {logging_mixin.py:188} INFO - [2025-11-27T11:38:10.222-0300] {dag.py:3089} INFO - Sync 1 DAGs
[2025-11-27T11:38:10.232-0300] {logging_mixin.py:188} INFO - [2025-11-27T11:38:10.231-0300] {dag.py:3947} INFO - Setting next_dagrun for example_weekday_branch_operator to 2025-11-26 00:00:00+00:00, run_after=2025-11-27 00:00:00+00:00
[2025-11-27T11:38:10.241-0300] {processor.py:183} INFO - Processing /Users/davispecia/Documents/GitHub/Pf_pipeline_dados/Projeto_final_fase3/venv/lib/python3.9/site-packages/airflow/example_dags/example_branch_day_of_week_operator.py took 0.096 seconds
[2025-11-27T11:40:15.606-0300] {processor.py:161} INFO - Started process (PID=94534) to work on /Users/davispecia/Documents/GitHub/Pf_pipeline_dados/Projeto_final_fase3/venv/lib/python3.9/site-packages/airflow/example_dags/example_branch_day_of_week_operator.py
[2025-11-27T11:40:15.607-0300] {processor.py:830} INFO - Processing file /Users/davispecia/Documents/GitHub/Pf_pipeline_dados/Projeto_final_fase3/venv/lib/python3.9/site-packages/airflow/example_dags/example_branch_day_of_week_operator.py for tasks to queue
[2025-11-27T11:40:15.607-0300] {logging_mixin.py:188} INFO - [2025-11-27T11:40:15.607-0300] {dagbag.py:545} INFO - Filling up the DagBag from /Users/davispecia/Documents/GitHub/Pf_pipeline_dados/Projeto_final_fase3/venv/lib/python3.9/site-packages/airflow/example_dags/example_branch_day_of_week_operator.py
[2025-11-27T11:40:15.613-0300] {processor.py:840} INFO - DAG(s) 'example_weekday_branch_operator' retrieved from /Users/davispecia/Documents/GitHub/Pf_pipeline_dados/Projeto_final_fase3/venv/lib/python3.9/site-packages/airflow/example_dags/example_branch_day_of_week_operator.py
[2025-11-27T11:40:15.681-0300] {logging_mixin.py:188} INFO - [2025-11-27T11:40:15.681-0300] {dag.py:3089} INFO - Sync 1 DAGs
[2025-11-27T11:40:15.689-0300] {logging_mixin.py:188} INFO - [2025-11-27T11:40:15.689-0300] {dag.py:3947} INFO - Setting next_dagrun for example_weekday_branch_operator to 2025-11-26 00:00:00+00:00, run_after=2025-11-27 00:00:00+00:00
[2025-11-27T11:40:15.698-0300] {processor.py:183} INFO - Processing /Users/davispecia/Documents/GitHub/Pf_pipeline_dados/Projeto_final_fase3/venv/lib/python3.9/site-packages/airflow/example_dags/example_branch_day_of_week_operator.py took 0.094 seconds
[2025-11-27T11:42:31.364-0300] {processor.py:161} INFO - Started process (PID=94925) to work on /Users/davispecia/Documents/GitHub/Pf_pipeline_dados/Projeto_final_fase3/venv/lib/python3.9/site-packages/airflow/example_dags/example_branch_day_of_week_operator.py
[2025-11-27T11:42:31.365-0300] {processor.py:830} INFO - Processing file /Users/davispecia/Documents/GitHub/Pf_pipeline_dados/Projeto_final_fase3/venv/lib/python3.9/site-packages/airflow/example_dags/example_branch_day_of_week_operator.py for tasks to queue
[2025-11-27T11:42:31.366-0300] {logging_mixin.py:188} INFO - [2025-11-27T11:42:31.366-0300] {dagbag.py:545} INFO - Filling up the DagBag from /Users/davispecia/Documents/GitHub/Pf_pipeline_dados/Projeto_final_fase3/venv/lib/python3.9/site-packages/airflow/example_dags/example_branch_day_of_week_operator.py
[2025-11-27T11:42:31.371-0300] {processor.py:840} INFO - DAG(s) 'example_weekday_branch_operator' retrieved from /Users/davispecia/Documents/GitHub/Pf_pipeline_dados/Projeto_final_fase3/venv/lib/python3.9/site-packages/airflow/example_dags/example_branch_day_of_week_operator.py
[2025-11-27T11:42:31.440-0300] {logging_mixin.py:188} INFO - [2025-11-27T11:42:31.439-0300] {dag.py:3089} INFO - Sync 1 DAGs
[2025-11-27T11:42:31.448-0300] {logging_mixin.py:188} INFO - [2025-11-27T11:42:31.448-0300] {dag.py:3947} INFO - Setting next_dagrun for example_weekday_branch_operator to 2025-11-26 00:00:00+00:00, run_after=2025-11-27 00:00:00+00:00
[2025-11-27T11:42:31.457-0300] {processor.py:183} INFO - Processing /Users/davispecia/Documents/GitHub/Pf_pipeline_dados/Projeto_final_fase3/venv/lib/python3.9/site-packages/airflow/example_dags/example_branch_day_of_week_operator.py took 0.095 seconds
[2025-11-27T11:44:38.081-0300] {processor.py:161} INFO - Started process (PID=95225) to work on /Users/davispecia/Documents/GitHub/Pf_pipeline_dados/Projeto_final_fase3/venv/lib/python3.9/site-packages/airflow/example_dags/example_branch_day_of_week_operator.py
[2025-11-27T11:44:38.082-0300] {processor.py:830} INFO - Processing file /Users/davispecia/Documents/GitHub/Pf_pipeline_dados/Projeto_final_fase3/venv/lib/python3.9/site-packages/airflow/example_dags/example_branch_day_of_week_operator.py for tasks to queue
[2025-11-27T11:44:38.082-0300] {logging_mixin.py:188} INFO - [2025-11-27T11:44:38.082-0300] {dagbag.py:545} INFO - Filling up the DagBag from /Users/davispecia/Documents/GitHub/Pf_pipeline_dados/Projeto_final_fase3/venv/lib/python3.9/site-packages/airflow/example_dags/example_branch_day_of_week_operator.py
[2025-11-27T11:44:38.088-0300] {processor.py:840} INFO - DAG(s) 'example_weekday_branch_operator' retrieved from /Users/davispecia/Documents/GitHub/Pf_pipeline_dados/Projeto_final_fase3/venv/lib/python3.9/site-packages/airflow/example_dags/example_branch_day_of_week_operator.py
[2025-11-27T11:44:38.158-0300] {logging_mixin.py:188} INFO - [2025-11-27T11:44:38.158-0300] {dag.py:3089} INFO - Sync 1 DAGs
[2025-11-27T11:44:38.167-0300] {logging_mixin.py:188} INFO - [2025-11-27T11:44:38.167-0300] {dag.py:3947} INFO - Setting next_dagrun for example_weekday_branch_operator to 2025-11-26 00:00:00+00:00, run_after=2025-11-27 00:00:00+00:00
[2025-11-27T11:44:38.176-0300] {processor.py:183} INFO - Processing /Users/davispecia/Documents/GitHub/Pf_pipeline_dados/Projeto_final_fase3/venv/lib/python3.9/site-packages/airflow/example_dags/example_branch_day_of_week_operator.py took 0.097 seconds
[2025-11-27T11:46:41.386-0300] {processor.py:161} INFO - Started process (PID=95519) to work on /Users/davispecia/Documents/GitHub/Pf_pipeline_dados/Projeto_final_fase3/venv/lib/python3.9/site-packages/airflow/example_dags/example_branch_day_of_week_operator.py
[2025-11-27T11:46:41.387-0300] {processor.py:830} INFO - Processing file /Users/davispecia/Documents/GitHub/Pf_pipeline_dados/Projeto_final_fase3/venv/lib/python3.9/site-packages/airflow/example_dags/example_branch_day_of_week_operator.py for tasks to queue
[2025-11-27T11:46:41.388-0300] {logging_mixin.py:188} INFO - [2025-11-27T11:46:41.388-0300] {dagbag.py:545} INFO - Filling up the DagBag from /Users/davispecia/Documents/GitHub/Pf_pipeline_dados/Projeto_final_fase3/venv/lib/python3.9/site-packages/airflow/example_dags/example_branch_day_of_week_operator.py
[2025-11-27T11:46:41.393-0300] {processor.py:840} INFO - DAG(s) 'example_weekday_branch_operator' retrieved from /Users/davispecia/Documents/GitHub/Pf_pipeline_dados/Projeto_final_fase3/venv/lib/python3.9/site-packages/airflow/example_dags/example_branch_day_of_week_operator.py
[2025-11-27T11:46:41.464-0300] {logging_mixin.py:188} INFO - [2025-11-27T11:46:41.464-0300] {dag.py:3089} INFO - Sync 1 DAGs
[2025-11-27T11:46:41.474-0300] {logging_mixin.py:188} INFO - [2025-11-27T11:46:41.473-0300] {dag.py:3947} INFO - Setting next_dagrun for example_weekday_branch_operator to 2025-11-26 00:00:00+00:00, run_after=2025-11-27 00:00:00+00:00
[2025-11-27T11:46:41.482-0300] {processor.py:183} INFO - Processing /Users/davispecia/Documents/GitHub/Pf_pipeline_dados/Projeto_final_fase3/venv/lib/python3.9/site-packages/airflow/example_dags/example_branch_day_of_week_operator.py took 0.097 seconds
[2025-11-27T11:48:57.705-0300] {processor.py:161} INFO - Started process (PID=95947) to work on /Users/davispecia/Documents/GitHub/Pf_pipeline_dados/Projeto_final_fase3/venv/lib/python3.9/site-packages/airflow/example_dags/example_branch_day_of_week_operator.py
[2025-11-27T11:48:57.705-0300] {processor.py:830} INFO - Processing file /Users/davispecia/Documents/GitHub/Pf_pipeline_dados/Projeto_final_fase3/venv/lib/python3.9/site-packages/airflow/example_dags/example_branch_day_of_week_operator.py for tasks to queue
[2025-11-27T11:48:57.706-0300] {logging_mixin.py:188} INFO - [2025-11-27T11:48:57.706-0300] {dagbag.py:545} INFO - Filling up the DagBag from /Users/davispecia/Documents/GitHub/Pf_pipeline_dados/Projeto_final_fase3/venv/lib/python3.9/site-packages/airflow/example_dags/example_branch_day_of_week_operator.py
[2025-11-27T11:48:57.711-0300] {processor.py:840} INFO - DAG(s) 'example_weekday_branch_operator' retrieved from /Users/davispecia/Documents/GitHub/Pf_pipeline_dados/Projeto_final_fase3/venv/lib/python3.9/site-packages/airflow/example_dags/example_branch_day_of_week_operator.py
[2025-11-27T11:48:57.779-0300] {logging_mixin.py:188} INFO - [2025-11-27T11:48:57.779-0300] {dag.py:3089} INFO - Sync 1 DAGs
[2025-11-27T11:48:57.788-0300] {logging_mixin.py:188} INFO - [2025-11-27T11:48:57.788-0300] {dag.py:3947} INFO - Setting next_dagrun for example_weekday_branch_operator to 2025-11-26 00:00:00+00:00, run_after=2025-11-27 00:00:00+00:00
[2025-11-27T11:48:57.796-0300] {processor.py:183} INFO - Processing /Users/davispecia/Documents/GitHub/Pf_pipeline_dados/Projeto_final_fase3/venv/lib/python3.9/site-packages/airflow/example_dags/example_branch_day_of_week_operator.py took 0.094 seconds
[2025-11-27T11:51:07.969-0300] {processor.py:161} INFO - Started process (PID=96269) to work on /Users/davispecia/Documents/GitHub/Pf_pipeline_dados/Projeto_final_fase3/venv/lib/python3.9/site-packages/airflow/example_dags/example_branch_day_of_week_operator.py
[2025-11-27T11:51:07.970-0300] {processor.py:830} INFO - Processing file /Users/davispecia/Documents/GitHub/Pf_pipeline_dados/Projeto_final_fase3/venv/lib/python3.9/site-packages/airflow/example_dags/example_branch_day_of_week_operator.py for tasks to queue
[2025-11-27T11:51:07.970-0300] {logging_mixin.py:188} INFO - [2025-11-27T11:51:07.970-0300] {dagbag.py:545} INFO - Filling up the DagBag from /Users/davispecia/Documents/GitHub/Pf_pipeline_dados/Projeto_final_fase3/venv/lib/python3.9/site-packages/airflow/example_dags/example_branch_day_of_week_operator.py
[2025-11-27T11:51:07.976-0300] {processor.py:840} INFO - DAG(s) 'example_weekday_branch_operator' retrieved from /Users/davispecia/Documents/GitHub/Pf_pipeline_dados/Projeto_final_fase3/venv/lib/python3.9/site-packages/airflow/example_dags/example_branch_day_of_week_operator.py
[2025-11-27T11:51:08.046-0300] {logging_mixin.py:188} INFO - [2025-11-27T11:51:08.046-0300] {dag.py:3089} INFO - Sync 1 DAGs
[2025-11-27T11:51:08.054-0300] {logging_mixin.py:188} INFO - [2025-11-27T11:51:08.054-0300] {dag.py:3947} INFO - Setting next_dagrun for example_weekday_branch_operator to 2025-11-26 00:00:00+00:00, run_after=2025-11-27 00:00:00+00:00
[2025-11-27T11:51:08.063-0300] {processor.py:183} INFO - Processing /Users/davispecia/Documents/GitHub/Pf_pipeline_dados/Projeto_final_fase3/venv/lib/python3.9/site-packages/airflow/example_dags/example_branch_day_of_week_operator.py took 0.097 seconds
[2025-11-27T11:53:09.936-0300] {processor.py:161} INFO - Started process (PID=96660) to work on /Users/davispecia/Documents/GitHub/Pf_pipeline_dados/Projeto_final_fase3/venv/lib/python3.9/site-packages/airflow/example_dags/example_branch_day_of_week_operator.py
[2025-11-27T11:53:09.937-0300] {processor.py:830} INFO - Processing file /Users/davispecia/Documents/GitHub/Pf_pipeline_dados/Projeto_final_fase3/venv/lib/python3.9/site-packages/airflow/example_dags/example_branch_day_of_week_operator.py for tasks to queue
[2025-11-27T11:53:09.937-0300] {logging_mixin.py:188} INFO - [2025-11-27T11:53:09.937-0300] {dagbag.py:545} INFO - Filling up the DagBag from /Users/davispecia/Documents/GitHub/Pf_pipeline_dados/Projeto_final_fase3/venv/lib/python3.9/site-packages/airflow/example_dags/example_branch_day_of_week_operator.py
[2025-11-27T11:53:09.943-0300] {processor.py:840} INFO - DAG(s) 'example_weekday_branch_operator' retrieved from /Users/davispecia/Documents/GitHub/Pf_pipeline_dados/Projeto_final_fase3/venv/lib/python3.9/site-packages/airflow/example_dags/example_branch_day_of_week_operator.py
[2025-11-27T11:53:10.018-0300] {logging_mixin.py:188} INFO - [2025-11-27T11:53:10.018-0300] {dag.py:3089} INFO - Sync 1 DAGs
[2025-11-27T11:53:10.027-0300] {logging_mixin.py:188} INFO - [2025-11-27T11:53:10.027-0300] {dag.py:3947} INFO - Setting next_dagrun for example_weekday_branch_operator to 2025-11-26 00:00:00+00:00, run_after=2025-11-27 00:00:00+00:00
[2025-11-27T11:53:10.036-0300] {processor.py:183} INFO - Processing /Users/davispecia/Documents/GitHub/Pf_pipeline_dados/Projeto_final_fase3/venv/lib/python3.9/site-packages/airflow/example_dags/example_branch_day_of_week_operator.py took 0.102 seconds
[2025-11-27T11:55:18.230-0300] {processor.py:161} INFO - Started process (PID=97026) to work on /Users/davispecia/Documents/GitHub/Pf_pipeline_dados/Projeto_final_fase3/venv/lib/python3.9/site-packages/airflow/example_dags/example_branch_day_of_week_operator.py
[2025-11-27T11:55:18.231-0300] {processor.py:830} INFO - Processing file /Users/davispecia/Documents/GitHub/Pf_pipeline_dados/Projeto_final_fase3/venv/lib/python3.9/site-packages/airflow/example_dags/example_branch_day_of_week_operator.py for tasks to queue
[2025-11-27T11:55:18.232-0300] {logging_mixin.py:188} INFO - [2025-11-27T11:55:18.232-0300] {dagbag.py:545} INFO - Filling up the DagBag from /Users/davispecia/Documents/GitHub/Pf_pipeline_dados/Projeto_final_fase3/venv/lib/python3.9/site-packages/airflow/example_dags/example_branch_day_of_week_operator.py
[2025-11-27T11:55:18.237-0300] {processor.py:840} INFO - DAG(s) 'example_weekday_branch_operator' retrieved from /Users/davispecia/Documents/GitHub/Pf_pipeline_dados/Projeto_final_fase3/venv/lib/python3.9/site-packages/airflow/example_dags/example_branch_day_of_week_operator.py
[2025-11-27T11:55:18.306-0300] {logging_mixin.py:188} INFO - [2025-11-27T11:55:18.306-0300] {dag.py:3089} INFO - Sync 1 DAGs
[2025-11-27T11:55:18.315-0300] {logging_mixin.py:188} INFO - [2025-11-27T11:55:18.315-0300] {dag.py:3947} INFO - Setting next_dagrun for example_weekday_branch_operator to 2025-11-26 00:00:00+00:00, run_after=2025-11-27 00:00:00+00:00
[2025-11-27T11:55:18.324-0300] {processor.py:183} INFO - Processing /Users/davispecia/Documents/GitHub/Pf_pipeline_dados/Projeto_final_fase3/venv/lib/python3.9/site-packages/airflow/example_dags/example_branch_day_of_week_operator.py took 0.095 seconds
[2025-11-27T11:57:23.693-0300] {processor.py:161} INFO - Started process (PID=97330) to work on /Users/davispecia/Documents/GitHub/Pf_pipeline_dados/Projeto_final_fase3/venv/lib/python3.9/site-packages/airflow/example_dags/example_branch_day_of_week_operator.py
[2025-11-27T11:57:23.695-0300] {processor.py:830} INFO - Processing file /Users/davispecia/Documents/GitHub/Pf_pipeline_dados/Projeto_final_fase3/venv/lib/python3.9/site-packages/airflow/example_dags/example_branch_day_of_week_operator.py for tasks to queue
[2025-11-27T11:57:23.695-0300] {logging_mixin.py:188} INFO - [2025-11-27T11:57:23.695-0300] {dagbag.py:545} INFO - Filling up the DagBag from /Users/davispecia/Documents/GitHub/Pf_pipeline_dados/Projeto_final_fase3/venv/lib/python3.9/site-packages/airflow/example_dags/example_branch_day_of_week_operator.py
[2025-11-27T11:57:23.700-0300] {processor.py:840} INFO - DAG(s) 'example_weekday_branch_operator' retrieved from /Users/davispecia/Documents/GitHub/Pf_pipeline_dados/Projeto_final_fase3/venv/lib/python3.9/site-packages/airflow/example_dags/example_branch_day_of_week_operator.py
[2025-11-27T11:57:23.769-0300] {logging_mixin.py:188} INFO - [2025-11-27T11:57:23.768-0300] {dag.py:3089} INFO - Sync 1 DAGs
[2025-11-27T11:57:23.777-0300] {logging_mixin.py:188} INFO - [2025-11-27T11:57:23.777-0300] {dag.py:3947} INFO - Setting next_dagrun for example_weekday_branch_operator to 2025-11-26 00:00:00+00:00, run_after=2025-11-27 00:00:00+00:00
[2025-11-27T11:57:23.786-0300] {processor.py:183} INFO - Processing /Users/davispecia/Documents/GitHub/Pf_pipeline_dados/Projeto_final_fase3/venv/lib/python3.9/site-packages/airflow/example_dags/example_branch_day_of_week_operator.py took 0.095 seconds
[2025-11-27T11:59:42.277-0300] {processor.py:161} INFO - Started process (PID=97725) to work on /Users/davispecia/Documents/GitHub/Pf_pipeline_dados/Projeto_final_fase3/venv/lib/python3.9/site-packages/airflow/example_dags/example_branch_day_of_week_operator.py
[2025-11-27T11:59:42.277-0300] {processor.py:830} INFO - Processing file /Users/davispecia/Documents/GitHub/Pf_pipeline_dados/Projeto_final_fase3/venv/lib/python3.9/site-packages/airflow/example_dags/example_branch_day_of_week_operator.py for tasks to queue
[2025-11-27T11:59:42.278-0300] {logging_mixin.py:188} INFO - [2025-11-27T11:59:42.278-0300] {dagbag.py:545} INFO - Filling up the DagBag from /Users/davispecia/Documents/GitHub/Pf_pipeline_dados/Projeto_final_fase3/venv/lib/python3.9/site-packages/airflow/example_dags/example_branch_day_of_week_operator.py
[2025-11-27T11:59:42.283-0300] {processor.py:840} INFO - DAG(s) 'example_weekday_branch_operator' retrieved from /Users/davispecia/Documents/GitHub/Pf_pipeline_dados/Projeto_final_fase3/venv/lib/python3.9/site-packages/airflow/example_dags/example_branch_day_of_week_operator.py
[2025-11-27T11:59:42.354-0300] {logging_mixin.py:188} INFO - [2025-11-27T11:59:42.353-0300] {dag.py:3089} INFO - Sync 1 DAGs
[2025-11-27T11:59:42.362-0300] {logging_mixin.py:188} INFO - [2025-11-27T11:59:42.362-0300] {dag.py:3947} INFO - Setting next_dagrun for example_weekday_branch_operator to 2025-11-26 00:00:00+00:00, run_after=2025-11-27 00:00:00+00:00
[2025-11-27T11:59:42.371-0300] {processor.py:183} INFO - Processing /Users/davispecia/Documents/GitHub/Pf_pipeline_dados/Projeto_final_fase3/venv/lib/python3.9/site-packages/airflow/example_dags/example_branch_day_of_week_operator.py took 0.096 seconds
[2025-11-27T12:01:52.122-0300] {processor.py:161} INFO - Started process (PID=98044) to work on /Users/davispecia/Documents/GitHub/Pf_pipeline_dados/Projeto_final_fase3/venv/lib/python3.9/site-packages/airflow/example_dags/example_branch_day_of_week_operator.py
[2025-11-27T12:01:52.123-0300] {processor.py:830} INFO - Processing file /Users/davispecia/Documents/GitHub/Pf_pipeline_dados/Projeto_final_fase3/venv/lib/python3.9/site-packages/airflow/example_dags/example_branch_day_of_week_operator.py for tasks to queue
[2025-11-27T12:01:52.123-0300] {logging_mixin.py:188} INFO - [2025-11-27T12:01:52.123-0300] {dagbag.py:545} INFO - Filling up the DagBag from /Users/davispecia/Documents/GitHub/Pf_pipeline_dados/Projeto_final_fase3/venv/lib/python3.9/site-packages/airflow/example_dags/example_branch_day_of_week_operator.py
[2025-11-27T12:01:52.129-0300] {processor.py:840} INFO - DAG(s) 'example_weekday_branch_operator' retrieved from /Users/davispecia/Documents/GitHub/Pf_pipeline_dados/Projeto_final_fase3/venv/lib/python3.9/site-packages/airflow/example_dags/example_branch_day_of_week_operator.py
[2025-11-27T12:01:52.209-0300] {logging_mixin.py:188} INFO - [2025-11-27T12:01:52.209-0300] {dag.py:3089} INFO - Sync 1 DAGs
[2025-11-27T12:01:52.218-0300] {logging_mixin.py:188} INFO - [2025-11-27T12:01:52.218-0300] {dag.py:3947} INFO - Setting next_dagrun for example_weekday_branch_operator to 2025-11-26 00:00:00+00:00, run_after=2025-11-27 00:00:00+00:00
[2025-11-27T12:01:52.229-0300] {processor.py:183} INFO - Processing /Users/davispecia/Documents/GitHub/Pf_pipeline_dados/Projeto_final_fase3/venv/lib/python3.9/site-packages/airflow/example_dags/example_branch_day_of_week_operator.py took 0.109 seconds
[2025-11-27T12:03:52.121-0300] {processor.py:161} INFO - Started process (PID=98330) to work on /Users/davispecia/Documents/GitHub/Pf_pipeline_dados/Projeto_final_fase3/venv/lib/python3.9/site-packages/airflow/example_dags/example_branch_day_of_week_operator.py
[2025-11-27T12:03:52.122-0300] {processor.py:830} INFO - Processing file /Users/davispecia/Documents/GitHub/Pf_pipeline_dados/Projeto_final_fase3/venv/lib/python3.9/site-packages/airflow/example_dags/example_branch_day_of_week_operator.py for tasks to queue
[2025-11-27T12:03:52.122-0300] {logging_mixin.py:188} INFO - [2025-11-27T12:03:52.122-0300] {dagbag.py:545} INFO - Filling up the DagBag from /Users/davispecia/Documents/GitHub/Pf_pipeline_dados/Projeto_final_fase3/venv/lib/python3.9/site-packages/airflow/example_dags/example_branch_day_of_week_operator.py
[2025-11-27T12:03:52.128-0300] {processor.py:840} INFO - DAG(s) 'example_weekday_branch_operator' retrieved from /Users/davispecia/Documents/GitHub/Pf_pipeline_dados/Projeto_final_fase3/venv/lib/python3.9/site-packages/airflow/example_dags/example_branch_day_of_week_operator.py
[2025-11-27T12:03:52.198-0300] {logging_mixin.py:188} INFO - [2025-11-27T12:03:52.197-0300] {dag.py:3089} INFO - Sync 1 DAGs
[2025-11-27T12:03:52.206-0300] {logging_mixin.py:188} INFO - [2025-11-27T12:03:52.206-0300] {dag.py:3947} INFO - Setting next_dagrun for example_weekday_branch_operator to 2025-11-26 00:00:00+00:00, run_after=2025-11-27 00:00:00+00:00
[2025-11-27T12:03:52.215-0300] {processor.py:183} INFO - Processing /Users/davispecia/Documents/GitHub/Pf_pipeline_dados/Projeto_final_fase3/venv/lib/python3.9/site-packages/airflow/example_dags/example_branch_day_of_week_operator.py took 0.097 seconds
[2025-11-27T12:06:13.431-0300] {processor.py:161} INFO - Started process (PID=98778) to work on /Users/davispecia/Documents/GitHub/Pf_pipeline_dados/Projeto_final_fase3/venv/lib/python3.9/site-packages/airflow/example_dags/example_branch_day_of_week_operator.py
[2025-11-27T12:06:13.434-0300] {processor.py:830} INFO - Processing file /Users/davispecia/Documents/GitHub/Pf_pipeline_dados/Projeto_final_fase3/venv/lib/python3.9/site-packages/airflow/example_dags/example_branch_day_of_week_operator.py for tasks to queue
[2025-11-27T12:06:13.434-0300] {logging_mixin.py:188} INFO - [2025-11-27T12:06:13.434-0300] {dagbag.py:545} INFO - Filling up the DagBag from /Users/davispecia/Documents/GitHub/Pf_pipeline_dados/Projeto_final_fase3/venv/lib/python3.9/site-packages/airflow/example_dags/example_branch_day_of_week_operator.py
[2025-11-27T12:06:13.440-0300] {processor.py:840} INFO - DAG(s) 'example_weekday_branch_operator' retrieved from /Users/davispecia/Documents/GitHub/Pf_pipeline_dados/Projeto_final_fase3/venv/lib/python3.9/site-packages/airflow/example_dags/example_branch_day_of_week_operator.py
[2025-11-27T12:06:13.511-0300] {logging_mixin.py:188} INFO - [2025-11-27T12:06:13.511-0300] {dag.py:3089} INFO - Sync 1 DAGs
[2025-11-27T12:06:13.520-0300] {logging_mixin.py:188} INFO - [2025-11-27T12:06:13.520-0300] {dag.py:3947} INFO - Setting next_dagrun for example_weekday_branch_operator to 2025-11-26 00:00:00+00:00, run_after=2025-11-27 00:00:00+00:00
[2025-11-27T12:06:13.529-0300] {processor.py:183} INFO - Processing /Users/davispecia/Documents/GitHub/Pf_pipeline_dados/Projeto_final_fase3/venv/lib/python3.9/site-packages/airflow/example_dags/example_branch_day_of_week_operator.py took 0.100 seconds
[2025-11-27T12:08:23.167-0300] {processor.py:161} INFO - Started process (PID=99087) to work on /Users/davispecia/Documents/GitHub/Pf_pipeline_dados/Projeto_final_fase3/venv/lib/python3.9/site-packages/airflow/example_dags/example_branch_day_of_week_operator.py
[2025-11-27T12:08:23.168-0300] {processor.py:830} INFO - Processing file /Users/davispecia/Documents/GitHub/Pf_pipeline_dados/Projeto_final_fase3/venv/lib/python3.9/site-packages/airflow/example_dags/example_branch_day_of_week_operator.py for tasks to queue
[2025-11-27T12:08:23.168-0300] {logging_mixin.py:188} INFO - [2025-11-27T12:08:23.168-0300] {dagbag.py:545} INFO - Filling up the DagBag from /Users/davispecia/Documents/GitHub/Pf_pipeline_dados/Projeto_final_fase3/venv/lib/python3.9/site-packages/airflow/example_dags/example_branch_day_of_week_operator.py
[2025-11-27T12:08:23.174-0300] {processor.py:840} INFO - DAG(s) 'example_weekday_branch_operator' retrieved from /Users/davispecia/Documents/GitHub/Pf_pipeline_dados/Projeto_final_fase3/venv/lib/python3.9/site-packages/airflow/example_dags/example_branch_day_of_week_operator.py
[2025-11-27T12:08:23.241-0300] {logging_mixin.py:188} INFO - [2025-11-27T12:08:23.241-0300] {dag.py:3089} INFO - Sync 1 DAGs
[2025-11-27T12:08:23.250-0300] {logging_mixin.py:188} INFO - [2025-11-27T12:08:23.250-0300] {dag.py:3947} INFO - Setting next_dagrun for example_weekday_branch_operator to 2025-11-26 00:00:00+00:00, run_after=2025-11-27 00:00:00+00:00
[2025-11-27T12:08:23.259-0300] {processor.py:183} INFO - Processing /Users/davispecia/Documents/GitHub/Pf_pipeline_dados/Projeto_final_fase3/venv/lib/python3.9/site-packages/airflow/example_dags/example_branch_day_of_week_operator.py took 0.094 seconds
[2025-11-27T12:10:28.365-0300] {processor.py:161} INFO - Started process (PID=99398) to work on /Users/davispecia/Documents/GitHub/Pf_pipeline_dados/Projeto_final_fase3/venv/lib/python3.9/site-packages/airflow/example_dags/example_branch_day_of_week_operator.py
[2025-11-27T12:10:28.366-0300] {processor.py:830} INFO - Processing file /Users/davispecia/Documents/GitHub/Pf_pipeline_dados/Projeto_final_fase3/venv/lib/python3.9/site-packages/airflow/example_dags/example_branch_day_of_week_operator.py for tasks to queue
[2025-11-27T12:10:28.366-0300] {logging_mixin.py:188} INFO - [2025-11-27T12:10:28.366-0300] {dagbag.py:545} INFO - Filling up the DagBag from /Users/davispecia/Documents/GitHub/Pf_pipeline_dados/Projeto_final_fase3/venv/lib/python3.9/site-packages/airflow/example_dags/example_branch_day_of_week_operator.py
[2025-11-27T12:10:28.372-0300] {processor.py:840} INFO - DAG(s) 'example_weekday_branch_operator' retrieved from /Users/davispecia/Documents/GitHub/Pf_pipeline_dados/Projeto_final_fase3/venv/lib/python3.9/site-packages/airflow/example_dags/example_branch_day_of_week_operator.py
[2025-11-27T12:10:28.442-0300] {logging_mixin.py:188} INFO - [2025-11-27T12:10:28.442-0300] {dag.py:3089} INFO - Sync 1 DAGs
[2025-11-27T12:10:28.450-0300] {logging_mixin.py:188} INFO - [2025-11-27T12:10:28.450-0300] {dag.py:3947} INFO - Setting next_dagrun for example_weekday_branch_operator to 2025-11-26 00:00:00+00:00, run_after=2025-11-27 00:00:00+00:00
[2025-11-27T12:10:28.459-0300] {processor.py:183} INFO - Processing /Users/davispecia/Documents/GitHub/Pf_pipeline_dados/Projeto_final_fase3/venv/lib/python3.9/site-packages/airflow/example_dags/example_branch_day_of_week_operator.py took 0.097 seconds
[2025-11-27T12:12:44.725-0300] {processor.py:161} INFO - Started process (PID=99770) to work on /Users/davispecia/Documents/GitHub/Pf_pipeline_dados/Projeto_final_fase3/venv/lib/python3.9/site-packages/airflow/example_dags/example_branch_day_of_week_operator.py
[2025-11-27T12:12:44.726-0300] {processor.py:830} INFO - Processing file /Users/davispecia/Documents/GitHub/Pf_pipeline_dados/Projeto_final_fase3/venv/lib/python3.9/site-packages/airflow/example_dags/example_branch_day_of_week_operator.py for tasks to queue
[2025-11-27T12:12:44.726-0300] {logging_mixin.py:188} INFO - [2025-11-27T12:12:44.726-0300] {dagbag.py:545} INFO - Filling up the DagBag from /Users/davispecia/Documents/GitHub/Pf_pipeline_dados/Projeto_final_fase3/venv/lib/python3.9/site-packages/airflow/example_dags/example_branch_day_of_week_operator.py
[2025-11-27T12:12:44.731-0300] {processor.py:840} INFO - DAG(s) 'example_weekday_branch_operator' retrieved from /Users/davispecia/Documents/GitHub/Pf_pipeline_dados/Projeto_final_fase3/venv/lib/python3.9/site-packages/airflow/example_dags/example_branch_day_of_week_operator.py
[2025-11-27T12:12:44.802-0300] {logging_mixin.py:188} INFO - [2025-11-27T12:12:44.801-0300] {dag.py:3089} INFO - Sync 1 DAGs
[2025-11-27T12:12:44.810-0300] {logging_mixin.py:188} INFO - [2025-11-27T12:12:44.810-0300] {dag.py:3947} INFO - Setting next_dagrun for example_weekday_branch_operator to 2025-11-26 00:00:00+00:00, run_after=2025-11-27 00:00:00+00:00
[2025-11-27T12:12:44.819-0300] {processor.py:183} INFO - Processing /Users/davispecia/Documents/GitHub/Pf_pipeline_dados/Projeto_final_fase3/venv/lib/python3.9/site-packages/airflow/example_dags/example_branch_day_of_week_operator.py took 0.096 seconds
[2025-11-27T12:14:48.918-0300] {processor.py:161} INFO - Started process (PID=210) to work on /Users/davispecia/Documents/GitHub/Pf_pipeline_dados/Projeto_final_fase3/venv/lib/python3.9/site-packages/airflow/example_dags/example_branch_day_of_week_operator.py
[2025-11-27T12:14:48.918-0300] {processor.py:830} INFO - Processing file /Users/davispecia/Documents/GitHub/Pf_pipeline_dados/Projeto_final_fase3/venv/lib/python3.9/site-packages/airflow/example_dags/example_branch_day_of_week_operator.py for tasks to queue
[2025-11-27T12:14:48.919-0300] {logging_mixin.py:188} INFO - [2025-11-27T12:14:48.919-0300] {dagbag.py:545} INFO - Filling up the DagBag from /Users/davispecia/Documents/GitHub/Pf_pipeline_dados/Projeto_final_fase3/venv/lib/python3.9/site-packages/airflow/example_dags/example_branch_day_of_week_operator.py
[2025-11-27T12:14:48.924-0300] {processor.py:840} INFO - DAG(s) 'example_weekday_branch_operator' retrieved from /Users/davispecia/Documents/GitHub/Pf_pipeline_dados/Projeto_final_fase3/venv/lib/python3.9/site-packages/airflow/example_dags/example_branch_day_of_week_operator.py
[2025-11-27T12:14:48.992-0300] {logging_mixin.py:188} INFO - [2025-11-27T12:14:48.992-0300] {dag.py:3089} INFO - Sync 1 DAGs
[2025-11-27T12:14:49.002-0300] {logging_mixin.py:188} INFO - [2025-11-27T12:14:49.002-0300] {dag.py:3947} INFO - Setting next_dagrun for example_weekday_branch_operator to 2025-11-26 00:00:00+00:00, run_after=2025-11-27 00:00:00+00:00
[2025-11-27T12:14:49.010-0300] {processor.py:183} INFO - Processing /Users/davispecia/Documents/GitHub/Pf_pipeline_dados/Projeto_final_fase3/venv/lib/python3.9/site-packages/airflow/example_dags/example_branch_day_of_week_operator.py took 0.095 seconds
[2025-11-27T12:16:58.747-0300] {processor.py:161} INFO - Started process (PID=674) to work on /Users/davispecia/Documents/GitHub/Pf_pipeline_dados/Projeto_final_fase3/venv/lib/python3.9/site-packages/airflow/example_dags/example_branch_day_of_week_operator.py
[2025-11-27T12:16:58.750-0300] {processor.py:830} INFO - Processing file /Users/davispecia/Documents/GitHub/Pf_pipeline_dados/Projeto_final_fase3/venv/lib/python3.9/site-packages/airflow/example_dags/example_branch_day_of_week_operator.py for tasks to queue
[2025-11-27T12:16:58.750-0300] {logging_mixin.py:188} INFO - [2025-11-27T12:16:58.750-0300] {dagbag.py:545} INFO - Filling up the DagBag from /Users/davispecia/Documents/GitHub/Pf_pipeline_dados/Projeto_final_fase3/venv/lib/python3.9/site-packages/airflow/example_dags/example_branch_day_of_week_operator.py
[2025-11-27T12:16:58.756-0300] {processor.py:840} INFO - DAG(s) 'example_weekday_branch_operator' retrieved from /Users/davispecia/Documents/GitHub/Pf_pipeline_dados/Projeto_final_fase3/venv/lib/python3.9/site-packages/airflow/example_dags/example_branch_day_of_week_operator.py
[2025-11-27T12:16:58.824-0300] {logging_mixin.py:188} INFO - [2025-11-27T12:16:58.824-0300] {dag.py:3089} INFO - Sync 1 DAGs
[2025-11-27T12:16:58.834-0300] {logging_mixin.py:188} INFO - [2025-11-27T12:16:58.833-0300] {dag.py:3947} INFO - Setting next_dagrun for example_weekday_branch_operator to 2025-11-26 00:00:00+00:00, run_after=2025-11-27 00:00:00+00:00
[2025-11-27T12:16:58.843-0300] {processor.py:183} INFO - Processing /Users/davispecia/Documents/GitHub/Pf_pipeline_dados/Projeto_final_fase3/venv/lib/python3.9/site-packages/airflow/example_dags/example_branch_day_of_week_operator.py took 0.098 seconds
[2025-11-27T12:19:01.942-0300] {processor.py:161} INFO - Started process (PID=1016) to work on /Users/davispecia/Documents/GitHub/Pf_pipeline_dados/Projeto_final_fase3/venv/lib/python3.9/site-packages/airflow/example_dags/example_branch_day_of_week_operator.py
[2025-11-27T12:19:01.942-0300] {processor.py:830} INFO - Processing file /Users/davispecia/Documents/GitHub/Pf_pipeline_dados/Projeto_final_fase3/venv/lib/python3.9/site-packages/airflow/example_dags/example_branch_day_of_week_operator.py for tasks to queue
[2025-11-27T12:19:01.943-0300] {logging_mixin.py:188} INFO - [2025-11-27T12:19:01.943-0300] {dagbag.py:545} INFO - Filling up the DagBag from /Users/davispecia/Documents/GitHub/Pf_pipeline_dados/Projeto_final_fase3/venv/lib/python3.9/site-packages/airflow/example_dags/example_branch_day_of_week_operator.py
[2025-11-27T12:19:01.948-0300] {processor.py:840} INFO - DAG(s) 'example_weekday_branch_operator' retrieved from /Users/davispecia/Documents/GitHub/Pf_pipeline_dados/Projeto_final_fase3/venv/lib/python3.9/site-packages/airflow/example_dags/example_branch_day_of_week_operator.py
[2025-11-27T12:19:02.018-0300] {logging_mixin.py:188} INFO - [2025-11-27T12:19:02.018-0300] {dag.py:3089} INFO - Sync 1 DAGs
[2025-11-27T12:19:02.027-0300] {logging_mixin.py:188} INFO - [2025-11-27T12:19:02.027-0300] {dag.py:3947} INFO - Setting next_dagrun for example_weekday_branch_operator to 2025-11-26 00:00:00+00:00, run_after=2025-11-27 00:00:00+00:00
[2025-11-27T12:19:02.036-0300] {processor.py:183} INFO - Processing /Users/davispecia/Documents/GitHub/Pf_pipeline_dados/Projeto_final_fase3/venv/lib/python3.9/site-packages/airflow/example_dags/example_branch_day_of_week_operator.py took 0.096 seconds
[2025-11-27T12:21:05.327-0300] {processor.py:161} INFO - Started process (PID=1341) to work on /Users/davispecia/Documents/GitHub/Pf_pipeline_dados/Projeto_final_fase3/venv/lib/python3.9/site-packages/airflow/example_dags/example_branch_day_of_week_operator.py
[2025-11-27T12:21:05.328-0300] {processor.py:830} INFO - Processing file /Users/davispecia/Documents/GitHub/Pf_pipeline_dados/Projeto_final_fase3/venv/lib/python3.9/site-packages/airflow/example_dags/example_branch_day_of_week_operator.py for tasks to queue
[2025-11-27T12:21:05.328-0300] {logging_mixin.py:188} INFO - [2025-11-27T12:21:05.328-0300] {dagbag.py:545} INFO - Filling up the DagBag from /Users/davispecia/Documents/GitHub/Pf_pipeline_dados/Projeto_final_fase3/venv/lib/python3.9/site-packages/airflow/example_dags/example_branch_day_of_week_operator.py
[2025-11-27T12:21:05.334-0300] {processor.py:840} INFO - DAG(s) 'example_weekday_branch_operator' retrieved from /Users/davispecia/Documents/GitHub/Pf_pipeline_dados/Projeto_final_fase3/venv/lib/python3.9/site-packages/airflow/example_dags/example_branch_day_of_week_operator.py
[2025-11-27T12:21:05.405-0300] {logging_mixin.py:188} INFO - [2025-11-27T12:21:05.405-0300] {dag.py:3089} INFO - Sync 1 DAGs
[2025-11-27T12:21:05.416-0300] {logging_mixin.py:188} INFO - [2025-11-27T12:21:05.416-0300] {dag.py:3947} INFO - Setting next_dagrun for example_weekday_branch_operator to 2025-11-26 00:00:00+00:00, run_after=2025-11-27 00:00:00+00:00
[2025-11-27T12:21:05.424-0300] {processor.py:183} INFO - Processing /Users/davispecia/Documents/GitHub/Pf_pipeline_dados/Projeto_final_fase3/venv/lib/python3.9/site-packages/airflow/example_dags/example_branch_day_of_week_operator.py took 0.099 seconds
[2025-11-27T12:23:15.674-0300] {processor.py:161} INFO - Started process (PID=1721) to work on /Users/davispecia/Documents/GitHub/Pf_pipeline_dados/Projeto_final_fase3/venv/lib/python3.9/site-packages/airflow/example_dags/example_branch_day_of_week_operator.py
[2025-11-27T12:23:15.674-0300] {processor.py:830} INFO - Processing file /Users/davispecia/Documents/GitHub/Pf_pipeline_dados/Projeto_final_fase3/venv/lib/python3.9/site-packages/airflow/example_dags/example_branch_day_of_week_operator.py for tasks to queue
[2025-11-27T12:23:15.675-0300] {logging_mixin.py:188} INFO - [2025-11-27T12:23:15.675-0300] {dagbag.py:545} INFO - Filling up the DagBag from /Users/davispecia/Documents/GitHub/Pf_pipeline_dados/Projeto_final_fase3/venv/lib/python3.9/site-packages/airflow/example_dags/example_branch_day_of_week_operator.py
[2025-11-27T12:23:15.680-0300] {processor.py:840} INFO - DAG(s) 'example_weekday_branch_operator' retrieved from /Users/davispecia/Documents/GitHub/Pf_pipeline_dados/Projeto_final_fase3/venv/lib/python3.9/site-packages/airflow/example_dags/example_branch_day_of_week_operator.py
[2025-11-27T12:23:15.750-0300] {logging_mixin.py:188} INFO - [2025-11-27T12:23:15.749-0300] {dag.py:3089} INFO - Sync 1 DAGs
[2025-11-27T12:23:15.758-0300] {logging_mixin.py:188} INFO - [2025-11-27T12:23:15.758-0300] {dag.py:3947} INFO - Setting next_dagrun for example_weekday_branch_operator to 2025-11-26 00:00:00+00:00, run_after=2025-11-27 00:00:00+00:00
[2025-11-27T12:23:15.767-0300] {processor.py:183} INFO - Processing /Users/davispecia/Documents/GitHub/Pf_pipeline_dados/Projeto_final_fase3/venv/lib/python3.9/site-packages/airflow/example_dags/example_branch_day_of_week_operator.py took 0.096 seconds
[2025-11-27T12:25:18.706-0300] {processor.py:161} INFO - Started process (PID=2039) to work on /Users/davispecia/Documents/GitHub/Pf_pipeline_dados/Projeto_final_fase3/venv/lib/python3.9/site-packages/airflow/example_dags/example_branch_day_of_week_operator.py
[2025-11-27T12:25:18.707-0300] {processor.py:830} INFO - Processing file /Users/davispecia/Documents/GitHub/Pf_pipeline_dados/Projeto_final_fase3/venv/lib/python3.9/site-packages/airflow/example_dags/example_branch_day_of_week_operator.py for tasks to queue
[2025-11-27T12:25:18.707-0300] {logging_mixin.py:188} INFO - [2025-11-27T12:25:18.707-0300] {dagbag.py:545} INFO - Filling up the DagBag from /Users/davispecia/Documents/GitHub/Pf_pipeline_dados/Projeto_final_fase3/venv/lib/python3.9/site-packages/airflow/example_dags/example_branch_day_of_week_operator.py
[2025-11-27T12:25:18.712-0300] {processor.py:840} INFO - DAG(s) 'example_weekday_branch_operator' retrieved from /Users/davispecia/Documents/GitHub/Pf_pipeline_dados/Projeto_final_fase3/venv/lib/python3.9/site-packages/airflow/example_dags/example_branch_day_of_week_operator.py
[2025-11-27T12:25:18.780-0300] {logging_mixin.py:188} INFO - [2025-11-27T12:25:18.780-0300] {dag.py:3089} INFO - Sync 1 DAGs
[2025-11-27T12:25:18.789-0300] {logging_mixin.py:188} INFO - [2025-11-27T12:25:18.789-0300] {dag.py:3947} INFO - Setting next_dagrun for example_weekday_branch_operator to 2025-11-26 00:00:00+00:00, run_after=2025-11-27 00:00:00+00:00
[2025-11-27T12:25:18.798-0300] {processor.py:183} INFO - Processing /Users/davispecia/Documents/GitHub/Pf_pipeline_dados/Projeto_final_fase3/venv/lib/python3.9/site-packages/airflow/example_dags/example_branch_day_of_week_operator.py took 0.094 seconds
[2025-11-27T12:27:31.861-0300] {processor.py:161} INFO - Started process (PID=2418) to work on /Users/davispecia/Documents/GitHub/Pf_pipeline_dados/Projeto_final_fase3/venv/lib/python3.9/site-packages/airflow/example_dags/example_branch_day_of_week_operator.py
[2025-11-27T12:27:31.862-0300] {processor.py:830} INFO - Processing file /Users/davispecia/Documents/GitHub/Pf_pipeline_dados/Projeto_final_fase3/venv/lib/python3.9/site-packages/airflow/example_dags/example_branch_day_of_week_operator.py for tasks to queue
[2025-11-27T12:27:31.862-0300] {logging_mixin.py:188} INFO - [2025-11-27T12:27:31.862-0300] {dagbag.py:545} INFO - Filling up the DagBag from /Users/davispecia/Documents/GitHub/Pf_pipeline_dados/Projeto_final_fase3/venv/lib/python3.9/site-packages/airflow/example_dags/example_branch_day_of_week_operator.py
[2025-11-27T12:27:31.868-0300] {processor.py:840} INFO - DAG(s) 'example_weekday_branch_operator' retrieved from /Users/davispecia/Documents/GitHub/Pf_pipeline_dados/Projeto_final_fase3/venv/lib/python3.9/site-packages/airflow/example_dags/example_branch_day_of_week_operator.py
[2025-11-27T12:27:31.937-0300] {logging_mixin.py:188} INFO - [2025-11-27T12:27:31.937-0300] {dag.py:3089} INFO - Sync 1 DAGs
[2025-11-27T12:27:31.945-0300] {logging_mixin.py:188} INFO - [2025-11-27T12:27:31.945-0300] {dag.py:3947} INFO - Setting next_dagrun for example_weekday_branch_operator to 2025-11-26 00:00:00+00:00, run_after=2025-11-27 00:00:00+00:00
[2025-11-27T12:27:31.954-0300] {processor.py:183} INFO - Processing /Users/davispecia/Documents/GitHub/Pf_pipeline_dados/Projeto_final_fase3/venv/lib/python3.9/site-packages/airflow/example_dags/example_branch_day_of_week_operator.py took 0.096 seconds
[2025-11-27T14:07:00.231-0300] {processor.py:161} INFO - Started process (PID=3005) to work on /Users/davispecia/Documents/GitHub/Pf_pipeline_dados/Projeto_final_fase3/venv/lib/python3.9/site-packages/airflow/example_dags/example_branch_day_of_week_operator.py
[2025-11-27T14:07:00.231-0300] {processor.py:830} INFO - Processing file /Users/davispecia/Documents/GitHub/Pf_pipeline_dados/Projeto_final_fase3/venv/lib/python3.9/site-packages/airflow/example_dags/example_branch_day_of_week_operator.py for tasks to queue
[2025-11-27T14:07:00.232-0300] {logging_mixin.py:188} INFO - [2025-11-27T14:07:00.232-0300] {dagbag.py:545} INFO - Filling up the DagBag from /Users/davispecia/Documents/GitHub/Pf_pipeline_dados/Projeto_final_fase3/venv/lib/python3.9/site-packages/airflow/example_dags/example_branch_day_of_week_operator.py
[2025-11-27T14:07:00.237-0300] {processor.py:840} INFO - DAG(s) 'example_weekday_branch_operator' retrieved from /Users/davispecia/Documents/GitHub/Pf_pipeline_dados/Projeto_final_fase3/venv/lib/python3.9/site-packages/airflow/example_dags/example_branch_day_of_week_operator.py
[2025-11-27T14:07:00.305-0300] {logging_mixin.py:188} INFO - [2025-11-27T14:07:00.305-0300] {dag.py:3089} INFO - Sync 1 DAGs
[2025-11-27T14:07:00.314-0300] {logging_mixin.py:188} INFO - [2025-11-27T14:07:00.314-0300] {dag.py:3947} INFO - Setting next_dagrun for example_weekday_branch_operator to 2025-11-26 00:00:00+00:00, run_after=2025-11-27 00:00:00+00:00
[2025-11-27T14:07:00.323-0300] {processor.py:183} INFO - Processing /Users/davispecia/Documents/GitHub/Pf_pipeline_dados/Projeto_final_fase3/venv/lib/python3.9/site-packages/airflow/example_dags/example_branch_day_of_week_operator.py took 0.094 seconds
[2025-11-27T14:10:14.731-0300] {processor.py:161} INFO - Started process (PID=3624) to work on /Users/davispecia/Documents/GitHub/Pf_pipeline_dados/Projeto_final_fase3/venv/lib/python3.9/site-packages/airflow/example_dags/example_branch_day_of_week_operator.py
[2025-11-27T14:10:14.733-0300] {processor.py:830} INFO - Processing file /Users/davispecia/Documents/GitHub/Pf_pipeline_dados/Projeto_final_fase3/venv/lib/python3.9/site-packages/airflow/example_dags/example_branch_day_of_week_operator.py for tasks to queue
[2025-11-27T14:10:14.733-0300] {logging_mixin.py:188} INFO - [2025-11-27T14:10:14.733-0300] {dagbag.py:545} INFO - Filling up the DagBag from /Users/davispecia/Documents/GitHub/Pf_pipeline_dados/Projeto_final_fase3/venv/lib/python3.9/site-packages/airflow/example_dags/example_branch_day_of_week_operator.py
[2025-11-27T14:10:14.738-0300] {processor.py:840} INFO - DAG(s) 'example_weekday_branch_operator' retrieved from /Users/davispecia/Documents/GitHub/Pf_pipeline_dados/Projeto_final_fase3/venv/lib/python3.9/site-packages/airflow/example_dags/example_branch_day_of_week_operator.py
[2025-11-27T14:10:14.811-0300] {logging_mixin.py:188} INFO - [2025-11-27T14:10:14.810-0300] {dag.py:3089} INFO - Sync 1 DAGs
[2025-11-27T14:10:14.819-0300] {logging_mixin.py:188} INFO - [2025-11-27T14:10:14.819-0300] {dag.py:3947} INFO - Setting next_dagrun for example_weekday_branch_operator to 2025-11-26 00:00:00+00:00, run_after=2025-11-27 00:00:00+00:00
[2025-11-27T14:10:14.828-0300] {processor.py:183} INFO - Processing /Users/davispecia/Documents/GitHub/Pf_pipeline_dados/Projeto_final_fase3/venv/lib/python3.9/site-packages/airflow/example_dags/example_branch_day_of_week_operator.py took 0.100 seconds
[2025-11-27T14:12:16.655-0300] {processor.py:161} INFO - Started process (PID=3907) to work on /Users/davispecia/Documents/GitHub/Pf_pipeline_dados/Projeto_final_fase3/venv/lib/python3.9/site-packages/airflow/example_dags/example_branch_day_of_week_operator.py
[2025-11-27T14:12:16.657-0300] {processor.py:830} INFO - Processing file /Users/davispecia/Documents/GitHub/Pf_pipeline_dados/Projeto_final_fase3/venv/lib/python3.9/site-packages/airflow/example_dags/example_branch_day_of_week_operator.py for tasks to queue
[2025-11-27T14:12:16.657-0300] {logging_mixin.py:188} INFO - [2025-11-27T14:12:16.657-0300] {dagbag.py:545} INFO - Filling up the DagBag from /Users/davispecia/Documents/GitHub/Pf_pipeline_dados/Projeto_final_fase3/venv/lib/python3.9/site-packages/airflow/example_dags/example_branch_day_of_week_operator.py
[2025-11-27T14:12:16.662-0300] {processor.py:840} INFO - DAG(s) 'example_weekday_branch_operator' retrieved from /Users/davispecia/Documents/GitHub/Pf_pipeline_dados/Projeto_final_fase3/venv/lib/python3.9/site-packages/airflow/example_dags/example_branch_day_of_week_operator.py
[2025-11-27T14:12:16.733-0300] {logging_mixin.py:188} INFO - [2025-11-27T14:12:16.732-0300] {dag.py:3089} INFO - Sync 1 DAGs
[2025-11-27T14:12:16.741-0300] {logging_mixin.py:188} INFO - [2025-11-27T14:12:16.741-0300] {dag.py:3947} INFO - Setting next_dagrun for example_weekday_branch_operator to 2025-11-26 00:00:00+00:00, run_after=2025-11-27 00:00:00+00:00
[2025-11-27T14:12:16.750-0300] {processor.py:183} INFO - Processing /Users/davispecia/Documents/GitHub/Pf_pipeline_dados/Projeto_final_fase3/venv/lib/python3.9/site-packages/airflow/example_dags/example_branch_day_of_week_operator.py took 0.096 seconds
[2025-11-27T14:14:28.211-0300] {processor.py:161} INFO - Started process (PID=4267) to work on /Users/davispecia/Documents/GitHub/Pf_pipeline_dados/Projeto_final_fase3/venv/lib/python3.9/site-packages/airflow/example_dags/example_branch_day_of_week_operator.py
[2025-11-27T14:14:28.212-0300] {processor.py:830} INFO - Processing file /Users/davispecia/Documents/GitHub/Pf_pipeline_dados/Projeto_final_fase3/venv/lib/python3.9/site-packages/airflow/example_dags/example_branch_day_of_week_operator.py for tasks to queue
[2025-11-27T14:14:28.212-0300] {logging_mixin.py:188} INFO - [2025-11-27T14:14:28.212-0300] {dagbag.py:545} INFO - Filling up the DagBag from /Users/davispecia/Documents/GitHub/Pf_pipeline_dados/Projeto_final_fase3/venv/lib/python3.9/site-packages/airflow/example_dags/example_branch_day_of_week_operator.py
[2025-11-27T14:14:28.218-0300] {processor.py:840} INFO - DAG(s) 'example_weekday_branch_operator' retrieved from /Users/davispecia/Documents/GitHub/Pf_pipeline_dados/Projeto_final_fase3/venv/lib/python3.9/site-packages/airflow/example_dags/example_branch_day_of_week_operator.py
[2025-11-27T14:14:28.298-0300] {logging_mixin.py:188} INFO - [2025-11-27T14:14:28.298-0300] {dag.py:3089} INFO - Sync 1 DAGs
[2025-11-27T14:14:28.310-0300] {logging_mixin.py:188} INFO - [2025-11-27T14:14:28.309-0300] {dag.py:3947} INFO - Setting next_dagrun for example_weekday_branch_operator to 2025-11-26 00:00:00+00:00, run_after=2025-11-27 00:00:00+00:00
[2025-11-27T14:14:28.319-0300] {processor.py:183} INFO - Processing /Users/davispecia/Documents/GitHub/Pf_pipeline_dados/Projeto_final_fase3/venv/lib/python3.9/site-packages/airflow/example_dags/example_branch_day_of_week_operator.py took 0.110 seconds
[2025-11-27T14:16:50.756-0300] {processor.py:161} INFO - Started process (PID=4664) to work on /Users/davispecia/Documents/GitHub/Pf_pipeline_dados/Projeto_final_fase3/venv/lib/python3.9/site-packages/airflow/example_dags/example_branch_day_of_week_operator.py
[2025-11-27T14:16:50.757-0300] {processor.py:830} INFO - Processing file /Users/davispecia/Documents/GitHub/Pf_pipeline_dados/Projeto_final_fase3/venv/lib/python3.9/site-packages/airflow/example_dags/example_branch_day_of_week_operator.py for tasks to queue
[2025-11-27T14:16:50.757-0300] {logging_mixin.py:188} INFO - [2025-11-27T14:16:50.757-0300] {dagbag.py:545} INFO - Filling up the DagBag from /Users/davispecia/Documents/GitHub/Pf_pipeline_dados/Projeto_final_fase3/venv/lib/python3.9/site-packages/airflow/example_dags/example_branch_day_of_week_operator.py
[2025-11-27T14:16:50.763-0300] {processor.py:840} INFO - DAG(s) 'example_weekday_branch_operator' retrieved from /Users/davispecia/Documents/GitHub/Pf_pipeline_dados/Projeto_final_fase3/venv/lib/python3.9/site-packages/airflow/example_dags/example_branch_day_of_week_operator.py
[2025-11-27T14:16:50.834-0300] {logging_mixin.py:188} INFO - [2025-11-27T14:16:50.834-0300] {dag.py:3089} INFO - Sync 1 DAGs
[2025-11-27T14:16:50.842-0300] {logging_mixin.py:188} INFO - [2025-11-27T14:16:50.842-0300] {dag.py:3947} INFO - Setting next_dagrun for example_weekday_branch_operator to 2025-11-26 00:00:00+00:00, run_after=2025-11-27 00:00:00+00:00
[2025-11-27T14:16:50.851-0300] {processor.py:183} INFO - Processing /Users/davispecia/Documents/GitHub/Pf_pipeline_dados/Projeto_final_fase3/venv/lib/python3.9/site-packages/airflow/example_dags/example_branch_day_of_week_operator.py took 0.097 seconds
[2025-11-27T14:19:08.970-0300] {processor.py:161} INFO - Started process (PID=4990) to work on /Users/davispecia/Documents/GitHub/Pf_pipeline_dados/Projeto_final_fase3/venv/lib/python3.9/site-packages/airflow/example_dags/example_branch_day_of_week_operator.py
[2025-11-27T14:19:08.971-0300] {processor.py:830} INFO - Processing file /Users/davispecia/Documents/GitHub/Pf_pipeline_dados/Projeto_final_fase3/venv/lib/python3.9/site-packages/airflow/example_dags/example_branch_day_of_week_operator.py for tasks to queue
[2025-11-27T14:19:08.971-0300] {logging_mixin.py:188} INFO - [2025-11-27T14:19:08.971-0300] {dagbag.py:545} INFO - Filling up the DagBag from /Users/davispecia/Documents/GitHub/Pf_pipeline_dados/Projeto_final_fase3/venv/lib/python3.9/site-packages/airflow/example_dags/example_branch_day_of_week_operator.py
[2025-11-27T14:19:08.977-0300] {processor.py:840} INFO - DAG(s) 'example_weekday_branch_operator' retrieved from /Users/davispecia/Documents/GitHub/Pf_pipeline_dados/Projeto_final_fase3/venv/lib/python3.9/site-packages/airflow/example_dags/example_branch_day_of_week_operator.py
[2025-11-27T14:19:09.056-0300] {logging_mixin.py:188} INFO - [2025-11-27T14:19:09.055-0300] {dag.py:3089} INFO - Sync 1 DAGs
[2025-11-27T14:19:09.065-0300] {logging_mixin.py:188} INFO - [2025-11-27T14:19:09.065-0300] {dag.py:3947} INFO - Setting next_dagrun for example_weekday_branch_operator to 2025-11-26 00:00:00+00:00, run_after=2025-11-27 00:00:00+00:00
[2025-11-27T14:19:09.075-0300] {processor.py:183} INFO - Processing /Users/davispecia/Documents/GitHub/Pf_pipeline_dados/Projeto_final_fase3/venv/lib/python3.9/site-packages/airflow/example_dags/example_branch_day_of_week_operator.py took 0.107 seconds
[2025-11-27T14:21:31.154-0300] {processor.py:161} INFO - Started process (PID=5387) to work on /Users/davispecia/Documents/GitHub/Pf_pipeline_dados/Projeto_final_fase3/venv/lib/python3.9/site-packages/airflow/example_dags/example_branch_day_of_week_operator.py
[2025-11-27T14:21:31.155-0300] {processor.py:830} INFO - Processing file /Users/davispecia/Documents/GitHub/Pf_pipeline_dados/Projeto_final_fase3/venv/lib/python3.9/site-packages/airflow/example_dags/example_branch_day_of_week_operator.py for tasks to queue
[2025-11-27T14:21:31.155-0300] {logging_mixin.py:188} INFO - [2025-11-27T14:21:31.155-0300] {dagbag.py:545} INFO - Filling up the DagBag from /Users/davispecia/Documents/GitHub/Pf_pipeline_dados/Projeto_final_fase3/venv/lib/python3.9/site-packages/airflow/example_dags/example_branch_day_of_week_operator.py
[2025-11-27T14:21:31.161-0300] {processor.py:840} INFO - DAG(s) 'example_weekday_branch_operator' retrieved from /Users/davispecia/Documents/GitHub/Pf_pipeline_dados/Projeto_final_fase3/venv/lib/python3.9/site-packages/airflow/example_dags/example_branch_day_of_week_operator.py
[2025-11-27T14:21:31.234-0300] {logging_mixin.py:188} INFO - [2025-11-27T14:21:31.234-0300] {dag.py:3089} INFO - Sync 1 DAGs
[2025-11-27T14:21:31.243-0300] {logging_mixin.py:188} INFO - [2025-11-27T14:21:31.243-0300] {dag.py:3947} INFO - Setting next_dagrun for example_weekday_branch_operator to 2025-11-26 00:00:00+00:00, run_after=2025-11-27 00:00:00+00:00
[2025-11-27T14:21:31.251-0300] {processor.py:183} INFO - Processing /Users/davispecia/Documents/GitHub/Pf_pipeline_dados/Projeto_final_fase3/venv/lib/python3.9/site-packages/airflow/example_dags/example_branch_day_of_week_operator.py took 0.099 seconds
[2025-11-27T14:23:43.616-0300] {processor.py:161} INFO - Started process (PID=5696) to work on /Users/davispecia/Documents/GitHub/Pf_pipeline_dados/Projeto_final_fase3/venv/lib/python3.9/site-packages/airflow/example_dags/example_branch_day_of_week_operator.py
[2025-11-27T14:23:43.616-0300] {processor.py:830} INFO - Processing file /Users/davispecia/Documents/GitHub/Pf_pipeline_dados/Projeto_final_fase3/venv/lib/python3.9/site-packages/airflow/example_dags/example_branch_day_of_week_operator.py for tasks to queue
[2025-11-27T14:23:43.617-0300] {logging_mixin.py:188} INFO - [2025-11-27T14:23:43.617-0300] {dagbag.py:545} INFO - Filling up the DagBag from /Users/davispecia/Documents/GitHub/Pf_pipeline_dados/Projeto_final_fase3/venv/lib/python3.9/site-packages/airflow/example_dags/example_branch_day_of_week_operator.py
[2025-11-27T14:23:43.626-0300] {processor.py:840} INFO - DAG(s) 'example_weekday_branch_operator' retrieved from /Users/davispecia/Documents/GitHub/Pf_pipeline_dados/Projeto_final_fase3/venv/lib/python3.9/site-packages/airflow/example_dags/example_branch_day_of_week_operator.py
[2025-11-27T14:23:43.716-0300] {logging_mixin.py:188} INFO - [2025-11-27T14:23:43.716-0300] {dag.py:3089} INFO - Sync 1 DAGs
[2025-11-27T14:23:43.730-0300] {logging_mixin.py:188} INFO - [2025-11-27T14:23:43.729-0300] {dag.py:3947} INFO - Setting next_dagrun for example_weekday_branch_operator to 2025-11-26 00:00:00+00:00, run_after=2025-11-27 00:00:00+00:00
[2025-11-27T14:23:43.743-0300] {processor.py:183} INFO - Processing /Users/davispecia/Documents/GitHub/Pf_pipeline_dados/Projeto_final_fase3/venv/lib/python3.9/site-packages/airflow/example_dags/example_branch_day_of_week_operator.py took 0.130 seconds
[2025-11-27T14:26:04.492-0300] {processor.py:161} INFO - Started process (PID=6021) to work on /Users/davispecia/Documents/GitHub/Pf_pipeline_dados/Projeto_final_fase3/venv/lib/python3.9/site-packages/airflow/example_dags/example_branch_day_of_week_operator.py
[2025-11-27T14:26:04.492-0300] {processor.py:830} INFO - Processing file /Users/davispecia/Documents/GitHub/Pf_pipeline_dados/Projeto_final_fase3/venv/lib/python3.9/site-packages/airflow/example_dags/example_branch_day_of_week_operator.py for tasks to queue
[2025-11-27T14:26:04.493-0300] {logging_mixin.py:188} INFO - [2025-11-27T14:26:04.493-0300] {dagbag.py:545} INFO - Filling up the DagBag from /Users/davispecia/Documents/GitHub/Pf_pipeline_dados/Projeto_final_fase3/venv/lib/python3.9/site-packages/airflow/example_dags/example_branch_day_of_week_operator.py
[2025-11-27T14:26:04.499-0300] {processor.py:840} INFO - DAG(s) 'example_weekday_branch_operator' retrieved from /Users/davispecia/Documents/GitHub/Pf_pipeline_dados/Projeto_final_fase3/venv/lib/python3.9/site-packages/airflow/example_dags/example_branch_day_of_week_operator.py
[2025-11-27T14:26:04.573-0300] {logging_mixin.py:188} INFO - [2025-11-27T14:26:04.573-0300] {dag.py:3089} INFO - Sync 1 DAGs
[2025-11-27T14:26:04.582-0300] {logging_mixin.py:188} INFO - [2025-11-27T14:26:04.582-0300] {dag.py:3947} INFO - Setting next_dagrun for example_weekday_branch_operator to 2025-11-26 00:00:00+00:00, run_after=2025-11-27 00:00:00+00:00
[2025-11-27T14:26:04.590-0300] {processor.py:183} INFO - Processing /Users/davispecia/Documents/GitHub/Pf_pipeline_dados/Projeto_final_fase3/venv/lib/python3.9/site-packages/airflow/example_dags/example_branch_day_of_week_operator.py took 0.101 seconds
[2025-11-27T14:28:38.845-0300] {processor.py:161} INFO - Started process (PID=6500) to work on /Users/davispecia/Documents/GitHub/Pf_pipeline_dados/Projeto_final_fase3/venv/lib/python3.9/site-packages/airflow/example_dags/example_branch_day_of_week_operator.py
[2025-11-27T14:28:38.846-0300] {processor.py:830} INFO - Processing file /Users/davispecia/Documents/GitHub/Pf_pipeline_dados/Projeto_final_fase3/venv/lib/python3.9/site-packages/airflow/example_dags/example_branch_day_of_week_operator.py for tasks to queue
[2025-11-27T14:28:38.846-0300] {logging_mixin.py:188} INFO - [2025-11-27T14:28:38.846-0300] {dagbag.py:545} INFO - Filling up the DagBag from /Users/davispecia/Documents/GitHub/Pf_pipeline_dados/Projeto_final_fase3/venv/lib/python3.9/site-packages/airflow/example_dags/example_branch_day_of_week_operator.py
[2025-11-27T14:28:38.852-0300] {processor.py:840} INFO - DAG(s) 'example_weekday_branch_operator' retrieved from /Users/davispecia/Documents/GitHub/Pf_pipeline_dados/Projeto_final_fase3/venv/lib/python3.9/site-packages/airflow/example_dags/example_branch_day_of_week_operator.py
[2025-11-27T14:28:38.926-0300] {logging_mixin.py:188} INFO - [2025-11-27T14:28:38.925-0300] {dag.py:3089} INFO - Sync 1 DAGs
[2025-11-27T14:28:38.935-0300] {logging_mixin.py:188} INFO - [2025-11-27T14:28:38.935-0300] {dag.py:3947} INFO - Setting next_dagrun for example_weekday_branch_operator to 2025-11-26 00:00:00+00:00, run_after=2025-11-27 00:00:00+00:00
[2025-11-27T14:28:38.953-0300] {processor.py:183} INFO - Processing /Users/davispecia/Documents/GitHub/Pf_pipeline_dados/Projeto_final_fase3/venv/lib/python3.9/site-packages/airflow/example_dags/example_branch_day_of_week_operator.py took 0.111 seconds
[2025-11-27T14:30:50.162-0300] {processor.py:161} INFO - Started process (PID=6813) to work on /Users/davispecia/Documents/GitHub/Pf_pipeline_dados/Projeto_final_fase3/venv/lib/python3.9/site-packages/airflow/example_dags/example_branch_day_of_week_operator.py
[2025-11-27T14:30:50.162-0300] {processor.py:830} INFO - Processing file /Users/davispecia/Documents/GitHub/Pf_pipeline_dados/Projeto_final_fase3/venv/lib/python3.9/site-packages/airflow/example_dags/example_branch_day_of_week_operator.py for tasks to queue
[2025-11-27T14:30:50.163-0300] {logging_mixin.py:188} INFO - [2025-11-27T14:30:50.163-0300] {dagbag.py:545} INFO - Filling up the DagBag from /Users/davispecia/Documents/GitHub/Pf_pipeline_dados/Projeto_final_fase3/venv/lib/python3.9/site-packages/airflow/example_dags/example_branch_day_of_week_operator.py
[2025-11-27T14:30:50.168-0300] {processor.py:840} INFO - DAG(s) 'example_weekday_branch_operator' retrieved from /Users/davispecia/Documents/GitHub/Pf_pipeline_dados/Projeto_final_fase3/venv/lib/python3.9/site-packages/airflow/example_dags/example_branch_day_of_week_operator.py
[2025-11-27T14:30:50.239-0300] {logging_mixin.py:188} INFO - [2025-11-27T14:30:50.238-0300] {dag.py:3089} INFO - Sync 1 DAGs
[2025-11-27T14:30:50.247-0300] {logging_mixin.py:188} INFO - [2025-11-27T14:30:50.247-0300] {dag.py:3947} INFO - Setting next_dagrun for example_weekday_branch_operator to 2025-11-26 00:00:00+00:00, run_after=2025-11-27 00:00:00+00:00
[2025-11-27T14:30:50.256-0300] {processor.py:183} INFO - Processing /Users/davispecia/Documents/GitHub/Pf_pipeline_dados/Projeto_final_fase3/venv/lib/python3.9/site-packages/airflow/example_dags/example_branch_day_of_week_operator.py took 0.096 seconds
[2025-11-27T14:32:56.297-0300] {processor.py:161} INFO - Started process (PID=7119) to work on /Users/davispecia/Documents/GitHub/Pf_pipeline_dados/Projeto_final_fase3/venv/lib/python3.9/site-packages/airflow/example_dags/example_branch_day_of_week_operator.py
[2025-11-27T14:32:56.297-0300] {processor.py:830} INFO - Processing file /Users/davispecia/Documents/GitHub/Pf_pipeline_dados/Projeto_final_fase3/venv/lib/python3.9/site-packages/airflow/example_dags/example_branch_day_of_week_operator.py for tasks to queue
[2025-11-27T14:32:56.298-0300] {logging_mixin.py:188} INFO - [2025-11-27T14:32:56.298-0300] {dagbag.py:545} INFO - Filling up the DagBag from /Users/davispecia/Documents/GitHub/Pf_pipeline_dados/Projeto_final_fase3/venv/lib/python3.9/site-packages/airflow/example_dags/example_branch_day_of_week_operator.py
[2025-11-27T14:32:56.304-0300] {processor.py:840} INFO - DAG(s) 'example_weekday_branch_operator' retrieved from /Users/davispecia/Documents/GitHub/Pf_pipeline_dados/Projeto_final_fase3/venv/lib/python3.9/site-packages/airflow/example_dags/example_branch_day_of_week_operator.py
[2025-11-27T14:32:56.377-0300] {logging_mixin.py:188} INFO - [2025-11-27T14:32:56.376-0300] {dag.py:3089} INFO - Sync 1 DAGs
[2025-11-27T14:32:56.389-0300] {logging_mixin.py:188} INFO - [2025-11-27T14:32:56.388-0300] {dag.py:3947} INFO - Setting next_dagrun for example_weekday_branch_operator to 2025-11-26 00:00:00+00:00, run_after=2025-11-27 00:00:00+00:00
[2025-11-27T14:32:56.400-0300] {processor.py:183} INFO - Processing /Users/davispecia/Documents/GitHub/Pf_pipeline_dados/Projeto_final_fase3/venv/lib/python3.9/site-packages/airflow/example_dags/example_branch_day_of_week_operator.py took 0.108 seconds
[2025-11-27T14:35:24.657-0300] {processor.py:161} INFO - Started process (PID=7630) to work on /Users/davispecia/Documents/GitHub/Pf_pipeline_dados/Projeto_final_fase3/venv/lib/python3.9/site-packages/airflow/example_dags/example_branch_day_of_week_operator.py
[2025-11-27T14:35:24.658-0300] {processor.py:830} INFO - Processing file /Users/davispecia/Documents/GitHub/Pf_pipeline_dados/Projeto_final_fase3/venv/lib/python3.9/site-packages/airflow/example_dags/example_branch_day_of_week_operator.py for tasks to queue
[2025-11-27T14:35:24.658-0300] {logging_mixin.py:188} INFO - [2025-11-27T14:35:24.658-0300] {dagbag.py:545} INFO - Filling up the DagBag from /Users/davispecia/Documents/GitHub/Pf_pipeline_dados/Projeto_final_fase3/venv/lib/python3.9/site-packages/airflow/example_dags/example_branch_day_of_week_operator.py
[2025-11-27T14:35:24.665-0300] {processor.py:840} INFO - DAG(s) 'example_weekday_branch_operator' retrieved from /Users/davispecia/Documents/GitHub/Pf_pipeline_dados/Projeto_final_fase3/venv/lib/python3.9/site-packages/airflow/example_dags/example_branch_day_of_week_operator.py
[2025-11-27T14:35:24.743-0300] {logging_mixin.py:188} INFO - [2025-11-27T14:35:24.743-0300] {dag.py:3089} INFO - Sync 1 DAGs
[2025-11-27T14:35:24.754-0300] {logging_mixin.py:188} INFO - [2025-11-27T14:35:24.753-0300] {dag.py:3947} INFO - Setting next_dagrun for example_weekday_branch_operator to 2025-11-26 00:00:00+00:00, run_after=2025-11-27 00:00:00+00:00
[2025-11-27T14:35:24.764-0300] {processor.py:183} INFO - Processing /Users/davispecia/Documents/GitHub/Pf_pipeline_dados/Projeto_final_fase3/venv/lib/python3.9/site-packages/airflow/example_dags/example_branch_day_of_week_operator.py took 0.109 seconds
[2025-11-27T14:37:42.784-0300] {processor.py:161} INFO - Started process (PID=8008) to work on /Users/davispecia/Documents/GitHub/Pf_pipeline_dados/Projeto_final_fase3/venv/lib/python3.9/site-packages/airflow/example_dags/example_branch_day_of_week_operator.py
[2025-11-27T14:37:42.785-0300] {processor.py:830} INFO - Processing file /Users/davispecia/Documents/GitHub/Pf_pipeline_dados/Projeto_final_fase3/venv/lib/python3.9/site-packages/airflow/example_dags/example_branch_day_of_week_operator.py for tasks to queue
[2025-11-27T14:37:42.785-0300] {logging_mixin.py:188} INFO - [2025-11-27T14:37:42.785-0300] {dagbag.py:545} INFO - Filling up the DagBag from /Users/davispecia/Documents/GitHub/Pf_pipeline_dados/Projeto_final_fase3/venv/lib/python3.9/site-packages/airflow/example_dags/example_branch_day_of_week_operator.py
[2025-11-27T14:37:42.791-0300] {processor.py:840} INFO - DAG(s) 'example_weekday_branch_operator' retrieved from /Users/davispecia/Documents/GitHub/Pf_pipeline_dados/Projeto_final_fase3/venv/lib/python3.9/site-packages/airflow/example_dags/example_branch_day_of_week_operator.py
[2025-11-27T14:37:42.863-0300] {logging_mixin.py:188} INFO - [2025-11-27T14:37:42.863-0300] {dag.py:3089} INFO - Sync 1 DAGs
[2025-11-27T14:37:42.872-0300] {logging_mixin.py:188} INFO - [2025-11-27T14:37:42.872-0300] {dag.py:3947} INFO - Setting next_dagrun for example_weekday_branch_operator to 2025-11-26 00:00:00+00:00, run_after=2025-11-27 00:00:00+00:00
[2025-11-27T14:37:42.882-0300] {processor.py:183} INFO - Processing /Users/davispecia/Documents/GitHub/Pf_pipeline_dados/Projeto_final_fase3/venv/lib/python3.9/site-packages/airflow/example_dags/example_branch_day_of_week_operator.py took 0.100 seconds
[2025-11-27T14:40:02.807-0300] {processor.py:161} INFO - Started process (PID=8403) to work on /Users/davispecia/Documents/GitHub/Pf_pipeline_dados/Projeto_final_fase3/venv/lib/python3.9/site-packages/airflow/example_dags/example_branch_day_of_week_operator.py
[2025-11-27T14:40:02.809-0300] {processor.py:830} INFO - Processing file /Users/davispecia/Documents/GitHub/Pf_pipeline_dados/Projeto_final_fase3/venv/lib/python3.9/site-packages/airflow/example_dags/example_branch_day_of_week_operator.py for tasks to queue
[2025-11-27T14:40:02.809-0300] {logging_mixin.py:188} INFO - [2025-11-27T14:40:02.809-0300] {dagbag.py:545} INFO - Filling up the DagBag from /Users/davispecia/Documents/GitHub/Pf_pipeline_dados/Projeto_final_fase3/venv/lib/python3.9/site-packages/airflow/example_dags/example_branch_day_of_week_operator.py
[2025-11-27T14:40:02.815-0300] {processor.py:840} INFO - DAG(s) 'example_weekday_branch_operator' retrieved from /Users/davispecia/Documents/GitHub/Pf_pipeline_dados/Projeto_final_fase3/venv/lib/python3.9/site-packages/airflow/example_dags/example_branch_day_of_week_operator.py
[2025-11-27T14:40:02.886-0300] {logging_mixin.py:188} INFO - [2025-11-27T14:40:02.885-0300] {dag.py:3089} INFO - Sync 1 DAGs
[2025-11-27T14:40:02.894-0300] {logging_mixin.py:188} INFO - [2025-11-27T14:40:02.894-0300] {dag.py:3947} INFO - Setting next_dagrun for example_weekday_branch_operator to 2025-11-26 00:00:00+00:00, run_after=2025-11-27 00:00:00+00:00
[2025-11-27T14:40:02.903-0300] {processor.py:183} INFO - Processing /Users/davispecia/Documents/GitHub/Pf_pipeline_dados/Projeto_final_fase3/venv/lib/python3.9/site-packages/airflow/example_dags/example_branch_day_of_week_operator.py took 0.098 seconds
[2025-11-27T14:42:08.973-0300] {processor.py:161} INFO - Started process (PID=8774) to work on /Users/davispecia/Documents/GitHub/Pf_pipeline_dados/Projeto_final_fase3/venv/lib/python3.9/site-packages/airflow/example_dags/example_branch_day_of_week_operator.py
[2025-11-27T14:42:08.974-0300] {processor.py:830} INFO - Processing file /Users/davispecia/Documents/GitHub/Pf_pipeline_dados/Projeto_final_fase3/venv/lib/python3.9/site-packages/airflow/example_dags/example_branch_day_of_week_operator.py for tasks to queue
[2025-11-27T14:42:08.974-0300] {logging_mixin.py:188} INFO - [2025-11-27T14:42:08.974-0300] {dagbag.py:545} INFO - Filling up the DagBag from /Users/davispecia/Documents/GitHub/Pf_pipeline_dados/Projeto_final_fase3/venv/lib/python3.9/site-packages/airflow/example_dags/example_branch_day_of_week_operator.py
[2025-11-27T14:42:08.980-0300] {processor.py:840} INFO - DAG(s) 'example_weekday_branch_operator' retrieved from /Users/davispecia/Documents/GitHub/Pf_pipeline_dados/Projeto_final_fase3/venv/lib/python3.9/site-packages/airflow/example_dags/example_branch_day_of_week_operator.py
[2025-11-27T14:42:09.053-0300] {logging_mixin.py:188} INFO - [2025-11-27T14:42:09.053-0300] {dag.py:3089} INFO - Sync 1 DAGs
[2025-11-27T14:42:09.063-0300] {logging_mixin.py:188} INFO - [2025-11-27T14:42:09.063-0300] {dag.py:3947} INFO - Setting next_dagrun for example_weekday_branch_operator to 2025-11-26 00:00:00+00:00, run_after=2025-11-27 00:00:00+00:00
[2025-11-27T14:42:09.071-0300] {processor.py:183} INFO - Processing /Users/davispecia/Documents/GitHub/Pf_pipeline_dados/Projeto_final_fase3/venv/lib/python3.9/site-packages/airflow/example_dags/example_branch_day_of_week_operator.py took 0.101 seconds
[2025-11-27T14:44:13.994-0300] {processor.py:161} INFO - Started process (PID=9154) to work on /Users/davispecia/Documents/GitHub/Pf_pipeline_dados/Projeto_final_fase3/venv/lib/python3.9/site-packages/airflow/example_dags/example_branch_day_of_week_operator.py
[2025-11-27T14:44:13.994-0300] {processor.py:830} INFO - Processing file /Users/davispecia/Documents/GitHub/Pf_pipeline_dados/Projeto_final_fase3/venv/lib/python3.9/site-packages/airflow/example_dags/example_branch_day_of_week_operator.py for tasks to queue
[2025-11-27T14:44:13.995-0300] {logging_mixin.py:188} INFO - [2025-11-27T14:44:13.994-0300] {dagbag.py:545} INFO - Filling up the DagBag from /Users/davispecia/Documents/GitHub/Pf_pipeline_dados/Projeto_final_fase3/venv/lib/python3.9/site-packages/airflow/example_dags/example_branch_day_of_week_operator.py
[2025-11-27T14:44:14.002-0300] {processor.py:840} INFO - DAG(s) 'example_weekday_branch_operator' retrieved from /Users/davispecia/Documents/GitHub/Pf_pipeline_dados/Projeto_final_fase3/venv/lib/python3.9/site-packages/airflow/example_dags/example_branch_day_of_week_operator.py
[2025-11-27T14:44:14.082-0300] {logging_mixin.py:188} INFO - [2025-11-27T14:44:14.082-0300] {dag.py:3089} INFO - Sync 1 DAGs
[2025-11-27T14:44:14.091-0300] {logging_mixin.py:188} INFO - [2025-11-27T14:44:14.091-0300] {dag.py:3947} INFO - Setting next_dagrun for example_weekday_branch_operator to 2025-11-26 00:00:00+00:00, run_after=2025-11-27 00:00:00+00:00
[2025-11-27T14:44:14.101-0300] {processor.py:183} INFO - Processing /Users/davispecia/Documents/GitHub/Pf_pipeline_dados/Projeto_final_fase3/venv/lib/python3.9/site-packages/airflow/example_dags/example_branch_day_of_week_operator.py took 0.110 seconds
[2025-11-27T14:46:33.980-0300] {processor.py:161} INFO - Started process (PID=9547) to work on /Users/davispecia/Documents/GitHub/Pf_pipeline_dados/Projeto_final_fase3/venv/lib/python3.9/site-packages/airflow/example_dags/example_branch_day_of_week_operator.py
[2025-11-27T14:46:33.981-0300] {processor.py:830} INFO - Processing file /Users/davispecia/Documents/GitHub/Pf_pipeline_dados/Projeto_final_fase3/venv/lib/python3.9/site-packages/airflow/example_dags/example_branch_day_of_week_operator.py for tasks to queue
[2025-11-27T14:46:33.981-0300] {logging_mixin.py:188} INFO - [2025-11-27T14:46:33.981-0300] {dagbag.py:545} INFO - Filling up the DagBag from /Users/davispecia/Documents/GitHub/Pf_pipeline_dados/Projeto_final_fase3/venv/lib/python3.9/site-packages/airflow/example_dags/example_branch_day_of_week_operator.py
[2025-11-27T14:46:33.986-0300] {processor.py:840} INFO - DAG(s) 'example_weekday_branch_operator' retrieved from /Users/davispecia/Documents/GitHub/Pf_pipeline_dados/Projeto_final_fase3/venv/lib/python3.9/site-packages/airflow/example_dags/example_branch_day_of_week_operator.py
[2025-11-27T14:46:34.057-0300] {logging_mixin.py:188} INFO - [2025-11-27T14:46:34.057-0300] {dag.py:3089} INFO - Sync 1 DAGs
[2025-11-27T14:46:34.066-0300] {logging_mixin.py:188} INFO - [2025-11-27T14:46:34.066-0300] {dag.py:3947} INFO - Setting next_dagrun for example_weekday_branch_operator to 2025-11-26 00:00:00+00:00, run_after=2025-11-27 00:00:00+00:00
[2025-11-27T14:46:34.075-0300] {processor.py:183} INFO - Processing /Users/davispecia/Documents/GitHub/Pf_pipeline_dados/Projeto_final_fase3/venv/lib/python3.9/site-packages/airflow/example_dags/example_branch_day_of_week_operator.py took 0.097 seconds
[2025-11-27T14:48:42.457-0300] {processor.py:161} INFO - Started process (PID=9860) to work on /Users/davispecia/Documents/GitHub/Pf_pipeline_dados/Projeto_final_fase3/venv/lib/python3.9/site-packages/airflow/example_dags/example_branch_day_of_week_operator.py
[2025-11-27T14:48:42.458-0300] {processor.py:830} INFO - Processing file /Users/davispecia/Documents/GitHub/Pf_pipeline_dados/Projeto_final_fase3/venv/lib/python3.9/site-packages/airflow/example_dags/example_branch_day_of_week_operator.py for tasks to queue
[2025-11-27T14:48:42.458-0300] {logging_mixin.py:188} INFO - [2025-11-27T14:48:42.458-0300] {dagbag.py:545} INFO - Filling up the DagBag from /Users/davispecia/Documents/GitHub/Pf_pipeline_dados/Projeto_final_fase3/venv/lib/python3.9/site-packages/airflow/example_dags/example_branch_day_of_week_operator.py
[2025-11-27T14:48:42.464-0300] {processor.py:840} INFO - DAG(s) 'example_weekday_branch_operator' retrieved from /Users/davispecia/Documents/GitHub/Pf_pipeline_dados/Projeto_final_fase3/venv/lib/python3.9/site-packages/airflow/example_dags/example_branch_day_of_week_operator.py
[2025-11-27T14:48:42.534-0300] {logging_mixin.py:188} INFO - [2025-11-27T14:48:42.534-0300] {dag.py:3089} INFO - Sync 1 DAGs
[2025-11-27T14:48:42.543-0300] {logging_mixin.py:188} INFO - [2025-11-27T14:48:42.542-0300] {dag.py:3947} INFO - Setting next_dagrun for example_weekday_branch_operator to 2025-11-26 00:00:00+00:00, run_after=2025-11-27 00:00:00+00:00
[2025-11-27T14:48:42.553-0300] {processor.py:183} INFO - Processing /Users/davispecia/Documents/GitHub/Pf_pipeline_dados/Projeto_final_fase3/venv/lib/python3.9/site-packages/airflow/example_dags/example_branch_day_of_week_operator.py took 0.097 seconds
[2025-11-27T14:50:59.392-0300] {processor.py:161} INFO - Started process (PID=10263) to work on /Users/davispecia/Documents/GitHub/Pf_pipeline_dados/Projeto_final_fase3/venv/lib/python3.9/site-packages/airflow/example_dags/example_branch_day_of_week_operator.py
[2025-11-27T14:50:59.392-0300] {processor.py:830} INFO - Processing file /Users/davispecia/Documents/GitHub/Pf_pipeline_dados/Projeto_final_fase3/venv/lib/python3.9/site-packages/airflow/example_dags/example_branch_day_of_week_operator.py for tasks to queue
[2025-11-27T14:50:59.393-0300] {logging_mixin.py:188} INFO - [2025-11-27T14:50:59.393-0300] {dagbag.py:545} INFO - Filling up the DagBag from /Users/davispecia/Documents/GitHub/Pf_pipeline_dados/Projeto_final_fase3/venv/lib/python3.9/site-packages/airflow/example_dags/example_branch_day_of_week_operator.py
[2025-11-27T14:50:59.398-0300] {processor.py:840} INFO - DAG(s) 'example_weekday_branch_operator' retrieved from /Users/davispecia/Documents/GitHub/Pf_pipeline_dados/Projeto_final_fase3/venv/lib/python3.9/site-packages/airflow/example_dags/example_branch_day_of_week_operator.py
[2025-11-27T14:50:59.468-0300] {logging_mixin.py:188} INFO - [2025-11-27T14:50:59.468-0300] {dag.py:3089} INFO - Sync 1 DAGs
[2025-11-27T14:50:59.477-0300] {logging_mixin.py:188} INFO - [2025-11-27T14:50:59.477-0300] {dag.py:3947} INFO - Setting next_dagrun for example_weekday_branch_operator to 2025-11-26 00:00:00+00:00, run_after=2025-11-27 00:00:00+00:00
[2025-11-27T14:50:59.487-0300] {processor.py:183} INFO - Processing /Users/davispecia/Documents/GitHub/Pf_pipeline_dados/Projeto_final_fase3/venv/lib/python3.9/site-packages/airflow/example_dags/example_branch_day_of_week_operator.py took 0.098 seconds
[2025-11-27T14:53:08.278-0300] {processor.py:161} INFO - Started process (PID=10581) to work on /Users/davispecia/Documents/GitHub/Pf_pipeline_dados/Projeto_final_fase3/venv/lib/python3.9/site-packages/airflow/example_dags/example_branch_day_of_week_operator.py
[2025-11-27T14:53:08.279-0300] {processor.py:830} INFO - Processing file /Users/davispecia/Documents/GitHub/Pf_pipeline_dados/Projeto_final_fase3/venv/lib/python3.9/site-packages/airflow/example_dags/example_branch_day_of_week_operator.py for tasks to queue
[2025-11-27T14:53:08.279-0300] {logging_mixin.py:188} INFO - [2025-11-27T14:53:08.279-0300] {dagbag.py:545} INFO - Filling up the DagBag from /Users/davispecia/Documents/GitHub/Pf_pipeline_dados/Projeto_final_fase3/venv/lib/python3.9/site-packages/airflow/example_dags/example_branch_day_of_week_operator.py
[2025-11-27T14:53:08.285-0300] {processor.py:840} INFO - DAG(s) 'example_weekday_branch_operator' retrieved from /Users/davispecia/Documents/GitHub/Pf_pipeline_dados/Projeto_final_fase3/venv/lib/python3.9/site-packages/airflow/example_dags/example_branch_day_of_week_operator.py
[2025-11-27T14:53:08.361-0300] {logging_mixin.py:188} INFO - [2025-11-27T14:53:08.361-0300] {dag.py:3089} INFO - Sync 1 DAGs
[2025-11-27T14:53:08.370-0300] {logging_mixin.py:188} INFO - [2025-11-27T14:53:08.370-0300] {dag.py:3947} INFO - Setting next_dagrun for example_weekday_branch_operator to 2025-11-26 00:00:00+00:00, run_after=2025-11-27 00:00:00+00:00
[2025-11-27T14:53:08.379-0300] {processor.py:183} INFO - Processing /Users/davispecia/Documents/GitHub/Pf_pipeline_dados/Projeto_final_fase3/venv/lib/python3.9/site-packages/airflow/example_dags/example_branch_day_of_week_operator.py took 0.103 seconds
[2025-11-27T14:55:10.912-0300] {processor.py:161} INFO - Started process (PID=10875) to work on /Users/davispecia/Documents/GitHub/Pf_pipeline_dados/Projeto_final_fase3/venv/lib/python3.9/site-packages/airflow/example_dags/example_branch_day_of_week_operator.py
[2025-11-27T14:55:10.912-0300] {processor.py:830} INFO - Processing file /Users/davispecia/Documents/GitHub/Pf_pipeline_dados/Projeto_final_fase3/venv/lib/python3.9/site-packages/airflow/example_dags/example_branch_day_of_week_operator.py for tasks to queue
[2025-11-27T14:55:10.913-0300] {logging_mixin.py:188} INFO - [2025-11-27T14:55:10.913-0300] {dagbag.py:545} INFO - Filling up the DagBag from /Users/davispecia/Documents/GitHub/Pf_pipeline_dados/Projeto_final_fase3/venv/lib/python3.9/site-packages/airflow/example_dags/example_branch_day_of_week_operator.py
[2025-11-27T14:55:10.919-0300] {processor.py:840} INFO - DAG(s) 'example_weekday_branch_operator' retrieved from /Users/davispecia/Documents/GitHub/Pf_pipeline_dados/Projeto_final_fase3/venv/lib/python3.9/site-packages/airflow/example_dags/example_branch_day_of_week_operator.py
[2025-11-27T14:55:10.991-0300] {logging_mixin.py:188} INFO - [2025-11-27T14:55:10.991-0300] {dag.py:3089} INFO - Sync 1 DAGs
[2025-11-27T14:55:11.000-0300] {logging_mixin.py:188} INFO - [2025-11-27T14:55:11.000-0300] {dag.py:3947} INFO - Setting next_dagrun for example_weekday_branch_operator to 2025-11-26 00:00:00+00:00, run_after=2025-11-27 00:00:00+00:00
[2025-11-27T14:55:11.009-0300] {processor.py:183} INFO - Processing /Users/davispecia/Documents/GitHub/Pf_pipeline_dados/Projeto_final_fase3/venv/lib/python3.9/site-packages/airflow/example_dags/example_branch_day_of_week_operator.py took 0.099 seconds
[2025-11-27T14:57:24.787-0300] {processor.py:161} INFO - Started process (PID=11268) to work on /Users/davispecia/Documents/GitHub/Pf_pipeline_dados/Projeto_final_fase3/venv/lib/python3.9/site-packages/airflow/example_dags/example_branch_day_of_week_operator.py
[2025-11-27T14:57:24.789-0300] {processor.py:830} INFO - Processing file /Users/davispecia/Documents/GitHub/Pf_pipeline_dados/Projeto_final_fase3/venv/lib/python3.9/site-packages/airflow/example_dags/example_branch_day_of_week_operator.py for tasks to queue
[2025-11-27T14:57:24.789-0300] {logging_mixin.py:188} INFO - [2025-11-27T14:57:24.789-0300] {dagbag.py:545} INFO - Filling up the DagBag from /Users/davispecia/Documents/GitHub/Pf_pipeline_dados/Projeto_final_fase3/venv/lib/python3.9/site-packages/airflow/example_dags/example_branch_day_of_week_operator.py
[2025-11-27T14:57:24.794-0300] {processor.py:840} INFO - DAG(s) 'example_weekday_branch_operator' retrieved from /Users/davispecia/Documents/GitHub/Pf_pipeline_dados/Projeto_final_fase3/venv/lib/python3.9/site-packages/airflow/example_dags/example_branch_day_of_week_operator.py
[2025-11-27T14:57:24.862-0300] {logging_mixin.py:188} INFO - [2025-11-27T14:57:24.862-0300] {dag.py:3089} INFO - Sync 1 DAGs
[2025-11-27T14:57:24.871-0300] {logging_mixin.py:188} INFO - [2025-11-27T14:57:24.871-0300] {dag.py:3947} INFO - Setting next_dagrun for example_weekday_branch_operator to 2025-11-26 00:00:00+00:00, run_after=2025-11-27 00:00:00+00:00
[2025-11-27T14:57:24.880-0300] {processor.py:183} INFO - Processing /Users/davispecia/Documents/GitHub/Pf_pipeline_dados/Projeto_final_fase3/venv/lib/python3.9/site-packages/airflow/example_dags/example_branch_day_of_week_operator.py took 0.094 seconds
[2025-11-27T14:59:32.497-0300] {processor.py:161} INFO - Started process (PID=11573) to work on /Users/davispecia/Documents/GitHub/Pf_pipeline_dados/Projeto_final_fase3/venv/lib/python3.9/site-packages/airflow/example_dags/example_branch_day_of_week_operator.py
[2025-11-27T14:59:32.497-0300] {processor.py:830} INFO - Processing file /Users/davispecia/Documents/GitHub/Pf_pipeline_dados/Projeto_final_fase3/venv/lib/python3.9/site-packages/airflow/example_dags/example_branch_day_of_week_operator.py for tasks to queue
[2025-11-27T14:59:32.498-0300] {logging_mixin.py:188} INFO - [2025-11-27T14:59:32.498-0300] {dagbag.py:545} INFO - Filling up the DagBag from /Users/davispecia/Documents/GitHub/Pf_pipeline_dados/Projeto_final_fase3/venv/lib/python3.9/site-packages/airflow/example_dags/example_branch_day_of_week_operator.py
[2025-11-27T14:59:32.503-0300] {processor.py:840} INFO - DAG(s) 'example_weekday_branch_operator' retrieved from /Users/davispecia/Documents/GitHub/Pf_pipeline_dados/Projeto_final_fase3/venv/lib/python3.9/site-packages/airflow/example_dags/example_branch_day_of_week_operator.py
[2025-11-27T14:59:32.572-0300] {logging_mixin.py:188} INFO - [2025-11-27T14:59:32.572-0300] {dag.py:3089} INFO - Sync 1 DAGs
[2025-11-27T14:59:32.582-0300] {logging_mixin.py:188} INFO - [2025-11-27T14:59:32.582-0300] {dag.py:3947} INFO - Setting next_dagrun for example_weekday_branch_operator to 2025-11-26 00:00:00+00:00, run_after=2025-11-27 00:00:00+00:00
[2025-11-27T14:59:32.590-0300] {processor.py:183} INFO - Processing /Users/davispecia/Documents/GitHub/Pf_pipeline_dados/Projeto_final_fase3/venv/lib/python3.9/site-packages/airflow/example_dags/example_branch_day_of_week_operator.py took 0.096 seconds
[2025-11-27T15:01:46.384-0300] {processor.py:161} INFO - Started process (PID=11951) to work on /Users/davispecia/Documents/GitHub/Pf_pipeline_dados/Projeto_final_fase3/venv/lib/python3.9/site-packages/airflow/example_dags/example_branch_day_of_week_operator.py
[2025-11-27T15:01:46.385-0300] {processor.py:830} INFO - Processing file /Users/davispecia/Documents/GitHub/Pf_pipeline_dados/Projeto_final_fase3/venv/lib/python3.9/site-packages/airflow/example_dags/example_branch_day_of_week_operator.py for tasks to queue
[2025-11-27T15:01:46.385-0300] {logging_mixin.py:188} INFO - [2025-11-27T15:01:46.385-0300] {dagbag.py:545} INFO - Filling up the DagBag from /Users/davispecia/Documents/GitHub/Pf_pipeline_dados/Projeto_final_fase3/venv/lib/python3.9/site-packages/airflow/example_dags/example_branch_day_of_week_operator.py
[2025-11-27T15:01:46.390-0300] {processor.py:840} INFO - DAG(s) 'example_weekday_branch_operator' retrieved from /Users/davispecia/Documents/GitHub/Pf_pipeline_dados/Projeto_final_fase3/venv/lib/python3.9/site-packages/airflow/example_dags/example_branch_day_of_week_operator.py
[2025-11-27T15:01:46.460-0300] {logging_mixin.py:188} INFO - [2025-11-27T15:01:46.460-0300] {dag.py:3089} INFO - Sync 1 DAGs
[2025-11-27T15:01:46.468-0300] {logging_mixin.py:188} INFO - [2025-11-27T15:01:46.468-0300] {dag.py:3947} INFO - Setting next_dagrun for example_weekday_branch_operator to 2025-11-26 00:00:00+00:00, run_after=2025-11-27 00:00:00+00:00
[2025-11-27T15:01:46.477-0300] {processor.py:183} INFO - Processing /Users/davispecia/Documents/GitHub/Pf_pipeline_dados/Projeto_final_fase3/venv/lib/python3.9/site-packages/airflow/example_dags/example_branch_day_of_week_operator.py took 0.095 seconds
[2025-11-27T15:03:54.628-0300] {processor.py:161} INFO - Started process (PID=12256) to work on /Users/davispecia/Documents/GitHub/Pf_pipeline_dados/Projeto_final_fase3/venv/lib/python3.9/site-packages/airflow/example_dags/example_branch_day_of_week_operator.py
[2025-11-27T15:03:54.629-0300] {processor.py:830} INFO - Processing file /Users/davispecia/Documents/GitHub/Pf_pipeline_dados/Projeto_final_fase3/venv/lib/python3.9/site-packages/airflow/example_dags/example_branch_day_of_week_operator.py for tasks to queue
[2025-11-27T15:03:54.629-0300] {logging_mixin.py:188} INFO - [2025-11-27T15:03:54.629-0300] {dagbag.py:545} INFO - Filling up the DagBag from /Users/davispecia/Documents/GitHub/Pf_pipeline_dados/Projeto_final_fase3/venv/lib/python3.9/site-packages/airflow/example_dags/example_branch_day_of_week_operator.py
[2025-11-27T15:03:54.635-0300] {processor.py:840} INFO - DAG(s) 'example_weekday_branch_operator' retrieved from /Users/davispecia/Documents/GitHub/Pf_pipeline_dados/Projeto_final_fase3/venv/lib/python3.9/site-packages/airflow/example_dags/example_branch_day_of_week_operator.py
[2025-11-27T15:03:54.703-0300] {logging_mixin.py:188} INFO - [2025-11-27T15:03:54.702-0300] {dag.py:3089} INFO - Sync 1 DAGs
[2025-11-27T15:03:54.712-0300] {logging_mixin.py:188} INFO - [2025-11-27T15:03:54.712-0300] {dag.py:3947} INFO - Setting next_dagrun for example_weekday_branch_operator to 2025-11-26 00:00:00+00:00, run_after=2025-11-27 00:00:00+00:00
[2025-11-27T15:03:54.721-0300] {processor.py:183} INFO - Processing /Users/davispecia/Documents/GitHub/Pf_pipeline_dados/Projeto_final_fase3/venv/lib/python3.9/site-packages/airflow/example_dags/example_branch_day_of_week_operator.py took 0.094 seconds
[2025-11-27T15:06:01.321-0300] {processor.py:161} INFO - Started process (PID=12561) to work on /Users/davispecia/Documents/GitHub/Pf_pipeline_dados/Projeto_final_fase3/venv/lib/python3.9/site-packages/airflow/example_dags/example_branch_day_of_week_operator.py
[2025-11-27T15:06:01.322-0300] {processor.py:830} INFO - Processing file /Users/davispecia/Documents/GitHub/Pf_pipeline_dados/Projeto_final_fase3/venv/lib/python3.9/site-packages/airflow/example_dags/example_branch_day_of_week_operator.py for tasks to queue
[2025-11-27T15:06:01.322-0300] {logging_mixin.py:188} INFO - [2025-11-27T15:06:01.322-0300] {dagbag.py:545} INFO - Filling up the DagBag from /Users/davispecia/Documents/GitHub/Pf_pipeline_dados/Projeto_final_fase3/venv/lib/python3.9/site-packages/airflow/example_dags/example_branch_day_of_week_operator.py
[2025-11-27T15:06:01.327-0300] {processor.py:840} INFO - DAG(s) 'example_weekday_branch_operator' retrieved from /Users/davispecia/Documents/GitHub/Pf_pipeline_dados/Projeto_final_fase3/venv/lib/python3.9/site-packages/airflow/example_dags/example_branch_day_of_week_operator.py
[2025-11-27T15:06:01.395-0300] {logging_mixin.py:188} INFO - [2025-11-27T15:06:01.395-0300] {dag.py:3089} INFO - Sync 1 DAGs
[2025-11-27T15:06:01.405-0300] {logging_mixin.py:188} INFO - [2025-11-27T15:06:01.405-0300] {dag.py:3947} INFO - Setting next_dagrun for example_weekday_branch_operator to 2025-11-26 00:00:00+00:00, run_after=2025-11-27 00:00:00+00:00
[2025-11-27T15:06:01.413-0300] {processor.py:183} INFO - Processing /Users/davispecia/Documents/GitHub/Pf_pipeline_dados/Projeto_final_fase3/venv/lib/python3.9/site-packages/airflow/example_dags/example_branch_day_of_week_operator.py took 0.094 seconds
[2025-11-27T15:08:18.345-0300] {processor.py:161} INFO - Started process (PID=12943) to work on /Users/davispecia/Documents/GitHub/Pf_pipeline_dados/Projeto_final_fase3/venv/lib/python3.9/site-packages/airflow/example_dags/example_branch_day_of_week_operator.py
[2025-11-27T15:08:18.346-0300] {processor.py:830} INFO - Processing file /Users/davispecia/Documents/GitHub/Pf_pipeline_dados/Projeto_final_fase3/venv/lib/python3.9/site-packages/airflow/example_dags/example_branch_day_of_week_operator.py for tasks to queue
[2025-11-27T15:08:18.346-0300] {logging_mixin.py:188} INFO - [2025-11-27T15:08:18.346-0300] {dagbag.py:545} INFO - Filling up the DagBag from /Users/davispecia/Documents/GitHub/Pf_pipeline_dados/Projeto_final_fase3/venv/lib/python3.9/site-packages/airflow/example_dags/example_branch_day_of_week_operator.py
[2025-11-27T15:08:18.352-0300] {processor.py:840} INFO - DAG(s) 'example_weekday_branch_operator' retrieved from /Users/davispecia/Documents/GitHub/Pf_pipeline_dados/Projeto_final_fase3/venv/lib/python3.9/site-packages/airflow/example_dags/example_branch_day_of_week_operator.py
[2025-11-27T15:08:18.420-0300] {logging_mixin.py:188} INFO - [2025-11-27T15:08:18.420-0300] {dag.py:3089} INFO - Sync 1 DAGs
[2025-11-27T15:08:18.429-0300] {logging_mixin.py:188} INFO - [2025-11-27T15:08:18.429-0300] {dag.py:3947} INFO - Setting next_dagrun for example_weekday_branch_operator to 2025-11-26 00:00:00+00:00, run_after=2025-11-27 00:00:00+00:00
[2025-11-27T15:08:18.438-0300] {processor.py:183} INFO - Processing /Users/davispecia/Documents/GitHub/Pf_pipeline_dados/Projeto_final_fase3/venv/lib/python3.9/site-packages/airflow/example_dags/example_branch_day_of_week_operator.py took 0.094 seconds
[2025-11-27T15:10:24.161-0300] {processor.py:161} INFO - Started process (PID=13248) to work on /Users/davispecia/Documents/GitHub/Pf_pipeline_dados/Projeto_final_fase3/venv/lib/python3.9/site-packages/airflow/example_dags/example_branch_day_of_week_operator.py
[2025-11-27T15:10:24.161-0300] {processor.py:830} INFO - Processing file /Users/davispecia/Documents/GitHub/Pf_pipeline_dados/Projeto_final_fase3/venv/lib/python3.9/site-packages/airflow/example_dags/example_branch_day_of_week_operator.py for tasks to queue
[2025-11-27T15:10:24.162-0300] {logging_mixin.py:188} INFO - [2025-11-27T15:10:24.162-0300] {dagbag.py:545} INFO - Filling up the DagBag from /Users/davispecia/Documents/GitHub/Pf_pipeline_dados/Projeto_final_fase3/venv/lib/python3.9/site-packages/airflow/example_dags/example_branch_day_of_week_operator.py
[2025-11-27T15:10:24.167-0300] {processor.py:840} INFO - DAG(s) 'example_weekday_branch_operator' retrieved from /Users/davispecia/Documents/GitHub/Pf_pipeline_dados/Projeto_final_fase3/venv/lib/python3.9/site-packages/airflow/example_dags/example_branch_day_of_week_operator.py
[2025-11-27T15:10:24.239-0300] {logging_mixin.py:188} INFO - [2025-11-27T15:10:24.239-0300] {dag.py:3089} INFO - Sync 1 DAGs
[2025-11-27T15:10:24.248-0300] {logging_mixin.py:188} INFO - [2025-11-27T15:10:24.248-0300] {dag.py:3947} INFO - Setting next_dagrun for example_weekday_branch_operator to 2025-11-26 00:00:00+00:00, run_after=2025-11-27 00:00:00+00:00
[2025-11-27T15:10:24.256-0300] {processor.py:183} INFO - Processing /Users/davispecia/Documents/GitHub/Pf_pipeline_dados/Projeto_final_fase3/venv/lib/python3.9/site-packages/airflow/example_dags/example_branch_day_of_week_operator.py took 0.098 seconds
[2025-11-27T15:12:30.930-0300] {processor.py:161} INFO - Started process (PID=13635) to work on /Users/davispecia/Documents/GitHub/Pf_pipeline_dados/Projeto_final_fase3/venv/lib/python3.9/site-packages/airflow/example_dags/example_branch_day_of_week_operator.py
[2025-11-27T15:12:30.931-0300] {processor.py:830} INFO - Processing file /Users/davispecia/Documents/GitHub/Pf_pipeline_dados/Projeto_final_fase3/venv/lib/python3.9/site-packages/airflow/example_dags/example_branch_day_of_week_operator.py for tasks to queue
[2025-11-27T15:12:30.931-0300] {logging_mixin.py:188} INFO - [2025-11-27T15:12:30.931-0300] {dagbag.py:545} INFO - Filling up the DagBag from /Users/davispecia/Documents/GitHub/Pf_pipeline_dados/Projeto_final_fase3/venv/lib/python3.9/site-packages/airflow/example_dags/example_branch_day_of_week_operator.py
[2025-11-27T15:12:30.937-0300] {processor.py:840} INFO - DAG(s) 'example_weekday_branch_operator' retrieved from /Users/davispecia/Documents/GitHub/Pf_pipeline_dados/Projeto_final_fase3/venv/lib/python3.9/site-packages/airflow/example_dags/example_branch_day_of_week_operator.py
[2025-11-27T15:12:31.008-0300] {logging_mixin.py:188} INFO - [2025-11-27T15:12:31.008-0300] {dag.py:3089} INFO - Sync 1 DAGs
[2025-11-27T15:12:31.018-0300] {logging_mixin.py:188} INFO - [2025-11-27T15:12:31.018-0300] {dag.py:3947} INFO - Setting next_dagrun for example_weekday_branch_operator to 2025-11-26 00:00:00+00:00, run_after=2025-11-27 00:00:00+00:00
[2025-11-27T15:12:31.027-0300] {processor.py:183} INFO - Processing /Users/davispecia/Documents/GitHub/Pf_pipeline_dados/Projeto_final_fase3/venv/lib/python3.9/site-packages/airflow/example_dags/example_branch_day_of_week_operator.py took 0.099 seconds
[2025-11-27T15:14:35.565-0300] {processor.py:161} INFO - Started process (PID=14006) to work on /Users/davispecia/Documents/GitHub/Pf_pipeline_dados/Projeto_final_fase3/venv/lib/python3.9/site-packages/airflow/example_dags/example_branch_day_of_week_operator.py
[2025-11-27T15:14:35.565-0300] {processor.py:830} INFO - Processing file /Users/davispecia/Documents/GitHub/Pf_pipeline_dados/Projeto_final_fase3/venv/lib/python3.9/site-packages/airflow/example_dags/example_branch_day_of_week_operator.py for tasks to queue
[2025-11-27T15:14:35.566-0300] {logging_mixin.py:188} INFO - [2025-11-27T15:14:35.565-0300] {dagbag.py:545} INFO - Filling up the DagBag from /Users/davispecia/Documents/GitHub/Pf_pipeline_dados/Projeto_final_fase3/venv/lib/python3.9/site-packages/airflow/example_dags/example_branch_day_of_week_operator.py
[2025-11-27T15:14:35.571-0300] {processor.py:840} INFO - DAG(s) 'example_weekday_branch_operator' retrieved from /Users/davispecia/Documents/GitHub/Pf_pipeline_dados/Projeto_final_fase3/venv/lib/python3.9/site-packages/airflow/example_dags/example_branch_day_of_week_operator.py
[2025-11-27T15:14:35.643-0300] {logging_mixin.py:188} INFO - [2025-11-27T15:14:35.643-0300] {dag.py:3089} INFO - Sync 1 DAGs
[2025-11-27T15:14:35.652-0300] {logging_mixin.py:188} INFO - [2025-11-27T15:14:35.652-0300] {dag.py:3947} INFO - Setting next_dagrun for example_weekday_branch_operator to 2025-11-26 00:00:00+00:00, run_after=2025-11-27 00:00:00+00:00
[2025-11-27T15:14:35.660-0300] {processor.py:183} INFO - Processing /Users/davispecia/Documents/GitHub/Pf_pipeline_dados/Projeto_final_fase3/venv/lib/python3.9/site-packages/airflow/example_dags/example_branch_day_of_week_operator.py took 0.097 seconds
[2025-11-27T15:16:35.924-0300] {processor.py:161} INFO - Started process (PID=14297) to work on /Users/davispecia/Documents/GitHub/Pf_pipeline_dados/Projeto_final_fase3/venv/lib/python3.9/site-packages/airflow/example_dags/example_branch_day_of_week_operator.py
[2025-11-27T15:16:35.925-0300] {processor.py:830} INFO - Processing file /Users/davispecia/Documents/GitHub/Pf_pipeline_dados/Projeto_final_fase3/venv/lib/python3.9/site-packages/airflow/example_dags/example_branch_day_of_week_operator.py for tasks to queue
[2025-11-27T15:16:35.925-0300] {logging_mixin.py:188} INFO - [2025-11-27T15:16:35.925-0300] {dagbag.py:545} INFO - Filling up the DagBag from /Users/davispecia/Documents/GitHub/Pf_pipeline_dados/Projeto_final_fase3/venv/lib/python3.9/site-packages/airflow/example_dags/example_branch_day_of_week_operator.py
[2025-11-27T15:16:35.931-0300] {processor.py:840} INFO - DAG(s) 'example_weekday_branch_operator' retrieved from /Users/davispecia/Documents/GitHub/Pf_pipeline_dados/Projeto_final_fase3/venv/lib/python3.9/site-packages/airflow/example_dags/example_branch_day_of_week_operator.py
[2025-11-27T15:16:35.999-0300] {logging_mixin.py:188} INFO - [2025-11-27T15:16:35.999-0300] {dag.py:3089} INFO - Sync 1 DAGs
[2025-11-27T15:16:36.007-0300] {logging_mixin.py:188} INFO - [2025-11-27T15:16:36.007-0300] {dag.py:3947} INFO - Setting next_dagrun for example_weekday_branch_operator to 2025-11-26 00:00:00+00:00, run_after=2025-11-27 00:00:00+00:00
[2025-11-27T15:16:36.016-0300] {processor.py:183} INFO - Processing /Users/davispecia/Documents/GitHub/Pf_pipeline_dados/Projeto_final_fase3/venv/lib/python3.9/site-packages/airflow/example_dags/example_branch_day_of_week_operator.py took 0.094 seconds
[2025-11-27T15:18:47.391-0300] {processor.py:161} INFO - Started process (PID=14681) to work on /Users/davispecia/Documents/GitHub/Pf_pipeline_dados/Projeto_final_fase3/venv/lib/python3.9/site-packages/airflow/example_dags/example_branch_day_of_week_operator.py
[2025-11-27T15:18:47.391-0300] {processor.py:830} INFO - Processing file /Users/davispecia/Documents/GitHub/Pf_pipeline_dados/Projeto_final_fase3/venv/lib/python3.9/site-packages/airflow/example_dags/example_branch_day_of_week_operator.py for tasks to queue
[2025-11-27T15:18:47.392-0300] {logging_mixin.py:188} INFO - [2025-11-27T15:18:47.392-0300] {dagbag.py:545} INFO - Filling up the DagBag from /Users/davispecia/Documents/GitHub/Pf_pipeline_dados/Projeto_final_fase3/venv/lib/python3.9/site-packages/airflow/example_dags/example_branch_day_of_week_operator.py
[2025-11-27T15:18:47.397-0300] {processor.py:840} INFO - DAG(s) 'example_weekday_branch_operator' retrieved from /Users/davispecia/Documents/GitHub/Pf_pipeline_dados/Projeto_final_fase3/venv/lib/python3.9/site-packages/airflow/example_dags/example_branch_day_of_week_operator.py
[2025-11-27T15:18:47.466-0300] {logging_mixin.py:188} INFO - [2025-11-27T15:18:47.466-0300] {dag.py:3089} INFO - Sync 1 DAGs
[2025-11-27T15:18:47.475-0300] {logging_mixin.py:188} INFO - [2025-11-27T15:18:47.475-0300] {dag.py:3947} INFO - Setting next_dagrun for example_weekday_branch_operator to 2025-11-26 00:00:00+00:00, run_after=2025-11-27 00:00:00+00:00
[2025-11-27T15:18:47.485-0300] {processor.py:183} INFO - Processing /Users/davispecia/Documents/GitHub/Pf_pipeline_dados/Projeto_final_fase3/venv/lib/python3.9/site-packages/airflow/example_dags/example_branch_day_of_week_operator.py took 0.096 seconds
[2025-11-27T15:24:22.828-0300] {processor.py:161} INFO - Started process (PID=15037) to work on /Users/davispecia/Documents/GitHub/Pf_pipeline_dados/Projeto_final_fase3/venv/lib/python3.9/site-packages/airflow/example_dags/example_branch_day_of_week_operator.py
[2025-11-27T15:24:22.829-0300] {processor.py:830} INFO - Processing file /Users/davispecia/Documents/GitHub/Pf_pipeline_dados/Projeto_final_fase3/venv/lib/python3.9/site-packages/airflow/example_dags/example_branch_day_of_week_operator.py for tasks to queue
[2025-11-27T15:24:22.829-0300] {logging_mixin.py:188} INFO - [2025-11-27T15:24:22.829-0300] {dagbag.py:545} INFO - Filling up the DagBag from /Users/davispecia/Documents/GitHub/Pf_pipeline_dados/Projeto_final_fase3/venv/lib/python3.9/site-packages/airflow/example_dags/example_branch_day_of_week_operator.py
[2025-11-27T15:24:22.835-0300] {processor.py:840} INFO - DAG(s) 'example_weekday_branch_operator' retrieved from /Users/davispecia/Documents/GitHub/Pf_pipeline_dados/Projeto_final_fase3/venv/lib/python3.9/site-packages/airflow/example_dags/example_branch_day_of_week_operator.py
[2025-11-27T15:24:22.907-0300] {logging_mixin.py:188} INFO - [2025-11-27T15:24:22.907-0300] {dag.py:3089} INFO - Sync 1 DAGs
[2025-11-27T15:24:22.916-0300] {logging_mixin.py:188} INFO - [2025-11-27T15:24:22.916-0300] {dag.py:3947} INFO - Setting next_dagrun for example_weekday_branch_operator to 2025-11-26 00:00:00+00:00, run_after=2025-11-27 00:00:00+00:00
[2025-11-27T15:24:22.926-0300] {processor.py:183} INFO - Processing /Users/davispecia/Documents/GitHub/Pf_pipeline_dados/Projeto_final_fase3/venv/lib/python3.9/site-packages/airflow/example_dags/example_branch_day_of_week_operator.py took 0.100 seconds
[2025-11-27T15:26:35.680-0300] {processor.py:161} INFO - Started process (PID=15418) to work on /Users/davispecia/Documents/GitHub/Pf_pipeline_dados/Projeto_final_fase3/venv/lib/python3.9/site-packages/airflow/example_dags/example_branch_day_of_week_operator.py
[2025-11-27T15:26:35.681-0300] {processor.py:830} INFO - Processing file /Users/davispecia/Documents/GitHub/Pf_pipeline_dados/Projeto_final_fase3/venv/lib/python3.9/site-packages/airflow/example_dags/example_branch_day_of_week_operator.py for tasks to queue
[2025-11-27T15:26:35.681-0300] {logging_mixin.py:188} INFO - [2025-11-27T15:26:35.681-0300] {dagbag.py:545} INFO - Filling up the DagBag from /Users/davispecia/Documents/GitHub/Pf_pipeline_dados/Projeto_final_fase3/venv/lib/python3.9/site-packages/airflow/example_dags/example_branch_day_of_week_operator.py
[2025-11-27T15:26:35.687-0300] {processor.py:840} INFO - DAG(s) 'example_weekday_branch_operator' retrieved from /Users/davispecia/Documents/GitHub/Pf_pipeline_dados/Projeto_final_fase3/venv/lib/python3.9/site-packages/airflow/example_dags/example_branch_day_of_week_operator.py
[2025-11-27T15:26:35.759-0300] {logging_mixin.py:188} INFO - [2025-11-27T15:26:35.759-0300] {dag.py:3089} INFO - Sync 1 DAGs
[2025-11-27T15:26:35.768-0300] {logging_mixin.py:188} INFO - [2025-11-27T15:26:35.767-0300] {dag.py:3947} INFO - Setting next_dagrun for example_weekday_branch_operator to 2025-11-26 00:00:00+00:00, run_after=2025-11-27 00:00:00+00:00
[2025-11-27T15:26:35.777-0300] {processor.py:183} INFO - Processing /Users/davispecia/Documents/GitHub/Pf_pipeline_dados/Projeto_final_fase3/venv/lib/python3.9/site-packages/airflow/example_dags/example_branch_day_of_week_operator.py took 0.099 seconds
