[2025-11-27T11:12:38.178-0300] {processor.py:161} INFO - Started process (PID=88933) to work on /Users/davispecia/Documents/GitHub/Pf_pipeline_dados/Projeto_final_fase3/venv/lib/python3.9/site-packages/airflow/example_dags/example_params_trigger_ui.py
[2025-11-27T11:12:38.179-0300] {processor.py:830} INFO - Processing file /Users/davispecia/Documents/GitHub/Pf_pipeline_dados/Projeto_final_fase3/venv/lib/python3.9/site-packages/airflow/example_dags/example_params_trigger_ui.py for tasks to queue
[2025-11-27T11:12:38.179-0300] {logging_mixin.py:188} INFO - [2025-11-27T11:12:38.179-0300] {dagbag.py:545} INFO - Filling up the DagBag from /Users/davispecia/Documents/GitHub/Pf_pipeline_dados/Projeto_final_fase3/venv/lib/python3.9/site-packages/airflow/example_dags/example_params_trigger_ui.py
[2025-11-27T11:12:38.198-0300] {processor.py:840} INFO - DAG(s) 'example_params_trigger_ui' retrieved from /Users/davispecia/Documents/GitHub/Pf_pipeline_dados/Projeto_final_fase3/venv/lib/python3.9/site-packages/airflow/example_dags/example_params_trigger_ui.py
[2025-11-27T11:12:38.324-0300] {logging_mixin.py:188} INFO - [2025-11-27T11:12:38.324-0300] {override.py:1858} INFO - Created Permission View: can read on DAG:example_params_trigger_ui
[2025-11-27T11:12:38.328-0300] {logging_mixin.py:188} INFO - [2025-11-27T11:12:38.328-0300] {override.py:1858} INFO - Created Permission View: can delete on DAG:example_params_trigger_ui
[2025-11-27T11:12:38.330-0300] {logging_mixin.py:188} INFO - [2025-11-27T11:12:38.330-0300] {override.py:1858} INFO - Created Permission View: can edit on DAG:example_params_trigger_ui
[2025-11-27T11:12:38.331-0300] {logging_mixin.py:188} INFO - [2025-11-27T11:12:38.330-0300] {dag.py:3089} INFO - Sync 1 DAGs
[2025-11-27T11:12:38.335-0300] {logging_mixin.py:188} INFO - [2025-11-27T11:12:38.335-0300] {dag.py:3111} INFO - Creating ORM DAG for example_params_trigger_ui
[2025-11-27T11:12:38.336-0300] {logging_mixin.py:188} INFO - [2025-11-27T11:12:38.336-0300] {dag.py:3947} INFO - Setting next_dagrun for example_params_trigger_ui to None, run_after=None
[2025-11-27T11:12:38.344-0300] {processor.py:183} INFO - Processing /Users/davispecia/Documents/GitHub/Pf_pipeline_dados/Projeto_final_fase3/venv/lib/python3.9/site-packages/airflow/example_dags/example_params_trigger_ui.py took 0.168 seconds
[2025-11-27T11:14:20.190-0300] {processor.py:161} INFO - Started process (PID=89555) to work on /Users/davispecia/Documents/GitHub/Pf_pipeline_dados/Projeto_final_fase3/venv/lib/python3.9/site-packages/airflow/example_dags/example_params_trigger_ui.py
[2025-11-27T11:14:20.190-0300] {processor.py:830} INFO - Processing file /Users/davispecia/Documents/GitHub/Pf_pipeline_dados/Projeto_final_fase3/venv/lib/python3.9/site-packages/airflow/example_dags/example_params_trigger_ui.py for tasks to queue
[2025-11-27T11:14:20.190-0300] {logging_mixin.py:188} INFO - [2025-11-27T11:14:20.190-0300] {dagbag.py:545} INFO - Filling up the DagBag from /Users/davispecia/Documents/GitHub/Pf_pipeline_dados/Projeto_final_fase3/venv/lib/python3.9/site-packages/airflow/example_dags/example_params_trigger_ui.py
[2025-11-27T11:14:20.216-0300] {processor.py:840} INFO - DAG(s) 'example_params_trigger_ui' retrieved from /Users/davispecia/Documents/GitHub/Pf_pipeline_dados/Projeto_final_fase3/venv/lib/python3.9/site-packages/airflow/example_dags/example_params_trigger_ui.py
[2025-11-27T11:14:20.416-0300] {logging_mixin.py:188} INFO - [2025-11-27T11:14:20.416-0300] {dag.py:3089} INFO - Sync 1 DAGs
[2025-11-27T11:14:20.430-0300] {logging_mixin.py:188} INFO - [2025-11-27T11:14:20.430-0300] {dag.py:3947} INFO - Setting next_dagrun for example_params_trigger_ui to None, run_after=None
[2025-11-27T11:14:20.450-0300] {processor.py:183} INFO - Processing /Users/davispecia/Documents/GitHub/Pf_pipeline_dados/Projeto_final_fase3/venv/lib/python3.9/site-packages/airflow/example_dags/example_params_trigger_ui.py took 0.263 seconds
[2025-11-27T11:17:46.111-0300] {processor.py:161} INFO - Started process (PID=91036) to work on /Users/davispecia/Documents/GitHub/Pf_pipeline_dados/Projeto_final_fase3/venv/lib/python3.9/site-packages/airflow/example_dags/example_params_trigger_ui.py
[2025-11-27T11:17:46.112-0300] {processor.py:830} INFO - Processing file /Users/davispecia/Documents/GitHub/Pf_pipeline_dados/Projeto_final_fase3/venv/lib/python3.9/site-packages/airflow/example_dags/example_params_trigger_ui.py for tasks to queue
[2025-11-27T11:17:46.112-0300] {logging_mixin.py:188} INFO - [2025-11-27T11:17:46.112-0300] {dagbag.py:545} INFO - Filling up the DagBag from /Users/davispecia/Documents/GitHub/Pf_pipeline_dados/Projeto_final_fase3/venv/lib/python3.9/site-packages/airflow/example_dags/example_params_trigger_ui.py
[2025-11-27T11:17:46.132-0300] {processor.py:840} INFO - DAG(s) 'example_params_trigger_ui' retrieved from /Users/davispecia/Documents/GitHub/Pf_pipeline_dados/Projeto_final_fase3/venv/lib/python3.9/site-packages/airflow/example_dags/example_params_trigger_ui.py
[2025-11-27T11:17:46.219-0300] {logging_mixin.py:188} INFO - [2025-11-27T11:17:46.219-0300] {dag.py:3089} INFO - Sync 1 DAGs
[2025-11-27T11:17:46.224-0300] {logging_mixin.py:188} INFO - [2025-11-27T11:17:46.224-0300] {dag.py:3947} INFO - Setting next_dagrun for example_params_trigger_ui to None, run_after=None
[2025-11-27T11:17:46.233-0300] {processor.py:183} INFO - Processing /Users/davispecia/Documents/GitHub/Pf_pipeline_dados/Projeto_final_fase3/venv/lib/python3.9/site-packages/airflow/example_dags/example_params_trigger_ui.py took 0.124 seconds
[2025-11-27T11:20:02.423-0300] {processor.py:161} INFO - Started process (PID=91422) to work on /Users/davispecia/Documents/GitHub/Pf_pipeline_dados/Projeto_final_fase3/venv/lib/python3.9/site-packages/airflow/example_dags/example_params_trigger_ui.py
[2025-11-27T11:20:02.423-0300] {processor.py:830} INFO - Processing file /Users/davispecia/Documents/GitHub/Pf_pipeline_dados/Projeto_final_fase3/venv/lib/python3.9/site-packages/airflow/example_dags/example_params_trigger_ui.py for tasks to queue
[2025-11-27T11:20:02.424-0300] {logging_mixin.py:188} INFO - [2025-11-27T11:20:02.424-0300] {dagbag.py:545} INFO - Filling up the DagBag from /Users/davispecia/Documents/GitHub/Pf_pipeline_dados/Projeto_final_fase3/venv/lib/python3.9/site-packages/airflow/example_dags/example_params_trigger_ui.py
[2025-11-27T11:20:02.443-0300] {processor.py:840} INFO - DAG(s) 'example_params_trigger_ui' retrieved from /Users/davispecia/Documents/GitHub/Pf_pipeline_dados/Projeto_final_fase3/venv/lib/python3.9/site-packages/airflow/example_dags/example_params_trigger_ui.py
[2025-11-27T11:20:02.532-0300] {logging_mixin.py:188} INFO - [2025-11-27T11:20:02.532-0300] {dag.py:3089} INFO - Sync 1 DAGs
[2025-11-27T11:20:02.540-0300] {logging_mixin.py:188} INFO - [2025-11-27T11:20:02.540-0300] {dag.py:3947} INFO - Setting next_dagrun for example_params_trigger_ui to None, run_after=None
[2025-11-27T11:20:02.551-0300] {processor.py:183} INFO - Processing /Users/davispecia/Documents/GitHub/Pf_pipeline_dados/Projeto_final_fase3/venv/lib/python3.9/site-packages/airflow/example_dags/example_params_trigger_ui.py took 0.130 seconds
[2025-11-27T11:22:06.232-0300] {processor.py:161} INFO - Started process (PID=91728) to work on /Users/davispecia/Documents/GitHub/Pf_pipeline_dados/Projeto_final_fase3/venv/lib/python3.9/site-packages/airflow/example_dags/example_params_trigger_ui.py
[2025-11-27T11:22:06.233-0300] {processor.py:830} INFO - Processing file /Users/davispecia/Documents/GitHub/Pf_pipeline_dados/Projeto_final_fase3/venv/lib/python3.9/site-packages/airflow/example_dags/example_params_trigger_ui.py for tasks to queue
[2025-11-27T11:22:06.233-0300] {logging_mixin.py:188} INFO - [2025-11-27T11:22:06.233-0300] {dagbag.py:545} INFO - Filling up the DagBag from /Users/davispecia/Documents/GitHub/Pf_pipeline_dados/Projeto_final_fase3/venv/lib/python3.9/site-packages/airflow/example_dags/example_params_trigger_ui.py
[2025-11-27T11:22:06.252-0300] {processor.py:840} INFO - DAG(s) 'example_params_trigger_ui' retrieved from /Users/davispecia/Documents/GitHub/Pf_pipeline_dados/Projeto_final_fase3/venv/lib/python3.9/site-packages/airflow/example_dags/example_params_trigger_ui.py
[2025-11-27T11:22:06.335-0300] {logging_mixin.py:188} INFO - [2025-11-27T11:22:06.335-0300] {dag.py:3089} INFO - Sync 1 DAGs
[2025-11-27T11:22:06.340-0300] {logging_mixin.py:188} INFO - [2025-11-27T11:22:06.340-0300] {dag.py:3947} INFO - Setting next_dagrun for example_params_trigger_ui to None, run_after=None
[2025-11-27T11:22:06.349-0300] {processor.py:183} INFO - Processing /Users/davispecia/Documents/GitHub/Pf_pipeline_dados/Projeto_final_fase3/venv/lib/python3.9/site-packages/airflow/example_dags/example_params_trigger_ui.py took 0.120 seconds
[2025-11-27T11:24:10.669-0300] {processor.py:161} INFO - Started process (PID=92033) to work on /Users/davispecia/Documents/GitHub/Pf_pipeline_dados/Projeto_final_fase3/venv/lib/python3.9/site-packages/airflow/example_dags/example_params_trigger_ui.py
[2025-11-27T11:24:10.671-0300] {processor.py:830} INFO - Processing file /Users/davispecia/Documents/GitHub/Pf_pipeline_dados/Projeto_final_fase3/venv/lib/python3.9/site-packages/airflow/example_dags/example_params_trigger_ui.py for tasks to queue
[2025-11-27T11:24:10.671-0300] {logging_mixin.py:188} INFO - [2025-11-27T11:24:10.671-0300] {dagbag.py:545} INFO - Filling up the DagBag from /Users/davispecia/Documents/GitHub/Pf_pipeline_dados/Projeto_final_fase3/venv/lib/python3.9/site-packages/airflow/example_dags/example_params_trigger_ui.py
[2025-11-27T11:24:10.689-0300] {processor.py:840} INFO - DAG(s) 'example_params_trigger_ui' retrieved from /Users/davispecia/Documents/GitHub/Pf_pipeline_dados/Projeto_final_fase3/venv/lib/python3.9/site-packages/airflow/example_dags/example_params_trigger_ui.py
[2025-11-27T11:24:10.771-0300] {logging_mixin.py:188} INFO - [2025-11-27T11:24:10.771-0300] {dag.py:3089} INFO - Sync 1 DAGs
[2025-11-27T11:24:10.777-0300] {logging_mixin.py:188} INFO - [2025-11-27T11:24:10.777-0300] {dag.py:3947} INFO - Setting next_dagrun for example_params_trigger_ui to None, run_after=None
[2025-11-27T11:24:10.786-0300] {processor.py:183} INFO - Processing /Users/davispecia/Documents/GitHub/Pf_pipeline_dados/Projeto_final_fase3/venv/lib/python3.9/site-packages/airflow/example_dags/example_params_trigger_ui.py took 0.118 seconds
[2025-11-27T11:26:24.299-0300] {processor.py:161} INFO - Started process (PID=92419) to work on /Users/davispecia/Documents/GitHub/Pf_pipeline_dados/Projeto_final_fase3/venv/lib/python3.9/site-packages/airflow/example_dags/example_params_trigger_ui.py
[2025-11-27T11:26:24.299-0300] {processor.py:830} INFO - Processing file /Users/davispecia/Documents/GitHub/Pf_pipeline_dados/Projeto_final_fase3/venv/lib/python3.9/site-packages/airflow/example_dags/example_params_trigger_ui.py for tasks to queue
[2025-11-27T11:26:24.300-0300] {logging_mixin.py:188} INFO - [2025-11-27T11:26:24.300-0300] {dagbag.py:545} INFO - Filling up the DagBag from /Users/davispecia/Documents/GitHub/Pf_pipeline_dados/Projeto_final_fase3/venv/lib/python3.9/site-packages/airflow/example_dags/example_params_trigger_ui.py
[2025-11-27T11:26:24.318-0300] {processor.py:840} INFO - DAG(s) 'example_params_trigger_ui' retrieved from /Users/davispecia/Documents/GitHub/Pf_pipeline_dados/Projeto_final_fase3/venv/lib/python3.9/site-packages/airflow/example_dags/example_params_trigger_ui.py
[2025-11-27T11:26:24.400-0300] {logging_mixin.py:188} INFO - [2025-11-27T11:26:24.399-0300] {dag.py:3089} INFO - Sync 1 DAGs
[2025-11-27T11:26:24.405-0300] {logging_mixin.py:188} INFO - [2025-11-27T11:26:24.405-0300] {dag.py:3947} INFO - Setting next_dagrun for example_params_trigger_ui to None, run_after=None
[2025-11-27T11:26:24.413-0300] {processor.py:183} INFO - Processing /Users/davispecia/Documents/GitHub/Pf_pipeline_dados/Projeto_final_fase3/venv/lib/python3.9/site-packages/airflow/example_dags/example_params_trigger_ui.py took 0.117 seconds
[2025-11-27T11:28:26.191-0300] {processor.py:161} INFO - Started process (PID=92735) to work on /Users/davispecia/Documents/GitHub/Pf_pipeline_dados/Projeto_final_fase3/venv/lib/python3.9/site-packages/airflow/example_dags/example_params_trigger_ui.py
[2025-11-27T11:28:26.192-0300] {processor.py:830} INFO - Processing file /Users/davispecia/Documents/GitHub/Pf_pipeline_dados/Projeto_final_fase3/venv/lib/python3.9/site-packages/airflow/example_dags/example_params_trigger_ui.py for tasks to queue
[2025-11-27T11:28:26.193-0300] {logging_mixin.py:188} INFO - [2025-11-27T11:28:26.192-0300] {dagbag.py:545} INFO - Filling up the DagBag from /Users/davispecia/Documents/GitHub/Pf_pipeline_dados/Projeto_final_fase3/venv/lib/python3.9/site-packages/airflow/example_dags/example_params_trigger_ui.py
[2025-11-27T11:28:26.211-0300] {processor.py:840} INFO - DAG(s) 'example_params_trigger_ui' retrieved from /Users/davispecia/Documents/GitHub/Pf_pipeline_dados/Projeto_final_fase3/venv/lib/python3.9/site-packages/airflow/example_dags/example_params_trigger_ui.py
[2025-11-27T11:28:26.295-0300] {logging_mixin.py:188} INFO - [2025-11-27T11:28:26.295-0300] {dag.py:3089} INFO - Sync 1 DAGs
[2025-11-27T11:28:26.300-0300] {logging_mixin.py:188} INFO - [2025-11-27T11:28:26.300-0300] {dag.py:3947} INFO - Setting next_dagrun for example_params_trigger_ui to None, run_after=None
[2025-11-27T11:28:26.309-0300] {processor.py:183} INFO - Processing /Users/davispecia/Documents/GitHub/Pf_pipeline_dados/Projeto_final_fase3/venv/lib/python3.9/site-packages/airflow/example_dags/example_params_trigger_ui.py took 0.120 seconds
[2025-11-27T11:30:34.317-0300] {processor.py:161} INFO - Started process (PID=93044) to work on /Users/davispecia/Documents/GitHub/Pf_pipeline_dados/Projeto_final_fase3/venv/lib/python3.9/site-packages/airflow/example_dags/example_params_trigger_ui.py
[2025-11-27T11:30:34.318-0300] {processor.py:830} INFO - Processing file /Users/davispecia/Documents/GitHub/Pf_pipeline_dados/Projeto_final_fase3/venv/lib/python3.9/site-packages/airflow/example_dags/example_params_trigger_ui.py for tasks to queue
[2025-11-27T11:30:34.318-0300] {logging_mixin.py:188} INFO - [2025-11-27T11:30:34.318-0300] {dagbag.py:545} INFO - Filling up the DagBag from /Users/davispecia/Documents/GitHub/Pf_pipeline_dados/Projeto_final_fase3/venv/lib/python3.9/site-packages/airflow/example_dags/example_params_trigger_ui.py
[2025-11-27T11:30:34.337-0300] {processor.py:840} INFO - DAG(s) 'example_params_trigger_ui' retrieved from /Users/davispecia/Documents/GitHub/Pf_pipeline_dados/Projeto_final_fase3/venv/lib/python3.9/site-packages/airflow/example_dags/example_params_trigger_ui.py
[2025-11-27T11:30:34.418-0300] {logging_mixin.py:188} INFO - [2025-11-27T11:30:34.418-0300] {dag.py:3089} INFO - Sync 1 DAGs
[2025-11-27T11:30:34.424-0300] {logging_mixin.py:188} INFO - [2025-11-27T11:30:34.423-0300] {dag.py:3947} INFO - Setting next_dagrun for example_params_trigger_ui to None, run_after=None
[2025-11-27T11:30:34.432-0300] {processor.py:183} INFO - Processing /Users/davispecia/Documents/GitHub/Pf_pipeline_dados/Projeto_final_fase3/venv/lib/python3.9/site-packages/airflow/example_dags/example_params_trigger_ui.py took 0.117 seconds
[2025-11-27T11:32:41.985-0300] {processor.py:161} INFO - Started process (PID=93402) to work on /Users/davispecia/Documents/GitHub/Pf_pipeline_dados/Projeto_final_fase3/venv/lib/python3.9/site-packages/airflow/example_dags/example_params_trigger_ui.py
[2025-11-27T11:32:41.986-0300] {processor.py:830} INFO - Processing file /Users/davispecia/Documents/GitHub/Pf_pipeline_dados/Projeto_final_fase3/venv/lib/python3.9/site-packages/airflow/example_dags/example_params_trigger_ui.py for tasks to queue
[2025-11-27T11:32:41.986-0300] {logging_mixin.py:188} INFO - [2025-11-27T11:32:41.986-0300] {dagbag.py:545} INFO - Filling up the DagBag from /Users/davispecia/Documents/GitHub/Pf_pipeline_dados/Projeto_final_fase3/venv/lib/python3.9/site-packages/airflow/example_dags/example_params_trigger_ui.py
[2025-11-27T11:32:42.005-0300] {processor.py:840} INFO - DAG(s) 'example_params_trigger_ui' retrieved from /Users/davispecia/Documents/GitHub/Pf_pipeline_dados/Projeto_final_fase3/venv/lib/python3.9/site-packages/airflow/example_dags/example_params_trigger_ui.py
[2025-11-27T11:32:42.087-0300] {logging_mixin.py:188} INFO - [2025-11-27T11:32:42.087-0300] {dag.py:3089} INFO - Sync 1 DAGs
[2025-11-27T11:32:42.092-0300] {logging_mixin.py:188} INFO - [2025-11-27T11:32:42.092-0300] {dag.py:3947} INFO - Setting next_dagrun for example_params_trigger_ui to None, run_after=None
[2025-11-27T11:32:42.101-0300] {processor.py:183} INFO - Processing /Users/davispecia/Documents/GitHub/Pf_pipeline_dados/Projeto_final_fase3/venv/lib/python3.9/site-packages/airflow/example_dags/example_params_trigger_ui.py took 0.118 seconds
[2025-11-27T11:34:49.642-0300] {processor.py:161} INFO - Started process (PID=93709) to work on /Users/davispecia/Documents/GitHub/Pf_pipeline_dados/Projeto_final_fase3/venv/lib/python3.9/site-packages/airflow/example_dags/example_params_trigger_ui.py
[2025-11-27T11:34:49.643-0300] {processor.py:830} INFO - Processing file /Users/davispecia/Documents/GitHub/Pf_pipeline_dados/Projeto_final_fase3/venv/lib/python3.9/site-packages/airflow/example_dags/example_params_trigger_ui.py for tasks to queue
[2025-11-27T11:34:49.643-0300] {logging_mixin.py:188} INFO - [2025-11-27T11:34:49.643-0300] {dagbag.py:545} INFO - Filling up the DagBag from /Users/davispecia/Documents/GitHub/Pf_pipeline_dados/Projeto_final_fase3/venv/lib/python3.9/site-packages/airflow/example_dags/example_params_trigger_ui.py
[2025-11-27T11:34:49.662-0300] {processor.py:840} INFO - DAG(s) 'example_params_trigger_ui' retrieved from /Users/davispecia/Documents/GitHub/Pf_pipeline_dados/Projeto_final_fase3/venv/lib/python3.9/site-packages/airflow/example_dags/example_params_trigger_ui.py
[2025-11-27T11:34:49.749-0300] {logging_mixin.py:188} INFO - [2025-11-27T11:34:49.749-0300] {dag.py:3089} INFO - Sync 1 DAGs
[2025-11-27T11:34:49.754-0300] {logging_mixin.py:188} INFO - [2025-11-27T11:34:49.754-0300] {dag.py:3947} INFO - Setting next_dagrun for example_params_trigger_ui to None, run_after=None
[2025-11-27T11:34:49.765-0300] {processor.py:183} INFO - Processing /Users/davispecia/Documents/GitHub/Pf_pipeline_dados/Projeto_final_fase3/venv/lib/python3.9/site-packages/airflow/example_dags/example_params_trigger_ui.py took 0.125 seconds
[2025-11-27T11:37:03.593-0300] {processor.py:161} INFO - Started process (PID=94086) to work on /Users/davispecia/Documents/GitHub/Pf_pipeline_dados/Projeto_final_fase3/venv/lib/python3.9/site-packages/airflow/example_dags/example_params_trigger_ui.py
[2025-11-27T11:37:03.594-0300] {processor.py:830} INFO - Processing file /Users/davispecia/Documents/GitHub/Pf_pipeline_dados/Projeto_final_fase3/venv/lib/python3.9/site-packages/airflow/example_dags/example_params_trigger_ui.py for tasks to queue
[2025-11-27T11:37:03.594-0300] {logging_mixin.py:188} INFO - [2025-11-27T11:37:03.594-0300] {dagbag.py:545} INFO - Filling up the DagBag from /Users/davispecia/Documents/GitHub/Pf_pipeline_dados/Projeto_final_fase3/venv/lib/python3.9/site-packages/airflow/example_dags/example_params_trigger_ui.py
[2025-11-27T11:37:03.612-0300] {processor.py:840} INFO - DAG(s) 'example_params_trigger_ui' retrieved from /Users/davispecia/Documents/GitHub/Pf_pipeline_dados/Projeto_final_fase3/venv/lib/python3.9/site-packages/airflow/example_dags/example_params_trigger_ui.py
[2025-11-27T11:37:03.695-0300] {logging_mixin.py:188} INFO - [2025-11-27T11:37:03.695-0300] {dag.py:3089} INFO - Sync 1 DAGs
[2025-11-27T11:37:03.700-0300] {logging_mixin.py:188} INFO - [2025-11-27T11:37:03.700-0300] {dag.py:3947} INFO - Setting next_dagrun for example_params_trigger_ui to None, run_after=None
[2025-11-27T11:37:03.709-0300] {processor.py:183} INFO - Processing /Users/davispecia/Documents/GitHub/Pf_pipeline_dados/Projeto_final_fase3/venv/lib/python3.9/site-packages/airflow/example_dags/example_params_trigger_ui.py took 0.118 seconds
[2025-11-27T11:39:10.500-0300] {processor.py:161} INFO - Started process (PID=94383) to work on /Users/davispecia/Documents/GitHub/Pf_pipeline_dados/Projeto_final_fase3/venv/lib/python3.9/site-packages/airflow/example_dags/example_params_trigger_ui.py
[2025-11-27T11:39:10.501-0300] {processor.py:830} INFO - Processing file /Users/davispecia/Documents/GitHub/Pf_pipeline_dados/Projeto_final_fase3/venv/lib/python3.9/site-packages/airflow/example_dags/example_params_trigger_ui.py for tasks to queue
[2025-11-27T11:39:10.502-0300] {logging_mixin.py:188} INFO - [2025-11-27T11:39:10.502-0300] {dagbag.py:545} INFO - Filling up the DagBag from /Users/davispecia/Documents/GitHub/Pf_pipeline_dados/Projeto_final_fase3/venv/lib/python3.9/site-packages/airflow/example_dags/example_params_trigger_ui.py
[2025-11-27T11:39:10.520-0300] {processor.py:840} INFO - DAG(s) 'example_params_trigger_ui' retrieved from /Users/davispecia/Documents/GitHub/Pf_pipeline_dados/Projeto_final_fase3/venv/lib/python3.9/site-packages/airflow/example_dags/example_params_trigger_ui.py
[2025-11-27T11:39:10.601-0300] {logging_mixin.py:188} INFO - [2025-11-27T11:39:10.601-0300] {dag.py:3089} INFO - Sync 1 DAGs
[2025-11-27T11:39:10.607-0300] {logging_mixin.py:188} INFO - [2025-11-27T11:39:10.606-0300] {dag.py:3947} INFO - Setting next_dagrun for example_params_trigger_ui to None, run_after=None
[2025-11-27T11:39:10.615-0300] {processor.py:183} INFO - Processing /Users/davispecia/Documents/GitHub/Pf_pipeline_dados/Projeto_final_fase3/venv/lib/python3.9/site-packages/airflow/example_dags/example_params_trigger_ui.py took 0.117 seconds
[2025-11-27T11:41:17.295-0300] {processor.py:161} INFO - Started process (PID=94698) to work on /Users/davispecia/Documents/GitHub/Pf_pipeline_dados/Projeto_final_fase3/venv/lib/python3.9/site-packages/airflow/example_dags/example_params_trigger_ui.py
[2025-11-27T11:41:17.296-0300] {processor.py:830} INFO - Processing file /Users/davispecia/Documents/GitHub/Pf_pipeline_dados/Projeto_final_fase3/venv/lib/python3.9/site-packages/airflow/example_dags/example_params_trigger_ui.py for tasks to queue
[2025-11-27T11:41:17.296-0300] {logging_mixin.py:188} INFO - [2025-11-27T11:41:17.296-0300] {dagbag.py:545} INFO - Filling up the DagBag from /Users/davispecia/Documents/GitHub/Pf_pipeline_dados/Projeto_final_fase3/venv/lib/python3.9/site-packages/airflow/example_dags/example_params_trigger_ui.py
[2025-11-27T11:41:17.315-0300] {processor.py:840} INFO - DAG(s) 'example_params_trigger_ui' retrieved from /Users/davispecia/Documents/GitHub/Pf_pipeline_dados/Projeto_final_fase3/venv/lib/python3.9/site-packages/airflow/example_dags/example_params_trigger_ui.py
[2025-11-27T11:41:17.401-0300] {logging_mixin.py:188} INFO - [2025-11-27T11:41:17.401-0300] {dag.py:3089} INFO - Sync 1 DAGs
[2025-11-27T11:41:17.407-0300] {logging_mixin.py:188} INFO - [2025-11-27T11:41:17.407-0300] {dag.py:3947} INFO - Setting next_dagrun for example_params_trigger_ui to None, run_after=None
[2025-11-27T11:41:17.415-0300] {processor.py:183} INFO - Processing /Users/davispecia/Documents/GitHub/Pf_pipeline_dados/Projeto_final_fase3/venv/lib/python3.9/site-packages/airflow/example_dags/example_params_trigger_ui.py took 0.122 seconds
[2025-11-27T11:43:33.544-0300] {processor.py:161} INFO - Started process (PID=95075) to work on /Users/davispecia/Documents/GitHub/Pf_pipeline_dados/Projeto_final_fase3/venv/lib/python3.9/site-packages/airflow/example_dags/example_params_trigger_ui.py
[2025-11-27T11:43:33.545-0300] {processor.py:830} INFO - Processing file /Users/davispecia/Documents/GitHub/Pf_pipeline_dados/Projeto_final_fase3/venv/lib/python3.9/site-packages/airflow/example_dags/example_params_trigger_ui.py for tasks to queue
[2025-11-27T11:43:33.545-0300] {logging_mixin.py:188} INFO - [2025-11-27T11:43:33.545-0300] {dagbag.py:545} INFO - Filling up the DagBag from /Users/davispecia/Documents/GitHub/Pf_pipeline_dados/Projeto_final_fase3/venv/lib/python3.9/site-packages/airflow/example_dags/example_params_trigger_ui.py
[2025-11-27T11:43:33.564-0300] {processor.py:840} INFO - DAG(s) 'example_params_trigger_ui' retrieved from /Users/davispecia/Documents/GitHub/Pf_pipeline_dados/Projeto_final_fase3/venv/lib/python3.9/site-packages/airflow/example_dags/example_params_trigger_ui.py
[2025-11-27T11:43:33.645-0300] {logging_mixin.py:188} INFO - [2025-11-27T11:43:33.645-0300] {dag.py:3089} INFO - Sync 1 DAGs
[2025-11-27T11:43:33.650-0300] {logging_mixin.py:188} INFO - [2025-11-27T11:43:33.650-0300] {dag.py:3947} INFO - Setting next_dagrun for example_params_trigger_ui to None, run_after=None
[2025-11-27T11:43:33.658-0300] {processor.py:183} INFO - Processing /Users/davispecia/Documents/GitHub/Pf_pipeline_dados/Projeto_final_fase3/venv/lib/python3.9/site-packages/airflow/example_dags/example_params_trigger_ui.py took 0.117 seconds
[2025-11-27T11:45:38.990-0300] {processor.py:161} INFO - Started process (PID=95374) to work on /Users/davispecia/Documents/GitHub/Pf_pipeline_dados/Projeto_final_fase3/venv/lib/python3.9/site-packages/airflow/example_dags/example_params_trigger_ui.py
[2025-11-27T11:45:38.991-0300] {processor.py:830} INFO - Processing file /Users/davispecia/Documents/GitHub/Pf_pipeline_dados/Projeto_final_fase3/venv/lib/python3.9/site-packages/airflow/example_dags/example_params_trigger_ui.py for tasks to queue
[2025-11-27T11:45:38.991-0300] {logging_mixin.py:188} INFO - [2025-11-27T11:45:38.991-0300] {dagbag.py:545} INFO - Filling up the DagBag from /Users/davispecia/Documents/GitHub/Pf_pipeline_dados/Projeto_final_fase3/venv/lib/python3.9/site-packages/airflow/example_dags/example_params_trigger_ui.py
[2025-11-27T11:45:39.010-0300] {processor.py:840} INFO - DAG(s) 'example_params_trigger_ui' retrieved from /Users/davispecia/Documents/GitHub/Pf_pipeline_dados/Projeto_final_fase3/venv/lib/python3.9/site-packages/airflow/example_dags/example_params_trigger_ui.py
[2025-11-27T11:45:39.091-0300] {logging_mixin.py:188} INFO - [2025-11-27T11:45:39.091-0300] {dag.py:3089} INFO - Sync 1 DAGs
[2025-11-27T11:45:39.096-0300] {logging_mixin.py:188} INFO - [2025-11-27T11:45:39.096-0300] {dag.py:3947} INFO - Setting next_dagrun for example_params_trigger_ui to None, run_after=None
[2025-11-27T11:45:39.105-0300] {processor.py:183} INFO - Processing /Users/davispecia/Documents/GitHub/Pf_pipeline_dados/Projeto_final_fase3/venv/lib/python3.9/site-packages/airflow/example_dags/example_params_trigger_ui.py took 0.117 seconds
[2025-11-27T11:47:52.573-0300] {processor.py:161} INFO - Started process (PID=95787) to work on /Users/davispecia/Documents/GitHub/Pf_pipeline_dados/Projeto_final_fase3/venv/lib/python3.9/site-packages/airflow/example_dags/example_params_trigger_ui.py
[2025-11-27T11:47:52.574-0300] {processor.py:830} INFO - Processing file /Users/davispecia/Documents/GitHub/Pf_pipeline_dados/Projeto_final_fase3/venv/lib/python3.9/site-packages/airflow/example_dags/example_params_trigger_ui.py for tasks to queue
[2025-11-27T11:47:52.575-0300] {logging_mixin.py:188} INFO - [2025-11-27T11:47:52.575-0300] {dagbag.py:545} INFO - Filling up the DagBag from /Users/davispecia/Documents/GitHub/Pf_pipeline_dados/Projeto_final_fase3/venv/lib/python3.9/site-packages/airflow/example_dags/example_params_trigger_ui.py
[2025-11-27T11:47:52.593-0300] {processor.py:840} INFO - DAG(s) 'example_params_trigger_ui' retrieved from /Users/davispecia/Documents/GitHub/Pf_pipeline_dados/Projeto_final_fase3/venv/lib/python3.9/site-packages/airflow/example_dags/example_params_trigger_ui.py
[2025-11-27T11:47:52.674-0300] {logging_mixin.py:188} INFO - [2025-11-27T11:47:52.674-0300] {dag.py:3089} INFO - Sync 1 DAGs
[2025-11-27T11:47:52.679-0300] {logging_mixin.py:188} INFO - [2025-11-27T11:47:52.679-0300] {dag.py:3947} INFO - Setting next_dagrun for example_params_trigger_ui to None, run_after=None
[2025-11-27T11:47:52.688-0300] {processor.py:183} INFO - Processing /Users/davispecia/Documents/GitHub/Pf_pipeline_dados/Projeto_final_fase3/venv/lib/python3.9/site-packages/airflow/example_dags/example_params_trigger_ui.py took 0.117 seconds
[2025-11-27T11:50:01.403-0300] {processor.py:161} INFO - Started process (PID=96106) to work on /Users/davispecia/Documents/GitHub/Pf_pipeline_dados/Projeto_final_fase3/venv/lib/python3.9/site-packages/airflow/example_dags/example_params_trigger_ui.py
[2025-11-27T11:50:01.404-0300] {processor.py:830} INFO - Processing file /Users/davispecia/Documents/GitHub/Pf_pipeline_dados/Projeto_final_fase3/venv/lib/python3.9/site-packages/airflow/example_dags/example_params_trigger_ui.py for tasks to queue
[2025-11-27T11:50:01.404-0300] {logging_mixin.py:188} INFO - [2025-11-27T11:50:01.404-0300] {dagbag.py:545} INFO - Filling up the DagBag from /Users/davispecia/Documents/GitHub/Pf_pipeline_dados/Projeto_final_fase3/venv/lib/python3.9/site-packages/airflow/example_dags/example_params_trigger_ui.py
[2025-11-27T11:50:01.423-0300] {processor.py:840} INFO - DAG(s) 'example_params_trigger_ui' retrieved from /Users/davispecia/Documents/GitHub/Pf_pipeline_dados/Projeto_final_fase3/venv/lib/python3.9/site-packages/airflow/example_dags/example_params_trigger_ui.py
[2025-11-27T11:50:01.505-0300] {logging_mixin.py:188} INFO - [2025-11-27T11:50:01.504-0300] {dag.py:3089} INFO - Sync 1 DAGs
[2025-11-27T11:50:01.510-0300] {logging_mixin.py:188} INFO - [2025-11-27T11:50:01.510-0300] {dag.py:3947} INFO - Setting next_dagrun for example_params_trigger_ui to None, run_after=None
[2025-11-27T11:50:01.518-0300] {processor.py:183} INFO - Processing /Users/davispecia/Documents/GitHub/Pf_pipeline_dados/Projeto_final_fase3/venv/lib/python3.9/site-packages/airflow/example_dags/example_params_trigger_ui.py took 0.117 seconds
[2025-11-27T11:52:06.233-0300] {processor.py:161} INFO - Started process (PID=96417) to work on /Users/davispecia/Documents/GitHub/Pf_pipeline_dados/Projeto_final_fase3/venv/lib/python3.9/site-packages/airflow/example_dags/example_params_trigger_ui.py
[2025-11-27T11:52:06.234-0300] {processor.py:830} INFO - Processing file /Users/davispecia/Documents/GitHub/Pf_pipeline_dados/Projeto_final_fase3/venv/lib/python3.9/site-packages/airflow/example_dags/example_params_trigger_ui.py for tasks to queue
[2025-11-27T11:52:06.234-0300] {logging_mixin.py:188} INFO - [2025-11-27T11:52:06.234-0300] {dagbag.py:545} INFO - Filling up the DagBag from /Users/davispecia/Documents/GitHub/Pf_pipeline_dados/Projeto_final_fase3/venv/lib/python3.9/site-packages/airflow/example_dags/example_params_trigger_ui.py
[2025-11-27T11:52:06.252-0300] {processor.py:840} INFO - DAG(s) 'example_params_trigger_ui' retrieved from /Users/davispecia/Documents/GitHub/Pf_pipeline_dados/Projeto_final_fase3/venv/lib/python3.9/site-packages/airflow/example_dags/example_params_trigger_ui.py
[2025-11-27T11:52:06.335-0300] {logging_mixin.py:188} INFO - [2025-11-27T11:52:06.335-0300] {dag.py:3089} INFO - Sync 1 DAGs
[2025-11-27T11:52:06.340-0300] {logging_mixin.py:188} INFO - [2025-11-27T11:52:06.340-0300] {dag.py:3947} INFO - Setting next_dagrun for example_params_trigger_ui to None, run_after=None
[2025-11-27T11:52:06.348-0300] {processor.py:183} INFO - Processing /Users/davispecia/Documents/GitHub/Pf_pipeline_dados/Projeto_final_fase3/venv/lib/python3.9/site-packages/airflow/example_dags/example_params_trigger_ui.py took 0.118 seconds
[2025-11-27T11:54:19.466-0300] {processor.py:161} INFO - Started process (PID=96884) to work on /Users/davispecia/Documents/GitHub/Pf_pipeline_dados/Projeto_final_fase3/venv/lib/python3.9/site-packages/airflow/example_dags/example_params_trigger_ui.py
[2025-11-27T11:54:19.466-0300] {processor.py:830} INFO - Processing file /Users/davispecia/Documents/GitHub/Pf_pipeline_dados/Projeto_final_fase3/venv/lib/python3.9/site-packages/airflow/example_dags/example_params_trigger_ui.py for tasks to queue
[2025-11-27T11:54:19.467-0300] {logging_mixin.py:188} INFO - [2025-11-27T11:54:19.467-0300] {dagbag.py:545} INFO - Filling up the DagBag from /Users/davispecia/Documents/GitHub/Pf_pipeline_dados/Projeto_final_fase3/venv/lib/python3.9/site-packages/airflow/example_dags/example_params_trigger_ui.py
[2025-11-27T11:54:19.485-0300] {processor.py:840} INFO - DAG(s) 'example_params_trigger_ui' retrieved from /Users/davispecia/Documents/GitHub/Pf_pipeline_dados/Projeto_final_fase3/venv/lib/python3.9/site-packages/airflow/example_dags/example_params_trigger_ui.py
[2025-11-27T11:54:19.567-0300] {logging_mixin.py:188} INFO - [2025-11-27T11:54:19.566-0300] {dag.py:3089} INFO - Sync 1 DAGs
[2025-11-27T11:54:19.572-0300] {logging_mixin.py:188} INFO - [2025-11-27T11:54:19.572-0300] {dag.py:3947} INFO - Setting next_dagrun for example_params_trigger_ui to None, run_after=None
[2025-11-27T11:54:19.580-0300] {processor.py:183} INFO - Processing /Users/davispecia/Documents/GitHub/Pf_pipeline_dados/Projeto_final_fase3/venv/lib/python3.9/site-packages/airflow/example_dags/example_params_trigger_ui.py took 0.116 seconds
[2025-11-27T11:56:18.226-0300] {processor.py:161} INFO - Started process (PID=97171) to work on /Users/davispecia/Documents/GitHub/Pf_pipeline_dados/Projeto_final_fase3/venv/lib/python3.9/site-packages/airflow/example_dags/example_params_trigger_ui.py
[2025-11-27T11:56:18.228-0300] {processor.py:830} INFO - Processing file /Users/davispecia/Documents/GitHub/Pf_pipeline_dados/Projeto_final_fase3/venv/lib/python3.9/site-packages/airflow/example_dags/example_params_trigger_ui.py for tasks to queue
[2025-11-27T11:56:18.228-0300] {logging_mixin.py:188} INFO - [2025-11-27T11:56:18.228-0300] {dagbag.py:545} INFO - Filling up the DagBag from /Users/davispecia/Documents/GitHub/Pf_pipeline_dados/Projeto_final_fase3/venv/lib/python3.9/site-packages/airflow/example_dags/example_params_trigger_ui.py
[2025-11-27T11:56:18.246-0300] {processor.py:840} INFO - DAG(s) 'example_params_trigger_ui' retrieved from /Users/davispecia/Documents/GitHub/Pf_pipeline_dados/Projeto_final_fase3/venv/lib/python3.9/site-packages/airflow/example_dags/example_params_trigger_ui.py
[2025-11-27T11:56:18.330-0300] {logging_mixin.py:188} INFO - [2025-11-27T11:56:18.329-0300] {dag.py:3089} INFO - Sync 1 DAGs
[2025-11-27T11:56:18.335-0300] {logging_mixin.py:188} INFO - [2025-11-27T11:56:18.335-0300] {dag.py:3947} INFO - Setting next_dagrun for example_params_trigger_ui to None, run_after=None
[2025-11-27T11:56:18.344-0300] {processor.py:183} INFO - Processing /Users/davispecia/Documents/GitHub/Pf_pipeline_dados/Projeto_final_fase3/venv/lib/python3.9/site-packages/airflow/example_dags/example_params_trigger_ui.py took 0.119 seconds
[2025-11-27T11:58:24.549-0300] {processor.py:161} INFO - Started process (PID=97481) to work on /Users/davispecia/Documents/GitHub/Pf_pipeline_dados/Projeto_final_fase3/venv/lib/python3.9/site-packages/airflow/example_dags/example_params_trigger_ui.py
[2025-11-27T11:58:24.550-0300] {processor.py:830} INFO - Processing file /Users/davispecia/Documents/GitHub/Pf_pipeline_dados/Projeto_final_fase3/venv/lib/python3.9/site-packages/airflow/example_dags/example_params_trigger_ui.py for tasks to queue
[2025-11-27T11:58:24.550-0300] {logging_mixin.py:188} INFO - [2025-11-27T11:58:24.550-0300] {dagbag.py:545} INFO - Filling up the DagBag from /Users/davispecia/Documents/GitHub/Pf_pipeline_dados/Projeto_final_fase3/venv/lib/python3.9/site-packages/airflow/example_dags/example_params_trigger_ui.py
[2025-11-27T11:58:24.568-0300] {processor.py:840} INFO - DAG(s) 'example_params_trigger_ui' retrieved from /Users/davispecia/Documents/GitHub/Pf_pipeline_dados/Projeto_final_fase3/venv/lib/python3.9/site-packages/airflow/example_dags/example_params_trigger_ui.py
[2025-11-27T11:58:24.651-0300] {logging_mixin.py:188} INFO - [2025-11-27T11:58:24.651-0300] {dag.py:3089} INFO - Sync 1 DAGs
[2025-11-27T11:58:24.656-0300] {logging_mixin.py:188} INFO - [2025-11-27T11:58:24.656-0300] {dag.py:3947} INFO - Setting next_dagrun for example_params_trigger_ui to None, run_after=None
[2025-11-27T11:58:24.666-0300] {processor.py:183} INFO - Processing /Users/davispecia/Documents/GitHub/Pf_pipeline_dados/Projeto_final_fase3/venv/lib/python3.9/site-packages/airflow/example_dags/example_params_trigger_ui.py took 0.119 seconds
[2025-11-27T12:00:45.659-0300] {processor.py:161} INFO - Started process (PID=97888) to work on /Users/davispecia/Documents/GitHub/Pf_pipeline_dados/Projeto_final_fase3/venv/lib/python3.9/site-packages/airflow/example_dags/example_params_trigger_ui.py
[2025-11-27T12:00:45.661-0300] {processor.py:830} INFO - Processing file /Users/davispecia/Documents/GitHub/Pf_pipeline_dados/Projeto_final_fase3/venv/lib/python3.9/site-packages/airflow/example_dags/example_params_trigger_ui.py for tasks to queue
[2025-11-27T12:00:45.661-0300] {logging_mixin.py:188} INFO - [2025-11-27T12:00:45.661-0300] {dagbag.py:545} INFO - Filling up the DagBag from /Users/davispecia/Documents/GitHub/Pf_pipeline_dados/Projeto_final_fase3/venv/lib/python3.9/site-packages/airflow/example_dags/example_params_trigger_ui.py
[2025-11-27T12:00:45.680-0300] {processor.py:840} INFO - DAG(s) 'example_params_trigger_ui' retrieved from /Users/davispecia/Documents/GitHub/Pf_pipeline_dados/Projeto_final_fase3/venv/lib/python3.9/site-packages/airflow/example_dags/example_params_trigger_ui.py
[2025-11-27T12:00:45.763-0300] {logging_mixin.py:188} INFO - [2025-11-27T12:00:45.763-0300] {dag.py:3089} INFO - Sync 1 DAGs
[2025-11-27T12:00:45.768-0300] {logging_mixin.py:188} INFO - [2025-11-27T12:00:45.768-0300] {dag.py:3947} INFO - Setting next_dagrun for example_params_trigger_ui to None, run_after=None
[2025-11-27T12:00:45.777-0300] {processor.py:183} INFO - Processing /Users/davispecia/Documents/GitHub/Pf_pipeline_dados/Projeto_final_fase3/venv/lib/python3.9/site-packages/airflow/example_dags/example_params_trigger_ui.py took 0.119 seconds
[2025-11-27T12:02:50.787-0300] {processor.py:161} INFO - Started process (PID=98184) to work on /Users/davispecia/Documents/GitHub/Pf_pipeline_dados/Projeto_final_fase3/venv/lib/python3.9/site-packages/airflow/example_dags/example_params_trigger_ui.py
[2025-11-27T12:02:50.788-0300] {processor.py:830} INFO - Processing file /Users/davispecia/Documents/GitHub/Pf_pipeline_dados/Projeto_final_fase3/venv/lib/python3.9/site-packages/airflow/example_dags/example_params_trigger_ui.py for tasks to queue
[2025-11-27T12:02:50.788-0300] {logging_mixin.py:188} INFO - [2025-11-27T12:02:50.788-0300] {dagbag.py:545} INFO - Filling up the DagBag from /Users/davispecia/Documents/GitHub/Pf_pipeline_dados/Projeto_final_fase3/venv/lib/python3.9/site-packages/airflow/example_dags/example_params_trigger_ui.py
[2025-11-27T12:02:50.806-0300] {processor.py:840} INFO - DAG(s) 'example_params_trigger_ui' retrieved from /Users/davispecia/Documents/GitHub/Pf_pipeline_dados/Projeto_final_fase3/venv/lib/python3.9/site-packages/airflow/example_dags/example_params_trigger_ui.py
[2025-11-27T12:02:50.888-0300] {logging_mixin.py:188} INFO - [2025-11-27T12:02:50.888-0300] {dag.py:3089} INFO - Sync 1 DAGs
[2025-11-27T12:02:50.893-0300] {logging_mixin.py:188} INFO - [2025-11-27T12:02:50.893-0300] {dag.py:3947} INFO - Setting next_dagrun for example_params_trigger_ui to None, run_after=None
[2025-11-27T12:02:50.902-0300] {processor.py:183} INFO - Processing /Users/davispecia/Documents/GitHub/Pf_pipeline_dados/Projeto_final_fase3/venv/lib/python3.9/site-packages/airflow/example_dags/example_params_trigger_ui.py took 0.117 seconds
[2025-11-27T12:04:57.591-0300] {processor.py:161} INFO - Started process (PID=98543) to work on /Users/davispecia/Documents/GitHub/Pf_pipeline_dados/Projeto_final_fase3/venv/lib/python3.9/site-packages/airflow/example_dags/example_params_trigger_ui.py
[2025-11-27T12:04:57.591-0300] {processor.py:830} INFO - Processing file /Users/davispecia/Documents/GitHub/Pf_pipeline_dados/Projeto_final_fase3/venv/lib/python3.9/site-packages/airflow/example_dags/example_params_trigger_ui.py for tasks to queue
[2025-11-27T12:04:57.592-0300] {logging_mixin.py:188} INFO - [2025-11-27T12:04:57.591-0300] {dagbag.py:545} INFO - Filling up the DagBag from /Users/davispecia/Documents/GitHub/Pf_pipeline_dados/Projeto_final_fase3/venv/lib/python3.9/site-packages/airflow/example_dags/example_params_trigger_ui.py
[2025-11-27T12:04:57.610-0300] {processor.py:840} INFO - DAG(s) 'example_params_trigger_ui' retrieved from /Users/davispecia/Documents/GitHub/Pf_pipeline_dados/Projeto_final_fase3/venv/lib/python3.9/site-packages/airflow/example_dags/example_params_trigger_ui.py
[2025-11-27T12:04:57.698-0300] {logging_mixin.py:188} INFO - [2025-11-27T12:04:57.698-0300] {dag.py:3089} INFO - Sync 1 DAGs
[2025-11-27T12:04:57.704-0300] {logging_mixin.py:188} INFO - [2025-11-27T12:04:57.704-0300] {dag.py:3947} INFO - Setting next_dagrun for example_params_trigger_ui to None, run_after=None
[2025-11-27T12:04:57.717-0300] {processor.py:183} INFO - Processing /Users/davispecia/Documents/GitHub/Pf_pipeline_dados/Projeto_final_fase3/venv/lib/python3.9/site-packages/airflow/example_dags/example_params_trigger_ui.py took 0.128 seconds
[2025-11-27T12:07:16.931-0300] {processor.py:161} INFO - Started process (PID=98931) to work on /Users/davispecia/Documents/GitHub/Pf_pipeline_dados/Projeto_final_fase3/venv/lib/python3.9/site-packages/airflow/example_dags/example_params_trigger_ui.py
[2025-11-27T12:07:16.932-0300] {processor.py:830} INFO - Processing file /Users/davispecia/Documents/GitHub/Pf_pipeline_dados/Projeto_final_fase3/venv/lib/python3.9/site-packages/airflow/example_dags/example_params_trigger_ui.py for tasks to queue
[2025-11-27T12:07:16.933-0300] {logging_mixin.py:188} INFO - [2025-11-27T12:07:16.932-0300] {dagbag.py:545} INFO - Filling up the DagBag from /Users/davispecia/Documents/GitHub/Pf_pipeline_dados/Projeto_final_fase3/venv/lib/python3.9/site-packages/airflow/example_dags/example_params_trigger_ui.py
[2025-11-27T12:07:16.953-0300] {processor.py:840} INFO - DAG(s) 'example_params_trigger_ui' retrieved from /Users/davispecia/Documents/GitHub/Pf_pipeline_dados/Projeto_final_fase3/venv/lib/python3.9/site-packages/airflow/example_dags/example_params_trigger_ui.py
[2025-11-27T12:07:17.035-0300] {logging_mixin.py:188} INFO - [2025-11-27T12:07:17.035-0300] {dag.py:3089} INFO - Sync 1 DAGs
[2025-11-27T12:07:17.040-0300] {logging_mixin.py:188} INFO - [2025-11-27T12:07:17.040-0300] {dag.py:3947} INFO - Setting next_dagrun for example_params_trigger_ui to None, run_after=None
[2025-11-27T12:07:17.049-0300] {processor.py:183} INFO - Processing /Users/davispecia/Documents/GitHub/Pf_pipeline_dados/Projeto_final_fase3/venv/lib/python3.9/site-packages/airflow/example_dags/example_params_trigger_ui.py took 0.120 seconds
[2025-11-27T12:09:24.156-0300] {processor.py:161} INFO - Started process (PID=99234) to work on /Users/davispecia/Documents/GitHub/Pf_pipeline_dados/Projeto_final_fase3/venv/lib/python3.9/site-packages/airflow/example_dags/example_params_trigger_ui.py
[2025-11-27T12:09:24.157-0300] {processor.py:830} INFO - Processing file /Users/davispecia/Documents/GitHub/Pf_pipeline_dados/Projeto_final_fase3/venv/lib/python3.9/site-packages/airflow/example_dags/example_params_trigger_ui.py for tasks to queue
[2025-11-27T12:09:24.158-0300] {logging_mixin.py:188} INFO - [2025-11-27T12:09:24.158-0300] {dagbag.py:545} INFO - Filling up the DagBag from /Users/davispecia/Documents/GitHub/Pf_pipeline_dados/Projeto_final_fase3/venv/lib/python3.9/site-packages/airflow/example_dags/example_params_trigger_ui.py
[2025-11-27T12:09:24.176-0300] {processor.py:840} INFO - DAG(s) 'example_params_trigger_ui' retrieved from /Users/davispecia/Documents/GitHub/Pf_pipeline_dados/Projeto_final_fase3/venv/lib/python3.9/site-packages/airflow/example_dags/example_params_trigger_ui.py
[2025-11-27T12:09:24.257-0300] {logging_mixin.py:188} INFO - [2025-11-27T12:09:24.257-0300] {dag.py:3089} INFO - Sync 1 DAGs
[2025-11-27T12:09:24.263-0300] {logging_mixin.py:188} INFO - [2025-11-27T12:09:24.262-0300] {dag.py:3947} INFO - Setting next_dagrun for example_params_trigger_ui to None, run_after=None
[2025-11-27T12:09:24.271-0300] {processor.py:183} INFO - Processing /Users/davispecia/Documents/GitHub/Pf_pipeline_dados/Projeto_final_fase3/venv/lib/python3.9/site-packages/airflow/example_dags/example_params_trigger_ui.py took 0.117 seconds
[2025-11-27T12:11:39.532-0300] {processor.py:161} INFO - Started process (PID=99616) to work on /Users/davispecia/Documents/GitHub/Pf_pipeline_dados/Projeto_final_fase3/venv/lib/python3.9/site-packages/airflow/example_dags/example_params_trigger_ui.py
[2025-11-27T12:11:39.532-0300] {processor.py:830} INFO - Processing file /Users/davispecia/Documents/GitHub/Pf_pipeline_dados/Projeto_final_fase3/venv/lib/python3.9/site-packages/airflow/example_dags/example_params_trigger_ui.py for tasks to queue
[2025-11-27T12:11:39.533-0300] {logging_mixin.py:188} INFO - [2025-11-27T12:11:39.533-0300] {dagbag.py:545} INFO - Filling up the DagBag from /Users/davispecia/Documents/GitHub/Pf_pipeline_dados/Projeto_final_fase3/venv/lib/python3.9/site-packages/airflow/example_dags/example_params_trigger_ui.py
[2025-11-27T12:11:39.554-0300] {processor.py:840} INFO - DAG(s) 'example_params_trigger_ui' retrieved from /Users/davispecia/Documents/GitHub/Pf_pipeline_dados/Projeto_final_fase3/venv/lib/python3.9/site-packages/airflow/example_dags/example_params_trigger_ui.py
[2025-11-27T12:11:39.639-0300] {logging_mixin.py:188} INFO - [2025-11-27T12:11:39.639-0300] {dag.py:3089} INFO - Sync 1 DAGs
[2025-11-27T12:11:39.644-0300] {logging_mixin.py:188} INFO - [2025-11-27T12:11:39.644-0300] {dag.py:3947} INFO - Setting next_dagrun for example_params_trigger_ui to None, run_after=None
[2025-11-27T12:11:39.655-0300] {processor.py:183} INFO - Processing /Users/davispecia/Documents/GitHub/Pf_pipeline_dados/Projeto_final_fase3/venv/lib/python3.9/site-packages/airflow/example_dags/example_params_trigger_ui.py took 0.126 seconds
[2025-11-27T12:13:44.935-0300] {processor.py:161} INFO - Started process (PID=99916) to work on /Users/davispecia/Documents/GitHub/Pf_pipeline_dados/Projeto_final_fase3/venv/lib/python3.9/site-packages/airflow/example_dags/example_params_trigger_ui.py
[2025-11-27T12:13:44.936-0300] {processor.py:830} INFO - Processing file /Users/davispecia/Documents/GitHub/Pf_pipeline_dados/Projeto_final_fase3/venv/lib/python3.9/site-packages/airflow/example_dags/example_params_trigger_ui.py for tasks to queue
[2025-11-27T12:13:44.937-0300] {logging_mixin.py:188} INFO - [2025-11-27T12:13:44.937-0300] {dagbag.py:545} INFO - Filling up the DagBag from /Users/davispecia/Documents/GitHub/Pf_pipeline_dados/Projeto_final_fase3/venv/lib/python3.9/site-packages/airflow/example_dags/example_params_trigger_ui.py
[2025-11-27T12:13:44.956-0300] {processor.py:840} INFO - DAG(s) 'example_params_trigger_ui' retrieved from /Users/davispecia/Documents/GitHub/Pf_pipeline_dados/Projeto_final_fase3/venv/lib/python3.9/site-packages/airflow/example_dags/example_params_trigger_ui.py
[2025-11-27T12:13:45.041-0300] {logging_mixin.py:188} INFO - [2025-11-27T12:13:45.041-0300] {dag.py:3089} INFO - Sync 1 DAGs
[2025-11-27T12:13:45.047-0300] {logging_mixin.py:188} INFO - [2025-11-27T12:13:45.047-0300] {dag.py:3947} INFO - Setting next_dagrun for example_params_trigger_ui to None, run_after=None
[2025-11-27T12:13:45.056-0300] {processor.py:183} INFO - Processing /Users/davispecia/Documents/GitHub/Pf_pipeline_dados/Projeto_final_fase3/venv/lib/python3.9/site-packages/airflow/example_dags/example_params_trigger_ui.py took 0.123 seconds
[2025-11-27T12:15:51.483-0300] {processor.py:161} INFO - Started process (PID=398) to work on /Users/davispecia/Documents/GitHub/Pf_pipeline_dados/Projeto_final_fase3/venv/lib/python3.9/site-packages/airflow/example_dags/example_params_trigger_ui.py
[2025-11-27T12:15:51.484-0300] {processor.py:830} INFO - Processing file /Users/davispecia/Documents/GitHub/Pf_pipeline_dados/Projeto_final_fase3/venv/lib/python3.9/site-packages/airflow/example_dags/example_params_trigger_ui.py for tasks to queue
[2025-11-27T12:15:51.484-0300] {logging_mixin.py:188} INFO - [2025-11-27T12:15:51.484-0300] {dagbag.py:545} INFO - Filling up the DagBag from /Users/davispecia/Documents/GitHub/Pf_pipeline_dados/Projeto_final_fase3/venv/lib/python3.9/site-packages/airflow/example_dags/example_params_trigger_ui.py
[2025-11-27T12:15:51.502-0300] {processor.py:840} INFO - DAG(s) 'example_params_trigger_ui' retrieved from /Users/davispecia/Documents/GitHub/Pf_pipeline_dados/Projeto_final_fase3/venv/lib/python3.9/site-packages/airflow/example_dags/example_params_trigger_ui.py
[2025-11-27T12:15:51.583-0300] {logging_mixin.py:188} INFO - [2025-11-27T12:15:51.583-0300] {dag.py:3089} INFO - Sync 1 DAGs
[2025-11-27T12:15:51.588-0300] {logging_mixin.py:188} INFO - [2025-11-27T12:15:51.588-0300] {dag.py:3947} INFO - Setting next_dagrun for example_params_trigger_ui to None, run_after=None
[2025-11-27T12:15:51.596-0300] {processor.py:183} INFO - Processing /Users/davispecia/Documents/GitHub/Pf_pipeline_dados/Projeto_final_fase3/venv/lib/python3.9/site-packages/airflow/example_dags/example_params_trigger_ui.py took 0.116 seconds
[2025-11-27T12:17:58.515-0300] {processor.py:161} INFO - Started process (PID=866) to work on /Users/davispecia/Documents/GitHub/Pf_pipeline_dados/Projeto_final_fase3/venv/lib/python3.9/site-packages/airflow/example_dags/example_params_trigger_ui.py
[2025-11-27T12:17:58.516-0300] {processor.py:830} INFO - Processing file /Users/davispecia/Documents/GitHub/Pf_pipeline_dados/Projeto_final_fase3/venv/lib/python3.9/site-packages/airflow/example_dags/example_params_trigger_ui.py for tasks to queue
[2025-11-27T12:17:58.516-0300] {logging_mixin.py:188} INFO - [2025-11-27T12:17:58.516-0300] {dagbag.py:545} INFO - Filling up the DagBag from /Users/davispecia/Documents/GitHub/Pf_pipeline_dados/Projeto_final_fase3/venv/lib/python3.9/site-packages/airflow/example_dags/example_params_trigger_ui.py
[2025-11-27T12:17:58.534-0300] {processor.py:840} INFO - DAG(s) 'example_params_trigger_ui' retrieved from /Users/davispecia/Documents/GitHub/Pf_pipeline_dados/Projeto_final_fase3/venv/lib/python3.9/site-packages/airflow/example_dags/example_params_trigger_ui.py
[2025-11-27T12:17:58.616-0300] {logging_mixin.py:188} INFO - [2025-11-27T12:17:58.616-0300] {dag.py:3089} INFO - Sync 1 DAGs
[2025-11-27T12:17:58.621-0300] {logging_mixin.py:188} INFO - [2025-11-27T12:17:58.621-0300] {dag.py:3947} INFO - Setting next_dagrun for example_params_trigger_ui to None, run_after=None
[2025-11-27T12:17:58.630-0300] {processor.py:183} INFO - Processing /Users/davispecia/Documents/GitHub/Pf_pipeline_dados/Projeto_final_fase3/venv/lib/python3.9/site-packages/airflow/example_dags/example_params_trigger_ui.py took 0.116 seconds
[2025-11-27T12:20:00.153-0300] {processor.py:161} INFO - Started process (PID=1161) to work on /Users/davispecia/Documents/GitHub/Pf_pipeline_dados/Projeto_final_fase3/venv/lib/python3.9/site-packages/airflow/example_dags/example_params_trigger_ui.py
[2025-11-27T12:20:00.155-0300] {processor.py:830} INFO - Processing file /Users/davispecia/Documents/GitHub/Pf_pipeline_dados/Projeto_final_fase3/venv/lib/python3.9/site-packages/airflow/example_dags/example_params_trigger_ui.py for tasks to queue
[2025-11-27T12:20:00.155-0300] {logging_mixin.py:188} INFO - [2025-11-27T12:20:00.155-0300] {dagbag.py:545} INFO - Filling up the DagBag from /Users/davispecia/Documents/GitHub/Pf_pipeline_dados/Projeto_final_fase3/venv/lib/python3.9/site-packages/airflow/example_dags/example_params_trigger_ui.py
[2025-11-27T12:20:00.173-0300] {processor.py:840} INFO - DAG(s) 'example_params_trigger_ui' retrieved from /Users/davispecia/Documents/GitHub/Pf_pipeline_dados/Projeto_final_fase3/venv/lib/python3.9/site-packages/airflow/example_dags/example_params_trigger_ui.py
[2025-11-27T12:20:00.255-0300] {logging_mixin.py:188} INFO - [2025-11-27T12:20:00.255-0300] {dag.py:3089} INFO - Sync 1 DAGs
[2025-11-27T12:20:00.260-0300] {logging_mixin.py:188} INFO - [2025-11-27T12:20:00.260-0300] {dag.py:3947} INFO - Setting next_dagrun for example_params_trigger_ui to None, run_after=None
[2025-11-27T12:20:00.269-0300] {processor.py:183} INFO - Processing /Users/davispecia/Documents/GitHub/Pf_pipeline_dados/Projeto_final_fase3/venv/lib/python3.9/site-packages/airflow/example_dags/example_params_trigger_ui.py took 0.118 seconds
[2025-11-27T12:22:13.424-0300] {processor.py:161} INFO - Started process (PID=1571) to work on /Users/davispecia/Documents/GitHub/Pf_pipeline_dados/Projeto_final_fase3/venv/lib/python3.9/site-packages/airflow/example_dags/example_params_trigger_ui.py
[2025-11-27T12:22:13.426-0300] {processor.py:830} INFO - Processing file /Users/davispecia/Documents/GitHub/Pf_pipeline_dados/Projeto_final_fase3/venv/lib/python3.9/site-packages/airflow/example_dags/example_params_trigger_ui.py for tasks to queue
[2025-11-27T12:22:13.426-0300] {logging_mixin.py:188} INFO - [2025-11-27T12:22:13.426-0300] {dagbag.py:545} INFO - Filling up the DagBag from /Users/davispecia/Documents/GitHub/Pf_pipeline_dados/Projeto_final_fase3/venv/lib/python3.9/site-packages/airflow/example_dags/example_params_trigger_ui.py
[2025-11-27T12:22:13.444-0300] {processor.py:840} INFO - DAG(s) 'example_params_trigger_ui' retrieved from /Users/davispecia/Documents/GitHub/Pf_pipeline_dados/Projeto_final_fase3/venv/lib/python3.9/site-packages/airflow/example_dags/example_params_trigger_ui.py
[2025-11-27T12:22:13.526-0300] {logging_mixin.py:188} INFO - [2025-11-27T12:22:13.525-0300] {dag.py:3089} INFO - Sync 1 DAGs
[2025-11-27T12:22:13.531-0300] {logging_mixin.py:188} INFO - [2025-11-27T12:22:13.531-0300] {dag.py:3947} INFO - Setting next_dagrun for example_params_trigger_ui to None, run_after=None
[2025-11-27T12:22:13.539-0300] {processor.py:183} INFO - Processing /Users/davispecia/Documents/GitHub/Pf_pipeline_dados/Projeto_final_fase3/venv/lib/python3.9/site-packages/airflow/example_dags/example_params_trigger_ui.py took 0.117 seconds
[2025-11-27T12:24:16.249-0300] {processor.py:161} INFO - Started process (PID=1880) to work on /Users/davispecia/Documents/GitHub/Pf_pipeline_dados/Projeto_final_fase3/venv/lib/python3.9/site-packages/airflow/example_dags/example_params_trigger_ui.py
[2025-11-27T12:24:16.251-0300] {processor.py:830} INFO - Processing file /Users/davispecia/Documents/GitHub/Pf_pipeline_dados/Projeto_final_fase3/venv/lib/python3.9/site-packages/airflow/example_dags/example_params_trigger_ui.py for tasks to queue
[2025-11-27T12:24:16.251-0300] {logging_mixin.py:188} INFO - [2025-11-27T12:24:16.251-0300] {dagbag.py:545} INFO - Filling up the DagBag from /Users/davispecia/Documents/GitHub/Pf_pipeline_dados/Projeto_final_fase3/venv/lib/python3.9/site-packages/airflow/example_dags/example_params_trigger_ui.py
[2025-11-27T12:24:16.270-0300] {processor.py:840} INFO - DAG(s) 'example_params_trigger_ui' retrieved from /Users/davispecia/Documents/GitHub/Pf_pipeline_dados/Projeto_final_fase3/venv/lib/python3.9/site-packages/airflow/example_dags/example_params_trigger_ui.py
[2025-11-27T12:24:16.351-0300] {logging_mixin.py:188} INFO - [2025-11-27T12:24:16.351-0300] {dag.py:3089} INFO - Sync 1 DAGs
[2025-11-27T12:24:16.357-0300] {logging_mixin.py:188} INFO - [2025-11-27T12:24:16.356-0300] {dag.py:3947} INFO - Setting next_dagrun for example_params_trigger_ui to None, run_after=None
[2025-11-27T12:24:16.365-0300] {processor.py:183} INFO - Processing /Users/davispecia/Documents/GitHub/Pf_pipeline_dados/Projeto_final_fase3/venv/lib/python3.9/site-packages/airflow/example_dags/example_params_trigger_ui.py took 0.118 seconds
[2025-11-27T12:26:19.132-0300] {processor.py:161} INFO - Started process (PID=2185) to work on /Users/davispecia/Documents/GitHub/Pf_pipeline_dados/Projeto_final_fase3/venv/lib/python3.9/site-packages/airflow/example_dags/example_params_trigger_ui.py
[2025-11-27T12:26:19.133-0300] {processor.py:830} INFO - Processing file /Users/davispecia/Documents/GitHub/Pf_pipeline_dados/Projeto_final_fase3/venv/lib/python3.9/site-packages/airflow/example_dags/example_params_trigger_ui.py for tasks to queue
[2025-11-27T12:26:19.133-0300] {logging_mixin.py:188} INFO - [2025-11-27T12:26:19.133-0300] {dagbag.py:545} INFO - Filling up the DagBag from /Users/davispecia/Documents/GitHub/Pf_pipeline_dados/Projeto_final_fase3/venv/lib/python3.9/site-packages/airflow/example_dags/example_params_trigger_ui.py
[2025-11-27T12:26:19.151-0300] {processor.py:840} INFO - DAG(s) 'example_params_trigger_ui' retrieved from /Users/davispecia/Documents/GitHub/Pf_pipeline_dados/Projeto_final_fase3/venv/lib/python3.9/site-packages/airflow/example_dags/example_params_trigger_ui.py
[2025-11-27T12:26:19.233-0300] {logging_mixin.py:188} INFO - [2025-11-27T12:26:19.232-0300] {dag.py:3089} INFO - Sync 1 DAGs
[2025-11-27T12:26:19.238-0300] {logging_mixin.py:188} INFO - [2025-11-27T12:26:19.238-0300] {dag.py:3947} INFO - Setting next_dagrun for example_params_trigger_ui to None, run_after=None
[2025-11-27T12:26:19.246-0300] {processor.py:183} INFO - Processing /Users/davispecia/Documents/GitHub/Pf_pipeline_dados/Projeto_final_fase3/venv/lib/python3.9/site-packages/airflow/example_dags/example_params_trigger_ui.py took 0.117 seconds
[2025-11-27T13:02:47.200-0300] {processor.py:161} INFO - Started process (PID=2631) to work on /Users/davispecia/Documents/GitHub/Pf_pipeline_dados/Projeto_final_fase3/venv/lib/python3.9/site-packages/airflow/example_dags/example_params_trigger_ui.py
[2025-11-27T13:02:47.203-0300] {processor.py:830} INFO - Processing file /Users/davispecia/Documents/GitHub/Pf_pipeline_dados/Projeto_final_fase3/venv/lib/python3.9/site-packages/airflow/example_dags/example_params_trigger_ui.py for tasks to queue
[2025-11-27T13:02:47.203-0300] {logging_mixin.py:188} INFO - [2025-11-27T13:02:47.203-0300] {dagbag.py:545} INFO - Filling up the DagBag from /Users/davispecia/Documents/GitHub/Pf_pipeline_dados/Projeto_final_fase3/venv/lib/python3.9/site-packages/airflow/example_dags/example_params_trigger_ui.py
[2025-11-27T13:02:47.225-0300] {processor.py:840} INFO - DAG(s) 'example_params_trigger_ui' retrieved from /Users/davispecia/Documents/GitHub/Pf_pipeline_dados/Projeto_final_fase3/venv/lib/python3.9/site-packages/airflow/example_dags/example_params_trigger_ui.py
[2025-11-27T13:02:47.310-0300] {logging_mixin.py:188} INFO - [2025-11-27T13:02:47.310-0300] {dag.py:3089} INFO - Sync 1 DAGs
[2025-11-27T13:02:47.316-0300] {logging_mixin.py:188} INFO - [2025-11-27T13:02:47.316-0300] {dag.py:3947} INFO - Setting next_dagrun for example_params_trigger_ui to None, run_after=None
[2025-11-27T13:02:47.325-0300] {processor.py:183} INFO - Processing /Users/davispecia/Documents/GitHub/Pf_pipeline_dados/Projeto_final_fase3/venv/lib/python3.9/site-packages/airflow/example_dags/example_params_trigger_ui.py took 0.128 seconds
[2025-11-27T14:06:35.411-0300] {processor.py:161} INFO - Started process (PID=2945) to work on /Users/davispecia/Documents/GitHub/Pf_pipeline_dados/Projeto_final_fase3/venv/lib/python3.9/site-packages/airflow/example_dags/example_params_trigger_ui.py
[2025-11-27T14:06:35.412-0300] {processor.py:830} INFO - Processing file /Users/davispecia/Documents/GitHub/Pf_pipeline_dados/Projeto_final_fase3/venv/lib/python3.9/site-packages/airflow/example_dags/example_params_trigger_ui.py for tasks to queue
[2025-11-27T14:06:35.413-0300] {logging_mixin.py:188} INFO - [2025-11-27T14:06:35.413-0300] {dagbag.py:545} INFO - Filling up the DagBag from /Users/davispecia/Documents/GitHub/Pf_pipeline_dados/Projeto_final_fase3/venv/lib/python3.9/site-packages/airflow/example_dags/example_params_trigger_ui.py
[2025-11-27T14:06:35.431-0300] {processor.py:840} INFO - DAG(s) 'example_params_trigger_ui' retrieved from /Users/davispecia/Documents/GitHub/Pf_pipeline_dados/Projeto_final_fase3/venv/lib/python3.9/site-packages/airflow/example_dags/example_params_trigger_ui.py
[2025-11-27T14:06:35.512-0300] {logging_mixin.py:188} INFO - [2025-11-27T14:06:35.512-0300] {dag.py:3089} INFO - Sync 1 DAGs
[2025-11-27T14:06:35.518-0300] {logging_mixin.py:188} INFO - [2025-11-27T14:06:35.518-0300] {dag.py:3947} INFO - Setting next_dagrun for example_params_trigger_ui to None, run_after=None
[2025-11-27T14:06:35.526-0300] {processor.py:183} INFO - Processing /Users/davispecia/Documents/GitHub/Pf_pipeline_dados/Projeto_final_fase3/venv/lib/python3.9/site-packages/airflow/example_dags/example_params_trigger_ui.py took 0.117 seconds
[2025-11-27T14:08:40.779-0300] {processor.py:161} INFO - Started process (PID=3335) to work on /Users/davispecia/Documents/GitHub/Pf_pipeline_dados/Projeto_final_fase3/venv/lib/python3.9/site-packages/airflow/example_dags/example_params_trigger_ui.py
[2025-11-27T14:08:40.780-0300] {processor.py:830} INFO - Processing file /Users/davispecia/Documents/GitHub/Pf_pipeline_dados/Projeto_final_fase3/venv/lib/python3.9/site-packages/airflow/example_dags/example_params_trigger_ui.py for tasks to queue
[2025-11-27T14:08:40.780-0300] {logging_mixin.py:188} INFO - [2025-11-27T14:08:40.780-0300] {dagbag.py:545} INFO - Filling up the DagBag from /Users/davispecia/Documents/GitHub/Pf_pipeline_dados/Projeto_final_fase3/venv/lib/python3.9/site-packages/airflow/example_dags/example_params_trigger_ui.py
[2025-11-27T14:08:40.800-0300] {processor.py:840} INFO - DAG(s) 'example_params_trigger_ui' retrieved from /Users/davispecia/Documents/GitHub/Pf_pipeline_dados/Projeto_final_fase3/venv/lib/python3.9/site-packages/airflow/example_dags/example_params_trigger_ui.py
[2025-11-27T14:08:40.885-0300] {logging_mixin.py:188} INFO - [2025-11-27T14:08:40.885-0300] {dag.py:3089} INFO - Sync 1 DAGs
[2025-11-27T14:08:40.891-0300] {logging_mixin.py:188} INFO - [2025-11-27T14:08:40.891-0300] {dag.py:3947} INFO - Setting next_dagrun for example_params_trigger_ui to None, run_after=None
[2025-11-27T14:08:40.899-0300] {processor.py:183} INFO - Processing /Users/davispecia/Documents/GitHub/Pf_pipeline_dados/Projeto_final_fase3/venv/lib/python3.9/site-packages/airflow/example_dags/example_params_trigger_ui.py took 0.123 seconds
[2025-11-27T14:10:56.533-0300] {processor.py:161} INFO - Started process (PID=3720) to work on /Users/davispecia/Documents/GitHub/Pf_pipeline_dados/Projeto_final_fase3/venv/lib/python3.9/site-packages/airflow/example_dags/example_params_trigger_ui.py
[2025-11-27T14:10:56.535-0300] {processor.py:830} INFO - Processing file /Users/davispecia/Documents/GitHub/Pf_pipeline_dados/Projeto_final_fase3/venv/lib/python3.9/site-packages/airflow/example_dags/example_params_trigger_ui.py for tasks to queue
[2025-11-27T14:10:56.535-0300] {logging_mixin.py:188} INFO - [2025-11-27T14:10:56.535-0300] {dagbag.py:545} INFO - Filling up the DagBag from /Users/davispecia/Documents/GitHub/Pf_pipeline_dados/Projeto_final_fase3/venv/lib/python3.9/site-packages/airflow/example_dags/example_params_trigger_ui.py
[2025-11-27T14:10:56.554-0300] {processor.py:840} INFO - DAG(s) 'example_params_trigger_ui' retrieved from /Users/davispecia/Documents/GitHub/Pf_pipeline_dados/Projeto_final_fase3/venv/lib/python3.9/site-packages/airflow/example_dags/example_params_trigger_ui.py
[2025-11-27T14:10:56.637-0300] {logging_mixin.py:188} INFO - [2025-11-27T14:10:56.637-0300] {dag.py:3089} INFO - Sync 1 DAGs
[2025-11-27T14:10:56.642-0300] {logging_mixin.py:188} INFO - [2025-11-27T14:10:56.642-0300] {dag.py:3947} INFO - Setting next_dagrun for example_params_trigger_ui to None, run_after=None
[2025-11-27T14:10:56.651-0300] {processor.py:183} INFO - Processing /Users/davispecia/Documents/GitHub/Pf_pipeline_dados/Projeto_final_fase3/venv/lib/python3.9/site-packages/airflow/example_dags/example_params_trigger_ui.py took 0.120 seconds
[2025-11-27T14:12:56.752-0300] {processor.py:161} INFO - Started process (PID=4016) to work on /Users/davispecia/Documents/GitHub/Pf_pipeline_dados/Projeto_final_fase3/venv/lib/python3.9/site-packages/airflow/example_dags/example_params_trigger_ui.py
[2025-11-27T14:12:56.752-0300] {processor.py:830} INFO - Processing file /Users/davispecia/Documents/GitHub/Pf_pipeline_dados/Projeto_final_fase3/venv/lib/python3.9/site-packages/airflow/example_dags/example_params_trigger_ui.py for tasks to queue
[2025-11-27T14:12:56.753-0300] {logging_mixin.py:188} INFO - [2025-11-27T14:12:56.753-0300] {dagbag.py:545} INFO - Filling up the DagBag from /Users/davispecia/Documents/GitHub/Pf_pipeline_dados/Projeto_final_fase3/venv/lib/python3.9/site-packages/airflow/example_dags/example_params_trigger_ui.py
[2025-11-27T14:12:56.773-0300] {processor.py:840} INFO - DAG(s) 'example_params_trigger_ui' retrieved from /Users/davispecia/Documents/GitHub/Pf_pipeline_dados/Projeto_final_fase3/venv/lib/python3.9/site-packages/airflow/example_dags/example_params_trigger_ui.py
[2025-11-27T14:12:56.860-0300] {logging_mixin.py:188} INFO - [2025-11-27T14:12:56.859-0300] {dag.py:3089} INFO - Sync 1 DAGs
[2025-11-27T14:12:56.865-0300] {logging_mixin.py:188} INFO - [2025-11-27T14:12:56.865-0300] {dag.py:3947} INFO - Setting next_dagrun for example_params_trigger_ui to None, run_after=None
[2025-11-27T14:12:56.874-0300] {processor.py:183} INFO - Processing /Users/davispecia/Documents/GitHub/Pf_pipeline_dados/Projeto_final_fase3/venv/lib/python3.9/site-packages/airflow/example_dags/example_params_trigger_ui.py took 0.124 seconds
[2025-11-27T14:15:22.136-0300] {processor.py:161} INFO - Started process (PID=4446) to work on /Users/davispecia/Documents/GitHub/Pf_pipeline_dados/Projeto_final_fase3/venv/lib/python3.9/site-packages/airflow/example_dags/example_params_trigger_ui.py
[2025-11-27T14:15:22.137-0300] {processor.py:830} INFO - Processing file /Users/davispecia/Documents/GitHub/Pf_pipeline_dados/Projeto_final_fase3/venv/lib/python3.9/site-packages/airflow/example_dags/example_params_trigger_ui.py for tasks to queue
[2025-11-27T14:15:22.138-0300] {logging_mixin.py:188} INFO - [2025-11-27T14:15:22.137-0300] {dagbag.py:545} INFO - Filling up the DagBag from /Users/davispecia/Documents/GitHub/Pf_pipeline_dados/Projeto_final_fase3/venv/lib/python3.9/site-packages/airflow/example_dags/example_params_trigger_ui.py
[2025-11-27T14:15:22.158-0300] {processor.py:840} INFO - DAG(s) 'example_params_trigger_ui' retrieved from /Users/davispecia/Documents/GitHub/Pf_pipeline_dados/Projeto_final_fase3/venv/lib/python3.9/site-packages/airflow/example_dags/example_params_trigger_ui.py
[2025-11-27T14:15:22.249-0300] {logging_mixin.py:188} INFO - [2025-11-27T14:15:22.249-0300] {dag.py:3089} INFO - Sync 1 DAGs
[2025-11-27T14:15:22.254-0300] {logging_mixin.py:188} INFO - [2025-11-27T14:15:22.254-0300] {dag.py:3947} INFO - Setting next_dagrun for example_params_trigger_ui to None, run_after=None
[2025-11-27T14:15:22.263-0300] {processor.py:183} INFO - Processing /Users/davispecia/Documents/GitHub/Pf_pipeline_dados/Projeto_final_fase3/venv/lib/python3.9/site-packages/airflow/example_dags/example_params_trigger_ui.py took 0.129 seconds
[2025-11-27T14:16:48.790-0300] {processor.py:161} INFO - Started process (PID=4660) to work on /Users/davispecia/Documents/GitHub/Pf_pipeline_dados/Projeto_final_fase3/venv/lib/python3.9/site-packages/airflow/example_dags/example_params_trigger_ui.py
[2025-11-27T14:16:48.791-0300] {processor.py:830} INFO - Processing file /Users/davispecia/Documents/GitHub/Pf_pipeline_dados/Projeto_final_fase3/venv/lib/python3.9/site-packages/airflow/example_dags/example_params_trigger_ui.py for tasks to queue
[2025-11-27T14:16:48.791-0300] {logging_mixin.py:188} INFO - [2025-11-27T14:16:48.791-0300] {dagbag.py:545} INFO - Filling up the DagBag from /Users/davispecia/Documents/GitHub/Pf_pipeline_dados/Projeto_final_fase3/venv/lib/python3.9/site-packages/airflow/example_dags/example_params_trigger_ui.py
[2025-11-27T14:16:48.811-0300] {processor.py:840} INFO - DAG(s) 'example_params_trigger_ui' retrieved from /Users/davispecia/Documents/GitHub/Pf_pipeline_dados/Projeto_final_fase3/venv/lib/python3.9/site-packages/airflow/example_dags/example_params_trigger_ui.py
[2025-11-27T14:16:48.894-0300] {logging_mixin.py:188} INFO - [2025-11-27T14:16:48.894-0300] {dag.py:3089} INFO - Sync 1 DAGs
[2025-11-27T14:16:48.899-0300] {logging_mixin.py:188} INFO - [2025-11-27T14:16:48.899-0300] {dag.py:3947} INFO - Setting next_dagrun for example_params_trigger_ui to None, run_after=None
[2025-11-27T14:16:48.908-0300] {processor.py:183} INFO - Processing /Users/davispecia/Documents/GitHub/Pf_pipeline_dados/Projeto_final_fase3/venv/lib/python3.9/site-packages/airflow/example_dags/example_params_trigger_ui.py took 0.120 seconds
[2025-11-27T14:19:03.175-0300] {processor.py:161} INFO - Started process (PID=4981) to work on /Users/davispecia/Documents/GitHub/Pf_pipeline_dados/Projeto_final_fase3/venv/lib/python3.9/site-packages/airflow/example_dags/example_params_trigger_ui.py
[2025-11-27T14:19:03.176-0300] {processor.py:830} INFO - Processing file /Users/davispecia/Documents/GitHub/Pf_pipeline_dados/Projeto_final_fase3/venv/lib/python3.9/site-packages/airflow/example_dags/example_params_trigger_ui.py for tasks to queue
[2025-11-27T14:19:03.176-0300] {logging_mixin.py:188} INFO - [2025-11-27T14:19:03.176-0300] {dagbag.py:545} INFO - Filling up the DagBag from /Users/davispecia/Documents/GitHub/Pf_pipeline_dados/Projeto_final_fase3/venv/lib/python3.9/site-packages/airflow/example_dags/example_params_trigger_ui.py
[2025-11-27T14:19:03.196-0300] {processor.py:840} INFO - DAG(s) 'example_params_trigger_ui' retrieved from /Users/davispecia/Documents/GitHub/Pf_pipeline_dados/Projeto_final_fase3/venv/lib/python3.9/site-packages/airflow/example_dags/example_params_trigger_ui.py
[2025-11-27T14:19:03.284-0300] {logging_mixin.py:188} INFO - [2025-11-27T14:19:03.284-0300] {dag.py:3089} INFO - Sync 1 DAGs
[2025-11-27T14:19:03.290-0300] {logging_mixin.py:188} INFO - [2025-11-27T14:19:03.290-0300] {dag.py:3947} INFO - Setting next_dagrun for example_params_trigger_ui to None, run_after=None
[2025-11-27T14:19:03.300-0300] {processor.py:183} INFO - Processing /Users/davispecia/Documents/GitHub/Pf_pipeline_dados/Projeto_final_fase3/venv/lib/python3.9/site-packages/airflow/example_dags/example_params_trigger_ui.py took 0.127 seconds
[2025-11-27T14:21:25.574-0300] {processor.py:161} INFO - Started process (PID=5375) to work on /Users/davispecia/Documents/GitHub/Pf_pipeline_dados/Projeto_final_fase3/venv/lib/python3.9/site-packages/airflow/example_dags/example_params_trigger_ui.py
[2025-11-27T14:21:25.574-0300] {processor.py:830} INFO - Processing file /Users/davispecia/Documents/GitHub/Pf_pipeline_dados/Projeto_final_fase3/venv/lib/python3.9/site-packages/airflow/example_dags/example_params_trigger_ui.py for tasks to queue
[2025-11-27T14:21:25.575-0300] {logging_mixin.py:188} INFO - [2025-11-27T14:21:25.575-0300] {dagbag.py:545} INFO - Filling up the DagBag from /Users/davispecia/Documents/GitHub/Pf_pipeline_dados/Projeto_final_fase3/venv/lib/python3.9/site-packages/airflow/example_dags/example_params_trigger_ui.py
[2025-11-27T14:21:25.594-0300] {processor.py:840} INFO - DAG(s) 'example_params_trigger_ui' retrieved from /Users/davispecia/Documents/GitHub/Pf_pipeline_dados/Projeto_final_fase3/venv/lib/python3.9/site-packages/airflow/example_dags/example_params_trigger_ui.py
[2025-11-27T14:21:25.677-0300] {logging_mixin.py:188} INFO - [2025-11-27T14:21:25.677-0300] {dag.py:3089} INFO - Sync 1 DAGs
[2025-11-27T14:21:25.682-0300] {logging_mixin.py:188} INFO - [2025-11-27T14:21:25.682-0300] {dag.py:3947} INFO - Setting next_dagrun for example_params_trigger_ui to None, run_after=None
[2025-11-27T14:21:25.691-0300] {processor.py:183} INFO - Processing /Users/davispecia/Documents/GitHub/Pf_pipeline_dados/Projeto_final_fase3/venv/lib/python3.9/site-packages/airflow/example_dags/example_params_trigger_ui.py took 0.119 seconds
[2025-11-27T14:23:38.617-0300] {processor.py:161} INFO - Started process (PID=5682) to work on /Users/davispecia/Documents/GitHub/Pf_pipeline_dados/Projeto_final_fase3/venv/lib/python3.9/site-packages/airflow/example_dags/example_params_trigger_ui.py
[2025-11-27T14:23:38.617-0300] {processor.py:830} INFO - Processing file /Users/davispecia/Documents/GitHub/Pf_pipeline_dados/Projeto_final_fase3/venv/lib/python3.9/site-packages/airflow/example_dags/example_params_trigger_ui.py for tasks to queue
[2025-11-27T14:23:38.618-0300] {logging_mixin.py:188} INFO - [2025-11-27T14:23:38.618-0300] {dagbag.py:545} INFO - Filling up the DagBag from /Users/davispecia/Documents/GitHub/Pf_pipeline_dados/Projeto_final_fase3/venv/lib/python3.9/site-packages/airflow/example_dags/example_params_trigger_ui.py
[2025-11-27T14:23:38.636-0300] {processor.py:840} INFO - DAG(s) 'example_params_trigger_ui' retrieved from /Users/davispecia/Documents/GitHub/Pf_pipeline_dados/Projeto_final_fase3/venv/lib/python3.9/site-packages/airflow/example_dags/example_params_trigger_ui.py
[2025-11-27T14:23:38.725-0300] {logging_mixin.py:188} INFO - [2025-11-27T14:23:38.725-0300] {dag.py:3089} INFO - Sync 1 DAGs
[2025-11-27T14:23:38.730-0300] {logging_mixin.py:188} INFO - [2025-11-27T14:23:38.730-0300] {dag.py:3947} INFO - Setting next_dagrun for example_params_trigger_ui to None, run_after=None
[2025-11-27T14:23:38.739-0300] {processor.py:183} INFO - Processing /Users/davispecia/Documents/GitHub/Pf_pipeline_dados/Projeto_final_fase3/venv/lib/python3.9/site-packages/airflow/example_dags/example_params_trigger_ui.py took 0.125 seconds
[2025-11-27T14:25:58.909-0300] {processor.py:161} INFO - Started process (PID=6011) to work on /Users/davispecia/Documents/GitHub/Pf_pipeline_dados/Projeto_final_fase3/venv/lib/python3.9/site-packages/airflow/example_dags/example_params_trigger_ui.py
[2025-11-27T14:25:58.910-0300] {processor.py:830} INFO - Processing file /Users/davispecia/Documents/GitHub/Pf_pipeline_dados/Projeto_final_fase3/venv/lib/python3.9/site-packages/airflow/example_dags/example_params_trigger_ui.py for tasks to queue
[2025-11-27T14:25:58.910-0300] {logging_mixin.py:188} INFO - [2025-11-27T14:25:58.910-0300] {dagbag.py:545} INFO - Filling up the DagBag from /Users/davispecia/Documents/GitHub/Pf_pipeline_dados/Projeto_final_fase3/venv/lib/python3.9/site-packages/airflow/example_dags/example_params_trigger_ui.py
[2025-11-27T14:25:58.929-0300] {processor.py:840} INFO - DAG(s) 'example_params_trigger_ui' retrieved from /Users/davispecia/Documents/GitHub/Pf_pipeline_dados/Projeto_final_fase3/venv/lib/python3.9/site-packages/airflow/example_dags/example_params_trigger_ui.py
[2025-11-27T14:25:59.014-0300] {logging_mixin.py:188} INFO - [2025-11-27T14:25:59.013-0300] {dag.py:3089} INFO - Sync 1 DAGs
[2025-11-27T14:25:59.019-0300] {logging_mixin.py:188} INFO - [2025-11-27T14:25:59.019-0300] {dag.py:3947} INFO - Setting next_dagrun for example_params_trigger_ui to None, run_after=None
[2025-11-27T14:25:59.027-0300] {processor.py:183} INFO - Processing /Users/davispecia/Documents/GitHub/Pf_pipeline_dados/Projeto_final_fase3/venv/lib/python3.9/site-packages/airflow/example_dags/example_params_trigger_ui.py took 0.120 seconds
[2025-11-27T14:28:33.026-0300] {processor.py:161} INFO - Started process (PID=6486) to work on /Users/davispecia/Documents/GitHub/Pf_pipeline_dados/Projeto_final_fase3/venv/lib/python3.9/site-packages/airflow/example_dags/example_params_trigger_ui.py
[2025-11-27T14:28:33.028-0300] {processor.py:830} INFO - Processing file /Users/davispecia/Documents/GitHub/Pf_pipeline_dados/Projeto_final_fase3/venv/lib/python3.9/site-packages/airflow/example_dags/example_params_trigger_ui.py for tasks to queue
[2025-11-27T14:28:33.029-0300] {logging_mixin.py:188} INFO - [2025-11-27T14:28:33.029-0300] {dagbag.py:545} INFO - Filling up the DagBag from /Users/davispecia/Documents/GitHub/Pf_pipeline_dados/Projeto_final_fase3/venv/lib/python3.9/site-packages/airflow/example_dags/example_params_trigger_ui.py
[2025-11-27T14:28:33.050-0300] {processor.py:840} INFO - DAG(s) 'example_params_trigger_ui' retrieved from /Users/davispecia/Documents/GitHub/Pf_pipeline_dados/Projeto_final_fase3/venv/lib/python3.9/site-packages/airflow/example_dags/example_params_trigger_ui.py
[2025-11-27T14:28:33.137-0300] {logging_mixin.py:188} INFO - [2025-11-27T14:28:33.137-0300] {dag.py:3089} INFO - Sync 1 DAGs
[2025-11-27T14:28:33.143-0300] {logging_mixin.py:188} INFO - [2025-11-27T14:28:33.143-0300] {dag.py:3947} INFO - Setting next_dagrun for example_params_trigger_ui to None, run_after=None
[2025-11-27T14:28:33.151-0300] {processor.py:183} INFO - Processing /Users/davispecia/Documents/GitHub/Pf_pipeline_dados/Projeto_final_fase3/venv/lib/python3.9/site-packages/airflow/example_dags/example_params_trigger_ui.py took 0.127 seconds
[2025-11-27T14:30:45.132-0300] {processor.py:161} INFO - Started process (PID=6801) to work on /Users/davispecia/Documents/GitHub/Pf_pipeline_dados/Projeto_final_fase3/venv/lib/python3.9/site-packages/airflow/example_dags/example_params_trigger_ui.py
[2025-11-27T14:30:45.132-0300] {processor.py:830} INFO - Processing file /Users/davispecia/Documents/GitHub/Pf_pipeline_dados/Projeto_final_fase3/venv/lib/python3.9/site-packages/airflow/example_dags/example_params_trigger_ui.py for tasks to queue
[2025-11-27T14:30:45.132-0300] {logging_mixin.py:188} INFO - [2025-11-27T14:30:45.132-0300] {dagbag.py:545} INFO - Filling up the DagBag from /Users/davispecia/Documents/GitHub/Pf_pipeline_dados/Projeto_final_fase3/venv/lib/python3.9/site-packages/airflow/example_dags/example_params_trigger_ui.py
[2025-11-27T14:30:45.152-0300] {processor.py:840} INFO - DAG(s) 'example_params_trigger_ui' retrieved from /Users/davispecia/Documents/GitHub/Pf_pipeline_dados/Projeto_final_fase3/venv/lib/python3.9/site-packages/airflow/example_dags/example_params_trigger_ui.py
[2025-11-27T14:30:45.242-0300] {logging_mixin.py:188} INFO - [2025-11-27T14:30:45.241-0300] {dag.py:3089} INFO - Sync 1 DAGs
[2025-11-27T14:30:45.248-0300] {logging_mixin.py:188} INFO - [2025-11-27T14:30:45.247-0300] {dag.py:3947} INFO - Setting next_dagrun for example_params_trigger_ui to None, run_after=None
[2025-11-27T14:30:45.257-0300] {processor.py:183} INFO - Processing /Users/davispecia/Documents/GitHub/Pf_pipeline_dados/Projeto_final_fase3/venv/lib/python3.9/site-packages/airflow/example_dags/example_params_trigger_ui.py took 0.128 seconds
[2025-11-27T14:32:50.496-0300] {processor.py:161} INFO - Started process (PID=7107) to work on /Users/davispecia/Documents/GitHub/Pf_pipeline_dados/Projeto_final_fase3/venv/lib/python3.9/site-packages/airflow/example_dags/example_params_trigger_ui.py
[2025-11-27T14:32:50.496-0300] {processor.py:830} INFO - Processing file /Users/davispecia/Documents/GitHub/Pf_pipeline_dados/Projeto_final_fase3/venv/lib/python3.9/site-packages/airflow/example_dags/example_params_trigger_ui.py for tasks to queue
[2025-11-27T14:32:50.497-0300] {logging_mixin.py:188} INFO - [2025-11-27T14:32:50.497-0300] {dagbag.py:545} INFO - Filling up the DagBag from /Users/davispecia/Documents/GitHub/Pf_pipeline_dados/Projeto_final_fase3/venv/lib/python3.9/site-packages/airflow/example_dags/example_params_trigger_ui.py
[2025-11-27T14:32:50.517-0300] {processor.py:840} INFO - DAG(s) 'example_params_trigger_ui' retrieved from /Users/davispecia/Documents/GitHub/Pf_pipeline_dados/Projeto_final_fase3/venv/lib/python3.9/site-packages/airflow/example_dags/example_params_trigger_ui.py
[2025-11-27T14:32:50.606-0300] {logging_mixin.py:188} INFO - [2025-11-27T14:32:50.606-0300] {dag.py:3089} INFO - Sync 1 DAGs
[2025-11-27T14:32:50.612-0300] {logging_mixin.py:188} INFO - [2025-11-27T14:32:50.611-0300] {dag.py:3947} INFO - Setting next_dagrun for example_params_trigger_ui to None, run_after=None
[2025-11-27T14:32:50.620-0300] {processor.py:183} INFO - Processing /Users/davispecia/Documents/GitHub/Pf_pipeline_dados/Projeto_final_fase3/venv/lib/python3.9/site-packages/airflow/example_dags/example_params_trigger_ui.py took 0.135 seconds
[2025-11-27T14:35:18.888-0300] {processor.py:161} INFO - Started process (PID=7615) to work on /Users/davispecia/Documents/GitHub/Pf_pipeline_dados/Projeto_final_fase3/venv/lib/python3.9/site-packages/airflow/example_dags/example_params_trigger_ui.py
[2025-11-27T14:35:18.888-0300] {processor.py:830} INFO - Processing file /Users/davispecia/Documents/GitHub/Pf_pipeline_dados/Projeto_final_fase3/venv/lib/python3.9/site-packages/airflow/example_dags/example_params_trigger_ui.py for tasks to queue
[2025-11-27T14:35:18.889-0300] {logging_mixin.py:188} INFO - [2025-11-27T14:35:18.889-0300] {dagbag.py:545} INFO - Filling up the DagBag from /Users/davispecia/Documents/GitHub/Pf_pipeline_dados/Projeto_final_fase3/venv/lib/python3.9/site-packages/airflow/example_dags/example_params_trigger_ui.py
[2025-11-27T14:35:19.023-0300] {processor.py:840} INFO - DAG(s) 'example_params_trigger_ui' retrieved from /Users/davispecia/Documents/GitHub/Pf_pipeline_dados/Projeto_final_fase3/venv/lib/python3.9/site-packages/airflow/example_dags/example_params_trigger_ui.py
[2025-11-27T14:35:19.175-0300] {logging_mixin.py:188} INFO - [2025-11-27T14:35:19.175-0300] {dag.py:3089} INFO - Sync 1 DAGs
[2025-11-27T14:35:19.181-0300] {logging_mixin.py:188} INFO - [2025-11-27T14:35:19.181-0300] {dag.py:3947} INFO - Setting next_dagrun for example_params_trigger_ui to None, run_after=None
[2025-11-27T14:35:19.191-0300] {processor.py:183} INFO - Processing /Users/davispecia/Documents/GitHub/Pf_pipeline_dados/Projeto_final_fase3/venv/lib/python3.9/site-packages/airflow/example_dags/example_params_trigger_ui.py took 0.309 seconds
[2025-11-27T14:37:36.970-0300] {processor.py:161} INFO - Started process (PID=7991) to work on /Users/davispecia/Documents/GitHub/Pf_pipeline_dados/Projeto_final_fase3/venv/lib/python3.9/site-packages/airflow/example_dags/example_params_trigger_ui.py
[2025-11-27T14:37:36.971-0300] {processor.py:830} INFO - Processing file /Users/davispecia/Documents/GitHub/Pf_pipeline_dados/Projeto_final_fase3/venv/lib/python3.9/site-packages/airflow/example_dags/example_params_trigger_ui.py for tasks to queue
[2025-11-27T14:37:36.971-0300] {logging_mixin.py:188} INFO - [2025-11-27T14:37:36.971-0300] {dagbag.py:545} INFO - Filling up the DagBag from /Users/davispecia/Documents/GitHub/Pf_pipeline_dados/Projeto_final_fase3/venv/lib/python3.9/site-packages/airflow/example_dags/example_params_trigger_ui.py
[2025-11-27T14:37:36.993-0300] {processor.py:840} INFO - DAG(s) 'example_params_trigger_ui' retrieved from /Users/davispecia/Documents/GitHub/Pf_pipeline_dados/Projeto_final_fase3/venv/lib/python3.9/site-packages/airflow/example_dags/example_params_trigger_ui.py
[2025-11-27T14:37:37.091-0300] {logging_mixin.py:188} INFO - [2025-11-27T14:37:37.091-0300] {dag.py:3089} INFO - Sync 1 DAGs
[2025-11-27T14:37:37.097-0300] {logging_mixin.py:188} INFO - [2025-11-27T14:37:37.097-0300] {dag.py:3947} INFO - Setting next_dagrun for example_params_trigger_ui to None, run_after=None
[2025-11-27T14:37:37.107-0300] {processor.py:183} INFO - Processing /Users/davispecia/Documents/GitHub/Pf_pipeline_dados/Projeto_final_fase3/venv/lib/python3.9/site-packages/airflow/example_dags/example_params_trigger_ui.py took 0.140 seconds
[2025-11-27T14:39:56.972-0300] {processor.py:161} INFO - Started process (PID=8389) to work on /Users/davispecia/Documents/GitHub/Pf_pipeline_dados/Projeto_final_fase3/venv/lib/python3.9/site-packages/airflow/example_dags/example_params_trigger_ui.py
[2025-11-27T14:39:56.973-0300] {processor.py:830} INFO - Processing file /Users/davispecia/Documents/GitHub/Pf_pipeline_dados/Projeto_final_fase3/venv/lib/python3.9/site-packages/airflow/example_dags/example_params_trigger_ui.py for tasks to queue
[2025-11-27T14:39:56.973-0300] {logging_mixin.py:188} INFO - [2025-11-27T14:39:56.973-0300] {dagbag.py:545} INFO - Filling up the DagBag from /Users/davispecia/Documents/GitHub/Pf_pipeline_dados/Projeto_final_fase3/venv/lib/python3.9/site-packages/airflow/example_dags/example_params_trigger_ui.py
[2025-11-27T14:39:56.993-0300] {processor.py:840} INFO - DAG(s) 'example_params_trigger_ui' retrieved from /Users/davispecia/Documents/GitHub/Pf_pipeline_dados/Projeto_final_fase3/venv/lib/python3.9/site-packages/airflow/example_dags/example_params_trigger_ui.py
[2025-11-27T14:39:57.078-0300] {logging_mixin.py:188} INFO - [2025-11-27T14:39:57.078-0300] {dag.py:3089} INFO - Sync 1 DAGs
[2025-11-27T14:39:57.084-0300] {logging_mixin.py:188} INFO - [2025-11-27T14:39:57.084-0300] {dag.py:3947} INFO - Setting next_dagrun for example_params_trigger_ui to None, run_after=None
[2025-11-27T14:39:57.092-0300] {processor.py:183} INFO - Processing /Users/davispecia/Documents/GitHub/Pf_pipeline_dados/Projeto_final_fase3/venv/lib/python3.9/site-packages/airflow/example_dags/example_params_trigger_ui.py took 0.123 seconds
[2025-11-27T14:42:03.200-0300] {processor.py:161} INFO - Started process (PID=8762) to work on /Users/davispecia/Documents/GitHub/Pf_pipeline_dados/Projeto_final_fase3/venv/lib/python3.9/site-packages/airflow/example_dags/example_params_trigger_ui.py
[2025-11-27T14:42:03.201-0300] {processor.py:830} INFO - Processing file /Users/davispecia/Documents/GitHub/Pf_pipeline_dados/Projeto_final_fase3/venv/lib/python3.9/site-packages/airflow/example_dags/example_params_trigger_ui.py for tasks to queue
[2025-11-27T14:42:03.201-0300] {logging_mixin.py:188} INFO - [2025-11-27T14:42:03.201-0300] {dagbag.py:545} INFO - Filling up the DagBag from /Users/davispecia/Documents/GitHub/Pf_pipeline_dados/Projeto_final_fase3/venv/lib/python3.9/site-packages/airflow/example_dags/example_params_trigger_ui.py
[2025-11-27T14:42:03.221-0300] {processor.py:840} INFO - DAG(s) 'example_params_trigger_ui' retrieved from /Users/davispecia/Documents/GitHub/Pf_pipeline_dados/Projeto_final_fase3/venv/lib/python3.9/site-packages/airflow/example_dags/example_params_trigger_ui.py
[2025-11-27T14:42:03.309-0300] {logging_mixin.py:188} INFO - [2025-11-27T14:42:03.308-0300] {dag.py:3089} INFO - Sync 1 DAGs
[2025-11-27T14:42:03.314-0300] {logging_mixin.py:188} INFO - [2025-11-27T14:42:03.314-0300] {dag.py:3947} INFO - Setting next_dagrun for example_params_trigger_ui to None, run_after=None
[2025-11-27T14:42:03.323-0300] {processor.py:183} INFO - Processing /Users/davispecia/Documents/GitHub/Pf_pipeline_dados/Projeto_final_fase3/venv/lib/python3.9/site-packages/airflow/example_dags/example_params_trigger_ui.py took 0.125 seconds
[2025-11-27T14:44:08.976-0300] {processor.py:161} INFO - Started process (PID=9125) to work on /Users/davispecia/Documents/GitHub/Pf_pipeline_dados/Projeto_final_fase3/venv/lib/python3.9/site-packages/airflow/example_dags/example_params_trigger_ui.py
[2025-11-27T14:44:08.977-0300] {processor.py:830} INFO - Processing file /Users/davispecia/Documents/GitHub/Pf_pipeline_dados/Projeto_final_fase3/venv/lib/python3.9/site-packages/airflow/example_dags/example_params_trigger_ui.py for tasks to queue
[2025-11-27T14:44:08.977-0300] {logging_mixin.py:188} INFO - [2025-11-27T14:44:08.977-0300] {dagbag.py:545} INFO - Filling up the DagBag from /Users/davispecia/Documents/GitHub/Pf_pipeline_dados/Projeto_final_fase3/venv/lib/python3.9/site-packages/airflow/example_dags/example_params_trigger_ui.py
[2025-11-27T14:44:08.998-0300] {processor.py:840} INFO - DAG(s) 'example_params_trigger_ui' retrieved from /Users/davispecia/Documents/GitHub/Pf_pipeline_dados/Projeto_final_fase3/venv/lib/python3.9/site-packages/airflow/example_dags/example_params_trigger_ui.py
[2025-11-27T14:44:09.088-0300] {logging_mixin.py:188} INFO - [2025-11-27T14:44:09.088-0300] {dag.py:3089} INFO - Sync 1 DAGs
[2025-11-27T14:44:09.094-0300] {logging_mixin.py:188} INFO - [2025-11-27T14:44:09.094-0300] {dag.py:3947} INFO - Setting next_dagrun for example_params_trigger_ui to None, run_after=None
[2025-11-27T14:44:09.103-0300] {processor.py:183} INFO - Processing /Users/davispecia/Documents/GitHub/Pf_pipeline_dados/Projeto_final_fase3/venv/lib/python3.9/site-packages/airflow/example_dags/example_params_trigger_ui.py took 0.129 seconds
[2025-11-27T14:46:28.163-0300] {processor.py:161} INFO - Started process (PID=9534) to work on /Users/davispecia/Documents/GitHub/Pf_pipeline_dados/Projeto_final_fase3/venv/lib/python3.9/site-packages/airflow/example_dags/example_params_trigger_ui.py
[2025-11-27T14:46:28.163-0300] {processor.py:830} INFO - Processing file /Users/davispecia/Documents/GitHub/Pf_pipeline_dados/Projeto_final_fase3/venv/lib/python3.9/site-packages/airflow/example_dags/example_params_trigger_ui.py for tasks to queue
[2025-11-27T14:46:28.164-0300] {logging_mixin.py:188} INFO - [2025-11-27T14:46:28.163-0300] {dagbag.py:545} INFO - Filling up the DagBag from /Users/davispecia/Documents/GitHub/Pf_pipeline_dados/Projeto_final_fase3/venv/lib/python3.9/site-packages/airflow/example_dags/example_params_trigger_ui.py
[2025-11-27T14:46:28.182-0300] {processor.py:840} INFO - DAG(s) 'example_params_trigger_ui' retrieved from /Users/davispecia/Documents/GitHub/Pf_pipeline_dados/Projeto_final_fase3/venv/lib/python3.9/site-packages/airflow/example_dags/example_params_trigger_ui.py
[2025-11-27T14:46:28.267-0300] {logging_mixin.py:188} INFO - [2025-11-27T14:46:28.267-0300] {dag.py:3089} INFO - Sync 1 DAGs
[2025-11-27T14:46:28.272-0300] {logging_mixin.py:188} INFO - [2025-11-27T14:46:28.272-0300] {dag.py:3947} INFO - Setting next_dagrun for example_params_trigger_ui to None, run_after=None
[2025-11-27T14:46:28.283-0300] {processor.py:183} INFO - Processing /Users/davispecia/Documents/GitHub/Pf_pipeline_dados/Projeto_final_fase3/venv/lib/python3.9/site-packages/airflow/example_dags/example_params_trigger_ui.py took 0.122 seconds
[2025-11-27T14:48:36.609-0300] {processor.py:161} INFO - Started process (PID=9846) to work on /Users/davispecia/Documents/GitHub/Pf_pipeline_dados/Projeto_final_fase3/venv/lib/python3.9/site-packages/airflow/example_dags/example_params_trigger_ui.py
[2025-11-27T14:48:36.610-0300] {processor.py:830} INFO - Processing file /Users/davispecia/Documents/GitHub/Pf_pipeline_dados/Projeto_final_fase3/venv/lib/python3.9/site-packages/airflow/example_dags/example_params_trigger_ui.py for tasks to queue
[2025-11-27T14:48:36.610-0300] {logging_mixin.py:188} INFO - [2025-11-27T14:48:36.610-0300] {dagbag.py:545} INFO - Filling up the DagBag from /Users/davispecia/Documents/GitHub/Pf_pipeline_dados/Projeto_final_fase3/venv/lib/python3.9/site-packages/airflow/example_dags/example_params_trigger_ui.py
[2025-11-27T14:48:36.629-0300] {processor.py:840} INFO - DAG(s) 'example_params_trigger_ui' retrieved from /Users/davispecia/Documents/GitHub/Pf_pipeline_dados/Projeto_final_fase3/venv/lib/python3.9/site-packages/airflow/example_dags/example_params_trigger_ui.py
[2025-11-27T14:48:36.712-0300] {logging_mixin.py:188} INFO - [2025-11-27T14:48:36.712-0300] {dag.py:3089} INFO - Sync 1 DAGs
[2025-11-27T14:48:36.717-0300] {logging_mixin.py:188} INFO - [2025-11-27T14:48:36.717-0300] {dag.py:3947} INFO - Setting next_dagrun for example_params_trigger_ui to None, run_after=None
[2025-11-27T14:48:36.728-0300] {processor.py:183} INFO - Processing /Users/davispecia/Documents/GitHub/Pf_pipeline_dados/Projeto_final_fase3/venv/lib/python3.9/site-packages/airflow/example_dags/example_params_trigger_ui.py took 0.120 seconds
[2025-11-27T14:50:53.633-0300] {processor.py:161} INFO - Started process (PID=10248) to work on /Users/davispecia/Documents/GitHub/Pf_pipeline_dados/Projeto_final_fase3/venv/lib/python3.9/site-packages/airflow/example_dags/example_params_trigger_ui.py
[2025-11-27T14:50:53.634-0300] {processor.py:830} INFO - Processing file /Users/davispecia/Documents/GitHub/Pf_pipeline_dados/Projeto_final_fase3/venv/lib/python3.9/site-packages/airflow/example_dags/example_params_trigger_ui.py for tasks to queue
[2025-11-27T14:50:53.634-0300] {logging_mixin.py:188} INFO - [2025-11-27T14:50:53.634-0300] {dagbag.py:545} INFO - Filling up the DagBag from /Users/davispecia/Documents/GitHub/Pf_pipeline_dados/Projeto_final_fase3/venv/lib/python3.9/site-packages/airflow/example_dags/example_params_trigger_ui.py
[2025-11-27T14:50:53.653-0300] {processor.py:840} INFO - DAG(s) 'example_params_trigger_ui' retrieved from /Users/davispecia/Documents/GitHub/Pf_pipeline_dados/Projeto_final_fase3/venv/lib/python3.9/site-packages/airflow/example_dags/example_params_trigger_ui.py
[2025-11-27T14:50:53.742-0300] {logging_mixin.py:188} INFO - [2025-11-27T14:50:53.742-0300] {dag.py:3089} INFO - Sync 1 DAGs
[2025-11-27T14:50:53.748-0300] {logging_mixin.py:188} INFO - [2025-11-27T14:50:53.748-0300] {dag.py:3947} INFO - Setting next_dagrun for example_params_trigger_ui to None, run_after=None
[2025-11-27T14:50:53.757-0300] {processor.py:183} INFO - Processing /Users/davispecia/Documents/GitHub/Pf_pipeline_dados/Projeto_final_fase3/venv/lib/python3.9/site-packages/airflow/example_dags/example_params_trigger_ui.py took 0.127 seconds
[2025-11-27T14:53:02.498-0300] {processor.py:161} INFO - Started process (PID=10571) to work on /Users/davispecia/Documents/GitHub/Pf_pipeline_dados/Projeto_final_fase3/venv/lib/python3.9/site-packages/airflow/example_dags/example_params_trigger_ui.py
[2025-11-27T14:53:02.499-0300] {processor.py:830} INFO - Processing file /Users/davispecia/Documents/GitHub/Pf_pipeline_dados/Projeto_final_fase3/venv/lib/python3.9/site-packages/airflow/example_dags/example_params_trigger_ui.py for tasks to queue
[2025-11-27T14:53:02.500-0300] {logging_mixin.py:188} INFO - [2025-11-27T14:53:02.500-0300] {dagbag.py:545} INFO - Filling up the DagBag from /Users/davispecia/Documents/GitHub/Pf_pipeline_dados/Projeto_final_fase3/venv/lib/python3.9/site-packages/airflow/example_dags/example_params_trigger_ui.py
[2025-11-27T14:53:02.518-0300] {processor.py:840} INFO - DAG(s) 'example_params_trigger_ui' retrieved from /Users/davispecia/Documents/GitHub/Pf_pipeline_dados/Projeto_final_fase3/venv/lib/python3.9/site-packages/airflow/example_dags/example_params_trigger_ui.py
[2025-11-27T14:53:02.599-0300] {logging_mixin.py:188} INFO - [2025-11-27T14:53:02.599-0300] {dag.py:3089} INFO - Sync 1 DAGs
[2025-11-27T14:53:02.604-0300] {logging_mixin.py:188} INFO - [2025-11-27T14:53:02.604-0300] {dag.py:3947} INFO - Setting next_dagrun for example_params_trigger_ui to None, run_after=None
[2025-11-27T14:53:02.613-0300] {processor.py:183} INFO - Processing /Users/davispecia/Documents/GitHub/Pf_pipeline_dados/Projeto_final_fase3/venv/lib/python3.9/site-packages/airflow/example_dags/example_params_trigger_ui.py took 0.116 seconds
[2025-11-27T14:55:05.839-0300] {processor.py:161} INFO - Started process (PID=10863) to work on /Users/davispecia/Documents/GitHub/Pf_pipeline_dados/Projeto_final_fase3/venv/lib/python3.9/site-packages/airflow/example_dags/example_params_trigger_ui.py
[2025-11-27T14:55:05.840-0300] {processor.py:830} INFO - Processing file /Users/davispecia/Documents/GitHub/Pf_pipeline_dados/Projeto_final_fase3/venv/lib/python3.9/site-packages/airflow/example_dags/example_params_trigger_ui.py for tasks to queue
[2025-11-27T14:55:05.840-0300] {logging_mixin.py:188} INFO - [2025-11-27T14:55:05.840-0300] {dagbag.py:545} INFO - Filling up the DagBag from /Users/davispecia/Documents/GitHub/Pf_pipeline_dados/Projeto_final_fase3/venv/lib/python3.9/site-packages/airflow/example_dags/example_params_trigger_ui.py
[2025-11-27T14:55:05.858-0300] {processor.py:840} INFO - DAG(s) 'example_params_trigger_ui' retrieved from /Users/davispecia/Documents/GitHub/Pf_pipeline_dados/Projeto_final_fase3/venv/lib/python3.9/site-packages/airflow/example_dags/example_params_trigger_ui.py
[2025-11-27T14:55:05.940-0300] {logging_mixin.py:188} INFO - [2025-11-27T14:55:05.940-0300] {dag.py:3089} INFO - Sync 1 DAGs
[2025-11-27T14:55:05.945-0300] {logging_mixin.py:188} INFO - [2025-11-27T14:55:05.945-0300] {dag.py:3947} INFO - Setting next_dagrun for example_params_trigger_ui to None, run_after=None
[2025-11-27T14:55:05.954-0300] {processor.py:183} INFO - Processing /Users/davispecia/Documents/GitHub/Pf_pipeline_dados/Projeto_final_fase3/venv/lib/python3.9/site-packages/airflow/example_dags/example_params_trigger_ui.py took 0.117 seconds
[2025-11-27T14:57:19.328-0300] {processor.py:161} INFO - Started process (PID=11255) to work on /Users/davispecia/Documents/GitHub/Pf_pipeline_dados/Projeto_final_fase3/venv/lib/python3.9/site-packages/airflow/example_dags/example_params_trigger_ui.py
[2025-11-27T14:57:19.328-0300] {processor.py:830} INFO - Processing file /Users/davispecia/Documents/GitHub/Pf_pipeline_dados/Projeto_final_fase3/venv/lib/python3.9/site-packages/airflow/example_dags/example_params_trigger_ui.py for tasks to queue
[2025-11-27T14:57:19.329-0300] {logging_mixin.py:188} INFO - [2025-11-27T14:57:19.329-0300] {dagbag.py:545} INFO - Filling up the DagBag from /Users/davispecia/Documents/GitHub/Pf_pipeline_dados/Projeto_final_fase3/venv/lib/python3.9/site-packages/airflow/example_dags/example_params_trigger_ui.py
[2025-11-27T14:57:19.347-0300] {processor.py:840} INFO - DAG(s) 'example_params_trigger_ui' retrieved from /Users/davispecia/Documents/GitHub/Pf_pipeline_dados/Projeto_final_fase3/venv/lib/python3.9/site-packages/airflow/example_dags/example_params_trigger_ui.py
[2025-11-27T14:57:19.430-0300] {logging_mixin.py:188} INFO - [2025-11-27T14:57:19.430-0300] {dag.py:3089} INFO - Sync 1 DAGs
[2025-11-27T14:57:19.435-0300] {logging_mixin.py:188} INFO - [2025-11-27T14:57:19.435-0300] {dag.py:3947} INFO - Setting next_dagrun for example_params_trigger_ui to None, run_after=None
[2025-11-27T14:57:19.446-0300] {processor.py:183} INFO - Processing /Users/davispecia/Documents/GitHub/Pf_pipeline_dados/Projeto_final_fase3/venv/lib/python3.9/site-packages/airflow/example_dags/example_params_trigger_ui.py took 0.121 seconds
[2025-11-27T14:59:26.954-0300] {processor.py:161} INFO - Started process (PID=11558) to work on /Users/davispecia/Documents/GitHub/Pf_pipeline_dados/Projeto_final_fase3/venv/lib/python3.9/site-packages/airflow/example_dags/example_params_trigger_ui.py
[2025-11-27T14:59:26.955-0300] {processor.py:830} INFO - Processing file /Users/davispecia/Documents/GitHub/Pf_pipeline_dados/Projeto_final_fase3/venv/lib/python3.9/site-packages/airflow/example_dags/example_params_trigger_ui.py for tasks to queue
[2025-11-27T14:59:26.956-0300] {logging_mixin.py:188} INFO - [2025-11-27T14:59:26.956-0300] {dagbag.py:545} INFO - Filling up the DagBag from /Users/davispecia/Documents/GitHub/Pf_pipeline_dados/Projeto_final_fase3/venv/lib/python3.9/site-packages/airflow/example_dags/example_params_trigger_ui.py
[2025-11-27T14:59:26.974-0300] {processor.py:840} INFO - DAG(s) 'example_params_trigger_ui' retrieved from /Users/davispecia/Documents/GitHub/Pf_pipeline_dados/Projeto_final_fase3/venv/lib/python3.9/site-packages/airflow/example_dags/example_params_trigger_ui.py
[2025-11-27T14:59:27.057-0300] {logging_mixin.py:188} INFO - [2025-11-27T14:59:27.057-0300] {dag.py:3089} INFO - Sync 1 DAGs
[2025-11-27T14:59:27.063-0300] {logging_mixin.py:188} INFO - [2025-11-27T14:59:27.062-0300] {dag.py:3947} INFO - Setting next_dagrun for example_params_trigger_ui to None, run_after=None
[2025-11-27T14:59:27.071-0300] {processor.py:183} INFO - Processing /Users/davispecia/Documents/GitHub/Pf_pipeline_dados/Projeto_final_fase3/venv/lib/python3.9/site-packages/airflow/example_dags/example_params_trigger_ui.py took 0.120 seconds
[2025-11-27T15:01:40.854-0300] {processor.py:161} INFO - Started process (PID=11934) to work on /Users/davispecia/Documents/GitHub/Pf_pipeline_dados/Projeto_final_fase3/venv/lib/python3.9/site-packages/airflow/example_dags/example_params_trigger_ui.py
[2025-11-27T15:01:40.855-0300] {processor.py:830} INFO - Processing file /Users/davispecia/Documents/GitHub/Pf_pipeline_dados/Projeto_final_fase3/venv/lib/python3.9/site-packages/airflow/example_dags/example_params_trigger_ui.py for tasks to queue
[2025-11-27T15:01:40.855-0300] {logging_mixin.py:188} INFO - [2025-11-27T15:01:40.855-0300] {dagbag.py:545} INFO - Filling up the DagBag from /Users/davispecia/Documents/GitHub/Pf_pipeline_dados/Projeto_final_fase3/venv/lib/python3.9/site-packages/airflow/example_dags/example_params_trigger_ui.py
[2025-11-27T15:01:40.873-0300] {processor.py:840} INFO - DAG(s) 'example_params_trigger_ui' retrieved from /Users/davispecia/Documents/GitHub/Pf_pipeline_dados/Projeto_final_fase3/venv/lib/python3.9/site-packages/airflow/example_dags/example_params_trigger_ui.py
[2025-11-27T15:01:40.954-0300] {logging_mixin.py:188} INFO - [2025-11-27T15:01:40.954-0300] {dag.py:3089} INFO - Sync 1 DAGs
[2025-11-27T15:01:40.959-0300] {logging_mixin.py:188} INFO - [2025-11-27T15:01:40.959-0300] {dag.py:3947} INFO - Setting next_dagrun for example_params_trigger_ui to None, run_after=None
[2025-11-27T15:01:40.968-0300] {processor.py:183} INFO - Processing /Users/davispecia/Documents/GitHub/Pf_pipeline_dados/Projeto_final_fase3/venv/lib/python3.9/site-packages/airflow/example_dags/example_params_trigger_ui.py took 0.116 seconds
[2025-11-27T15:03:48.946-0300] {processor.py:161} INFO - Started process (PID=12247) to work on /Users/davispecia/Documents/GitHub/Pf_pipeline_dados/Projeto_final_fase3/venv/lib/python3.9/site-packages/airflow/example_dags/example_params_trigger_ui.py
[2025-11-27T15:03:48.946-0300] {processor.py:830} INFO - Processing file /Users/davispecia/Documents/GitHub/Pf_pipeline_dados/Projeto_final_fase3/venv/lib/python3.9/site-packages/airflow/example_dags/example_params_trigger_ui.py for tasks to queue
[2025-11-27T15:03:48.946-0300] {logging_mixin.py:188} INFO - [2025-11-27T15:03:48.946-0300] {dagbag.py:545} INFO - Filling up the DagBag from /Users/davispecia/Documents/GitHub/Pf_pipeline_dados/Projeto_final_fase3/venv/lib/python3.9/site-packages/airflow/example_dags/example_params_trigger_ui.py
[2025-11-27T15:03:48.965-0300] {processor.py:840} INFO - DAG(s) 'example_params_trigger_ui' retrieved from /Users/davispecia/Documents/GitHub/Pf_pipeline_dados/Projeto_final_fase3/venv/lib/python3.9/site-packages/airflow/example_dags/example_params_trigger_ui.py
[2025-11-27T15:03:49.045-0300] {logging_mixin.py:188} INFO - [2025-11-27T15:03:49.045-0300] {dag.py:3089} INFO - Sync 1 DAGs
[2025-11-27T15:03:49.051-0300] {logging_mixin.py:188} INFO - [2025-11-27T15:03:49.051-0300] {dag.py:3947} INFO - Setting next_dagrun for example_params_trigger_ui to None, run_after=None
[2025-11-27T15:03:49.059-0300] {processor.py:183} INFO - Processing /Users/davispecia/Documents/GitHub/Pf_pipeline_dados/Projeto_final_fase3/venv/lib/python3.9/site-packages/airflow/example_dags/example_params_trigger_ui.py took 0.116 seconds
[2025-11-27T15:05:56.174-0300] {processor.py:161} INFO - Started process (PID=12544) to work on /Users/davispecia/Documents/GitHub/Pf_pipeline_dados/Projeto_final_fase3/venv/lib/python3.9/site-packages/airflow/example_dags/example_params_trigger_ui.py
[2025-11-27T15:05:56.175-0300] {processor.py:830} INFO - Processing file /Users/davispecia/Documents/GitHub/Pf_pipeline_dados/Projeto_final_fase3/venv/lib/python3.9/site-packages/airflow/example_dags/example_params_trigger_ui.py for tasks to queue
[2025-11-27T15:05:56.176-0300] {logging_mixin.py:188} INFO - [2025-11-27T15:05:56.175-0300] {dagbag.py:545} INFO - Filling up the DagBag from /Users/davispecia/Documents/GitHub/Pf_pipeline_dados/Projeto_final_fase3/venv/lib/python3.9/site-packages/airflow/example_dags/example_params_trigger_ui.py
[2025-11-27T15:05:56.193-0300] {processor.py:840} INFO - DAG(s) 'example_params_trigger_ui' retrieved from /Users/davispecia/Documents/GitHub/Pf_pipeline_dados/Projeto_final_fase3/venv/lib/python3.9/site-packages/airflow/example_dags/example_params_trigger_ui.py
[2025-11-27T15:05:56.276-0300] {logging_mixin.py:188} INFO - [2025-11-27T15:05:56.276-0300] {dag.py:3089} INFO - Sync 1 DAGs
[2025-11-27T15:05:56.281-0300] {logging_mixin.py:188} INFO - [2025-11-27T15:05:56.281-0300] {dag.py:3947} INFO - Setting next_dagrun for example_params_trigger_ui to None, run_after=None
[2025-11-27T15:05:56.290-0300] {processor.py:183} INFO - Processing /Users/davispecia/Documents/GitHub/Pf_pipeline_dados/Projeto_final_fase3/venv/lib/python3.9/site-packages/airflow/example_dags/example_params_trigger_ui.py took 0.118 seconds
[2025-11-27T15:08:12.583-0300] {processor.py:161} INFO - Started process (PID=12928) to work on /Users/davispecia/Documents/GitHub/Pf_pipeline_dados/Projeto_final_fase3/venv/lib/python3.9/site-packages/airflow/example_dags/example_params_trigger_ui.py
[2025-11-27T15:08:12.584-0300] {processor.py:830} INFO - Processing file /Users/davispecia/Documents/GitHub/Pf_pipeline_dados/Projeto_final_fase3/venv/lib/python3.9/site-packages/airflow/example_dags/example_params_trigger_ui.py for tasks to queue
[2025-11-27T15:08:12.584-0300] {logging_mixin.py:188} INFO - [2025-11-27T15:08:12.584-0300] {dagbag.py:545} INFO - Filling up the DagBag from /Users/davispecia/Documents/GitHub/Pf_pipeline_dados/Projeto_final_fase3/venv/lib/python3.9/site-packages/airflow/example_dags/example_params_trigger_ui.py
[2025-11-27T15:08:12.602-0300] {processor.py:840} INFO - DAG(s) 'example_params_trigger_ui' retrieved from /Users/davispecia/Documents/GitHub/Pf_pipeline_dados/Projeto_final_fase3/venv/lib/python3.9/site-packages/airflow/example_dags/example_params_trigger_ui.py
[2025-11-27T15:08:12.684-0300] {logging_mixin.py:188} INFO - [2025-11-27T15:08:12.684-0300] {dag.py:3089} INFO - Sync 1 DAGs
[2025-11-27T15:08:12.689-0300] {logging_mixin.py:188} INFO - [2025-11-27T15:08:12.689-0300] {dag.py:3947} INFO - Setting next_dagrun for example_params_trigger_ui to None, run_after=None
[2025-11-27T15:08:12.698-0300] {processor.py:183} INFO - Processing /Users/davispecia/Documents/GitHub/Pf_pipeline_dados/Projeto_final_fase3/venv/lib/python3.9/site-packages/airflow/example_dags/example_params_trigger_ui.py took 0.117 seconds
[2025-11-27T15:10:18.637-0300] {processor.py:161} INFO - Started process (PID=13238) to work on /Users/davispecia/Documents/GitHub/Pf_pipeline_dados/Projeto_final_fase3/venv/lib/python3.9/site-packages/airflow/example_dags/example_params_trigger_ui.py
[2025-11-27T15:10:18.638-0300] {processor.py:830} INFO - Processing file /Users/davispecia/Documents/GitHub/Pf_pipeline_dados/Projeto_final_fase3/venv/lib/python3.9/site-packages/airflow/example_dags/example_params_trigger_ui.py for tasks to queue
[2025-11-27T15:10:18.638-0300] {logging_mixin.py:188} INFO - [2025-11-27T15:10:18.638-0300] {dagbag.py:545} INFO - Filling up the DagBag from /Users/davispecia/Documents/GitHub/Pf_pipeline_dados/Projeto_final_fase3/venv/lib/python3.9/site-packages/airflow/example_dags/example_params_trigger_ui.py
[2025-11-27T15:10:18.656-0300] {processor.py:840} INFO - DAG(s) 'example_params_trigger_ui' retrieved from /Users/davispecia/Documents/GitHub/Pf_pipeline_dados/Projeto_final_fase3/venv/lib/python3.9/site-packages/airflow/example_dags/example_params_trigger_ui.py
[2025-11-27T15:10:18.738-0300] {logging_mixin.py:188} INFO - [2025-11-27T15:10:18.738-0300] {dag.py:3089} INFO - Sync 1 DAGs
[2025-11-27T15:10:18.744-0300] {logging_mixin.py:188} INFO - [2025-11-27T15:10:18.743-0300] {dag.py:3947} INFO - Setting next_dagrun for example_params_trigger_ui to None, run_after=None
[2025-11-27T15:10:18.752-0300] {processor.py:183} INFO - Processing /Users/davispecia/Documents/GitHub/Pf_pipeline_dados/Projeto_final_fase3/venv/lib/python3.9/site-packages/airflow/example_dags/example_params_trigger_ui.py took 0.117 seconds
[2025-11-27T15:12:25.857-0300] {processor.py:161} INFO - Started process (PID=13619) to work on /Users/davispecia/Documents/GitHub/Pf_pipeline_dados/Projeto_final_fase3/venv/lib/python3.9/site-packages/airflow/example_dags/example_params_trigger_ui.py
[2025-11-27T15:12:25.858-0300] {processor.py:830} INFO - Processing file /Users/davispecia/Documents/GitHub/Pf_pipeline_dados/Projeto_final_fase3/venv/lib/python3.9/site-packages/airflow/example_dags/example_params_trigger_ui.py for tasks to queue
[2025-11-27T15:12:25.859-0300] {logging_mixin.py:188} INFO - [2025-11-27T15:12:25.859-0300] {dagbag.py:545} INFO - Filling up the DagBag from /Users/davispecia/Documents/GitHub/Pf_pipeline_dados/Projeto_final_fase3/venv/lib/python3.9/site-packages/airflow/example_dags/example_params_trigger_ui.py
[2025-11-27T15:12:25.876-0300] {processor.py:840} INFO - DAG(s) 'example_params_trigger_ui' retrieved from /Users/davispecia/Documents/GitHub/Pf_pipeline_dados/Projeto_final_fase3/venv/lib/python3.9/site-packages/airflow/example_dags/example_params_trigger_ui.py
[2025-11-27T15:12:25.958-0300] {logging_mixin.py:188} INFO - [2025-11-27T15:12:25.958-0300] {dag.py:3089} INFO - Sync 1 DAGs
[2025-11-27T15:12:25.964-0300] {logging_mixin.py:188} INFO - [2025-11-27T15:12:25.964-0300] {dag.py:3947} INFO - Setting next_dagrun for example_params_trigger_ui to None, run_after=None
[2025-11-27T15:12:25.972-0300] {processor.py:183} INFO - Processing /Users/davispecia/Documents/GitHub/Pf_pipeline_dados/Projeto_final_fase3/venv/lib/python3.9/site-packages/airflow/example_dags/example_params_trigger_ui.py took 0.117 seconds
[2025-11-27T15:14:31.613-0300] {processor.py:161} INFO - Started process (PID=13997) to work on /Users/davispecia/Documents/GitHub/Pf_pipeline_dados/Projeto_final_fase3/venv/lib/python3.9/site-packages/airflow/example_dags/example_params_trigger_ui.py
[2025-11-27T15:14:31.614-0300] {processor.py:830} INFO - Processing file /Users/davispecia/Documents/GitHub/Pf_pipeline_dados/Projeto_final_fase3/venv/lib/python3.9/site-packages/airflow/example_dags/example_params_trigger_ui.py for tasks to queue
[2025-11-27T15:14:31.614-0300] {logging_mixin.py:188} INFO - [2025-11-27T15:14:31.614-0300] {dagbag.py:545} INFO - Filling up the DagBag from /Users/davispecia/Documents/GitHub/Pf_pipeline_dados/Projeto_final_fase3/venv/lib/python3.9/site-packages/airflow/example_dags/example_params_trigger_ui.py
[2025-11-27T15:14:31.633-0300] {processor.py:840} INFO - DAG(s) 'example_params_trigger_ui' retrieved from /Users/davispecia/Documents/GitHub/Pf_pipeline_dados/Projeto_final_fase3/venv/lib/python3.9/site-packages/airflow/example_dags/example_params_trigger_ui.py
[2025-11-27T15:14:31.714-0300] {logging_mixin.py:188} INFO - [2025-11-27T15:14:31.714-0300] {dag.py:3089} INFO - Sync 1 DAGs
[2025-11-27T15:14:31.719-0300] {logging_mixin.py:188} INFO - [2025-11-27T15:14:31.719-0300] {dag.py:3947} INFO - Setting next_dagrun for example_params_trigger_ui to None, run_after=None
[2025-11-27T15:14:31.729-0300] {processor.py:183} INFO - Processing /Users/davispecia/Documents/GitHub/Pf_pipeline_dados/Projeto_final_fase3/venv/lib/python3.9/site-packages/airflow/example_dags/example_params_trigger_ui.py took 0.118 seconds
[2025-11-27T15:16:30.767-0300] {processor.py:161} INFO - Started process (PID=14282) to work on /Users/davispecia/Documents/GitHub/Pf_pipeline_dados/Projeto_final_fase3/venv/lib/python3.9/site-packages/airflow/example_dags/example_params_trigger_ui.py
[2025-11-27T15:16:30.767-0300] {processor.py:830} INFO - Processing file /Users/davispecia/Documents/GitHub/Pf_pipeline_dados/Projeto_final_fase3/venv/lib/python3.9/site-packages/airflow/example_dags/example_params_trigger_ui.py for tasks to queue
[2025-11-27T15:16:30.768-0300] {logging_mixin.py:188} INFO - [2025-11-27T15:16:30.768-0300] {dagbag.py:545} INFO - Filling up the DagBag from /Users/davispecia/Documents/GitHub/Pf_pipeline_dados/Projeto_final_fase3/venv/lib/python3.9/site-packages/airflow/example_dags/example_params_trigger_ui.py
[2025-11-27T15:16:30.786-0300] {processor.py:840} INFO - DAG(s) 'example_params_trigger_ui' retrieved from /Users/davispecia/Documents/GitHub/Pf_pipeline_dados/Projeto_final_fase3/venv/lib/python3.9/site-packages/airflow/example_dags/example_params_trigger_ui.py
[2025-11-27T15:16:30.867-0300] {logging_mixin.py:188} INFO - [2025-11-27T15:16:30.867-0300] {dag.py:3089} INFO - Sync 1 DAGs
[2025-11-27T15:16:30.872-0300] {logging_mixin.py:188} INFO - [2025-11-27T15:16:30.872-0300] {dag.py:3947} INFO - Setting next_dagrun for example_params_trigger_ui to None, run_after=None
[2025-11-27T15:16:30.883-0300] {processor.py:183} INFO - Processing /Users/davispecia/Documents/GitHub/Pf_pipeline_dados/Projeto_final_fase3/venv/lib/python3.9/site-packages/airflow/example_dags/example_params_trigger_ui.py took 0.119 seconds
[2025-11-27T15:18:41.747-0300] {processor.py:161} INFO - Started process (PID=14664) to work on /Users/davispecia/Documents/GitHub/Pf_pipeline_dados/Projeto_final_fase3/venv/lib/python3.9/site-packages/airflow/example_dags/example_params_trigger_ui.py
[2025-11-27T15:18:41.748-0300] {processor.py:830} INFO - Processing file /Users/davispecia/Documents/GitHub/Pf_pipeline_dados/Projeto_final_fase3/venv/lib/python3.9/site-packages/airflow/example_dags/example_params_trigger_ui.py for tasks to queue
[2025-11-27T15:18:41.748-0300] {logging_mixin.py:188} INFO - [2025-11-27T15:18:41.748-0300] {dagbag.py:545} INFO - Filling up the DagBag from /Users/davispecia/Documents/GitHub/Pf_pipeline_dados/Projeto_final_fase3/venv/lib/python3.9/site-packages/airflow/example_dags/example_params_trigger_ui.py
[2025-11-27T15:18:41.766-0300] {processor.py:840} INFO - DAG(s) 'example_params_trigger_ui' retrieved from /Users/davispecia/Documents/GitHub/Pf_pipeline_dados/Projeto_final_fase3/venv/lib/python3.9/site-packages/airflow/example_dags/example_params_trigger_ui.py
[2025-11-27T15:18:41.847-0300] {logging_mixin.py:188} INFO - [2025-11-27T15:18:41.847-0300] {dag.py:3089} INFO - Sync 1 DAGs
[2025-11-27T15:18:41.852-0300] {logging_mixin.py:188} INFO - [2025-11-27T15:18:41.852-0300] {dag.py:3947} INFO - Setting next_dagrun for example_params_trigger_ui to None, run_after=None
[2025-11-27T15:18:41.861-0300] {processor.py:183} INFO - Processing /Users/davispecia/Documents/GitHub/Pf_pipeline_dados/Projeto_final_fase3/venv/lib/python3.9/site-packages/airflow/example_dags/example_params_trigger_ui.py took 0.117 seconds
[2025-11-27T15:24:17.952-0300] {processor.py:161} INFO - Started process (PID=15022) to work on /Users/davispecia/Documents/GitHub/Pf_pipeline_dados/Projeto_final_fase3/venv/lib/python3.9/site-packages/airflow/example_dags/example_params_trigger_ui.py
[2025-11-27T15:24:17.952-0300] {processor.py:830} INFO - Processing file /Users/davispecia/Documents/GitHub/Pf_pipeline_dados/Projeto_final_fase3/venv/lib/python3.9/site-packages/airflow/example_dags/example_params_trigger_ui.py for tasks to queue
[2025-11-27T15:24:17.953-0300] {logging_mixin.py:188} INFO - [2025-11-27T15:24:17.953-0300] {dagbag.py:545} INFO - Filling up the DagBag from /Users/davispecia/Documents/GitHub/Pf_pipeline_dados/Projeto_final_fase3/venv/lib/python3.9/site-packages/airflow/example_dags/example_params_trigger_ui.py
[2025-11-27T15:24:17.982-0300] {processor.py:840} INFO - DAG(s) 'example_params_trigger_ui' retrieved from /Users/davispecia/Documents/GitHub/Pf_pipeline_dados/Projeto_final_fase3/venv/lib/python3.9/site-packages/airflow/example_dags/example_params_trigger_ui.py
[2025-11-27T15:24:18.093-0300] {logging_mixin.py:188} INFO - [2025-11-27T15:24:18.093-0300] {dag.py:3089} INFO - Sync 1 DAGs
[2025-11-27T15:24:18.099-0300] {logging_mixin.py:188} INFO - [2025-11-27T15:24:18.099-0300] {dag.py:3947} INFO - Setting next_dagrun for example_params_trigger_ui to None, run_after=None
[2025-11-27T15:24:18.109-0300] {processor.py:183} INFO - Processing /Users/davispecia/Documents/GitHub/Pf_pipeline_dados/Projeto_final_fase3/venv/lib/python3.9/site-packages/airflow/example_dags/example_params_trigger_ui.py took 0.161 seconds
[2025-11-27T15:26:30.731-0300] {processor.py:161} INFO - Started process (PID=15409) to work on /Users/davispecia/Documents/GitHub/Pf_pipeline_dados/Projeto_final_fase3/venv/lib/python3.9/site-packages/airflow/example_dags/example_params_trigger_ui.py
[2025-11-27T15:26:30.731-0300] {processor.py:830} INFO - Processing file /Users/davispecia/Documents/GitHub/Pf_pipeline_dados/Projeto_final_fase3/venv/lib/python3.9/site-packages/airflow/example_dags/example_params_trigger_ui.py for tasks to queue
[2025-11-27T15:26:30.731-0300] {logging_mixin.py:188} INFO - [2025-11-27T15:26:30.731-0300] {dagbag.py:545} INFO - Filling up the DagBag from /Users/davispecia/Documents/GitHub/Pf_pipeline_dados/Projeto_final_fase3/venv/lib/python3.9/site-packages/airflow/example_dags/example_params_trigger_ui.py
[2025-11-27T15:26:30.751-0300] {processor.py:840} INFO - DAG(s) 'example_params_trigger_ui' retrieved from /Users/davispecia/Documents/GitHub/Pf_pipeline_dados/Projeto_final_fase3/venv/lib/python3.9/site-packages/airflow/example_dags/example_params_trigger_ui.py
[2025-11-27T15:26:30.838-0300] {logging_mixin.py:188} INFO - [2025-11-27T15:26:30.838-0300] {dag.py:3089} INFO - Sync 1 DAGs
[2025-11-27T15:26:30.843-0300] {logging_mixin.py:188} INFO - [2025-11-27T15:26:30.843-0300] {dag.py:3947} INFO - Setting next_dagrun for example_params_trigger_ui to None, run_after=None
[2025-11-27T15:26:30.854-0300] {processor.py:183} INFO - Processing /Users/davispecia/Documents/GitHub/Pf_pipeline_dados/Projeto_final_fase3/venv/lib/python3.9/site-packages/airflow/example_dags/example_params_trigger_ui.py took 0.126 seconds
