[2025-11-27T11:12:28.137-0300] {processor.py:161} INFO - Started process (PID=88897) to work on /Users/davispecia/Documents/GitHub/Pf_pipeline_dados/Projeto_final_fase3/venv/lib/python3.9/site-packages/airflow/example_dags/example_sensor_decorator.py
[2025-11-27T11:12:28.137-0300] {processor.py:830} INFO - Processing file /Users/davispecia/Documents/GitHub/Pf_pipeline_dados/Projeto_final_fase3/venv/lib/python3.9/site-packages/airflow/example_dags/example_sensor_decorator.py for tasks to queue
[2025-11-27T11:12:28.137-0300] {logging_mixin.py:188} INFO - [2025-11-27T11:12:28.137-0300] {dagbag.py:545} INFO - Filling up the DagBag from /Users/davispecia/Documents/GitHub/Pf_pipeline_dados/Projeto_final_fase3/venv/lib/python3.9/site-packages/airflow/example_dags/example_sensor_decorator.py
[2025-11-27T11:12:28.156-0300] {processor.py:840} INFO - DAG(s) 'example_sensor_decorator' retrieved from /Users/davispecia/Documents/GitHub/Pf_pipeline_dados/Projeto_final_fase3/venv/lib/python3.9/site-packages/airflow/example_dags/example_sensor_decorator.py
[2025-11-27T11:12:28.278-0300] {logging_mixin.py:188} INFO - [2025-11-27T11:12:28.278-0300] {override.py:1858} INFO - Created Permission View: can read on DAG:example_sensor_decorator
[2025-11-27T11:12:28.282-0300] {logging_mixin.py:188} INFO - [2025-11-27T11:12:28.282-0300] {override.py:1858} INFO - Created Permission View: can edit on DAG:example_sensor_decorator
[2025-11-27T11:12:28.284-0300] {logging_mixin.py:188} INFO - [2025-11-27T11:12:28.284-0300] {override.py:1858} INFO - Created Permission View: can delete on DAG:example_sensor_decorator
[2025-11-27T11:12:28.284-0300] {logging_mixin.py:188} INFO - [2025-11-27T11:12:28.284-0300] {dag.py:3089} INFO - Sync 1 DAGs
[2025-11-27T11:12:28.289-0300] {logging_mixin.py:188} INFO - [2025-11-27T11:12:28.289-0300] {dag.py:3111} INFO - Creating ORM DAG for example_sensor_decorator
[2025-11-27T11:12:28.290-0300] {logging_mixin.py:188} INFO - [2025-11-27T11:12:28.290-0300] {dag.py:3947} INFO - Setting next_dagrun for example_sensor_decorator to None, run_after=None
[2025-11-27T11:12:28.301-0300] {processor.py:183} INFO - Processing /Users/davispecia/Documents/GitHub/Pf_pipeline_dados/Projeto_final_fase3/venv/lib/python3.9/site-packages/airflow/example_dags/example_sensor_decorator.py took 0.167 seconds
[2025-11-27T11:14:10.617-0300] {processor.py:161} INFO - Started process (PID=89473) to work on /Users/davispecia/Documents/GitHub/Pf_pipeline_dados/Projeto_final_fase3/venv/lib/python3.9/site-packages/airflow/example_dags/example_sensor_decorator.py
[2025-11-27T11:14:10.618-0300] {processor.py:830} INFO - Processing file /Users/davispecia/Documents/GitHub/Pf_pipeline_dados/Projeto_final_fase3/venv/lib/python3.9/site-packages/airflow/example_dags/example_sensor_decorator.py for tasks to queue
[2025-11-27T11:14:10.618-0300] {logging_mixin.py:188} INFO - [2025-11-27T11:14:10.618-0300] {dagbag.py:545} INFO - Filling up the DagBag from /Users/davispecia/Documents/GitHub/Pf_pipeline_dados/Projeto_final_fase3/venv/lib/python3.9/site-packages/airflow/example_dags/example_sensor_decorator.py
[2025-11-27T11:14:10.635-0300] {processor.py:840} INFO - DAG(s) 'example_sensor_decorator' retrieved from /Users/davispecia/Documents/GitHub/Pf_pipeline_dados/Projeto_final_fase3/venv/lib/python3.9/site-packages/airflow/example_dags/example_sensor_decorator.py
[2025-11-27T11:14:10.710-0300] {logging_mixin.py:188} INFO - [2025-11-27T11:14:10.710-0300] {dag.py:3089} INFO - Sync 1 DAGs
[2025-11-27T11:14:10.716-0300] {logging_mixin.py:188} INFO - [2025-11-27T11:14:10.715-0300] {dag.py:3947} INFO - Setting next_dagrun for example_sensor_decorator to None, run_after=None
[2025-11-27T11:14:10.724-0300] {processor.py:183} INFO - Processing /Users/davispecia/Documents/GitHub/Pf_pipeline_dados/Projeto_final_fase3/venv/lib/python3.9/site-packages/airflow/example_dags/example_sensor_decorator.py took 0.109 seconds
[2025-11-27T11:17:37.087-0300] {processor.py:161} INFO - Started process (PID=91013) to work on /Users/davispecia/Documents/GitHub/Pf_pipeline_dados/Projeto_final_fase3/venv/lib/python3.9/site-packages/airflow/example_dags/example_sensor_decorator.py
[2025-11-27T11:17:37.087-0300] {processor.py:830} INFO - Processing file /Users/davispecia/Documents/GitHub/Pf_pipeline_dados/Projeto_final_fase3/venv/lib/python3.9/site-packages/airflow/example_dags/example_sensor_decorator.py for tasks to queue
[2025-11-27T11:17:37.088-0300] {logging_mixin.py:188} INFO - [2025-11-27T11:17:37.088-0300] {dagbag.py:545} INFO - Filling up the DagBag from /Users/davispecia/Documents/GitHub/Pf_pipeline_dados/Projeto_final_fase3/venv/lib/python3.9/site-packages/airflow/example_dags/example_sensor_decorator.py
[2025-11-27T11:17:37.106-0300] {processor.py:840} INFO - DAG(s) 'example_sensor_decorator' retrieved from /Users/davispecia/Documents/GitHub/Pf_pipeline_dados/Projeto_final_fase3/venv/lib/python3.9/site-packages/airflow/example_dags/example_sensor_decorator.py
[2025-11-27T11:17:37.183-0300] {logging_mixin.py:188} INFO - [2025-11-27T11:17:37.183-0300] {dag.py:3089} INFO - Sync 1 DAGs
[2025-11-27T11:17:37.189-0300] {logging_mixin.py:188} INFO - [2025-11-27T11:17:37.189-0300] {dag.py:3947} INFO - Setting next_dagrun for example_sensor_decorator to None, run_after=None
[2025-11-27T11:17:37.198-0300] {processor.py:183} INFO - Processing /Users/davispecia/Documents/GitHub/Pf_pipeline_dados/Projeto_final_fase3/venv/lib/python3.9/site-packages/airflow/example_dags/example_sensor_decorator.py took 0.114 seconds
[2025-11-27T11:19:53.105-0300] {processor.py:161} INFO - Started process (PID=91399) to work on /Users/davispecia/Documents/GitHub/Pf_pipeline_dados/Projeto_final_fase3/venv/lib/python3.9/site-packages/airflow/example_dags/example_sensor_decorator.py
[2025-11-27T11:19:53.106-0300] {processor.py:830} INFO - Processing file /Users/davispecia/Documents/GitHub/Pf_pipeline_dados/Projeto_final_fase3/venv/lib/python3.9/site-packages/airflow/example_dags/example_sensor_decorator.py for tasks to queue
[2025-11-27T11:19:53.106-0300] {logging_mixin.py:188} INFO - [2025-11-27T11:19:53.106-0300] {dagbag.py:545} INFO - Filling up the DagBag from /Users/davispecia/Documents/GitHub/Pf_pipeline_dados/Projeto_final_fase3/venv/lib/python3.9/site-packages/airflow/example_dags/example_sensor_decorator.py
[2025-11-27T11:19:53.125-0300] {processor.py:840} INFO - DAG(s) 'example_sensor_decorator' retrieved from /Users/davispecia/Documents/GitHub/Pf_pipeline_dados/Projeto_final_fase3/venv/lib/python3.9/site-packages/airflow/example_dags/example_sensor_decorator.py
[2025-11-27T11:19:53.203-0300] {logging_mixin.py:188} INFO - [2025-11-27T11:19:53.202-0300] {dag.py:3089} INFO - Sync 1 DAGs
[2025-11-27T11:19:53.208-0300] {logging_mixin.py:188} INFO - [2025-11-27T11:19:53.208-0300] {dag.py:3947} INFO - Setting next_dagrun for example_sensor_decorator to None, run_after=None
[2025-11-27T11:19:53.217-0300] {processor.py:183} INFO - Processing /Users/davispecia/Documents/GitHub/Pf_pipeline_dados/Projeto_final_fase3/venv/lib/python3.9/site-packages/airflow/example_dags/example_sensor_decorator.py took 0.115 seconds
[2025-11-27T11:21:56.503-0300] {processor.py:161} INFO - Started process (PID=91705) to work on /Users/davispecia/Documents/GitHub/Pf_pipeline_dados/Projeto_final_fase3/venv/lib/python3.9/site-packages/airflow/example_dags/example_sensor_decorator.py
[2025-11-27T11:21:56.504-0300] {processor.py:830} INFO - Processing file /Users/davispecia/Documents/GitHub/Pf_pipeline_dados/Projeto_final_fase3/venv/lib/python3.9/site-packages/airflow/example_dags/example_sensor_decorator.py for tasks to queue
[2025-11-27T11:21:56.505-0300] {logging_mixin.py:188} INFO - [2025-11-27T11:21:56.505-0300] {dagbag.py:545} INFO - Filling up the DagBag from /Users/davispecia/Documents/GitHub/Pf_pipeline_dados/Projeto_final_fase3/venv/lib/python3.9/site-packages/airflow/example_dags/example_sensor_decorator.py
[2025-11-27T11:21:56.522-0300] {processor.py:840} INFO - DAG(s) 'example_sensor_decorator' retrieved from /Users/davispecia/Documents/GitHub/Pf_pipeline_dados/Projeto_final_fase3/venv/lib/python3.9/site-packages/airflow/example_dags/example_sensor_decorator.py
[2025-11-27T11:21:56.602-0300] {logging_mixin.py:188} INFO - [2025-11-27T11:21:56.602-0300] {dag.py:3089} INFO - Sync 1 DAGs
[2025-11-27T11:21:56.607-0300] {logging_mixin.py:188} INFO - [2025-11-27T11:21:56.607-0300] {dag.py:3947} INFO - Setting next_dagrun for example_sensor_decorator to None, run_after=None
[2025-11-27T11:21:56.618-0300] {processor.py:183} INFO - Processing /Users/davispecia/Documents/GitHub/Pf_pipeline_dados/Projeto_final_fase3/venv/lib/python3.9/site-packages/airflow/example_dags/example_sensor_decorator.py took 0.117 seconds
[2025-11-27T11:24:01.101-0300] {processor.py:161} INFO - Started process (PID=92008) to work on /Users/davispecia/Documents/GitHub/Pf_pipeline_dados/Projeto_final_fase3/venv/lib/python3.9/site-packages/airflow/example_dags/example_sensor_decorator.py
[2025-11-27T11:24:01.101-0300] {processor.py:830} INFO - Processing file /Users/davispecia/Documents/GitHub/Pf_pipeline_dados/Projeto_final_fase3/venv/lib/python3.9/site-packages/airflow/example_dags/example_sensor_decorator.py for tasks to queue
[2025-11-27T11:24:01.102-0300] {logging_mixin.py:188} INFO - [2025-11-27T11:24:01.102-0300] {dagbag.py:545} INFO - Filling up the DagBag from /Users/davispecia/Documents/GitHub/Pf_pipeline_dados/Projeto_final_fase3/venv/lib/python3.9/site-packages/airflow/example_dags/example_sensor_decorator.py
[2025-11-27T11:24:01.119-0300] {processor.py:840} INFO - DAG(s) 'example_sensor_decorator' retrieved from /Users/davispecia/Documents/GitHub/Pf_pipeline_dados/Projeto_final_fase3/venv/lib/python3.9/site-packages/airflow/example_dags/example_sensor_decorator.py
[2025-11-27T11:24:01.193-0300] {logging_mixin.py:188} INFO - [2025-11-27T11:24:01.193-0300] {dag.py:3089} INFO - Sync 1 DAGs
[2025-11-27T11:24:01.198-0300] {logging_mixin.py:188} INFO - [2025-11-27T11:24:01.198-0300] {dag.py:3947} INFO - Setting next_dagrun for example_sensor_decorator to None, run_after=None
[2025-11-27T11:24:01.208-0300] {processor.py:183} INFO - Processing /Users/davispecia/Documents/GitHub/Pf_pipeline_dados/Projeto_final_fase3/venv/lib/python3.9/site-packages/airflow/example_dags/example_sensor_decorator.py took 0.109 seconds
[2025-11-27T11:26:15.473-0300] {processor.py:161} INFO - Started process (PID=92397) to work on /Users/davispecia/Documents/GitHub/Pf_pipeline_dados/Projeto_final_fase3/venv/lib/python3.9/site-packages/airflow/example_dags/example_sensor_decorator.py
[2025-11-27T11:26:15.474-0300] {processor.py:830} INFO - Processing file /Users/davispecia/Documents/GitHub/Pf_pipeline_dados/Projeto_final_fase3/venv/lib/python3.9/site-packages/airflow/example_dags/example_sensor_decorator.py for tasks to queue
[2025-11-27T11:26:15.475-0300] {logging_mixin.py:188} INFO - [2025-11-27T11:26:15.475-0300] {dagbag.py:545} INFO - Filling up the DagBag from /Users/davispecia/Documents/GitHub/Pf_pipeline_dados/Projeto_final_fase3/venv/lib/python3.9/site-packages/airflow/example_dags/example_sensor_decorator.py
[2025-11-27T11:26:15.492-0300] {processor.py:840} INFO - DAG(s) 'example_sensor_decorator' retrieved from /Users/davispecia/Documents/GitHub/Pf_pipeline_dados/Projeto_final_fase3/venv/lib/python3.9/site-packages/airflow/example_dags/example_sensor_decorator.py
[2025-11-27T11:26:15.565-0300] {logging_mixin.py:188} INFO - [2025-11-27T11:26:15.564-0300] {dag.py:3089} INFO - Sync 1 DAGs
[2025-11-27T11:26:15.570-0300] {logging_mixin.py:188} INFO - [2025-11-27T11:26:15.570-0300] {dag.py:3947} INFO - Setting next_dagrun for example_sensor_decorator to None, run_after=None
[2025-11-27T11:26:15.579-0300] {processor.py:183} INFO - Processing /Users/davispecia/Documents/GitHub/Pf_pipeline_dados/Projeto_final_fase3/venv/lib/python3.9/site-packages/airflow/example_dags/example_sensor_decorator.py took 0.107 seconds
[2025-11-27T11:28:16.590-0300] {processor.py:161} INFO - Started process (PID=92713) to work on /Users/davispecia/Documents/GitHub/Pf_pipeline_dados/Projeto_final_fase3/venv/lib/python3.9/site-packages/airflow/example_dags/example_sensor_decorator.py
[2025-11-27T11:28:16.591-0300] {processor.py:830} INFO - Processing file /Users/davispecia/Documents/GitHub/Pf_pipeline_dados/Projeto_final_fase3/venv/lib/python3.9/site-packages/airflow/example_dags/example_sensor_decorator.py for tasks to queue
[2025-11-27T11:28:16.592-0300] {logging_mixin.py:188} INFO - [2025-11-27T11:28:16.592-0300] {dagbag.py:545} INFO - Filling up the DagBag from /Users/davispecia/Documents/GitHub/Pf_pipeline_dados/Projeto_final_fase3/venv/lib/python3.9/site-packages/airflow/example_dags/example_sensor_decorator.py
[2025-11-27T11:28:16.610-0300] {processor.py:840} INFO - DAG(s) 'example_sensor_decorator' retrieved from /Users/davispecia/Documents/GitHub/Pf_pipeline_dados/Projeto_final_fase3/venv/lib/python3.9/site-packages/airflow/example_dags/example_sensor_decorator.py
[2025-11-27T11:28:16.683-0300] {logging_mixin.py:188} INFO - [2025-11-27T11:28:16.683-0300] {dag.py:3089} INFO - Sync 1 DAGs
[2025-11-27T11:28:16.689-0300] {logging_mixin.py:188} INFO - [2025-11-27T11:28:16.689-0300] {dag.py:3947} INFO - Setting next_dagrun for example_sensor_decorator to None, run_after=None
[2025-11-27T11:28:16.697-0300] {processor.py:183} INFO - Processing /Users/davispecia/Documents/GitHub/Pf_pipeline_dados/Projeto_final_fase3/venv/lib/python3.9/site-packages/airflow/example_dags/example_sensor_decorator.py took 0.109 seconds
[2025-11-27T11:30:26.030-0300] {processor.py:161} INFO - Started process (PID=93026) to work on /Users/davispecia/Documents/GitHub/Pf_pipeline_dados/Projeto_final_fase3/venv/lib/python3.9/site-packages/airflow/example_dags/example_sensor_decorator.py
[2025-11-27T11:30:26.031-0300] {processor.py:830} INFO - Processing file /Users/davispecia/Documents/GitHub/Pf_pipeline_dados/Projeto_final_fase3/venv/lib/python3.9/site-packages/airflow/example_dags/example_sensor_decorator.py for tasks to queue
[2025-11-27T11:30:26.032-0300] {logging_mixin.py:188} INFO - [2025-11-27T11:30:26.032-0300] {dagbag.py:545} INFO - Filling up the DagBag from /Users/davispecia/Documents/GitHub/Pf_pipeline_dados/Projeto_final_fase3/venv/lib/python3.9/site-packages/airflow/example_dags/example_sensor_decorator.py
[2025-11-27T11:30:26.048-0300] {processor.py:840} INFO - DAG(s) 'example_sensor_decorator' retrieved from /Users/davispecia/Documents/GitHub/Pf_pipeline_dados/Projeto_final_fase3/venv/lib/python3.9/site-packages/airflow/example_dags/example_sensor_decorator.py
[2025-11-27T11:30:26.121-0300] {logging_mixin.py:188} INFO - [2025-11-27T11:30:26.121-0300] {dag.py:3089} INFO - Sync 1 DAGs
[2025-11-27T11:30:26.126-0300] {logging_mixin.py:188} INFO - [2025-11-27T11:30:26.126-0300] {dag.py:3947} INFO - Setting next_dagrun for example_sensor_decorator to None, run_after=None
[2025-11-27T11:30:26.135-0300] {processor.py:183} INFO - Processing /Users/davispecia/Documents/GitHub/Pf_pipeline_dados/Projeto_final_fase3/venv/lib/python3.9/site-packages/airflow/example_dags/example_sensor_decorator.py took 0.107 seconds
[2025-11-27T11:32:32.970-0300] {processor.py:161} INFO - Started process (PID=93381) to work on /Users/davispecia/Documents/GitHub/Pf_pipeline_dados/Projeto_final_fase3/venv/lib/python3.9/site-packages/airflow/example_dags/example_sensor_decorator.py
[2025-11-27T11:32:32.971-0300] {processor.py:830} INFO - Processing file /Users/davispecia/Documents/GitHub/Pf_pipeline_dados/Projeto_final_fase3/venv/lib/python3.9/site-packages/airflow/example_dags/example_sensor_decorator.py for tasks to queue
[2025-11-27T11:32:32.972-0300] {logging_mixin.py:188} INFO - [2025-11-27T11:32:32.972-0300] {dagbag.py:545} INFO - Filling up the DagBag from /Users/davispecia/Documents/GitHub/Pf_pipeline_dados/Projeto_final_fase3/venv/lib/python3.9/site-packages/airflow/example_dags/example_sensor_decorator.py
[2025-11-27T11:32:32.988-0300] {processor.py:840} INFO - DAG(s) 'example_sensor_decorator' retrieved from /Users/davispecia/Documents/GitHub/Pf_pipeline_dados/Projeto_final_fase3/venv/lib/python3.9/site-packages/airflow/example_dags/example_sensor_decorator.py
[2025-11-27T11:32:33.061-0300] {logging_mixin.py:188} INFO - [2025-11-27T11:32:33.061-0300] {dag.py:3089} INFO - Sync 1 DAGs
[2025-11-27T11:32:33.066-0300] {logging_mixin.py:188} INFO - [2025-11-27T11:32:33.066-0300] {dag.py:3947} INFO - Setting next_dagrun for example_sensor_decorator to None, run_after=None
[2025-11-27T11:32:33.075-0300] {processor.py:183} INFO - Processing /Users/davispecia/Documents/GitHub/Pf_pipeline_dados/Projeto_final_fase3/venv/lib/python3.9/site-packages/airflow/example_dags/example_sensor_decorator.py took 0.107 seconds
[2025-11-27T11:34:40.251-0300] {processor.py:161} INFO - Started process (PID=93690) to work on /Users/davispecia/Documents/GitHub/Pf_pipeline_dados/Projeto_final_fase3/venv/lib/python3.9/site-packages/airflow/example_dags/example_sensor_decorator.py
[2025-11-27T11:34:40.252-0300] {processor.py:830} INFO - Processing file /Users/davispecia/Documents/GitHub/Pf_pipeline_dados/Projeto_final_fase3/venv/lib/python3.9/site-packages/airflow/example_dags/example_sensor_decorator.py for tasks to queue
[2025-11-27T11:34:40.253-0300] {logging_mixin.py:188} INFO - [2025-11-27T11:34:40.253-0300] {dagbag.py:545} INFO - Filling up the DagBag from /Users/davispecia/Documents/GitHub/Pf_pipeline_dados/Projeto_final_fase3/venv/lib/python3.9/site-packages/airflow/example_dags/example_sensor_decorator.py
[2025-11-27T11:34:40.270-0300] {processor.py:840} INFO - DAG(s) 'example_sensor_decorator' retrieved from /Users/davispecia/Documents/GitHub/Pf_pipeline_dados/Projeto_final_fase3/venv/lib/python3.9/site-packages/airflow/example_dags/example_sensor_decorator.py
[2025-11-27T11:34:40.343-0300] {logging_mixin.py:188} INFO - [2025-11-27T11:34:40.342-0300] {dag.py:3089} INFO - Sync 1 DAGs
[2025-11-27T11:34:40.348-0300] {logging_mixin.py:188} INFO - [2025-11-27T11:34:40.348-0300] {dag.py:3947} INFO - Setting next_dagrun for example_sensor_decorator to None, run_after=None
[2025-11-27T11:34:40.357-0300] {processor.py:183} INFO - Processing /Users/davispecia/Documents/GitHub/Pf_pipeline_dados/Projeto_final_fase3/venv/lib/python3.9/site-packages/airflow/example_dags/example_sensor_decorator.py took 0.107 seconds
[2025-11-27T11:36:54.996-0300] {processor.py:161} INFO - Started process (PID=94067) to work on /Users/davispecia/Documents/GitHub/Pf_pipeline_dados/Projeto_final_fase3/venv/lib/python3.9/site-packages/airflow/example_dags/example_sensor_decorator.py
[2025-11-27T11:36:54.998-0300] {processor.py:830} INFO - Processing file /Users/davispecia/Documents/GitHub/Pf_pipeline_dados/Projeto_final_fase3/venv/lib/python3.9/site-packages/airflow/example_dags/example_sensor_decorator.py for tasks to queue
[2025-11-27T11:36:54.998-0300] {logging_mixin.py:188} INFO - [2025-11-27T11:36:54.998-0300] {dagbag.py:545} INFO - Filling up the DagBag from /Users/davispecia/Documents/GitHub/Pf_pipeline_dados/Projeto_final_fase3/venv/lib/python3.9/site-packages/airflow/example_dags/example_sensor_decorator.py
[2025-11-27T11:36:55.015-0300] {processor.py:840} INFO - DAG(s) 'example_sensor_decorator' retrieved from /Users/davispecia/Documents/GitHub/Pf_pipeline_dados/Projeto_final_fase3/venv/lib/python3.9/site-packages/airflow/example_dags/example_sensor_decorator.py
[2025-11-27T11:36:55.087-0300] {logging_mixin.py:188} INFO - [2025-11-27T11:36:55.087-0300] {dag.py:3089} INFO - Sync 1 DAGs
[2025-11-27T11:36:55.093-0300] {logging_mixin.py:188} INFO - [2025-11-27T11:36:55.093-0300] {dag.py:3947} INFO - Setting next_dagrun for example_sensor_decorator to None, run_after=None
[2025-11-27T11:36:55.102-0300] {processor.py:183} INFO - Processing /Users/davispecia/Documents/GitHub/Pf_pipeline_dados/Projeto_final_fase3/venv/lib/python3.9/site-packages/airflow/example_dags/example_sensor_decorator.py took 0.107 seconds
[2025-11-27T11:39:02.224-0300] {processor.py:161} INFO - Started process (PID=94363) to work on /Users/davispecia/Documents/GitHub/Pf_pipeline_dados/Projeto_final_fase3/venv/lib/python3.9/site-packages/airflow/example_dags/example_sensor_decorator.py
[2025-11-27T11:39:02.224-0300] {processor.py:830} INFO - Processing file /Users/davispecia/Documents/GitHub/Pf_pipeline_dados/Projeto_final_fase3/venv/lib/python3.9/site-packages/airflow/example_dags/example_sensor_decorator.py for tasks to queue
[2025-11-27T11:39:02.225-0300] {logging_mixin.py:188} INFO - [2025-11-27T11:39:02.224-0300] {dagbag.py:545} INFO - Filling up the DagBag from /Users/davispecia/Documents/GitHub/Pf_pipeline_dados/Projeto_final_fase3/venv/lib/python3.9/site-packages/airflow/example_dags/example_sensor_decorator.py
[2025-11-27T11:39:02.241-0300] {processor.py:840} INFO - DAG(s) 'example_sensor_decorator' retrieved from /Users/davispecia/Documents/GitHub/Pf_pipeline_dados/Projeto_final_fase3/venv/lib/python3.9/site-packages/airflow/example_dags/example_sensor_decorator.py
[2025-11-27T11:39:02.314-0300] {logging_mixin.py:188} INFO - [2025-11-27T11:39:02.314-0300] {dag.py:3089} INFO - Sync 1 DAGs
[2025-11-27T11:39:02.319-0300] {logging_mixin.py:188} INFO - [2025-11-27T11:39:02.319-0300] {dag.py:3947} INFO - Setting next_dagrun for example_sensor_decorator to None, run_after=None
[2025-11-27T11:39:02.328-0300] {processor.py:183} INFO - Processing /Users/davispecia/Documents/GitHub/Pf_pipeline_dados/Projeto_final_fase3/venv/lib/python3.9/site-packages/airflow/example_dags/example_sensor_decorator.py took 0.107 seconds
[2025-11-27T11:41:08.312-0300] {processor.py:161} INFO - Started process (PID=94667) to work on /Users/davispecia/Documents/GitHub/Pf_pipeline_dados/Projeto_final_fase3/venv/lib/python3.9/site-packages/airflow/example_dags/example_sensor_decorator.py
[2025-11-27T11:41:08.312-0300] {processor.py:830} INFO - Processing file /Users/davispecia/Documents/GitHub/Pf_pipeline_dados/Projeto_final_fase3/venv/lib/python3.9/site-packages/airflow/example_dags/example_sensor_decorator.py for tasks to queue
[2025-11-27T11:41:08.313-0300] {logging_mixin.py:188} INFO - [2025-11-27T11:41:08.313-0300] {dagbag.py:545} INFO - Filling up the DagBag from /Users/davispecia/Documents/GitHub/Pf_pipeline_dados/Projeto_final_fase3/venv/lib/python3.9/site-packages/airflow/example_dags/example_sensor_decorator.py
[2025-11-27T11:41:08.330-0300] {processor.py:840} INFO - DAG(s) 'example_sensor_decorator' retrieved from /Users/davispecia/Documents/GitHub/Pf_pipeline_dados/Projeto_final_fase3/venv/lib/python3.9/site-packages/airflow/example_dags/example_sensor_decorator.py
[2025-11-27T11:41:08.405-0300] {logging_mixin.py:188} INFO - [2025-11-27T11:41:08.404-0300] {dag.py:3089} INFO - Sync 1 DAGs
[2025-11-27T11:41:08.410-0300] {logging_mixin.py:188} INFO - [2025-11-27T11:41:08.410-0300] {dag.py:3947} INFO - Setting next_dagrun for example_sensor_decorator to None, run_after=None
[2025-11-27T11:41:08.419-0300] {processor.py:183} INFO - Processing /Users/davispecia/Documents/GitHub/Pf_pipeline_dados/Projeto_final_fase3/venv/lib/python3.9/site-packages/airflow/example_dags/example_sensor_decorator.py took 0.109 seconds
[2025-11-27T11:43:25.266-0300] {processor.py:161} INFO - Started process (PID=95057) to work on /Users/davispecia/Documents/GitHub/Pf_pipeline_dados/Projeto_final_fase3/venv/lib/python3.9/site-packages/airflow/example_dags/example_sensor_decorator.py
[2025-11-27T11:43:25.268-0300] {processor.py:830} INFO - Processing file /Users/davispecia/Documents/GitHub/Pf_pipeline_dados/Projeto_final_fase3/venv/lib/python3.9/site-packages/airflow/example_dags/example_sensor_decorator.py for tasks to queue
[2025-11-27T11:43:25.268-0300] {logging_mixin.py:188} INFO - [2025-11-27T11:43:25.268-0300] {dagbag.py:545} INFO - Filling up the DagBag from /Users/davispecia/Documents/GitHub/Pf_pipeline_dados/Projeto_final_fase3/venv/lib/python3.9/site-packages/airflow/example_dags/example_sensor_decorator.py
[2025-11-27T11:43:25.285-0300] {processor.py:840} INFO - DAG(s) 'example_sensor_decorator' retrieved from /Users/davispecia/Documents/GitHub/Pf_pipeline_dados/Projeto_final_fase3/venv/lib/python3.9/site-packages/airflow/example_dags/example_sensor_decorator.py
[2025-11-27T11:43:25.359-0300] {logging_mixin.py:188} INFO - [2025-11-27T11:43:25.358-0300] {dag.py:3089} INFO - Sync 1 DAGs
[2025-11-27T11:43:25.364-0300] {logging_mixin.py:188} INFO - [2025-11-27T11:43:25.364-0300] {dag.py:3947} INFO - Setting next_dagrun for example_sensor_decorator to None, run_after=None
[2025-11-27T11:43:25.373-0300] {processor.py:183} INFO - Processing /Users/davispecia/Documents/GitHub/Pf_pipeline_dados/Projeto_final_fase3/venv/lib/python3.9/site-packages/airflow/example_dags/example_sensor_decorator.py took 0.109 seconds
[2025-11-27T11:45:30.747-0300] {processor.py:161} INFO - Started process (PID=95352) to work on /Users/davispecia/Documents/GitHub/Pf_pipeline_dados/Projeto_final_fase3/venv/lib/python3.9/site-packages/airflow/example_dags/example_sensor_decorator.py
[2025-11-27T11:45:30.748-0300] {processor.py:830} INFO - Processing file /Users/davispecia/Documents/GitHub/Pf_pipeline_dados/Projeto_final_fase3/venv/lib/python3.9/site-packages/airflow/example_dags/example_sensor_decorator.py for tasks to queue
[2025-11-27T11:45:30.748-0300] {logging_mixin.py:188} INFO - [2025-11-27T11:45:30.748-0300] {dagbag.py:545} INFO - Filling up the DagBag from /Users/davispecia/Documents/GitHub/Pf_pipeline_dados/Projeto_final_fase3/venv/lib/python3.9/site-packages/airflow/example_dags/example_sensor_decorator.py
[2025-11-27T11:45:30.765-0300] {processor.py:840} INFO - DAG(s) 'example_sensor_decorator' retrieved from /Users/davispecia/Documents/GitHub/Pf_pipeline_dados/Projeto_final_fase3/venv/lib/python3.9/site-packages/airflow/example_dags/example_sensor_decorator.py
[2025-11-27T11:45:30.839-0300] {logging_mixin.py:188} INFO - [2025-11-27T11:45:30.839-0300] {dag.py:3089} INFO - Sync 1 DAGs
[2025-11-27T11:45:30.844-0300] {logging_mixin.py:188} INFO - [2025-11-27T11:45:30.844-0300] {dag.py:3947} INFO - Setting next_dagrun for example_sensor_decorator to None, run_after=None
[2025-11-27T11:45:30.853-0300] {processor.py:183} INFO - Processing /Users/davispecia/Documents/GitHub/Pf_pipeline_dados/Projeto_final_fase3/venv/lib/python3.9/site-packages/airflow/example_dags/example_sensor_decorator.py took 0.108 seconds
[2025-11-27T11:47:43.743-0300] {processor.py:161} INFO - Started process (PID=95769) to work on /Users/davispecia/Documents/GitHub/Pf_pipeline_dados/Projeto_final_fase3/venv/lib/python3.9/site-packages/airflow/example_dags/example_sensor_decorator.py
[2025-11-27T11:47:43.745-0300] {processor.py:830} INFO - Processing file /Users/davispecia/Documents/GitHub/Pf_pipeline_dados/Projeto_final_fase3/venv/lib/python3.9/site-packages/airflow/example_dags/example_sensor_decorator.py for tasks to queue
[2025-11-27T11:47:43.745-0300] {logging_mixin.py:188} INFO - [2025-11-27T11:47:43.745-0300] {dagbag.py:545} INFO - Filling up the DagBag from /Users/davispecia/Documents/GitHub/Pf_pipeline_dados/Projeto_final_fase3/venv/lib/python3.9/site-packages/airflow/example_dags/example_sensor_decorator.py
[2025-11-27T11:47:43.762-0300] {processor.py:840} INFO - DAG(s) 'example_sensor_decorator' retrieved from /Users/davispecia/Documents/GitHub/Pf_pipeline_dados/Projeto_final_fase3/venv/lib/python3.9/site-packages/airflow/example_dags/example_sensor_decorator.py
[2025-11-27T11:47:43.835-0300] {logging_mixin.py:188} INFO - [2025-11-27T11:47:43.834-0300] {dag.py:3089} INFO - Sync 1 DAGs
[2025-11-27T11:47:43.840-0300] {logging_mixin.py:188} INFO - [2025-11-27T11:47:43.840-0300] {dag.py:3947} INFO - Setting next_dagrun for example_sensor_decorator to None, run_after=None
[2025-11-27T11:47:43.849-0300] {processor.py:183} INFO - Processing /Users/davispecia/Documents/GitHub/Pf_pipeline_dados/Projeto_final_fase3/venv/lib/python3.9/site-packages/airflow/example_dags/example_sensor_decorator.py took 0.108 seconds
[2025-11-27T11:49:52.325-0300] {processor.py:161} INFO - Started process (PID=96084) to work on /Users/davispecia/Documents/GitHub/Pf_pipeline_dados/Projeto_final_fase3/venv/lib/python3.9/site-packages/airflow/example_dags/example_sensor_decorator.py
[2025-11-27T11:49:52.325-0300] {processor.py:830} INFO - Processing file /Users/davispecia/Documents/GitHub/Pf_pipeline_dados/Projeto_final_fase3/venv/lib/python3.9/site-packages/airflow/example_dags/example_sensor_decorator.py for tasks to queue
[2025-11-27T11:49:52.326-0300] {logging_mixin.py:188} INFO - [2025-11-27T11:49:52.326-0300] {dagbag.py:545} INFO - Filling up the DagBag from /Users/davispecia/Documents/GitHub/Pf_pipeline_dados/Projeto_final_fase3/venv/lib/python3.9/site-packages/airflow/example_dags/example_sensor_decorator.py
[2025-11-27T11:49:52.342-0300] {processor.py:840} INFO - DAG(s) 'example_sensor_decorator' retrieved from /Users/davispecia/Documents/GitHub/Pf_pipeline_dados/Projeto_final_fase3/venv/lib/python3.9/site-packages/airflow/example_dags/example_sensor_decorator.py
[2025-11-27T11:49:52.415-0300] {logging_mixin.py:188} INFO - [2025-11-27T11:49:52.415-0300] {dag.py:3089} INFO - Sync 1 DAGs
[2025-11-27T11:49:52.420-0300] {logging_mixin.py:188} INFO - [2025-11-27T11:49:52.420-0300] {dag.py:3947} INFO - Setting next_dagrun for example_sensor_decorator to None, run_after=None
[2025-11-27T11:49:52.430-0300] {processor.py:183} INFO - Processing /Users/davispecia/Documents/GitHub/Pf_pipeline_dados/Projeto_final_fase3/venv/lib/python3.9/site-packages/airflow/example_dags/example_sensor_decorator.py took 0.107 seconds
[2025-11-27T11:51:58.087-0300] {processor.py:161} INFO - Started process (PID=96396) to work on /Users/davispecia/Documents/GitHub/Pf_pipeline_dados/Projeto_final_fase3/venv/lib/python3.9/site-packages/airflow/example_dags/example_sensor_decorator.py
[2025-11-27T11:51:58.088-0300] {processor.py:830} INFO - Processing file /Users/davispecia/Documents/GitHub/Pf_pipeline_dados/Projeto_final_fase3/venv/lib/python3.9/site-packages/airflow/example_dags/example_sensor_decorator.py for tasks to queue
[2025-11-27T11:51:58.089-0300] {logging_mixin.py:188} INFO - [2025-11-27T11:51:58.089-0300] {dagbag.py:545} INFO - Filling up the DagBag from /Users/davispecia/Documents/GitHub/Pf_pipeline_dados/Projeto_final_fase3/venv/lib/python3.9/site-packages/airflow/example_dags/example_sensor_decorator.py
[2025-11-27T11:51:58.105-0300] {processor.py:840} INFO - DAG(s) 'example_sensor_decorator' retrieved from /Users/davispecia/Documents/GitHub/Pf_pipeline_dados/Projeto_final_fase3/venv/lib/python3.9/site-packages/airflow/example_dags/example_sensor_decorator.py
[2025-11-27T11:51:58.177-0300] {logging_mixin.py:188} INFO - [2025-11-27T11:51:58.177-0300] {dag.py:3089} INFO - Sync 1 DAGs
[2025-11-27T11:51:58.183-0300] {logging_mixin.py:188} INFO - [2025-11-27T11:51:58.182-0300] {dag.py:3947} INFO - Setting next_dagrun for example_sensor_decorator to None, run_after=None
[2025-11-27T11:51:58.191-0300] {processor.py:183} INFO - Processing /Users/davispecia/Documents/GitHub/Pf_pipeline_dados/Projeto_final_fase3/venv/lib/python3.9/site-packages/airflow/example_dags/example_sensor_decorator.py took 0.106 seconds
[2025-11-27T11:54:11.922-0300] {processor.py:161} INFO - Started process (PID=96869) to work on /Users/davispecia/Documents/GitHub/Pf_pipeline_dados/Projeto_final_fase3/venv/lib/python3.9/site-packages/airflow/example_dags/example_sensor_decorator.py
[2025-11-27T11:54:11.924-0300] {processor.py:830} INFO - Processing file /Users/davispecia/Documents/GitHub/Pf_pipeline_dados/Projeto_final_fase3/venv/lib/python3.9/site-packages/airflow/example_dags/example_sensor_decorator.py for tasks to queue
[2025-11-27T11:54:11.924-0300] {logging_mixin.py:188} INFO - [2025-11-27T11:54:11.924-0300] {dagbag.py:545} INFO - Filling up the DagBag from /Users/davispecia/Documents/GitHub/Pf_pipeline_dados/Projeto_final_fase3/venv/lib/python3.9/site-packages/airflow/example_dags/example_sensor_decorator.py
[2025-11-27T11:54:11.941-0300] {processor.py:840} INFO - DAG(s) 'example_sensor_decorator' retrieved from /Users/davispecia/Documents/GitHub/Pf_pipeline_dados/Projeto_final_fase3/venv/lib/python3.9/site-packages/airflow/example_dags/example_sensor_decorator.py
[2025-11-27T11:54:12.013-0300] {logging_mixin.py:188} INFO - [2025-11-27T11:54:12.013-0300] {dag.py:3089} INFO - Sync 1 DAGs
[2025-11-27T11:54:12.018-0300] {logging_mixin.py:188} INFO - [2025-11-27T11:54:12.018-0300] {dag.py:3947} INFO - Setting next_dagrun for example_sensor_decorator to None, run_after=None
[2025-11-27T11:54:12.027-0300] {processor.py:183} INFO - Processing /Users/davispecia/Documents/GitHub/Pf_pipeline_dados/Projeto_final_fase3/venv/lib/python3.9/site-packages/airflow/example_dags/example_sensor_decorator.py took 0.106 seconds
[2025-11-27T11:56:09.165-0300] {processor.py:161} INFO - Started process (PID=97149) to work on /Users/davispecia/Documents/GitHub/Pf_pipeline_dados/Projeto_final_fase3/venv/lib/python3.9/site-packages/airflow/example_dags/example_sensor_decorator.py
[2025-11-27T11:56:09.166-0300] {processor.py:830} INFO - Processing file /Users/davispecia/Documents/GitHub/Pf_pipeline_dados/Projeto_final_fase3/venv/lib/python3.9/site-packages/airflow/example_dags/example_sensor_decorator.py for tasks to queue
[2025-11-27T11:56:09.166-0300] {logging_mixin.py:188} INFO - [2025-11-27T11:56:09.166-0300] {dagbag.py:545} INFO - Filling up the DagBag from /Users/davispecia/Documents/GitHub/Pf_pipeline_dados/Projeto_final_fase3/venv/lib/python3.9/site-packages/airflow/example_dags/example_sensor_decorator.py
[2025-11-27T11:56:09.183-0300] {processor.py:840} INFO - DAG(s) 'example_sensor_decorator' retrieved from /Users/davispecia/Documents/GitHub/Pf_pipeline_dados/Projeto_final_fase3/venv/lib/python3.9/site-packages/airflow/example_dags/example_sensor_decorator.py
[2025-11-27T11:56:09.255-0300] {logging_mixin.py:188} INFO - [2025-11-27T11:56:09.255-0300] {dag.py:3089} INFO - Sync 1 DAGs
[2025-11-27T11:56:09.260-0300] {logging_mixin.py:188} INFO - [2025-11-27T11:56:09.260-0300] {dag.py:3947} INFO - Setting next_dagrun for example_sensor_decorator to None, run_after=None
[2025-11-27T11:56:09.270-0300] {processor.py:183} INFO - Processing /Users/davispecia/Documents/GitHub/Pf_pipeline_dados/Projeto_final_fase3/venv/lib/python3.9/site-packages/airflow/example_dags/example_sensor_decorator.py took 0.106 seconds
[2025-11-27T11:58:16.686-0300] {processor.py:161} INFO - Started process (PID=97457) to work on /Users/davispecia/Documents/GitHub/Pf_pipeline_dados/Projeto_final_fase3/venv/lib/python3.9/site-packages/airflow/example_dags/example_sensor_decorator.py
[2025-11-27T11:58:16.686-0300] {processor.py:830} INFO - Processing file /Users/davispecia/Documents/GitHub/Pf_pipeline_dados/Projeto_final_fase3/venv/lib/python3.9/site-packages/airflow/example_dags/example_sensor_decorator.py for tasks to queue
[2025-11-27T11:58:16.687-0300] {logging_mixin.py:188} INFO - [2025-11-27T11:58:16.687-0300] {dagbag.py:545} INFO - Filling up the DagBag from /Users/davispecia/Documents/GitHub/Pf_pipeline_dados/Projeto_final_fase3/venv/lib/python3.9/site-packages/airflow/example_dags/example_sensor_decorator.py
[2025-11-27T11:58:16.705-0300] {processor.py:840} INFO - DAG(s) 'example_sensor_decorator' retrieved from /Users/davispecia/Documents/GitHub/Pf_pipeline_dados/Projeto_final_fase3/venv/lib/python3.9/site-packages/airflow/example_dags/example_sensor_decorator.py
[2025-11-27T11:58:16.782-0300] {logging_mixin.py:188} INFO - [2025-11-27T11:58:16.782-0300] {dag.py:3089} INFO - Sync 1 DAGs
[2025-11-27T11:58:16.787-0300] {logging_mixin.py:188} INFO - [2025-11-27T11:58:16.787-0300] {dag.py:3947} INFO - Setting next_dagrun for example_sensor_decorator to None, run_after=None
[2025-11-27T11:58:16.796-0300] {processor.py:183} INFO - Processing /Users/davispecia/Documents/GitHub/Pf_pipeline_dados/Projeto_final_fase3/venv/lib/python3.9/site-packages/airflow/example_dags/example_sensor_decorator.py took 0.112 seconds
[2025-11-27T12:00:37.050-0300] {processor.py:161} INFO - Started process (PID=97866) to work on /Users/davispecia/Documents/GitHub/Pf_pipeline_dados/Projeto_final_fase3/venv/lib/python3.9/site-packages/airflow/example_dags/example_sensor_decorator.py
[2025-11-27T12:00:37.051-0300] {processor.py:830} INFO - Processing file /Users/davispecia/Documents/GitHub/Pf_pipeline_dados/Projeto_final_fase3/venv/lib/python3.9/site-packages/airflow/example_dags/example_sensor_decorator.py for tasks to queue
[2025-11-27T12:00:37.051-0300] {logging_mixin.py:188} INFO - [2025-11-27T12:00:37.051-0300] {dagbag.py:545} INFO - Filling up the DagBag from /Users/davispecia/Documents/GitHub/Pf_pipeline_dados/Projeto_final_fase3/venv/lib/python3.9/site-packages/airflow/example_dags/example_sensor_decorator.py
[2025-11-27T12:00:37.068-0300] {processor.py:840} INFO - DAG(s) 'example_sensor_decorator' retrieved from /Users/davispecia/Documents/GitHub/Pf_pipeline_dados/Projeto_final_fase3/venv/lib/python3.9/site-packages/airflow/example_dags/example_sensor_decorator.py
[2025-11-27T12:00:37.141-0300] {logging_mixin.py:188} INFO - [2025-11-27T12:00:37.141-0300] {dag.py:3089} INFO - Sync 1 DAGs
[2025-11-27T12:00:37.146-0300] {logging_mixin.py:188} INFO - [2025-11-27T12:00:37.146-0300] {dag.py:3947} INFO - Setting next_dagrun for example_sensor_decorator to None, run_after=None
[2025-11-27T12:00:37.155-0300] {processor.py:183} INFO - Processing /Users/davispecia/Documents/GitHub/Pf_pipeline_dados/Projeto_final_fase3/venv/lib/python3.9/site-packages/airflow/example_dags/example_sensor_decorator.py took 0.107 seconds
[2025-11-27T12:02:42.980-0300] {processor.py:161} INFO - Started process (PID=98166) to work on /Users/davispecia/Documents/GitHub/Pf_pipeline_dados/Projeto_final_fase3/venv/lib/python3.9/site-packages/airflow/example_dags/example_sensor_decorator.py
[2025-11-27T12:02:42.981-0300] {processor.py:830} INFO - Processing file /Users/davispecia/Documents/GitHub/Pf_pipeline_dados/Projeto_final_fase3/venv/lib/python3.9/site-packages/airflow/example_dags/example_sensor_decorator.py for tasks to queue
[2025-11-27T12:02:42.981-0300] {logging_mixin.py:188} INFO - [2025-11-27T12:02:42.981-0300] {dagbag.py:545} INFO - Filling up the DagBag from /Users/davispecia/Documents/GitHub/Pf_pipeline_dados/Projeto_final_fase3/venv/lib/python3.9/site-packages/airflow/example_dags/example_sensor_decorator.py
[2025-11-27T12:02:42.998-0300] {processor.py:840} INFO - DAG(s) 'example_sensor_decorator' retrieved from /Users/davispecia/Documents/GitHub/Pf_pipeline_dados/Projeto_final_fase3/venv/lib/python3.9/site-packages/airflow/example_dags/example_sensor_decorator.py
[2025-11-27T12:02:43.070-0300] {logging_mixin.py:188} INFO - [2025-11-27T12:02:43.070-0300] {dag.py:3089} INFO - Sync 1 DAGs
[2025-11-27T12:02:43.075-0300] {logging_mixin.py:188} INFO - [2025-11-27T12:02:43.075-0300] {dag.py:3947} INFO - Setting next_dagrun for example_sensor_decorator to None, run_after=None
[2025-11-27T12:02:43.084-0300] {processor.py:183} INFO - Processing /Users/davispecia/Documents/GitHub/Pf_pipeline_dados/Projeto_final_fase3/venv/lib/python3.9/site-packages/airflow/example_dags/example_sensor_decorator.py took 0.106 seconds
[2025-11-27T12:04:48.512-0300] {processor.py:161} INFO - Started process (PID=98524) to work on /Users/davispecia/Documents/GitHub/Pf_pipeline_dados/Projeto_final_fase3/venv/lib/python3.9/site-packages/airflow/example_dags/example_sensor_decorator.py
[2025-11-27T12:04:48.512-0300] {processor.py:830} INFO - Processing file /Users/davispecia/Documents/GitHub/Pf_pipeline_dados/Projeto_final_fase3/venv/lib/python3.9/site-packages/airflow/example_dags/example_sensor_decorator.py for tasks to queue
[2025-11-27T12:04:48.513-0300] {logging_mixin.py:188} INFO - [2025-11-27T12:04:48.513-0300] {dagbag.py:545} INFO - Filling up the DagBag from /Users/davispecia/Documents/GitHub/Pf_pipeline_dados/Projeto_final_fase3/venv/lib/python3.9/site-packages/airflow/example_dags/example_sensor_decorator.py
[2025-11-27T12:04:48.530-0300] {processor.py:840} INFO - DAG(s) 'example_sensor_decorator' retrieved from /Users/davispecia/Documents/GitHub/Pf_pipeline_dados/Projeto_final_fase3/venv/lib/python3.9/site-packages/airflow/example_dags/example_sensor_decorator.py
[2025-11-27T12:04:48.604-0300] {logging_mixin.py:188} INFO - [2025-11-27T12:04:48.604-0300] {dag.py:3089} INFO - Sync 1 DAGs
[2025-11-27T12:04:48.610-0300] {logging_mixin.py:188} INFO - [2025-11-27T12:04:48.609-0300] {dag.py:3947} INFO - Setting next_dagrun for example_sensor_decorator to None, run_after=None
[2025-11-27T12:04:48.619-0300] {processor.py:183} INFO - Processing /Users/davispecia/Documents/GitHub/Pf_pipeline_dados/Projeto_final_fase3/venv/lib/python3.9/site-packages/airflow/example_dags/example_sensor_decorator.py took 0.109 seconds
[2025-11-27T12:07:08.234-0300] {processor.py:161} INFO - Started process (PID=98910) to work on /Users/davispecia/Documents/GitHub/Pf_pipeline_dados/Projeto_final_fase3/venv/lib/python3.9/site-packages/airflow/example_dags/example_sensor_decorator.py
[2025-11-27T12:07:08.234-0300] {processor.py:830} INFO - Processing file /Users/davispecia/Documents/GitHub/Pf_pipeline_dados/Projeto_final_fase3/venv/lib/python3.9/site-packages/airflow/example_dags/example_sensor_decorator.py for tasks to queue
[2025-11-27T12:07:08.235-0300] {logging_mixin.py:188} INFO - [2025-11-27T12:07:08.235-0300] {dagbag.py:545} INFO - Filling up the DagBag from /Users/davispecia/Documents/GitHub/Pf_pipeline_dados/Projeto_final_fase3/venv/lib/python3.9/site-packages/airflow/example_dags/example_sensor_decorator.py
[2025-11-27T12:07:08.252-0300] {processor.py:840} INFO - DAG(s) 'example_sensor_decorator' retrieved from /Users/davispecia/Documents/GitHub/Pf_pipeline_dados/Projeto_final_fase3/venv/lib/python3.9/site-packages/airflow/example_dags/example_sensor_decorator.py
[2025-11-27T12:07:08.325-0300] {logging_mixin.py:188} INFO - [2025-11-27T12:07:08.325-0300] {dag.py:3089} INFO - Sync 1 DAGs
[2025-11-27T12:07:08.330-0300] {logging_mixin.py:188} INFO - [2025-11-27T12:07:08.330-0300] {dag.py:3947} INFO - Setting next_dagrun for example_sensor_decorator to None, run_after=None
[2025-11-27T12:07:08.338-0300] {processor.py:183} INFO - Processing /Users/davispecia/Documents/GitHub/Pf_pipeline_dados/Projeto_final_fase3/venv/lib/python3.9/site-packages/airflow/example_dags/example_sensor_decorator.py took 0.106 seconds
[2025-11-27T12:09:16.090-0300] {processor.py:161} INFO - Started process (PID=99217) to work on /Users/davispecia/Documents/GitHub/Pf_pipeline_dados/Projeto_final_fase3/venv/lib/python3.9/site-packages/airflow/example_dags/example_sensor_decorator.py
[2025-11-27T12:09:16.090-0300] {processor.py:830} INFO - Processing file /Users/davispecia/Documents/GitHub/Pf_pipeline_dados/Projeto_final_fase3/venv/lib/python3.9/site-packages/airflow/example_dags/example_sensor_decorator.py for tasks to queue
[2025-11-27T12:09:16.091-0300] {logging_mixin.py:188} INFO - [2025-11-27T12:09:16.091-0300] {dagbag.py:545} INFO - Filling up the DagBag from /Users/davispecia/Documents/GitHub/Pf_pipeline_dados/Projeto_final_fase3/venv/lib/python3.9/site-packages/airflow/example_dags/example_sensor_decorator.py
[2025-11-27T12:09:16.108-0300] {processor.py:840} INFO - DAG(s) 'example_sensor_decorator' retrieved from /Users/davispecia/Documents/GitHub/Pf_pipeline_dados/Projeto_final_fase3/venv/lib/python3.9/site-packages/airflow/example_dags/example_sensor_decorator.py
[2025-11-27T12:09:16.181-0300] {logging_mixin.py:188} INFO - [2025-11-27T12:09:16.181-0300] {dag.py:3089} INFO - Sync 1 DAGs
[2025-11-27T12:09:16.186-0300] {logging_mixin.py:188} INFO - [2025-11-27T12:09:16.186-0300] {dag.py:3947} INFO - Setting next_dagrun for example_sensor_decorator to None, run_after=None
[2025-11-27T12:09:16.196-0300] {processor.py:183} INFO - Processing /Users/davispecia/Documents/GitHub/Pf_pipeline_dados/Projeto_final_fase3/venv/lib/python3.9/site-packages/airflow/example_dags/example_sensor_decorator.py took 0.109 seconds
[2025-11-27T12:11:30.653-0300] {processor.py:161} INFO - Started process (PID=99593) to work on /Users/davispecia/Documents/GitHub/Pf_pipeline_dados/Projeto_final_fase3/venv/lib/python3.9/site-packages/airflow/example_dags/example_sensor_decorator.py
[2025-11-27T12:11:30.654-0300] {processor.py:830} INFO - Processing file /Users/davispecia/Documents/GitHub/Pf_pipeline_dados/Projeto_final_fase3/venv/lib/python3.9/site-packages/airflow/example_dags/example_sensor_decorator.py for tasks to queue
[2025-11-27T12:11:30.654-0300] {logging_mixin.py:188} INFO - [2025-11-27T12:11:30.654-0300] {dagbag.py:545} INFO - Filling up the DagBag from /Users/davispecia/Documents/GitHub/Pf_pipeline_dados/Projeto_final_fase3/venv/lib/python3.9/site-packages/airflow/example_dags/example_sensor_decorator.py
[2025-11-27T12:11:30.671-0300] {processor.py:840} INFO - DAG(s) 'example_sensor_decorator' retrieved from /Users/davispecia/Documents/GitHub/Pf_pipeline_dados/Projeto_final_fase3/venv/lib/python3.9/site-packages/airflow/example_dags/example_sensor_decorator.py
[2025-11-27T12:11:30.743-0300] {logging_mixin.py:188} INFO - [2025-11-27T12:11:30.742-0300] {dag.py:3089} INFO - Sync 1 DAGs
[2025-11-27T12:11:30.748-0300] {logging_mixin.py:188} INFO - [2025-11-27T12:11:30.748-0300] {dag.py:3947} INFO - Setting next_dagrun for example_sensor_decorator to None, run_after=None
[2025-11-27T12:11:30.757-0300] {processor.py:183} INFO - Processing /Users/davispecia/Documents/GitHub/Pf_pipeline_dados/Projeto_final_fase3/venv/lib/python3.9/site-packages/airflow/example_dags/example_sensor_decorator.py took 0.106 seconds
[2025-11-27T12:13:36.060-0300] {processor.py:161} INFO - Started process (PID=99892) to work on /Users/davispecia/Documents/GitHub/Pf_pipeline_dados/Projeto_final_fase3/venv/lib/python3.9/site-packages/airflow/example_dags/example_sensor_decorator.py
[2025-11-27T12:13:36.060-0300] {processor.py:830} INFO - Processing file /Users/davispecia/Documents/GitHub/Pf_pipeline_dados/Projeto_final_fase3/venv/lib/python3.9/site-packages/airflow/example_dags/example_sensor_decorator.py for tasks to queue
[2025-11-27T12:13:36.061-0300] {logging_mixin.py:188} INFO - [2025-11-27T12:13:36.061-0300] {dagbag.py:545} INFO - Filling up the DagBag from /Users/davispecia/Documents/GitHub/Pf_pipeline_dados/Projeto_final_fase3/venv/lib/python3.9/site-packages/airflow/example_dags/example_sensor_decorator.py
[2025-11-27T12:13:36.077-0300] {processor.py:840} INFO - DAG(s) 'example_sensor_decorator' retrieved from /Users/davispecia/Documents/GitHub/Pf_pipeline_dados/Projeto_final_fase3/venv/lib/python3.9/site-packages/airflow/example_dags/example_sensor_decorator.py
[2025-11-27T12:13:36.151-0300] {logging_mixin.py:188} INFO - [2025-11-27T12:13:36.150-0300] {dag.py:3089} INFO - Sync 1 DAGs
[2025-11-27T12:13:36.156-0300] {logging_mixin.py:188} INFO - [2025-11-27T12:13:36.156-0300] {dag.py:3947} INFO - Setting next_dagrun for example_sensor_decorator to None, run_after=None
[2025-11-27T12:13:36.165-0300] {processor.py:183} INFO - Processing /Users/davispecia/Documents/GitHub/Pf_pipeline_dados/Projeto_final_fase3/venv/lib/python3.9/site-packages/airflow/example_dags/example_sensor_decorator.py took 0.107 seconds
[2025-11-27T12:15:42.764-0300] {processor.py:161} INFO - Started process (PID=372) to work on /Users/davispecia/Documents/GitHub/Pf_pipeline_dados/Projeto_final_fase3/venv/lib/python3.9/site-packages/airflow/example_dags/example_sensor_decorator.py
[2025-11-27T12:15:42.765-0300] {processor.py:830} INFO - Processing file /Users/davispecia/Documents/GitHub/Pf_pipeline_dados/Projeto_final_fase3/venv/lib/python3.9/site-packages/airflow/example_dags/example_sensor_decorator.py for tasks to queue
[2025-11-27T12:15:42.765-0300] {logging_mixin.py:188} INFO - [2025-11-27T12:15:42.765-0300] {dagbag.py:545} INFO - Filling up the DagBag from /Users/davispecia/Documents/GitHub/Pf_pipeline_dados/Projeto_final_fase3/venv/lib/python3.9/site-packages/airflow/example_dags/example_sensor_decorator.py
[2025-11-27T12:15:42.782-0300] {processor.py:840} INFO - DAG(s) 'example_sensor_decorator' retrieved from /Users/davispecia/Documents/GitHub/Pf_pipeline_dados/Projeto_final_fase3/venv/lib/python3.9/site-packages/airflow/example_dags/example_sensor_decorator.py
[2025-11-27T12:15:42.854-0300] {logging_mixin.py:188} INFO - [2025-11-27T12:15:42.854-0300] {dag.py:3089} INFO - Sync 1 DAGs
[2025-11-27T12:15:42.859-0300] {logging_mixin.py:188} INFO - [2025-11-27T12:15:42.859-0300] {dag.py:3947} INFO - Setting next_dagrun for example_sensor_decorator to None, run_after=None
[2025-11-27T12:15:42.868-0300] {processor.py:183} INFO - Processing /Users/davispecia/Documents/GitHub/Pf_pipeline_dados/Projeto_final_fase3/venv/lib/python3.9/site-packages/airflow/example_dags/example_sensor_decorator.py took 0.106 seconds
[2025-11-27T12:17:51.431-0300] {processor.py:161} INFO - Started process (PID=847) to work on /Users/davispecia/Documents/GitHub/Pf_pipeline_dados/Projeto_final_fase3/venv/lib/python3.9/site-packages/airflow/example_dags/example_sensor_decorator.py
[2025-11-27T12:17:51.431-0300] {processor.py:830} INFO - Processing file /Users/davispecia/Documents/GitHub/Pf_pipeline_dados/Projeto_final_fase3/venv/lib/python3.9/site-packages/airflow/example_dags/example_sensor_decorator.py for tasks to queue
[2025-11-27T12:17:51.432-0300] {logging_mixin.py:188} INFO - [2025-11-27T12:17:51.432-0300] {dagbag.py:545} INFO - Filling up the DagBag from /Users/davispecia/Documents/GitHub/Pf_pipeline_dados/Projeto_final_fase3/venv/lib/python3.9/site-packages/airflow/example_dags/example_sensor_decorator.py
[2025-11-27T12:17:51.449-0300] {processor.py:840} INFO - DAG(s) 'example_sensor_decorator' retrieved from /Users/davispecia/Documents/GitHub/Pf_pipeline_dados/Projeto_final_fase3/venv/lib/python3.9/site-packages/airflow/example_dags/example_sensor_decorator.py
[2025-11-27T12:17:51.521-0300] {logging_mixin.py:188} INFO - [2025-11-27T12:17:51.521-0300] {dag.py:3089} INFO - Sync 1 DAGs
[2025-11-27T12:17:51.526-0300] {logging_mixin.py:188} INFO - [2025-11-27T12:17:51.526-0300] {dag.py:3947} INFO - Setting next_dagrun for example_sensor_decorator to None, run_after=None
[2025-11-27T12:17:51.536-0300] {processor.py:183} INFO - Processing /Users/davispecia/Documents/GitHub/Pf_pipeline_dados/Projeto_final_fase3/venv/lib/python3.9/site-packages/airflow/example_dags/example_sensor_decorator.py took 0.107 seconds
[2025-11-27T12:19:52.147-0300] {processor.py:161} INFO - Started process (PID=1142) to work on /Users/davispecia/Documents/GitHub/Pf_pipeline_dados/Projeto_final_fase3/venv/lib/python3.9/site-packages/airflow/example_dags/example_sensor_decorator.py
[2025-11-27T12:19:52.148-0300] {processor.py:830} INFO - Processing file /Users/davispecia/Documents/GitHub/Pf_pipeline_dados/Projeto_final_fase3/venv/lib/python3.9/site-packages/airflow/example_dags/example_sensor_decorator.py for tasks to queue
[2025-11-27T12:19:52.148-0300] {logging_mixin.py:188} INFO - [2025-11-27T12:19:52.148-0300] {dagbag.py:545} INFO - Filling up the DagBag from /Users/davispecia/Documents/GitHub/Pf_pipeline_dados/Projeto_final_fase3/venv/lib/python3.9/site-packages/airflow/example_dags/example_sensor_decorator.py
[2025-11-27T12:19:52.165-0300] {processor.py:840} INFO - DAG(s) 'example_sensor_decorator' retrieved from /Users/davispecia/Documents/GitHub/Pf_pipeline_dados/Projeto_final_fase3/venv/lib/python3.9/site-packages/airflow/example_dags/example_sensor_decorator.py
[2025-11-27T12:19:52.238-0300] {logging_mixin.py:188} INFO - [2025-11-27T12:19:52.238-0300] {dag.py:3089} INFO - Sync 1 DAGs
[2025-11-27T12:19:52.243-0300] {logging_mixin.py:188} INFO - [2025-11-27T12:19:52.243-0300] {dag.py:3947} INFO - Setting next_dagrun for example_sensor_decorator to None, run_after=None
[2025-11-27T12:19:52.252-0300] {processor.py:183} INFO - Processing /Users/davispecia/Documents/GitHub/Pf_pipeline_dados/Projeto_final_fase3/venv/lib/python3.9/site-packages/airflow/example_dags/example_sensor_decorator.py took 0.106 seconds
[2025-11-27T12:22:04.531-0300] {processor.py:161} INFO - Started process (PID=1554) to work on /Users/davispecia/Documents/GitHub/Pf_pipeline_dados/Projeto_final_fase3/venv/lib/python3.9/site-packages/airflow/example_dags/example_sensor_decorator.py
[2025-11-27T12:22:04.532-0300] {processor.py:830} INFO - Processing file /Users/davispecia/Documents/GitHub/Pf_pipeline_dados/Projeto_final_fase3/venv/lib/python3.9/site-packages/airflow/example_dags/example_sensor_decorator.py for tasks to queue
[2025-11-27T12:22:04.532-0300] {logging_mixin.py:188} INFO - [2025-11-27T12:22:04.532-0300] {dagbag.py:545} INFO - Filling up the DagBag from /Users/davispecia/Documents/GitHub/Pf_pipeline_dados/Projeto_final_fase3/venv/lib/python3.9/site-packages/airflow/example_dags/example_sensor_decorator.py
[2025-11-27T12:22:04.549-0300] {processor.py:840} INFO - DAG(s) 'example_sensor_decorator' retrieved from /Users/davispecia/Documents/GitHub/Pf_pipeline_dados/Projeto_final_fase3/venv/lib/python3.9/site-packages/airflow/example_dags/example_sensor_decorator.py
[2025-11-27T12:22:04.622-0300] {logging_mixin.py:188} INFO - [2025-11-27T12:22:04.621-0300] {dag.py:3089} INFO - Sync 1 DAGs
[2025-11-27T12:22:04.627-0300] {logging_mixin.py:188} INFO - [2025-11-27T12:22:04.627-0300] {dag.py:3947} INFO - Setting next_dagrun for example_sensor_decorator to None, run_after=None
[2025-11-27T12:22:04.636-0300] {processor.py:183} INFO - Processing /Users/davispecia/Documents/GitHub/Pf_pipeline_dados/Projeto_final_fase3/venv/lib/python3.9/site-packages/airflow/example_dags/example_sensor_decorator.py took 0.106 seconds
[2025-11-27T12:24:06.620-0300] {processor.py:161} INFO - Started process (PID=1857) to work on /Users/davispecia/Documents/GitHub/Pf_pipeline_dados/Projeto_final_fase3/venv/lib/python3.9/site-packages/airflow/example_dags/example_sensor_decorator.py
[2025-11-27T12:24:06.621-0300] {processor.py:830} INFO - Processing file /Users/davispecia/Documents/GitHub/Pf_pipeline_dados/Projeto_final_fase3/venv/lib/python3.9/site-packages/airflow/example_dags/example_sensor_decorator.py for tasks to queue
[2025-11-27T12:24:06.621-0300] {logging_mixin.py:188} INFO - [2025-11-27T12:24:06.621-0300] {dagbag.py:545} INFO - Filling up the DagBag from /Users/davispecia/Documents/GitHub/Pf_pipeline_dados/Projeto_final_fase3/venv/lib/python3.9/site-packages/airflow/example_dags/example_sensor_decorator.py
[2025-11-27T12:24:06.638-0300] {processor.py:840} INFO - DAG(s) 'example_sensor_decorator' retrieved from /Users/davispecia/Documents/GitHub/Pf_pipeline_dados/Projeto_final_fase3/venv/lib/python3.9/site-packages/airflow/example_dags/example_sensor_decorator.py
[2025-11-27T12:24:06.712-0300] {logging_mixin.py:188} INFO - [2025-11-27T12:24:06.711-0300] {dag.py:3089} INFO - Sync 1 DAGs
[2025-11-27T12:24:06.717-0300] {logging_mixin.py:188} INFO - [2025-11-27T12:24:06.717-0300] {dag.py:3947} INFO - Setting next_dagrun for example_sensor_decorator to None, run_after=None
[2025-11-27T12:24:06.726-0300] {processor.py:183} INFO - Processing /Users/davispecia/Documents/GitHub/Pf_pipeline_dados/Projeto_final_fase3/venv/lib/python3.9/site-packages/airflow/example_dags/example_sensor_decorator.py took 0.108 seconds
[2025-11-27T12:26:09.528-0300] {processor.py:161} INFO - Started process (PID=2160) to work on /Users/davispecia/Documents/GitHub/Pf_pipeline_dados/Projeto_final_fase3/venv/lib/python3.9/site-packages/airflow/example_dags/example_sensor_decorator.py
[2025-11-27T12:26:09.528-0300] {processor.py:830} INFO - Processing file /Users/davispecia/Documents/GitHub/Pf_pipeline_dados/Projeto_final_fase3/venv/lib/python3.9/site-packages/airflow/example_dags/example_sensor_decorator.py for tasks to queue
[2025-11-27T12:26:09.529-0300] {logging_mixin.py:188} INFO - [2025-11-27T12:26:09.528-0300] {dagbag.py:545} INFO - Filling up the DagBag from /Users/davispecia/Documents/GitHub/Pf_pipeline_dados/Projeto_final_fase3/venv/lib/python3.9/site-packages/airflow/example_dags/example_sensor_decorator.py
[2025-11-27T12:26:09.545-0300] {processor.py:840} INFO - DAG(s) 'example_sensor_decorator' retrieved from /Users/davispecia/Documents/GitHub/Pf_pipeline_dados/Projeto_final_fase3/venv/lib/python3.9/site-packages/airflow/example_dags/example_sensor_decorator.py
[2025-11-27T12:26:09.617-0300] {logging_mixin.py:188} INFO - [2025-11-27T12:26:09.617-0300] {dag.py:3089} INFO - Sync 1 DAGs
[2025-11-27T12:26:09.623-0300] {logging_mixin.py:188} INFO - [2025-11-27T12:26:09.622-0300] {dag.py:3947} INFO - Setting next_dagrun for example_sensor_decorator to None, run_after=None
[2025-11-27T12:26:09.631-0300] {processor.py:183} INFO - Processing /Users/davispecia/Documents/GitHub/Pf_pipeline_dados/Projeto_final_fase3/venv/lib/python3.9/site-packages/airflow/example_dags/example_sensor_decorator.py took 0.106 seconds
[2025-11-27T12:28:29.231-0300] {processor.py:161} INFO - Started process (PID=2572) to work on /Users/davispecia/Documents/GitHub/Pf_pipeline_dados/Projeto_final_fase3/venv/lib/python3.9/site-packages/airflow/example_dags/example_sensor_decorator.py
[2025-11-27T12:28:29.232-0300] {processor.py:830} INFO - Processing file /Users/davispecia/Documents/GitHub/Pf_pipeline_dados/Projeto_final_fase3/venv/lib/python3.9/site-packages/airflow/example_dags/example_sensor_decorator.py for tasks to queue
[2025-11-27T12:28:29.232-0300] {logging_mixin.py:188} INFO - [2025-11-27T12:28:29.232-0300] {dagbag.py:545} INFO - Filling up the DagBag from /Users/davispecia/Documents/GitHub/Pf_pipeline_dados/Projeto_final_fase3/venv/lib/python3.9/site-packages/airflow/example_dags/example_sensor_decorator.py
[2025-11-27T12:28:29.253-0300] {processor.py:840} INFO - DAG(s) 'example_sensor_decorator' retrieved from /Users/davispecia/Documents/GitHub/Pf_pipeline_dados/Projeto_final_fase3/venv/lib/python3.9/site-packages/airflow/example_dags/example_sensor_decorator.py
[2025-11-27T12:28:29.327-0300] {logging_mixin.py:188} INFO - [2025-11-27T12:28:29.327-0300] {dag.py:3089} INFO - Sync 1 DAGs
[2025-11-27T12:28:29.332-0300] {logging_mixin.py:188} INFO - [2025-11-27T12:28:29.332-0300] {dag.py:3947} INFO - Setting next_dagrun for example_sensor_decorator to None, run_after=None
[2025-11-27T12:28:29.341-0300] {processor.py:183} INFO - Processing /Users/davispecia/Documents/GitHub/Pf_pipeline_dados/Projeto_final_fase3/venv/lib/python3.9/site-packages/airflow/example_dags/example_sensor_decorator.py took 0.112 seconds
[2025-11-27T14:06:26.489-0300] {processor.py:161} INFO - Started process (PID=2919) to work on /Users/davispecia/Documents/GitHub/Pf_pipeline_dados/Projeto_final_fase3/venv/lib/python3.9/site-packages/airflow/example_dags/example_sensor_decorator.py
[2025-11-27T14:06:26.494-0300] {processor.py:830} INFO - Processing file /Users/davispecia/Documents/GitHub/Pf_pipeline_dados/Projeto_final_fase3/venv/lib/python3.9/site-packages/airflow/example_dags/example_sensor_decorator.py for tasks to queue
[2025-11-27T14:06:26.494-0300] {logging_mixin.py:188} INFO - [2025-11-27T14:06:26.494-0300] {dagbag.py:545} INFO - Filling up the DagBag from /Users/davispecia/Documents/GitHub/Pf_pipeline_dados/Projeto_final_fase3/venv/lib/python3.9/site-packages/airflow/example_dags/example_sensor_decorator.py
[2025-11-27T14:06:26.555-0300] {processor.py:840} INFO - DAG(s) 'example_sensor_decorator' retrieved from /Users/davispecia/Documents/GitHub/Pf_pipeline_dados/Projeto_final_fase3/venv/lib/python3.9/site-packages/airflow/example_dags/example_sensor_decorator.py
[2025-11-27T14:06:26.626-0300] {logging_mixin.py:188} INFO - [2025-11-27T14:06:26.626-0300] {dag.py:3089} INFO - Sync 1 DAGs
[2025-11-27T14:06:26.631-0300] {logging_mixin.py:188} INFO - [2025-11-27T14:06:26.631-0300] {dag.py:3947} INFO - Setting next_dagrun for example_sensor_decorator to None, run_after=None
[2025-11-27T14:06:26.640-0300] {processor.py:183} INFO - Processing /Users/davispecia/Documents/GitHub/Pf_pipeline_dados/Projeto_final_fase3/venv/lib/python3.9/site-packages/airflow/example_dags/example_sensor_decorator.py took 0.153 seconds
[2025-11-27T14:08:31.702-0300] {processor.py:161} INFO - Started process (PID=3313) to work on /Users/davispecia/Documents/GitHub/Pf_pipeline_dados/Projeto_final_fase3/venv/lib/python3.9/site-packages/airflow/example_dags/example_sensor_decorator.py
[2025-11-27T14:08:31.702-0300] {processor.py:830} INFO - Processing file /Users/davispecia/Documents/GitHub/Pf_pipeline_dados/Projeto_final_fase3/venv/lib/python3.9/site-packages/airflow/example_dags/example_sensor_decorator.py for tasks to queue
[2025-11-27T14:08:31.703-0300] {logging_mixin.py:188} INFO - [2025-11-27T14:08:31.702-0300] {dagbag.py:545} INFO - Filling up the DagBag from /Users/davispecia/Documents/GitHub/Pf_pipeline_dados/Projeto_final_fase3/venv/lib/python3.9/site-packages/airflow/example_dags/example_sensor_decorator.py
[2025-11-27T14:08:31.720-0300] {processor.py:840} INFO - DAG(s) 'example_sensor_decorator' retrieved from /Users/davispecia/Documents/GitHub/Pf_pipeline_dados/Projeto_final_fase3/venv/lib/python3.9/site-packages/airflow/example_dags/example_sensor_decorator.py
[2025-11-27T14:08:31.797-0300] {logging_mixin.py:188} INFO - [2025-11-27T14:08:31.796-0300] {dag.py:3089} INFO - Sync 1 DAGs
[2025-11-27T14:08:31.803-0300] {logging_mixin.py:188} INFO - [2025-11-27T14:08:31.803-0300] {dag.py:3947} INFO - Setting next_dagrun for example_sensor_decorator to None, run_after=None
[2025-11-27T14:08:31.811-0300] {processor.py:183} INFO - Processing /Users/davispecia/Documents/GitHub/Pf_pipeline_dados/Projeto_final_fase3/venv/lib/python3.9/site-packages/airflow/example_dags/example_sensor_decorator.py took 0.112 seconds
[2025-11-27T14:10:05.942-0300] {processor.py:161} INFO - Started process (PID=3600) to work on /Users/davispecia/Documents/GitHub/Pf_pipeline_dados/Projeto_final_fase3/venv/lib/python3.9/site-packages/airflow/example_dags/example_sensor_decorator.py
[2025-11-27T14:10:05.942-0300] {processor.py:830} INFO - Processing file /Users/davispecia/Documents/GitHub/Pf_pipeline_dados/Projeto_final_fase3/venv/lib/python3.9/site-packages/airflow/example_dags/example_sensor_decorator.py for tasks to queue
[2025-11-27T14:10:05.943-0300] {logging_mixin.py:188} INFO - [2025-11-27T14:10:05.942-0300] {dagbag.py:545} INFO - Filling up the DagBag from /Users/davispecia/Documents/GitHub/Pf_pipeline_dados/Projeto_final_fase3/venv/lib/python3.9/site-packages/airflow/example_dags/example_sensor_decorator.py
[2025-11-27T14:10:05.960-0300] {processor.py:840} INFO - DAG(s) 'example_sensor_decorator' retrieved from /Users/davispecia/Documents/GitHub/Pf_pipeline_dados/Projeto_final_fase3/venv/lib/python3.9/site-packages/airflow/example_dags/example_sensor_decorator.py
[2025-11-27T14:10:06.035-0300] {logging_mixin.py:188} INFO - [2025-11-27T14:10:06.035-0300] {dag.py:3089} INFO - Sync 1 DAGs
[2025-11-27T14:10:06.040-0300] {logging_mixin.py:188} INFO - [2025-11-27T14:10:06.040-0300] {dag.py:3947} INFO - Setting next_dagrun for example_sensor_decorator to None, run_after=None
[2025-11-27T14:10:06.049-0300] {processor.py:183} INFO - Processing /Users/davispecia/Documents/GitHub/Pf_pipeline_dados/Projeto_final_fase3/venv/lib/python3.9/site-packages/airflow/example_dags/example_sensor_decorator.py took 0.109 seconds
[2025-11-27T14:12:06.951-0300] {processor.py:161} INFO - Started process (PID=3883) to work on /Users/davispecia/Documents/GitHub/Pf_pipeline_dados/Projeto_final_fase3/venv/lib/python3.9/site-packages/airflow/example_dags/example_sensor_decorator.py
[2025-11-27T14:12:06.952-0300] {processor.py:830} INFO - Processing file /Users/davispecia/Documents/GitHub/Pf_pipeline_dados/Projeto_final_fase3/venv/lib/python3.9/site-packages/airflow/example_dags/example_sensor_decorator.py for tasks to queue
[2025-11-27T14:12:06.952-0300] {logging_mixin.py:188} INFO - [2025-11-27T14:12:06.952-0300] {dagbag.py:545} INFO - Filling up the DagBag from /Users/davispecia/Documents/GitHub/Pf_pipeline_dados/Projeto_final_fase3/venv/lib/python3.9/site-packages/airflow/example_dags/example_sensor_decorator.py
[2025-11-27T14:12:06.987-0300] {processor.py:840} INFO - DAG(s) 'example_sensor_decorator' retrieved from /Users/davispecia/Documents/GitHub/Pf_pipeline_dados/Projeto_final_fase3/venv/lib/python3.9/site-packages/airflow/example_dags/example_sensor_decorator.py
[2025-11-27T14:12:07.064-0300] {logging_mixin.py:188} INFO - [2025-11-27T14:12:07.063-0300] {dag.py:3089} INFO - Sync 1 DAGs
[2025-11-27T14:12:07.069-0300] {logging_mixin.py:188} INFO - [2025-11-27T14:12:07.069-0300] {dag.py:3947} INFO - Setting next_dagrun for example_sensor_decorator to None, run_after=None
[2025-11-27T14:12:07.079-0300] {processor.py:183} INFO - Processing /Users/davispecia/Documents/GitHub/Pf_pipeline_dados/Projeto_final_fase3/venv/lib/python3.9/site-packages/airflow/example_dags/example_sensor_decorator.py took 0.130 seconds
[2025-11-27T14:14:17.891-0300] {processor.py:161} INFO - Started process (PID=4241) to work on /Users/davispecia/Documents/GitHub/Pf_pipeline_dados/Projeto_final_fase3/venv/lib/python3.9/site-packages/airflow/example_dags/example_sensor_decorator.py
[2025-11-27T14:14:17.892-0300] {processor.py:830} INFO - Processing file /Users/davispecia/Documents/GitHub/Pf_pipeline_dados/Projeto_final_fase3/venv/lib/python3.9/site-packages/airflow/example_dags/example_sensor_decorator.py for tasks to queue
[2025-11-27T14:14:17.892-0300] {logging_mixin.py:188} INFO - [2025-11-27T14:14:17.892-0300] {dagbag.py:545} INFO - Filling up the DagBag from /Users/davispecia/Documents/GitHub/Pf_pipeline_dados/Projeto_final_fase3/venv/lib/python3.9/site-packages/airflow/example_dags/example_sensor_decorator.py
[2025-11-27T14:14:17.912-0300] {processor.py:840} INFO - DAG(s) 'example_sensor_decorator' retrieved from /Users/davispecia/Documents/GitHub/Pf_pipeline_dados/Projeto_final_fase3/venv/lib/python3.9/site-packages/airflow/example_dags/example_sensor_decorator.py
[2025-11-27T14:14:17.999-0300] {logging_mixin.py:188} INFO - [2025-11-27T14:14:17.999-0300] {dag.py:3089} INFO - Sync 1 DAGs
[2025-11-27T14:14:18.004-0300] {logging_mixin.py:188} INFO - [2025-11-27T14:14:18.004-0300] {dag.py:3947} INFO - Setting next_dagrun for example_sensor_decorator to None, run_after=None
[2025-11-27T14:14:18.013-0300] {processor.py:183} INFO - Processing /Users/davispecia/Documents/GitHub/Pf_pipeline_dados/Projeto_final_fase3/venv/lib/python3.9/site-packages/airflow/example_dags/example_sensor_decorator.py took 0.125 seconds
[2025-11-27T14:16:39.754-0300] {processor.py:161} INFO - Started process (PID=4640) to work on /Users/davispecia/Documents/GitHub/Pf_pipeline_dados/Projeto_final_fase3/venv/lib/python3.9/site-packages/airflow/example_dags/example_sensor_decorator.py
[2025-11-27T14:16:39.754-0300] {processor.py:830} INFO - Processing file /Users/davispecia/Documents/GitHub/Pf_pipeline_dados/Projeto_final_fase3/venv/lib/python3.9/site-packages/airflow/example_dags/example_sensor_decorator.py for tasks to queue
[2025-11-27T14:16:39.755-0300] {logging_mixin.py:188} INFO - [2025-11-27T14:16:39.755-0300] {dagbag.py:545} INFO - Filling up the DagBag from /Users/davispecia/Documents/GitHub/Pf_pipeline_dados/Projeto_final_fase3/venv/lib/python3.9/site-packages/airflow/example_dags/example_sensor_decorator.py
[2025-11-27T14:16:39.772-0300] {processor.py:840} INFO - DAG(s) 'example_sensor_decorator' retrieved from /Users/davispecia/Documents/GitHub/Pf_pipeline_dados/Projeto_final_fase3/venv/lib/python3.9/site-packages/airflow/example_dags/example_sensor_decorator.py
[2025-11-27T14:16:39.847-0300] {logging_mixin.py:188} INFO - [2025-11-27T14:16:39.847-0300] {dag.py:3089} INFO - Sync 1 DAGs
[2025-11-27T14:16:39.853-0300] {logging_mixin.py:188} INFO - [2025-11-27T14:16:39.852-0300] {dag.py:3947} INFO - Setting next_dagrun for example_sensor_decorator to None, run_after=None
[2025-11-27T14:16:39.863-0300] {processor.py:183} INFO - Processing /Users/davispecia/Documents/GitHub/Pf_pipeline_dados/Projeto_final_fase3/venv/lib/python3.9/site-packages/airflow/example_dags/example_sensor_decorator.py took 0.111 seconds
[2025-11-27T14:18:54.927-0300] {processor.py:161} INFO - Started process (PID=4959) to work on /Users/davispecia/Documents/GitHub/Pf_pipeline_dados/Projeto_final_fase3/venv/lib/python3.9/site-packages/airflow/example_dags/example_sensor_decorator.py
[2025-11-27T14:18:54.928-0300] {processor.py:830} INFO - Processing file /Users/davispecia/Documents/GitHub/Pf_pipeline_dados/Projeto_final_fase3/venv/lib/python3.9/site-packages/airflow/example_dags/example_sensor_decorator.py for tasks to queue
[2025-11-27T14:18:54.928-0300] {logging_mixin.py:188} INFO - [2025-11-27T14:18:54.928-0300] {dagbag.py:545} INFO - Filling up the DagBag from /Users/davispecia/Documents/GitHub/Pf_pipeline_dados/Projeto_final_fase3/venv/lib/python3.9/site-packages/airflow/example_dags/example_sensor_decorator.py
[2025-11-27T14:18:54.945-0300] {processor.py:840} INFO - DAG(s) 'example_sensor_decorator' retrieved from /Users/davispecia/Documents/GitHub/Pf_pipeline_dados/Projeto_final_fase3/venv/lib/python3.9/site-packages/airflow/example_dags/example_sensor_decorator.py
[2025-11-27T14:18:55.020-0300] {logging_mixin.py:188} INFO - [2025-11-27T14:18:55.020-0300] {dag.py:3089} INFO - Sync 1 DAGs
[2025-11-27T14:18:55.025-0300] {logging_mixin.py:188} INFO - [2025-11-27T14:18:55.025-0300] {dag.py:3947} INFO - Setting next_dagrun for example_sensor_decorator to None, run_after=None
[2025-11-27T14:18:55.035-0300] {processor.py:183} INFO - Processing /Users/davispecia/Documents/GitHub/Pf_pipeline_dados/Projeto_final_fase3/venv/lib/python3.9/site-packages/airflow/example_dags/example_sensor_decorator.py took 0.109 seconds
[2025-11-27T14:21:16.221-0300] {processor.py:161} INFO - Started process (PID=5352) to work on /Users/davispecia/Documents/GitHub/Pf_pipeline_dados/Projeto_final_fase3/venv/lib/python3.9/site-packages/airflow/example_dags/example_sensor_decorator.py
[2025-11-27T14:21:16.222-0300] {processor.py:830} INFO - Processing file /Users/davispecia/Documents/GitHub/Pf_pipeline_dados/Projeto_final_fase3/venv/lib/python3.9/site-packages/airflow/example_dags/example_sensor_decorator.py for tasks to queue
[2025-11-27T14:21:16.222-0300] {logging_mixin.py:188} INFO - [2025-11-27T14:21:16.222-0300] {dagbag.py:545} INFO - Filling up the DagBag from /Users/davispecia/Documents/GitHub/Pf_pipeline_dados/Projeto_final_fase3/venv/lib/python3.9/site-packages/airflow/example_dags/example_sensor_decorator.py
[2025-11-27T14:21:16.240-0300] {processor.py:840} INFO - DAG(s) 'example_sensor_decorator' retrieved from /Users/davispecia/Documents/GitHub/Pf_pipeline_dados/Projeto_final_fase3/venv/lib/python3.9/site-packages/airflow/example_dags/example_sensor_decorator.py
[2025-11-27T14:21:16.315-0300] {logging_mixin.py:188} INFO - [2025-11-27T14:21:16.315-0300] {dag.py:3089} INFO - Sync 1 DAGs
[2025-11-27T14:21:16.320-0300] {logging_mixin.py:188} INFO - [2025-11-27T14:21:16.320-0300] {dag.py:3947} INFO - Setting next_dagrun for example_sensor_decorator to None, run_after=None
[2025-11-27T14:21:16.329-0300] {processor.py:183} INFO - Processing /Users/davispecia/Documents/GitHub/Pf_pipeline_dados/Projeto_final_fase3/venv/lib/python3.9/site-packages/airflow/example_dags/example_sensor_decorator.py took 0.110 seconds
[2025-11-27T14:23:28.510-0300] {processor.py:161} INFO - Started process (PID=5662) to work on /Users/davispecia/Documents/GitHub/Pf_pipeline_dados/Projeto_final_fase3/venv/lib/python3.9/site-packages/airflow/example_dags/example_sensor_decorator.py
[2025-11-27T14:23:28.511-0300] {processor.py:830} INFO - Processing file /Users/davispecia/Documents/GitHub/Pf_pipeline_dados/Projeto_final_fase3/venv/lib/python3.9/site-packages/airflow/example_dags/example_sensor_decorator.py for tasks to queue
[2025-11-27T14:23:28.511-0300] {logging_mixin.py:188} INFO - [2025-11-27T14:23:28.511-0300] {dagbag.py:545} INFO - Filling up the DagBag from /Users/davispecia/Documents/GitHub/Pf_pipeline_dados/Projeto_final_fase3/venv/lib/python3.9/site-packages/airflow/example_dags/example_sensor_decorator.py
[2025-11-27T14:23:28.530-0300] {processor.py:840} INFO - DAG(s) 'example_sensor_decorator' retrieved from /Users/davispecia/Documents/GitHub/Pf_pipeline_dados/Projeto_final_fase3/venv/lib/python3.9/site-packages/airflow/example_dags/example_sensor_decorator.py
[2025-11-27T14:23:28.606-0300] {logging_mixin.py:188} INFO - [2025-11-27T14:23:28.606-0300] {dag.py:3089} INFO - Sync 1 DAGs
[2025-11-27T14:23:28.612-0300] {logging_mixin.py:188} INFO - [2025-11-27T14:23:28.612-0300] {dag.py:3947} INFO - Setting next_dagrun for example_sensor_decorator to None, run_after=None
[2025-11-27T14:23:28.620-0300] {processor.py:183} INFO - Processing /Users/davispecia/Documents/GitHub/Pf_pipeline_dados/Projeto_final_fase3/venv/lib/python3.9/site-packages/airflow/example_dags/example_sensor_decorator.py took 0.112 seconds
[2025-11-27T14:25:49.681-0300] {processor.py:161} INFO - Started process (PID=5988) to work on /Users/davispecia/Documents/GitHub/Pf_pipeline_dados/Projeto_final_fase3/venv/lib/python3.9/site-packages/airflow/example_dags/example_sensor_decorator.py
[2025-11-27T14:25:49.681-0300] {processor.py:830} INFO - Processing file /Users/davispecia/Documents/GitHub/Pf_pipeline_dados/Projeto_final_fase3/venv/lib/python3.9/site-packages/airflow/example_dags/example_sensor_decorator.py for tasks to queue
[2025-11-27T14:25:49.682-0300] {logging_mixin.py:188} INFO - [2025-11-27T14:25:49.682-0300] {dagbag.py:545} INFO - Filling up the DagBag from /Users/davispecia/Documents/GitHub/Pf_pipeline_dados/Projeto_final_fase3/venv/lib/python3.9/site-packages/airflow/example_dags/example_sensor_decorator.py
[2025-11-27T14:25:49.701-0300] {processor.py:840} INFO - DAG(s) 'example_sensor_decorator' retrieved from /Users/davispecia/Documents/GitHub/Pf_pipeline_dados/Projeto_final_fase3/venv/lib/python3.9/site-packages/airflow/example_dags/example_sensor_decorator.py
[2025-11-27T14:25:49.776-0300] {logging_mixin.py:188} INFO - [2025-11-27T14:25:49.776-0300] {dag.py:3089} INFO - Sync 1 DAGs
[2025-11-27T14:25:49.781-0300] {logging_mixin.py:188} INFO - [2025-11-27T14:25:49.781-0300] {dag.py:3947} INFO - Setting next_dagrun for example_sensor_decorator to None, run_after=None
[2025-11-27T14:25:49.790-0300] {processor.py:183} INFO - Processing /Users/davispecia/Documents/GitHub/Pf_pipeline_dados/Projeto_final_fase3/venv/lib/python3.9/site-packages/airflow/example_dags/example_sensor_decorator.py took 0.111 seconds
[2025-11-27T14:28:23.942-0300] {processor.py:161} INFO - Started process (PID=6460) to work on /Users/davispecia/Documents/GitHub/Pf_pipeline_dados/Projeto_final_fase3/venv/lib/python3.9/site-packages/airflow/example_dags/example_sensor_decorator.py
[2025-11-27T14:28:23.943-0300] {processor.py:830} INFO - Processing file /Users/davispecia/Documents/GitHub/Pf_pipeline_dados/Projeto_final_fase3/venv/lib/python3.9/site-packages/airflow/example_dags/example_sensor_decorator.py for tasks to queue
[2025-11-27T14:28:23.943-0300] {logging_mixin.py:188} INFO - [2025-11-27T14:28:23.943-0300] {dagbag.py:545} INFO - Filling up the DagBag from /Users/davispecia/Documents/GitHub/Pf_pipeline_dados/Projeto_final_fase3/venv/lib/python3.9/site-packages/airflow/example_dags/example_sensor_decorator.py
[2025-11-27T14:28:23.961-0300] {processor.py:840} INFO - DAG(s) 'example_sensor_decorator' retrieved from /Users/davispecia/Documents/GitHub/Pf_pipeline_dados/Projeto_final_fase3/venv/lib/python3.9/site-packages/airflow/example_dags/example_sensor_decorator.py
[2025-11-27T14:28:24.037-0300] {logging_mixin.py:188} INFO - [2025-11-27T14:28:24.037-0300] {dag.py:3089} INFO - Sync 1 DAGs
[2025-11-27T14:28:24.042-0300] {logging_mixin.py:188} INFO - [2025-11-27T14:28:24.042-0300] {dag.py:3947} INFO - Setting next_dagrun for example_sensor_decorator to None, run_after=None
[2025-11-27T14:28:24.051-0300] {processor.py:183} INFO - Processing /Users/davispecia/Documents/GitHub/Pf_pipeline_dados/Projeto_final_fase3/venv/lib/python3.9/site-packages/airflow/example_dags/example_sensor_decorator.py took 0.111 seconds
[2025-11-27T14:30:36.057-0300] {processor.py:161} INFO - Started process (PID=6778) to work on /Users/davispecia/Documents/GitHub/Pf_pipeline_dados/Projeto_final_fase3/venv/lib/python3.9/site-packages/airflow/example_dags/example_sensor_decorator.py
[2025-11-27T14:30:36.058-0300] {processor.py:830} INFO - Processing file /Users/davispecia/Documents/GitHub/Pf_pipeline_dados/Projeto_final_fase3/venv/lib/python3.9/site-packages/airflow/example_dags/example_sensor_decorator.py for tasks to queue
[2025-11-27T14:30:36.058-0300] {logging_mixin.py:188} INFO - [2025-11-27T14:30:36.058-0300] {dagbag.py:545} INFO - Filling up the DagBag from /Users/davispecia/Documents/GitHub/Pf_pipeline_dados/Projeto_final_fase3/venv/lib/python3.9/site-packages/airflow/example_dags/example_sensor_decorator.py
[2025-11-27T14:30:36.076-0300] {processor.py:840} INFO - DAG(s) 'example_sensor_decorator' retrieved from /Users/davispecia/Documents/GitHub/Pf_pipeline_dados/Projeto_final_fase3/venv/lib/python3.9/site-packages/airflow/example_dags/example_sensor_decorator.py
[2025-11-27T14:30:36.152-0300] {logging_mixin.py:188} INFO - [2025-11-27T14:30:36.152-0300] {dag.py:3089} INFO - Sync 1 DAGs
[2025-11-27T14:30:36.157-0300] {logging_mixin.py:188} INFO - [2025-11-27T14:30:36.157-0300] {dag.py:3947} INFO - Setting next_dagrun for example_sensor_decorator to None, run_after=None
[2025-11-27T14:30:36.166-0300] {processor.py:183} INFO - Processing /Users/davispecia/Documents/GitHub/Pf_pipeline_dados/Projeto_final_fase3/venv/lib/python3.9/site-packages/airflow/example_dags/example_sensor_decorator.py took 0.111 seconds
[2025-11-27T14:32:40.479-0300] {processor.py:161} INFO - Started process (PID=7079) to work on /Users/davispecia/Documents/GitHub/Pf_pipeline_dados/Projeto_final_fase3/venv/lib/python3.9/site-packages/airflow/example_dags/example_sensor_decorator.py
[2025-11-27T14:32:40.480-0300] {processor.py:830} INFO - Processing file /Users/davispecia/Documents/GitHub/Pf_pipeline_dados/Projeto_final_fase3/venv/lib/python3.9/site-packages/airflow/example_dags/example_sensor_decorator.py for tasks to queue
[2025-11-27T14:32:40.480-0300] {logging_mixin.py:188} INFO - [2025-11-27T14:32:40.480-0300] {dagbag.py:545} INFO - Filling up the DagBag from /Users/davispecia/Documents/GitHub/Pf_pipeline_dados/Projeto_final_fase3/venv/lib/python3.9/site-packages/airflow/example_dags/example_sensor_decorator.py
[2025-11-27T14:32:40.497-0300] {processor.py:840} INFO - DAG(s) 'example_sensor_decorator' retrieved from /Users/davispecia/Documents/GitHub/Pf_pipeline_dados/Projeto_final_fase3/venv/lib/python3.9/site-packages/airflow/example_dags/example_sensor_decorator.py
[2025-11-27T14:32:40.578-0300] {logging_mixin.py:188} INFO - [2025-11-27T14:32:40.578-0300] {dag.py:3089} INFO - Sync 1 DAGs
[2025-11-27T14:32:40.585-0300] {logging_mixin.py:188} INFO - [2025-11-27T14:32:40.585-0300] {dag.py:3947} INFO - Setting next_dagrun for example_sensor_decorator to None, run_after=None
[2025-11-27T14:32:40.596-0300] {processor.py:183} INFO - Processing /Users/davispecia/Documents/GitHub/Pf_pipeline_dados/Projeto_final_fase3/venv/lib/python3.9/site-packages/airflow/example_dags/example_sensor_decorator.py took 0.119 seconds
[2025-11-27T14:35:08.584-0300] {processor.py:161} INFO - Started process (PID=7587) to work on /Users/davispecia/Documents/GitHub/Pf_pipeline_dados/Projeto_final_fase3/venv/lib/python3.9/site-packages/airflow/example_dags/example_sensor_decorator.py
[2025-11-27T14:35:08.585-0300] {processor.py:830} INFO - Processing file /Users/davispecia/Documents/GitHub/Pf_pipeline_dados/Projeto_final_fase3/venv/lib/python3.9/site-packages/airflow/example_dags/example_sensor_decorator.py for tasks to queue
[2025-11-27T14:35:08.586-0300] {logging_mixin.py:188} INFO - [2025-11-27T14:35:08.586-0300] {dagbag.py:545} INFO - Filling up the DagBag from /Users/davispecia/Documents/GitHub/Pf_pipeline_dados/Projeto_final_fase3/venv/lib/python3.9/site-packages/airflow/example_dags/example_sensor_decorator.py
[2025-11-27T14:35:08.611-0300] {processor.py:840} INFO - DAG(s) 'example_sensor_decorator' retrieved from /Users/davispecia/Documents/GitHub/Pf_pipeline_dados/Projeto_final_fase3/venv/lib/python3.9/site-packages/airflow/example_dags/example_sensor_decorator.py
[2025-11-27T14:35:08.712-0300] {logging_mixin.py:188} INFO - [2025-11-27T14:35:08.712-0300] {dag.py:3089} INFO - Sync 1 DAGs
[2025-11-27T14:35:08.719-0300] {logging_mixin.py:188} INFO - [2025-11-27T14:35:08.718-0300] {dag.py:3947} INFO - Setting next_dagrun for example_sensor_decorator to None, run_after=None
[2025-11-27T14:35:08.728-0300] {processor.py:183} INFO - Processing /Users/davispecia/Documents/GitHub/Pf_pipeline_dados/Projeto_final_fase3/venv/lib/python3.9/site-packages/airflow/example_dags/example_sensor_decorator.py took 0.147 seconds
[2025-11-27T14:37:26.822-0300] {processor.py:161} INFO - Started process (PID=7964) to work on /Users/davispecia/Documents/GitHub/Pf_pipeline_dados/Projeto_final_fase3/venv/lib/python3.9/site-packages/airflow/example_dags/example_sensor_decorator.py
[2025-11-27T14:37:26.822-0300] {processor.py:830} INFO - Processing file /Users/davispecia/Documents/GitHub/Pf_pipeline_dados/Projeto_final_fase3/venv/lib/python3.9/site-packages/airflow/example_dags/example_sensor_decorator.py for tasks to queue
[2025-11-27T14:37:26.823-0300] {logging_mixin.py:188} INFO - [2025-11-27T14:37:26.823-0300] {dagbag.py:545} INFO - Filling up the DagBag from /Users/davispecia/Documents/GitHub/Pf_pipeline_dados/Projeto_final_fase3/venv/lib/python3.9/site-packages/airflow/example_dags/example_sensor_decorator.py
[2025-11-27T14:37:26.840-0300] {processor.py:840} INFO - DAG(s) 'example_sensor_decorator' retrieved from /Users/davispecia/Documents/GitHub/Pf_pipeline_dados/Projeto_final_fase3/venv/lib/python3.9/site-packages/airflow/example_dags/example_sensor_decorator.py
[2025-11-27T14:37:26.918-0300] {logging_mixin.py:188} INFO - [2025-11-27T14:37:26.918-0300] {dag.py:3089} INFO - Sync 1 DAGs
[2025-11-27T14:37:26.923-0300] {logging_mixin.py:188} INFO - [2025-11-27T14:37:26.923-0300] {dag.py:3947} INFO - Setting next_dagrun for example_sensor_decorator to None, run_after=None
[2025-11-27T14:37:26.932-0300] {processor.py:183} INFO - Processing /Users/davispecia/Documents/GitHub/Pf_pipeline_dados/Projeto_final_fase3/venv/lib/python3.9/site-packages/airflow/example_dags/example_sensor_decorator.py took 0.112 seconds
[2025-11-27T14:39:48.020-0300] {processor.py:161} INFO - Started process (PID=8369) to work on /Users/davispecia/Documents/GitHub/Pf_pipeline_dados/Projeto_final_fase3/venv/lib/python3.9/site-packages/airflow/example_dags/example_sensor_decorator.py
[2025-11-27T14:39:48.020-0300] {processor.py:830} INFO - Processing file /Users/davispecia/Documents/GitHub/Pf_pipeline_dados/Projeto_final_fase3/venv/lib/python3.9/site-packages/airflow/example_dags/example_sensor_decorator.py for tasks to queue
[2025-11-27T14:39:48.021-0300] {logging_mixin.py:188} INFO - [2025-11-27T14:39:48.021-0300] {dagbag.py:545} INFO - Filling up the DagBag from /Users/davispecia/Documents/GitHub/Pf_pipeline_dados/Projeto_final_fase3/venv/lib/python3.9/site-packages/airflow/example_dags/example_sensor_decorator.py
[2025-11-27T14:39:48.039-0300] {processor.py:840} INFO - DAG(s) 'example_sensor_decorator' retrieved from /Users/davispecia/Documents/GitHub/Pf_pipeline_dados/Projeto_final_fase3/venv/lib/python3.9/site-packages/airflow/example_dags/example_sensor_decorator.py
[2025-11-27T14:39:48.115-0300] {logging_mixin.py:188} INFO - [2025-11-27T14:39:48.115-0300] {dag.py:3089} INFO - Sync 1 DAGs
[2025-11-27T14:39:48.121-0300] {logging_mixin.py:188} INFO - [2025-11-27T14:39:48.121-0300] {dag.py:3947} INFO - Setting next_dagrun for example_sensor_decorator to None, run_after=None
[2025-11-27T14:39:48.129-0300] {processor.py:183} INFO - Processing /Users/davispecia/Documents/GitHub/Pf_pipeline_dados/Projeto_final_fase3/venv/lib/python3.9/site-packages/airflow/example_dags/example_sensor_decorator.py took 0.111 seconds
[2025-11-27T14:41:54.223-0300] {processor.py:161} INFO - Started process (PID=8735) to work on /Users/davispecia/Documents/GitHub/Pf_pipeline_dados/Projeto_final_fase3/venv/lib/python3.9/site-packages/airflow/example_dags/example_sensor_decorator.py
[2025-11-27T14:41:54.223-0300] {processor.py:830} INFO - Processing file /Users/davispecia/Documents/GitHub/Pf_pipeline_dados/Projeto_final_fase3/venv/lib/python3.9/site-packages/airflow/example_dags/example_sensor_decorator.py for tasks to queue
[2025-11-27T14:41:54.224-0300] {logging_mixin.py:188} INFO - [2025-11-27T14:41:54.224-0300] {dagbag.py:545} INFO - Filling up the DagBag from /Users/davispecia/Documents/GitHub/Pf_pipeline_dados/Projeto_final_fase3/venv/lib/python3.9/site-packages/airflow/example_dags/example_sensor_decorator.py
[2025-11-27T14:41:54.241-0300] {processor.py:840} INFO - DAG(s) 'example_sensor_decorator' retrieved from /Users/davispecia/Documents/GitHub/Pf_pipeline_dados/Projeto_final_fase3/venv/lib/python3.9/site-packages/airflow/example_dags/example_sensor_decorator.py
[2025-11-27T14:41:54.316-0300] {logging_mixin.py:188} INFO - [2025-11-27T14:41:54.316-0300] {dag.py:3089} INFO - Sync 1 DAGs
[2025-11-27T14:41:54.321-0300] {logging_mixin.py:188} INFO - [2025-11-27T14:41:54.321-0300] {dag.py:3947} INFO - Setting next_dagrun for example_sensor_decorator to None, run_after=None
[2025-11-27T14:41:54.330-0300] {processor.py:183} INFO - Processing /Users/davispecia/Documents/GitHub/Pf_pipeline_dados/Projeto_final_fase3/venv/lib/python3.9/site-packages/airflow/example_dags/example_sensor_decorator.py took 0.109 seconds
[2025-11-27T14:43:59.282-0300] {processor.py:161} INFO - Started process (PID=9069) to work on /Users/davispecia/Documents/GitHub/Pf_pipeline_dados/Projeto_final_fase3/venv/lib/python3.9/site-packages/airflow/example_dags/example_sensor_decorator.py
[2025-11-27T14:43:59.283-0300] {processor.py:830} INFO - Processing file /Users/davispecia/Documents/GitHub/Pf_pipeline_dados/Projeto_final_fase3/venv/lib/python3.9/site-packages/airflow/example_dags/example_sensor_decorator.py for tasks to queue
[2025-11-27T14:43:59.283-0300] {logging_mixin.py:188} INFO - [2025-11-27T14:43:59.283-0300] {dagbag.py:545} INFO - Filling up the DagBag from /Users/davispecia/Documents/GitHub/Pf_pipeline_dados/Projeto_final_fase3/venv/lib/python3.9/site-packages/airflow/example_dags/example_sensor_decorator.py
[2025-11-27T14:43:59.302-0300] {processor.py:840} INFO - DAG(s) 'example_sensor_decorator' retrieved from /Users/davispecia/Documents/GitHub/Pf_pipeline_dados/Projeto_final_fase3/venv/lib/python3.9/site-packages/airflow/example_dags/example_sensor_decorator.py
[2025-11-27T14:43:59.390-0300] {logging_mixin.py:188} INFO - [2025-11-27T14:43:59.390-0300] {dag.py:3089} INFO - Sync 1 DAGs
[2025-11-27T14:43:59.396-0300] {logging_mixin.py:188} INFO - [2025-11-27T14:43:59.396-0300] {dag.py:3947} INFO - Setting next_dagrun for example_sensor_decorator to None, run_after=None
[2025-11-27T14:43:59.408-0300] {processor.py:183} INFO - Processing /Users/davispecia/Documents/GitHub/Pf_pipeline_dados/Projeto_final_fase3/venv/lib/python3.9/site-packages/airflow/example_dags/example_sensor_decorator.py took 0.129 seconds
[2025-11-27T14:46:19.987-0300] {processor.py:161} INFO - Started process (PID=9512) to work on /Users/davispecia/Documents/GitHub/Pf_pipeline_dados/Projeto_final_fase3/venv/lib/python3.9/site-packages/airflow/example_dags/example_sensor_decorator.py
[2025-11-27T14:46:19.988-0300] {processor.py:830} INFO - Processing file /Users/davispecia/Documents/GitHub/Pf_pipeline_dados/Projeto_final_fase3/venv/lib/python3.9/site-packages/airflow/example_dags/example_sensor_decorator.py for tasks to queue
[2025-11-27T14:46:19.989-0300] {logging_mixin.py:188} INFO - [2025-11-27T14:46:19.988-0300] {dagbag.py:545} INFO - Filling up the DagBag from /Users/davispecia/Documents/GitHub/Pf_pipeline_dados/Projeto_final_fase3/venv/lib/python3.9/site-packages/airflow/example_dags/example_sensor_decorator.py
[2025-11-27T14:46:20.008-0300] {processor.py:840} INFO - DAG(s) 'example_sensor_decorator' retrieved from /Users/davispecia/Documents/GitHub/Pf_pipeline_dados/Projeto_final_fase3/venv/lib/python3.9/site-packages/airflow/example_dags/example_sensor_decorator.py
[2025-11-27T14:46:20.084-0300] {logging_mixin.py:188} INFO - [2025-11-27T14:46:20.084-0300] {dag.py:3089} INFO - Sync 1 DAGs
[2025-11-27T14:46:20.089-0300] {logging_mixin.py:188} INFO - [2025-11-27T14:46:20.089-0300] {dag.py:3947} INFO - Setting next_dagrun for example_sensor_decorator to None, run_after=None
[2025-11-27T14:46:20.098-0300] {processor.py:183} INFO - Processing /Users/davispecia/Documents/GitHub/Pf_pipeline_dados/Projeto_final_fase3/venv/lib/python3.9/site-packages/airflow/example_dags/example_sensor_decorator.py took 0.114 seconds
[2025-11-27T14:48:27.492-0300] {processor.py:161} INFO - Started process (PID=9826) to work on /Users/davispecia/Documents/GitHub/Pf_pipeline_dados/Projeto_final_fase3/venv/lib/python3.9/site-packages/airflow/example_dags/example_sensor_decorator.py
[2025-11-27T14:48:27.493-0300] {processor.py:830} INFO - Processing file /Users/davispecia/Documents/GitHub/Pf_pipeline_dados/Projeto_final_fase3/venv/lib/python3.9/site-packages/airflow/example_dags/example_sensor_decorator.py for tasks to queue
[2025-11-27T14:48:27.493-0300] {logging_mixin.py:188} INFO - [2025-11-27T14:48:27.493-0300] {dagbag.py:545} INFO - Filling up the DagBag from /Users/davispecia/Documents/GitHub/Pf_pipeline_dados/Projeto_final_fase3/venv/lib/python3.9/site-packages/airflow/example_dags/example_sensor_decorator.py
[2025-11-27T14:48:27.512-0300] {processor.py:840} INFO - DAG(s) 'example_sensor_decorator' retrieved from /Users/davispecia/Documents/GitHub/Pf_pipeline_dados/Projeto_final_fase3/venv/lib/python3.9/site-packages/airflow/example_dags/example_sensor_decorator.py
[2025-11-27T14:48:27.586-0300] {logging_mixin.py:188} INFO - [2025-11-27T14:48:27.586-0300] {dag.py:3089} INFO - Sync 1 DAGs
[2025-11-27T14:48:27.591-0300] {logging_mixin.py:188} INFO - [2025-11-27T14:48:27.591-0300] {dag.py:3947} INFO - Setting next_dagrun for example_sensor_decorator to None, run_after=None
[2025-11-27T14:48:27.600-0300] {processor.py:183} INFO - Processing /Users/davispecia/Documents/GitHub/Pf_pipeline_dados/Projeto_final_fase3/venv/lib/python3.9/site-packages/airflow/example_dags/example_sensor_decorator.py took 0.111 seconds
[2025-11-27T14:50:44.780-0300] {processor.py:161} INFO - Started process (PID=10225) to work on /Users/davispecia/Documents/GitHub/Pf_pipeline_dados/Projeto_final_fase3/venv/lib/python3.9/site-packages/airflow/example_dags/example_sensor_decorator.py
[2025-11-27T14:50:44.780-0300] {processor.py:830} INFO - Processing file /Users/davispecia/Documents/GitHub/Pf_pipeline_dados/Projeto_final_fase3/venv/lib/python3.9/site-packages/airflow/example_dags/example_sensor_decorator.py for tasks to queue
[2025-11-27T14:50:44.781-0300] {logging_mixin.py:188} INFO - [2025-11-27T14:50:44.780-0300] {dagbag.py:545} INFO - Filling up the DagBag from /Users/davispecia/Documents/GitHub/Pf_pipeline_dados/Projeto_final_fase3/venv/lib/python3.9/site-packages/airflow/example_dags/example_sensor_decorator.py
[2025-11-27T14:50:44.797-0300] {processor.py:840} INFO - DAG(s) 'example_sensor_decorator' retrieved from /Users/davispecia/Documents/GitHub/Pf_pipeline_dados/Projeto_final_fase3/venv/lib/python3.9/site-packages/airflow/example_dags/example_sensor_decorator.py
[2025-11-27T14:50:44.879-0300] {logging_mixin.py:188} INFO - [2025-11-27T14:50:44.879-0300] {dag.py:3089} INFO - Sync 1 DAGs
[2025-11-27T14:50:44.884-0300] {logging_mixin.py:188} INFO - [2025-11-27T14:50:44.884-0300] {dag.py:3947} INFO - Setting next_dagrun for example_sensor_decorator to None, run_after=None
[2025-11-27T14:50:44.893-0300] {processor.py:183} INFO - Processing /Users/davispecia/Documents/GitHub/Pf_pipeline_dados/Projeto_final_fase3/venv/lib/python3.9/site-packages/airflow/example_dags/example_sensor_decorator.py took 0.116 seconds
[2025-11-27T14:52:53.475-0300] {processor.py:161} INFO - Started process (PID=10546) to work on /Users/davispecia/Documents/GitHub/Pf_pipeline_dados/Projeto_final_fase3/venv/lib/python3.9/site-packages/airflow/example_dags/example_sensor_decorator.py
[2025-11-27T14:52:53.475-0300] {processor.py:830} INFO - Processing file /Users/davispecia/Documents/GitHub/Pf_pipeline_dados/Projeto_final_fase3/venv/lib/python3.9/site-packages/airflow/example_dags/example_sensor_decorator.py for tasks to queue
[2025-11-27T14:52:53.476-0300] {logging_mixin.py:188} INFO - [2025-11-27T14:52:53.476-0300] {dagbag.py:545} INFO - Filling up the DagBag from /Users/davispecia/Documents/GitHub/Pf_pipeline_dados/Projeto_final_fase3/venv/lib/python3.9/site-packages/airflow/example_dags/example_sensor_decorator.py
[2025-11-27T14:52:53.493-0300] {processor.py:840} INFO - DAG(s) 'example_sensor_decorator' retrieved from /Users/davispecia/Documents/GitHub/Pf_pipeline_dados/Projeto_final_fase3/venv/lib/python3.9/site-packages/airflow/example_dags/example_sensor_decorator.py
[2025-11-27T14:52:53.565-0300] {logging_mixin.py:188} INFO - [2025-11-27T14:52:53.565-0300] {dag.py:3089} INFO - Sync 1 DAGs
[2025-11-27T14:52:53.570-0300] {logging_mixin.py:188} INFO - [2025-11-27T14:52:53.570-0300] {dag.py:3947} INFO - Setting next_dagrun for example_sensor_decorator to None, run_after=None
[2025-11-27T14:52:53.579-0300] {processor.py:183} INFO - Processing /Users/davispecia/Documents/GitHub/Pf_pipeline_dados/Projeto_final_fase3/venv/lib/python3.9/site-packages/airflow/example_dags/example_sensor_decorator.py took 0.106 seconds
[2025-11-27T14:54:56.192-0300] {processor.py:161} INFO - Started process (PID=10840) to work on /Users/davispecia/Documents/GitHub/Pf_pipeline_dados/Projeto_final_fase3/venv/lib/python3.9/site-packages/airflow/example_dags/example_sensor_decorator.py
[2025-11-27T14:54:56.192-0300] {processor.py:830} INFO - Processing file /Users/davispecia/Documents/GitHub/Pf_pipeline_dados/Projeto_final_fase3/venv/lib/python3.9/site-packages/airflow/example_dags/example_sensor_decorator.py for tasks to queue
[2025-11-27T14:54:56.193-0300] {logging_mixin.py:188} INFO - [2025-11-27T14:54:56.193-0300] {dagbag.py:545} INFO - Filling up the DagBag from /Users/davispecia/Documents/GitHub/Pf_pipeline_dados/Projeto_final_fase3/venv/lib/python3.9/site-packages/airflow/example_dags/example_sensor_decorator.py
[2025-11-27T14:54:56.213-0300] {processor.py:840} INFO - DAG(s) 'example_sensor_decorator' retrieved from /Users/davispecia/Documents/GitHub/Pf_pipeline_dados/Projeto_final_fase3/venv/lib/python3.9/site-packages/airflow/example_dags/example_sensor_decorator.py
[2025-11-27T14:54:56.286-0300] {logging_mixin.py:188} INFO - [2025-11-27T14:54:56.286-0300] {dag.py:3089} INFO - Sync 1 DAGs
[2025-11-27T14:54:56.291-0300] {logging_mixin.py:188} INFO - [2025-11-27T14:54:56.291-0300] {dag.py:3947} INFO - Setting next_dagrun for example_sensor_decorator to None, run_after=None
[2025-11-27T14:54:56.300-0300] {processor.py:183} INFO - Processing /Users/davispecia/Documents/GitHub/Pf_pipeline_dados/Projeto_final_fase3/venv/lib/python3.9/site-packages/airflow/example_dags/example_sensor_decorator.py took 0.111 seconds
[2025-11-27T14:57:10.304-0300] {processor.py:161} INFO - Started process (PID=11235) to work on /Users/davispecia/Documents/GitHub/Pf_pipeline_dados/Projeto_final_fase3/venv/lib/python3.9/site-packages/airflow/example_dags/example_sensor_decorator.py
[2025-11-27T14:57:10.304-0300] {processor.py:830} INFO - Processing file /Users/davispecia/Documents/GitHub/Pf_pipeline_dados/Projeto_final_fase3/venv/lib/python3.9/site-packages/airflow/example_dags/example_sensor_decorator.py for tasks to queue
[2025-11-27T14:57:10.305-0300] {logging_mixin.py:188} INFO - [2025-11-27T14:57:10.304-0300] {dagbag.py:545} INFO - Filling up the DagBag from /Users/davispecia/Documents/GitHub/Pf_pipeline_dados/Projeto_final_fase3/venv/lib/python3.9/site-packages/airflow/example_dags/example_sensor_decorator.py
[2025-11-27T14:57:10.321-0300] {processor.py:840} INFO - DAG(s) 'example_sensor_decorator' retrieved from /Users/davispecia/Documents/GitHub/Pf_pipeline_dados/Projeto_final_fase3/venv/lib/python3.9/site-packages/airflow/example_dags/example_sensor_decorator.py
[2025-11-27T14:57:10.394-0300] {logging_mixin.py:188} INFO - [2025-11-27T14:57:10.394-0300] {dag.py:3089} INFO - Sync 1 DAGs
[2025-11-27T14:57:10.399-0300] {logging_mixin.py:188} INFO - [2025-11-27T14:57:10.399-0300] {dag.py:3947} INFO - Setting next_dagrun for example_sensor_decorator to None, run_after=None
[2025-11-27T14:57:10.409-0300] {processor.py:183} INFO - Processing /Users/davispecia/Documents/GitHub/Pf_pipeline_dados/Projeto_final_fase3/venv/lib/python3.9/site-packages/airflow/example_dags/example_sensor_decorator.py took 0.107 seconds
[2025-11-27T14:59:17.931-0300] {processor.py:161} INFO - Started process (PID=11538) to work on /Users/davispecia/Documents/GitHub/Pf_pipeline_dados/Projeto_final_fase3/venv/lib/python3.9/site-packages/airflow/example_dags/example_sensor_decorator.py
[2025-11-27T14:59:17.932-0300] {processor.py:830} INFO - Processing file /Users/davispecia/Documents/GitHub/Pf_pipeline_dados/Projeto_final_fase3/venv/lib/python3.9/site-packages/airflow/example_dags/example_sensor_decorator.py for tasks to queue
[2025-11-27T14:59:17.932-0300] {logging_mixin.py:188} INFO - [2025-11-27T14:59:17.932-0300] {dagbag.py:545} INFO - Filling up the DagBag from /Users/davispecia/Documents/GitHub/Pf_pipeline_dados/Projeto_final_fase3/venv/lib/python3.9/site-packages/airflow/example_dags/example_sensor_decorator.py
[2025-11-27T14:59:17.949-0300] {processor.py:840} INFO - DAG(s) 'example_sensor_decorator' retrieved from /Users/davispecia/Documents/GitHub/Pf_pipeline_dados/Projeto_final_fase3/venv/lib/python3.9/site-packages/airflow/example_dags/example_sensor_decorator.py
[2025-11-27T14:59:18.023-0300] {logging_mixin.py:188} INFO - [2025-11-27T14:59:18.023-0300] {dag.py:3089} INFO - Sync 1 DAGs
[2025-11-27T14:59:18.028-0300] {logging_mixin.py:188} INFO - [2025-11-27T14:59:18.028-0300] {dag.py:3947} INFO - Setting next_dagrun for example_sensor_decorator to None, run_after=None
[2025-11-27T14:59:18.036-0300] {processor.py:183} INFO - Processing /Users/davispecia/Documents/GitHub/Pf_pipeline_dados/Projeto_final_fase3/venv/lib/python3.9/site-packages/airflow/example_dags/example_sensor_decorator.py took 0.107 seconds
[2025-11-27T15:01:31.910-0300] {processor.py:161} INFO - Started process (PID=11915) to work on /Users/davispecia/Documents/GitHub/Pf_pipeline_dados/Projeto_final_fase3/venv/lib/python3.9/site-packages/airflow/example_dags/example_sensor_decorator.py
[2025-11-27T15:01:31.911-0300] {processor.py:830} INFO - Processing file /Users/davispecia/Documents/GitHub/Pf_pipeline_dados/Projeto_final_fase3/venv/lib/python3.9/site-packages/airflow/example_dags/example_sensor_decorator.py for tasks to queue
[2025-11-27T15:01:31.911-0300] {logging_mixin.py:188} INFO - [2025-11-27T15:01:31.911-0300] {dagbag.py:545} INFO - Filling up the DagBag from /Users/davispecia/Documents/GitHub/Pf_pipeline_dados/Projeto_final_fase3/venv/lib/python3.9/site-packages/airflow/example_dags/example_sensor_decorator.py
[2025-11-27T15:01:31.930-0300] {processor.py:840} INFO - DAG(s) 'example_sensor_decorator' retrieved from /Users/davispecia/Documents/GitHub/Pf_pipeline_dados/Projeto_final_fase3/venv/lib/python3.9/site-packages/airflow/example_dags/example_sensor_decorator.py
[2025-11-27T15:01:32.004-0300] {logging_mixin.py:188} INFO - [2025-11-27T15:01:32.003-0300] {dag.py:3089} INFO - Sync 1 DAGs
[2025-11-27T15:01:32.009-0300] {logging_mixin.py:188} INFO - [2025-11-27T15:01:32.009-0300] {dag.py:3947} INFO - Setting next_dagrun for example_sensor_decorator to None, run_after=None
[2025-11-27T15:01:32.017-0300] {processor.py:183} INFO - Processing /Users/davispecia/Documents/GitHub/Pf_pipeline_dados/Projeto_final_fase3/venv/lib/python3.9/site-packages/airflow/example_dags/example_sensor_decorator.py took 0.109 seconds
[2025-11-27T15:03:39.844-0300] {processor.py:161} INFO - Started process (PID=12222) to work on /Users/davispecia/Documents/GitHub/Pf_pipeline_dados/Projeto_final_fase3/venv/lib/python3.9/site-packages/airflow/example_dags/example_sensor_decorator.py
[2025-11-27T15:03:39.845-0300] {processor.py:830} INFO - Processing file /Users/davispecia/Documents/GitHub/Pf_pipeline_dados/Projeto_final_fase3/venv/lib/python3.9/site-packages/airflow/example_dags/example_sensor_decorator.py for tasks to queue
[2025-11-27T15:03:39.845-0300] {logging_mixin.py:188} INFO - [2025-11-27T15:03:39.845-0300] {dagbag.py:545} INFO - Filling up the DagBag from /Users/davispecia/Documents/GitHub/Pf_pipeline_dados/Projeto_final_fase3/venv/lib/python3.9/site-packages/airflow/example_dags/example_sensor_decorator.py
[2025-11-27T15:03:39.862-0300] {processor.py:840} INFO - DAG(s) 'example_sensor_decorator' retrieved from /Users/davispecia/Documents/GitHub/Pf_pipeline_dados/Projeto_final_fase3/venv/lib/python3.9/site-packages/airflow/example_dags/example_sensor_decorator.py
[2025-11-27T15:03:39.935-0300] {logging_mixin.py:188} INFO - [2025-11-27T15:03:39.935-0300] {dag.py:3089} INFO - Sync 1 DAGs
[2025-11-27T15:03:39.940-0300] {logging_mixin.py:188} INFO - [2025-11-27T15:03:39.940-0300] {dag.py:3947} INFO - Setting next_dagrun for example_sensor_decorator to None, run_after=None
[2025-11-27T15:03:39.949-0300] {processor.py:183} INFO - Processing /Users/davispecia/Documents/GitHub/Pf_pipeline_dados/Projeto_final_fase3/venv/lib/python3.9/site-packages/airflow/example_dags/example_sensor_decorator.py took 0.107 seconds
[2025-11-27T15:05:46.612-0300] {processor.py:161} INFO - Started process (PID=12525) to work on /Users/davispecia/Documents/GitHub/Pf_pipeline_dados/Projeto_final_fase3/venv/lib/python3.9/site-packages/airflow/example_dags/example_sensor_decorator.py
[2025-11-27T15:05:46.612-0300] {processor.py:830} INFO - Processing file /Users/davispecia/Documents/GitHub/Pf_pipeline_dados/Projeto_final_fase3/venv/lib/python3.9/site-packages/airflow/example_dags/example_sensor_decorator.py for tasks to queue
[2025-11-27T15:05:46.613-0300] {logging_mixin.py:188} INFO - [2025-11-27T15:05:46.613-0300] {dagbag.py:545} INFO - Filling up the DagBag from /Users/davispecia/Documents/GitHub/Pf_pipeline_dados/Projeto_final_fase3/venv/lib/python3.9/site-packages/airflow/example_dags/example_sensor_decorator.py
[2025-11-27T15:05:46.629-0300] {processor.py:840} INFO - DAG(s) 'example_sensor_decorator' retrieved from /Users/davispecia/Documents/GitHub/Pf_pipeline_dados/Projeto_final_fase3/venv/lib/python3.9/site-packages/airflow/example_dags/example_sensor_decorator.py
[2025-11-27T15:05:46.704-0300] {logging_mixin.py:188} INFO - [2025-11-27T15:05:46.704-0300] {dag.py:3089} INFO - Sync 1 DAGs
[2025-11-27T15:05:46.710-0300] {logging_mixin.py:188} INFO - [2025-11-27T15:05:46.709-0300] {dag.py:3947} INFO - Setting next_dagrun for example_sensor_decorator to None, run_after=None
[2025-11-27T15:05:46.719-0300] {processor.py:183} INFO - Processing /Users/davispecia/Documents/GitHub/Pf_pipeline_dados/Projeto_final_fase3/venv/lib/python3.9/site-packages/airflow/example_dags/example_sensor_decorator.py took 0.109 seconds
[2025-11-27T15:08:03.157-0300] {processor.py:161} INFO - Started process (PID=12911) to work on /Users/davispecia/Documents/GitHub/Pf_pipeline_dados/Projeto_final_fase3/venv/lib/python3.9/site-packages/airflow/example_dags/example_sensor_decorator.py
[2025-11-27T15:08:03.157-0300] {processor.py:830} INFO - Processing file /Users/davispecia/Documents/GitHub/Pf_pipeline_dados/Projeto_final_fase3/venv/lib/python3.9/site-packages/airflow/example_dags/example_sensor_decorator.py for tasks to queue
[2025-11-27T15:08:03.157-0300] {logging_mixin.py:188} INFO - [2025-11-27T15:08:03.157-0300] {dagbag.py:545} INFO - Filling up the DagBag from /Users/davispecia/Documents/GitHub/Pf_pipeline_dados/Projeto_final_fase3/venv/lib/python3.9/site-packages/airflow/example_dags/example_sensor_decorator.py
[2025-11-27T15:08:03.174-0300] {processor.py:840} INFO - DAG(s) 'example_sensor_decorator' retrieved from /Users/davispecia/Documents/GitHub/Pf_pipeline_dados/Projeto_final_fase3/venv/lib/python3.9/site-packages/airflow/example_dags/example_sensor_decorator.py
[2025-11-27T15:08:03.247-0300] {logging_mixin.py:188} INFO - [2025-11-27T15:08:03.247-0300] {dag.py:3089} INFO - Sync 1 DAGs
[2025-11-27T15:08:03.252-0300] {logging_mixin.py:188} INFO - [2025-11-27T15:08:03.252-0300] {dag.py:3947} INFO - Setting next_dagrun for example_sensor_decorator to None, run_after=None
[2025-11-27T15:08:03.261-0300] {processor.py:183} INFO - Processing /Users/davispecia/Documents/GitHub/Pf_pipeline_dados/Projeto_final_fase3/venv/lib/python3.9/site-packages/airflow/example_dags/example_sensor_decorator.py took 0.106 seconds
[2025-11-27T15:10:09.683-0300] {processor.py:161} INFO - Started process (PID=13215) to work on /Users/davispecia/Documents/GitHub/Pf_pipeline_dados/Projeto_final_fase3/venv/lib/python3.9/site-packages/airflow/example_dags/example_sensor_decorator.py
[2025-11-27T15:10:09.685-0300] {processor.py:830} INFO - Processing file /Users/davispecia/Documents/GitHub/Pf_pipeline_dados/Projeto_final_fase3/venv/lib/python3.9/site-packages/airflow/example_dags/example_sensor_decorator.py for tasks to queue
[2025-11-27T15:10:09.685-0300] {logging_mixin.py:188} INFO - [2025-11-27T15:10:09.685-0300] {dagbag.py:545} INFO - Filling up the DagBag from /Users/davispecia/Documents/GitHub/Pf_pipeline_dados/Projeto_final_fase3/venv/lib/python3.9/site-packages/airflow/example_dags/example_sensor_decorator.py
[2025-11-27T15:10:09.707-0300] {processor.py:840} INFO - DAG(s) 'example_sensor_decorator' retrieved from /Users/davispecia/Documents/GitHub/Pf_pipeline_dados/Projeto_final_fase3/venv/lib/python3.9/site-packages/airflow/example_dags/example_sensor_decorator.py
[2025-11-27T15:10:09.783-0300] {logging_mixin.py:188} INFO - [2025-11-27T15:10:09.783-0300] {dag.py:3089} INFO - Sync 1 DAGs
[2025-11-27T15:10:09.788-0300] {logging_mixin.py:188} INFO - [2025-11-27T15:10:09.788-0300] {dag.py:3947} INFO - Setting next_dagrun for example_sensor_decorator to None, run_after=None
[2025-11-27T15:10:09.796-0300] {processor.py:183} INFO - Processing /Users/davispecia/Documents/GitHub/Pf_pipeline_dados/Projeto_final_fase3/venv/lib/python3.9/site-packages/airflow/example_dags/example_sensor_decorator.py took 0.116 seconds
[2025-11-27T15:12:16.163-0300] {processor.py:161} INFO - Started process (PID=13586) to work on /Users/davispecia/Documents/GitHub/Pf_pipeline_dados/Projeto_final_fase3/venv/lib/python3.9/site-packages/airflow/example_dags/example_sensor_decorator.py
[2025-11-27T15:12:16.164-0300] {processor.py:830} INFO - Processing file /Users/davispecia/Documents/GitHub/Pf_pipeline_dados/Projeto_final_fase3/venv/lib/python3.9/site-packages/airflow/example_dags/example_sensor_decorator.py for tasks to queue
[2025-11-27T15:12:16.164-0300] {logging_mixin.py:188} INFO - [2025-11-27T15:12:16.164-0300] {dagbag.py:545} INFO - Filling up the DagBag from /Users/davispecia/Documents/GitHub/Pf_pipeline_dados/Projeto_final_fase3/venv/lib/python3.9/site-packages/airflow/example_dags/example_sensor_decorator.py
[2025-11-27T15:12:16.181-0300] {processor.py:840} INFO - DAG(s) 'example_sensor_decorator' retrieved from /Users/davispecia/Documents/GitHub/Pf_pipeline_dados/Projeto_final_fase3/venv/lib/python3.9/site-packages/airflow/example_dags/example_sensor_decorator.py
[2025-11-27T15:12:16.254-0300] {logging_mixin.py:188} INFO - [2025-11-27T15:12:16.254-0300] {dag.py:3089} INFO - Sync 1 DAGs
[2025-11-27T15:12:16.259-0300] {logging_mixin.py:188} INFO - [2025-11-27T15:12:16.259-0300] {dag.py:3947} INFO - Setting next_dagrun for example_sensor_decorator to None, run_after=None
[2025-11-27T15:12:16.269-0300] {processor.py:183} INFO - Processing /Users/davispecia/Documents/GitHub/Pf_pipeline_dados/Projeto_final_fase3/venv/lib/python3.9/site-packages/airflow/example_dags/example_sensor_decorator.py took 0.108 seconds
[2025-11-27T15:14:23.789-0300] {processor.py:161} INFO - Started process (PID=13980) to work on /Users/davispecia/Documents/GitHub/Pf_pipeline_dados/Projeto_final_fase3/venv/lib/python3.9/site-packages/airflow/example_dags/example_sensor_decorator.py
[2025-11-27T15:14:23.789-0300] {processor.py:830} INFO - Processing file /Users/davispecia/Documents/GitHub/Pf_pipeline_dados/Projeto_final_fase3/venv/lib/python3.9/site-packages/airflow/example_dags/example_sensor_decorator.py for tasks to queue
[2025-11-27T15:14:23.790-0300] {logging_mixin.py:188} INFO - [2025-11-27T15:14:23.789-0300] {dagbag.py:545} INFO - Filling up the DagBag from /Users/davispecia/Documents/GitHub/Pf_pipeline_dados/Projeto_final_fase3/venv/lib/python3.9/site-packages/airflow/example_dags/example_sensor_decorator.py
[2025-11-27T15:14:23.806-0300] {processor.py:840} INFO - DAG(s) 'example_sensor_decorator' retrieved from /Users/davispecia/Documents/GitHub/Pf_pipeline_dados/Projeto_final_fase3/venv/lib/python3.9/site-packages/airflow/example_dags/example_sensor_decorator.py
[2025-11-27T15:14:23.879-0300] {logging_mixin.py:188} INFO - [2025-11-27T15:14:23.879-0300] {dag.py:3089} INFO - Sync 1 DAGs
[2025-11-27T15:14:23.884-0300] {logging_mixin.py:188} INFO - [2025-11-27T15:14:23.884-0300] {dag.py:3947} INFO - Setting next_dagrun for example_sensor_decorator to None, run_after=None
[2025-11-27T15:14:23.893-0300] {processor.py:183} INFO - Processing /Users/davispecia/Documents/GitHub/Pf_pipeline_dados/Projeto_final_fase3/venv/lib/python3.9/site-packages/airflow/example_dags/example_sensor_decorator.py took 0.106 seconds
[2025-11-27T15:16:21.184-0300] {processor.py:161} INFO - Started process (PID=14263) to work on /Users/davispecia/Documents/GitHub/Pf_pipeline_dados/Projeto_final_fase3/venv/lib/python3.9/site-packages/airflow/example_dags/example_sensor_decorator.py
[2025-11-27T15:16:21.185-0300] {processor.py:830} INFO - Processing file /Users/davispecia/Documents/GitHub/Pf_pipeline_dados/Projeto_final_fase3/venv/lib/python3.9/site-packages/airflow/example_dags/example_sensor_decorator.py for tasks to queue
[2025-11-27T15:16:21.185-0300] {logging_mixin.py:188} INFO - [2025-11-27T15:16:21.185-0300] {dagbag.py:545} INFO - Filling up the DagBag from /Users/davispecia/Documents/GitHub/Pf_pipeline_dados/Projeto_final_fase3/venv/lib/python3.9/site-packages/airflow/example_dags/example_sensor_decorator.py
[2025-11-27T15:16:21.202-0300] {processor.py:840} INFO - DAG(s) 'example_sensor_decorator' retrieved from /Users/davispecia/Documents/GitHub/Pf_pipeline_dados/Projeto_final_fase3/venv/lib/python3.9/site-packages/airflow/example_dags/example_sensor_decorator.py
[2025-11-27T15:16:21.275-0300] {logging_mixin.py:188} INFO - [2025-11-27T15:16:21.275-0300] {dag.py:3089} INFO - Sync 1 DAGs
[2025-11-27T15:16:21.281-0300] {logging_mixin.py:188} INFO - [2025-11-27T15:16:21.280-0300] {dag.py:3947} INFO - Setting next_dagrun for example_sensor_decorator to None, run_after=None
[2025-11-27T15:16:21.289-0300] {processor.py:183} INFO - Processing /Users/davispecia/Documents/GitHub/Pf_pipeline_dados/Projeto_final_fase3/venv/lib/python3.9/site-packages/airflow/example_dags/example_sensor_decorator.py took 0.107 seconds
[2025-11-27T15:18:34.669-0300] {processor.py:161} INFO - Started process (PID=14647) to work on /Users/davispecia/Documents/GitHub/Pf_pipeline_dados/Projeto_final_fase3/venv/lib/python3.9/site-packages/airflow/example_dags/example_sensor_decorator.py
[2025-11-27T15:18:34.670-0300] {processor.py:830} INFO - Processing file /Users/davispecia/Documents/GitHub/Pf_pipeline_dados/Projeto_final_fase3/venv/lib/python3.9/site-packages/airflow/example_dags/example_sensor_decorator.py for tasks to queue
[2025-11-27T15:18:34.670-0300] {logging_mixin.py:188} INFO - [2025-11-27T15:18:34.670-0300] {dagbag.py:545} INFO - Filling up the DagBag from /Users/davispecia/Documents/GitHub/Pf_pipeline_dados/Projeto_final_fase3/venv/lib/python3.9/site-packages/airflow/example_dags/example_sensor_decorator.py
[2025-11-27T15:18:34.687-0300] {processor.py:840} INFO - DAG(s) 'example_sensor_decorator' retrieved from /Users/davispecia/Documents/GitHub/Pf_pipeline_dados/Projeto_final_fase3/venv/lib/python3.9/site-packages/airflow/example_dags/example_sensor_decorator.py
[2025-11-27T15:18:34.760-0300] {logging_mixin.py:188} INFO - [2025-11-27T15:18:34.760-0300] {dag.py:3089} INFO - Sync 1 DAGs
[2025-11-27T15:18:34.766-0300] {logging_mixin.py:188} INFO - [2025-11-27T15:18:34.766-0300] {dag.py:3947} INFO - Setting next_dagrun for example_sensor_decorator to None, run_after=None
[2025-11-27T15:18:34.774-0300] {processor.py:183} INFO - Processing /Users/davispecia/Documents/GitHub/Pf_pipeline_dados/Projeto_final_fase3/venv/lib/python3.9/site-packages/airflow/example_dags/example_sensor_decorator.py took 0.107 seconds
[2025-11-27T15:24:08.126-0300] {processor.py:161} INFO - Started process (PID=14996) to work on /Users/davispecia/Documents/GitHub/Pf_pipeline_dados/Projeto_final_fase3/venv/lib/python3.9/site-packages/airflow/example_dags/example_sensor_decorator.py
[2025-11-27T15:24:08.126-0300] {processor.py:830} INFO - Processing file /Users/davispecia/Documents/GitHub/Pf_pipeline_dados/Projeto_final_fase3/venv/lib/python3.9/site-packages/airflow/example_dags/example_sensor_decorator.py for tasks to queue
[2025-11-27T15:24:08.126-0300] {logging_mixin.py:188} INFO - [2025-11-27T15:24:08.126-0300] {dagbag.py:545} INFO - Filling up the DagBag from /Users/davispecia/Documents/GitHub/Pf_pipeline_dados/Projeto_final_fase3/venv/lib/python3.9/site-packages/airflow/example_dags/example_sensor_decorator.py
[2025-11-27T15:24:08.143-0300] {processor.py:840} INFO - DAG(s) 'example_sensor_decorator' retrieved from /Users/davispecia/Documents/GitHub/Pf_pipeline_dados/Projeto_final_fase3/venv/lib/python3.9/site-packages/airflow/example_dags/example_sensor_decorator.py
[2025-11-27T15:24:08.219-0300] {logging_mixin.py:188} INFO - [2025-11-27T15:24:08.219-0300] {dag.py:3089} INFO - Sync 1 DAGs
[2025-11-27T15:24:08.225-0300] {logging_mixin.py:188} INFO - [2025-11-27T15:24:08.225-0300] {dag.py:3947} INFO - Setting next_dagrun for example_sensor_decorator to None, run_after=None
[2025-11-27T15:24:08.233-0300] {processor.py:183} INFO - Processing /Users/davispecia/Documents/GitHub/Pf_pipeline_dados/Projeto_final_fase3/venv/lib/python3.9/site-packages/airflow/example_dags/example_sensor_decorator.py took 0.110 seconds
[2025-11-27T15:26:21.809-0300] {processor.py:161} INFO - Started process (PID=15382) to work on /Users/davispecia/Documents/GitHub/Pf_pipeline_dados/Projeto_final_fase3/venv/lib/python3.9/site-packages/airflow/example_dags/example_sensor_decorator.py
[2025-11-27T15:26:21.810-0300] {processor.py:830} INFO - Processing file /Users/davispecia/Documents/GitHub/Pf_pipeline_dados/Projeto_final_fase3/venv/lib/python3.9/site-packages/airflow/example_dags/example_sensor_decorator.py for tasks to queue
[2025-11-27T15:26:21.810-0300] {logging_mixin.py:188} INFO - [2025-11-27T15:26:21.810-0300] {dagbag.py:545} INFO - Filling up the DagBag from /Users/davispecia/Documents/GitHub/Pf_pipeline_dados/Projeto_final_fase3/venv/lib/python3.9/site-packages/airflow/example_dags/example_sensor_decorator.py
[2025-11-27T15:26:21.827-0300] {processor.py:840} INFO - DAG(s) 'example_sensor_decorator' retrieved from /Users/davispecia/Documents/GitHub/Pf_pipeline_dados/Projeto_final_fase3/venv/lib/python3.9/site-packages/airflow/example_dags/example_sensor_decorator.py
[2025-11-27T15:26:21.904-0300] {logging_mixin.py:188} INFO - [2025-11-27T15:26:21.904-0300] {dag.py:3089} INFO - Sync 1 DAGs
[2025-11-27T15:26:21.911-0300] {logging_mixin.py:188} INFO - [2025-11-27T15:26:21.911-0300] {dag.py:3947} INFO - Setting next_dagrun for example_sensor_decorator to None, run_after=None
[2025-11-27T15:26:21.919-0300] {processor.py:183} INFO - Processing /Users/davispecia/Documents/GitHub/Pf_pipeline_dados/Projeto_final_fase3/venv/lib/python3.9/site-packages/airflow/example_dags/example_sensor_decorator.py took 0.112 seconds
