[2025-11-27T11:12:02.342-0300] {processor.py:161} INFO - Started process (PID=88777) to work on /Users/davispecia/Documents/GitHub/Pf_pipeline_dados/Projeto_final_fase3/venv/lib/python3.9/site-packages/airflow/example_dags/example_xcom.py
[2025-11-27T11:12:02.343-0300] {processor.py:830} INFO - Processing file /Users/davispecia/Documents/GitHub/Pf_pipeline_dados/Projeto_final_fase3/venv/lib/python3.9/site-packages/airflow/example_dags/example_xcom.py for tasks to queue
[2025-11-27T11:12:02.343-0300] {logging_mixin.py:188} INFO - [2025-11-27T11:12:02.343-0300] {dagbag.py:545} INFO - Filling up the DagBag from /Users/davispecia/Documents/GitHub/Pf_pipeline_dados/Projeto_final_fase3/venv/lib/python3.9/site-packages/airflow/example_dags/example_xcom.py
[2025-11-27T11:12:02.361-0300] {processor.py:840} INFO - DAG(s) 'example_xcom' retrieved from /Users/davispecia/Documents/GitHub/Pf_pipeline_dados/Projeto_final_fase3/venv/lib/python3.9/site-packages/airflow/example_dags/example_xcom.py
[2025-11-27T11:12:02.479-0300] {logging_mixin.py:188} INFO - [2025-11-27T11:12:02.479-0300] {override.py:1858} INFO - Created Permission View: can read on DAG:example_xcom
[2025-11-27T11:12:02.483-0300] {logging_mixin.py:188} INFO - [2025-11-27T11:12:02.483-0300] {override.py:1858} INFO - Created Permission View: can delete on DAG:example_xcom
[2025-11-27T11:12:02.486-0300] {logging_mixin.py:188} INFO - [2025-11-27T11:12:02.485-0300] {override.py:1858} INFO - Created Permission View: can edit on DAG:example_xcom
[2025-11-27T11:12:02.486-0300] {logging_mixin.py:188} INFO - [2025-11-27T11:12:02.486-0300] {dag.py:3089} INFO - Sync 1 DAGs
[2025-11-27T11:12:02.491-0300] {logging_mixin.py:188} INFO - [2025-11-27T11:12:02.490-0300] {dag.py:3111} INFO - Creating ORM DAG for example_xcom
[2025-11-27T11:12:02.495-0300] {logging_mixin.py:188} INFO - [2025-11-27T11:12:02.495-0300] {dag.py:3947} INFO - Setting next_dagrun for example_xcom to 2021-01-01 00:00:00+00:00, run_after=2021-01-01 00:00:00+00:00
[2025-11-27T11:12:02.503-0300] {processor.py:183} INFO - Processing /Users/davispecia/Documents/GitHub/Pf_pipeline_dados/Projeto_final_fase3/venv/lib/python3.9/site-packages/airflow/example_dags/example_xcom.py took 0.163 seconds
[2025-11-27T11:13:47.065-0300] {processor.py:161} INFO - Started process (PID=89412) to work on /Users/davispecia/Documents/GitHub/Pf_pipeline_dados/Projeto_final_fase3/venv/lib/python3.9/site-packages/airflow/example_dags/example_xcom.py
[2025-11-27T11:13:47.067-0300] {processor.py:830} INFO - Processing file /Users/davispecia/Documents/GitHub/Pf_pipeline_dados/Projeto_final_fase3/venv/lib/python3.9/site-packages/airflow/example_dags/example_xcom.py for tasks to queue
[2025-11-27T11:13:47.067-0300] {logging_mixin.py:188} INFO - [2025-11-27T11:13:47.067-0300] {dagbag.py:545} INFO - Filling up the DagBag from /Users/davispecia/Documents/GitHub/Pf_pipeline_dados/Projeto_final_fase3/venv/lib/python3.9/site-packages/airflow/example_dags/example_xcom.py
[2025-11-27T11:13:47.085-0300] {processor.py:840} INFO - DAG(s) 'example_xcom' retrieved from /Users/davispecia/Documents/GitHub/Pf_pipeline_dados/Projeto_final_fase3/venv/lib/python3.9/site-packages/airflow/example_dags/example_xcom.py
[2025-11-27T11:13:47.157-0300] {logging_mixin.py:188} INFO - [2025-11-27T11:13:47.157-0300] {dag.py:3089} INFO - Sync 1 DAGs
[2025-11-27T11:13:47.165-0300] {logging_mixin.py:188} INFO - [2025-11-27T11:13:47.165-0300] {dag.py:3947} INFO - Setting next_dagrun for example_xcom to 2021-01-01 00:00:00+00:00, run_after=2021-01-01 00:00:00+00:00
[2025-11-27T11:13:47.174-0300] {processor.py:183} INFO - Processing /Users/davispecia/Documents/GitHub/Pf_pipeline_dados/Projeto_final_fase3/venv/lib/python3.9/site-packages/airflow/example_dags/example_xcom.py took 0.110 seconds
[2025-11-27T11:14:50.705-0300] {processor.py:161} INFO - Started process (PID=90081) to work on /Users/davispecia/Documents/GitHub/Pf_pipeline_dados/Projeto_final_fase3/venv/lib/python3.9/site-packages/airflow/example_dags/example_xcom.py
[2025-11-27T11:14:50.706-0300] {processor.py:830} INFO - Processing file /Users/davispecia/Documents/GitHub/Pf_pipeline_dados/Projeto_final_fase3/venv/lib/python3.9/site-packages/airflow/example_dags/example_xcom.py for tasks to queue
[2025-11-27T11:14:50.706-0300] {logging_mixin.py:188} INFO - [2025-11-27T11:14:50.706-0300] {dagbag.py:545} INFO - Filling up the DagBag from /Users/davispecia/Documents/GitHub/Pf_pipeline_dados/Projeto_final_fase3/venv/lib/python3.9/site-packages/airflow/example_dags/example_xcom.py
[2025-11-27T11:14:50.725-0300] {processor.py:840} INFO - DAG(s) 'example_xcom' retrieved from /Users/davispecia/Documents/GitHub/Pf_pipeline_dados/Projeto_final_fase3/venv/lib/python3.9/site-packages/airflow/example_dags/example_xcom.py
[2025-11-27T11:14:50.799-0300] {logging_mixin.py:188} INFO - [2025-11-27T11:14:50.799-0300] {dag.py:3089} INFO - Sync 1 DAGs
[2025-11-27T11:14:50.807-0300] {logging_mixin.py:188} INFO - [2025-11-27T11:14:50.807-0300] {dag.py:3947} INFO - Setting next_dagrun for example_xcom to 2021-01-01 00:00:00+00:00, run_after=2021-01-01 00:00:00+00:00
[2025-11-27T11:14:50.816-0300] {processor.py:183} INFO - Processing /Users/davispecia/Documents/GitHub/Pf_pipeline_dados/Projeto_final_fase3/venv/lib/python3.9/site-packages/airflow/example_dags/example_xcom.py took 0.113 seconds
[2025-11-27T11:17:13.431-0300] {processor.py:161} INFO - Started process (PID=90952) to work on /Users/davispecia/Documents/GitHub/Pf_pipeline_dados/Projeto_final_fase3/venv/lib/python3.9/site-packages/airflow/example_dags/example_xcom.py
[2025-11-27T11:17:13.433-0300] {processor.py:830} INFO - Processing file /Users/davispecia/Documents/GitHub/Pf_pipeline_dados/Projeto_final_fase3/venv/lib/python3.9/site-packages/airflow/example_dags/example_xcom.py for tasks to queue
[2025-11-27T11:17:13.433-0300] {logging_mixin.py:188} INFO - [2025-11-27T11:17:13.433-0300] {dagbag.py:545} INFO - Filling up the DagBag from /Users/davispecia/Documents/GitHub/Pf_pipeline_dados/Projeto_final_fase3/venv/lib/python3.9/site-packages/airflow/example_dags/example_xcom.py
[2025-11-27T11:17:13.451-0300] {processor.py:840} INFO - DAG(s) 'example_xcom' retrieved from /Users/davispecia/Documents/GitHub/Pf_pipeline_dados/Projeto_final_fase3/venv/lib/python3.9/site-packages/airflow/example_dags/example_xcom.py
[2025-11-27T11:17:13.522-0300] {logging_mixin.py:188} INFO - [2025-11-27T11:17:13.521-0300] {dag.py:3089} INFO - Sync 1 DAGs
[2025-11-27T11:17:13.530-0300] {logging_mixin.py:188} INFO - [2025-11-27T11:17:13.530-0300] {dag.py:3947} INFO - Setting next_dagrun for example_xcom to 2021-01-01 00:00:00+00:00, run_after=2021-01-01 00:00:00+00:00
[2025-11-27T11:17:13.538-0300] {processor.py:183} INFO - Processing /Users/davispecia/Documents/GitHub/Pf_pipeline_dados/Projeto_final_fase3/venv/lib/python3.9/site-packages/airflow/example_dags/example_xcom.py took 0.110 seconds
[2025-11-27T11:18:16.743-0300] {processor.py:161} INFO - Started process (PID=91106) to work on /Users/davispecia/Documents/GitHub/Pf_pipeline_dados/Projeto_final_fase3/venv/lib/python3.9/site-packages/airflow/example_dags/example_xcom.py
[2025-11-27T11:18:16.744-0300] {processor.py:830} INFO - Processing file /Users/davispecia/Documents/GitHub/Pf_pipeline_dados/Projeto_final_fase3/venv/lib/python3.9/site-packages/airflow/example_dags/example_xcom.py for tasks to queue
[2025-11-27T11:18:16.744-0300] {logging_mixin.py:188} INFO - [2025-11-27T11:18:16.744-0300] {dagbag.py:545} INFO - Filling up the DagBag from /Users/davispecia/Documents/GitHub/Pf_pipeline_dados/Projeto_final_fase3/venv/lib/python3.9/site-packages/airflow/example_dags/example_xcom.py
[2025-11-27T11:18:16.763-0300] {processor.py:840} INFO - DAG(s) 'example_xcom' retrieved from /Users/davispecia/Documents/GitHub/Pf_pipeline_dados/Projeto_final_fase3/venv/lib/python3.9/site-packages/airflow/example_dags/example_xcom.py
[2025-11-27T11:18:16.834-0300] {logging_mixin.py:188} INFO - [2025-11-27T11:18:16.833-0300] {dag.py:3089} INFO - Sync 1 DAGs
[2025-11-27T11:18:16.842-0300] {logging_mixin.py:188} INFO - [2025-11-27T11:18:16.842-0300] {dag.py:3947} INFO - Setting next_dagrun for example_xcom to 2021-01-01 00:00:00+00:00, run_after=2021-01-01 00:00:00+00:00
[2025-11-27T11:18:16.850-0300] {processor.py:183} INFO - Processing /Users/davispecia/Documents/GitHub/Pf_pipeline_dados/Projeto_final_fase3/venv/lib/python3.9/site-packages/airflow/example_dags/example_xcom.py took 0.110 seconds
[2025-11-27T11:19:29.888-0300] {processor.py:161} INFO - Started process (PID=91342) to work on /Users/davispecia/Documents/GitHub/Pf_pipeline_dados/Projeto_final_fase3/venv/lib/python3.9/site-packages/airflow/example_dags/example_xcom.py
[2025-11-27T11:19:29.890-0300] {processor.py:830} INFO - Processing file /Users/davispecia/Documents/GitHub/Pf_pipeline_dados/Projeto_final_fase3/venv/lib/python3.9/site-packages/airflow/example_dags/example_xcom.py for tasks to queue
[2025-11-27T11:19:29.890-0300] {logging_mixin.py:188} INFO - [2025-11-27T11:19:29.890-0300] {dagbag.py:545} INFO - Filling up the DagBag from /Users/davispecia/Documents/GitHub/Pf_pipeline_dados/Projeto_final_fase3/venv/lib/python3.9/site-packages/airflow/example_dags/example_xcom.py
[2025-11-27T11:19:29.909-0300] {processor.py:840} INFO - DAG(s) 'example_xcom' retrieved from /Users/davispecia/Documents/GitHub/Pf_pipeline_dados/Projeto_final_fase3/venv/lib/python3.9/site-packages/airflow/example_dags/example_xcom.py
[2025-11-27T11:19:29.980-0300] {logging_mixin.py:188} INFO - [2025-11-27T11:19:29.979-0300] {dag.py:3089} INFO - Sync 1 DAGs
[2025-11-27T11:19:29.988-0300] {logging_mixin.py:188} INFO - [2025-11-27T11:19:29.988-0300] {dag.py:3947} INFO - Setting next_dagrun for example_xcom to 2021-01-01 00:00:00+00:00, run_after=2021-01-01 00:00:00+00:00
[2025-11-27T11:19:29.997-0300] {processor.py:183} INFO - Processing /Users/davispecia/Documents/GitHub/Pf_pipeline_dados/Projeto_final_fase3/venv/lib/python3.9/site-packages/airflow/example_dags/example_xcom.py took 0.110 seconds
[2025-11-27T11:20:33.445-0300] {processor.py:161} INFO - Started process (PID=91495) to work on /Users/davispecia/Documents/GitHub/Pf_pipeline_dados/Projeto_final_fase3/venv/lib/python3.9/site-packages/airflow/example_dags/example_xcom.py
[2025-11-27T11:20:33.446-0300] {processor.py:830} INFO - Processing file /Users/davispecia/Documents/GitHub/Pf_pipeline_dados/Projeto_final_fase3/venv/lib/python3.9/site-packages/airflow/example_dags/example_xcom.py for tasks to queue
[2025-11-27T11:20:33.446-0300] {logging_mixin.py:188} INFO - [2025-11-27T11:20:33.446-0300] {dagbag.py:545} INFO - Filling up the DagBag from /Users/davispecia/Documents/GitHub/Pf_pipeline_dados/Projeto_final_fase3/venv/lib/python3.9/site-packages/airflow/example_dags/example_xcom.py
[2025-11-27T11:20:33.465-0300] {processor.py:840} INFO - DAG(s) 'example_xcom' retrieved from /Users/davispecia/Documents/GitHub/Pf_pipeline_dados/Projeto_final_fase3/venv/lib/python3.9/site-packages/airflow/example_dags/example_xcom.py
[2025-11-27T11:20:33.537-0300] {logging_mixin.py:188} INFO - [2025-11-27T11:20:33.536-0300] {dag.py:3089} INFO - Sync 1 DAGs
[2025-11-27T11:20:33.545-0300] {logging_mixin.py:188} INFO - [2025-11-27T11:20:33.545-0300] {dag.py:3947} INFO - Setting next_dagrun for example_xcom to 2021-01-01 00:00:00+00:00, run_after=2021-01-01 00:00:00+00:00
[2025-11-27T11:20:33.554-0300] {processor.py:183} INFO - Processing /Users/davispecia/Documents/GitHub/Pf_pipeline_dados/Projeto_final_fase3/venv/lib/python3.9/site-packages/airflow/example_dags/example_xcom.py took 0.111 seconds
[2025-11-27T11:21:36.619-0300] {processor.py:161} INFO - Started process (PID=91656) to work on /Users/davispecia/Documents/GitHub/Pf_pipeline_dados/Projeto_final_fase3/venv/lib/python3.9/site-packages/airflow/example_dags/example_xcom.py
[2025-11-27T11:21:36.620-0300] {processor.py:830} INFO - Processing file /Users/davispecia/Documents/GitHub/Pf_pipeline_dados/Projeto_final_fase3/venv/lib/python3.9/site-packages/airflow/example_dags/example_xcom.py for tasks to queue
[2025-11-27T11:21:36.620-0300] {logging_mixin.py:188} INFO - [2025-11-27T11:21:36.620-0300] {dagbag.py:545} INFO - Filling up the DagBag from /Users/davispecia/Documents/GitHub/Pf_pipeline_dados/Projeto_final_fase3/venv/lib/python3.9/site-packages/airflow/example_dags/example_xcom.py
[2025-11-27T11:21:36.639-0300] {processor.py:840} INFO - DAG(s) 'example_xcom' retrieved from /Users/davispecia/Documents/GitHub/Pf_pipeline_dados/Projeto_final_fase3/venv/lib/python3.9/site-packages/airflow/example_dags/example_xcom.py
[2025-11-27T11:21:36.713-0300] {logging_mixin.py:188} INFO - [2025-11-27T11:21:36.713-0300] {dag.py:3089} INFO - Sync 1 DAGs
[2025-11-27T11:21:36.722-0300] {logging_mixin.py:188} INFO - [2025-11-27T11:21:36.722-0300] {dag.py:3947} INFO - Setting next_dagrun for example_xcom to 2021-01-01 00:00:00+00:00, run_after=2021-01-01 00:00:00+00:00
[2025-11-27T11:21:36.731-0300] {processor.py:183} INFO - Processing /Users/davispecia/Documents/GitHub/Pf_pipeline_dados/Projeto_final_fase3/venv/lib/python3.9/site-packages/airflow/example_dags/example_xcom.py took 0.114 seconds
[2025-11-27T11:22:37.570-0300] {processor.py:161} INFO - Started process (PID=91807) to work on /Users/davispecia/Documents/GitHub/Pf_pipeline_dados/Projeto_final_fase3/venv/lib/python3.9/site-packages/airflow/example_dags/example_xcom.py
[2025-11-27T11:22:37.571-0300] {processor.py:830} INFO - Processing file /Users/davispecia/Documents/GitHub/Pf_pipeline_dados/Projeto_final_fase3/venv/lib/python3.9/site-packages/airflow/example_dags/example_xcom.py for tasks to queue
[2025-11-27T11:22:37.571-0300] {logging_mixin.py:188} INFO - [2025-11-27T11:22:37.571-0300] {dagbag.py:545} INFO - Filling up the DagBag from /Users/davispecia/Documents/GitHub/Pf_pipeline_dados/Projeto_final_fase3/venv/lib/python3.9/site-packages/airflow/example_dags/example_xcom.py
[2025-11-27T11:22:37.589-0300] {processor.py:840} INFO - DAG(s) 'example_xcom' retrieved from /Users/davispecia/Documents/GitHub/Pf_pipeline_dados/Projeto_final_fase3/venv/lib/python3.9/site-packages/airflow/example_dags/example_xcom.py
[2025-11-27T11:22:37.659-0300] {logging_mixin.py:188} INFO - [2025-11-27T11:22:37.659-0300] {dag.py:3089} INFO - Sync 1 DAGs
[2025-11-27T11:22:37.668-0300] {logging_mixin.py:188} INFO - [2025-11-27T11:22:37.667-0300] {dag.py:3947} INFO - Setting next_dagrun for example_xcom to 2021-01-01 00:00:00+00:00, run_after=2021-01-01 00:00:00+00:00
[2025-11-27T11:22:37.676-0300] {processor.py:183} INFO - Processing /Users/davispecia/Documents/GitHub/Pf_pipeline_dados/Projeto_final_fase3/venv/lib/python3.9/site-packages/airflow/example_dags/example_xcom.py took 0.108 seconds
[2025-11-27T11:23:38.447-0300] {processor.py:161} INFO - Started process (PID=91958) to work on /Users/davispecia/Documents/GitHub/Pf_pipeline_dados/Projeto_final_fase3/venv/lib/python3.9/site-packages/airflow/example_dags/example_xcom.py
[2025-11-27T11:23:38.448-0300] {processor.py:830} INFO - Processing file /Users/davispecia/Documents/GitHub/Pf_pipeline_dados/Projeto_final_fase3/venv/lib/python3.9/site-packages/airflow/example_dags/example_xcom.py for tasks to queue
[2025-11-27T11:23:38.449-0300] {logging_mixin.py:188} INFO - [2025-11-27T11:23:38.448-0300] {dagbag.py:545} INFO - Filling up the DagBag from /Users/davispecia/Documents/GitHub/Pf_pipeline_dados/Projeto_final_fase3/venv/lib/python3.9/site-packages/airflow/example_dags/example_xcom.py
[2025-11-27T11:23:38.466-0300] {processor.py:840} INFO - DAG(s) 'example_xcom' retrieved from /Users/davispecia/Documents/GitHub/Pf_pipeline_dados/Projeto_final_fase3/venv/lib/python3.9/site-packages/airflow/example_dags/example_xcom.py
[2025-11-27T11:23:38.536-0300] {logging_mixin.py:188} INFO - [2025-11-27T11:23:38.535-0300] {dag.py:3089} INFO - Sync 1 DAGs
[2025-11-27T11:23:38.544-0300] {logging_mixin.py:188} INFO - [2025-11-27T11:23:38.544-0300] {dag.py:3947} INFO - Setting next_dagrun for example_xcom to 2021-01-01 00:00:00+00:00, run_after=2021-01-01 00:00:00+00:00
[2025-11-27T11:23:38.553-0300] {processor.py:183} INFO - Processing /Users/davispecia/Documents/GitHub/Pf_pipeline_dados/Projeto_final_fase3/venv/lib/python3.9/site-packages/airflow/example_dags/example_xcom.py took 0.108 seconds
[2025-11-27T11:24:41.495-0300] {processor.py:161} INFO - Started process (PID=92114) to work on /Users/davispecia/Documents/GitHub/Pf_pipeline_dados/Projeto_final_fase3/venv/lib/python3.9/site-packages/airflow/example_dags/example_xcom.py
[2025-11-27T11:24:41.496-0300] {processor.py:830} INFO - Processing file /Users/davispecia/Documents/GitHub/Pf_pipeline_dados/Projeto_final_fase3/venv/lib/python3.9/site-packages/airflow/example_dags/example_xcom.py for tasks to queue
[2025-11-27T11:24:41.496-0300] {logging_mixin.py:188} INFO - [2025-11-27T11:24:41.496-0300] {dagbag.py:545} INFO - Filling up the DagBag from /Users/davispecia/Documents/GitHub/Pf_pipeline_dados/Projeto_final_fase3/venv/lib/python3.9/site-packages/airflow/example_dags/example_xcom.py
[2025-11-27T11:24:41.514-0300] {processor.py:840} INFO - DAG(s) 'example_xcom' retrieved from /Users/davispecia/Documents/GitHub/Pf_pipeline_dados/Projeto_final_fase3/venv/lib/python3.9/site-packages/airflow/example_dags/example_xcom.py
[2025-11-27T11:24:41.585-0300] {logging_mixin.py:188} INFO - [2025-11-27T11:24:41.585-0300] {dag.py:3089} INFO - Sync 1 DAGs
[2025-11-27T11:24:41.593-0300] {logging_mixin.py:188} INFO - [2025-11-27T11:24:41.593-0300] {dag.py:3947} INFO - Setting next_dagrun for example_xcom to 2021-01-01 00:00:00+00:00, run_after=2021-01-01 00:00:00+00:00
[2025-11-27T11:24:41.602-0300] {processor.py:183} INFO - Processing /Users/davispecia/Documents/GitHub/Pf_pipeline_dados/Projeto_final_fase3/venv/lib/python3.9/site-packages/airflow/example_dags/example_xcom.py took 0.109 seconds
[2025-11-27T11:25:51.800-0300] {processor.py:161} INFO - Started process (PID=92335) to work on /Users/davispecia/Documents/GitHub/Pf_pipeline_dados/Projeto_final_fase3/venv/lib/python3.9/site-packages/airflow/example_dags/example_xcom.py
[2025-11-27T11:25:51.802-0300] {processor.py:830} INFO - Processing file /Users/davispecia/Documents/GitHub/Pf_pipeline_dados/Projeto_final_fase3/venv/lib/python3.9/site-packages/airflow/example_dags/example_xcom.py for tasks to queue
[2025-11-27T11:25:51.802-0300] {logging_mixin.py:188} INFO - [2025-11-27T11:25:51.802-0300] {dagbag.py:545} INFO - Filling up the DagBag from /Users/davispecia/Documents/GitHub/Pf_pipeline_dados/Projeto_final_fase3/venv/lib/python3.9/site-packages/airflow/example_dags/example_xcom.py
[2025-11-27T11:25:51.820-0300] {processor.py:840} INFO - DAG(s) 'example_xcom' retrieved from /Users/davispecia/Documents/GitHub/Pf_pipeline_dados/Projeto_final_fase3/venv/lib/python3.9/site-packages/airflow/example_dags/example_xcom.py
[2025-11-27T11:25:51.888-0300] {logging_mixin.py:188} INFO - [2025-11-27T11:25:51.888-0300] {dag.py:3089} INFO - Sync 1 DAGs
[2025-11-27T11:25:51.896-0300] {logging_mixin.py:188} INFO - [2025-11-27T11:25:51.896-0300] {dag.py:3947} INFO - Setting next_dagrun for example_xcom to 2021-01-01 00:00:00+00:00, run_after=2021-01-01 00:00:00+00:00
[2025-11-27T11:25:51.904-0300] {processor.py:183} INFO - Processing /Users/davispecia/Documents/GitHub/Pf_pipeline_dados/Projeto_final_fase3/venv/lib/python3.9/site-packages/airflow/example_dags/example_xcom.py took 0.106 seconds
[2025-11-27T11:26:55.221-0300] {processor.py:161} INFO - Started process (PID=92496) to work on /Users/davispecia/Documents/GitHub/Pf_pipeline_dados/Projeto_final_fase3/venv/lib/python3.9/site-packages/airflow/example_dags/example_xcom.py
[2025-11-27T11:26:55.222-0300] {processor.py:830} INFO - Processing file /Users/davispecia/Documents/GitHub/Pf_pipeline_dados/Projeto_final_fase3/venv/lib/python3.9/site-packages/airflow/example_dags/example_xcom.py for tasks to queue
[2025-11-27T11:26:55.222-0300] {logging_mixin.py:188} INFO - [2025-11-27T11:26:55.222-0300] {dagbag.py:545} INFO - Filling up the DagBag from /Users/davispecia/Documents/GitHub/Pf_pipeline_dados/Projeto_final_fase3/venv/lib/python3.9/site-packages/airflow/example_dags/example_xcom.py
[2025-11-27T11:26:55.239-0300] {processor.py:840} INFO - DAG(s) 'example_xcom' retrieved from /Users/davispecia/Documents/GitHub/Pf_pipeline_dados/Projeto_final_fase3/venv/lib/python3.9/site-packages/airflow/example_dags/example_xcom.py
[2025-11-27T11:26:55.308-0300] {logging_mixin.py:188} INFO - [2025-11-27T11:26:55.308-0300] {dag.py:3089} INFO - Sync 1 DAGs
[2025-11-27T11:26:55.316-0300] {logging_mixin.py:188} INFO - [2025-11-27T11:26:55.316-0300] {dag.py:3947} INFO - Setting next_dagrun for example_xcom to 2021-01-01 00:00:00+00:00, run_after=2021-01-01 00:00:00+00:00
[2025-11-27T11:26:55.325-0300] {processor.py:183} INFO - Processing /Users/davispecia/Documents/GitHub/Pf_pipeline_dados/Projeto_final_fase3/venv/lib/python3.9/site-packages/airflow/example_dags/example_xcom.py took 0.106 seconds
[2025-11-27T11:27:55.505-0300] {processor.py:161} INFO - Started process (PID=92661) to work on /Users/davispecia/Documents/GitHub/Pf_pipeline_dados/Projeto_final_fase3/venv/lib/python3.9/site-packages/airflow/example_dags/example_xcom.py
[2025-11-27T11:27:55.506-0300] {processor.py:830} INFO - Processing file /Users/davispecia/Documents/GitHub/Pf_pipeline_dados/Projeto_final_fase3/venv/lib/python3.9/site-packages/airflow/example_dags/example_xcom.py for tasks to queue
[2025-11-27T11:27:55.506-0300] {logging_mixin.py:188} INFO - [2025-11-27T11:27:55.506-0300] {dagbag.py:545} INFO - Filling up the DagBag from /Users/davispecia/Documents/GitHub/Pf_pipeline_dados/Projeto_final_fase3/venv/lib/python3.9/site-packages/airflow/example_dags/example_xcom.py
[2025-11-27T11:27:55.524-0300] {processor.py:840} INFO - DAG(s) 'example_xcom' retrieved from /Users/davispecia/Documents/GitHub/Pf_pipeline_dados/Projeto_final_fase3/venv/lib/python3.9/site-packages/airflow/example_dags/example_xcom.py
[2025-11-27T11:27:55.592-0300] {logging_mixin.py:188} INFO - [2025-11-27T11:27:55.592-0300] {dag.py:3089} INFO - Sync 1 DAGs
[2025-11-27T11:27:55.600-0300] {logging_mixin.py:188} INFO - [2025-11-27T11:27:55.600-0300] {dag.py:3947} INFO - Setting next_dagrun for example_xcom to 2021-01-01 00:00:00+00:00, run_after=2021-01-01 00:00:00+00:00
[2025-11-27T11:27:55.609-0300] {processor.py:183} INFO - Processing /Users/davispecia/Documents/GitHub/Pf_pipeline_dados/Projeto_final_fase3/venv/lib/python3.9/site-packages/airflow/example_dags/example_xcom.py took 0.106 seconds
[2025-11-27T11:28:56.404-0300] {processor.py:161} INFO - Started process (PID=92805) to work on /Users/davispecia/Documents/GitHub/Pf_pipeline_dados/Projeto_final_fase3/venv/lib/python3.9/site-packages/airflow/example_dags/example_xcom.py
[2025-11-27T11:28:56.406-0300] {processor.py:830} INFO - Processing file /Users/davispecia/Documents/GitHub/Pf_pipeline_dados/Projeto_final_fase3/venv/lib/python3.9/site-packages/airflow/example_dags/example_xcom.py for tasks to queue
[2025-11-27T11:28:56.406-0300] {logging_mixin.py:188} INFO - [2025-11-27T11:28:56.406-0300] {dagbag.py:545} INFO - Filling up the DagBag from /Users/davispecia/Documents/GitHub/Pf_pipeline_dados/Projeto_final_fase3/venv/lib/python3.9/site-packages/airflow/example_dags/example_xcom.py
[2025-11-27T11:28:56.423-0300] {processor.py:840} INFO - DAG(s) 'example_xcom' retrieved from /Users/davispecia/Documents/GitHub/Pf_pipeline_dados/Projeto_final_fase3/venv/lib/python3.9/site-packages/airflow/example_dags/example_xcom.py
[2025-11-27T11:28:56.492-0300] {logging_mixin.py:188} INFO - [2025-11-27T11:28:56.491-0300] {dag.py:3089} INFO - Sync 1 DAGs
[2025-11-27T11:28:56.500-0300] {logging_mixin.py:188} INFO - [2025-11-27T11:28:56.500-0300] {dag.py:3947} INFO - Setting next_dagrun for example_xcom to 2021-01-01 00:00:00+00:00, run_after=2021-01-01 00:00:00+00:00
[2025-11-27T11:28:56.508-0300] {processor.py:183} INFO - Processing /Users/davispecia/Documents/GitHub/Pf_pipeline_dados/Projeto_final_fase3/venv/lib/python3.9/site-packages/airflow/example_dags/example_xcom.py took 0.106 seconds
[2025-11-27T11:30:00.544-0300] {processor.py:161} INFO - Started process (PID=92966) to work on /Users/davispecia/Documents/GitHub/Pf_pipeline_dados/Projeto_final_fase3/venv/lib/python3.9/site-packages/airflow/example_dags/example_xcom.py
[2025-11-27T11:30:00.545-0300] {processor.py:830} INFO - Processing file /Users/davispecia/Documents/GitHub/Pf_pipeline_dados/Projeto_final_fase3/venv/lib/python3.9/site-packages/airflow/example_dags/example_xcom.py for tasks to queue
[2025-11-27T11:30:00.545-0300] {logging_mixin.py:188} INFO - [2025-11-27T11:30:00.545-0300] {dagbag.py:545} INFO - Filling up the DagBag from /Users/davispecia/Documents/GitHub/Pf_pipeline_dados/Projeto_final_fase3/venv/lib/python3.9/site-packages/airflow/example_dags/example_xcom.py
[2025-11-27T11:30:00.563-0300] {processor.py:840} INFO - DAG(s) 'example_xcom' retrieved from /Users/davispecia/Documents/GitHub/Pf_pipeline_dados/Projeto_final_fase3/venv/lib/python3.9/site-packages/airflow/example_dags/example_xcom.py
[2025-11-27T11:30:00.633-0300] {logging_mixin.py:188} INFO - [2025-11-27T11:30:00.633-0300] {dag.py:3089} INFO - Sync 1 DAGs
[2025-11-27T11:30:00.641-0300] {logging_mixin.py:188} INFO - [2025-11-27T11:30:00.641-0300] {dag.py:3947} INFO - Setting next_dagrun for example_xcom to 2021-01-01 00:00:00+00:00, run_after=2021-01-01 00:00:00+00:00
[2025-11-27T11:30:00.649-0300] {processor.py:183} INFO - Processing /Users/davispecia/Documents/GitHub/Pf_pipeline_dados/Projeto_final_fase3/venv/lib/python3.9/site-packages/airflow/example_dags/example_xcom.py took 0.108 seconds
[2025-11-27T11:31:10.431-0300] {processor.py:161} INFO - Started process (PID=93184) to work on /Users/davispecia/Documents/GitHub/Pf_pipeline_dados/Projeto_final_fase3/venv/lib/python3.9/site-packages/airflow/example_dags/example_xcom.py
[2025-11-27T11:31:10.432-0300] {processor.py:830} INFO - Processing file /Users/davispecia/Documents/GitHub/Pf_pipeline_dados/Projeto_final_fase3/venv/lib/python3.9/site-packages/airflow/example_dags/example_xcom.py for tasks to queue
[2025-11-27T11:31:10.433-0300] {logging_mixin.py:188} INFO - [2025-11-27T11:31:10.433-0300] {dagbag.py:545} INFO - Filling up the DagBag from /Users/davispecia/Documents/GitHub/Pf_pipeline_dados/Projeto_final_fase3/venv/lib/python3.9/site-packages/airflow/example_dags/example_xcom.py
[2025-11-27T11:31:10.453-0300] {processor.py:840} INFO - DAG(s) 'example_xcom' retrieved from /Users/davispecia/Documents/GitHub/Pf_pipeline_dados/Projeto_final_fase3/venv/lib/python3.9/site-packages/airflow/example_dags/example_xcom.py
[2025-11-27T11:31:10.523-0300] {logging_mixin.py:188} INFO - [2025-11-27T11:31:10.523-0300] {dag.py:3089} INFO - Sync 1 DAGs
[2025-11-27T11:31:10.531-0300] {logging_mixin.py:188} INFO - [2025-11-27T11:31:10.531-0300] {dag.py:3947} INFO - Setting next_dagrun for example_xcom to 2021-01-01 00:00:00+00:00, run_after=2021-01-01 00:00:00+00:00
[2025-11-27T11:31:10.540-0300] {processor.py:183} INFO - Processing /Users/davispecia/Documents/GitHub/Pf_pipeline_dados/Projeto_final_fase3/venv/lib/python3.9/site-packages/airflow/example_dags/example_xcom.py took 0.111 seconds
[2025-11-27T11:32:09.207-0300] {processor.py:161} INFO - Started process (PID=93325) to work on /Users/davispecia/Documents/GitHub/Pf_pipeline_dados/Projeto_final_fase3/venv/lib/python3.9/site-packages/airflow/example_dags/example_xcom.py
[2025-11-27T11:32:09.209-0300] {processor.py:830} INFO - Processing file /Users/davispecia/Documents/GitHub/Pf_pipeline_dados/Projeto_final_fase3/venv/lib/python3.9/site-packages/airflow/example_dags/example_xcom.py for tasks to queue
[2025-11-27T11:32:09.209-0300] {logging_mixin.py:188} INFO - [2025-11-27T11:32:09.209-0300] {dagbag.py:545} INFO - Filling up the DagBag from /Users/davispecia/Documents/GitHub/Pf_pipeline_dados/Projeto_final_fase3/venv/lib/python3.9/site-packages/airflow/example_dags/example_xcom.py
[2025-11-27T11:32:09.226-0300] {processor.py:840} INFO - DAG(s) 'example_xcom' retrieved from /Users/davispecia/Documents/GitHub/Pf_pipeline_dados/Projeto_final_fase3/venv/lib/python3.9/site-packages/airflow/example_dags/example_xcom.py
[2025-11-27T11:32:09.294-0300] {logging_mixin.py:188} INFO - [2025-11-27T11:32:09.294-0300] {dag.py:3089} INFO - Sync 1 DAGs
[2025-11-27T11:32:09.303-0300] {logging_mixin.py:188} INFO - [2025-11-27T11:32:09.302-0300] {dag.py:3947} INFO - Setting next_dagrun for example_xcom to 2021-01-01 00:00:00+00:00, run_after=2021-01-01 00:00:00+00:00
[2025-11-27T11:32:09.311-0300] {processor.py:183} INFO - Processing /Users/davispecia/Documents/GitHub/Pf_pipeline_dados/Projeto_final_fase3/venv/lib/python3.9/site-packages/airflow/example_dags/example_xcom.py took 0.106 seconds
[2025-11-27T11:33:12.429-0300] {processor.py:161} INFO - Started process (PID=93477) to work on /Users/davispecia/Documents/GitHub/Pf_pipeline_dados/Projeto_final_fase3/venv/lib/python3.9/site-packages/airflow/example_dags/example_xcom.py
[2025-11-27T11:33:12.430-0300] {processor.py:830} INFO - Processing file /Users/davispecia/Documents/GitHub/Pf_pipeline_dados/Projeto_final_fase3/venv/lib/python3.9/site-packages/airflow/example_dags/example_xcom.py for tasks to queue
[2025-11-27T11:33:12.430-0300] {logging_mixin.py:188} INFO - [2025-11-27T11:33:12.430-0300] {dagbag.py:545} INFO - Filling up the DagBag from /Users/davispecia/Documents/GitHub/Pf_pipeline_dados/Projeto_final_fase3/venv/lib/python3.9/site-packages/airflow/example_dags/example_xcom.py
[2025-11-27T11:33:12.447-0300] {processor.py:840} INFO - DAG(s) 'example_xcom' retrieved from /Users/davispecia/Documents/GitHub/Pf_pipeline_dados/Projeto_final_fase3/venv/lib/python3.9/site-packages/airflow/example_dags/example_xcom.py
[2025-11-27T11:33:12.516-0300] {logging_mixin.py:188} INFO - [2025-11-27T11:33:12.516-0300] {dag.py:3089} INFO - Sync 1 DAGs
[2025-11-27T11:33:12.524-0300] {logging_mixin.py:188} INFO - [2025-11-27T11:33:12.524-0300] {dag.py:3947} INFO - Setting next_dagrun for example_xcom to 2021-01-01 00:00:00+00:00, run_after=2021-01-01 00:00:00+00:00
[2025-11-27T11:33:12.533-0300] {processor.py:183} INFO - Processing /Users/davispecia/Documents/GitHub/Pf_pipeline_dados/Projeto_final_fase3/venv/lib/python3.9/site-packages/airflow/example_dags/example_xcom.py took 0.106 seconds
[2025-11-27T11:34:16.687-0300] {processor.py:161} INFO - Started process (PID=93629) to work on /Users/davispecia/Documents/GitHub/Pf_pipeline_dados/Projeto_final_fase3/venv/lib/python3.9/site-packages/airflow/example_dags/example_xcom.py
[2025-11-27T11:34:16.688-0300] {processor.py:830} INFO - Processing file /Users/davispecia/Documents/GitHub/Pf_pipeline_dados/Projeto_final_fase3/venv/lib/python3.9/site-packages/airflow/example_dags/example_xcom.py for tasks to queue
[2025-11-27T11:34:16.689-0300] {logging_mixin.py:188} INFO - [2025-11-27T11:34:16.689-0300] {dagbag.py:545} INFO - Filling up the DagBag from /Users/davispecia/Documents/GitHub/Pf_pipeline_dados/Projeto_final_fase3/venv/lib/python3.9/site-packages/airflow/example_dags/example_xcom.py
[2025-11-27T11:34:16.706-0300] {processor.py:840} INFO - DAG(s) 'example_xcom' retrieved from /Users/davispecia/Documents/GitHub/Pf_pipeline_dados/Projeto_final_fase3/venv/lib/python3.9/site-packages/airflow/example_dags/example_xcom.py
[2025-11-27T11:34:16.775-0300] {logging_mixin.py:188} INFO - [2025-11-27T11:34:16.775-0300] {dag.py:3089} INFO - Sync 1 DAGs
[2025-11-27T11:34:16.783-0300] {logging_mixin.py:188} INFO - [2025-11-27T11:34:16.783-0300] {dag.py:3947} INFO - Setting next_dagrun for example_xcom to 2021-01-01 00:00:00+00:00, run_after=2021-01-01 00:00:00+00:00
[2025-11-27T11:34:16.792-0300] {processor.py:183} INFO - Processing /Users/davispecia/Documents/GitHub/Pf_pipeline_dados/Projeto_final_fase3/venv/lib/python3.9/site-packages/airflow/example_dags/example_xcom.py took 0.107 seconds
[2025-11-27T11:35:18.788-0300] {processor.py:161} INFO - Started process (PID=93787) to work on /Users/davispecia/Documents/GitHub/Pf_pipeline_dados/Projeto_final_fase3/venv/lib/python3.9/site-packages/airflow/example_dags/example_xcom.py
[2025-11-27T11:35:18.789-0300] {processor.py:830} INFO - Processing file /Users/davispecia/Documents/GitHub/Pf_pipeline_dados/Projeto_final_fase3/venv/lib/python3.9/site-packages/airflow/example_dags/example_xcom.py for tasks to queue
[2025-11-27T11:35:18.789-0300] {logging_mixin.py:188} INFO - [2025-11-27T11:35:18.789-0300] {dagbag.py:545} INFO - Filling up the DagBag from /Users/davispecia/Documents/GitHub/Pf_pipeline_dados/Projeto_final_fase3/venv/lib/python3.9/site-packages/airflow/example_dags/example_xcom.py
[2025-11-27T11:35:18.806-0300] {processor.py:840} INFO - DAG(s) 'example_xcom' retrieved from /Users/davispecia/Documents/GitHub/Pf_pipeline_dados/Projeto_final_fase3/venv/lib/python3.9/site-packages/airflow/example_dags/example_xcom.py
[2025-11-27T11:35:18.876-0300] {logging_mixin.py:188} INFO - [2025-11-27T11:35:18.876-0300] {dag.py:3089} INFO - Sync 1 DAGs
[2025-11-27T11:35:18.886-0300] {logging_mixin.py:188} INFO - [2025-11-27T11:35:18.886-0300] {dag.py:3947} INFO - Setting next_dagrun for example_xcom to 2021-01-01 00:00:00+00:00, run_after=2021-01-01 00:00:00+00:00
[2025-11-27T11:35:18.894-0300] {processor.py:183} INFO - Processing /Users/davispecia/Documents/GitHub/Pf_pipeline_dados/Projeto_final_fase3/venv/lib/python3.9/site-packages/airflow/example_dags/example_xcom.py took 0.108 seconds
[2025-11-27T11:36:31.298-0300] {processor.py:161} INFO - Started process (PID=94007) to work on /Users/davispecia/Documents/GitHub/Pf_pipeline_dados/Projeto_final_fase3/venv/lib/python3.9/site-packages/airflow/example_dags/example_xcom.py
[2025-11-27T11:36:31.299-0300] {processor.py:830} INFO - Processing file /Users/davispecia/Documents/GitHub/Pf_pipeline_dados/Projeto_final_fase3/venv/lib/python3.9/site-packages/airflow/example_dags/example_xcom.py for tasks to queue
[2025-11-27T11:36:31.299-0300] {logging_mixin.py:188} INFO - [2025-11-27T11:36:31.299-0300] {dagbag.py:545} INFO - Filling up the DagBag from /Users/davispecia/Documents/GitHub/Pf_pipeline_dados/Projeto_final_fase3/venv/lib/python3.9/site-packages/airflow/example_dags/example_xcom.py
[2025-11-27T11:36:31.317-0300] {processor.py:840} INFO - DAG(s) 'example_xcom' retrieved from /Users/davispecia/Documents/GitHub/Pf_pipeline_dados/Projeto_final_fase3/venv/lib/python3.9/site-packages/airflow/example_dags/example_xcom.py
[2025-11-27T11:36:31.385-0300] {logging_mixin.py:188} INFO - [2025-11-27T11:36:31.385-0300] {dag.py:3089} INFO - Sync 1 DAGs
[2025-11-27T11:36:31.393-0300] {logging_mixin.py:188} INFO - [2025-11-27T11:36:31.393-0300] {dag.py:3947} INFO - Setting next_dagrun for example_xcom to 2021-01-01 00:00:00+00:00, run_after=2021-01-01 00:00:00+00:00
[2025-11-27T11:36:31.402-0300] {processor.py:183} INFO - Processing /Users/davispecia/Documents/GitHub/Pf_pipeline_dados/Projeto_final_fase3/venv/lib/python3.9/site-packages/airflow/example_dags/example_xcom.py took 0.106 seconds
[2025-11-27T11:37:34.731-0300] {processor.py:161} INFO - Started process (PID=94158) to work on /Users/davispecia/Documents/GitHub/Pf_pipeline_dados/Projeto_final_fase3/venv/lib/python3.9/site-packages/airflow/example_dags/example_xcom.py
[2025-11-27T11:37:34.732-0300] {processor.py:830} INFO - Processing file /Users/davispecia/Documents/GitHub/Pf_pipeline_dados/Projeto_final_fase3/venv/lib/python3.9/site-packages/airflow/example_dags/example_xcom.py for tasks to queue
[2025-11-27T11:37:34.732-0300] {logging_mixin.py:188} INFO - [2025-11-27T11:37:34.732-0300] {dagbag.py:545} INFO - Filling up the DagBag from /Users/davispecia/Documents/GitHub/Pf_pipeline_dados/Projeto_final_fase3/venv/lib/python3.9/site-packages/airflow/example_dags/example_xcom.py
[2025-11-27T11:37:34.749-0300] {processor.py:840} INFO - DAG(s) 'example_xcom' retrieved from /Users/davispecia/Documents/GitHub/Pf_pipeline_dados/Projeto_final_fase3/venv/lib/python3.9/site-packages/airflow/example_dags/example_xcom.py
[2025-11-27T11:37:34.818-0300] {logging_mixin.py:188} INFO - [2025-11-27T11:37:34.818-0300] {dag.py:3089} INFO - Sync 1 DAGs
[2025-11-27T11:37:34.826-0300] {logging_mixin.py:188} INFO - [2025-11-27T11:37:34.826-0300] {dag.py:3947} INFO - Setting next_dagrun for example_xcom to 2021-01-01 00:00:00+00:00, run_after=2021-01-01 00:00:00+00:00
[2025-11-27T11:37:34.834-0300] {processor.py:183} INFO - Processing /Users/davispecia/Documents/GitHub/Pf_pipeline_dados/Projeto_final_fase3/venv/lib/python3.9/site-packages/airflow/example_dags/example_xcom.py took 0.106 seconds
[2025-11-27T11:38:37.904-0300] {processor.py:161} INFO - Started process (PID=94306) to work on /Users/davispecia/Documents/GitHub/Pf_pipeline_dados/Projeto_final_fase3/venv/lib/python3.9/site-packages/airflow/example_dags/example_xcom.py
[2025-11-27T11:38:37.905-0300] {processor.py:830} INFO - Processing file /Users/davispecia/Documents/GitHub/Pf_pipeline_dados/Projeto_final_fase3/venv/lib/python3.9/site-packages/airflow/example_dags/example_xcom.py for tasks to queue
[2025-11-27T11:38:37.906-0300] {logging_mixin.py:188} INFO - [2025-11-27T11:38:37.906-0300] {dagbag.py:545} INFO - Filling up the DagBag from /Users/davispecia/Documents/GitHub/Pf_pipeline_dados/Projeto_final_fase3/venv/lib/python3.9/site-packages/airflow/example_dags/example_xcom.py
[2025-11-27T11:38:37.923-0300] {processor.py:840} INFO - DAG(s) 'example_xcom' retrieved from /Users/davispecia/Documents/GitHub/Pf_pipeline_dados/Projeto_final_fase3/venv/lib/python3.9/site-packages/airflow/example_dags/example_xcom.py
[2025-11-27T11:38:37.993-0300] {logging_mixin.py:188} INFO - [2025-11-27T11:38:37.992-0300] {dag.py:3089} INFO - Sync 1 DAGs
[2025-11-27T11:38:38.001-0300] {logging_mixin.py:188} INFO - [2025-11-27T11:38:38.001-0300] {dag.py:3947} INFO - Setting next_dagrun for example_xcom to 2021-01-01 00:00:00+00:00, run_after=2021-01-01 00:00:00+00:00
[2025-11-27T11:38:38.009-0300] {processor.py:183} INFO - Processing /Users/davispecia/Documents/GitHub/Pf_pipeline_dados/Projeto_final_fase3/venv/lib/python3.9/site-packages/airflow/example_dags/example_xcom.py took 0.107 seconds
[2025-11-27T11:39:40.861-0300] {processor.py:161} INFO - Started process (PID=94453) to work on /Users/davispecia/Documents/GitHub/Pf_pipeline_dados/Projeto_final_fase3/venv/lib/python3.9/site-packages/airflow/example_dags/example_xcom.py
[2025-11-27T11:39:40.862-0300] {processor.py:830} INFO - Processing file /Users/davispecia/Documents/GitHub/Pf_pipeline_dados/Projeto_final_fase3/venv/lib/python3.9/site-packages/airflow/example_dags/example_xcom.py for tasks to queue
[2025-11-27T11:39:40.862-0300] {logging_mixin.py:188} INFO - [2025-11-27T11:39:40.862-0300] {dagbag.py:545} INFO - Filling up the DagBag from /Users/davispecia/Documents/GitHub/Pf_pipeline_dados/Projeto_final_fase3/venv/lib/python3.9/site-packages/airflow/example_dags/example_xcom.py
[2025-11-27T11:39:40.880-0300] {processor.py:840} INFO - DAG(s) 'example_xcom' retrieved from /Users/davispecia/Documents/GitHub/Pf_pipeline_dados/Projeto_final_fase3/venv/lib/python3.9/site-packages/airflow/example_dags/example_xcom.py
[2025-11-27T11:39:40.948-0300] {logging_mixin.py:188} INFO - [2025-11-27T11:39:40.948-0300] {dag.py:3089} INFO - Sync 1 DAGs
[2025-11-27T11:39:40.956-0300] {logging_mixin.py:188} INFO - [2025-11-27T11:39:40.956-0300] {dag.py:3947} INFO - Setting next_dagrun for example_xcom to 2021-01-01 00:00:00+00:00, run_after=2021-01-01 00:00:00+00:00
[2025-11-27T11:39:40.965-0300] {processor.py:183} INFO - Processing /Users/davispecia/Documents/GitHub/Pf_pipeline_dados/Projeto_final_fase3/venv/lib/python3.9/site-packages/airflow/example_dags/example_xcom.py took 0.106 seconds
[2025-11-27T11:40:44.488-0300] {processor.py:161} INFO - Started process (PID=94603) to work on /Users/davispecia/Documents/GitHub/Pf_pipeline_dados/Projeto_final_fase3/venv/lib/python3.9/site-packages/airflow/example_dags/example_xcom.py
[2025-11-27T11:40:44.489-0300] {processor.py:830} INFO - Processing file /Users/davispecia/Documents/GitHub/Pf_pipeline_dados/Projeto_final_fase3/venv/lib/python3.9/site-packages/airflow/example_dags/example_xcom.py for tasks to queue
[2025-11-27T11:40:44.490-0300] {logging_mixin.py:188} INFO - [2025-11-27T11:40:44.490-0300] {dagbag.py:545} INFO - Filling up the DagBag from /Users/davispecia/Documents/GitHub/Pf_pipeline_dados/Projeto_final_fase3/venv/lib/python3.9/site-packages/airflow/example_dags/example_xcom.py
[2025-11-27T11:40:44.508-0300] {processor.py:840} INFO - DAG(s) 'example_xcom' retrieved from /Users/davispecia/Documents/GitHub/Pf_pipeline_dados/Projeto_final_fase3/venv/lib/python3.9/site-packages/airflow/example_dags/example_xcom.py
[2025-11-27T11:40:44.580-0300] {logging_mixin.py:188} INFO - [2025-11-27T11:40:44.580-0300] {dag.py:3089} INFO - Sync 1 DAGs
[2025-11-27T11:40:44.588-0300] {logging_mixin.py:188} INFO - [2025-11-27T11:40:44.588-0300] {dag.py:3947} INFO - Setting next_dagrun for example_xcom to 2021-01-01 00:00:00+00:00, run_after=2021-01-01 00:00:00+00:00
[2025-11-27T11:40:44.597-0300] {processor.py:183} INFO - Processing /Users/davispecia/Documents/GitHub/Pf_pipeline_dados/Projeto_final_fase3/venv/lib/python3.9/site-packages/airflow/example_dags/example_xcom.py took 0.111 seconds
[2025-11-27T11:41:54.492-0300] {processor.py:161} INFO - Started process (PID=94840) to work on /Users/davispecia/Documents/GitHub/Pf_pipeline_dados/Projeto_final_fase3/venv/lib/python3.9/site-packages/airflow/example_dags/example_xcom.py
[2025-11-27T11:41:54.492-0300] {processor.py:830} INFO - Processing file /Users/davispecia/Documents/GitHub/Pf_pipeline_dados/Projeto_final_fase3/venv/lib/python3.9/site-packages/airflow/example_dags/example_xcom.py for tasks to queue
[2025-11-27T11:41:54.493-0300] {logging_mixin.py:188} INFO - [2025-11-27T11:41:54.493-0300] {dagbag.py:545} INFO - Filling up the DagBag from /Users/davispecia/Documents/GitHub/Pf_pipeline_dados/Projeto_final_fase3/venv/lib/python3.9/site-packages/airflow/example_dags/example_xcom.py
[2025-11-27T11:41:54.510-0300] {processor.py:840} INFO - DAG(s) 'example_xcom' retrieved from /Users/davispecia/Documents/GitHub/Pf_pipeline_dados/Projeto_final_fase3/venv/lib/python3.9/site-packages/airflow/example_dags/example_xcom.py
[2025-11-27T11:41:54.579-0300] {logging_mixin.py:188} INFO - [2025-11-27T11:41:54.579-0300] {dag.py:3089} INFO - Sync 1 DAGs
[2025-11-27T11:41:54.587-0300] {logging_mixin.py:188} INFO - [2025-11-27T11:41:54.587-0300] {dag.py:3947} INFO - Setting next_dagrun for example_xcom to 2021-01-01 00:00:00+00:00, run_after=2021-01-01 00:00:00+00:00
[2025-11-27T11:41:54.596-0300] {processor.py:183} INFO - Processing /Users/davispecia/Documents/GitHub/Pf_pipeline_dados/Projeto_final_fase3/venv/lib/python3.9/site-packages/airflow/example_dags/example_xcom.py took 0.106 seconds
[2025-11-27T11:42:59.770-0300] {processor.py:161} INFO - Started process (PID=94993) to work on /Users/davispecia/Documents/GitHub/Pf_pipeline_dados/Projeto_final_fase3/venv/lib/python3.9/site-packages/airflow/example_dags/example_xcom.py
[2025-11-27T11:42:59.771-0300] {processor.py:830} INFO - Processing file /Users/davispecia/Documents/GitHub/Pf_pipeline_dados/Projeto_final_fase3/venv/lib/python3.9/site-packages/airflow/example_dags/example_xcom.py for tasks to queue
[2025-11-27T11:42:59.771-0300] {logging_mixin.py:188} INFO - [2025-11-27T11:42:59.771-0300] {dagbag.py:545} INFO - Filling up the DagBag from /Users/davispecia/Documents/GitHub/Pf_pipeline_dados/Projeto_final_fase3/venv/lib/python3.9/site-packages/airflow/example_dags/example_xcom.py
[2025-11-27T11:42:59.789-0300] {processor.py:840} INFO - DAG(s) 'example_xcom' retrieved from /Users/davispecia/Documents/GitHub/Pf_pipeline_dados/Projeto_final_fase3/venv/lib/python3.9/site-packages/airflow/example_dags/example_xcom.py
[2025-11-27T11:42:59.858-0300] {logging_mixin.py:188} INFO - [2025-11-27T11:42:59.857-0300] {dag.py:3089} INFO - Sync 1 DAGs
[2025-11-27T11:42:59.866-0300] {logging_mixin.py:188} INFO - [2025-11-27T11:42:59.865-0300] {dag.py:3947} INFO - Setting next_dagrun for example_xcom to 2021-01-01 00:00:00+00:00, run_after=2021-01-01 00:00:00+00:00
[2025-11-27T11:42:59.874-0300] {processor.py:183} INFO - Processing /Users/davispecia/Documents/GitHub/Pf_pipeline_dados/Projeto_final_fase3/venv/lib/python3.9/site-packages/airflow/example_dags/example_xcom.py took 0.106 seconds
[2025-11-27T11:44:03.833-0300] {processor.py:161} INFO - Started process (PID=95145) to work on /Users/davispecia/Documents/GitHub/Pf_pipeline_dados/Projeto_final_fase3/venv/lib/python3.9/site-packages/airflow/example_dags/example_xcom.py
[2025-11-27T11:44:03.833-0300] {processor.py:830} INFO - Processing file /Users/davispecia/Documents/GitHub/Pf_pipeline_dados/Projeto_final_fase3/venv/lib/python3.9/site-packages/airflow/example_dags/example_xcom.py for tasks to queue
[2025-11-27T11:44:03.834-0300] {logging_mixin.py:188} INFO - [2025-11-27T11:44:03.834-0300] {dagbag.py:545} INFO - Filling up the DagBag from /Users/davispecia/Documents/GitHub/Pf_pipeline_dados/Projeto_final_fase3/venv/lib/python3.9/site-packages/airflow/example_dags/example_xcom.py
[2025-11-27T11:44:03.851-0300] {processor.py:840} INFO - DAG(s) 'example_xcom' retrieved from /Users/davispecia/Documents/GitHub/Pf_pipeline_dados/Projeto_final_fase3/venv/lib/python3.9/site-packages/airflow/example_dags/example_xcom.py
[2025-11-27T11:44:03.921-0300] {logging_mixin.py:188} INFO - [2025-11-27T11:44:03.921-0300] {dag.py:3089} INFO - Sync 1 DAGs
[2025-11-27T11:44:03.929-0300] {logging_mixin.py:188} INFO - [2025-11-27T11:44:03.929-0300] {dag.py:3947} INFO - Setting next_dagrun for example_xcom to 2021-01-01 00:00:00+00:00, run_after=2021-01-01 00:00:00+00:00
[2025-11-27T11:44:03.938-0300] {processor.py:183} INFO - Processing /Users/davispecia/Documents/GitHub/Pf_pipeline_dados/Projeto_final_fase3/venv/lib/python3.9/site-packages/airflow/example_dags/example_xcom.py took 0.107 seconds
[2025-11-27T11:45:07.148-0300] {processor.py:161} INFO - Started process (PID=95296) to work on /Users/davispecia/Documents/GitHub/Pf_pipeline_dados/Projeto_final_fase3/venv/lib/python3.9/site-packages/airflow/example_dags/example_xcom.py
[2025-11-27T11:45:07.149-0300] {processor.py:830} INFO - Processing file /Users/davispecia/Documents/GitHub/Pf_pipeline_dados/Projeto_final_fase3/venv/lib/python3.9/site-packages/airflow/example_dags/example_xcom.py for tasks to queue
[2025-11-27T11:45:07.150-0300] {logging_mixin.py:188} INFO - [2025-11-27T11:45:07.149-0300] {dagbag.py:545} INFO - Filling up the DagBag from /Users/davispecia/Documents/GitHub/Pf_pipeline_dados/Projeto_final_fase3/venv/lib/python3.9/site-packages/airflow/example_dags/example_xcom.py
[2025-11-27T11:45:07.167-0300] {processor.py:840} INFO - DAG(s) 'example_xcom' retrieved from /Users/davispecia/Documents/GitHub/Pf_pipeline_dados/Projeto_final_fase3/venv/lib/python3.9/site-packages/airflow/example_dags/example_xcom.py
[2025-11-27T11:45:07.237-0300] {logging_mixin.py:188} INFO - [2025-11-27T11:45:07.237-0300] {dag.py:3089} INFO - Sync 1 DAGs
[2025-11-27T11:45:07.245-0300] {logging_mixin.py:188} INFO - [2025-11-27T11:45:07.245-0300] {dag.py:3947} INFO - Setting next_dagrun for example_xcom to 2021-01-01 00:00:00+00:00, run_after=2021-01-01 00:00:00+00:00
[2025-11-27T11:45:07.254-0300] {processor.py:183} INFO - Processing /Users/davispecia/Documents/GitHub/Pf_pipeline_dados/Projeto_final_fase3/venv/lib/python3.9/site-packages/airflow/example_dags/example_xcom.py took 0.108 seconds
[2025-11-27T11:46:08.645-0300] {processor.py:161} INFO - Started process (PID=95442) to work on /Users/davispecia/Documents/GitHub/Pf_pipeline_dados/Projeto_final_fase3/venv/lib/python3.9/site-packages/airflow/example_dags/example_xcom.py
[2025-11-27T11:46:08.646-0300] {processor.py:830} INFO - Processing file /Users/davispecia/Documents/GitHub/Pf_pipeline_dados/Projeto_final_fase3/venv/lib/python3.9/site-packages/airflow/example_dags/example_xcom.py for tasks to queue
[2025-11-27T11:46:08.646-0300] {logging_mixin.py:188} INFO - [2025-11-27T11:46:08.646-0300] {dagbag.py:545} INFO - Filling up the DagBag from /Users/davispecia/Documents/GitHub/Pf_pipeline_dados/Projeto_final_fase3/venv/lib/python3.9/site-packages/airflow/example_dags/example_xcom.py
[2025-11-27T11:46:08.663-0300] {processor.py:840} INFO - DAG(s) 'example_xcom' retrieved from /Users/davispecia/Documents/GitHub/Pf_pipeline_dados/Projeto_final_fase3/venv/lib/python3.9/site-packages/airflow/example_dags/example_xcom.py
[2025-11-27T11:46:08.734-0300] {logging_mixin.py:188} INFO - [2025-11-27T11:46:08.733-0300] {dag.py:3089} INFO - Sync 1 DAGs
[2025-11-27T11:46:08.742-0300] {logging_mixin.py:188} INFO - [2025-11-27T11:46:08.741-0300] {dag.py:3947} INFO - Setting next_dagrun for example_xcom to 2021-01-01 00:00:00+00:00, run_after=2021-01-01 00:00:00+00:00
[2025-11-27T11:46:08.750-0300] {processor.py:183} INFO - Processing /Users/davispecia/Documents/GitHub/Pf_pipeline_dados/Projeto_final_fase3/venv/lib/python3.9/site-packages/airflow/example_dags/example_xcom.py took 0.107 seconds
[2025-11-27T11:47:18.208-0300] {processor.py:161} INFO - Started process (PID=95712) to work on /Users/davispecia/Documents/GitHub/Pf_pipeline_dados/Projeto_final_fase3/venv/lib/python3.9/site-packages/airflow/example_dags/example_xcom.py
[2025-11-27T11:47:18.209-0300] {processor.py:830} INFO - Processing file /Users/davispecia/Documents/GitHub/Pf_pipeline_dados/Projeto_final_fase3/venv/lib/python3.9/site-packages/airflow/example_dags/example_xcom.py for tasks to queue
[2025-11-27T11:47:18.210-0300] {logging_mixin.py:188} INFO - [2025-11-27T11:47:18.209-0300] {dagbag.py:545} INFO - Filling up the DagBag from /Users/davispecia/Documents/GitHub/Pf_pipeline_dados/Projeto_final_fase3/venv/lib/python3.9/site-packages/airflow/example_dags/example_xcom.py
[2025-11-27T11:47:18.227-0300] {processor.py:840} INFO - DAG(s) 'example_xcom' retrieved from /Users/davispecia/Documents/GitHub/Pf_pipeline_dados/Projeto_final_fase3/venv/lib/python3.9/site-packages/airflow/example_dags/example_xcom.py
[2025-11-27T11:47:18.295-0300] {logging_mixin.py:188} INFO - [2025-11-27T11:47:18.295-0300] {dag.py:3089} INFO - Sync 1 DAGs
[2025-11-27T11:47:18.303-0300] {logging_mixin.py:188} INFO - [2025-11-27T11:47:18.303-0300] {dag.py:3947} INFO - Setting next_dagrun for example_xcom to 2021-01-01 00:00:00+00:00, run_after=2021-01-01 00:00:00+00:00
[2025-11-27T11:47:18.312-0300] {processor.py:183} INFO - Processing /Users/davispecia/Documents/GitHub/Pf_pipeline_dados/Projeto_final_fase3/venv/lib/python3.9/site-packages/airflow/example_dags/example_xcom.py took 0.106 seconds
[2025-11-27T11:48:22.873-0300] {processor.py:161} INFO - Started process (PID=95859) to work on /Users/davispecia/Documents/GitHub/Pf_pipeline_dados/Projeto_final_fase3/venv/lib/python3.9/site-packages/airflow/example_dags/example_xcom.py
[2025-11-27T11:48:22.873-0300] {processor.py:830} INFO - Processing file /Users/davispecia/Documents/GitHub/Pf_pipeline_dados/Projeto_final_fase3/venv/lib/python3.9/site-packages/airflow/example_dags/example_xcom.py for tasks to queue
[2025-11-27T11:48:22.874-0300] {logging_mixin.py:188} INFO - [2025-11-27T11:48:22.874-0300] {dagbag.py:545} INFO - Filling up the DagBag from /Users/davispecia/Documents/GitHub/Pf_pipeline_dados/Projeto_final_fase3/venv/lib/python3.9/site-packages/airflow/example_dags/example_xcom.py
[2025-11-27T11:48:22.891-0300] {processor.py:840} INFO - DAG(s) 'example_xcom' retrieved from /Users/davispecia/Documents/GitHub/Pf_pipeline_dados/Projeto_final_fase3/venv/lib/python3.9/site-packages/airflow/example_dags/example_xcom.py
[2025-11-27T11:48:22.959-0300] {logging_mixin.py:188} INFO - [2025-11-27T11:48:22.959-0300] {dag.py:3089} INFO - Sync 1 DAGs
[2025-11-27T11:48:22.967-0300] {logging_mixin.py:188} INFO - [2025-11-27T11:48:22.967-0300] {dag.py:3947} INFO - Setting next_dagrun for example_xcom to 2021-01-01 00:00:00+00:00, run_after=2021-01-01 00:00:00+00:00
[2025-11-27T11:48:22.978-0300] {processor.py:183} INFO - Processing /Users/davispecia/Documents/GitHub/Pf_pipeline_dados/Projeto_final_fase3/venv/lib/python3.9/site-packages/airflow/example_dags/example_xcom.py took 0.107 seconds
[2025-11-27T11:49:26.824-0300] {processor.py:161} INFO - Started process (PID=96021) to work on /Users/davispecia/Documents/GitHub/Pf_pipeline_dados/Projeto_final_fase3/venv/lib/python3.9/site-packages/airflow/example_dags/example_xcom.py
[2025-11-27T11:49:26.824-0300] {processor.py:830} INFO - Processing file /Users/davispecia/Documents/GitHub/Pf_pipeline_dados/Projeto_final_fase3/venv/lib/python3.9/site-packages/airflow/example_dags/example_xcom.py for tasks to queue
[2025-11-27T11:49:26.825-0300] {logging_mixin.py:188} INFO - [2025-11-27T11:49:26.825-0300] {dagbag.py:545} INFO - Filling up the DagBag from /Users/davispecia/Documents/GitHub/Pf_pipeline_dados/Projeto_final_fase3/venv/lib/python3.9/site-packages/airflow/example_dags/example_xcom.py
[2025-11-27T11:49:26.842-0300] {processor.py:840} INFO - DAG(s) 'example_xcom' retrieved from /Users/davispecia/Documents/GitHub/Pf_pipeline_dados/Projeto_final_fase3/venv/lib/python3.9/site-packages/airflow/example_dags/example_xcom.py
[2025-11-27T11:49:26.923-0300] {logging_mixin.py:188} INFO - [2025-11-27T11:49:26.923-0300] {dag.py:3089} INFO - Sync 1 DAGs
[2025-11-27T11:49:26.931-0300] {logging_mixin.py:188} INFO - [2025-11-27T11:49:26.931-0300] {dag.py:3947} INFO - Setting next_dagrun for example_xcom to 2021-01-01 00:00:00+00:00, run_after=2021-01-01 00:00:00+00:00
[2025-11-27T11:49:26.939-0300] {processor.py:183} INFO - Processing /Users/davispecia/Documents/GitHub/Pf_pipeline_dados/Projeto_final_fase3/venv/lib/python3.9/site-packages/airflow/example_dags/example_xcom.py took 0.118 seconds
[2025-11-27T11:50:30.795-0300] {processor.py:161} INFO - Started process (PID=96181) to work on /Users/davispecia/Documents/GitHub/Pf_pipeline_dados/Projeto_final_fase3/venv/lib/python3.9/site-packages/airflow/example_dags/example_xcom.py
[2025-11-27T11:50:30.796-0300] {processor.py:830} INFO - Processing file /Users/davispecia/Documents/GitHub/Pf_pipeline_dados/Projeto_final_fase3/venv/lib/python3.9/site-packages/airflow/example_dags/example_xcom.py for tasks to queue
[2025-11-27T11:50:30.796-0300] {logging_mixin.py:188} INFO - [2025-11-27T11:50:30.796-0300] {dagbag.py:545} INFO - Filling up the DagBag from /Users/davispecia/Documents/GitHub/Pf_pipeline_dados/Projeto_final_fase3/venv/lib/python3.9/site-packages/airflow/example_dags/example_xcom.py
[2025-11-27T11:50:30.813-0300] {processor.py:840} INFO - DAG(s) 'example_xcom' retrieved from /Users/davispecia/Documents/GitHub/Pf_pipeline_dados/Projeto_final_fase3/venv/lib/python3.9/site-packages/airflow/example_dags/example_xcom.py
[2025-11-27T11:50:30.885-0300] {logging_mixin.py:188} INFO - [2025-11-27T11:50:30.885-0300] {dag.py:3089} INFO - Sync 1 DAGs
[2025-11-27T11:50:30.893-0300] {logging_mixin.py:188} INFO - [2025-11-27T11:50:30.893-0300] {dag.py:3947} INFO - Setting next_dagrun for example_xcom to 2021-01-01 00:00:00+00:00, run_after=2021-01-01 00:00:00+00:00
[2025-11-27T11:50:30.902-0300] {processor.py:183} INFO - Processing /Users/davispecia/Documents/GitHub/Pf_pipeline_dados/Projeto_final_fase3/venv/lib/python3.9/site-packages/airflow/example_dags/example_xcom.py took 0.108 seconds
[2025-11-27T11:51:36.284-0300] {processor.py:161} INFO - Started process (PID=96339) to work on /Users/davispecia/Documents/GitHub/Pf_pipeline_dados/Projeto_final_fase3/venv/lib/python3.9/site-packages/airflow/example_dags/example_xcom.py
[2025-11-27T11:51:36.286-0300] {processor.py:830} INFO - Processing file /Users/davispecia/Documents/GitHub/Pf_pipeline_dados/Projeto_final_fase3/venv/lib/python3.9/site-packages/airflow/example_dags/example_xcom.py for tasks to queue
[2025-11-27T11:51:36.286-0300] {logging_mixin.py:188} INFO - [2025-11-27T11:51:36.286-0300] {dagbag.py:545} INFO - Filling up the DagBag from /Users/davispecia/Documents/GitHub/Pf_pipeline_dados/Projeto_final_fase3/venv/lib/python3.9/site-packages/airflow/example_dags/example_xcom.py
[2025-11-27T11:51:36.303-0300] {processor.py:840} INFO - DAG(s) 'example_xcom' retrieved from /Users/davispecia/Documents/GitHub/Pf_pipeline_dados/Projeto_final_fase3/venv/lib/python3.9/site-packages/airflow/example_dags/example_xcom.py
[2025-11-27T11:51:36.372-0300] {logging_mixin.py:188} INFO - [2025-11-27T11:51:36.371-0300] {dag.py:3089} INFO - Sync 1 DAGs
[2025-11-27T11:51:36.380-0300] {logging_mixin.py:188} INFO - [2025-11-27T11:51:36.380-0300] {dag.py:3947} INFO - Setting next_dagrun for example_xcom to 2021-01-01 00:00:00+00:00, run_after=2021-01-01 00:00:00+00:00
[2025-11-27T11:51:36.389-0300] {processor.py:183} INFO - Processing /Users/davispecia/Documents/GitHub/Pf_pipeline_dados/Projeto_final_fase3/venv/lib/python3.9/site-packages/airflow/example_dags/example_xcom.py took 0.106 seconds
[2025-11-27T11:52:36.931-0300] {processor.py:161} INFO - Started process (PID=96535) to work on /Users/davispecia/Documents/GitHub/Pf_pipeline_dados/Projeto_final_fase3/venv/lib/python3.9/site-packages/airflow/example_dags/example_xcom.py
[2025-11-27T11:52:36.931-0300] {processor.py:830} INFO - Processing file /Users/davispecia/Documents/GitHub/Pf_pipeline_dados/Projeto_final_fase3/venv/lib/python3.9/site-packages/airflow/example_dags/example_xcom.py for tasks to queue
[2025-11-27T11:52:36.932-0300] {logging_mixin.py:188} INFO - [2025-11-27T11:52:36.932-0300] {dagbag.py:545} INFO - Filling up the DagBag from /Users/davispecia/Documents/GitHub/Pf_pipeline_dados/Projeto_final_fase3/venv/lib/python3.9/site-packages/airflow/example_dags/example_xcom.py
[2025-11-27T11:52:36.950-0300] {processor.py:840} INFO - DAG(s) 'example_xcom' retrieved from /Users/davispecia/Documents/GitHub/Pf_pipeline_dados/Projeto_final_fase3/venv/lib/python3.9/site-packages/airflow/example_dags/example_xcom.py
[2025-11-27T11:52:37.019-0300] {logging_mixin.py:188} INFO - [2025-11-27T11:52:37.019-0300] {dag.py:3089} INFO - Sync 1 DAGs
[2025-11-27T11:52:37.027-0300] {logging_mixin.py:188} INFO - [2025-11-27T11:52:37.027-0300] {dag.py:3947} INFO - Setting next_dagrun for example_xcom to 2021-01-01 00:00:00+00:00, run_after=2021-01-01 00:00:00+00:00
[2025-11-27T11:52:37.036-0300] {processor.py:183} INFO - Processing /Users/davispecia/Documents/GitHub/Pf_pipeline_dados/Projeto_final_fase3/venv/lib/python3.9/site-packages/airflow/example_dags/example_xcom.py took 0.107 seconds
[2025-11-27T11:53:46.422-0300] {processor.py:161} INFO - Started process (PID=96810) to work on /Users/davispecia/Documents/GitHub/Pf_pipeline_dados/Projeto_final_fase3/venv/lib/python3.9/site-packages/airflow/example_dags/example_xcom.py
[2025-11-27T11:53:46.422-0300] {processor.py:830} INFO - Processing file /Users/davispecia/Documents/GitHub/Pf_pipeline_dados/Projeto_final_fase3/venv/lib/python3.9/site-packages/airflow/example_dags/example_xcom.py for tasks to queue
[2025-11-27T11:53:46.423-0300] {logging_mixin.py:188} INFO - [2025-11-27T11:53:46.423-0300] {dagbag.py:545} INFO - Filling up the DagBag from /Users/davispecia/Documents/GitHub/Pf_pipeline_dados/Projeto_final_fase3/venv/lib/python3.9/site-packages/airflow/example_dags/example_xcom.py
[2025-11-27T11:53:46.440-0300] {processor.py:840} INFO - DAG(s) 'example_xcom' retrieved from /Users/davispecia/Documents/GitHub/Pf_pipeline_dados/Projeto_final_fase3/venv/lib/python3.9/site-packages/airflow/example_dags/example_xcom.py
[2025-11-27T11:53:46.510-0300] {logging_mixin.py:188} INFO - [2025-11-27T11:53:46.509-0300] {dag.py:3089} INFO - Sync 1 DAGs
[2025-11-27T11:53:46.518-0300] {logging_mixin.py:188} INFO - [2025-11-27T11:53:46.518-0300] {dag.py:3947} INFO - Setting next_dagrun for example_xcom to 2021-01-01 00:00:00+00:00, run_after=2021-01-01 00:00:00+00:00
[2025-11-27T11:53:46.527-0300] {processor.py:183} INFO - Processing /Users/davispecia/Documents/GitHub/Pf_pipeline_dados/Projeto_final_fase3/venv/lib/python3.9/site-packages/airflow/example_dags/example_xcom.py took 0.107 seconds
[2025-11-27T11:54:49.809-0300] {processor.py:161} INFO - Started process (PID=96957) to work on /Users/davispecia/Documents/GitHub/Pf_pipeline_dados/Projeto_final_fase3/venv/lib/python3.9/site-packages/airflow/example_dags/example_xcom.py
[2025-11-27T11:54:49.810-0300] {processor.py:830} INFO - Processing file /Users/davispecia/Documents/GitHub/Pf_pipeline_dados/Projeto_final_fase3/venv/lib/python3.9/site-packages/airflow/example_dags/example_xcom.py for tasks to queue
[2025-11-27T11:54:49.810-0300] {logging_mixin.py:188} INFO - [2025-11-27T11:54:49.810-0300] {dagbag.py:545} INFO - Filling up the DagBag from /Users/davispecia/Documents/GitHub/Pf_pipeline_dados/Projeto_final_fase3/venv/lib/python3.9/site-packages/airflow/example_dags/example_xcom.py
[2025-11-27T11:54:49.828-0300] {processor.py:840} INFO - DAG(s) 'example_xcom' retrieved from /Users/davispecia/Documents/GitHub/Pf_pipeline_dados/Projeto_final_fase3/venv/lib/python3.9/site-packages/airflow/example_dags/example_xcom.py
[2025-11-27T11:54:49.896-0300] {logging_mixin.py:188} INFO - [2025-11-27T11:54:49.896-0300] {dag.py:3089} INFO - Sync 1 DAGs
[2025-11-27T11:54:49.904-0300] {logging_mixin.py:188} INFO - [2025-11-27T11:54:49.904-0300] {dag.py:3947} INFO - Setting next_dagrun for example_xcom to 2021-01-01 00:00:00+00:00, run_after=2021-01-01 00:00:00+00:00
[2025-11-27T11:54:49.913-0300] {processor.py:183} INFO - Processing /Users/davispecia/Documents/GitHub/Pf_pipeline_dados/Projeto_final_fase3/venv/lib/python3.9/site-packages/airflow/example_dags/example_xcom.py took 0.106 seconds
[2025-11-27T11:55:46.763-0300] {processor.py:161} INFO - Started process (PID=97096) to work on /Users/davispecia/Documents/GitHub/Pf_pipeline_dados/Projeto_final_fase3/venv/lib/python3.9/site-packages/airflow/example_dags/example_xcom.py
[2025-11-27T11:55:46.763-0300] {processor.py:830} INFO - Processing file /Users/davispecia/Documents/GitHub/Pf_pipeline_dados/Projeto_final_fase3/venv/lib/python3.9/site-packages/airflow/example_dags/example_xcom.py for tasks to queue
[2025-11-27T11:55:46.764-0300] {logging_mixin.py:188} INFO - [2025-11-27T11:55:46.763-0300] {dagbag.py:545} INFO - Filling up the DagBag from /Users/davispecia/Documents/GitHub/Pf_pipeline_dados/Projeto_final_fase3/venv/lib/python3.9/site-packages/airflow/example_dags/example_xcom.py
[2025-11-27T11:55:46.781-0300] {processor.py:840} INFO - DAG(s) 'example_xcom' retrieved from /Users/davispecia/Documents/GitHub/Pf_pipeline_dados/Projeto_final_fase3/venv/lib/python3.9/site-packages/airflow/example_dags/example_xcom.py
[2025-11-27T11:55:46.849-0300] {logging_mixin.py:188} INFO - [2025-11-27T11:55:46.849-0300] {dag.py:3089} INFO - Sync 1 DAGs
[2025-11-27T11:55:46.857-0300] {logging_mixin.py:188} INFO - [2025-11-27T11:55:46.857-0300] {dag.py:3947} INFO - Setting next_dagrun for example_xcom to 2021-01-01 00:00:00+00:00, run_after=2021-01-01 00:00:00+00:00
[2025-11-27T11:55:46.868-0300] {processor.py:183} INFO - Processing /Users/davispecia/Documents/GitHub/Pf_pipeline_dados/Projeto_final_fase3/venv/lib/python3.9/site-packages/airflow/example_dags/example_xcom.py took 0.107 seconds
[2025-11-27T11:56:47.761-0300] {processor.py:161} INFO - Started process (PID=97246) to work on /Users/davispecia/Documents/GitHub/Pf_pipeline_dados/Projeto_final_fase3/venv/lib/python3.9/site-packages/airflow/example_dags/example_xcom.py
[2025-11-27T11:56:47.762-0300] {processor.py:830} INFO - Processing file /Users/davispecia/Documents/GitHub/Pf_pipeline_dados/Projeto_final_fase3/venv/lib/python3.9/site-packages/airflow/example_dags/example_xcom.py for tasks to queue
[2025-11-27T11:56:47.762-0300] {logging_mixin.py:188} INFO - [2025-11-27T11:56:47.762-0300] {dagbag.py:545} INFO - Filling up the DagBag from /Users/davispecia/Documents/GitHub/Pf_pipeline_dados/Projeto_final_fase3/venv/lib/python3.9/site-packages/airflow/example_dags/example_xcom.py
[2025-11-27T11:56:47.780-0300] {processor.py:840} INFO - DAG(s) 'example_xcom' retrieved from /Users/davispecia/Documents/GitHub/Pf_pipeline_dados/Projeto_final_fase3/venv/lib/python3.9/site-packages/airflow/example_dags/example_xcom.py
[2025-11-27T11:56:47.849-0300] {logging_mixin.py:188} INFO - [2025-11-27T11:56:47.849-0300] {dag.py:3089} INFO - Sync 1 DAGs
[2025-11-27T11:56:47.857-0300] {logging_mixin.py:188} INFO - [2025-11-27T11:56:47.857-0300] {dag.py:3947} INFO - Setting next_dagrun for example_xcom to 2021-01-01 00:00:00+00:00, run_after=2021-01-01 00:00:00+00:00
[2025-11-27T11:56:47.865-0300] {processor.py:183} INFO - Processing /Users/davispecia/Documents/GitHub/Pf_pipeline_dados/Projeto_final_fase3/venv/lib/python3.9/site-packages/airflow/example_dags/example_xcom.py took 0.107 seconds
[2025-11-27T11:57:52.785-0300] {processor.py:161} INFO - Started process (PID=97400) to work on /Users/davispecia/Documents/GitHub/Pf_pipeline_dados/Projeto_final_fase3/venv/lib/python3.9/site-packages/airflow/example_dags/example_xcom.py
[2025-11-27T11:57:52.786-0300] {processor.py:830} INFO - Processing file /Users/davispecia/Documents/GitHub/Pf_pipeline_dados/Projeto_final_fase3/venv/lib/python3.9/site-packages/airflow/example_dags/example_xcom.py for tasks to queue
[2025-11-27T11:57:52.786-0300] {logging_mixin.py:188} INFO - [2025-11-27T11:57:52.786-0300] {dagbag.py:545} INFO - Filling up the DagBag from /Users/davispecia/Documents/GitHub/Pf_pipeline_dados/Projeto_final_fase3/venv/lib/python3.9/site-packages/airflow/example_dags/example_xcom.py
[2025-11-27T11:57:52.803-0300] {processor.py:840} INFO - DAG(s) 'example_xcom' retrieved from /Users/davispecia/Documents/GitHub/Pf_pipeline_dados/Projeto_final_fase3/venv/lib/python3.9/site-packages/airflow/example_dags/example_xcom.py
[2025-11-27T11:57:52.872-0300] {logging_mixin.py:188} INFO - [2025-11-27T11:57:52.871-0300] {dag.py:3089} INFO - Sync 1 DAGs
[2025-11-27T11:57:52.880-0300] {logging_mixin.py:188} INFO - [2025-11-27T11:57:52.879-0300] {dag.py:3947} INFO - Setting next_dagrun for example_xcom to 2021-01-01 00:00:00+00:00, run_after=2021-01-01 00:00:00+00:00
[2025-11-27T11:57:52.888-0300] {processor.py:183} INFO - Processing /Users/davispecia/Documents/GitHub/Pf_pipeline_dados/Projeto_final_fase3/venv/lib/python3.9/site-packages/airflow/example_dags/example_xcom.py took 0.105 seconds
[2025-11-27T11:59:05.627-0300] {processor.py:161} INFO - Started process (PID=97637) to work on /Users/davispecia/Documents/GitHub/Pf_pipeline_dados/Projeto_final_fase3/venv/lib/python3.9/site-packages/airflow/example_dags/example_xcom.py
[2025-11-27T11:59:05.629-0300] {processor.py:830} INFO - Processing file /Users/davispecia/Documents/GitHub/Pf_pipeline_dados/Projeto_final_fase3/venv/lib/python3.9/site-packages/airflow/example_dags/example_xcom.py for tasks to queue
[2025-11-27T11:59:05.629-0300] {logging_mixin.py:188} INFO - [2025-11-27T11:59:05.629-0300] {dagbag.py:545} INFO - Filling up the DagBag from /Users/davispecia/Documents/GitHub/Pf_pipeline_dados/Projeto_final_fase3/venv/lib/python3.9/site-packages/airflow/example_dags/example_xcom.py
[2025-11-27T11:59:05.646-0300] {processor.py:840} INFO - DAG(s) 'example_xcom' retrieved from /Users/davispecia/Documents/GitHub/Pf_pipeline_dados/Projeto_final_fase3/venv/lib/python3.9/site-packages/airflow/example_dags/example_xcom.py
[2025-11-27T11:59:05.715-0300] {logging_mixin.py:188} INFO - [2025-11-27T11:59:05.715-0300] {dag.py:3089} INFO - Sync 1 DAGs
[2025-11-27T11:59:05.723-0300] {logging_mixin.py:188} INFO - [2025-11-27T11:59:05.723-0300] {dag.py:3947} INFO - Setting next_dagrun for example_xcom to 2021-01-01 00:00:00+00:00, run_after=2021-01-01 00:00:00+00:00
[2025-11-27T11:59:05.731-0300] {processor.py:183} INFO - Processing /Users/davispecia/Documents/GitHub/Pf_pipeline_dados/Projeto_final_fase3/venv/lib/python3.9/site-packages/airflow/example_dags/example_xcom.py took 0.106 seconds
[2025-11-27T12:00:11.621-0300] {processor.py:161} INFO - Started process (PID=97809) to work on /Users/davispecia/Documents/GitHub/Pf_pipeline_dados/Projeto_final_fase3/venv/lib/python3.9/site-packages/airflow/example_dags/example_xcom.py
[2025-11-27T12:00:11.622-0300] {processor.py:830} INFO - Processing file /Users/davispecia/Documents/GitHub/Pf_pipeline_dados/Projeto_final_fase3/venv/lib/python3.9/site-packages/airflow/example_dags/example_xcom.py for tasks to queue
[2025-11-27T12:00:11.622-0300] {logging_mixin.py:188} INFO - [2025-11-27T12:00:11.622-0300] {dagbag.py:545} INFO - Filling up the DagBag from /Users/davispecia/Documents/GitHub/Pf_pipeline_dados/Projeto_final_fase3/venv/lib/python3.9/site-packages/airflow/example_dags/example_xcom.py
[2025-11-27T12:00:11.640-0300] {processor.py:840} INFO - DAG(s) 'example_xcom' retrieved from /Users/davispecia/Documents/GitHub/Pf_pipeline_dados/Projeto_final_fase3/venv/lib/python3.9/site-packages/airflow/example_dags/example_xcom.py
[2025-11-27T12:00:11.708-0300] {logging_mixin.py:188} INFO - [2025-11-27T12:00:11.708-0300] {dag.py:3089} INFO - Sync 1 DAGs
[2025-11-27T12:00:11.717-0300] {logging_mixin.py:188} INFO - [2025-11-27T12:00:11.717-0300] {dag.py:3947} INFO - Setting next_dagrun for example_xcom to 2021-01-01 00:00:00+00:00, run_after=2021-01-01 00:00:00+00:00
[2025-11-27T12:00:11.725-0300] {processor.py:183} INFO - Processing /Users/davispecia/Documents/GitHub/Pf_pipeline_dados/Projeto_final_fase3/venv/lib/python3.9/site-packages/airflow/example_dags/example_xcom.py took 0.106 seconds
[2025-11-27T12:01:17.532-0300] {processor.py:161} INFO - Started process (PID=97964) to work on /Users/davispecia/Documents/GitHub/Pf_pipeline_dados/Projeto_final_fase3/venv/lib/python3.9/site-packages/airflow/example_dags/example_xcom.py
[2025-11-27T12:01:17.533-0300] {processor.py:830} INFO - Processing file /Users/davispecia/Documents/GitHub/Pf_pipeline_dados/Projeto_final_fase3/venv/lib/python3.9/site-packages/airflow/example_dags/example_xcom.py for tasks to queue
[2025-11-27T12:01:17.533-0300] {logging_mixin.py:188} INFO - [2025-11-27T12:01:17.533-0300] {dagbag.py:545} INFO - Filling up the DagBag from /Users/davispecia/Documents/GitHub/Pf_pipeline_dados/Projeto_final_fase3/venv/lib/python3.9/site-packages/airflow/example_dags/example_xcom.py
[2025-11-27T12:01:17.551-0300] {processor.py:840} INFO - DAG(s) 'example_xcom' retrieved from /Users/davispecia/Documents/GitHub/Pf_pipeline_dados/Projeto_final_fase3/venv/lib/python3.9/site-packages/airflow/example_dags/example_xcom.py
[2025-11-27T12:01:17.619-0300] {logging_mixin.py:188} INFO - [2025-11-27T12:01:17.618-0300] {dag.py:3089} INFO - Sync 1 DAGs
[2025-11-27T12:01:17.627-0300] {logging_mixin.py:188} INFO - [2025-11-27T12:01:17.627-0300] {dag.py:3947} INFO - Setting next_dagrun for example_xcom to 2021-01-01 00:00:00+00:00, run_after=2021-01-01 00:00:00+00:00
[2025-11-27T12:01:17.636-0300] {processor.py:183} INFO - Processing /Users/davispecia/Documents/GitHub/Pf_pipeline_dados/Projeto_final_fase3/venv/lib/python3.9/site-packages/airflow/example_dags/example_xcom.py took 0.106 seconds
[2025-11-27T12:02:20.359-0300] {processor.py:161} INFO - Started process (PID=98112) to work on /Users/davispecia/Documents/GitHub/Pf_pipeline_dados/Projeto_final_fase3/venv/lib/python3.9/site-packages/airflow/example_dags/example_xcom.py
[2025-11-27T12:02:20.360-0300] {processor.py:830} INFO - Processing file /Users/davispecia/Documents/GitHub/Pf_pipeline_dados/Projeto_final_fase3/venv/lib/python3.9/site-packages/airflow/example_dags/example_xcom.py for tasks to queue
[2025-11-27T12:02:20.360-0300] {logging_mixin.py:188} INFO - [2025-11-27T12:02:20.360-0300] {dagbag.py:545} INFO - Filling up the DagBag from /Users/davispecia/Documents/GitHub/Pf_pipeline_dados/Projeto_final_fase3/venv/lib/python3.9/site-packages/airflow/example_dags/example_xcom.py
[2025-11-27T12:02:20.378-0300] {processor.py:840} INFO - DAG(s) 'example_xcom' retrieved from /Users/davispecia/Documents/GitHub/Pf_pipeline_dados/Projeto_final_fase3/venv/lib/python3.9/site-packages/airflow/example_dags/example_xcom.py
[2025-11-27T12:02:20.446-0300] {logging_mixin.py:188} INFO - [2025-11-27T12:02:20.446-0300] {dag.py:3089} INFO - Sync 1 DAGs
[2025-11-27T12:02:20.454-0300] {logging_mixin.py:188} INFO - [2025-11-27T12:02:20.454-0300] {dag.py:3947} INFO - Setting next_dagrun for example_xcom to 2021-01-01 00:00:00+00:00, run_after=2021-01-01 00:00:00+00:00
[2025-11-27T12:02:20.464-0300] {processor.py:183} INFO - Processing /Users/davispecia/Documents/GitHub/Pf_pipeline_dados/Projeto_final_fase3/venv/lib/python3.9/site-packages/airflow/example_dags/example_xcom.py took 0.107 seconds
[2025-11-27T12:03:21.301-0300] {processor.py:161} INFO - Started process (PID=98257) to work on /Users/davispecia/Documents/GitHub/Pf_pipeline_dados/Projeto_final_fase3/venv/lib/python3.9/site-packages/airflow/example_dags/example_xcom.py
[2025-11-27T12:03:21.301-0300] {processor.py:830} INFO - Processing file /Users/davispecia/Documents/GitHub/Pf_pipeline_dados/Projeto_final_fase3/venv/lib/python3.9/site-packages/airflow/example_dags/example_xcom.py for tasks to queue
[2025-11-27T12:03:21.302-0300] {logging_mixin.py:188} INFO - [2025-11-27T12:03:21.302-0300] {dagbag.py:545} INFO - Filling up the DagBag from /Users/davispecia/Documents/GitHub/Pf_pipeline_dados/Projeto_final_fase3/venv/lib/python3.9/site-packages/airflow/example_dags/example_xcom.py
[2025-11-27T12:03:21.320-0300] {processor.py:840} INFO - DAG(s) 'example_xcom' retrieved from /Users/davispecia/Documents/GitHub/Pf_pipeline_dados/Projeto_final_fase3/venv/lib/python3.9/site-packages/airflow/example_dags/example_xcom.py
[2025-11-27T12:03:21.390-0300] {logging_mixin.py:188} INFO - [2025-11-27T12:03:21.390-0300] {dag.py:3089} INFO - Sync 1 DAGs
[2025-11-27T12:03:21.398-0300] {logging_mixin.py:188} INFO - [2025-11-27T12:03:21.398-0300] {dag.py:3947} INFO - Setting next_dagrun for example_xcom to 2021-01-01 00:00:00+00:00, run_after=2021-01-01 00:00:00+00:00
[2025-11-27T12:03:21.407-0300] {processor.py:183} INFO - Processing /Users/davispecia/Documents/GitHub/Pf_pipeline_dados/Projeto_final_fase3/venv/lib/python3.9/site-packages/airflow/example_dags/example_xcom.py took 0.108 seconds
[2025-11-27T12:04:27.818-0300] {processor.py:161} INFO - Started process (PID=98476) to work on /Users/davispecia/Documents/GitHub/Pf_pipeline_dados/Projeto_final_fase3/venv/lib/python3.9/site-packages/airflow/example_dags/example_xcom.py
[2025-11-27T12:04:27.820-0300] {processor.py:830} INFO - Processing file /Users/davispecia/Documents/GitHub/Pf_pipeline_dados/Projeto_final_fase3/venv/lib/python3.9/site-packages/airflow/example_dags/example_xcom.py for tasks to queue
[2025-11-27T12:04:27.820-0300] {logging_mixin.py:188} INFO - [2025-11-27T12:04:27.820-0300] {dagbag.py:545} INFO - Filling up the DagBag from /Users/davispecia/Documents/GitHub/Pf_pipeline_dados/Projeto_final_fase3/venv/lib/python3.9/site-packages/airflow/example_dags/example_xcom.py
[2025-11-27T12:04:27.837-0300] {processor.py:840} INFO - DAG(s) 'example_xcom' retrieved from /Users/davispecia/Documents/GitHub/Pf_pipeline_dados/Projeto_final_fase3/venv/lib/python3.9/site-packages/airflow/example_dags/example_xcom.py
[2025-11-27T12:04:27.906-0300] {logging_mixin.py:188} INFO - [2025-11-27T12:04:27.906-0300] {dag.py:3089} INFO - Sync 1 DAGs
[2025-11-27T12:04:27.914-0300] {logging_mixin.py:188} INFO - [2025-11-27T12:04:27.914-0300] {dag.py:3947} INFO - Setting next_dagrun for example_xcom to 2021-01-01 00:00:00+00:00, run_after=2021-01-01 00:00:00+00:00
[2025-11-27T12:04:27.923-0300] {processor.py:183} INFO - Processing /Users/davispecia/Documents/GitHub/Pf_pipeline_dados/Projeto_final_fase3/venv/lib/python3.9/site-packages/airflow/example_dags/example_xcom.py took 0.106 seconds
[2025-11-27T12:05:36.790-0300] {processor.py:161} INFO - Started process (PID=98690) to work on /Users/davispecia/Documents/GitHub/Pf_pipeline_dados/Projeto_final_fase3/venv/lib/python3.9/site-packages/airflow/example_dags/example_xcom.py
[2025-11-27T12:05:36.791-0300] {processor.py:830} INFO - Processing file /Users/davispecia/Documents/GitHub/Pf_pipeline_dados/Projeto_final_fase3/venv/lib/python3.9/site-packages/airflow/example_dags/example_xcom.py for tasks to queue
[2025-11-27T12:05:36.792-0300] {logging_mixin.py:188} INFO - [2025-11-27T12:05:36.792-0300] {dagbag.py:545} INFO - Filling up the DagBag from /Users/davispecia/Documents/GitHub/Pf_pipeline_dados/Projeto_final_fase3/venv/lib/python3.9/site-packages/airflow/example_dags/example_xcom.py
[2025-11-27T12:05:36.809-0300] {processor.py:840} INFO - DAG(s) 'example_xcom' retrieved from /Users/davispecia/Documents/GitHub/Pf_pipeline_dados/Projeto_final_fase3/venv/lib/python3.9/site-packages/airflow/example_dags/example_xcom.py
[2025-11-27T12:05:36.878-0300] {logging_mixin.py:188} INFO - [2025-11-27T12:05:36.877-0300] {dag.py:3089} INFO - Sync 1 DAGs
[2025-11-27T12:05:36.886-0300] {logging_mixin.py:188} INFO - [2025-11-27T12:05:36.886-0300] {dag.py:3947} INFO - Setting next_dagrun for example_xcom to 2021-01-01 00:00:00+00:00, run_after=2021-01-01 00:00:00+00:00
[2025-11-27T12:05:36.894-0300] {processor.py:183} INFO - Processing /Users/davispecia/Documents/GitHub/Pf_pipeline_dados/Projeto_final_fase3/venv/lib/python3.9/site-packages/airflow/example_dags/example_xcom.py took 0.106 seconds
[2025-11-27T12:06:42.793-0300] {processor.py:161} INFO - Started process (PID=98846) to work on /Users/davispecia/Documents/GitHub/Pf_pipeline_dados/Projeto_final_fase3/venv/lib/python3.9/site-packages/airflow/example_dags/example_xcom.py
[2025-11-27T12:06:42.794-0300] {processor.py:830} INFO - Processing file /Users/davispecia/Documents/GitHub/Pf_pipeline_dados/Projeto_final_fase3/venv/lib/python3.9/site-packages/airflow/example_dags/example_xcom.py for tasks to queue
[2025-11-27T12:06:42.795-0300] {logging_mixin.py:188} INFO - [2025-11-27T12:06:42.794-0300] {dagbag.py:545} INFO - Filling up the DagBag from /Users/davispecia/Documents/GitHub/Pf_pipeline_dados/Projeto_final_fase3/venv/lib/python3.9/site-packages/airflow/example_dags/example_xcom.py
[2025-11-27T12:06:42.812-0300] {processor.py:840} INFO - DAG(s) 'example_xcom' retrieved from /Users/davispecia/Documents/GitHub/Pf_pipeline_dados/Projeto_final_fase3/venv/lib/python3.9/site-packages/airflow/example_dags/example_xcom.py
[2025-11-27T12:06:42.880-0300] {logging_mixin.py:188} INFO - [2025-11-27T12:06:42.879-0300] {dag.py:3089} INFO - Sync 1 DAGs
[2025-11-27T12:06:42.888-0300] {logging_mixin.py:188} INFO - [2025-11-27T12:06:42.888-0300] {dag.py:3947} INFO - Setting next_dagrun for example_xcom to 2021-01-01 00:00:00+00:00, run_after=2021-01-01 00:00:00+00:00
[2025-11-27T12:06:42.897-0300] {processor.py:183} INFO - Processing /Users/davispecia/Documents/GitHub/Pf_pipeline_dados/Projeto_final_fase3/venv/lib/python3.9/site-packages/airflow/example_dags/example_xcom.py took 0.106 seconds
[2025-11-27T12:07:48.610-0300] {processor.py:161} INFO - Started process (PID=99007) to work on /Users/davispecia/Documents/GitHub/Pf_pipeline_dados/Projeto_final_fase3/venv/lib/python3.9/site-packages/airflow/example_dags/example_xcom.py
[2025-11-27T12:07:48.611-0300] {processor.py:830} INFO - Processing file /Users/davispecia/Documents/GitHub/Pf_pipeline_dados/Projeto_final_fase3/venv/lib/python3.9/site-packages/airflow/example_dags/example_xcom.py for tasks to queue
[2025-11-27T12:07:48.612-0300] {logging_mixin.py:188} INFO - [2025-11-27T12:07:48.611-0300] {dagbag.py:545} INFO - Filling up the DagBag from /Users/davispecia/Documents/GitHub/Pf_pipeline_dados/Projeto_final_fase3/venv/lib/python3.9/site-packages/airflow/example_dags/example_xcom.py
[2025-11-27T12:07:48.630-0300] {processor.py:840} INFO - DAG(s) 'example_xcom' retrieved from /Users/davispecia/Documents/GitHub/Pf_pipeline_dados/Projeto_final_fase3/venv/lib/python3.9/site-packages/airflow/example_dags/example_xcom.py
[2025-11-27T12:07:48.698-0300] {logging_mixin.py:188} INFO - [2025-11-27T12:07:48.698-0300] {dag.py:3089} INFO - Sync 1 DAGs
[2025-11-27T12:07:48.706-0300] {logging_mixin.py:188} INFO - [2025-11-27T12:07:48.706-0300] {dag.py:3947} INFO - Setting next_dagrun for example_xcom to 2021-01-01 00:00:00+00:00, run_after=2021-01-01 00:00:00+00:00
[2025-11-27T12:07:48.715-0300] {processor.py:183} INFO - Processing /Users/davispecia/Documents/GitHub/Pf_pipeline_dados/Projeto_final_fase3/venv/lib/python3.9/site-packages/airflow/example_dags/example_xcom.py took 0.106 seconds
[2025-11-27T12:08:51.913-0300] {processor.py:161} INFO - Started process (PID=99159) to work on /Users/davispecia/Documents/GitHub/Pf_pipeline_dados/Projeto_final_fase3/venv/lib/python3.9/site-packages/airflow/example_dags/example_xcom.py
[2025-11-27T12:08:51.914-0300] {processor.py:830} INFO - Processing file /Users/davispecia/Documents/GitHub/Pf_pipeline_dados/Projeto_final_fase3/venv/lib/python3.9/site-packages/airflow/example_dags/example_xcom.py for tasks to queue
[2025-11-27T12:08:51.914-0300] {logging_mixin.py:188} INFO - [2025-11-27T12:08:51.914-0300] {dagbag.py:545} INFO - Filling up the DagBag from /Users/davispecia/Documents/GitHub/Pf_pipeline_dados/Projeto_final_fase3/venv/lib/python3.9/site-packages/airflow/example_dags/example_xcom.py
[2025-11-27T12:08:51.931-0300] {processor.py:840} INFO - DAG(s) 'example_xcom' retrieved from /Users/davispecia/Documents/GitHub/Pf_pipeline_dados/Projeto_final_fase3/venv/lib/python3.9/site-packages/airflow/example_dags/example_xcom.py
[2025-11-27T12:08:52.000-0300] {logging_mixin.py:188} INFO - [2025-11-27T12:08:52.000-0300] {dag.py:3089} INFO - Sync 1 DAGs
[2025-11-27T12:08:52.008-0300] {logging_mixin.py:188} INFO - [2025-11-27T12:08:52.008-0300] {dag.py:3947} INFO - Setting next_dagrun for example_xcom to 2021-01-01 00:00:00+00:00, run_after=2021-01-01 00:00:00+00:00
[2025-11-27T12:08:52.017-0300] {processor.py:183} INFO - Processing /Users/davispecia/Documents/GitHub/Pf_pipeline_dados/Projeto_final_fase3/venv/lib/python3.9/site-packages/airflow/example_dags/example_xcom.py took 0.106 seconds
[2025-11-27T12:09:54.679-0300] {processor.py:161} INFO - Started process (PID=99316) to work on /Users/davispecia/Documents/GitHub/Pf_pipeline_dados/Projeto_final_fase3/venv/lib/python3.9/site-packages/airflow/example_dags/example_xcom.py
[2025-11-27T12:09:54.679-0300] {processor.py:830} INFO - Processing file /Users/davispecia/Documents/GitHub/Pf_pipeline_dados/Projeto_final_fase3/venv/lib/python3.9/site-packages/airflow/example_dags/example_xcom.py for tasks to queue
[2025-11-27T12:09:54.680-0300] {logging_mixin.py:188} INFO - [2025-11-27T12:09:54.680-0300] {dagbag.py:545} INFO - Filling up the DagBag from /Users/davispecia/Documents/GitHub/Pf_pipeline_dados/Projeto_final_fase3/venv/lib/python3.9/site-packages/airflow/example_dags/example_xcom.py
[2025-11-27T12:09:54.697-0300] {processor.py:840} INFO - DAG(s) 'example_xcom' retrieved from /Users/davispecia/Documents/GitHub/Pf_pipeline_dados/Projeto_final_fase3/venv/lib/python3.9/site-packages/airflow/example_dags/example_xcom.py
[2025-11-27T12:09:54.769-0300] {logging_mixin.py:188} INFO - [2025-11-27T12:09:54.769-0300] {dag.py:3089} INFO - Sync 1 DAGs
[2025-11-27T12:09:54.777-0300] {logging_mixin.py:188} INFO - [2025-11-27T12:09:54.777-0300] {dag.py:3947} INFO - Setting next_dagrun for example_xcom to 2021-01-01 00:00:00+00:00, run_after=2021-01-01 00:00:00+00:00
[2025-11-27T12:09:54.786-0300] {processor.py:183} INFO - Processing /Users/davispecia/Documents/GitHub/Pf_pipeline_dados/Projeto_final_fase3/venv/lib/python3.9/site-packages/airflow/example_dags/example_xcom.py took 0.109 seconds
[2025-11-27T12:11:06.364-0300] {processor.py:161} INFO - Started process (PID=99538) to work on /Users/davispecia/Documents/GitHub/Pf_pipeline_dados/Projeto_final_fase3/venv/lib/python3.9/site-packages/airflow/example_dags/example_xcom.py
[2025-11-27T12:11:06.365-0300] {processor.py:830} INFO - Processing file /Users/davispecia/Documents/GitHub/Pf_pipeline_dados/Projeto_final_fase3/venv/lib/python3.9/site-packages/airflow/example_dags/example_xcom.py for tasks to queue
[2025-11-27T12:11:06.365-0300] {logging_mixin.py:188} INFO - [2025-11-27T12:11:06.365-0300] {dagbag.py:545} INFO - Filling up the DagBag from /Users/davispecia/Documents/GitHub/Pf_pipeline_dados/Projeto_final_fase3/venv/lib/python3.9/site-packages/airflow/example_dags/example_xcom.py
[2025-11-27T12:11:06.383-0300] {processor.py:840} INFO - DAG(s) 'example_xcom' retrieved from /Users/davispecia/Documents/GitHub/Pf_pipeline_dados/Projeto_final_fase3/venv/lib/python3.9/site-packages/airflow/example_dags/example_xcom.py
[2025-11-27T12:11:06.451-0300] {logging_mixin.py:188} INFO - [2025-11-27T12:11:06.451-0300] {dag.py:3089} INFO - Sync 1 DAGs
[2025-11-27T12:11:06.459-0300] {logging_mixin.py:188} INFO - [2025-11-27T12:11:06.459-0300] {dag.py:3947} INFO - Setting next_dagrun for example_xcom to 2021-01-01 00:00:00+00:00, run_after=2021-01-01 00:00:00+00:00
[2025-11-27T12:11:06.468-0300] {processor.py:183} INFO - Processing /Users/davispecia/Documents/GitHub/Pf_pipeline_dados/Projeto_final_fase3/venv/lib/python3.9/site-packages/airflow/example_dags/example_xcom.py took 0.106 seconds
[2025-11-27T12:12:09.785-0300] {processor.py:161} INFO - Started process (PID=99688) to work on /Users/davispecia/Documents/GitHub/Pf_pipeline_dados/Projeto_final_fase3/venv/lib/python3.9/site-packages/airflow/example_dags/example_xcom.py
[2025-11-27T12:12:09.786-0300] {processor.py:830} INFO - Processing file /Users/davispecia/Documents/GitHub/Pf_pipeline_dados/Projeto_final_fase3/venv/lib/python3.9/site-packages/airflow/example_dags/example_xcom.py for tasks to queue
[2025-11-27T12:12:09.786-0300] {logging_mixin.py:188} INFO - [2025-11-27T12:12:09.786-0300] {dagbag.py:545} INFO - Filling up the DagBag from /Users/davispecia/Documents/GitHub/Pf_pipeline_dados/Projeto_final_fase3/venv/lib/python3.9/site-packages/airflow/example_dags/example_xcom.py
[2025-11-27T12:12:09.803-0300] {processor.py:840} INFO - DAG(s) 'example_xcom' retrieved from /Users/davispecia/Documents/GitHub/Pf_pipeline_dados/Projeto_final_fase3/venv/lib/python3.9/site-packages/airflow/example_dags/example_xcom.py
[2025-11-27T12:12:09.872-0300] {logging_mixin.py:188} INFO - [2025-11-27T12:12:09.872-0300] {dag.py:3089} INFO - Sync 1 DAGs
[2025-11-27T12:12:09.880-0300] {logging_mixin.py:188} INFO - [2025-11-27T12:12:09.880-0300] {dag.py:3947} INFO - Setting next_dagrun for example_xcom to 2021-01-01 00:00:00+00:00, run_after=2021-01-01 00:00:00+00:00
[2025-11-27T12:12:09.890-0300] {processor.py:183} INFO - Processing /Users/davispecia/Documents/GitHub/Pf_pipeline_dados/Projeto_final_fase3/venv/lib/python3.9/site-packages/airflow/example_dags/example_xcom.py took 0.106 seconds
[2025-11-27T12:13:13.151-0300] {processor.py:161} INFO - Started process (PID=99837) to work on /Users/davispecia/Documents/GitHub/Pf_pipeline_dados/Projeto_final_fase3/venv/lib/python3.9/site-packages/airflow/example_dags/example_xcom.py
[2025-11-27T12:13:13.151-0300] {processor.py:830} INFO - Processing file /Users/davispecia/Documents/GitHub/Pf_pipeline_dados/Projeto_final_fase3/venv/lib/python3.9/site-packages/airflow/example_dags/example_xcom.py for tasks to queue
[2025-11-27T12:13:13.152-0300] {logging_mixin.py:188} INFO - [2025-11-27T12:13:13.152-0300] {dagbag.py:545} INFO - Filling up the DagBag from /Users/davispecia/Documents/GitHub/Pf_pipeline_dados/Projeto_final_fase3/venv/lib/python3.9/site-packages/airflow/example_dags/example_xcom.py
[2025-11-27T12:13:13.169-0300] {processor.py:840} INFO - DAG(s) 'example_xcom' retrieved from /Users/davispecia/Documents/GitHub/Pf_pipeline_dados/Projeto_final_fase3/venv/lib/python3.9/site-packages/airflow/example_dags/example_xcom.py
[2025-11-27T12:13:13.238-0300] {logging_mixin.py:188} INFO - [2025-11-27T12:13:13.237-0300] {dag.py:3089} INFO - Sync 1 DAGs
[2025-11-27T12:13:13.246-0300] {logging_mixin.py:188} INFO - [2025-11-27T12:13:13.246-0300] {dag.py:3947} INFO - Setting next_dagrun for example_xcom to 2021-01-01 00:00:00+00:00, run_after=2021-01-01 00:00:00+00:00
[2025-11-27T12:13:13.254-0300] {processor.py:183} INFO - Processing /Users/davispecia/Documents/GitHub/Pf_pipeline_dados/Projeto_final_fase3/venv/lib/python3.9/site-packages/airflow/example_dags/example_xcom.py took 0.105 seconds
[2025-11-27T12:14:16.320-0300] {processor.py:161} INFO - Started process (PID=99987) to work on /Users/davispecia/Documents/GitHub/Pf_pipeline_dados/Projeto_final_fase3/venv/lib/python3.9/site-packages/airflow/example_dags/example_xcom.py
[2025-11-27T12:14:16.321-0300] {processor.py:830} INFO - Processing file /Users/davispecia/Documents/GitHub/Pf_pipeline_dados/Projeto_final_fase3/venv/lib/python3.9/site-packages/airflow/example_dags/example_xcom.py for tasks to queue
[2025-11-27T12:14:16.321-0300] {logging_mixin.py:188} INFO - [2025-11-27T12:14:16.321-0300] {dagbag.py:545} INFO - Filling up the DagBag from /Users/davispecia/Documents/GitHub/Pf_pipeline_dados/Projeto_final_fase3/venv/lib/python3.9/site-packages/airflow/example_dags/example_xcom.py
[2025-11-27T12:14:16.339-0300] {processor.py:840} INFO - DAG(s) 'example_xcom' retrieved from /Users/davispecia/Documents/GitHub/Pf_pipeline_dados/Projeto_final_fase3/venv/lib/python3.9/site-packages/airflow/example_dags/example_xcom.py
[2025-11-27T12:14:16.410-0300] {logging_mixin.py:188} INFO - [2025-11-27T12:14:16.410-0300] {dag.py:3089} INFO - Sync 1 DAGs
[2025-11-27T12:14:16.418-0300] {logging_mixin.py:188} INFO - [2025-11-27T12:14:16.418-0300] {dag.py:3947} INFO - Setting next_dagrun for example_xcom to 2021-01-01 00:00:00+00:00, run_after=2021-01-01 00:00:00+00:00
[2025-11-27T12:14:16.426-0300] {processor.py:183} INFO - Processing /Users/davispecia/Documents/GitHub/Pf_pipeline_dados/Projeto_final_fase3/venv/lib/python3.9/site-packages/airflow/example_dags/example_xcom.py took 0.108 seconds
[2025-11-27T12:15:17.506-0300] {processor.py:161} INFO - Started process (PID=295) to work on /Users/davispecia/Documents/GitHub/Pf_pipeline_dados/Projeto_final_fase3/venv/lib/python3.9/site-packages/airflow/example_dags/example_xcom.py
[2025-11-27T12:15:17.507-0300] {processor.py:830} INFO - Processing file /Users/davispecia/Documents/GitHub/Pf_pipeline_dados/Projeto_final_fase3/venv/lib/python3.9/site-packages/airflow/example_dags/example_xcom.py for tasks to queue
[2025-11-27T12:15:17.507-0300] {logging_mixin.py:188} INFO - [2025-11-27T12:15:17.507-0300] {dagbag.py:545} INFO - Filling up the DagBag from /Users/davispecia/Documents/GitHub/Pf_pipeline_dados/Projeto_final_fase3/venv/lib/python3.9/site-packages/airflow/example_dags/example_xcom.py
[2025-11-27T12:15:17.526-0300] {processor.py:840} INFO - DAG(s) 'example_xcom' retrieved from /Users/davispecia/Documents/GitHub/Pf_pipeline_dados/Projeto_final_fase3/venv/lib/python3.9/site-packages/airflow/example_dags/example_xcom.py
[2025-11-27T12:15:17.598-0300] {logging_mixin.py:188} INFO - [2025-11-27T12:15:17.598-0300] {dag.py:3089} INFO - Sync 1 DAGs
[2025-11-27T12:15:17.606-0300] {logging_mixin.py:188} INFO - [2025-11-27T12:15:17.606-0300] {dag.py:3947} INFO - Setting next_dagrun for example_xcom to 2021-01-01 00:00:00+00:00, run_after=2021-01-01 00:00:00+00:00
[2025-11-27T12:15:17.616-0300] {processor.py:183} INFO - Processing /Users/davispecia/Documents/GitHub/Pf_pipeline_dados/Projeto_final_fase3/venv/lib/python3.9/site-packages/airflow/example_dags/example_xcom.py took 0.112 seconds
[2025-11-27T12:16:27.815-0300] {processor.py:161} INFO - Started process (PID=585) to work on /Users/davispecia/Documents/GitHub/Pf_pipeline_dados/Projeto_final_fase3/venv/lib/python3.9/site-packages/airflow/example_dags/example_xcom.py
[2025-11-27T12:16:27.815-0300] {processor.py:830} INFO - Processing file /Users/davispecia/Documents/GitHub/Pf_pipeline_dados/Projeto_final_fase3/venv/lib/python3.9/site-packages/airflow/example_dags/example_xcom.py for tasks to queue
[2025-11-27T12:16:27.816-0300] {logging_mixin.py:188} INFO - [2025-11-27T12:16:27.816-0300] {dagbag.py:545} INFO - Filling up the DagBag from /Users/davispecia/Documents/GitHub/Pf_pipeline_dados/Projeto_final_fase3/venv/lib/python3.9/site-packages/airflow/example_dags/example_xcom.py
[2025-11-27T12:16:27.833-0300] {processor.py:840} INFO - DAG(s) 'example_xcom' retrieved from /Users/davispecia/Documents/GitHub/Pf_pipeline_dados/Projeto_final_fase3/venv/lib/python3.9/site-packages/airflow/example_dags/example_xcom.py
[2025-11-27T12:16:27.903-0300] {logging_mixin.py:188} INFO - [2025-11-27T12:16:27.903-0300] {dag.py:3089} INFO - Sync 1 DAGs
[2025-11-27T12:16:27.911-0300] {logging_mixin.py:188} INFO - [2025-11-27T12:16:27.911-0300] {dag.py:3947} INFO - Setting next_dagrun for example_xcom to 2021-01-01 00:00:00+00:00, run_after=2021-01-01 00:00:00+00:00
[2025-11-27T12:16:27.920-0300] {processor.py:183} INFO - Processing /Users/davispecia/Documents/GitHub/Pf_pipeline_dados/Projeto_final_fase3/venv/lib/python3.9/site-packages/airflow/example_dags/example_xcom.py took 0.107 seconds
[2025-11-27T12:17:27.784-0300] {processor.py:161} INFO - Started process (PID=748) to work on /Users/davispecia/Documents/GitHub/Pf_pipeline_dados/Projeto_final_fase3/venv/lib/python3.9/site-packages/airflow/example_dags/example_xcom.py
[2025-11-27T12:17:27.785-0300] {processor.py:830} INFO - Processing file /Users/davispecia/Documents/GitHub/Pf_pipeline_dados/Projeto_final_fase3/venv/lib/python3.9/site-packages/airflow/example_dags/example_xcom.py for tasks to queue
[2025-11-27T12:17:27.785-0300] {logging_mixin.py:188} INFO - [2025-11-27T12:17:27.785-0300] {dagbag.py:545} INFO - Filling up the DagBag from /Users/davispecia/Documents/GitHub/Pf_pipeline_dados/Projeto_final_fase3/venv/lib/python3.9/site-packages/airflow/example_dags/example_xcom.py
[2025-11-27T12:17:27.803-0300] {processor.py:840} INFO - DAG(s) 'example_xcom' retrieved from /Users/davispecia/Documents/GitHub/Pf_pipeline_dados/Projeto_final_fase3/venv/lib/python3.9/site-packages/airflow/example_dags/example_xcom.py
[2025-11-27T12:17:27.871-0300] {logging_mixin.py:188} INFO - [2025-11-27T12:17:27.871-0300] {dag.py:3089} INFO - Sync 1 DAGs
[2025-11-27T12:17:27.879-0300] {logging_mixin.py:188} INFO - [2025-11-27T12:17:27.879-0300] {dag.py:3947} INFO - Setting next_dagrun for example_xcom to 2021-01-01 00:00:00+00:00, run_after=2021-01-01 00:00:00+00:00
[2025-11-27T12:17:27.888-0300] {processor.py:183} INFO - Processing /Users/davispecia/Documents/GitHub/Pf_pipeline_dados/Projeto_final_fase3/venv/lib/python3.9/site-packages/airflow/example_dags/example_xcom.py took 0.107 seconds
[2025-11-27T12:18:29.482-0300] {processor.py:161} INFO - Started process (PID=939) to work on /Users/davispecia/Documents/GitHub/Pf_pipeline_dados/Projeto_final_fase3/venv/lib/python3.9/site-packages/airflow/example_dags/example_xcom.py
[2025-11-27T12:18:29.483-0300] {processor.py:830} INFO - Processing file /Users/davispecia/Documents/GitHub/Pf_pipeline_dados/Projeto_final_fase3/venv/lib/python3.9/site-packages/airflow/example_dags/example_xcom.py for tasks to queue
[2025-11-27T12:18:29.483-0300] {logging_mixin.py:188} INFO - [2025-11-27T12:18:29.483-0300] {dagbag.py:545} INFO - Filling up the DagBag from /Users/davispecia/Documents/GitHub/Pf_pipeline_dados/Projeto_final_fase3/venv/lib/python3.9/site-packages/airflow/example_dags/example_xcom.py
[2025-11-27T12:18:29.500-0300] {processor.py:840} INFO - DAG(s) 'example_xcom' retrieved from /Users/davispecia/Documents/GitHub/Pf_pipeline_dados/Projeto_final_fase3/venv/lib/python3.9/site-packages/airflow/example_dags/example_xcom.py
[2025-11-27T12:18:29.570-0300] {logging_mixin.py:188} INFO - [2025-11-27T12:18:29.570-0300] {dag.py:3089} INFO - Sync 1 DAGs
[2025-11-27T12:18:29.578-0300] {logging_mixin.py:188} INFO - [2025-11-27T12:18:29.578-0300] {dag.py:3947} INFO - Setting next_dagrun for example_xcom to 2021-01-01 00:00:00+00:00, run_after=2021-01-01 00:00:00+00:00
[2025-11-27T12:18:29.586-0300] {processor.py:183} INFO - Processing /Users/davispecia/Documents/GitHub/Pf_pipeline_dados/Projeto_final_fase3/venv/lib/python3.9/site-packages/airflow/example_dags/example_xcom.py took 0.106 seconds
[2025-11-27T12:19:29.904-0300] {processor.py:161} INFO - Started process (PID=1088) to work on /Users/davispecia/Documents/GitHub/Pf_pipeline_dados/Projeto_final_fase3/venv/lib/python3.9/site-packages/airflow/example_dags/example_xcom.py
[2025-11-27T12:19:29.905-0300] {processor.py:830} INFO - Processing file /Users/davispecia/Documents/GitHub/Pf_pipeline_dados/Projeto_final_fase3/venv/lib/python3.9/site-packages/airflow/example_dags/example_xcom.py for tasks to queue
[2025-11-27T12:19:29.905-0300] {logging_mixin.py:188} INFO - [2025-11-27T12:19:29.905-0300] {dagbag.py:545} INFO - Filling up the DagBag from /Users/davispecia/Documents/GitHub/Pf_pipeline_dados/Projeto_final_fase3/venv/lib/python3.9/site-packages/airflow/example_dags/example_xcom.py
[2025-11-27T12:19:29.922-0300] {processor.py:840} INFO - DAG(s) 'example_xcom' retrieved from /Users/davispecia/Documents/GitHub/Pf_pipeline_dados/Projeto_final_fase3/venv/lib/python3.9/site-packages/airflow/example_dags/example_xcom.py
[2025-11-27T12:19:29.991-0300] {logging_mixin.py:188} INFO - [2025-11-27T12:19:29.991-0300] {dag.py:3089} INFO - Sync 1 DAGs
[2025-11-27T12:19:29.999-0300] {logging_mixin.py:188} INFO - [2025-11-27T12:19:29.999-0300] {dag.py:3947} INFO - Setting next_dagrun for example_xcom to 2021-01-01 00:00:00+00:00, run_after=2021-01-01 00:00:00+00:00
[2025-11-27T12:19:30.008-0300] {processor.py:183} INFO - Processing /Users/davispecia/Documents/GitHub/Pf_pipeline_dados/Projeto_final_fase3/venv/lib/python3.9/site-packages/airflow/example_dags/example_xcom.py took 0.106 seconds
[2025-11-27T12:20:30.836-0300] {processor.py:161} INFO - Started process (PID=1238) to work on /Users/davispecia/Documents/GitHub/Pf_pipeline_dados/Projeto_final_fase3/venv/lib/python3.9/site-packages/airflow/example_dags/example_xcom.py
[2025-11-27T12:20:30.837-0300] {processor.py:830} INFO - Processing file /Users/davispecia/Documents/GitHub/Pf_pipeline_dados/Projeto_final_fase3/venv/lib/python3.9/site-packages/airflow/example_dags/example_xcom.py for tasks to queue
[2025-11-27T12:20:30.837-0300] {logging_mixin.py:188} INFO - [2025-11-27T12:20:30.837-0300] {dagbag.py:545} INFO - Filling up the DagBag from /Users/davispecia/Documents/GitHub/Pf_pipeline_dados/Projeto_final_fase3/venv/lib/python3.9/site-packages/airflow/example_dags/example_xcom.py
[2025-11-27T12:20:30.854-0300] {processor.py:840} INFO - DAG(s) 'example_xcom' retrieved from /Users/davispecia/Documents/GitHub/Pf_pipeline_dados/Projeto_final_fase3/venv/lib/python3.9/site-packages/airflow/example_dags/example_xcom.py
[2025-11-27T12:20:30.924-0300] {logging_mixin.py:188} INFO - [2025-11-27T12:20:30.924-0300] {dag.py:3089} INFO - Sync 1 DAGs
[2025-11-27T12:20:30.932-0300] {logging_mixin.py:188} INFO - [2025-11-27T12:20:30.932-0300] {dag.py:3947} INFO - Setting next_dagrun for example_xcom to 2021-01-01 00:00:00+00:00, run_after=2021-01-01 00:00:00+00:00
[2025-11-27T12:20:30.941-0300] {processor.py:183} INFO - Processing /Users/davispecia/Documents/GitHub/Pf_pipeline_dados/Projeto_final_fase3/venv/lib/python3.9/site-packages/airflow/example_dags/example_xcom.py took 0.107 seconds
[2025-11-27T12:21:41.894-0300] {processor.py:161} INFO - Started process (PID=1497) to work on /Users/davispecia/Documents/GitHub/Pf_pipeline_dados/Projeto_final_fase3/venv/lib/python3.9/site-packages/airflow/example_dags/example_xcom.py
[2025-11-27T12:21:41.895-0300] {processor.py:830} INFO - Processing file /Users/davispecia/Documents/GitHub/Pf_pipeline_dados/Projeto_final_fase3/venv/lib/python3.9/site-packages/airflow/example_dags/example_xcom.py for tasks to queue
[2025-11-27T12:21:41.895-0300] {logging_mixin.py:188} INFO - [2025-11-27T12:21:41.895-0300] {dagbag.py:545} INFO - Filling up the DagBag from /Users/davispecia/Documents/GitHub/Pf_pipeline_dados/Projeto_final_fase3/venv/lib/python3.9/site-packages/airflow/example_dags/example_xcom.py
[2025-11-27T12:21:41.913-0300] {processor.py:840} INFO - DAG(s) 'example_xcom' retrieved from /Users/davispecia/Documents/GitHub/Pf_pipeline_dados/Projeto_final_fase3/venv/lib/python3.9/site-packages/airflow/example_dags/example_xcom.py
[2025-11-27T12:21:41.981-0300] {logging_mixin.py:188} INFO - [2025-11-27T12:21:41.981-0300] {dag.py:3089} INFO - Sync 1 DAGs
[2025-11-27T12:21:41.989-0300] {logging_mixin.py:188} INFO - [2025-11-27T12:21:41.989-0300] {dag.py:3947} INFO - Setting next_dagrun for example_xcom to 2021-01-01 00:00:00+00:00, run_after=2021-01-01 00:00:00+00:00
[2025-11-27T12:21:41.998-0300] {processor.py:183} INFO - Processing /Users/davispecia/Documents/GitHub/Pf_pipeline_dados/Projeto_final_fase3/venv/lib/python3.9/site-packages/airflow/example_dags/example_xcom.py took 0.106 seconds
[2025-11-27T12:22:44.024-0300] {processor.py:161} INFO - Started process (PID=1648) to work on /Users/davispecia/Documents/GitHub/Pf_pipeline_dados/Projeto_final_fase3/venv/lib/python3.9/site-packages/airflow/example_dags/example_xcom.py
[2025-11-27T12:22:44.025-0300] {processor.py:830} INFO - Processing file /Users/davispecia/Documents/GitHub/Pf_pipeline_dados/Projeto_final_fase3/venv/lib/python3.9/site-packages/airflow/example_dags/example_xcom.py for tasks to queue
[2025-11-27T12:22:44.025-0300] {logging_mixin.py:188} INFO - [2025-11-27T12:22:44.025-0300] {dagbag.py:545} INFO - Filling up the DagBag from /Users/davispecia/Documents/GitHub/Pf_pipeline_dados/Projeto_final_fase3/venv/lib/python3.9/site-packages/airflow/example_dags/example_xcom.py
[2025-11-27T12:22:44.042-0300] {processor.py:840} INFO - DAG(s) 'example_xcom' retrieved from /Users/davispecia/Documents/GitHub/Pf_pipeline_dados/Projeto_final_fase3/venv/lib/python3.9/site-packages/airflow/example_dags/example_xcom.py
[2025-11-27T12:22:44.111-0300] {logging_mixin.py:188} INFO - [2025-11-27T12:22:44.111-0300] {dag.py:3089} INFO - Sync 1 DAGs
[2025-11-27T12:22:44.119-0300] {logging_mixin.py:188} INFO - [2025-11-27T12:22:44.119-0300] {dag.py:3947} INFO - Setting next_dagrun for example_xcom to 2021-01-01 00:00:00+00:00, run_after=2021-01-01 00:00:00+00:00
[2025-11-27T12:22:44.127-0300] {processor.py:183} INFO - Processing /Users/davispecia/Documents/GitHub/Pf_pipeline_dados/Projeto_final_fase3/venv/lib/python3.9/site-packages/airflow/example_dags/example_xcom.py took 0.106 seconds
[2025-11-27T12:23:44.782-0300] {processor.py:161} INFO - Started process (PID=1807) to work on /Users/davispecia/Documents/GitHub/Pf_pipeline_dados/Projeto_final_fase3/venv/lib/python3.9/site-packages/airflow/example_dags/example_xcom.py
[2025-11-27T12:23:44.783-0300] {processor.py:830} INFO - Processing file /Users/davispecia/Documents/GitHub/Pf_pipeline_dados/Projeto_final_fase3/venv/lib/python3.9/site-packages/airflow/example_dags/example_xcom.py for tasks to queue
[2025-11-27T12:23:44.783-0300] {logging_mixin.py:188} INFO - [2025-11-27T12:23:44.783-0300] {dagbag.py:545} INFO - Filling up the DagBag from /Users/davispecia/Documents/GitHub/Pf_pipeline_dados/Projeto_final_fase3/venv/lib/python3.9/site-packages/airflow/example_dags/example_xcom.py
[2025-11-27T12:23:44.801-0300] {processor.py:840} INFO - DAG(s) 'example_xcom' retrieved from /Users/davispecia/Documents/GitHub/Pf_pipeline_dados/Projeto_final_fase3/venv/lib/python3.9/site-packages/airflow/example_dags/example_xcom.py
[2025-11-27T12:23:44.871-0300] {logging_mixin.py:188} INFO - [2025-11-27T12:23:44.871-0300] {dag.py:3089} INFO - Sync 1 DAGs
[2025-11-27T12:23:44.880-0300] {logging_mixin.py:188} INFO - [2025-11-27T12:23:44.880-0300] {dag.py:3947} INFO - Setting next_dagrun for example_xcom to 2021-01-01 00:00:00+00:00, run_after=2021-01-01 00:00:00+00:00
[2025-11-27T12:23:44.888-0300] {processor.py:183} INFO - Processing /Users/davispecia/Documents/GitHub/Pf_pipeline_dados/Projeto_final_fase3/venv/lib/python3.9/site-packages/airflow/example_dags/example_xcom.py took 0.108 seconds
[2025-11-27T12:24:45.380-0300] {processor.py:161} INFO - Started process (PID=1951) to work on /Users/davispecia/Documents/GitHub/Pf_pipeline_dados/Projeto_final_fase3/venv/lib/python3.9/site-packages/airflow/example_dags/example_xcom.py
[2025-11-27T12:24:45.382-0300] {processor.py:830} INFO - Processing file /Users/davispecia/Documents/GitHub/Pf_pipeline_dados/Projeto_final_fase3/venv/lib/python3.9/site-packages/airflow/example_dags/example_xcom.py for tasks to queue
[2025-11-27T12:24:45.382-0300] {logging_mixin.py:188} INFO - [2025-11-27T12:24:45.382-0300] {dagbag.py:545} INFO - Filling up the DagBag from /Users/davispecia/Documents/GitHub/Pf_pipeline_dados/Projeto_final_fase3/venv/lib/python3.9/site-packages/airflow/example_dags/example_xcom.py
[2025-11-27T12:24:45.399-0300] {processor.py:840} INFO - DAG(s) 'example_xcom' retrieved from /Users/davispecia/Documents/GitHub/Pf_pipeline_dados/Projeto_final_fase3/venv/lib/python3.9/site-packages/airflow/example_dags/example_xcom.py
[2025-11-27T12:24:45.468-0300] {logging_mixin.py:188} INFO - [2025-11-27T12:24:45.468-0300] {dag.py:3089} INFO - Sync 1 DAGs
[2025-11-27T12:24:45.476-0300] {logging_mixin.py:188} INFO - [2025-11-27T12:24:45.476-0300] {dag.py:3947} INFO - Setting next_dagrun for example_xcom to 2021-01-01 00:00:00+00:00, run_after=2021-01-01 00:00:00+00:00
[2025-11-27T12:24:45.485-0300] {processor.py:183} INFO - Processing /Users/davispecia/Documents/GitHub/Pf_pipeline_dados/Projeto_final_fase3/venv/lib/python3.9/site-packages/airflow/example_dags/example_xcom.py took 0.107 seconds
[2025-11-27T12:25:48.746-0300] {processor.py:161} INFO - Started process (PID=2112) to work on /Users/davispecia/Documents/GitHub/Pf_pipeline_dados/Projeto_final_fase3/venv/lib/python3.9/site-packages/airflow/example_dags/example_xcom.py
[2025-11-27T12:25:48.747-0300] {processor.py:830} INFO - Processing file /Users/davispecia/Documents/GitHub/Pf_pipeline_dados/Projeto_final_fase3/venv/lib/python3.9/site-packages/airflow/example_dags/example_xcom.py for tasks to queue
[2025-11-27T12:25:48.747-0300] {logging_mixin.py:188} INFO - [2025-11-27T12:25:48.747-0300] {dagbag.py:545} INFO - Filling up the DagBag from /Users/davispecia/Documents/GitHub/Pf_pipeline_dados/Projeto_final_fase3/venv/lib/python3.9/site-packages/airflow/example_dags/example_xcom.py
[2025-11-27T12:25:48.765-0300] {processor.py:840} INFO - DAG(s) 'example_xcom' retrieved from /Users/davispecia/Documents/GitHub/Pf_pipeline_dados/Projeto_final_fase3/venv/lib/python3.9/site-packages/airflow/example_dags/example_xcom.py
[2025-11-27T12:25:48.834-0300] {logging_mixin.py:188} INFO - [2025-11-27T12:25:48.833-0300] {dag.py:3089} INFO - Sync 1 DAGs
[2025-11-27T12:25:48.842-0300] {logging_mixin.py:188} INFO - [2025-11-27T12:25:48.842-0300] {dag.py:3947} INFO - Setting next_dagrun for example_xcom to 2021-01-01 00:00:00+00:00, run_after=2021-01-01 00:00:00+00:00
[2025-11-27T12:25:48.850-0300] {processor.py:183} INFO - Processing /Users/davispecia/Documents/GitHub/Pf_pipeline_dados/Projeto_final_fase3/venv/lib/python3.9/site-packages/airflow/example_dags/example_xcom.py took 0.106 seconds
[2025-11-27T12:26:57.667-0300] {processor.py:161} INFO - Started process (PID=2336) to work on /Users/davispecia/Documents/GitHub/Pf_pipeline_dados/Projeto_final_fase3/venv/lib/python3.9/site-packages/airflow/example_dags/example_xcom.py
[2025-11-27T12:26:57.668-0300] {processor.py:830} INFO - Processing file /Users/davispecia/Documents/GitHub/Pf_pipeline_dados/Projeto_final_fase3/venv/lib/python3.9/site-packages/airflow/example_dags/example_xcom.py for tasks to queue
[2025-11-27T12:26:57.669-0300] {logging_mixin.py:188} INFO - [2025-11-27T12:26:57.669-0300] {dagbag.py:545} INFO - Filling up the DagBag from /Users/davispecia/Documents/GitHub/Pf_pipeline_dados/Projeto_final_fase3/venv/lib/python3.9/site-packages/airflow/example_dags/example_xcom.py
[2025-11-27T12:26:57.687-0300] {processor.py:840} INFO - DAG(s) 'example_xcom' retrieved from /Users/davispecia/Documents/GitHub/Pf_pipeline_dados/Projeto_final_fase3/venv/lib/python3.9/site-packages/airflow/example_dags/example_xcom.py
[2025-11-27T12:26:57.757-0300] {logging_mixin.py:188} INFO - [2025-11-27T12:26:57.756-0300] {dag.py:3089} INFO - Sync 1 DAGs
[2025-11-27T12:26:57.765-0300] {logging_mixin.py:188} INFO - [2025-11-27T12:26:57.765-0300] {dag.py:3947} INFO - Setting next_dagrun for example_xcom to 2021-01-01 00:00:00+00:00, run_after=2021-01-01 00:00:00+00:00
[2025-11-27T12:26:57.775-0300] {processor.py:183} INFO - Processing /Users/davispecia/Documents/GitHub/Pf_pipeline_dados/Projeto_final_fase3/venv/lib/python3.9/site-packages/airflow/example_dags/example_xcom.py took 0.109 seconds
[2025-11-27T12:28:03.547-0300] {processor.py:161} INFO - Started process (PID=2510) to work on /Users/davispecia/Documents/GitHub/Pf_pipeline_dados/Projeto_final_fase3/venv/lib/python3.9/site-packages/airflow/example_dags/example_xcom.py
[2025-11-27T12:28:03.548-0300] {processor.py:830} INFO - Processing file /Users/davispecia/Documents/GitHub/Pf_pipeline_dados/Projeto_final_fase3/venv/lib/python3.9/site-packages/airflow/example_dags/example_xcom.py for tasks to queue
[2025-11-27T12:28:03.548-0300] {logging_mixin.py:188} INFO - [2025-11-27T12:28:03.548-0300] {dagbag.py:545} INFO - Filling up the DagBag from /Users/davispecia/Documents/GitHub/Pf_pipeline_dados/Projeto_final_fase3/venv/lib/python3.9/site-packages/airflow/example_dags/example_xcom.py
[2025-11-27T12:28:03.565-0300] {processor.py:840} INFO - DAG(s) 'example_xcom' retrieved from /Users/davispecia/Documents/GitHub/Pf_pipeline_dados/Projeto_final_fase3/venv/lib/python3.9/site-packages/airflow/example_dags/example_xcom.py
[2025-11-27T12:28:03.640-0300] {logging_mixin.py:188} INFO - [2025-11-27T12:28:03.640-0300] {dag.py:3089} INFO - Sync 1 DAGs
[2025-11-27T12:28:03.648-0300] {logging_mixin.py:188} INFO - [2025-11-27T12:28:03.648-0300] {dag.py:3947} INFO - Setting next_dagrun for example_xcom to 2021-01-01 00:00:00+00:00, run_after=2021-01-01 00:00:00+00:00
[2025-11-27T12:28:03.657-0300] {processor.py:183} INFO - Processing /Users/davispecia/Documents/GitHub/Pf_pipeline_dados/Projeto_final_fase3/venv/lib/python3.9/site-packages/airflow/example_dags/example_xcom.py took 0.111 seconds
[2025-11-27T13:41:57.414-0300] {processor.py:161} INFO - Started process (PID=2812) to work on /Users/davispecia/Documents/GitHub/Pf_pipeline_dados/Projeto_final_fase3/venv/lib/python3.9/site-packages/airflow/example_dags/example_xcom.py
[2025-11-27T13:41:57.414-0300] {processor.py:830} INFO - Processing file /Users/davispecia/Documents/GitHub/Pf_pipeline_dados/Projeto_final_fase3/venv/lib/python3.9/site-packages/airflow/example_dags/example_xcom.py for tasks to queue
[2025-11-27T13:41:57.415-0300] {logging_mixin.py:188} INFO - [2025-11-27T13:41:57.415-0300] {dagbag.py:545} INFO - Filling up the DagBag from /Users/davispecia/Documents/GitHub/Pf_pipeline_dados/Projeto_final_fase3/venv/lib/python3.9/site-packages/airflow/example_dags/example_xcom.py
[2025-11-27T13:41:57.432-0300] {processor.py:840} INFO - DAG(s) 'example_xcom' retrieved from /Users/davispecia/Documents/GitHub/Pf_pipeline_dados/Projeto_final_fase3/venv/lib/python3.9/site-packages/airflow/example_dags/example_xcom.py
[2025-11-27T13:41:57.500-0300] {logging_mixin.py:188} INFO - [2025-11-27T13:41:57.500-0300] {dag.py:3089} INFO - Sync 1 DAGs
[2025-11-27T13:41:57.509-0300] {logging_mixin.py:188} INFO - [2025-11-27T13:41:57.508-0300] {dag.py:3947} INFO - Setting next_dagrun for example_xcom to 2021-01-01 00:00:00+00:00, run_after=2021-01-01 00:00:00+00:00
[2025-11-27T13:41:57.519-0300] {processor.py:183} INFO - Processing /Users/davispecia/Documents/GitHub/Pf_pipeline_dados/Projeto_final_fase3/venv/lib/python3.9/site-packages/airflow/example_dags/example_xcom.py took 0.107 seconds
[2025-11-27T14:08:05.966-0300] {processor.py:161} INFO - Started process (PID=3250) to work on /Users/davispecia/Documents/GitHub/Pf_pipeline_dados/Projeto_final_fase3/venv/lib/python3.9/site-packages/airflow/example_dags/example_xcom.py
[2025-11-27T14:08:05.966-0300] {processor.py:830} INFO - Processing file /Users/davispecia/Documents/GitHub/Pf_pipeline_dados/Projeto_final_fase3/venv/lib/python3.9/site-packages/airflow/example_dags/example_xcom.py for tasks to queue
[2025-11-27T14:08:05.967-0300] {logging_mixin.py:188} INFO - [2025-11-27T14:08:05.967-0300] {dagbag.py:545} INFO - Filling up the DagBag from /Users/davispecia/Documents/GitHub/Pf_pipeline_dados/Projeto_final_fase3/venv/lib/python3.9/site-packages/airflow/example_dags/example_xcom.py
[2025-11-27T14:08:05.986-0300] {processor.py:840} INFO - DAG(s) 'example_xcom' retrieved from /Users/davispecia/Documents/GitHub/Pf_pipeline_dados/Projeto_final_fase3/venv/lib/python3.9/site-packages/airflow/example_dags/example_xcom.py
[2025-11-27T14:08:06.125-0300] {logging_mixin.py:188} INFO - [2025-11-27T14:08:06.124-0300] {dag.py:3089} INFO - Sync 1 DAGs
[2025-11-27T14:08:06.133-0300] {logging_mixin.py:188} INFO - [2025-11-27T14:08:06.133-0300] {dag.py:3947} INFO - Setting next_dagrun for example_xcom to 2021-01-01 00:00:00+00:00, run_after=2021-01-01 00:00:00+00:00
[2025-11-27T14:08:06.144-0300] {processor.py:183} INFO - Processing /Users/davispecia/Documents/GitHub/Pf_pipeline_dados/Projeto_final_fase3/venv/lib/python3.9/site-packages/airflow/example_dags/example_xcom.py took 0.181 seconds
[2025-11-27T14:09:40.334-0300] {processor.py:161} INFO - Started process (PID=3542) to work on /Users/davispecia/Documents/GitHub/Pf_pipeline_dados/Projeto_final_fase3/venv/lib/python3.9/site-packages/airflow/example_dags/example_xcom.py
[2025-11-27T14:09:40.335-0300] {processor.py:830} INFO - Processing file /Users/davispecia/Documents/GitHub/Pf_pipeline_dados/Projeto_final_fase3/venv/lib/python3.9/site-packages/airflow/example_dags/example_xcom.py for tasks to queue
[2025-11-27T14:09:40.335-0300] {logging_mixin.py:188} INFO - [2025-11-27T14:09:40.335-0300] {dagbag.py:545} INFO - Filling up the DagBag from /Users/davispecia/Documents/GitHub/Pf_pipeline_dados/Projeto_final_fase3/venv/lib/python3.9/site-packages/airflow/example_dags/example_xcom.py
[2025-11-27T14:09:40.353-0300] {processor.py:840} INFO - DAG(s) 'example_xcom' retrieved from /Users/davispecia/Documents/GitHub/Pf_pipeline_dados/Projeto_final_fase3/venv/lib/python3.9/site-packages/airflow/example_dags/example_xcom.py
[2025-11-27T14:09:40.425-0300] {logging_mixin.py:188} INFO - [2025-11-27T14:09:40.425-0300] {dag.py:3089} INFO - Sync 1 DAGs
[2025-11-27T14:09:40.433-0300] {logging_mixin.py:188} INFO - [2025-11-27T14:09:40.433-0300] {dag.py:3947} INFO - Setting next_dagrun for example_xcom to 2021-01-01 00:00:00+00:00, run_after=2021-01-01 00:00:00+00:00
[2025-11-27T14:09:40.441-0300] {processor.py:183} INFO - Processing /Users/davispecia/Documents/GitHub/Pf_pipeline_dados/Projeto_final_fase3/venv/lib/python3.9/site-packages/airflow/example_dags/example_xcom.py took 0.110 seconds
[2025-11-27T14:10:43.715-0300] {processor.py:161} INFO - Started process (PID=3692) to work on /Users/davispecia/Documents/GitHub/Pf_pipeline_dados/Projeto_final_fase3/venv/lib/python3.9/site-packages/airflow/example_dags/example_xcom.py
[2025-11-27T14:10:43.715-0300] {processor.py:830} INFO - Processing file /Users/davispecia/Documents/GitHub/Pf_pipeline_dados/Projeto_final_fase3/venv/lib/python3.9/site-packages/airflow/example_dags/example_xcom.py for tasks to queue
[2025-11-27T14:10:43.716-0300] {logging_mixin.py:188} INFO - [2025-11-27T14:10:43.716-0300] {dagbag.py:545} INFO - Filling up the DagBag from /Users/davispecia/Documents/GitHub/Pf_pipeline_dados/Projeto_final_fase3/venv/lib/python3.9/site-packages/airflow/example_dags/example_xcom.py
[2025-11-27T14:10:43.735-0300] {processor.py:840} INFO - DAG(s) 'example_xcom' retrieved from /Users/davispecia/Documents/GitHub/Pf_pipeline_dados/Projeto_final_fase3/venv/lib/python3.9/site-packages/airflow/example_dags/example_xcom.py
[2025-11-27T14:10:43.806-0300] {logging_mixin.py:188} INFO - [2025-11-27T14:10:43.806-0300] {dag.py:3089} INFO - Sync 1 DAGs
[2025-11-27T14:10:43.815-0300] {logging_mixin.py:188} INFO - [2025-11-27T14:10:43.814-0300] {dag.py:3947} INFO - Setting next_dagrun for example_xcom to 2021-01-01 00:00:00+00:00, run_after=2021-01-01 00:00:00+00:00
[2025-11-27T14:10:43.824-0300] {processor.py:183} INFO - Processing /Users/davispecia/Documents/GitHub/Pf_pipeline_dados/Projeto_final_fase3/venv/lib/python3.9/site-packages/airflow/example_dags/example_xcom.py took 0.112 seconds
[2025-11-27T14:11:45.303-0300] {processor.py:161} INFO - Started process (PID=3835) to work on /Users/davispecia/Documents/GitHub/Pf_pipeline_dados/Projeto_final_fase3/venv/lib/python3.9/site-packages/airflow/example_dags/example_xcom.py
[2025-11-27T14:11:45.304-0300] {processor.py:830} INFO - Processing file /Users/davispecia/Documents/GitHub/Pf_pipeline_dados/Projeto_final_fase3/venv/lib/python3.9/site-packages/airflow/example_dags/example_xcom.py for tasks to queue
[2025-11-27T14:11:45.305-0300] {logging_mixin.py:188} INFO - [2025-11-27T14:11:45.305-0300] {dagbag.py:545} INFO - Filling up the DagBag from /Users/davispecia/Documents/GitHub/Pf_pipeline_dados/Projeto_final_fase3/venv/lib/python3.9/site-packages/airflow/example_dags/example_xcom.py
[2025-11-27T14:11:45.322-0300] {processor.py:840} INFO - DAG(s) 'example_xcom' retrieved from /Users/davispecia/Documents/GitHub/Pf_pipeline_dados/Projeto_final_fase3/venv/lib/python3.9/site-packages/airflow/example_dags/example_xcom.py
[2025-11-27T14:11:45.392-0300] {logging_mixin.py:188} INFO - [2025-11-27T14:11:45.391-0300] {dag.py:3089} INFO - Sync 1 DAGs
[2025-11-27T14:11:45.400-0300] {logging_mixin.py:188} INFO - [2025-11-27T14:11:45.399-0300] {dag.py:3947} INFO - Setting next_dagrun for example_xcom to 2021-01-01 00:00:00+00:00, run_after=2021-01-01 00:00:00+00:00
[2025-11-27T14:11:45.410-0300] {processor.py:183} INFO - Processing /Users/davispecia/Documents/GitHub/Pf_pipeline_dados/Projeto_final_fase3/venv/lib/python3.9/site-packages/airflow/example_dags/example_xcom.py took 0.109 seconds
[2025-11-27T14:12:45.055-0300] {processor.py:161} INFO - Started process (PID=3988) to work on /Users/davispecia/Documents/GitHub/Pf_pipeline_dados/Projeto_final_fase3/venv/lib/python3.9/site-packages/airflow/example_dags/example_xcom.py
[2025-11-27T14:12:45.055-0300] {processor.py:830} INFO - Processing file /Users/davispecia/Documents/GitHub/Pf_pipeline_dados/Projeto_final_fase3/venv/lib/python3.9/site-packages/airflow/example_dags/example_xcom.py for tasks to queue
[2025-11-27T14:12:45.056-0300] {logging_mixin.py:188} INFO - [2025-11-27T14:12:45.056-0300] {dagbag.py:545} INFO - Filling up the DagBag from /Users/davispecia/Documents/GitHub/Pf_pipeline_dados/Projeto_final_fase3/venv/lib/python3.9/site-packages/airflow/example_dags/example_xcom.py
[2025-11-27T14:12:45.073-0300] {processor.py:840} INFO - DAG(s) 'example_xcom' retrieved from /Users/davispecia/Documents/GitHub/Pf_pipeline_dados/Projeto_final_fase3/venv/lib/python3.9/site-packages/airflow/example_dags/example_xcom.py
[2025-11-27T14:12:45.144-0300] {logging_mixin.py:188} INFO - [2025-11-27T14:12:45.144-0300] {dag.py:3089} INFO - Sync 1 DAGs
[2025-11-27T14:12:45.152-0300] {logging_mixin.py:188} INFO - [2025-11-27T14:12:45.152-0300] {dag.py:3947} INFO - Setting next_dagrun for example_xcom to 2021-01-01 00:00:00+00:00, run_after=2021-01-01 00:00:00+00:00
[2025-11-27T14:12:45.161-0300] {processor.py:183} INFO - Processing /Users/davispecia/Documents/GitHub/Pf_pipeline_dados/Projeto_final_fase3/venv/lib/python3.9/site-packages/airflow/example_dags/example_xcom.py took 0.108 seconds
[2025-11-27T14:13:49.732-0300] {processor.py:161} INFO - Started process (PID=4170) to work on /Users/davispecia/Documents/GitHub/Pf_pipeline_dados/Projeto_final_fase3/venv/lib/python3.9/site-packages/airflow/example_dags/example_xcom.py
[2025-11-27T14:13:49.733-0300] {processor.py:830} INFO - Processing file /Users/davispecia/Documents/GitHub/Pf_pipeline_dados/Projeto_final_fase3/venv/lib/python3.9/site-packages/airflow/example_dags/example_xcom.py for tasks to queue
[2025-11-27T14:13:49.736-0300] {logging_mixin.py:188} INFO - [2025-11-27T14:13:49.736-0300] {dagbag.py:545} INFO - Filling up the DagBag from /Users/davispecia/Documents/GitHub/Pf_pipeline_dados/Projeto_final_fase3/venv/lib/python3.9/site-packages/airflow/example_dags/example_xcom.py
[2025-11-27T14:13:49.767-0300] {processor.py:840} INFO - DAG(s) 'example_xcom' retrieved from /Users/davispecia/Documents/GitHub/Pf_pipeline_dados/Projeto_final_fase3/venv/lib/python3.9/site-packages/airflow/example_dags/example_xcom.py
[2025-11-27T14:13:49.892-0300] {logging_mixin.py:188} INFO - [2025-11-27T14:13:49.892-0300] {dag.py:3089} INFO - Sync 1 DAGs
[2025-11-27T14:13:49.901-0300] {logging_mixin.py:188} INFO - [2025-11-27T14:13:49.901-0300] {dag.py:3947} INFO - Setting next_dagrun for example_xcom to 2021-01-01 00:00:00+00:00, run_after=2021-01-01 00:00:00+00:00
[2025-11-27T14:13:49.910-0300] {processor.py:183} INFO - Processing /Users/davispecia/Documents/GitHub/Pf_pipeline_dados/Projeto_final_fase3/venv/lib/python3.9/site-packages/airflow/example_dags/example_xcom.py took 0.182 seconds
[2025-11-27T14:15:08.352-0300] {processor.py:161} INFO - Started process (PID=4416) to work on /Users/davispecia/Documents/GitHub/Pf_pipeline_dados/Projeto_final_fase3/venv/lib/python3.9/site-packages/airflow/example_dags/example_xcom.py
[2025-11-27T14:15:08.353-0300] {processor.py:830} INFO - Processing file /Users/davispecia/Documents/GitHub/Pf_pipeline_dados/Projeto_final_fase3/venv/lib/python3.9/site-packages/airflow/example_dags/example_xcom.py for tasks to queue
[2025-11-27T14:15:08.354-0300] {logging_mixin.py:188} INFO - [2025-11-27T14:15:08.354-0300] {dagbag.py:545} INFO - Filling up the DagBag from /Users/davispecia/Documents/GitHub/Pf_pipeline_dados/Projeto_final_fase3/venv/lib/python3.9/site-packages/airflow/example_dags/example_xcom.py
[2025-11-27T14:15:08.372-0300] {processor.py:840} INFO - DAG(s) 'example_xcom' retrieved from /Users/davispecia/Documents/GitHub/Pf_pipeline_dados/Projeto_final_fase3/venv/lib/python3.9/site-packages/airflow/example_dags/example_xcom.py
[2025-11-27T14:15:08.448-0300] {logging_mixin.py:188} INFO - [2025-11-27T14:15:08.448-0300] {dag.py:3089} INFO - Sync 1 DAGs
[2025-11-27T14:15:08.456-0300] {logging_mixin.py:188} INFO - [2025-11-27T14:15:08.456-0300] {dag.py:3947} INFO - Setting next_dagrun for example_xcom to 2021-01-01 00:00:00+00:00, run_after=2021-01-01 00:00:00+00:00
[2025-11-27T14:15:08.465-0300] {processor.py:183} INFO - Processing /Users/davispecia/Documents/GitHub/Pf_pipeline_dados/Projeto_final_fase3/venv/lib/python3.9/site-packages/airflow/example_dags/example_xcom.py took 0.115 seconds
[2025-11-27T14:16:14.473-0300] {processor.py:161} INFO - Started process (PID=4575) to work on /Users/davispecia/Documents/GitHub/Pf_pipeline_dados/Projeto_final_fase3/venv/lib/python3.9/site-packages/airflow/example_dags/example_xcom.py
[2025-11-27T14:16:14.475-0300] {processor.py:830} INFO - Processing file /Users/davispecia/Documents/GitHub/Pf_pipeline_dados/Projeto_final_fase3/venv/lib/python3.9/site-packages/airflow/example_dags/example_xcom.py for tasks to queue
[2025-11-27T14:16:14.475-0300] {logging_mixin.py:188} INFO - [2025-11-27T14:16:14.475-0300] {dagbag.py:545} INFO - Filling up the DagBag from /Users/davispecia/Documents/GitHub/Pf_pipeline_dados/Projeto_final_fase3/venv/lib/python3.9/site-packages/airflow/example_dags/example_xcom.py
[2025-11-27T14:16:14.494-0300] {processor.py:840} INFO - DAG(s) 'example_xcom' retrieved from /Users/davispecia/Documents/GitHub/Pf_pipeline_dados/Projeto_final_fase3/venv/lib/python3.9/site-packages/airflow/example_dags/example_xcom.py
[2025-11-27T14:16:14.564-0300] {logging_mixin.py:188} INFO - [2025-11-27T14:16:14.564-0300] {dag.py:3089} INFO - Sync 1 DAGs
[2025-11-27T14:16:14.572-0300] {logging_mixin.py:188} INFO - [2025-11-27T14:16:14.572-0300] {dag.py:3947} INFO - Setting next_dagrun for example_xcom to 2021-01-01 00:00:00+00:00, run_after=2021-01-01 00:00:00+00:00
[2025-11-27T14:16:14.581-0300] {processor.py:183} INFO - Processing /Users/davispecia/Documents/GitHub/Pf_pipeline_dados/Projeto_final_fase3/venv/lib/python3.9/site-packages/airflow/example_dags/example_xcom.py took 0.110 seconds
[2025-11-27T14:17:19.524-0300] {processor.py:161} INFO - Started process (PID=4730) to work on /Users/davispecia/Documents/GitHub/Pf_pipeline_dados/Projeto_final_fase3/venv/lib/python3.9/site-packages/airflow/example_dags/example_xcom.py
[2025-11-27T14:17:19.525-0300] {processor.py:830} INFO - Processing file /Users/davispecia/Documents/GitHub/Pf_pipeline_dados/Projeto_final_fase3/venv/lib/python3.9/site-packages/airflow/example_dags/example_xcom.py for tasks to queue
[2025-11-27T14:17:19.525-0300] {logging_mixin.py:188} INFO - [2025-11-27T14:17:19.525-0300] {dagbag.py:545} INFO - Filling up the DagBag from /Users/davispecia/Documents/GitHub/Pf_pipeline_dados/Projeto_final_fase3/venv/lib/python3.9/site-packages/airflow/example_dags/example_xcom.py
[2025-11-27T14:17:19.542-0300] {processor.py:840} INFO - DAG(s) 'example_xcom' retrieved from /Users/davispecia/Documents/GitHub/Pf_pipeline_dados/Projeto_final_fase3/venv/lib/python3.9/site-packages/airflow/example_dags/example_xcom.py
[2025-11-27T14:17:19.611-0300] {logging_mixin.py:188} INFO - [2025-11-27T14:17:19.611-0300] {dag.py:3089} INFO - Sync 1 DAGs
[2025-11-27T14:17:19.620-0300] {logging_mixin.py:188} INFO - [2025-11-27T14:17:19.620-0300] {dag.py:3947} INFO - Setting next_dagrun for example_xcom to 2021-01-01 00:00:00+00:00, run_after=2021-01-01 00:00:00+00:00
[2025-11-27T14:17:19.629-0300] {processor.py:183} INFO - Processing /Users/davispecia/Documents/GitHub/Pf_pipeline_dados/Projeto_final_fase3/venv/lib/python3.9/site-packages/airflow/example_dags/example_xcom.py took 0.107 seconds
[2025-11-27T14:18:30.910-0300] {processor.py:161} INFO - Started process (PID=4902) to work on /Users/davispecia/Documents/GitHub/Pf_pipeline_dados/Projeto_final_fase3/venv/lib/python3.9/site-packages/airflow/example_dags/example_xcom.py
[2025-11-27T14:18:30.911-0300] {processor.py:830} INFO - Processing file /Users/davispecia/Documents/GitHub/Pf_pipeline_dados/Projeto_final_fase3/venv/lib/python3.9/site-packages/airflow/example_dags/example_xcom.py for tasks to queue
[2025-11-27T14:18:30.912-0300] {logging_mixin.py:188} INFO - [2025-11-27T14:18:30.911-0300] {dagbag.py:545} INFO - Filling up the DagBag from /Users/davispecia/Documents/GitHub/Pf_pipeline_dados/Projeto_final_fase3/venv/lib/python3.9/site-packages/airflow/example_dags/example_xcom.py
[2025-11-27T14:18:30.931-0300] {processor.py:840} INFO - DAG(s) 'example_xcom' retrieved from /Users/davispecia/Documents/GitHub/Pf_pipeline_dados/Projeto_final_fase3/venv/lib/python3.9/site-packages/airflow/example_dags/example_xcom.py
[2025-11-27T14:18:31.006-0300] {logging_mixin.py:188} INFO - [2025-11-27T14:18:31.006-0300] {dag.py:3089} INFO - Sync 1 DAGs
[2025-11-27T14:18:31.014-0300] {logging_mixin.py:188} INFO - [2025-11-27T14:18:31.014-0300] {dag.py:3947} INFO - Setting next_dagrun for example_xcom to 2021-01-01 00:00:00+00:00, run_after=2021-01-01 00:00:00+00:00
[2025-11-27T14:18:31.025-0300] {processor.py:183} INFO - Processing /Users/davispecia/Documents/GitHub/Pf_pipeline_dados/Projeto_final_fase3/venv/lib/python3.9/site-packages/airflow/example_dags/example_xcom.py took 0.117 seconds
[2025-11-27T14:19:40.379-0300] {processor.py:161} INFO - Started process (PID=5064) to work on /Users/davispecia/Documents/GitHub/Pf_pipeline_dados/Projeto_final_fase3/venv/lib/python3.9/site-packages/airflow/example_dags/example_xcom.py
[2025-11-27T14:19:40.380-0300] {processor.py:830} INFO - Processing file /Users/davispecia/Documents/GitHub/Pf_pipeline_dados/Projeto_final_fase3/venv/lib/python3.9/site-packages/airflow/example_dags/example_xcom.py for tasks to queue
[2025-11-27T14:19:40.380-0300] {logging_mixin.py:188} INFO - [2025-11-27T14:19:40.380-0300] {dagbag.py:545} INFO - Filling up the DagBag from /Users/davispecia/Documents/GitHub/Pf_pipeline_dados/Projeto_final_fase3/venv/lib/python3.9/site-packages/airflow/example_dags/example_xcom.py
[2025-11-27T14:19:40.400-0300] {processor.py:840} INFO - DAG(s) 'example_xcom' retrieved from /Users/davispecia/Documents/GitHub/Pf_pipeline_dados/Projeto_final_fase3/venv/lib/python3.9/site-packages/airflow/example_dags/example_xcom.py
[2025-11-27T14:19:40.471-0300] {logging_mixin.py:188} INFO - [2025-11-27T14:19:40.471-0300] {dag.py:3089} INFO - Sync 1 DAGs
[2025-11-27T14:19:40.479-0300] {logging_mixin.py:188} INFO - [2025-11-27T14:19:40.479-0300] {dag.py:3947} INFO - Setting next_dagrun for example_xcom to 2021-01-01 00:00:00+00:00, run_after=2021-01-01 00:00:00+00:00
[2025-11-27T14:19:40.488-0300] {processor.py:183} INFO - Processing /Users/davispecia/Documents/GitHub/Pf_pipeline_dados/Projeto_final_fase3/venv/lib/python3.9/site-packages/airflow/example_dags/example_xcom.py took 0.114 seconds
[2025-11-27T14:20:55.390-0300] {processor.py:161} INFO - Started process (PID=5306) to work on /Users/davispecia/Documents/GitHub/Pf_pipeline_dados/Projeto_final_fase3/venv/lib/python3.9/site-packages/airflow/example_dags/example_xcom.py
[2025-11-27T14:20:55.391-0300] {processor.py:830} INFO - Processing file /Users/davispecia/Documents/GitHub/Pf_pipeline_dados/Projeto_final_fase3/venv/lib/python3.9/site-packages/airflow/example_dags/example_xcom.py for tasks to queue
[2025-11-27T14:20:55.391-0300] {logging_mixin.py:188} INFO - [2025-11-27T14:20:55.391-0300] {dagbag.py:545} INFO - Filling up the DagBag from /Users/davispecia/Documents/GitHub/Pf_pipeline_dados/Projeto_final_fase3/venv/lib/python3.9/site-packages/airflow/example_dags/example_xcom.py
[2025-11-27T14:20:55.412-0300] {processor.py:840} INFO - DAG(s) 'example_xcom' retrieved from /Users/davispecia/Documents/GitHub/Pf_pipeline_dados/Projeto_final_fase3/venv/lib/python3.9/site-packages/airflow/example_dags/example_xcom.py
[2025-11-27T14:20:55.485-0300] {logging_mixin.py:188} INFO - [2025-11-27T14:20:55.485-0300] {dag.py:3089} INFO - Sync 1 DAGs
[2025-11-27T14:20:55.493-0300] {logging_mixin.py:188} INFO - [2025-11-27T14:20:55.493-0300] {dag.py:3947} INFO - Setting next_dagrun for example_xcom to 2021-01-01 00:00:00+00:00, run_after=2021-01-01 00:00:00+00:00
[2025-11-27T14:20:55.502-0300] {processor.py:183} INFO - Processing /Users/davispecia/Documents/GitHub/Pf_pipeline_dados/Projeto_final_fase3/venv/lib/python3.9/site-packages/airflow/example_dags/example_xcom.py took 0.115 seconds
[2025-11-27T14:22:00.540-0300] {processor.py:161} INFO - Started process (PID=5453) to work on /Users/davispecia/Documents/GitHub/Pf_pipeline_dados/Projeto_final_fase3/venv/lib/python3.9/site-packages/airflow/example_dags/example_xcom.py
[2025-11-27T14:22:00.541-0300] {processor.py:830} INFO - Processing file /Users/davispecia/Documents/GitHub/Pf_pipeline_dados/Projeto_final_fase3/venv/lib/python3.9/site-packages/airflow/example_dags/example_xcom.py for tasks to queue
[2025-11-27T14:22:00.541-0300] {logging_mixin.py:188} INFO - [2025-11-27T14:22:00.541-0300] {dagbag.py:545} INFO - Filling up the DagBag from /Users/davispecia/Documents/GitHub/Pf_pipeline_dados/Projeto_final_fase3/venv/lib/python3.9/site-packages/airflow/example_dags/example_xcom.py
[2025-11-27T14:22:00.559-0300] {processor.py:840} INFO - DAG(s) 'example_xcom' retrieved from /Users/davispecia/Documents/GitHub/Pf_pipeline_dados/Projeto_final_fase3/venv/lib/python3.9/site-packages/airflow/example_dags/example_xcom.py
[2025-11-27T14:22:00.630-0300] {logging_mixin.py:188} INFO - [2025-11-27T14:22:00.630-0300] {dag.py:3089} INFO - Sync 1 DAGs
[2025-11-27T14:22:00.639-0300] {logging_mixin.py:188} INFO - [2025-11-27T14:22:00.638-0300] {dag.py:3947} INFO - Setting next_dagrun for example_xcom to 2021-01-01 00:00:00+00:00, run_after=2021-01-01 00:00:00+00:00
[2025-11-27T14:22:00.647-0300] {processor.py:183} INFO - Processing /Users/davispecia/Documents/GitHub/Pf_pipeline_dados/Projeto_final_fase3/venv/lib/python3.9/site-packages/airflow/example_dags/example_xcom.py took 0.110 seconds
[2025-11-27T14:23:06.183-0300] {processor.py:161} INFO - Started process (PID=5609) to work on /Users/davispecia/Documents/GitHub/Pf_pipeline_dados/Projeto_final_fase3/venv/lib/python3.9/site-packages/airflow/example_dags/example_xcom.py
[2025-11-27T14:23:06.183-0300] {processor.py:830} INFO - Processing file /Users/davispecia/Documents/GitHub/Pf_pipeline_dados/Projeto_final_fase3/venv/lib/python3.9/site-packages/airflow/example_dags/example_xcom.py for tasks to queue
[2025-11-27T14:23:06.184-0300] {logging_mixin.py:188} INFO - [2025-11-27T14:23:06.184-0300] {dagbag.py:545} INFO - Filling up the DagBag from /Users/davispecia/Documents/GitHub/Pf_pipeline_dados/Projeto_final_fase3/venv/lib/python3.9/site-packages/airflow/example_dags/example_xcom.py
[2025-11-27T14:23:06.202-0300] {processor.py:840} INFO - DAG(s) 'example_xcom' retrieved from /Users/davispecia/Documents/GitHub/Pf_pipeline_dados/Projeto_final_fase3/venv/lib/python3.9/site-packages/airflow/example_dags/example_xcom.py
[2025-11-27T14:23:06.273-0300] {logging_mixin.py:188} INFO - [2025-11-27T14:23:06.273-0300] {dag.py:3089} INFO - Sync 1 DAGs
[2025-11-27T14:23:06.281-0300] {logging_mixin.py:188} INFO - [2025-11-27T14:23:06.281-0300] {dag.py:3947} INFO - Setting next_dagrun for example_xcom to 2021-01-01 00:00:00+00:00, run_after=2021-01-01 00:00:00+00:00
[2025-11-27T14:23:06.290-0300] {processor.py:183} INFO - Processing /Users/davispecia/Documents/GitHub/Pf_pipeline_dados/Projeto_final_fase3/venv/lib/python3.9/site-packages/airflow/example_dags/example_xcom.py took 0.109 seconds
[2025-11-27T14:24:13.726-0300] {processor.py:161} INFO - Started process (PID=5767) to work on /Users/davispecia/Documents/GitHub/Pf_pipeline_dados/Projeto_final_fase3/venv/lib/python3.9/site-packages/airflow/example_dags/example_xcom.py
[2025-11-27T14:24:13.727-0300] {processor.py:830} INFO - Processing file /Users/davispecia/Documents/GitHub/Pf_pipeline_dados/Projeto_final_fase3/venv/lib/python3.9/site-packages/airflow/example_dags/example_xcom.py for tasks to queue
[2025-11-27T14:24:13.727-0300] {logging_mixin.py:188} INFO - [2025-11-27T14:24:13.727-0300] {dagbag.py:545} INFO - Filling up the DagBag from /Users/davispecia/Documents/GitHub/Pf_pipeline_dados/Projeto_final_fase3/venv/lib/python3.9/site-packages/airflow/example_dags/example_xcom.py
[2025-11-27T14:24:13.745-0300] {processor.py:840} INFO - DAG(s) 'example_xcom' retrieved from /Users/davispecia/Documents/GitHub/Pf_pipeline_dados/Projeto_final_fase3/venv/lib/python3.9/site-packages/airflow/example_dags/example_xcom.py
[2025-11-27T14:24:13.821-0300] {logging_mixin.py:188} INFO - [2025-11-27T14:24:13.821-0300] {dag.py:3089} INFO - Sync 1 DAGs
[2025-11-27T14:24:13.829-0300] {logging_mixin.py:188} INFO - [2025-11-27T14:24:13.829-0300] {dag.py:3947} INFO - Setting next_dagrun for example_xcom to 2021-01-01 00:00:00+00:00, run_after=2021-01-01 00:00:00+00:00
[2025-11-27T14:24:13.838-0300] {processor.py:183} INFO - Processing /Users/davispecia/Documents/GitHub/Pf_pipeline_dados/Projeto_final_fase3/venv/lib/python3.9/site-packages/airflow/example_dags/example_xcom.py took 0.114 seconds
[2025-11-27T14:25:24.669-0300] {processor.py:161} INFO - Started process (PID=5925) to work on /Users/davispecia/Documents/GitHub/Pf_pipeline_dados/Projeto_final_fase3/venv/lib/python3.9/site-packages/airflow/example_dags/example_xcom.py
[2025-11-27T14:25:24.669-0300] {processor.py:830} INFO - Processing file /Users/davispecia/Documents/GitHub/Pf_pipeline_dados/Projeto_final_fase3/venv/lib/python3.9/site-packages/airflow/example_dags/example_xcom.py for tasks to queue
[2025-11-27T14:25:24.670-0300] {logging_mixin.py:188} INFO - [2025-11-27T14:25:24.670-0300] {dagbag.py:545} INFO - Filling up the DagBag from /Users/davispecia/Documents/GitHub/Pf_pipeline_dados/Projeto_final_fase3/venv/lib/python3.9/site-packages/airflow/example_dags/example_xcom.py
[2025-11-27T14:25:24.688-0300] {processor.py:840} INFO - DAG(s) 'example_xcom' retrieved from /Users/davispecia/Documents/GitHub/Pf_pipeline_dados/Projeto_final_fase3/venv/lib/python3.9/site-packages/airflow/example_dags/example_xcom.py
[2025-11-27T14:25:24.770-0300] {logging_mixin.py:188} INFO - [2025-11-27T14:25:24.769-0300] {dag.py:3089} INFO - Sync 1 DAGs
[2025-11-27T14:25:24.778-0300] {logging_mixin.py:188} INFO - [2025-11-27T14:25:24.778-0300] {dag.py:3947} INFO - Setting next_dagrun for example_xcom to 2021-01-01 00:00:00+00:00, run_after=2021-01-01 00:00:00+00:00
[2025-11-27T14:25:24.788-0300] {processor.py:183} INFO - Processing /Users/davispecia/Documents/GitHub/Pf_pipeline_dados/Projeto_final_fase3/venv/lib/python3.9/site-packages/airflow/example_dags/example_xcom.py took 0.121 seconds
[2025-11-27T14:26:46.695-0300] {processor.py:161} INFO - Started process (PID=6182) to work on /Users/davispecia/Documents/GitHub/Pf_pipeline_dados/Projeto_final_fase3/venv/lib/python3.9/site-packages/airflow/example_dags/example_xcom.py
[2025-11-27T14:26:46.697-0300] {processor.py:830} INFO - Processing file /Users/davispecia/Documents/GitHub/Pf_pipeline_dados/Projeto_final_fase3/venv/lib/python3.9/site-packages/airflow/example_dags/example_xcom.py for tasks to queue
[2025-11-27T14:26:46.697-0300] {logging_mixin.py:188} INFO - [2025-11-27T14:26:46.697-0300] {dagbag.py:545} INFO - Filling up the DagBag from /Users/davispecia/Documents/GitHub/Pf_pipeline_dados/Projeto_final_fase3/venv/lib/python3.9/site-packages/airflow/example_dags/example_xcom.py
[2025-11-27T14:26:46.716-0300] {processor.py:840} INFO - DAG(s) 'example_xcom' retrieved from /Users/davispecia/Documents/GitHub/Pf_pipeline_dados/Projeto_final_fase3/venv/lib/python3.9/site-packages/airflow/example_dags/example_xcom.py
[2025-11-27T14:26:46.799-0300] {logging_mixin.py:188} INFO - [2025-11-27T14:26:46.799-0300] {dag.py:3089} INFO - Sync 1 DAGs
[2025-11-27T14:26:46.808-0300] {logging_mixin.py:188} INFO - [2025-11-27T14:26:46.808-0300] {dag.py:3947} INFO - Setting next_dagrun for example_xcom to 2021-01-01 00:00:00+00:00, run_after=2021-01-01 00:00:00+00:00
[2025-11-27T14:26:46.817-0300] {processor.py:183} INFO - Processing /Users/davispecia/Documents/GitHub/Pf_pipeline_dados/Projeto_final_fase3/venv/lib/python3.9/site-packages/airflow/example_dags/example_xcom.py took 0.124 seconds
[2025-11-27T14:28:02.123-0300] {processor.py:161} INFO - Started process (PID=6414) to work on /Users/davispecia/Documents/GitHub/Pf_pipeline_dados/Projeto_final_fase3/venv/lib/python3.9/site-packages/airflow/example_dags/example_xcom.py
[2025-11-27T14:28:02.123-0300] {processor.py:830} INFO - Processing file /Users/davispecia/Documents/GitHub/Pf_pipeline_dados/Projeto_final_fase3/venv/lib/python3.9/site-packages/airflow/example_dags/example_xcom.py for tasks to queue
[2025-11-27T14:28:02.124-0300] {logging_mixin.py:188} INFO - [2025-11-27T14:28:02.124-0300] {dagbag.py:545} INFO - Filling up the DagBag from /Users/davispecia/Documents/GitHub/Pf_pipeline_dados/Projeto_final_fase3/venv/lib/python3.9/site-packages/airflow/example_dags/example_xcom.py
[2025-11-27T14:28:02.149-0300] {processor.py:840} INFO - DAG(s) 'example_xcom' retrieved from /Users/davispecia/Documents/GitHub/Pf_pipeline_dados/Projeto_final_fase3/venv/lib/python3.9/site-packages/airflow/example_dags/example_xcom.py
[2025-11-27T14:28:02.226-0300] {logging_mixin.py:188} INFO - [2025-11-27T14:28:02.226-0300] {dag.py:3089} INFO - Sync 1 DAGs
[2025-11-27T14:28:02.235-0300] {logging_mixin.py:188} INFO - [2025-11-27T14:28:02.235-0300] {dag.py:3947} INFO - Setting next_dagrun for example_xcom to 2021-01-01 00:00:00+00:00, run_after=2021-01-01 00:00:00+00:00
[2025-11-27T14:28:02.244-0300] {processor.py:183} INFO - Processing /Users/davispecia/Documents/GitHub/Pf_pipeline_dados/Projeto_final_fase3/venv/lib/python3.9/site-packages/airflow/example_dags/example_xcom.py took 0.124 seconds
[2025-11-27T14:29:08.378-0300] {processor.py:161} INFO - Started process (PID=6570) to work on /Users/davispecia/Documents/GitHub/Pf_pipeline_dados/Projeto_final_fase3/venv/lib/python3.9/site-packages/airflow/example_dags/example_xcom.py
[2025-11-27T14:29:08.380-0300] {processor.py:830} INFO - Processing file /Users/davispecia/Documents/GitHub/Pf_pipeline_dados/Projeto_final_fase3/venv/lib/python3.9/site-packages/airflow/example_dags/example_xcom.py for tasks to queue
[2025-11-27T14:29:08.380-0300] {logging_mixin.py:188} INFO - [2025-11-27T14:29:08.380-0300] {dagbag.py:545} INFO - Filling up the DagBag from /Users/davispecia/Documents/GitHub/Pf_pipeline_dados/Projeto_final_fase3/venv/lib/python3.9/site-packages/airflow/example_dags/example_xcom.py
[2025-11-27T14:29:08.399-0300] {processor.py:840} INFO - DAG(s) 'example_xcom' retrieved from /Users/davispecia/Documents/GitHub/Pf_pipeline_dados/Projeto_final_fase3/venv/lib/python3.9/site-packages/airflow/example_dags/example_xcom.py
[2025-11-27T14:29:08.472-0300] {logging_mixin.py:188} INFO - [2025-11-27T14:29:08.472-0300] {dag.py:3089} INFO - Sync 1 DAGs
[2025-11-27T14:29:08.481-0300] {logging_mixin.py:188} INFO - [2025-11-27T14:29:08.481-0300] {dag.py:3947} INFO - Setting next_dagrun for example_xcom to 2021-01-01 00:00:00+00:00, run_after=2021-01-01 00:00:00+00:00
[2025-11-27T14:29:08.493-0300] {processor.py:183} INFO - Processing /Users/davispecia/Documents/GitHub/Pf_pipeline_dados/Projeto_final_fase3/venv/lib/python3.9/site-packages/airflow/example_dags/example_xcom.py took 0.117 seconds
[2025-11-27T14:30:14.120-0300] {processor.py:161} INFO - Started process (PID=6729) to work on /Users/davispecia/Documents/GitHub/Pf_pipeline_dados/Projeto_final_fase3/venv/lib/python3.9/site-packages/airflow/example_dags/example_xcom.py
[2025-11-27T14:30:14.121-0300] {processor.py:830} INFO - Processing file /Users/davispecia/Documents/GitHub/Pf_pipeline_dados/Projeto_final_fase3/venv/lib/python3.9/site-packages/airflow/example_dags/example_xcom.py for tasks to queue
[2025-11-27T14:30:14.121-0300] {logging_mixin.py:188} INFO - [2025-11-27T14:30:14.121-0300] {dagbag.py:545} INFO - Filling up the DagBag from /Users/davispecia/Documents/GitHub/Pf_pipeline_dados/Projeto_final_fase3/venv/lib/python3.9/site-packages/airflow/example_dags/example_xcom.py
[2025-11-27T14:30:14.140-0300] {processor.py:840} INFO - DAG(s) 'example_xcom' retrieved from /Users/davispecia/Documents/GitHub/Pf_pipeline_dados/Projeto_final_fase3/venv/lib/python3.9/site-packages/airflow/example_dags/example_xcom.py
[2025-11-27T14:30:14.217-0300] {logging_mixin.py:188} INFO - [2025-11-27T14:30:14.217-0300] {dag.py:3089} INFO - Sync 1 DAGs
[2025-11-27T14:30:14.225-0300] {logging_mixin.py:188} INFO - [2025-11-27T14:30:14.225-0300] {dag.py:3947} INFO - Setting next_dagrun for example_xcom to 2021-01-01 00:00:00+00:00, run_after=2021-01-01 00:00:00+00:00
[2025-11-27T14:30:14.234-0300] {processor.py:183} INFO - Processing /Users/davispecia/Documents/GitHub/Pf_pipeline_dados/Projeto_final_fase3/venv/lib/python3.9/site-packages/airflow/example_dags/example_xcom.py took 0.116 seconds
[2025-11-27T14:31:20.409-0300] {processor.py:161} INFO - Started process (PID=6881) to work on /Users/davispecia/Documents/GitHub/Pf_pipeline_dados/Projeto_final_fase3/venv/lib/python3.9/site-packages/airflow/example_dags/example_xcom.py
[2025-11-27T14:31:20.409-0300] {processor.py:830} INFO - Processing file /Users/davispecia/Documents/GitHub/Pf_pipeline_dados/Projeto_final_fase3/venv/lib/python3.9/site-packages/airflow/example_dags/example_xcom.py for tasks to queue
[2025-11-27T14:31:20.410-0300] {logging_mixin.py:188} INFO - [2025-11-27T14:31:20.410-0300] {dagbag.py:545} INFO - Filling up the DagBag from /Users/davispecia/Documents/GitHub/Pf_pipeline_dados/Projeto_final_fase3/venv/lib/python3.9/site-packages/airflow/example_dags/example_xcom.py
[2025-11-27T14:31:20.429-0300] {processor.py:840} INFO - DAG(s) 'example_xcom' retrieved from /Users/davispecia/Documents/GitHub/Pf_pipeline_dados/Projeto_final_fase3/venv/lib/python3.9/site-packages/airflow/example_dags/example_xcom.py
[2025-11-27T14:31:20.503-0300] {logging_mixin.py:188} INFO - [2025-11-27T14:31:20.503-0300] {dag.py:3089} INFO - Sync 1 DAGs
[2025-11-27T14:31:20.511-0300] {logging_mixin.py:188} INFO - [2025-11-27T14:31:20.511-0300] {dag.py:3947} INFO - Setting next_dagrun for example_xcom to 2021-01-01 00:00:00+00:00, run_after=2021-01-01 00:00:00+00:00
[2025-11-27T14:31:20.520-0300] {processor.py:183} INFO - Processing /Users/davispecia/Documents/GitHub/Pf_pipeline_dados/Projeto_final_fase3/venv/lib/python3.9/site-packages/airflow/example_dags/example_xcom.py took 0.113 seconds
[2025-11-27T14:32:23.462-0300] {processor.py:161} INFO - Started process (PID=7034) to work on /Users/davispecia/Documents/GitHub/Pf_pipeline_dados/Projeto_final_fase3/venv/lib/python3.9/site-packages/airflow/example_dags/example_xcom.py
[2025-11-27T14:32:23.463-0300] {processor.py:830} INFO - Processing file /Users/davispecia/Documents/GitHub/Pf_pipeline_dados/Projeto_final_fase3/venv/lib/python3.9/site-packages/airflow/example_dags/example_xcom.py for tasks to queue
[2025-11-27T14:32:23.464-0300] {logging_mixin.py:188} INFO - [2025-11-27T14:32:23.464-0300] {dagbag.py:545} INFO - Filling up the DagBag from /Users/davispecia/Documents/GitHub/Pf_pipeline_dados/Projeto_final_fase3/venv/lib/python3.9/site-packages/airflow/example_dags/example_xcom.py
[2025-11-27T14:32:23.482-0300] {processor.py:840} INFO - DAG(s) 'example_xcom' retrieved from /Users/davispecia/Documents/GitHub/Pf_pipeline_dados/Projeto_final_fase3/venv/lib/python3.9/site-packages/airflow/example_dags/example_xcom.py
[2025-11-27T14:32:23.554-0300] {logging_mixin.py:188} INFO - [2025-11-27T14:32:23.554-0300] {dag.py:3089} INFO - Sync 1 DAGs
[2025-11-27T14:32:23.562-0300] {logging_mixin.py:188} INFO - [2025-11-27T14:32:23.562-0300] {dag.py:3947} INFO - Setting next_dagrun for example_xcom to 2021-01-01 00:00:00+00:00, run_after=2021-01-01 00:00:00+00:00
[2025-11-27T14:32:23.570-0300] {processor.py:183} INFO - Processing /Users/davispecia/Documents/GitHub/Pf_pipeline_dados/Projeto_final_fase3/venv/lib/python3.9/site-packages/airflow/example_dags/example_xcom.py took 0.111 seconds
[2025-11-27T14:33:38.291-0300] {processor.py:161} INFO - Started process (PID=7288) to work on /Users/davispecia/Documents/GitHub/Pf_pipeline_dados/Projeto_final_fase3/venv/lib/python3.9/site-packages/airflow/example_dags/example_xcom.py
[2025-11-27T14:33:38.292-0300] {processor.py:830} INFO - Processing file /Users/davispecia/Documents/GitHub/Pf_pipeline_dados/Projeto_final_fase3/venv/lib/python3.9/site-packages/airflow/example_dags/example_xcom.py for tasks to queue
[2025-11-27T14:33:38.292-0300] {logging_mixin.py:188} INFO - [2025-11-27T14:33:38.292-0300] {dagbag.py:545} INFO - Filling up the DagBag from /Users/davispecia/Documents/GitHub/Pf_pipeline_dados/Projeto_final_fase3/venv/lib/python3.9/site-packages/airflow/example_dags/example_xcom.py
[2025-11-27T14:33:38.311-0300] {processor.py:840} INFO - DAG(s) 'example_xcom' retrieved from /Users/davispecia/Documents/GitHub/Pf_pipeline_dados/Projeto_final_fase3/venv/lib/python3.9/site-packages/airflow/example_dags/example_xcom.py
[2025-11-27T14:33:38.386-0300] {logging_mixin.py:188} INFO - [2025-11-27T14:33:38.386-0300] {dag.py:3089} INFO - Sync 1 DAGs
[2025-11-27T14:33:38.395-0300] {logging_mixin.py:188} INFO - [2025-11-27T14:33:38.395-0300] {dag.py:3947} INFO - Setting next_dagrun for example_xcom to 2021-01-01 00:00:00+00:00, run_after=2021-01-01 00:00:00+00:00
[2025-11-27T14:33:38.406-0300] {processor.py:183} INFO - Processing /Users/davispecia/Documents/GitHub/Pf_pipeline_dados/Projeto_final_fase3/venv/lib/python3.9/site-packages/airflow/example_dags/example_xcom.py took 0.117 seconds
[2025-11-27T14:34:43.837-0300] {processor.py:161} INFO - Started process (PID=7454) to work on /Users/davispecia/Documents/GitHub/Pf_pipeline_dados/Projeto_final_fase3/venv/lib/python3.9/site-packages/airflow/example_dags/example_xcom.py
[2025-11-27T14:34:43.838-0300] {processor.py:830} INFO - Processing file /Users/davispecia/Documents/GitHub/Pf_pipeline_dados/Projeto_final_fase3/venv/lib/python3.9/site-packages/airflow/example_dags/example_xcom.py for tasks to queue
[2025-11-27T14:34:43.838-0300] {logging_mixin.py:188} INFO - [2025-11-27T14:34:43.838-0300] {dagbag.py:545} INFO - Filling up the DagBag from /Users/davispecia/Documents/GitHub/Pf_pipeline_dados/Projeto_final_fase3/venv/lib/python3.9/site-packages/airflow/example_dags/example_xcom.py
[2025-11-27T14:34:43.857-0300] {processor.py:840} INFO - DAG(s) 'example_xcom' retrieved from /Users/davispecia/Documents/GitHub/Pf_pipeline_dados/Projeto_final_fase3/venv/lib/python3.9/site-packages/airflow/example_dags/example_xcom.py
[2025-11-27T14:34:43.933-0300] {logging_mixin.py:188} INFO - [2025-11-27T14:34:43.933-0300] {dag.py:3089} INFO - Sync 1 DAGs
[2025-11-27T14:34:43.943-0300] {logging_mixin.py:188} INFO - [2025-11-27T14:34:43.943-0300] {dag.py:3947} INFO - Setting next_dagrun for example_xcom to 2021-01-01 00:00:00+00:00, run_after=2021-01-01 00:00:00+00:00
[2025-11-27T14:34:43.952-0300] {processor.py:183} INFO - Processing /Users/davispecia/Documents/GitHub/Pf_pipeline_dados/Projeto_final_fase3/venv/lib/python3.9/site-packages/airflow/example_dags/example_xcom.py took 0.118 seconds
[2025-11-27T14:35:57.491-0300] {processor.py:161} INFO - Started process (PID=7754) to work on /Users/davispecia/Documents/GitHub/Pf_pipeline_dados/Projeto_final_fase3/venv/lib/python3.9/site-packages/airflow/example_dags/example_xcom.py
[2025-11-27T14:35:57.492-0300] {processor.py:830} INFO - Processing file /Users/davispecia/Documents/GitHub/Pf_pipeline_dados/Projeto_final_fase3/venv/lib/python3.9/site-packages/airflow/example_dags/example_xcom.py for tasks to queue
[2025-11-27T14:35:57.492-0300] {logging_mixin.py:188} INFO - [2025-11-27T14:35:57.492-0300] {dagbag.py:545} INFO - Filling up the DagBag from /Users/davispecia/Documents/GitHub/Pf_pipeline_dados/Projeto_final_fase3/venv/lib/python3.9/site-packages/airflow/example_dags/example_xcom.py
[2025-11-27T14:35:57.520-0300] {processor.py:840} INFO - DAG(s) 'example_xcom' retrieved from /Users/davispecia/Documents/GitHub/Pf_pipeline_dados/Projeto_final_fase3/venv/lib/python3.9/site-packages/airflow/example_dags/example_xcom.py
[2025-11-27T14:35:57.602-0300] {logging_mixin.py:188} INFO - [2025-11-27T14:35:57.602-0300] {dag.py:3089} INFO - Sync 1 DAGs
[2025-11-27T14:35:57.616-0300] {logging_mixin.py:188} INFO - [2025-11-27T14:35:57.616-0300] {dag.py:3947} INFO - Setting next_dagrun for example_xcom to 2021-01-01 00:00:00+00:00, run_after=2021-01-01 00:00:00+00:00
[2025-11-27T14:35:57.628-0300] {processor.py:183} INFO - Processing /Users/davispecia/Documents/GitHub/Pf_pipeline_dados/Projeto_final_fase3/venv/lib/python3.9/site-packages/airflow/example_dags/example_xcom.py took 0.141 seconds
[2025-11-27T14:37:04.883-0300] {processor.py:161} INFO - Started process (PID=7915) to work on /Users/davispecia/Documents/GitHub/Pf_pipeline_dados/Projeto_final_fase3/venv/lib/python3.9/site-packages/airflow/example_dags/example_xcom.py
[2025-11-27T14:37:04.898-0300] {processor.py:830} INFO - Processing file /Users/davispecia/Documents/GitHub/Pf_pipeline_dados/Projeto_final_fase3/venv/lib/python3.9/site-packages/airflow/example_dags/example_xcom.py for tasks to queue
[2025-11-27T14:37:04.899-0300] {logging_mixin.py:188} INFO - [2025-11-27T14:37:04.898-0300] {dagbag.py:545} INFO - Filling up the DagBag from /Users/davispecia/Documents/GitHub/Pf_pipeline_dados/Projeto_final_fase3/venv/lib/python3.9/site-packages/airflow/example_dags/example_xcom.py
[2025-11-27T14:37:04.917-0300] {processor.py:840} INFO - DAG(s) 'example_xcom' retrieved from /Users/davispecia/Documents/GitHub/Pf_pipeline_dados/Projeto_final_fase3/venv/lib/python3.9/site-packages/airflow/example_dags/example_xcom.py
[2025-11-27T14:37:04.991-0300] {logging_mixin.py:188} INFO - [2025-11-27T14:37:04.991-0300] {dag.py:3089} INFO - Sync 1 DAGs
[2025-11-27T14:37:04.999-0300] {logging_mixin.py:188} INFO - [2025-11-27T14:37:04.999-0300] {dag.py:3947} INFO - Setting next_dagrun for example_xcom to 2021-01-01 00:00:00+00:00, run_after=2021-01-01 00:00:00+00:00
[2025-11-27T14:37:05.008-0300] {processor.py:183} INFO - Processing /Users/davispecia/Documents/GitHub/Pf_pipeline_dados/Projeto_final_fase3/venv/lib/python3.9/site-packages/airflow/example_dags/example_xcom.py took 0.127 seconds
[2025-11-27T14:38:11.637-0300] {processor.py:161} INFO - Started process (PID=8070) to work on /Users/davispecia/Documents/GitHub/Pf_pipeline_dados/Projeto_final_fase3/venv/lib/python3.9/site-packages/airflow/example_dags/example_xcom.py
[2025-11-27T14:38:11.638-0300] {processor.py:830} INFO - Processing file /Users/davispecia/Documents/GitHub/Pf_pipeline_dados/Projeto_final_fase3/venv/lib/python3.9/site-packages/airflow/example_dags/example_xcom.py for tasks to queue
[2025-11-27T14:38:11.638-0300] {logging_mixin.py:188} INFO - [2025-11-27T14:38:11.638-0300] {dagbag.py:545} INFO - Filling up the DagBag from /Users/davispecia/Documents/GitHub/Pf_pipeline_dados/Projeto_final_fase3/venv/lib/python3.9/site-packages/airflow/example_dags/example_xcom.py
[2025-11-27T14:38:11.657-0300] {processor.py:840} INFO - DAG(s) 'example_xcom' retrieved from /Users/davispecia/Documents/GitHub/Pf_pipeline_dados/Projeto_final_fase3/venv/lib/python3.9/site-packages/airflow/example_dags/example_xcom.py
[2025-11-27T14:38:11.732-0300] {logging_mixin.py:188} INFO - [2025-11-27T14:38:11.732-0300] {dag.py:3089} INFO - Sync 1 DAGs
[2025-11-27T14:38:11.741-0300] {logging_mixin.py:188} INFO - [2025-11-27T14:38:11.741-0300] {dag.py:3947} INFO - Setting next_dagrun for example_xcom to 2021-01-01 00:00:00+00:00, run_after=2021-01-01 00:00:00+00:00
[2025-11-27T14:38:11.750-0300] {processor.py:183} INFO - Processing /Users/davispecia/Documents/GitHub/Pf_pipeline_dados/Projeto_final_fase3/venv/lib/python3.9/site-packages/airflow/example_dags/example_xcom.py took 0.115 seconds
[2025-11-27T14:39:26.294-0300] {processor.py:161} INFO - Started process (PID=8313) to work on /Users/davispecia/Documents/GitHub/Pf_pipeline_dados/Projeto_final_fase3/venv/lib/python3.9/site-packages/airflow/example_dags/example_xcom.py
[2025-11-27T14:39:26.295-0300] {processor.py:830} INFO - Processing file /Users/davispecia/Documents/GitHub/Pf_pipeline_dados/Projeto_final_fase3/venv/lib/python3.9/site-packages/airflow/example_dags/example_xcom.py for tasks to queue
[2025-11-27T14:39:26.295-0300] {logging_mixin.py:188} INFO - [2025-11-27T14:39:26.295-0300] {dagbag.py:545} INFO - Filling up the DagBag from /Users/davispecia/Documents/GitHub/Pf_pipeline_dados/Projeto_final_fase3/venv/lib/python3.9/site-packages/airflow/example_dags/example_xcom.py
[2025-11-27T14:39:26.313-0300] {processor.py:840} INFO - DAG(s) 'example_xcom' retrieved from /Users/davispecia/Documents/GitHub/Pf_pipeline_dados/Projeto_final_fase3/venv/lib/python3.9/site-packages/airflow/example_dags/example_xcom.py
[2025-11-27T14:39:26.384-0300] {logging_mixin.py:188} INFO - [2025-11-27T14:39:26.384-0300] {dag.py:3089} INFO - Sync 1 DAGs
[2025-11-27T14:39:26.392-0300] {logging_mixin.py:188} INFO - [2025-11-27T14:39:26.392-0300] {dag.py:3947} INFO - Setting next_dagrun for example_xcom to 2021-01-01 00:00:00+00:00, run_after=2021-01-01 00:00:00+00:00
[2025-11-27T14:39:26.402-0300] {processor.py:183} INFO - Processing /Users/davispecia/Documents/GitHub/Pf_pipeline_dados/Projeto_final_fase3/venv/lib/python3.9/site-packages/airflow/example_dags/example_xcom.py took 0.111 seconds
[2025-11-27T14:40:32.959-0300] {processor.py:161} INFO - Started process (PID=8476) to work on /Users/davispecia/Documents/GitHub/Pf_pipeline_dados/Projeto_final_fase3/venv/lib/python3.9/site-packages/airflow/example_dags/example_xcom.py
[2025-11-27T14:40:32.960-0300] {processor.py:830} INFO - Processing file /Users/davispecia/Documents/GitHub/Pf_pipeline_dados/Projeto_final_fase3/venv/lib/python3.9/site-packages/airflow/example_dags/example_xcom.py for tasks to queue
[2025-11-27T14:40:32.960-0300] {logging_mixin.py:188} INFO - [2025-11-27T14:40:32.960-0300] {dagbag.py:545} INFO - Filling up the DagBag from /Users/davispecia/Documents/GitHub/Pf_pipeline_dados/Projeto_final_fase3/venv/lib/python3.9/site-packages/airflow/example_dags/example_xcom.py
[2025-11-27T14:40:32.979-0300] {processor.py:840} INFO - DAG(s) 'example_xcom' retrieved from /Users/davispecia/Documents/GitHub/Pf_pipeline_dados/Projeto_final_fase3/venv/lib/python3.9/site-packages/airflow/example_dags/example_xcom.py
[2025-11-27T14:40:33.049-0300] {logging_mixin.py:188} INFO - [2025-11-27T14:40:33.049-0300] {dag.py:3089} INFO - Sync 1 DAGs
[2025-11-27T14:40:33.057-0300] {logging_mixin.py:188} INFO - [2025-11-27T14:40:33.057-0300] {dag.py:3947} INFO - Setting next_dagrun for example_xcom to 2021-01-01 00:00:00+00:00, run_after=2021-01-01 00:00:00+00:00
[2025-11-27T14:40:33.066-0300] {processor.py:183} INFO - Processing /Users/davispecia/Documents/GitHub/Pf_pipeline_dados/Projeto_final_fase3/venv/lib/python3.9/site-packages/airflow/example_dags/example_xcom.py took 0.109 seconds
[2025-11-27T14:41:36.209-0300] {processor.py:161} INFO - Started process (PID=8687) to work on /Users/davispecia/Documents/GitHub/Pf_pipeline_dados/Projeto_final_fase3/venv/lib/python3.9/site-packages/airflow/example_dags/example_xcom.py
[2025-11-27T14:41:36.210-0300] {processor.py:830} INFO - Processing file /Users/davispecia/Documents/GitHub/Pf_pipeline_dados/Projeto_final_fase3/venv/lib/python3.9/site-packages/airflow/example_dags/example_xcom.py for tasks to queue
[2025-11-27T14:41:36.210-0300] {logging_mixin.py:188} INFO - [2025-11-27T14:41:36.210-0300] {dagbag.py:545} INFO - Filling up the DagBag from /Users/davispecia/Documents/GitHub/Pf_pipeline_dados/Projeto_final_fase3/venv/lib/python3.9/site-packages/airflow/example_dags/example_xcom.py
[2025-11-27T14:41:36.229-0300] {processor.py:840} INFO - DAG(s) 'example_xcom' retrieved from /Users/davispecia/Documents/GitHub/Pf_pipeline_dados/Projeto_final_fase3/venv/lib/python3.9/site-packages/airflow/example_dags/example_xcom.py
[2025-11-27T14:41:36.301-0300] {logging_mixin.py:188} INFO - [2025-11-27T14:41:36.301-0300] {dag.py:3089} INFO - Sync 1 DAGs
[2025-11-27T14:41:36.309-0300] {logging_mixin.py:188} INFO - [2025-11-27T14:41:36.309-0300] {dag.py:3947} INFO - Setting next_dagrun for example_xcom to 2021-01-01 00:00:00+00:00, run_after=2021-01-01 00:00:00+00:00
[2025-11-27T14:41:36.318-0300] {processor.py:183} INFO - Processing /Users/davispecia/Documents/GitHub/Pf_pipeline_dados/Projeto_final_fase3/venv/lib/python3.9/site-packages/airflow/example_dags/example_xcom.py took 0.111 seconds
[2025-11-27T14:42:37.872-0300] {processor.py:161} INFO - Started process (PID=8855) to work on /Users/davispecia/Documents/GitHub/Pf_pipeline_dados/Projeto_final_fase3/venv/lib/python3.9/site-packages/airflow/example_dags/example_xcom.py
[2025-11-27T14:42:37.872-0300] {processor.py:830} INFO - Processing file /Users/davispecia/Documents/GitHub/Pf_pipeline_dados/Projeto_final_fase3/venv/lib/python3.9/site-packages/airflow/example_dags/example_xcom.py for tasks to queue
[2025-11-27T14:42:37.873-0300] {logging_mixin.py:188} INFO - [2025-11-27T14:42:37.873-0300] {dagbag.py:545} INFO - Filling up the DagBag from /Users/davispecia/Documents/GitHub/Pf_pipeline_dados/Projeto_final_fase3/venv/lib/python3.9/site-packages/airflow/example_dags/example_xcom.py
[2025-11-27T14:42:37.892-0300] {processor.py:840} INFO - DAG(s) 'example_xcom' retrieved from /Users/davispecia/Documents/GitHub/Pf_pipeline_dados/Projeto_final_fase3/venv/lib/python3.9/site-packages/airflow/example_dags/example_xcom.py
[2025-11-27T14:42:37.970-0300] {logging_mixin.py:188} INFO - [2025-11-27T14:42:37.970-0300] {dag.py:3089} INFO - Sync 1 DAGs
[2025-11-27T14:42:37.983-0300] {logging_mixin.py:188} INFO - [2025-11-27T14:42:37.983-0300] {dag.py:3947} INFO - Setting next_dagrun for example_xcom to 2021-01-01 00:00:00+00:00, run_after=2021-01-01 00:00:00+00:00
[2025-11-27T14:42:37.992-0300] {processor.py:183} INFO - Processing /Users/davispecia/Documents/GitHub/Pf_pipeline_dados/Projeto_final_fase3/venv/lib/python3.9/site-packages/airflow/example_dags/example_xcom.py took 0.122 seconds
[2025-11-27T14:43:39.409-0300] {processor.py:161} INFO - Started process (PID=9013) to work on /Users/davispecia/Documents/GitHub/Pf_pipeline_dados/Projeto_final_fase3/venv/lib/python3.9/site-packages/airflow/example_dags/example_xcom.py
[2025-11-27T14:43:39.410-0300] {processor.py:830} INFO - Processing file /Users/davispecia/Documents/GitHub/Pf_pipeline_dados/Projeto_final_fase3/venv/lib/python3.9/site-packages/airflow/example_dags/example_xcom.py for tasks to queue
[2025-11-27T14:43:39.410-0300] {logging_mixin.py:188} INFO - [2025-11-27T14:43:39.410-0300] {dagbag.py:545} INFO - Filling up the DagBag from /Users/davispecia/Documents/GitHub/Pf_pipeline_dados/Projeto_final_fase3/venv/lib/python3.9/site-packages/airflow/example_dags/example_xcom.py
[2025-11-27T14:43:39.428-0300] {processor.py:840} INFO - DAG(s) 'example_xcom' retrieved from /Users/davispecia/Documents/GitHub/Pf_pipeline_dados/Projeto_final_fase3/venv/lib/python3.9/site-packages/airflow/example_dags/example_xcom.py
[2025-11-27T14:43:39.499-0300] {logging_mixin.py:188} INFO - [2025-11-27T14:43:39.499-0300] {dag.py:3089} INFO - Sync 1 DAGs
[2025-11-27T14:43:39.507-0300] {logging_mixin.py:188} INFO - [2025-11-27T14:43:39.507-0300] {dag.py:3947} INFO - Setting next_dagrun for example_xcom to 2021-01-01 00:00:00+00:00, run_after=2021-01-01 00:00:00+00:00
[2025-11-27T14:43:39.516-0300] {processor.py:183} INFO - Processing /Users/davispecia/Documents/GitHub/Pf_pipeline_dados/Projeto_final_fase3/venv/lib/python3.9/site-packages/airflow/example_dags/example_xcom.py took 0.110 seconds
[2025-11-27T14:44:51.907-0300] {processor.py:161} INFO - Started process (PID=9304) to work on /Users/davispecia/Documents/GitHub/Pf_pipeline_dados/Projeto_final_fase3/venv/lib/python3.9/site-packages/airflow/example_dags/example_xcom.py
[2025-11-27T14:44:51.909-0300] {processor.py:830} INFO - Processing file /Users/davispecia/Documents/GitHub/Pf_pipeline_dados/Projeto_final_fase3/venv/lib/python3.9/site-packages/airflow/example_dags/example_xcom.py for tasks to queue
[2025-11-27T14:44:51.909-0300] {logging_mixin.py:188} INFO - [2025-11-27T14:44:51.909-0300] {dagbag.py:545} INFO - Filling up the DagBag from /Users/davispecia/Documents/GitHub/Pf_pipeline_dados/Projeto_final_fase3/venv/lib/python3.9/site-packages/airflow/example_dags/example_xcom.py
[2025-11-27T14:44:51.947-0300] {processor.py:840} INFO - DAG(s) 'example_xcom' retrieved from /Users/davispecia/Documents/GitHub/Pf_pipeline_dados/Projeto_final_fase3/venv/lib/python3.9/site-packages/airflow/example_dags/example_xcom.py
[2025-11-27T14:44:52.033-0300] {logging_mixin.py:188} INFO - [2025-11-27T14:44:52.033-0300] {dag.py:3089} INFO - Sync 1 DAGs
[2025-11-27T14:44:52.042-0300] {logging_mixin.py:188} INFO - [2025-11-27T14:44:52.041-0300] {dag.py:3947} INFO - Setting next_dagrun for example_xcom to 2021-01-01 00:00:00+00:00, run_after=2021-01-01 00:00:00+00:00
[2025-11-27T14:44:52.051-0300] {processor.py:183} INFO - Processing /Users/davispecia/Documents/GitHub/Pf_pipeline_dados/Projeto_final_fase3/venv/lib/python3.9/site-packages/airflow/example_dags/example_xcom.py took 0.147 seconds
[2025-11-27T14:45:58.167-0300] {processor.py:161} INFO - Started process (PID=9464) to work on /Users/davispecia/Documents/GitHub/Pf_pipeline_dados/Projeto_final_fase3/venv/lib/python3.9/site-packages/airflow/example_dags/example_xcom.py
[2025-11-27T14:45:58.167-0300] {processor.py:830} INFO - Processing file /Users/davispecia/Documents/GitHub/Pf_pipeline_dados/Projeto_final_fase3/venv/lib/python3.9/site-packages/airflow/example_dags/example_xcom.py for tasks to queue
[2025-11-27T14:45:58.168-0300] {logging_mixin.py:188} INFO - [2025-11-27T14:45:58.168-0300] {dagbag.py:545} INFO - Filling up the DagBag from /Users/davispecia/Documents/GitHub/Pf_pipeline_dados/Projeto_final_fase3/venv/lib/python3.9/site-packages/airflow/example_dags/example_xcom.py
[2025-11-27T14:45:58.186-0300] {processor.py:840} INFO - DAG(s) 'example_xcom' retrieved from /Users/davispecia/Documents/GitHub/Pf_pipeline_dados/Projeto_final_fase3/venv/lib/python3.9/site-packages/airflow/example_dags/example_xcom.py
[2025-11-27T14:45:58.258-0300] {logging_mixin.py:188} INFO - [2025-11-27T14:45:58.258-0300] {dag.py:3089} INFO - Sync 1 DAGs
[2025-11-27T14:45:58.267-0300] {logging_mixin.py:188} INFO - [2025-11-27T14:45:58.266-0300] {dag.py:3947} INFO - Setting next_dagrun for example_xcom to 2021-01-01 00:00:00+00:00, run_after=2021-01-01 00:00:00+00:00
[2025-11-27T14:45:58.275-0300] {processor.py:183} INFO - Processing /Users/davispecia/Documents/GitHub/Pf_pipeline_dados/Projeto_final_fase3/venv/lib/python3.9/site-packages/airflow/example_dags/example_xcom.py took 0.111 seconds
[2025-11-27T14:47:02.938-0300] {processor.py:161} INFO - Started process (PID=9615) to work on /Users/davispecia/Documents/GitHub/Pf_pipeline_dados/Projeto_final_fase3/venv/lib/python3.9/site-packages/airflow/example_dags/example_xcom.py
[2025-11-27T14:47:02.939-0300] {processor.py:830} INFO - Processing file /Users/davispecia/Documents/GitHub/Pf_pipeline_dados/Projeto_final_fase3/venv/lib/python3.9/site-packages/airflow/example_dags/example_xcom.py for tasks to queue
[2025-11-27T14:47:02.939-0300] {logging_mixin.py:188} INFO - [2025-11-27T14:47:02.939-0300] {dagbag.py:545} INFO - Filling up the DagBag from /Users/davispecia/Documents/GitHub/Pf_pipeline_dados/Projeto_final_fase3/venv/lib/python3.9/site-packages/airflow/example_dags/example_xcom.py
[2025-11-27T14:47:02.957-0300] {processor.py:840} INFO - DAG(s) 'example_xcom' retrieved from /Users/davispecia/Documents/GitHub/Pf_pipeline_dados/Projeto_final_fase3/venv/lib/python3.9/site-packages/airflow/example_dags/example_xcom.py
[2025-11-27T14:47:03.036-0300] {logging_mixin.py:188} INFO - [2025-11-27T14:47:03.036-0300] {dag.py:3089} INFO - Sync 1 DAGs
[2025-11-27T14:47:03.046-0300] {logging_mixin.py:188} INFO - [2025-11-27T14:47:03.045-0300] {dag.py:3947} INFO - Setting next_dagrun for example_xcom to 2021-01-01 00:00:00+00:00, run_after=2021-01-01 00:00:00+00:00
[2025-11-27T14:47:03.056-0300] {processor.py:183} INFO - Processing /Users/davispecia/Documents/GitHub/Pf_pipeline_dados/Projeto_final_fase3/venv/lib/python3.9/site-packages/airflow/example_dags/example_xcom.py took 0.120 seconds
[2025-11-27T14:48:08.261-0300] {processor.py:161} INFO - Started process (PID=9781) to work on /Users/davispecia/Documents/GitHub/Pf_pipeline_dados/Projeto_final_fase3/venv/lib/python3.9/site-packages/airflow/example_dags/example_xcom.py
[2025-11-27T14:48:08.262-0300] {processor.py:830} INFO - Processing file /Users/davispecia/Documents/GitHub/Pf_pipeline_dados/Projeto_final_fase3/venv/lib/python3.9/site-packages/airflow/example_dags/example_xcom.py for tasks to queue
[2025-11-27T14:48:08.263-0300] {logging_mixin.py:188} INFO - [2025-11-27T14:48:08.262-0300] {dagbag.py:545} INFO - Filling up the DagBag from /Users/davispecia/Documents/GitHub/Pf_pipeline_dados/Projeto_final_fase3/venv/lib/python3.9/site-packages/airflow/example_dags/example_xcom.py
[2025-11-27T14:48:08.280-0300] {processor.py:840} INFO - DAG(s) 'example_xcom' retrieved from /Users/davispecia/Documents/GitHub/Pf_pipeline_dados/Projeto_final_fase3/venv/lib/python3.9/site-packages/airflow/example_dags/example_xcom.py
[2025-11-27T14:48:08.349-0300] {logging_mixin.py:188} INFO - [2025-11-27T14:48:08.349-0300] {dag.py:3089} INFO - Sync 1 DAGs
[2025-11-27T14:48:08.357-0300] {logging_mixin.py:188} INFO - [2025-11-27T14:48:08.357-0300] {dag.py:3947} INFO - Setting next_dagrun for example_xcom to 2021-01-01 00:00:00+00:00, run_after=2021-01-01 00:00:00+00:00
[2025-11-27T14:48:08.366-0300] {processor.py:183} INFO - Processing /Users/davispecia/Documents/GitHub/Pf_pipeline_dados/Projeto_final_fase3/venv/lib/python3.9/site-packages/airflow/example_dags/example_xcom.py took 0.107 seconds
[2025-11-27T14:49:10.982-0300] {processor.py:161} INFO - Started process (PID=9928) to work on /Users/davispecia/Documents/GitHub/Pf_pipeline_dados/Projeto_final_fase3/venv/lib/python3.9/site-packages/airflow/example_dags/example_xcom.py
[2025-11-27T14:49:10.983-0300] {processor.py:830} INFO - Processing file /Users/davispecia/Documents/GitHub/Pf_pipeline_dados/Projeto_final_fase3/venv/lib/python3.9/site-packages/airflow/example_dags/example_xcom.py for tasks to queue
[2025-11-27T14:49:10.983-0300] {logging_mixin.py:188} INFO - [2025-11-27T14:49:10.983-0300] {dagbag.py:545} INFO - Filling up the DagBag from /Users/davispecia/Documents/GitHub/Pf_pipeline_dados/Projeto_final_fase3/venv/lib/python3.9/site-packages/airflow/example_dags/example_xcom.py
[2025-11-27T14:49:11.003-0300] {processor.py:840} INFO - DAG(s) 'example_xcom' retrieved from /Users/davispecia/Documents/GitHub/Pf_pipeline_dados/Projeto_final_fase3/venv/lib/python3.9/site-packages/airflow/example_dags/example_xcom.py
[2025-11-27T14:49:11.073-0300] {logging_mixin.py:188} INFO - [2025-11-27T14:49:11.073-0300] {dag.py:3089} INFO - Sync 1 DAGs
[2025-11-27T14:49:11.081-0300] {logging_mixin.py:188} INFO - [2025-11-27T14:49:11.081-0300] {dag.py:3947} INFO - Setting next_dagrun for example_xcom to 2021-01-01 00:00:00+00:00, run_after=2021-01-01 00:00:00+00:00
[2025-11-27T14:49:11.090-0300] {processor.py:183} INFO - Processing /Users/davispecia/Documents/GitHub/Pf_pipeline_dados/Projeto_final_fase3/venv/lib/python3.9/site-packages/airflow/example_dags/example_xcom.py took 0.110 seconds
[2025-11-27T14:50:23.023-0300] {processor.py:161} INFO - Started process (PID=10175) to work on /Users/davispecia/Documents/GitHub/Pf_pipeline_dados/Projeto_final_fase3/venv/lib/python3.9/site-packages/airflow/example_dags/example_xcom.py
[2025-11-27T14:50:23.024-0300] {processor.py:830} INFO - Processing file /Users/davispecia/Documents/GitHub/Pf_pipeline_dados/Projeto_final_fase3/venv/lib/python3.9/site-packages/airflow/example_dags/example_xcom.py for tasks to queue
[2025-11-27T14:50:23.024-0300] {logging_mixin.py:188} INFO - [2025-11-27T14:50:23.024-0300] {dagbag.py:545} INFO - Filling up the DagBag from /Users/davispecia/Documents/GitHub/Pf_pipeline_dados/Projeto_final_fase3/venv/lib/python3.9/site-packages/airflow/example_dags/example_xcom.py
[2025-11-27T14:50:23.043-0300] {processor.py:840} INFO - DAG(s) 'example_xcom' retrieved from /Users/davispecia/Documents/GitHub/Pf_pipeline_dados/Projeto_final_fase3/venv/lib/python3.9/site-packages/airflow/example_dags/example_xcom.py
[2025-11-27T14:50:23.114-0300] {logging_mixin.py:188} INFO - [2025-11-27T14:50:23.114-0300] {dag.py:3089} INFO - Sync 1 DAGs
[2025-11-27T14:50:23.122-0300] {logging_mixin.py:188} INFO - [2025-11-27T14:50:23.122-0300] {dag.py:3947} INFO - Setting next_dagrun for example_xcom to 2021-01-01 00:00:00+00:00, run_after=2021-01-01 00:00:00+00:00
[2025-11-27T14:50:23.131-0300] {processor.py:183} INFO - Processing /Users/davispecia/Documents/GitHub/Pf_pipeline_dados/Projeto_final_fase3/venv/lib/python3.9/site-packages/airflow/example_dags/example_xcom.py took 0.110 seconds
[2025-11-27T14:51:27.802-0300] {processor.py:161} INFO - Started process (PID=10325) to work on /Users/davispecia/Documents/GitHub/Pf_pipeline_dados/Projeto_final_fase3/venv/lib/python3.9/site-packages/airflow/example_dags/example_xcom.py
[2025-11-27T14:51:27.803-0300] {processor.py:830} INFO - Processing file /Users/davispecia/Documents/GitHub/Pf_pipeline_dados/Projeto_final_fase3/venv/lib/python3.9/site-packages/airflow/example_dags/example_xcom.py for tasks to queue
[2025-11-27T14:51:27.803-0300] {logging_mixin.py:188} INFO - [2025-11-27T14:51:27.803-0300] {dagbag.py:545} INFO - Filling up the DagBag from /Users/davispecia/Documents/GitHub/Pf_pipeline_dados/Projeto_final_fase3/venv/lib/python3.9/site-packages/airflow/example_dags/example_xcom.py
[2025-11-27T14:51:27.821-0300] {processor.py:840} INFO - DAG(s) 'example_xcom' retrieved from /Users/davispecia/Documents/GitHub/Pf_pipeline_dados/Projeto_final_fase3/venv/lib/python3.9/site-packages/airflow/example_dags/example_xcom.py
[2025-11-27T14:51:27.889-0300] {logging_mixin.py:188} INFO - [2025-11-27T14:51:27.889-0300] {dag.py:3089} INFO - Sync 1 DAGs
[2025-11-27T14:51:27.898-0300] {logging_mixin.py:188} INFO - [2025-11-27T14:51:27.897-0300] {dag.py:3947} INFO - Setting next_dagrun for example_xcom to 2021-01-01 00:00:00+00:00, run_after=2021-01-01 00:00:00+00:00
[2025-11-27T14:51:27.906-0300] {processor.py:183} INFO - Processing /Users/davispecia/Documents/GitHub/Pf_pipeline_dados/Projeto_final_fase3/venv/lib/python3.9/site-packages/airflow/example_dags/example_xcom.py took 0.107 seconds
[2025-11-27T14:52:33.767-0300] {processor.py:161} INFO - Started process (PID=10500) to work on /Users/davispecia/Documents/GitHub/Pf_pipeline_dados/Projeto_final_fase3/venv/lib/python3.9/site-packages/airflow/example_dags/example_xcom.py
[2025-11-27T14:52:33.768-0300] {processor.py:830} INFO - Processing file /Users/davispecia/Documents/GitHub/Pf_pipeline_dados/Projeto_final_fase3/venv/lib/python3.9/site-packages/airflow/example_dags/example_xcom.py for tasks to queue
[2025-11-27T14:52:33.768-0300] {logging_mixin.py:188} INFO - [2025-11-27T14:52:33.768-0300] {dagbag.py:545} INFO - Filling up the DagBag from /Users/davispecia/Documents/GitHub/Pf_pipeline_dados/Projeto_final_fase3/venv/lib/python3.9/site-packages/airflow/example_dags/example_xcom.py
[2025-11-27T14:52:33.788-0300] {processor.py:840} INFO - DAG(s) 'example_xcom' retrieved from /Users/davispecia/Documents/GitHub/Pf_pipeline_dados/Projeto_final_fase3/venv/lib/python3.9/site-packages/airflow/example_dags/example_xcom.py
[2025-11-27T14:52:33.868-0300] {logging_mixin.py:188} INFO - [2025-11-27T14:52:33.868-0300] {dag.py:3089} INFO - Sync 1 DAGs
[2025-11-27T14:52:33.877-0300] {logging_mixin.py:188} INFO - [2025-11-27T14:52:33.877-0300] {dag.py:3947} INFO - Setting next_dagrun for example_xcom to 2021-01-01 00:00:00+00:00, run_after=2021-01-01 00:00:00+00:00
[2025-11-27T14:52:33.892-0300] {processor.py:183} INFO - Processing /Users/davispecia/Documents/GitHub/Pf_pipeline_dados/Projeto_final_fase3/venv/lib/python3.9/site-packages/airflow/example_dags/example_xcom.py took 0.127 seconds
[2025-11-27T14:53:34.294-0300] {processor.py:161} INFO - Started process (PID=10643) to work on /Users/davispecia/Documents/GitHub/Pf_pipeline_dados/Projeto_final_fase3/venv/lib/python3.9/site-packages/airflow/example_dags/example_xcom.py
[2025-11-27T14:53:34.296-0300] {processor.py:830} INFO - Processing file /Users/davispecia/Documents/GitHub/Pf_pipeline_dados/Projeto_final_fase3/venv/lib/python3.9/site-packages/airflow/example_dags/example_xcom.py for tasks to queue
[2025-11-27T14:53:34.296-0300] {logging_mixin.py:188} INFO - [2025-11-27T14:53:34.296-0300] {dagbag.py:545} INFO - Filling up the DagBag from /Users/davispecia/Documents/GitHub/Pf_pipeline_dados/Projeto_final_fase3/venv/lib/python3.9/site-packages/airflow/example_dags/example_xcom.py
[2025-11-27T14:53:34.313-0300] {processor.py:840} INFO - DAG(s) 'example_xcom' retrieved from /Users/davispecia/Documents/GitHub/Pf_pipeline_dados/Projeto_final_fase3/venv/lib/python3.9/site-packages/airflow/example_dags/example_xcom.py
[2025-11-27T14:53:34.382-0300] {logging_mixin.py:188} INFO - [2025-11-27T14:53:34.382-0300] {dag.py:3089} INFO - Sync 1 DAGs
[2025-11-27T14:53:34.390-0300] {logging_mixin.py:188} INFO - [2025-11-27T14:53:34.390-0300] {dag.py:3947} INFO - Setting next_dagrun for example_xcom to 2021-01-01 00:00:00+00:00, run_after=2021-01-01 00:00:00+00:00
[2025-11-27T14:53:34.398-0300] {processor.py:183} INFO - Processing /Users/davispecia/Documents/GitHub/Pf_pipeline_dados/Projeto_final_fase3/venv/lib/python3.9/site-packages/airflow/example_dags/example_xcom.py took 0.106 seconds
[2025-11-27T14:54:36.279-0300] {processor.py:161} INFO - Started process (PID=10794) to work on /Users/davispecia/Documents/GitHub/Pf_pipeline_dados/Projeto_final_fase3/venv/lib/python3.9/site-packages/airflow/example_dags/example_xcom.py
[2025-11-27T14:54:36.280-0300] {processor.py:830} INFO - Processing file /Users/davispecia/Documents/GitHub/Pf_pipeline_dados/Projeto_final_fase3/venv/lib/python3.9/site-packages/airflow/example_dags/example_xcom.py for tasks to queue
[2025-11-27T14:54:36.281-0300] {logging_mixin.py:188} INFO - [2025-11-27T14:54:36.280-0300] {dagbag.py:545} INFO - Filling up the DagBag from /Users/davispecia/Documents/GitHub/Pf_pipeline_dados/Projeto_final_fase3/venv/lib/python3.9/site-packages/airflow/example_dags/example_xcom.py
[2025-11-27T14:54:36.298-0300] {processor.py:840} INFO - DAG(s) 'example_xcom' retrieved from /Users/davispecia/Documents/GitHub/Pf_pipeline_dados/Projeto_final_fase3/venv/lib/python3.9/site-packages/airflow/example_dags/example_xcom.py
[2025-11-27T14:54:36.374-0300] {logging_mixin.py:188} INFO - [2025-11-27T14:54:36.374-0300] {dag.py:3089} INFO - Sync 1 DAGs
[2025-11-27T14:54:36.382-0300] {logging_mixin.py:188} INFO - [2025-11-27T14:54:36.382-0300] {dag.py:3947} INFO - Setting next_dagrun for example_xcom to 2021-01-01 00:00:00+00:00, run_after=2021-01-01 00:00:00+00:00
[2025-11-27T14:54:36.391-0300] {processor.py:183} INFO - Processing /Users/davispecia/Documents/GitHub/Pf_pipeline_dados/Projeto_final_fase3/venv/lib/python3.9/site-packages/airflow/example_dags/example_xcom.py took 0.113 seconds
[2025-11-27T14:55:47.379-0300] {processor.py:161} INFO - Started process (PID=11025) to work on /Users/davispecia/Documents/GitHub/Pf_pipeline_dados/Projeto_final_fase3/venv/lib/python3.9/site-packages/airflow/example_dags/example_xcom.py
[2025-11-27T14:55:47.381-0300] {processor.py:830} INFO - Processing file /Users/davispecia/Documents/GitHub/Pf_pipeline_dados/Projeto_final_fase3/venv/lib/python3.9/site-packages/airflow/example_dags/example_xcom.py for tasks to queue
[2025-11-27T14:55:47.381-0300] {logging_mixin.py:188} INFO - [2025-11-27T14:55:47.381-0300] {dagbag.py:545} INFO - Filling up the DagBag from /Users/davispecia/Documents/GitHub/Pf_pipeline_dados/Projeto_final_fase3/venv/lib/python3.9/site-packages/airflow/example_dags/example_xcom.py
[2025-11-27T14:55:47.398-0300] {processor.py:840} INFO - DAG(s) 'example_xcom' retrieved from /Users/davispecia/Documents/GitHub/Pf_pipeline_dados/Projeto_final_fase3/venv/lib/python3.9/site-packages/airflow/example_dags/example_xcom.py
[2025-11-27T14:55:47.468-0300] {logging_mixin.py:188} INFO - [2025-11-27T14:55:47.468-0300] {dag.py:3089} INFO - Sync 1 DAGs
[2025-11-27T14:55:47.476-0300] {logging_mixin.py:188} INFO - [2025-11-27T14:55:47.476-0300] {dag.py:3947} INFO - Setting next_dagrun for example_xcom to 2021-01-01 00:00:00+00:00, run_after=2021-01-01 00:00:00+00:00
[2025-11-27T14:55:47.485-0300] {processor.py:183} INFO - Processing /Users/davispecia/Documents/GitHub/Pf_pipeline_dados/Projeto_final_fase3/venv/lib/python3.9/site-packages/airflow/example_dags/example_xcom.py took 0.108 seconds
[2025-11-27T14:56:52.413-0300] {processor.py:161} INFO - Started process (PID=11193) to work on /Users/davispecia/Documents/GitHub/Pf_pipeline_dados/Projeto_final_fase3/venv/lib/python3.9/site-packages/airflow/example_dags/example_xcom.py
[2025-11-27T14:56:52.414-0300] {processor.py:830} INFO - Processing file /Users/davispecia/Documents/GitHub/Pf_pipeline_dados/Projeto_final_fase3/venv/lib/python3.9/site-packages/airflow/example_dags/example_xcom.py for tasks to queue
[2025-11-27T14:56:52.415-0300] {logging_mixin.py:188} INFO - [2025-11-27T14:56:52.415-0300] {dagbag.py:545} INFO - Filling up the DagBag from /Users/davispecia/Documents/GitHub/Pf_pipeline_dados/Projeto_final_fase3/venv/lib/python3.9/site-packages/airflow/example_dags/example_xcom.py
[2025-11-27T14:56:52.434-0300] {processor.py:840} INFO - DAG(s) 'example_xcom' retrieved from /Users/davispecia/Documents/GitHub/Pf_pipeline_dados/Projeto_final_fase3/venv/lib/python3.9/site-packages/airflow/example_dags/example_xcom.py
[2025-11-27T14:56:52.508-0300] {logging_mixin.py:188} INFO - [2025-11-27T14:56:52.508-0300] {dag.py:3089} INFO - Sync 1 DAGs
[2025-11-27T14:56:52.516-0300] {logging_mixin.py:188} INFO - [2025-11-27T14:56:52.516-0300] {dag.py:3947} INFO - Setting next_dagrun for example_xcom to 2021-01-01 00:00:00+00:00, run_after=2021-01-01 00:00:00+00:00
[2025-11-27T14:56:52.526-0300] {processor.py:183} INFO - Processing /Users/davispecia/Documents/GitHub/Pf_pipeline_dados/Projeto_final_fase3/venv/lib/python3.9/site-packages/airflow/example_dags/example_xcom.py took 0.115 seconds
[2025-11-27T14:57:53.780-0300] {processor.py:161} INFO - Started process (PID=11334) to work on /Users/davispecia/Documents/GitHub/Pf_pipeline_dados/Projeto_final_fase3/venv/lib/python3.9/site-packages/airflow/example_dags/example_xcom.py
[2025-11-27T14:57:53.781-0300] {processor.py:830} INFO - Processing file /Users/davispecia/Documents/GitHub/Pf_pipeline_dados/Projeto_final_fase3/venv/lib/python3.9/site-packages/airflow/example_dags/example_xcom.py for tasks to queue
[2025-11-27T14:57:53.782-0300] {logging_mixin.py:188} INFO - [2025-11-27T14:57:53.781-0300] {dagbag.py:545} INFO - Filling up the DagBag from /Users/davispecia/Documents/GitHub/Pf_pipeline_dados/Projeto_final_fase3/venv/lib/python3.9/site-packages/airflow/example_dags/example_xcom.py
[2025-11-27T14:57:53.799-0300] {processor.py:840} INFO - DAG(s) 'example_xcom' retrieved from /Users/davispecia/Documents/GitHub/Pf_pipeline_dados/Projeto_final_fase3/venv/lib/python3.9/site-packages/airflow/example_dags/example_xcom.py
[2025-11-27T14:57:53.867-0300] {logging_mixin.py:188} INFO - [2025-11-27T14:57:53.867-0300] {dag.py:3089} INFO - Sync 1 DAGs
[2025-11-27T14:57:53.876-0300] {logging_mixin.py:188} INFO - [2025-11-27T14:57:53.875-0300] {dag.py:3947} INFO - Setting next_dagrun for example_xcom to 2021-01-01 00:00:00+00:00, run_after=2021-01-01 00:00:00+00:00
[2025-11-27T14:57:53.885-0300] {processor.py:183} INFO - Processing /Users/davispecia/Documents/GitHub/Pf_pipeline_dados/Projeto_final_fase3/venv/lib/python3.9/site-packages/airflow/example_dags/example_xcom.py took 0.107 seconds
[2025-11-27T14:58:57.484-0300] {processor.py:161} INFO - Started process (PID=11489) to work on /Users/davispecia/Documents/GitHub/Pf_pipeline_dados/Projeto_final_fase3/venv/lib/python3.9/site-packages/airflow/example_dags/example_xcom.py
[2025-11-27T14:58:57.485-0300] {processor.py:830} INFO - Processing file /Users/davispecia/Documents/GitHub/Pf_pipeline_dados/Projeto_final_fase3/venv/lib/python3.9/site-packages/airflow/example_dags/example_xcom.py for tasks to queue
[2025-11-27T14:58:57.485-0300] {logging_mixin.py:188} INFO - [2025-11-27T14:58:57.485-0300] {dagbag.py:545} INFO - Filling up the DagBag from /Users/davispecia/Documents/GitHub/Pf_pipeline_dados/Projeto_final_fase3/venv/lib/python3.9/site-packages/airflow/example_dags/example_xcom.py
[2025-11-27T14:58:57.503-0300] {processor.py:840} INFO - DAG(s) 'example_xcom' retrieved from /Users/davispecia/Documents/GitHub/Pf_pipeline_dados/Projeto_final_fase3/venv/lib/python3.9/site-packages/airflow/example_dags/example_xcom.py
[2025-11-27T14:58:57.572-0300] {logging_mixin.py:188} INFO - [2025-11-27T14:58:57.572-0300] {dag.py:3089} INFO - Sync 1 DAGs
[2025-11-27T14:58:57.580-0300] {logging_mixin.py:188} INFO - [2025-11-27T14:58:57.580-0300] {dag.py:3947} INFO - Setting next_dagrun for example_xcom to 2021-01-01 00:00:00+00:00, run_after=2021-01-01 00:00:00+00:00
[2025-11-27T14:58:57.588-0300] {processor.py:183} INFO - Processing /Users/davispecia/Documents/GitHub/Pf_pipeline_dados/Projeto_final_fase3/venv/lib/python3.9/site-packages/airflow/example_dags/example_xcom.py took 0.106 seconds
[2025-11-27T15:00:01.387-0300] {processor.py:161} INFO - Started process (PID=11644) to work on /Users/davispecia/Documents/GitHub/Pf_pipeline_dados/Projeto_final_fase3/venv/lib/python3.9/site-packages/airflow/example_dags/example_xcom.py
[2025-11-27T15:00:01.388-0300] {processor.py:830} INFO - Processing file /Users/davispecia/Documents/GitHub/Pf_pipeline_dados/Projeto_final_fase3/venv/lib/python3.9/site-packages/airflow/example_dags/example_xcom.py for tasks to queue
[2025-11-27T15:00:01.389-0300] {logging_mixin.py:188} INFO - [2025-11-27T15:00:01.388-0300] {dagbag.py:545} INFO - Filling up the DagBag from /Users/davispecia/Documents/GitHub/Pf_pipeline_dados/Projeto_final_fase3/venv/lib/python3.9/site-packages/airflow/example_dags/example_xcom.py
[2025-11-27T15:00:01.407-0300] {processor.py:840} INFO - DAG(s) 'example_xcom' retrieved from /Users/davispecia/Documents/GitHub/Pf_pipeline_dados/Projeto_final_fase3/venv/lib/python3.9/site-packages/airflow/example_dags/example_xcom.py
[2025-11-27T15:00:01.475-0300] {logging_mixin.py:188} INFO - [2025-11-27T15:00:01.475-0300] {dag.py:3089} INFO - Sync 1 DAGs
[2025-11-27T15:00:01.483-0300] {logging_mixin.py:188} INFO - [2025-11-27T15:00:01.483-0300] {dag.py:3947} INFO - Setting next_dagrun for example_xcom to 2021-01-01 00:00:00+00:00, run_after=2021-01-01 00:00:00+00:00
[2025-11-27T15:00:01.493-0300] {processor.py:183} INFO - Processing /Users/davispecia/Documents/GitHub/Pf_pipeline_dados/Projeto_final_fase3/venv/lib/python3.9/site-packages/airflow/example_dags/example_xcom.py took 0.108 seconds
[2025-11-27T15:01:12.087-0300] {processor.py:161} INFO - Started process (PID=11867) to work on /Users/davispecia/Documents/GitHub/Pf_pipeline_dados/Projeto_final_fase3/venv/lib/python3.9/site-packages/airflow/example_dags/example_xcom.py
[2025-11-27T15:01:12.088-0300] {processor.py:830} INFO - Processing file /Users/davispecia/Documents/GitHub/Pf_pipeline_dados/Projeto_final_fase3/venv/lib/python3.9/site-packages/airflow/example_dags/example_xcom.py for tasks to queue
[2025-11-27T15:01:12.088-0300] {logging_mixin.py:188} INFO - [2025-11-27T15:01:12.088-0300] {dagbag.py:545} INFO - Filling up the DagBag from /Users/davispecia/Documents/GitHub/Pf_pipeline_dados/Projeto_final_fase3/venv/lib/python3.9/site-packages/airflow/example_dags/example_xcom.py
[2025-11-27T15:01:12.106-0300] {processor.py:840} INFO - DAG(s) 'example_xcom' retrieved from /Users/davispecia/Documents/GitHub/Pf_pipeline_dados/Projeto_final_fase3/venv/lib/python3.9/site-packages/airflow/example_dags/example_xcom.py
[2025-11-27T15:01:12.180-0300] {logging_mixin.py:188} INFO - [2025-11-27T15:01:12.180-0300] {dag.py:3089} INFO - Sync 1 DAGs
[2025-11-27T15:01:12.189-0300] {logging_mixin.py:188} INFO - [2025-11-27T15:01:12.188-0300] {dag.py:3947} INFO - Setting next_dagrun for example_xcom to 2021-01-01 00:00:00+00:00, run_after=2021-01-01 00:00:00+00:00
[2025-11-27T15:01:12.199-0300] {processor.py:183} INFO - Processing /Users/davispecia/Documents/GitHub/Pf_pipeline_dados/Projeto_final_fase3/venv/lib/python3.9/site-packages/airflow/example_dags/example_xcom.py took 0.114 seconds
[2025-11-27T15:02:16.336-0300] {processor.py:161} INFO - Started process (PID=12023) to work on /Users/davispecia/Documents/GitHub/Pf_pipeline_dados/Projeto_final_fase3/venv/lib/python3.9/site-packages/airflow/example_dags/example_xcom.py
[2025-11-27T15:02:16.337-0300] {processor.py:830} INFO - Processing file /Users/davispecia/Documents/GitHub/Pf_pipeline_dados/Projeto_final_fase3/venv/lib/python3.9/site-packages/airflow/example_dags/example_xcom.py for tasks to queue
[2025-11-27T15:02:16.337-0300] {logging_mixin.py:188} INFO - [2025-11-27T15:02:16.337-0300] {dagbag.py:545} INFO - Filling up the DagBag from /Users/davispecia/Documents/GitHub/Pf_pipeline_dados/Projeto_final_fase3/venv/lib/python3.9/site-packages/airflow/example_dags/example_xcom.py
[2025-11-27T15:02:16.354-0300] {processor.py:840} INFO - DAG(s) 'example_xcom' retrieved from /Users/davispecia/Documents/GitHub/Pf_pipeline_dados/Projeto_final_fase3/venv/lib/python3.9/site-packages/airflow/example_dags/example_xcom.py
[2025-11-27T15:02:16.422-0300] {logging_mixin.py:188} INFO - [2025-11-27T15:02:16.422-0300] {dag.py:3089} INFO - Sync 1 DAGs
[2025-11-27T15:02:16.430-0300] {logging_mixin.py:188} INFO - [2025-11-27T15:02:16.430-0300] {dag.py:3947} INFO - Setting next_dagrun for example_xcom to 2021-01-01 00:00:00+00:00, run_after=2021-01-01 00:00:00+00:00
[2025-11-27T15:02:16.439-0300] {processor.py:183} INFO - Processing /Users/davispecia/Documents/GitHub/Pf_pipeline_dados/Projeto_final_fase3/venv/lib/python3.9/site-packages/airflow/example_dags/example_xcom.py took 0.106 seconds
[2025-11-27T15:03:20.497-0300] {processor.py:161} INFO - Started process (PID=12179) to work on /Users/davispecia/Documents/GitHub/Pf_pipeline_dados/Projeto_final_fase3/venv/lib/python3.9/site-packages/airflow/example_dags/example_xcom.py
[2025-11-27T15:03:20.498-0300] {processor.py:830} INFO - Processing file /Users/davispecia/Documents/GitHub/Pf_pipeline_dados/Projeto_final_fase3/venv/lib/python3.9/site-packages/airflow/example_dags/example_xcom.py for tasks to queue
[2025-11-27T15:03:20.498-0300] {logging_mixin.py:188} INFO - [2025-11-27T15:03:20.498-0300] {dagbag.py:545} INFO - Filling up the DagBag from /Users/davispecia/Documents/GitHub/Pf_pipeline_dados/Projeto_final_fase3/venv/lib/python3.9/site-packages/airflow/example_dags/example_xcom.py
[2025-11-27T15:03:20.516-0300] {processor.py:840} INFO - DAG(s) 'example_xcom' retrieved from /Users/davispecia/Documents/GitHub/Pf_pipeline_dados/Projeto_final_fase3/venv/lib/python3.9/site-packages/airflow/example_dags/example_xcom.py
[2025-11-27T15:03:20.586-0300] {logging_mixin.py:188} INFO - [2025-11-27T15:03:20.586-0300] {dag.py:3089} INFO - Sync 1 DAGs
[2025-11-27T15:03:20.594-0300] {logging_mixin.py:188} INFO - [2025-11-27T15:03:20.594-0300] {dag.py:3947} INFO - Setting next_dagrun for example_xcom to 2021-01-01 00:00:00+00:00, run_after=2021-01-01 00:00:00+00:00
[2025-11-27T15:03:20.604-0300] {processor.py:183} INFO - Processing /Users/davispecia/Documents/GitHub/Pf_pipeline_dados/Projeto_final_fase3/venv/lib/python3.9/site-packages/airflow/example_dags/example_xcom.py took 0.109 seconds
[2025-11-27T15:04:23.940-0300] {processor.py:161} INFO - Started process (PID=12327) to work on /Users/davispecia/Documents/GitHub/Pf_pipeline_dados/Projeto_final_fase3/venv/lib/python3.9/site-packages/airflow/example_dags/example_xcom.py
[2025-11-27T15:04:23.941-0300] {processor.py:830} INFO - Processing file /Users/davispecia/Documents/GitHub/Pf_pipeline_dados/Projeto_final_fase3/venv/lib/python3.9/site-packages/airflow/example_dags/example_xcom.py for tasks to queue
[2025-11-27T15:04:23.941-0300] {logging_mixin.py:188} INFO - [2025-11-27T15:04:23.941-0300] {dagbag.py:545} INFO - Filling up the DagBag from /Users/davispecia/Documents/GitHub/Pf_pipeline_dados/Projeto_final_fase3/venv/lib/python3.9/site-packages/airflow/example_dags/example_xcom.py
[2025-11-27T15:04:23.959-0300] {processor.py:840} INFO - DAG(s) 'example_xcom' retrieved from /Users/davispecia/Documents/GitHub/Pf_pipeline_dados/Projeto_final_fase3/venv/lib/python3.9/site-packages/airflow/example_dags/example_xcom.py
[2025-11-27T15:04:24.026-0300] {logging_mixin.py:188} INFO - [2025-11-27T15:04:24.026-0300] {dag.py:3089} INFO - Sync 1 DAGs
[2025-11-27T15:04:24.034-0300] {logging_mixin.py:188} INFO - [2025-11-27T15:04:24.034-0300] {dag.py:3947} INFO - Setting next_dagrun for example_xcom to 2021-01-01 00:00:00+00:00, run_after=2021-01-01 00:00:00+00:00
[2025-11-27T15:04:24.043-0300] {processor.py:183} INFO - Processing /Users/davispecia/Documents/GitHub/Pf_pipeline_dados/Projeto_final_fase3/venv/lib/python3.9/site-packages/airflow/example_dags/example_xcom.py took 0.105 seconds
[2025-11-27T15:05:25.994-0300] {processor.py:161} INFO - Started process (PID=12472) to work on /Users/davispecia/Documents/GitHub/Pf_pipeline_dados/Projeto_final_fase3/venv/lib/python3.9/site-packages/airflow/example_dags/example_xcom.py
[2025-11-27T15:05:25.995-0300] {processor.py:830} INFO - Processing file /Users/davispecia/Documents/GitHub/Pf_pipeline_dados/Projeto_final_fase3/venv/lib/python3.9/site-packages/airflow/example_dags/example_xcom.py for tasks to queue
[2025-11-27T15:05:25.995-0300] {logging_mixin.py:188} INFO - [2025-11-27T15:05:25.995-0300] {dagbag.py:545} INFO - Filling up the DagBag from /Users/davispecia/Documents/GitHub/Pf_pipeline_dados/Projeto_final_fase3/venv/lib/python3.9/site-packages/airflow/example_dags/example_xcom.py
[2025-11-27T15:05:26.013-0300] {processor.py:840} INFO - DAG(s) 'example_xcom' retrieved from /Users/davispecia/Documents/GitHub/Pf_pipeline_dados/Projeto_final_fase3/venv/lib/python3.9/site-packages/airflow/example_dags/example_xcom.py
[2025-11-27T15:05:26.083-0300] {logging_mixin.py:188} INFO - [2025-11-27T15:05:26.083-0300] {dag.py:3089} INFO - Sync 1 DAGs
[2025-11-27T15:05:26.092-0300] {logging_mixin.py:188} INFO - [2025-11-27T15:05:26.091-0300] {dag.py:3947} INFO - Setting next_dagrun for example_xcom to 2021-01-01 00:00:00+00:00, run_after=2021-01-01 00:00:00+00:00
[2025-11-27T15:05:26.101-0300] {processor.py:183} INFO - Processing /Users/davispecia/Documents/GitHub/Pf_pipeline_dados/Projeto_final_fase3/venv/lib/python3.9/site-packages/airflow/example_dags/example_xcom.py took 0.109 seconds
[2025-11-27T15:06:30.015-0300] {processor.py:161} INFO - Started process (PID=12634) to work on /Users/davispecia/Documents/GitHub/Pf_pipeline_dados/Projeto_final_fase3/venv/lib/python3.9/site-packages/airflow/example_dags/example_xcom.py
[2025-11-27T15:06:30.015-0300] {processor.py:830} INFO - Processing file /Users/davispecia/Documents/GitHub/Pf_pipeline_dados/Projeto_final_fase3/venv/lib/python3.9/site-packages/airflow/example_dags/example_xcom.py for tasks to queue
[2025-11-27T15:06:30.016-0300] {logging_mixin.py:188} INFO - [2025-11-27T15:06:30.015-0300] {dagbag.py:545} INFO - Filling up the DagBag from /Users/davispecia/Documents/GitHub/Pf_pipeline_dados/Projeto_final_fase3/venv/lib/python3.9/site-packages/airflow/example_dags/example_xcom.py
[2025-11-27T15:06:30.033-0300] {processor.py:840} INFO - DAG(s) 'example_xcom' retrieved from /Users/davispecia/Documents/GitHub/Pf_pipeline_dados/Projeto_final_fase3/venv/lib/python3.9/site-packages/airflow/example_dags/example_xcom.py
[2025-11-27T15:06:30.103-0300] {logging_mixin.py:188} INFO - [2025-11-27T15:06:30.102-0300] {dag.py:3089} INFO - Sync 1 DAGs
[2025-11-27T15:06:30.111-0300] {logging_mixin.py:188} INFO - [2025-11-27T15:06:30.110-0300] {dag.py:3947} INFO - Setting next_dagrun for example_xcom to 2021-01-01 00:00:00+00:00, run_after=2021-01-01 00:00:00+00:00
[2025-11-27T15:06:30.119-0300] {processor.py:183} INFO - Processing /Users/davispecia/Documents/GitHub/Pf_pipeline_dados/Projeto_final_fase3/venv/lib/python3.9/site-packages/airflow/example_dags/example_xcom.py took 0.106 seconds
[2025-11-27T15:07:43.409-0300] {processor.py:161} INFO - Started process (PID=12857) to work on /Users/davispecia/Documents/GitHub/Pf_pipeline_dados/Projeto_final_fase3/venv/lib/python3.9/site-packages/airflow/example_dags/example_xcom.py
[2025-11-27T15:07:43.410-0300] {processor.py:830} INFO - Processing file /Users/davispecia/Documents/GitHub/Pf_pipeline_dados/Projeto_final_fase3/venv/lib/python3.9/site-packages/airflow/example_dags/example_xcom.py for tasks to queue
[2025-11-27T15:07:43.410-0300] {logging_mixin.py:188} INFO - [2025-11-27T15:07:43.410-0300] {dagbag.py:545} INFO - Filling up the DagBag from /Users/davispecia/Documents/GitHub/Pf_pipeline_dados/Projeto_final_fase3/venv/lib/python3.9/site-packages/airflow/example_dags/example_xcom.py
[2025-11-27T15:07:43.428-0300] {processor.py:840} INFO - DAG(s) 'example_xcom' retrieved from /Users/davispecia/Documents/GitHub/Pf_pipeline_dados/Projeto_final_fase3/venv/lib/python3.9/site-packages/airflow/example_dags/example_xcom.py
[2025-11-27T15:07:43.498-0300] {logging_mixin.py:188} INFO - [2025-11-27T15:07:43.498-0300] {dag.py:3089} INFO - Sync 1 DAGs
[2025-11-27T15:07:43.506-0300] {logging_mixin.py:188} INFO - [2025-11-27T15:07:43.506-0300] {dag.py:3947} INFO - Setting next_dagrun for example_xcom to 2021-01-01 00:00:00+00:00, run_after=2021-01-01 00:00:00+00:00
[2025-11-27T15:07:43.517-0300] {processor.py:183} INFO - Processing /Users/davispecia/Documents/GitHub/Pf_pipeline_dados/Projeto_final_fase3/venv/lib/python3.9/site-packages/airflow/example_dags/example_xcom.py took 0.109 seconds
[2025-11-27T15:08:45.502-0300] {processor.py:161} INFO - Started process (PID=13013) to work on /Users/davispecia/Documents/GitHub/Pf_pipeline_dados/Projeto_final_fase3/venv/lib/python3.9/site-packages/airflow/example_dags/example_xcom.py
[2025-11-27T15:08:45.503-0300] {processor.py:830} INFO - Processing file /Users/davispecia/Documents/GitHub/Pf_pipeline_dados/Projeto_final_fase3/venv/lib/python3.9/site-packages/airflow/example_dags/example_xcom.py for tasks to queue
[2025-11-27T15:08:45.503-0300] {logging_mixin.py:188} INFO - [2025-11-27T15:08:45.503-0300] {dagbag.py:545} INFO - Filling up the DagBag from /Users/davispecia/Documents/GitHub/Pf_pipeline_dados/Projeto_final_fase3/venv/lib/python3.9/site-packages/airflow/example_dags/example_xcom.py
[2025-11-27T15:08:45.520-0300] {processor.py:840} INFO - DAG(s) 'example_xcom' retrieved from /Users/davispecia/Documents/GitHub/Pf_pipeline_dados/Projeto_final_fase3/venv/lib/python3.9/site-packages/airflow/example_dags/example_xcom.py
[2025-11-27T15:08:45.593-0300] {logging_mixin.py:188} INFO - [2025-11-27T15:08:45.593-0300] {dag.py:3089} INFO - Sync 1 DAGs
[2025-11-27T15:08:45.601-0300] {logging_mixin.py:188} INFO - [2025-11-27T15:08:45.601-0300] {dag.py:3947} INFO - Setting next_dagrun for example_xcom to 2021-01-01 00:00:00+00:00, run_after=2021-01-01 00:00:00+00:00
[2025-11-27T15:08:45.610-0300] {processor.py:183} INFO - Processing /Users/davispecia/Documents/GitHub/Pf_pipeline_dados/Projeto_final_fase3/venv/lib/python3.9/site-packages/airflow/example_dags/example_xcom.py took 0.110 seconds
[2025-11-27T15:09:49.161-0300] {processor.py:161} INFO - Started process (PID=13166) to work on /Users/davispecia/Documents/GitHub/Pf_pipeline_dados/Projeto_final_fase3/venv/lib/python3.9/site-packages/airflow/example_dags/example_xcom.py
[2025-11-27T15:09:49.162-0300] {processor.py:830} INFO - Processing file /Users/davispecia/Documents/GitHub/Pf_pipeline_dados/Projeto_final_fase3/venv/lib/python3.9/site-packages/airflow/example_dags/example_xcom.py for tasks to queue
[2025-11-27T15:09:49.162-0300] {logging_mixin.py:188} INFO - [2025-11-27T15:09:49.162-0300] {dagbag.py:545} INFO - Filling up the DagBag from /Users/davispecia/Documents/GitHub/Pf_pipeline_dados/Projeto_final_fase3/venv/lib/python3.9/site-packages/airflow/example_dags/example_xcom.py
[2025-11-27T15:09:49.179-0300] {processor.py:840} INFO - DAG(s) 'example_xcom' retrieved from /Users/davispecia/Documents/GitHub/Pf_pipeline_dados/Projeto_final_fase3/venv/lib/python3.9/site-packages/airflow/example_dags/example_xcom.py
[2025-11-27T15:09:49.249-0300] {logging_mixin.py:188} INFO - [2025-11-27T15:09:49.249-0300] {dag.py:3089} INFO - Sync 1 DAGs
[2025-11-27T15:09:49.257-0300] {logging_mixin.py:188} INFO - [2025-11-27T15:09:49.257-0300] {dag.py:3947} INFO - Setting next_dagrun for example_xcom to 2021-01-01 00:00:00+00:00, run_after=2021-01-01 00:00:00+00:00
[2025-11-27T15:09:49.267-0300] {processor.py:183} INFO - Processing /Users/davispecia/Documents/GitHub/Pf_pipeline_dados/Projeto_final_fase3/venv/lib/python3.9/site-packages/airflow/example_dags/example_xcom.py took 0.108 seconds
[2025-11-27T15:10:52.081-0300] {processor.py:161} INFO - Started process (PID=13314) to work on /Users/davispecia/Documents/GitHub/Pf_pipeline_dados/Projeto_final_fase3/venv/lib/python3.9/site-packages/airflow/example_dags/example_xcom.py
[2025-11-27T15:10:52.082-0300] {processor.py:830} INFO - Processing file /Users/davispecia/Documents/GitHub/Pf_pipeline_dados/Projeto_final_fase3/venv/lib/python3.9/site-packages/airflow/example_dags/example_xcom.py for tasks to queue
[2025-11-27T15:10:52.083-0300] {logging_mixin.py:188} INFO - [2025-11-27T15:10:52.083-0300] {dagbag.py:545} INFO - Filling up the DagBag from /Users/davispecia/Documents/GitHub/Pf_pipeline_dados/Projeto_final_fase3/venv/lib/python3.9/site-packages/airflow/example_dags/example_xcom.py
[2025-11-27T15:10:52.100-0300] {processor.py:840} INFO - DAG(s) 'example_xcom' retrieved from /Users/davispecia/Documents/GitHub/Pf_pipeline_dados/Projeto_final_fase3/venv/lib/python3.9/site-packages/airflow/example_dags/example_xcom.py
[2025-11-27T15:10:52.168-0300] {logging_mixin.py:188} INFO - [2025-11-27T15:10:52.168-0300] {dag.py:3089} INFO - Sync 1 DAGs
[2025-11-27T15:10:52.176-0300] {logging_mixin.py:188} INFO - [2025-11-27T15:10:52.176-0300] {dag.py:3947} INFO - Setting next_dagrun for example_xcom to 2021-01-01 00:00:00+00:00, run_after=2021-01-01 00:00:00+00:00
[2025-11-27T15:10:52.185-0300] {processor.py:183} INFO - Processing /Users/davispecia/Documents/GitHub/Pf_pipeline_dados/Projeto_final_fase3/venv/lib/python3.9/site-packages/airflow/example_dags/example_xcom.py took 0.106 seconds
[2025-11-27T15:11:56.279-0300] {processor.py:161} INFO - Started process (PID=13524) to work on /Users/davispecia/Documents/GitHub/Pf_pipeline_dados/Projeto_final_fase3/venv/lib/python3.9/site-packages/airflow/example_dags/example_xcom.py
[2025-11-27T15:11:56.280-0300] {processor.py:830} INFO - Processing file /Users/davispecia/Documents/GitHub/Pf_pipeline_dados/Projeto_final_fase3/venv/lib/python3.9/site-packages/airflow/example_dags/example_xcom.py for tasks to queue
[2025-11-27T15:11:56.280-0300] {logging_mixin.py:188} INFO - [2025-11-27T15:11:56.280-0300] {dagbag.py:545} INFO - Filling up the DagBag from /Users/davispecia/Documents/GitHub/Pf_pipeline_dados/Projeto_final_fase3/venv/lib/python3.9/site-packages/airflow/example_dags/example_xcom.py
[2025-11-27T15:11:56.298-0300] {processor.py:840} INFO - DAG(s) 'example_xcom' retrieved from /Users/davispecia/Documents/GitHub/Pf_pipeline_dados/Projeto_final_fase3/venv/lib/python3.9/site-packages/airflow/example_dags/example_xcom.py
[2025-11-27T15:11:56.372-0300] {logging_mixin.py:188} INFO - [2025-11-27T15:11:56.372-0300] {dag.py:3089} INFO - Sync 1 DAGs
[2025-11-27T15:11:56.382-0300] {logging_mixin.py:188} INFO - [2025-11-27T15:11:56.382-0300] {dag.py:3947} INFO - Setting next_dagrun for example_xcom to 2021-01-01 00:00:00+00:00, run_after=2021-01-01 00:00:00+00:00
[2025-11-27T15:11:56.393-0300] {processor.py:183} INFO - Processing /Users/davispecia/Documents/GitHub/Pf_pipeline_dados/Projeto_final_fase3/venv/lib/python3.9/site-packages/airflow/example_dags/example_xcom.py took 0.116 seconds
[2025-11-27T15:13:07.341-0300] {processor.py:161} INFO - Started process (PID=13775) to work on /Users/davispecia/Documents/GitHub/Pf_pipeline_dados/Projeto_final_fase3/venv/lib/python3.9/site-packages/airflow/example_dags/example_xcom.py
[2025-11-27T15:13:07.342-0300] {processor.py:830} INFO - Processing file /Users/davispecia/Documents/GitHub/Pf_pipeline_dados/Projeto_final_fase3/venv/lib/python3.9/site-packages/airflow/example_dags/example_xcom.py for tasks to queue
[2025-11-27T15:13:07.342-0300] {logging_mixin.py:188} INFO - [2025-11-27T15:13:07.342-0300] {dagbag.py:545} INFO - Filling up the DagBag from /Users/davispecia/Documents/GitHub/Pf_pipeline_dados/Projeto_final_fase3/venv/lib/python3.9/site-packages/airflow/example_dags/example_xcom.py
[2025-11-27T15:13:07.360-0300] {processor.py:840} INFO - DAG(s) 'example_xcom' retrieved from /Users/davispecia/Documents/GitHub/Pf_pipeline_dados/Projeto_final_fase3/venv/lib/python3.9/site-packages/airflow/example_dags/example_xcom.py
[2025-11-27T15:13:07.428-0300] {logging_mixin.py:188} INFO - [2025-11-27T15:13:07.428-0300] {dag.py:3089} INFO - Sync 1 DAGs
[2025-11-27T15:13:07.436-0300] {logging_mixin.py:188} INFO - [2025-11-27T15:13:07.436-0300] {dag.py:3947} INFO - Setting next_dagrun for example_xcom to 2021-01-01 00:00:00+00:00, run_after=2021-01-01 00:00:00+00:00
[2025-11-27T15:13:07.446-0300] {processor.py:183} INFO - Processing /Users/davispecia/Documents/GitHub/Pf_pipeline_dados/Projeto_final_fase3/venv/lib/python3.9/site-packages/airflow/example_dags/example_xcom.py took 0.106 seconds
[2025-11-27T15:14:07.094-0300] {processor.py:161} INFO - Started process (PID=13938) to work on /Users/davispecia/Documents/GitHub/Pf_pipeline_dados/Projeto_final_fase3/venv/lib/python3.9/site-packages/airflow/example_dags/example_xcom.py
[2025-11-27T15:14:07.094-0300] {processor.py:830} INFO - Processing file /Users/davispecia/Documents/GitHub/Pf_pipeline_dados/Projeto_final_fase3/venv/lib/python3.9/site-packages/airflow/example_dags/example_xcom.py for tasks to queue
[2025-11-27T15:14:07.095-0300] {logging_mixin.py:188} INFO - [2025-11-27T15:14:07.095-0300] {dagbag.py:545} INFO - Filling up the DagBag from /Users/davispecia/Documents/GitHub/Pf_pipeline_dados/Projeto_final_fase3/venv/lib/python3.9/site-packages/airflow/example_dags/example_xcom.py
[2025-11-27T15:14:07.112-0300] {processor.py:840} INFO - DAG(s) 'example_xcom' retrieved from /Users/davispecia/Documents/GitHub/Pf_pipeline_dados/Projeto_final_fase3/venv/lib/python3.9/site-packages/airflow/example_dags/example_xcom.py
[2025-11-27T15:14:07.181-0300] {logging_mixin.py:188} INFO - [2025-11-27T15:14:07.181-0300] {dag.py:3089} INFO - Sync 1 DAGs
[2025-11-27T15:14:07.189-0300] {logging_mixin.py:188} INFO - [2025-11-27T15:14:07.189-0300] {dag.py:3947} INFO - Setting next_dagrun for example_xcom to 2021-01-01 00:00:00+00:00, run_after=2021-01-01 00:00:00+00:00
[2025-11-27T15:14:07.198-0300] {processor.py:183} INFO - Processing /Users/davispecia/Documents/GitHub/Pf_pipeline_dados/Projeto_final_fase3/venv/lib/python3.9/site-packages/airflow/example_dags/example_xcom.py took 0.106 seconds
[2025-11-27T15:15:04.989-0300] {processor.py:161} INFO - Started process (PID=14078) to work on /Users/davispecia/Documents/GitHub/Pf_pipeline_dados/Projeto_final_fase3/venv/lib/python3.9/site-packages/airflow/example_dags/example_xcom.py
[2025-11-27T15:15:04.990-0300] {processor.py:830} INFO - Processing file /Users/davispecia/Documents/GitHub/Pf_pipeline_dados/Projeto_final_fase3/venv/lib/python3.9/site-packages/airflow/example_dags/example_xcom.py for tasks to queue
[2025-11-27T15:15:04.990-0300] {logging_mixin.py:188} INFO - [2025-11-27T15:15:04.990-0300] {dagbag.py:545} INFO - Filling up the DagBag from /Users/davispecia/Documents/GitHub/Pf_pipeline_dados/Projeto_final_fase3/venv/lib/python3.9/site-packages/airflow/example_dags/example_xcom.py
[2025-11-27T15:15:05.007-0300] {processor.py:840} INFO - DAG(s) 'example_xcom' retrieved from /Users/davispecia/Documents/GitHub/Pf_pipeline_dados/Projeto_final_fase3/venv/lib/python3.9/site-packages/airflow/example_dags/example_xcom.py
[2025-11-27T15:15:05.075-0300] {logging_mixin.py:188} INFO - [2025-11-27T15:15:05.075-0300] {dag.py:3089} INFO - Sync 1 DAGs
[2025-11-27T15:15:05.084-0300] {logging_mixin.py:188} INFO - [2025-11-27T15:15:05.083-0300] {dag.py:3947} INFO - Setting next_dagrun for example_xcom to 2021-01-01 00:00:00+00:00, run_after=2021-01-01 00:00:00+00:00
[2025-11-27T15:15:05.092-0300] {processor.py:183} INFO - Processing /Users/davispecia/Documents/GitHub/Pf_pipeline_dados/Projeto_final_fase3/venv/lib/python3.9/site-packages/airflow/example_dags/example_xcom.py took 0.105 seconds
[2025-11-27T15:16:03.324-0300] {processor.py:161} INFO - Started process (PID=14217) to work on /Users/davispecia/Documents/GitHub/Pf_pipeline_dados/Projeto_final_fase3/venv/lib/python3.9/site-packages/airflow/example_dags/example_xcom.py
[2025-11-27T15:16:03.325-0300] {processor.py:830} INFO - Processing file /Users/davispecia/Documents/GitHub/Pf_pipeline_dados/Projeto_final_fase3/venv/lib/python3.9/site-packages/airflow/example_dags/example_xcom.py for tasks to queue
[2025-11-27T15:16:03.325-0300] {logging_mixin.py:188} INFO - [2025-11-27T15:16:03.325-0300] {dagbag.py:545} INFO - Filling up the DagBag from /Users/davispecia/Documents/GitHub/Pf_pipeline_dados/Projeto_final_fase3/venv/lib/python3.9/site-packages/airflow/example_dags/example_xcom.py
[2025-11-27T15:16:03.342-0300] {processor.py:840} INFO - DAG(s) 'example_xcom' retrieved from /Users/davispecia/Documents/GitHub/Pf_pipeline_dados/Projeto_final_fase3/venv/lib/python3.9/site-packages/airflow/example_dags/example_xcom.py
[2025-11-27T15:16:03.410-0300] {logging_mixin.py:188} INFO - [2025-11-27T15:16:03.410-0300] {dag.py:3089} INFO - Sync 1 DAGs
[2025-11-27T15:16:03.419-0300] {logging_mixin.py:188} INFO - [2025-11-27T15:16:03.418-0300] {dag.py:3947} INFO - Setting next_dagrun for example_xcom to 2021-01-01 00:00:00+00:00, run_after=2021-01-01 00:00:00+00:00
[2025-11-27T15:16:03.427-0300] {processor.py:183} INFO - Processing /Users/davispecia/Documents/GitHub/Pf_pipeline_dados/Projeto_final_fase3/venv/lib/python3.9/site-packages/airflow/example_dags/example_xcom.py took 0.105 seconds
[2025-11-27T15:17:03.880-0300] {processor.py:161} INFO - Started process (PID=14367) to work on /Users/davispecia/Documents/GitHub/Pf_pipeline_dados/Projeto_final_fase3/venv/lib/python3.9/site-packages/airflow/example_dags/example_xcom.py
[2025-11-27T15:17:03.881-0300] {processor.py:830} INFO - Processing file /Users/davispecia/Documents/GitHub/Pf_pipeline_dados/Projeto_final_fase3/venv/lib/python3.9/site-packages/airflow/example_dags/example_xcom.py for tasks to queue
[2025-11-27T15:17:03.882-0300] {logging_mixin.py:188} INFO - [2025-11-27T15:17:03.881-0300] {dagbag.py:545} INFO - Filling up the DagBag from /Users/davispecia/Documents/GitHub/Pf_pipeline_dados/Projeto_final_fase3/venv/lib/python3.9/site-packages/airflow/example_dags/example_xcom.py
[2025-11-27T15:17:03.899-0300] {processor.py:840} INFO - DAG(s) 'example_xcom' retrieved from /Users/davispecia/Documents/GitHub/Pf_pipeline_dados/Projeto_final_fase3/venv/lib/python3.9/site-packages/airflow/example_dags/example_xcom.py
[2025-11-27T15:17:03.967-0300] {logging_mixin.py:188} INFO - [2025-11-27T15:17:03.967-0300] {dag.py:3089} INFO - Sync 1 DAGs
[2025-11-27T15:17:03.975-0300] {logging_mixin.py:188} INFO - [2025-11-27T15:17:03.975-0300] {dag.py:3947} INFO - Setting next_dagrun for example_xcom to 2021-01-01 00:00:00+00:00, run_after=2021-01-01 00:00:00+00:00
[2025-11-27T15:17:03.984-0300] {processor.py:183} INFO - Processing /Users/davispecia/Documents/GitHub/Pf_pipeline_dados/Projeto_final_fase3/venv/lib/python3.9/site-packages/airflow/example_dags/example_xcom.py took 0.106 seconds
[2025-11-27T15:18:14.910-0300] {processor.py:161} INFO - Started process (PID=14602) to work on /Users/davispecia/Documents/GitHub/Pf_pipeline_dados/Projeto_final_fase3/venv/lib/python3.9/site-packages/airflow/example_dags/example_xcom.py
[2025-11-27T15:18:14.911-0300] {processor.py:830} INFO - Processing file /Users/davispecia/Documents/GitHub/Pf_pipeline_dados/Projeto_final_fase3/venv/lib/python3.9/site-packages/airflow/example_dags/example_xcom.py for tasks to queue
[2025-11-27T15:18:14.912-0300] {logging_mixin.py:188} INFO - [2025-11-27T15:18:14.911-0300] {dagbag.py:545} INFO - Filling up the DagBag from /Users/davispecia/Documents/GitHub/Pf_pipeline_dados/Projeto_final_fase3/venv/lib/python3.9/site-packages/airflow/example_dags/example_xcom.py
[2025-11-27T15:18:14.929-0300] {processor.py:840} INFO - DAG(s) 'example_xcom' retrieved from /Users/davispecia/Documents/GitHub/Pf_pipeline_dados/Projeto_final_fase3/venv/lib/python3.9/site-packages/airflow/example_dags/example_xcom.py
[2025-11-27T15:18:14.997-0300] {logging_mixin.py:188} INFO - [2025-11-27T15:18:14.997-0300] {dag.py:3089} INFO - Sync 1 DAGs
[2025-11-27T15:18:15.006-0300] {logging_mixin.py:188} INFO - [2025-11-27T15:18:15.005-0300] {dag.py:3947} INFO - Setting next_dagrun for example_xcom to 2021-01-01 00:00:00+00:00, run_after=2021-01-01 00:00:00+00:00
[2025-11-27T15:18:15.016-0300] {processor.py:183} INFO - Processing /Users/davispecia/Documents/GitHub/Pf_pipeline_dados/Projeto_final_fase3/venv/lib/python3.9/site-packages/airflow/example_dags/example_xcom.py took 0.107 seconds
[2025-11-27T15:19:13.944-0300] {processor.py:161} INFO - Started process (PID=14743) to work on /Users/davispecia/Documents/GitHub/Pf_pipeline_dados/Projeto_final_fase3/venv/lib/python3.9/site-packages/airflow/example_dags/example_xcom.py
[2025-11-27T15:19:13.945-0300] {processor.py:830} INFO - Processing file /Users/davispecia/Documents/GitHub/Pf_pipeline_dados/Projeto_final_fase3/venv/lib/python3.9/site-packages/airflow/example_dags/example_xcom.py for tasks to queue
[2025-11-27T15:19:13.946-0300] {logging_mixin.py:188} INFO - [2025-11-27T15:19:13.945-0300] {dagbag.py:545} INFO - Filling up the DagBag from /Users/davispecia/Documents/GitHub/Pf_pipeline_dados/Projeto_final_fase3/venv/lib/python3.9/site-packages/airflow/example_dags/example_xcom.py
[2025-11-27T15:19:13.963-0300] {processor.py:840} INFO - DAG(s) 'example_xcom' retrieved from /Users/davispecia/Documents/GitHub/Pf_pipeline_dados/Projeto_final_fase3/venv/lib/python3.9/site-packages/airflow/example_dags/example_xcom.py
[2025-11-27T15:19:14.030-0300] {logging_mixin.py:188} INFO - [2025-11-27T15:19:14.030-0300] {dag.py:3089} INFO - Sync 1 DAGs
[2025-11-27T15:19:14.038-0300] {logging_mixin.py:188} INFO - [2025-11-27T15:19:14.038-0300] {dag.py:3947} INFO - Setting next_dagrun for example_xcom to 2021-01-01 00:00:00+00:00, run_after=2021-01-01 00:00:00+00:00
[2025-11-27T15:19:14.047-0300] {processor.py:183} INFO - Processing /Users/davispecia/Documents/GitHub/Pf_pipeline_dados/Projeto_final_fase3/venv/lib/python3.9/site-packages/airflow/example_dags/example_xcom.py took 0.105 seconds
[2025-11-27T15:23:48.613-0300] {processor.py:161} INFO - Started process (PID=14937) to work on /Users/davispecia/Documents/GitHub/Pf_pipeline_dados/Projeto_final_fase3/venv/lib/python3.9/site-packages/airflow/example_dags/example_xcom.py
[2025-11-27T15:23:48.614-0300] {processor.py:830} INFO - Processing file /Users/davispecia/Documents/GitHub/Pf_pipeline_dados/Projeto_final_fase3/venv/lib/python3.9/site-packages/airflow/example_dags/example_xcom.py for tasks to queue
[2025-11-27T15:23:48.614-0300] {logging_mixin.py:188} INFO - [2025-11-27T15:23:48.614-0300] {dagbag.py:545} INFO - Filling up the DagBag from /Users/davispecia/Documents/GitHub/Pf_pipeline_dados/Projeto_final_fase3/venv/lib/python3.9/site-packages/airflow/example_dags/example_xcom.py
[2025-11-27T15:23:48.636-0300] {processor.py:840} INFO - DAG(s) 'example_xcom' retrieved from /Users/davispecia/Documents/GitHub/Pf_pipeline_dados/Projeto_final_fase3/venv/lib/python3.9/site-packages/airflow/example_dags/example_xcom.py
[2025-11-27T15:23:48.718-0300] {logging_mixin.py:188} INFO - [2025-11-27T15:23:48.718-0300] {dag.py:3089} INFO - Sync 1 DAGs
[2025-11-27T15:23:48.729-0300] {logging_mixin.py:188} INFO - [2025-11-27T15:23:48.728-0300] {dag.py:3947} INFO - Setting next_dagrun for example_xcom to 2021-01-01 00:00:00+00:00, run_after=2021-01-01 00:00:00+00:00
[2025-11-27T15:23:48.741-0300] {processor.py:183} INFO - Processing /Users/davispecia/Documents/GitHub/Pf_pipeline_dados/Projeto_final_fase3/venv/lib/python3.9/site-packages/airflow/example_dags/example_xcom.py took 0.131 seconds
[2025-11-27T15:24:59.229-0300] {processor.py:161} INFO - Started process (PID=15179) to work on /Users/davispecia/Documents/GitHub/Pf_pipeline_dados/Projeto_final_fase3/venv/lib/python3.9/site-packages/airflow/example_dags/example_xcom.py
[2025-11-27T15:24:59.230-0300] {processor.py:830} INFO - Processing file /Users/davispecia/Documents/GitHub/Pf_pipeline_dados/Projeto_final_fase3/venv/lib/python3.9/site-packages/airflow/example_dags/example_xcom.py for tasks to queue
[2025-11-27T15:24:59.231-0300] {logging_mixin.py:188} INFO - [2025-11-27T15:24:59.231-0300] {dagbag.py:545} INFO - Filling up the DagBag from /Users/davispecia/Documents/GitHub/Pf_pipeline_dados/Projeto_final_fase3/venv/lib/python3.9/site-packages/airflow/example_dags/example_xcom.py
[2025-11-27T15:24:59.248-0300] {processor.py:840} INFO - DAG(s) 'example_xcom' retrieved from /Users/davispecia/Documents/GitHub/Pf_pipeline_dados/Projeto_final_fase3/venv/lib/python3.9/site-packages/airflow/example_dags/example_xcom.py
[2025-11-27T15:24:59.317-0300] {logging_mixin.py:188} INFO - [2025-11-27T15:24:59.317-0300] {dag.py:3089} INFO - Sync 1 DAGs
[2025-11-27T15:24:59.326-0300] {logging_mixin.py:188} INFO - [2025-11-27T15:24:59.325-0300] {dag.py:3947} INFO - Setting next_dagrun for example_xcom to 2021-01-01 00:00:00+00:00, run_after=2021-01-01 00:00:00+00:00
[2025-11-27T15:24:59.334-0300] {processor.py:183} INFO - Processing /Users/davispecia/Documents/GitHub/Pf_pipeline_dados/Projeto_final_fase3/venv/lib/python3.9/site-packages/airflow/example_dags/example_xcom.py took 0.107 seconds
[2025-11-27T15:26:01.978-0300] {processor.py:161} INFO - Started process (PID=15338) to work on /Users/davispecia/Documents/GitHub/Pf_pipeline_dados/Projeto_final_fase3/venv/lib/python3.9/site-packages/airflow/example_dags/example_xcom.py
[2025-11-27T15:26:01.979-0300] {processor.py:830} INFO - Processing file /Users/davispecia/Documents/GitHub/Pf_pipeline_dados/Projeto_final_fase3/venv/lib/python3.9/site-packages/airflow/example_dags/example_xcom.py for tasks to queue
[2025-11-27T15:26:01.979-0300] {logging_mixin.py:188} INFO - [2025-11-27T15:26:01.979-0300] {dagbag.py:545} INFO - Filling up the DagBag from /Users/davispecia/Documents/GitHub/Pf_pipeline_dados/Projeto_final_fase3/venv/lib/python3.9/site-packages/airflow/example_dags/example_xcom.py
[2025-11-27T15:26:01.997-0300] {processor.py:840} INFO - DAG(s) 'example_xcom' retrieved from /Users/davispecia/Documents/GitHub/Pf_pipeline_dados/Projeto_final_fase3/venv/lib/python3.9/site-packages/airflow/example_dags/example_xcom.py
[2025-11-27T15:26:02.068-0300] {logging_mixin.py:188} INFO - [2025-11-27T15:26:02.067-0300] {dag.py:3089} INFO - Sync 1 DAGs
[2025-11-27T15:26:02.076-0300] {logging_mixin.py:188} INFO - [2025-11-27T15:26:02.076-0300] {dag.py:3947} INFO - Setting next_dagrun for example_xcom to 2021-01-01 00:00:00+00:00, run_after=2021-01-01 00:00:00+00:00
[2025-11-27T15:26:02.085-0300] {processor.py:183} INFO - Processing /Users/davispecia/Documents/GitHub/Pf_pipeline_dados/Projeto_final_fase3/venv/lib/python3.9/site-packages/airflow/example_dags/example_xcom.py took 0.109 seconds
