[2025-11-27T11:12:48.043-0300] {processor.py:161} INFO - Started process (PID=88954) to work on /Users/davispecia/Documents/GitHub/Pf_pipeline_dados/Projeto_final_fase3/venv/lib/python3.9/site-packages/airflow/example_dags/example_kubernetes_executor.py
[2025-11-27T11:12:48.044-0300] {processor.py:830} INFO - Processing file /Users/davispecia/Documents/GitHub/Pf_pipeline_dados/Projeto_final_fase3/venv/lib/python3.9/site-packages/airflow/example_dags/example_kubernetes_executor.py for tasks to queue
[2025-11-27T11:12:48.044-0300] {logging_mixin.py:188} INFO - [2025-11-27T11:12:48.044-0300] {dagbag.py:545} INFO - Filling up the DagBag from /Users/davispecia/Documents/GitHub/Pf_pipeline_dados/Projeto_final_fase3/venv/lib/python3.9/site-packages/airflow/example_dags/example_kubernetes_executor.py
[2025-11-27T11:12:48.062-0300] {logging_mixin.py:188} INFO - [2025-11-27T11:12:48.061-0300] {example_kubernetes_executor.py:39} WARNING - The example_kubernetes_executor example DAG requires the kubernetes provider. Please install it with: pip install apache-airflow[cncf.kubernetes]
[2025-11-27T11:12:48.062-0300] {processor.py:842} WARNING - No viable dags retrieved from /Users/davispecia/Documents/GitHub/Pf_pipeline_dados/Projeto_final_fase3/venv/lib/python3.9/site-packages/airflow/example_dags/example_kubernetes_executor.py
[2025-11-27T11:12:48.127-0300] {processor.py:183} INFO - Processing /Users/davispecia/Documents/GitHub/Pf_pipeline_dados/Projeto_final_fase3/venv/lib/python3.9/site-packages/airflow/example_dags/example_kubernetes_executor.py took 0.085 seconds
[2025-11-27T11:15:04.707-0300] {processor.py:161} INFO - Started process (PID=90121) to work on /Users/davispecia/Documents/GitHub/Pf_pipeline_dados/Projeto_final_fase3/venv/lib/python3.9/site-packages/airflow/example_dags/example_kubernetes_executor.py
[2025-11-27T11:15:04.708-0300] {processor.py:830} INFO - Processing file /Users/davispecia/Documents/GitHub/Pf_pipeline_dados/Projeto_final_fase3/venv/lib/python3.9/site-packages/airflow/example_dags/example_kubernetes_executor.py for tasks to queue
[2025-11-27T11:15:04.708-0300] {logging_mixin.py:188} INFO - [2025-11-27T11:15:04.708-0300] {dagbag.py:545} INFO - Filling up the DagBag from /Users/davispecia/Documents/GitHub/Pf_pipeline_dados/Projeto_final_fase3/venv/lib/python3.9/site-packages/airflow/example_dags/example_kubernetes_executor.py
[2025-11-27T11:15:04.725-0300] {logging_mixin.py:188} INFO - [2025-11-27T11:15:04.725-0300] {example_kubernetes_executor.py:39} WARNING - The example_kubernetes_executor example DAG requires the kubernetes provider. Please install it with: pip install apache-airflow[cncf.kubernetes]
[2025-11-27T11:15:04.725-0300] {processor.py:842} WARNING - No viable dags retrieved from /Users/davispecia/Documents/GitHub/Pf_pipeline_dados/Projeto_final_fase3/venv/lib/python3.9/site-packages/airflow/example_dags/example_kubernetes_executor.py
[2025-11-27T11:15:04.788-0300] {processor.py:183} INFO - Processing /Users/davispecia/Documents/GitHub/Pf_pipeline_dados/Projeto_final_fase3/venv/lib/python3.9/site-packages/airflow/example_dags/example_kubernetes_executor.py took 0.082 seconds
[2025-11-27T11:18:31.412-0300] {processor.py:161} INFO - Started process (PID=91139) to work on /Users/davispecia/Documents/GitHub/Pf_pipeline_dados/Projeto_final_fase3/venv/lib/python3.9/site-packages/airflow/example_dags/example_kubernetes_executor.py
[2025-11-27T11:18:31.412-0300] {processor.py:830} INFO - Processing file /Users/davispecia/Documents/GitHub/Pf_pipeline_dados/Projeto_final_fase3/venv/lib/python3.9/site-packages/airflow/example_dags/example_kubernetes_executor.py for tasks to queue
[2025-11-27T11:18:31.413-0300] {logging_mixin.py:188} INFO - [2025-11-27T11:18:31.413-0300] {dagbag.py:545} INFO - Filling up the DagBag from /Users/davispecia/Documents/GitHub/Pf_pipeline_dados/Projeto_final_fase3/venv/lib/python3.9/site-packages/airflow/example_dags/example_kubernetes_executor.py
[2025-11-27T11:18:31.429-0300] {logging_mixin.py:188} INFO - [2025-11-27T11:18:31.429-0300] {example_kubernetes_executor.py:39} WARNING - The example_kubernetes_executor example DAG requires the kubernetes provider. Please install it with: pip install apache-airflow[cncf.kubernetes]
[2025-11-27T11:18:31.430-0300] {processor.py:842} WARNING - No viable dags retrieved from /Users/davispecia/Documents/GitHub/Pf_pipeline_dados/Projeto_final_fase3/venv/lib/python3.9/site-packages/airflow/example_dags/example_kubernetes_executor.py
[2025-11-27T11:18:31.494-0300] {processor.py:183} INFO - Processing /Users/davispecia/Documents/GitHub/Pf_pipeline_dados/Projeto_final_fase3/venv/lib/python3.9/site-packages/airflow/example_dags/example_kubernetes_executor.py took 0.084 seconds
[2025-11-27T11:20:47.437-0300] {processor.py:161} INFO - Started process (PID=91529) to work on /Users/davispecia/Documents/GitHub/Pf_pipeline_dados/Projeto_final_fase3/venv/lib/python3.9/site-packages/airflow/example_dags/example_kubernetes_executor.py
[2025-11-27T11:20:47.439-0300] {processor.py:830} INFO - Processing file /Users/davispecia/Documents/GitHub/Pf_pipeline_dados/Projeto_final_fase3/venv/lib/python3.9/site-packages/airflow/example_dags/example_kubernetes_executor.py for tasks to queue
[2025-11-27T11:20:47.439-0300] {logging_mixin.py:188} INFO - [2025-11-27T11:20:47.439-0300] {dagbag.py:545} INFO - Filling up the DagBag from /Users/davispecia/Documents/GitHub/Pf_pipeline_dados/Projeto_final_fase3/venv/lib/python3.9/site-packages/airflow/example_dags/example_kubernetes_executor.py
[2025-11-27T11:20:47.456-0300] {logging_mixin.py:188} INFO - [2025-11-27T11:20:47.456-0300] {example_kubernetes_executor.py:39} WARNING - The example_kubernetes_executor example DAG requires the kubernetes provider. Please install it with: pip install apache-airflow[cncf.kubernetes]
[2025-11-27T11:20:47.456-0300] {processor.py:842} WARNING - No viable dags retrieved from /Users/davispecia/Documents/GitHub/Pf_pipeline_dados/Projeto_final_fase3/venv/lib/python3.9/site-packages/airflow/example_dags/example_kubernetes_executor.py
[2025-11-27T11:20:47.525-0300] {processor.py:183} INFO - Processing /Users/davispecia/Documents/GitHub/Pf_pipeline_dados/Projeto_final_fase3/venv/lib/python3.9/site-packages/airflow/example_dags/example_kubernetes_executor.py took 0.090 seconds
[2025-11-27T11:22:50.314-0300] {processor.py:161} INFO - Started process (PID=91840) to work on /Users/davispecia/Documents/GitHub/Pf_pipeline_dados/Projeto_final_fase3/venv/lib/python3.9/site-packages/airflow/example_dags/example_kubernetes_executor.py
[2025-11-27T11:22:50.314-0300] {processor.py:830} INFO - Processing file /Users/davispecia/Documents/GitHub/Pf_pipeline_dados/Projeto_final_fase3/venv/lib/python3.9/site-packages/airflow/example_dags/example_kubernetes_executor.py for tasks to queue
[2025-11-27T11:22:50.315-0300] {logging_mixin.py:188} INFO - [2025-11-27T11:22:50.315-0300] {dagbag.py:545} INFO - Filling up the DagBag from /Users/davispecia/Documents/GitHub/Pf_pipeline_dados/Projeto_final_fase3/venv/lib/python3.9/site-packages/airflow/example_dags/example_kubernetes_executor.py
[2025-11-27T11:22:50.331-0300] {logging_mixin.py:188} INFO - [2025-11-27T11:22:50.331-0300] {example_kubernetes_executor.py:39} WARNING - The example_kubernetes_executor example DAG requires the kubernetes provider. Please install it with: pip install apache-airflow[cncf.kubernetes]
[2025-11-27T11:22:50.331-0300] {processor.py:842} WARNING - No viable dags retrieved from /Users/davispecia/Documents/GitHub/Pf_pipeline_dados/Projeto_final_fase3/venv/lib/python3.9/site-packages/airflow/example_dags/example_kubernetes_executor.py
[2025-11-27T11:22:50.393-0300] {processor.py:183} INFO - Processing /Users/davispecia/Documents/GitHub/Pf_pipeline_dados/Projeto_final_fase3/venv/lib/python3.9/site-packages/airflow/example_dags/example_kubernetes_executor.py took 0.081 seconds
[2025-11-27T11:24:54.205-0300] {processor.py:161} INFO - Started process (PID=92143) to work on /Users/davispecia/Documents/GitHub/Pf_pipeline_dados/Projeto_final_fase3/venv/lib/python3.9/site-packages/airflow/example_dags/example_kubernetes_executor.py
[2025-11-27T11:24:54.206-0300] {processor.py:830} INFO - Processing file /Users/davispecia/Documents/GitHub/Pf_pipeline_dados/Projeto_final_fase3/venv/lib/python3.9/site-packages/airflow/example_dags/example_kubernetes_executor.py for tasks to queue
[2025-11-27T11:24:54.206-0300] {logging_mixin.py:188} INFO - [2025-11-27T11:24:54.206-0300] {dagbag.py:545} INFO - Filling up the DagBag from /Users/davispecia/Documents/GitHub/Pf_pipeline_dados/Projeto_final_fase3/venv/lib/python3.9/site-packages/airflow/example_dags/example_kubernetes_executor.py
[2025-11-27T11:24:54.223-0300] {logging_mixin.py:188} INFO - [2025-11-27T11:24:54.223-0300] {example_kubernetes_executor.py:39} WARNING - The example_kubernetes_executor example DAG requires the kubernetes provider. Please install it with: pip install apache-airflow[cncf.kubernetes]
[2025-11-27T11:24:54.224-0300] {processor.py:842} WARNING - No viable dags retrieved from /Users/davispecia/Documents/GitHub/Pf_pipeline_dados/Projeto_final_fase3/venv/lib/python3.9/site-packages/airflow/example_dags/example_kubernetes_executor.py
[2025-11-27T11:24:54.284-0300] {processor.py:183} INFO - Processing /Users/davispecia/Documents/GitHub/Pf_pipeline_dados/Projeto_final_fase3/venv/lib/python3.9/site-packages/airflow/example_dags/example_kubernetes_executor.py took 0.081 seconds
[2025-11-27T11:27:08.085-0300] {processor.py:161} INFO - Started process (PID=92526) to work on /Users/davispecia/Documents/GitHub/Pf_pipeline_dados/Projeto_final_fase3/venv/lib/python3.9/site-packages/airflow/example_dags/example_kubernetes_executor.py
[2025-11-27T11:27:08.086-0300] {processor.py:830} INFO - Processing file /Users/davispecia/Documents/GitHub/Pf_pipeline_dados/Projeto_final_fase3/venv/lib/python3.9/site-packages/airflow/example_dags/example_kubernetes_executor.py for tasks to queue
[2025-11-27T11:27:08.086-0300] {logging_mixin.py:188} INFO - [2025-11-27T11:27:08.086-0300] {dagbag.py:545} INFO - Filling up the DagBag from /Users/davispecia/Documents/GitHub/Pf_pipeline_dados/Projeto_final_fase3/venv/lib/python3.9/site-packages/airflow/example_dags/example_kubernetes_executor.py
[2025-11-27T11:27:08.103-0300] {logging_mixin.py:188} INFO - [2025-11-27T11:27:08.102-0300] {example_kubernetes_executor.py:39} WARNING - The example_kubernetes_executor example DAG requires the kubernetes provider. Please install it with: pip install apache-airflow[cncf.kubernetes]
[2025-11-27T11:27:08.103-0300] {processor.py:842} WARNING - No viable dags retrieved from /Users/davispecia/Documents/GitHub/Pf_pipeline_dados/Projeto_final_fase3/venv/lib/python3.9/site-packages/airflow/example_dags/example_kubernetes_executor.py
[2025-11-27T11:27:08.164-0300] {processor.py:183} INFO - Processing /Users/davispecia/Documents/GitHub/Pf_pipeline_dados/Projeto_final_fase3/venv/lib/python3.9/site-packages/airflow/example_dags/example_kubernetes_executor.py took 0.081 seconds
[2025-11-27T11:29:09.506-0300] {processor.py:161} INFO - Started process (PID=92836) to work on /Users/davispecia/Documents/GitHub/Pf_pipeline_dados/Projeto_final_fase3/venv/lib/python3.9/site-packages/airflow/example_dags/example_kubernetes_executor.py
[2025-11-27T11:29:09.507-0300] {processor.py:830} INFO - Processing file /Users/davispecia/Documents/GitHub/Pf_pipeline_dados/Projeto_final_fase3/venv/lib/python3.9/site-packages/airflow/example_dags/example_kubernetes_executor.py for tasks to queue
[2025-11-27T11:29:09.507-0300] {logging_mixin.py:188} INFO - [2025-11-27T11:29:09.507-0300] {dagbag.py:545} INFO - Filling up the DagBag from /Users/davispecia/Documents/GitHub/Pf_pipeline_dados/Projeto_final_fase3/venv/lib/python3.9/site-packages/airflow/example_dags/example_kubernetes_executor.py
[2025-11-27T11:29:09.524-0300] {logging_mixin.py:188} INFO - [2025-11-27T11:29:09.523-0300] {example_kubernetes_executor.py:39} WARNING - The example_kubernetes_executor example DAG requires the kubernetes provider. Please install it with: pip install apache-airflow[cncf.kubernetes]
[2025-11-27T11:29:09.524-0300] {processor.py:842} WARNING - No viable dags retrieved from /Users/davispecia/Documents/GitHub/Pf_pipeline_dados/Projeto_final_fase3/venv/lib/python3.9/site-packages/airflow/example_dags/example_kubernetes_executor.py
[2025-11-27T11:29:09.584-0300] {processor.py:183} INFO - Processing /Users/davispecia/Documents/GitHub/Pf_pipeline_dados/Projeto_final_fase3/venv/lib/python3.9/site-packages/airflow/example_dags/example_kubernetes_executor.py took 0.080 seconds
[2025-11-27T11:31:20.206-0300] {processor.py:161} INFO - Started process (PID=93206) to work on /Users/davispecia/Documents/GitHub/Pf_pipeline_dados/Projeto_final_fase3/venv/lib/python3.9/site-packages/airflow/example_dags/example_kubernetes_executor.py
[2025-11-27T11:31:20.207-0300] {processor.py:830} INFO - Processing file /Users/davispecia/Documents/GitHub/Pf_pipeline_dados/Projeto_final_fase3/venv/lib/python3.9/site-packages/airflow/example_dags/example_kubernetes_executor.py for tasks to queue
[2025-11-27T11:31:20.208-0300] {logging_mixin.py:188} INFO - [2025-11-27T11:31:20.208-0300] {dagbag.py:545} INFO - Filling up the DagBag from /Users/davispecia/Documents/GitHub/Pf_pipeline_dados/Projeto_final_fase3/venv/lib/python3.9/site-packages/airflow/example_dags/example_kubernetes_executor.py
[2025-11-27T11:31:20.224-0300] {logging_mixin.py:188} INFO - [2025-11-27T11:31:20.224-0300] {example_kubernetes_executor.py:39} WARNING - The example_kubernetes_executor example DAG requires the kubernetes provider. Please install it with: pip install apache-airflow[cncf.kubernetes]
[2025-11-27T11:31:20.224-0300] {processor.py:842} WARNING - No viable dags retrieved from /Users/davispecia/Documents/GitHub/Pf_pipeline_dados/Projeto_final_fase3/venv/lib/python3.9/site-packages/airflow/example_dags/example_kubernetes_executor.py
[2025-11-27T11:31:20.284-0300] {processor.py:183} INFO - Processing /Users/davispecia/Documents/GitHub/Pf_pipeline_dados/Projeto_final_fase3/venv/lib/python3.9/site-packages/airflow/example_dags/example_kubernetes_executor.py took 0.080 seconds
[2025-11-27T11:33:27.245-0300] {processor.py:161} INFO - Started process (PID=93511) to work on /Users/davispecia/Documents/GitHub/Pf_pipeline_dados/Projeto_final_fase3/venv/lib/python3.9/site-packages/airflow/example_dags/example_kubernetes_executor.py
[2025-11-27T11:33:27.246-0300] {processor.py:830} INFO - Processing file /Users/davispecia/Documents/GitHub/Pf_pipeline_dados/Projeto_final_fase3/venv/lib/python3.9/site-packages/airflow/example_dags/example_kubernetes_executor.py for tasks to queue
[2025-11-27T11:33:27.247-0300] {logging_mixin.py:188} INFO - [2025-11-27T11:33:27.247-0300] {dagbag.py:545} INFO - Filling up the DagBag from /Users/davispecia/Documents/GitHub/Pf_pipeline_dados/Projeto_final_fase3/venv/lib/python3.9/site-packages/airflow/example_dags/example_kubernetes_executor.py
[2025-11-27T11:33:27.264-0300] {logging_mixin.py:188} INFO - [2025-11-27T11:33:27.264-0300] {example_kubernetes_executor.py:39} WARNING - The example_kubernetes_executor example DAG requires the kubernetes provider. Please install it with: pip install apache-airflow[cncf.kubernetes]
[2025-11-27T11:33:27.264-0300] {processor.py:842} WARNING - No viable dags retrieved from /Users/davispecia/Documents/GitHub/Pf_pipeline_dados/Projeto_final_fase3/venv/lib/python3.9/site-packages/airflow/example_dags/example_kubernetes_executor.py
[2025-11-27T11:33:27.324-0300] {processor.py:183} INFO - Processing /Users/davispecia/Documents/GitHub/Pf_pipeline_dados/Projeto_final_fase3/venv/lib/python3.9/site-packages/airflow/example_dags/example_kubernetes_executor.py took 0.081 seconds
[2025-11-27T11:35:34.243-0300] {processor.py:161} INFO - Started process (PID=93821) to work on /Users/davispecia/Documents/GitHub/Pf_pipeline_dados/Projeto_final_fase3/venv/lib/python3.9/site-packages/airflow/example_dags/example_kubernetes_executor.py
[2025-11-27T11:35:34.245-0300] {processor.py:830} INFO - Processing file /Users/davispecia/Documents/GitHub/Pf_pipeline_dados/Projeto_final_fase3/venv/lib/python3.9/site-packages/airflow/example_dags/example_kubernetes_executor.py for tasks to queue
[2025-11-27T11:35:34.245-0300] {logging_mixin.py:188} INFO - [2025-11-27T11:35:34.245-0300] {dagbag.py:545} INFO - Filling up the DagBag from /Users/davispecia/Documents/GitHub/Pf_pipeline_dados/Projeto_final_fase3/venv/lib/python3.9/site-packages/airflow/example_dags/example_kubernetes_executor.py
[2025-11-27T11:35:34.262-0300] {logging_mixin.py:188} INFO - [2025-11-27T11:35:34.262-0300] {example_kubernetes_executor.py:39} WARNING - The example_kubernetes_executor example DAG requires the kubernetes provider. Please install it with: pip install apache-airflow[cncf.kubernetes]
[2025-11-27T11:35:34.263-0300] {processor.py:842} WARNING - No viable dags retrieved from /Users/davispecia/Documents/GitHub/Pf_pipeline_dados/Projeto_final_fase3/venv/lib/python3.9/site-packages/airflow/example_dags/example_kubernetes_executor.py
[2025-11-27T11:35:34.325-0300] {processor.py:183} INFO - Processing /Users/davispecia/Documents/GitHub/Pf_pipeline_dados/Projeto_final_fase3/venv/lib/python3.9/site-packages/airflow/example_dags/example_kubernetes_executor.py took 0.084 seconds
[2025-11-27T11:37:48.727-0300] {processor.py:161} INFO - Started process (PID=94192) to work on /Users/davispecia/Documents/GitHub/Pf_pipeline_dados/Projeto_final_fase3/venv/lib/python3.9/site-packages/airflow/example_dags/example_kubernetes_executor.py
[2025-11-27T11:37:48.728-0300] {processor.py:830} INFO - Processing file /Users/davispecia/Documents/GitHub/Pf_pipeline_dados/Projeto_final_fase3/venv/lib/python3.9/site-packages/airflow/example_dags/example_kubernetes_executor.py for tasks to queue
[2025-11-27T11:37:48.728-0300] {logging_mixin.py:188} INFO - [2025-11-27T11:37:48.728-0300] {dagbag.py:545} INFO - Filling up the DagBag from /Users/davispecia/Documents/GitHub/Pf_pipeline_dados/Projeto_final_fase3/venv/lib/python3.9/site-packages/airflow/example_dags/example_kubernetes_executor.py
[2025-11-27T11:37:48.745-0300] {logging_mixin.py:188} INFO - [2025-11-27T11:37:48.745-0300] {example_kubernetes_executor.py:39} WARNING - The example_kubernetes_executor example DAG requires the kubernetes provider. Please install it with: pip install apache-airflow[cncf.kubernetes]
[2025-11-27T11:37:48.745-0300] {processor.py:842} WARNING - No viable dags retrieved from /Users/davispecia/Documents/GitHub/Pf_pipeline_dados/Projeto_final_fase3/venv/lib/python3.9/site-packages/airflow/example_dags/example_kubernetes_executor.py
[2025-11-27T11:37:48.806-0300] {processor.py:183} INFO - Processing /Users/davispecia/Documents/GitHub/Pf_pipeline_dados/Projeto_final_fase3/venv/lib/python3.9/site-packages/airflow/example_dags/example_kubernetes_executor.py took 0.081 seconds
[2025-11-27T11:39:54.101-0300] {processor.py:161} INFO - Started process (PID=94481) to work on /Users/davispecia/Documents/GitHub/Pf_pipeline_dados/Projeto_final_fase3/venv/lib/python3.9/site-packages/airflow/example_dags/example_kubernetes_executor.py
[2025-11-27T11:39:54.102-0300] {processor.py:830} INFO - Processing file /Users/davispecia/Documents/GitHub/Pf_pipeline_dados/Projeto_final_fase3/venv/lib/python3.9/site-packages/airflow/example_dags/example_kubernetes_executor.py for tasks to queue
[2025-11-27T11:39:54.103-0300] {logging_mixin.py:188} INFO - [2025-11-27T11:39:54.103-0300] {dagbag.py:545} INFO - Filling up the DagBag from /Users/davispecia/Documents/GitHub/Pf_pipeline_dados/Projeto_final_fase3/venv/lib/python3.9/site-packages/airflow/example_dags/example_kubernetes_executor.py
[2025-11-27T11:39:54.119-0300] {logging_mixin.py:188} INFO - [2025-11-27T11:39:54.119-0300] {example_kubernetes_executor.py:39} WARNING - The example_kubernetes_executor example DAG requires the kubernetes provider. Please install it with: pip install apache-airflow[cncf.kubernetes]
[2025-11-27T11:39:54.119-0300] {processor.py:842} WARNING - No viable dags retrieved from /Users/davispecia/Documents/GitHub/Pf_pipeline_dados/Projeto_final_fase3/venv/lib/python3.9/site-packages/airflow/example_dags/example_kubernetes_executor.py
[2025-11-27T11:39:54.180-0300] {processor.py:183} INFO - Processing /Users/davispecia/Documents/GitHub/Pf_pipeline_dados/Projeto_final_fase3/venv/lib/python3.9/site-packages/airflow/example_dags/example_kubernetes_executor.py took 0.081 seconds
[2025-11-27T11:42:09.792-0300] {processor.py:161} INFO - Started process (PID=94875) to work on /Users/davispecia/Documents/GitHub/Pf_pipeline_dados/Projeto_final_fase3/venv/lib/python3.9/site-packages/airflow/example_dags/example_kubernetes_executor.py
[2025-11-27T11:42:09.793-0300] {processor.py:830} INFO - Processing file /Users/davispecia/Documents/GitHub/Pf_pipeline_dados/Projeto_final_fase3/venv/lib/python3.9/site-packages/airflow/example_dags/example_kubernetes_executor.py for tasks to queue
[2025-11-27T11:42:09.793-0300] {logging_mixin.py:188} INFO - [2025-11-27T11:42:09.793-0300] {dagbag.py:545} INFO - Filling up the DagBag from /Users/davispecia/Documents/GitHub/Pf_pipeline_dados/Projeto_final_fase3/venv/lib/python3.9/site-packages/airflow/example_dags/example_kubernetes_executor.py
[2025-11-27T11:42:09.809-0300] {logging_mixin.py:188} INFO - [2025-11-27T11:42:09.809-0300] {example_kubernetes_executor.py:39} WARNING - The example_kubernetes_executor example DAG requires the kubernetes provider. Please install it with: pip install apache-airflow[cncf.kubernetes]
[2025-11-27T11:42:09.809-0300] {processor.py:842} WARNING - No viable dags retrieved from /Users/davispecia/Documents/GitHub/Pf_pipeline_dados/Projeto_final_fase3/venv/lib/python3.9/site-packages/airflow/example_dags/example_kubernetes_executor.py
[2025-11-27T11:42:09.873-0300] {processor.py:183} INFO - Processing /Users/davispecia/Documents/GitHub/Pf_pipeline_dados/Projeto_final_fase3/venv/lib/python3.9/site-packages/airflow/example_dags/example_kubernetes_executor.py took 0.082 seconds
[2025-11-27T11:44:17.222-0300] {processor.py:161} INFO - Started process (PID=95175) to work on /Users/davispecia/Documents/GitHub/Pf_pipeline_dados/Projeto_final_fase3/venv/lib/python3.9/site-packages/airflow/example_dags/example_kubernetes_executor.py
[2025-11-27T11:44:17.222-0300] {processor.py:830} INFO - Processing file /Users/davispecia/Documents/GitHub/Pf_pipeline_dados/Projeto_final_fase3/venv/lib/python3.9/site-packages/airflow/example_dags/example_kubernetes_executor.py for tasks to queue
[2025-11-27T11:44:17.222-0300] {logging_mixin.py:188} INFO - [2025-11-27T11:44:17.222-0300] {dagbag.py:545} INFO - Filling up the DagBag from /Users/davispecia/Documents/GitHub/Pf_pipeline_dados/Projeto_final_fase3/venv/lib/python3.9/site-packages/airflow/example_dags/example_kubernetes_executor.py
[2025-11-27T11:44:17.239-0300] {logging_mixin.py:188} INFO - [2025-11-27T11:44:17.239-0300] {example_kubernetes_executor.py:39} WARNING - The example_kubernetes_executor example DAG requires the kubernetes provider. Please install it with: pip install apache-airflow[cncf.kubernetes]
[2025-11-27T11:44:17.239-0300] {processor.py:842} WARNING - No viable dags retrieved from /Users/davispecia/Documents/GitHub/Pf_pipeline_dados/Projeto_final_fase3/venv/lib/python3.9/site-packages/airflow/example_dags/example_kubernetes_executor.py
[2025-11-27T11:44:17.301-0300] {processor.py:183} INFO - Processing /Users/davispecia/Documents/GitHub/Pf_pipeline_dados/Projeto_final_fase3/venv/lib/python3.9/site-packages/airflow/example_dags/example_kubernetes_executor.py took 0.081 seconds
[2025-11-27T11:46:19.553-0300] {processor.py:161} INFO - Started process (PID=95470) to work on /Users/davispecia/Documents/GitHub/Pf_pipeline_dados/Projeto_final_fase3/venv/lib/python3.9/site-packages/airflow/example_dags/example_kubernetes_executor.py
[2025-11-27T11:46:19.553-0300] {processor.py:830} INFO - Processing file /Users/davispecia/Documents/GitHub/Pf_pipeline_dados/Projeto_final_fase3/venv/lib/python3.9/site-packages/airflow/example_dags/example_kubernetes_executor.py for tasks to queue
[2025-11-27T11:46:19.554-0300] {logging_mixin.py:188} INFO - [2025-11-27T11:46:19.554-0300] {dagbag.py:545} INFO - Filling up the DagBag from /Users/davispecia/Documents/GitHub/Pf_pipeline_dados/Projeto_final_fase3/venv/lib/python3.9/site-packages/airflow/example_dags/example_kubernetes_executor.py
[2025-11-27T11:46:19.570-0300] {logging_mixin.py:188} INFO - [2025-11-27T11:46:19.570-0300] {example_kubernetes_executor.py:39} WARNING - The example_kubernetes_executor example DAG requires the kubernetes provider. Please install it with: pip install apache-airflow[cncf.kubernetes]
[2025-11-27T11:46:19.570-0300] {processor.py:842} WARNING - No viable dags retrieved from /Users/davispecia/Documents/GitHub/Pf_pipeline_dados/Projeto_final_fase3/venv/lib/python3.9/site-packages/airflow/example_dags/example_kubernetes_executor.py
[2025-11-27T11:46:19.633-0300] {processor.py:183} INFO - Processing /Users/davispecia/Documents/GitHub/Pf_pipeline_dados/Projeto_final_fase3/venv/lib/python3.9/site-packages/airflow/example_dags/example_kubernetes_executor.py took 0.082 seconds
[2025-11-27T11:48:36.155-0300] {processor.py:161} INFO - Started process (PID=95892) to work on /Users/davispecia/Documents/GitHub/Pf_pipeline_dados/Projeto_final_fase3/venv/lib/python3.9/site-packages/airflow/example_dags/example_kubernetes_executor.py
[2025-11-27T11:48:36.156-0300] {processor.py:830} INFO - Processing file /Users/davispecia/Documents/GitHub/Pf_pipeline_dados/Projeto_final_fase3/venv/lib/python3.9/site-packages/airflow/example_dags/example_kubernetes_executor.py for tasks to queue
[2025-11-27T11:48:36.156-0300] {logging_mixin.py:188} INFO - [2025-11-27T11:48:36.156-0300] {dagbag.py:545} INFO - Filling up the DagBag from /Users/davispecia/Documents/GitHub/Pf_pipeline_dados/Projeto_final_fase3/venv/lib/python3.9/site-packages/airflow/example_dags/example_kubernetes_executor.py
[2025-11-27T11:48:36.172-0300] {logging_mixin.py:188} INFO - [2025-11-27T11:48:36.172-0300] {example_kubernetes_executor.py:39} WARNING - The example_kubernetes_executor example DAG requires the kubernetes provider. Please install it with: pip install apache-airflow[cncf.kubernetes]
[2025-11-27T11:48:36.172-0300] {processor.py:842} WARNING - No viable dags retrieved from /Users/davispecia/Documents/GitHub/Pf_pipeline_dados/Projeto_final_fase3/venv/lib/python3.9/site-packages/airflow/example_dags/example_kubernetes_executor.py
[2025-11-27T11:48:36.232-0300] {processor.py:183} INFO - Processing /Users/davispecia/Documents/GitHub/Pf_pipeline_dados/Projeto_final_fase3/venv/lib/python3.9/site-packages/airflow/example_dags/example_kubernetes_executor.py took 0.079 seconds
[2025-11-27T11:50:45.791-0300] {processor.py:161} INFO - Started process (PID=96218) to work on /Users/davispecia/Documents/GitHub/Pf_pipeline_dados/Projeto_final_fase3/venv/lib/python3.9/site-packages/airflow/example_dags/example_kubernetes_executor.py
[2025-11-27T11:50:45.791-0300] {processor.py:830} INFO - Processing file /Users/davispecia/Documents/GitHub/Pf_pipeline_dados/Projeto_final_fase3/venv/lib/python3.9/site-packages/airflow/example_dags/example_kubernetes_executor.py for tasks to queue
[2025-11-27T11:50:45.791-0300] {logging_mixin.py:188} INFO - [2025-11-27T11:50:45.791-0300] {dagbag.py:545} INFO - Filling up the DagBag from /Users/davispecia/Documents/GitHub/Pf_pipeline_dados/Projeto_final_fase3/venv/lib/python3.9/site-packages/airflow/example_dags/example_kubernetes_executor.py
[2025-11-27T11:50:45.807-0300] {logging_mixin.py:188} INFO - [2025-11-27T11:50:45.807-0300] {example_kubernetes_executor.py:39} WARNING - The example_kubernetes_executor example DAG requires the kubernetes provider. Please install it with: pip install apache-airflow[cncf.kubernetes]
[2025-11-27T11:50:45.807-0300] {processor.py:842} WARNING - No viable dags retrieved from /Users/davispecia/Documents/GitHub/Pf_pipeline_dados/Projeto_final_fase3/venv/lib/python3.9/site-packages/airflow/example_dags/example_kubernetes_executor.py
[2025-11-27T11:50:45.869-0300] {processor.py:183} INFO - Processing /Users/davispecia/Documents/GitHub/Pf_pipeline_dados/Projeto_final_fase3/venv/lib/python3.9/site-packages/airflow/example_dags/example_kubernetes_executor.py took 0.081 seconds
[2025-11-27T11:52:47.834-0300] {processor.py:161} INFO - Started process (PID=96589) to work on /Users/davispecia/Documents/GitHub/Pf_pipeline_dados/Projeto_final_fase3/venv/lib/python3.9/site-packages/airflow/example_dags/example_kubernetes_executor.py
[2025-11-27T11:52:47.834-0300] {processor.py:830} INFO - Processing file /Users/davispecia/Documents/GitHub/Pf_pipeline_dados/Projeto_final_fase3/venv/lib/python3.9/site-packages/airflow/example_dags/example_kubernetes_executor.py for tasks to queue
[2025-11-27T11:52:47.835-0300] {logging_mixin.py:188} INFO - [2025-11-27T11:52:47.835-0300] {dagbag.py:545} INFO - Filling up the DagBag from /Users/davispecia/Documents/GitHub/Pf_pipeline_dados/Projeto_final_fase3/venv/lib/python3.9/site-packages/airflow/example_dags/example_kubernetes_executor.py
[2025-11-27T11:52:47.852-0300] {logging_mixin.py:188} INFO - [2025-11-27T11:52:47.852-0300] {example_kubernetes_executor.py:39} WARNING - The example_kubernetes_executor example DAG requires the kubernetes provider. Please install it with: pip install apache-airflow[cncf.kubernetes]
[2025-11-27T11:52:47.852-0300] {processor.py:842} WARNING - No viable dags retrieved from /Users/davispecia/Documents/GitHub/Pf_pipeline_dados/Projeto_final_fase3/venv/lib/python3.9/site-packages/airflow/example_dags/example_kubernetes_executor.py
[2025-11-27T11:52:47.916-0300] {processor.py:183} INFO - Processing /Users/davispecia/Documents/GitHub/Pf_pipeline_dados/Projeto_final_fase3/venv/lib/python3.9/site-packages/airflow/example_dags/example_kubernetes_executor.py took 0.084 seconds
[2025-11-27T11:54:58.761-0300] {processor.py:161} INFO - Started process (PID=96980) to work on /Users/davispecia/Documents/GitHub/Pf_pipeline_dados/Projeto_final_fase3/venv/lib/python3.9/site-packages/airflow/example_dags/example_kubernetes_executor.py
[2025-11-27T11:54:58.762-0300] {processor.py:830} INFO - Processing file /Users/davispecia/Documents/GitHub/Pf_pipeline_dados/Projeto_final_fase3/venv/lib/python3.9/site-packages/airflow/example_dags/example_kubernetes_executor.py for tasks to queue
[2025-11-27T11:54:58.763-0300] {logging_mixin.py:188} INFO - [2025-11-27T11:54:58.762-0300] {dagbag.py:545} INFO - Filling up the DagBag from /Users/davispecia/Documents/GitHub/Pf_pipeline_dados/Projeto_final_fase3/venv/lib/python3.9/site-packages/airflow/example_dags/example_kubernetes_executor.py
[2025-11-27T11:54:58.779-0300] {logging_mixin.py:188} INFO - [2025-11-27T11:54:58.779-0300] {example_kubernetes_executor.py:39} WARNING - The example_kubernetes_executor example DAG requires the kubernetes provider. Please install it with: pip install apache-airflow[cncf.kubernetes]
[2025-11-27T11:54:58.779-0300] {processor.py:842} WARNING - No viable dags retrieved from /Users/davispecia/Documents/GitHub/Pf_pipeline_dados/Projeto_final_fase3/venv/lib/python3.9/site-packages/airflow/example_dags/example_kubernetes_executor.py
[2025-11-27T11:54:58.839-0300] {processor.py:183} INFO - Processing /Users/davispecia/Documents/GitHub/Pf_pipeline_dados/Projeto_final_fase3/venv/lib/python3.9/site-packages/airflow/example_dags/example_kubernetes_executor.py took 0.080 seconds
[2025-11-27T11:57:02.789-0300] {processor.py:161} INFO - Started process (PID=97281) to work on /Users/davispecia/Documents/GitHub/Pf_pipeline_dados/Projeto_final_fase3/venv/lib/python3.9/site-packages/airflow/example_dags/example_kubernetes_executor.py
[2025-11-27T11:57:02.790-0300] {processor.py:830} INFO - Processing file /Users/davispecia/Documents/GitHub/Pf_pipeline_dados/Projeto_final_fase3/venv/lib/python3.9/site-packages/airflow/example_dags/example_kubernetes_executor.py for tasks to queue
[2025-11-27T11:57:02.790-0300] {logging_mixin.py:188} INFO - [2025-11-27T11:57:02.790-0300] {dagbag.py:545} INFO - Filling up the DagBag from /Users/davispecia/Documents/GitHub/Pf_pipeline_dados/Projeto_final_fase3/venv/lib/python3.9/site-packages/airflow/example_dags/example_kubernetes_executor.py
[2025-11-27T11:57:02.808-0300] {logging_mixin.py:188} INFO - [2025-11-27T11:57:02.807-0300] {example_kubernetes_executor.py:39} WARNING - The example_kubernetes_executor example DAG requires the kubernetes provider. Please install it with: pip install apache-airflow[cncf.kubernetes]
[2025-11-27T11:57:02.808-0300] {processor.py:842} WARNING - No viable dags retrieved from /Users/davispecia/Documents/GitHub/Pf_pipeline_dados/Projeto_final_fase3/venv/lib/python3.9/site-packages/airflow/example_dags/example_kubernetes_executor.py
[2025-11-27T11:57:02.869-0300] {processor.py:183} INFO - Processing /Users/davispecia/Documents/GitHub/Pf_pipeline_dados/Projeto_final_fase3/venv/lib/python3.9/site-packages/airflow/example_dags/example_kubernetes_executor.py took 0.082 seconds
[2025-11-27T11:59:20.338-0300] {processor.py:161} INFO - Started process (PID=97670) to work on /Users/davispecia/Documents/GitHub/Pf_pipeline_dados/Projeto_final_fase3/venv/lib/python3.9/site-packages/airflow/example_dags/example_kubernetes_executor.py
[2025-11-27T11:59:20.339-0300] {processor.py:830} INFO - Processing file /Users/davispecia/Documents/GitHub/Pf_pipeline_dados/Projeto_final_fase3/venv/lib/python3.9/site-packages/airflow/example_dags/example_kubernetes_executor.py for tasks to queue
[2025-11-27T11:59:20.339-0300] {logging_mixin.py:188} INFO - [2025-11-27T11:59:20.339-0300] {dagbag.py:545} INFO - Filling up the DagBag from /Users/davispecia/Documents/GitHub/Pf_pipeline_dados/Projeto_final_fase3/venv/lib/python3.9/site-packages/airflow/example_dags/example_kubernetes_executor.py
[2025-11-27T11:59:20.355-0300] {logging_mixin.py:188} INFO - [2025-11-27T11:59:20.355-0300] {example_kubernetes_executor.py:39} WARNING - The example_kubernetes_executor example DAG requires the kubernetes provider. Please install it with: pip install apache-airflow[cncf.kubernetes]
[2025-11-27T11:59:20.355-0300] {processor.py:842} WARNING - No viable dags retrieved from /Users/davispecia/Documents/GitHub/Pf_pipeline_dados/Projeto_final_fase3/venv/lib/python3.9/site-packages/airflow/example_dags/example_kubernetes_executor.py
[2025-11-27T11:59:20.415-0300] {processor.py:183} INFO - Processing /Users/davispecia/Documents/GitHub/Pf_pipeline_dados/Projeto_final_fase3/venv/lib/python3.9/site-packages/airflow/example_dags/example_kubernetes_executor.py took 0.079 seconds
[2025-11-27T12:01:29.922-0300] {processor.py:161} INFO - Started process (PID=97991) to work on /Users/davispecia/Documents/GitHub/Pf_pipeline_dados/Projeto_final_fase3/venv/lib/python3.9/site-packages/airflow/example_dags/example_kubernetes_executor.py
[2025-11-27T12:01:29.923-0300] {processor.py:830} INFO - Processing file /Users/davispecia/Documents/GitHub/Pf_pipeline_dados/Projeto_final_fase3/venv/lib/python3.9/site-packages/airflow/example_dags/example_kubernetes_executor.py for tasks to queue
[2025-11-27T12:01:29.923-0300] {logging_mixin.py:188} INFO - [2025-11-27T12:01:29.923-0300] {dagbag.py:545} INFO - Filling up the DagBag from /Users/davispecia/Documents/GitHub/Pf_pipeline_dados/Projeto_final_fase3/venv/lib/python3.9/site-packages/airflow/example_dags/example_kubernetes_executor.py
[2025-11-27T12:01:29.939-0300] {logging_mixin.py:188} INFO - [2025-11-27T12:01:29.939-0300] {example_kubernetes_executor.py:39} WARNING - The example_kubernetes_executor example DAG requires the kubernetes provider. Please install it with: pip install apache-airflow[cncf.kubernetes]
[2025-11-27T12:01:29.939-0300] {processor.py:842} WARNING - No viable dags retrieved from /Users/davispecia/Documents/GitHub/Pf_pipeline_dados/Projeto_final_fase3/venv/lib/python3.9/site-packages/airflow/example_dags/example_kubernetes_executor.py
[2025-11-27T12:01:29.999-0300] {processor.py:183} INFO - Processing /Users/davispecia/Documents/GitHub/Pf_pipeline_dados/Projeto_final_fase3/venv/lib/python3.9/site-packages/airflow/example_dags/example_kubernetes_executor.py took 0.080 seconds
[2025-11-27T12:03:32.186-0300] {processor.py:161} INFO - Started process (PID=98281) to work on /Users/davispecia/Documents/GitHub/Pf_pipeline_dados/Projeto_final_fase3/venv/lib/python3.9/site-packages/airflow/example_dags/example_kubernetes_executor.py
[2025-11-27T12:03:32.187-0300] {processor.py:830} INFO - Processing file /Users/davispecia/Documents/GitHub/Pf_pipeline_dados/Projeto_final_fase3/venv/lib/python3.9/site-packages/airflow/example_dags/example_kubernetes_executor.py for tasks to queue
[2025-11-27T12:03:32.187-0300] {logging_mixin.py:188} INFO - [2025-11-27T12:03:32.187-0300] {dagbag.py:545} INFO - Filling up the DagBag from /Users/davispecia/Documents/GitHub/Pf_pipeline_dados/Projeto_final_fase3/venv/lib/python3.9/site-packages/airflow/example_dags/example_kubernetes_executor.py
[2025-11-27T12:03:32.205-0300] {logging_mixin.py:188} INFO - [2025-11-27T12:03:32.205-0300] {example_kubernetes_executor.py:39} WARNING - The example_kubernetes_executor example DAG requires the kubernetes provider. Please install it with: pip install apache-airflow[cncf.kubernetes]
[2025-11-27T12:03:32.205-0300] {processor.py:842} WARNING - No viable dags retrieved from /Users/davispecia/Documents/GitHub/Pf_pipeline_dados/Projeto_final_fase3/venv/lib/python3.9/site-packages/airflow/example_dags/example_kubernetes_executor.py
[2025-11-27T12:03:32.267-0300] {processor.py:183} INFO - Processing /Users/davispecia/Documents/GitHub/Pf_pipeline_dados/Projeto_final_fase3/venv/lib/python3.9/site-packages/airflow/example_dags/example_kubernetes_executor.py took 0.083 seconds
[2025-11-27T12:05:51.518-0300] {processor.py:161} INFO - Started process (PID=98724) to work on /Users/davispecia/Documents/GitHub/Pf_pipeline_dados/Projeto_final_fase3/venv/lib/python3.9/site-packages/airflow/example_dags/example_kubernetes_executor.py
[2025-11-27T12:05:51.519-0300] {processor.py:830} INFO - Processing file /Users/davispecia/Documents/GitHub/Pf_pipeline_dados/Projeto_final_fase3/venv/lib/python3.9/site-packages/airflow/example_dags/example_kubernetes_executor.py for tasks to queue
[2025-11-27T12:05:51.520-0300] {logging_mixin.py:188} INFO - [2025-11-27T12:05:51.519-0300] {dagbag.py:545} INFO - Filling up the DagBag from /Users/davispecia/Documents/GitHub/Pf_pipeline_dados/Projeto_final_fase3/venv/lib/python3.9/site-packages/airflow/example_dags/example_kubernetes_executor.py
[2025-11-27T12:05:51.536-0300] {logging_mixin.py:188} INFO - [2025-11-27T12:05:51.536-0300] {example_kubernetes_executor.py:39} WARNING - The example_kubernetes_executor example DAG requires the kubernetes provider. Please install it with: pip install apache-airflow[cncf.kubernetes]
[2025-11-27T12:05:51.536-0300] {processor.py:842} WARNING - No viable dags retrieved from /Users/davispecia/Documents/GitHub/Pf_pipeline_dados/Projeto_final_fase3/venv/lib/python3.9/site-packages/airflow/example_dags/example_kubernetes_executor.py
[2025-11-27T12:05:51.597-0300] {processor.py:183} INFO - Processing /Users/davispecia/Documents/GitHub/Pf_pipeline_dados/Projeto_final_fase3/venv/lib/python3.9/site-packages/airflow/example_dags/example_kubernetes_executor.py took 0.081 seconds
[2025-11-27T12:08:00.972-0300] {processor.py:161} INFO - Started process (PID=99035) to work on /Users/davispecia/Documents/GitHub/Pf_pipeline_dados/Projeto_final_fase3/venv/lib/python3.9/site-packages/airflow/example_dags/example_kubernetes_executor.py
[2025-11-27T12:08:00.973-0300] {processor.py:830} INFO - Processing file /Users/davispecia/Documents/GitHub/Pf_pipeline_dados/Projeto_final_fase3/venv/lib/python3.9/site-packages/airflow/example_dags/example_kubernetes_executor.py for tasks to queue
[2025-11-27T12:08:00.973-0300] {logging_mixin.py:188} INFO - [2025-11-27T12:08:00.973-0300] {dagbag.py:545} INFO - Filling up the DagBag from /Users/davispecia/Documents/GitHub/Pf_pipeline_dados/Projeto_final_fase3/venv/lib/python3.9/site-packages/airflow/example_dags/example_kubernetes_executor.py
[2025-11-27T12:08:00.996-0300] {logging_mixin.py:188} INFO - [2025-11-27T12:08:00.996-0300] {example_kubernetes_executor.py:39} WARNING - The example_kubernetes_executor example DAG requires the kubernetes provider. Please install it with: pip install apache-airflow[cncf.kubernetes]
[2025-11-27T12:08:00.996-0300] {processor.py:842} WARNING - No viable dags retrieved from /Users/davispecia/Documents/GitHub/Pf_pipeline_dados/Projeto_final_fase3/venv/lib/python3.9/site-packages/airflow/example_dags/example_kubernetes_executor.py
[2025-11-27T12:08:01.056-0300] {processor.py:183} INFO - Processing /Users/davispecia/Documents/GitHub/Pf_pipeline_dados/Projeto_final_fase3/venv/lib/python3.9/site-packages/airflow/example_dags/example_kubernetes_executor.py took 0.086 seconds
[2025-11-27T12:10:07.732-0300] {processor.py:161} INFO - Started process (PID=99349) to work on /Users/davispecia/Documents/GitHub/Pf_pipeline_dados/Projeto_final_fase3/venv/lib/python3.9/site-packages/airflow/example_dags/example_kubernetes_executor.py
[2025-11-27T12:10:07.732-0300] {processor.py:830} INFO - Processing file /Users/davispecia/Documents/GitHub/Pf_pipeline_dados/Projeto_final_fase3/venv/lib/python3.9/site-packages/airflow/example_dags/example_kubernetes_executor.py for tasks to queue
[2025-11-27T12:10:07.733-0300] {logging_mixin.py:188} INFO - [2025-11-27T12:10:07.732-0300] {dagbag.py:545} INFO - Filling up the DagBag from /Users/davispecia/Documents/GitHub/Pf_pipeline_dados/Projeto_final_fase3/venv/lib/python3.9/site-packages/airflow/example_dags/example_kubernetes_executor.py
[2025-11-27T12:10:07.751-0300] {logging_mixin.py:188} INFO - [2025-11-27T12:10:07.751-0300] {example_kubernetes_executor.py:39} WARNING - The example_kubernetes_executor example DAG requires the kubernetes provider. Please install it with: pip install apache-airflow[cncf.kubernetes]
[2025-11-27T12:10:07.751-0300] {processor.py:842} WARNING - No viable dags retrieved from /Users/davispecia/Documents/GitHub/Pf_pipeline_dados/Projeto_final_fase3/venv/lib/python3.9/site-packages/airflow/example_dags/example_kubernetes_executor.py
[2025-11-27T12:10:07.815-0300] {processor.py:183} INFO - Processing /Users/davispecia/Documents/GitHub/Pf_pipeline_dados/Projeto_final_fase3/venv/lib/python3.9/site-packages/airflow/example_dags/example_kubernetes_executor.py took 0.086 seconds
[2025-11-27T12:12:23.171-0300] {processor.py:161} INFO - Started process (PID=99718) to work on /Users/davispecia/Documents/GitHub/Pf_pipeline_dados/Projeto_final_fase3/venv/lib/python3.9/site-packages/airflow/example_dags/example_kubernetes_executor.py
[2025-11-27T12:12:23.173-0300] {processor.py:830} INFO - Processing file /Users/davispecia/Documents/GitHub/Pf_pipeline_dados/Projeto_final_fase3/venv/lib/python3.9/site-packages/airflow/example_dags/example_kubernetes_executor.py for tasks to queue
[2025-11-27T12:12:23.173-0300] {logging_mixin.py:188} INFO - [2025-11-27T12:12:23.173-0300] {dagbag.py:545} INFO - Filling up the DagBag from /Users/davispecia/Documents/GitHub/Pf_pipeline_dados/Projeto_final_fase3/venv/lib/python3.9/site-packages/airflow/example_dags/example_kubernetes_executor.py
[2025-11-27T12:12:23.189-0300] {logging_mixin.py:188} INFO - [2025-11-27T12:12:23.189-0300] {example_kubernetes_executor.py:39} WARNING - The example_kubernetes_executor example DAG requires the kubernetes provider. Please install it with: pip install apache-airflow[cncf.kubernetes]
[2025-11-27T12:12:23.189-0300] {processor.py:842} WARNING - No viable dags retrieved from /Users/davispecia/Documents/GitHub/Pf_pipeline_dados/Projeto_final_fase3/venv/lib/python3.9/site-packages/airflow/example_dags/example_kubernetes_executor.py
[2025-11-27T12:12:23.249-0300] {processor.py:183} INFO - Processing /Users/davispecia/Documents/GitHub/Pf_pipeline_dados/Projeto_final_fase3/venv/lib/python3.9/site-packages/airflow/example_dags/example_kubernetes_executor.py took 0.079 seconds
[2025-11-27T12:14:27.217-0300] {processor.py:161} INFO - Started process (PID=120) to work on /Users/davispecia/Documents/GitHub/Pf_pipeline_dados/Projeto_final_fase3/venv/lib/python3.9/site-packages/airflow/example_dags/example_kubernetes_executor.py
[2025-11-27T12:14:27.219-0300] {processor.py:830} INFO - Processing file /Users/davispecia/Documents/GitHub/Pf_pipeline_dados/Projeto_final_fase3/venv/lib/python3.9/site-packages/airflow/example_dags/example_kubernetes_executor.py for tasks to queue
[2025-11-27T12:14:27.219-0300] {logging_mixin.py:188} INFO - [2025-11-27T12:14:27.219-0300] {dagbag.py:545} INFO - Filling up the DagBag from /Users/davispecia/Documents/GitHub/Pf_pipeline_dados/Projeto_final_fase3/venv/lib/python3.9/site-packages/airflow/example_dags/example_kubernetes_executor.py
[2025-11-27T12:14:27.237-0300] {logging_mixin.py:188} INFO - [2025-11-27T12:14:27.237-0300] {example_kubernetes_executor.py:39} WARNING - The example_kubernetes_executor example DAG requires the kubernetes provider. Please install it with: pip install apache-airflow[cncf.kubernetes]
[2025-11-27T12:14:27.238-0300] {processor.py:842} WARNING - No viable dags retrieved from /Users/davispecia/Documents/GitHub/Pf_pipeline_dados/Projeto_final_fase3/venv/lib/python3.9/site-packages/airflow/example_dags/example_kubernetes_executor.py
[2025-11-27T12:14:27.299-0300] {processor.py:183} INFO - Processing /Users/davispecia/Documents/GitHub/Pf_pipeline_dados/Projeto_final_fase3/venv/lib/python3.9/site-packages/airflow/example_dags/example_kubernetes_executor.py took 0.084 seconds
[2025-11-27T12:16:37.563-0300] {processor.py:161} INFO - Started process (PID=614) to work on /Users/davispecia/Documents/GitHub/Pf_pipeline_dados/Projeto_final_fase3/venv/lib/python3.9/site-packages/airflow/example_dags/example_kubernetes_executor.py
[2025-11-27T12:16:37.564-0300] {processor.py:830} INFO - Processing file /Users/davispecia/Documents/GitHub/Pf_pipeline_dados/Projeto_final_fase3/venv/lib/python3.9/site-packages/airflow/example_dags/example_kubernetes_executor.py for tasks to queue
[2025-11-27T12:16:37.565-0300] {logging_mixin.py:188} INFO - [2025-11-27T12:16:37.565-0300] {dagbag.py:545} INFO - Filling up the DagBag from /Users/davispecia/Documents/GitHub/Pf_pipeline_dados/Projeto_final_fase3/venv/lib/python3.9/site-packages/airflow/example_dags/example_kubernetes_executor.py
[2025-11-27T12:16:37.581-0300] {logging_mixin.py:188} INFO - [2025-11-27T12:16:37.581-0300] {example_kubernetes_executor.py:39} WARNING - The example_kubernetes_executor example DAG requires the kubernetes provider. Please install it with: pip install apache-airflow[cncf.kubernetes]
[2025-11-27T12:16:37.581-0300] {processor.py:842} WARNING - No viable dags retrieved from /Users/davispecia/Documents/GitHub/Pf_pipeline_dados/Projeto_final_fase3/venv/lib/python3.9/site-packages/airflow/example_dags/example_kubernetes_executor.py
[2025-11-27T12:16:37.641-0300] {processor.py:183} INFO - Processing /Users/davispecia/Documents/GitHub/Pf_pipeline_dados/Projeto_final_fase3/venv/lib/python3.9/site-packages/airflow/example_dags/example_kubernetes_executor.py took 0.080 seconds
[2025-11-27T12:18:40.164-0300] {processor.py:161} INFO - Started process (PID=965) to work on /Users/davispecia/Documents/GitHub/Pf_pipeline_dados/Projeto_final_fase3/venv/lib/python3.9/site-packages/airflow/example_dags/example_kubernetes_executor.py
[2025-11-27T12:18:40.165-0300] {processor.py:830} INFO - Processing file /Users/davispecia/Documents/GitHub/Pf_pipeline_dados/Projeto_final_fase3/venv/lib/python3.9/site-packages/airflow/example_dags/example_kubernetes_executor.py for tasks to queue
[2025-11-27T12:18:40.166-0300] {logging_mixin.py:188} INFO - [2025-11-27T12:18:40.165-0300] {dagbag.py:545} INFO - Filling up the DagBag from /Users/davispecia/Documents/GitHub/Pf_pipeline_dados/Projeto_final_fase3/venv/lib/python3.9/site-packages/airflow/example_dags/example_kubernetes_executor.py
[2025-11-27T12:18:40.181-0300] {logging_mixin.py:188} INFO - [2025-11-27T12:18:40.181-0300] {example_kubernetes_executor.py:39} WARNING - The example_kubernetes_executor example DAG requires the kubernetes provider. Please install it with: pip install apache-airflow[cncf.kubernetes]
[2025-11-27T12:18:40.181-0300] {processor.py:842} WARNING - No viable dags retrieved from /Users/davispecia/Documents/GitHub/Pf_pipeline_dados/Projeto_final_fase3/venv/lib/python3.9/site-packages/airflow/example_dags/example_kubernetes_executor.py
[2025-11-27T12:18:40.241-0300] {processor.py:183} INFO - Processing /Users/davispecia/Documents/GitHub/Pf_pipeline_dados/Projeto_final_fase3/venv/lib/python3.9/site-packages/airflow/example_dags/example_kubernetes_executor.py took 0.079 seconds
[2025-11-27T12:20:43.742-0300] {processor.py:161} INFO - Started process (PID=1270) to work on /Users/davispecia/Documents/GitHub/Pf_pipeline_dados/Projeto_final_fase3/venv/lib/python3.9/site-packages/airflow/example_dags/example_kubernetes_executor.py
[2025-11-27T12:20:43.743-0300] {processor.py:830} INFO - Processing file /Users/davispecia/Documents/GitHub/Pf_pipeline_dados/Projeto_final_fase3/venv/lib/python3.9/site-packages/airflow/example_dags/example_kubernetes_executor.py for tasks to queue
[2025-11-27T12:20:43.743-0300] {logging_mixin.py:188} INFO - [2025-11-27T12:20:43.743-0300] {dagbag.py:545} INFO - Filling up the DagBag from /Users/davispecia/Documents/GitHub/Pf_pipeline_dados/Projeto_final_fase3/venv/lib/python3.9/site-packages/airflow/example_dags/example_kubernetes_executor.py
[2025-11-27T12:20:43.762-0300] {logging_mixin.py:188} INFO - [2025-11-27T12:20:43.762-0300] {example_kubernetes_executor.py:39} WARNING - The example_kubernetes_executor example DAG requires the kubernetes provider. Please install it with: pip install apache-airflow[cncf.kubernetes]
[2025-11-27T12:20:43.762-0300] {processor.py:842} WARNING - No viable dags retrieved from /Users/davispecia/Documents/GitHub/Pf_pipeline_dados/Projeto_final_fase3/venv/lib/python3.9/site-packages/airflow/example_dags/example_kubernetes_executor.py
[2025-11-27T12:20:43.824-0300] {processor.py:183} INFO - Processing /Users/davispecia/Documents/GitHub/Pf_pipeline_dados/Projeto_final_fase3/venv/lib/python3.9/site-packages/airflow/example_dags/example_kubernetes_executor.py took 0.084 seconds
[2025-11-27T12:22:54.758-0300] {processor.py:161} INFO - Started process (PID=1670) to work on /Users/davispecia/Documents/GitHub/Pf_pipeline_dados/Projeto_final_fase3/venv/lib/python3.9/site-packages/airflow/example_dags/example_kubernetes_executor.py
[2025-11-27T12:22:54.758-0300] {processor.py:830} INFO - Processing file /Users/davispecia/Documents/GitHub/Pf_pipeline_dados/Projeto_final_fase3/venv/lib/python3.9/site-packages/airflow/example_dags/example_kubernetes_executor.py for tasks to queue
[2025-11-27T12:22:54.759-0300] {logging_mixin.py:188} INFO - [2025-11-27T12:22:54.759-0300] {dagbag.py:545} INFO - Filling up the DagBag from /Users/davispecia/Documents/GitHub/Pf_pipeline_dados/Projeto_final_fase3/venv/lib/python3.9/site-packages/airflow/example_dags/example_kubernetes_executor.py
[2025-11-27T12:22:54.775-0300] {logging_mixin.py:188} INFO - [2025-11-27T12:22:54.774-0300] {example_kubernetes_executor.py:39} WARNING - The example_kubernetes_executor example DAG requires the kubernetes provider. Please install it with: pip install apache-airflow[cncf.kubernetes]
[2025-11-27T12:22:54.775-0300] {processor.py:842} WARNING - No viable dags retrieved from /Users/davispecia/Documents/GitHub/Pf_pipeline_dados/Projeto_final_fase3/venv/lib/python3.9/site-packages/airflow/example_dags/example_kubernetes_executor.py
[2025-11-27T12:22:54.837-0300] {processor.py:183} INFO - Processing /Users/davispecia/Documents/GitHub/Pf_pipeline_dados/Projeto_final_fase3/venv/lib/python3.9/site-packages/airflow/example_dags/example_kubernetes_executor.py took 0.081 seconds
[2025-11-27T12:24:56.985-0300] {processor.py:161} INFO - Started process (PID=1984) to work on /Users/davispecia/Documents/GitHub/Pf_pipeline_dados/Projeto_final_fase3/venv/lib/python3.9/site-packages/airflow/example_dags/example_kubernetes_executor.py
[2025-11-27T12:24:56.986-0300] {processor.py:830} INFO - Processing file /Users/davispecia/Documents/GitHub/Pf_pipeline_dados/Projeto_final_fase3/venv/lib/python3.9/site-packages/airflow/example_dags/example_kubernetes_executor.py for tasks to queue
[2025-11-27T12:24:56.986-0300] {logging_mixin.py:188} INFO - [2025-11-27T12:24:56.986-0300] {dagbag.py:545} INFO - Filling up the DagBag from /Users/davispecia/Documents/GitHub/Pf_pipeline_dados/Projeto_final_fase3/venv/lib/python3.9/site-packages/airflow/example_dags/example_kubernetes_executor.py
[2025-11-27T12:24:57.004-0300] {logging_mixin.py:188} INFO - [2025-11-27T12:24:57.004-0300] {example_kubernetes_executor.py:39} WARNING - The example_kubernetes_executor example DAG requires the kubernetes provider. Please install it with: pip install apache-airflow[cncf.kubernetes]
[2025-11-27T12:24:57.005-0300] {processor.py:842} WARNING - No viable dags retrieved from /Users/davispecia/Documents/GitHub/Pf_pipeline_dados/Projeto_final_fase3/venv/lib/python3.9/site-packages/airflow/example_dags/example_kubernetes_executor.py
[2025-11-27T12:24:57.065-0300] {processor.py:183} INFO - Processing /Users/davispecia/Documents/GitHub/Pf_pipeline_dados/Projeto_final_fase3/venv/lib/python3.9/site-packages/airflow/example_dags/example_kubernetes_executor.py took 0.083 seconds
[2025-11-27T12:27:10.319-0300] {processor.py:161} INFO - Started process (PID=2366) to work on /Users/davispecia/Documents/GitHub/Pf_pipeline_dados/Projeto_final_fase3/venv/lib/python3.9/site-packages/airflow/example_dags/example_kubernetes_executor.py
[2025-11-27T12:27:10.321-0300] {processor.py:830} INFO - Processing file /Users/davispecia/Documents/GitHub/Pf_pipeline_dados/Projeto_final_fase3/venv/lib/python3.9/site-packages/airflow/example_dags/example_kubernetes_executor.py for tasks to queue
[2025-11-27T12:27:10.321-0300] {logging_mixin.py:188} INFO - [2025-11-27T12:27:10.321-0300] {dagbag.py:545} INFO - Filling up the DagBag from /Users/davispecia/Documents/GitHub/Pf_pipeline_dados/Projeto_final_fase3/venv/lib/python3.9/site-packages/airflow/example_dags/example_kubernetes_executor.py
[2025-11-27T12:27:10.338-0300] {logging_mixin.py:188} INFO - [2025-11-27T12:27:10.337-0300] {example_kubernetes_executor.py:39} WARNING - The example_kubernetes_executor example DAG requires the kubernetes provider. Please install it with: pip install apache-airflow[cncf.kubernetes]
[2025-11-27T12:27:10.338-0300] {processor.py:842} WARNING - No viable dags retrieved from /Users/davispecia/Documents/GitHub/Pf_pipeline_dados/Projeto_final_fase3/venv/lib/python3.9/site-packages/airflow/example_dags/example_kubernetes_executor.py
[2025-11-27T12:27:10.398-0300] {processor.py:183} INFO - Processing /Users/davispecia/Documents/GitHub/Pf_pipeline_dados/Projeto_final_fase3/venv/lib/python3.9/site-packages/airflow/example_dags/example_kubernetes_executor.py took 0.081 seconds
[2025-11-27T14:06:37.909-0300] {processor.py:161} INFO - Started process (PID=2950) to work on /Users/davispecia/Documents/GitHub/Pf_pipeline_dados/Projeto_final_fase3/venv/lib/python3.9/site-packages/airflow/example_dags/example_kubernetes_executor.py
[2025-11-27T14:06:37.910-0300] {processor.py:830} INFO - Processing file /Users/davispecia/Documents/GitHub/Pf_pipeline_dados/Projeto_final_fase3/venv/lib/python3.9/site-packages/airflow/example_dags/example_kubernetes_executor.py for tasks to queue
[2025-11-27T14:06:37.910-0300] {logging_mixin.py:188} INFO - [2025-11-27T14:06:37.910-0300] {dagbag.py:545} INFO - Filling up the DagBag from /Users/davispecia/Documents/GitHub/Pf_pipeline_dados/Projeto_final_fase3/venv/lib/python3.9/site-packages/airflow/example_dags/example_kubernetes_executor.py
[2025-11-27T14:06:37.929-0300] {logging_mixin.py:188} INFO - [2025-11-27T14:06:37.929-0300] {example_kubernetes_executor.py:39} WARNING - The example_kubernetes_executor example DAG requires the kubernetes provider. Please install it with: pip install apache-airflow[cncf.kubernetes]
[2025-11-27T14:06:37.929-0300] {processor.py:842} WARNING - No viable dags retrieved from /Users/davispecia/Documents/GitHub/Pf_pipeline_dados/Projeto_final_fase3/venv/lib/python3.9/site-packages/airflow/example_dags/example_kubernetes_executor.py
[2025-11-27T14:06:37.989-0300] {processor.py:183} INFO - Processing /Users/davispecia/Documents/GitHub/Pf_pipeline_dados/Projeto_final_fase3/venv/lib/python3.9/site-packages/airflow/example_dags/example_kubernetes_executor.py took 0.082 seconds
[2025-11-27T14:08:49.515-0300] {processor.py:161} INFO - Started process (PID=3357) to work on /Users/davispecia/Documents/GitHub/Pf_pipeline_dados/Projeto_final_fase3/venv/lib/python3.9/site-packages/airflow/example_dags/example_kubernetes_executor.py
[2025-11-27T14:08:49.517-0300] {processor.py:830} INFO - Processing file /Users/davispecia/Documents/GitHub/Pf_pipeline_dados/Projeto_final_fase3/venv/lib/python3.9/site-packages/airflow/example_dags/example_kubernetes_executor.py for tasks to queue
[2025-11-27T14:08:49.517-0300] {logging_mixin.py:188} INFO - [2025-11-27T14:08:49.517-0300] {dagbag.py:545} INFO - Filling up the DagBag from /Users/davispecia/Documents/GitHub/Pf_pipeline_dados/Projeto_final_fase3/venv/lib/python3.9/site-packages/airflow/example_dags/example_kubernetes_executor.py
[2025-11-27T14:08:49.534-0300] {logging_mixin.py:188} INFO - [2025-11-27T14:08:49.534-0300] {example_kubernetes_executor.py:39} WARNING - The example_kubernetes_executor example DAG requires the kubernetes provider. Please install it with: pip install apache-airflow[cncf.kubernetes]
[2025-11-27T14:08:49.534-0300] {processor.py:842} WARNING - No viable dags retrieved from /Users/davispecia/Documents/GitHub/Pf_pipeline_dados/Projeto_final_fase3/venv/lib/python3.9/site-packages/airflow/example_dags/example_kubernetes_executor.py
[2025-11-27T14:08:49.595-0300] {processor.py:183} INFO - Processing /Users/davispecia/Documents/GitHub/Pf_pipeline_dados/Projeto_final_fase3/venv/lib/python3.9/site-packages/airflow/example_dags/example_kubernetes_executor.py took 0.082 seconds
[2025-11-27T14:11:03.607-0300] {processor.py:161} INFO - Started process (PID=3737) to work on /Users/davispecia/Documents/GitHub/Pf_pipeline_dados/Projeto_final_fase3/venv/lib/python3.9/site-packages/airflow/example_dags/example_kubernetes_executor.py
[2025-11-27T14:11:03.609-0300] {processor.py:830} INFO - Processing file /Users/davispecia/Documents/GitHub/Pf_pipeline_dados/Projeto_final_fase3/venv/lib/python3.9/site-packages/airflow/example_dags/example_kubernetes_executor.py for tasks to queue
[2025-11-27T14:11:03.609-0300] {logging_mixin.py:188} INFO - [2025-11-27T14:11:03.609-0300] {dagbag.py:545} INFO - Filling up the DagBag from /Users/davispecia/Documents/GitHub/Pf_pipeline_dados/Projeto_final_fase3/venv/lib/python3.9/site-packages/airflow/example_dags/example_kubernetes_executor.py
[2025-11-27T14:11:03.628-0300] {logging_mixin.py:188} INFO - [2025-11-27T14:11:03.628-0300] {example_kubernetes_executor.py:39} WARNING - The example_kubernetes_executor example DAG requires the kubernetes provider. Please install it with: pip install apache-airflow[cncf.kubernetes]
[2025-11-27T14:11:03.628-0300] {processor.py:842} WARNING - No viable dags retrieved from /Users/davispecia/Documents/GitHub/Pf_pipeline_dados/Projeto_final_fase3/venv/lib/python3.9/site-packages/airflow/example_dags/example_kubernetes_executor.py
[2025-11-27T14:11:03.691-0300] {processor.py:183} INFO - Processing /Users/davispecia/Documents/GitHub/Pf_pipeline_dados/Projeto_final_fase3/venv/lib/python3.9/site-packages/airflow/example_dags/example_kubernetes_executor.py took 0.087 seconds
[2025-11-27T14:13:06.318-0300] {processor.py:161} INFO - Started process (PID=4050) to work on /Users/davispecia/Documents/GitHub/Pf_pipeline_dados/Projeto_final_fase3/venv/lib/python3.9/site-packages/airflow/example_dags/example_kubernetes_executor.py
[2025-11-27T14:13:06.319-0300] {processor.py:830} INFO - Processing file /Users/davispecia/Documents/GitHub/Pf_pipeline_dados/Projeto_final_fase3/venv/lib/python3.9/site-packages/airflow/example_dags/example_kubernetes_executor.py for tasks to queue
[2025-11-27T14:13:06.319-0300] {logging_mixin.py:188} INFO - [2025-11-27T14:13:06.319-0300] {dagbag.py:545} INFO - Filling up the DagBag from /Users/davispecia/Documents/GitHub/Pf_pipeline_dados/Projeto_final_fase3/venv/lib/python3.9/site-packages/airflow/example_dags/example_kubernetes_executor.py
[2025-11-27T14:13:06.337-0300] {logging_mixin.py:188} INFO - [2025-11-27T14:13:06.337-0300] {example_kubernetes_executor.py:39} WARNING - The example_kubernetes_executor example DAG requires the kubernetes provider. Please install it with: pip install apache-airflow[cncf.kubernetes]
[2025-11-27T14:13:06.337-0300] {processor.py:842} WARNING - No viable dags retrieved from /Users/davispecia/Documents/GitHub/Pf_pipeline_dados/Projeto_final_fase3/venv/lib/python3.9/site-packages/airflow/example_dags/example_kubernetes_executor.py
[2025-11-27T14:13:06.399-0300] {processor.py:183} INFO - Processing /Users/davispecia/Documents/GitHub/Pf_pipeline_dados/Projeto_final_fase3/venv/lib/python3.9/site-packages/airflow/example_dags/example_kubernetes_executor.py took 0.083 seconds
[2025-11-27T14:15:31.252-0300] {processor.py:161} INFO - Started process (PID=4469) to work on /Users/davispecia/Documents/GitHub/Pf_pipeline_dados/Projeto_final_fase3/venv/lib/python3.9/site-packages/airflow/example_dags/example_kubernetes_executor.py
[2025-11-27T14:15:31.253-0300] {processor.py:830} INFO - Processing file /Users/davispecia/Documents/GitHub/Pf_pipeline_dados/Projeto_final_fase3/venv/lib/python3.9/site-packages/airflow/example_dags/example_kubernetes_executor.py for tasks to queue
[2025-11-27T14:15:31.253-0300] {logging_mixin.py:188} INFO - [2025-11-27T14:15:31.253-0300] {dagbag.py:545} INFO - Filling up the DagBag from /Users/davispecia/Documents/GitHub/Pf_pipeline_dados/Projeto_final_fase3/venv/lib/python3.9/site-packages/airflow/example_dags/example_kubernetes_executor.py
[2025-11-27T14:15:31.271-0300] {logging_mixin.py:188} INFO - [2025-11-27T14:15:31.271-0300] {example_kubernetes_executor.py:39} WARNING - The example_kubernetes_executor example DAG requires the kubernetes provider. Please install it with: pip install apache-airflow[cncf.kubernetes]
[2025-11-27T14:15:31.271-0300] {processor.py:842} WARNING - No viable dags retrieved from /Users/davispecia/Documents/GitHub/Pf_pipeline_dados/Projeto_final_fase3/venv/lib/python3.9/site-packages/airflow/example_dags/example_kubernetes_executor.py
[2025-11-27T14:15:31.333-0300] {processor.py:183} INFO - Processing /Users/davispecia/Documents/GitHub/Pf_pipeline_dados/Projeto_final_fase3/venv/lib/python3.9/site-packages/airflow/example_dags/example_kubernetes_executor.py took 0.084 seconds
[2025-11-27T14:17:43.642-0300] {processor.py:161} INFO - Started process (PID=4794) to work on /Users/davispecia/Documents/GitHub/Pf_pipeline_dados/Projeto_final_fase3/venv/lib/python3.9/site-packages/airflow/example_dags/example_kubernetes_executor.py
[2025-11-27T14:17:43.642-0300] {processor.py:830} INFO - Processing file /Users/davispecia/Documents/GitHub/Pf_pipeline_dados/Projeto_final_fase3/venv/lib/python3.9/site-packages/airflow/example_dags/example_kubernetes_executor.py for tasks to queue
[2025-11-27T14:17:43.643-0300] {logging_mixin.py:188} INFO - [2025-11-27T14:17:43.643-0300] {dagbag.py:545} INFO - Filling up the DagBag from /Users/davispecia/Documents/GitHub/Pf_pipeline_dados/Projeto_final_fase3/venv/lib/python3.9/site-packages/airflow/example_dags/example_kubernetes_executor.py
[2025-11-27T14:17:43.666-0300] {logging_mixin.py:188} INFO - [2025-11-27T14:17:43.666-0300] {example_kubernetes_executor.py:39} WARNING - The example_kubernetes_executor example DAG requires the kubernetes provider. Please install it with: pip install apache-airflow[cncf.kubernetes]
[2025-11-27T14:17:43.666-0300] {processor.py:842} WARNING - No viable dags retrieved from /Users/davispecia/Documents/GitHub/Pf_pipeline_dados/Projeto_final_fase3/venv/lib/python3.9/site-packages/airflow/example_dags/example_kubernetes_executor.py
[2025-11-27T14:17:43.742-0300] {processor.py:183} INFO - Processing /Users/davispecia/Documents/GitHub/Pf_pipeline_dados/Projeto_final_fase3/venv/lib/python3.9/site-packages/airflow/example_dags/example_kubernetes_executor.py took 0.103 seconds
[2025-11-27T14:20:01.354-0300] {processor.py:161} INFO - Started process (PID=5112) to work on /Users/davispecia/Documents/GitHub/Pf_pipeline_dados/Projeto_final_fase3/venv/lib/python3.9/site-packages/airflow/example_dags/example_kubernetes_executor.py
[2025-11-27T14:20:01.354-0300] {processor.py:830} INFO - Processing file /Users/davispecia/Documents/GitHub/Pf_pipeline_dados/Projeto_final_fase3/venv/lib/python3.9/site-packages/airflow/example_dags/example_kubernetes_executor.py for tasks to queue
[2025-11-27T14:20:01.355-0300] {logging_mixin.py:188} INFO - [2025-11-27T14:20:01.355-0300] {dagbag.py:545} INFO - Filling up the DagBag from /Users/davispecia/Documents/GitHub/Pf_pipeline_dados/Projeto_final_fase3/venv/lib/python3.9/site-packages/airflow/example_dags/example_kubernetes_executor.py
[2025-11-27T14:20:01.374-0300] {logging_mixin.py:188} INFO - [2025-11-27T14:20:01.374-0300] {example_kubernetes_executor.py:39} WARNING - The example_kubernetes_executor example DAG requires the kubernetes provider. Please install it with: pip install apache-airflow[cncf.kubernetes]
[2025-11-27T14:20:01.374-0300] {processor.py:842} WARNING - No viable dags retrieved from /Users/davispecia/Documents/GitHub/Pf_pipeline_dados/Projeto_final_fase3/venv/lib/python3.9/site-packages/airflow/example_dags/example_kubernetes_executor.py
[2025-11-27T14:20:01.438-0300] {processor.py:183} INFO - Processing /Users/davispecia/Documents/GitHub/Pf_pipeline_dados/Projeto_final_fase3/venv/lib/python3.9/site-packages/airflow/example_dags/example_kubernetes_executor.py took 0.086 seconds
[2025-11-27T14:22:20.105-0300] {processor.py:161} INFO - Started process (PID=5500) to work on /Users/davispecia/Documents/GitHub/Pf_pipeline_dados/Projeto_final_fase3/venv/lib/python3.9/site-packages/airflow/example_dags/example_kubernetes_executor.py
[2025-11-27T14:22:20.106-0300] {processor.py:830} INFO - Processing file /Users/davispecia/Documents/GitHub/Pf_pipeline_dados/Projeto_final_fase3/venv/lib/python3.9/site-packages/airflow/example_dags/example_kubernetes_executor.py for tasks to queue
[2025-11-27T14:22:20.106-0300] {logging_mixin.py:188} INFO - [2025-11-27T14:22:20.106-0300] {dagbag.py:545} INFO - Filling up the DagBag from /Users/davispecia/Documents/GitHub/Pf_pipeline_dados/Projeto_final_fase3/venv/lib/python3.9/site-packages/airflow/example_dags/example_kubernetes_executor.py
[2025-11-27T14:22:20.125-0300] {logging_mixin.py:188} INFO - [2025-11-27T14:22:20.125-0300] {example_kubernetes_executor.py:39} WARNING - The example_kubernetes_executor example DAG requires the kubernetes provider. Please install it with: pip install apache-airflow[cncf.kubernetes]
[2025-11-27T14:22:20.125-0300] {processor.py:842} WARNING - No viable dags retrieved from /Users/davispecia/Documents/GitHub/Pf_pipeline_dados/Projeto_final_fase3/venv/lib/python3.9/site-packages/airflow/example_dags/example_kubernetes_executor.py
[2025-11-27T14:22:20.188-0300] {processor.py:183} INFO - Processing /Users/davispecia/Documents/GitHub/Pf_pipeline_dados/Projeto_final_fase3/venv/lib/python3.9/site-packages/airflow/example_dags/example_kubernetes_executor.py took 0.086 seconds
[2025-11-27T14:24:36.966-0300] {processor.py:161} INFO - Started process (PID=5816) to work on /Users/davispecia/Documents/GitHub/Pf_pipeline_dados/Projeto_final_fase3/venv/lib/python3.9/site-packages/airflow/example_dags/example_kubernetes_executor.py
[2025-11-27T14:24:36.968-0300] {processor.py:830} INFO - Processing file /Users/davispecia/Documents/GitHub/Pf_pipeline_dados/Projeto_final_fase3/venv/lib/python3.9/site-packages/airflow/example_dags/example_kubernetes_executor.py for tasks to queue
[2025-11-27T14:24:36.968-0300] {logging_mixin.py:188} INFO - [2025-11-27T14:24:36.968-0300] {dagbag.py:545} INFO - Filling up the DagBag from /Users/davispecia/Documents/GitHub/Pf_pipeline_dados/Projeto_final_fase3/venv/lib/python3.9/site-packages/airflow/example_dags/example_kubernetes_executor.py
[2025-11-27T14:24:36.991-0300] {logging_mixin.py:188} INFO - [2025-11-27T14:24:36.991-0300] {example_kubernetes_executor.py:39} WARNING - The example_kubernetes_executor example DAG requires the kubernetes provider. Please install it with: pip install apache-airflow[cncf.kubernetes]
[2025-11-27T14:24:36.991-0300] {processor.py:842} WARNING - No viable dags retrieved from /Users/davispecia/Documents/GitHub/Pf_pipeline_dados/Projeto_final_fase3/venv/lib/python3.9/site-packages/airflow/example_dags/example_kubernetes_executor.py
[2025-11-27T14:24:37.058-0300] {processor.py:183} INFO - Processing /Users/davispecia/Documents/GitHub/Pf_pipeline_dados/Projeto_final_fase3/venv/lib/python3.9/site-packages/airflow/example_dags/example_kubernetes_executor.py took 0.093 seconds
[2025-11-27T14:27:10.299-0300] {processor.py:161} INFO - Started process (PID=6237) to work on /Users/davispecia/Documents/GitHub/Pf_pipeline_dados/Projeto_final_fase3/venv/lib/python3.9/site-packages/airflow/example_dags/example_kubernetes_executor.py
[2025-11-27T14:27:10.299-0300] {processor.py:830} INFO - Processing file /Users/davispecia/Documents/GitHub/Pf_pipeline_dados/Projeto_final_fase3/venv/lib/python3.9/site-packages/airflow/example_dags/example_kubernetes_executor.py for tasks to queue
[2025-11-27T14:27:10.300-0300] {logging_mixin.py:188} INFO - [2025-11-27T14:27:10.300-0300] {dagbag.py:545} INFO - Filling up the DagBag from /Users/davispecia/Documents/GitHub/Pf_pipeline_dados/Projeto_final_fase3/venv/lib/python3.9/site-packages/airflow/example_dags/example_kubernetes_executor.py
[2025-11-27T14:27:10.320-0300] {logging_mixin.py:188} INFO - [2025-11-27T14:27:10.319-0300] {example_kubernetes_executor.py:39} WARNING - The example_kubernetes_executor example DAG requires the kubernetes provider. Please install it with: pip install apache-airflow[cncf.kubernetes]
[2025-11-27T14:27:10.320-0300] {processor.py:842} WARNING - No viable dags retrieved from /Users/davispecia/Documents/GitHub/Pf_pipeline_dados/Projeto_final_fase3/venv/lib/python3.9/site-packages/airflow/example_dags/example_kubernetes_executor.py
[2025-11-27T14:27:10.392-0300] {processor.py:183} INFO - Processing /Users/davispecia/Documents/GitHub/Pf_pipeline_dados/Projeto_final_fase3/venv/lib/python3.9/site-packages/airflow/example_dags/example_kubernetes_executor.py took 0.096 seconds
[2025-11-27T14:29:29.522-0300] {processor.py:161} INFO - Started process (PID=6622) to work on /Users/davispecia/Documents/GitHub/Pf_pipeline_dados/Projeto_final_fase3/venv/lib/python3.9/site-packages/airflow/example_dags/example_kubernetes_executor.py
[2025-11-27T14:29:29.523-0300] {processor.py:830} INFO - Processing file /Users/davispecia/Documents/GitHub/Pf_pipeline_dados/Projeto_final_fase3/venv/lib/python3.9/site-packages/airflow/example_dags/example_kubernetes_executor.py for tasks to queue
[2025-11-27T14:29:29.524-0300] {logging_mixin.py:188} INFO - [2025-11-27T14:29:29.523-0300] {dagbag.py:545} INFO - Filling up the DagBag from /Users/davispecia/Documents/GitHub/Pf_pipeline_dados/Projeto_final_fase3/venv/lib/python3.9/site-packages/airflow/example_dags/example_kubernetes_executor.py
[2025-11-27T14:29:29.544-0300] {logging_mixin.py:188} INFO - [2025-11-27T14:29:29.544-0300] {example_kubernetes_executor.py:39} WARNING - The example_kubernetes_executor example DAG requires the kubernetes provider. Please install it with: pip install apache-airflow[cncf.kubernetes]
[2025-11-27T14:29:29.544-0300] {processor.py:842} WARNING - No viable dags retrieved from /Users/davispecia/Documents/GitHub/Pf_pipeline_dados/Projeto_final_fase3/venv/lib/python3.9/site-packages/airflow/example_dags/example_kubernetes_executor.py
[2025-11-27T14:29:29.606-0300] {processor.py:183} INFO - Processing /Users/davispecia/Documents/GitHub/Pf_pipeline_dados/Projeto_final_fase3/venv/lib/python3.9/site-packages/airflow/example_dags/example_kubernetes_executor.py took 0.086 seconds
[2025-11-27T14:31:41.027-0300] {processor.py:161} INFO - Started process (PID=6929) to work on /Users/davispecia/Documents/GitHub/Pf_pipeline_dados/Projeto_final_fase3/venv/lib/python3.9/site-packages/airflow/example_dags/example_kubernetes_executor.py
[2025-11-27T14:31:41.028-0300] {processor.py:830} INFO - Processing file /Users/davispecia/Documents/GitHub/Pf_pipeline_dados/Projeto_final_fase3/venv/lib/python3.9/site-packages/airflow/example_dags/example_kubernetes_executor.py for tasks to queue
[2025-11-27T14:31:41.028-0300] {logging_mixin.py:188} INFO - [2025-11-27T14:31:41.028-0300] {dagbag.py:545} INFO - Filling up the DagBag from /Users/davispecia/Documents/GitHub/Pf_pipeline_dados/Projeto_final_fase3/venv/lib/python3.9/site-packages/airflow/example_dags/example_kubernetes_executor.py
[2025-11-27T14:31:41.045-0300] {logging_mixin.py:188} INFO - [2025-11-27T14:31:41.045-0300] {example_kubernetes_executor.py:39} WARNING - The example_kubernetes_executor example DAG requires the kubernetes provider. Please install it with: pip install apache-airflow[cncf.kubernetes]
[2025-11-27T14:31:41.045-0300] {processor.py:842} WARNING - No viable dags retrieved from /Users/davispecia/Documents/GitHub/Pf_pipeline_dados/Projeto_final_fase3/venv/lib/python3.9/site-packages/airflow/example_dags/example_kubernetes_executor.py
[2025-11-27T14:31:41.107-0300] {processor.py:183} INFO - Processing /Users/davispecia/Documents/GitHub/Pf_pipeline_dados/Projeto_final_fase3/venv/lib/python3.9/site-packages/airflow/example_dags/example_kubernetes_executor.py took 0.083 seconds
[2025-11-27T14:34:00.879-0300] {processor.py:161} INFO - Started process (PID=7349) to work on /Users/davispecia/Documents/GitHub/Pf_pipeline_dados/Projeto_final_fase3/venv/lib/python3.9/site-packages/airflow/example_dags/example_kubernetes_executor.py
[2025-11-27T14:34:00.880-0300] {processor.py:830} INFO - Processing file /Users/davispecia/Documents/GitHub/Pf_pipeline_dados/Projeto_final_fase3/venv/lib/python3.9/site-packages/airflow/example_dags/example_kubernetes_executor.py for tasks to queue
[2025-11-27T14:34:00.880-0300] {logging_mixin.py:188} INFO - [2025-11-27T14:34:00.880-0300] {dagbag.py:545} INFO - Filling up the DagBag from /Users/davispecia/Documents/GitHub/Pf_pipeline_dados/Projeto_final_fase3/venv/lib/python3.9/site-packages/airflow/example_dags/example_kubernetes_executor.py
[2025-11-27T14:34:00.903-0300] {logging_mixin.py:188} INFO - [2025-11-27T14:34:00.903-0300] {example_kubernetes_executor.py:39} WARNING - The example_kubernetes_executor example DAG requires the kubernetes provider. Please install it with: pip install apache-airflow[cncf.kubernetes]
[2025-11-27T14:34:00.903-0300] {processor.py:842} WARNING - No viable dags retrieved from /Users/davispecia/Documents/GitHub/Pf_pipeline_dados/Projeto_final_fase3/venv/lib/python3.9/site-packages/airflow/example_dags/example_kubernetes_executor.py
[2025-11-27T14:34:00.966-0300] {processor.py:183} INFO - Processing /Users/davispecia/Documents/GitHub/Pf_pipeline_dados/Projeto_final_fase3/venv/lib/python3.9/site-packages/airflow/example_dags/example_kubernetes_executor.py took 0.089 seconds
[2025-11-27T14:36:20.034-0300] {processor.py:161} INFO - Started process (PID=7804) to work on /Users/davispecia/Documents/GitHub/Pf_pipeline_dados/Projeto_final_fase3/venv/lib/python3.9/site-packages/airflow/example_dags/example_kubernetes_executor.py
[2025-11-27T14:36:20.035-0300] {processor.py:830} INFO - Processing file /Users/davispecia/Documents/GitHub/Pf_pipeline_dados/Projeto_final_fase3/venv/lib/python3.9/site-packages/airflow/example_dags/example_kubernetes_executor.py for tasks to queue
[2025-11-27T14:36:20.035-0300] {logging_mixin.py:188} INFO - [2025-11-27T14:36:20.035-0300] {dagbag.py:545} INFO - Filling up the DagBag from /Users/davispecia/Documents/GitHub/Pf_pipeline_dados/Projeto_final_fase3/venv/lib/python3.9/site-packages/airflow/example_dags/example_kubernetes_executor.py
[2025-11-27T14:36:20.063-0300] {logging_mixin.py:188} INFO - [2025-11-27T14:36:20.063-0300] {example_kubernetes_executor.py:39} WARNING - The example_kubernetes_executor example DAG requires the kubernetes provider. Please install it with: pip install apache-airflow[cncf.kubernetes]
[2025-11-27T14:36:20.064-0300] {processor.py:842} WARNING - No viable dags retrieved from /Users/davispecia/Documents/GitHub/Pf_pipeline_dados/Projeto_final_fase3/venv/lib/python3.9/site-packages/airflow/example_dags/example_kubernetes_executor.py
[2025-11-27T14:36:20.140-0300] {processor.py:183} INFO - Processing /Users/davispecia/Documents/GitHub/Pf_pipeline_dados/Projeto_final_fase3/venv/lib/python3.9/site-packages/airflow/example_dags/example_kubernetes_executor.py took 0.109 seconds
[2025-11-27T14:38:35.944-0300] {processor.py:161} INFO - Started process (PID=8139) to work on /Users/davispecia/Documents/GitHub/Pf_pipeline_dados/Projeto_final_fase3/venv/lib/python3.9/site-packages/airflow/example_dags/example_kubernetes_executor.py
[2025-11-27T14:38:35.944-0300] {processor.py:830} INFO - Processing file /Users/davispecia/Documents/GitHub/Pf_pipeline_dados/Projeto_final_fase3/venv/lib/python3.9/site-packages/airflow/example_dags/example_kubernetes_executor.py for tasks to queue
[2025-11-27T14:38:35.945-0300] {logging_mixin.py:188} INFO - [2025-11-27T14:38:35.945-0300] {dagbag.py:545} INFO - Filling up the DagBag from /Users/davispecia/Documents/GitHub/Pf_pipeline_dados/Projeto_final_fase3/venv/lib/python3.9/site-packages/airflow/example_dags/example_kubernetes_executor.py
[2025-11-27T14:38:35.971-0300] {logging_mixin.py:188} INFO - [2025-11-27T14:38:35.971-0300] {example_kubernetes_executor.py:39} WARNING - The example_kubernetes_executor example DAG requires the kubernetes provider. Please install it with: pip install apache-airflow[cncf.kubernetes]
[2025-11-27T14:38:35.971-0300] {processor.py:842} WARNING - No viable dags retrieved from /Users/davispecia/Documents/GitHub/Pf_pipeline_dados/Projeto_final_fase3/venv/lib/python3.9/site-packages/airflow/example_dags/example_kubernetes_executor.py
[2025-11-27T14:38:36.039-0300] {processor.py:183} INFO - Processing /Users/davispecia/Documents/GitHub/Pf_pipeline_dados/Projeto_final_fase3/venv/lib/python3.9/site-packages/airflow/example_dags/example_kubernetes_executor.py took 0.098 seconds
[2025-11-27T14:40:52.946-0300] {processor.py:161} INFO - Started process (PID=8529) to work on /Users/davispecia/Documents/GitHub/Pf_pipeline_dados/Projeto_final_fase3/venv/lib/python3.9/site-packages/airflow/example_dags/example_kubernetes_executor.py
[2025-11-27T14:40:52.946-0300] {processor.py:830} INFO - Processing file /Users/davispecia/Documents/GitHub/Pf_pipeline_dados/Projeto_final_fase3/venv/lib/python3.9/site-packages/airflow/example_dags/example_kubernetes_executor.py for tasks to queue
[2025-11-27T14:40:52.947-0300] {logging_mixin.py:188} INFO - [2025-11-27T14:40:52.947-0300] {dagbag.py:545} INFO - Filling up the DagBag from /Users/davispecia/Documents/GitHub/Pf_pipeline_dados/Projeto_final_fase3/venv/lib/python3.9/site-packages/airflow/example_dags/example_kubernetes_executor.py
[2025-11-27T14:40:52.968-0300] {logging_mixin.py:188} INFO - [2025-11-27T14:40:52.968-0300] {example_kubernetes_executor.py:39} WARNING - The example_kubernetes_executor example DAG requires the kubernetes provider. Please install it with: pip install apache-airflow[cncf.kubernetes]
[2025-11-27T14:40:52.968-0300] {processor.py:842} WARNING - No viable dags retrieved from /Users/davispecia/Documents/GitHub/Pf_pipeline_dados/Projeto_final_fase3/venv/lib/python3.9/site-packages/airflow/example_dags/example_kubernetes_executor.py
[2025-11-27T14:40:53.044-0300] {processor.py:183} INFO - Processing /Users/davispecia/Documents/GitHub/Pf_pipeline_dados/Projeto_final_fase3/venv/lib/python3.9/site-packages/airflow/example_dags/example_kubernetes_executor.py took 0.101 seconds
[2025-11-27T14:42:55.656-0300] {processor.py:161} INFO - Started process (PID=8902) to work on /Users/davispecia/Documents/GitHub/Pf_pipeline_dados/Projeto_final_fase3/venv/lib/python3.9/site-packages/airflow/example_dags/example_kubernetes_executor.py
[2025-11-27T14:42:55.657-0300] {processor.py:830} INFO - Processing file /Users/davispecia/Documents/GitHub/Pf_pipeline_dados/Projeto_final_fase3/venv/lib/python3.9/site-packages/airflow/example_dags/example_kubernetes_executor.py for tasks to queue
[2025-11-27T14:42:55.658-0300] {logging_mixin.py:188} INFO - [2025-11-27T14:42:55.657-0300] {dagbag.py:545} INFO - Filling up the DagBag from /Users/davispecia/Documents/GitHub/Pf_pipeline_dados/Projeto_final_fase3/venv/lib/python3.9/site-packages/airflow/example_dags/example_kubernetes_executor.py
[2025-11-27T14:42:55.677-0300] {logging_mixin.py:188} INFO - [2025-11-27T14:42:55.677-0300] {example_kubernetes_executor.py:39} WARNING - The example_kubernetes_executor example DAG requires the kubernetes provider. Please install it with: pip install apache-airflow[cncf.kubernetes]
[2025-11-27T14:42:55.678-0300] {processor.py:842} WARNING - No viable dags retrieved from /Users/davispecia/Documents/GitHub/Pf_pipeline_dados/Projeto_final_fase3/venv/lib/python3.9/site-packages/airflow/example_dags/example_kubernetes_executor.py
[2025-11-27T14:42:55.743-0300] {processor.py:183} INFO - Processing /Users/davispecia/Documents/GitHub/Pf_pipeline_dados/Projeto_final_fase3/venv/lib/python3.9/site-packages/airflow/example_dags/example_kubernetes_executor.py took 0.089 seconds
[2025-11-27T14:45:13.804-0300] {processor.py:161} INFO - Started process (PID=9358) to work on /Users/davispecia/Documents/GitHub/Pf_pipeline_dados/Projeto_final_fase3/venv/lib/python3.9/site-packages/airflow/example_dags/example_kubernetes_executor.py
[2025-11-27T14:45:13.805-0300] {processor.py:830} INFO - Processing file /Users/davispecia/Documents/GitHub/Pf_pipeline_dados/Projeto_final_fase3/venv/lib/python3.9/site-packages/airflow/example_dags/example_kubernetes_executor.py for tasks to queue
[2025-11-27T14:45:13.806-0300] {logging_mixin.py:188} INFO - [2025-11-27T14:45:13.805-0300] {dagbag.py:545} INFO - Filling up the DagBag from /Users/davispecia/Documents/GitHub/Pf_pipeline_dados/Projeto_final_fase3/venv/lib/python3.9/site-packages/airflow/example_dags/example_kubernetes_executor.py
[2025-11-27T14:45:13.823-0300] {logging_mixin.py:188} INFO - [2025-11-27T14:45:13.823-0300] {example_kubernetes_executor.py:39} WARNING - The example_kubernetes_executor example DAG requires the kubernetes provider. Please install it with: pip install apache-airflow[cncf.kubernetes]
[2025-11-27T14:45:13.823-0300] {processor.py:842} WARNING - No viable dags retrieved from /Users/davispecia/Documents/GitHub/Pf_pipeline_dados/Projeto_final_fase3/venv/lib/python3.9/site-packages/airflow/example_dags/example_kubernetes_executor.py
[2025-11-27T14:45:13.886-0300] {processor.py:183} INFO - Processing /Users/davispecia/Documents/GitHub/Pf_pipeline_dados/Projeto_final_fase3/venv/lib/python3.9/site-packages/airflow/example_dags/example_kubernetes_executor.py took 0.084 seconds
[2025-11-27T14:47:24.830-0300] {processor.py:161} INFO - Started process (PID=9677) to work on /Users/davispecia/Documents/GitHub/Pf_pipeline_dados/Projeto_final_fase3/venv/lib/python3.9/site-packages/airflow/example_dags/example_kubernetes_executor.py
[2025-11-27T14:47:24.831-0300] {processor.py:830} INFO - Processing file /Users/davispecia/Documents/GitHub/Pf_pipeline_dados/Projeto_final_fase3/venv/lib/python3.9/site-packages/airflow/example_dags/example_kubernetes_executor.py for tasks to queue
[2025-11-27T14:47:24.831-0300] {logging_mixin.py:188} INFO - [2025-11-27T14:47:24.831-0300] {dagbag.py:545} INFO - Filling up the DagBag from /Users/davispecia/Documents/GitHub/Pf_pipeline_dados/Projeto_final_fase3/venv/lib/python3.9/site-packages/airflow/example_dags/example_kubernetes_executor.py
[2025-11-27T14:47:24.849-0300] {logging_mixin.py:188} INFO - [2025-11-27T14:47:24.849-0300] {example_kubernetes_executor.py:39} WARNING - The example_kubernetes_executor example DAG requires the kubernetes provider. Please install it with: pip install apache-airflow[cncf.kubernetes]
[2025-11-27T14:47:24.849-0300] {processor.py:842} WARNING - No viable dags retrieved from /Users/davispecia/Documents/GitHub/Pf_pipeline_dados/Projeto_final_fase3/venv/lib/python3.9/site-packages/airflow/example_dags/example_kubernetes_executor.py
[2025-11-27T14:47:24.910-0300] {processor.py:183} INFO - Processing /Users/davispecia/Documents/GitHub/Pf_pipeline_dados/Projeto_final_fase3/venv/lib/python3.9/site-packages/airflow/example_dags/example_kubernetes_executor.py took 0.082 seconds
[2025-11-27T14:49:30.361-0300] {processor.py:161} INFO - Started process (PID=9988) to work on /Users/davispecia/Documents/GitHub/Pf_pipeline_dados/Projeto_final_fase3/venv/lib/python3.9/site-packages/airflow/example_dags/example_kubernetes_executor.py
[2025-11-27T14:49:30.361-0300] {processor.py:830} INFO - Processing file /Users/davispecia/Documents/GitHub/Pf_pipeline_dados/Projeto_final_fase3/venv/lib/python3.9/site-packages/airflow/example_dags/example_kubernetes_executor.py for tasks to queue
[2025-11-27T14:49:30.362-0300] {logging_mixin.py:188} INFO - [2025-11-27T14:49:30.362-0300] {dagbag.py:545} INFO - Filling up the DagBag from /Users/davispecia/Documents/GitHub/Pf_pipeline_dados/Projeto_final_fase3/venv/lib/python3.9/site-packages/airflow/example_dags/example_kubernetes_executor.py
[2025-11-27T14:49:30.380-0300] {logging_mixin.py:188} INFO - [2025-11-27T14:49:30.379-0300] {example_kubernetes_executor.py:39} WARNING - The example_kubernetes_executor example DAG requires the kubernetes provider. Please install it with: pip install apache-airflow[cncf.kubernetes]
[2025-11-27T14:49:30.380-0300] {processor.py:842} WARNING - No viable dags retrieved from /Users/davispecia/Documents/GitHub/Pf_pipeline_dados/Projeto_final_fase3/venv/lib/python3.9/site-packages/airflow/example_dags/example_kubernetes_executor.py
[2025-11-27T14:49:30.440-0300] {processor.py:183} INFO - Processing /Users/davispecia/Documents/GitHub/Pf_pipeline_dados/Projeto_final_fase3/venv/lib/python3.9/site-packages/airflow/example_dags/example_kubernetes_executor.py took 0.081 seconds
[2025-11-27T14:51:50.213-0300] {processor.py:161} INFO - Started process (PID=10378) to work on /Users/davispecia/Documents/GitHub/Pf_pipeline_dados/Projeto_final_fase3/venv/lib/python3.9/site-packages/airflow/example_dags/example_kubernetes_executor.py
[2025-11-27T14:51:50.215-0300] {processor.py:830} INFO - Processing file /Users/davispecia/Documents/GitHub/Pf_pipeline_dados/Projeto_final_fase3/venv/lib/python3.9/site-packages/airflow/example_dags/example_kubernetes_executor.py for tasks to queue
[2025-11-27T14:51:50.215-0300] {logging_mixin.py:188} INFO - [2025-11-27T14:51:50.215-0300] {dagbag.py:545} INFO - Filling up the DagBag from /Users/davispecia/Documents/GitHub/Pf_pipeline_dados/Projeto_final_fase3/venv/lib/python3.9/site-packages/airflow/example_dags/example_kubernetes_executor.py
[2025-11-27T14:51:50.232-0300] {logging_mixin.py:188} INFO - [2025-11-27T14:51:50.232-0300] {example_kubernetes_executor.py:39} WARNING - The example_kubernetes_executor example DAG requires the kubernetes provider. Please install it with: pip install apache-airflow[cncf.kubernetes]
[2025-11-27T14:51:50.232-0300] {processor.py:842} WARNING - No viable dags retrieved from /Users/davispecia/Documents/GitHub/Pf_pipeline_dados/Projeto_final_fase3/venv/lib/python3.9/site-packages/airflow/example_dags/example_kubernetes_executor.py
[2025-11-27T14:51:50.292-0300] {processor.py:183} INFO - Processing /Users/davispecia/Documents/GitHub/Pf_pipeline_dados/Projeto_final_fase3/venv/lib/python3.9/site-packages/airflow/example_dags/example_kubernetes_executor.py took 0.081 seconds
[2025-11-27T14:53:53.390-0300] {processor.py:161} INFO - Started process (PID=10692) to work on /Users/davispecia/Documents/GitHub/Pf_pipeline_dados/Projeto_final_fase3/venv/lib/python3.9/site-packages/airflow/example_dags/example_kubernetes_executor.py
[2025-11-27T14:53:53.390-0300] {processor.py:830} INFO - Processing file /Users/davispecia/Documents/GitHub/Pf_pipeline_dados/Projeto_final_fase3/venv/lib/python3.9/site-packages/airflow/example_dags/example_kubernetes_executor.py for tasks to queue
[2025-11-27T14:53:53.391-0300] {logging_mixin.py:188} INFO - [2025-11-27T14:53:53.391-0300] {dagbag.py:545} INFO - Filling up the DagBag from /Users/davispecia/Documents/GitHub/Pf_pipeline_dados/Projeto_final_fase3/venv/lib/python3.9/site-packages/airflow/example_dags/example_kubernetes_executor.py
[2025-11-27T14:53:53.409-0300] {logging_mixin.py:188} INFO - [2025-11-27T14:53:53.409-0300] {example_kubernetes_executor.py:39} WARNING - The example_kubernetes_executor example DAG requires the kubernetes provider. Please install it with: pip install apache-airflow[cncf.kubernetes]
[2025-11-27T14:53:53.409-0300] {processor.py:842} WARNING - No viable dags retrieved from /Users/davispecia/Documents/GitHub/Pf_pipeline_dados/Projeto_final_fase3/venv/lib/python3.9/site-packages/airflow/example_dags/example_kubernetes_executor.py
[2025-11-27T14:53:53.469-0300] {processor.py:183} INFO - Processing /Users/davispecia/Documents/GitHub/Pf_pipeline_dados/Projeto_final_fase3/venv/lib/python3.9/site-packages/airflow/example_dags/example_kubernetes_executor.py took 0.081 seconds
[2025-11-27T14:56:07.350-0300] {processor.py:161} INFO - Started process (PID=11072) to work on /Users/davispecia/Documents/GitHub/Pf_pipeline_dados/Projeto_final_fase3/venv/lib/python3.9/site-packages/airflow/example_dags/example_kubernetes_executor.py
[2025-11-27T14:56:07.352-0300] {processor.py:830} INFO - Processing file /Users/davispecia/Documents/GitHub/Pf_pipeline_dados/Projeto_final_fase3/venv/lib/python3.9/site-packages/airflow/example_dags/example_kubernetes_executor.py for tasks to queue
[2025-11-27T14:56:07.352-0300] {logging_mixin.py:188} INFO - [2025-11-27T14:56:07.352-0300] {dagbag.py:545} INFO - Filling up the DagBag from /Users/davispecia/Documents/GitHub/Pf_pipeline_dados/Projeto_final_fase3/venv/lib/python3.9/site-packages/airflow/example_dags/example_kubernetes_executor.py
[2025-11-27T14:56:07.368-0300] {logging_mixin.py:188} INFO - [2025-11-27T14:56:07.368-0300] {example_kubernetes_executor.py:39} WARNING - The example_kubernetes_executor example DAG requires the kubernetes provider. Please install it with: pip install apache-airflow[cncf.kubernetes]
[2025-11-27T14:56:07.368-0300] {processor.py:842} WARNING - No viable dags retrieved from /Users/davispecia/Documents/GitHub/Pf_pipeline_dados/Projeto_final_fase3/venv/lib/python3.9/site-packages/airflow/example_dags/example_kubernetes_executor.py
[2025-11-27T14:56:07.429-0300] {processor.py:183} INFO - Processing /Users/davispecia/Documents/GitHub/Pf_pipeline_dados/Projeto_final_fase3/venv/lib/python3.9/site-packages/airflow/example_dags/example_kubernetes_executor.py took 0.081 seconds
[2025-11-27T14:58:15.415-0300] {processor.py:161} INFO - Started process (PID=11387) to work on /Users/davispecia/Documents/GitHub/Pf_pipeline_dados/Projeto_final_fase3/venv/lib/python3.9/site-packages/airflow/example_dags/example_kubernetes_executor.py
[2025-11-27T14:58:15.416-0300] {processor.py:830} INFO - Processing file /Users/davispecia/Documents/GitHub/Pf_pipeline_dados/Projeto_final_fase3/venv/lib/python3.9/site-packages/airflow/example_dags/example_kubernetes_executor.py for tasks to queue
[2025-11-27T14:58:15.416-0300] {logging_mixin.py:188} INFO - [2025-11-27T14:58:15.416-0300] {dagbag.py:545} INFO - Filling up the DagBag from /Users/davispecia/Documents/GitHub/Pf_pipeline_dados/Projeto_final_fase3/venv/lib/python3.9/site-packages/airflow/example_dags/example_kubernetes_executor.py
[2025-11-27T14:58:15.434-0300] {logging_mixin.py:188} INFO - [2025-11-27T14:58:15.434-0300] {example_kubernetes_executor.py:39} WARNING - The example_kubernetes_executor example DAG requires the kubernetes provider. Please install it with: pip install apache-airflow[cncf.kubernetes]
[2025-11-27T14:58:15.435-0300] {processor.py:842} WARNING - No viable dags retrieved from /Users/davispecia/Documents/GitHub/Pf_pipeline_dados/Projeto_final_fase3/venv/lib/python3.9/site-packages/airflow/example_dags/example_kubernetes_executor.py
[2025-11-27T14:58:15.496-0300] {processor.py:183} INFO - Processing /Users/davispecia/Documents/GitHub/Pf_pipeline_dados/Projeto_final_fase3/venv/lib/python3.9/site-packages/airflow/example_dags/example_kubernetes_executor.py took 0.083 seconds
[2025-11-27T15:00:20.695-0300] {processor.py:161} INFO - Started process (PID=11688) to work on /Users/davispecia/Documents/GitHub/Pf_pipeline_dados/Projeto_final_fase3/venv/lib/python3.9/site-packages/airflow/example_dags/example_kubernetes_executor.py
[2025-11-27T15:00:20.696-0300] {processor.py:830} INFO - Processing file /Users/davispecia/Documents/GitHub/Pf_pipeline_dados/Projeto_final_fase3/venv/lib/python3.9/site-packages/airflow/example_dags/example_kubernetes_executor.py for tasks to queue
[2025-11-27T15:00:20.697-0300] {logging_mixin.py:188} INFO - [2025-11-27T15:00:20.696-0300] {dagbag.py:545} INFO - Filling up the DagBag from /Users/davispecia/Documents/GitHub/Pf_pipeline_dados/Projeto_final_fase3/venv/lib/python3.9/site-packages/airflow/example_dags/example_kubernetes_executor.py
[2025-11-27T15:00:20.714-0300] {logging_mixin.py:188} INFO - [2025-11-27T15:00:20.714-0300] {example_kubernetes_executor.py:39} WARNING - The example_kubernetes_executor example DAG requires the kubernetes provider. Please install it with: pip install apache-airflow[cncf.kubernetes]
[2025-11-27T15:00:20.714-0300] {processor.py:842} WARNING - No viable dags retrieved from /Users/davispecia/Documents/GitHub/Pf_pipeline_dados/Projeto_final_fase3/venv/lib/python3.9/site-packages/airflow/example_dags/example_kubernetes_executor.py
[2025-11-27T15:00:20.774-0300] {processor.py:183} INFO - Processing /Users/davispecia/Documents/GitHub/Pf_pipeline_dados/Projeto_final_fase3/venv/lib/python3.9/site-packages/airflow/example_dags/example_kubernetes_executor.py took 0.081 seconds
[2025-11-27T15:02:38.459-0300] {processor.py:161} INFO - Started process (PID=12073) to work on /Users/davispecia/Documents/GitHub/Pf_pipeline_dados/Projeto_final_fase3/venv/lib/python3.9/site-packages/airflow/example_dags/example_kubernetes_executor.py
[2025-11-27T15:02:38.460-0300] {processor.py:830} INFO - Processing file /Users/davispecia/Documents/GitHub/Pf_pipeline_dados/Projeto_final_fase3/venv/lib/python3.9/site-packages/airflow/example_dags/example_kubernetes_executor.py for tasks to queue
[2025-11-27T15:02:38.461-0300] {logging_mixin.py:188} INFO - [2025-11-27T15:02:38.460-0300] {dagbag.py:545} INFO - Filling up the DagBag from /Users/davispecia/Documents/GitHub/Pf_pipeline_dados/Projeto_final_fase3/venv/lib/python3.9/site-packages/airflow/example_dags/example_kubernetes_executor.py
[2025-11-27T15:02:38.479-0300] {logging_mixin.py:188} INFO - [2025-11-27T15:02:38.479-0300] {example_kubernetes_executor.py:39} WARNING - The example_kubernetes_executor example DAG requires the kubernetes provider. Please install it with: pip install apache-airflow[cncf.kubernetes]
[2025-11-27T15:02:38.479-0300] {processor.py:842} WARNING - No viable dags retrieved from /Users/davispecia/Documents/GitHub/Pf_pipeline_dados/Projeto_final_fase3/venv/lib/python3.9/site-packages/airflow/example_dags/example_kubernetes_executor.py
[2025-11-27T15:02:38.542-0300] {processor.py:183} INFO - Processing /Users/davispecia/Documents/GitHub/Pf_pipeline_dados/Projeto_final_fase3/venv/lib/python3.9/site-packages/airflow/example_dags/example_kubernetes_executor.py took 0.085 seconds
[2025-11-27T15:04:43.699-0300] {processor.py:161} INFO - Started process (PID=12373) to work on /Users/davispecia/Documents/GitHub/Pf_pipeline_dados/Projeto_final_fase3/venv/lib/python3.9/site-packages/airflow/example_dags/example_kubernetes_executor.py
[2025-11-27T15:04:43.700-0300] {processor.py:830} INFO - Processing file /Users/davispecia/Documents/GitHub/Pf_pipeline_dados/Projeto_final_fase3/venv/lib/python3.9/site-packages/airflow/example_dags/example_kubernetes_executor.py for tasks to queue
[2025-11-27T15:04:43.701-0300] {logging_mixin.py:188} INFO - [2025-11-27T15:04:43.701-0300] {dagbag.py:545} INFO - Filling up the DagBag from /Users/davispecia/Documents/GitHub/Pf_pipeline_dados/Projeto_final_fase3/venv/lib/python3.9/site-packages/airflow/example_dags/example_kubernetes_executor.py
[2025-11-27T15:04:43.719-0300] {logging_mixin.py:188} INFO - [2025-11-27T15:04:43.719-0300] {example_kubernetes_executor.py:39} WARNING - The example_kubernetes_executor example DAG requires the kubernetes provider. Please install it with: pip install apache-airflow[cncf.kubernetes]
[2025-11-27T15:04:43.719-0300] {processor.py:842} WARNING - No viable dags retrieved from /Users/davispecia/Documents/GitHub/Pf_pipeline_dados/Projeto_final_fase3/venv/lib/python3.9/site-packages/airflow/example_dags/example_kubernetes_executor.py
[2025-11-27T15:04:43.779-0300] {processor.py:183} INFO - Processing /Users/davispecia/Documents/GitHub/Pf_pipeline_dados/Projeto_final_fase3/venv/lib/python3.9/site-packages/airflow/example_dags/example_kubernetes_executor.py took 0.082 seconds
[2025-11-27T15:06:51.831-0300] {processor.py:161} INFO - Started process (PID=12691) to work on /Users/davispecia/Documents/GitHub/Pf_pipeline_dados/Projeto_final_fase3/venv/lib/python3.9/site-packages/airflow/example_dags/example_kubernetes_executor.py
[2025-11-27T15:06:51.831-0300] {processor.py:830} INFO - Processing file /Users/davispecia/Documents/GitHub/Pf_pipeline_dados/Projeto_final_fase3/venv/lib/python3.9/site-packages/airflow/example_dags/example_kubernetes_executor.py for tasks to queue
[2025-11-27T15:06:51.832-0300] {logging_mixin.py:188} INFO - [2025-11-27T15:06:51.832-0300] {dagbag.py:545} INFO - Filling up the DagBag from /Users/davispecia/Documents/GitHub/Pf_pipeline_dados/Projeto_final_fase3/venv/lib/python3.9/site-packages/airflow/example_dags/example_kubernetes_executor.py
[2025-11-27T15:06:51.848-0300] {logging_mixin.py:188} INFO - [2025-11-27T15:06:51.848-0300] {example_kubernetes_executor.py:39} WARNING - The example_kubernetes_executor example DAG requires the kubernetes provider. Please install it with: pip install apache-airflow[cncf.kubernetes]
[2025-11-27T15:06:51.848-0300] {processor.py:842} WARNING - No viable dags retrieved from /Users/davispecia/Documents/GitHub/Pf_pipeline_dados/Projeto_final_fase3/venv/lib/python3.9/site-packages/airflow/example_dags/example_kubernetes_executor.py
[2025-11-27T15:06:51.909-0300] {processor.py:183} INFO - Processing /Users/davispecia/Documents/GitHub/Pf_pipeline_dados/Projeto_final_fase3/venv/lib/python3.9/site-packages/airflow/example_dags/example_kubernetes_executor.py took 0.080 seconds
[2025-11-27T15:09:06.761-0300] {processor.py:161} INFO - Started process (PID=13067) to work on /Users/davispecia/Documents/GitHub/Pf_pipeline_dados/Projeto_final_fase3/venv/lib/python3.9/site-packages/airflow/example_dags/example_kubernetes_executor.py
[2025-11-27T15:09:06.761-0300] {processor.py:830} INFO - Processing file /Users/davispecia/Documents/GitHub/Pf_pipeline_dados/Projeto_final_fase3/venv/lib/python3.9/site-packages/airflow/example_dags/example_kubernetes_executor.py for tasks to queue
[2025-11-27T15:09:06.762-0300] {logging_mixin.py:188} INFO - [2025-11-27T15:09:06.762-0300] {dagbag.py:545} INFO - Filling up the DagBag from /Users/davispecia/Documents/GitHub/Pf_pipeline_dados/Projeto_final_fase3/venv/lib/python3.9/site-packages/airflow/example_dags/example_kubernetes_executor.py
[2025-11-27T15:09:06.780-0300] {logging_mixin.py:188} INFO - [2025-11-27T15:09:06.780-0300] {example_kubernetes_executor.py:39} WARNING - The example_kubernetes_executor example DAG requires the kubernetes provider. Please install it with: pip install apache-airflow[cncf.kubernetes]
[2025-11-27T15:09:06.780-0300] {processor.py:842} WARNING - No viable dags retrieved from /Users/davispecia/Documents/GitHub/Pf_pipeline_dados/Projeto_final_fase3/venv/lib/python3.9/site-packages/airflow/example_dags/example_kubernetes_executor.py
[2025-11-27T15:09:06.842-0300] {processor.py:183} INFO - Processing /Users/davispecia/Documents/GitHub/Pf_pipeline_dados/Projeto_final_fase3/venv/lib/python3.9/site-packages/airflow/example_dags/example_kubernetes_executor.py took 0.084 seconds
[2025-11-27T15:11:12.600-0300] {processor.py:161} INFO - Started process (PID=13364) to work on /Users/davispecia/Documents/GitHub/Pf_pipeline_dados/Projeto_final_fase3/venv/lib/python3.9/site-packages/airflow/example_dags/example_kubernetes_executor.py
[2025-11-27T15:11:12.602-0300] {processor.py:830} INFO - Processing file /Users/davispecia/Documents/GitHub/Pf_pipeline_dados/Projeto_final_fase3/venv/lib/python3.9/site-packages/airflow/example_dags/example_kubernetes_executor.py for tasks to queue
[2025-11-27T15:11:12.602-0300] {logging_mixin.py:188} INFO - [2025-11-27T15:11:12.602-0300] {dagbag.py:545} INFO - Filling up the DagBag from /Users/davispecia/Documents/GitHub/Pf_pipeline_dados/Projeto_final_fase3/venv/lib/python3.9/site-packages/airflow/example_dags/example_kubernetes_executor.py
[2025-11-27T15:11:12.629-0300] {logging_mixin.py:188} INFO - [2025-11-27T15:11:12.629-0300] {example_kubernetes_executor.py:39} WARNING - The example_kubernetes_executor example DAG requires the kubernetes provider. Please install it with: pip install apache-airflow[cncf.kubernetes]
[2025-11-27T15:11:12.629-0300] {processor.py:842} WARNING - No viable dags retrieved from /Users/davispecia/Documents/GitHub/Pf_pipeline_dados/Projeto_final_fase3/venv/lib/python3.9/site-packages/airflow/example_dags/example_kubernetes_executor.py
[2025-11-27T15:11:12.692-0300] {processor.py:183} INFO - Processing /Users/davispecia/Documents/GitHub/Pf_pipeline_dados/Projeto_final_fase3/venv/lib/python3.9/site-packages/airflow/example_dags/example_kubernetes_executor.py took 0.094 seconds
[2025-11-27T15:13:26.868-0300] {processor.py:161} INFO - Started process (PID=13838) to work on /Users/davispecia/Documents/GitHub/Pf_pipeline_dados/Projeto_final_fase3/venv/lib/python3.9/site-packages/airflow/example_dags/example_kubernetes_executor.py
[2025-11-27T15:13:26.869-0300] {processor.py:830} INFO - Processing file /Users/davispecia/Documents/GitHub/Pf_pipeline_dados/Projeto_final_fase3/venv/lib/python3.9/site-packages/airflow/example_dags/example_kubernetes_executor.py for tasks to queue
[2025-11-27T15:13:26.870-0300] {logging_mixin.py:188} INFO - [2025-11-27T15:13:26.870-0300] {dagbag.py:545} INFO - Filling up the DagBag from /Users/davispecia/Documents/GitHub/Pf_pipeline_dados/Projeto_final_fase3/venv/lib/python3.9/site-packages/airflow/example_dags/example_kubernetes_executor.py
[2025-11-27T15:13:26.886-0300] {logging_mixin.py:188} INFO - [2025-11-27T15:13:26.886-0300] {example_kubernetes_executor.py:39} WARNING - The example_kubernetes_executor example DAG requires the kubernetes provider. Please install it with: pip install apache-airflow[cncf.kubernetes]
[2025-11-27T15:13:26.886-0300] {processor.py:842} WARNING - No viable dags retrieved from /Users/davispecia/Documents/GitHub/Pf_pipeline_dados/Projeto_final_fase3/venv/lib/python3.9/site-packages/airflow/example_dags/example_kubernetes_executor.py
[2025-11-27T15:13:26.946-0300] {processor.py:183} INFO - Processing /Users/davispecia/Documents/GitHub/Pf_pipeline_dados/Projeto_final_fase3/venv/lib/python3.9/site-packages/airflow/example_dags/example_kubernetes_executor.py took 0.080 seconds
[2025-11-27T15:15:22.424-0300] {processor.py:161} INFO - Started process (PID=14118) to work on /Users/davispecia/Documents/GitHub/Pf_pipeline_dados/Projeto_final_fase3/venv/lib/python3.9/site-packages/airflow/example_dags/example_kubernetes_executor.py
[2025-11-27T15:15:22.425-0300] {processor.py:830} INFO - Processing file /Users/davispecia/Documents/GitHub/Pf_pipeline_dados/Projeto_final_fase3/venv/lib/python3.9/site-packages/airflow/example_dags/example_kubernetes_executor.py for tasks to queue
[2025-11-27T15:15:22.425-0300] {logging_mixin.py:188} INFO - [2025-11-27T15:15:22.425-0300] {dagbag.py:545} INFO - Filling up the DagBag from /Users/davispecia/Documents/GitHub/Pf_pipeline_dados/Projeto_final_fase3/venv/lib/python3.9/site-packages/airflow/example_dags/example_kubernetes_executor.py
[2025-11-27T15:15:22.441-0300] {logging_mixin.py:188} INFO - [2025-11-27T15:15:22.441-0300] {example_kubernetes_executor.py:39} WARNING - The example_kubernetes_executor example DAG requires the kubernetes provider. Please install it with: pip install apache-airflow[cncf.kubernetes]
[2025-11-27T15:15:22.441-0300] {processor.py:842} WARNING - No viable dags retrieved from /Users/davispecia/Documents/GitHub/Pf_pipeline_dados/Projeto_final_fase3/venv/lib/python3.9/site-packages/airflow/example_dags/example_kubernetes_executor.py
[2025-11-27T15:15:22.504-0300] {processor.py:183} INFO - Processing /Users/davispecia/Documents/GitHub/Pf_pipeline_dados/Projeto_final_fase3/venv/lib/python3.9/site-packages/airflow/example_dags/example_kubernetes_executor.py took 0.082 seconds
[2025-11-27T15:17:23.645-0300] {processor.py:161} INFO - Started process (PID=14411) to work on /Users/davispecia/Documents/GitHub/Pf_pipeline_dados/Projeto_final_fase3/venv/lib/python3.9/site-packages/airflow/example_dags/example_kubernetes_executor.py
[2025-11-27T15:17:23.646-0300] {processor.py:830} INFO - Processing file /Users/davispecia/Documents/GitHub/Pf_pipeline_dados/Projeto_final_fase3/venv/lib/python3.9/site-packages/airflow/example_dags/example_kubernetes_executor.py for tasks to queue
[2025-11-27T15:17:23.646-0300] {logging_mixin.py:188} INFO - [2025-11-27T15:17:23.646-0300] {dagbag.py:545} INFO - Filling up the DagBag from /Users/davispecia/Documents/GitHub/Pf_pipeline_dados/Projeto_final_fase3/venv/lib/python3.9/site-packages/airflow/example_dags/example_kubernetes_executor.py
[2025-11-27T15:17:23.664-0300] {logging_mixin.py:188} INFO - [2025-11-27T15:17:23.664-0300] {example_kubernetes_executor.py:39} WARNING - The example_kubernetes_executor example DAG requires the kubernetes provider. Please install it with: pip install apache-airflow[cncf.kubernetes]
[2025-11-27T15:17:23.664-0300] {processor.py:842} WARNING - No viable dags retrieved from /Users/davispecia/Documents/GitHub/Pf_pipeline_dados/Projeto_final_fase3/venv/lib/python3.9/site-packages/airflow/example_dags/example_kubernetes_executor.py
[2025-11-27T15:17:23.727-0300] {processor.py:183} INFO - Processing /Users/davispecia/Documents/GitHub/Pf_pipeline_dados/Projeto_final_fase3/venv/lib/python3.9/site-packages/airflow/example_dags/example_kubernetes_executor.py took 0.085 seconds
[2025-11-27T15:19:32.317-0300] {processor.py:161} INFO - Started process (PID=14788) to work on /Users/davispecia/Documents/GitHub/Pf_pipeline_dados/Projeto_final_fase3/venv/lib/python3.9/site-packages/airflow/example_dags/example_kubernetes_executor.py
[2025-11-27T15:19:32.318-0300] {processor.py:830} INFO - Processing file /Users/davispecia/Documents/GitHub/Pf_pipeline_dados/Projeto_final_fase3/venv/lib/python3.9/site-packages/airflow/example_dags/example_kubernetes_executor.py for tasks to queue
[2025-11-27T15:19:32.319-0300] {logging_mixin.py:188} INFO - [2025-11-27T15:19:32.319-0300] {dagbag.py:545} INFO - Filling up the DagBag from /Users/davispecia/Documents/GitHub/Pf_pipeline_dados/Projeto_final_fase3/venv/lib/python3.9/site-packages/airflow/example_dags/example_kubernetes_executor.py
[2025-11-27T15:19:32.335-0300] {logging_mixin.py:188} INFO - [2025-11-27T15:19:32.335-0300] {example_kubernetes_executor.py:39} WARNING - The example_kubernetes_executor example DAG requires the kubernetes provider. Please install it with: pip install apache-airflow[cncf.kubernetes]
[2025-11-27T15:19:32.335-0300] {processor.py:842} WARNING - No viable dags retrieved from /Users/davispecia/Documents/GitHub/Pf_pipeline_dados/Projeto_final_fase3/venv/lib/python3.9/site-packages/airflow/example_dags/example_kubernetes_executor.py
[2025-11-27T15:19:32.396-0300] {processor.py:183} INFO - Processing /Users/davispecia/Documents/GitHub/Pf_pipeline_dados/Projeto_final_fase3/venv/lib/python3.9/site-packages/airflow/example_dags/example_kubernetes_executor.py took 0.082 seconds
[2025-11-27T15:25:19.154-0300] {processor.py:161} INFO - Started process (PID=15237) to work on /Users/davispecia/Documents/GitHub/Pf_pipeline_dados/Projeto_final_fase3/venv/lib/python3.9/site-packages/airflow/example_dags/example_kubernetes_executor.py
[2025-11-27T15:25:19.156-0300] {processor.py:830} INFO - Processing file /Users/davispecia/Documents/GitHub/Pf_pipeline_dados/Projeto_final_fase3/venv/lib/python3.9/site-packages/airflow/example_dags/example_kubernetes_executor.py for tasks to queue
[2025-11-27T15:25:19.156-0300] {logging_mixin.py:188} INFO - [2025-11-27T15:25:19.156-0300] {dagbag.py:545} INFO - Filling up the DagBag from /Users/davispecia/Documents/GitHub/Pf_pipeline_dados/Projeto_final_fase3/venv/lib/python3.9/site-packages/airflow/example_dags/example_kubernetes_executor.py
[2025-11-27T15:25:19.172-0300] {logging_mixin.py:188} INFO - [2025-11-27T15:25:19.172-0300] {example_kubernetes_executor.py:39} WARNING - The example_kubernetes_executor example DAG requires the kubernetes provider. Please install it with: pip install apache-airflow[cncf.kubernetes]
[2025-11-27T15:25:19.172-0300] {processor.py:842} WARNING - No viable dags retrieved from /Users/davispecia/Documents/GitHub/Pf_pipeline_dados/Projeto_final_fase3/venv/lib/python3.9/site-packages/airflow/example_dags/example_kubernetes_executor.py
[2025-11-27T15:25:19.254-0300] {processor.py:183} INFO - Processing /Users/davispecia/Documents/GitHub/Pf_pipeline_dados/Projeto_final_fase3/venv/lib/python3.9/site-packages/airflow/example_dags/example_kubernetes_executor.py took 0.102 seconds
