[2025-11-27T11:12:26.545-0300] {processor.py:161} INFO - Started process (PID=88893) to work on /Users/davispecia/Documents/GitHub/Pf_pipeline_dados/Projeto_final_fase3/venv/lib/python3.9/site-packages/airflow/example_dags/example_sensors.py
[2025-11-27T11:12:26.545-0300] {processor.py:830} INFO - Processing file /Users/davispecia/Documents/GitHub/Pf_pipeline_dados/Projeto_final_fase3/venv/lib/python3.9/site-packages/airflow/example_dags/example_sensors.py for tasks to queue
[2025-11-27T11:12:26.546-0300] {logging_mixin.py:188} INFO - [2025-11-27T11:12:26.546-0300] {dagbag.py:545} INFO - Filling up the DagBag from /Users/davispecia/Documents/GitHub/Pf_pipeline_dados/Projeto_final_fase3/venv/lib/python3.9/site-packages/airflow/example_dags/example_sensors.py
[2025-11-27T11:12:26.553-0300] {processor.py:840} INFO - DAG(s) 'example_sensors' retrieved from /Users/davispecia/Documents/GitHub/Pf_pipeline_dados/Projeto_final_fase3/venv/lib/python3.9/site-packages/airflow/example_dags/example_sensors.py
[2025-11-27T11:12:26.684-0300] {logging_mixin.py:188} INFO - [2025-11-27T11:12:26.683-0300] {override.py:1858} INFO - Created Permission View: can read on DAG:example_sensors
[2025-11-27T11:12:26.688-0300] {logging_mixin.py:188} INFO - [2025-11-27T11:12:26.688-0300] {override.py:1858} INFO - Created Permission View: can delete on DAG:example_sensors
[2025-11-27T11:12:26.690-0300] {logging_mixin.py:188} INFO - [2025-11-27T11:12:26.690-0300] {override.py:1858} INFO - Created Permission View: can edit on DAG:example_sensors
[2025-11-27T11:12:26.691-0300] {logging_mixin.py:188} INFO - [2025-11-27T11:12:26.691-0300] {dag.py:3089} INFO - Sync 1 DAGs
[2025-11-27T11:12:26.696-0300] {logging_mixin.py:188} INFO - [2025-11-27T11:12:26.696-0300] {dag.py:3111} INFO - Creating ORM DAG for example_sensors
[2025-11-27T11:12:26.696-0300] {logging_mixin.py:188} INFO - [2025-11-27T11:12:26.696-0300] {dag.py:3947} INFO - Setting next_dagrun for example_sensors to None, run_after=None
[2025-11-27T11:12:26.704-0300] {processor.py:183} INFO - Processing /Users/davispecia/Documents/GitHub/Pf_pipeline_dados/Projeto_final_fase3/venv/lib/python3.9/site-packages/airflow/example_dags/example_sensors.py took 0.162 seconds
[2025-11-27T11:14:08.682-0300] {processor.py:161} INFO - Started process (PID=89469) to work on /Users/davispecia/Documents/GitHub/Pf_pipeline_dados/Projeto_final_fase3/venv/lib/python3.9/site-packages/airflow/example_dags/example_sensors.py
[2025-11-27T11:14:08.682-0300] {processor.py:830} INFO - Processing file /Users/davispecia/Documents/GitHub/Pf_pipeline_dados/Projeto_final_fase3/venv/lib/python3.9/site-packages/airflow/example_dags/example_sensors.py for tasks to queue
[2025-11-27T11:14:08.682-0300] {logging_mixin.py:188} INFO - [2025-11-27T11:14:08.682-0300] {dagbag.py:545} INFO - Filling up the DagBag from /Users/davispecia/Documents/GitHub/Pf_pipeline_dados/Projeto_final_fase3/venv/lib/python3.9/site-packages/airflow/example_dags/example_sensors.py
[2025-11-27T11:14:08.690-0300] {processor.py:840} INFO - DAG(s) 'example_sensors' retrieved from /Users/davispecia/Documents/GitHub/Pf_pipeline_dados/Projeto_final_fase3/venv/lib/python3.9/site-packages/airflow/example_dags/example_sensors.py
[2025-11-27T11:14:08.769-0300] {logging_mixin.py:188} INFO - [2025-11-27T11:14:08.769-0300] {dag.py:3089} INFO - Sync 1 DAGs
[2025-11-27T11:14:08.774-0300] {logging_mixin.py:188} INFO - [2025-11-27T11:14:08.774-0300] {dag.py:3947} INFO - Setting next_dagrun for example_sensors to None, run_after=None
[2025-11-27T11:14:08.786-0300] {processor.py:183} INFO - Processing /Users/davispecia/Documents/GitHub/Pf_pipeline_dados/Projeto_final_fase3/venv/lib/python3.9/site-packages/airflow/example_dags/example_sensors.py took 0.107 seconds
[2025-11-27T11:17:35.127-0300] {processor.py:161} INFO - Started process (PID=91005) to work on /Users/davispecia/Documents/GitHub/Pf_pipeline_dados/Projeto_final_fase3/venv/lib/python3.9/site-packages/airflow/example_dags/example_sensors.py
[2025-11-27T11:17:35.129-0300] {processor.py:830} INFO - Processing file /Users/davispecia/Documents/GitHub/Pf_pipeline_dados/Projeto_final_fase3/venv/lib/python3.9/site-packages/airflow/example_dags/example_sensors.py for tasks to queue
[2025-11-27T11:17:35.129-0300] {logging_mixin.py:188} INFO - [2025-11-27T11:17:35.129-0300] {dagbag.py:545} INFO - Filling up the DagBag from /Users/davispecia/Documents/GitHub/Pf_pipeline_dados/Projeto_final_fase3/venv/lib/python3.9/site-packages/airflow/example_dags/example_sensors.py
[2025-11-27T11:17:35.137-0300] {processor.py:840} INFO - DAG(s) 'example_sensors' retrieved from /Users/davispecia/Documents/GitHub/Pf_pipeline_dados/Projeto_final_fase3/venv/lib/python3.9/site-packages/airflow/example_dags/example_sensors.py
[2025-11-27T11:17:35.217-0300] {logging_mixin.py:188} INFO - [2025-11-27T11:17:35.217-0300] {dag.py:3089} INFO - Sync 1 DAGs
[2025-11-27T11:17:35.222-0300] {logging_mixin.py:188} INFO - [2025-11-27T11:17:35.222-0300] {dag.py:3947} INFO - Setting next_dagrun for example_sensors to None, run_after=None
[2025-11-27T11:17:35.232-0300] {processor.py:183} INFO - Processing /Users/davispecia/Documents/GitHub/Pf_pipeline_dados/Projeto_final_fase3/venv/lib/python3.9/site-packages/airflow/example_dags/example_sensors.py took 0.106 seconds
[2025-11-27T11:19:51.183-0300] {processor.py:161} INFO - Started process (PID=91393) to work on /Users/davispecia/Documents/GitHub/Pf_pipeline_dados/Projeto_final_fase3/venv/lib/python3.9/site-packages/airflow/example_dags/example_sensors.py
[2025-11-27T11:19:51.184-0300] {processor.py:830} INFO - Processing file /Users/davispecia/Documents/GitHub/Pf_pipeline_dados/Projeto_final_fase3/venv/lib/python3.9/site-packages/airflow/example_dags/example_sensors.py for tasks to queue
[2025-11-27T11:19:51.185-0300] {logging_mixin.py:188} INFO - [2025-11-27T11:19:51.184-0300] {dagbag.py:545} INFO - Filling up the DagBag from /Users/davispecia/Documents/GitHub/Pf_pipeline_dados/Projeto_final_fase3/venv/lib/python3.9/site-packages/airflow/example_dags/example_sensors.py
[2025-11-27T11:19:51.193-0300] {processor.py:840} INFO - DAG(s) 'example_sensors' retrieved from /Users/davispecia/Documents/GitHub/Pf_pipeline_dados/Projeto_final_fase3/venv/lib/python3.9/site-packages/airflow/example_dags/example_sensors.py
[2025-11-27T11:19:51.271-0300] {logging_mixin.py:188} INFO - [2025-11-27T11:19:51.271-0300] {dag.py:3089} INFO - Sync 1 DAGs
[2025-11-27T11:19:51.276-0300] {logging_mixin.py:188} INFO - [2025-11-27T11:19:51.276-0300] {dag.py:3947} INFO - Setting next_dagrun for example_sensors to None, run_after=None
[2025-11-27T11:19:51.285-0300] {processor.py:183} INFO - Processing /Users/davispecia/Documents/GitHub/Pf_pipeline_dados/Projeto_final_fase3/venv/lib/python3.9/site-packages/airflow/example_dags/example_sensors.py took 0.104 seconds
[2025-11-27T11:21:55.369-0300] {processor.py:161} INFO - Started process (PID=91701) to work on /Users/davispecia/Documents/GitHub/Pf_pipeline_dados/Projeto_final_fase3/venv/lib/python3.9/site-packages/airflow/example_dags/example_sensors.py
[2025-11-27T11:21:55.370-0300] {processor.py:830} INFO - Processing file /Users/davispecia/Documents/GitHub/Pf_pipeline_dados/Projeto_final_fase3/venv/lib/python3.9/site-packages/airflow/example_dags/example_sensors.py for tasks to queue
[2025-11-27T11:21:55.370-0300] {logging_mixin.py:188} INFO - [2025-11-27T11:21:55.370-0300] {dagbag.py:545} INFO - Filling up the DagBag from /Users/davispecia/Documents/GitHub/Pf_pipeline_dados/Projeto_final_fase3/venv/lib/python3.9/site-packages/airflow/example_dags/example_sensors.py
[2025-11-27T11:21:55.378-0300] {processor.py:840} INFO - DAG(s) 'example_sensors' retrieved from /Users/davispecia/Documents/GitHub/Pf_pipeline_dados/Projeto_final_fase3/venv/lib/python3.9/site-packages/airflow/example_dags/example_sensors.py
[2025-11-27T11:21:55.456-0300] {logging_mixin.py:188} INFO - [2025-11-27T11:21:55.456-0300] {dag.py:3089} INFO - Sync 1 DAGs
[2025-11-27T11:21:55.461-0300] {logging_mixin.py:188} INFO - [2025-11-27T11:21:55.461-0300] {dag.py:3947} INFO - Setting next_dagrun for example_sensors to None, run_after=None
[2025-11-27T11:21:55.471-0300] {processor.py:183} INFO - Processing /Users/davispecia/Documents/GitHub/Pf_pipeline_dados/Projeto_final_fase3/venv/lib/python3.9/site-packages/airflow/example_dags/example_sensors.py took 0.104 seconds
[2025-11-27T11:23:59.127-0300] {processor.py:161} INFO - Started process (PID=92004) to work on /Users/davispecia/Documents/GitHub/Pf_pipeline_dados/Projeto_final_fase3/venv/lib/python3.9/site-packages/airflow/example_dags/example_sensors.py
[2025-11-27T11:23:59.128-0300] {processor.py:830} INFO - Processing file /Users/davispecia/Documents/GitHub/Pf_pipeline_dados/Projeto_final_fase3/venv/lib/python3.9/site-packages/airflow/example_dags/example_sensors.py for tasks to queue
[2025-11-27T11:23:59.128-0300] {logging_mixin.py:188} INFO - [2025-11-27T11:23:59.128-0300] {dagbag.py:545} INFO - Filling up the DagBag from /Users/davispecia/Documents/GitHub/Pf_pipeline_dados/Projeto_final_fase3/venv/lib/python3.9/site-packages/airflow/example_dags/example_sensors.py
[2025-11-27T11:23:59.136-0300] {processor.py:840} INFO - DAG(s) 'example_sensors' retrieved from /Users/davispecia/Documents/GitHub/Pf_pipeline_dados/Projeto_final_fase3/venv/lib/python3.9/site-packages/airflow/example_dags/example_sensors.py
[2025-11-27T11:23:59.212-0300] {logging_mixin.py:188} INFO - [2025-11-27T11:23:59.212-0300] {dag.py:3089} INFO - Sync 1 DAGs
[2025-11-27T11:23:59.217-0300] {logging_mixin.py:188} INFO - [2025-11-27T11:23:59.217-0300] {dag.py:3947} INFO - Setting next_dagrun for example_sensors to None, run_after=None
[2025-11-27T11:23:59.227-0300] {processor.py:183} INFO - Processing /Users/davispecia/Documents/GitHub/Pf_pipeline_dados/Projeto_final_fase3/venv/lib/python3.9/site-packages/airflow/example_dags/example_sensors.py took 0.102 seconds
[2025-11-27T11:26:13.550-0300] {processor.py:161} INFO - Started process (PID=92392) to work on /Users/davispecia/Documents/GitHub/Pf_pipeline_dados/Projeto_final_fase3/venv/lib/python3.9/site-packages/airflow/example_dags/example_sensors.py
[2025-11-27T11:26:13.551-0300] {processor.py:830} INFO - Processing file /Users/davispecia/Documents/GitHub/Pf_pipeline_dados/Projeto_final_fase3/venv/lib/python3.9/site-packages/airflow/example_dags/example_sensors.py for tasks to queue
[2025-11-27T11:26:13.551-0300] {logging_mixin.py:188} INFO - [2025-11-27T11:26:13.551-0300] {dagbag.py:545} INFO - Filling up the DagBag from /Users/davispecia/Documents/GitHub/Pf_pipeline_dados/Projeto_final_fase3/venv/lib/python3.9/site-packages/airflow/example_dags/example_sensors.py
[2025-11-27T11:26:13.559-0300] {processor.py:840} INFO - DAG(s) 'example_sensors' retrieved from /Users/davispecia/Documents/GitHub/Pf_pipeline_dados/Projeto_final_fase3/venv/lib/python3.9/site-packages/airflow/example_dags/example_sensors.py
[2025-11-27T11:26:13.637-0300] {logging_mixin.py:188} INFO - [2025-11-27T11:26:13.637-0300] {dag.py:3089} INFO - Sync 1 DAGs
[2025-11-27T11:26:13.642-0300] {logging_mixin.py:188} INFO - [2025-11-27T11:26:13.642-0300] {dag.py:3947} INFO - Setting next_dagrun for example_sensors to None, run_after=None
[2025-11-27T11:26:13.653-0300] {processor.py:183} INFO - Processing /Users/davispecia/Documents/GitHub/Pf_pipeline_dados/Projeto_final_fase3/venv/lib/python3.9/site-packages/airflow/example_dags/example_sensors.py took 0.105 seconds
[2025-11-27T11:28:14.680-0300] {processor.py:161} INFO - Started process (PID=92709) to work on /Users/davispecia/Documents/GitHub/Pf_pipeline_dados/Projeto_final_fase3/venv/lib/python3.9/site-packages/airflow/example_dags/example_sensors.py
[2025-11-27T11:28:14.681-0300] {processor.py:830} INFO - Processing file /Users/davispecia/Documents/GitHub/Pf_pipeline_dados/Projeto_final_fase3/venv/lib/python3.9/site-packages/airflow/example_dags/example_sensors.py for tasks to queue
[2025-11-27T11:28:14.681-0300] {logging_mixin.py:188} INFO - [2025-11-27T11:28:14.681-0300] {dagbag.py:545} INFO - Filling up the DagBag from /Users/davispecia/Documents/GitHub/Pf_pipeline_dados/Projeto_final_fase3/venv/lib/python3.9/site-packages/airflow/example_dags/example_sensors.py
[2025-11-27T11:28:14.688-0300] {processor.py:840} INFO - DAG(s) 'example_sensors' retrieved from /Users/davispecia/Documents/GitHub/Pf_pipeline_dados/Projeto_final_fase3/venv/lib/python3.9/site-packages/airflow/example_dags/example_sensors.py
[2025-11-27T11:28:14.768-0300] {logging_mixin.py:188} INFO - [2025-11-27T11:28:14.767-0300] {dag.py:3089} INFO - Sync 1 DAGs
[2025-11-27T11:28:14.773-0300] {logging_mixin.py:188} INFO - [2025-11-27T11:28:14.773-0300] {dag.py:3947} INFO - Setting next_dagrun for example_sensors to None, run_after=None
[2025-11-27T11:28:14.782-0300] {processor.py:183} INFO - Processing /Users/davispecia/Documents/GitHub/Pf_pipeline_dados/Projeto_final_fase3/venv/lib/python3.9/site-packages/airflow/example_dags/example_sensors.py took 0.104 seconds
[2025-11-27T11:30:24.123-0300] {processor.py:161} INFO - Started process (PID=93022) to work on /Users/davispecia/Documents/GitHub/Pf_pipeline_dados/Projeto_final_fase3/venv/lib/python3.9/site-packages/airflow/example_dags/example_sensors.py
[2025-11-27T11:30:24.123-0300] {processor.py:830} INFO - Processing file /Users/davispecia/Documents/GitHub/Pf_pipeline_dados/Projeto_final_fase3/venv/lib/python3.9/site-packages/airflow/example_dags/example_sensors.py for tasks to queue
[2025-11-27T11:30:24.124-0300] {logging_mixin.py:188} INFO - [2025-11-27T11:30:24.123-0300] {dagbag.py:545} INFO - Filling up the DagBag from /Users/davispecia/Documents/GitHub/Pf_pipeline_dados/Projeto_final_fase3/venv/lib/python3.9/site-packages/airflow/example_dags/example_sensors.py
[2025-11-27T11:30:24.132-0300] {processor.py:840} INFO - DAG(s) 'example_sensors' retrieved from /Users/davispecia/Documents/GitHub/Pf_pipeline_dados/Projeto_final_fase3/venv/lib/python3.9/site-packages/airflow/example_dags/example_sensors.py
[2025-11-27T11:30:24.210-0300] {logging_mixin.py:188} INFO - [2025-11-27T11:30:24.210-0300] {dag.py:3089} INFO - Sync 1 DAGs
[2025-11-27T11:30:24.214-0300] {logging_mixin.py:188} INFO - [2025-11-27T11:30:24.214-0300] {dag.py:3947} INFO - Setting next_dagrun for example_sensors to None, run_after=None
[2025-11-27T11:30:24.224-0300] {processor.py:183} INFO - Processing /Users/davispecia/Documents/GitHub/Pf_pipeline_dados/Projeto_final_fase3/venv/lib/python3.9/site-packages/airflow/example_dags/example_sensors.py took 0.103 seconds
[2025-11-27T11:32:31.061-0300] {processor.py:161} INFO - Started process (PID=93377) to work on /Users/davispecia/Documents/GitHub/Pf_pipeline_dados/Projeto_final_fase3/venv/lib/python3.9/site-packages/airflow/example_dags/example_sensors.py
[2025-11-27T11:32:31.062-0300] {processor.py:830} INFO - Processing file /Users/davispecia/Documents/GitHub/Pf_pipeline_dados/Projeto_final_fase3/venv/lib/python3.9/site-packages/airflow/example_dags/example_sensors.py for tasks to queue
[2025-11-27T11:32:31.062-0300] {logging_mixin.py:188} INFO - [2025-11-27T11:32:31.062-0300] {dagbag.py:545} INFO - Filling up the DagBag from /Users/davispecia/Documents/GitHub/Pf_pipeline_dados/Projeto_final_fase3/venv/lib/python3.9/site-packages/airflow/example_dags/example_sensors.py
[2025-11-27T11:32:31.070-0300] {processor.py:840} INFO - DAG(s) 'example_sensors' retrieved from /Users/davispecia/Documents/GitHub/Pf_pipeline_dados/Projeto_final_fase3/venv/lib/python3.9/site-packages/airflow/example_dags/example_sensors.py
[2025-11-27T11:32:31.146-0300] {logging_mixin.py:188} INFO - [2025-11-27T11:32:31.145-0300] {dag.py:3089} INFO - Sync 1 DAGs
[2025-11-27T11:32:31.150-0300] {logging_mixin.py:188} INFO - [2025-11-27T11:32:31.150-0300] {dag.py:3947} INFO - Setting next_dagrun for example_sensors to None, run_after=None
[2025-11-27T11:32:31.159-0300] {processor.py:183} INFO - Processing /Users/davispecia/Documents/GitHub/Pf_pipeline_dados/Projeto_final_fase3/venv/lib/python3.9/site-packages/airflow/example_dags/example_sensors.py took 0.101 seconds
[2025-11-27T11:34:38.351-0300] {processor.py:161} INFO - Started process (PID=93684) to work on /Users/davispecia/Documents/GitHub/Pf_pipeline_dados/Projeto_final_fase3/venv/lib/python3.9/site-packages/airflow/example_dags/example_sensors.py
[2025-11-27T11:34:38.352-0300] {processor.py:830} INFO - Processing file /Users/davispecia/Documents/GitHub/Pf_pipeline_dados/Projeto_final_fase3/venv/lib/python3.9/site-packages/airflow/example_dags/example_sensors.py for tasks to queue
[2025-11-27T11:34:38.352-0300] {logging_mixin.py:188} INFO - [2025-11-27T11:34:38.352-0300] {dagbag.py:545} INFO - Filling up the DagBag from /Users/davispecia/Documents/GitHub/Pf_pipeline_dados/Projeto_final_fase3/venv/lib/python3.9/site-packages/airflow/example_dags/example_sensors.py
[2025-11-27T11:34:38.360-0300] {processor.py:840} INFO - DAG(s) 'example_sensors' retrieved from /Users/davispecia/Documents/GitHub/Pf_pipeline_dados/Projeto_final_fase3/venv/lib/python3.9/site-packages/airflow/example_dags/example_sensors.py
[2025-11-27T11:34:38.436-0300] {logging_mixin.py:188} INFO - [2025-11-27T11:34:38.436-0300] {dag.py:3089} INFO - Sync 1 DAGs
[2025-11-27T11:34:38.440-0300] {logging_mixin.py:188} INFO - [2025-11-27T11:34:38.440-0300] {dag.py:3947} INFO - Setting next_dagrun for example_sensors to None, run_after=None
[2025-11-27T11:34:38.450-0300] {processor.py:183} INFO - Processing /Users/davispecia/Documents/GitHub/Pf_pipeline_dados/Projeto_final_fase3/venv/lib/python3.9/site-packages/airflow/example_dags/example_sensors.py took 0.101 seconds
[2025-11-27T11:36:53.073-0300] {processor.py:161} INFO - Started process (PID=94061) to work on /Users/davispecia/Documents/GitHub/Pf_pipeline_dados/Projeto_final_fase3/venv/lib/python3.9/site-packages/airflow/example_dags/example_sensors.py
[2025-11-27T11:36:53.074-0300] {processor.py:830} INFO - Processing file /Users/davispecia/Documents/GitHub/Pf_pipeline_dados/Projeto_final_fase3/venv/lib/python3.9/site-packages/airflow/example_dags/example_sensors.py for tasks to queue
[2025-11-27T11:36:53.074-0300] {logging_mixin.py:188} INFO - [2025-11-27T11:36:53.074-0300] {dagbag.py:545} INFO - Filling up the DagBag from /Users/davispecia/Documents/GitHub/Pf_pipeline_dados/Projeto_final_fase3/venv/lib/python3.9/site-packages/airflow/example_dags/example_sensors.py
[2025-11-27T11:36:53.082-0300] {processor.py:840} INFO - DAG(s) 'example_sensors' retrieved from /Users/davispecia/Documents/GitHub/Pf_pipeline_dados/Projeto_final_fase3/venv/lib/python3.9/site-packages/airflow/example_dags/example_sensors.py
[2025-11-27T11:36:53.158-0300] {logging_mixin.py:188} INFO - [2025-11-27T11:36:53.158-0300] {dag.py:3089} INFO - Sync 1 DAGs
[2025-11-27T11:36:53.163-0300] {logging_mixin.py:188} INFO - [2025-11-27T11:36:53.163-0300] {dag.py:3947} INFO - Setting next_dagrun for example_sensors to None, run_after=None
[2025-11-27T11:36:53.172-0300] {processor.py:183} INFO - Processing /Users/davispecia/Documents/GitHub/Pf_pipeline_dados/Projeto_final_fase3/venv/lib/python3.9/site-packages/airflow/example_dags/example_sensors.py took 0.101 seconds
[2025-11-27T11:39:00.273-0300] {processor.py:161} INFO - Started process (PID=94357) to work on /Users/davispecia/Documents/GitHub/Pf_pipeline_dados/Projeto_final_fase3/venv/lib/python3.9/site-packages/airflow/example_dags/example_sensors.py
[2025-11-27T11:39:00.274-0300] {processor.py:830} INFO - Processing file /Users/davispecia/Documents/GitHub/Pf_pipeline_dados/Projeto_final_fase3/venv/lib/python3.9/site-packages/airflow/example_dags/example_sensors.py for tasks to queue
[2025-11-27T11:39:00.275-0300] {logging_mixin.py:188} INFO - [2025-11-27T11:39:00.274-0300] {dagbag.py:545} INFO - Filling up the DagBag from /Users/davispecia/Documents/GitHub/Pf_pipeline_dados/Projeto_final_fase3/venv/lib/python3.9/site-packages/airflow/example_dags/example_sensors.py
[2025-11-27T11:39:00.283-0300] {processor.py:840} INFO - DAG(s) 'example_sensors' retrieved from /Users/davispecia/Documents/GitHub/Pf_pipeline_dados/Projeto_final_fase3/venv/lib/python3.9/site-packages/airflow/example_dags/example_sensors.py
[2025-11-27T11:39:00.359-0300] {logging_mixin.py:188} INFO - [2025-11-27T11:39:00.359-0300] {dag.py:3089} INFO - Sync 1 DAGs
[2025-11-27T11:39:00.364-0300] {logging_mixin.py:188} INFO - [2025-11-27T11:39:00.364-0300] {dag.py:3947} INFO - Setting next_dagrun for example_sensors to None, run_after=None
[2025-11-27T11:39:00.374-0300] {processor.py:183} INFO - Processing /Users/davispecia/Documents/GitHub/Pf_pipeline_dados/Projeto_final_fase3/venv/lib/python3.9/site-packages/airflow/example_dags/example_sensors.py took 0.103 seconds
[2025-11-27T11:41:06.372-0300] {processor.py:161} INFO - Started process (PID=94660) to work on /Users/davispecia/Documents/GitHub/Pf_pipeline_dados/Projeto_final_fase3/venv/lib/python3.9/site-packages/airflow/example_dags/example_sensors.py
[2025-11-27T11:41:06.373-0300] {processor.py:830} INFO - Processing file /Users/davispecia/Documents/GitHub/Pf_pipeline_dados/Projeto_final_fase3/venv/lib/python3.9/site-packages/airflow/example_dags/example_sensors.py for tasks to queue
[2025-11-27T11:41:06.373-0300] {logging_mixin.py:188} INFO - [2025-11-27T11:41:06.373-0300] {dagbag.py:545} INFO - Filling up the DagBag from /Users/davispecia/Documents/GitHub/Pf_pipeline_dados/Projeto_final_fase3/venv/lib/python3.9/site-packages/airflow/example_dags/example_sensors.py
[2025-11-27T11:41:06.380-0300] {processor.py:840} INFO - DAG(s) 'example_sensors' retrieved from /Users/davispecia/Documents/GitHub/Pf_pipeline_dados/Projeto_final_fase3/venv/lib/python3.9/site-packages/airflow/example_dags/example_sensors.py
[2025-11-27T11:41:06.461-0300] {logging_mixin.py:188} INFO - [2025-11-27T11:41:06.461-0300] {dag.py:3089} INFO - Sync 1 DAGs
[2025-11-27T11:41:06.466-0300] {logging_mixin.py:188} INFO - [2025-11-27T11:41:06.466-0300] {dag.py:3947} INFO - Setting next_dagrun for example_sensors to None, run_after=None
[2025-11-27T11:41:06.475-0300] {processor.py:183} INFO - Processing /Users/davispecia/Documents/GitHub/Pf_pipeline_dados/Projeto_final_fase3/venv/lib/python3.9/site-packages/airflow/example_dags/example_sensors.py took 0.105 seconds
[2025-11-27T11:43:23.344-0300] {processor.py:161} INFO - Started process (PID=95051) to work on /Users/davispecia/Documents/GitHub/Pf_pipeline_dados/Projeto_final_fase3/venv/lib/python3.9/site-packages/airflow/example_dags/example_sensors.py
[2025-11-27T11:43:23.345-0300] {processor.py:830} INFO - Processing file /Users/davispecia/Documents/GitHub/Pf_pipeline_dados/Projeto_final_fase3/venv/lib/python3.9/site-packages/airflow/example_dags/example_sensors.py for tasks to queue
[2025-11-27T11:43:23.345-0300] {logging_mixin.py:188} INFO - [2025-11-27T11:43:23.345-0300] {dagbag.py:545} INFO - Filling up the DagBag from /Users/davispecia/Documents/GitHub/Pf_pipeline_dados/Projeto_final_fase3/venv/lib/python3.9/site-packages/airflow/example_dags/example_sensors.py
[2025-11-27T11:43:23.353-0300] {processor.py:840} INFO - DAG(s) 'example_sensors' retrieved from /Users/davispecia/Documents/GitHub/Pf_pipeline_dados/Projeto_final_fase3/venv/lib/python3.9/site-packages/airflow/example_dags/example_sensors.py
[2025-11-27T11:43:23.430-0300] {logging_mixin.py:188} INFO - [2025-11-27T11:43:23.430-0300] {dag.py:3089} INFO - Sync 1 DAGs
[2025-11-27T11:43:23.435-0300] {logging_mixin.py:188} INFO - [2025-11-27T11:43:23.435-0300] {dag.py:3947} INFO - Setting next_dagrun for example_sensors to None, run_after=None
[2025-11-27T11:43:23.445-0300] {processor.py:183} INFO - Processing /Users/davispecia/Documents/GitHub/Pf_pipeline_dados/Projeto_final_fase3/venv/lib/python3.9/site-packages/airflow/example_dags/example_sensors.py took 0.103 seconds
[2025-11-27T11:45:28.836-0300] {processor.py:161} INFO - Started process (PID=95351) to work on /Users/davispecia/Documents/GitHub/Pf_pipeline_dados/Projeto_final_fase3/venv/lib/python3.9/site-packages/airflow/example_dags/example_sensors.py
[2025-11-27T11:45:28.837-0300] {processor.py:830} INFO - Processing file /Users/davispecia/Documents/GitHub/Pf_pipeline_dados/Projeto_final_fase3/venv/lib/python3.9/site-packages/airflow/example_dags/example_sensors.py for tasks to queue
[2025-11-27T11:45:28.837-0300] {logging_mixin.py:188} INFO - [2025-11-27T11:45:28.837-0300] {dagbag.py:545} INFO - Filling up the DagBag from /Users/davispecia/Documents/GitHub/Pf_pipeline_dados/Projeto_final_fase3/venv/lib/python3.9/site-packages/airflow/example_dags/example_sensors.py
[2025-11-27T11:45:28.845-0300] {processor.py:840} INFO - DAG(s) 'example_sensors' retrieved from /Users/davispecia/Documents/GitHub/Pf_pipeline_dados/Projeto_final_fase3/venv/lib/python3.9/site-packages/airflow/example_dags/example_sensors.py
[2025-11-27T11:45:28.926-0300] {logging_mixin.py:188} INFO - [2025-11-27T11:45:28.926-0300] {dag.py:3089} INFO - Sync 1 DAGs
[2025-11-27T11:45:28.931-0300] {logging_mixin.py:188} INFO - [2025-11-27T11:45:28.931-0300] {dag.py:3947} INFO - Setting next_dagrun for example_sensors to None, run_after=None
[2025-11-27T11:45:28.940-0300] {processor.py:183} INFO - Processing /Users/davispecia/Documents/GitHub/Pf_pipeline_dados/Projeto_final_fase3/venv/lib/python3.9/site-packages/airflow/example_dags/example_sensors.py took 0.106 seconds
[2025-11-27T11:47:41.827-0300] {processor.py:161} INFO - Started process (PID=95765) to work on /Users/davispecia/Documents/GitHub/Pf_pipeline_dados/Projeto_final_fase3/venv/lib/python3.9/site-packages/airflow/example_dags/example_sensors.py
[2025-11-27T11:47:41.829-0300] {processor.py:830} INFO - Processing file /Users/davispecia/Documents/GitHub/Pf_pipeline_dados/Projeto_final_fase3/venv/lib/python3.9/site-packages/airflow/example_dags/example_sensors.py for tasks to queue
[2025-11-27T11:47:41.829-0300] {logging_mixin.py:188} INFO - [2025-11-27T11:47:41.829-0300] {dagbag.py:545} INFO - Filling up the DagBag from /Users/davispecia/Documents/GitHub/Pf_pipeline_dados/Projeto_final_fase3/venv/lib/python3.9/site-packages/airflow/example_dags/example_sensors.py
[2025-11-27T11:47:41.837-0300] {processor.py:840} INFO - DAG(s) 'example_sensors' retrieved from /Users/davispecia/Documents/GitHub/Pf_pipeline_dados/Projeto_final_fase3/venv/lib/python3.9/site-packages/airflow/example_dags/example_sensors.py
[2025-11-27T11:47:41.914-0300] {logging_mixin.py:188} INFO - [2025-11-27T11:47:41.914-0300] {dag.py:3089} INFO - Sync 1 DAGs
[2025-11-27T11:47:41.919-0300] {logging_mixin.py:188} INFO - [2025-11-27T11:47:41.919-0300] {dag.py:3947} INFO - Setting next_dagrun for example_sensors to None, run_after=None
[2025-11-27T11:47:41.928-0300] {processor.py:183} INFO - Processing /Users/davispecia/Documents/GitHub/Pf_pipeline_dados/Projeto_final_fase3/venv/lib/python3.9/site-packages/airflow/example_dags/example_sensors.py took 0.102 seconds
[2025-11-27T11:49:50.376-0300] {processor.py:161} INFO - Started process (PID=96080) to work on /Users/davispecia/Documents/GitHub/Pf_pipeline_dados/Projeto_final_fase3/venv/lib/python3.9/site-packages/airflow/example_dags/example_sensors.py
[2025-11-27T11:49:50.377-0300] {processor.py:830} INFO - Processing file /Users/davispecia/Documents/GitHub/Pf_pipeline_dados/Projeto_final_fase3/venv/lib/python3.9/site-packages/airflow/example_dags/example_sensors.py for tasks to queue
[2025-11-27T11:49:50.377-0300] {logging_mixin.py:188} INFO - [2025-11-27T11:49:50.377-0300] {dagbag.py:545} INFO - Filling up the DagBag from /Users/davispecia/Documents/GitHub/Pf_pipeline_dados/Projeto_final_fase3/venv/lib/python3.9/site-packages/airflow/example_dags/example_sensors.py
[2025-11-27T11:49:50.385-0300] {processor.py:840} INFO - DAG(s) 'example_sensors' retrieved from /Users/davispecia/Documents/GitHub/Pf_pipeline_dados/Projeto_final_fase3/venv/lib/python3.9/site-packages/airflow/example_dags/example_sensors.py
[2025-11-27T11:49:50.461-0300] {logging_mixin.py:188} INFO - [2025-11-27T11:49:50.461-0300] {dag.py:3089} INFO - Sync 1 DAGs
[2025-11-27T11:49:50.466-0300] {logging_mixin.py:188} INFO - [2025-11-27T11:49:50.465-0300] {dag.py:3947} INFO - Setting next_dagrun for example_sensors to None, run_after=None
[2025-11-27T11:49:50.476-0300] {processor.py:183} INFO - Processing /Users/davispecia/Documents/GitHub/Pf_pipeline_dados/Projeto_final_fase3/venv/lib/python3.9/site-packages/airflow/example_dags/example_sensors.py took 0.102 seconds
[2025-11-27T11:51:56.181-0300] {processor.py:161} INFO - Started process (PID=96392) to work on /Users/davispecia/Documents/GitHub/Pf_pipeline_dados/Projeto_final_fase3/venv/lib/python3.9/site-packages/airflow/example_dags/example_sensors.py
[2025-11-27T11:51:56.183-0300] {processor.py:830} INFO - Processing file /Users/davispecia/Documents/GitHub/Pf_pipeline_dados/Projeto_final_fase3/venv/lib/python3.9/site-packages/airflow/example_dags/example_sensors.py for tasks to queue
[2025-11-27T11:51:56.183-0300] {logging_mixin.py:188} INFO - [2025-11-27T11:51:56.183-0300] {dagbag.py:545} INFO - Filling up the DagBag from /Users/davispecia/Documents/GitHub/Pf_pipeline_dados/Projeto_final_fase3/venv/lib/python3.9/site-packages/airflow/example_dags/example_sensors.py
[2025-11-27T11:51:56.190-0300] {processor.py:840} INFO - DAG(s) 'example_sensors' retrieved from /Users/davispecia/Documents/GitHub/Pf_pipeline_dados/Projeto_final_fase3/venv/lib/python3.9/site-packages/airflow/example_dags/example_sensors.py
[2025-11-27T11:51:56.268-0300] {logging_mixin.py:188} INFO - [2025-11-27T11:51:56.268-0300] {dag.py:3089} INFO - Sync 1 DAGs
[2025-11-27T11:51:56.273-0300] {logging_mixin.py:188} INFO - [2025-11-27T11:51:56.273-0300] {dag.py:3947} INFO - Setting next_dagrun for example_sensors to None, run_after=None
[2025-11-27T11:51:56.283-0300] {processor.py:183} INFO - Processing /Users/davispecia/Documents/GitHub/Pf_pipeline_dados/Projeto_final_fase3/venv/lib/python3.9/site-packages/airflow/example_dags/example_sensors.py took 0.104 seconds
[2025-11-27T11:54:10.002-0300] {processor.py:161} INFO - Started process (PID=96862) to work on /Users/davispecia/Documents/GitHub/Pf_pipeline_dados/Projeto_final_fase3/venv/lib/python3.9/site-packages/airflow/example_dags/example_sensors.py
[2025-11-27T11:54:10.002-0300] {processor.py:830} INFO - Processing file /Users/davispecia/Documents/GitHub/Pf_pipeline_dados/Projeto_final_fase3/venv/lib/python3.9/site-packages/airflow/example_dags/example_sensors.py for tasks to queue
[2025-11-27T11:54:10.003-0300] {logging_mixin.py:188} INFO - [2025-11-27T11:54:10.003-0300] {dagbag.py:545} INFO - Filling up the DagBag from /Users/davispecia/Documents/GitHub/Pf_pipeline_dados/Projeto_final_fase3/venv/lib/python3.9/site-packages/airflow/example_dags/example_sensors.py
[2025-11-27T11:54:10.010-0300] {processor.py:840} INFO - DAG(s) 'example_sensors' retrieved from /Users/davispecia/Documents/GitHub/Pf_pipeline_dados/Projeto_final_fase3/venv/lib/python3.9/site-packages/airflow/example_dags/example_sensors.py
[2025-11-27T11:54:10.091-0300] {logging_mixin.py:188} INFO - [2025-11-27T11:54:10.091-0300] {dag.py:3089} INFO - Sync 1 DAGs
[2025-11-27T11:54:10.096-0300] {logging_mixin.py:188} INFO - [2025-11-27T11:54:10.096-0300] {dag.py:3947} INFO - Setting next_dagrun for example_sensors to None, run_after=None
[2025-11-27T11:54:10.107-0300] {processor.py:183} INFO - Processing /Users/davispecia/Documents/GitHub/Pf_pipeline_dados/Projeto_final_fase3/venv/lib/python3.9/site-packages/airflow/example_dags/example_sensors.py took 0.107 seconds
[2025-11-27T11:56:07.270-0300] {processor.py:161} INFO - Started process (PID=97145) to work on /Users/davispecia/Documents/GitHub/Pf_pipeline_dados/Projeto_final_fase3/venv/lib/python3.9/site-packages/airflow/example_dags/example_sensors.py
[2025-11-27T11:56:07.271-0300] {processor.py:830} INFO - Processing file /Users/davispecia/Documents/GitHub/Pf_pipeline_dados/Projeto_final_fase3/venv/lib/python3.9/site-packages/airflow/example_dags/example_sensors.py for tasks to queue
[2025-11-27T11:56:07.272-0300] {logging_mixin.py:188} INFO - [2025-11-27T11:56:07.272-0300] {dagbag.py:545} INFO - Filling up the DagBag from /Users/davispecia/Documents/GitHub/Pf_pipeline_dados/Projeto_final_fase3/venv/lib/python3.9/site-packages/airflow/example_dags/example_sensors.py
[2025-11-27T11:56:07.280-0300] {processor.py:840} INFO - DAG(s) 'example_sensors' retrieved from /Users/davispecia/Documents/GitHub/Pf_pipeline_dados/Projeto_final_fase3/venv/lib/python3.9/site-packages/airflow/example_dags/example_sensors.py
[2025-11-27T11:56:07.355-0300] {logging_mixin.py:188} INFO - [2025-11-27T11:56:07.355-0300] {dag.py:3089} INFO - Sync 1 DAGs
[2025-11-27T11:56:07.360-0300] {logging_mixin.py:188} INFO - [2025-11-27T11:56:07.360-0300] {dag.py:3947} INFO - Setting next_dagrun for example_sensors to None, run_after=None
[2025-11-27T11:56:07.370-0300] {processor.py:183} INFO - Processing /Users/davispecia/Documents/GitHub/Pf_pipeline_dados/Projeto_final_fase3/venv/lib/python3.9/site-packages/airflow/example_dags/example_sensors.py took 0.102 seconds
[2025-11-27T11:58:14.605-0300] {processor.py:161} INFO - Started process (PID=97450) to work on /Users/davispecia/Documents/GitHub/Pf_pipeline_dados/Projeto_final_fase3/venv/lib/python3.9/site-packages/airflow/example_dags/example_sensors.py
[2025-11-27T11:58:14.605-0300] {processor.py:830} INFO - Processing file /Users/davispecia/Documents/GitHub/Pf_pipeline_dados/Projeto_final_fase3/venv/lib/python3.9/site-packages/airflow/example_dags/example_sensors.py for tasks to queue
[2025-11-27T11:58:14.606-0300] {logging_mixin.py:188} INFO - [2025-11-27T11:58:14.606-0300] {dagbag.py:545} INFO - Filling up the DagBag from /Users/davispecia/Documents/GitHub/Pf_pipeline_dados/Projeto_final_fase3/venv/lib/python3.9/site-packages/airflow/example_dags/example_sensors.py
[2025-11-27T11:58:14.613-0300] {processor.py:840} INFO - DAG(s) 'example_sensors' retrieved from /Users/davispecia/Documents/GitHub/Pf_pipeline_dados/Projeto_final_fase3/venv/lib/python3.9/site-packages/airflow/example_dags/example_sensors.py
[2025-11-27T11:58:14.692-0300] {logging_mixin.py:188} INFO - [2025-11-27T11:58:14.692-0300] {dag.py:3089} INFO - Sync 1 DAGs
[2025-11-27T11:58:14.697-0300] {logging_mixin.py:188} INFO - [2025-11-27T11:58:14.697-0300] {dag.py:3947} INFO - Setting next_dagrun for example_sensors to None, run_after=None
[2025-11-27T11:58:14.705-0300] {processor.py:183} INFO - Processing /Users/davispecia/Documents/GitHub/Pf_pipeline_dados/Projeto_final_fase3/venv/lib/python3.9/site-packages/airflow/example_dags/example_sensors.py took 0.102 seconds
[2025-11-27T12:00:35.878-0300] {processor.py:161} INFO - Started process (PID=97862) to work on /Users/davispecia/Documents/GitHub/Pf_pipeline_dados/Projeto_final_fase3/venv/lib/python3.9/site-packages/airflow/example_dags/example_sensors.py
[2025-11-27T12:00:35.879-0300] {processor.py:830} INFO - Processing file /Users/davispecia/Documents/GitHub/Pf_pipeline_dados/Projeto_final_fase3/venv/lib/python3.9/site-packages/airflow/example_dags/example_sensors.py for tasks to queue
[2025-11-27T12:00:35.879-0300] {logging_mixin.py:188} INFO - [2025-11-27T12:00:35.879-0300] {dagbag.py:545} INFO - Filling up the DagBag from /Users/davispecia/Documents/GitHub/Pf_pipeline_dados/Projeto_final_fase3/venv/lib/python3.9/site-packages/airflow/example_dags/example_sensors.py
[2025-11-27T12:00:35.887-0300] {processor.py:840} INFO - DAG(s) 'example_sensors' retrieved from /Users/davispecia/Documents/GitHub/Pf_pipeline_dados/Projeto_final_fase3/venv/lib/python3.9/site-packages/airflow/example_dags/example_sensors.py
[2025-11-27T12:00:35.963-0300] {logging_mixin.py:188} INFO - [2025-11-27T12:00:35.963-0300] {dag.py:3089} INFO - Sync 1 DAGs
[2025-11-27T12:00:35.968-0300] {logging_mixin.py:188} INFO - [2025-11-27T12:00:35.967-0300] {dag.py:3947} INFO - Setting next_dagrun for example_sensors to None, run_after=None
[2025-11-27T12:00:35.977-0300] {processor.py:183} INFO - Processing /Users/davispecia/Documents/GitHub/Pf_pipeline_dados/Projeto_final_fase3/venv/lib/python3.9/site-packages/airflow/example_dags/example_sensors.py took 0.101 seconds
[2025-11-27T12:02:41.793-0300] {processor.py:161} INFO - Started process (PID=98162) to work on /Users/davispecia/Documents/GitHub/Pf_pipeline_dados/Projeto_final_fase3/venv/lib/python3.9/site-packages/airflow/example_dags/example_sensors.py
[2025-11-27T12:02:41.794-0300] {processor.py:830} INFO - Processing file /Users/davispecia/Documents/GitHub/Pf_pipeline_dados/Projeto_final_fase3/venv/lib/python3.9/site-packages/airflow/example_dags/example_sensors.py for tasks to queue
[2025-11-27T12:02:41.795-0300] {logging_mixin.py:188} INFO - [2025-11-27T12:02:41.795-0300] {dagbag.py:545} INFO - Filling up the DagBag from /Users/davispecia/Documents/GitHub/Pf_pipeline_dados/Projeto_final_fase3/venv/lib/python3.9/site-packages/airflow/example_dags/example_sensors.py
[2025-11-27T12:02:41.803-0300] {processor.py:840} INFO - DAG(s) 'example_sensors' retrieved from /Users/davispecia/Documents/GitHub/Pf_pipeline_dados/Projeto_final_fase3/venv/lib/python3.9/site-packages/airflow/example_dags/example_sensors.py
[2025-11-27T12:02:41.879-0300] {logging_mixin.py:188} INFO - [2025-11-27T12:02:41.879-0300] {dag.py:3089} INFO - Sync 1 DAGs
[2025-11-27T12:02:41.884-0300] {logging_mixin.py:188} INFO - [2025-11-27T12:02:41.884-0300] {dag.py:3947} INFO - Setting next_dagrun for example_sensors to None, run_after=None
[2025-11-27T12:02:41.893-0300] {processor.py:183} INFO - Processing /Users/davispecia/Documents/GitHub/Pf_pipeline_dados/Projeto_final_fase3/venv/lib/python3.9/site-packages/airflow/example_dags/example_sensors.py took 0.102 seconds
[2025-11-27T12:04:46.633-0300] {processor.py:161} INFO - Started process (PID=98520) to work on /Users/davispecia/Documents/GitHub/Pf_pipeline_dados/Projeto_final_fase3/venv/lib/python3.9/site-packages/airflow/example_dags/example_sensors.py
[2025-11-27T12:04:46.634-0300] {processor.py:830} INFO - Processing file /Users/davispecia/Documents/GitHub/Pf_pipeline_dados/Projeto_final_fase3/venv/lib/python3.9/site-packages/airflow/example_dags/example_sensors.py for tasks to queue
[2025-11-27T12:04:46.635-0300] {logging_mixin.py:188} INFO - [2025-11-27T12:04:46.635-0300] {dagbag.py:545} INFO - Filling up the DagBag from /Users/davispecia/Documents/GitHub/Pf_pipeline_dados/Projeto_final_fase3/venv/lib/python3.9/site-packages/airflow/example_dags/example_sensors.py
[2025-11-27T12:04:46.642-0300] {processor.py:840} INFO - DAG(s) 'example_sensors' retrieved from /Users/davispecia/Documents/GitHub/Pf_pipeline_dados/Projeto_final_fase3/venv/lib/python3.9/site-packages/airflow/example_dags/example_sensors.py
[2025-11-27T12:04:46.718-0300] {logging_mixin.py:188} INFO - [2025-11-27T12:04:46.718-0300] {dag.py:3089} INFO - Sync 1 DAGs
[2025-11-27T12:04:46.723-0300] {logging_mixin.py:188} INFO - [2025-11-27T12:04:46.723-0300] {dag.py:3947} INFO - Setting next_dagrun for example_sensors to None, run_after=None
[2025-11-27T12:04:46.732-0300] {processor.py:183} INFO - Processing /Users/davispecia/Documents/GitHub/Pf_pipeline_dados/Projeto_final_fase3/venv/lib/python3.9/site-packages/airflow/example_dags/example_sensors.py took 0.101 seconds
[2025-11-27T12:07:07.143-0300] {processor.py:161} INFO - Started process (PID=98906) to work on /Users/davispecia/Documents/GitHub/Pf_pipeline_dados/Projeto_final_fase3/venv/lib/python3.9/site-packages/airflow/example_dags/example_sensors.py
[2025-11-27T12:07:07.144-0300] {processor.py:830} INFO - Processing file /Users/davispecia/Documents/GitHub/Pf_pipeline_dados/Projeto_final_fase3/venv/lib/python3.9/site-packages/airflow/example_dags/example_sensors.py for tasks to queue
[2025-11-27T12:07:07.145-0300] {logging_mixin.py:188} INFO - [2025-11-27T12:07:07.145-0300] {dagbag.py:545} INFO - Filling up the DagBag from /Users/davispecia/Documents/GitHub/Pf_pipeline_dados/Projeto_final_fase3/venv/lib/python3.9/site-packages/airflow/example_dags/example_sensors.py
[2025-11-27T12:07:07.152-0300] {processor.py:840} INFO - DAG(s) 'example_sensors' retrieved from /Users/davispecia/Documents/GitHub/Pf_pipeline_dados/Projeto_final_fase3/venv/lib/python3.9/site-packages/airflow/example_dags/example_sensors.py
[2025-11-27T12:07:07.228-0300] {logging_mixin.py:188} INFO - [2025-11-27T12:07:07.228-0300] {dag.py:3089} INFO - Sync 1 DAGs
[2025-11-27T12:07:07.233-0300] {logging_mixin.py:188} INFO - [2025-11-27T12:07:07.233-0300] {dag.py:3947} INFO - Setting next_dagrun for example_sensors to None, run_after=None
[2025-11-27T12:07:07.243-0300] {processor.py:183} INFO - Processing /Users/davispecia/Documents/GitHub/Pf_pipeline_dados/Projeto_final_fase3/venv/lib/python3.9/site-packages/airflow/example_dags/example_sensors.py took 0.101 seconds
[2025-11-27T12:09:14.169-0300] {processor.py:161} INFO - Started process (PID=99212) to work on /Users/davispecia/Documents/GitHub/Pf_pipeline_dados/Projeto_final_fase3/venv/lib/python3.9/site-packages/airflow/example_dags/example_sensors.py
[2025-11-27T12:09:14.171-0300] {processor.py:830} INFO - Processing file /Users/davispecia/Documents/GitHub/Pf_pipeline_dados/Projeto_final_fase3/venv/lib/python3.9/site-packages/airflow/example_dags/example_sensors.py for tasks to queue
[2025-11-27T12:09:14.171-0300] {logging_mixin.py:188} INFO - [2025-11-27T12:09:14.171-0300] {dagbag.py:545} INFO - Filling up the DagBag from /Users/davispecia/Documents/GitHub/Pf_pipeline_dados/Projeto_final_fase3/venv/lib/python3.9/site-packages/airflow/example_dags/example_sensors.py
[2025-11-27T12:09:14.179-0300] {processor.py:840} INFO - DAG(s) 'example_sensors' retrieved from /Users/davispecia/Documents/GitHub/Pf_pipeline_dados/Projeto_final_fase3/venv/lib/python3.9/site-packages/airflow/example_dags/example_sensors.py
[2025-11-27T12:09:14.255-0300] {logging_mixin.py:188} INFO - [2025-11-27T12:09:14.255-0300] {dag.py:3089} INFO - Sync 1 DAGs
[2025-11-27T12:09:14.260-0300] {logging_mixin.py:188} INFO - [2025-11-27T12:09:14.260-0300] {dag.py:3947} INFO - Setting next_dagrun for example_sensors to None, run_after=None
[2025-11-27T12:09:14.268-0300] {processor.py:183} INFO - Processing /Users/davispecia/Documents/GitHub/Pf_pipeline_dados/Projeto_final_fase3/venv/lib/python3.9/site-packages/airflow/example_dags/example_sensors.py took 0.101 seconds
[2025-11-27T12:11:28.755-0300] {processor.py:161} INFO - Started process (PID=99589) to work on /Users/davispecia/Documents/GitHub/Pf_pipeline_dados/Projeto_final_fase3/venv/lib/python3.9/site-packages/airflow/example_dags/example_sensors.py
[2025-11-27T12:11:28.756-0300] {processor.py:830} INFO - Processing file /Users/davispecia/Documents/GitHub/Pf_pipeline_dados/Projeto_final_fase3/venv/lib/python3.9/site-packages/airflow/example_dags/example_sensors.py for tasks to queue
[2025-11-27T12:11:28.757-0300] {logging_mixin.py:188} INFO - [2025-11-27T12:11:28.757-0300] {dagbag.py:545} INFO - Filling up the DagBag from /Users/davispecia/Documents/GitHub/Pf_pipeline_dados/Projeto_final_fase3/venv/lib/python3.9/site-packages/airflow/example_dags/example_sensors.py
[2025-11-27T12:11:28.764-0300] {processor.py:840} INFO - DAG(s) 'example_sensors' retrieved from /Users/davispecia/Documents/GitHub/Pf_pipeline_dados/Projeto_final_fase3/venv/lib/python3.9/site-packages/airflow/example_dags/example_sensors.py
[2025-11-27T12:11:28.840-0300] {logging_mixin.py:188} INFO - [2025-11-27T12:11:28.840-0300] {dag.py:3089} INFO - Sync 1 DAGs
[2025-11-27T12:11:28.845-0300] {logging_mixin.py:188} INFO - [2025-11-27T12:11:28.845-0300] {dag.py:3947} INFO - Setting next_dagrun for example_sensors to None, run_after=None
[2025-11-27T12:11:28.855-0300] {processor.py:183} INFO - Processing /Users/davispecia/Documents/GitHub/Pf_pipeline_dados/Projeto_final_fase3/venv/lib/python3.9/site-packages/airflow/example_dags/example_sensors.py took 0.102 seconds
[2025-11-27T12:13:34.117-0300] {processor.py:161} INFO - Started process (PID=99888) to work on /Users/davispecia/Documents/GitHub/Pf_pipeline_dados/Projeto_final_fase3/venv/lib/python3.9/site-packages/airflow/example_dags/example_sensors.py
[2025-11-27T12:13:34.118-0300] {processor.py:830} INFO - Processing file /Users/davispecia/Documents/GitHub/Pf_pipeline_dados/Projeto_final_fase3/venv/lib/python3.9/site-packages/airflow/example_dags/example_sensors.py for tasks to queue
[2025-11-27T12:13:34.119-0300] {logging_mixin.py:188} INFO - [2025-11-27T12:13:34.118-0300] {dagbag.py:545} INFO - Filling up the DagBag from /Users/davispecia/Documents/GitHub/Pf_pipeline_dados/Projeto_final_fase3/venv/lib/python3.9/site-packages/airflow/example_dags/example_sensors.py
[2025-11-27T12:13:34.126-0300] {processor.py:840} INFO - DAG(s) 'example_sensors' retrieved from /Users/davispecia/Documents/GitHub/Pf_pipeline_dados/Projeto_final_fase3/venv/lib/python3.9/site-packages/airflow/example_dags/example_sensors.py
[2025-11-27T12:13:34.202-0300] {logging_mixin.py:188} INFO - [2025-11-27T12:13:34.202-0300] {dag.py:3089} INFO - Sync 1 DAGs
[2025-11-27T12:13:34.208-0300] {logging_mixin.py:188} INFO - [2025-11-27T12:13:34.208-0300] {dag.py:3947} INFO - Setting next_dagrun for example_sensors to None, run_after=None
[2025-11-27T12:13:34.217-0300] {processor.py:183} INFO - Processing /Users/davispecia/Documents/GitHub/Pf_pipeline_dados/Projeto_final_fase3/venv/lib/python3.9/site-packages/airflow/example_dags/example_sensors.py took 0.102 seconds
[2025-11-27T12:15:40.832-0300] {processor.py:161} INFO - Started process (PID=367) to work on /Users/davispecia/Documents/GitHub/Pf_pipeline_dados/Projeto_final_fase3/venv/lib/python3.9/site-packages/airflow/example_dags/example_sensors.py
[2025-11-27T12:15:40.833-0300] {processor.py:830} INFO - Processing file /Users/davispecia/Documents/GitHub/Pf_pipeline_dados/Projeto_final_fase3/venv/lib/python3.9/site-packages/airflow/example_dags/example_sensors.py for tasks to queue
[2025-11-27T12:15:40.833-0300] {logging_mixin.py:188} INFO - [2025-11-27T12:15:40.833-0300] {dagbag.py:545} INFO - Filling up the DagBag from /Users/davispecia/Documents/GitHub/Pf_pipeline_dados/Projeto_final_fase3/venv/lib/python3.9/site-packages/airflow/example_dags/example_sensors.py
[2025-11-27T12:15:40.841-0300] {processor.py:840} INFO - DAG(s) 'example_sensors' retrieved from /Users/davispecia/Documents/GitHub/Pf_pipeline_dados/Projeto_final_fase3/venv/lib/python3.9/site-packages/airflow/example_dags/example_sensors.py
[2025-11-27T12:15:40.917-0300] {logging_mixin.py:188} INFO - [2025-11-27T12:15:40.917-0300] {dag.py:3089} INFO - Sync 1 DAGs
[2025-11-27T12:15:40.922-0300] {logging_mixin.py:188} INFO - [2025-11-27T12:15:40.922-0300] {dag.py:3947} INFO - Setting next_dagrun for example_sensors to None, run_after=None
[2025-11-27T12:15:40.932-0300] {processor.py:183} INFO - Processing /Users/davispecia/Documents/GitHub/Pf_pipeline_dados/Projeto_final_fase3/venv/lib/python3.9/site-packages/airflow/example_dags/example_sensors.py took 0.102 seconds
[2025-11-27T12:17:49.533-0300] {processor.py:161} INFO - Started process (PID=842) to work on /Users/davispecia/Documents/GitHub/Pf_pipeline_dados/Projeto_final_fase3/venv/lib/python3.9/site-packages/airflow/example_dags/example_sensors.py
[2025-11-27T12:17:49.534-0300] {processor.py:830} INFO - Processing file /Users/davispecia/Documents/GitHub/Pf_pipeline_dados/Projeto_final_fase3/venv/lib/python3.9/site-packages/airflow/example_dags/example_sensors.py for tasks to queue
[2025-11-27T12:17:49.534-0300] {logging_mixin.py:188} INFO - [2025-11-27T12:17:49.534-0300] {dagbag.py:545} INFO - Filling up the DagBag from /Users/davispecia/Documents/GitHub/Pf_pipeline_dados/Projeto_final_fase3/venv/lib/python3.9/site-packages/airflow/example_dags/example_sensors.py
[2025-11-27T12:17:49.542-0300] {processor.py:840} INFO - DAG(s) 'example_sensors' retrieved from /Users/davispecia/Documents/GitHub/Pf_pipeline_dados/Projeto_final_fase3/venv/lib/python3.9/site-packages/airflow/example_dags/example_sensors.py
[2025-11-27T12:17:49.620-0300] {logging_mixin.py:188} INFO - [2025-11-27T12:17:49.620-0300] {dag.py:3089} INFO - Sync 1 DAGs
[2025-11-27T12:17:49.625-0300] {logging_mixin.py:188} INFO - [2025-11-27T12:17:49.625-0300] {dag.py:3947} INFO - Setting next_dagrun for example_sensors to None, run_after=None
[2025-11-27T12:17:49.635-0300] {processor.py:183} INFO - Processing /Users/davispecia/Documents/GitHub/Pf_pipeline_dados/Projeto_final_fase3/venv/lib/python3.9/site-packages/airflow/example_dags/example_sensors.py took 0.103 seconds
[2025-11-27T12:19:51.121-0300] {processor.py:161} INFO - Started process (PID=1138) to work on /Users/davispecia/Documents/GitHub/Pf_pipeline_dados/Projeto_final_fase3/venv/lib/python3.9/site-packages/airflow/example_dags/example_sensors.py
[2025-11-27T12:19:51.122-0300] {processor.py:830} INFO - Processing file /Users/davispecia/Documents/GitHub/Pf_pipeline_dados/Projeto_final_fase3/venv/lib/python3.9/site-packages/airflow/example_dags/example_sensors.py for tasks to queue
[2025-11-27T12:19:51.123-0300] {logging_mixin.py:188} INFO - [2025-11-27T12:19:51.123-0300] {dagbag.py:545} INFO - Filling up the DagBag from /Users/davispecia/Documents/GitHub/Pf_pipeline_dados/Projeto_final_fase3/venv/lib/python3.9/site-packages/airflow/example_dags/example_sensors.py
[2025-11-27T12:19:51.131-0300] {processor.py:840} INFO - DAG(s) 'example_sensors' retrieved from /Users/davispecia/Documents/GitHub/Pf_pipeline_dados/Projeto_final_fase3/venv/lib/python3.9/site-packages/airflow/example_dags/example_sensors.py
[2025-11-27T12:19:51.207-0300] {logging_mixin.py:188} INFO - [2025-11-27T12:19:51.207-0300] {dag.py:3089} INFO - Sync 1 DAGs
[2025-11-27T12:19:51.212-0300] {logging_mixin.py:188} INFO - [2025-11-27T12:19:51.212-0300] {dag.py:3947} INFO - Setting next_dagrun for example_sensors to None, run_after=None
[2025-11-27T12:19:51.222-0300] {processor.py:183} INFO - Processing /Users/davispecia/Documents/GitHub/Pf_pipeline_dados/Projeto_final_fase3/venv/lib/python3.9/site-packages/airflow/example_dags/example_sensors.py took 0.103 seconds
[2025-11-27T12:22:02.620-0300] {processor.py:161} INFO - Started process (PID=1550) to work on /Users/davispecia/Documents/GitHub/Pf_pipeline_dados/Projeto_final_fase3/venv/lib/python3.9/site-packages/airflow/example_dags/example_sensors.py
[2025-11-27T12:22:02.621-0300] {processor.py:830} INFO - Processing file /Users/davispecia/Documents/GitHub/Pf_pipeline_dados/Projeto_final_fase3/venv/lib/python3.9/site-packages/airflow/example_dags/example_sensors.py for tasks to queue
[2025-11-27T12:22:02.621-0300] {logging_mixin.py:188} INFO - [2025-11-27T12:22:02.621-0300] {dagbag.py:545} INFO - Filling up the DagBag from /Users/davispecia/Documents/GitHub/Pf_pipeline_dados/Projeto_final_fase3/venv/lib/python3.9/site-packages/airflow/example_dags/example_sensors.py
[2025-11-27T12:22:02.629-0300] {processor.py:840} INFO - DAG(s) 'example_sensors' retrieved from /Users/davispecia/Documents/GitHub/Pf_pipeline_dados/Projeto_final_fase3/venv/lib/python3.9/site-packages/airflow/example_dags/example_sensors.py
[2025-11-27T12:22:02.705-0300] {logging_mixin.py:188} INFO - [2025-11-27T12:22:02.705-0300] {dag.py:3089} INFO - Sync 1 DAGs
[2025-11-27T12:22:02.710-0300] {logging_mixin.py:188} INFO - [2025-11-27T12:22:02.710-0300] {dag.py:3947} INFO - Setting next_dagrun for example_sensors to None, run_after=None
[2025-11-27T12:22:02.719-0300] {processor.py:183} INFO - Processing /Users/davispecia/Documents/GitHub/Pf_pipeline_dados/Projeto_final_fase3/venv/lib/python3.9/site-packages/airflow/example_dags/example_sensors.py took 0.101 seconds
[2025-11-27T12:24:05.431-0300] {processor.py:161} INFO - Started process (PID=1856) to work on /Users/davispecia/Documents/GitHub/Pf_pipeline_dados/Projeto_final_fase3/venv/lib/python3.9/site-packages/airflow/example_dags/example_sensors.py
[2025-11-27T12:24:05.432-0300] {processor.py:830} INFO - Processing file /Users/davispecia/Documents/GitHub/Pf_pipeline_dados/Projeto_final_fase3/venv/lib/python3.9/site-packages/airflow/example_dags/example_sensors.py for tasks to queue
[2025-11-27T12:24:05.432-0300] {logging_mixin.py:188} INFO - [2025-11-27T12:24:05.432-0300] {dagbag.py:545} INFO - Filling up the DagBag from /Users/davispecia/Documents/GitHub/Pf_pipeline_dados/Projeto_final_fase3/venv/lib/python3.9/site-packages/airflow/example_dags/example_sensors.py
[2025-11-27T12:24:05.440-0300] {processor.py:840} INFO - DAG(s) 'example_sensors' retrieved from /Users/davispecia/Documents/GitHub/Pf_pipeline_dados/Projeto_final_fase3/venv/lib/python3.9/site-packages/airflow/example_dags/example_sensors.py
[2025-11-27T12:24:05.519-0300] {logging_mixin.py:188} INFO - [2025-11-27T12:24:05.519-0300] {dag.py:3089} INFO - Sync 1 DAGs
[2025-11-27T12:24:05.524-0300] {logging_mixin.py:188} INFO - [2025-11-27T12:24:05.524-0300] {dag.py:3947} INFO - Setting next_dagrun for example_sensors to None, run_after=None
[2025-11-27T12:24:05.533-0300] {processor.py:183} INFO - Processing /Users/davispecia/Documents/GitHub/Pf_pipeline_dados/Projeto_final_fase3/venv/lib/python3.9/site-packages/airflow/example_dags/example_sensors.py took 0.104 seconds
[2025-11-27T12:26:07.598-0300] {processor.py:161} INFO - Started process (PID=2156) to work on /Users/davispecia/Documents/GitHub/Pf_pipeline_dados/Projeto_final_fase3/venv/lib/python3.9/site-packages/airflow/example_dags/example_sensors.py
[2025-11-27T12:26:07.599-0300] {processor.py:830} INFO - Processing file /Users/davispecia/Documents/GitHub/Pf_pipeline_dados/Projeto_final_fase3/venv/lib/python3.9/site-packages/airflow/example_dags/example_sensors.py for tasks to queue
[2025-11-27T12:26:07.599-0300] {logging_mixin.py:188} INFO - [2025-11-27T12:26:07.599-0300] {dagbag.py:545} INFO - Filling up the DagBag from /Users/davispecia/Documents/GitHub/Pf_pipeline_dados/Projeto_final_fase3/venv/lib/python3.9/site-packages/airflow/example_dags/example_sensors.py
[2025-11-27T12:26:07.607-0300] {processor.py:840} INFO - DAG(s) 'example_sensors' retrieved from /Users/davispecia/Documents/GitHub/Pf_pipeline_dados/Projeto_final_fase3/venv/lib/python3.9/site-packages/airflow/example_dags/example_sensors.py
[2025-11-27T12:26:07.707-0300] {logging_mixin.py:188} INFO - [2025-11-27T12:26:07.707-0300] {dag.py:3089} INFO - Sync 1 DAGs
[2025-11-27T12:26:07.713-0300] {logging_mixin.py:188} INFO - [2025-11-27T12:26:07.713-0300] {dag.py:3947} INFO - Setting next_dagrun for example_sensors to None, run_after=None
[2025-11-27T12:26:07.723-0300] {processor.py:183} INFO - Processing /Users/davispecia/Documents/GitHub/Pf_pipeline_dados/Projeto_final_fase3/venv/lib/python3.9/site-packages/airflow/example_dags/example_sensors.py took 0.127 seconds
[2025-11-27T12:28:28.027-0300] {processor.py:161} INFO - Started process (PID=2568) to work on /Users/davispecia/Documents/GitHub/Pf_pipeline_dados/Projeto_final_fase3/venv/lib/python3.9/site-packages/airflow/example_dags/example_sensors.py
[2025-11-27T12:28:28.027-0300] {processor.py:830} INFO - Processing file /Users/davispecia/Documents/GitHub/Pf_pipeline_dados/Projeto_final_fase3/venv/lib/python3.9/site-packages/airflow/example_dags/example_sensors.py for tasks to queue
[2025-11-27T12:28:28.028-0300] {logging_mixin.py:188} INFO - [2025-11-27T12:28:28.028-0300] {dagbag.py:545} INFO - Filling up the DagBag from /Users/davispecia/Documents/GitHub/Pf_pipeline_dados/Projeto_final_fase3/venv/lib/python3.9/site-packages/airflow/example_dags/example_sensors.py
[2025-11-27T12:28:28.035-0300] {processor.py:840} INFO - DAG(s) 'example_sensors' retrieved from /Users/davispecia/Documents/GitHub/Pf_pipeline_dados/Projeto_final_fase3/venv/lib/python3.9/site-packages/airflow/example_dags/example_sensors.py
[2025-11-27T12:28:28.111-0300] {logging_mixin.py:188} INFO - [2025-11-27T12:28:28.111-0300] {dag.py:3089} INFO - Sync 1 DAGs
[2025-11-27T12:28:28.116-0300] {logging_mixin.py:188} INFO - [2025-11-27T12:28:28.116-0300] {dag.py:3947} INFO - Setting next_dagrun for example_sensors to None, run_after=None
[2025-11-27T12:28:28.125-0300] {processor.py:183} INFO - Processing /Users/davispecia/Documents/GitHub/Pf_pipeline_dados/Projeto_final_fase3/venv/lib/python3.9/site-packages/airflow/example_dags/example_sensors.py took 0.100 seconds
[2025-11-27T14:06:24.496-0300] {processor.py:161} INFO - Started process (PID=2914) to work on /Users/davispecia/Documents/GitHub/Pf_pipeline_dados/Projeto_final_fase3/venv/lib/python3.9/site-packages/airflow/example_dags/example_sensors.py
[2025-11-27T14:06:24.499-0300] {processor.py:830} INFO - Processing file /Users/davispecia/Documents/GitHub/Pf_pipeline_dados/Projeto_final_fase3/venv/lib/python3.9/site-packages/airflow/example_dags/example_sensors.py for tasks to queue
[2025-11-27T14:06:24.499-0300] {logging_mixin.py:188} INFO - [2025-11-27T14:06:24.499-0300] {dagbag.py:545} INFO - Filling up the DagBag from /Users/davispecia/Documents/GitHub/Pf_pipeline_dados/Projeto_final_fase3/venv/lib/python3.9/site-packages/airflow/example_dags/example_sensors.py
[2025-11-27T14:06:24.509-0300] {processor.py:840} INFO - DAG(s) 'example_sensors' retrieved from /Users/davispecia/Documents/GitHub/Pf_pipeline_dados/Projeto_final_fase3/venv/lib/python3.9/site-packages/airflow/example_dags/example_sensors.py
[2025-11-27T14:06:24.592-0300] {logging_mixin.py:188} INFO - [2025-11-27T14:06:24.592-0300] {dag.py:3089} INFO - Sync 1 DAGs
[2025-11-27T14:06:24.598-0300] {logging_mixin.py:188} INFO - [2025-11-27T14:06:24.598-0300] {dag.py:3947} INFO - Setting next_dagrun for example_sensors to None, run_after=None
[2025-11-27T14:06:24.608-0300] {processor.py:183} INFO - Processing /Users/davispecia/Documents/GitHub/Pf_pipeline_dados/Projeto_final_fase3/venv/lib/python3.9/site-packages/airflow/example_dags/example_sensors.py took 0.114 seconds
[2025-11-27T14:08:29.816-0300] {processor.py:161} INFO - Started process (PID=3308) to work on /Users/davispecia/Documents/GitHub/Pf_pipeline_dados/Projeto_final_fase3/venv/lib/python3.9/site-packages/airflow/example_dags/example_sensors.py
[2025-11-27T14:08:29.817-0300] {processor.py:830} INFO - Processing file /Users/davispecia/Documents/GitHub/Pf_pipeline_dados/Projeto_final_fase3/venv/lib/python3.9/site-packages/airflow/example_dags/example_sensors.py for tasks to queue
[2025-11-27T14:08:29.817-0300] {logging_mixin.py:188} INFO - [2025-11-27T14:08:29.817-0300] {dagbag.py:545} INFO - Filling up the DagBag from /Users/davispecia/Documents/GitHub/Pf_pipeline_dados/Projeto_final_fase3/venv/lib/python3.9/site-packages/airflow/example_dags/example_sensors.py
[2025-11-27T14:08:29.825-0300] {processor.py:840} INFO - DAG(s) 'example_sensors' retrieved from /Users/davispecia/Documents/GitHub/Pf_pipeline_dados/Projeto_final_fase3/venv/lib/python3.9/site-packages/airflow/example_dags/example_sensors.py
[2025-11-27T14:08:29.905-0300] {logging_mixin.py:188} INFO - [2025-11-27T14:08:29.905-0300] {dag.py:3089} INFO - Sync 1 DAGs
[2025-11-27T14:08:29.910-0300] {logging_mixin.py:188} INFO - [2025-11-27T14:08:29.910-0300] {dag.py:3947} INFO - Setting next_dagrun for example_sensors to None, run_after=None
[2025-11-27T14:08:29.920-0300] {processor.py:183} INFO - Processing /Users/davispecia/Documents/GitHub/Pf_pipeline_dados/Projeto_final_fase3/venv/lib/python3.9/site-packages/airflow/example_dags/example_sensors.py took 0.106 seconds
[2025-11-27T14:10:04.040-0300] {processor.py:161} INFO - Started process (PID=3593) to work on /Users/davispecia/Documents/GitHub/Pf_pipeline_dados/Projeto_final_fase3/venv/lib/python3.9/site-packages/airflow/example_dags/example_sensors.py
[2025-11-27T14:10:04.041-0300] {processor.py:830} INFO - Processing file /Users/davispecia/Documents/GitHub/Pf_pipeline_dados/Projeto_final_fase3/venv/lib/python3.9/site-packages/airflow/example_dags/example_sensors.py for tasks to queue
[2025-11-27T14:10:04.042-0300] {logging_mixin.py:188} INFO - [2025-11-27T14:10:04.041-0300] {dagbag.py:545} INFO - Filling up the DagBag from /Users/davispecia/Documents/GitHub/Pf_pipeline_dados/Projeto_final_fase3/venv/lib/python3.9/site-packages/airflow/example_dags/example_sensors.py
[2025-11-27T14:10:04.050-0300] {processor.py:840} INFO - DAG(s) 'example_sensors' retrieved from /Users/davispecia/Documents/GitHub/Pf_pipeline_dados/Projeto_final_fase3/venv/lib/python3.9/site-packages/airflow/example_dags/example_sensors.py
[2025-11-27T14:10:04.131-0300] {logging_mixin.py:188} INFO - [2025-11-27T14:10:04.131-0300] {dag.py:3089} INFO - Sync 1 DAGs
[2025-11-27T14:10:04.136-0300] {logging_mixin.py:188} INFO - [2025-11-27T14:10:04.136-0300] {dag.py:3947} INFO - Setting next_dagrun for example_sensors to None, run_after=None
[2025-11-27T14:10:04.146-0300] {processor.py:183} INFO - Processing /Users/davispecia/Documents/GitHub/Pf_pipeline_dados/Projeto_final_fase3/venv/lib/python3.9/site-packages/airflow/example_dags/example_sensors.py took 0.108 seconds
[2025-11-27T14:12:05.044-0300] {processor.py:161} INFO - Started process (PID=3879) to work on /Users/davispecia/Documents/GitHub/Pf_pipeline_dados/Projeto_final_fase3/venv/lib/python3.9/site-packages/airflow/example_dags/example_sensors.py
[2025-11-27T14:12:05.045-0300] {processor.py:830} INFO - Processing file /Users/davispecia/Documents/GitHub/Pf_pipeline_dados/Projeto_final_fase3/venv/lib/python3.9/site-packages/airflow/example_dags/example_sensors.py for tasks to queue
[2025-11-27T14:12:05.045-0300] {logging_mixin.py:188} INFO - [2025-11-27T14:12:05.045-0300] {dagbag.py:545} INFO - Filling up the DagBag from /Users/davispecia/Documents/GitHub/Pf_pipeline_dados/Projeto_final_fase3/venv/lib/python3.9/site-packages/airflow/example_dags/example_sensors.py
[2025-11-27T14:12:05.053-0300] {processor.py:840} INFO - DAG(s) 'example_sensors' retrieved from /Users/davispecia/Documents/GitHub/Pf_pipeline_dados/Projeto_final_fase3/venv/lib/python3.9/site-packages/airflow/example_dags/example_sensors.py
[2025-11-27T14:12:05.131-0300] {logging_mixin.py:188} INFO - [2025-11-27T14:12:05.131-0300] {dag.py:3089} INFO - Sync 1 DAGs
[2025-11-27T14:12:05.136-0300] {logging_mixin.py:188} INFO - [2025-11-27T14:12:05.136-0300] {dag.py:3947} INFO - Setting next_dagrun for example_sensors to None, run_after=None
[2025-11-27T14:12:05.145-0300] {processor.py:183} INFO - Processing /Users/davispecia/Documents/GitHub/Pf_pipeline_dados/Projeto_final_fase3/venv/lib/python3.9/site-packages/airflow/example_dags/example_sensors.py took 0.104 seconds
[2025-11-27T14:14:16.041-0300] {processor.py:161} INFO - Started process (PID=4237) to work on /Users/davispecia/Documents/GitHub/Pf_pipeline_dados/Projeto_final_fase3/venv/lib/python3.9/site-packages/airflow/example_dags/example_sensors.py
[2025-11-27T14:14:16.042-0300] {processor.py:830} INFO - Processing file /Users/davispecia/Documents/GitHub/Pf_pipeline_dados/Projeto_final_fase3/venv/lib/python3.9/site-packages/airflow/example_dags/example_sensors.py for tasks to queue
[2025-11-27T14:14:16.042-0300] {logging_mixin.py:188} INFO - [2025-11-27T14:14:16.042-0300] {dagbag.py:545} INFO - Filling up the DagBag from /Users/davispecia/Documents/GitHub/Pf_pipeline_dados/Projeto_final_fase3/venv/lib/python3.9/site-packages/airflow/example_dags/example_sensors.py
[2025-11-27T14:14:16.051-0300] {processor.py:840} INFO - DAG(s) 'example_sensors' retrieved from /Users/davispecia/Documents/GitHub/Pf_pipeline_dados/Projeto_final_fase3/venv/lib/python3.9/site-packages/airflow/example_dags/example_sensors.py
[2025-11-27T14:14:16.133-0300] {logging_mixin.py:188} INFO - [2025-11-27T14:14:16.133-0300] {dag.py:3089} INFO - Sync 1 DAGs
[2025-11-27T14:14:16.138-0300] {logging_mixin.py:188} INFO - [2025-11-27T14:14:16.138-0300] {dag.py:3947} INFO - Setting next_dagrun for example_sensors to None, run_after=None
[2025-11-27T14:14:16.148-0300] {processor.py:183} INFO - Processing /Users/davispecia/Documents/GitHub/Pf_pipeline_dados/Projeto_final_fase3/venv/lib/python3.9/site-packages/airflow/example_dags/example_sensors.py took 0.110 seconds
[2025-11-27T14:16:37.822-0300] {processor.py:161} INFO - Started process (PID=4632) to work on /Users/davispecia/Documents/GitHub/Pf_pipeline_dados/Projeto_final_fase3/venv/lib/python3.9/site-packages/airflow/example_dags/example_sensors.py
[2025-11-27T14:16:37.823-0300] {processor.py:830} INFO - Processing file /Users/davispecia/Documents/GitHub/Pf_pipeline_dados/Projeto_final_fase3/venv/lib/python3.9/site-packages/airflow/example_dags/example_sensors.py for tasks to queue
[2025-11-27T14:16:37.824-0300] {logging_mixin.py:188} INFO - [2025-11-27T14:16:37.824-0300] {dagbag.py:545} INFO - Filling up the DagBag from /Users/davispecia/Documents/GitHub/Pf_pipeline_dados/Projeto_final_fase3/venv/lib/python3.9/site-packages/airflow/example_dags/example_sensors.py
[2025-11-27T14:16:37.832-0300] {processor.py:840} INFO - DAG(s) 'example_sensors' retrieved from /Users/davispecia/Documents/GitHub/Pf_pipeline_dados/Projeto_final_fase3/venv/lib/python3.9/site-packages/airflow/example_dags/example_sensors.py
[2025-11-27T14:16:37.911-0300] {logging_mixin.py:188} INFO - [2025-11-27T14:16:37.911-0300] {dag.py:3089} INFO - Sync 1 DAGs
[2025-11-27T14:16:37.916-0300] {logging_mixin.py:188} INFO - [2025-11-27T14:16:37.916-0300] {dag.py:3947} INFO - Setting next_dagrun for example_sensors to None, run_after=None
[2025-11-27T14:16:37.925-0300] {processor.py:183} INFO - Processing /Users/davispecia/Documents/GitHub/Pf_pipeline_dados/Projeto_final_fase3/venv/lib/python3.9/site-packages/airflow/example_dags/example_sensors.py took 0.105 seconds
[2025-11-27T14:18:53.916-0300] {processor.py:161} INFO - Started process (PID=4955) to work on /Users/davispecia/Documents/GitHub/Pf_pipeline_dados/Projeto_final_fase3/venv/lib/python3.9/site-packages/airflow/example_dags/example_sensors.py
[2025-11-27T14:18:53.916-0300] {processor.py:830} INFO - Processing file /Users/davispecia/Documents/GitHub/Pf_pipeline_dados/Projeto_final_fase3/venv/lib/python3.9/site-packages/airflow/example_dags/example_sensors.py for tasks to queue
[2025-11-27T14:18:53.917-0300] {logging_mixin.py:188} INFO - [2025-11-27T14:18:53.917-0300] {dagbag.py:545} INFO - Filling up the DagBag from /Users/davispecia/Documents/GitHub/Pf_pipeline_dados/Projeto_final_fase3/venv/lib/python3.9/site-packages/airflow/example_dags/example_sensors.py
[2025-11-27T14:18:53.925-0300] {processor.py:840} INFO - DAG(s) 'example_sensors' retrieved from /Users/davispecia/Documents/GitHub/Pf_pipeline_dados/Projeto_final_fase3/venv/lib/python3.9/site-packages/airflow/example_dags/example_sensors.py
[2025-11-27T14:18:54.005-0300] {logging_mixin.py:188} INFO - [2025-11-27T14:18:54.005-0300] {dag.py:3089} INFO - Sync 1 DAGs
[2025-11-27T14:18:54.010-0300] {logging_mixin.py:188} INFO - [2025-11-27T14:18:54.009-0300] {dag.py:3947} INFO - Setting next_dagrun for example_sensors to None, run_after=None
[2025-11-27T14:18:54.019-0300] {processor.py:183} INFO - Processing /Users/davispecia/Documents/GitHub/Pf_pipeline_dados/Projeto_final_fase3/venv/lib/python3.9/site-packages/airflow/example_dags/example_sensors.py took 0.106 seconds
[2025-11-27T14:21:15.221-0300] {processor.py:161} INFO - Started process (PID=5350) to work on /Users/davispecia/Documents/GitHub/Pf_pipeline_dados/Projeto_final_fase3/venv/lib/python3.9/site-packages/airflow/example_dags/example_sensors.py
[2025-11-27T14:21:15.221-0300] {processor.py:830} INFO - Processing file /Users/davispecia/Documents/GitHub/Pf_pipeline_dados/Projeto_final_fase3/venv/lib/python3.9/site-packages/airflow/example_dags/example_sensors.py for tasks to queue
[2025-11-27T14:21:15.222-0300] {logging_mixin.py:188} INFO - [2025-11-27T14:21:15.221-0300] {dagbag.py:545} INFO - Filling up the DagBag from /Users/davispecia/Documents/GitHub/Pf_pipeline_dados/Projeto_final_fase3/venv/lib/python3.9/site-packages/airflow/example_dags/example_sensors.py
[2025-11-27T14:21:15.230-0300] {processor.py:840} INFO - DAG(s) 'example_sensors' retrieved from /Users/davispecia/Documents/GitHub/Pf_pipeline_dados/Projeto_final_fase3/venv/lib/python3.9/site-packages/airflow/example_dags/example_sensors.py
[2025-11-27T14:21:15.311-0300] {logging_mixin.py:188} INFO - [2025-11-27T14:21:15.310-0300] {dag.py:3089} INFO - Sync 1 DAGs
[2025-11-27T14:21:15.316-0300] {logging_mixin.py:188} INFO - [2025-11-27T14:21:15.315-0300] {dag.py:3947} INFO - Setting next_dagrun for example_sensors to None, run_after=None
[2025-11-27T14:21:15.325-0300] {processor.py:183} INFO - Processing /Users/davispecia/Documents/GitHub/Pf_pipeline_dados/Projeto_final_fase3/venv/lib/python3.9/site-packages/airflow/example_dags/example_sensors.py took 0.107 seconds
[2025-11-27T14:23:26.571-0300] {processor.py:161} INFO - Started process (PID=5658) to work on /Users/davispecia/Documents/GitHub/Pf_pipeline_dados/Projeto_final_fase3/venv/lib/python3.9/site-packages/airflow/example_dags/example_sensors.py
[2025-11-27T14:23:26.571-0300] {processor.py:830} INFO - Processing file /Users/davispecia/Documents/GitHub/Pf_pipeline_dados/Projeto_final_fase3/venv/lib/python3.9/site-packages/airflow/example_dags/example_sensors.py for tasks to queue
[2025-11-27T14:23:26.572-0300] {logging_mixin.py:188} INFO - [2025-11-27T14:23:26.572-0300] {dagbag.py:545} INFO - Filling up the DagBag from /Users/davispecia/Documents/GitHub/Pf_pipeline_dados/Projeto_final_fase3/venv/lib/python3.9/site-packages/airflow/example_dags/example_sensors.py
[2025-11-27T14:23:26.580-0300] {processor.py:840} INFO - DAG(s) 'example_sensors' retrieved from /Users/davispecia/Documents/GitHub/Pf_pipeline_dados/Projeto_final_fase3/venv/lib/python3.9/site-packages/airflow/example_dags/example_sensors.py
[2025-11-27T14:23:26.663-0300] {logging_mixin.py:188} INFO - [2025-11-27T14:23:26.663-0300] {dag.py:3089} INFO - Sync 1 DAGs
[2025-11-27T14:23:26.670-0300] {logging_mixin.py:188} INFO - [2025-11-27T14:23:26.670-0300] {dag.py:3947} INFO - Setting next_dagrun for example_sensors to None, run_after=None
[2025-11-27T14:23:26.680-0300] {processor.py:183} INFO - Processing /Users/davispecia/Documents/GitHub/Pf_pipeline_dados/Projeto_final_fase3/venv/lib/python3.9/site-packages/airflow/example_dags/example_sensors.py took 0.112 seconds
[2025-11-27T14:25:47.707-0300] {processor.py:161} INFO - Started process (PID=5984) to work on /Users/davispecia/Documents/GitHub/Pf_pipeline_dados/Projeto_final_fase3/venv/lib/python3.9/site-packages/airflow/example_dags/example_sensors.py
[2025-11-27T14:25:47.708-0300] {processor.py:830} INFO - Processing file /Users/davispecia/Documents/GitHub/Pf_pipeline_dados/Projeto_final_fase3/venv/lib/python3.9/site-packages/airflow/example_dags/example_sensors.py for tasks to queue
[2025-11-27T14:25:47.709-0300] {logging_mixin.py:188} INFO - [2025-11-27T14:25:47.708-0300] {dagbag.py:545} INFO - Filling up the DagBag from /Users/davispecia/Documents/GitHub/Pf_pipeline_dados/Projeto_final_fase3/venv/lib/python3.9/site-packages/airflow/example_dags/example_sensors.py
[2025-11-27T14:25:47.717-0300] {processor.py:840} INFO - DAG(s) 'example_sensors' retrieved from /Users/davispecia/Documents/GitHub/Pf_pipeline_dados/Projeto_final_fase3/venv/lib/python3.9/site-packages/airflow/example_dags/example_sensors.py
[2025-11-27T14:25:47.800-0300] {logging_mixin.py:188} INFO - [2025-11-27T14:25:47.800-0300] {dag.py:3089} INFO - Sync 1 DAGs
[2025-11-27T14:25:47.805-0300] {logging_mixin.py:188} INFO - [2025-11-27T14:25:47.805-0300] {dag.py:3947} INFO - Setting next_dagrun for example_sensors to None, run_after=None
[2025-11-27T14:25:47.817-0300] {processor.py:183} INFO - Processing /Users/davispecia/Documents/GitHub/Pf_pipeline_dados/Projeto_final_fase3/venv/lib/python3.9/site-packages/airflow/example_dags/example_sensors.py took 0.112 seconds
[2025-11-27T14:28:21.999-0300] {processor.py:161} INFO - Started process (PID=6456) to work on /Users/davispecia/Documents/GitHub/Pf_pipeline_dados/Projeto_final_fase3/venv/lib/python3.9/site-packages/airflow/example_dags/example_sensors.py
[2025-11-27T14:28:22.000-0300] {processor.py:830} INFO - Processing file /Users/davispecia/Documents/GitHub/Pf_pipeline_dados/Projeto_final_fase3/venv/lib/python3.9/site-packages/airflow/example_dags/example_sensors.py for tasks to queue
[2025-11-27T14:28:22.000-0300] {logging_mixin.py:188} INFO - [2025-11-27T14:28:22.000-0300] {dagbag.py:545} INFO - Filling up the DagBag from /Users/davispecia/Documents/GitHub/Pf_pipeline_dados/Projeto_final_fase3/venv/lib/python3.9/site-packages/airflow/example_dags/example_sensors.py
[2025-11-27T14:28:22.008-0300] {processor.py:840} INFO - DAG(s) 'example_sensors' retrieved from /Users/davispecia/Documents/GitHub/Pf_pipeline_dados/Projeto_final_fase3/venv/lib/python3.9/site-packages/airflow/example_dags/example_sensors.py
[2025-11-27T14:28:22.094-0300] {logging_mixin.py:188} INFO - [2025-11-27T14:28:22.094-0300] {dag.py:3089} INFO - Sync 1 DAGs
[2025-11-27T14:28:22.099-0300] {logging_mixin.py:188} INFO - [2025-11-27T14:28:22.099-0300] {dag.py:3947} INFO - Setting next_dagrun for example_sensors to None, run_after=None
[2025-11-27T14:28:22.109-0300] {processor.py:183} INFO - Processing /Users/davispecia/Documents/GitHub/Pf_pipeline_dados/Projeto_final_fase3/venv/lib/python3.9/site-packages/airflow/example_dags/example_sensors.py took 0.113 seconds
[2025-11-27T14:30:34.109-0300] {processor.py:161} INFO - Started process (PID=6774) to work on /Users/davispecia/Documents/GitHub/Pf_pipeline_dados/Projeto_final_fase3/venv/lib/python3.9/site-packages/airflow/example_dags/example_sensors.py
[2025-11-27T14:30:34.110-0300] {processor.py:830} INFO - Processing file /Users/davispecia/Documents/GitHub/Pf_pipeline_dados/Projeto_final_fase3/venv/lib/python3.9/site-packages/airflow/example_dags/example_sensors.py for tasks to queue
[2025-11-27T14:30:34.111-0300] {logging_mixin.py:188} INFO - [2025-11-27T14:30:34.110-0300] {dagbag.py:545} INFO - Filling up the DagBag from /Users/davispecia/Documents/GitHub/Pf_pipeline_dados/Projeto_final_fase3/venv/lib/python3.9/site-packages/airflow/example_dags/example_sensors.py
[2025-11-27T14:30:34.118-0300] {processor.py:840} INFO - DAG(s) 'example_sensors' retrieved from /Users/davispecia/Documents/GitHub/Pf_pipeline_dados/Projeto_final_fase3/venv/lib/python3.9/site-packages/airflow/example_dags/example_sensors.py
[2025-11-27T14:30:34.198-0300] {logging_mixin.py:188} INFO - [2025-11-27T14:30:34.198-0300] {dag.py:3089} INFO - Sync 1 DAGs
[2025-11-27T14:30:34.203-0300] {logging_mixin.py:188} INFO - [2025-11-27T14:30:34.203-0300] {dag.py:3947} INFO - Setting next_dagrun for example_sensors to None, run_after=None
[2025-11-27T14:30:34.214-0300] {processor.py:183} INFO - Processing /Users/davispecia/Documents/GitHub/Pf_pipeline_dados/Projeto_final_fase3/venv/lib/python3.9/site-packages/airflow/example_dags/example_sensors.py took 0.106 seconds
[2025-11-27T14:32:39.495-0300] {processor.py:161} INFO - Started process (PID=7078) to work on /Users/davispecia/Documents/GitHub/Pf_pipeline_dados/Projeto_final_fase3/venv/lib/python3.9/site-packages/airflow/example_dags/example_sensors.py
[2025-11-27T14:32:39.496-0300] {processor.py:830} INFO - Processing file /Users/davispecia/Documents/GitHub/Pf_pipeline_dados/Projeto_final_fase3/venv/lib/python3.9/site-packages/airflow/example_dags/example_sensors.py for tasks to queue
[2025-11-27T14:32:39.497-0300] {logging_mixin.py:188} INFO - [2025-11-27T14:32:39.496-0300] {dagbag.py:545} INFO - Filling up the DagBag from /Users/davispecia/Documents/GitHub/Pf_pipeline_dados/Projeto_final_fase3/venv/lib/python3.9/site-packages/airflow/example_dags/example_sensors.py
[2025-11-27T14:32:39.504-0300] {processor.py:840} INFO - DAG(s) 'example_sensors' retrieved from /Users/davispecia/Documents/GitHub/Pf_pipeline_dados/Projeto_final_fase3/venv/lib/python3.9/site-packages/airflow/example_dags/example_sensors.py
[2025-11-27T14:32:39.583-0300] {logging_mixin.py:188} INFO - [2025-11-27T14:32:39.583-0300] {dag.py:3089} INFO - Sync 1 DAGs
[2025-11-27T14:32:39.588-0300] {logging_mixin.py:188} INFO - [2025-11-27T14:32:39.588-0300] {dag.py:3947} INFO - Setting next_dagrun for example_sensors to None, run_after=None
[2025-11-27T14:32:39.597-0300] {processor.py:183} INFO - Processing /Users/davispecia/Documents/GitHub/Pf_pipeline_dados/Projeto_final_fase3/venv/lib/python3.9/site-packages/airflow/example_dags/example_sensors.py took 0.105 seconds
[2025-11-27T14:35:06.313-0300] {processor.py:161} INFO - Started process (PID=7581) to work on /Users/davispecia/Documents/GitHub/Pf_pipeline_dados/Projeto_final_fase3/venv/lib/python3.9/site-packages/airflow/example_dags/example_sensors.py
[2025-11-27T14:35:06.314-0300] {processor.py:830} INFO - Processing file /Users/davispecia/Documents/GitHub/Pf_pipeline_dados/Projeto_final_fase3/venv/lib/python3.9/site-packages/airflow/example_dags/example_sensors.py for tasks to queue
[2025-11-27T14:35:06.315-0300] {logging_mixin.py:188} INFO - [2025-11-27T14:35:06.315-0300] {dagbag.py:545} INFO - Filling up the DagBag from /Users/davispecia/Documents/GitHub/Pf_pipeline_dados/Projeto_final_fase3/venv/lib/python3.9/site-packages/airflow/example_dags/example_sensors.py
[2025-11-27T14:35:06.327-0300] {processor.py:840} INFO - DAG(s) 'example_sensors' retrieved from /Users/davispecia/Documents/GitHub/Pf_pipeline_dados/Projeto_final_fase3/venv/lib/python3.9/site-packages/airflow/example_dags/example_sensors.py
[2025-11-27T14:35:06.491-0300] {logging_mixin.py:188} INFO - [2025-11-27T14:35:06.491-0300] {dag.py:3089} INFO - Sync 1 DAGs
[2025-11-27T14:35:06.497-0300] {logging_mixin.py:188} INFO - [2025-11-27T14:35:06.497-0300] {dag.py:3947} INFO - Setting next_dagrun for example_sensors to None, run_after=None
[2025-11-27T14:35:06.518-0300] {processor.py:183} INFO - Processing /Users/davispecia/Documents/GitHub/Pf_pipeline_dados/Projeto_final_fase3/venv/lib/python3.9/site-packages/airflow/example_dags/example_sensors.py took 0.210 seconds
[2025-11-27T14:37:25.707-0300] {processor.py:161} INFO - Started process (PID=7963) to work on /Users/davispecia/Documents/GitHub/Pf_pipeline_dados/Projeto_final_fase3/venv/lib/python3.9/site-packages/airflow/example_dags/example_sensors.py
[2025-11-27T14:37:25.707-0300] {processor.py:830} INFO - Processing file /Users/davispecia/Documents/GitHub/Pf_pipeline_dados/Projeto_final_fase3/venv/lib/python3.9/site-packages/airflow/example_dags/example_sensors.py for tasks to queue
[2025-11-27T14:37:25.708-0300] {logging_mixin.py:188} INFO - [2025-11-27T14:37:25.708-0300] {dagbag.py:545} INFO - Filling up the DagBag from /Users/davispecia/Documents/GitHub/Pf_pipeline_dados/Projeto_final_fase3/venv/lib/python3.9/site-packages/airflow/example_dags/example_sensors.py
[2025-11-27T14:37:25.716-0300] {processor.py:840} INFO - DAG(s) 'example_sensors' retrieved from /Users/davispecia/Documents/GitHub/Pf_pipeline_dados/Projeto_final_fase3/venv/lib/python3.9/site-packages/airflow/example_dags/example_sensors.py
[2025-11-27T14:37:25.798-0300] {logging_mixin.py:188} INFO - [2025-11-27T14:37:25.798-0300] {dag.py:3089} INFO - Sync 1 DAGs
[2025-11-27T14:37:25.803-0300] {logging_mixin.py:188} INFO - [2025-11-27T14:37:25.803-0300] {dag.py:3947} INFO - Setting next_dagrun for example_sensors to None, run_after=None
[2025-11-27T14:37:25.812-0300] {processor.py:183} INFO - Processing /Users/davispecia/Documents/GitHub/Pf_pipeline_dados/Projeto_final_fase3/venv/lib/python3.9/site-packages/airflow/example_dags/example_sensors.py took 0.108 seconds
[2025-11-27T14:39:46.098-0300] {processor.py:161} INFO - Started process (PID=8365) to work on /Users/davispecia/Documents/GitHub/Pf_pipeline_dados/Projeto_final_fase3/venv/lib/python3.9/site-packages/airflow/example_dags/example_sensors.py
[2025-11-27T14:39:46.099-0300] {processor.py:830} INFO - Processing file /Users/davispecia/Documents/GitHub/Pf_pipeline_dados/Projeto_final_fase3/venv/lib/python3.9/site-packages/airflow/example_dags/example_sensors.py for tasks to queue
[2025-11-27T14:39:46.099-0300] {logging_mixin.py:188} INFO - [2025-11-27T14:39:46.099-0300] {dagbag.py:545} INFO - Filling up the DagBag from /Users/davispecia/Documents/GitHub/Pf_pipeline_dados/Projeto_final_fase3/venv/lib/python3.9/site-packages/airflow/example_dags/example_sensors.py
[2025-11-27T14:39:46.107-0300] {processor.py:840} INFO - DAG(s) 'example_sensors' retrieved from /Users/davispecia/Documents/GitHub/Pf_pipeline_dados/Projeto_final_fase3/venv/lib/python3.9/site-packages/airflow/example_dags/example_sensors.py
[2025-11-27T14:39:46.184-0300] {logging_mixin.py:188} INFO - [2025-11-27T14:39:46.184-0300] {dag.py:3089} INFO - Sync 1 DAGs
[2025-11-27T14:39:46.189-0300] {logging_mixin.py:188} INFO - [2025-11-27T14:39:46.189-0300] {dag.py:3947} INFO - Setting next_dagrun for example_sensors to None, run_after=None
[2025-11-27T14:39:46.199-0300] {processor.py:183} INFO - Processing /Users/davispecia/Documents/GitHub/Pf_pipeline_dados/Projeto_final_fase3/venv/lib/python3.9/site-packages/airflow/example_dags/example_sensors.py took 0.103 seconds
[2025-11-27T14:41:52.280-0300] {processor.py:161} INFO - Started process (PID=8734) to work on /Users/davispecia/Documents/GitHub/Pf_pipeline_dados/Projeto_final_fase3/venv/lib/python3.9/site-packages/airflow/example_dags/example_sensors.py
[2025-11-27T14:41:52.281-0300] {processor.py:830} INFO - Processing file /Users/davispecia/Documents/GitHub/Pf_pipeline_dados/Projeto_final_fase3/venv/lib/python3.9/site-packages/airflow/example_dags/example_sensors.py for tasks to queue
[2025-11-27T14:41:52.282-0300] {logging_mixin.py:188} INFO - [2025-11-27T14:41:52.282-0300] {dagbag.py:545} INFO - Filling up the DagBag from /Users/davispecia/Documents/GitHub/Pf_pipeline_dados/Projeto_final_fase3/venv/lib/python3.9/site-packages/airflow/example_dags/example_sensors.py
[2025-11-27T14:41:52.290-0300] {processor.py:840} INFO - DAG(s) 'example_sensors' retrieved from /Users/davispecia/Documents/GitHub/Pf_pipeline_dados/Projeto_final_fase3/venv/lib/python3.9/site-packages/airflow/example_dags/example_sensors.py
[2025-11-27T14:41:52.369-0300] {logging_mixin.py:188} INFO - [2025-11-27T14:41:52.369-0300] {dag.py:3089} INFO - Sync 1 DAGs
[2025-11-27T14:41:52.374-0300] {logging_mixin.py:188} INFO - [2025-11-27T14:41:52.374-0300] {dag.py:3947} INFO - Setting next_dagrun for example_sensors to None, run_after=None
[2025-11-27T14:41:52.385-0300] {processor.py:183} INFO - Processing /Users/davispecia/Documents/GitHub/Pf_pipeline_dados/Projeto_final_fase3/venv/lib/python3.9/site-packages/airflow/example_dags/example_sensors.py took 0.107 seconds
[2025-11-27T14:43:57.289-0300] {processor.py:161} INFO - Started process (PID=9060) to work on /Users/davispecia/Documents/GitHub/Pf_pipeline_dados/Projeto_final_fase3/venv/lib/python3.9/site-packages/airflow/example_dags/example_sensors.py
[2025-11-27T14:43:57.290-0300] {processor.py:830} INFO - Processing file /Users/davispecia/Documents/GitHub/Pf_pipeline_dados/Projeto_final_fase3/venv/lib/python3.9/site-packages/airflow/example_dags/example_sensors.py for tasks to queue
[2025-11-27T14:43:57.291-0300] {logging_mixin.py:188} INFO - [2025-11-27T14:43:57.291-0300] {dagbag.py:545} INFO - Filling up the DagBag from /Users/davispecia/Documents/GitHub/Pf_pipeline_dados/Projeto_final_fase3/venv/lib/python3.9/site-packages/airflow/example_dags/example_sensors.py
[2025-11-27T14:43:57.298-0300] {processor.py:840} INFO - DAG(s) 'example_sensors' retrieved from /Users/davispecia/Documents/GitHub/Pf_pipeline_dados/Projeto_final_fase3/venv/lib/python3.9/site-packages/airflow/example_dags/example_sensors.py
[2025-11-27T14:43:57.393-0300] {logging_mixin.py:188} INFO - [2025-11-27T14:43:57.393-0300] {dag.py:3089} INFO - Sync 1 DAGs
[2025-11-27T14:43:57.400-0300] {logging_mixin.py:188} INFO - [2025-11-27T14:43:57.400-0300] {dag.py:3947} INFO - Setting next_dagrun for example_sensors to None, run_after=None
[2025-11-27T14:43:57.413-0300] {processor.py:183} INFO - Processing /Users/davispecia/Documents/GitHub/Pf_pipeline_dados/Projeto_final_fase3/venv/lib/python3.9/site-packages/airflow/example_dags/example_sensors.py took 0.127 seconds
[2025-11-27T14:46:18.031-0300] {processor.py:161} INFO - Started process (PID=9508) to work on /Users/davispecia/Documents/GitHub/Pf_pipeline_dados/Projeto_final_fase3/venv/lib/python3.9/site-packages/airflow/example_dags/example_sensors.py
[2025-11-27T14:46:18.033-0300] {processor.py:830} INFO - Processing file /Users/davispecia/Documents/GitHub/Pf_pipeline_dados/Projeto_final_fase3/venv/lib/python3.9/site-packages/airflow/example_dags/example_sensors.py for tasks to queue
[2025-11-27T14:46:18.033-0300] {logging_mixin.py:188} INFO - [2025-11-27T14:46:18.033-0300] {dagbag.py:545} INFO - Filling up the DagBag from /Users/davispecia/Documents/GitHub/Pf_pipeline_dados/Projeto_final_fase3/venv/lib/python3.9/site-packages/airflow/example_dags/example_sensors.py
[2025-11-27T14:46:18.045-0300] {processor.py:840} INFO - DAG(s) 'example_sensors' retrieved from /Users/davispecia/Documents/GitHub/Pf_pipeline_dados/Projeto_final_fase3/venv/lib/python3.9/site-packages/airflow/example_dags/example_sensors.py
[2025-11-27T14:46:18.129-0300] {logging_mixin.py:188} INFO - [2025-11-27T14:46:18.129-0300] {dag.py:3089} INFO - Sync 1 DAGs
[2025-11-27T14:46:18.135-0300] {logging_mixin.py:188} INFO - [2025-11-27T14:46:18.135-0300] {dag.py:3947} INFO - Setting next_dagrun for example_sensors to None, run_after=None
[2025-11-27T14:46:18.147-0300] {processor.py:183} INFO - Processing /Users/davispecia/Documents/GitHub/Pf_pipeline_dados/Projeto_final_fase3/venv/lib/python3.9/site-packages/airflow/example_dags/example_sensors.py took 0.118 seconds
[2025-11-27T14:48:25.573-0300] {processor.py:161} INFO - Started process (PID=9822) to work on /Users/davispecia/Documents/GitHub/Pf_pipeline_dados/Projeto_final_fase3/venv/lib/python3.9/site-packages/airflow/example_dags/example_sensors.py
[2025-11-27T14:48:25.574-0300] {processor.py:830} INFO - Processing file /Users/davispecia/Documents/GitHub/Pf_pipeline_dados/Projeto_final_fase3/venv/lib/python3.9/site-packages/airflow/example_dags/example_sensors.py for tasks to queue
[2025-11-27T14:48:25.575-0300] {logging_mixin.py:188} INFO - [2025-11-27T14:48:25.575-0300] {dagbag.py:545} INFO - Filling up the DagBag from /Users/davispecia/Documents/GitHub/Pf_pipeline_dados/Projeto_final_fase3/venv/lib/python3.9/site-packages/airflow/example_dags/example_sensors.py
[2025-11-27T14:48:25.582-0300] {processor.py:840} INFO - DAG(s) 'example_sensors' retrieved from /Users/davispecia/Documents/GitHub/Pf_pipeline_dados/Projeto_final_fase3/venv/lib/python3.9/site-packages/airflow/example_dags/example_sensors.py
[2025-11-27T14:48:25.658-0300] {logging_mixin.py:188} INFO - [2025-11-27T14:48:25.658-0300] {dag.py:3089} INFO - Sync 1 DAGs
[2025-11-27T14:48:25.663-0300] {logging_mixin.py:188} INFO - [2025-11-27T14:48:25.663-0300] {dag.py:3947} INFO - Setting next_dagrun for example_sensors to None, run_after=None
[2025-11-27T14:48:25.674-0300] {processor.py:183} INFO - Processing /Users/davispecia/Documents/GitHub/Pf_pipeline_dados/Projeto_final_fase3/venv/lib/python3.9/site-packages/airflow/example_dags/example_sensors.py took 0.103 seconds
[2025-11-27T14:50:42.870-0300] {processor.py:161} INFO - Started process (PID=10221) to work on /Users/davispecia/Documents/GitHub/Pf_pipeline_dados/Projeto_final_fase3/venv/lib/python3.9/site-packages/airflow/example_dags/example_sensors.py
[2025-11-27T14:50:42.871-0300] {processor.py:830} INFO - Processing file /Users/davispecia/Documents/GitHub/Pf_pipeline_dados/Projeto_final_fase3/venv/lib/python3.9/site-packages/airflow/example_dags/example_sensors.py for tasks to queue
[2025-11-27T14:50:42.871-0300] {logging_mixin.py:188} INFO - [2025-11-27T14:50:42.871-0300] {dagbag.py:545} INFO - Filling up the DagBag from /Users/davispecia/Documents/GitHub/Pf_pipeline_dados/Projeto_final_fase3/venv/lib/python3.9/site-packages/airflow/example_dags/example_sensors.py
[2025-11-27T14:50:42.879-0300] {processor.py:840} INFO - DAG(s) 'example_sensors' retrieved from /Users/davispecia/Documents/GitHub/Pf_pipeline_dados/Projeto_final_fase3/venv/lib/python3.9/site-packages/airflow/example_dags/example_sensors.py
[2025-11-27T14:50:42.959-0300] {logging_mixin.py:188} INFO - [2025-11-27T14:50:42.958-0300] {dag.py:3089} INFO - Sync 1 DAGs
[2025-11-27T14:50:42.965-0300] {logging_mixin.py:188} INFO - [2025-11-27T14:50:42.965-0300] {dag.py:3947} INFO - Setting next_dagrun for example_sensors to None, run_after=None
[2025-11-27T14:50:42.976-0300] {processor.py:183} INFO - Processing /Users/davispecia/Documents/GitHub/Pf_pipeline_dados/Projeto_final_fase3/venv/lib/python3.9/site-packages/airflow/example_dags/example_sensors.py took 0.108 seconds
[2025-11-27T14:52:51.558-0300] {processor.py:161} INFO - Started process (PID=10542) to work on /Users/davispecia/Documents/GitHub/Pf_pipeline_dados/Projeto_final_fase3/venv/lib/python3.9/site-packages/airflow/example_dags/example_sensors.py
[2025-11-27T14:52:51.559-0300] {processor.py:830} INFO - Processing file /Users/davispecia/Documents/GitHub/Pf_pipeline_dados/Projeto_final_fase3/venv/lib/python3.9/site-packages/airflow/example_dags/example_sensors.py for tasks to queue
[2025-11-27T14:52:51.559-0300] {logging_mixin.py:188} INFO - [2025-11-27T14:52:51.559-0300] {dagbag.py:545} INFO - Filling up the DagBag from /Users/davispecia/Documents/GitHub/Pf_pipeline_dados/Projeto_final_fase3/venv/lib/python3.9/site-packages/airflow/example_dags/example_sensors.py
[2025-11-27T14:52:51.568-0300] {processor.py:840} INFO - DAG(s) 'example_sensors' retrieved from /Users/davispecia/Documents/GitHub/Pf_pipeline_dados/Projeto_final_fase3/venv/lib/python3.9/site-packages/airflow/example_dags/example_sensors.py
[2025-11-27T14:52:51.646-0300] {logging_mixin.py:188} INFO - [2025-11-27T14:52:51.646-0300] {dag.py:3089} INFO - Sync 1 DAGs
[2025-11-27T14:52:51.651-0300] {logging_mixin.py:188} INFO - [2025-11-27T14:52:51.651-0300] {dag.py:3947} INFO - Setting next_dagrun for example_sensors to None, run_after=None
[2025-11-27T14:52:51.662-0300] {processor.py:183} INFO - Processing /Users/davispecia/Documents/GitHub/Pf_pipeline_dados/Projeto_final_fase3/venv/lib/python3.9/site-packages/airflow/example_dags/example_sensors.py took 0.106 seconds
[2025-11-27T14:54:54.296-0300] {processor.py:161} INFO - Started process (PID=10836) to work on /Users/davispecia/Documents/GitHub/Pf_pipeline_dados/Projeto_final_fase3/venv/lib/python3.9/site-packages/airflow/example_dags/example_sensors.py
[2025-11-27T14:54:54.297-0300] {processor.py:830} INFO - Processing file /Users/davispecia/Documents/GitHub/Pf_pipeline_dados/Projeto_final_fase3/venv/lib/python3.9/site-packages/airflow/example_dags/example_sensors.py for tasks to queue
[2025-11-27T14:54:54.297-0300] {logging_mixin.py:188} INFO - [2025-11-27T14:54:54.297-0300] {dagbag.py:545} INFO - Filling up the DagBag from /Users/davispecia/Documents/GitHub/Pf_pipeline_dados/Projeto_final_fase3/venv/lib/python3.9/site-packages/airflow/example_dags/example_sensors.py
[2025-11-27T14:54:54.305-0300] {processor.py:840} INFO - DAG(s) 'example_sensors' retrieved from /Users/davispecia/Documents/GitHub/Pf_pipeline_dados/Projeto_final_fase3/venv/lib/python3.9/site-packages/airflow/example_dags/example_sensors.py
[2025-11-27T14:54:54.382-0300] {logging_mixin.py:188} INFO - [2025-11-27T14:54:54.382-0300] {dag.py:3089} INFO - Sync 1 DAGs
[2025-11-27T14:54:54.386-0300] {logging_mixin.py:188} INFO - [2025-11-27T14:54:54.386-0300] {dag.py:3947} INFO - Setting next_dagrun for example_sensors to None, run_after=None
[2025-11-27T14:54:54.397-0300] {processor.py:183} INFO - Processing /Users/davispecia/Documents/GitHub/Pf_pipeline_dados/Projeto_final_fase3/venv/lib/python3.9/site-packages/airflow/example_dags/example_sensors.py took 0.103 seconds
[2025-11-27T14:57:08.394-0300] {processor.py:161} INFO - Started process (PID=11231) to work on /Users/davispecia/Documents/GitHub/Pf_pipeline_dados/Projeto_final_fase3/venv/lib/python3.9/site-packages/airflow/example_dags/example_sensors.py
[2025-11-27T14:57:08.395-0300] {processor.py:830} INFO - Processing file /Users/davispecia/Documents/GitHub/Pf_pipeline_dados/Projeto_final_fase3/venv/lib/python3.9/site-packages/airflow/example_dags/example_sensors.py for tasks to queue
[2025-11-27T14:57:08.395-0300] {logging_mixin.py:188} INFO - [2025-11-27T14:57:08.395-0300] {dagbag.py:545} INFO - Filling up the DagBag from /Users/davispecia/Documents/GitHub/Pf_pipeline_dados/Projeto_final_fase3/venv/lib/python3.9/site-packages/airflow/example_dags/example_sensors.py
[2025-11-27T14:57:08.402-0300] {processor.py:840} INFO - DAG(s) 'example_sensors' retrieved from /Users/davispecia/Documents/GitHub/Pf_pipeline_dados/Projeto_final_fase3/venv/lib/python3.9/site-packages/airflow/example_dags/example_sensors.py
[2025-11-27T14:57:08.479-0300] {logging_mixin.py:188} INFO - [2025-11-27T14:57:08.479-0300] {dag.py:3089} INFO - Sync 1 DAGs
[2025-11-27T14:57:08.484-0300] {logging_mixin.py:188} INFO - [2025-11-27T14:57:08.484-0300] {dag.py:3947} INFO - Setting next_dagrun for example_sensors to None, run_after=None
[2025-11-27T14:57:08.493-0300] {processor.py:183} INFO - Processing /Users/davispecia/Documents/GitHub/Pf_pipeline_dados/Projeto_final_fase3/venv/lib/python3.9/site-packages/airflow/example_dags/example_sensors.py took 0.101 seconds
[2025-11-27T14:59:16.590-0300] {processor.py:161} INFO - Started process (PID=11534) to work on /Users/davispecia/Documents/GitHub/Pf_pipeline_dados/Projeto_final_fase3/venv/lib/python3.9/site-packages/airflow/example_dags/example_sensors.py
[2025-11-27T14:59:16.591-0300] {processor.py:830} INFO - Processing file /Users/davispecia/Documents/GitHub/Pf_pipeline_dados/Projeto_final_fase3/venv/lib/python3.9/site-packages/airflow/example_dags/example_sensors.py for tasks to queue
[2025-11-27T14:59:16.591-0300] {logging_mixin.py:188} INFO - [2025-11-27T14:59:16.591-0300] {dagbag.py:545} INFO - Filling up the DagBag from /Users/davispecia/Documents/GitHub/Pf_pipeline_dados/Projeto_final_fase3/venv/lib/python3.9/site-packages/airflow/example_dags/example_sensors.py
[2025-11-27T14:59:16.598-0300] {processor.py:840} INFO - DAG(s) 'example_sensors' retrieved from /Users/davispecia/Documents/GitHub/Pf_pipeline_dados/Projeto_final_fase3/venv/lib/python3.9/site-packages/airflow/example_dags/example_sensors.py
[2025-11-27T14:59:16.675-0300] {logging_mixin.py:188} INFO - [2025-11-27T14:59:16.675-0300] {dag.py:3089} INFO - Sync 1 DAGs
[2025-11-27T14:59:16.680-0300] {logging_mixin.py:188} INFO - [2025-11-27T14:59:16.680-0300] {dag.py:3947} INFO - Setting next_dagrun for example_sensors to None, run_after=None
[2025-11-27T14:59:16.689-0300] {processor.py:183} INFO - Processing /Users/davispecia/Documents/GitHub/Pf_pipeline_dados/Projeto_final_fase3/venv/lib/python3.9/site-packages/airflow/example_dags/example_sensors.py took 0.101 seconds
[2025-11-27T15:01:29.951-0300] {processor.py:161} INFO - Started process (PID=11911) to work on /Users/davispecia/Documents/GitHub/Pf_pipeline_dados/Projeto_final_fase3/venv/lib/python3.9/site-packages/airflow/example_dags/example_sensors.py
[2025-11-27T15:01:29.953-0300] {processor.py:830} INFO - Processing file /Users/davispecia/Documents/GitHub/Pf_pipeline_dados/Projeto_final_fase3/venv/lib/python3.9/site-packages/airflow/example_dags/example_sensors.py for tasks to queue
[2025-11-27T15:01:29.953-0300] {logging_mixin.py:188} INFO - [2025-11-27T15:01:29.953-0300] {dagbag.py:545} INFO - Filling up the DagBag from /Users/davispecia/Documents/GitHub/Pf_pipeline_dados/Projeto_final_fase3/venv/lib/python3.9/site-packages/airflow/example_dags/example_sensors.py
[2025-11-27T15:01:29.961-0300] {processor.py:840} INFO - DAG(s) 'example_sensors' retrieved from /Users/davispecia/Documents/GitHub/Pf_pipeline_dados/Projeto_final_fase3/venv/lib/python3.9/site-packages/airflow/example_dags/example_sensors.py
[2025-11-27T15:01:30.037-0300] {logging_mixin.py:188} INFO - [2025-11-27T15:01:30.037-0300] {dag.py:3089} INFO - Sync 1 DAGs
[2025-11-27T15:01:30.042-0300] {logging_mixin.py:188} INFO - [2025-11-27T15:01:30.042-0300] {dag.py:3947} INFO - Setting next_dagrun for example_sensors to None, run_after=None
[2025-11-27T15:01:30.051-0300] {processor.py:183} INFO - Processing /Users/davispecia/Documents/GitHub/Pf_pipeline_dados/Projeto_final_fase3/venv/lib/python3.9/site-packages/airflow/example_dags/example_sensors.py took 0.102 seconds
[2025-11-27T15:03:37.919-0300] {processor.py:161} INFO - Started process (PID=12218) to work on /Users/davispecia/Documents/GitHub/Pf_pipeline_dados/Projeto_final_fase3/venv/lib/python3.9/site-packages/airflow/example_dags/example_sensors.py
[2025-11-27T15:03:37.919-0300] {processor.py:830} INFO - Processing file /Users/davispecia/Documents/GitHub/Pf_pipeline_dados/Projeto_final_fase3/venv/lib/python3.9/site-packages/airflow/example_dags/example_sensors.py for tasks to queue
[2025-11-27T15:03:37.919-0300] {logging_mixin.py:188} INFO - [2025-11-27T15:03:37.919-0300] {dagbag.py:545} INFO - Filling up the DagBag from /Users/davispecia/Documents/GitHub/Pf_pipeline_dados/Projeto_final_fase3/venv/lib/python3.9/site-packages/airflow/example_dags/example_sensors.py
[2025-11-27T15:03:37.927-0300] {processor.py:840} INFO - DAG(s) 'example_sensors' retrieved from /Users/davispecia/Documents/GitHub/Pf_pipeline_dados/Projeto_final_fase3/venv/lib/python3.9/site-packages/airflow/example_dags/example_sensors.py
[2025-11-27T15:03:38.004-0300] {logging_mixin.py:188} INFO - [2025-11-27T15:03:38.004-0300] {dag.py:3089} INFO - Sync 1 DAGs
[2025-11-27T15:03:38.009-0300] {logging_mixin.py:188} INFO - [2025-11-27T15:03:38.009-0300] {dag.py:3947} INFO - Setting next_dagrun for example_sensors to None, run_after=None
[2025-11-27T15:03:38.020-0300] {processor.py:183} INFO - Processing /Users/davispecia/Documents/GitHub/Pf_pipeline_dados/Projeto_final_fase3/venv/lib/python3.9/site-packages/airflow/example_dags/example_sensors.py took 0.104 seconds
[2025-11-27T15:05:44.662-0300] {processor.py:161} INFO - Started process (PID=12517) to work on /Users/davispecia/Documents/GitHub/Pf_pipeline_dados/Projeto_final_fase3/venv/lib/python3.9/site-packages/airflow/example_dags/example_sensors.py
[2025-11-27T15:05:44.662-0300] {processor.py:830} INFO - Processing file /Users/davispecia/Documents/GitHub/Pf_pipeline_dados/Projeto_final_fase3/venv/lib/python3.9/site-packages/airflow/example_dags/example_sensors.py for tasks to queue
[2025-11-27T15:05:44.663-0300] {logging_mixin.py:188} INFO - [2025-11-27T15:05:44.663-0300] {dagbag.py:545} INFO - Filling up the DagBag from /Users/davispecia/Documents/GitHub/Pf_pipeline_dados/Projeto_final_fase3/venv/lib/python3.9/site-packages/airflow/example_dags/example_sensors.py
[2025-11-27T15:05:44.670-0300] {processor.py:840} INFO - DAG(s) 'example_sensors' retrieved from /Users/davispecia/Documents/GitHub/Pf_pipeline_dados/Projeto_final_fase3/venv/lib/python3.9/site-packages/airflow/example_dags/example_sensors.py
[2025-11-27T15:05:44.746-0300] {logging_mixin.py:188} INFO - [2025-11-27T15:05:44.745-0300] {dag.py:3089} INFO - Sync 1 DAGs
[2025-11-27T15:05:44.750-0300] {logging_mixin.py:188} INFO - [2025-11-27T15:05:44.750-0300] {dag.py:3947} INFO - Setting next_dagrun for example_sensors to None, run_after=None
[2025-11-27T15:05:44.760-0300] {processor.py:183} INFO - Processing /Users/davispecia/Documents/GitHub/Pf_pipeline_dados/Projeto_final_fase3/venv/lib/python3.9/site-packages/airflow/example_dags/example_sensors.py took 0.100 seconds
[2025-11-27T15:08:01.236-0300] {processor.py:161} INFO - Started process (PID=12907) to work on /Users/davispecia/Documents/GitHub/Pf_pipeline_dados/Projeto_final_fase3/venv/lib/python3.9/site-packages/airflow/example_dags/example_sensors.py
[2025-11-27T15:08:01.237-0300] {processor.py:830} INFO - Processing file /Users/davispecia/Documents/GitHub/Pf_pipeline_dados/Projeto_final_fase3/venv/lib/python3.9/site-packages/airflow/example_dags/example_sensors.py for tasks to queue
[2025-11-27T15:08:01.237-0300] {logging_mixin.py:188} INFO - [2025-11-27T15:08:01.237-0300] {dagbag.py:545} INFO - Filling up the DagBag from /Users/davispecia/Documents/GitHub/Pf_pipeline_dados/Projeto_final_fase3/venv/lib/python3.9/site-packages/airflow/example_dags/example_sensors.py
[2025-11-27T15:08:01.245-0300] {processor.py:840} INFO - DAG(s) 'example_sensors' retrieved from /Users/davispecia/Documents/GitHub/Pf_pipeline_dados/Projeto_final_fase3/venv/lib/python3.9/site-packages/airflow/example_dags/example_sensors.py
[2025-11-27T15:08:01.322-0300] {logging_mixin.py:188} INFO - [2025-11-27T15:08:01.322-0300] {dag.py:3089} INFO - Sync 1 DAGs
[2025-11-27T15:08:01.327-0300] {logging_mixin.py:188} INFO - [2025-11-27T15:08:01.327-0300] {dag.py:3947} INFO - Setting next_dagrun for example_sensors to None, run_after=None
[2025-11-27T15:08:01.336-0300] {processor.py:183} INFO - Processing /Users/davispecia/Documents/GitHub/Pf_pipeline_dados/Projeto_final_fase3/venv/lib/python3.9/site-packages/airflow/example_dags/example_sensors.py took 0.102 seconds
[2025-11-27T15:10:07.741-0300] {processor.py:161} INFO - Started process (PID=13211) to work on /Users/davispecia/Documents/GitHub/Pf_pipeline_dados/Projeto_final_fase3/venv/lib/python3.9/site-packages/airflow/example_dags/example_sensors.py
[2025-11-27T15:10:07.742-0300] {processor.py:830} INFO - Processing file /Users/davispecia/Documents/GitHub/Pf_pipeline_dados/Projeto_final_fase3/venv/lib/python3.9/site-packages/airflow/example_dags/example_sensors.py for tasks to queue
[2025-11-27T15:10:07.742-0300] {logging_mixin.py:188} INFO - [2025-11-27T15:10:07.742-0300] {dagbag.py:545} INFO - Filling up the DagBag from /Users/davispecia/Documents/GitHub/Pf_pipeline_dados/Projeto_final_fase3/venv/lib/python3.9/site-packages/airflow/example_dags/example_sensors.py
[2025-11-27T15:10:07.750-0300] {processor.py:840} INFO - DAG(s) 'example_sensors' retrieved from /Users/davispecia/Documents/GitHub/Pf_pipeline_dados/Projeto_final_fase3/venv/lib/python3.9/site-packages/airflow/example_dags/example_sensors.py
[2025-11-27T15:10:07.829-0300] {logging_mixin.py:188} INFO - [2025-11-27T15:10:07.829-0300] {dag.py:3089} INFO - Sync 1 DAGs
[2025-11-27T15:10:07.834-0300] {logging_mixin.py:188} INFO - [2025-11-27T15:10:07.834-0300] {dag.py:3947} INFO - Setting next_dagrun for example_sensors to None, run_after=None
[2025-11-27T15:10:07.844-0300] {processor.py:183} INFO - Processing /Users/davispecia/Documents/GitHub/Pf_pipeline_dados/Projeto_final_fase3/venv/lib/python3.9/site-packages/airflow/example_dags/example_sensors.py took 0.105 seconds
[2025-11-27T15:12:14.246-0300] {processor.py:161} INFO - Started process (PID=13578) to work on /Users/davispecia/Documents/GitHub/Pf_pipeline_dados/Projeto_final_fase3/venv/lib/python3.9/site-packages/airflow/example_dags/example_sensors.py
[2025-11-27T15:12:14.247-0300] {processor.py:830} INFO - Processing file /Users/davispecia/Documents/GitHub/Pf_pipeline_dados/Projeto_final_fase3/venv/lib/python3.9/site-packages/airflow/example_dags/example_sensors.py for tasks to queue
[2025-11-27T15:12:14.247-0300] {logging_mixin.py:188} INFO - [2025-11-27T15:12:14.247-0300] {dagbag.py:545} INFO - Filling up the DagBag from /Users/davispecia/Documents/GitHub/Pf_pipeline_dados/Projeto_final_fase3/venv/lib/python3.9/site-packages/airflow/example_dags/example_sensors.py
[2025-11-27T15:12:14.256-0300] {processor.py:840} INFO - DAG(s) 'example_sensors' retrieved from /Users/davispecia/Documents/GitHub/Pf_pipeline_dados/Projeto_final_fase3/venv/lib/python3.9/site-packages/airflow/example_dags/example_sensors.py
[2025-11-27T15:12:14.333-0300] {logging_mixin.py:188} INFO - [2025-11-27T15:12:14.333-0300] {dag.py:3089} INFO - Sync 1 DAGs
[2025-11-27T15:12:14.338-0300] {logging_mixin.py:188} INFO - [2025-11-27T15:12:14.337-0300] {dag.py:3947} INFO - Setting next_dagrun for example_sensors to None, run_after=None
[2025-11-27T15:12:14.347-0300] {processor.py:183} INFO - Processing /Users/davispecia/Documents/GitHub/Pf_pipeline_dados/Projeto_final_fase3/venv/lib/python3.9/site-packages/airflow/example_dags/example_sensors.py took 0.103 seconds
[2025-11-27T15:14:21.849-0300] {processor.py:161} INFO - Started process (PID=13975) to work on /Users/davispecia/Documents/GitHub/Pf_pipeline_dados/Projeto_final_fase3/venv/lib/python3.9/site-packages/airflow/example_dags/example_sensors.py
[2025-11-27T15:14:21.849-0300] {processor.py:830} INFO - Processing file /Users/davispecia/Documents/GitHub/Pf_pipeline_dados/Projeto_final_fase3/venv/lib/python3.9/site-packages/airflow/example_dags/example_sensors.py for tasks to queue
[2025-11-27T15:14:21.850-0300] {logging_mixin.py:188} INFO - [2025-11-27T15:14:21.850-0300] {dagbag.py:545} INFO - Filling up the DagBag from /Users/davispecia/Documents/GitHub/Pf_pipeline_dados/Projeto_final_fase3/venv/lib/python3.9/site-packages/airflow/example_dags/example_sensors.py
[2025-11-27T15:14:21.857-0300] {processor.py:840} INFO - DAG(s) 'example_sensors' retrieved from /Users/davispecia/Documents/GitHub/Pf_pipeline_dados/Projeto_final_fase3/venv/lib/python3.9/site-packages/airflow/example_dags/example_sensors.py
[2025-11-27T15:14:21.934-0300] {logging_mixin.py:188} INFO - [2025-11-27T15:14:21.934-0300] {dag.py:3089} INFO - Sync 1 DAGs
[2025-11-27T15:14:21.938-0300] {logging_mixin.py:188} INFO - [2025-11-27T15:14:21.938-0300] {dag.py:3947} INFO - Setting next_dagrun for example_sensors to None, run_after=None
[2025-11-27T15:14:21.949-0300] {processor.py:183} INFO - Processing /Users/davispecia/Documents/GitHub/Pf_pipeline_dados/Projeto_final_fase3/venv/lib/python3.9/site-packages/airflow/example_dags/example_sensors.py took 0.103 seconds
[2025-11-27T15:16:19.266-0300] {processor.py:161} INFO - Started process (PID=14259) to work on /Users/davispecia/Documents/GitHub/Pf_pipeline_dados/Projeto_final_fase3/venv/lib/python3.9/site-packages/airflow/example_dags/example_sensors.py
[2025-11-27T15:16:19.268-0300] {processor.py:830} INFO - Processing file /Users/davispecia/Documents/GitHub/Pf_pipeline_dados/Projeto_final_fase3/venv/lib/python3.9/site-packages/airflow/example_dags/example_sensors.py for tasks to queue
[2025-11-27T15:16:19.268-0300] {logging_mixin.py:188} INFO - [2025-11-27T15:16:19.268-0300] {dagbag.py:545} INFO - Filling up the DagBag from /Users/davispecia/Documents/GitHub/Pf_pipeline_dados/Projeto_final_fase3/venv/lib/python3.9/site-packages/airflow/example_dags/example_sensors.py
[2025-11-27T15:16:19.276-0300] {processor.py:840} INFO - DAG(s) 'example_sensors' retrieved from /Users/davispecia/Documents/GitHub/Pf_pipeline_dados/Projeto_final_fase3/venv/lib/python3.9/site-packages/airflow/example_dags/example_sensors.py
[2025-11-27T15:16:19.352-0300] {logging_mixin.py:188} INFO - [2025-11-27T15:16:19.352-0300] {dag.py:3089} INFO - Sync 1 DAGs
[2025-11-27T15:16:19.357-0300] {logging_mixin.py:188} INFO - [2025-11-27T15:16:19.357-0300] {dag.py:3947} INFO - Setting next_dagrun for example_sensors to None, run_after=None
[2025-11-27T15:16:19.366-0300] {processor.py:183} INFO - Processing /Users/davispecia/Documents/GitHub/Pf_pipeline_dados/Projeto_final_fase3/venv/lib/python3.9/site-packages/airflow/example_dags/example_sensors.py took 0.102 seconds
[2025-11-27T15:18:32.755-0300] {processor.py:161} INFO - Started process (PID=14643) to work on /Users/davispecia/Documents/GitHub/Pf_pipeline_dados/Projeto_final_fase3/venv/lib/python3.9/site-packages/airflow/example_dags/example_sensors.py
[2025-11-27T15:18:32.756-0300] {processor.py:830} INFO - Processing file /Users/davispecia/Documents/GitHub/Pf_pipeline_dados/Projeto_final_fase3/venv/lib/python3.9/site-packages/airflow/example_dags/example_sensors.py for tasks to queue
[2025-11-27T15:18:32.756-0300] {logging_mixin.py:188} INFO - [2025-11-27T15:18:32.756-0300] {dagbag.py:545} INFO - Filling up the DagBag from /Users/davispecia/Documents/GitHub/Pf_pipeline_dados/Projeto_final_fase3/venv/lib/python3.9/site-packages/airflow/example_dags/example_sensors.py
[2025-11-27T15:18:32.764-0300] {processor.py:840} INFO - DAG(s) 'example_sensors' retrieved from /Users/davispecia/Documents/GitHub/Pf_pipeline_dados/Projeto_final_fase3/venv/lib/python3.9/site-packages/airflow/example_dags/example_sensors.py
[2025-11-27T15:18:32.842-0300] {logging_mixin.py:188} INFO - [2025-11-27T15:18:32.842-0300] {dag.py:3089} INFO - Sync 1 DAGs
[2025-11-27T15:18:32.848-0300] {logging_mixin.py:188} INFO - [2025-11-27T15:18:32.848-0300] {dag.py:3947} INFO - Setting next_dagrun for example_sensors to None, run_after=None
[2025-11-27T15:18:32.858-0300] {processor.py:183} INFO - Processing /Users/davispecia/Documents/GitHub/Pf_pipeline_dados/Projeto_final_fase3/venv/lib/python3.9/site-packages/airflow/example_dags/example_sensors.py took 0.104 seconds
[2025-11-27T15:24:06.178-0300] {processor.py:161} INFO - Started process (PID=14992) to work on /Users/davispecia/Documents/GitHub/Pf_pipeline_dados/Projeto_final_fase3/venv/lib/python3.9/site-packages/airflow/example_dags/example_sensors.py
[2025-11-27T15:24:06.179-0300] {processor.py:830} INFO - Processing file /Users/davispecia/Documents/GitHub/Pf_pipeline_dados/Projeto_final_fase3/venv/lib/python3.9/site-packages/airflow/example_dags/example_sensors.py for tasks to queue
[2025-11-27T15:24:06.179-0300] {logging_mixin.py:188} INFO - [2025-11-27T15:24:06.179-0300] {dagbag.py:545} INFO - Filling up the DagBag from /Users/davispecia/Documents/GitHub/Pf_pipeline_dados/Projeto_final_fase3/venv/lib/python3.9/site-packages/airflow/example_dags/example_sensors.py
[2025-11-27T15:24:06.187-0300] {processor.py:840} INFO - DAG(s) 'example_sensors' retrieved from /Users/davispecia/Documents/GitHub/Pf_pipeline_dados/Projeto_final_fase3/venv/lib/python3.9/site-packages/airflow/example_dags/example_sensors.py
[2025-11-27T15:24:06.269-0300] {logging_mixin.py:188} INFO - [2025-11-27T15:24:06.269-0300] {dag.py:3089} INFO - Sync 1 DAGs
[2025-11-27T15:24:06.274-0300] {logging_mixin.py:188} INFO - [2025-11-27T15:24:06.274-0300] {dag.py:3947} INFO - Setting next_dagrun for example_sensors to None, run_after=None
[2025-11-27T15:24:06.284-0300] {processor.py:183} INFO - Processing /Users/davispecia/Documents/GitHub/Pf_pipeline_dados/Projeto_final_fase3/venv/lib/python3.9/site-packages/airflow/example_dags/example_sensors.py took 0.109 seconds
[2025-11-27T15:26:19.780-0300] {processor.py:161} INFO - Started process (PID=15380) to work on /Users/davispecia/Documents/GitHub/Pf_pipeline_dados/Projeto_final_fase3/venv/lib/python3.9/site-packages/airflow/example_dags/example_sensors.py
[2025-11-27T15:26:19.781-0300] {processor.py:830} INFO - Processing file /Users/davispecia/Documents/GitHub/Pf_pipeline_dados/Projeto_final_fase3/venv/lib/python3.9/site-packages/airflow/example_dags/example_sensors.py for tasks to queue
[2025-11-27T15:26:19.781-0300] {logging_mixin.py:188} INFO - [2025-11-27T15:26:19.781-0300] {dagbag.py:545} INFO - Filling up the DagBag from /Users/davispecia/Documents/GitHub/Pf_pipeline_dados/Projeto_final_fase3/venv/lib/python3.9/site-packages/airflow/example_dags/example_sensors.py
[2025-11-27T15:26:19.789-0300] {processor.py:840} INFO - DAG(s) 'example_sensors' retrieved from /Users/davispecia/Documents/GitHub/Pf_pipeline_dados/Projeto_final_fase3/venv/lib/python3.9/site-packages/airflow/example_dags/example_sensors.py
[2025-11-27T15:26:19.866-0300] {logging_mixin.py:188} INFO - [2025-11-27T15:26:19.866-0300] {dag.py:3089} INFO - Sync 1 DAGs
[2025-11-27T15:26:19.871-0300] {logging_mixin.py:188} INFO - [2025-11-27T15:26:19.871-0300] {dag.py:3947} INFO - Setting next_dagrun for example_sensors to None, run_after=None
[2025-11-27T15:26:19.881-0300] {processor.py:183} INFO - Processing /Users/davispecia/Documents/GitHub/Pf_pipeline_dados/Projeto_final_fase3/venv/lib/python3.9/site-packages/airflow/example_dags/example_sensors.py took 0.103 seconds
