[2025-11-27T11:11:55.077-0300] {processor.py:161} INFO - Started process (PID=88763) to work on /Users/davispecia/Documents/GitHub/Pf_pipeline_dados/Projeto_final_fase3/venv/lib/python3.9/site-packages/airflow/example_dags/tutorial_objectstorage.py
[2025-11-27T11:11:55.077-0300] {processor.py:830} INFO - Processing file /Users/davispecia/Documents/GitHub/Pf_pipeline_dados/Projeto_final_fase3/venv/lib/python3.9/site-packages/airflow/example_dags/tutorial_objectstorage.py for tasks to queue
[2025-11-27T11:11:55.078-0300] {logging_mixin.py:188} INFO - [2025-11-27T11:11:55.077-0300] {dagbag.py:545} INFO - Filling up the DagBag from /Users/davispecia/Documents/GitHub/Pf_pipeline_dados/Projeto_final_fase3/venv/lib/python3.9/site-packages/airflow/example_dags/tutorial_objectstorage.py
[2025-11-27T11:11:55.114-0300] {processor.py:840} INFO - DAG(s) 'tutorial_objectstorage' retrieved from /Users/davispecia/Documents/GitHub/Pf_pipeline_dados/Projeto_final_fase3/venv/lib/python3.9/site-packages/airflow/example_dags/tutorial_objectstorage.py
[2025-11-27T11:11:55.230-0300] {logging_mixin.py:188} INFO - [2025-11-27T11:11:55.229-0300] {override.py:1858} INFO - Created Permission View: can read on DAG:tutorial_objectstorage
[2025-11-27T11:11:55.234-0300] {logging_mixin.py:188} INFO - [2025-11-27T11:11:55.234-0300] {override.py:1858} INFO - Created Permission View: can delete on DAG:tutorial_objectstorage
[2025-11-27T11:11:55.236-0300] {logging_mixin.py:188} INFO - [2025-11-27T11:11:55.236-0300] {override.py:1858} INFO - Created Permission View: can edit on DAG:tutorial_objectstorage
[2025-11-27T11:11:55.236-0300] {logging_mixin.py:188} INFO - [2025-11-27T11:11:55.236-0300] {dag.py:3089} INFO - Sync 1 DAGs
[2025-11-27T11:11:55.241-0300] {logging_mixin.py:188} INFO - [2025-11-27T11:11:55.241-0300] {dag.py:3111} INFO - Creating ORM DAG for tutorial_objectstorage
[2025-11-27T11:11:55.241-0300] {logging_mixin.py:188} INFO - [2025-11-27T11:11:55.241-0300] {dag.py:3947} INFO - Setting next_dagrun for tutorial_objectstorage to None, run_after=None
[2025-11-27T11:11:55.249-0300] {processor.py:183} INFO - Processing /Users/davispecia/Documents/GitHub/Pf_pipeline_dados/Projeto_final_fase3/venv/lib/python3.9/site-packages/airflow/example_dags/tutorial_objectstorage.py took 0.175 seconds
[2025-11-27T11:13:41.100-0300] {processor.py:161} INFO - Started process (PID=89141) to work on /Users/davispecia/Documents/GitHub/Pf_pipeline_dados/Projeto_final_fase3/venv/lib/python3.9/site-packages/airflow/example_dags/tutorial_objectstorage.py
[2025-11-27T11:13:41.101-0300] {processor.py:830} INFO - Processing file /Users/davispecia/Documents/GitHub/Pf_pipeline_dados/Projeto_final_fase3/venv/lib/python3.9/site-packages/airflow/example_dags/tutorial_objectstorage.py for tasks to queue
[2025-11-27T11:13:41.101-0300] {logging_mixin.py:188} INFO - [2025-11-27T11:13:41.101-0300] {dagbag.py:545} INFO - Filling up the DagBag from /Users/davispecia/Documents/GitHub/Pf_pipeline_dados/Projeto_final_fase3/venv/lib/python3.9/site-packages/airflow/example_dags/tutorial_objectstorage.py
[2025-11-27T11:13:41.143-0300] {processor.py:840} INFO - DAG(s) 'tutorial_objectstorage' retrieved from /Users/davispecia/Documents/GitHub/Pf_pipeline_dados/Projeto_final_fase3/venv/lib/python3.9/site-packages/airflow/example_dags/tutorial_objectstorage.py
[2025-11-27T11:13:41.214-0300] {logging_mixin.py:188} INFO - [2025-11-27T11:13:41.214-0300] {dag.py:3089} INFO - Sync 1 DAGs
[2025-11-27T11:13:41.219-0300] {logging_mixin.py:188} INFO - [2025-11-27T11:13:41.219-0300] {dag.py:3947} INFO - Setting next_dagrun for tutorial_objectstorage to None, run_after=None
[2025-11-27T11:13:41.228-0300] {processor.py:183} INFO - Processing /Users/davispecia/Documents/GitHub/Pf_pipeline_dados/Projeto_final_fase3/venv/lib/python3.9/site-packages/airflow/example_dags/tutorial_objectstorage.py took 0.129 seconds
[2025-11-27T11:14:43.377-0300] {processor.py:161} INFO - Started process (PID=90065) to work on /Users/davispecia/Documents/GitHub/Pf_pipeline_dados/Projeto_final_fase3/venv/lib/python3.9/site-packages/airflow/example_dags/tutorial_objectstorage.py
[2025-11-27T11:14:43.377-0300] {processor.py:830} INFO - Processing file /Users/davispecia/Documents/GitHub/Pf_pipeline_dados/Projeto_final_fase3/venv/lib/python3.9/site-packages/airflow/example_dags/tutorial_objectstorage.py for tasks to queue
[2025-11-27T11:14:43.378-0300] {logging_mixin.py:188} INFO - [2025-11-27T11:14:43.378-0300] {dagbag.py:545} INFO - Filling up the DagBag from /Users/davispecia/Documents/GitHub/Pf_pipeline_dados/Projeto_final_fase3/venv/lib/python3.9/site-packages/airflow/example_dags/tutorial_objectstorage.py
[2025-11-27T11:14:43.421-0300] {processor.py:840} INFO - DAG(s) 'tutorial_objectstorage' retrieved from /Users/davispecia/Documents/GitHub/Pf_pipeline_dados/Projeto_final_fase3/venv/lib/python3.9/site-packages/airflow/example_dags/tutorial_objectstorage.py
[2025-11-27T11:14:43.493-0300] {logging_mixin.py:188} INFO - [2025-11-27T11:14:43.492-0300] {dag.py:3089} INFO - Sync 1 DAGs
[2025-11-27T11:14:43.498-0300] {logging_mixin.py:188} INFO - [2025-11-27T11:14:43.498-0300] {dag.py:3947} INFO - Setting next_dagrun for tutorial_objectstorage to None, run_after=None
[2025-11-27T11:14:43.507-0300] {processor.py:183} INFO - Processing /Users/davispecia/Documents/GitHub/Pf_pipeline_dados/Projeto_final_fase3/venv/lib/python3.9/site-packages/airflow/example_dags/tutorial_objectstorage.py took 0.132 seconds
[2025-11-27T11:17:05.460-0300] {processor.py:161} INFO - Started process (PID=90930) to work on /Users/davispecia/Documents/GitHub/Pf_pipeline_dados/Projeto_final_fase3/venv/lib/python3.9/site-packages/airflow/example_dags/tutorial_objectstorage.py
[2025-11-27T11:17:05.460-0300] {processor.py:830} INFO - Processing file /Users/davispecia/Documents/GitHub/Pf_pipeline_dados/Projeto_final_fase3/venv/lib/python3.9/site-packages/airflow/example_dags/tutorial_objectstorage.py for tasks to queue
[2025-11-27T11:17:05.461-0300] {logging_mixin.py:188} INFO - [2025-11-27T11:17:05.461-0300] {dagbag.py:545} INFO - Filling up the DagBag from /Users/davispecia/Documents/GitHub/Pf_pipeline_dados/Projeto_final_fase3/venv/lib/python3.9/site-packages/airflow/example_dags/tutorial_objectstorage.py
[2025-11-27T11:17:05.500-0300] {processor.py:840} INFO - DAG(s) 'tutorial_objectstorage' retrieved from /Users/davispecia/Documents/GitHub/Pf_pipeline_dados/Projeto_final_fase3/venv/lib/python3.9/site-packages/airflow/example_dags/tutorial_objectstorage.py
[2025-11-27T11:17:05.572-0300] {logging_mixin.py:188} INFO - [2025-11-27T11:17:05.571-0300] {dag.py:3089} INFO - Sync 1 DAGs
[2025-11-27T11:17:05.577-0300] {logging_mixin.py:188} INFO - [2025-11-27T11:17:05.577-0300] {dag.py:3947} INFO - Setting next_dagrun for tutorial_objectstorage to None, run_after=None
[2025-11-27T11:17:05.586-0300] {processor.py:183} INFO - Processing /Users/davispecia/Documents/GitHub/Pf_pipeline_dados/Projeto_final_fase3/venv/lib/python3.9/site-packages/airflow/example_dags/tutorial_objectstorage.py took 0.129 seconds
[2025-11-27T11:18:08.883-0300] {processor.py:161} INFO - Started process (PID=91089) to work on /Users/davispecia/Documents/GitHub/Pf_pipeline_dados/Projeto_final_fase3/venv/lib/python3.9/site-packages/airflow/example_dags/tutorial_objectstorage.py
[2025-11-27T11:18:08.884-0300] {processor.py:830} INFO - Processing file /Users/davispecia/Documents/GitHub/Pf_pipeline_dados/Projeto_final_fase3/venv/lib/python3.9/site-packages/airflow/example_dags/tutorial_objectstorage.py for tasks to queue
[2025-11-27T11:18:08.885-0300] {logging_mixin.py:188} INFO - [2025-11-27T11:18:08.885-0300] {dagbag.py:545} INFO - Filling up the DagBag from /Users/davispecia/Documents/GitHub/Pf_pipeline_dados/Projeto_final_fase3/venv/lib/python3.9/site-packages/airflow/example_dags/tutorial_objectstorage.py
[2025-11-27T11:18:08.926-0300] {processor.py:840} INFO - DAG(s) 'tutorial_objectstorage' retrieved from /Users/davispecia/Documents/GitHub/Pf_pipeline_dados/Projeto_final_fase3/venv/lib/python3.9/site-packages/airflow/example_dags/tutorial_objectstorage.py
[2025-11-27T11:18:08.996-0300] {logging_mixin.py:188} INFO - [2025-11-27T11:18:08.996-0300] {dag.py:3089} INFO - Sync 1 DAGs
[2025-11-27T11:18:09.002-0300] {logging_mixin.py:188} INFO - [2025-11-27T11:18:09.002-0300] {dag.py:3947} INFO - Setting next_dagrun for tutorial_objectstorage to None, run_after=None
[2025-11-27T11:18:09.011-0300] {processor.py:183} INFO - Processing /Users/davispecia/Documents/GitHub/Pf_pipeline_dados/Projeto_final_fase3/venv/lib/python3.9/site-packages/airflow/example_dags/tutorial_objectstorage.py took 0.130 seconds
[2025-11-27T11:19:23.947-0300] {processor.py:161} INFO - Started process (PID=91327) to work on /Users/davispecia/Documents/GitHub/Pf_pipeline_dados/Projeto_final_fase3/venv/lib/python3.9/site-packages/airflow/example_dags/tutorial_objectstorage.py
[2025-11-27T11:19:23.948-0300] {processor.py:830} INFO - Processing file /Users/davispecia/Documents/GitHub/Pf_pipeline_dados/Projeto_final_fase3/venv/lib/python3.9/site-packages/airflow/example_dags/tutorial_objectstorage.py for tasks to queue
[2025-11-27T11:19:23.949-0300] {logging_mixin.py:188} INFO - [2025-11-27T11:19:23.948-0300] {dagbag.py:545} INFO - Filling up the DagBag from /Users/davispecia/Documents/GitHub/Pf_pipeline_dados/Projeto_final_fase3/venv/lib/python3.9/site-packages/airflow/example_dags/tutorial_objectstorage.py
[2025-11-27T11:19:23.990-0300] {processor.py:840} INFO - DAG(s) 'tutorial_objectstorage' retrieved from /Users/davispecia/Documents/GitHub/Pf_pipeline_dados/Projeto_final_fase3/venv/lib/python3.9/site-packages/airflow/example_dags/tutorial_objectstorage.py
[2025-11-27T11:19:24.059-0300] {logging_mixin.py:188} INFO - [2025-11-27T11:19:24.059-0300] {dag.py:3089} INFO - Sync 1 DAGs
[2025-11-27T11:19:24.064-0300] {logging_mixin.py:188} INFO - [2025-11-27T11:19:24.064-0300] {dag.py:3947} INFO - Setting next_dagrun for tutorial_objectstorage to None, run_after=None
[2025-11-27T11:19:24.073-0300] {processor.py:183} INFO - Processing /Users/davispecia/Documents/GitHub/Pf_pipeline_dados/Projeto_final_fase3/venv/lib/python3.9/site-packages/airflow/example_dags/tutorial_objectstorage.py took 0.129 seconds
[2025-11-27T11:20:26.326-0300] {processor.py:161} INFO - Started process (PID=91478) to work on /Users/davispecia/Documents/GitHub/Pf_pipeline_dados/Projeto_final_fase3/venv/lib/python3.9/site-packages/airflow/example_dags/tutorial_objectstorage.py
[2025-11-27T11:20:26.327-0300] {processor.py:830} INFO - Processing file /Users/davispecia/Documents/GitHub/Pf_pipeline_dados/Projeto_final_fase3/venv/lib/python3.9/site-packages/airflow/example_dags/tutorial_objectstorage.py for tasks to queue
[2025-11-27T11:20:26.328-0300] {logging_mixin.py:188} INFO - [2025-11-27T11:20:26.327-0300] {dagbag.py:545} INFO - Filling up the DagBag from /Users/davispecia/Documents/GitHub/Pf_pipeline_dados/Projeto_final_fase3/venv/lib/python3.9/site-packages/airflow/example_dags/tutorial_objectstorage.py
[2025-11-27T11:20:26.367-0300] {processor.py:840} INFO - DAG(s) 'tutorial_objectstorage' retrieved from /Users/davispecia/Documents/GitHub/Pf_pipeline_dados/Projeto_final_fase3/venv/lib/python3.9/site-packages/airflow/example_dags/tutorial_objectstorage.py
[2025-11-27T11:20:26.438-0300] {logging_mixin.py:188} INFO - [2025-11-27T11:20:26.438-0300] {dag.py:3089} INFO - Sync 1 DAGs
[2025-11-27T11:20:26.443-0300] {logging_mixin.py:188} INFO - [2025-11-27T11:20:26.443-0300] {dag.py:3947} INFO - Setting next_dagrun for tutorial_objectstorage to None, run_after=None
[2025-11-27T11:20:26.451-0300] {processor.py:183} INFO - Processing /Users/davispecia/Documents/GitHub/Pf_pipeline_dados/Projeto_final_fase3/venv/lib/python3.9/site-packages/airflow/example_dags/tutorial_objectstorage.py took 0.128 seconds
[2025-11-27T11:21:29.186-0300] {processor.py:161} INFO - Started process (PID=91638) to work on /Users/davispecia/Documents/GitHub/Pf_pipeline_dados/Projeto_final_fase3/venv/lib/python3.9/site-packages/airflow/example_dags/tutorial_objectstorage.py
[2025-11-27T11:21:29.187-0300] {processor.py:830} INFO - Processing file /Users/davispecia/Documents/GitHub/Pf_pipeline_dados/Projeto_final_fase3/venv/lib/python3.9/site-packages/airflow/example_dags/tutorial_objectstorage.py for tasks to queue
[2025-11-27T11:21:29.188-0300] {logging_mixin.py:188} INFO - [2025-11-27T11:21:29.188-0300] {dagbag.py:545} INFO - Filling up the DagBag from /Users/davispecia/Documents/GitHub/Pf_pipeline_dados/Projeto_final_fase3/venv/lib/python3.9/site-packages/airflow/example_dags/tutorial_objectstorage.py
[2025-11-27T11:21:29.229-0300] {processor.py:840} INFO - DAG(s) 'tutorial_objectstorage' retrieved from /Users/davispecia/Documents/GitHub/Pf_pipeline_dados/Projeto_final_fase3/venv/lib/python3.9/site-packages/airflow/example_dags/tutorial_objectstorage.py
[2025-11-27T11:21:29.299-0300] {logging_mixin.py:188} INFO - [2025-11-27T11:21:29.298-0300] {dag.py:3089} INFO - Sync 1 DAGs
[2025-11-27T11:21:29.303-0300] {logging_mixin.py:188} INFO - [2025-11-27T11:21:29.303-0300] {dag.py:3947} INFO - Setting next_dagrun for tutorial_objectstorage to None, run_after=None
[2025-11-27T11:21:29.312-0300] {processor.py:183} INFO - Processing /Users/davispecia/Documents/GitHub/Pf_pipeline_dados/Projeto_final_fase3/venv/lib/python3.9/site-packages/airflow/example_dags/tutorial_objectstorage.py took 0.128 seconds
[2025-11-27T11:22:29.731-0300] {processor.py:161} INFO - Started process (PID=91784) to work on /Users/davispecia/Documents/GitHub/Pf_pipeline_dados/Projeto_final_fase3/venv/lib/python3.9/site-packages/airflow/example_dags/tutorial_objectstorage.py
[2025-11-27T11:22:29.732-0300] {processor.py:830} INFO - Processing file /Users/davispecia/Documents/GitHub/Pf_pipeline_dados/Projeto_final_fase3/venv/lib/python3.9/site-packages/airflow/example_dags/tutorial_objectstorage.py for tasks to queue
[2025-11-27T11:22:29.732-0300] {logging_mixin.py:188} INFO - [2025-11-27T11:22:29.732-0300] {dagbag.py:545} INFO - Filling up the DagBag from /Users/davispecia/Documents/GitHub/Pf_pipeline_dados/Projeto_final_fase3/venv/lib/python3.9/site-packages/airflow/example_dags/tutorial_objectstorage.py
[2025-11-27T11:22:29.770-0300] {processor.py:840} INFO - DAG(s) 'tutorial_objectstorage' retrieved from /Users/davispecia/Documents/GitHub/Pf_pipeline_dados/Projeto_final_fase3/venv/lib/python3.9/site-packages/airflow/example_dags/tutorial_objectstorage.py
[2025-11-27T11:22:29.841-0300] {logging_mixin.py:188} INFO - [2025-11-27T11:22:29.841-0300] {dag.py:3089} INFO - Sync 1 DAGs
[2025-11-27T11:22:29.846-0300] {logging_mixin.py:188} INFO - [2025-11-27T11:22:29.845-0300] {dag.py:3947} INFO - Setting next_dagrun for tutorial_objectstorage to None, run_after=None
[2025-11-27T11:22:29.854-0300] {processor.py:183} INFO - Processing /Users/davispecia/Documents/GitHub/Pf_pipeline_dados/Projeto_final_fase3/venv/lib/python3.9/site-packages/airflow/example_dags/tutorial_objectstorage.py took 0.125 seconds
[2025-11-27T11:23:32.560-0300] {processor.py:161} INFO - Started process (PID=91941) to work on /Users/davispecia/Documents/GitHub/Pf_pipeline_dados/Projeto_final_fase3/venv/lib/python3.9/site-packages/airflow/example_dags/tutorial_objectstorage.py
[2025-11-27T11:23:32.561-0300] {processor.py:830} INFO - Processing file /Users/davispecia/Documents/GitHub/Pf_pipeline_dados/Projeto_final_fase3/venv/lib/python3.9/site-packages/airflow/example_dags/tutorial_objectstorage.py for tasks to queue
[2025-11-27T11:23:32.562-0300] {logging_mixin.py:188} INFO - [2025-11-27T11:23:32.561-0300] {dagbag.py:545} INFO - Filling up the DagBag from /Users/davispecia/Documents/GitHub/Pf_pipeline_dados/Projeto_final_fase3/venv/lib/python3.9/site-packages/airflow/example_dags/tutorial_objectstorage.py
[2025-11-27T11:23:32.601-0300] {processor.py:840} INFO - DAG(s) 'tutorial_objectstorage' retrieved from /Users/davispecia/Documents/GitHub/Pf_pipeline_dados/Projeto_final_fase3/venv/lib/python3.9/site-packages/airflow/example_dags/tutorial_objectstorage.py
[2025-11-27T11:23:32.669-0300] {logging_mixin.py:188} INFO - [2025-11-27T11:23:32.669-0300] {dag.py:3089} INFO - Sync 1 DAGs
[2025-11-27T11:23:32.674-0300] {logging_mixin.py:188} INFO - [2025-11-27T11:23:32.674-0300] {dag.py:3947} INFO - Setting next_dagrun for tutorial_objectstorage to None, run_after=None
[2025-11-27T11:23:32.683-0300] {processor.py:183} INFO - Processing /Users/davispecia/Documents/GitHub/Pf_pipeline_dados/Projeto_final_fase3/venv/lib/python3.9/site-packages/airflow/example_dags/tutorial_objectstorage.py took 0.125 seconds
[2025-11-27T11:24:34.429-0300] {processor.py:161} INFO - Started process (PID=92091) to work on /Users/davispecia/Documents/GitHub/Pf_pipeline_dados/Projeto_final_fase3/venv/lib/python3.9/site-packages/airflow/example_dags/tutorial_objectstorage.py
[2025-11-27T11:24:34.429-0300] {processor.py:830} INFO - Processing file /Users/davispecia/Documents/GitHub/Pf_pipeline_dados/Projeto_final_fase3/venv/lib/python3.9/site-packages/airflow/example_dags/tutorial_objectstorage.py for tasks to queue
[2025-11-27T11:24:34.430-0300] {logging_mixin.py:188} INFO - [2025-11-27T11:24:34.430-0300] {dagbag.py:545} INFO - Filling up the DagBag from /Users/davispecia/Documents/GitHub/Pf_pipeline_dados/Projeto_final_fase3/venv/lib/python3.9/site-packages/airflow/example_dags/tutorial_objectstorage.py
[2025-11-27T11:24:34.468-0300] {processor.py:840} INFO - DAG(s) 'tutorial_objectstorage' retrieved from /Users/davispecia/Documents/GitHub/Pf_pipeline_dados/Projeto_final_fase3/venv/lib/python3.9/site-packages/airflow/example_dags/tutorial_objectstorage.py
[2025-11-27T11:24:34.540-0300] {logging_mixin.py:188} INFO - [2025-11-27T11:24:34.539-0300] {dag.py:3089} INFO - Sync 1 DAGs
[2025-11-27T11:24:34.545-0300] {logging_mixin.py:188} INFO - [2025-11-27T11:24:34.545-0300] {dag.py:3947} INFO - Setting next_dagrun for tutorial_objectstorage to None, run_after=None
[2025-11-27T11:24:34.553-0300] {processor.py:183} INFO - Processing /Users/davispecia/Documents/GitHub/Pf_pipeline_dados/Projeto_final_fase3/venv/lib/python3.9/site-packages/airflow/example_dags/tutorial_objectstorage.py took 0.127 seconds
[2025-11-27T11:25:45.887-0300] {processor.py:161} INFO - Started process (PID=92322) to work on /Users/davispecia/Documents/GitHub/Pf_pipeline_dados/Projeto_final_fase3/venv/lib/python3.9/site-packages/airflow/example_dags/tutorial_objectstorage.py
[2025-11-27T11:25:45.887-0300] {processor.py:830} INFO - Processing file /Users/davispecia/Documents/GitHub/Pf_pipeline_dados/Projeto_final_fase3/venv/lib/python3.9/site-packages/airflow/example_dags/tutorial_objectstorage.py for tasks to queue
[2025-11-27T11:25:45.888-0300] {logging_mixin.py:188} INFO - [2025-11-27T11:25:45.887-0300] {dagbag.py:545} INFO - Filling up the DagBag from /Users/davispecia/Documents/GitHub/Pf_pipeline_dados/Projeto_final_fase3/venv/lib/python3.9/site-packages/airflow/example_dags/tutorial_objectstorage.py
[2025-11-27T11:25:45.930-0300] {processor.py:840} INFO - DAG(s) 'tutorial_objectstorage' retrieved from /Users/davispecia/Documents/GitHub/Pf_pipeline_dados/Projeto_final_fase3/venv/lib/python3.9/site-packages/airflow/example_dags/tutorial_objectstorage.py
[2025-11-27T11:25:45.999-0300] {logging_mixin.py:188} INFO - [2025-11-27T11:25:45.998-0300] {dag.py:3089} INFO - Sync 1 DAGs
[2025-11-27T11:25:46.003-0300] {logging_mixin.py:188} INFO - [2025-11-27T11:25:46.003-0300] {dag.py:3947} INFO - Setting next_dagrun for tutorial_objectstorage to None, run_after=None
[2025-11-27T11:25:46.013-0300] {processor.py:183} INFO - Processing /Users/davispecia/Documents/GitHub/Pf_pipeline_dados/Projeto_final_fase3/venv/lib/python3.9/site-packages/airflow/example_dags/tutorial_objectstorage.py took 0.128 seconds
[2025-11-27T11:26:48.020-0300] {processor.py:161} INFO - Started process (PID=92476) to work on /Users/davispecia/Documents/GitHub/Pf_pipeline_dados/Projeto_final_fase3/venv/lib/python3.9/site-packages/airflow/example_dags/tutorial_objectstorage.py
[2025-11-27T11:26:48.020-0300] {processor.py:830} INFO - Processing file /Users/davispecia/Documents/GitHub/Pf_pipeline_dados/Projeto_final_fase3/venv/lib/python3.9/site-packages/airflow/example_dags/tutorial_objectstorage.py for tasks to queue
[2025-11-27T11:26:48.021-0300] {logging_mixin.py:188} INFO - [2025-11-27T11:26:48.020-0300] {dagbag.py:545} INFO - Filling up the DagBag from /Users/davispecia/Documents/GitHub/Pf_pipeline_dados/Projeto_final_fase3/venv/lib/python3.9/site-packages/airflow/example_dags/tutorial_objectstorage.py
[2025-11-27T11:26:48.057-0300] {processor.py:840} INFO - DAG(s) 'tutorial_objectstorage' retrieved from /Users/davispecia/Documents/GitHub/Pf_pipeline_dados/Projeto_final_fase3/venv/lib/python3.9/site-packages/airflow/example_dags/tutorial_objectstorage.py
[2025-11-27T11:26:48.126-0300] {logging_mixin.py:188} INFO - [2025-11-27T11:26:48.126-0300] {dag.py:3089} INFO - Sync 1 DAGs
[2025-11-27T11:26:48.130-0300] {logging_mixin.py:188} INFO - [2025-11-27T11:26:48.130-0300] {dag.py:3947} INFO - Setting next_dagrun for tutorial_objectstorage to None, run_after=None
[2025-11-27T11:26:48.140-0300] {processor.py:183} INFO - Processing /Users/davispecia/Documents/GitHub/Pf_pipeline_dados/Projeto_final_fase3/venv/lib/python3.9/site-packages/airflow/example_dags/tutorial_objectstorage.py took 0.122 seconds
[2025-11-27T11:27:47.765-0300] {processor.py:161} INFO - Started process (PID=92641) to work on /Users/davispecia/Documents/GitHub/Pf_pipeline_dados/Projeto_final_fase3/venv/lib/python3.9/site-packages/airflow/example_dags/tutorial_objectstorage.py
[2025-11-27T11:27:47.766-0300] {processor.py:830} INFO - Processing file /Users/davispecia/Documents/GitHub/Pf_pipeline_dados/Projeto_final_fase3/venv/lib/python3.9/site-packages/airflow/example_dags/tutorial_objectstorage.py for tasks to queue
[2025-11-27T11:27:47.766-0300] {logging_mixin.py:188} INFO - [2025-11-27T11:27:47.766-0300] {dagbag.py:545} INFO - Filling up the DagBag from /Users/davispecia/Documents/GitHub/Pf_pipeline_dados/Projeto_final_fase3/venv/lib/python3.9/site-packages/airflow/example_dags/tutorial_objectstorage.py
[2025-11-27T11:27:47.803-0300] {processor.py:840} INFO - DAG(s) 'tutorial_objectstorage' retrieved from /Users/davispecia/Documents/GitHub/Pf_pipeline_dados/Projeto_final_fase3/venv/lib/python3.9/site-packages/airflow/example_dags/tutorial_objectstorage.py
[2025-11-27T11:27:47.871-0300] {logging_mixin.py:188} INFO - [2025-11-27T11:27:47.871-0300] {dag.py:3089} INFO - Sync 1 DAGs
[2025-11-27T11:27:47.875-0300] {logging_mixin.py:188} INFO - [2025-11-27T11:27:47.875-0300] {dag.py:3947} INFO - Setting next_dagrun for tutorial_objectstorage to None, run_after=None
[2025-11-27T11:27:47.884-0300] {processor.py:183} INFO - Processing /Users/davispecia/Documents/GitHub/Pf_pipeline_dados/Projeto_final_fase3/venv/lib/python3.9/site-packages/airflow/example_dags/tutorial_objectstorage.py took 0.121 seconds
[2025-11-27T11:28:49.656-0300] {processor.py:161} INFO - Started process (PID=92790) to work on /Users/davispecia/Documents/GitHub/Pf_pipeline_dados/Projeto_final_fase3/venv/lib/python3.9/site-packages/airflow/example_dags/tutorial_objectstorage.py
[2025-11-27T11:28:49.657-0300] {processor.py:830} INFO - Processing file /Users/davispecia/Documents/GitHub/Pf_pipeline_dados/Projeto_final_fase3/venv/lib/python3.9/site-packages/airflow/example_dags/tutorial_objectstorage.py for tasks to queue
[2025-11-27T11:28:49.657-0300] {logging_mixin.py:188} INFO - [2025-11-27T11:28:49.657-0300] {dagbag.py:545} INFO - Filling up the DagBag from /Users/davispecia/Documents/GitHub/Pf_pipeline_dados/Projeto_final_fase3/venv/lib/python3.9/site-packages/airflow/example_dags/tutorial_objectstorage.py
[2025-11-27T11:28:49.697-0300] {processor.py:840} INFO - DAG(s) 'tutorial_objectstorage' retrieved from /Users/davispecia/Documents/GitHub/Pf_pipeline_dados/Projeto_final_fase3/venv/lib/python3.9/site-packages/airflow/example_dags/tutorial_objectstorage.py
[2025-11-27T11:28:49.766-0300] {logging_mixin.py:188} INFO - [2025-11-27T11:28:49.766-0300] {dag.py:3089} INFO - Sync 1 DAGs
[2025-11-27T11:28:49.771-0300] {logging_mixin.py:188} INFO - [2025-11-27T11:28:49.771-0300] {dag.py:3947} INFO - Setting next_dagrun for tutorial_objectstorage to None, run_after=None
[2025-11-27T11:28:49.780-0300] {processor.py:183} INFO - Processing /Users/davispecia/Documents/GitHub/Pf_pipeline_dados/Projeto_final_fase3/venv/lib/python3.9/site-packages/airflow/example_dags/tutorial_objectstorage.py took 0.125 seconds
[2025-11-27T11:29:53.045-0300] {processor.py:161} INFO - Started process (PID=92944) to work on /Users/davispecia/Documents/GitHub/Pf_pipeline_dados/Projeto_final_fase3/venv/lib/python3.9/site-packages/airflow/example_dags/tutorial_objectstorage.py
[2025-11-27T11:29:53.046-0300] {processor.py:830} INFO - Processing file /Users/davispecia/Documents/GitHub/Pf_pipeline_dados/Projeto_final_fase3/venv/lib/python3.9/site-packages/airflow/example_dags/tutorial_objectstorage.py for tasks to queue
[2025-11-27T11:29:53.046-0300] {logging_mixin.py:188} INFO - [2025-11-27T11:29:53.046-0300] {dagbag.py:545} INFO - Filling up the DagBag from /Users/davispecia/Documents/GitHub/Pf_pipeline_dados/Projeto_final_fase3/venv/lib/python3.9/site-packages/airflow/example_dags/tutorial_objectstorage.py
[2025-11-27T11:29:53.089-0300] {processor.py:840} INFO - DAG(s) 'tutorial_objectstorage' retrieved from /Users/davispecia/Documents/GitHub/Pf_pipeline_dados/Projeto_final_fase3/venv/lib/python3.9/site-packages/airflow/example_dags/tutorial_objectstorage.py
[2025-11-27T11:29:53.164-0300] {logging_mixin.py:188} INFO - [2025-11-27T11:29:53.164-0300] {dag.py:3089} INFO - Sync 1 DAGs
[2025-11-27T11:29:53.170-0300] {logging_mixin.py:188} INFO - [2025-11-27T11:29:53.170-0300] {dag.py:3947} INFO - Setting next_dagrun for tutorial_objectstorage to None, run_after=None
[2025-11-27T11:29:53.181-0300] {processor.py:183} INFO - Processing /Users/davispecia/Documents/GitHub/Pf_pipeline_dados/Projeto_final_fase3/venv/lib/python3.9/site-packages/airflow/example_dags/tutorial_objectstorage.py took 0.138 seconds
[2025-11-27T11:31:04.517-0300] {processor.py:161} INFO - Started process (PID=93168) to work on /Users/davispecia/Documents/GitHub/Pf_pipeline_dados/Projeto_final_fase3/venv/lib/python3.9/site-packages/airflow/example_dags/tutorial_objectstorage.py
[2025-11-27T11:31:04.518-0300] {processor.py:830} INFO - Processing file /Users/davispecia/Documents/GitHub/Pf_pipeline_dados/Projeto_final_fase3/venv/lib/python3.9/site-packages/airflow/example_dags/tutorial_objectstorage.py for tasks to queue
[2025-11-27T11:31:04.518-0300] {logging_mixin.py:188} INFO - [2025-11-27T11:31:04.518-0300] {dagbag.py:545} INFO - Filling up the DagBag from /Users/davispecia/Documents/GitHub/Pf_pipeline_dados/Projeto_final_fase3/venv/lib/python3.9/site-packages/airflow/example_dags/tutorial_objectstorage.py
[2025-11-27T11:31:04.555-0300] {processor.py:840} INFO - DAG(s) 'tutorial_objectstorage' retrieved from /Users/davispecia/Documents/GitHub/Pf_pipeline_dados/Projeto_final_fase3/venv/lib/python3.9/site-packages/airflow/example_dags/tutorial_objectstorage.py
[2025-11-27T11:31:04.623-0300] {logging_mixin.py:188} INFO - [2025-11-27T11:31:04.623-0300] {dag.py:3089} INFO - Sync 1 DAGs
[2025-11-27T11:31:04.628-0300] {logging_mixin.py:188} INFO - [2025-11-27T11:31:04.628-0300] {dag.py:3947} INFO - Setting next_dagrun for tutorial_objectstorage to None, run_after=None
[2025-11-27T11:31:04.636-0300] {processor.py:183} INFO - Processing /Users/davispecia/Documents/GitHub/Pf_pipeline_dados/Projeto_final_fase3/venv/lib/python3.9/site-packages/airflow/example_dags/tutorial_objectstorage.py took 0.122 seconds
[2025-11-27T11:32:01.743-0300] {processor.py:161} INFO - Started process (PID=93306) to work on /Users/davispecia/Documents/GitHub/Pf_pipeline_dados/Projeto_final_fase3/venv/lib/python3.9/site-packages/airflow/example_dags/tutorial_objectstorage.py
[2025-11-27T11:32:01.743-0300] {processor.py:830} INFO - Processing file /Users/davispecia/Documents/GitHub/Pf_pipeline_dados/Projeto_final_fase3/venv/lib/python3.9/site-packages/airflow/example_dags/tutorial_objectstorage.py for tasks to queue
[2025-11-27T11:32:01.744-0300] {logging_mixin.py:188} INFO - [2025-11-27T11:32:01.744-0300] {dagbag.py:545} INFO - Filling up the DagBag from /Users/davispecia/Documents/GitHub/Pf_pipeline_dados/Projeto_final_fase3/venv/lib/python3.9/site-packages/airflow/example_dags/tutorial_objectstorage.py
[2025-11-27T11:32:01.781-0300] {processor.py:840} INFO - DAG(s) 'tutorial_objectstorage' retrieved from /Users/davispecia/Documents/GitHub/Pf_pipeline_dados/Projeto_final_fase3/venv/lib/python3.9/site-packages/airflow/example_dags/tutorial_objectstorage.py
[2025-11-27T11:32:01.848-0300] {logging_mixin.py:188} INFO - [2025-11-27T11:32:01.848-0300] {dag.py:3089} INFO - Sync 1 DAGs
[2025-11-27T11:32:01.853-0300] {logging_mixin.py:188} INFO - [2025-11-27T11:32:01.853-0300] {dag.py:3947} INFO - Setting next_dagrun for tutorial_objectstorage to None, run_after=None
[2025-11-27T11:32:01.862-0300] {processor.py:183} INFO - Processing /Users/davispecia/Documents/GitHub/Pf_pipeline_dados/Projeto_final_fase3/venv/lib/python3.9/site-packages/airflow/example_dags/tutorial_objectstorage.py took 0.121 seconds
[2025-11-27T11:33:05.717-0300] {processor.py:161} INFO - Started process (PID=93461) to work on /Users/davispecia/Documents/GitHub/Pf_pipeline_dados/Projeto_final_fase3/venv/lib/python3.9/site-packages/airflow/example_dags/tutorial_objectstorage.py
[2025-11-27T11:33:05.718-0300] {processor.py:830} INFO - Processing file /Users/davispecia/Documents/GitHub/Pf_pipeline_dados/Projeto_final_fase3/venv/lib/python3.9/site-packages/airflow/example_dags/tutorial_objectstorage.py for tasks to queue
[2025-11-27T11:33:05.718-0300] {logging_mixin.py:188} INFO - [2025-11-27T11:33:05.718-0300] {dagbag.py:545} INFO - Filling up the DagBag from /Users/davispecia/Documents/GitHub/Pf_pipeline_dados/Projeto_final_fase3/venv/lib/python3.9/site-packages/airflow/example_dags/tutorial_objectstorage.py
[2025-11-27T11:33:05.758-0300] {processor.py:840} INFO - DAG(s) 'tutorial_objectstorage' retrieved from /Users/davispecia/Documents/GitHub/Pf_pipeline_dados/Projeto_final_fase3/venv/lib/python3.9/site-packages/airflow/example_dags/tutorial_objectstorage.py
[2025-11-27T11:33:05.826-0300] {logging_mixin.py:188} INFO - [2025-11-27T11:33:05.826-0300] {dag.py:3089} INFO - Sync 1 DAGs
[2025-11-27T11:33:05.831-0300] {logging_mixin.py:188} INFO - [2025-11-27T11:33:05.830-0300] {dag.py:3947} INFO - Setting next_dagrun for tutorial_objectstorage to None, run_after=None
[2025-11-27T11:33:05.839-0300] {processor.py:183} INFO - Processing /Users/davispecia/Documents/GitHub/Pf_pipeline_dados/Projeto_final_fase3/venv/lib/python3.9/site-packages/airflow/example_dags/tutorial_objectstorage.py took 0.124 seconds
[2025-11-27T11:34:09.780-0300] {processor.py:161} INFO - Started process (PID=93612) to work on /Users/davispecia/Documents/GitHub/Pf_pipeline_dados/Projeto_final_fase3/venv/lib/python3.9/site-packages/airflow/example_dags/tutorial_objectstorage.py
[2025-11-27T11:34:09.781-0300] {processor.py:830} INFO - Processing file /Users/davispecia/Documents/GitHub/Pf_pipeline_dados/Projeto_final_fase3/venv/lib/python3.9/site-packages/airflow/example_dags/tutorial_objectstorage.py for tasks to queue
[2025-11-27T11:34:09.782-0300] {logging_mixin.py:188} INFO - [2025-11-27T11:34:09.782-0300] {dagbag.py:545} INFO - Filling up the DagBag from /Users/davispecia/Documents/GitHub/Pf_pipeline_dados/Projeto_final_fase3/venv/lib/python3.9/site-packages/airflow/example_dags/tutorial_objectstorage.py
[2025-11-27T11:34:09.821-0300] {processor.py:840} INFO - DAG(s) 'tutorial_objectstorage' retrieved from /Users/davispecia/Documents/GitHub/Pf_pipeline_dados/Projeto_final_fase3/venv/lib/python3.9/site-packages/airflow/example_dags/tutorial_objectstorage.py
[2025-11-27T11:34:09.889-0300] {logging_mixin.py:188} INFO - [2025-11-27T11:34:09.888-0300] {dag.py:3089} INFO - Sync 1 DAGs
[2025-11-27T11:34:09.893-0300] {logging_mixin.py:188} INFO - [2025-11-27T11:34:09.893-0300] {dag.py:3947} INFO - Setting next_dagrun for tutorial_objectstorage to None, run_after=None
[2025-11-27T11:34:09.902-0300] {processor.py:183} INFO - Processing /Users/davispecia/Documents/GitHub/Pf_pipeline_dados/Projeto_final_fase3/venv/lib/python3.9/site-packages/airflow/example_dags/tutorial_objectstorage.py took 0.124 seconds
[2025-11-27T11:35:12.515-0300] {processor.py:161} INFO - Started process (PID=93763) to work on /Users/davispecia/Documents/GitHub/Pf_pipeline_dados/Projeto_final_fase3/venv/lib/python3.9/site-packages/airflow/example_dags/tutorial_objectstorage.py
[2025-11-27T11:35:12.516-0300] {processor.py:830} INFO - Processing file /Users/davispecia/Documents/GitHub/Pf_pipeline_dados/Projeto_final_fase3/venv/lib/python3.9/site-packages/airflow/example_dags/tutorial_objectstorage.py for tasks to queue
[2025-11-27T11:35:12.516-0300] {logging_mixin.py:188} INFO - [2025-11-27T11:35:12.516-0300] {dagbag.py:545} INFO - Filling up the DagBag from /Users/davispecia/Documents/GitHub/Pf_pipeline_dados/Projeto_final_fase3/venv/lib/python3.9/site-packages/airflow/example_dags/tutorial_objectstorage.py
[2025-11-27T11:35:12.559-0300] {processor.py:840} INFO - DAG(s) 'tutorial_objectstorage' retrieved from /Users/davispecia/Documents/GitHub/Pf_pipeline_dados/Projeto_final_fase3/venv/lib/python3.9/site-packages/airflow/example_dags/tutorial_objectstorage.py
[2025-11-27T11:35:12.631-0300] {logging_mixin.py:188} INFO - [2025-11-27T11:35:12.631-0300] {dag.py:3089} INFO - Sync 1 DAGs
[2025-11-27T11:35:12.636-0300] {logging_mixin.py:188} INFO - [2025-11-27T11:35:12.636-0300] {dag.py:3947} INFO - Setting next_dagrun for tutorial_objectstorage to None, run_after=None
[2025-11-27T11:35:12.645-0300] {processor.py:183} INFO - Processing /Users/davispecia/Documents/GitHub/Pf_pipeline_dados/Projeto_final_fase3/venv/lib/python3.9/site-packages/airflow/example_dags/tutorial_objectstorage.py took 0.132 seconds
[2025-11-27T11:36:25.392-0300] {processor.py:161} INFO - Started process (PID=93993) to work on /Users/davispecia/Documents/GitHub/Pf_pipeline_dados/Projeto_final_fase3/venv/lib/python3.9/site-packages/airflow/example_dags/tutorial_objectstorage.py
[2025-11-27T11:36:25.394-0300] {processor.py:830} INFO - Processing file /Users/davispecia/Documents/GitHub/Pf_pipeline_dados/Projeto_final_fase3/venv/lib/python3.9/site-packages/airflow/example_dags/tutorial_objectstorage.py for tasks to queue
[2025-11-27T11:36:25.394-0300] {logging_mixin.py:188} INFO - [2025-11-27T11:36:25.394-0300] {dagbag.py:545} INFO - Filling up the DagBag from /Users/davispecia/Documents/GitHub/Pf_pipeline_dados/Projeto_final_fase3/venv/lib/python3.9/site-packages/airflow/example_dags/tutorial_objectstorage.py
[2025-11-27T11:36:25.434-0300] {processor.py:840} INFO - DAG(s) 'tutorial_objectstorage' retrieved from /Users/davispecia/Documents/GitHub/Pf_pipeline_dados/Projeto_final_fase3/venv/lib/python3.9/site-packages/airflow/example_dags/tutorial_objectstorage.py
[2025-11-27T11:36:25.502-0300] {logging_mixin.py:188} INFO - [2025-11-27T11:36:25.501-0300] {dag.py:3089} INFO - Sync 1 DAGs
[2025-11-27T11:36:25.506-0300] {logging_mixin.py:188} INFO - [2025-11-27T11:36:25.506-0300] {dag.py:3947} INFO - Setting next_dagrun for tutorial_objectstorage to None, run_after=None
[2025-11-27T11:36:25.516-0300] {processor.py:183} INFO - Processing /Users/davispecia/Documents/GitHub/Pf_pipeline_dados/Projeto_final_fase3/venv/lib/python3.9/site-packages/airflow/example_dags/tutorial_objectstorage.py took 0.125 seconds
[2025-11-27T11:37:27.602-0300] {processor.py:161} INFO - Started process (PID=94141) to work on /Users/davispecia/Documents/GitHub/Pf_pipeline_dados/Projeto_final_fase3/venv/lib/python3.9/site-packages/airflow/example_dags/tutorial_objectstorage.py
[2025-11-27T11:37:27.602-0300] {processor.py:830} INFO - Processing file /Users/davispecia/Documents/GitHub/Pf_pipeline_dados/Projeto_final_fase3/venv/lib/python3.9/site-packages/airflow/example_dags/tutorial_objectstorage.py for tasks to queue
[2025-11-27T11:37:27.603-0300] {logging_mixin.py:188} INFO - [2025-11-27T11:37:27.603-0300] {dagbag.py:545} INFO - Filling up the DagBag from /Users/davispecia/Documents/GitHub/Pf_pipeline_dados/Projeto_final_fase3/venv/lib/python3.9/site-packages/airflow/example_dags/tutorial_objectstorage.py
[2025-11-27T11:37:27.640-0300] {processor.py:840} INFO - DAG(s) 'tutorial_objectstorage' retrieved from /Users/davispecia/Documents/GitHub/Pf_pipeline_dados/Projeto_final_fase3/venv/lib/python3.9/site-packages/airflow/example_dags/tutorial_objectstorage.py
[2025-11-27T11:37:27.708-0300] {logging_mixin.py:188} INFO - [2025-11-27T11:37:27.708-0300] {dag.py:3089} INFO - Sync 1 DAGs
[2025-11-27T11:37:27.713-0300] {logging_mixin.py:188} INFO - [2025-11-27T11:37:27.713-0300] {dag.py:3947} INFO - Setting next_dagrun for tutorial_objectstorage to None, run_after=None
[2025-11-27T11:37:27.721-0300] {processor.py:183} INFO - Processing /Users/davispecia/Documents/GitHub/Pf_pipeline_dados/Projeto_final_fase3/venv/lib/python3.9/site-packages/airflow/example_dags/tutorial_objectstorage.py took 0.121 seconds
[2025-11-27T11:38:31.946-0300] {processor.py:161} INFO - Started process (PID=94291) to work on /Users/davispecia/Documents/GitHub/Pf_pipeline_dados/Projeto_final_fase3/venv/lib/python3.9/site-packages/airflow/example_dags/tutorial_objectstorage.py
[2025-11-27T11:38:31.947-0300] {processor.py:830} INFO - Processing file /Users/davispecia/Documents/GitHub/Pf_pipeline_dados/Projeto_final_fase3/venv/lib/python3.9/site-packages/airflow/example_dags/tutorial_objectstorage.py for tasks to queue
[2025-11-27T11:38:31.948-0300] {logging_mixin.py:188} INFO - [2025-11-27T11:38:31.948-0300] {dagbag.py:545} INFO - Filling up the DagBag from /Users/davispecia/Documents/GitHub/Pf_pipeline_dados/Projeto_final_fase3/venv/lib/python3.9/site-packages/airflow/example_dags/tutorial_objectstorage.py
[2025-11-27T11:38:31.987-0300] {processor.py:840} INFO - DAG(s) 'tutorial_objectstorage' retrieved from /Users/davispecia/Documents/GitHub/Pf_pipeline_dados/Projeto_final_fase3/venv/lib/python3.9/site-packages/airflow/example_dags/tutorial_objectstorage.py
[2025-11-27T11:38:32.055-0300] {logging_mixin.py:188} INFO - [2025-11-27T11:38:32.054-0300] {dag.py:3089} INFO - Sync 1 DAGs
[2025-11-27T11:38:32.059-0300] {logging_mixin.py:188} INFO - [2025-11-27T11:38:32.059-0300] {dag.py:3947} INFO - Setting next_dagrun for tutorial_objectstorage to None, run_after=None
[2025-11-27T11:38:32.068-0300] {processor.py:183} INFO - Processing /Users/davispecia/Documents/GitHub/Pf_pipeline_dados/Projeto_final_fase3/venv/lib/python3.9/site-packages/airflow/example_dags/tutorial_objectstorage.py took 0.124 seconds
[2025-11-27T11:39:34.737-0300] {processor.py:161} INFO - Started process (PID=94436) to work on /Users/davispecia/Documents/GitHub/Pf_pipeline_dados/Projeto_final_fase3/venv/lib/python3.9/site-packages/airflow/example_dags/tutorial_objectstorage.py
[2025-11-27T11:39:34.738-0300] {processor.py:830} INFO - Processing file /Users/davispecia/Documents/GitHub/Pf_pipeline_dados/Projeto_final_fase3/venv/lib/python3.9/site-packages/airflow/example_dags/tutorial_objectstorage.py for tasks to queue
[2025-11-27T11:39:34.739-0300] {logging_mixin.py:188} INFO - [2025-11-27T11:39:34.739-0300] {dagbag.py:545} INFO - Filling up the DagBag from /Users/davispecia/Documents/GitHub/Pf_pipeline_dados/Projeto_final_fase3/venv/lib/python3.9/site-packages/airflow/example_dags/tutorial_objectstorage.py
[2025-11-27T11:39:34.778-0300] {processor.py:840} INFO - DAG(s) 'tutorial_objectstorage' retrieved from /Users/davispecia/Documents/GitHub/Pf_pipeline_dados/Projeto_final_fase3/venv/lib/python3.9/site-packages/airflow/example_dags/tutorial_objectstorage.py
[2025-11-27T11:39:34.846-0300] {logging_mixin.py:188} INFO - [2025-11-27T11:39:34.846-0300] {dag.py:3089} INFO - Sync 1 DAGs
[2025-11-27T11:39:34.851-0300] {logging_mixin.py:188} INFO - [2025-11-27T11:39:34.851-0300] {dag.py:3947} INFO - Setting next_dagrun for tutorial_objectstorage to None, run_after=None
[2025-11-27T11:39:34.859-0300] {processor.py:183} INFO - Processing /Users/davispecia/Documents/GitHub/Pf_pipeline_dados/Projeto_final_fase3/venv/lib/python3.9/site-packages/airflow/example_dags/tutorial_objectstorage.py took 0.124 seconds
[2025-11-27T11:40:37.349-0300] {processor.py:161} INFO - Started process (PID=94582) to work on /Users/davispecia/Documents/GitHub/Pf_pipeline_dados/Projeto_final_fase3/venv/lib/python3.9/site-packages/airflow/example_dags/tutorial_objectstorage.py
[2025-11-27T11:40:37.350-0300] {processor.py:830} INFO - Processing file /Users/davispecia/Documents/GitHub/Pf_pipeline_dados/Projeto_final_fase3/venv/lib/python3.9/site-packages/airflow/example_dags/tutorial_objectstorage.py for tasks to queue
[2025-11-27T11:40:37.350-0300] {logging_mixin.py:188} INFO - [2025-11-27T11:40:37.350-0300] {dagbag.py:545} INFO - Filling up the DagBag from /Users/davispecia/Documents/GitHub/Pf_pipeline_dados/Projeto_final_fase3/venv/lib/python3.9/site-packages/airflow/example_dags/tutorial_objectstorage.py
[2025-11-27T11:40:37.389-0300] {processor.py:840} INFO - DAG(s) 'tutorial_objectstorage' retrieved from /Users/davispecia/Documents/GitHub/Pf_pipeline_dados/Projeto_final_fase3/venv/lib/python3.9/site-packages/airflow/example_dags/tutorial_objectstorage.py
[2025-11-27T11:40:37.457-0300] {logging_mixin.py:188} INFO - [2025-11-27T11:40:37.457-0300] {dag.py:3089} INFO - Sync 1 DAGs
[2025-11-27T11:40:37.462-0300] {logging_mixin.py:188} INFO - [2025-11-27T11:40:37.462-0300] {dag.py:3947} INFO - Setting next_dagrun for tutorial_objectstorage to None, run_after=None
[2025-11-27T11:40:37.471-0300] {processor.py:183} INFO - Processing /Users/davispecia/Documents/GitHub/Pf_pipeline_dados/Projeto_final_fase3/venv/lib/python3.9/site-packages/airflow/example_dags/tutorial_objectstorage.py took 0.124 seconds
[2025-11-27T11:41:48.543-0300] {processor.py:161} INFO - Started process (PID=94825) to work on /Users/davispecia/Documents/GitHub/Pf_pipeline_dados/Projeto_final_fase3/venv/lib/python3.9/site-packages/airflow/example_dags/tutorial_objectstorage.py
[2025-11-27T11:41:48.544-0300] {processor.py:830} INFO - Processing file /Users/davispecia/Documents/GitHub/Pf_pipeline_dados/Projeto_final_fase3/venv/lib/python3.9/site-packages/airflow/example_dags/tutorial_objectstorage.py for tasks to queue
[2025-11-27T11:41:48.545-0300] {logging_mixin.py:188} INFO - [2025-11-27T11:41:48.545-0300] {dagbag.py:545} INFO - Filling up the DagBag from /Users/davispecia/Documents/GitHub/Pf_pipeline_dados/Projeto_final_fase3/venv/lib/python3.9/site-packages/airflow/example_dags/tutorial_objectstorage.py
[2025-11-27T11:41:48.585-0300] {processor.py:840} INFO - DAG(s) 'tutorial_objectstorage' retrieved from /Users/davispecia/Documents/GitHub/Pf_pipeline_dados/Projeto_final_fase3/venv/lib/python3.9/site-packages/airflow/example_dags/tutorial_objectstorage.py
[2025-11-27T11:41:48.653-0300] {logging_mixin.py:188} INFO - [2025-11-27T11:41:48.653-0300] {dag.py:3089} INFO - Sync 1 DAGs
[2025-11-27T11:41:48.658-0300] {logging_mixin.py:188} INFO - [2025-11-27T11:41:48.657-0300] {dag.py:3947} INFO - Setting next_dagrun for tutorial_objectstorage to None, run_after=None
[2025-11-27T11:41:48.666-0300] {processor.py:183} INFO - Processing /Users/davispecia/Documents/GitHub/Pf_pipeline_dados/Projeto_final_fase3/venv/lib/python3.9/site-packages/airflow/example_dags/tutorial_objectstorage.py took 0.125 seconds
[2025-11-27T11:42:53.259-0300] {processor.py:161} INFO - Started process (PID=94977) to work on /Users/davispecia/Documents/GitHub/Pf_pipeline_dados/Projeto_final_fase3/venv/lib/python3.9/site-packages/airflow/example_dags/tutorial_objectstorage.py
[2025-11-27T11:42:53.259-0300] {processor.py:830} INFO - Processing file /Users/davispecia/Documents/GitHub/Pf_pipeline_dados/Projeto_final_fase3/venv/lib/python3.9/site-packages/airflow/example_dags/tutorial_objectstorage.py for tasks to queue
[2025-11-27T11:42:53.259-0300] {logging_mixin.py:188} INFO - [2025-11-27T11:42:53.259-0300] {dagbag.py:545} INFO - Filling up the DagBag from /Users/davispecia/Documents/GitHub/Pf_pipeline_dados/Projeto_final_fase3/venv/lib/python3.9/site-packages/airflow/example_dags/tutorial_objectstorage.py
[2025-11-27T11:42:53.297-0300] {processor.py:840} INFO - DAG(s) 'tutorial_objectstorage' retrieved from /Users/davispecia/Documents/GitHub/Pf_pipeline_dados/Projeto_final_fase3/venv/lib/python3.9/site-packages/airflow/example_dags/tutorial_objectstorage.py
[2025-11-27T11:42:53.368-0300] {logging_mixin.py:188} INFO - [2025-11-27T11:42:53.367-0300] {dag.py:3089} INFO - Sync 1 DAGs
[2025-11-27T11:42:53.372-0300] {logging_mixin.py:188} INFO - [2025-11-27T11:42:53.372-0300] {dag.py:3947} INFO - Setting next_dagrun for tutorial_objectstorage to None, run_after=None
[2025-11-27T11:42:53.382-0300] {processor.py:183} INFO - Processing /Users/davispecia/Documents/GitHub/Pf_pipeline_dados/Projeto_final_fase3/venv/lib/python3.9/site-packages/airflow/example_dags/tutorial_objectstorage.py took 0.125 seconds
[2025-11-27T11:43:57.293-0300] {processor.py:161} INFO - Started process (PID=95128) to work on /Users/davispecia/Documents/GitHub/Pf_pipeline_dados/Projeto_final_fase3/venv/lib/python3.9/site-packages/airflow/example_dags/tutorial_objectstorage.py
[2025-11-27T11:43:57.294-0300] {processor.py:830} INFO - Processing file /Users/davispecia/Documents/GitHub/Pf_pipeline_dados/Projeto_final_fase3/venv/lib/python3.9/site-packages/airflow/example_dags/tutorial_objectstorage.py for tasks to queue
[2025-11-27T11:43:57.294-0300] {logging_mixin.py:188} INFO - [2025-11-27T11:43:57.294-0300] {dagbag.py:545} INFO - Filling up the DagBag from /Users/davispecia/Documents/GitHub/Pf_pipeline_dados/Projeto_final_fase3/venv/lib/python3.9/site-packages/airflow/example_dags/tutorial_objectstorage.py
[2025-11-27T11:43:57.334-0300] {processor.py:840} INFO - DAG(s) 'tutorial_objectstorage' retrieved from /Users/davispecia/Documents/GitHub/Pf_pipeline_dados/Projeto_final_fase3/venv/lib/python3.9/site-packages/airflow/example_dags/tutorial_objectstorage.py
[2025-11-27T11:43:57.402-0300] {logging_mixin.py:188} INFO - [2025-11-27T11:43:57.402-0300] {dag.py:3089} INFO - Sync 1 DAGs
[2025-11-27T11:43:57.407-0300] {logging_mixin.py:188} INFO - [2025-11-27T11:43:57.407-0300] {dag.py:3947} INFO - Setting next_dagrun for tutorial_objectstorage to None, run_after=None
[2025-11-27T11:43:57.415-0300] {processor.py:183} INFO - Processing /Users/davispecia/Documents/GitHub/Pf_pipeline_dados/Projeto_final_fase3/venv/lib/python3.9/site-packages/airflow/example_dags/tutorial_objectstorage.py took 0.124 seconds
[2025-11-27T11:45:00.433-0300] {processor.py:161} INFO - Started process (PID=95281) to work on /Users/davispecia/Documents/GitHub/Pf_pipeline_dados/Projeto_final_fase3/venv/lib/python3.9/site-packages/airflow/example_dags/tutorial_objectstorage.py
[2025-11-27T11:45:00.433-0300] {processor.py:830} INFO - Processing file /Users/davispecia/Documents/GitHub/Pf_pipeline_dados/Projeto_final_fase3/venv/lib/python3.9/site-packages/airflow/example_dags/tutorial_objectstorage.py for tasks to queue
[2025-11-27T11:45:00.434-0300] {logging_mixin.py:188} INFO - [2025-11-27T11:45:00.434-0300] {dagbag.py:545} INFO - Filling up the DagBag from /Users/davispecia/Documents/GitHub/Pf_pipeline_dados/Projeto_final_fase3/venv/lib/python3.9/site-packages/airflow/example_dags/tutorial_objectstorage.py
[2025-11-27T11:45:00.473-0300] {processor.py:840} INFO - DAG(s) 'tutorial_objectstorage' retrieved from /Users/davispecia/Documents/GitHub/Pf_pipeline_dados/Projeto_final_fase3/venv/lib/python3.9/site-packages/airflow/example_dags/tutorial_objectstorage.py
[2025-11-27T11:45:00.539-0300] {logging_mixin.py:188} INFO - [2025-11-27T11:45:00.539-0300] {dag.py:3089} INFO - Sync 1 DAGs
[2025-11-27T11:45:00.544-0300] {logging_mixin.py:188} INFO - [2025-11-27T11:45:00.544-0300] {dag.py:3947} INFO - Setting next_dagrun for tutorial_objectstorage to None, run_after=None
[2025-11-27T11:45:00.553-0300] {processor.py:183} INFO - Processing /Users/davispecia/Documents/GitHub/Pf_pipeline_dados/Projeto_final_fase3/venv/lib/python3.9/site-packages/airflow/example_dags/tutorial_objectstorage.py took 0.122 seconds
[2025-11-27T11:46:01.554-0300] {processor.py:161} INFO - Started process (PID=95429) to work on /Users/davispecia/Documents/GitHub/Pf_pipeline_dados/Projeto_final_fase3/venv/lib/python3.9/site-packages/airflow/example_dags/tutorial_objectstorage.py
[2025-11-27T11:46:01.554-0300] {processor.py:830} INFO - Processing file /Users/davispecia/Documents/GitHub/Pf_pipeline_dados/Projeto_final_fase3/venv/lib/python3.9/site-packages/airflow/example_dags/tutorial_objectstorage.py for tasks to queue
[2025-11-27T11:46:01.555-0300] {logging_mixin.py:188} INFO - [2025-11-27T11:46:01.555-0300] {dagbag.py:545} INFO - Filling up the DagBag from /Users/davispecia/Documents/GitHub/Pf_pipeline_dados/Projeto_final_fase3/venv/lib/python3.9/site-packages/airflow/example_dags/tutorial_objectstorage.py
[2025-11-27T11:46:01.595-0300] {processor.py:840} INFO - DAG(s) 'tutorial_objectstorage' retrieved from /Users/davispecia/Documents/GitHub/Pf_pipeline_dados/Projeto_final_fase3/venv/lib/python3.9/site-packages/airflow/example_dags/tutorial_objectstorage.py
[2025-11-27T11:46:01.663-0300] {logging_mixin.py:188} INFO - [2025-11-27T11:46:01.662-0300] {dag.py:3089} INFO - Sync 1 DAGs
[2025-11-27T11:46:01.667-0300] {logging_mixin.py:188} INFO - [2025-11-27T11:46:01.667-0300] {dag.py:3947} INFO - Setting next_dagrun for tutorial_objectstorage to None, run_after=None
[2025-11-27T11:46:01.676-0300] {processor.py:183} INFO - Processing /Users/davispecia/Documents/GitHub/Pf_pipeline_dados/Projeto_final_fase3/venv/lib/python3.9/site-packages/airflow/example_dags/tutorial_objectstorage.py took 0.124 seconds
[2025-11-27T11:47:12.309-0300] {processor.py:161} INFO - Started process (PID=95698) to work on /Users/davispecia/Documents/GitHub/Pf_pipeline_dados/Projeto_final_fase3/venv/lib/python3.9/site-packages/airflow/example_dags/tutorial_objectstorage.py
[2025-11-27T11:47:12.310-0300] {processor.py:830} INFO - Processing file /Users/davispecia/Documents/GitHub/Pf_pipeline_dados/Projeto_final_fase3/venv/lib/python3.9/site-packages/airflow/example_dags/tutorial_objectstorage.py for tasks to queue
[2025-11-27T11:47:12.311-0300] {logging_mixin.py:188} INFO - [2025-11-27T11:47:12.311-0300] {dagbag.py:545} INFO - Filling up the DagBag from /Users/davispecia/Documents/GitHub/Pf_pipeline_dados/Projeto_final_fase3/venv/lib/python3.9/site-packages/airflow/example_dags/tutorial_objectstorage.py
[2025-11-27T11:47:12.350-0300] {processor.py:840} INFO - DAG(s) 'tutorial_objectstorage' retrieved from /Users/davispecia/Documents/GitHub/Pf_pipeline_dados/Projeto_final_fase3/venv/lib/python3.9/site-packages/airflow/example_dags/tutorial_objectstorage.py
[2025-11-27T11:47:12.418-0300] {logging_mixin.py:188} INFO - [2025-11-27T11:47:12.418-0300] {dag.py:3089} INFO - Sync 1 DAGs
[2025-11-27T11:47:12.423-0300] {logging_mixin.py:188} INFO - [2025-11-27T11:47:12.423-0300] {dag.py:3947} INFO - Setting next_dagrun for tutorial_objectstorage to None, run_after=None
[2025-11-27T11:47:12.432-0300] {processor.py:183} INFO - Processing /Users/davispecia/Documents/GitHub/Pf_pipeline_dados/Projeto_final_fase3/venv/lib/python3.9/site-packages/airflow/example_dags/tutorial_objectstorage.py took 0.125 seconds
[2025-11-27T11:48:15.711-0300] {processor.py:161} INFO - Started process (PID=95846) to work on /Users/davispecia/Documents/GitHub/Pf_pipeline_dados/Projeto_final_fase3/venv/lib/python3.9/site-packages/airflow/example_dags/tutorial_objectstorage.py
[2025-11-27T11:48:15.712-0300] {processor.py:830} INFO - Processing file /Users/davispecia/Documents/GitHub/Pf_pipeline_dados/Projeto_final_fase3/venv/lib/python3.9/site-packages/airflow/example_dags/tutorial_objectstorage.py for tasks to queue
[2025-11-27T11:48:15.712-0300] {logging_mixin.py:188} INFO - [2025-11-27T11:48:15.712-0300] {dagbag.py:545} INFO - Filling up the DagBag from /Users/davispecia/Documents/GitHub/Pf_pipeline_dados/Projeto_final_fase3/venv/lib/python3.9/site-packages/airflow/example_dags/tutorial_objectstorage.py
[2025-11-27T11:48:15.749-0300] {processor.py:840} INFO - DAG(s) 'tutorial_objectstorage' retrieved from /Users/davispecia/Documents/GitHub/Pf_pipeline_dados/Projeto_final_fase3/venv/lib/python3.9/site-packages/airflow/example_dags/tutorial_objectstorage.py
[2025-11-27T11:48:15.816-0300] {logging_mixin.py:188} INFO - [2025-11-27T11:48:15.816-0300] {dag.py:3089} INFO - Sync 1 DAGs
[2025-11-27T11:48:15.821-0300] {logging_mixin.py:188} INFO - [2025-11-27T11:48:15.821-0300] {dag.py:3947} INFO - Setting next_dagrun for tutorial_objectstorage to None, run_after=None
[2025-11-27T11:48:15.830-0300] {processor.py:183} INFO - Processing /Users/davispecia/Documents/GitHub/Pf_pipeline_dados/Projeto_final_fase3/venv/lib/python3.9/site-packages/airflow/example_dags/tutorial_objectstorage.py took 0.120 seconds
[2025-11-27T11:49:19.816-0300] {processor.py:161} INFO - Started process (PID=96003) to work on /Users/davispecia/Documents/GitHub/Pf_pipeline_dados/Projeto_final_fase3/venv/lib/python3.9/site-packages/airflow/example_dags/tutorial_objectstorage.py
[2025-11-27T11:49:19.817-0300] {processor.py:830} INFO - Processing file /Users/davispecia/Documents/GitHub/Pf_pipeline_dados/Projeto_final_fase3/venv/lib/python3.9/site-packages/airflow/example_dags/tutorial_objectstorage.py for tasks to queue
[2025-11-27T11:49:19.817-0300] {logging_mixin.py:188} INFO - [2025-11-27T11:49:19.817-0300] {dagbag.py:545} INFO - Filling up the DagBag from /Users/davispecia/Documents/GitHub/Pf_pipeline_dados/Projeto_final_fase3/venv/lib/python3.9/site-packages/airflow/example_dags/tutorial_objectstorage.py
[2025-11-27T11:49:19.856-0300] {processor.py:840} INFO - DAG(s) 'tutorial_objectstorage' retrieved from /Users/davispecia/Documents/GitHub/Pf_pipeline_dados/Projeto_final_fase3/venv/lib/python3.9/site-packages/airflow/example_dags/tutorial_objectstorage.py
[2025-11-27T11:49:19.925-0300] {logging_mixin.py:188} INFO - [2025-11-27T11:49:19.925-0300] {dag.py:3089} INFO - Sync 1 DAGs
[2025-11-27T11:49:19.929-0300] {logging_mixin.py:188} INFO - [2025-11-27T11:49:19.929-0300] {dag.py:3947} INFO - Setting next_dagrun for tutorial_objectstorage to None, run_after=None
[2025-11-27T11:49:19.938-0300] {processor.py:183} INFO - Processing /Users/davispecia/Documents/GitHub/Pf_pipeline_dados/Projeto_final_fase3/venv/lib/python3.9/site-packages/airflow/example_dags/tutorial_objectstorage.py took 0.124 seconds
[2025-11-27T11:50:24.894-0300] {processor.py:161} INFO - Started process (PID=96161) to work on /Users/davispecia/Documents/GitHub/Pf_pipeline_dados/Projeto_final_fase3/venv/lib/python3.9/site-packages/airflow/example_dags/tutorial_objectstorage.py
[2025-11-27T11:50:24.895-0300] {processor.py:830} INFO - Processing file /Users/davispecia/Documents/GitHub/Pf_pipeline_dados/Projeto_final_fase3/venv/lib/python3.9/site-packages/airflow/example_dags/tutorial_objectstorage.py for tasks to queue
[2025-11-27T11:50:24.895-0300] {logging_mixin.py:188} INFO - [2025-11-27T11:50:24.895-0300] {dagbag.py:545} INFO - Filling up the DagBag from /Users/davispecia/Documents/GitHub/Pf_pipeline_dados/Projeto_final_fase3/venv/lib/python3.9/site-packages/airflow/example_dags/tutorial_objectstorage.py
[2025-11-27T11:50:24.934-0300] {processor.py:840} INFO - DAG(s) 'tutorial_objectstorage' retrieved from /Users/davispecia/Documents/GitHub/Pf_pipeline_dados/Projeto_final_fase3/venv/lib/python3.9/site-packages/airflow/example_dags/tutorial_objectstorage.py
[2025-11-27T11:50:25.003-0300] {logging_mixin.py:188} INFO - [2025-11-27T11:50:25.002-0300] {dag.py:3089} INFO - Sync 1 DAGs
[2025-11-27T11:50:25.007-0300] {logging_mixin.py:188} INFO - [2025-11-27T11:50:25.007-0300] {dag.py:3947} INFO - Setting next_dagrun for tutorial_objectstorage to None, run_after=None
[2025-11-27T11:50:25.016-0300] {processor.py:183} INFO - Processing /Users/davispecia/Documents/GitHub/Pf_pipeline_dados/Projeto_final_fase3/venv/lib/python3.9/site-packages/airflow/example_dags/tutorial_objectstorage.py took 0.124 seconds
[2025-11-27T11:51:28.607-0300] {processor.py:161} INFO - Started process (PID=96317) to work on /Users/davispecia/Documents/GitHub/Pf_pipeline_dados/Projeto_final_fase3/venv/lib/python3.9/site-packages/airflow/example_dags/tutorial_objectstorage.py
[2025-11-27T11:51:28.608-0300] {processor.py:830} INFO - Processing file /Users/davispecia/Documents/GitHub/Pf_pipeline_dados/Projeto_final_fase3/venv/lib/python3.9/site-packages/airflow/example_dags/tutorial_objectstorage.py for tasks to queue
[2025-11-27T11:51:28.608-0300] {logging_mixin.py:188} INFO - [2025-11-27T11:51:28.608-0300] {dagbag.py:545} INFO - Filling up the DagBag from /Users/davispecia/Documents/GitHub/Pf_pipeline_dados/Projeto_final_fase3/venv/lib/python3.9/site-packages/airflow/example_dags/tutorial_objectstorage.py
[2025-11-27T11:51:28.648-0300] {processor.py:840} INFO - DAG(s) 'tutorial_objectstorage' retrieved from /Users/davispecia/Documents/GitHub/Pf_pipeline_dados/Projeto_final_fase3/venv/lib/python3.9/site-packages/airflow/example_dags/tutorial_objectstorage.py
[2025-11-27T11:51:28.716-0300] {logging_mixin.py:188} INFO - [2025-11-27T11:51:28.716-0300] {dag.py:3089} INFO - Sync 1 DAGs
[2025-11-27T11:51:28.721-0300] {logging_mixin.py:188} INFO - [2025-11-27T11:51:28.721-0300] {dag.py:3947} INFO - Setting next_dagrun for tutorial_objectstorage to None, run_after=None
[2025-11-27T11:51:28.729-0300] {processor.py:183} INFO - Processing /Users/davispecia/Documents/GitHub/Pf_pipeline_dados/Projeto_final_fase3/venv/lib/python3.9/site-packages/airflow/example_dags/tutorial_objectstorage.py took 0.125 seconds
[2025-11-27T11:52:29.981-0300] {processor.py:161} INFO - Started process (PID=96484) to work on /Users/davispecia/Documents/GitHub/Pf_pipeline_dados/Projeto_final_fase3/venv/lib/python3.9/site-packages/airflow/example_dags/tutorial_objectstorage.py
[2025-11-27T11:52:29.982-0300] {processor.py:830} INFO - Processing file /Users/davispecia/Documents/GitHub/Pf_pipeline_dados/Projeto_final_fase3/venv/lib/python3.9/site-packages/airflow/example_dags/tutorial_objectstorage.py for tasks to queue
[2025-11-27T11:52:29.982-0300] {logging_mixin.py:188} INFO - [2025-11-27T11:52:29.982-0300] {dagbag.py:545} INFO - Filling up the DagBag from /Users/davispecia/Documents/GitHub/Pf_pipeline_dados/Projeto_final_fase3/venv/lib/python3.9/site-packages/airflow/example_dags/tutorial_objectstorage.py
[2025-11-27T11:52:30.028-0300] {processor.py:840} INFO - DAG(s) 'tutorial_objectstorage' retrieved from /Users/davispecia/Documents/GitHub/Pf_pipeline_dados/Projeto_final_fase3/venv/lib/python3.9/site-packages/airflow/example_dags/tutorial_objectstorage.py
[2025-11-27T11:52:30.106-0300] {logging_mixin.py:188} INFO - [2025-11-27T11:52:30.106-0300] {dag.py:3089} INFO - Sync 1 DAGs
[2025-11-27T11:52:30.111-0300] {logging_mixin.py:188} INFO - [2025-11-27T11:52:30.111-0300] {dag.py:3947} INFO - Setting next_dagrun for tutorial_objectstorage to None, run_after=None
[2025-11-27T11:52:30.121-0300] {processor.py:183} INFO - Processing /Users/davispecia/Documents/GitHub/Pf_pipeline_dados/Projeto_final_fase3/venv/lib/python3.9/site-packages/airflow/example_dags/tutorial_objectstorage.py took 0.145 seconds
[2025-11-27T11:53:39.647-0300] {processor.py:161} INFO - Started process (PID=96794) to work on /Users/davispecia/Documents/GitHub/Pf_pipeline_dados/Projeto_final_fase3/venv/lib/python3.9/site-packages/airflow/example_dags/tutorial_objectstorage.py
[2025-11-27T11:53:39.648-0300] {processor.py:830} INFO - Processing file /Users/davispecia/Documents/GitHub/Pf_pipeline_dados/Projeto_final_fase3/venv/lib/python3.9/site-packages/airflow/example_dags/tutorial_objectstorage.py for tasks to queue
[2025-11-27T11:53:39.649-0300] {logging_mixin.py:188} INFO - [2025-11-27T11:53:39.649-0300] {dagbag.py:545} INFO - Filling up the DagBag from /Users/davispecia/Documents/GitHub/Pf_pipeline_dados/Projeto_final_fase3/venv/lib/python3.9/site-packages/airflow/example_dags/tutorial_objectstorage.py
[2025-11-27T11:53:39.689-0300] {processor.py:840} INFO - DAG(s) 'tutorial_objectstorage' retrieved from /Users/davispecia/Documents/GitHub/Pf_pipeline_dados/Projeto_final_fase3/venv/lib/python3.9/site-packages/airflow/example_dags/tutorial_objectstorage.py
[2025-11-27T11:53:39.757-0300] {logging_mixin.py:188} INFO - [2025-11-27T11:53:39.757-0300] {dag.py:3089} INFO - Sync 1 DAGs
[2025-11-27T11:53:39.762-0300] {logging_mixin.py:188} INFO - [2025-11-27T11:53:39.762-0300] {dag.py:3947} INFO - Setting next_dagrun for tutorial_objectstorage to None, run_after=None
[2025-11-27T11:53:39.770-0300] {processor.py:183} INFO - Processing /Users/davispecia/Documents/GitHub/Pf_pipeline_dados/Projeto_final_fase3/venv/lib/python3.9/site-packages/airflow/example_dags/tutorial_objectstorage.py took 0.125 seconds
[2025-11-27T11:54:42.727-0300] {processor.py:161} INFO - Started process (PID=96943) to work on /Users/davispecia/Documents/GitHub/Pf_pipeline_dados/Projeto_final_fase3/venv/lib/python3.9/site-packages/airflow/example_dags/tutorial_objectstorage.py
[2025-11-27T11:54:42.728-0300] {processor.py:830} INFO - Processing file /Users/davispecia/Documents/GitHub/Pf_pipeline_dados/Projeto_final_fase3/venv/lib/python3.9/site-packages/airflow/example_dags/tutorial_objectstorage.py for tasks to queue
[2025-11-27T11:54:42.729-0300] {logging_mixin.py:188} INFO - [2025-11-27T11:54:42.729-0300] {dagbag.py:545} INFO - Filling up the DagBag from /Users/davispecia/Documents/GitHub/Pf_pipeline_dados/Projeto_final_fase3/venv/lib/python3.9/site-packages/airflow/example_dags/tutorial_objectstorage.py
[2025-11-27T11:54:42.766-0300] {processor.py:840} INFO - DAG(s) 'tutorial_objectstorage' retrieved from /Users/davispecia/Documents/GitHub/Pf_pipeline_dados/Projeto_final_fase3/venv/lib/python3.9/site-packages/airflow/example_dags/tutorial_objectstorage.py
[2025-11-27T11:54:42.835-0300] {logging_mixin.py:188} INFO - [2025-11-27T11:54:42.834-0300] {dag.py:3089} INFO - Sync 1 DAGs
[2025-11-27T11:54:42.839-0300] {logging_mixin.py:188} INFO - [2025-11-27T11:54:42.839-0300] {dag.py:3947} INFO - Setting next_dagrun for tutorial_objectstorage to None, run_after=None
[2025-11-27T11:54:42.848-0300] {processor.py:183} INFO - Processing /Users/davispecia/Documents/GitHub/Pf_pipeline_dados/Projeto_final_fase3/venv/lib/python3.9/site-packages/airflow/example_dags/tutorial_objectstorage.py took 0.123 seconds
[2025-11-27T11:55:39.960-0300] {processor.py:161} INFO - Started process (PID=97080) to work on /Users/davispecia/Documents/GitHub/Pf_pipeline_dados/Projeto_final_fase3/venv/lib/python3.9/site-packages/airflow/example_dags/tutorial_objectstorage.py
[2025-11-27T11:55:39.961-0300] {processor.py:830} INFO - Processing file /Users/davispecia/Documents/GitHub/Pf_pipeline_dados/Projeto_final_fase3/venv/lib/python3.9/site-packages/airflow/example_dags/tutorial_objectstorage.py for tasks to queue
[2025-11-27T11:55:39.961-0300] {logging_mixin.py:188} INFO - [2025-11-27T11:55:39.961-0300] {dagbag.py:545} INFO - Filling up the DagBag from /Users/davispecia/Documents/GitHub/Pf_pipeline_dados/Projeto_final_fase3/venv/lib/python3.9/site-packages/airflow/example_dags/tutorial_objectstorage.py
[2025-11-27T11:55:40.000-0300] {processor.py:840} INFO - DAG(s) 'tutorial_objectstorage' retrieved from /Users/davispecia/Documents/GitHub/Pf_pipeline_dados/Projeto_final_fase3/venv/lib/python3.9/site-packages/airflow/example_dags/tutorial_objectstorage.py
[2025-11-27T11:55:40.069-0300] {logging_mixin.py:188} INFO - [2025-11-27T11:55:40.069-0300] {dag.py:3089} INFO - Sync 1 DAGs
[2025-11-27T11:55:40.074-0300] {logging_mixin.py:188} INFO - [2025-11-27T11:55:40.074-0300] {dag.py:3947} INFO - Setting next_dagrun for tutorial_objectstorage to None, run_after=None
[2025-11-27T11:55:40.083-0300] {processor.py:183} INFO - Processing /Users/davispecia/Documents/GitHub/Pf_pipeline_dados/Projeto_final_fase3/venv/lib/python3.9/site-packages/airflow/example_dags/tutorial_objectstorage.py took 0.125 seconds
[2025-11-27T11:56:41.832-0300] {processor.py:161} INFO - Started process (PID=97230) to work on /Users/davispecia/Documents/GitHub/Pf_pipeline_dados/Projeto_final_fase3/venv/lib/python3.9/site-packages/airflow/example_dags/tutorial_objectstorage.py
[2025-11-27T11:56:41.834-0300] {processor.py:830} INFO - Processing file /Users/davispecia/Documents/GitHub/Pf_pipeline_dados/Projeto_final_fase3/venv/lib/python3.9/site-packages/airflow/example_dags/tutorial_objectstorage.py for tasks to queue
[2025-11-27T11:56:41.834-0300] {logging_mixin.py:188} INFO - [2025-11-27T11:56:41.834-0300] {dagbag.py:545} INFO - Filling up the DagBag from /Users/davispecia/Documents/GitHub/Pf_pipeline_dados/Projeto_final_fase3/venv/lib/python3.9/site-packages/airflow/example_dags/tutorial_objectstorage.py
[2025-11-27T11:56:41.873-0300] {processor.py:840} INFO - DAG(s) 'tutorial_objectstorage' retrieved from /Users/davispecia/Documents/GitHub/Pf_pipeline_dados/Projeto_final_fase3/venv/lib/python3.9/site-packages/airflow/example_dags/tutorial_objectstorage.py
[2025-11-27T11:56:41.942-0300] {logging_mixin.py:188} INFO - [2025-11-27T11:56:41.942-0300] {dag.py:3089} INFO - Sync 1 DAGs
[2025-11-27T11:56:41.947-0300] {logging_mixin.py:188} INFO - [2025-11-27T11:56:41.946-0300] {dag.py:3947} INFO - Setting next_dagrun for tutorial_objectstorage to None, run_after=None
[2025-11-27T11:56:41.955-0300] {processor.py:183} INFO - Processing /Users/davispecia/Documents/GitHub/Pf_pipeline_dados/Projeto_final_fase3/venv/lib/python3.9/site-packages/airflow/example_dags/tutorial_objectstorage.py took 0.126 seconds
[2025-11-27T11:57:45.145-0300] {processor.py:161} INFO - Started process (PID=97384) to work on /Users/davispecia/Documents/GitHub/Pf_pipeline_dados/Projeto_final_fase3/venv/lib/python3.9/site-packages/airflow/example_dags/tutorial_objectstorage.py
[2025-11-27T11:57:45.145-0300] {processor.py:830} INFO - Processing file /Users/davispecia/Documents/GitHub/Pf_pipeline_dados/Projeto_final_fase3/venv/lib/python3.9/site-packages/airflow/example_dags/tutorial_objectstorage.py for tasks to queue
[2025-11-27T11:57:45.146-0300] {logging_mixin.py:188} INFO - [2025-11-27T11:57:45.146-0300] {dagbag.py:545} INFO - Filling up the DagBag from /Users/davispecia/Documents/GitHub/Pf_pipeline_dados/Projeto_final_fase3/venv/lib/python3.9/site-packages/airflow/example_dags/tutorial_objectstorage.py
[2025-11-27T11:57:45.184-0300] {processor.py:840} INFO - DAG(s) 'tutorial_objectstorage' retrieved from /Users/davispecia/Documents/GitHub/Pf_pipeline_dados/Projeto_final_fase3/venv/lib/python3.9/site-packages/airflow/example_dags/tutorial_objectstorage.py
[2025-11-27T11:57:45.252-0300] {logging_mixin.py:188} INFO - [2025-11-27T11:57:45.251-0300] {dag.py:3089} INFO - Sync 1 DAGs
[2025-11-27T11:57:45.256-0300] {logging_mixin.py:188} INFO - [2025-11-27T11:57:45.256-0300] {dag.py:3947} INFO - Setting next_dagrun for tutorial_objectstorage to None, run_after=None
[2025-11-27T11:57:45.265-0300] {processor.py:183} INFO - Processing /Users/davispecia/Documents/GitHub/Pf_pipeline_dados/Projeto_final_fase3/venv/lib/python3.9/site-packages/airflow/example_dags/tutorial_objectstorage.py took 0.122 seconds
[2025-11-27T11:58:58.696-0300] {processor.py:161} INFO - Started process (PID=97618) to work on /Users/davispecia/Documents/GitHub/Pf_pipeline_dados/Projeto_final_fase3/venv/lib/python3.9/site-packages/airflow/example_dags/tutorial_objectstorage.py
[2025-11-27T11:58:58.697-0300] {processor.py:830} INFO - Processing file /Users/davispecia/Documents/GitHub/Pf_pipeline_dados/Projeto_final_fase3/venv/lib/python3.9/site-packages/airflow/example_dags/tutorial_objectstorage.py for tasks to queue
[2025-11-27T11:58:58.697-0300] {logging_mixin.py:188} INFO - [2025-11-27T11:58:58.697-0300] {dagbag.py:545} INFO - Filling up the DagBag from /Users/davispecia/Documents/GitHub/Pf_pipeline_dados/Projeto_final_fase3/venv/lib/python3.9/site-packages/airflow/example_dags/tutorial_objectstorage.py
[2025-11-27T11:58:58.736-0300] {processor.py:840} INFO - DAG(s) 'tutorial_objectstorage' retrieved from /Users/davispecia/Documents/GitHub/Pf_pipeline_dados/Projeto_final_fase3/venv/lib/python3.9/site-packages/airflow/example_dags/tutorial_objectstorage.py
[2025-11-27T11:58:58.804-0300] {logging_mixin.py:188} INFO - [2025-11-27T11:58:58.804-0300] {dag.py:3089} INFO - Sync 1 DAGs
[2025-11-27T11:58:58.809-0300] {logging_mixin.py:188} INFO - [2025-11-27T11:58:58.809-0300] {dag.py:3947} INFO - Setting next_dagrun for tutorial_objectstorage to None, run_after=None
[2025-11-27T11:58:58.817-0300] {processor.py:183} INFO - Processing /Users/davispecia/Documents/GitHub/Pf_pipeline_dados/Projeto_final_fase3/venv/lib/python3.9/site-packages/airflow/example_dags/tutorial_objectstorage.py took 0.123 seconds
[2025-11-27T12:00:04.469-0300] {processor.py:161} INFO - Started process (PID=97793) to work on /Users/davispecia/Documents/GitHub/Pf_pipeline_dados/Projeto_final_fase3/venv/lib/python3.9/site-packages/airflow/example_dags/tutorial_objectstorage.py
[2025-11-27T12:00:04.470-0300] {processor.py:830} INFO - Processing file /Users/davispecia/Documents/GitHub/Pf_pipeline_dados/Projeto_final_fase3/venv/lib/python3.9/site-packages/airflow/example_dags/tutorial_objectstorage.py for tasks to queue
[2025-11-27T12:00:04.470-0300] {logging_mixin.py:188} INFO - [2025-11-27T12:00:04.470-0300] {dagbag.py:545} INFO - Filling up the DagBag from /Users/davispecia/Documents/GitHub/Pf_pipeline_dados/Projeto_final_fase3/venv/lib/python3.9/site-packages/airflow/example_dags/tutorial_objectstorage.py
[2025-11-27T12:00:04.507-0300] {processor.py:840} INFO - DAG(s) 'tutorial_objectstorage' retrieved from /Users/davispecia/Documents/GitHub/Pf_pipeline_dados/Projeto_final_fase3/venv/lib/python3.9/site-packages/airflow/example_dags/tutorial_objectstorage.py
[2025-11-27T12:00:04.576-0300] {logging_mixin.py:188} INFO - [2025-11-27T12:00:04.576-0300] {dag.py:3089} INFO - Sync 1 DAGs
[2025-11-27T12:00:04.581-0300] {logging_mixin.py:188} INFO - [2025-11-27T12:00:04.581-0300] {dag.py:3947} INFO - Setting next_dagrun for tutorial_objectstorage to None, run_after=None
[2025-11-27T12:00:04.590-0300] {processor.py:183} INFO - Processing /Users/davispecia/Documents/GitHub/Pf_pipeline_dados/Projeto_final_fase3/venv/lib/python3.9/site-packages/airflow/example_dags/tutorial_objectstorage.py took 0.123 seconds
[2025-11-27T12:01:09.844-0300] {processor.py:161} INFO - Started process (PID=97943) to work on /Users/davispecia/Documents/GitHub/Pf_pipeline_dados/Projeto_final_fase3/venv/lib/python3.9/site-packages/airflow/example_dags/tutorial_objectstorage.py
[2025-11-27T12:01:09.845-0300] {processor.py:830} INFO - Processing file /Users/davispecia/Documents/GitHub/Pf_pipeline_dados/Projeto_final_fase3/venv/lib/python3.9/site-packages/airflow/example_dags/tutorial_objectstorage.py for tasks to queue
[2025-11-27T12:01:09.845-0300] {logging_mixin.py:188} INFO - [2025-11-27T12:01:09.845-0300] {dagbag.py:545} INFO - Filling up the DagBag from /Users/davispecia/Documents/GitHub/Pf_pipeline_dados/Projeto_final_fase3/venv/lib/python3.9/site-packages/airflow/example_dags/tutorial_objectstorage.py
[2025-11-27T12:01:09.883-0300] {processor.py:840} INFO - DAG(s) 'tutorial_objectstorage' retrieved from /Users/davispecia/Documents/GitHub/Pf_pipeline_dados/Projeto_final_fase3/venv/lib/python3.9/site-packages/airflow/example_dags/tutorial_objectstorage.py
[2025-11-27T12:01:09.951-0300] {logging_mixin.py:188} INFO - [2025-11-27T12:01:09.951-0300] {dag.py:3089} INFO - Sync 1 DAGs
[2025-11-27T12:01:09.956-0300] {logging_mixin.py:188} INFO - [2025-11-27T12:01:09.956-0300] {dag.py:3947} INFO - Setting next_dagrun for tutorial_objectstorage to None, run_after=None
[2025-11-27T12:01:09.964-0300] {processor.py:183} INFO - Processing /Users/davispecia/Documents/GitHub/Pf_pipeline_dados/Projeto_final_fase3/venv/lib/python3.9/site-packages/airflow/example_dags/tutorial_objectstorage.py took 0.122 seconds
[2025-11-27T12:02:13.102-0300] {processor.py:161} INFO - Started process (PID=98095) to work on /Users/davispecia/Documents/GitHub/Pf_pipeline_dados/Projeto_final_fase3/venv/lib/python3.9/site-packages/airflow/example_dags/tutorial_objectstorage.py
[2025-11-27T12:02:13.102-0300] {processor.py:830} INFO - Processing file /Users/davispecia/Documents/GitHub/Pf_pipeline_dados/Projeto_final_fase3/venv/lib/python3.9/site-packages/airflow/example_dags/tutorial_objectstorage.py for tasks to queue
[2025-11-27T12:02:13.103-0300] {logging_mixin.py:188} INFO - [2025-11-27T12:02:13.102-0300] {dagbag.py:545} INFO - Filling up the DagBag from /Users/davispecia/Documents/GitHub/Pf_pipeline_dados/Projeto_final_fase3/venv/lib/python3.9/site-packages/airflow/example_dags/tutorial_objectstorage.py
[2025-11-27T12:02:13.140-0300] {processor.py:840} INFO - DAG(s) 'tutorial_objectstorage' retrieved from /Users/davispecia/Documents/GitHub/Pf_pipeline_dados/Projeto_final_fase3/venv/lib/python3.9/site-packages/airflow/example_dags/tutorial_objectstorage.py
[2025-11-27T12:02:13.211-0300] {logging_mixin.py:188} INFO - [2025-11-27T12:02:13.211-0300] {dag.py:3089} INFO - Sync 1 DAGs
[2025-11-27T12:02:13.216-0300] {logging_mixin.py:188} INFO - [2025-11-27T12:02:13.216-0300] {dag.py:3947} INFO - Setting next_dagrun for tutorial_objectstorage to None, run_after=None
[2025-11-27T12:02:13.225-0300] {processor.py:183} INFO - Processing /Users/davispecia/Documents/GitHub/Pf_pipeline_dados/Projeto_final_fase3/venv/lib/python3.9/site-packages/airflow/example_dags/tutorial_objectstorage.py took 0.125 seconds
[2025-11-27T12:03:14.337-0300] {processor.py:161} INFO - Started process (PID=98240) to work on /Users/davispecia/Documents/GitHub/Pf_pipeline_dados/Projeto_final_fase3/venv/lib/python3.9/site-packages/airflow/example_dags/tutorial_objectstorage.py
[2025-11-27T12:03:14.338-0300] {processor.py:830} INFO - Processing file /Users/davispecia/Documents/GitHub/Pf_pipeline_dados/Projeto_final_fase3/venv/lib/python3.9/site-packages/airflow/example_dags/tutorial_objectstorage.py for tasks to queue
[2025-11-27T12:03:14.338-0300] {logging_mixin.py:188} INFO - [2025-11-27T12:03:14.338-0300] {dagbag.py:545} INFO - Filling up the DagBag from /Users/davispecia/Documents/GitHub/Pf_pipeline_dados/Projeto_final_fase3/venv/lib/python3.9/site-packages/airflow/example_dags/tutorial_objectstorage.py
[2025-11-27T12:03:14.376-0300] {processor.py:840} INFO - DAG(s) 'tutorial_objectstorage' retrieved from /Users/davispecia/Documents/GitHub/Pf_pipeline_dados/Projeto_final_fase3/venv/lib/python3.9/site-packages/airflow/example_dags/tutorial_objectstorage.py
[2025-11-27T12:03:14.444-0300] {logging_mixin.py:188} INFO - [2025-11-27T12:03:14.444-0300] {dag.py:3089} INFO - Sync 1 DAGs
[2025-11-27T12:03:14.449-0300] {logging_mixin.py:188} INFO - [2025-11-27T12:03:14.449-0300] {dag.py:3947} INFO - Setting next_dagrun for tutorial_objectstorage to None, run_after=None
[2025-11-27T12:03:14.457-0300] {processor.py:183} INFO - Processing /Users/davispecia/Documents/GitHub/Pf_pipeline_dados/Projeto_final_fase3/venv/lib/python3.9/site-packages/airflow/example_dags/tutorial_objectstorage.py took 0.122 seconds
[2025-11-27T12:04:21.897-0300] {processor.py:161} INFO - Started process (PID=98461) to work on /Users/davispecia/Documents/GitHub/Pf_pipeline_dados/Projeto_final_fase3/venv/lib/python3.9/site-packages/airflow/example_dags/tutorial_objectstorage.py
[2025-11-27T12:04:21.898-0300] {processor.py:830} INFO - Processing file /Users/davispecia/Documents/GitHub/Pf_pipeline_dados/Projeto_final_fase3/venv/lib/python3.9/site-packages/airflow/example_dags/tutorial_objectstorage.py for tasks to queue
[2025-11-27T12:04:21.899-0300] {logging_mixin.py:188} INFO - [2025-11-27T12:04:21.898-0300] {dagbag.py:545} INFO - Filling up the DagBag from /Users/davispecia/Documents/GitHub/Pf_pipeline_dados/Projeto_final_fase3/venv/lib/python3.9/site-packages/airflow/example_dags/tutorial_objectstorage.py
[2025-11-27T12:04:21.938-0300] {processor.py:840} INFO - DAG(s) 'tutorial_objectstorage' retrieved from /Users/davispecia/Documents/GitHub/Pf_pipeline_dados/Projeto_final_fase3/venv/lib/python3.9/site-packages/airflow/example_dags/tutorial_objectstorage.py
[2025-11-27T12:04:22.007-0300] {logging_mixin.py:188} INFO - [2025-11-27T12:04:22.007-0300] {dag.py:3089} INFO - Sync 1 DAGs
[2025-11-27T12:04:22.012-0300] {logging_mixin.py:188} INFO - [2025-11-27T12:04:22.012-0300] {dag.py:3947} INFO - Setting next_dagrun for tutorial_objectstorage to None, run_after=None
[2025-11-27T12:04:22.021-0300] {processor.py:183} INFO - Processing /Users/davispecia/Documents/GitHub/Pf_pipeline_dados/Projeto_final_fase3/venv/lib/python3.9/site-packages/airflow/example_dags/tutorial_objectstorage.py took 0.126 seconds
[2025-11-27T12:05:29.860-0300] {processor.py:161} INFO - Started process (PID=98672) to work on /Users/davispecia/Documents/GitHub/Pf_pipeline_dados/Projeto_final_fase3/venv/lib/python3.9/site-packages/airflow/example_dags/tutorial_objectstorage.py
[2025-11-27T12:05:29.861-0300] {processor.py:830} INFO - Processing file /Users/davispecia/Documents/GitHub/Pf_pipeline_dados/Projeto_final_fase3/venv/lib/python3.9/site-packages/airflow/example_dags/tutorial_objectstorage.py for tasks to queue
[2025-11-27T12:05:29.862-0300] {logging_mixin.py:188} INFO - [2025-11-27T12:05:29.862-0300] {dagbag.py:545} INFO - Filling up the DagBag from /Users/davispecia/Documents/GitHub/Pf_pipeline_dados/Projeto_final_fase3/venv/lib/python3.9/site-packages/airflow/example_dags/tutorial_objectstorage.py
[2025-11-27T12:05:29.898-0300] {processor.py:840} INFO - DAG(s) 'tutorial_objectstorage' retrieved from /Users/davispecia/Documents/GitHub/Pf_pipeline_dados/Projeto_final_fase3/venv/lib/python3.9/site-packages/airflow/example_dags/tutorial_objectstorage.py
[2025-11-27T12:05:29.967-0300] {logging_mixin.py:188} INFO - [2025-11-27T12:05:29.967-0300] {dag.py:3089} INFO - Sync 1 DAGs
[2025-11-27T12:05:29.972-0300] {logging_mixin.py:188} INFO - [2025-11-27T12:05:29.972-0300] {dag.py:3947} INFO - Setting next_dagrun for tutorial_objectstorage to None, run_after=None
[2025-11-27T12:05:29.980-0300] {processor.py:183} INFO - Processing /Users/davispecia/Documents/GitHub/Pf_pipeline_dados/Projeto_final_fase3/venv/lib/python3.9/site-packages/airflow/example_dags/tutorial_objectstorage.py took 0.122 seconds
[2025-11-27T12:06:35.645-0300] {processor.py:161} INFO - Started process (PID=98829) to work on /Users/davispecia/Documents/GitHub/Pf_pipeline_dados/Projeto_final_fase3/venv/lib/python3.9/site-packages/airflow/example_dags/tutorial_objectstorage.py
[2025-11-27T12:06:35.646-0300] {processor.py:830} INFO - Processing file /Users/davispecia/Documents/GitHub/Pf_pipeline_dados/Projeto_final_fase3/venv/lib/python3.9/site-packages/airflow/example_dags/tutorial_objectstorage.py for tasks to queue
[2025-11-27T12:06:35.647-0300] {logging_mixin.py:188} INFO - [2025-11-27T12:06:35.647-0300] {dagbag.py:545} INFO - Filling up the DagBag from /Users/davispecia/Documents/GitHub/Pf_pipeline_dados/Projeto_final_fase3/venv/lib/python3.9/site-packages/airflow/example_dags/tutorial_objectstorage.py
[2025-11-27T12:06:35.683-0300] {processor.py:840} INFO - DAG(s) 'tutorial_objectstorage' retrieved from /Users/davispecia/Documents/GitHub/Pf_pipeline_dados/Projeto_final_fase3/venv/lib/python3.9/site-packages/airflow/example_dags/tutorial_objectstorage.py
[2025-11-27T12:06:35.750-0300] {logging_mixin.py:188} INFO - [2025-11-27T12:06:35.750-0300] {dag.py:3089} INFO - Sync 1 DAGs
[2025-11-27T12:06:35.755-0300] {logging_mixin.py:188} INFO - [2025-11-27T12:06:35.755-0300] {dag.py:3947} INFO - Setting next_dagrun for tutorial_objectstorage to None, run_after=None
[2025-11-27T12:06:35.764-0300] {processor.py:183} INFO - Processing /Users/davispecia/Documents/GitHub/Pf_pipeline_dados/Projeto_final_fase3/venv/lib/python3.9/site-packages/airflow/example_dags/tutorial_objectstorage.py took 0.120 seconds
[2025-11-27T12:07:40.925-0300] {processor.py:161} INFO - Started process (PID=98988) to work on /Users/davispecia/Documents/GitHub/Pf_pipeline_dados/Projeto_final_fase3/venv/lib/python3.9/site-packages/airflow/example_dags/tutorial_objectstorage.py
[2025-11-27T12:07:40.926-0300] {processor.py:830} INFO - Processing file /Users/davispecia/Documents/GitHub/Pf_pipeline_dados/Projeto_final_fase3/venv/lib/python3.9/site-packages/airflow/example_dags/tutorial_objectstorage.py for tasks to queue
[2025-11-27T12:07:40.926-0300] {logging_mixin.py:188} INFO - [2025-11-27T12:07:40.926-0300] {dagbag.py:545} INFO - Filling up the DagBag from /Users/davispecia/Documents/GitHub/Pf_pipeline_dados/Projeto_final_fase3/venv/lib/python3.9/site-packages/airflow/example_dags/tutorial_objectstorage.py
[2025-11-27T12:07:40.965-0300] {processor.py:840} INFO - DAG(s) 'tutorial_objectstorage' retrieved from /Users/davispecia/Documents/GitHub/Pf_pipeline_dados/Projeto_final_fase3/venv/lib/python3.9/site-packages/airflow/example_dags/tutorial_objectstorage.py
[2025-11-27T12:07:41.031-0300] {logging_mixin.py:188} INFO - [2025-11-27T12:07:41.031-0300] {dag.py:3089} INFO - Sync 1 DAGs
[2025-11-27T12:07:41.036-0300] {logging_mixin.py:188} INFO - [2025-11-27T12:07:41.036-0300] {dag.py:3947} INFO - Setting next_dagrun for tutorial_objectstorage to None, run_after=None
[2025-11-27T12:07:41.045-0300] {processor.py:183} INFO - Processing /Users/davispecia/Documents/GitHub/Pf_pipeline_dados/Projeto_final_fase3/venv/lib/python3.9/site-packages/airflow/example_dags/tutorial_objectstorage.py took 0.122 seconds
[2025-11-27T12:08:44.264-0300] {processor.py:161} INFO - Started process (PID=99140) to work on /Users/davispecia/Documents/GitHub/Pf_pipeline_dados/Projeto_final_fase3/venv/lib/python3.9/site-packages/airflow/example_dags/tutorial_objectstorage.py
[2025-11-27T12:08:44.264-0300] {processor.py:830} INFO - Processing file /Users/davispecia/Documents/GitHub/Pf_pipeline_dados/Projeto_final_fase3/venv/lib/python3.9/site-packages/airflow/example_dags/tutorial_objectstorage.py for tasks to queue
[2025-11-27T12:08:44.265-0300] {logging_mixin.py:188} INFO - [2025-11-27T12:08:44.265-0300] {dagbag.py:545} INFO - Filling up the DagBag from /Users/davispecia/Documents/GitHub/Pf_pipeline_dados/Projeto_final_fase3/venv/lib/python3.9/site-packages/airflow/example_dags/tutorial_objectstorage.py
[2025-11-27T12:08:44.303-0300] {processor.py:840} INFO - DAG(s) 'tutorial_objectstorage' retrieved from /Users/davispecia/Documents/GitHub/Pf_pipeline_dados/Projeto_final_fase3/venv/lib/python3.9/site-packages/airflow/example_dags/tutorial_objectstorage.py
[2025-11-27T12:08:44.370-0300] {logging_mixin.py:188} INFO - [2025-11-27T12:08:44.370-0300] {dag.py:3089} INFO - Sync 1 DAGs
[2025-11-27T12:08:44.375-0300] {logging_mixin.py:188} INFO - [2025-11-27T12:08:44.375-0300] {dag.py:3947} INFO - Setting next_dagrun for tutorial_objectstorage to None, run_after=None
[2025-11-27T12:08:44.385-0300] {processor.py:183} INFO - Processing /Users/davispecia/Documents/GitHub/Pf_pipeline_dados/Projeto_final_fase3/venv/lib/python3.9/site-packages/airflow/example_dags/tutorial_objectstorage.py took 0.123 seconds
[2025-11-27T12:09:46.976-0300] {processor.py:161} INFO - Started process (PID=99292) to work on /Users/davispecia/Documents/GitHub/Pf_pipeline_dados/Projeto_final_fase3/venv/lib/python3.9/site-packages/airflow/example_dags/tutorial_objectstorage.py
[2025-11-27T12:09:46.976-0300] {processor.py:830} INFO - Processing file /Users/davispecia/Documents/GitHub/Pf_pipeline_dados/Projeto_final_fase3/venv/lib/python3.9/site-packages/airflow/example_dags/tutorial_objectstorage.py for tasks to queue
[2025-11-27T12:09:46.977-0300] {logging_mixin.py:188} INFO - [2025-11-27T12:09:46.976-0300] {dagbag.py:545} INFO - Filling up the DagBag from /Users/davispecia/Documents/GitHub/Pf_pipeline_dados/Projeto_final_fase3/venv/lib/python3.9/site-packages/airflow/example_dags/tutorial_objectstorage.py
[2025-11-27T12:09:47.016-0300] {processor.py:840} INFO - DAG(s) 'tutorial_objectstorage' retrieved from /Users/davispecia/Documents/GitHub/Pf_pipeline_dados/Projeto_final_fase3/venv/lib/python3.9/site-packages/airflow/example_dags/tutorial_objectstorage.py
[2025-11-27T12:09:47.089-0300] {logging_mixin.py:188} INFO - [2025-11-27T12:09:47.089-0300] {dag.py:3089} INFO - Sync 1 DAGs
[2025-11-27T12:09:47.095-0300] {logging_mixin.py:188} INFO - [2025-11-27T12:09:47.095-0300] {dag.py:3947} INFO - Setting next_dagrun for tutorial_objectstorage to None, run_after=None
[2025-11-27T12:09:47.104-0300] {processor.py:183} INFO - Processing /Users/davispecia/Documents/GitHub/Pf_pipeline_dados/Projeto_final_fase3/venv/lib/python3.9/site-packages/airflow/example_dags/tutorial_objectstorage.py took 0.130 seconds
[2025-11-27T12:10:59.416-0300] {processor.py:161} INFO - Started process (PID=99521) to work on /Users/davispecia/Documents/GitHub/Pf_pipeline_dados/Projeto_final_fase3/venv/lib/python3.9/site-packages/airflow/example_dags/tutorial_objectstorage.py
[2025-11-27T12:10:59.417-0300] {processor.py:830} INFO - Processing file /Users/davispecia/Documents/GitHub/Pf_pipeline_dados/Projeto_final_fase3/venv/lib/python3.9/site-packages/airflow/example_dags/tutorial_objectstorage.py for tasks to queue
[2025-11-27T12:10:59.417-0300] {logging_mixin.py:188} INFO - [2025-11-27T12:10:59.417-0300] {dagbag.py:545} INFO - Filling up the DagBag from /Users/davispecia/Documents/GitHub/Pf_pipeline_dados/Projeto_final_fase3/venv/lib/python3.9/site-packages/airflow/example_dags/tutorial_objectstorage.py
[2025-11-27T12:10:59.456-0300] {processor.py:840} INFO - DAG(s) 'tutorial_objectstorage' retrieved from /Users/davispecia/Documents/GitHub/Pf_pipeline_dados/Projeto_final_fase3/venv/lib/python3.9/site-packages/airflow/example_dags/tutorial_objectstorage.py
[2025-11-27T12:10:59.525-0300] {logging_mixin.py:188} INFO - [2025-11-27T12:10:59.525-0300] {dag.py:3089} INFO - Sync 1 DAGs
[2025-11-27T12:10:59.530-0300] {logging_mixin.py:188} INFO - [2025-11-27T12:10:59.530-0300] {dag.py:3947} INFO - Setting next_dagrun for tutorial_objectstorage to None, run_after=None
[2025-11-27T12:10:59.538-0300] {processor.py:183} INFO - Processing /Users/davispecia/Documents/GitHub/Pf_pipeline_dados/Projeto_final_fase3/venv/lib/python3.9/site-packages/airflow/example_dags/tutorial_objectstorage.py took 0.124 seconds
[2025-11-27T12:12:03.194-0300] {processor.py:161} INFO - Started process (PID=99672) to work on /Users/davispecia/Documents/GitHub/Pf_pipeline_dados/Projeto_final_fase3/venv/lib/python3.9/site-packages/airflow/example_dags/tutorial_objectstorage.py
[2025-11-27T12:12:03.195-0300] {processor.py:830} INFO - Processing file /Users/davispecia/Documents/GitHub/Pf_pipeline_dados/Projeto_final_fase3/venv/lib/python3.9/site-packages/airflow/example_dags/tutorial_objectstorage.py for tasks to queue
[2025-11-27T12:12:03.195-0300] {logging_mixin.py:188} INFO - [2025-11-27T12:12:03.195-0300] {dagbag.py:545} INFO - Filling up the DagBag from /Users/davispecia/Documents/GitHub/Pf_pipeline_dados/Projeto_final_fase3/venv/lib/python3.9/site-packages/airflow/example_dags/tutorial_objectstorage.py
[2025-11-27T12:12:03.231-0300] {processor.py:840} INFO - DAG(s) 'tutorial_objectstorage' retrieved from /Users/davispecia/Documents/GitHub/Pf_pipeline_dados/Projeto_final_fase3/venv/lib/python3.9/site-packages/airflow/example_dags/tutorial_objectstorage.py
[2025-11-27T12:12:03.299-0300] {logging_mixin.py:188} INFO - [2025-11-27T12:12:03.299-0300] {dag.py:3089} INFO - Sync 1 DAGs
[2025-11-27T12:12:03.304-0300] {logging_mixin.py:188} INFO - [2025-11-27T12:12:03.304-0300] {dag.py:3947} INFO - Setting next_dagrun for tutorial_objectstorage to None, run_after=None
[2025-11-27T12:12:03.312-0300] {processor.py:183} INFO - Processing /Users/davispecia/Documents/GitHub/Pf_pipeline_dados/Projeto_final_fase3/venv/lib/python3.9/site-packages/airflow/example_dags/tutorial_objectstorage.py took 0.120 seconds
[2025-11-27T12:13:05.630-0300] {processor.py:161} INFO - Started process (PID=99818) to work on /Users/davispecia/Documents/GitHub/Pf_pipeline_dados/Projeto_final_fase3/venv/lib/python3.9/site-packages/airflow/example_dags/tutorial_objectstorage.py
[2025-11-27T12:13:05.631-0300] {processor.py:830} INFO - Processing file /Users/davispecia/Documents/GitHub/Pf_pipeline_dados/Projeto_final_fase3/venv/lib/python3.9/site-packages/airflow/example_dags/tutorial_objectstorage.py for tasks to queue
[2025-11-27T12:13:05.631-0300] {logging_mixin.py:188} INFO - [2025-11-27T12:13:05.631-0300] {dagbag.py:545} INFO - Filling up the DagBag from /Users/davispecia/Documents/GitHub/Pf_pipeline_dados/Projeto_final_fase3/venv/lib/python3.9/site-packages/airflow/example_dags/tutorial_objectstorage.py
[2025-11-27T12:13:05.672-0300] {processor.py:840} INFO - DAG(s) 'tutorial_objectstorage' retrieved from /Users/davispecia/Documents/GitHub/Pf_pipeline_dados/Projeto_final_fase3/venv/lib/python3.9/site-packages/airflow/example_dags/tutorial_objectstorage.py
[2025-11-27T12:13:05.742-0300] {logging_mixin.py:188} INFO - [2025-11-27T12:13:05.742-0300] {dag.py:3089} INFO - Sync 1 DAGs
[2025-11-27T12:13:05.747-0300] {logging_mixin.py:188} INFO - [2025-11-27T12:13:05.747-0300] {dag.py:3947} INFO - Setting next_dagrun for tutorial_objectstorage to None, run_after=None
[2025-11-27T12:13:05.755-0300] {processor.py:183} INFO - Processing /Users/davispecia/Documents/GitHub/Pf_pipeline_dados/Projeto_final_fase3/venv/lib/python3.9/site-packages/airflow/example_dags/tutorial_objectstorage.py took 0.127 seconds
[2025-11-27T12:14:09.192-0300] {processor.py:161} INFO - Started process (PID=99970) to work on /Users/davispecia/Documents/GitHub/Pf_pipeline_dados/Projeto_final_fase3/venv/lib/python3.9/site-packages/airflow/example_dags/tutorial_objectstorage.py
[2025-11-27T12:14:09.193-0300] {processor.py:830} INFO - Processing file /Users/davispecia/Documents/GitHub/Pf_pipeline_dados/Projeto_final_fase3/venv/lib/python3.9/site-packages/airflow/example_dags/tutorial_objectstorage.py for tasks to queue
[2025-11-27T12:14:09.194-0300] {logging_mixin.py:188} INFO - [2025-11-27T12:14:09.194-0300] {dagbag.py:545} INFO - Filling up the DagBag from /Users/davispecia/Documents/GitHub/Pf_pipeline_dados/Projeto_final_fase3/venv/lib/python3.9/site-packages/airflow/example_dags/tutorial_objectstorage.py
[2025-11-27T12:14:09.232-0300] {processor.py:840} INFO - DAG(s) 'tutorial_objectstorage' retrieved from /Users/davispecia/Documents/GitHub/Pf_pipeline_dados/Projeto_final_fase3/venv/lib/python3.9/site-packages/airflow/example_dags/tutorial_objectstorage.py
[2025-11-27T12:14:09.301-0300] {logging_mixin.py:188} INFO - [2025-11-27T12:14:09.301-0300] {dag.py:3089} INFO - Sync 1 DAGs
[2025-11-27T12:14:09.306-0300] {logging_mixin.py:188} INFO - [2025-11-27T12:14:09.305-0300] {dag.py:3947} INFO - Setting next_dagrun for tutorial_objectstorage to None, run_after=None
[2025-11-27T12:14:09.314-0300] {processor.py:183} INFO - Processing /Users/davispecia/Documents/GitHub/Pf_pipeline_dados/Projeto_final_fase3/venv/lib/python3.9/site-packages/airflow/example_dags/tutorial_objectstorage.py took 0.124 seconds
[2025-11-27T12:15:09.945-0300] {processor.py:161} INFO - Started process (PID=271) to work on /Users/davispecia/Documents/GitHub/Pf_pipeline_dados/Projeto_final_fase3/venv/lib/python3.9/site-packages/airflow/example_dags/tutorial_objectstorage.py
[2025-11-27T12:15:09.947-0300] {processor.py:830} INFO - Processing file /Users/davispecia/Documents/GitHub/Pf_pipeline_dados/Projeto_final_fase3/venv/lib/python3.9/site-packages/airflow/example_dags/tutorial_objectstorage.py for tasks to queue
[2025-11-27T12:15:09.947-0300] {logging_mixin.py:188} INFO - [2025-11-27T12:15:09.947-0300] {dagbag.py:545} INFO - Filling up the DagBag from /Users/davispecia/Documents/GitHub/Pf_pipeline_dados/Projeto_final_fase3/venv/lib/python3.9/site-packages/airflow/example_dags/tutorial_objectstorage.py
[2025-11-27T12:15:09.985-0300] {processor.py:840} INFO - DAG(s) 'tutorial_objectstorage' retrieved from /Users/davispecia/Documents/GitHub/Pf_pipeline_dados/Projeto_final_fase3/venv/lib/python3.9/site-packages/airflow/example_dags/tutorial_objectstorage.py
[2025-11-27T12:15:10.056-0300] {logging_mixin.py:188} INFO - [2025-11-27T12:15:10.055-0300] {dag.py:3089} INFO - Sync 1 DAGs
[2025-11-27T12:15:10.060-0300] {logging_mixin.py:188} INFO - [2025-11-27T12:15:10.060-0300] {dag.py:3947} INFO - Setting next_dagrun for tutorial_objectstorage to None, run_after=None
[2025-11-27T12:15:10.069-0300] {processor.py:183} INFO - Processing /Users/davispecia/Documents/GitHub/Pf_pipeline_dados/Projeto_final_fase3/venv/lib/python3.9/site-packages/airflow/example_dags/tutorial_objectstorage.py took 0.126 seconds
[2025-11-27T12:16:21.901-0300] {processor.py:161} INFO - Started process (PID=569) to work on /Users/davispecia/Documents/GitHub/Pf_pipeline_dados/Projeto_final_fase3/venv/lib/python3.9/site-packages/airflow/example_dags/tutorial_objectstorage.py
[2025-11-27T12:16:21.902-0300] {processor.py:830} INFO - Processing file /Users/davispecia/Documents/GitHub/Pf_pipeline_dados/Projeto_final_fase3/venv/lib/python3.9/site-packages/airflow/example_dags/tutorial_objectstorage.py for tasks to queue
[2025-11-27T12:16:21.902-0300] {logging_mixin.py:188} INFO - [2025-11-27T12:16:21.902-0300] {dagbag.py:545} INFO - Filling up the DagBag from /Users/davispecia/Documents/GitHub/Pf_pipeline_dados/Projeto_final_fase3/venv/lib/python3.9/site-packages/airflow/example_dags/tutorial_objectstorage.py
[2025-11-27T12:16:21.941-0300] {processor.py:840} INFO - DAG(s) 'tutorial_objectstorage' retrieved from /Users/davispecia/Documents/GitHub/Pf_pipeline_dados/Projeto_final_fase3/venv/lib/python3.9/site-packages/airflow/example_dags/tutorial_objectstorage.py
[2025-11-27T12:16:22.009-0300] {logging_mixin.py:188} INFO - [2025-11-27T12:16:22.009-0300] {dag.py:3089} INFO - Sync 1 DAGs
[2025-11-27T12:16:22.014-0300] {logging_mixin.py:188} INFO - [2025-11-27T12:16:22.014-0300] {dag.py:3947} INFO - Setting next_dagrun for tutorial_objectstorage to None, run_after=None
[2025-11-27T12:16:22.022-0300] {processor.py:183} INFO - Processing /Users/davispecia/Documents/GitHub/Pf_pipeline_dados/Projeto_final_fase3/venv/lib/python3.9/site-packages/airflow/example_dags/tutorial_objectstorage.py took 0.123 seconds
[2025-11-27T12:17:20.106-0300] {processor.py:161} INFO - Started process (PID=732) to work on /Users/davispecia/Documents/GitHub/Pf_pipeline_dados/Projeto_final_fase3/venv/lib/python3.9/site-packages/airflow/example_dags/tutorial_objectstorage.py
[2025-11-27T12:17:20.106-0300] {processor.py:830} INFO - Processing file /Users/davispecia/Documents/GitHub/Pf_pipeline_dados/Projeto_final_fase3/venv/lib/python3.9/site-packages/airflow/example_dags/tutorial_objectstorage.py for tasks to queue
[2025-11-27T12:17:20.107-0300] {logging_mixin.py:188} INFO - [2025-11-27T12:17:20.107-0300] {dagbag.py:545} INFO - Filling up the DagBag from /Users/davispecia/Documents/GitHub/Pf_pipeline_dados/Projeto_final_fase3/venv/lib/python3.9/site-packages/airflow/example_dags/tutorial_objectstorage.py
[2025-11-27T12:17:20.144-0300] {processor.py:840} INFO - DAG(s) 'tutorial_objectstorage' retrieved from /Users/davispecia/Documents/GitHub/Pf_pipeline_dados/Projeto_final_fase3/venv/lib/python3.9/site-packages/airflow/example_dags/tutorial_objectstorage.py
[2025-11-27T12:17:20.213-0300] {logging_mixin.py:188} INFO - [2025-11-27T12:17:20.213-0300] {dag.py:3089} INFO - Sync 1 DAGs
[2025-11-27T12:17:20.218-0300] {logging_mixin.py:188} INFO - [2025-11-27T12:17:20.217-0300] {dag.py:3947} INFO - Setting next_dagrun for tutorial_objectstorage to None, run_after=None
[2025-11-27T12:17:20.226-0300] {processor.py:183} INFO - Processing /Users/davispecia/Documents/GitHub/Pf_pipeline_dados/Projeto_final_fase3/venv/lib/python3.9/site-packages/airflow/example_dags/tutorial_objectstorage.py took 0.122 seconds
[2025-11-27T12:18:21.781-0300] {processor.py:161} INFO - Started process (PID=920) to work on /Users/davispecia/Documents/GitHub/Pf_pipeline_dados/Projeto_final_fase3/venv/lib/python3.9/site-packages/airflow/example_dags/tutorial_objectstorage.py
[2025-11-27T12:18:21.781-0300] {processor.py:830} INFO - Processing file /Users/davispecia/Documents/GitHub/Pf_pipeline_dados/Projeto_final_fase3/venv/lib/python3.9/site-packages/airflow/example_dags/tutorial_objectstorage.py for tasks to queue
[2025-11-27T12:18:21.782-0300] {logging_mixin.py:188} INFO - [2025-11-27T12:18:21.782-0300] {dagbag.py:545} INFO - Filling up the DagBag from /Users/davispecia/Documents/GitHub/Pf_pipeline_dados/Projeto_final_fase3/venv/lib/python3.9/site-packages/airflow/example_dags/tutorial_objectstorage.py
[2025-11-27T12:18:21.821-0300] {processor.py:840} INFO - DAG(s) 'tutorial_objectstorage' retrieved from /Users/davispecia/Documents/GitHub/Pf_pipeline_dados/Projeto_final_fase3/venv/lib/python3.9/site-packages/airflow/example_dags/tutorial_objectstorage.py
[2025-11-27T12:18:21.891-0300] {logging_mixin.py:188} INFO - [2025-11-27T12:18:21.890-0300] {dag.py:3089} INFO - Sync 1 DAGs
[2025-11-27T12:18:21.895-0300] {logging_mixin.py:188} INFO - [2025-11-27T12:18:21.895-0300] {dag.py:3947} INFO - Setting next_dagrun for tutorial_objectstorage to None, run_after=None
[2025-11-27T12:18:21.904-0300] {processor.py:183} INFO - Processing /Users/davispecia/Documents/GitHub/Pf_pipeline_dados/Projeto_final_fase3/venv/lib/python3.9/site-packages/airflow/example_dags/tutorial_objectstorage.py took 0.125 seconds
[2025-11-27T12:19:22.234-0300] {processor.py:161} INFO - Started process (PID=1068) to work on /Users/davispecia/Documents/GitHub/Pf_pipeline_dados/Projeto_final_fase3/venv/lib/python3.9/site-packages/airflow/example_dags/tutorial_objectstorage.py
[2025-11-27T12:19:22.235-0300] {processor.py:830} INFO - Processing file /Users/davispecia/Documents/GitHub/Pf_pipeline_dados/Projeto_final_fase3/venv/lib/python3.9/site-packages/airflow/example_dags/tutorial_objectstorage.py for tasks to queue
[2025-11-27T12:19:22.235-0300] {logging_mixin.py:188} INFO - [2025-11-27T12:19:22.235-0300] {dagbag.py:545} INFO - Filling up the DagBag from /Users/davispecia/Documents/GitHub/Pf_pipeline_dados/Projeto_final_fase3/venv/lib/python3.9/site-packages/airflow/example_dags/tutorial_objectstorage.py
[2025-11-27T12:19:22.271-0300] {processor.py:840} INFO - DAG(s) 'tutorial_objectstorage' retrieved from /Users/davispecia/Documents/GitHub/Pf_pipeline_dados/Projeto_final_fase3/venv/lib/python3.9/site-packages/airflow/example_dags/tutorial_objectstorage.py
[2025-11-27T12:19:22.339-0300] {logging_mixin.py:188} INFO - [2025-11-27T12:19:22.339-0300] {dag.py:3089} INFO - Sync 1 DAGs
[2025-11-27T12:19:22.344-0300] {logging_mixin.py:188} INFO - [2025-11-27T12:19:22.344-0300] {dag.py:3947} INFO - Setting next_dagrun for tutorial_objectstorage to None, run_after=None
[2025-11-27T12:19:22.353-0300] {processor.py:183} INFO - Processing /Users/davispecia/Documents/GitHub/Pf_pipeline_dados/Projeto_final_fase3/venv/lib/python3.9/site-packages/airflow/example_dags/tutorial_objectstorage.py took 0.121 seconds
[2025-11-27T12:20:23.143-0300] {processor.py:161} INFO - Started process (PID=1217) to work on /Users/davispecia/Documents/GitHub/Pf_pipeline_dados/Projeto_final_fase3/venv/lib/python3.9/site-packages/airflow/example_dags/tutorial_objectstorage.py
[2025-11-27T12:20:23.144-0300] {processor.py:830} INFO - Processing file /Users/davispecia/Documents/GitHub/Pf_pipeline_dados/Projeto_final_fase3/venv/lib/python3.9/site-packages/airflow/example_dags/tutorial_objectstorage.py for tasks to queue
[2025-11-27T12:20:23.144-0300] {logging_mixin.py:188} INFO - [2025-11-27T12:20:23.144-0300] {dagbag.py:545} INFO - Filling up the DagBag from /Users/davispecia/Documents/GitHub/Pf_pipeline_dados/Projeto_final_fase3/venv/lib/python3.9/site-packages/airflow/example_dags/tutorial_objectstorage.py
[2025-11-27T12:20:23.183-0300] {processor.py:840} INFO - DAG(s) 'tutorial_objectstorage' retrieved from /Users/davispecia/Documents/GitHub/Pf_pipeline_dados/Projeto_final_fase3/venv/lib/python3.9/site-packages/airflow/example_dags/tutorial_objectstorage.py
[2025-11-27T12:20:23.253-0300] {logging_mixin.py:188} INFO - [2025-11-27T12:20:23.253-0300] {dag.py:3089} INFO - Sync 1 DAGs
[2025-11-27T12:20:23.258-0300] {logging_mixin.py:188} INFO - [2025-11-27T12:20:23.258-0300] {dag.py:3947} INFO - Setting next_dagrun for tutorial_objectstorage to None, run_after=None
[2025-11-27T12:20:23.266-0300] {processor.py:183} INFO - Processing /Users/davispecia/Documents/GitHub/Pf_pipeline_dados/Projeto_final_fase3/venv/lib/python3.9/site-packages/airflow/example_dags/tutorial_objectstorage.py took 0.125 seconds
[2025-11-27T12:21:34.874-0300] {processor.py:161} INFO - Started process (PID=1479) to work on /Users/davispecia/Documents/GitHub/Pf_pipeline_dados/Projeto_final_fase3/venv/lib/python3.9/site-packages/airflow/example_dags/tutorial_objectstorage.py
[2025-11-27T12:21:34.876-0300] {processor.py:830} INFO - Processing file /Users/davispecia/Documents/GitHub/Pf_pipeline_dados/Projeto_final_fase3/venv/lib/python3.9/site-packages/airflow/example_dags/tutorial_objectstorage.py for tasks to queue
[2025-11-27T12:21:34.876-0300] {logging_mixin.py:188} INFO - [2025-11-27T12:21:34.876-0300] {dagbag.py:545} INFO - Filling up the DagBag from /Users/davispecia/Documents/GitHub/Pf_pipeline_dados/Projeto_final_fase3/venv/lib/python3.9/site-packages/airflow/example_dags/tutorial_objectstorage.py
[2025-11-27T12:21:34.915-0300] {processor.py:840} INFO - DAG(s) 'tutorial_objectstorage' retrieved from /Users/davispecia/Documents/GitHub/Pf_pipeline_dados/Projeto_final_fase3/venv/lib/python3.9/site-packages/airflow/example_dags/tutorial_objectstorage.py
[2025-11-27T12:21:34.984-0300] {logging_mixin.py:188} INFO - [2025-11-27T12:21:34.984-0300] {dag.py:3089} INFO - Sync 1 DAGs
[2025-11-27T12:21:34.988-0300] {logging_mixin.py:188} INFO - [2025-11-27T12:21:34.988-0300] {dag.py:3947} INFO - Setting next_dagrun for tutorial_objectstorage to None, run_after=None
[2025-11-27T12:21:34.997-0300] {processor.py:183} INFO - Processing /Users/davispecia/Documents/GitHub/Pf_pipeline_dados/Projeto_final_fase3/venv/lib/python3.9/site-packages/airflow/example_dags/tutorial_objectstorage.py took 0.124 seconds
[2025-11-27T12:22:36.825-0300] {processor.py:161} INFO - Started process (PID=1628) to work on /Users/davispecia/Documents/GitHub/Pf_pipeline_dados/Projeto_final_fase3/venv/lib/python3.9/site-packages/airflow/example_dags/tutorial_objectstorage.py
[2025-11-27T12:22:36.827-0300] {processor.py:830} INFO - Processing file /Users/davispecia/Documents/GitHub/Pf_pipeline_dados/Projeto_final_fase3/venv/lib/python3.9/site-packages/airflow/example_dags/tutorial_objectstorage.py for tasks to queue
[2025-11-27T12:22:36.827-0300] {logging_mixin.py:188} INFO - [2025-11-27T12:22:36.827-0300] {dagbag.py:545} INFO - Filling up the DagBag from /Users/davispecia/Documents/GitHub/Pf_pipeline_dados/Projeto_final_fase3/venv/lib/python3.9/site-packages/airflow/example_dags/tutorial_objectstorage.py
[2025-11-27T12:22:36.863-0300] {processor.py:840} INFO - DAG(s) 'tutorial_objectstorage' retrieved from /Users/davispecia/Documents/GitHub/Pf_pipeline_dados/Projeto_final_fase3/venv/lib/python3.9/site-packages/airflow/example_dags/tutorial_objectstorage.py
[2025-11-27T12:22:36.930-0300] {logging_mixin.py:188} INFO - [2025-11-27T12:22:36.930-0300] {dag.py:3089} INFO - Sync 1 DAGs
[2025-11-27T12:22:36.935-0300] {logging_mixin.py:188} INFO - [2025-11-27T12:22:36.934-0300] {dag.py:3947} INFO - Setting next_dagrun for tutorial_objectstorage to None, run_after=None
[2025-11-27T12:22:36.943-0300] {processor.py:183} INFO - Processing /Users/davispecia/Documents/GitHub/Pf_pipeline_dados/Projeto_final_fase3/venv/lib/python3.9/site-packages/airflow/example_dags/tutorial_objectstorage.py took 0.120 seconds
[2025-11-27T12:23:37.039-0300] {processor.py:161} INFO - Started process (PID=1790) to work on /Users/davispecia/Documents/GitHub/Pf_pipeline_dados/Projeto_final_fase3/venv/lib/python3.9/site-packages/airflow/example_dags/tutorial_objectstorage.py
[2025-11-27T12:23:37.040-0300] {processor.py:830} INFO - Processing file /Users/davispecia/Documents/GitHub/Pf_pipeline_dados/Projeto_final_fase3/venv/lib/python3.9/site-packages/airflow/example_dags/tutorial_objectstorage.py for tasks to queue
[2025-11-27T12:23:37.040-0300] {logging_mixin.py:188} INFO - [2025-11-27T12:23:37.040-0300] {dagbag.py:545} INFO - Filling up the DagBag from /Users/davispecia/Documents/GitHub/Pf_pipeline_dados/Projeto_final_fase3/venv/lib/python3.9/site-packages/airflow/example_dags/tutorial_objectstorage.py
[2025-11-27T12:23:37.083-0300] {processor.py:840} INFO - DAG(s) 'tutorial_objectstorage' retrieved from /Users/davispecia/Documents/GitHub/Pf_pipeline_dados/Projeto_final_fase3/venv/lib/python3.9/site-packages/airflow/example_dags/tutorial_objectstorage.py
[2025-11-27T12:23:37.152-0300] {logging_mixin.py:188} INFO - [2025-11-27T12:23:37.152-0300] {dag.py:3089} INFO - Sync 1 DAGs
[2025-11-27T12:23:37.157-0300] {logging_mixin.py:188} INFO - [2025-11-27T12:23:37.156-0300] {dag.py:3947} INFO - Setting next_dagrun for tutorial_objectstorage to None, run_after=None
[2025-11-27T12:23:37.165-0300] {processor.py:183} INFO - Processing /Users/davispecia/Documents/GitHub/Pf_pipeline_dados/Projeto_final_fase3/venv/lib/python3.9/site-packages/airflow/example_dags/tutorial_objectstorage.py took 0.128 seconds
[2025-11-27T12:24:38.717-0300] {processor.py:161} INFO - Started process (PID=1934) to work on /Users/davispecia/Documents/GitHub/Pf_pipeline_dados/Projeto_final_fase3/venv/lib/python3.9/site-packages/airflow/example_dags/tutorial_objectstorage.py
[2025-11-27T12:24:38.718-0300] {processor.py:830} INFO - Processing file /Users/davispecia/Documents/GitHub/Pf_pipeline_dados/Projeto_final_fase3/venv/lib/python3.9/site-packages/airflow/example_dags/tutorial_objectstorage.py for tasks to queue
[2025-11-27T12:24:38.719-0300] {logging_mixin.py:188} INFO - [2025-11-27T12:24:38.718-0300] {dagbag.py:545} INFO - Filling up the DagBag from /Users/davispecia/Documents/GitHub/Pf_pipeline_dados/Projeto_final_fase3/venv/lib/python3.9/site-packages/airflow/example_dags/tutorial_objectstorage.py
[2025-11-27T12:24:38.755-0300] {processor.py:840} INFO - DAG(s) 'tutorial_objectstorage' retrieved from /Users/davispecia/Documents/GitHub/Pf_pipeline_dados/Projeto_final_fase3/venv/lib/python3.9/site-packages/airflow/example_dags/tutorial_objectstorage.py
[2025-11-27T12:24:38.823-0300] {logging_mixin.py:188} INFO - [2025-11-27T12:24:38.823-0300] {dag.py:3089} INFO - Sync 1 DAGs
[2025-11-27T12:24:38.828-0300] {logging_mixin.py:188} INFO - [2025-11-27T12:24:38.827-0300] {dag.py:3947} INFO - Setting next_dagrun for tutorial_objectstorage to None, run_after=None
[2025-11-27T12:24:38.836-0300] {processor.py:183} INFO - Processing /Users/davispecia/Documents/GitHub/Pf_pipeline_dados/Projeto_final_fase3/venv/lib/python3.9/site-packages/airflow/example_dags/tutorial_objectstorage.py took 0.121 seconds
[2025-11-27T12:25:41.485-0300] {processor.py:161} INFO - Started process (PID=2093) to work on /Users/davispecia/Documents/GitHub/Pf_pipeline_dados/Projeto_final_fase3/venv/lib/python3.9/site-packages/airflow/example_dags/tutorial_objectstorage.py
[2025-11-27T12:25:41.486-0300] {processor.py:830} INFO - Processing file /Users/davispecia/Documents/GitHub/Pf_pipeline_dados/Projeto_final_fase3/venv/lib/python3.9/site-packages/airflow/example_dags/tutorial_objectstorage.py for tasks to queue
[2025-11-27T12:25:41.487-0300] {logging_mixin.py:188} INFO - [2025-11-27T12:25:41.487-0300] {dagbag.py:545} INFO - Filling up the DagBag from /Users/davispecia/Documents/GitHub/Pf_pipeline_dados/Projeto_final_fase3/venv/lib/python3.9/site-packages/airflow/example_dags/tutorial_objectstorage.py
[2025-11-27T12:25:41.526-0300] {processor.py:840} INFO - DAG(s) 'tutorial_objectstorage' retrieved from /Users/davispecia/Documents/GitHub/Pf_pipeline_dados/Projeto_final_fase3/venv/lib/python3.9/site-packages/airflow/example_dags/tutorial_objectstorage.py
[2025-11-27T12:25:41.595-0300] {logging_mixin.py:188} INFO - [2025-11-27T12:25:41.595-0300] {dag.py:3089} INFO - Sync 1 DAGs
[2025-11-27T12:25:41.600-0300] {logging_mixin.py:188} INFO - [2025-11-27T12:25:41.600-0300] {dag.py:3947} INFO - Setting next_dagrun for tutorial_objectstorage to None, run_after=None
[2025-11-27T12:25:41.608-0300] {processor.py:183} INFO - Processing /Users/davispecia/Documents/GitHub/Pf_pipeline_dados/Projeto_final_fase3/venv/lib/python3.9/site-packages/airflow/example_dags/tutorial_objectstorage.py took 0.125 seconds
[2025-11-27T12:26:51.769-0300] {processor.py:161} INFO - Started process (PID=2323) to work on /Users/davispecia/Documents/GitHub/Pf_pipeline_dados/Projeto_final_fase3/venv/lib/python3.9/site-packages/airflow/example_dags/tutorial_objectstorage.py
[2025-11-27T12:26:51.771-0300] {processor.py:830} INFO - Processing file /Users/davispecia/Documents/GitHub/Pf_pipeline_dados/Projeto_final_fase3/venv/lib/python3.9/site-packages/airflow/example_dags/tutorial_objectstorage.py for tasks to queue
[2025-11-27T12:26:51.771-0300] {logging_mixin.py:188} INFO - [2025-11-27T12:26:51.771-0300] {dagbag.py:545} INFO - Filling up the DagBag from /Users/davispecia/Documents/GitHub/Pf_pipeline_dados/Projeto_final_fase3/venv/lib/python3.9/site-packages/airflow/example_dags/tutorial_objectstorage.py
[2025-11-27T12:26:51.810-0300] {processor.py:840} INFO - DAG(s) 'tutorial_objectstorage' retrieved from /Users/davispecia/Documents/GitHub/Pf_pipeline_dados/Projeto_final_fase3/venv/lib/python3.9/site-packages/airflow/example_dags/tutorial_objectstorage.py
[2025-11-27T12:26:51.879-0300] {logging_mixin.py:188} INFO - [2025-11-27T12:26:51.879-0300] {dag.py:3089} INFO - Sync 1 DAGs
[2025-11-27T12:26:51.884-0300] {logging_mixin.py:188} INFO - [2025-11-27T12:26:51.884-0300] {dag.py:3947} INFO - Setting next_dagrun for tutorial_objectstorage to None, run_after=None
[2025-11-27T12:26:51.892-0300] {processor.py:183} INFO - Processing /Users/davispecia/Documents/GitHub/Pf_pipeline_dados/Projeto_final_fase3/venv/lib/python3.9/site-packages/airflow/example_dags/tutorial_objectstorage.py took 0.125 seconds
[2025-11-27T12:27:56.702-0300] {processor.py:161} INFO - Started process (PID=2492) to work on /Users/davispecia/Documents/GitHub/Pf_pipeline_dados/Projeto_final_fase3/venv/lib/python3.9/site-packages/airflow/example_dags/tutorial_objectstorage.py
[2025-11-27T12:27:56.703-0300] {processor.py:830} INFO - Processing file /Users/davispecia/Documents/GitHub/Pf_pipeline_dados/Projeto_final_fase3/venv/lib/python3.9/site-packages/airflow/example_dags/tutorial_objectstorage.py for tasks to queue
[2025-11-27T12:27:56.703-0300] {logging_mixin.py:188} INFO - [2025-11-27T12:27:56.703-0300] {dagbag.py:545} INFO - Filling up the DagBag from /Users/davispecia/Documents/GitHub/Pf_pipeline_dados/Projeto_final_fase3/venv/lib/python3.9/site-packages/airflow/example_dags/tutorial_objectstorage.py
[2025-11-27T12:27:56.740-0300] {processor.py:840} INFO - DAG(s) 'tutorial_objectstorage' retrieved from /Users/davispecia/Documents/GitHub/Pf_pipeline_dados/Projeto_final_fase3/venv/lib/python3.9/site-packages/airflow/example_dags/tutorial_objectstorage.py
[2025-11-27T12:27:56.808-0300] {logging_mixin.py:188} INFO - [2025-11-27T12:27:56.808-0300] {dag.py:3089} INFO - Sync 1 DAGs
[2025-11-27T12:27:56.813-0300] {logging_mixin.py:188} INFO - [2025-11-27T12:27:56.813-0300] {dag.py:3947} INFO - Setting next_dagrun for tutorial_objectstorage to None, run_after=None
[2025-11-27T12:27:56.821-0300] {processor.py:183} INFO - Processing /Users/davispecia/Documents/GitHub/Pf_pipeline_dados/Projeto_final_fase3/venv/lib/python3.9/site-packages/airflow/example_dags/tutorial_objectstorage.py took 0.121 seconds
[2025-11-27T13:23:54.944-0300] {processor.py:161} INFO - Started process (PID=2786) to work on /Users/davispecia/Documents/GitHub/Pf_pipeline_dados/Projeto_final_fase3/venv/lib/python3.9/site-packages/airflow/example_dags/tutorial_objectstorage.py
[2025-11-27T13:23:54.945-0300] {processor.py:830} INFO - Processing file /Users/davispecia/Documents/GitHub/Pf_pipeline_dados/Projeto_final_fase3/venv/lib/python3.9/site-packages/airflow/example_dags/tutorial_objectstorage.py for tasks to queue
[2025-11-27T13:23:54.946-0300] {logging_mixin.py:188} INFO - [2025-11-27T13:23:54.946-0300] {dagbag.py:545} INFO - Filling up the DagBag from /Users/davispecia/Documents/GitHub/Pf_pipeline_dados/Projeto_final_fase3/venv/lib/python3.9/site-packages/airflow/example_dags/tutorial_objectstorage.py
[2025-11-27T13:23:54.995-0300] {processor.py:840} INFO - DAG(s) 'tutorial_objectstorage' retrieved from /Users/davispecia/Documents/GitHub/Pf_pipeline_dados/Projeto_final_fase3/venv/lib/python3.9/site-packages/airflow/example_dags/tutorial_objectstorage.py
[2025-11-27T13:23:55.071-0300] {logging_mixin.py:188} INFO - [2025-11-27T13:23:55.071-0300] {dag.py:3089} INFO - Sync 1 DAGs
[2025-11-27T13:23:55.077-0300] {logging_mixin.py:188} INFO - [2025-11-27T13:23:55.077-0300] {dag.py:3947} INFO - Setting next_dagrun for tutorial_objectstorage to None, run_after=None
[2025-11-27T13:23:55.087-0300] {processor.py:183} INFO - Processing /Users/davispecia/Documents/GitHub/Pf_pipeline_dados/Projeto_final_fase3/venv/lib/python3.9/site-packages/airflow/example_dags/tutorial_objectstorage.py took 0.145 seconds
[2025-11-27T14:07:58.963-0300] {processor.py:161} INFO - Started process (PID=3236) to work on /Users/davispecia/Documents/GitHub/Pf_pipeline_dados/Projeto_final_fase3/venv/lib/python3.9/site-packages/airflow/example_dags/tutorial_objectstorage.py
[2025-11-27T14:07:58.964-0300] {processor.py:830} INFO - Processing file /Users/davispecia/Documents/GitHub/Pf_pipeline_dados/Projeto_final_fase3/venv/lib/python3.9/site-packages/airflow/example_dags/tutorial_objectstorage.py for tasks to queue
[2025-11-27T14:07:58.965-0300] {logging_mixin.py:188} INFO - [2025-11-27T14:07:58.964-0300] {dagbag.py:545} INFO - Filling up the DagBag from /Users/davispecia/Documents/GitHub/Pf_pipeline_dados/Projeto_final_fase3/venv/lib/python3.9/site-packages/airflow/example_dags/tutorial_objectstorage.py
[2025-11-27T14:07:59.006-0300] {processor.py:840} INFO - DAG(s) 'tutorial_objectstorage' retrieved from /Users/davispecia/Documents/GitHub/Pf_pipeline_dados/Projeto_final_fase3/venv/lib/python3.9/site-packages/airflow/example_dags/tutorial_objectstorage.py
[2025-11-27T14:07:59.085-0300] {logging_mixin.py:188} INFO - [2025-11-27T14:07:59.084-0300] {dag.py:3089} INFO - Sync 1 DAGs
[2025-11-27T14:07:59.090-0300] {logging_mixin.py:188} INFO - [2025-11-27T14:07:59.090-0300] {dag.py:3947} INFO - Setting next_dagrun for tutorial_objectstorage to None, run_after=None
[2025-11-27T14:07:59.099-0300] {processor.py:183} INFO - Processing /Users/davispecia/Documents/GitHub/Pf_pipeline_dados/Projeto_final_fase3/venv/lib/python3.9/site-packages/airflow/example_dags/tutorial_objectstorage.py took 0.138 seconds
[2025-11-27T14:09:34.416-0300] {processor.py:161} INFO - Started process (PID=3524) to work on /Users/davispecia/Documents/GitHub/Pf_pipeline_dados/Projeto_final_fase3/venv/lib/python3.9/site-packages/airflow/example_dags/tutorial_objectstorage.py
[2025-11-27T14:09:34.417-0300] {processor.py:830} INFO - Processing file /Users/davispecia/Documents/GitHub/Pf_pipeline_dados/Projeto_final_fase3/venv/lib/python3.9/site-packages/airflow/example_dags/tutorial_objectstorage.py for tasks to queue
[2025-11-27T14:09:34.417-0300] {logging_mixin.py:188} INFO - [2025-11-27T14:09:34.417-0300] {dagbag.py:545} INFO - Filling up the DagBag from /Users/davispecia/Documents/GitHub/Pf_pipeline_dados/Projeto_final_fase3/venv/lib/python3.9/site-packages/airflow/example_dags/tutorial_objectstorage.py
[2025-11-27T14:09:34.457-0300] {processor.py:840} INFO - DAG(s) 'tutorial_objectstorage' retrieved from /Users/davispecia/Documents/GitHub/Pf_pipeline_dados/Projeto_final_fase3/venv/lib/python3.9/site-packages/airflow/example_dags/tutorial_objectstorage.py
[2025-11-27T14:09:34.529-0300] {logging_mixin.py:188} INFO - [2025-11-27T14:09:34.528-0300] {dag.py:3089} INFO - Sync 1 DAGs
[2025-11-27T14:09:34.534-0300] {logging_mixin.py:188} INFO - [2025-11-27T14:09:34.533-0300] {dag.py:3947} INFO - Setting next_dagrun for tutorial_objectstorage to None, run_after=None
[2025-11-27T14:09:34.542-0300] {processor.py:183} INFO - Processing /Users/davispecia/Documents/GitHub/Pf_pipeline_dados/Projeto_final_fase3/venv/lib/python3.9/site-packages/airflow/example_dags/tutorial_objectstorage.py took 0.129 seconds
[2025-11-27T14:10:36.496-0300] {processor.py:161} INFO - Started process (PID=3669) to work on /Users/davispecia/Documents/GitHub/Pf_pipeline_dados/Projeto_final_fase3/venv/lib/python3.9/site-packages/airflow/example_dags/tutorial_objectstorage.py
[2025-11-27T14:10:36.497-0300] {processor.py:830} INFO - Processing file /Users/davispecia/Documents/GitHub/Pf_pipeline_dados/Projeto_final_fase3/venv/lib/python3.9/site-packages/airflow/example_dags/tutorial_objectstorage.py for tasks to queue
[2025-11-27T14:10:36.497-0300] {logging_mixin.py:188} INFO - [2025-11-27T14:10:36.497-0300] {dagbag.py:545} INFO - Filling up the DagBag from /Users/davispecia/Documents/GitHub/Pf_pipeline_dados/Projeto_final_fase3/venv/lib/python3.9/site-packages/airflow/example_dags/tutorial_objectstorage.py
[2025-11-27T14:10:36.535-0300] {processor.py:840} INFO - DAG(s) 'tutorial_objectstorage' retrieved from /Users/davispecia/Documents/GitHub/Pf_pipeline_dados/Projeto_final_fase3/venv/lib/python3.9/site-packages/airflow/example_dags/tutorial_objectstorage.py
[2025-11-27T14:10:36.607-0300] {logging_mixin.py:188} INFO - [2025-11-27T14:10:36.607-0300] {dag.py:3089} INFO - Sync 1 DAGs
[2025-11-27T14:10:36.612-0300] {logging_mixin.py:188} INFO - [2025-11-27T14:10:36.612-0300] {dag.py:3947} INFO - Setting next_dagrun for tutorial_objectstorage to None, run_after=None
[2025-11-27T14:10:36.621-0300] {processor.py:183} INFO - Processing /Users/davispecia/Documents/GitHub/Pf_pipeline_dados/Projeto_final_fase3/venv/lib/python3.9/site-packages/airflow/example_dags/tutorial_objectstorage.py took 0.128 seconds
[2025-11-27T14:11:38.268-0300] {processor.py:161} INFO - Started process (PID=3817) to work on /Users/davispecia/Documents/GitHub/Pf_pipeline_dados/Projeto_final_fase3/venv/lib/python3.9/site-packages/airflow/example_dags/tutorial_objectstorage.py
[2025-11-27T14:11:38.269-0300] {processor.py:830} INFO - Processing file /Users/davispecia/Documents/GitHub/Pf_pipeline_dados/Projeto_final_fase3/venv/lib/python3.9/site-packages/airflow/example_dags/tutorial_objectstorage.py for tasks to queue
[2025-11-27T14:11:38.270-0300] {logging_mixin.py:188} INFO - [2025-11-27T14:11:38.270-0300] {dagbag.py:545} INFO - Filling up the DagBag from /Users/davispecia/Documents/GitHub/Pf_pipeline_dados/Projeto_final_fase3/venv/lib/python3.9/site-packages/airflow/example_dags/tutorial_objectstorage.py
[2025-11-27T14:11:38.307-0300] {processor.py:840} INFO - DAG(s) 'tutorial_objectstorage' retrieved from /Users/davispecia/Documents/GitHub/Pf_pipeline_dados/Projeto_final_fase3/venv/lib/python3.9/site-packages/airflow/example_dags/tutorial_objectstorage.py
[2025-11-27T14:11:38.378-0300] {logging_mixin.py:188} INFO - [2025-11-27T14:11:38.378-0300] {dag.py:3089} INFO - Sync 1 DAGs
[2025-11-27T14:11:38.383-0300] {logging_mixin.py:188} INFO - [2025-11-27T14:11:38.382-0300] {dag.py:3947} INFO - Setting next_dagrun for tutorial_objectstorage to None, run_after=None
[2025-11-27T14:11:38.394-0300] {processor.py:183} INFO - Processing /Users/davispecia/Documents/GitHub/Pf_pipeline_dados/Projeto_final_fase3/venv/lib/python3.9/site-packages/airflow/example_dags/tutorial_objectstorage.py took 0.128 seconds
[2025-11-27T14:12:37.669-0300] {processor.py:161} INFO - Started process (PID=3964) to work on /Users/davispecia/Documents/GitHub/Pf_pipeline_dados/Projeto_final_fase3/venv/lib/python3.9/site-packages/airflow/example_dags/tutorial_objectstorage.py
[2025-11-27T14:12:37.669-0300] {processor.py:830} INFO - Processing file /Users/davispecia/Documents/GitHub/Pf_pipeline_dados/Projeto_final_fase3/venv/lib/python3.9/site-packages/airflow/example_dags/tutorial_objectstorage.py for tasks to queue
[2025-11-27T14:12:37.670-0300] {logging_mixin.py:188} INFO - [2025-11-27T14:12:37.670-0300] {dagbag.py:545} INFO - Filling up the DagBag from /Users/davispecia/Documents/GitHub/Pf_pipeline_dados/Projeto_final_fase3/venv/lib/python3.9/site-packages/airflow/example_dags/tutorial_objectstorage.py
[2025-11-27T14:12:37.716-0300] {processor.py:840} INFO - DAG(s) 'tutorial_objectstorage' retrieved from /Users/davispecia/Documents/GitHub/Pf_pipeline_dados/Projeto_final_fase3/venv/lib/python3.9/site-packages/airflow/example_dags/tutorial_objectstorage.py
[2025-11-27T14:12:37.797-0300] {logging_mixin.py:188} INFO - [2025-11-27T14:12:37.796-0300] {dag.py:3089} INFO - Sync 1 DAGs
[2025-11-27T14:12:37.802-0300] {logging_mixin.py:188} INFO - [2025-11-27T14:12:37.802-0300] {dag.py:3947} INFO - Setting next_dagrun for tutorial_objectstorage to None, run_after=None
[2025-11-27T14:12:37.811-0300] {processor.py:183} INFO - Processing /Users/davispecia/Documents/GitHub/Pf_pipeline_dados/Projeto_final_fase3/venv/lib/python3.9/site-packages/airflow/example_dags/tutorial_objectstorage.py took 0.146 seconds
[2025-11-27T14:13:43.048-0300] {processor.py:161} INFO - Started process (PID=4140) to work on /Users/davispecia/Documents/GitHub/Pf_pipeline_dados/Projeto_final_fase3/venv/lib/python3.9/site-packages/airflow/example_dags/tutorial_objectstorage.py
[2025-11-27T14:13:43.049-0300] {processor.py:830} INFO - Processing file /Users/davispecia/Documents/GitHub/Pf_pipeline_dados/Projeto_final_fase3/venv/lib/python3.9/site-packages/airflow/example_dags/tutorial_objectstorage.py for tasks to queue
[2025-11-27T14:13:43.049-0300] {logging_mixin.py:188} INFO - [2025-11-27T14:13:43.049-0300] {dagbag.py:545} INFO - Filling up the DagBag from /Users/davispecia/Documents/GitHub/Pf_pipeline_dados/Projeto_final_fase3/venv/lib/python3.9/site-packages/airflow/example_dags/tutorial_objectstorage.py
[2025-11-27T14:13:43.100-0300] {processor.py:840} INFO - DAG(s) 'tutorial_objectstorage' retrieved from /Users/davispecia/Documents/GitHub/Pf_pipeline_dados/Projeto_final_fase3/venv/lib/python3.9/site-packages/airflow/example_dags/tutorial_objectstorage.py
[2025-11-27T14:13:43.187-0300] {logging_mixin.py:188} INFO - [2025-11-27T14:13:43.187-0300] {dag.py:3089} INFO - Sync 1 DAGs
[2025-11-27T14:13:43.193-0300] {logging_mixin.py:188} INFO - [2025-11-27T14:13:43.193-0300] {dag.py:3947} INFO - Setting next_dagrun for tutorial_objectstorage to None, run_after=None
[2025-11-27T14:13:43.212-0300] {processor.py:183} INFO - Processing /Users/davispecia/Documents/GitHub/Pf_pipeline_dados/Projeto_final_fase3/venv/lib/python3.9/site-packages/airflow/example_dags/tutorial_objectstorage.py took 0.168 seconds
[2025-11-27T14:15:00.443-0300] {processor.py:161} INFO - Started process (PID=4398) to work on /Users/davispecia/Documents/GitHub/Pf_pipeline_dados/Projeto_final_fase3/venv/lib/python3.9/site-packages/airflow/example_dags/tutorial_objectstorage.py
[2025-11-27T14:15:00.443-0300] {processor.py:830} INFO - Processing file /Users/davispecia/Documents/GitHub/Pf_pipeline_dados/Projeto_final_fase3/venv/lib/python3.9/site-packages/airflow/example_dags/tutorial_objectstorage.py for tasks to queue
[2025-11-27T14:15:00.444-0300] {logging_mixin.py:188} INFO - [2025-11-27T14:15:00.444-0300] {dagbag.py:545} INFO - Filling up the DagBag from /Users/davispecia/Documents/GitHub/Pf_pipeline_dados/Projeto_final_fase3/venv/lib/python3.9/site-packages/airflow/example_dags/tutorial_objectstorage.py
[2025-11-27T14:15:00.495-0300] {processor.py:840} INFO - DAG(s) 'tutorial_objectstorage' retrieved from /Users/davispecia/Documents/GitHub/Pf_pipeline_dados/Projeto_final_fase3/venv/lib/python3.9/site-packages/airflow/example_dags/tutorial_objectstorage.py
[2025-11-27T14:15:00.572-0300] {logging_mixin.py:188} INFO - [2025-11-27T14:15:00.571-0300] {dag.py:3089} INFO - Sync 1 DAGs
[2025-11-27T14:15:00.577-0300] {logging_mixin.py:188} INFO - [2025-11-27T14:15:00.576-0300] {dag.py:3947} INFO - Setting next_dagrun for tutorial_objectstorage to None, run_after=None
[2025-11-27T14:15:00.585-0300] {processor.py:183} INFO - Processing /Users/davispecia/Documents/GitHub/Pf_pipeline_dados/Projeto_final_fase3/venv/lib/python3.9/site-packages/airflow/example_dags/tutorial_objectstorage.py took 0.145 seconds
[2025-11-27T14:16:07.721-0300] {processor.py:161} INFO - Started process (PID=4557) to work on /Users/davispecia/Documents/GitHub/Pf_pipeline_dados/Projeto_final_fase3/venv/lib/python3.9/site-packages/airflow/example_dags/tutorial_objectstorage.py
[2025-11-27T14:16:07.722-0300] {processor.py:830} INFO - Processing file /Users/davispecia/Documents/GitHub/Pf_pipeline_dados/Projeto_final_fase3/venv/lib/python3.9/site-packages/airflow/example_dags/tutorial_objectstorage.py for tasks to queue
[2025-11-27T14:16:07.722-0300] {logging_mixin.py:188} INFO - [2025-11-27T14:16:07.722-0300] {dagbag.py:545} INFO - Filling up the DagBag from /Users/davispecia/Documents/GitHub/Pf_pipeline_dados/Projeto_final_fase3/venv/lib/python3.9/site-packages/airflow/example_dags/tutorial_objectstorage.py
[2025-11-27T14:16:07.763-0300] {processor.py:840} INFO - DAG(s) 'tutorial_objectstorage' retrieved from /Users/davispecia/Documents/GitHub/Pf_pipeline_dados/Projeto_final_fase3/venv/lib/python3.9/site-packages/airflow/example_dags/tutorial_objectstorage.py
[2025-11-27T14:16:07.835-0300] {logging_mixin.py:188} INFO - [2025-11-27T14:16:07.835-0300] {dag.py:3089} INFO - Sync 1 DAGs
[2025-11-27T14:16:07.840-0300] {logging_mixin.py:188} INFO - [2025-11-27T14:16:07.840-0300] {dag.py:3947} INFO - Setting next_dagrun for tutorial_objectstorage to None, run_after=None
[2025-11-27T14:16:07.849-0300] {processor.py:183} INFO - Processing /Users/davispecia/Documents/GitHub/Pf_pipeline_dados/Projeto_final_fase3/venv/lib/python3.9/site-packages/airflow/example_dags/tutorial_objectstorage.py took 0.131 seconds
[2025-11-27T14:17:13.615-0300] {processor.py:161} INFO - Started process (PID=4716) to work on /Users/davispecia/Documents/GitHub/Pf_pipeline_dados/Projeto_final_fase3/venv/lib/python3.9/site-packages/airflow/example_dags/tutorial_objectstorage.py
[2025-11-27T14:17:13.616-0300] {processor.py:830} INFO - Processing file /Users/davispecia/Documents/GitHub/Pf_pipeline_dados/Projeto_final_fase3/venv/lib/python3.9/site-packages/airflow/example_dags/tutorial_objectstorage.py for tasks to queue
[2025-11-27T14:17:13.616-0300] {logging_mixin.py:188} INFO - [2025-11-27T14:17:13.616-0300] {dagbag.py:545} INFO - Filling up the DagBag from /Users/davispecia/Documents/GitHub/Pf_pipeline_dados/Projeto_final_fase3/venv/lib/python3.9/site-packages/airflow/example_dags/tutorial_objectstorage.py
[2025-11-27T14:17:13.656-0300] {processor.py:840} INFO - DAG(s) 'tutorial_objectstorage' retrieved from /Users/davispecia/Documents/GitHub/Pf_pipeline_dados/Projeto_final_fase3/venv/lib/python3.9/site-packages/airflow/example_dags/tutorial_objectstorage.py
[2025-11-27T14:17:13.726-0300] {logging_mixin.py:188} INFO - [2025-11-27T14:17:13.726-0300] {dag.py:3089} INFO - Sync 1 DAGs
[2025-11-27T14:17:13.731-0300] {logging_mixin.py:188} INFO - [2025-11-27T14:17:13.731-0300] {dag.py:3947} INFO - Setting next_dagrun for tutorial_objectstorage to None, run_after=None
[2025-11-27T14:17:13.739-0300] {processor.py:183} INFO - Processing /Users/davispecia/Documents/GitHub/Pf_pipeline_dados/Projeto_final_fase3/venv/lib/python3.9/site-packages/airflow/example_dags/tutorial_objectstorage.py took 0.126 seconds
[2025-11-27T14:18:22.903-0300] {processor.py:161} INFO - Started process (PID=4883) to work on /Users/davispecia/Documents/GitHub/Pf_pipeline_dados/Projeto_final_fase3/venv/lib/python3.9/site-packages/airflow/example_dags/tutorial_objectstorage.py
[2025-11-27T14:18:22.904-0300] {processor.py:830} INFO - Processing file /Users/davispecia/Documents/GitHub/Pf_pipeline_dados/Projeto_final_fase3/venv/lib/python3.9/site-packages/airflow/example_dags/tutorial_objectstorage.py for tasks to queue
[2025-11-27T14:18:22.904-0300] {logging_mixin.py:188} INFO - [2025-11-27T14:18:22.904-0300] {dagbag.py:545} INFO - Filling up the DagBag from /Users/davispecia/Documents/GitHub/Pf_pipeline_dados/Projeto_final_fase3/venv/lib/python3.9/site-packages/airflow/example_dags/tutorial_objectstorage.py
[2025-11-27T14:18:22.948-0300] {processor.py:840} INFO - DAG(s) 'tutorial_objectstorage' retrieved from /Users/davispecia/Documents/GitHub/Pf_pipeline_dados/Projeto_final_fase3/venv/lib/python3.9/site-packages/airflow/example_dags/tutorial_objectstorage.py
[2025-11-27T14:18:23.020-0300] {logging_mixin.py:188} INFO - [2025-11-27T14:18:23.020-0300] {dag.py:3089} INFO - Sync 1 DAGs
[2025-11-27T14:18:23.025-0300] {logging_mixin.py:188} INFO - [2025-11-27T14:18:23.025-0300] {dag.py:3947} INFO - Setting next_dagrun for tutorial_objectstorage to None, run_after=None
[2025-11-27T14:18:23.034-0300] {processor.py:183} INFO - Processing /Users/davispecia/Documents/GitHub/Pf_pipeline_dados/Projeto_final_fase3/venv/lib/python3.9/site-packages/airflow/example_dags/tutorial_objectstorage.py took 0.133 seconds
[2025-11-27T14:19:32.946-0300] {processor.py:161} INFO - Started process (PID=5045) to work on /Users/davispecia/Documents/GitHub/Pf_pipeline_dados/Projeto_final_fase3/venv/lib/python3.9/site-packages/airflow/example_dags/tutorial_objectstorage.py
[2025-11-27T14:19:32.947-0300] {processor.py:830} INFO - Processing file /Users/davispecia/Documents/GitHub/Pf_pipeline_dados/Projeto_final_fase3/venv/lib/python3.9/site-packages/airflow/example_dags/tutorial_objectstorage.py for tasks to queue
[2025-11-27T14:19:32.947-0300] {logging_mixin.py:188} INFO - [2025-11-27T14:19:32.947-0300] {dagbag.py:545} INFO - Filling up the DagBag from /Users/davispecia/Documents/GitHub/Pf_pipeline_dados/Projeto_final_fase3/venv/lib/python3.9/site-packages/airflow/example_dags/tutorial_objectstorage.py
[2025-11-27T14:19:32.989-0300] {processor.py:840} INFO - DAG(s) 'tutorial_objectstorage' retrieved from /Users/davispecia/Documents/GitHub/Pf_pipeline_dados/Projeto_final_fase3/venv/lib/python3.9/site-packages/airflow/example_dags/tutorial_objectstorage.py
[2025-11-27T14:19:33.059-0300] {logging_mixin.py:188} INFO - [2025-11-27T14:19:33.059-0300] {dag.py:3089} INFO - Sync 1 DAGs
[2025-11-27T14:19:33.064-0300] {logging_mixin.py:188} INFO - [2025-11-27T14:19:33.064-0300] {dag.py:3947} INFO - Setting next_dagrun for tutorial_objectstorage to None, run_after=None
[2025-11-27T14:19:33.073-0300] {processor.py:183} INFO - Processing /Users/davispecia/Documents/GitHub/Pf_pipeline_dados/Projeto_final_fase3/venv/lib/python3.9/site-packages/airflow/example_dags/tutorial_objectstorage.py took 0.130 seconds
[2025-11-27T14:20:48.102-0300] {processor.py:161} INFO - Started process (PID=5284) to work on /Users/davispecia/Documents/GitHub/Pf_pipeline_dados/Projeto_final_fase3/venv/lib/python3.9/site-packages/airflow/example_dags/tutorial_objectstorage.py
[2025-11-27T14:20:48.103-0300] {processor.py:830} INFO - Processing file /Users/davispecia/Documents/GitHub/Pf_pipeline_dados/Projeto_final_fase3/venv/lib/python3.9/site-packages/airflow/example_dags/tutorial_objectstorage.py for tasks to queue
[2025-11-27T14:20:48.103-0300] {logging_mixin.py:188} INFO - [2025-11-27T14:20:48.103-0300] {dagbag.py:545} INFO - Filling up the DagBag from /Users/davispecia/Documents/GitHub/Pf_pipeline_dados/Projeto_final_fase3/venv/lib/python3.9/site-packages/airflow/example_dags/tutorial_objectstorage.py
[2025-11-27T14:20:48.146-0300] {processor.py:840} INFO - DAG(s) 'tutorial_objectstorage' retrieved from /Users/davispecia/Documents/GitHub/Pf_pipeline_dados/Projeto_final_fase3/venv/lib/python3.9/site-packages/airflow/example_dags/tutorial_objectstorage.py
[2025-11-27T14:20:48.225-0300] {logging_mixin.py:188} INFO - [2025-11-27T14:20:48.225-0300] {dag.py:3089} INFO - Sync 1 DAGs
[2025-11-27T14:20:48.230-0300] {logging_mixin.py:188} INFO - [2025-11-27T14:20:48.230-0300] {dag.py:3947} INFO - Setting next_dagrun for tutorial_objectstorage to None, run_after=None
[2025-11-27T14:20:48.239-0300] {processor.py:183} INFO - Processing /Users/davispecia/Documents/GitHub/Pf_pipeline_dados/Projeto_final_fase3/venv/lib/python3.9/site-packages/airflow/example_dags/tutorial_objectstorage.py took 0.140 seconds
[2025-11-27T14:21:53.370-0300] {processor.py:161} INFO - Started process (PID=5437) to work on /Users/davispecia/Documents/GitHub/Pf_pipeline_dados/Projeto_final_fase3/venv/lib/python3.9/site-packages/airflow/example_dags/tutorial_objectstorage.py
[2025-11-27T14:21:53.371-0300] {processor.py:830} INFO - Processing file /Users/davispecia/Documents/GitHub/Pf_pipeline_dados/Projeto_final_fase3/venv/lib/python3.9/site-packages/airflow/example_dags/tutorial_objectstorage.py for tasks to queue
[2025-11-27T14:21:53.372-0300] {logging_mixin.py:188} INFO - [2025-11-27T14:21:53.371-0300] {dagbag.py:545} INFO - Filling up the DagBag from /Users/davispecia/Documents/GitHub/Pf_pipeline_dados/Projeto_final_fase3/venv/lib/python3.9/site-packages/airflow/example_dags/tutorial_objectstorage.py
[2025-11-27T14:21:53.412-0300] {processor.py:840} INFO - DAG(s) 'tutorial_objectstorage' retrieved from /Users/davispecia/Documents/GitHub/Pf_pipeline_dados/Projeto_final_fase3/venv/lib/python3.9/site-packages/airflow/example_dags/tutorial_objectstorage.py
[2025-11-27T14:21:53.483-0300] {logging_mixin.py:188} INFO - [2025-11-27T14:21:53.483-0300] {dag.py:3089} INFO - Sync 1 DAGs
[2025-11-27T14:21:53.488-0300] {logging_mixin.py:188} INFO - [2025-11-27T14:21:53.488-0300] {dag.py:3947} INFO - Setting next_dagrun for tutorial_objectstorage to None, run_after=None
[2025-11-27T14:21:53.500-0300] {processor.py:183} INFO - Processing /Users/davispecia/Documents/GitHub/Pf_pipeline_dados/Projeto_final_fase3/venv/lib/python3.9/site-packages/airflow/example_dags/tutorial_objectstorage.py took 0.132 seconds
[2025-11-27T14:22:58.532-0300] {processor.py:161} INFO - Started process (PID=5592) to work on /Users/davispecia/Documents/GitHub/Pf_pipeline_dados/Projeto_final_fase3/venv/lib/python3.9/site-packages/airflow/example_dags/tutorial_objectstorage.py
[2025-11-27T14:22:58.533-0300] {processor.py:830} INFO - Processing file /Users/davispecia/Documents/GitHub/Pf_pipeline_dados/Projeto_final_fase3/venv/lib/python3.9/site-packages/airflow/example_dags/tutorial_objectstorage.py for tasks to queue
[2025-11-27T14:22:58.533-0300] {logging_mixin.py:188} INFO - [2025-11-27T14:22:58.533-0300] {dagbag.py:545} INFO - Filling up the DagBag from /Users/davispecia/Documents/GitHub/Pf_pipeline_dados/Projeto_final_fase3/venv/lib/python3.9/site-packages/airflow/example_dags/tutorial_objectstorage.py
[2025-11-27T14:22:58.583-0300] {processor.py:840} INFO - DAG(s) 'tutorial_objectstorage' retrieved from /Users/davispecia/Documents/GitHub/Pf_pipeline_dados/Projeto_final_fase3/venv/lib/python3.9/site-packages/airflow/example_dags/tutorial_objectstorage.py
[2025-11-27T14:22:58.662-0300] {logging_mixin.py:188} INFO - [2025-11-27T14:22:58.662-0300] {dag.py:3089} INFO - Sync 1 DAGs
[2025-11-27T14:22:58.667-0300] {logging_mixin.py:188} INFO - [2025-11-27T14:22:58.666-0300] {dag.py:3947} INFO - Setting next_dagrun for tutorial_objectstorage to None, run_after=None
[2025-11-27T14:22:58.676-0300] {processor.py:183} INFO - Processing /Users/davispecia/Documents/GitHub/Pf_pipeline_dados/Projeto_final_fase3/venv/lib/python3.9/site-packages/airflow/example_dags/tutorial_objectstorage.py took 0.145 seconds
[2025-11-27T14:24:05.858-0300] {processor.py:161} INFO - Started process (PID=5747) to work on /Users/davispecia/Documents/GitHub/Pf_pipeline_dados/Projeto_final_fase3/venv/lib/python3.9/site-packages/airflow/example_dags/tutorial_objectstorage.py
[2025-11-27T14:24:05.859-0300] {processor.py:830} INFO - Processing file /Users/davispecia/Documents/GitHub/Pf_pipeline_dados/Projeto_final_fase3/venv/lib/python3.9/site-packages/airflow/example_dags/tutorial_objectstorage.py for tasks to queue
[2025-11-27T14:24:05.860-0300] {logging_mixin.py:188} INFO - [2025-11-27T14:24:05.860-0300] {dagbag.py:545} INFO - Filling up the DagBag from /Users/davispecia/Documents/GitHub/Pf_pipeline_dados/Projeto_final_fase3/venv/lib/python3.9/site-packages/airflow/example_dags/tutorial_objectstorage.py
[2025-11-27T14:24:05.917-0300] {processor.py:840} INFO - DAG(s) 'tutorial_objectstorage' retrieved from /Users/davispecia/Documents/GitHub/Pf_pipeline_dados/Projeto_final_fase3/venv/lib/python3.9/site-packages/airflow/example_dags/tutorial_objectstorage.py
[2025-11-27T14:24:06.009-0300] {logging_mixin.py:188} INFO - [2025-11-27T14:24:06.009-0300] {dag.py:3089} INFO - Sync 1 DAGs
[2025-11-27T14:24:06.016-0300] {logging_mixin.py:188} INFO - [2025-11-27T14:24:06.015-0300] {dag.py:3947} INFO - Setting next_dagrun for tutorial_objectstorage to None, run_after=None
[2025-11-27T14:24:06.032-0300] {processor.py:183} INFO - Processing /Users/davispecia/Documents/GitHub/Pf_pipeline_dados/Projeto_final_fase3/venv/lib/python3.9/site-packages/airflow/example_dags/tutorial_objectstorage.py took 0.177 seconds
[2025-11-27T14:25:16.622-0300] {processor.py:161} INFO - Started process (PID=5908) to work on /Users/davispecia/Documents/GitHub/Pf_pipeline_dados/Projeto_final_fase3/venv/lib/python3.9/site-packages/airflow/example_dags/tutorial_objectstorage.py
[2025-11-27T14:25:16.623-0300] {processor.py:830} INFO - Processing file /Users/davispecia/Documents/GitHub/Pf_pipeline_dados/Projeto_final_fase3/venv/lib/python3.9/site-packages/airflow/example_dags/tutorial_objectstorage.py for tasks to queue
[2025-11-27T14:25:16.624-0300] {logging_mixin.py:188} INFO - [2025-11-27T14:25:16.624-0300] {dagbag.py:545} INFO - Filling up the DagBag from /Users/davispecia/Documents/GitHub/Pf_pipeline_dados/Projeto_final_fase3/venv/lib/python3.9/site-packages/airflow/example_dags/tutorial_objectstorage.py
[2025-11-27T14:25:16.666-0300] {processor.py:840} INFO - DAG(s) 'tutorial_objectstorage' retrieved from /Users/davispecia/Documents/GitHub/Pf_pipeline_dados/Projeto_final_fase3/venv/lib/python3.9/site-packages/airflow/example_dags/tutorial_objectstorage.py
[2025-11-27T14:25:16.739-0300] {logging_mixin.py:188} INFO - [2025-11-27T14:25:16.738-0300] {dag.py:3089} INFO - Sync 1 DAGs
[2025-11-27T14:25:16.743-0300] {logging_mixin.py:188} INFO - [2025-11-27T14:25:16.743-0300] {dag.py:3947} INFO - Setting next_dagrun for tutorial_objectstorage to None, run_after=None
[2025-11-27T14:25:16.752-0300] {processor.py:183} INFO - Processing /Users/davispecia/Documents/GitHub/Pf_pipeline_dados/Projeto_final_fase3/venv/lib/python3.9/site-packages/airflow/example_dags/tutorial_objectstorage.py took 0.134 seconds
[2025-11-27T14:26:39.235-0300] {processor.py:161} INFO - Started process (PID=6163) to work on /Users/davispecia/Documents/GitHub/Pf_pipeline_dados/Projeto_final_fase3/venv/lib/python3.9/site-packages/airflow/example_dags/tutorial_objectstorage.py
[2025-11-27T14:26:39.236-0300] {processor.py:830} INFO - Processing file /Users/davispecia/Documents/GitHub/Pf_pipeline_dados/Projeto_final_fase3/venv/lib/python3.9/site-packages/airflow/example_dags/tutorial_objectstorage.py for tasks to queue
[2025-11-27T14:26:39.236-0300] {logging_mixin.py:188} INFO - [2025-11-27T14:26:39.236-0300] {dagbag.py:545} INFO - Filling up the DagBag from /Users/davispecia/Documents/GitHub/Pf_pipeline_dados/Projeto_final_fase3/venv/lib/python3.9/site-packages/airflow/example_dags/tutorial_objectstorage.py
[2025-11-27T14:26:39.280-0300] {processor.py:840} INFO - DAG(s) 'tutorial_objectstorage' retrieved from /Users/davispecia/Documents/GitHub/Pf_pipeline_dados/Projeto_final_fase3/venv/lib/python3.9/site-packages/airflow/example_dags/tutorial_objectstorage.py
[2025-11-27T14:26:39.356-0300] {logging_mixin.py:188} INFO - [2025-11-27T14:26:39.355-0300] {dag.py:3089} INFO - Sync 1 DAGs
[2025-11-27T14:26:39.361-0300] {logging_mixin.py:188} INFO - [2025-11-27T14:26:39.361-0300] {dag.py:3947} INFO - Setting next_dagrun for tutorial_objectstorage to None, run_after=None
[2025-11-27T14:26:39.371-0300] {processor.py:183} INFO - Processing /Users/davispecia/Documents/GitHub/Pf_pipeline_dados/Projeto_final_fase3/venv/lib/python3.9/site-packages/airflow/example_dags/tutorial_objectstorage.py took 0.139 seconds
[2025-11-27T14:27:56.166-0300] {processor.py:161} INFO - Started process (PID=6399) to work on /Users/davispecia/Documents/GitHub/Pf_pipeline_dados/Projeto_final_fase3/venv/lib/python3.9/site-packages/airflow/example_dags/tutorial_objectstorage.py
[2025-11-27T14:27:56.166-0300] {processor.py:830} INFO - Processing file /Users/davispecia/Documents/GitHub/Pf_pipeline_dados/Projeto_final_fase3/venv/lib/python3.9/site-packages/airflow/example_dags/tutorial_objectstorage.py for tasks to queue
[2025-11-27T14:27:56.167-0300] {logging_mixin.py:188} INFO - [2025-11-27T14:27:56.167-0300] {dagbag.py:545} INFO - Filling up the DagBag from /Users/davispecia/Documents/GitHub/Pf_pipeline_dados/Projeto_final_fase3/venv/lib/python3.9/site-packages/airflow/example_dags/tutorial_objectstorage.py
[2025-11-27T14:27:56.208-0300] {processor.py:840} INFO - DAG(s) 'tutorial_objectstorage' retrieved from /Users/davispecia/Documents/GitHub/Pf_pipeline_dados/Projeto_final_fase3/venv/lib/python3.9/site-packages/airflow/example_dags/tutorial_objectstorage.py
[2025-11-27T14:27:56.282-0300] {logging_mixin.py:188} INFO - [2025-11-27T14:27:56.282-0300] {dag.py:3089} INFO - Sync 1 DAGs
[2025-11-27T14:27:56.287-0300] {logging_mixin.py:188} INFO - [2025-11-27T14:27:56.287-0300] {dag.py:3947} INFO - Setting next_dagrun for tutorial_objectstorage to None, run_after=None
[2025-11-27T14:27:56.295-0300] {processor.py:183} INFO - Processing /Users/davispecia/Documents/GitHub/Pf_pipeline_dados/Projeto_final_fase3/venv/lib/python3.9/site-packages/airflow/example_dags/tutorial_objectstorage.py took 0.132 seconds
[2025-11-27T14:29:01.276-0300] {processor.py:161} INFO - Started process (PID=6557) to work on /Users/davispecia/Documents/GitHub/Pf_pipeline_dados/Projeto_final_fase3/venv/lib/python3.9/site-packages/airflow/example_dags/tutorial_objectstorage.py
[2025-11-27T14:29:01.277-0300] {processor.py:830} INFO - Processing file /Users/davispecia/Documents/GitHub/Pf_pipeline_dados/Projeto_final_fase3/venv/lib/python3.9/site-packages/airflow/example_dags/tutorial_objectstorage.py for tasks to queue
[2025-11-27T14:29:01.277-0300] {logging_mixin.py:188} INFO - [2025-11-27T14:29:01.277-0300] {dagbag.py:545} INFO - Filling up the DagBag from /Users/davispecia/Documents/GitHub/Pf_pipeline_dados/Projeto_final_fase3/venv/lib/python3.9/site-packages/airflow/example_dags/tutorial_objectstorage.py
[2025-11-27T14:29:01.331-0300] {processor.py:840} INFO - DAG(s) 'tutorial_objectstorage' retrieved from /Users/davispecia/Documents/GitHub/Pf_pipeline_dados/Projeto_final_fase3/venv/lib/python3.9/site-packages/airflow/example_dags/tutorial_objectstorage.py
[2025-11-27T14:29:01.405-0300] {logging_mixin.py:188} INFO - [2025-11-27T14:29:01.405-0300] {dag.py:3089} INFO - Sync 1 DAGs
[2025-11-27T14:29:01.410-0300] {logging_mixin.py:188} INFO - [2025-11-27T14:29:01.410-0300] {dag.py:3947} INFO - Setting next_dagrun for tutorial_objectstorage to None, run_after=None
[2025-11-27T14:29:01.419-0300] {processor.py:183} INFO - Processing /Users/davispecia/Documents/GitHub/Pf_pipeline_dados/Projeto_final_fase3/venv/lib/python3.9/site-packages/airflow/example_dags/tutorial_objectstorage.py took 0.145 seconds
[2025-11-27T14:30:06.358-0300] {processor.py:161} INFO - Started process (PID=6708) to work on /Users/davispecia/Documents/GitHub/Pf_pipeline_dados/Projeto_final_fase3/venv/lib/python3.9/site-packages/airflow/example_dags/tutorial_objectstorage.py
[2025-11-27T14:30:06.359-0300] {processor.py:830} INFO - Processing file /Users/davispecia/Documents/GitHub/Pf_pipeline_dados/Projeto_final_fase3/venv/lib/python3.9/site-packages/airflow/example_dags/tutorial_objectstorage.py for tasks to queue
[2025-11-27T14:30:06.360-0300] {logging_mixin.py:188} INFO - [2025-11-27T14:30:06.359-0300] {dagbag.py:545} INFO - Filling up the DagBag from /Users/davispecia/Documents/GitHub/Pf_pipeline_dados/Projeto_final_fase3/venv/lib/python3.9/site-packages/airflow/example_dags/tutorial_objectstorage.py
[2025-11-27T14:30:06.402-0300] {processor.py:840} INFO - DAG(s) 'tutorial_objectstorage' retrieved from /Users/davispecia/Documents/GitHub/Pf_pipeline_dados/Projeto_final_fase3/venv/lib/python3.9/site-packages/airflow/example_dags/tutorial_objectstorage.py
[2025-11-27T14:30:06.477-0300] {logging_mixin.py:188} INFO - [2025-11-27T14:30:06.476-0300] {dag.py:3089} INFO - Sync 1 DAGs
[2025-11-27T14:30:06.482-0300] {logging_mixin.py:188} INFO - [2025-11-27T14:30:06.482-0300] {dag.py:3947} INFO - Setting next_dagrun for tutorial_objectstorage to None, run_after=None
[2025-11-27T14:30:06.491-0300] {processor.py:183} INFO - Processing /Users/davispecia/Documents/GitHub/Pf_pipeline_dados/Projeto_final_fase3/venv/lib/python3.9/site-packages/airflow/example_dags/tutorial_objectstorage.py took 0.135 seconds
[2025-11-27T14:31:12.540-0300] {processor.py:161} INFO - Started process (PID=6867) to work on /Users/davispecia/Documents/GitHub/Pf_pipeline_dados/Projeto_final_fase3/venv/lib/python3.9/site-packages/airflow/example_dags/tutorial_objectstorage.py
[2025-11-27T14:31:12.540-0300] {processor.py:830} INFO - Processing file /Users/davispecia/Documents/GitHub/Pf_pipeline_dados/Projeto_final_fase3/venv/lib/python3.9/site-packages/airflow/example_dags/tutorial_objectstorage.py for tasks to queue
[2025-11-27T14:31:12.541-0300] {logging_mixin.py:188} INFO - [2025-11-27T14:31:12.541-0300] {dagbag.py:545} INFO - Filling up the DagBag from /Users/davispecia/Documents/GitHub/Pf_pipeline_dados/Projeto_final_fase3/venv/lib/python3.9/site-packages/airflow/example_dags/tutorial_objectstorage.py
[2025-11-27T14:31:12.584-0300] {processor.py:840} INFO - DAG(s) 'tutorial_objectstorage' retrieved from /Users/davispecia/Documents/GitHub/Pf_pipeline_dados/Projeto_final_fase3/venv/lib/python3.9/site-packages/airflow/example_dags/tutorial_objectstorage.py
[2025-11-27T14:31:12.655-0300] {logging_mixin.py:188} INFO - [2025-11-27T14:31:12.655-0300] {dag.py:3089} INFO - Sync 1 DAGs
[2025-11-27T14:31:12.660-0300] {logging_mixin.py:188} INFO - [2025-11-27T14:31:12.660-0300] {dag.py:3947} INFO - Setting next_dagrun for tutorial_objectstorage to None, run_after=None
[2025-11-27T14:31:12.672-0300] {processor.py:183} INFO - Processing /Users/davispecia/Documents/GitHub/Pf_pipeline_dados/Projeto_final_fase3/venv/lib/python3.9/site-packages/airflow/example_dags/tutorial_objectstorage.py took 0.135 seconds
[2025-11-27T14:32:15.809-0300] {processor.py:161} INFO - Started process (PID=7017) to work on /Users/davispecia/Documents/GitHub/Pf_pipeline_dados/Projeto_final_fase3/venv/lib/python3.9/site-packages/airflow/example_dags/tutorial_objectstorage.py
[2025-11-27T14:32:15.810-0300] {processor.py:830} INFO - Processing file /Users/davispecia/Documents/GitHub/Pf_pipeline_dados/Projeto_final_fase3/venv/lib/python3.9/site-packages/airflow/example_dags/tutorial_objectstorage.py for tasks to queue
[2025-11-27T14:32:15.811-0300] {logging_mixin.py:188} INFO - [2025-11-27T14:32:15.810-0300] {dagbag.py:545} INFO - Filling up the DagBag from /Users/davispecia/Documents/GitHub/Pf_pipeline_dados/Projeto_final_fase3/venv/lib/python3.9/site-packages/airflow/example_dags/tutorial_objectstorage.py
[2025-11-27T14:32:15.851-0300] {processor.py:840} INFO - DAG(s) 'tutorial_objectstorage' retrieved from /Users/davispecia/Documents/GitHub/Pf_pipeline_dados/Projeto_final_fase3/venv/lib/python3.9/site-packages/airflow/example_dags/tutorial_objectstorage.py
[2025-11-27T14:32:15.924-0300] {logging_mixin.py:188} INFO - [2025-11-27T14:32:15.924-0300] {dag.py:3089} INFO - Sync 1 DAGs
[2025-11-27T14:32:15.929-0300] {logging_mixin.py:188} INFO - [2025-11-27T14:32:15.928-0300] {dag.py:3947} INFO - Setting next_dagrun for tutorial_objectstorage to None, run_after=None
[2025-11-27T14:32:15.937-0300] {processor.py:183} INFO - Processing /Users/davispecia/Documents/GitHub/Pf_pipeline_dados/Projeto_final_fase3/venv/lib/python3.9/site-packages/airflow/example_dags/tutorial_objectstorage.py took 0.131 seconds
[2025-11-27T14:33:31.239-0300] {processor.py:161} INFO - Started process (PID=7275) to work on /Users/davispecia/Documents/GitHub/Pf_pipeline_dados/Projeto_final_fase3/venv/lib/python3.9/site-packages/airflow/example_dags/tutorial_objectstorage.py
[2025-11-27T14:33:31.240-0300] {processor.py:830} INFO - Processing file /Users/davispecia/Documents/GitHub/Pf_pipeline_dados/Projeto_final_fase3/venv/lib/python3.9/site-packages/airflow/example_dags/tutorial_objectstorage.py for tasks to queue
[2025-11-27T14:33:31.241-0300] {logging_mixin.py:188} INFO - [2025-11-27T14:33:31.240-0300] {dagbag.py:545} INFO - Filling up the DagBag from /Users/davispecia/Documents/GitHub/Pf_pipeline_dados/Projeto_final_fase3/venv/lib/python3.9/site-packages/airflow/example_dags/tutorial_objectstorage.py
[2025-11-27T14:33:31.284-0300] {processor.py:840} INFO - DAG(s) 'tutorial_objectstorage' retrieved from /Users/davispecia/Documents/GitHub/Pf_pipeline_dados/Projeto_final_fase3/venv/lib/python3.9/site-packages/airflow/example_dags/tutorial_objectstorage.py
[2025-11-27T14:33:31.357-0300] {logging_mixin.py:188} INFO - [2025-11-27T14:33:31.356-0300] {dag.py:3089} INFO - Sync 1 DAGs
[2025-11-27T14:33:31.362-0300] {logging_mixin.py:188} INFO - [2025-11-27T14:33:31.361-0300] {dag.py:3947} INFO - Setting next_dagrun for tutorial_objectstorage to None, run_after=None
[2025-11-27T14:33:31.370-0300] {processor.py:183} INFO - Processing /Users/davispecia/Documents/GitHub/Pf_pipeline_dados/Projeto_final_fase3/venv/lib/python3.9/site-packages/airflow/example_dags/tutorial_objectstorage.py took 0.133 seconds
[2025-11-27T14:34:36.473-0300] {processor.py:161} INFO - Started process (PID=7429) to work on /Users/davispecia/Documents/GitHub/Pf_pipeline_dados/Projeto_final_fase3/venv/lib/python3.9/site-packages/airflow/example_dags/tutorial_objectstorage.py
[2025-11-27T14:34:36.474-0300] {processor.py:830} INFO - Processing file /Users/davispecia/Documents/GitHub/Pf_pipeline_dados/Projeto_final_fase3/venv/lib/python3.9/site-packages/airflow/example_dags/tutorial_objectstorage.py for tasks to queue
[2025-11-27T14:34:36.474-0300] {logging_mixin.py:188} INFO - [2025-11-27T14:34:36.474-0300] {dagbag.py:545} INFO - Filling up the DagBag from /Users/davispecia/Documents/GitHub/Pf_pipeline_dados/Projeto_final_fase3/venv/lib/python3.9/site-packages/airflow/example_dags/tutorial_objectstorage.py
[2025-11-27T14:34:36.513-0300] {processor.py:840} INFO - DAG(s) 'tutorial_objectstorage' retrieved from /Users/davispecia/Documents/GitHub/Pf_pipeline_dados/Projeto_final_fase3/venv/lib/python3.9/site-packages/airflow/example_dags/tutorial_objectstorage.py
[2025-11-27T14:34:36.585-0300] {logging_mixin.py:188} INFO - [2025-11-27T14:34:36.585-0300] {dag.py:3089} INFO - Sync 1 DAGs
[2025-11-27T14:34:36.589-0300] {logging_mixin.py:188} INFO - [2025-11-27T14:34:36.589-0300] {dag.py:3947} INFO - Setting next_dagrun for tutorial_objectstorage to None, run_after=None
[2025-11-27T14:34:36.598-0300] {processor.py:183} INFO - Processing /Users/davispecia/Documents/GitHub/Pf_pipeline_dados/Projeto_final_fase3/venv/lib/python3.9/site-packages/airflow/example_dags/tutorial_objectstorage.py took 0.127 seconds
[2025-11-27T14:35:49.346-0300] {processor.py:161} INFO - Started process (PID=7735) to work on /Users/davispecia/Documents/GitHub/Pf_pipeline_dados/Projeto_final_fase3/venv/lib/python3.9/site-packages/airflow/example_dags/tutorial_objectstorage.py
[2025-11-27T14:35:49.348-0300] {processor.py:830} INFO - Processing file /Users/davispecia/Documents/GitHub/Pf_pipeline_dados/Projeto_final_fase3/venv/lib/python3.9/site-packages/airflow/example_dags/tutorial_objectstorage.py for tasks to queue
[2025-11-27T14:35:49.349-0300] {logging_mixin.py:188} INFO - [2025-11-27T14:35:49.349-0300] {dagbag.py:545} INFO - Filling up the DagBag from /Users/davispecia/Documents/GitHub/Pf_pipeline_dados/Projeto_final_fase3/venv/lib/python3.9/site-packages/airflow/example_dags/tutorial_objectstorage.py
[2025-11-27T14:35:49.393-0300] {processor.py:840} INFO - DAG(s) 'tutorial_objectstorage' retrieved from /Users/davispecia/Documents/GitHub/Pf_pipeline_dados/Projeto_final_fase3/venv/lib/python3.9/site-packages/airflow/example_dags/tutorial_objectstorage.py
[2025-11-27T14:35:49.468-0300] {logging_mixin.py:188} INFO - [2025-11-27T14:35:49.468-0300] {dag.py:3089} INFO - Sync 1 DAGs
[2025-11-27T14:35:49.474-0300] {logging_mixin.py:188} INFO - [2025-11-27T14:35:49.474-0300] {dag.py:3947} INFO - Setting next_dagrun for tutorial_objectstorage to None, run_after=None
[2025-11-27T14:35:49.486-0300] {processor.py:183} INFO - Processing /Users/davispecia/Documents/GitHub/Pf_pipeline_dados/Projeto_final_fase3/venv/lib/python3.9/site-packages/airflow/example_dags/tutorial_objectstorage.py took 0.143 seconds
[2025-11-27T14:36:57.895-0300] {processor.py:161} INFO - Started process (PID=7901) to work on /Users/davispecia/Documents/GitHub/Pf_pipeline_dados/Projeto_final_fase3/venv/lib/python3.9/site-packages/airflow/example_dags/tutorial_objectstorage.py
[2025-11-27T14:36:57.896-0300] {processor.py:830} INFO - Processing file /Users/davispecia/Documents/GitHub/Pf_pipeline_dados/Projeto_final_fase3/venv/lib/python3.9/site-packages/airflow/example_dags/tutorial_objectstorage.py for tasks to queue
[2025-11-27T14:36:57.896-0300] {logging_mixin.py:188} INFO - [2025-11-27T14:36:57.896-0300] {dagbag.py:545} INFO - Filling up the DagBag from /Users/davispecia/Documents/GitHub/Pf_pipeline_dados/Projeto_final_fase3/venv/lib/python3.9/site-packages/airflow/example_dags/tutorial_objectstorage.py
[2025-11-27T14:36:57.937-0300] {processor.py:840} INFO - DAG(s) 'tutorial_objectstorage' retrieved from /Users/davispecia/Documents/GitHub/Pf_pipeline_dados/Projeto_final_fase3/venv/lib/python3.9/site-packages/airflow/example_dags/tutorial_objectstorage.py
[2025-11-27T14:36:58.008-0300] {logging_mixin.py:188} INFO - [2025-11-27T14:36:58.008-0300] {dag.py:3089} INFO - Sync 1 DAGs
[2025-11-27T14:36:58.013-0300] {logging_mixin.py:188} INFO - [2025-11-27T14:36:58.013-0300] {dag.py:3947} INFO - Setting next_dagrun for tutorial_objectstorage to None, run_after=None
[2025-11-27T14:36:58.021-0300] {processor.py:183} INFO - Processing /Users/davispecia/Documents/GitHub/Pf_pipeline_dados/Projeto_final_fase3/venv/lib/python3.9/site-packages/airflow/example_dags/tutorial_objectstorage.py took 0.128 seconds
[2025-11-27T14:38:03.775-0300] {processor.py:161} INFO - Started process (PID=8057) to work on /Users/davispecia/Documents/GitHub/Pf_pipeline_dados/Projeto_final_fase3/venv/lib/python3.9/site-packages/airflow/example_dags/tutorial_objectstorage.py
[2025-11-27T14:38:03.777-0300] {processor.py:830} INFO - Processing file /Users/davispecia/Documents/GitHub/Pf_pipeline_dados/Projeto_final_fase3/venv/lib/python3.9/site-packages/airflow/example_dags/tutorial_objectstorage.py for tasks to queue
[2025-11-27T14:38:03.777-0300] {logging_mixin.py:188} INFO - [2025-11-27T14:38:03.777-0300] {dagbag.py:545} INFO - Filling up the DagBag from /Users/davispecia/Documents/GitHub/Pf_pipeline_dados/Projeto_final_fase3/venv/lib/python3.9/site-packages/airflow/example_dags/tutorial_objectstorage.py
[2025-11-27T14:38:03.818-0300] {processor.py:840} INFO - DAG(s) 'tutorial_objectstorage' retrieved from /Users/davispecia/Documents/GitHub/Pf_pipeline_dados/Projeto_final_fase3/venv/lib/python3.9/site-packages/airflow/example_dags/tutorial_objectstorage.py
[2025-11-27T14:38:03.890-0300] {logging_mixin.py:188} INFO - [2025-11-27T14:38:03.890-0300] {dag.py:3089} INFO - Sync 1 DAGs
[2025-11-27T14:38:03.895-0300] {logging_mixin.py:188} INFO - [2025-11-27T14:38:03.895-0300] {dag.py:3947} INFO - Setting next_dagrun for tutorial_objectstorage to None, run_after=None
[2025-11-27T14:38:03.905-0300] {processor.py:183} INFO - Processing /Users/davispecia/Documents/GitHub/Pf_pipeline_dados/Projeto_final_fase3/venv/lib/python3.9/site-packages/airflow/example_dags/tutorial_objectstorage.py took 0.132 seconds
[2025-11-27T14:39:20.318-0300] {processor.py:161} INFO - Started process (PID=8297) to work on /Users/davispecia/Documents/GitHub/Pf_pipeline_dados/Projeto_final_fase3/venv/lib/python3.9/site-packages/airflow/example_dags/tutorial_objectstorage.py
[2025-11-27T14:39:20.319-0300] {processor.py:830} INFO - Processing file /Users/davispecia/Documents/GitHub/Pf_pipeline_dados/Projeto_final_fase3/venv/lib/python3.9/site-packages/airflow/example_dags/tutorial_objectstorage.py for tasks to queue
[2025-11-27T14:39:20.319-0300] {logging_mixin.py:188} INFO - [2025-11-27T14:39:20.319-0300] {dagbag.py:545} INFO - Filling up the DagBag from /Users/davispecia/Documents/GitHub/Pf_pipeline_dados/Projeto_final_fase3/venv/lib/python3.9/site-packages/airflow/example_dags/tutorial_objectstorage.py
[2025-11-27T14:39:20.362-0300] {processor.py:840} INFO - DAG(s) 'tutorial_objectstorage' retrieved from /Users/davispecia/Documents/GitHub/Pf_pipeline_dados/Projeto_final_fase3/venv/lib/python3.9/site-packages/airflow/example_dags/tutorial_objectstorage.py
[2025-11-27T14:39:20.451-0300] {logging_mixin.py:188} INFO - [2025-11-27T14:39:20.451-0300] {dag.py:3089} INFO - Sync 1 DAGs
[2025-11-27T14:39:20.456-0300] {logging_mixin.py:188} INFO - [2025-11-27T14:39:20.456-0300] {dag.py:3947} INFO - Setting next_dagrun for tutorial_objectstorage to None, run_after=None
[2025-11-27T14:39:20.465-0300] {processor.py:183} INFO - Processing /Users/davispecia/Documents/GitHub/Pf_pipeline_dados/Projeto_final_fase3/venv/lib/python3.9/site-packages/airflow/example_dags/tutorial_objectstorage.py took 0.149 seconds
[2025-11-27T14:40:25.206-0300] {processor.py:161} INFO - Started process (PID=8457) to work on /Users/davispecia/Documents/GitHub/Pf_pipeline_dados/Projeto_final_fase3/venv/lib/python3.9/site-packages/airflow/example_dags/tutorial_objectstorage.py
[2025-11-27T14:40:25.206-0300] {processor.py:830} INFO - Processing file /Users/davispecia/Documents/GitHub/Pf_pipeline_dados/Projeto_final_fase3/venv/lib/python3.9/site-packages/airflow/example_dags/tutorial_objectstorage.py for tasks to queue
[2025-11-27T14:40:25.207-0300] {logging_mixin.py:188} INFO - [2025-11-27T14:40:25.207-0300] {dagbag.py:545} INFO - Filling up the DagBag from /Users/davispecia/Documents/GitHub/Pf_pipeline_dados/Projeto_final_fase3/venv/lib/python3.9/site-packages/airflow/example_dags/tutorial_objectstorage.py
[2025-11-27T14:40:25.246-0300] {processor.py:840} INFO - DAG(s) 'tutorial_objectstorage' retrieved from /Users/davispecia/Documents/GitHub/Pf_pipeline_dados/Projeto_final_fase3/venv/lib/python3.9/site-packages/airflow/example_dags/tutorial_objectstorage.py
[2025-11-27T14:40:25.319-0300] {logging_mixin.py:188} INFO - [2025-11-27T14:40:25.319-0300] {dag.py:3089} INFO - Sync 1 DAGs
[2025-11-27T14:40:25.324-0300] {logging_mixin.py:188} INFO - [2025-11-27T14:40:25.324-0300] {dag.py:3947} INFO - Setting next_dagrun for tutorial_objectstorage to None, run_after=None
[2025-11-27T14:40:25.333-0300] {processor.py:183} INFO - Processing /Users/davispecia/Documents/GitHub/Pf_pipeline_dados/Projeto_final_fase3/venv/lib/python3.9/site-packages/airflow/example_dags/tutorial_objectstorage.py took 0.129 seconds
[2025-11-27T14:41:28.471-0300] {processor.py:161} INFO - Started process (PID=8671) to work on /Users/davispecia/Documents/GitHub/Pf_pipeline_dados/Projeto_final_fase3/venv/lib/python3.9/site-packages/airflow/example_dags/tutorial_objectstorage.py
[2025-11-27T14:41:28.473-0300] {processor.py:830} INFO - Processing file /Users/davispecia/Documents/GitHub/Pf_pipeline_dados/Projeto_final_fase3/venv/lib/python3.9/site-packages/airflow/example_dags/tutorial_objectstorage.py for tasks to queue
[2025-11-27T14:41:28.473-0300] {logging_mixin.py:188} INFO - [2025-11-27T14:41:28.473-0300] {dagbag.py:545} INFO - Filling up the DagBag from /Users/davispecia/Documents/GitHub/Pf_pipeline_dados/Projeto_final_fase3/venv/lib/python3.9/site-packages/airflow/example_dags/tutorial_objectstorage.py
[2025-11-27T14:41:28.516-0300] {processor.py:840} INFO - DAG(s) 'tutorial_objectstorage' retrieved from /Users/davispecia/Documents/GitHub/Pf_pipeline_dados/Projeto_final_fase3/venv/lib/python3.9/site-packages/airflow/example_dags/tutorial_objectstorage.py
[2025-11-27T14:41:28.587-0300] {logging_mixin.py:188} INFO - [2025-11-27T14:41:28.587-0300] {dag.py:3089} INFO - Sync 1 DAGs
[2025-11-27T14:41:28.592-0300] {logging_mixin.py:188} INFO - [2025-11-27T14:41:28.591-0300] {dag.py:3947} INFO - Setting next_dagrun for tutorial_objectstorage to None, run_after=None
[2025-11-27T14:41:28.600-0300] {processor.py:183} INFO - Processing /Users/davispecia/Documents/GitHub/Pf_pipeline_dados/Projeto_final_fase3/venv/lib/python3.9/site-packages/airflow/example_dags/tutorial_objectstorage.py took 0.131 seconds
[2025-11-27T14:42:30.196-0300] {processor.py:161} INFO - Started process (PID=8832) to work on /Users/davispecia/Documents/GitHub/Pf_pipeline_dados/Projeto_final_fase3/venv/lib/python3.9/site-packages/airflow/example_dags/tutorial_objectstorage.py
[2025-11-27T14:42:30.197-0300] {processor.py:830} INFO - Processing file /Users/davispecia/Documents/GitHub/Pf_pipeline_dados/Projeto_final_fase3/venv/lib/python3.9/site-packages/airflow/example_dags/tutorial_objectstorage.py for tasks to queue
[2025-11-27T14:42:30.197-0300] {logging_mixin.py:188} INFO - [2025-11-27T14:42:30.197-0300] {dagbag.py:545} INFO - Filling up the DagBag from /Users/davispecia/Documents/GitHub/Pf_pipeline_dados/Projeto_final_fase3/venv/lib/python3.9/site-packages/airflow/example_dags/tutorial_objectstorage.py
[2025-11-27T14:42:30.249-0300] {processor.py:840} INFO - DAG(s) 'tutorial_objectstorage' retrieved from /Users/davispecia/Documents/GitHub/Pf_pipeline_dados/Projeto_final_fase3/venv/lib/python3.9/site-packages/airflow/example_dags/tutorial_objectstorage.py
[2025-11-27T14:42:30.331-0300] {logging_mixin.py:188} INFO - [2025-11-27T14:42:30.331-0300] {dag.py:3089} INFO - Sync 1 DAGs
[2025-11-27T14:42:30.336-0300] {logging_mixin.py:188} INFO - [2025-11-27T14:42:30.336-0300] {dag.py:3947} INFO - Setting next_dagrun for tutorial_objectstorage to None, run_after=None
[2025-11-27T14:42:30.346-0300] {processor.py:183} INFO - Processing /Users/davispecia/Documents/GitHub/Pf_pipeline_dados/Projeto_final_fase3/venv/lib/python3.9/site-packages/airflow/example_dags/tutorial_objectstorage.py took 0.153 seconds
[2025-11-27T14:43:32.090-0300] {processor.py:161} INFO - Started process (PID=9000) to work on /Users/davispecia/Documents/GitHub/Pf_pipeline_dados/Projeto_final_fase3/venv/lib/python3.9/site-packages/airflow/example_dags/tutorial_objectstorage.py
[2025-11-27T14:43:32.092-0300] {processor.py:830} INFO - Processing file /Users/davispecia/Documents/GitHub/Pf_pipeline_dados/Projeto_final_fase3/venv/lib/python3.9/site-packages/airflow/example_dags/tutorial_objectstorage.py for tasks to queue
[2025-11-27T14:43:32.092-0300] {logging_mixin.py:188} INFO - [2025-11-27T14:43:32.092-0300] {dagbag.py:545} INFO - Filling up the DagBag from /Users/davispecia/Documents/GitHub/Pf_pipeline_dados/Projeto_final_fase3/venv/lib/python3.9/site-packages/airflow/example_dags/tutorial_objectstorage.py
[2025-11-27T14:43:32.132-0300] {processor.py:840} INFO - DAG(s) 'tutorial_objectstorage' retrieved from /Users/davispecia/Documents/GitHub/Pf_pipeline_dados/Projeto_final_fase3/venv/lib/python3.9/site-packages/airflow/example_dags/tutorial_objectstorage.py
[2025-11-27T14:43:32.200-0300] {logging_mixin.py:188} INFO - [2025-11-27T14:43:32.200-0300] {dag.py:3089} INFO - Sync 1 DAGs
[2025-11-27T14:43:32.205-0300] {logging_mixin.py:188} INFO - [2025-11-27T14:43:32.205-0300] {dag.py:3947} INFO - Setting next_dagrun for tutorial_objectstorage to None, run_after=None
[2025-11-27T14:43:32.214-0300] {processor.py:183} INFO - Processing /Users/davispecia/Documents/GitHub/Pf_pipeline_dados/Projeto_final_fase3/venv/lib/python3.9/site-packages/airflow/example_dags/tutorial_objectstorage.py took 0.125 seconds
[2025-11-27T14:44:44.722-0300] {processor.py:161} INFO - Started process (PID=9288) to work on /Users/davispecia/Documents/GitHub/Pf_pipeline_dados/Projeto_final_fase3/venv/lib/python3.9/site-packages/airflow/example_dags/tutorial_objectstorage.py
[2025-11-27T14:44:44.723-0300] {processor.py:830} INFO - Processing file /Users/davispecia/Documents/GitHub/Pf_pipeline_dados/Projeto_final_fase3/venv/lib/python3.9/site-packages/airflow/example_dags/tutorial_objectstorage.py for tasks to queue
[2025-11-27T14:44:44.723-0300] {logging_mixin.py:188} INFO - [2025-11-27T14:44:44.723-0300] {dagbag.py:545} INFO - Filling up the DagBag from /Users/davispecia/Documents/GitHub/Pf_pipeline_dados/Projeto_final_fase3/venv/lib/python3.9/site-packages/airflow/example_dags/tutorial_objectstorage.py
[2025-11-27T14:44:44.766-0300] {processor.py:840} INFO - DAG(s) 'tutorial_objectstorage' retrieved from /Users/davispecia/Documents/GitHub/Pf_pipeline_dados/Projeto_final_fase3/venv/lib/python3.9/site-packages/airflow/example_dags/tutorial_objectstorage.py
[2025-11-27T14:44:44.838-0300] {logging_mixin.py:188} INFO - [2025-11-27T14:44:44.838-0300] {dag.py:3089} INFO - Sync 1 DAGs
[2025-11-27T14:44:44.843-0300] {logging_mixin.py:188} INFO - [2025-11-27T14:44:44.842-0300] {dag.py:3947} INFO - Setting next_dagrun for tutorial_objectstorage to None, run_after=None
[2025-11-27T14:44:44.851-0300] {processor.py:183} INFO - Processing /Users/davispecia/Documents/GitHub/Pf_pipeline_dados/Projeto_final_fase3/venv/lib/python3.9/site-packages/airflow/example_dags/tutorial_objectstorage.py took 0.132 seconds
[2025-11-27T14:45:50.411-0300] {processor.py:161} INFO - Started process (PID=9445) to work on /Users/davispecia/Documents/GitHub/Pf_pipeline_dados/Projeto_final_fase3/venv/lib/python3.9/site-packages/airflow/example_dags/tutorial_objectstorage.py
[2025-11-27T14:45:50.412-0300] {processor.py:830} INFO - Processing file /Users/davispecia/Documents/GitHub/Pf_pipeline_dados/Projeto_final_fase3/venv/lib/python3.9/site-packages/airflow/example_dags/tutorial_objectstorage.py for tasks to queue
[2025-11-27T14:45:50.412-0300] {logging_mixin.py:188} INFO - [2025-11-27T14:45:50.412-0300] {dagbag.py:545} INFO - Filling up the DagBag from /Users/davispecia/Documents/GitHub/Pf_pipeline_dados/Projeto_final_fase3/venv/lib/python3.9/site-packages/airflow/example_dags/tutorial_objectstorage.py
[2025-11-27T14:45:50.450-0300] {processor.py:840} INFO - DAG(s) 'tutorial_objectstorage' retrieved from /Users/davispecia/Documents/GitHub/Pf_pipeline_dados/Projeto_final_fase3/venv/lib/python3.9/site-packages/airflow/example_dags/tutorial_objectstorage.py
[2025-11-27T14:45:50.524-0300] {logging_mixin.py:188} INFO - [2025-11-27T14:45:50.524-0300] {dag.py:3089} INFO - Sync 1 DAGs
[2025-11-27T14:45:50.529-0300] {logging_mixin.py:188} INFO - [2025-11-27T14:45:50.529-0300] {dag.py:3947} INFO - Setting next_dagrun for tutorial_objectstorage to None, run_after=None
[2025-11-27T14:45:50.538-0300] {processor.py:183} INFO - Processing /Users/davispecia/Documents/GitHub/Pf_pipeline_dados/Projeto_final_fase3/venv/lib/python3.9/site-packages/airflow/example_dags/tutorial_objectstorage.py took 0.129 seconds
[2025-11-27T14:46:55.755-0300] {processor.py:161} INFO - Started process (PID=9594) to work on /Users/davispecia/Documents/GitHub/Pf_pipeline_dados/Projeto_final_fase3/venv/lib/python3.9/site-packages/airflow/example_dags/tutorial_objectstorage.py
[2025-11-27T14:46:55.756-0300] {processor.py:830} INFO - Processing file /Users/davispecia/Documents/GitHub/Pf_pipeline_dados/Projeto_final_fase3/venv/lib/python3.9/site-packages/airflow/example_dags/tutorial_objectstorage.py for tasks to queue
[2025-11-27T14:46:55.756-0300] {logging_mixin.py:188} INFO - [2025-11-27T14:46:55.756-0300] {dagbag.py:545} INFO - Filling up the DagBag from /Users/davispecia/Documents/GitHub/Pf_pipeline_dados/Projeto_final_fase3/venv/lib/python3.9/site-packages/airflow/example_dags/tutorial_objectstorage.py
[2025-11-27T14:46:55.799-0300] {processor.py:840} INFO - DAG(s) 'tutorial_objectstorage' retrieved from /Users/davispecia/Documents/GitHub/Pf_pipeline_dados/Projeto_final_fase3/venv/lib/python3.9/site-packages/airflow/example_dags/tutorial_objectstorage.py
[2025-11-27T14:46:55.871-0300] {logging_mixin.py:188} INFO - [2025-11-27T14:46:55.871-0300] {dag.py:3089} INFO - Sync 1 DAGs
[2025-11-27T14:46:55.876-0300] {logging_mixin.py:188} INFO - [2025-11-27T14:46:55.876-0300] {dag.py:3947} INFO - Setting next_dagrun for tutorial_objectstorage to None, run_after=None
[2025-11-27T14:46:55.884-0300] {processor.py:183} INFO - Processing /Users/davispecia/Documents/GitHub/Pf_pipeline_dados/Projeto_final_fase3/venv/lib/python3.9/site-packages/airflow/example_dags/tutorial_objectstorage.py took 0.132 seconds
[2025-11-27T14:48:00.587-0300] {processor.py:161} INFO - Started process (PID=9765) to work on /Users/davispecia/Documents/GitHub/Pf_pipeline_dados/Projeto_final_fase3/venv/lib/python3.9/site-packages/airflow/example_dags/tutorial_objectstorage.py
[2025-11-27T14:48:00.588-0300] {processor.py:830} INFO - Processing file /Users/davispecia/Documents/GitHub/Pf_pipeline_dados/Projeto_final_fase3/venv/lib/python3.9/site-packages/airflow/example_dags/tutorial_objectstorage.py for tasks to queue
[2025-11-27T14:48:00.589-0300] {logging_mixin.py:188} INFO - [2025-11-27T14:48:00.588-0300] {dagbag.py:545} INFO - Filling up the DagBag from /Users/davispecia/Documents/GitHub/Pf_pipeline_dados/Projeto_final_fase3/venv/lib/python3.9/site-packages/airflow/example_dags/tutorial_objectstorage.py
[2025-11-27T14:48:00.629-0300] {processor.py:840} INFO - DAG(s) 'tutorial_objectstorage' retrieved from /Users/davispecia/Documents/GitHub/Pf_pipeline_dados/Projeto_final_fase3/venv/lib/python3.9/site-packages/airflow/example_dags/tutorial_objectstorage.py
[2025-11-27T14:48:00.699-0300] {logging_mixin.py:188} INFO - [2025-11-27T14:48:00.699-0300] {dag.py:3089} INFO - Sync 1 DAGs
[2025-11-27T14:48:00.704-0300] {logging_mixin.py:188} INFO - [2025-11-27T14:48:00.704-0300] {dag.py:3947} INFO - Setting next_dagrun for tutorial_objectstorage to None, run_after=None
[2025-11-27T14:48:00.712-0300] {processor.py:183} INFO - Processing /Users/davispecia/Documents/GitHub/Pf_pipeline_dados/Projeto_final_fase3/venv/lib/python3.9/site-packages/airflow/example_dags/tutorial_objectstorage.py took 0.127 seconds
[2025-11-27T14:49:03.728-0300] {processor.py:161} INFO - Started process (PID=9915) to work on /Users/davispecia/Documents/GitHub/Pf_pipeline_dados/Projeto_final_fase3/venv/lib/python3.9/site-packages/airflow/example_dags/tutorial_objectstorage.py
[2025-11-27T14:49:03.729-0300] {processor.py:830} INFO - Processing file /Users/davispecia/Documents/GitHub/Pf_pipeline_dados/Projeto_final_fase3/venv/lib/python3.9/site-packages/airflow/example_dags/tutorial_objectstorage.py for tasks to queue
[2025-11-27T14:49:03.729-0300] {logging_mixin.py:188} INFO - [2025-11-27T14:49:03.729-0300] {dagbag.py:545} INFO - Filling up the DagBag from /Users/davispecia/Documents/GitHub/Pf_pipeline_dados/Projeto_final_fase3/venv/lib/python3.9/site-packages/airflow/example_dags/tutorial_objectstorage.py
[2025-11-27T14:49:03.768-0300] {processor.py:840} INFO - DAG(s) 'tutorial_objectstorage' retrieved from /Users/davispecia/Documents/GitHub/Pf_pipeline_dados/Projeto_final_fase3/venv/lib/python3.9/site-packages/airflow/example_dags/tutorial_objectstorage.py
[2025-11-27T14:49:03.836-0300] {logging_mixin.py:188} INFO - [2025-11-27T14:49:03.836-0300] {dag.py:3089} INFO - Sync 1 DAGs
[2025-11-27T14:49:03.841-0300] {logging_mixin.py:188} INFO - [2025-11-27T14:49:03.841-0300] {dag.py:3947} INFO - Setting next_dagrun for tutorial_objectstorage to None, run_after=None
[2025-11-27T14:49:03.850-0300] {processor.py:183} INFO - Processing /Users/davispecia/Documents/GitHub/Pf_pipeline_dados/Projeto_final_fase3/venv/lib/python3.9/site-packages/airflow/example_dags/tutorial_objectstorage.py took 0.124 seconds
[2025-11-27T14:50:17.111-0300] {processor.py:161} INFO - Started process (PID=10161) to work on /Users/davispecia/Documents/GitHub/Pf_pipeline_dados/Projeto_final_fase3/venv/lib/python3.9/site-packages/airflow/example_dags/tutorial_objectstorage.py
[2025-11-27T14:50:17.112-0300] {processor.py:830} INFO - Processing file /Users/davispecia/Documents/GitHub/Pf_pipeline_dados/Projeto_final_fase3/venv/lib/python3.9/site-packages/airflow/example_dags/tutorial_objectstorage.py for tasks to queue
[2025-11-27T14:50:17.112-0300] {logging_mixin.py:188} INFO - [2025-11-27T14:50:17.112-0300] {dagbag.py:545} INFO - Filling up the DagBag from /Users/davispecia/Documents/GitHub/Pf_pipeline_dados/Projeto_final_fase3/venv/lib/python3.9/site-packages/airflow/example_dags/tutorial_objectstorage.py
[2025-11-27T14:50:17.151-0300] {processor.py:840} INFO - DAG(s) 'tutorial_objectstorage' retrieved from /Users/davispecia/Documents/GitHub/Pf_pipeline_dados/Projeto_final_fase3/venv/lib/python3.9/site-packages/airflow/example_dags/tutorial_objectstorage.py
[2025-11-27T14:50:17.220-0300] {logging_mixin.py:188} INFO - [2025-11-27T14:50:17.220-0300] {dag.py:3089} INFO - Sync 1 DAGs
[2025-11-27T14:50:17.225-0300] {logging_mixin.py:188} INFO - [2025-11-27T14:50:17.225-0300] {dag.py:3947} INFO - Setting next_dagrun for tutorial_objectstorage to None, run_after=None
[2025-11-27T14:50:17.233-0300] {processor.py:183} INFO - Processing /Users/davispecia/Documents/GitHub/Pf_pipeline_dados/Projeto_final_fase3/venv/lib/python3.9/site-packages/airflow/example_dags/tutorial_objectstorage.py took 0.124 seconds
[2025-11-27T14:51:21.208-0300] {processor.py:161} INFO - Started process (PID=10309) to work on /Users/davispecia/Documents/GitHub/Pf_pipeline_dados/Projeto_final_fase3/venv/lib/python3.9/site-packages/airflow/example_dags/tutorial_objectstorage.py
[2025-11-27T14:51:21.209-0300] {processor.py:830} INFO - Processing file /Users/davispecia/Documents/GitHub/Pf_pipeline_dados/Projeto_final_fase3/venv/lib/python3.9/site-packages/airflow/example_dags/tutorial_objectstorage.py for tasks to queue
[2025-11-27T14:51:21.209-0300] {logging_mixin.py:188} INFO - [2025-11-27T14:51:21.209-0300] {dagbag.py:545} INFO - Filling up the DagBag from /Users/davispecia/Documents/GitHub/Pf_pipeline_dados/Projeto_final_fase3/venv/lib/python3.9/site-packages/airflow/example_dags/tutorial_objectstorage.py
[2025-11-27T14:51:21.245-0300] {processor.py:840} INFO - DAG(s) 'tutorial_objectstorage' retrieved from /Users/davispecia/Documents/GitHub/Pf_pipeline_dados/Projeto_final_fase3/venv/lib/python3.9/site-packages/airflow/example_dags/tutorial_objectstorage.py
[2025-11-27T14:51:21.313-0300] {logging_mixin.py:188} INFO - [2025-11-27T14:51:21.313-0300] {dag.py:3089} INFO - Sync 1 DAGs
[2025-11-27T14:51:21.318-0300] {logging_mixin.py:188} INFO - [2025-11-27T14:51:21.318-0300] {dag.py:3947} INFO - Setting next_dagrun for tutorial_objectstorage to None, run_after=None
[2025-11-27T14:51:21.326-0300] {processor.py:183} INFO - Processing /Users/davispecia/Documents/GitHub/Pf_pipeline_dados/Projeto_final_fase3/venv/lib/python3.9/site-packages/airflow/example_dags/tutorial_objectstorage.py took 0.120 seconds
[2025-11-27T14:52:26.173-0300] {processor.py:161} INFO - Started process (PID=10484) to work on /Users/davispecia/Documents/GitHub/Pf_pipeline_dados/Projeto_final_fase3/venv/lib/python3.9/site-packages/airflow/example_dags/tutorial_objectstorage.py
[2025-11-27T14:52:26.174-0300] {processor.py:830} INFO - Processing file /Users/davispecia/Documents/GitHub/Pf_pipeline_dados/Projeto_final_fase3/venv/lib/python3.9/site-packages/airflow/example_dags/tutorial_objectstorage.py for tasks to queue
[2025-11-27T14:52:26.175-0300] {logging_mixin.py:188} INFO - [2025-11-27T14:52:26.175-0300] {dagbag.py:545} INFO - Filling up the DagBag from /Users/davispecia/Documents/GitHub/Pf_pipeline_dados/Projeto_final_fase3/venv/lib/python3.9/site-packages/airflow/example_dags/tutorial_objectstorage.py
[2025-11-27T14:52:26.214-0300] {processor.py:840} INFO - DAG(s) 'tutorial_objectstorage' retrieved from /Users/davispecia/Documents/GitHub/Pf_pipeline_dados/Projeto_final_fase3/venv/lib/python3.9/site-packages/airflow/example_dags/tutorial_objectstorage.py
[2025-11-27T14:52:26.282-0300] {logging_mixin.py:188} INFO - [2025-11-27T14:52:26.282-0300] {dag.py:3089} INFO - Sync 1 DAGs
[2025-11-27T14:52:26.287-0300] {logging_mixin.py:188} INFO - [2025-11-27T14:52:26.287-0300] {dag.py:3947} INFO - Setting next_dagrun for tutorial_objectstorage to None, run_after=None
[2025-11-27T14:52:26.295-0300] {processor.py:183} INFO - Processing /Users/davispecia/Documents/GitHub/Pf_pipeline_dados/Projeto_final_fase3/venv/lib/python3.9/site-packages/airflow/example_dags/tutorial_objectstorage.py took 0.124 seconds
[2025-11-27T14:53:27.616-0300] {processor.py:161} INFO - Started process (PID=10627) to work on /Users/davispecia/Documents/GitHub/Pf_pipeline_dados/Projeto_final_fase3/venv/lib/python3.9/site-packages/airflow/example_dags/tutorial_objectstorage.py
[2025-11-27T14:53:27.617-0300] {processor.py:830} INFO - Processing file /Users/davispecia/Documents/GitHub/Pf_pipeline_dados/Projeto_final_fase3/venv/lib/python3.9/site-packages/airflow/example_dags/tutorial_objectstorage.py for tasks to queue
[2025-11-27T14:53:27.617-0300] {logging_mixin.py:188} INFO - [2025-11-27T14:53:27.617-0300] {dagbag.py:545} INFO - Filling up the DagBag from /Users/davispecia/Documents/GitHub/Pf_pipeline_dados/Projeto_final_fase3/venv/lib/python3.9/site-packages/airflow/example_dags/tutorial_objectstorage.py
[2025-11-27T14:53:27.656-0300] {processor.py:840} INFO - DAG(s) 'tutorial_objectstorage' retrieved from /Users/davispecia/Documents/GitHub/Pf_pipeline_dados/Projeto_final_fase3/venv/lib/python3.9/site-packages/airflow/example_dags/tutorial_objectstorage.py
[2025-11-27T14:53:27.729-0300] {logging_mixin.py:188} INFO - [2025-11-27T14:53:27.729-0300] {dag.py:3089} INFO - Sync 1 DAGs
[2025-11-27T14:53:27.734-0300] {logging_mixin.py:188} INFO - [2025-11-27T14:53:27.734-0300] {dag.py:3947} INFO - Setting next_dagrun for tutorial_objectstorage to None, run_after=None
[2025-11-27T14:53:27.744-0300] {processor.py:183} INFO - Processing /Users/davispecia/Documents/GitHub/Pf_pipeline_dados/Projeto_final_fase3/venv/lib/python3.9/site-packages/airflow/example_dags/tutorial_objectstorage.py took 0.130 seconds
[2025-11-27T14:54:29.196-0300] {processor.py:161} INFO - Started process (PID=10778) to work on /Users/davispecia/Documents/GitHub/Pf_pipeline_dados/Projeto_final_fase3/venv/lib/python3.9/site-packages/airflow/example_dags/tutorial_objectstorage.py
[2025-11-27T14:54:29.197-0300] {processor.py:830} INFO - Processing file /Users/davispecia/Documents/GitHub/Pf_pipeline_dados/Projeto_final_fase3/venv/lib/python3.9/site-packages/airflow/example_dags/tutorial_objectstorage.py for tasks to queue
[2025-11-27T14:54:29.197-0300] {logging_mixin.py:188} INFO - [2025-11-27T14:54:29.197-0300] {dagbag.py:545} INFO - Filling up the DagBag from /Users/davispecia/Documents/GitHub/Pf_pipeline_dados/Projeto_final_fase3/venv/lib/python3.9/site-packages/airflow/example_dags/tutorial_objectstorage.py
[2025-11-27T14:54:29.237-0300] {processor.py:840} INFO - DAG(s) 'tutorial_objectstorage' retrieved from /Users/davispecia/Documents/GitHub/Pf_pipeline_dados/Projeto_final_fase3/venv/lib/python3.9/site-packages/airflow/example_dags/tutorial_objectstorage.py
[2025-11-27T14:54:29.304-0300] {logging_mixin.py:188} INFO - [2025-11-27T14:54:29.304-0300] {dag.py:3089} INFO - Sync 1 DAGs
[2025-11-27T14:54:29.309-0300] {logging_mixin.py:188} INFO - [2025-11-27T14:54:29.309-0300] {dag.py:3947} INFO - Setting next_dagrun for tutorial_objectstorage to None, run_after=None
[2025-11-27T14:54:29.317-0300] {processor.py:183} INFO - Processing /Users/davispecia/Documents/GitHub/Pf_pipeline_dados/Projeto_final_fase3/venv/lib/python3.9/site-packages/airflow/example_dags/tutorial_objectstorage.py took 0.123 seconds
[2025-11-27T14:55:40.365-0300] {processor.py:161} INFO - Started process (PID=11004) to work on /Users/davispecia/Documents/GitHub/Pf_pipeline_dados/Projeto_final_fase3/venv/lib/python3.9/site-packages/airflow/example_dags/tutorial_objectstorage.py
[2025-11-27T14:55:40.366-0300] {processor.py:830} INFO - Processing file /Users/davispecia/Documents/GitHub/Pf_pipeline_dados/Projeto_final_fase3/venv/lib/python3.9/site-packages/airflow/example_dags/tutorial_objectstorage.py for tasks to queue
[2025-11-27T14:55:40.366-0300] {logging_mixin.py:188} INFO - [2025-11-27T14:55:40.366-0300] {dagbag.py:545} INFO - Filling up the DagBag from /Users/davispecia/Documents/GitHub/Pf_pipeline_dados/Projeto_final_fase3/venv/lib/python3.9/site-packages/airflow/example_dags/tutorial_objectstorage.py
[2025-11-27T14:55:40.406-0300] {processor.py:840} INFO - DAG(s) 'tutorial_objectstorage' retrieved from /Users/davispecia/Documents/GitHub/Pf_pipeline_dados/Projeto_final_fase3/venv/lib/python3.9/site-packages/airflow/example_dags/tutorial_objectstorage.py
[2025-11-27T14:55:40.475-0300] {logging_mixin.py:188} INFO - [2025-11-27T14:55:40.475-0300] {dag.py:3089} INFO - Sync 1 DAGs
[2025-11-27T14:55:40.482-0300] {logging_mixin.py:188} INFO - [2025-11-27T14:55:40.481-0300] {dag.py:3947} INFO - Setting next_dagrun for tutorial_objectstorage to None, run_after=None
[2025-11-27T14:55:40.490-0300] {processor.py:183} INFO - Processing /Users/davispecia/Documents/GitHub/Pf_pipeline_dados/Projeto_final_fase3/venv/lib/python3.9/site-packages/airflow/example_dags/tutorial_objectstorage.py took 0.127 seconds
[2025-11-27T14:56:46.518-0300] {processor.py:161} INFO - Started process (PID=11180) to work on /Users/davispecia/Documents/GitHub/Pf_pipeline_dados/Projeto_final_fase3/venv/lib/python3.9/site-packages/airflow/example_dags/tutorial_objectstorage.py
[2025-11-27T14:56:46.519-0300] {processor.py:830} INFO - Processing file /Users/davispecia/Documents/GitHub/Pf_pipeline_dados/Projeto_final_fase3/venv/lib/python3.9/site-packages/airflow/example_dags/tutorial_objectstorage.py for tasks to queue
[2025-11-27T14:56:46.519-0300] {logging_mixin.py:188} INFO - [2025-11-27T14:56:46.519-0300] {dagbag.py:545} INFO - Filling up the DagBag from /Users/davispecia/Documents/GitHub/Pf_pipeline_dados/Projeto_final_fase3/venv/lib/python3.9/site-packages/airflow/example_dags/tutorial_objectstorage.py
[2025-11-27T14:56:46.556-0300] {processor.py:840} INFO - DAG(s) 'tutorial_objectstorage' retrieved from /Users/davispecia/Documents/GitHub/Pf_pipeline_dados/Projeto_final_fase3/venv/lib/python3.9/site-packages/airflow/example_dags/tutorial_objectstorage.py
[2025-11-27T14:56:46.623-0300] {logging_mixin.py:188} INFO - [2025-11-27T14:56:46.622-0300] {dag.py:3089} INFO - Sync 1 DAGs
[2025-11-27T14:56:46.628-0300] {logging_mixin.py:188} INFO - [2025-11-27T14:56:46.628-0300] {dag.py:3947} INFO - Setting next_dagrun for tutorial_objectstorage to None, run_after=None
[2025-11-27T14:56:46.636-0300] {processor.py:183} INFO - Processing /Users/davispecia/Documents/GitHub/Pf_pipeline_dados/Projeto_final_fase3/venv/lib/python3.9/site-packages/airflow/example_dags/tutorial_objectstorage.py took 0.121 seconds
[2025-11-27T14:57:46.093-0300] {processor.py:161} INFO - Started process (PID=11318) to work on /Users/davispecia/Documents/GitHub/Pf_pipeline_dados/Projeto_final_fase3/venv/lib/python3.9/site-packages/airflow/example_dags/tutorial_objectstorage.py
[2025-11-27T14:57:46.094-0300] {processor.py:830} INFO - Processing file /Users/davispecia/Documents/GitHub/Pf_pipeline_dados/Projeto_final_fase3/venv/lib/python3.9/site-packages/airflow/example_dags/tutorial_objectstorage.py for tasks to queue
[2025-11-27T14:57:46.094-0300] {logging_mixin.py:188} INFO - [2025-11-27T14:57:46.094-0300] {dagbag.py:545} INFO - Filling up the DagBag from /Users/davispecia/Documents/GitHub/Pf_pipeline_dados/Projeto_final_fase3/venv/lib/python3.9/site-packages/airflow/example_dags/tutorial_objectstorage.py
[2025-11-27T14:57:46.135-0300] {processor.py:840} INFO - DAG(s) 'tutorial_objectstorage' retrieved from /Users/davispecia/Documents/GitHub/Pf_pipeline_dados/Projeto_final_fase3/venv/lib/python3.9/site-packages/airflow/example_dags/tutorial_objectstorage.py
[2025-11-27T14:57:46.203-0300] {logging_mixin.py:188} INFO - [2025-11-27T14:57:46.203-0300] {dag.py:3089} INFO - Sync 1 DAGs
[2025-11-27T14:57:46.207-0300] {logging_mixin.py:188} INFO - [2025-11-27T14:57:46.207-0300] {dag.py:3947} INFO - Setting next_dagrun for tutorial_objectstorage to None, run_after=None
[2025-11-27T14:57:46.216-0300] {processor.py:183} INFO - Processing /Users/davispecia/Documents/GitHub/Pf_pipeline_dados/Projeto_final_fase3/venv/lib/python3.9/site-packages/airflow/example_dags/tutorial_objectstorage.py took 0.125 seconds
[2025-11-27T14:58:51.045-0300] {processor.py:161} INFO - Started process (PID=11474) to work on /Users/davispecia/Documents/GitHub/Pf_pipeline_dados/Projeto_final_fase3/venv/lib/python3.9/site-packages/airflow/example_dags/tutorial_objectstorage.py
[2025-11-27T14:58:51.047-0300] {processor.py:830} INFO - Processing file /Users/davispecia/Documents/GitHub/Pf_pipeline_dados/Projeto_final_fase3/venv/lib/python3.9/site-packages/airflow/example_dags/tutorial_objectstorage.py for tasks to queue
[2025-11-27T14:58:51.047-0300] {logging_mixin.py:188} INFO - [2025-11-27T14:58:51.047-0300] {dagbag.py:545} INFO - Filling up the DagBag from /Users/davispecia/Documents/GitHub/Pf_pipeline_dados/Projeto_final_fase3/venv/lib/python3.9/site-packages/airflow/example_dags/tutorial_objectstorage.py
[2025-11-27T14:58:51.085-0300] {processor.py:840} INFO - DAG(s) 'tutorial_objectstorage' retrieved from /Users/davispecia/Documents/GitHub/Pf_pipeline_dados/Projeto_final_fase3/venv/lib/python3.9/site-packages/airflow/example_dags/tutorial_objectstorage.py
[2025-11-27T14:58:51.152-0300] {logging_mixin.py:188} INFO - [2025-11-27T14:58:51.152-0300] {dag.py:3089} INFO - Sync 1 DAGs
[2025-11-27T14:58:51.157-0300] {logging_mixin.py:188} INFO - [2025-11-27T14:58:51.157-0300] {dag.py:3947} INFO - Setting next_dagrun for tutorial_objectstorage to None, run_after=None
[2025-11-27T14:58:51.166-0300] {processor.py:183} INFO - Processing /Users/davispecia/Documents/GitHub/Pf_pipeline_dados/Projeto_final_fase3/venv/lib/python3.9/site-packages/airflow/example_dags/tutorial_objectstorage.py took 0.122 seconds
[2025-11-27T14:59:54.312-0300] {processor.py:161} INFO - Started process (PID=11624) to work on /Users/davispecia/Documents/GitHub/Pf_pipeline_dados/Projeto_final_fase3/venv/lib/python3.9/site-packages/airflow/example_dags/tutorial_objectstorage.py
[2025-11-27T14:59:54.313-0300] {processor.py:830} INFO - Processing file /Users/davispecia/Documents/GitHub/Pf_pipeline_dados/Projeto_final_fase3/venv/lib/python3.9/site-packages/airflow/example_dags/tutorial_objectstorage.py for tasks to queue
[2025-11-27T14:59:54.313-0300] {logging_mixin.py:188} INFO - [2025-11-27T14:59:54.313-0300] {dagbag.py:545} INFO - Filling up the DagBag from /Users/davispecia/Documents/GitHub/Pf_pipeline_dados/Projeto_final_fase3/venv/lib/python3.9/site-packages/airflow/example_dags/tutorial_objectstorage.py
[2025-11-27T14:59:54.352-0300] {processor.py:840} INFO - DAG(s) 'tutorial_objectstorage' retrieved from /Users/davispecia/Documents/GitHub/Pf_pipeline_dados/Projeto_final_fase3/venv/lib/python3.9/site-packages/airflow/example_dags/tutorial_objectstorage.py
[2025-11-27T14:59:54.422-0300] {logging_mixin.py:188} INFO - [2025-11-27T14:59:54.422-0300] {dag.py:3089} INFO - Sync 1 DAGs
[2025-11-27T14:59:54.427-0300] {logging_mixin.py:188} INFO - [2025-11-27T14:59:54.427-0300] {dag.py:3947} INFO - Setting next_dagrun for tutorial_objectstorage to None, run_after=None
[2025-11-27T14:59:54.436-0300] {processor.py:183} INFO - Processing /Users/davispecia/Documents/GitHub/Pf_pipeline_dados/Projeto_final_fase3/venv/lib/python3.9/site-packages/airflow/example_dags/tutorial_objectstorage.py took 0.126 seconds
[2025-11-27T15:01:06.167-0300] {processor.py:161} INFO - Started process (PID=11854) to work on /Users/davispecia/Documents/GitHub/Pf_pipeline_dados/Projeto_final_fase3/venv/lib/python3.9/site-packages/airflow/example_dags/tutorial_objectstorage.py
[2025-11-27T15:01:06.168-0300] {processor.py:830} INFO - Processing file /Users/davispecia/Documents/GitHub/Pf_pipeline_dados/Projeto_final_fase3/venv/lib/python3.9/site-packages/airflow/example_dags/tutorial_objectstorage.py for tasks to queue
[2025-11-27T15:01:06.168-0300] {logging_mixin.py:188} INFO - [2025-11-27T15:01:06.168-0300] {dagbag.py:545} INFO - Filling up the DagBag from /Users/davispecia/Documents/GitHub/Pf_pipeline_dados/Projeto_final_fase3/venv/lib/python3.9/site-packages/airflow/example_dags/tutorial_objectstorage.py
[2025-11-27T15:01:06.208-0300] {processor.py:840} INFO - DAG(s) 'tutorial_objectstorage' retrieved from /Users/davispecia/Documents/GitHub/Pf_pipeline_dados/Projeto_final_fase3/venv/lib/python3.9/site-packages/airflow/example_dags/tutorial_objectstorage.py
[2025-11-27T15:01:06.277-0300] {logging_mixin.py:188} INFO - [2025-11-27T15:01:06.276-0300] {dag.py:3089} INFO - Sync 1 DAGs
[2025-11-27T15:01:06.281-0300] {logging_mixin.py:188} INFO - [2025-11-27T15:01:06.281-0300] {dag.py:3947} INFO - Setting next_dagrun for tutorial_objectstorage to None, run_after=None
[2025-11-27T15:01:06.290-0300] {processor.py:183} INFO - Processing /Users/davispecia/Documents/GitHub/Pf_pipeline_dados/Projeto_final_fase3/venv/lib/python3.9/site-packages/airflow/example_dags/tutorial_objectstorage.py took 0.124 seconds
[2025-11-27T15:02:08.979-0300] {processor.py:161} INFO - Started process (PID=12004) to work on /Users/davispecia/Documents/GitHub/Pf_pipeline_dados/Projeto_final_fase3/venv/lib/python3.9/site-packages/airflow/example_dags/tutorial_objectstorage.py
[2025-11-27T15:02:08.980-0300] {processor.py:830} INFO - Processing file /Users/davispecia/Documents/GitHub/Pf_pipeline_dados/Projeto_final_fase3/venv/lib/python3.9/site-packages/airflow/example_dags/tutorial_objectstorage.py for tasks to queue
[2025-11-27T15:02:08.980-0300] {logging_mixin.py:188} INFO - [2025-11-27T15:02:08.980-0300] {dagbag.py:545} INFO - Filling up the DagBag from /Users/davispecia/Documents/GitHub/Pf_pipeline_dados/Projeto_final_fase3/venv/lib/python3.9/site-packages/airflow/example_dags/tutorial_objectstorage.py
[2025-11-27T15:02:09.017-0300] {processor.py:840} INFO - DAG(s) 'tutorial_objectstorage' retrieved from /Users/davispecia/Documents/GitHub/Pf_pipeline_dados/Projeto_final_fase3/venv/lib/python3.9/site-packages/airflow/example_dags/tutorial_objectstorage.py
[2025-11-27T15:02:09.085-0300] {logging_mixin.py:188} INFO - [2025-11-27T15:02:09.085-0300] {dag.py:3089} INFO - Sync 1 DAGs
[2025-11-27T15:02:09.090-0300] {logging_mixin.py:188} INFO - [2025-11-27T15:02:09.090-0300] {dag.py:3947} INFO - Setting next_dagrun for tutorial_objectstorage to None, run_after=None
[2025-11-27T15:02:09.098-0300] {processor.py:183} INFO - Processing /Users/davispecia/Documents/GitHub/Pf_pipeline_dados/Projeto_final_fase3/venv/lib/python3.9/site-packages/airflow/example_dags/tutorial_objectstorage.py took 0.121 seconds
[2025-11-27T15:03:14.587-0300] {processor.py:161} INFO - Started process (PID=12163) to work on /Users/davispecia/Documents/GitHub/Pf_pipeline_dados/Projeto_final_fase3/venv/lib/python3.9/site-packages/airflow/example_dags/tutorial_objectstorage.py
[2025-11-27T15:03:14.587-0300] {processor.py:830} INFO - Processing file /Users/davispecia/Documents/GitHub/Pf_pipeline_dados/Projeto_final_fase3/venv/lib/python3.9/site-packages/airflow/example_dags/tutorial_objectstorage.py for tasks to queue
[2025-11-27T15:03:14.588-0300] {logging_mixin.py:188} INFO - [2025-11-27T15:03:14.588-0300] {dagbag.py:545} INFO - Filling up the DagBag from /Users/davispecia/Documents/GitHub/Pf_pipeline_dados/Projeto_final_fase3/venv/lib/python3.9/site-packages/airflow/example_dags/tutorial_objectstorage.py
[2025-11-27T15:03:14.627-0300] {processor.py:840} INFO - DAG(s) 'tutorial_objectstorage' retrieved from /Users/davispecia/Documents/GitHub/Pf_pipeline_dados/Projeto_final_fase3/venv/lib/python3.9/site-packages/airflow/example_dags/tutorial_objectstorage.py
[2025-11-27T15:03:14.695-0300] {logging_mixin.py:188} INFO - [2025-11-27T15:03:14.694-0300] {dag.py:3089} INFO - Sync 1 DAGs
[2025-11-27T15:03:14.699-0300] {logging_mixin.py:188} INFO - [2025-11-27T15:03:14.699-0300] {dag.py:3947} INFO - Setting next_dagrun for tutorial_objectstorage to None, run_after=None
[2025-11-27T15:03:14.708-0300] {processor.py:183} INFO - Processing /Users/davispecia/Documents/GitHub/Pf_pipeline_dados/Projeto_final_fase3/venv/lib/python3.9/site-packages/airflow/example_dags/tutorial_objectstorage.py took 0.123 seconds
[2025-11-27T15:04:16.267-0300] {processor.py:161} INFO - Started process (PID=12309) to work on /Users/davispecia/Documents/GitHub/Pf_pipeline_dados/Projeto_final_fase3/venv/lib/python3.9/site-packages/airflow/example_dags/tutorial_objectstorage.py
[2025-11-27T15:04:16.268-0300] {processor.py:830} INFO - Processing file /Users/davispecia/Documents/GitHub/Pf_pipeline_dados/Projeto_final_fase3/venv/lib/python3.9/site-packages/airflow/example_dags/tutorial_objectstorage.py for tasks to queue
[2025-11-27T15:04:16.268-0300] {logging_mixin.py:188} INFO - [2025-11-27T15:04:16.268-0300] {dagbag.py:545} INFO - Filling up the DagBag from /Users/davispecia/Documents/GitHub/Pf_pipeline_dados/Projeto_final_fase3/venv/lib/python3.9/site-packages/airflow/example_dags/tutorial_objectstorage.py
[2025-11-27T15:04:16.307-0300] {processor.py:840} INFO - DAG(s) 'tutorial_objectstorage' retrieved from /Users/davispecia/Documents/GitHub/Pf_pipeline_dados/Projeto_final_fase3/venv/lib/python3.9/site-packages/airflow/example_dags/tutorial_objectstorage.py
[2025-11-27T15:04:16.375-0300] {logging_mixin.py:188} INFO - [2025-11-27T15:04:16.375-0300] {dag.py:3089} INFO - Sync 1 DAGs
[2025-11-27T15:04:16.380-0300] {logging_mixin.py:188} INFO - [2025-11-27T15:04:16.380-0300] {dag.py:3947} INFO - Setting next_dagrun for tutorial_objectstorage to None, run_after=None
[2025-11-27T15:04:16.388-0300] {processor.py:183} INFO - Processing /Users/davispecia/Documents/GitHub/Pf_pipeline_dados/Projeto_final_fase3/venv/lib/python3.9/site-packages/airflow/example_dags/tutorial_objectstorage.py took 0.124 seconds
[2025-11-27T15:05:20.055-0300] {processor.py:161} INFO - Started process (PID=12461) to work on /Users/davispecia/Documents/GitHub/Pf_pipeline_dados/Projeto_final_fase3/venv/lib/python3.9/site-packages/airflow/example_dags/tutorial_objectstorage.py
[2025-11-27T15:05:20.056-0300] {processor.py:830} INFO - Processing file /Users/davispecia/Documents/GitHub/Pf_pipeline_dados/Projeto_final_fase3/venv/lib/python3.9/site-packages/airflow/example_dags/tutorial_objectstorage.py for tasks to queue
[2025-11-27T15:05:20.056-0300] {logging_mixin.py:188} INFO - [2025-11-27T15:05:20.056-0300] {dagbag.py:545} INFO - Filling up the DagBag from /Users/davispecia/Documents/GitHub/Pf_pipeline_dados/Projeto_final_fase3/venv/lib/python3.9/site-packages/airflow/example_dags/tutorial_objectstorage.py
[2025-11-27T15:05:20.096-0300] {processor.py:840} INFO - DAG(s) 'tutorial_objectstorage' retrieved from /Users/davispecia/Documents/GitHub/Pf_pipeline_dados/Projeto_final_fase3/venv/lib/python3.9/site-packages/airflow/example_dags/tutorial_objectstorage.py
[2025-11-27T15:05:20.169-0300] {logging_mixin.py:188} INFO - [2025-11-27T15:05:20.169-0300] {dag.py:3089} INFO - Sync 1 DAGs
[2025-11-27T15:05:20.174-0300] {logging_mixin.py:188} INFO - [2025-11-27T15:05:20.174-0300] {dag.py:3947} INFO - Setting next_dagrun for tutorial_objectstorage to None, run_after=None
[2025-11-27T15:05:20.184-0300] {processor.py:183} INFO - Processing /Users/davispecia/Documents/GitHub/Pf_pipeline_dados/Projeto_final_fase3/venv/lib/python3.9/site-packages/airflow/example_dags/tutorial_objectstorage.py took 0.131 seconds
[2025-11-27T15:06:23.152-0300] {processor.py:161} INFO - Started process (PID=12618) to work on /Users/davispecia/Documents/GitHub/Pf_pipeline_dados/Projeto_final_fase3/venv/lib/python3.9/site-packages/airflow/example_dags/tutorial_objectstorage.py
[2025-11-27T15:06:23.153-0300] {processor.py:830} INFO - Processing file /Users/davispecia/Documents/GitHub/Pf_pipeline_dados/Projeto_final_fase3/venv/lib/python3.9/site-packages/airflow/example_dags/tutorial_objectstorage.py for tasks to queue
[2025-11-27T15:06:23.153-0300] {logging_mixin.py:188} INFO - [2025-11-27T15:06:23.153-0300] {dagbag.py:545} INFO - Filling up the DagBag from /Users/davispecia/Documents/GitHub/Pf_pipeline_dados/Projeto_final_fase3/venv/lib/python3.9/site-packages/airflow/example_dags/tutorial_objectstorage.py
[2025-11-27T15:06:23.196-0300] {processor.py:840} INFO - DAG(s) 'tutorial_objectstorage' retrieved from /Users/davispecia/Documents/GitHub/Pf_pipeline_dados/Projeto_final_fase3/venv/lib/python3.9/site-packages/airflow/example_dags/tutorial_objectstorage.py
[2025-11-27T15:06:23.270-0300] {logging_mixin.py:188} INFO - [2025-11-27T15:06:23.270-0300] {dag.py:3089} INFO - Sync 1 DAGs
[2025-11-27T15:06:23.275-0300] {logging_mixin.py:188} INFO - [2025-11-27T15:06:23.275-0300] {dag.py:3947} INFO - Setting next_dagrun for tutorial_objectstorage to None, run_after=None
[2025-11-27T15:06:23.284-0300] {processor.py:183} INFO - Processing /Users/davispecia/Documents/GitHub/Pf_pipeline_dados/Projeto_final_fase3/venv/lib/python3.9/site-packages/airflow/example_dags/tutorial_objectstorage.py took 0.133 seconds
[2025-11-27T15:07:36.551-0300] {processor.py:161} INFO - Started process (PID=12844) to work on /Users/davispecia/Documents/GitHub/Pf_pipeline_dados/Projeto_final_fase3/venv/lib/python3.9/site-packages/airflow/example_dags/tutorial_objectstorage.py
[2025-11-27T15:07:36.553-0300] {processor.py:830} INFO - Processing file /Users/davispecia/Documents/GitHub/Pf_pipeline_dados/Projeto_final_fase3/venv/lib/python3.9/site-packages/airflow/example_dags/tutorial_objectstorage.py for tasks to queue
[2025-11-27T15:07:36.553-0300] {logging_mixin.py:188} INFO - [2025-11-27T15:07:36.553-0300] {dagbag.py:545} INFO - Filling up the DagBag from /Users/davispecia/Documents/GitHub/Pf_pipeline_dados/Projeto_final_fase3/venv/lib/python3.9/site-packages/airflow/example_dags/tutorial_objectstorage.py
[2025-11-27T15:07:36.590-0300] {processor.py:840} INFO - DAG(s) 'tutorial_objectstorage' retrieved from /Users/davispecia/Documents/GitHub/Pf_pipeline_dados/Projeto_final_fase3/venv/lib/python3.9/site-packages/airflow/example_dags/tutorial_objectstorage.py
[2025-11-27T15:07:36.659-0300] {logging_mixin.py:188} INFO - [2025-11-27T15:07:36.659-0300] {dag.py:3089} INFO - Sync 1 DAGs
[2025-11-27T15:07:36.664-0300] {logging_mixin.py:188} INFO - [2025-11-27T15:07:36.664-0300] {dag.py:3947} INFO - Setting next_dagrun for tutorial_objectstorage to None, run_after=None
[2025-11-27T15:07:36.672-0300] {processor.py:183} INFO - Processing /Users/davispecia/Documents/GitHub/Pf_pipeline_dados/Projeto_final_fase3/venv/lib/python3.9/site-packages/airflow/example_dags/tutorial_objectstorage.py took 0.123 seconds
[2025-11-27T15:08:38.810-0300] {processor.py:161} INFO - Started process (PID=12992) to work on /Users/davispecia/Documents/GitHub/Pf_pipeline_dados/Projeto_final_fase3/venv/lib/python3.9/site-packages/airflow/example_dags/tutorial_objectstorage.py
[2025-11-27T15:08:38.810-0300] {processor.py:830} INFO - Processing file /Users/davispecia/Documents/GitHub/Pf_pipeline_dados/Projeto_final_fase3/venv/lib/python3.9/site-packages/airflow/example_dags/tutorial_objectstorage.py for tasks to queue
[2025-11-27T15:08:38.811-0300] {logging_mixin.py:188} INFO - [2025-11-27T15:08:38.811-0300] {dagbag.py:545} INFO - Filling up the DagBag from /Users/davispecia/Documents/GitHub/Pf_pipeline_dados/Projeto_final_fase3/venv/lib/python3.9/site-packages/airflow/example_dags/tutorial_objectstorage.py
[2025-11-27T15:08:38.850-0300] {processor.py:840} INFO - DAG(s) 'tutorial_objectstorage' retrieved from /Users/davispecia/Documents/GitHub/Pf_pipeline_dados/Projeto_final_fase3/venv/lib/python3.9/site-packages/airflow/example_dags/tutorial_objectstorage.py
[2025-11-27T15:08:38.921-0300] {logging_mixin.py:188} INFO - [2025-11-27T15:08:38.921-0300] {dag.py:3089} INFO - Sync 1 DAGs
[2025-11-27T15:08:38.926-0300] {logging_mixin.py:188} INFO - [2025-11-27T15:08:38.926-0300] {dag.py:3947} INFO - Setting next_dagrun for tutorial_objectstorage to None, run_after=None
[2025-11-27T15:08:38.935-0300] {processor.py:183} INFO - Processing /Users/davispecia/Documents/GitHub/Pf_pipeline_dados/Projeto_final_fase3/venv/lib/python3.9/site-packages/airflow/example_dags/tutorial_objectstorage.py took 0.127 seconds
[2025-11-27T15:09:42.572-0300] {processor.py:161} INFO - Started process (PID=13148) to work on /Users/davispecia/Documents/GitHub/Pf_pipeline_dados/Projeto_final_fase3/venv/lib/python3.9/site-packages/airflow/example_dags/tutorial_objectstorage.py
[2025-11-27T15:09:42.573-0300] {processor.py:830} INFO - Processing file /Users/davispecia/Documents/GitHub/Pf_pipeline_dados/Projeto_final_fase3/venv/lib/python3.9/site-packages/airflow/example_dags/tutorial_objectstorage.py for tasks to queue
[2025-11-27T15:09:42.573-0300] {logging_mixin.py:188} INFO - [2025-11-27T15:09:42.573-0300] {dagbag.py:545} INFO - Filling up the DagBag from /Users/davispecia/Documents/GitHub/Pf_pipeline_dados/Projeto_final_fase3/venv/lib/python3.9/site-packages/airflow/example_dags/tutorial_objectstorage.py
[2025-11-27T15:09:42.615-0300] {processor.py:840} INFO - DAG(s) 'tutorial_objectstorage' retrieved from /Users/davispecia/Documents/GitHub/Pf_pipeline_dados/Projeto_final_fase3/venv/lib/python3.9/site-packages/airflow/example_dags/tutorial_objectstorage.py
[2025-11-27T15:09:42.687-0300] {logging_mixin.py:188} INFO - [2025-11-27T15:09:42.687-0300] {dag.py:3089} INFO - Sync 1 DAGs
[2025-11-27T15:09:42.692-0300] {logging_mixin.py:188} INFO - [2025-11-27T15:09:42.692-0300] {dag.py:3947} INFO - Setting next_dagrun for tutorial_objectstorage to None, run_after=None
[2025-11-27T15:09:42.700-0300] {processor.py:183} INFO - Processing /Users/davispecia/Documents/GitHub/Pf_pipeline_dados/Projeto_final_fase3/venv/lib/python3.9/site-packages/airflow/example_dags/tutorial_objectstorage.py took 0.130 seconds
[2025-11-27T15:10:45.552-0300] {processor.py:161} INFO - Started process (PID=13301) to work on /Users/davispecia/Documents/GitHub/Pf_pipeline_dados/Projeto_final_fase3/venv/lib/python3.9/site-packages/airflow/example_dags/tutorial_objectstorage.py
[2025-11-27T15:10:45.553-0300] {processor.py:830} INFO - Processing file /Users/davispecia/Documents/GitHub/Pf_pipeline_dados/Projeto_final_fase3/venv/lib/python3.9/site-packages/airflow/example_dags/tutorial_objectstorage.py for tasks to queue
[2025-11-27T15:10:45.553-0300] {logging_mixin.py:188} INFO - [2025-11-27T15:10:45.553-0300] {dagbag.py:545} INFO - Filling up the DagBag from /Users/davispecia/Documents/GitHub/Pf_pipeline_dados/Projeto_final_fase3/venv/lib/python3.9/site-packages/airflow/example_dags/tutorial_objectstorage.py
[2025-11-27T15:10:45.592-0300] {processor.py:840} INFO - DAG(s) 'tutorial_objectstorage' retrieved from /Users/davispecia/Documents/GitHub/Pf_pipeline_dados/Projeto_final_fase3/venv/lib/python3.9/site-packages/airflow/example_dags/tutorial_objectstorage.py
[2025-11-27T15:10:45.661-0300] {logging_mixin.py:188} INFO - [2025-11-27T15:10:45.661-0300] {dag.py:3089} INFO - Sync 1 DAGs
[2025-11-27T15:10:45.666-0300] {logging_mixin.py:188} INFO - [2025-11-27T15:10:45.665-0300] {dag.py:3947} INFO - Setting next_dagrun for tutorial_objectstorage to None, run_after=None
[2025-11-27T15:10:45.674-0300] {processor.py:183} INFO - Processing /Users/davispecia/Documents/GitHub/Pf_pipeline_dados/Projeto_final_fase3/venv/lib/python3.9/site-packages/airflow/example_dags/tutorial_objectstorage.py took 0.124 seconds
[2025-11-27T15:11:49.618-0300] {processor.py:161} INFO - Started process (PID=13505) to work on /Users/davispecia/Documents/GitHub/Pf_pipeline_dados/Projeto_final_fase3/venv/lib/python3.9/site-packages/airflow/example_dags/tutorial_objectstorage.py
[2025-11-27T15:11:49.619-0300] {processor.py:830} INFO - Processing file /Users/davispecia/Documents/GitHub/Pf_pipeline_dados/Projeto_final_fase3/venv/lib/python3.9/site-packages/airflow/example_dags/tutorial_objectstorage.py for tasks to queue
[2025-11-27T15:11:49.619-0300] {logging_mixin.py:188} INFO - [2025-11-27T15:11:49.619-0300] {dagbag.py:545} INFO - Filling up the DagBag from /Users/davispecia/Documents/GitHub/Pf_pipeline_dados/Projeto_final_fase3/venv/lib/python3.9/site-packages/airflow/example_dags/tutorial_objectstorage.py
[2025-11-27T15:11:49.667-0300] {processor.py:840} INFO - DAG(s) 'tutorial_objectstorage' retrieved from /Users/davispecia/Documents/GitHub/Pf_pipeline_dados/Projeto_final_fase3/venv/lib/python3.9/site-packages/airflow/example_dags/tutorial_objectstorage.py
[2025-11-27T15:11:49.751-0300] {logging_mixin.py:188} INFO - [2025-11-27T15:11:49.751-0300] {dag.py:3089} INFO - Sync 1 DAGs
[2025-11-27T15:11:49.758-0300] {logging_mixin.py:188} INFO - [2025-11-27T15:11:49.758-0300] {dag.py:3947} INFO - Setting next_dagrun for tutorial_objectstorage to None, run_after=None
[2025-11-27T15:11:49.769-0300] {processor.py:183} INFO - Processing /Users/davispecia/Documents/GitHub/Pf_pipeline_dados/Projeto_final_fase3/venv/lib/python3.9/site-packages/airflow/example_dags/tutorial_objectstorage.py took 0.153 seconds
[2025-11-27T15:13:01.422-0300] {processor.py:161} INFO - Started process (PID=13762) to work on /Users/davispecia/Documents/GitHub/Pf_pipeline_dados/Projeto_final_fase3/venv/lib/python3.9/site-packages/airflow/example_dags/tutorial_objectstorage.py
[2025-11-27T15:13:01.423-0300] {processor.py:830} INFO - Processing file /Users/davispecia/Documents/GitHub/Pf_pipeline_dados/Projeto_final_fase3/venv/lib/python3.9/site-packages/airflow/example_dags/tutorial_objectstorage.py for tasks to queue
[2025-11-27T15:13:01.423-0300] {logging_mixin.py:188} INFO - [2025-11-27T15:13:01.423-0300] {dagbag.py:545} INFO - Filling up the DagBag from /Users/davispecia/Documents/GitHub/Pf_pipeline_dados/Projeto_final_fase3/venv/lib/python3.9/site-packages/airflow/example_dags/tutorial_objectstorage.py
[2025-11-27T15:13:01.462-0300] {processor.py:840} INFO - DAG(s) 'tutorial_objectstorage' retrieved from /Users/davispecia/Documents/GitHub/Pf_pipeline_dados/Projeto_final_fase3/venv/lib/python3.9/site-packages/airflow/example_dags/tutorial_objectstorage.py
[2025-11-27T15:13:01.530-0300] {logging_mixin.py:188} INFO - [2025-11-27T15:13:01.530-0300] {dag.py:3089} INFO - Sync 1 DAGs
[2025-11-27T15:13:01.535-0300] {logging_mixin.py:188} INFO - [2025-11-27T15:13:01.534-0300] {dag.py:3947} INFO - Setting next_dagrun for tutorial_objectstorage to None, run_after=None
[2025-11-27T15:13:01.543-0300] {processor.py:183} INFO - Processing /Users/davispecia/Documents/GitHub/Pf_pipeline_dados/Projeto_final_fase3/venv/lib/python3.9/site-packages/airflow/example_dags/tutorial_objectstorage.py took 0.123 seconds
[2025-11-27T15:13:59.369-0300] {processor.py:161} INFO - Started process (PID=13917) to work on /Users/davispecia/Documents/GitHub/Pf_pipeline_dados/Projeto_final_fase3/venv/lib/python3.9/site-packages/airflow/example_dags/tutorial_objectstorage.py
[2025-11-27T15:13:59.370-0300] {processor.py:830} INFO - Processing file /Users/davispecia/Documents/GitHub/Pf_pipeline_dados/Projeto_final_fase3/venv/lib/python3.9/site-packages/airflow/example_dags/tutorial_objectstorage.py for tasks to queue
[2025-11-27T15:13:59.371-0300] {logging_mixin.py:188} INFO - [2025-11-27T15:13:59.370-0300] {dagbag.py:545} INFO - Filling up the DagBag from /Users/davispecia/Documents/GitHub/Pf_pipeline_dados/Projeto_final_fase3/venv/lib/python3.9/site-packages/airflow/example_dags/tutorial_objectstorage.py
[2025-11-27T15:13:59.408-0300] {processor.py:840} INFO - DAG(s) 'tutorial_objectstorage' retrieved from /Users/davispecia/Documents/GitHub/Pf_pipeline_dados/Projeto_final_fase3/venv/lib/python3.9/site-packages/airflow/example_dags/tutorial_objectstorage.py
[2025-11-27T15:13:59.476-0300] {logging_mixin.py:188} INFO - [2025-11-27T15:13:59.476-0300] {dag.py:3089} INFO - Sync 1 DAGs
[2025-11-27T15:13:59.480-0300] {logging_mixin.py:188} INFO - [2025-11-27T15:13:59.480-0300] {dag.py:3947} INFO - Setting next_dagrun for tutorial_objectstorage to None, run_after=None
[2025-11-27T15:13:59.489-0300] {processor.py:183} INFO - Processing /Users/davispecia/Documents/GitHub/Pf_pipeline_dados/Projeto_final_fase3/venv/lib/python3.9/site-packages/airflow/example_dags/tutorial_objectstorage.py took 0.122 seconds
[2025-11-27T15:14:57.804-0300] {processor.py:161} INFO - Started process (PID=14056) to work on /Users/davispecia/Documents/GitHub/Pf_pipeline_dados/Projeto_final_fase3/venv/lib/python3.9/site-packages/airflow/example_dags/tutorial_objectstorage.py
[2025-11-27T15:14:57.804-0300] {processor.py:830} INFO - Processing file /Users/davispecia/Documents/GitHub/Pf_pipeline_dados/Projeto_final_fase3/venv/lib/python3.9/site-packages/airflow/example_dags/tutorial_objectstorage.py for tasks to queue
[2025-11-27T15:14:57.805-0300] {logging_mixin.py:188} INFO - [2025-11-27T15:14:57.805-0300] {dagbag.py:545} INFO - Filling up the DagBag from /Users/davispecia/Documents/GitHub/Pf_pipeline_dados/Projeto_final_fase3/venv/lib/python3.9/site-packages/airflow/example_dags/tutorial_objectstorage.py
[2025-11-27T15:14:57.845-0300] {processor.py:840} INFO - DAG(s) 'tutorial_objectstorage' retrieved from /Users/davispecia/Documents/GitHub/Pf_pipeline_dados/Projeto_final_fase3/venv/lib/python3.9/site-packages/airflow/example_dags/tutorial_objectstorage.py
[2025-11-27T15:14:57.912-0300] {logging_mixin.py:188} INFO - [2025-11-27T15:14:57.912-0300] {dag.py:3089} INFO - Sync 1 DAGs
[2025-11-27T15:14:57.917-0300] {logging_mixin.py:188} INFO - [2025-11-27T15:14:57.917-0300] {dag.py:3947} INFO - Setting next_dagrun for tutorial_objectstorage to None, run_after=None
[2025-11-27T15:14:57.926-0300] {processor.py:183} INFO - Processing /Users/davispecia/Documents/GitHub/Pf_pipeline_dados/Projeto_final_fase3/venv/lib/python3.9/site-packages/airflow/example_dags/tutorial_objectstorage.py took 0.124 seconds
[2025-11-27T15:15:56.385-0300] {processor.py:161} INFO - Started process (PID=14196) to work on /Users/davispecia/Documents/GitHub/Pf_pipeline_dados/Projeto_final_fase3/venv/lib/python3.9/site-packages/airflow/example_dags/tutorial_objectstorage.py
[2025-11-27T15:15:56.386-0300] {processor.py:830} INFO - Processing file /Users/davispecia/Documents/GitHub/Pf_pipeline_dados/Projeto_final_fase3/venv/lib/python3.9/site-packages/airflow/example_dags/tutorial_objectstorage.py for tasks to queue
[2025-11-27T15:15:56.387-0300] {logging_mixin.py:188} INFO - [2025-11-27T15:15:56.386-0300] {dagbag.py:545} INFO - Filling up the DagBag from /Users/davispecia/Documents/GitHub/Pf_pipeline_dados/Projeto_final_fase3/venv/lib/python3.9/site-packages/airflow/example_dags/tutorial_objectstorage.py
[2025-11-27T15:15:56.427-0300] {processor.py:840} INFO - DAG(s) 'tutorial_objectstorage' retrieved from /Users/davispecia/Documents/GitHub/Pf_pipeline_dados/Projeto_final_fase3/venv/lib/python3.9/site-packages/airflow/example_dags/tutorial_objectstorage.py
[2025-11-27T15:15:56.494-0300] {logging_mixin.py:188} INFO - [2025-11-27T15:15:56.494-0300] {dag.py:3089} INFO - Sync 1 DAGs
[2025-11-27T15:15:56.499-0300] {logging_mixin.py:188} INFO - [2025-11-27T15:15:56.498-0300] {dag.py:3947} INFO - Setting next_dagrun for tutorial_objectstorage to None, run_after=None
[2025-11-27T15:15:56.507-0300] {processor.py:183} INFO - Processing /Users/davispecia/Documents/GitHub/Pf_pipeline_dados/Projeto_final_fase3/venv/lib/python3.9/site-packages/airflow/example_dags/tutorial_objectstorage.py took 0.124 seconds
[2025-11-27T15:16:57.979-0300] {processor.py:161} INFO - Started process (PID=14349) to work on /Users/davispecia/Documents/GitHub/Pf_pipeline_dados/Projeto_final_fase3/venv/lib/python3.9/site-packages/airflow/example_dags/tutorial_objectstorage.py
[2025-11-27T15:16:57.980-0300] {processor.py:830} INFO - Processing file /Users/davispecia/Documents/GitHub/Pf_pipeline_dados/Projeto_final_fase3/venv/lib/python3.9/site-packages/airflow/example_dags/tutorial_objectstorage.py for tasks to queue
[2025-11-27T15:16:57.981-0300] {logging_mixin.py:188} INFO - [2025-11-27T15:16:57.981-0300] {dagbag.py:545} INFO - Filling up the DagBag from /Users/davispecia/Documents/GitHub/Pf_pipeline_dados/Projeto_final_fase3/venv/lib/python3.9/site-packages/airflow/example_dags/tutorial_objectstorage.py
[2025-11-27T15:16:58.021-0300] {processor.py:840} INFO - DAG(s) 'tutorial_objectstorage' retrieved from /Users/davispecia/Documents/GitHub/Pf_pipeline_dados/Projeto_final_fase3/venv/lib/python3.9/site-packages/airflow/example_dags/tutorial_objectstorage.py
[2025-11-27T15:16:58.088-0300] {logging_mixin.py:188} INFO - [2025-11-27T15:16:58.088-0300] {dag.py:3089} INFO - Sync 1 DAGs
[2025-11-27T15:16:58.093-0300] {logging_mixin.py:188} INFO - [2025-11-27T15:16:58.093-0300] {dag.py:3947} INFO - Setting next_dagrun for tutorial_objectstorage to None, run_after=None
[2025-11-27T15:16:58.102-0300] {processor.py:183} INFO - Processing /Users/davispecia/Documents/GitHub/Pf_pipeline_dados/Projeto_final_fase3/venv/lib/python3.9/site-packages/airflow/example_dags/tutorial_objectstorage.py took 0.124 seconds
[2025-11-27T15:18:09.011-0300] {processor.py:161} INFO - Started process (PID=14589) to work on /Users/davispecia/Documents/GitHub/Pf_pipeline_dados/Projeto_final_fase3/venv/lib/python3.9/site-packages/airflow/example_dags/tutorial_objectstorage.py
[2025-11-27T15:18:09.012-0300] {processor.py:830} INFO - Processing file /Users/davispecia/Documents/GitHub/Pf_pipeline_dados/Projeto_final_fase3/venv/lib/python3.9/site-packages/airflow/example_dags/tutorial_objectstorage.py for tasks to queue
[2025-11-27T15:18:09.012-0300] {logging_mixin.py:188} INFO - [2025-11-27T15:18:09.012-0300] {dagbag.py:545} INFO - Filling up the DagBag from /Users/davispecia/Documents/GitHub/Pf_pipeline_dados/Projeto_final_fase3/venv/lib/python3.9/site-packages/airflow/example_dags/tutorial_objectstorage.py
[2025-11-27T15:18:09.051-0300] {processor.py:840} INFO - DAG(s) 'tutorial_objectstorage' retrieved from /Users/davispecia/Documents/GitHub/Pf_pipeline_dados/Projeto_final_fase3/venv/lib/python3.9/site-packages/airflow/example_dags/tutorial_objectstorage.py
[2025-11-27T15:18:09.119-0300] {logging_mixin.py:188} INFO - [2025-11-27T15:18:09.119-0300] {dag.py:3089} INFO - Sync 1 DAGs
[2025-11-27T15:18:09.124-0300] {logging_mixin.py:188} INFO - [2025-11-27T15:18:09.124-0300] {dag.py:3947} INFO - Setting next_dagrun for tutorial_objectstorage to None, run_after=None
[2025-11-27T15:18:09.133-0300] {processor.py:183} INFO - Processing /Users/davispecia/Documents/GitHub/Pf_pipeline_dados/Projeto_final_fase3/venv/lib/python3.9/site-packages/airflow/example_dags/tutorial_objectstorage.py took 0.124 seconds
[2025-11-27T15:19:06.351-0300] {processor.py:161} INFO - Started process (PID=14727) to work on /Users/davispecia/Documents/GitHub/Pf_pipeline_dados/Projeto_final_fase3/venv/lib/python3.9/site-packages/airflow/example_dags/tutorial_objectstorage.py
[2025-11-27T15:19:06.352-0300] {processor.py:830} INFO - Processing file /Users/davispecia/Documents/GitHub/Pf_pipeline_dados/Projeto_final_fase3/venv/lib/python3.9/site-packages/airflow/example_dags/tutorial_objectstorage.py for tasks to queue
[2025-11-27T15:19:06.352-0300] {logging_mixin.py:188} INFO - [2025-11-27T15:19:06.352-0300] {dagbag.py:545} INFO - Filling up the DagBag from /Users/davispecia/Documents/GitHub/Pf_pipeline_dados/Projeto_final_fase3/venv/lib/python3.9/site-packages/airflow/example_dags/tutorial_objectstorage.py
[2025-11-27T15:19:06.390-0300] {processor.py:840} INFO - DAG(s) 'tutorial_objectstorage' retrieved from /Users/davispecia/Documents/GitHub/Pf_pipeline_dados/Projeto_final_fase3/venv/lib/python3.9/site-packages/airflow/example_dags/tutorial_objectstorage.py
[2025-11-27T15:19:06.458-0300] {logging_mixin.py:188} INFO - [2025-11-27T15:19:06.458-0300] {dag.py:3089} INFO - Sync 1 DAGs
[2025-11-27T15:19:06.462-0300] {logging_mixin.py:188} INFO - [2025-11-27T15:19:06.462-0300] {dag.py:3947} INFO - Setting next_dagrun for tutorial_objectstorage to None, run_after=None
[2025-11-27T15:19:06.471-0300] {processor.py:183} INFO - Processing /Users/davispecia/Documents/GitHub/Pf_pipeline_dados/Projeto_final_fase3/venv/lib/python3.9/site-packages/airflow/example_dags/tutorial_objectstorage.py took 0.122 seconds
[2025-11-27T15:23:39.678-0300] {processor.py:161} INFO - Started process (PID=14901) to work on /Users/davispecia/Documents/GitHub/Pf_pipeline_dados/Projeto_final_fase3/venv/lib/python3.9/site-packages/airflow/example_dags/tutorial_objectstorage.py
[2025-11-27T15:23:39.680-0300] {processor.py:830} INFO - Processing file /Users/davispecia/Documents/GitHub/Pf_pipeline_dados/Projeto_final_fase3/venv/lib/python3.9/site-packages/airflow/example_dags/tutorial_objectstorage.py for tasks to queue
[2025-11-27T15:23:39.681-0300] {logging_mixin.py:188} INFO - [2025-11-27T15:23:39.681-0300] {dagbag.py:545} INFO - Filling up the DagBag from /Users/davispecia/Documents/GitHub/Pf_pipeline_dados/Projeto_final_fase3/venv/lib/python3.9/site-packages/airflow/example_dags/tutorial_objectstorage.py
[2025-11-27T15:23:39.737-0300] {processor.py:840} INFO - DAG(s) 'tutorial_objectstorage' retrieved from /Users/davispecia/Documents/GitHub/Pf_pipeline_dados/Projeto_final_fase3/venv/lib/python3.9/site-packages/airflow/example_dags/tutorial_objectstorage.py
[2025-11-27T15:23:39.831-0300] {logging_mixin.py:188} INFO - [2025-11-27T15:23:39.831-0300] {dag.py:3089} INFO - Sync 1 DAGs
[2025-11-27T15:23:39.837-0300] {logging_mixin.py:188} INFO - [2025-11-27T15:23:39.837-0300] {dag.py:3947} INFO - Setting next_dagrun for tutorial_objectstorage to None, run_after=None
[2025-11-27T15:23:39.849-0300] {processor.py:183} INFO - Processing /Users/davispecia/Documents/GitHub/Pf_pipeline_dados/Projeto_final_fase3/venv/lib/python3.9/site-packages/airflow/example_dags/tutorial_objectstorage.py took 0.175 seconds
[2025-11-27T15:24:53.303-0300] {processor.py:161} INFO - Started process (PID=15165) to work on /Users/davispecia/Documents/GitHub/Pf_pipeline_dados/Projeto_final_fase3/venv/lib/python3.9/site-packages/airflow/example_dags/tutorial_objectstorage.py
[2025-11-27T15:24:53.304-0300] {processor.py:830} INFO - Processing file /Users/davispecia/Documents/GitHub/Pf_pipeline_dados/Projeto_final_fase3/venv/lib/python3.9/site-packages/airflow/example_dags/tutorial_objectstorage.py for tasks to queue
[2025-11-27T15:24:53.304-0300] {logging_mixin.py:188} INFO - [2025-11-27T15:24:53.304-0300] {dagbag.py:545} INFO - Filling up the DagBag from /Users/davispecia/Documents/GitHub/Pf_pipeline_dados/Projeto_final_fase3/venv/lib/python3.9/site-packages/airflow/example_dags/tutorial_objectstorage.py
[2025-11-27T15:24:53.345-0300] {processor.py:840} INFO - DAG(s) 'tutorial_objectstorage' retrieved from /Users/davispecia/Documents/GitHub/Pf_pipeline_dados/Projeto_final_fase3/venv/lib/python3.9/site-packages/airflow/example_dags/tutorial_objectstorage.py
[2025-11-27T15:24:53.415-0300] {logging_mixin.py:188} INFO - [2025-11-27T15:24:53.415-0300] {dag.py:3089} INFO - Sync 1 DAGs
[2025-11-27T15:24:53.420-0300] {logging_mixin.py:188} INFO - [2025-11-27T15:24:53.420-0300] {dag.py:3947} INFO - Setting next_dagrun for tutorial_objectstorage to None, run_after=None
[2025-11-27T15:24:53.429-0300] {processor.py:183} INFO - Processing /Users/davispecia/Documents/GitHub/Pf_pipeline_dados/Projeto_final_fase3/venv/lib/python3.9/site-packages/airflow/example_dags/tutorial_objectstorage.py took 0.128 seconds
[2025-11-27T15:25:55.509-0300] {processor.py:161} INFO - Started process (PID=15322) to work on /Users/davispecia/Documents/GitHub/Pf_pipeline_dados/Projeto_final_fase3/venv/lib/python3.9/site-packages/airflow/example_dags/tutorial_objectstorage.py
[2025-11-27T15:25:55.510-0300] {processor.py:830} INFO - Processing file /Users/davispecia/Documents/GitHub/Pf_pipeline_dados/Projeto_final_fase3/venv/lib/python3.9/site-packages/airflow/example_dags/tutorial_objectstorage.py for tasks to queue
[2025-11-27T15:25:55.510-0300] {logging_mixin.py:188} INFO - [2025-11-27T15:25:55.510-0300] {dagbag.py:545} INFO - Filling up the DagBag from /Users/davispecia/Documents/GitHub/Pf_pipeline_dados/Projeto_final_fase3/venv/lib/python3.9/site-packages/airflow/example_dags/tutorial_objectstorage.py
[2025-11-27T15:25:55.547-0300] {processor.py:840} INFO - DAG(s) 'tutorial_objectstorage' retrieved from /Users/davispecia/Documents/GitHub/Pf_pipeline_dados/Projeto_final_fase3/venv/lib/python3.9/site-packages/airflow/example_dags/tutorial_objectstorage.py
[2025-11-27T15:25:55.616-0300] {logging_mixin.py:188} INFO - [2025-11-27T15:25:55.616-0300] {dag.py:3089} INFO - Sync 1 DAGs
[2025-11-27T15:25:55.621-0300] {logging_mixin.py:188} INFO - [2025-11-27T15:25:55.621-0300] {dag.py:3947} INFO - Setting next_dagrun for tutorial_objectstorage to None, run_after=None
[2025-11-27T15:25:55.630-0300] {processor.py:183} INFO - Processing /Users/davispecia/Documents/GitHub/Pf_pipeline_dados/Projeto_final_fase3/venv/lib/python3.9/site-packages/airflow/example_dags/tutorial_objectstorage.py took 0.123 seconds
