[2025-11-27T11:11:53.949-0300] {processor.py:161} INFO - Started process (PID=88759) to work on /Users/davispecia/Documents/GitHub/Pf_pipeline_dados/Projeto_final_fase3/venv/lib/python3.9/site-packages/airflow/example_dags/tutorial_taskflow_api.py
[2025-11-27T11:11:53.949-0300] {processor.py:830} INFO - Processing file /Users/davispecia/Documents/GitHub/Pf_pipeline_dados/Projeto_final_fase3/venv/lib/python3.9/site-packages/airflow/example_dags/tutorial_taskflow_api.py for tasks to queue
[2025-11-27T11:11:53.949-0300] {logging_mixin.py:188} INFO - [2025-11-27T11:11:53.949-0300] {dagbag.py:545} INFO - Filling up the DagBag from /Users/davispecia/Documents/GitHub/Pf_pipeline_dados/Projeto_final_fase3/venv/lib/python3.9/site-packages/airflow/example_dags/tutorial_taskflow_api.py
[2025-11-27T11:11:53.968-0300] {processor.py:840} INFO - DAG(s) 'tutorial_taskflow_api' retrieved from /Users/davispecia/Documents/GitHub/Pf_pipeline_dados/Projeto_final_fase3/venv/lib/python3.9/site-packages/airflow/example_dags/tutorial_taskflow_api.py
[2025-11-27T11:11:54.096-0300] {logging_mixin.py:188} INFO - [2025-11-27T11:11:54.096-0300] {override.py:1858} INFO - Created Permission View: can read on DAG:tutorial_taskflow_api
[2025-11-27T11:11:54.100-0300] {logging_mixin.py:188} INFO - [2025-11-27T11:11:54.100-0300] {override.py:1858} INFO - Created Permission View: can edit on DAG:tutorial_taskflow_api
[2025-11-27T11:11:54.102-0300] {logging_mixin.py:188} INFO - [2025-11-27T11:11:54.102-0300] {override.py:1858} INFO - Created Permission View: can delete on DAG:tutorial_taskflow_api
[2025-11-27T11:11:54.103-0300] {logging_mixin.py:188} INFO - [2025-11-27T11:11:54.102-0300] {dag.py:3089} INFO - Sync 1 DAGs
[2025-11-27T11:11:54.107-0300] {logging_mixin.py:188} INFO - [2025-11-27T11:11:54.107-0300] {dag.py:3111} INFO - Creating ORM DAG for tutorial_taskflow_api
[2025-11-27T11:11:54.108-0300] {logging_mixin.py:188} INFO - [2025-11-27T11:11:54.108-0300] {dag.py:3947} INFO - Setting next_dagrun for tutorial_taskflow_api to None, run_after=None
[2025-11-27T11:11:54.116-0300] {processor.py:183} INFO - Processing /Users/davispecia/Documents/GitHub/Pf_pipeline_dados/Projeto_final_fase3/venv/lib/python3.9/site-packages/airflow/example_dags/tutorial_taskflow_api.py took 0.170 seconds
[2025-11-27T11:13:39.869-0300] {processor.py:161} INFO - Started process (PID=89136) to work on /Users/davispecia/Documents/GitHub/Pf_pipeline_dados/Projeto_final_fase3/venv/lib/python3.9/site-packages/airflow/example_dags/tutorial_taskflow_api.py
[2025-11-27T11:13:39.870-0300] {processor.py:830} INFO - Processing file /Users/davispecia/Documents/GitHub/Pf_pipeline_dados/Projeto_final_fase3/venv/lib/python3.9/site-packages/airflow/example_dags/tutorial_taskflow_api.py for tasks to queue
[2025-11-27T11:13:39.871-0300] {logging_mixin.py:188} INFO - [2025-11-27T11:13:39.871-0300] {dagbag.py:545} INFO - Filling up the DagBag from /Users/davispecia/Documents/GitHub/Pf_pipeline_dados/Projeto_final_fase3/venv/lib/python3.9/site-packages/airflow/example_dags/tutorial_taskflow_api.py
[2025-11-27T11:13:39.889-0300] {processor.py:840} INFO - DAG(s) 'tutorial_taskflow_api' retrieved from /Users/davispecia/Documents/GitHub/Pf_pipeline_dados/Projeto_final_fase3/venv/lib/python3.9/site-packages/airflow/example_dags/tutorial_taskflow_api.py
[2025-11-27T11:13:39.966-0300] {logging_mixin.py:188} INFO - [2025-11-27T11:13:39.966-0300] {dag.py:3089} INFO - Sync 1 DAGs
[2025-11-27T11:13:39.971-0300] {logging_mixin.py:188} INFO - [2025-11-27T11:13:39.971-0300] {dag.py:3947} INFO - Setting next_dagrun for tutorial_taskflow_api to None, run_after=None
[2025-11-27T11:13:39.981-0300] {processor.py:183} INFO - Processing /Users/davispecia/Documents/GitHub/Pf_pipeline_dados/Projeto_final_fase3/venv/lib/python3.9/site-packages/airflow/example_dags/tutorial_taskflow_api.py took 0.114 seconds
[2025-11-27T11:14:41.413-0300] {processor.py:161} INFO - Started process (PID=90061) to work on /Users/davispecia/Documents/GitHub/Pf_pipeline_dados/Projeto_final_fase3/venv/lib/python3.9/site-packages/airflow/example_dags/tutorial_taskflow_api.py
[2025-11-27T11:14:41.414-0300] {processor.py:830} INFO - Processing file /Users/davispecia/Documents/GitHub/Pf_pipeline_dados/Projeto_final_fase3/venv/lib/python3.9/site-packages/airflow/example_dags/tutorial_taskflow_api.py for tasks to queue
[2025-11-27T11:14:41.414-0300] {logging_mixin.py:188} INFO - [2025-11-27T11:14:41.414-0300] {dagbag.py:545} INFO - Filling up the DagBag from /Users/davispecia/Documents/GitHub/Pf_pipeline_dados/Projeto_final_fase3/venv/lib/python3.9/site-packages/airflow/example_dags/tutorial_taskflow_api.py
[2025-11-27T11:14:41.434-0300] {processor.py:840} INFO - DAG(s) 'tutorial_taskflow_api' retrieved from /Users/davispecia/Documents/GitHub/Pf_pipeline_dados/Projeto_final_fase3/venv/lib/python3.9/site-packages/airflow/example_dags/tutorial_taskflow_api.py
[2025-11-27T11:14:41.511-0300] {logging_mixin.py:188} INFO - [2025-11-27T11:14:41.511-0300] {dag.py:3089} INFO - Sync 1 DAGs
[2025-11-27T11:14:41.518-0300] {logging_mixin.py:188} INFO - [2025-11-27T11:14:41.518-0300] {dag.py:3947} INFO - Setting next_dagrun for tutorial_taskflow_api to None, run_after=None
[2025-11-27T11:14:41.527-0300] {processor.py:183} INFO - Processing /Users/davispecia/Documents/GitHub/Pf_pipeline_dados/Projeto_final_fase3/venv/lib/python3.9/site-packages/airflow/example_dags/tutorial_taskflow_api.py took 0.116 seconds
[2025-11-27T11:17:03.584-0300] {processor.py:161} INFO - Started process (PID=90926) to work on /Users/davispecia/Documents/GitHub/Pf_pipeline_dados/Projeto_final_fase3/venv/lib/python3.9/site-packages/airflow/example_dags/tutorial_taskflow_api.py
[2025-11-27T11:17:03.585-0300] {processor.py:830} INFO - Processing file /Users/davispecia/Documents/GitHub/Pf_pipeline_dados/Projeto_final_fase3/venv/lib/python3.9/site-packages/airflow/example_dags/tutorial_taskflow_api.py for tasks to queue
[2025-11-27T11:17:03.585-0300] {logging_mixin.py:188} INFO - [2025-11-27T11:17:03.585-0300] {dagbag.py:545} INFO - Filling up the DagBag from /Users/davispecia/Documents/GitHub/Pf_pipeline_dados/Projeto_final_fase3/venv/lib/python3.9/site-packages/airflow/example_dags/tutorial_taskflow_api.py
[2025-11-27T11:17:03.608-0300] {processor.py:840} INFO - DAG(s) 'tutorial_taskflow_api' retrieved from /Users/davispecia/Documents/GitHub/Pf_pipeline_dados/Projeto_final_fase3/venv/lib/python3.9/site-packages/airflow/example_dags/tutorial_taskflow_api.py
[2025-11-27T11:17:03.686-0300] {logging_mixin.py:188} INFO - [2025-11-27T11:17:03.686-0300] {dag.py:3089} INFO - Sync 1 DAGs
[2025-11-27T11:17:03.692-0300] {logging_mixin.py:188} INFO - [2025-11-27T11:17:03.692-0300] {dag.py:3947} INFO - Setting next_dagrun for tutorial_taskflow_api to None, run_after=None
[2025-11-27T11:17:03.703-0300] {processor.py:183} INFO - Processing /Users/davispecia/Documents/GitHub/Pf_pipeline_dados/Projeto_final_fase3/venv/lib/python3.9/site-packages/airflow/example_dags/tutorial_taskflow_api.py took 0.122 seconds
[2025-11-27T11:18:07.985-0300] {processor.py:161} INFO - Started process (PID=91088) to work on /Users/davispecia/Documents/GitHub/Pf_pipeline_dados/Projeto_final_fase3/venv/lib/python3.9/site-packages/airflow/example_dags/tutorial_taskflow_api.py
[2025-11-27T11:18:07.985-0300] {processor.py:830} INFO - Processing file /Users/davispecia/Documents/GitHub/Pf_pipeline_dados/Projeto_final_fase3/venv/lib/python3.9/site-packages/airflow/example_dags/tutorial_taskflow_api.py for tasks to queue
[2025-11-27T11:18:07.986-0300] {logging_mixin.py:188} INFO - [2025-11-27T11:18:07.986-0300] {dagbag.py:545} INFO - Filling up the DagBag from /Users/davispecia/Documents/GitHub/Pf_pipeline_dados/Projeto_final_fase3/venv/lib/python3.9/site-packages/airflow/example_dags/tutorial_taskflow_api.py
[2025-11-27T11:18:08.004-0300] {processor.py:840} INFO - DAG(s) 'tutorial_taskflow_api' retrieved from /Users/davispecia/Documents/GitHub/Pf_pipeline_dados/Projeto_final_fase3/venv/lib/python3.9/site-packages/airflow/example_dags/tutorial_taskflow_api.py
[2025-11-27T11:18:08.076-0300] {logging_mixin.py:188} INFO - [2025-11-27T11:18:08.076-0300] {dag.py:3089} INFO - Sync 1 DAGs
[2025-11-27T11:18:08.083-0300] {logging_mixin.py:188} INFO - [2025-11-27T11:18:08.082-0300] {dag.py:3947} INFO - Setting next_dagrun for tutorial_taskflow_api to None, run_after=None
[2025-11-27T11:18:08.091-0300] {processor.py:183} INFO - Processing /Users/davispecia/Documents/GitHub/Pf_pipeline_dados/Projeto_final_fase3/venv/lib/python3.9/site-packages/airflow/example_dags/tutorial_taskflow_api.py took 0.109 seconds
[2025-11-27T11:19:22.738-0300] {processor.py:161} INFO - Started process (PID=91323) to work on /Users/davispecia/Documents/GitHub/Pf_pipeline_dados/Projeto_final_fase3/venv/lib/python3.9/site-packages/airflow/example_dags/tutorial_taskflow_api.py
[2025-11-27T11:19:22.739-0300] {processor.py:830} INFO - Processing file /Users/davispecia/Documents/GitHub/Pf_pipeline_dados/Projeto_final_fase3/venv/lib/python3.9/site-packages/airflow/example_dags/tutorial_taskflow_api.py for tasks to queue
[2025-11-27T11:19:22.739-0300] {logging_mixin.py:188} INFO - [2025-11-27T11:19:22.739-0300] {dagbag.py:545} INFO - Filling up the DagBag from /Users/davispecia/Documents/GitHub/Pf_pipeline_dados/Projeto_final_fase3/venv/lib/python3.9/site-packages/airflow/example_dags/tutorial_taskflow_api.py
[2025-11-27T11:19:22.759-0300] {processor.py:840} INFO - DAG(s) 'tutorial_taskflow_api' retrieved from /Users/davispecia/Documents/GitHub/Pf_pipeline_dados/Projeto_final_fase3/venv/lib/python3.9/site-packages/airflow/example_dags/tutorial_taskflow_api.py
[2025-11-27T11:19:22.841-0300] {logging_mixin.py:188} INFO - [2025-11-27T11:19:22.840-0300] {dag.py:3089} INFO - Sync 1 DAGs
[2025-11-27T11:19:22.847-0300] {logging_mixin.py:188} INFO - [2025-11-27T11:19:22.847-0300] {dag.py:3947} INFO - Setting next_dagrun for tutorial_taskflow_api to None, run_after=None
[2025-11-27T11:19:22.858-0300] {processor.py:183} INFO - Processing /Users/davispecia/Documents/GitHub/Pf_pipeline_dados/Projeto_final_fase3/venv/lib/python3.9/site-packages/airflow/example_dags/tutorial_taskflow_api.py took 0.122 seconds
[2025-11-27T11:20:24.389-0300] {processor.py:161} INFO - Started process (PID=91474) to work on /Users/davispecia/Documents/GitHub/Pf_pipeline_dados/Projeto_final_fase3/venv/lib/python3.9/site-packages/airflow/example_dags/tutorial_taskflow_api.py
[2025-11-27T11:20:24.390-0300] {processor.py:830} INFO - Processing file /Users/davispecia/Documents/GitHub/Pf_pipeline_dados/Projeto_final_fase3/venv/lib/python3.9/site-packages/airflow/example_dags/tutorial_taskflow_api.py for tasks to queue
[2025-11-27T11:20:24.390-0300] {logging_mixin.py:188} INFO - [2025-11-27T11:20:24.390-0300] {dagbag.py:545} INFO - Filling up the DagBag from /Users/davispecia/Documents/GitHub/Pf_pipeline_dados/Projeto_final_fase3/venv/lib/python3.9/site-packages/airflow/example_dags/tutorial_taskflow_api.py
[2025-11-27T11:20:24.409-0300] {processor.py:840} INFO - DAG(s) 'tutorial_taskflow_api' retrieved from /Users/davispecia/Documents/GitHub/Pf_pipeline_dados/Projeto_final_fase3/venv/lib/python3.9/site-packages/airflow/example_dags/tutorial_taskflow_api.py
[2025-11-27T11:20:24.485-0300] {logging_mixin.py:188} INFO - [2025-11-27T11:20:24.485-0300] {dag.py:3089} INFO - Sync 1 DAGs
[2025-11-27T11:20:24.491-0300] {logging_mixin.py:188} INFO - [2025-11-27T11:20:24.491-0300] {dag.py:3947} INFO - Setting next_dagrun for tutorial_taskflow_api to None, run_after=None
[2025-11-27T11:20:24.501-0300] {processor.py:183} INFO - Processing /Users/davispecia/Documents/GitHub/Pf_pipeline_dados/Projeto_final_fase3/venv/lib/python3.9/site-packages/airflow/example_dags/tutorial_taskflow_api.py took 0.114 seconds
[2025-11-27T11:21:27.220-0300] {processor.py:161} INFO - Started process (PID=91634) to work on /Users/davispecia/Documents/GitHub/Pf_pipeline_dados/Projeto_final_fase3/venv/lib/python3.9/site-packages/airflow/example_dags/tutorial_taskflow_api.py
[2025-11-27T11:21:27.220-0300] {processor.py:830} INFO - Processing file /Users/davispecia/Documents/GitHub/Pf_pipeline_dados/Projeto_final_fase3/venv/lib/python3.9/site-packages/airflow/example_dags/tutorial_taskflow_api.py for tasks to queue
[2025-11-27T11:21:27.221-0300] {logging_mixin.py:188} INFO - [2025-11-27T11:21:27.221-0300] {dagbag.py:545} INFO - Filling up the DagBag from /Users/davispecia/Documents/GitHub/Pf_pipeline_dados/Projeto_final_fase3/venv/lib/python3.9/site-packages/airflow/example_dags/tutorial_taskflow_api.py
[2025-11-27T11:21:27.241-0300] {processor.py:840} INFO - DAG(s) 'tutorial_taskflow_api' retrieved from /Users/davispecia/Documents/GitHub/Pf_pipeline_dados/Projeto_final_fase3/venv/lib/python3.9/site-packages/airflow/example_dags/tutorial_taskflow_api.py
[2025-11-27T11:21:27.319-0300] {logging_mixin.py:188} INFO - [2025-11-27T11:21:27.318-0300] {dag.py:3089} INFO - Sync 1 DAGs
[2025-11-27T11:21:27.324-0300] {logging_mixin.py:188} INFO - [2025-11-27T11:21:27.324-0300] {dag.py:3947} INFO - Setting next_dagrun for tutorial_taskflow_api to None, run_after=None
[2025-11-27T11:21:27.334-0300] {processor.py:183} INFO - Processing /Users/davispecia/Documents/GitHub/Pf_pipeline_dados/Projeto_final_fase3/venv/lib/python3.9/site-packages/airflow/example_dags/tutorial_taskflow_api.py took 0.116 seconds
[2025-11-27T11:22:27.830-0300] {processor.py:161} INFO - Started process (PID=91780) to work on /Users/davispecia/Documents/GitHub/Pf_pipeline_dados/Projeto_final_fase3/venv/lib/python3.9/site-packages/airflow/example_dags/tutorial_taskflow_api.py
[2025-11-27T11:22:27.831-0300] {processor.py:830} INFO - Processing file /Users/davispecia/Documents/GitHub/Pf_pipeline_dados/Projeto_final_fase3/venv/lib/python3.9/site-packages/airflow/example_dags/tutorial_taskflow_api.py for tasks to queue
[2025-11-27T11:22:27.831-0300] {logging_mixin.py:188} INFO - [2025-11-27T11:22:27.831-0300] {dagbag.py:545} INFO - Filling up the DagBag from /Users/davispecia/Documents/GitHub/Pf_pipeline_dados/Projeto_final_fase3/venv/lib/python3.9/site-packages/airflow/example_dags/tutorial_taskflow_api.py
[2025-11-27T11:22:27.849-0300] {processor.py:840} INFO - DAG(s) 'tutorial_taskflow_api' retrieved from /Users/davispecia/Documents/GitHub/Pf_pipeline_dados/Projeto_final_fase3/venv/lib/python3.9/site-packages/airflow/example_dags/tutorial_taskflow_api.py
[2025-11-27T11:22:27.925-0300] {logging_mixin.py:188} INFO - [2025-11-27T11:22:27.924-0300] {dag.py:3089} INFO - Sync 1 DAGs
[2025-11-27T11:22:27.930-0300] {logging_mixin.py:188} INFO - [2025-11-27T11:22:27.930-0300] {dag.py:3947} INFO - Setting next_dagrun for tutorial_taskflow_api to None, run_after=None
[2025-11-27T11:22:27.939-0300] {processor.py:183} INFO - Processing /Users/davispecia/Documents/GitHub/Pf_pipeline_dados/Projeto_final_fase3/venv/lib/python3.9/site-packages/airflow/example_dags/tutorial_taskflow_api.py took 0.111 seconds
[2025-11-27T11:23:30.626-0300] {processor.py:161} INFO - Started process (PID=91937) to work on /Users/davispecia/Documents/GitHub/Pf_pipeline_dados/Projeto_final_fase3/venv/lib/python3.9/site-packages/airflow/example_dags/tutorial_taskflow_api.py
[2025-11-27T11:23:30.627-0300] {processor.py:830} INFO - Processing file /Users/davispecia/Documents/GitHub/Pf_pipeline_dados/Projeto_final_fase3/venv/lib/python3.9/site-packages/airflow/example_dags/tutorial_taskflow_api.py for tasks to queue
[2025-11-27T11:23:30.627-0300] {logging_mixin.py:188} INFO - [2025-11-27T11:23:30.627-0300] {dagbag.py:545} INFO - Filling up the DagBag from /Users/davispecia/Documents/GitHub/Pf_pipeline_dados/Projeto_final_fase3/venv/lib/python3.9/site-packages/airflow/example_dags/tutorial_taskflow_api.py
[2025-11-27T11:23:30.644-0300] {processor.py:840} INFO - DAG(s) 'tutorial_taskflow_api' retrieved from /Users/davispecia/Documents/GitHub/Pf_pipeline_dados/Projeto_final_fase3/venv/lib/python3.9/site-packages/airflow/example_dags/tutorial_taskflow_api.py
[2025-11-27T11:23:30.714-0300] {logging_mixin.py:188} INFO - [2025-11-27T11:23:30.713-0300] {dag.py:3089} INFO - Sync 1 DAGs
[2025-11-27T11:23:30.719-0300] {logging_mixin.py:188} INFO - [2025-11-27T11:23:30.719-0300] {dag.py:3947} INFO - Setting next_dagrun for tutorial_taskflow_api to None, run_after=None
[2025-11-27T11:23:30.728-0300] {processor.py:183} INFO - Processing /Users/davispecia/Documents/GitHub/Pf_pipeline_dados/Projeto_final_fase3/venv/lib/python3.9/site-packages/airflow/example_dags/tutorial_taskflow_api.py took 0.105 seconds
[2025-11-27T11:24:32.478-0300] {processor.py:161} INFO - Started process (PID=92084) to work on /Users/davispecia/Documents/GitHub/Pf_pipeline_dados/Projeto_final_fase3/venv/lib/python3.9/site-packages/airflow/example_dags/tutorial_taskflow_api.py
[2025-11-27T11:24:32.478-0300] {processor.py:830} INFO - Processing file /Users/davispecia/Documents/GitHub/Pf_pipeline_dados/Projeto_final_fase3/venv/lib/python3.9/site-packages/airflow/example_dags/tutorial_taskflow_api.py for tasks to queue
[2025-11-27T11:24:32.478-0300] {logging_mixin.py:188} INFO - [2025-11-27T11:24:32.478-0300] {dagbag.py:545} INFO - Filling up the DagBag from /Users/davispecia/Documents/GitHub/Pf_pipeline_dados/Projeto_final_fase3/venv/lib/python3.9/site-packages/airflow/example_dags/tutorial_taskflow_api.py
[2025-11-27T11:24:32.498-0300] {processor.py:840} INFO - DAG(s) 'tutorial_taskflow_api' retrieved from /Users/davispecia/Documents/GitHub/Pf_pipeline_dados/Projeto_final_fase3/venv/lib/python3.9/site-packages/airflow/example_dags/tutorial_taskflow_api.py
[2025-11-27T11:24:32.573-0300] {logging_mixin.py:188} INFO - [2025-11-27T11:24:32.572-0300] {dag.py:3089} INFO - Sync 1 DAGs
[2025-11-27T11:24:32.578-0300] {logging_mixin.py:188} INFO - [2025-11-27T11:24:32.578-0300] {dag.py:3947} INFO - Setting next_dagrun for tutorial_taskflow_api to None, run_after=None
[2025-11-27T11:24:32.588-0300] {processor.py:183} INFO - Processing /Users/davispecia/Documents/GitHub/Pf_pipeline_dados/Projeto_final_fase3/venv/lib/python3.9/site-packages/airflow/example_dags/tutorial_taskflow_api.py took 0.112 seconds
[2025-11-27T11:25:44.551-0300] {processor.py:161} INFO - Started process (PID=92318) to work on /Users/davispecia/Documents/GitHub/Pf_pipeline_dados/Projeto_final_fase3/venv/lib/python3.9/site-packages/airflow/example_dags/tutorial_taskflow_api.py
[2025-11-27T11:25:44.553-0300] {processor.py:830} INFO - Processing file /Users/davispecia/Documents/GitHub/Pf_pipeline_dados/Projeto_final_fase3/venv/lib/python3.9/site-packages/airflow/example_dags/tutorial_taskflow_api.py for tasks to queue
[2025-11-27T11:25:44.553-0300] {logging_mixin.py:188} INFO - [2025-11-27T11:25:44.553-0300] {dagbag.py:545} INFO - Filling up the DagBag from /Users/davispecia/Documents/GitHub/Pf_pipeline_dados/Projeto_final_fase3/venv/lib/python3.9/site-packages/airflow/example_dags/tutorial_taskflow_api.py
[2025-11-27T11:25:44.572-0300] {processor.py:840} INFO - DAG(s) 'tutorial_taskflow_api' retrieved from /Users/davispecia/Documents/GitHub/Pf_pipeline_dados/Projeto_final_fase3/venv/lib/python3.9/site-packages/airflow/example_dags/tutorial_taskflow_api.py
[2025-11-27T11:25:44.645-0300] {logging_mixin.py:188} INFO - [2025-11-27T11:25:44.645-0300] {dag.py:3089} INFO - Sync 1 DAGs
[2025-11-27T11:25:44.650-0300] {logging_mixin.py:188} INFO - [2025-11-27T11:25:44.650-0300] {dag.py:3947} INFO - Setting next_dagrun for tutorial_taskflow_api to None, run_after=None
[2025-11-27T11:25:44.660-0300] {processor.py:183} INFO - Processing /Users/davispecia/Documents/GitHub/Pf_pipeline_dados/Projeto_final_fase3/venv/lib/python3.9/site-packages/airflow/example_dags/tutorial_taskflow_api.py took 0.111 seconds
[2025-11-27T11:26:46.097-0300] {processor.py:161} INFO - Started process (PID=92475) to work on /Users/davispecia/Documents/GitHub/Pf_pipeline_dados/Projeto_final_fase3/venv/lib/python3.9/site-packages/airflow/example_dags/tutorial_taskflow_api.py
[2025-11-27T11:26:46.098-0300] {processor.py:830} INFO - Processing file /Users/davispecia/Documents/GitHub/Pf_pipeline_dados/Projeto_final_fase3/venv/lib/python3.9/site-packages/airflow/example_dags/tutorial_taskflow_api.py for tasks to queue
[2025-11-27T11:26:46.098-0300] {logging_mixin.py:188} INFO - [2025-11-27T11:26:46.098-0300] {dagbag.py:545} INFO - Filling up the DagBag from /Users/davispecia/Documents/GitHub/Pf_pipeline_dados/Projeto_final_fase3/venv/lib/python3.9/site-packages/airflow/example_dags/tutorial_taskflow_api.py
[2025-11-27T11:26:46.115-0300] {processor.py:840} INFO - DAG(s) 'tutorial_taskflow_api' retrieved from /Users/davispecia/Documents/GitHub/Pf_pipeline_dados/Projeto_final_fase3/venv/lib/python3.9/site-packages/airflow/example_dags/tutorial_taskflow_api.py
[2025-11-27T11:26:46.182-0300] {logging_mixin.py:188} INFO - [2025-11-27T11:26:46.182-0300] {dag.py:3089} INFO - Sync 1 DAGs
[2025-11-27T11:26:46.187-0300] {logging_mixin.py:188} INFO - [2025-11-27T11:26:46.187-0300] {dag.py:3947} INFO - Setting next_dagrun for tutorial_taskflow_api to None, run_after=None
[2025-11-27T11:26:46.197-0300] {processor.py:183} INFO - Processing /Users/davispecia/Documents/GitHub/Pf_pipeline_dados/Projeto_final_fase3/venv/lib/python3.9/site-packages/airflow/example_dags/tutorial_taskflow_api.py took 0.102 seconds
[2025-11-27T11:27:45.843-0300] {processor.py:161} INFO - Started process (PID=92636) to work on /Users/davispecia/Documents/GitHub/Pf_pipeline_dados/Projeto_final_fase3/venv/lib/python3.9/site-packages/airflow/example_dags/tutorial_taskflow_api.py
[2025-11-27T11:27:45.844-0300] {processor.py:830} INFO - Processing file /Users/davispecia/Documents/GitHub/Pf_pipeline_dados/Projeto_final_fase3/venv/lib/python3.9/site-packages/airflow/example_dags/tutorial_taskflow_api.py for tasks to queue
[2025-11-27T11:27:45.844-0300] {logging_mixin.py:188} INFO - [2025-11-27T11:27:45.844-0300] {dagbag.py:545} INFO - Filling up the DagBag from /Users/davispecia/Documents/GitHub/Pf_pipeline_dados/Projeto_final_fase3/venv/lib/python3.9/site-packages/airflow/example_dags/tutorial_taskflow_api.py
[2025-11-27T11:27:45.861-0300] {processor.py:840} INFO - DAG(s) 'tutorial_taskflow_api' retrieved from /Users/davispecia/Documents/GitHub/Pf_pipeline_dados/Projeto_final_fase3/venv/lib/python3.9/site-packages/airflow/example_dags/tutorial_taskflow_api.py
[2025-11-27T11:27:45.930-0300] {logging_mixin.py:188} INFO - [2025-11-27T11:27:45.930-0300] {dag.py:3089} INFO - Sync 1 DAGs
[2025-11-27T11:27:45.935-0300] {logging_mixin.py:188} INFO - [2025-11-27T11:27:45.935-0300] {dag.py:3947} INFO - Setting next_dagrun for tutorial_taskflow_api to None, run_after=None
[2025-11-27T11:27:45.946-0300] {processor.py:183} INFO - Processing /Users/davispecia/Documents/GitHub/Pf_pipeline_dados/Projeto_final_fase3/venv/lib/python3.9/site-packages/airflow/example_dags/tutorial_taskflow_api.py took 0.105 seconds
[2025-11-27T11:28:47.745-0300] {processor.py:161} INFO - Started process (PID=92786) to work on /Users/davispecia/Documents/GitHub/Pf_pipeline_dados/Projeto_final_fase3/venv/lib/python3.9/site-packages/airflow/example_dags/tutorial_taskflow_api.py
[2025-11-27T11:28:47.746-0300] {processor.py:830} INFO - Processing file /Users/davispecia/Documents/GitHub/Pf_pipeline_dados/Projeto_final_fase3/venv/lib/python3.9/site-packages/airflow/example_dags/tutorial_taskflow_api.py for tasks to queue
[2025-11-27T11:28:47.747-0300] {logging_mixin.py:188} INFO - [2025-11-27T11:28:47.747-0300] {dagbag.py:545} INFO - Filling up the DagBag from /Users/davispecia/Documents/GitHub/Pf_pipeline_dados/Projeto_final_fase3/venv/lib/python3.9/site-packages/airflow/example_dags/tutorial_taskflow_api.py
[2025-11-27T11:28:47.764-0300] {processor.py:840} INFO - DAG(s) 'tutorial_taskflow_api' retrieved from /Users/davispecia/Documents/GitHub/Pf_pipeline_dados/Projeto_final_fase3/venv/lib/python3.9/site-packages/airflow/example_dags/tutorial_taskflow_api.py
[2025-11-27T11:28:47.833-0300] {logging_mixin.py:188} INFO - [2025-11-27T11:28:47.833-0300] {dag.py:3089} INFO - Sync 1 DAGs
[2025-11-27T11:28:47.838-0300] {logging_mixin.py:188} INFO - [2025-11-27T11:28:47.838-0300] {dag.py:3947} INFO - Setting next_dagrun for tutorial_taskflow_api to None, run_after=None
[2025-11-27T11:28:47.848-0300] {processor.py:183} INFO - Processing /Users/davispecia/Documents/GitHub/Pf_pipeline_dados/Projeto_final_fase3/venv/lib/python3.9/site-packages/airflow/example_dags/tutorial_taskflow_api.py took 0.104 seconds
[2025-11-27T11:29:51.059-0300] {processor.py:161} INFO - Started process (PID=92937) to work on /Users/davispecia/Documents/GitHub/Pf_pipeline_dados/Projeto_final_fase3/venv/lib/python3.9/site-packages/airflow/example_dags/tutorial_taskflow_api.py
[2025-11-27T11:29:51.060-0300] {processor.py:830} INFO - Processing file /Users/davispecia/Documents/GitHub/Pf_pipeline_dados/Projeto_final_fase3/venv/lib/python3.9/site-packages/airflow/example_dags/tutorial_taskflow_api.py for tasks to queue
[2025-11-27T11:29:51.060-0300] {logging_mixin.py:188} INFO - [2025-11-27T11:29:51.060-0300] {dagbag.py:545} INFO - Filling up the DagBag from /Users/davispecia/Documents/GitHub/Pf_pipeline_dados/Projeto_final_fase3/venv/lib/python3.9/site-packages/airflow/example_dags/tutorial_taskflow_api.py
[2025-11-27T11:29:51.080-0300] {processor.py:840} INFO - DAG(s) 'tutorial_taskflow_api' retrieved from /Users/davispecia/Documents/GitHub/Pf_pipeline_dados/Projeto_final_fase3/venv/lib/python3.9/site-packages/airflow/example_dags/tutorial_taskflow_api.py
[2025-11-27T11:29:51.156-0300] {logging_mixin.py:188} INFO - [2025-11-27T11:29:51.156-0300] {dag.py:3089} INFO - Sync 1 DAGs
[2025-11-27T11:29:51.163-0300] {logging_mixin.py:188} INFO - [2025-11-27T11:29:51.163-0300] {dag.py:3947} INFO - Setting next_dagrun for tutorial_taskflow_api to None, run_after=None
[2025-11-27T11:29:51.172-0300] {processor.py:183} INFO - Processing /Users/davispecia/Documents/GitHub/Pf_pipeline_dados/Projeto_final_fase3/venv/lib/python3.9/site-packages/airflow/example_dags/tutorial_taskflow_api.py took 0.115 seconds
[2025-11-27T11:31:03.116-0300] {processor.py:161} INFO - Started process (PID=93164) to work on /Users/davispecia/Documents/GitHub/Pf_pipeline_dados/Projeto_final_fase3/venv/lib/python3.9/site-packages/airflow/example_dags/tutorial_taskflow_api.py
[2025-11-27T11:31:03.117-0300] {processor.py:830} INFO - Processing file /Users/davispecia/Documents/GitHub/Pf_pipeline_dados/Projeto_final_fase3/venv/lib/python3.9/site-packages/airflow/example_dags/tutorial_taskflow_api.py for tasks to queue
[2025-11-27T11:31:03.118-0300] {logging_mixin.py:188} INFO - [2025-11-27T11:31:03.118-0300] {dagbag.py:545} INFO - Filling up the DagBag from /Users/davispecia/Documents/GitHub/Pf_pipeline_dados/Projeto_final_fase3/venv/lib/python3.9/site-packages/airflow/example_dags/tutorial_taskflow_api.py
[2025-11-27T11:31:03.136-0300] {processor.py:840} INFO - DAG(s) 'tutorial_taskflow_api' retrieved from /Users/davispecia/Documents/GitHub/Pf_pipeline_dados/Projeto_final_fase3/venv/lib/python3.9/site-packages/airflow/example_dags/tutorial_taskflow_api.py
[2025-11-27T11:31:03.209-0300] {logging_mixin.py:188} INFO - [2025-11-27T11:31:03.209-0300] {dag.py:3089} INFO - Sync 1 DAGs
[2025-11-27T11:31:03.214-0300] {logging_mixin.py:188} INFO - [2025-11-27T11:31:03.214-0300] {dag.py:3947} INFO - Setting next_dagrun for tutorial_taskflow_api to None, run_after=None
[2025-11-27T11:31:03.223-0300] {processor.py:183} INFO - Processing /Users/davispecia/Documents/GitHub/Pf_pipeline_dados/Projeto_final_fase3/venv/lib/python3.9/site-packages/airflow/example_dags/tutorial_taskflow_api.py took 0.109 seconds
[2025-11-27T11:32:00.195-0300] {processor.py:161} INFO - Started process (PID=93303) to work on /Users/davispecia/Documents/GitHub/Pf_pipeline_dados/Projeto_final_fase3/venv/lib/python3.9/site-packages/airflow/example_dags/tutorial_taskflow_api.py
[2025-11-27T11:32:00.197-0300] {processor.py:830} INFO - Processing file /Users/davispecia/Documents/GitHub/Pf_pipeline_dados/Projeto_final_fase3/venv/lib/python3.9/site-packages/airflow/example_dags/tutorial_taskflow_api.py for tasks to queue
[2025-11-27T11:32:00.197-0300] {logging_mixin.py:188} INFO - [2025-11-27T11:32:00.197-0300] {dagbag.py:545} INFO - Filling up the DagBag from /Users/davispecia/Documents/GitHub/Pf_pipeline_dados/Projeto_final_fase3/venv/lib/python3.9/site-packages/airflow/example_dags/tutorial_taskflow_api.py
[2025-11-27T11:32:00.214-0300] {processor.py:840} INFO - DAG(s) 'tutorial_taskflow_api' retrieved from /Users/davispecia/Documents/GitHub/Pf_pipeline_dados/Projeto_final_fase3/venv/lib/python3.9/site-packages/airflow/example_dags/tutorial_taskflow_api.py
[2025-11-27T11:32:00.281-0300] {logging_mixin.py:188} INFO - [2025-11-27T11:32:00.281-0300] {dag.py:3089} INFO - Sync 1 DAGs
[2025-11-27T11:32:00.286-0300] {logging_mixin.py:188} INFO - [2025-11-27T11:32:00.286-0300] {dag.py:3947} INFO - Setting next_dagrun for tutorial_taskflow_api to None, run_after=None
[2025-11-27T11:32:00.296-0300] {processor.py:183} INFO - Processing /Users/davispecia/Documents/GitHub/Pf_pipeline_dados/Projeto_final_fase3/venv/lib/python3.9/site-packages/airflow/example_dags/tutorial_taskflow_api.py took 0.103 seconds
[2025-11-27T11:33:03.807-0300] {processor.py:161} INFO - Started process (PID=93457) to work on /Users/davispecia/Documents/GitHub/Pf_pipeline_dados/Projeto_final_fase3/venv/lib/python3.9/site-packages/airflow/example_dags/tutorial_taskflow_api.py
[2025-11-27T11:33:03.808-0300] {processor.py:830} INFO - Processing file /Users/davispecia/Documents/GitHub/Pf_pipeline_dados/Projeto_final_fase3/venv/lib/python3.9/site-packages/airflow/example_dags/tutorial_taskflow_api.py for tasks to queue
[2025-11-27T11:33:03.808-0300] {logging_mixin.py:188} INFO - [2025-11-27T11:33:03.808-0300] {dagbag.py:545} INFO - Filling up the DagBag from /Users/davispecia/Documents/GitHub/Pf_pipeline_dados/Projeto_final_fase3/venv/lib/python3.9/site-packages/airflow/example_dags/tutorial_taskflow_api.py
[2025-11-27T11:33:03.826-0300] {processor.py:840} INFO - DAG(s) 'tutorial_taskflow_api' retrieved from /Users/davispecia/Documents/GitHub/Pf_pipeline_dados/Projeto_final_fase3/venv/lib/python3.9/site-packages/airflow/example_dags/tutorial_taskflow_api.py
[2025-11-27T11:33:03.898-0300] {logging_mixin.py:188} INFO - [2025-11-27T11:33:03.898-0300] {dag.py:3089} INFO - Sync 1 DAGs
[2025-11-27T11:33:03.904-0300] {logging_mixin.py:188} INFO - [2025-11-27T11:33:03.904-0300] {dag.py:3947} INFO - Setting next_dagrun for tutorial_taskflow_api to None, run_after=None
[2025-11-27T11:33:03.913-0300] {processor.py:183} INFO - Processing /Users/davispecia/Documents/GitHub/Pf_pipeline_dados/Projeto_final_fase3/venv/lib/python3.9/site-packages/airflow/example_dags/tutorial_taskflow_api.py took 0.108 seconds
[2025-11-27T11:34:08.265-0300] {processor.py:161} INFO - Started process (PID=93608) to work on /Users/davispecia/Documents/GitHub/Pf_pipeline_dados/Projeto_final_fase3/venv/lib/python3.9/site-packages/airflow/example_dags/tutorial_taskflow_api.py
[2025-11-27T11:34:08.266-0300] {processor.py:830} INFO - Processing file /Users/davispecia/Documents/GitHub/Pf_pipeline_dados/Projeto_final_fase3/venv/lib/python3.9/site-packages/airflow/example_dags/tutorial_taskflow_api.py for tasks to queue
[2025-11-27T11:34:08.266-0300] {logging_mixin.py:188} INFO - [2025-11-27T11:34:08.266-0300] {dagbag.py:545} INFO - Filling up the DagBag from /Users/davispecia/Documents/GitHub/Pf_pipeline_dados/Projeto_final_fase3/venv/lib/python3.9/site-packages/airflow/example_dags/tutorial_taskflow_api.py
[2025-11-27T11:34:08.284-0300] {processor.py:840} INFO - DAG(s) 'tutorial_taskflow_api' retrieved from /Users/davispecia/Documents/GitHub/Pf_pipeline_dados/Projeto_final_fase3/venv/lib/python3.9/site-packages/airflow/example_dags/tutorial_taskflow_api.py
[2025-11-27T11:34:08.359-0300] {logging_mixin.py:188} INFO - [2025-11-27T11:34:08.359-0300] {dag.py:3089} INFO - Sync 1 DAGs
[2025-11-27T11:34:08.364-0300] {logging_mixin.py:188} INFO - [2025-11-27T11:34:08.364-0300] {dag.py:3947} INFO - Setting next_dagrun for tutorial_taskflow_api to None, run_after=None
[2025-11-27T11:34:08.373-0300] {processor.py:183} INFO - Processing /Users/davispecia/Documents/GitHub/Pf_pipeline_dados/Projeto_final_fase3/venv/lib/python3.9/site-packages/airflow/example_dags/tutorial_taskflow_api.py took 0.110 seconds
[2025-11-27T11:35:10.542-0300] {processor.py:161} INFO - Started process (PID=93758) to work on /Users/davispecia/Documents/GitHub/Pf_pipeline_dados/Projeto_final_fase3/venv/lib/python3.9/site-packages/airflow/example_dags/tutorial_taskflow_api.py
[2025-11-27T11:35:10.543-0300] {processor.py:830} INFO - Processing file /Users/davispecia/Documents/GitHub/Pf_pipeline_dados/Projeto_final_fase3/venv/lib/python3.9/site-packages/airflow/example_dags/tutorial_taskflow_api.py for tasks to queue
[2025-11-27T11:35:10.543-0300] {logging_mixin.py:188} INFO - [2025-11-27T11:35:10.543-0300] {dagbag.py:545} INFO - Filling up the DagBag from /Users/davispecia/Documents/GitHub/Pf_pipeline_dados/Projeto_final_fase3/venv/lib/python3.9/site-packages/airflow/example_dags/tutorial_taskflow_api.py
[2025-11-27T11:35:10.562-0300] {processor.py:840} INFO - DAG(s) 'tutorial_taskflow_api' retrieved from /Users/davispecia/Documents/GitHub/Pf_pipeline_dados/Projeto_final_fase3/venv/lib/python3.9/site-packages/airflow/example_dags/tutorial_taskflow_api.py
[2025-11-27T11:35:10.637-0300] {logging_mixin.py:188} INFO - [2025-11-27T11:35:10.637-0300] {dag.py:3089} INFO - Sync 1 DAGs
[2025-11-27T11:35:10.643-0300] {logging_mixin.py:188} INFO - [2025-11-27T11:35:10.642-0300] {dag.py:3947} INFO - Setting next_dagrun for tutorial_taskflow_api to None, run_after=None
[2025-11-27T11:35:10.653-0300] {processor.py:183} INFO - Processing /Users/davispecia/Documents/GitHub/Pf_pipeline_dados/Projeto_final_fase3/venv/lib/python3.9/site-packages/airflow/example_dags/tutorial_taskflow_api.py took 0.113 seconds
[2025-11-27T11:36:23.871-0300] {processor.py:161} INFO - Started process (PID=93992) to work on /Users/davispecia/Documents/GitHub/Pf_pipeline_dados/Projeto_final_fase3/venv/lib/python3.9/site-packages/airflow/example_dags/tutorial_taskflow_api.py
[2025-11-27T11:36:23.872-0300] {processor.py:830} INFO - Processing file /Users/davispecia/Documents/GitHub/Pf_pipeline_dados/Projeto_final_fase3/venv/lib/python3.9/site-packages/airflow/example_dags/tutorial_taskflow_api.py for tasks to queue
[2025-11-27T11:36:23.872-0300] {logging_mixin.py:188} INFO - [2025-11-27T11:36:23.872-0300] {dagbag.py:545} INFO - Filling up the DagBag from /Users/davispecia/Documents/GitHub/Pf_pipeline_dados/Projeto_final_fase3/venv/lib/python3.9/site-packages/airflow/example_dags/tutorial_taskflow_api.py
[2025-11-27T11:36:23.891-0300] {processor.py:840} INFO - DAG(s) 'tutorial_taskflow_api' retrieved from /Users/davispecia/Documents/GitHub/Pf_pipeline_dados/Projeto_final_fase3/venv/lib/python3.9/site-packages/airflow/example_dags/tutorial_taskflow_api.py
[2025-11-27T11:36:23.967-0300] {logging_mixin.py:188} INFO - [2025-11-27T11:36:23.966-0300] {dag.py:3089} INFO - Sync 1 DAGs
[2025-11-27T11:36:23.972-0300] {logging_mixin.py:188} INFO - [2025-11-27T11:36:23.972-0300] {dag.py:3947} INFO - Setting next_dagrun for tutorial_taskflow_api to None, run_after=None
[2025-11-27T11:36:23.981-0300] {processor.py:183} INFO - Processing /Users/davispecia/Documents/GitHub/Pf_pipeline_dados/Projeto_final_fase3/venv/lib/python3.9/site-packages/airflow/example_dags/tutorial_taskflow_api.py took 0.112 seconds
[2025-11-27T11:37:25.692-0300] {processor.py:161} INFO - Started process (PID=94137) to work on /Users/davispecia/Documents/GitHub/Pf_pipeline_dados/Projeto_final_fase3/venv/lib/python3.9/site-packages/airflow/example_dags/tutorial_taskflow_api.py
[2025-11-27T11:37:25.693-0300] {processor.py:830} INFO - Processing file /Users/davispecia/Documents/GitHub/Pf_pipeline_dados/Projeto_final_fase3/venv/lib/python3.9/site-packages/airflow/example_dags/tutorial_taskflow_api.py for tasks to queue
[2025-11-27T11:37:25.693-0300] {logging_mixin.py:188} INFO - [2025-11-27T11:37:25.693-0300] {dagbag.py:545} INFO - Filling up the DagBag from /Users/davispecia/Documents/GitHub/Pf_pipeline_dados/Projeto_final_fase3/venv/lib/python3.9/site-packages/airflow/example_dags/tutorial_taskflow_api.py
[2025-11-27T11:37:25.711-0300] {processor.py:840} INFO - DAG(s) 'tutorial_taskflow_api' retrieved from /Users/davispecia/Documents/GitHub/Pf_pipeline_dados/Projeto_final_fase3/venv/lib/python3.9/site-packages/airflow/example_dags/tutorial_taskflow_api.py
[2025-11-27T11:37:25.783-0300] {logging_mixin.py:188} INFO - [2025-11-27T11:37:25.783-0300] {dag.py:3089} INFO - Sync 1 DAGs
[2025-11-27T11:37:25.788-0300] {logging_mixin.py:188} INFO - [2025-11-27T11:37:25.788-0300] {dag.py:3947} INFO - Setting next_dagrun for tutorial_taskflow_api to None, run_after=None
[2025-11-27T11:37:25.798-0300] {processor.py:183} INFO - Processing /Users/davispecia/Documents/GitHub/Pf_pipeline_dados/Projeto_final_fase3/venv/lib/python3.9/site-packages/airflow/example_dags/tutorial_taskflow_api.py took 0.108 seconds
[2025-11-27T11:38:30.032-0300] {processor.py:161} INFO - Started process (PID=94287) to work on /Users/davispecia/Documents/GitHub/Pf_pipeline_dados/Projeto_final_fase3/venv/lib/python3.9/site-packages/airflow/example_dags/tutorial_taskflow_api.py
[2025-11-27T11:38:30.032-0300] {processor.py:830} INFO - Processing file /Users/davispecia/Documents/GitHub/Pf_pipeline_dados/Projeto_final_fase3/venv/lib/python3.9/site-packages/airflow/example_dags/tutorial_taskflow_api.py for tasks to queue
[2025-11-27T11:38:30.033-0300] {logging_mixin.py:188} INFO - [2025-11-27T11:38:30.033-0300] {dagbag.py:545} INFO - Filling up the DagBag from /Users/davispecia/Documents/GitHub/Pf_pipeline_dados/Projeto_final_fase3/venv/lib/python3.9/site-packages/airflow/example_dags/tutorial_taskflow_api.py
[2025-11-27T11:38:30.051-0300] {processor.py:840} INFO - DAG(s) 'tutorial_taskflow_api' retrieved from /Users/davispecia/Documents/GitHub/Pf_pipeline_dados/Projeto_final_fase3/venv/lib/python3.9/site-packages/airflow/example_dags/tutorial_taskflow_api.py
[2025-11-27T11:38:30.123-0300] {logging_mixin.py:188} INFO - [2025-11-27T11:38:30.123-0300] {dag.py:3089} INFO - Sync 1 DAGs
[2025-11-27T11:38:30.128-0300] {logging_mixin.py:188} INFO - [2025-11-27T11:38:30.128-0300] {dag.py:3947} INFO - Setting next_dagrun for tutorial_taskflow_api to None, run_after=None
[2025-11-27T11:38:30.137-0300] {processor.py:183} INFO - Processing /Users/davispecia/Documents/GitHub/Pf_pipeline_dados/Projeto_final_fase3/venv/lib/python3.9/site-packages/airflow/example_dags/tutorial_taskflow_api.py took 0.107 seconds
[2025-11-27T11:39:32.806-0300] {processor.py:161} INFO - Started process (PID=94432) to work on /Users/davispecia/Documents/GitHub/Pf_pipeline_dados/Projeto_final_fase3/venv/lib/python3.9/site-packages/airflow/example_dags/tutorial_taskflow_api.py
[2025-11-27T11:39:32.807-0300] {processor.py:830} INFO - Processing file /Users/davispecia/Documents/GitHub/Pf_pipeline_dados/Projeto_final_fase3/venv/lib/python3.9/site-packages/airflow/example_dags/tutorial_taskflow_api.py for tasks to queue
[2025-11-27T11:39:32.808-0300] {logging_mixin.py:188} INFO - [2025-11-27T11:39:32.807-0300] {dagbag.py:545} INFO - Filling up the DagBag from /Users/davispecia/Documents/GitHub/Pf_pipeline_dados/Projeto_final_fase3/venv/lib/python3.9/site-packages/airflow/example_dags/tutorial_taskflow_api.py
[2025-11-27T11:39:32.825-0300] {processor.py:840} INFO - DAG(s) 'tutorial_taskflow_api' retrieved from /Users/davispecia/Documents/GitHub/Pf_pipeline_dados/Projeto_final_fase3/venv/lib/python3.9/site-packages/airflow/example_dags/tutorial_taskflow_api.py
[2025-11-27T11:39:32.893-0300] {logging_mixin.py:188} INFO - [2025-11-27T11:39:32.893-0300] {dag.py:3089} INFO - Sync 1 DAGs
[2025-11-27T11:39:32.898-0300] {logging_mixin.py:188} INFO - [2025-11-27T11:39:32.898-0300] {dag.py:3947} INFO - Setting next_dagrun for tutorial_taskflow_api to None, run_after=None
[2025-11-27T11:39:32.908-0300] {processor.py:183} INFO - Processing /Users/davispecia/Documents/GitHub/Pf_pipeline_dados/Projeto_final_fase3/venv/lib/python3.9/site-packages/airflow/example_dags/tutorial_taskflow_api.py took 0.104 seconds
[2025-11-27T11:40:35.457-0300] {processor.py:161} INFO - Started process (PID=94578) to work on /Users/davispecia/Documents/GitHub/Pf_pipeline_dados/Projeto_final_fase3/venv/lib/python3.9/site-packages/airflow/example_dags/tutorial_taskflow_api.py
[2025-11-27T11:40:35.458-0300] {processor.py:830} INFO - Processing file /Users/davispecia/Documents/GitHub/Pf_pipeline_dados/Projeto_final_fase3/venv/lib/python3.9/site-packages/airflow/example_dags/tutorial_taskflow_api.py for tasks to queue
[2025-11-27T11:40:35.458-0300] {logging_mixin.py:188} INFO - [2025-11-27T11:40:35.458-0300] {dagbag.py:545} INFO - Filling up the DagBag from /Users/davispecia/Documents/GitHub/Pf_pipeline_dados/Projeto_final_fase3/venv/lib/python3.9/site-packages/airflow/example_dags/tutorial_taskflow_api.py
[2025-11-27T11:40:35.475-0300] {processor.py:840} INFO - DAG(s) 'tutorial_taskflow_api' retrieved from /Users/davispecia/Documents/GitHub/Pf_pipeline_dados/Projeto_final_fase3/venv/lib/python3.9/site-packages/airflow/example_dags/tutorial_taskflow_api.py
[2025-11-27T11:40:35.544-0300] {logging_mixin.py:188} INFO - [2025-11-27T11:40:35.543-0300] {dag.py:3089} INFO - Sync 1 DAGs
[2025-11-27T11:40:35.549-0300] {logging_mixin.py:188} INFO - [2025-11-27T11:40:35.549-0300] {dag.py:3947} INFO - Setting next_dagrun for tutorial_taskflow_api to None, run_after=None
[2025-11-27T11:40:35.557-0300] {processor.py:183} INFO - Processing /Users/davispecia/Documents/GitHub/Pf_pipeline_dados/Projeto_final_fase3/venv/lib/python3.9/site-packages/airflow/example_dags/tutorial_taskflow_api.py took 0.102 seconds
[2025-11-27T11:41:46.651-0300] {processor.py:161} INFO - Started process (PID=94821) to work on /Users/davispecia/Documents/GitHub/Pf_pipeline_dados/Projeto_final_fase3/venv/lib/python3.9/site-packages/airflow/example_dags/tutorial_taskflow_api.py
[2025-11-27T11:41:46.652-0300] {processor.py:830} INFO - Processing file /Users/davispecia/Documents/GitHub/Pf_pipeline_dados/Projeto_final_fase3/venv/lib/python3.9/site-packages/airflow/example_dags/tutorial_taskflow_api.py for tasks to queue
[2025-11-27T11:41:46.652-0300] {logging_mixin.py:188} INFO - [2025-11-27T11:41:46.652-0300] {dagbag.py:545} INFO - Filling up the DagBag from /Users/davispecia/Documents/GitHub/Pf_pipeline_dados/Projeto_final_fase3/venv/lib/python3.9/site-packages/airflow/example_dags/tutorial_taskflow_api.py
[2025-11-27T11:41:46.670-0300] {processor.py:840} INFO - DAG(s) 'tutorial_taskflow_api' retrieved from /Users/davispecia/Documents/GitHub/Pf_pipeline_dados/Projeto_final_fase3/venv/lib/python3.9/site-packages/airflow/example_dags/tutorial_taskflow_api.py
[2025-11-27T11:41:46.742-0300] {logging_mixin.py:188} INFO - [2025-11-27T11:41:46.742-0300] {dag.py:3089} INFO - Sync 1 DAGs
[2025-11-27T11:41:46.748-0300] {logging_mixin.py:188} INFO - [2025-11-27T11:41:46.747-0300] {dag.py:3947} INFO - Setting next_dagrun for tutorial_taskflow_api to None, run_after=None
[2025-11-27T11:41:46.756-0300] {processor.py:183} INFO - Processing /Users/davispecia/Documents/GitHub/Pf_pipeline_dados/Projeto_final_fase3/venv/lib/python3.9/site-packages/airflow/example_dags/tutorial_taskflow_api.py took 0.108 seconds
[2025-11-27T11:42:51.321-0300] {processor.py:161} INFO - Started process (PID=94973) to work on /Users/davispecia/Documents/GitHub/Pf_pipeline_dados/Projeto_final_fase3/venv/lib/python3.9/site-packages/airflow/example_dags/tutorial_taskflow_api.py
[2025-11-27T11:42:51.322-0300] {processor.py:830} INFO - Processing file /Users/davispecia/Documents/GitHub/Pf_pipeline_dados/Projeto_final_fase3/venv/lib/python3.9/site-packages/airflow/example_dags/tutorial_taskflow_api.py for tasks to queue
[2025-11-27T11:42:51.323-0300] {logging_mixin.py:188} INFO - [2025-11-27T11:42:51.323-0300] {dagbag.py:545} INFO - Filling up the DagBag from /Users/davispecia/Documents/GitHub/Pf_pipeline_dados/Projeto_final_fase3/venv/lib/python3.9/site-packages/airflow/example_dags/tutorial_taskflow_api.py
[2025-11-27T11:42:51.341-0300] {processor.py:840} INFO - DAG(s) 'tutorial_taskflow_api' retrieved from /Users/davispecia/Documents/GitHub/Pf_pipeline_dados/Projeto_final_fase3/venv/lib/python3.9/site-packages/airflow/example_dags/tutorial_taskflow_api.py
[2025-11-27T11:42:51.412-0300] {logging_mixin.py:188} INFO - [2025-11-27T11:42:51.412-0300] {dag.py:3089} INFO - Sync 1 DAGs
[2025-11-27T11:42:51.417-0300] {logging_mixin.py:188} INFO - [2025-11-27T11:42:51.417-0300] {dag.py:3947} INFO - Setting next_dagrun for tutorial_taskflow_api to None, run_after=None
[2025-11-27T11:42:51.426-0300] {processor.py:183} INFO - Processing /Users/davispecia/Documents/GitHub/Pf_pipeline_dados/Projeto_final_fase3/venv/lib/python3.9/site-packages/airflow/example_dags/tutorial_taskflow_api.py took 0.107 seconds
[2025-11-27T11:43:55.350-0300] {processor.py:161} INFO - Started process (PID=95124) to work on /Users/davispecia/Documents/GitHub/Pf_pipeline_dados/Projeto_final_fase3/venv/lib/python3.9/site-packages/airflow/example_dags/tutorial_taskflow_api.py
[2025-11-27T11:43:55.350-0300] {processor.py:830} INFO - Processing file /Users/davispecia/Documents/GitHub/Pf_pipeline_dados/Projeto_final_fase3/venv/lib/python3.9/site-packages/airflow/example_dags/tutorial_taskflow_api.py for tasks to queue
[2025-11-27T11:43:55.351-0300] {logging_mixin.py:188} INFO - [2025-11-27T11:43:55.350-0300] {dagbag.py:545} INFO - Filling up the DagBag from /Users/davispecia/Documents/GitHub/Pf_pipeline_dados/Projeto_final_fase3/venv/lib/python3.9/site-packages/airflow/example_dags/tutorial_taskflow_api.py
[2025-11-27T11:43:55.369-0300] {processor.py:840} INFO - DAG(s) 'tutorial_taskflow_api' retrieved from /Users/davispecia/Documents/GitHub/Pf_pipeline_dados/Projeto_final_fase3/venv/lib/python3.9/site-packages/airflow/example_dags/tutorial_taskflow_api.py
[2025-11-27T11:43:55.442-0300] {logging_mixin.py:188} INFO - [2025-11-27T11:43:55.442-0300] {dag.py:3089} INFO - Sync 1 DAGs
[2025-11-27T11:43:55.447-0300] {logging_mixin.py:188} INFO - [2025-11-27T11:43:55.447-0300] {dag.py:3947} INFO - Setting next_dagrun for tutorial_taskflow_api to None, run_after=None
[2025-11-27T11:43:55.458-0300] {processor.py:183} INFO - Processing /Users/davispecia/Documents/GitHub/Pf_pipeline_dados/Projeto_final_fase3/venv/lib/python3.9/site-packages/airflow/example_dags/tutorial_taskflow_api.py took 0.111 seconds
[2025-11-27T11:44:58.516-0300] {processor.py:161} INFO - Started process (PID=95276) to work on /Users/davispecia/Documents/GitHub/Pf_pipeline_dados/Projeto_final_fase3/venv/lib/python3.9/site-packages/airflow/example_dags/tutorial_taskflow_api.py
[2025-11-27T11:44:58.517-0300] {processor.py:830} INFO - Processing file /Users/davispecia/Documents/GitHub/Pf_pipeline_dados/Projeto_final_fase3/venv/lib/python3.9/site-packages/airflow/example_dags/tutorial_taskflow_api.py for tasks to queue
[2025-11-27T11:44:58.518-0300] {logging_mixin.py:188} INFO - [2025-11-27T11:44:58.518-0300] {dagbag.py:545} INFO - Filling up the DagBag from /Users/davispecia/Documents/GitHub/Pf_pipeline_dados/Projeto_final_fase3/venv/lib/python3.9/site-packages/airflow/example_dags/tutorial_taskflow_api.py
[2025-11-27T11:44:58.534-0300] {processor.py:840} INFO - DAG(s) 'tutorial_taskflow_api' retrieved from /Users/davispecia/Documents/GitHub/Pf_pipeline_dados/Projeto_final_fase3/venv/lib/python3.9/site-packages/airflow/example_dags/tutorial_taskflow_api.py
[2025-11-27T11:44:58.602-0300] {logging_mixin.py:188} INFO - [2025-11-27T11:44:58.602-0300] {dag.py:3089} INFO - Sync 1 DAGs
[2025-11-27T11:44:58.607-0300] {logging_mixin.py:188} INFO - [2025-11-27T11:44:58.607-0300] {dag.py:3947} INFO - Setting next_dagrun for tutorial_taskflow_api to None, run_after=None
[2025-11-27T11:44:58.617-0300] {processor.py:183} INFO - Processing /Users/davispecia/Documents/GitHub/Pf_pipeline_dados/Projeto_final_fase3/venv/lib/python3.9/site-packages/airflow/example_dags/tutorial_taskflow_api.py took 0.103 seconds
[2025-11-27T11:45:59.647-0300] {processor.py:161} INFO - Started process (PID=95425) to work on /Users/davispecia/Documents/GitHub/Pf_pipeline_dados/Projeto_final_fase3/venv/lib/python3.9/site-packages/airflow/example_dags/tutorial_taskflow_api.py
[2025-11-27T11:45:59.648-0300] {processor.py:830} INFO - Processing file /Users/davispecia/Documents/GitHub/Pf_pipeline_dados/Projeto_final_fase3/venv/lib/python3.9/site-packages/airflow/example_dags/tutorial_taskflow_api.py for tasks to queue
[2025-11-27T11:45:59.648-0300] {logging_mixin.py:188} INFO - [2025-11-27T11:45:59.648-0300] {dagbag.py:545} INFO - Filling up the DagBag from /Users/davispecia/Documents/GitHub/Pf_pipeline_dados/Projeto_final_fase3/venv/lib/python3.9/site-packages/airflow/example_dags/tutorial_taskflow_api.py
[2025-11-27T11:45:59.666-0300] {processor.py:840} INFO - DAG(s) 'tutorial_taskflow_api' retrieved from /Users/davispecia/Documents/GitHub/Pf_pipeline_dados/Projeto_final_fase3/venv/lib/python3.9/site-packages/airflow/example_dags/tutorial_taskflow_api.py
[2025-11-27T11:45:59.740-0300] {logging_mixin.py:188} INFO - [2025-11-27T11:45:59.740-0300] {dag.py:3089} INFO - Sync 1 DAGs
[2025-11-27T11:45:59.745-0300] {logging_mixin.py:188} INFO - [2025-11-27T11:45:59.745-0300] {dag.py:3947} INFO - Setting next_dagrun for tutorial_taskflow_api to None, run_after=None
[2025-11-27T11:45:59.753-0300] {processor.py:183} INFO - Processing /Users/davispecia/Documents/GitHub/Pf_pipeline_dados/Projeto_final_fase3/venv/lib/python3.9/site-packages/airflow/example_dags/tutorial_taskflow_api.py took 0.108 seconds
[2025-11-27T11:47:11.069-0300] {processor.py:161} INFO - Started process (PID=95694) to work on /Users/davispecia/Documents/GitHub/Pf_pipeline_dados/Projeto_final_fase3/venv/lib/python3.9/site-packages/airflow/example_dags/tutorial_taskflow_api.py
[2025-11-27T11:47:11.070-0300] {processor.py:830} INFO - Processing file /Users/davispecia/Documents/GitHub/Pf_pipeline_dados/Projeto_final_fase3/venv/lib/python3.9/site-packages/airflow/example_dags/tutorial_taskflow_api.py for tasks to queue
[2025-11-27T11:47:11.070-0300] {logging_mixin.py:188} INFO - [2025-11-27T11:47:11.070-0300] {dagbag.py:545} INFO - Filling up the DagBag from /Users/davispecia/Documents/GitHub/Pf_pipeline_dados/Projeto_final_fase3/venv/lib/python3.9/site-packages/airflow/example_dags/tutorial_taskflow_api.py
[2025-11-27T11:47:11.088-0300] {processor.py:840} INFO - DAG(s) 'tutorial_taskflow_api' retrieved from /Users/davispecia/Documents/GitHub/Pf_pipeline_dados/Projeto_final_fase3/venv/lib/python3.9/site-packages/airflow/example_dags/tutorial_taskflow_api.py
[2025-11-27T11:47:11.165-0300] {logging_mixin.py:188} INFO - [2025-11-27T11:47:11.165-0300] {dag.py:3089} INFO - Sync 1 DAGs
[2025-11-27T11:47:11.170-0300] {logging_mixin.py:188} INFO - [2025-11-27T11:47:11.170-0300] {dag.py:3947} INFO - Setting next_dagrun for tutorial_taskflow_api to None, run_after=None
[2025-11-27T11:47:11.181-0300] {processor.py:183} INFO - Processing /Users/davispecia/Documents/GitHub/Pf_pipeline_dados/Projeto_final_fase3/venv/lib/python3.9/site-packages/airflow/example_dags/tutorial_taskflow_api.py took 0.114 seconds
[2025-11-27T11:48:13.799-0300] {processor.py:161} INFO - Started process (PID=95841) to work on /Users/davispecia/Documents/GitHub/Pf_pipeline_dados/Projeto_final_fase3/venv/lib/python3.9/site-packages/airflow/example_dags/tutorial_taskflow_api.py
[2025-11-27T11:48:13.800-0300] {processor.py:830} INFO - Processing file /Users/davispecia/Documents/GitHub/Pf_pipeline_dados/Projeto_final_fase3/venv/lib/python3.9/site-packages/airflow/example_dags/tutorial_taskflow_api.py for tasks to queue
[2025-11-27T11:48:13.801-0300] {logging_mixin.py:188} INFO - [2025-11-27T11:48:13.801-0300] {dagbag.py:545} INFO - Filling up the DagBag from /Users/davispecia/Documents/GitHub/Pf_pipeline_dados/Projeto_final_fase3/venv/lib/python3.9/site-packages/airflow/example_dags/tutorial_taskflow_api.py
[2025-11-27T11:48:13.818-0300] {processor.py:840} INFO - DAG(s) 'tutorial_taskflow_api' retrieved from /Users/davispecia/Documents/GitHub/Pf_pipeline_dados/Projeto_final_fase3/venv/lib/python3.9/site-packages/airflow/example_dags/tutorial_taskflow_api.py
[2025-11-27T11:48:13.891-0300] {logging_mixin.py:188} INFO - [2025-11-27T11:48:13.890-0300] {dag.py:3089} INFO - Sync 1 DAGs
[2025-11-27T11:48:13.896-0300] {logging_mixin.py:188} INFO - [2025-11-27T11:48:13.896-0300] {dag.py:3947} INFO - Setting next_dagrun for tutorial_taskflow_api to None, run_after=None
[2025-11-27T11:48:13.905-0300] {processor.py:183} INFO - Processing /Users/davispecia/Documents/GitHub/Pf_pipeline_dados/Projeto_final_fase3/venv/lib/python3.9/site-packages/airflow/example_dags/tutorial_taskflow_api.py took 0.108 seconds
[2025-11-27T11:49:17.902-0300] {processor.py:161} INFO - Started process (PID=95999) to work on /Users/davispecia/Documents/GitHub/Pf_pipeline_dados/Projeto_final_fase3/venv/lib/python3.9/site-packages/airflow/example_dags/tutorial_taskflow_api.py
[2025-11-27T11:49:17.903-0300] {processor.py:830} INFO - Processing file /Users/davispecia/Documents/GitHub/Pf_pipeline_dados/Projeto_final_fase3/venv/lib/python3.9/site-packages/airflow/example_dags/tutorial_taskflow_api.py for tasks to queue
[2025-11-27T11:49:17.903-0300] {logging_mixin.py:188} INFO - [2025-11-27T11:49:17.903-0300] {dagbag.py:545} INFO - Filling up the DagBag from /Users/davispecia/Documents/GitHub/Pf_pipeline_dados/Projeto_final_fase3/venv/lib/python3.9/site-packages/airflow/example_dags/tutorial_taskflow_api.py
[2025-11-27T11:49:17.921-0300] {processor.py:840} INFO - DAG(s) 'tutorial_taskflow_api' retrieved from /Users/davispecia/Documents/GitHub/Pf_pipeline_dados/Projeto_final_fase3/venv/lib/python3.9/site-packages/airflow/example_dags/tutorial_taskflow_api.py
[2025-11-27T11:49:17.994-0300] {logging_mixin.py:188} INFO - [2025-11-27T11:49:17.994-0300] {dag.py:3089} INFO - Sync 1 DAGs
[2025-11-27T11:49:17.999-0300] {logging_mixin.py:188} INFO - [2025-11-27T11:49:17.999-0300] {dag.py:3947} INFO - Setting next_dagrun for tutorial_taskflow_api to None, run_after=None
[2025-11-27T11:49:18.009-0300] {processor.py:183} INFO - Processing /Users/davispecia/Documents/GitHub/Pf_pipeline_dados/Projeto_final_fase3/venv/lib/python3.9/site-packages/airflow/example_dags/tutorial_taskflow_api.py took 0.108 seconds
[2025-11-27T11:50:22.973-0300] {processor.py:161} INFO - Started process (PID=96157) to work on /Users/davispecia/Documents/GitHub/Pf_pipeline_dados/Projeto_final_fase3/venv/lib/python3.9/site-packages/airflow/example_dags/tutorial_taskflow_api.py
[2025-11-27T11:50:22.973-0300] {processor.py:830} INFO - Processing file /Users/davispecia/Documents/GitHub/Pf_pipeline_dados/Projeto_final_fase3/venv/lib/python3.9/site-packages/airflow/example_dags/tutorial_taskflow_api.py for tasks to queue
[2025-11-27T11:50:22.974-0300] {logging_mixin.py:188} INFO - [2025-11-27T11:50:22.974-0300] {dagbag.py:545} INFO - Filling up the DagBag from /Users/davispecia/Documents/GitHub/Pf_pipeline_dados/Projeto_final_fase3/venv/lib/python3.9/site-packages/airflow/example_dags/tutorial_taskflow_api.py
[2025-11-27T11:50:22.992-0300] {processor.py:840} INFO - DAG(s) 'tutorial_taskflow_api' retrieved from /Users/davispecia/Documents/GitHub/Pf_pipeline_dados/Projeto_final_fase3/venv/lib/python3.9/site-packages/airflow/example_dags/tutorial_taskflow_api.py
[2025-11-27T11:50:23.066-0300] {logging_mixin.py:188} INFO - [2025-11-27T11:50:23.065-0300] {dag.py:3089} INFO - Sync 1 DAGs
[2025-11-27T11:50:23.071-0300] {logging_mixin.py:188} INFO - [2025-11-27T11:50:23.071-0300] {dag.py:3947} INFO - Setting next_dagrun for tutorial_taskflow_api to None, run_after=None
[2025-11-27T11:50:23.080-0300] {processor.py:183} INFO - Processing /Users/davispecia/Documents/GitHub/Pf_pipeline_dados/Projeto_final_fase3/venv/lib/python3.9/site-packages/airflow/example_dags/tutorial_taskflow_api.py took 0.110 seconds
[2025-11-27T11:51:27.196-0300] {processor.py:161} INFO - Started process (PID=96313) to work on /Users/davispecia/Documents/GitHub/Pf_pipeline_dados/Projeto_final_fase3/venv/lib/python3.9/site-packages/airflow/example_dags/tutorial_taskflow_api.py
[2025-11-27T11:51:27.197-0300] {processor.py:830} INFO - Processing file /Users/davispecia/Documents/GitHub/Pf_pipeline_dados/Projeto_final_fase3/venv/lib/python3.9/site-packages/airflow/example_dags/tutorial_taskflow_api.py for tasks to queue
[2025-11-27T11:51:27.197-0300] {logging_mixin.py:188} INFO - [2025-11-27T11:51:27.197-0300] {dagbag.py:545} INFO - Filling up the DagBag from /Users/davispecia/Documents/GitHub/Pf_pipeline_dados/Projeto_final_fase3/venv/lib/python3.9/site-packages/airflow/example_dags/tutorial_taskflow_api.py
[2025-11-27T11:51:27.215-0300] {processor.py:840} INFO - DAG(s) 'tutorial_taskflow_api' retrieved from /Users/davispecia/Documents/GitHub/Pf_pipeline_dados/Projeto_final_fase3/venv/lib/python3.9/site-packages/airflow/example_dags/tutorial_taskflow_api.py
[2025-11-27T11:51:27.287-0300] {logging_mixin.py:188} INFO - [2025-11-27T11:51:27.287-0300] {dag.py:3089} INFO - Sync 1 DAGs
[2025-11-27T11:51:27.293-0300] {logging_mixin.py:188} INFO - [2025-11-27T11:51:27.293-0300] {dag.py:3947} INFO - Setting next_dagrun for tutorial_taskflow_api to None, run_after=None
[2025-11-27T11:51:27.302-0300] {processor.py:183} INFO - Processing /Users/davispecia/Documents/GitHub/Pf_pipeline_dados/Projeto_final_fase3/venv/lib/python3.9/site-packages/airflow/example_dags/tutorial_taskflow_api.py took 0.108 seconds
[2025-11-27T11:52:27.909-0300] {processor.py:161} INFO - Started process (PID=96465) to work on /Users/davispecia/Documents/GitHub/Pf_pipeline_dados/Projeto_final_fase3/venv/lib/python3.9/site-packages/airflow/example_dags/tutorial_taskflow_api.py
[2025-11-27T11:52:27.910-0300] {processor.py:830} INFO - Processing file /Users/davispecia/Documents/GitHub/Pf_pipeline_dados/Projeto_final_fase3/venv/lib/python3.9/site-packages/airflow/example_dags/tutorial_taskflow_api.py for tasks to queue
[2025-11-27T11:52:27.910-0300] {logging_mixin.py:188} INFO - [2025-11-27T11:52:27.910-0300] {dagbag.py:545} INFO - Filling up the DagBag from /Users/davispecia/Documents/GitHub/Pf_pipeline_dados/Projeto_final_fase3/venv/lib/python3.9/site-packages/airflow/example_dags/tutorial_taskflow_api.py
[2025-11-27T11:52:27.928-0300] {processor.py:840} INFO - DAG(s) 'tutorial_taskflow_api' retrieved from /Users/davispecia/Documents/GitHub/Pf_pipeline_dados/Projeto_final_fase3/venv/lib/python3.9/site-packages/airflow/example_dags/tutorial_taskflow_api.py
[2025-11-27T11:52:28.005-0300] {logging_mixin.py:188} INFO - [2025-11-27T11:52:28.005-0300] {dag.py:3089} INFO - Sync 1 DAGs
[2025-11-27T11:52:28.011-0300] {logging_mixin.py:188} INFO - [2025-11-27T11:52:28.011-0300] {dag.py:3947} INFO - Setting next_dagrun for tutorial_taskflow_api to None, run_after=None
[2025-11-27T11:52:28.021-0300] {processor.py:183} INFO - Processing /Users/davispecia/Documents/GitHub/Pf_pipeline_dados/Projeto_final_fase3/venv/lib/python3.9/site-packages/airflow/example_dags/tutorial_taskflow_api.py took 0.113 seconds
[2025-11-27T11:53:37.731-0300] {processor.py:161} INFO - Started process (PID=96788) to work on /Users/davispecia/Documents/GitHub/Pf_pipeline_dados/Projeto_final_fase3/venv/lib/python3.9/site-packages/airflow/example_dags/tutorial_taskflow_api.py
[2025-11-27T11:53:37.732-0300] {processor.py:830} INFO - Processing file /Users/davispecia/Documents/GitHub/Pf_pipeline_dados/Projeto_final_fase3/venv/lib/python3.9/site-packages/airflow/example_dags/tutorial_taskflow_api.py for tasks to queue
[2025-11-27T11:53:37.732-0300] {logging_mixin.py:188} INFO - [2025-11-27T11:53:37.732-0300] {dagbag.py:545} INFO - Filling up the DagBag from /Users/davispecia/Documents/GitHub/Pf_pipeline_dados/Projeto_final_fase3/venv/lib/python3.9/site-packages/airflow/example_dags/tutorial_taskflow_api.py
[2025-11-27T11:53:37.750-0300] {processor.py:840} INFO - DAG(s) 'tutorial_taskflow_api' retrieved from /Users/davispecia/Documents/GitHub/Pf_pipeline_dados/Projeto_final_fase3/venv/lib/python3.9/site-packages/airflow/example_dags/tutorial_taskflow_api.py
[2025-11-27T11:53:37.824-0300] {logging_mixin.py:188} INFO - [2025-11-27T11:53:37.824-0300] {dag.py:3089} INFO - Sync 1 DAGs
[2025-11-27T11:53:37.829-0300] {logging_mixin.py:188} INFO - [2025-11-27T11:53:37.829-0300] {dag.py:3947} INFO - Setting next_dagrun for tutorial_taskflow_api to None, run_after=None
[2025-11-27T11:53:37.838-0300] {processor.py:183} INFO - Processing /Users/davispecia/Documents/GitHub/Pf_pipeline_dados/Projeto_final_fase3/venv/lib/python3.9/site-packages/airflow/example_dags/tutorial_taskflow_api.py took 0.110 seconds
[2025-11-27T11:54:40.802-0300] {processor.py:161} INFO - Started process (PID=96939) to work on /Users/davispecia/Documents/GitHub/Pf_pipeline_dados/Projeto_final_fase3/venv/lib/python3.9/site-packages/airflow/example_dags/tutorial_taskflow_api.py
[2025-11-27T11:54:40.802-0300] {processor.py:830} INFO - Processing file /Users/davispecia/Documents/GitHub/Pf_pipeline_dados/Projeto_final_fase3/venv/lib/python3.9/site-packages/airflow/example_dags/tutorial_taskflow_api.py for tasks to queue
[2025-11-27T11:54:40.802-0300] {logging_mixin.py:188} INFO - [2025-11-27T11:54:40.802-0300] {dagbag.py:545} INFO - Filling up the DagBag from /Users/davispecia/Documents/GitHub/Pf_pipeline_dados/Projeto_final_fase3/venv/lib/python3.9/site-packages/airflow/example_dags/tutorial_taskflow_api.py
[2025-11-27T11:54:40.820-0300] {processor.py:840} INFO - DAG(s) 'tutorial_taskflow_api' retrieved from /Users/davispecia/Documents/GitHub/Pf_pipeline_dados/Projeto_final_fase3/venv/lib/python3.9/site-packages/airflow/example_dags/tutorial_taskflow_api.py
[2025-11-27T11:54:40.893-0300] {logging_mixin.py:188} INFO - [2025-11-27T11:54:40.892-0300] {dag.py:3089} INFO - Sync 1 DAGs
[2025-11-27T11:54:40.898-0300] {logging_mixin.py:188} INFO - [2025-11-27T11:54:40.898-0300] {dag.py:3947} INFO - Setting next_dagrun for tutorial_taskflow_api to None, run_after=None
[2025-11-27T11:54:40.907-0300] {processor.py:183} INFO - Processing /Users/davispecia/Documents/GitHub/Pf_pipeline_dados/Projeto_final_fase3/venv/lib/python3.9/site-packages/airflow/example_dags/tutorial_taskflow_api.py took 0.108 seconds
[2025-11-27T11:55:38.902-0300] {processor.py:161} INFO - Started process (PID=97076) to work on /Users/davispecia/Documents/GitHub/Pf_pipeline_dados/Projeto_final_fase3/venv/lib/python3.9/site-packages/airflow/example_dags/tutorial_taskflow_api.py
[2025-11-27T11:55:38.903-0300] {processor.py:830} INFO - Processing file /Users/davispecia/Documents/GitHub/Pf_pipeline_dados/Projeto_final_fase3/venv/lib/python3.9/site-packages/airflow/example_dags/tutorial_taskflow_api.py for tasks to queue
[2025-11-27T11:55:38.903-0300] {logging_mixin.py:188} INFO - [2025-11-27T11:55:38.903-0300] {dagbag.py:545} INFO - Filling up the DagBag from /Users/davispecia/Documents/GitHub/Pf_pipeline_dados/Projeto_final_fase3/venv/lib/python3.9/site-packages/airflow/example_dags/tutorial_taskflow_api.py
[2025-11-27T11:55:38.921-0300] {processor.py:840} INFO - DAG(s) 'tutorial_taskflow_api' retrieved from /Users/davispecia/Documents/GitHub/Pf_pipeline_dados/Projeto_final_fase3/venv/lib/python3.9/site-packages/airflow/example_dags/tutorial_taskflow_api.py
[2025-11-27T11:55:38.998-0300] {logging_mixin.py:188} INFO - [2025-11-27T11:55:38.997-0300] {dag.py:3089} INFO - Sync 1 DAGs
[2025-11-27T11:55:39.013-0300] {logging_mixin.py:188} INFO - [2025-11-27T11:55:39.013-0300] {dag.py:3947} INFO - Setting next_dagrun for tutorial_taskflow_api to None, run_after=None
[2025-11-27T11:55:39.027-0300] {processor.py:183} INFO - Processing /Users/davispecia/Documents/GitHub/Pf_pipeline_dados/Projeto_final_fase3/venv/lib/python3.9/site-packages/airflow/example_dags/tutorial_taskflow_api.py took 0.127 seconds
[2025-11-27T11:56:39.897-0300] {processor.py:161} INFO - Started process (PID=97221) to work on /Users/davispecia/Documents/GitHub/Pf_pipeline_dados/Projeto_final_fase3/venv/lib/python3.9/site-packages/airflow/example_dags/tutorial_taskflow_api.py
[2025-11-27T11:56:39.898-0300] {processor.py:830} INFO - Processing file /Users/davispecia/Documents/GitHub/Pf_pipeline_dados/Projeto_final_fase3/venv/lib/python3.9/site-packages/airflow/example_dags/tutorial_taskflow_api.py for tasks to queue
[2025-11-27T11:56:39.898-0300] {logging_mixin.py:188} INFO - [2025-11-27T11:56:39.898-0300] {dagbag.py:545} INFO - Filling up the DagBag from /Users/davispecia/Documents/GitHub/Pf_pipeline_dados/Projeto_final_fase3/venv/lib/python3.9/site-packages/airflow/example_dags/tutorial_taskflow_api.py
[2025-11-27T11:56:39.917-0300] {processor.py:840} INFO - DAG(s) 'tutorial_taskflow_api' retrieved from /Users/davispecia/Documents/GitHub/Pf_pipeline_dados/Projeto_final_fase3/venv/lib/python3.9/site-packages/airflow/example_dags/tutorial_taskflow_api.py
[2025-11-27T11:56:39.991-0300] {logging_mixin.py:188} INFO - [2025-11-27T11:56:39.991-0300] {dag.py:3089} INFO - Sync 1 DAGs
[2025-11-27T11:56:39.996-0300] {logging_mixin.py:188} INFO - [2025-11-27T11:56:39.996-0300] {dag.py:3947} INFO - Setting next_dagrun for tutorial_taskflow_api to None, run_after=None
[2025-11-27T11:56:40.006-0300] {processor.py:183} INFO - Processing /Users/davispecia/Documents/GitHub/Pf_pipeline_dados/Projeto_final_fase3/venv/lib/python3.9/site-packages/airflow/example_dags/tutorial_taskflow_api.py took 0.110 seconds
[2025-11-27T11:57:43.210-0300] {processor.py:161} INFO - Started process (PID=97378) to work on /Users/davispecia/Documents/GitHub/Pf_pipeline_dados/Projeto_final_fase3/venv/lib/python3.9/site-packages/airflow/example_dags/tutorial_taskflow_api.py
[2025-11-27T11:57:43.211-0300] {processor.py:830} INFO - Processing file /Users/davispecia/Documents/GitHub/Pf_pipeline_dados/Projeto_final_fase3/venv/lib/python3.9/site-packages/airflow/example_dags/tutorial_taskflow_api.py for tasks to queue
[2025-11-27T11:57:43.211-0300] {logging_mixin.py:188} INFO - [2025-11-27T11:57:43.211-0300] {dagbag.py:545} INFO - Filling up the DagBag from /Users/davispecia/Documents/GitHub/Pf_pipeline_dados/Projeto_final_fase3/venv/lib/python3.9/site-packages/airflow/example_dags/tutorial_taskflow_api.py
[2025-11-27T11:57:43.230-0300] {processor.py:840} INFO - DAG(s) 'tutorial_taskflow_api' retrieved from /Users/davispecia/Documents/GitHub/Pf_pipeline_dados/Projeto_final_fase3/venv/lib/python3.9/site-packages/airflow/example_dags/tutorial_taskflow_api.py
[2025-11-27T11:57:43.307-0300] {logging_mixin.py:188} INFO - [2025-11-27T11:57:43.307-0300] {dag.py:3089} INFO - Sync 1 DAGs
[2025-11-27T11:57:43.312-0300] {logging_mixin.py:188} INFO - [2025-11-27T11:57:43.312-0300] {dag.py:3947} INFO - Setting next_dagrun for tutorial_taskflow_api to None, run_after=None
[2025-11-27T11:57:43.322-0300] {processor.py:183} INFO - Processing /Users/davispecia/Documents/GitHub/Pf_pipeline_dados/Projeto_final_fase3/venv/lib/python3.9/site-packages/airflow/example_dags/tutorial_taskflow_api.py took 0.114 seconds
[2025-11-27T11:58:57.418-0300] {processor.py:161} INFO - Started process (PID=97617) to work on /Users/davispecia/Documents/GitHub/Pf_pipeline_dados/Projeto_final_fase3/venv/lib/python3.9/site-packages/airflow/example_dags/tutorial_taskflow_api.py
[2025-11-27T11:58:57.420-0300] {processor.py:830} INFO - Processing file /Users/davispecia/Documents/GitHub/Pf_pipeline_dados/Projeto_final_fase3/venv/lib/python3.9/site-packages/airflow/example_dags/tutorial_taskflow_api.py for tasks to queue
[2025-11-27T11:58:57.420-0300] {logging_mixin.py:188} INFO - [2025-11-27T11:58:57.420-0300] {dagbag.py:545} INFO - Filling up the DagBag from /Users/davispecia/Documents/GitHub/Pf_pipeline_dados/Projeto_final_fase3/venv/lib/python3.9/site-packages/airflow/example_dags/tutorial_taskflow_api.py
[2025-11-27T11:58:57.438-0300] {processor.py:840} INFO - DAG(s) 'tutorial_taskflow_api' retrieved from /Users/davispecia/Documents/GitHub/Pf_pipeline_dados/Projeto_final_fase3/venv/lib/python3.9/site-packages/airflow/example_dags/tutorial_taskflow_api.py
[2025-11-27T11:58:57.512-0300] {logging_mixin.py:188} INFO - [2025-11-27T11:58:57.511-0300] {dag.py:3089} INFO - Sync 1 DAGs
[2025-11-27T11:58:57.517-0300] {logging_mixin.py:188} INFO - [2025-11-27T11:58:57.517-0300] {dag.py:3947} INFO - Setting next_dagrun for tutorial_taskflow_api to None, run_after=None
[2025-11-27T11:58:57.525-0300] {processor.py:183} INFO - Processing /Users/davispecia/Documents/GitHub/Pf_pipeline_dados/Projeto_final_fase3/venv/lib/python3.9/site-packages/airflow/example_dags/tutorial_taskflow_api.py took 0.109 seconds
[2025-11-27T12:00:03.020-0300] {processor.py:161} INFO - Started process (PID=97788) to work on /Users/davispecia/Documents/GitHub/Pf_pipeline_dados/Projeto_final_fase3/venv/lib/python3.9/site-packages/airflow/example_dags/tutorial_taskflow_api.py
[2025-11-27T12:00:03.021-0300] {processor.py:830} INFO - Processing file /Users/davispecia/Documents/GitHub/Pf_pipeline_dados/Projeto_final_fase3/venv/lib/python3.9/site-packages/airflow/example_dags/tutorial_taskflow_api.py for tasks to queue
[2025-11-27T12:00:03.022-0300] {logging_mixin.py:188} INFO - [2025-11-27T12:00:03.022-0300] {dagbag.py:545} INFO - Filling up the DagBag from /Users/davispecia/Documents/GitHub/Pf_pipeline_dados/Projeto_final_fase3/venv/lib/python3.9/site-packages/airflow/example_dags/tutorial_taskflow_api.py
[2025-11-27T12:00:03.040-0300] {processor.py:840} INFO - DAG(s) 'tutorial_taskflow_api' retrieved from /Users/davispecia/Documents/GitHub/Pf_pipeline_dados/Projeto_final_fase3/venv/lib/python3.9/site-packages/airflow/example_dags/tutorial_taskflow_api.py
[2025-11-27T12:00:03.111-0300] {logging_mixin.py:188} INFO - [2025-11-27T12:00:03.111-0300] {dag.py:3089} INFO - Sync 1 DAGs
[2025-11-27T12:00:03.116-0300] {logging_mixin.py:188} INFO - [2025-11-27T12:00:03.116-0300] {dag.py:3947} INFO - Setting next_dagrun for tutorial_taskflow_api to None, run_after=None
[2025-11-27T12:00:03.125-0300] {processor.py:183} INFO - Processing /Users/davispecia/Documents/GitHub/Pf_pipeline_dados/Projeto_final_fase3/venv/lib/python3.9/site-packages/airflow/example_dags/tutorial_taskflow_api.py took 0.107 seconds
[2025-11-27T12:01:08.304-0300] {processor.py:161} INFO - Started process (PID=97939) to work on /Users/davispecia/Documents/GitHub/Pf_pipeline_dados/Projeto_final_fase3/venv/lib/python3.9/site-packages/airflow/example_dags/tutorial_taskflow_api.py
[2025-11-27T12:01:08.305-0300] {processor.py:830} INFO - Processing file /Users/davispecia/Documents/GitHub/Pf_pipeline_dados/Projeto_final_fase3/venv/lib/python3.9/site-packages/airflow/example_dags/tutorial_taskflow_api.py for tasks to queue
[2025-11-27T12:01:08.305-0300] {logging_mixin.py:188} INFO - [2025-11-27T12:01:08.305-0300] {dagbag.py:545} INFO - Filling up the DagBag from /Users/davispecia/Documents/GitHub/Pf_pipeline_dados/Projeto_final_fase3/venv/lib/python3.9/site-packages/airflow/example_dags/tutorial_taskflow_api.py
[2025-11-27T12:01:08.325-0300] {processor.py:840} INFO - DAG(s) 'tutorial_taskflow_api' retrieved from /Users/davispecia/Documents/GitHub/Pf_pipeline_dados/Projeto_final_fase3/venv/lib/python3.9/site-packages/airflow/example_dags/tutorial_taskflow_api.py
[2025-11-27T12:01:08.401-0300] {logging_mixin.py:188} INFO - [2025-11-27T12:01:08.401-0300] {dag.py:3089} INFO - Sync 1 DAGs
[2025-11-27T12:01:08.406-0300] {logging_mixin.py:188} INFO - [2025-11-27T12:01:08.406-0300] {dag.py:3947} INFO - Setting next_dagrun for tutorial_taskflow_api to None, run_after=None
[2025-11-27T12:01:08.416-0300] {processor.py:183} INFO - Processing /Users/davispecia/Documents/GitHub/Pf_pipeline_dados/Projeto_final_fase3/venv/lib/python3.9/site-packages/airflow/example_dags/tutorial_taskflow_api.py took 0.113 seconds
[2025-11-27T12:02:11.162-0300] {processor.py:161} INFO - Started process (PID=98088) to work on /Users/davispecia/Documents/GitHub/Pf_pipeline_dados/Projeto_final_fase3/venv/lib/python3.9/site-packages/airflow/example_dags/tutorial_taskflow_api.py
[2025-11-27T12:02:11.163-0300] {processor.py:830} INFO - Processing file /Users/davispecia/Documents/GitHub/Pf_pipeline_dados/Projeto_final_fase3/venv/lib/python3.9/site-packages/airflow/example_dags/tutorial_taskflow_api.py for tasks to queue
[2025-11-27T12:02:11.163-0300] {logging_mixin.py:188} INFO - [2025-11-27T12:02:11.163-0300] {dagbag.py:545} INFO - Filling up the DagBag from /Users/davispecia/Documents/GitHub/Pf_pipeline_dados/Projeto_final_fase3/venv/lib/python3.9/site-packages/airflow/example_dags/tutorial_taskflow_api.py
[2025-11-27T12:02:11.181-0300] {processor.py:840} INFO - DAG(s) 'tutorial_taskflow_api' retrieved from /Users/davispecia/Documents/GitHub/Pf_pipeline_dados/Projeto_final_fase3/venv/lib/python3.9/site-packages/airflow/example_dags/tutorial_taskflow_api.py
[2025-11-27T12:02:11.253-0300] {logging_mixin.py:188} INFO - [2025-11-27T12:02:11.253-0300] {dag.py:3089} INFO - Sync 1 DAGs
[2025-11-27T12:02:11.258-0300] {logging_mixin.py:188} INFO - [2025-11-27T12:02:11.258-0300] {dag.py:3947} INFO - Setting next_dagrun for tutorial_taskflow_api to None, run_after=None
[2025-11-27T12:02:11.268-0300] {processor.py:183} INFO - Processing /Users/davispecia/Documents/GitHub/Pf_pipeline_dados/Projeto_final_fase3/venv/lib/python3.9/site-packages/airflow/example_dags/tutorial_taskflow_api.py took 0.108 seconds
[2025-11-27T12:03:13.088-0300] {processor.py:161} INFO - Started process (PID=98239) to work on /Users/davispecia/Documents/GitHub/Pf_pipeline_dados/Projeto_final_fase3/venv/lib/python3.9/site-packages/airflow/example_dags/tutorial_taskflow_api.py
[2025-11-27T12:03:13.089-0300] {processor.py:830} INFO - Processing file /Users/davispecia/Documents/GitHub/Pf_pipeline_dados/Projeto_final_fase3/venv/lib/python3.9/site-packages/airflow/example_dags/tutorial_taskflow_api.py for tasks to queue
[2025-11-27T12:03:13.089-0300] {logging_mixin.py:188} INFO - [2025-11-27T12:03:13.089-0300] {dagbag.py:545} INFO - Filling up the DagBag from /Users/davispecia/Documents/GitHub/Pf_pipeline_dados/Projeto_final_fase3/venv/lib/python3.9/site-packages/airflow/example_dags/tutorial_taskflow_api.py
[2025-11-27T12:03:13.107-0300] {processor.py:840} INFO - DAG(s) 'tutorial_taskflow_api' retrieved from /Users/davispecia/Documents/GitHub/Pf_pipeline_dados/Projeto_final_fase3/venv/lib/python3.9/site-packages/airflow/example_dags/tutorial_taskflow_api.py
[2025-11-27T12:03:13.181-0300] {logging_mixin.py:188} INFO - [2025-11-27T12:03:13.181-0300] {dag.py:3089} INFO - Sync 1 DAGs
[2025-11-27T12:03:13.186-0300] {logging_mixin.py:188} INFO - [2025-11-27T12:03:13.186-0300] {dag.py:3947} INFO - Setting next_dagrun for tutorial_taskflow_api to None, run_after=None
[2025-11-27T12:03:13.196-0300] {processor.py:183} INFO - Processing /Users/davispecia/Documents/GitHub/Pf_pipeline_dados/Projeto_final_fase3/venv/lib/python3.9/site-packages/airflow/example_dags/tutorial_taskflow_api.py took 0.111 seconds
[2025-11-27T12:04:20.876-0300] {processor.py:161} INFO - Started process (PID=98456) to work on /Users/davispecia/Documents/GitHub/Pf_pipeline_dados/Projeto_final_fase3/venv/lib/python3.9/site-packages/airflow/example_dags/tutorial_taskflow_api.py
[2025-11-27T12:04:20.877-0300] {processor.py:830} INFO - Processing file /Users/davispecia/Documents/GitHub/Pf_pipeline_dados/Projeto_final_fase3/venv/lib/python3.9/site-packages/airflow/example_dags/tutorial_taskflow_api.py for tasks to queue
[2025-11-27T12:04:20.877-0300] {logging_mixin.py:188} INFO - [2025-11-27T12:04:20.877-0300] {dagbag.py:545} INFO - Filling up the DagBag from /Users/davispecia/Documents/GitHub/Pf_pipeline_dados/Projeto_final_fase3/venv/lib/python3.9/site-packages/airflow/example_dags/tutorial_taskflow_api.py
[2025-11-27T12:04:20.896-0300] {processor.py:840} INFO - DAG(s) 'tutorial_taskflow_api' retrieved from /Users/davispecia/Documents/GitHub/Pf_pipeline_dados/Projeto_final_fase3/venv/lib/python3.9/site-packages/airflow/example_dags/tutorial_taskflow_api.py
[2025-11-27T12:04:20.973-0300] {logging_mixin.py:188} INFO - [2025-11-27T12:04:20.972-0300] {dag.py:3089} INFO - Sync 1 DAGs
[2025-11-27T12:04:20.978-0300] {logging_mixin.py:188} INFO - [2025-11-27T12:04:20.978-0300] {dag.py:3947} INFO - Setting next_dagrun for tutorial_taskflow_api to None, run_after=None
[2025-11-27T12:04:20.988-0300] {processor.py:183} INFO - Processing /Users/davispecia/Documents/GitHub/Pf_pipeline_dados/Projeto_final_fase3/venv/lib/python3.9/site-packages/airflow/example_dags/tutorial_taskflow_api.py took 0.115 seconds
[2025-11-27T12:05:28.396-0300] {processor.py:161} INFO - Started process (PID=98671) to work on /Users/davispecia/Documents/GitHub/Pf_pipeline_dados/Projeto_final_fase3/venv/lib/python3.9/site-packages/airflow/example_dags/tutorial_taskflow_api.py
[2025-11-27T12:05:28.396-0300] {processor.py:830} INFO - Processing file /Users/davispecia/Documents/GitHub/Pf_pipeline_dados/Projeto_final_fase3/venv/lib/python3.9/site-packages/airflow/example_dags/tutorial_taskflow_api.py for tasks to queue
[2025-11-27T12:05:28.397-0300] {logging_mixin.py:188} INFO - [2025-11-27T12:05:28.396-0300] {dagbag.py:545} INFO - Filling up the DagBag from /Users/davispecia/Documents/GitHub/Pf_pipeline_dados/Projeto_final_fase3/venv/lib/python3.9/site-packages/airflow/example_dags/tutorial_taskflow_api.py
[2025-11-27T12:05:28.414-0300] {processor.py:840} INFO - DAG(s) 'tutorial_taskflow_api' retrieved from /Users/davispecia/Documents/GitHub/Pf_pipeline_dados/Projeto_final_fase3/venv/lib/python3.9/site-packages/airflow/example_dags/tutorial_taskflow_api.py
[2025-11-27T12:05:28.489-0300] {logging_mixin.py:188} INFO - [2025-11-27T12:05:28.489-0300] {dag.py:3089} INFO - Sync 1 DAGs
[2025-11-27T12:05:28.495-0300] {logging_mixin.py:188} INFO - [2025-11-27T12:05:28.495-0300] {dag.py:3947} INFO - Setting next_dagrun for tutorial_taskflow_api to None, run_after=None
[2025-11-27T12:05:28.504-0300] {processor.py:183} INFO - Processing /Users/davispecia/Documents/GitHub/Pf_pipeline_dados/Projeto_final_fase3/venv/lib/python3.9/site-packages/airflow/example_dags/tutorial_taskflow_api.py took 0.111 seconds
[2025-11-27T12:06:34.142-0300] {processor.py:161} INFO - Started process (PID=98825) to work on /Users/davispecia/Documents/GitHub/Pf_pipeline_dados/Projeto_final_fase3/venv/lib/python3.9/site-packages/airflow/example_dags/tutorial_taskflow_api.py
[2025-11-27T12:06:34.143-0300] {processor.py:830} INFO - Processing file /Users/davispecia/Documents/GitHub/Pf_pipeline_dados/Projeto_final_fase3/venv/lib/python3.9/site-packages/airflow/example_dags/tutorial_taskflow_api.py for tasks to queue
[2025-11-27T12:06:34.143-0300] {logging_mixin.py:188} INFO - [2025-11-27T12:06:34.143-0300] {dagbag.py:545} INFO - Filling up the DagBag from /Users/davispecia/Documents/GitHub/Pf_pipeline_dados/Projeto_final_fase3/venv/lib/python3.9/site-packages/airflow/example_dags/tutorial_taskflow_api.py
[2025-11-27T12:06:34.161-0300] {processor.py:840} INFO - DAG(s) 'tutorial_taskflow_api' retrieved from /Users/davispecia/Documents/GitHub/Pf_pipeline_dados/Projeto_final_fase3/venv/lib/python3.9/site-packages/airflow/example_dags/tutorial_taskflow_api.py
[2025-11-27T12:06:34.233-0300] {logging_mixin.py:188} INFO - [2025-11-27T12:06:34.233-0300] {dag.py:3089} INFO - Sync 1 DAGs
[2025-11-27T12:06:34.238-0300] {logging_mixin.py:188} INFO - [2025-11-27T12:06:34.238-0300] {dag.py:3947} INFO - Setting next_dagrun for tutorial_taskflow_api to None, run_after=None
[2025-11-27T12:06:34.247-0300] {processor.py:183} INFO - Processing /Users/davispecia/Documents/GitHub/Pf_pipeline_dados/Projeto_final_fase3/venv/lib/python3.9/site-packages/airflow/example_dags/tutorial_taskflow_api.py took 0.107 seconds
[2025-11-27T12:07:39.215-0300] {processor.py:161} INFO - Started process (PID=98984) to work on /Users/davispecia/Documents/GitHub/Pf_pipeline_dados/Projeto_final_fase3/venv/lib/python3.9/site-packages/airflow/example_dags/tutorial_taskflow_api.py
[2025-11-27T12:07:39.216-0300] {processor.py:830} INFO - Processing file /Users/davispecia/Documents/GitHub/Pf_pipeline_dados/Projeto_final_fase3/venv/lib/python3.9/site-packages/airflow/example_dags/tutorial_taskflow_api.py for tasks to queue
[2025-11-27T12:07:39.216-0300] {logging_mixin.py:188} INFO - [2025-11-27T12:07:39.216-0300] {dagbag.py:545} INFO - Filling up the DagBag from /Users/davispecia/Documents/GitHub/Pf_pipeline_dados/Projeto_final_fase3/venv/lib/python3.9/site-packages/airflow/example_dags/tutorial_taskflow_api.py
[2025-11-27T12:07:39.233-0300] {processor.py:840} INFO - DAG(s) 'tutorial_taskflow_api' retrieved from /Users/davispecia/Documents/GitHub/Pf_pipeline_dados/Projeto_final_fase3/venv/lib/python3.9/site-packages/airflow/example_dags/tutorial_taskflow_api.py
[2025-11-27T12:07:39.302-0300] {logging_mixin.py:188} INFO - [2025-11-27T12:07:39.302-0300] {dag.py:3089} INFO - Sync 1 DAGs
[2025-11-27T12:07:39.307-0300] {logging_mixin.py:188} INFO - [2025-11-27T12:07:39.307-0300] {dag.py:3947} INFO - Setting next_dagrun for tutorial_taskflow_api to None, run_after=None
[2025-11-27T12:07:39.317-0300] {processor.py:183} INFO - Processing /Users/davispecia/Documents/GitHub/Pf_pipeline_dados/Projeto_final_fase3/venv/lib/python3.9/site-packages/airflow/example_dags/tutorial_taskflow_api.py took 0.104 seconds
[2025-11-27T12:08:42.302-0300] {processor.py:161} INFO - Started process (PID=99134) to work on /Users/davispecia/Documents/GitHub/Pf_pipeline_dados/Projeto_final_fase3/venv/lib/python3.9/site-packages/airflow/example_dags/tutorial_taskflow_api.py
[2025-11-27T12:08:42.303-0300] {processor.py:830} INFO - Processing file /Users/davispecia/Documents/GitHub/Pf_pipeline_dados/Projeto_final_fase3/venv/lib/python3.9/site-packages/airflow/example_dags/tutorial_taskflow_api.py for tasks to queue
[2025-11-27T12:08:42.304-0300] {logging_mixin.py:188} INFO - [2025-11-27T12:08:42.304-0300] {dagbag.py:545} INFO - Filling up the DagBag from /Users/davispecia/Documents/GitHub/Pf_pipeline_dados/Projeto_final_fase3/venv/lib/python3.9/site-packages/airflow/example_dags/tutorial_taskflow_api.py
[2025-11-27T12:08:42.321-0300] {processor.py:840} INFO - DAG(s) 'tutorial_taskflow_api' retrieved from /Users/davispecia/Documents/GitHub/Pf_pipeline_dados/Projeto_final_fase3/venv/lib/python3.9/site-packages/airflow/example_dags/tutorial_taskflow_api.py
[2025-11-27T12:08:42.391-0300] {logging_mixin.py:188} INFO - [2025-11-27T12:08:42.390-0300] {dag.py:3089} INFO - Sync 1 DAGs
[2025-11-27T12:08:42.396-0300] {logging_mixin.py:188} INFO - [2025-11-27T12:08:42.396-0300] {dag.py:3947} INFO - Setting next_dagrun for tutorial_taskflow_api to None, run_after=None
[2025-11-27T12:08:42.405-0300] {processor.py:183} INFO - Processing /Users/davispecia/Documents/GitHub/Pf_pipeline_dados/Projeto_final_fase3/venv/lib/python3.9/site-packages/airflow/example_dags/tutorial_taskflow_api.py took 0.105 seconds
[2025-11-27T12:09:44.875-0300] {processor.py:161} INFO - Started process (PID=99286) to work on /Users/davispecia/Documents/GitHub/Pf_pipeline_dados/Projeto_final_fase3/venv/lib/python3.9/site-packages/airflow/example_dags/tutorial_taskflow_api.py
[2025-11-27T12:09:44.875-0300] {processor.py:830} INFO - Processing file /Users/davispecia/Documents/GitHub/Pf_pipeline_dados/Projeto_final_fase3/venv/lib/python3.9/site-packages/airflow/example_dags/tutorial_taskflow_api.py for tasks to queue
[2025-11-27T12:09:44.876-0300] {logging_mixin.py:188} INFO - [2025-11-27T12:09:44.876-0300] {dagbag.py:545} INFO - Filling up the DagBag from /Users/davispecia/Documents/GitHub/Pf_pipeline_dados/Projeto_final_fase3/venv/lib/python3.9/site-packages/airflow/example_dags/tutorial_taskflow_api.py
[2025-11-27T12:09:44.894-0300] {processor.py:840} INFO - DAG(s) 'tutorial_taskflow_api' retrieved from /Users/davispecia/Documents/GitHub/Pf_pipeline_dados/Projeto_final_fase3/venv/lib/python3.9/site-packages/airflow/example_dags/tutorial_taskflow_api.py
[2025-11-27T12:09:44.973-0300] {logging_mixin.py:188} INFO - [2025-11-27T12:09:44.973-0300] {dag.py:3089} INFO - Sync 1 DAGs
[2025-11-27T12:09:44.979-0300] {logging_mixin.py:188} INFO - [2025-11-27T12:09:44.979-0300] {dag.py:3947} INFO - Setting next_dagrun for tutorial_taskflow_api to None, run_after=None
[2025-11-27T12:09:44.989-0300] {processor.py:183} INFO - Processing /Users/davispecia/Documents/GitHub/Pf_pipeline_dados/Projeto_final_fase3/venv/lib/python3.9/site-packages/airflow/example_dags/tutorial_taskflow_api.py took 0.116 seconds
[2025-11-27T12:10:57.883-0300] {processor.py:161} INFO - Started process (PID=99517) to work on /Users/davispecia/Documents/GitHub/Pf_pipeline_dados/Projeto_final_fase3/venv/lib/python3.9/site-packages/airflow/example_dags/tutorial_taskflow_api.py
[2025-11-27T12:10:57.883-0300] {processor.py:830} INFO - Processing file /Users/davispecia/Documents/GitHub/Pf_pipeline_dados/Projeto_final_fase3/venv/lib/python3.9/site-packages/airflow/example_dags/tutorial_taskflow_api.py for tasks to queue
[2025-11-27T12:10:57.884-0300] {logging_mixin.py:188} INFO - [2025-11-27T12:10:57.884-0300] {dagbag.py:545} INFO - Filling up the DagBag from /Users/davispecia/Documents/GitHub/Pf_pipeline_dados/Projeto_final_fase3/venv/lib/python3.9/site-packages/airflow/example_dags/tutorial_taskflow_api.py
[2025-11-27T12:10:57.901-0300] {processor.py:840} INFO - DAG(s) 'tutorial_taskflow_api' retrieved from /Users/davispecia/Documents/GitHub/Pf_pipeline_dados/Projeto_final_fase3/venv/lib/python3.9/site-packages/airflow/example_dags/tutorial_taskflow_api.py
[2025-11-27T12:10:57.976-0300] {logging_mixin.py:188} INFO - [2025-11-27T12:10:57.976-0300] {dag.py:3089} INFO - Sync 1 DAGs
[2025-11-27T12:10:57.982-0300] {logging_mixin.py:188} INFO - [2025-11-27T12:10:57.981-0300] {dag.py:3947} INFO - Setting next_dagrun for tutorial_taskflow_api to None, run_after=None
[2025-11-27T12:10:57.992-0300] {processor.py:183} INFO - Processing /Users/davispecia/Documents/GitHub/Pf_pipeline_dados/Projeto_final_fase3/venv/lib/python3.9/site-packages/airflow/example_dags/tutorial_taskflow_api.py took 0.111 seconds
[2025-11-27T12:12:01.285-0300] {processor.py:161} INFO - Started process (PID=99666) to work on /Users/davispecia/Documents/GitHub/Pf_pipeline_dados/Projeto_final_fase3/venv/lib/python3.9/site-packages/airflow/example_dags/tutorial_taskflow_api.py
[2025-11-27T12:12:01.286-0300] {processor.py:830} INFO - Processing file /Users/davispecia/Documents/GitHub/Pf_pipeline_dados/Projeto_final_fase3/venv/lib/python3.9/site-packages/airflow/example_dags/tutorial_taskflow_api.py for tasks to queue
[2025-11-27T12:12:01.287-0300] {logging_mixin.py:188} INFO - [2025-11-27T12:12:01.287-0300] {dagbag.py:545} INFO - Filling up the DagBag from /Users/davispecia/Documents/GitHub/Pf_pipeline_dados/Projeto_final_fase3/venv/lib/python3.9/site-packages/airflow/example_dags/tutorial_taskflow_api.py
[2025-11-27T12:12:01.304-0300] {processor.py:840} INFO - DAG(s) 'tutorial_taskflow_api' retrieved from /Users/davispecia/Documents/GitHub/Pf_pipeline_dados/Projeto_final_fase3/venv/lib/python3.9/site-packages/airflow/example_dags/tutorial_taskflow_api.py
[2025-11-27T12:12:01.377-0300] {logging_mixin.py:188} INFO - [2025-11-27T12:12:01.377-0300] {dag.py:3089} INFO - Sync 1 DAGs
[2025-11-27T12:12:01.382-0300] {logging_mixin.py:188} INFO - [2025-11-27T12:12:01.382-0300] {dag.py:3947} INFO - Setting next_dagrun for tutorial_taskflow_api to None, run_after=None
[2025-11-27T12:12:01.392-0300] {processor.py:183} INFO - Processing /Users/davispecia/Documents/GitHub/Pf_pipeline_dados/Projeto_final_fase3/venv/lib/python3.9/site-packages/airflow/example_dags/tutorial_taskflow_api.py took 0.109 seconds
[2025-11-27T12:13:03.705-0300] {processor.py:161} INFO - Started process (PID=99814) to work on /Users/davispecia/Documents/GitHub/Pf_pipeline_dados/Projeto_final_fase3/venv/lib/python3.9/site-packages/airflow/example_dags/tutorial_taskflow_api.py
[2025-11-27T12:13:03.705-0300] {processor.py:830} INFO - Processing file /Users/davispecia/Documents/GitHub/Pf_pipeline_dados/Projeto_final_fase3/venv/lib/python3.9/site-packages/airflow/example_dags/tutorial_taskflow_api.py for tasks to queue
[2025-11-27T12:13:03.706-0300] {logging_mixin.py:188} INFO - [2025-11-27T12:13:03.706-0300] {dagbag.py:545} INFO - Filling up the DagBag from /Users/davispecia/Documents/GitHub/Pf_pipeline_dados/Projeto_final_fase3/venv/lib/python3.9/site-packages/airflow/example_dags/tutorial_taskflow_api.py
[2025-11-27T12:13:03.723-0300] {processor.py:840} INFO - DAG(s) 'tutorial_taskflow_api' retrieved from /Users/davispecia/Documents/GitHub/Pf_pipeline_dados/Projeto_final_fase3/venv/lib/python3.9/site-packages/airflow/example_dags/tutorial_taskflow_api.py
[2025-11-27T12:13:03.797-0300] {logging_mixin.py:188} INFO - [2025-11-27T12:13:03.797-0300] {dag.py:3089} INFO - Sync 1 DAGs
[2025-11-27T12:13:03.802-0300] {logging_mixin.py:188} INFO - [2025-11-27T12:13:03.802-0300] {dag.py:3947} INFO - Setting next_dagrun for tutorial_taskflow_api to None, run_after=None
[2025-11-27T12:13:03.812-0300] {processor.py:183} INFO - Processing /Users/davispecia/Documents/GitHub/Pf_pipeline_dados/Projeto_final_fase3/venv/lib/python3.9/site-packages/airflow/example_dags/tutorial_taskflow_api.py took 0.109 seconds
[2025-11-27T12:14:07.273-0300] {processor.py:161} INFO - Started process (PID=99966) to work on /Users/davispecia/Documents/GitHub/Pf_pipeline_dados/Projeto_final_fase3/venv/lib/python3.9/site-packages/airflow/example_dags/tutorial_taskflow_api.py
[2025-11-27T12:14:07.274-0300] {processor.py:830} INFO - Processing file /Users/davispecia/Documents/GitHub/Pf_pipeline_dados/Projeto_final_fase3/venv/lib/python3.9/site-packages/airflow/example_dags/tutorial_taskflow_api.py for tasks to queue
[2025-11-27T12:14:07.275-0300] {logging_mixin.py:188} INFO - [2025-11-27T12:14:07.275-0300] {dagbag.py:545} INFO - Filling up the DagBag from /Users/davispecia/Documents/GitHub/Pf_pipeline_dados/Projeto_final_fase3/venv/lib/python3.9/site-packages/airflow/example_dags/tutorial_taskflow_api.py
[2025-11-27T12:14:07.293-0300] {processor.py:840} INFO - DAG(s) 'tutorial_taskflow_api' retrieved from /Users/davispecia/Documents/GitHub/Pf_pipeline_dados/Projeto_final_fase3/venv/lib/python3.9/site-packages/airflow/example_dags/tutorial_taskflow_api.py
[2025-11-27T12:14:07.365-0300] {logging_mixin.py:188} INFO - [2025-11-27T12:14:07.365-0300] {dag.py:3089} INFO - Sync 1 DAGs
[2025-11-27T12:14:07.370-0300] {logging_mixin.py:188} INFO - [2025-11-27T12:14:07.370-0300] {dag.py:3947} INFO - Setting next_dagrun for tutorial_taskflow_api to None, run_after=None
[2025-11-27T12:14:07.380-0300] {processor.py:183} INFO - Processing /Users/davispecia/Documents/GitHub/Pf_pipeline_dados/Projeto_final_fase3/venv/lib/python3.9/site-packages/airflow/example_dags/tutorial_taskflow_api.py took 0.109 seconds
[2025-11-27T12:15:08.013-0300] {processor.py:161} INFO - Started process (PID=267) to work on /Users/davispecia/Documents/GitHub/Pf_pipeline_dados/Projeto_final_fase3/venv/lib/python3.9/site-packages/airflow/example_dags/tutorial_taskflow_api.py
[2025-11-27T12:15:08.013-0300] {processor.py:830} INFO - Processing file /Users/davispecia/Documents/GitHub/Pf_pipeline_dados/Projeto_final_fase3/venv/lib/python3.9/site-packages/airflow/example_dags/tutorial_taskflow_api.py for tasks to queue
[2025-11-27T12:15:08.014-0300] {logging_mixin.py:188} INFO - [2025-11-27T12:15:08.014-0300] {dagbag.py:545} INFO - Filling up the DagBag from /Users/davispecia/Documents/GitHub/Pf_pipeline_dados/Projeto_final_fase3/venv/lib/python3.9/site-packages/airflow/example_dags/tutorial_taskflow_api.py
[2025-11-27T12:15:08.030-0300] {processor.py:840} INFO - DAG(s) 'tutorial_taskflow_api' retrieved from /Users/davispecia/Documents/GitHub/Pf_pipeline_dados/Projeto_final_fase3/venv/lib/python3.9/site-packages/airflow/example_dags/tutorial_taskflow_api.py
[2025-11-27T12:15:08.098-0300] {logging_mixin.py:188} INFO - [2025-11-27T12:15:08.098-0300] {dag.py:3089} INFO - Sync 1 DAGs
[2025-11-27T12:15:08.104-0300] {logging_mixin.py:188} INFO - [2025-11-27T12:15:08.104-0300] {dag.py:3947} INFO - Setting next_dagrun for tutorial_taskflow_api to None, run_after=None
[2025-11-27T12:15:08.114-0300] {processor.py:183} INFO - Processing /Users/davispecia/Documents/GitHub/Pf_pipeline_dados/Projeto_final_fase3/venv/lib/python3.9/site-packages/airflow/example_dags/tutorial_taskflow_api.py took 0.103 seconds
[2025-11-27T12:16:20.575-0300] {processor.py:161} INFO - Started process (PID=560) to work on /Users/davispecia/Documents/GitHub/Pf_pipeline_dados/Projeto_final_fase3/venv/lib/python3.9/site-packages/airflow/example_dags/tutorial_taskflow_api.py
[2025-11-27T12:16:20.575-0300] {processor.py:830} INFO - Processing file /Users/davispecia/Documents/GitHub/Pf_pipeline_dados/Projeto_final_fase3/venv/lib/python3.9/site-packages/airflow/example_dags/tutorial_taskflow_api.py for tasks to queue
[2025-11-27T12:16:20.576-0300] {logging_mixin.py:188} INFO - [2025-11-27T12:16:20.576-0300] {dagbag.py:545} INFO - Filling up the DagBag from /Users/davispecia/Documents/GitHub/Pf_pipeline_dados/Projeto_final_fase3/venv/lib/python3.9/site-packages/airflow/example_dags/tutorial_taskflow_api.py
[2025-11-27T12:16:20.594-0300] {processor.py:840} INFO - DAG(s) 'tutorial_taskflow_api' retrieved from /Users/davispecia/Documents/GitHub/Pf_pipeline_dados/Projeto_final_fase3/venv/lib/python3.9/site-packages/airflow/example_dags/tutorial_taskflow_api.py
[2025-11-27T12:16:20.671-0300] {logging_mixin.py:188} INFO - [2025-11-27T12:16:20.671-0300] {dag.py:3089} INFO - Sync 1 DAGs
[2025-11-27T12:16:20.676-0300] {logging_mixin.py:188} INFO - [2025-11-27T12:16:20.676-0300] {dag.py:3947} INFO - Setting next_dagrun for tutorial_taskflow_api to None, run_after=None
[2025-11-27T12:16:20.686-0300] {processor.py:183} INFO - Processing /Users/davispecia/Documents/GitHub/Pf_pipeline_dados/Projeto_final_fase3/venv/lib/python3.9/site-packages/airflow/example_dags/tutorial_taskflow_api.py took 0.113 seconds
[2025-11-27T12:17:18.173-0300] {processor.py:161} INFO - Started process (PID=728) to work on /Users/davispecia/Documents/GitHub/Pf_pipeline_dados/Projeto_final_fase3/venv/lib/python3.9/site-packages/airflow/example_dags/tutorial_taskflow_api.py
[2025-11-27T12:17:18.174-0300] {processor.py:830} INFO - Processing file /Users/davispecia/Documents/GitHub/Pf_pipeline_dados/Projeto_final_fase3/venv/lib/python3.9/site-packages/airflow/example_dags/tutorial_taskflow_api.py for tasks to queue
[2025-11-27T12:17:18.174-0300] {logging_mixin.py:188} INFO - [2025-11-27T12:17:18.174-0300] {dagbag.py:545} INFO - Filling up the DagBag from /Users/davispecia/Documents/GitHub/Pf_pipeline_dados/Projeto_final_fase3/venv/lib/python3.9/site-packages/airflow/example_dags/tutorial_taskflow_api.py
[2025-11-27T12:17:18.192-0300] {processor.py:840} INFO - DAG(s) 'tutorial_taskflow_api' retrieved from /Users/davispecia/Documents/GitHub/Pf_pipeline_dados/Projeto_final_fase3/venv/lib/python3.9/site-packages/airflow/example_dags/tutorial_taskflow_api.py
[2025-11-27T12:17:18.265-0300] {logging_mixin.py:188} INFO - [2025-11-27T12:17:18.265-0300] {dag.py:3089} INFO - Sync 1 DAGs
[2025-11-27T12:17:18.270-0300] {logging_mixin.py:188} INFO - [2025-11-27T12:17:18.270-0300] {dag.py:3947} INFO - Setting next_dagrun for tutorial_taskflow_api to None, run_after=None
[2025-11-27T12:17:18.279-0300] {processor.py:183} INFO - Processing /Users/davispecia/Documents/GitHub/Pf_pipeline_dados/Projeto_final_fase3/venv/lib/python3.9/site-packages/airflow/example_dags/tutorial_taskflow_api.py took 0.108 seconds
[2025-11-27T12:18:19.848-0300] {processor.py:161} INFO - Started process (PID=916) to work on /Users/davispecia/Documents/GitHub/Pf_pipeline_dados/Projeto_final_fase3/venv/lib/python3.9/site-packages/airflow/example_dags/tutorial_taskflow_api.py
[2025-11-27T12:18:19.850-0300] {processor.py:830} INFO - Processing file /Users/davispecia/Documents/GitHub/Pf_pipeline_dados/Projeto_final_fase3/venv/lib/python3.9/site-packages/airflow/example_dags/tutorial_taskflow_api.py for tasks to queue
[2025-11-27T12:18:19.850-0300] {logging_mixin.py:188} INFO - [2025-11-27T12:18:19.850-0300] {dagbag.py:545} INFO - Filling up the DagBag from /Users/davispecia/Documents/GitHub/Pf_pipeline_dados/Projeto_final_fase3/venv/lib/python3.9/site-packages/airflow/example_dags/tutorial_taskflow_api.py
[2025-11-27T12:18:19.868-0300] {processor.py:840} INFO - DAG(s) 'tutorial_taskflow_api' retrieved from /Users/davispecia/Documents/GitHub/Pf_pipeline_dados/Projeto_final_fase3/venv/lib/python3.9/site-packages/airflow/example_dags/tutorial_taskflow_api.py
[2025-11-27T12:18:19.937-0300] {logging_mixin.py:188} INFO - [2025-11-27T12:18:19.937-0300] {dag.py:3089} INFO - Sync 1 DAGs
[2025-11-27T12:18:19.942-0300] {logging_mixin.py:188} INFO - [2025-11-27T12:18:19.942-0300] {dag.py:3947} INFO - Setting next_dagrun for tutorial_taskflow_api to None, run_after=None
[2025-11-27T12:18:19.952-0300] {processor.py:183} INFO - Processing /Users/davispecia/Documents/GitHub/Pf_pipeline_dados/Projeto_final_fase3/venv/lib/python3.9/site-packages/airflow/example_dags/tutorial_taskflow_api.py took 0.106 seconds
[2025-11-27T12:19:20.294-0300] {processor.py:161} INFO - Started process (PID=1064) to work on /Users/davispecia/Documents/GitHub/Pf_pipeline_dados/Projeto_final_fase3/venv/lib/python3.9/site-packages/airflow/example_dags/tutorial_taskflow_api.py
[2025-11-27T12:19:20.296-0300] {processor.py:830} INFO - Processing file /Users/davispecia/Documents/GitHub/Pf_pipeline_dados/Projeto_final_fase3/venv/lib/python3.9/site-packages/airflow/example_dags/tutorial_taskflow_api.py for tasks to queue
[2025-11-27T12:19:20.296-0300] {logging_mixin.py:188} INFO - [2025-11-27T12:19:20.296-0300] {dagbag.py:545} INFO - Filling up the DagBag from /Users/davispecia/Documents/GitHub/Pf_pipeline_dados/Projeto_final_fase3/venv/lib/python3.9/site-packages/airflow/example_dags/tutorial_taskflow_api.py
[2025-11-27T12:19:20.313-0300] {processor.py:840} INFO - DAG(s) 'tutorial_taskflow_api' retrieved from /Users/davispecia/Documents/GitHub/Pf_pipeline_dados/Projeto_final_fase3/venv/lib/python3.9/site-packages/airflow/example_dags/tutorial_taskflow_api.py
[2025-11-27T12:19:20.381-0300] {logging_mixin.py:188} INFO - [2025-11-27T12:19:20.381-0300] {dag.py:3089} INFO - Sync 1 DAGs
[2025-11-27T12:19:20.386-0300] {logging_mixin.py:188} INFO - [2025-11-27T12:19:20.386-0300] {dag.py:3947} INFO - Setting next_dagrun for tutorial_taskflow_api to None, run_after=None
[2025-11-27T12:19:20.396-0300] {processor.py:183} INFO - Processing /Users/davispecia/Documents/GitHub/Pf_pipeline_dados/Projeto_final_fase3/venv/lib/python3.9/site-packages/airflow/example_dags/tutorial_taskflow_api.py took 0.104 seconds
[2025-11-27T12:20:21.939-0300] {processor.py:161} INFO - Started process (PID=1213) to work on /Users/davispecia/Documents/GitHub/Pf_pipeline_dados/Projeto_final_fase3/venv/lib/python3.9/site-packages/airflow/example_dags/tutorial_taskflow_api.py
[2025-11-27T12:20:21.940-0300] {processor.py:830} INFO - Processing file /Users/davispecia/Documents/GitHub/Pf_pipeline_dados/Projeto_final_fase3/venv/lib/python3.9/site-packages/airflow/example_dags/tutorial_taskflow_api.py for tasks to queue
[2025-11-27T12:20:21.941-0300] {logging_mixin.py:188} INFO - [2025-11-27T12:20:21.940-0300] {dagbag.py:545} INFO - Filling up the DagBag from /Users/davispecia/Documents/GitHub/Pf_pipeline_dados/Projeto_final_fase3/venv/lib/python3.9/site-packages/airflow/example_dags/tutorial_taskflow_api.py
[2025-11-27T12:20:21.958-0300] {processor.py:840} INFO - DAG(s) 'tutorial_taskflow_api' retrieved from /Users/davispecia/Documents/GitHub/Pf_pipeline_dados/Projeto_final_fase3/venv/lib/python3.9/site-packages/airflow/example_dags/tutorial_taskflow_api.py
[2025-11-27T12:20:22.032-0300] {logging_mixin.py:188} INFO - [2025-11-27T12:20:22.032-0300] {dag.py:3089} INFO - Sync 1 DAGs
[2025-11-27T12:20:22.037-0300] {logging_mixin.py:188} INFO - [2025-11-27T12:20:22.037-0300] {dag.py:3947} INFO - Setting next_dagrun for tutorial_taskflow_api to None, run_after=None
[2025-11-27T12:20:22.046-0300] {processor.py:183} INFO - Processing /Users/davispecia/Documents/GitHub/Pf_pipeline_dados/Projeto_final_fase3/venv/lib/python3.9/site-packages/airflow/example_dags/tutorial_taskflow_api.py took 0.109 seconds
[2025-11-27T12:21:33.575-0300] {processor.py:161} INFO - Started process (PID=1477) to work on /Users/davispecia/Documents/GitHub/Pf_pipeline_dados/Projeto_final_fase3/venv/lib/python3.9/site-packages/airflow/example_dags/tutorial_taskflow_api.py
[2025-11-27T12:21:33.575-0300] {processor.py:830} INFO - Processing file /Users/davispecia/Documents/GitHub/Pf_pipeline_dados/Projeto_final_fase3/venv/lib/python3.9/site-packages/airflow/example_dags/tutorial_taskflow_api.py for tasks to queue
[2025-11-27T12:21:33.576-0300] {logging_mixin.py:188} INFO - [2025-11-27T12:21:33.576-0300] {dagbag.py:545} INFO - Filling up the DagBag from /Users/davispecia/Documents/GitHub/Pf_pipeline_dados/Projeto_final_fase3/venv/lib/python3.9/site-packages/airflow/example_dags/tutorial_taskflow_api.py
[2025-11-27T12:21:33.594-0300] {processor.py:840} INFO - DAG(s) 'tutorial_taskflow_api' retrieved from /Users/davispecia/Documents/GitHub/Pf_pipeline_dados/Projeto_final_fase3/venv/lib/python3.9/site-packages/airflow/example_dags/tutorial_taskflow_api.py
[2025-11-27T12:21:33.667-0300] {logging_mixin.py:188} INFO - [2025-11-27T12:21:33.667-0300] {dag.py:3089} INFO - Sync 1 DAGs
[2025-11-27T12:21:33.672-0300] {logging_mixin.py:188} INFO - [2025-11-27T12:21:33.672-0300] {dag.py:3947} INFO - Setting next_dagrun for tutorial_taskflow_api to None, run_after=None
[2025-11-27T12:21:33.681-0300] {processor.py:183} INFO - Processing /Users/davispecia/Documents/GitHub/Pf_pipeline_dados/Projeto_final_fase3/venv/lib/python3.9/site-packages/airflow/example_dags/tutorial_taskflow_api.py took 0.109 seconds
[2025-11-27T12:22:34.915-0300] {processor.py:161} INFO - Started process (PID=1623) to work on /Users/davispecia/Documents/GitHub/Pf_pipeline_dados/Projeto_final_fase3/venv/lib/python3.9/site-packages/airflow/example_dags/tutorial_taskflow_api.py
[2025-11-27T12:22:34.916-0300] {processor.py:830} INFO - Processing file /Users/davispecia/Documents/GitHub/Pf_pipeline_dados/Projeto_final_fase3/venv/lib/python3.9/site-packages/airflow/example_dags/tutorial_taskflow_api.py for tasks to queue
[2025-11-27T12:22:34.916-0300] {logging_mixin.py:188} INFO - [2025-11-27T12:22:34.916-0300] {dagbag.py:545} INFO - Filling up the DagBag from /Users/davispecia/Documents/GitHub/Pf_pipeline_dados/Projeto_final_fase3/venv/lib/python3.9/site-packages/airflow/example_dags/tutorial_taskflow_api.py
[2025-11-27T12:22:34.933-0300] {processor.py:840} INFO - DAG(s) 'tutorial_taskflow_api' retrieved from /Users/davispecia/Documents/GitHub/Pf_pipeline_dados/Projeto_final_fase3/venv/lib/python3.9/site-packages/airflow/example_dags/tutorial_taskflow_api.py
[2025-11-27T12:22:35.001-0300] {logging_mixin.py:188} INFO - [2025-11-27T12:22:35.000-0300] {dag.py:3089} INFO - Sync 1 DAGs
[2025-11-27T12:22:35.006-0300] {logging_mixin.py:188} INFO - [2025-11-27T12:22:35.006-0300] {dag.py:3947} INFO - Setting next_dagrun for tutorial_taskflow_api to None, run_after=None
[2025-11-27T12:22:35.016-0300] {processor.py:183} INFO - Processing /Users/davispecia/Documents/GitHub/Pf_pipeline_dados/Projeto_final_fase3/venv/lib/python3.9/site-packages/airflow/example_dags/tutorial_taskflow_api.py took 0.104 seconds
[2025-11-27T12:23:35.849-0300] {processor.py:161} INFO - Started process (PID=1785) to work on /Users/davispecia/Documents/GitHub/Pf_pipeline_dados/Projeto_final_fase3/venv/lib/python3.9/site-packages/airflow/example_dags/tutorial_taskflow_api.py
[2025-11-27T12:23:35.850-0300] {processor.py:830} INFO - Processing file /Users/davispecia/Documents/GitHub/Pf_pipeline_dados/Projeto_final_fase3/venv/lib/python3.9/site-packages/airflow/example_dags/tutorial_taskflow_api.py for tasks to queue
[2025-11-27T12:23:35.851-0300] {logging_mixin.py:188} INFO - [2025-11-27T12:23:35.850-0300] {dagbag.py:545} INFO - Filling up the DagBag from /Users/davispecia/Documents/GitHub/Pf_pipeline_dados/Projeto_final_fase3/venv/lib/python3.9/site-packages/airflow/example_dags/tutorial_taskflow_api.py
[2025-11-27T12:23:35.869-0300] {processor.py:840} INFO - DAG(s) 'tutorial_taskflow_api' retrieved from /Users/davispecia/Documents/GitHub/Pf_pipeline_dados/Projeto_final_fase3/venv/lib/python3.9/site-packages/airflow/example_dags/tutorial_taskflow_api.py
[2025-11-27T12:23:35.944-0300] {logging_mixin.py:188} INFO - [2025-11-27T12:23:35.944-0300] {dag.py:3089} INFO - Sync 1 DAGs
[2025-11-27T12:23:35.950-0300] {logging_mixin.py:188} INFO - [2025-11-27T12:23:35.950-0300] {dag.py:3947} INFO - Setting next_dagrun for tutorial_taskflow_api to None, run_after=None
[2025-11-27T12:23:35.960-0300] {processor.py:183} INFO - Processing /Users/davispecia/Documents/GitHub/Pf_pipeline_dados/Projeto_final_fase3/venv/lib/python3.9/site-packages/airflow/example_dags/tutorial_taskflow_api.py took 0.113 seconds
[2025-11-27T12:24:36.781-0300] {processor.py:161} INFO - Started process (PID=1927) to work on /Users/davispecia/Documents/GitHub/Pf_pipeline_dados/Projeto_final_fase3/venv/lib/python3.9/site-packages/airflow/example_dags/tutorial_taskflow_api.py
[2025-11-27T12:24:36.782-0300] {processor.py:830} INFO - Processing file /Users/davispecia/Documents/GitHub/Pf_pipeline_dados/Projeto_final_fase3/venv/lib/python3.9/site-packages/airflow/example_dags/tutorial_taskflow_api.py for tasks to queue
[2025-11-27T12:24:36.782-0300] {logging_mixin.py:188} INFO - [2025-11-27T12:24:36.782-0300] {dagbag.py:545} INFO - Filling up the DagBag from /Users/davispecia/Documents/GitHub/Pf_pipeline_dados/Projeto_final_fase3/venv/lib/python3.9/site-packages/airflow/example_dags/tutorial_taskflow_api.py
[2025-11-27T12:24:36.800-0300] {processor.py:840} INFO - DAG(s) 'tutorial_taskflow_api' retrieved from /Users/davispecia/Documents/GitHub/Pf_pipeline_dados/Projeto_final_fase3/venv/lib/python3.9/site-packages/airflow/example_dags/tutorial_taskflow_api.py
[2025-11-27T12:24:36.888-0300] {logging_mixin.py:188} INFO - [2025-11-27T12:24:36.887-0300] {dag.py:3089} INFO - Sync 1 DAGs
[2025-11-27T12:24:36.893-0300] {logging_mixin.py:188} INFO - [2025-11-27T12:24:36.893-0300] {dag.py:3947} INFO - Setting next_dagrun for tutorial_taskflow_api to None, run_after=None
[2025-11-27T12:24:36.904-0300] {processor.py:183} INFO - Processing /Users/davispecia/Documents/GitHub/Pf_pipeline_dados/Projeto_final_fase3/venv/lib/python3.9/site-packages/airflow/example_dags/tutorial_taskflow_api.py took 0.125 seconds
[2025-11-27T12:25:39.564-0300] {processor.py:161} INFO - Started process (PID=2087) to work on /Users/davispecia/Documents/GitHub/Pf_pipeline_dados/Projeto_final_fase3/venv/lib/python3.9/site-packages/airflow/example_dags/tutorial_taskflow_api.py
[2025-11-27T12:25:39.565-0300] {processor.py:830} INFO - Processing file /Users/davispecia/Documents/GitHub/Pf_pipeline_dados/Projeto_final_fase3/venv/lib/python3.9/site-packages/airflow/example_dags/tutorial_taskflow_api.py for tasks to queue
[2025-11-27T12:25:39.565-0300] {logging_mixin.py:188} INFO - [2025-11-27T12:25:39.565-0300] {dagbag.py:545} INFO - Filling up the DagBag from /Users/davispecia/Documents/GitHub/Pf_pipeline_dados/Projeto_final_fase3/venv/lib/python3.9/site-packages/airflow/example_dags/tutorial_taskflow_api.py
[2025-11-27T12:25:39.583-0300] {processor.py:840} INFO - DAG(s) 'tutorial_taskflow_api' retrieved from /Users/davispecia/Documents/GitHub/Pf_pipeline_dados/Projeto_final_fase3/venv/lib/python3.9/site-packages/airflow/example_dags/tutorial_taskflow_api.py
[2025-11-27T12:25:39.658-0300] {logging_mixin.py:188} INFO - [2025-11-27T12:25:39.657-0300] {dag.py:3089} INFO - Sync 1 DAGs
[2025-11-27T12:25:39.663-0300] {logging_mixin.py:188} INFO - [2025-11-27T12:25:39.663-0300] {dag.py:3947} INFO - Setting next_dagrun for tutorial_taskflow_api to None, run_after=None
[2025-11-27T12:25:39.673-0300] {processor.py:183} INFO - Processing /Users/davispecia/Documents/GitHub/Pf_pipeline_dados/Projeto_final_fase3/venv/lib/python3.9/site-packages/airflow/example_dags/tutorial_taskflow_api.py took 0.111 seconds
[2025-11-27T12:26:50.551-0300] {processor.py:161} INFO - Started process (PID=2318) to work on /Users/davispecia/Documents/GitHub/Pf_pipeline_dados/Projeto_final_fase3/venv/lib/python3.9/site-packages/airflow/example_dags/tutorial_taskflow_api.py
[2025-11-27T12:26:50.551-0300] {processor.py:830} INFO - Processing file /Users/davispecia/Documents/GitHub/Pf_pipeline_dados/Projeto_final_fase3/venv/lib/python3.9/site-packages/airflow/example_dags/tutorial_taskflow_api.py for tasks to queue
[2025-11-27T12:26:50.552-0300] {logging_mixin.py:188} INFO - [2025-11-27T12:26:50.552-0300] {dagbag.py:545} INFO - Filling up the DagBag from /Users/davispecia/Documents/GitHub/Pf_pipeline_dados/Projeto_final_fase3/venv/lib/python3.9/site-packages/airflow/example_dags/tutorial_taskflow_api.py
[2025-11-27T12:26:50.570-0300] {processor.py:840} INFO - DAG(s) 'tutorial_taskflow_api' retrieved from /Users/davispecia/Documents/GitHub/Pf_pipeline_dados/Projeto_final_fase3/venv/lib/python3.9/site-packages/airflow/example_dags/tutorial_taskflow_api.py
[2025-11-27T12:26:50.645-0300] {logging_mixin.py:188} INFO - [2025-11-27T12:26:50.645-0300] {dag.py:3089} INFO - Sync 1 DAGs
[2025-11-27T12:26:50.650-0300] {logging_mixin.py:188} INFO - [2025-11-27T12:26:50.650-0300] {dag.py:3947} INFO - Setting next_dagrun for tutorial_taskflow_api to None, run_after=None
[2025-11-27T12:26:50.660-0300] {processor.py:183} INFO - Processing /Users/davispecia/Documents/GitHub/Pf_pipeline_dados/Projeto_final_fase3/venv/lib/python3.9/site-packages/airflow/example_dags/tutorial_taskflow_api.py took 0.111 seconds
[2025-11-27T12:27:55.687-0300] {processor.py:161} INFO - Started process (PID=2488) to work on /Users/davispecia/Documents/GitHub/Pf_pipeline_dados/Projeto_final_fase3/venv/lib/python3.9/site-packages/airflow/example_dags/tutorial_taskflow_api.py
[2025-11-27T12:27:55.688-0300] {processor.py:830} INFO - Processing file /Users/davispecia/Documents/GitHub/Pf_pipeline_dados/Projeto_final_fase3/venv/lib/python3.9/site-packages/airflow/example_dags/tutorial_taskflow_api.py for tasks to queue
[2025-11-27T12:27:55.688-0300] {logging_mixin.py:188} INFO - [2025-11-27T12:27:55.688-0300] {dagbag.py:545} INFO - Filling up the DagBag from /Users/davispecia/Documents/GitHub/Pf_pipeline_dados/Projeto_final_fase3/venv/lib/python3.9/site-packages/airflow/example_dags/tutorial_taskflow_api.py
[2025-11-27T12:27:55.705-0300] {processor.py:840} INFO - DAG(s) 'tutorial_taskflow_api' retrieved from /Users/davispecia/Documents/GitHub/Pf_pipeline_dados/Projeto_final_fase3/venv/lib/python3.9/site-packages/airflow/example_dags/tutorial_taskflow_api.py
[2025-11-27T12:27:55.778-0300] {logging_mixin.py:188} INFO - [2025-11-27T12:27:55.777-0300] {dag.py:3089} INFO - Sync 1 DAGs
[2025-11-27T12:27:55.783-0300] {logging_mixin.py:188} INFO - [2025-11-27T12:27:55.783-0300] {dag.py:3947} INFO - Setting next_dagrun for tutorial_taskflow_api to None, run_after=None
[2025-11-27T12:27:55.792-0300] {processor.py:183} INFO - Processing /Users/davispecia/Documents/GitHub/Pf_pipeline_dados/Projeto_final_fase3/venv/lib/python3.9/site-packages/airflow/example_dags/tutorial_taskflow_api.py took 0.107 seconds
[2025-11-27T13:23:52.985-0300] {processor.py:161} INFO - Started process (PID=2780) to work on /Users/davispecia/Documents/GitHub/Pf_pipeline_dados/Projeto_final_fase3/venv/lib/python3.9/site-packages/airflow/example_dags/tutorial_taskflow_api.py
[2025-11-27T13:23:52.986-0300] {processor.py:830} INFO - Processing file /Users/davispecia/Documents/GitHub/Pf_pipeline_dados/Projeto_final_fase3/venv/lib/python3.9/site-packages/airflow/example_dags/tutorial_taskflow_api.py for tasks to queue
[2025-11-27T13:23:52.986-0300] {logging_mixin.py:188} INFO - [2025-11-27T13:23:52.986-0300] {dagbag.py:545} INFO - Filling up the DagBag from /Users/davispecia/Documents/GitHub/Pf_pipeline_dados/Projeto_final_fase3/venv/lib/python3.9/site-packages/airflow/example_dags/tutorial_taskflow_api.py
[2025-11-27T13:23:53.008-0300] {processor.py:840} INFO - DAG(s) 'tutorial_taskflow_api' retrieved from /Users/davispecia/Documents/GitHub/Pf_pipeline_dados/Projeto_final_fase3/venv/lib/python3.9/site-packages/airflow/example_dags/tutorial_taskflow_api.py
[2025-11-27T13:23:53.089-0300] {logging_mixin.py:188} INFO - [2025-11-27T13:23:53.088-0300] {dag.py:3089} INFO - Sync 1 DAGs
[2025-11-27T13:23:53.094-0300] {logging_mixin.py:188} INFO - [2025-11-27T13:23:53.094-0300] {dag.py:3947} INFO - Setting next_dagrun for tutorial_taskflow_api to None, run_after=None
[2025-11-27T13:23:53.104-0300] {processor.py:183} INFO - Processing /Users/davispecia/Documents/GitHub/Pf_pipeline_dados/Projeto_final_fase3/venv/lib/python3.9/site-packages/airflow/example_dags/tutorial_taskflow_api.py took 0.121 seconds
[2025-11-27T14:07:57.041-0300] {processor.py:161} INFO - Started process (PID=3232) to work on /Users/davispecia/Documents/GitHub/Pf_pipeline_dados/Projeto_final_fase3/venv/lib/python3.9/site-packages/airflow/example_dags/tutorial_taskflow_api.py
[2025-11-27T14:07:57.042-0300] {processor.py:830} INFO - Processing file /Users/davispecia/Documents/GitHub/Pf_pipeline_dados/Projeto_final_fase3/venv/lib/python3.9/site-packages/airflow/example_dags/tutorial_taskflow_api.py for tasks to queue
[2025-11-27T14:07:57.042-0300] {logging_mixin.py:188} INFO - [2025-11-27T14:07:57.042-0300] {dagbag.py:545} INFO - Filling up the DagBag from /Users/davispecia/Documents/GitHub/Pf_pipeline_dados/Projeto_final_fase3/venv/lib/python3.9/site-packages/airflow/example_dags/tutorial_taskflow_api.py
[2025-11-27T14:07:57.061-0300] {processor.py:840} INFO - DAG(s) 'tutorial_taskflow_api' retrieved from /Users/davispecia/Documents/GitHub/Pf_pipeline_dados/Projeto_final_fase3/venv/lib/python3.9/site-packages/airflow/example_dags/tutorial_taskflow_api.py
[2025-11-27T14:07:57.137-0300] {logging_mixin.py:188} INFO - [2025-11-27T14:07:57.137-0300] {dag.py:3089} INFO - Sync 1 DAGs
[2025-11-27T14:07:57.142-0300] {logging_mixin.py:188} INFO - [2025-11-27T14:07:57.142-0300] {dag.py:3947} INFO - Setting next_dagrun for tutorial_taskflow_api to None, run_after=None
[2025-11-27T14:07:57.151-0300] {processor.py:183} INFO - Processing /Users/davispecia/Documents/GitHub/Pf_pipeline_dados/Projeto_final_fase3/venv/lib/python3.9/site-packages/airflow/example_dags/tutorial_taskflow_api.py took 0.112 seconds
[2025-11-27T14:09:33.116-0300] {processor.py:161} INFO - Started process (PID=3520) to work on /Users/davispecia/Documents/GitHub/Pf_pipeline_dados/Projeto_final_fase3/venv/lib/python3.9/site-packages/airflow/example_dags/tutorial_taskflow_api.py
[2025-11-27T14:09:33.117-0300] {processor.py:830} INFO - Processing file /Users/davispecia/Documents/GitHub/Pf_pipeline_dados/Projeto_final_fase3/venv/lib/python3.9/site-packages/airflow/example_dags/tutorial_taskflow_api.py for tasks to queue
[2025-11-27T14:09:33.117-0300] {logging_mixin.py:188} INFO - [2025-11-27T14:09:33.117-0300] {dagbag.py:545} INFO - Filling up the DagBag from /Users/davispecia/Documents/GitHub/Pf_pipeline_dados/Projeto_final_fase3/venv/lib/python3.9/site-packages/airflow/example_dags/tutorial_taskflow_api.py
[2025-11-27T14:09:33.136-0300] {processor.py:840} INFO - DAG(s) 'tutorial_taskflow_api' retrieved from /Users/davispecia/Documents/GitHub/Pf_pipeline_dados/Projeto_final_fase3/venv/lib/python3.9/site-packages/airflow/example_dags/tutorial_taskflow_api.py
[2025-11-27T14:09:33.211-0300] {logging_mixin.py:188} INFO - [2025-11-27T14:09:33.211-0300] {dag.py:3089} INFO - Sync 1 DAGs
[2025-11-27T14:09:33.217-0300] {logging_mixin.py:188} INFO - [2025-11-27T14:09:33.217-0300] {dag.py:3947} INFO - Setting next_dagrun for tutorial_taskflow_api to None, run_after=None
[2025-11-27T14:09:33.228-0300] {processor.py:183} INFO - Processing /Users/davispecia/Documents/GitHub/Pf_pipeline_dados/Projeto_final_fase3/venv/lib/python3.9/site-packages/airflow/example_dags/tutorial_taskflow_api.py took 0.114 seconds
[2025-11-27T14:10:34.591-0300] {processor.py:161} INFO - Started process (PID=3665) to work on /Users/davispecia/Documents/GitHub/Pf_pipeline_dados/Projeto_final_fase3/venv/lib/python3.9/site-packages/airflow/example_dags/tutorial_taskflow_api.py
[2025-11-27T14:10:34.592-0300] {processor.py:830} INFO - Processing file /Users/davispecia/Documents/GitHub/Pf_pipeline_dados/Projeto_final_fase3/venv/lib/python3.9/site-packages/airflow/example_dags/tutorial_taskflow_api.py for tasks to queue
[2025-11-27T14:10:34.593-0300] {logging_mixin.py:188} INFO - [2025-11-27T14:10:34.593-0300] {dagbag.py:545} INFO - Filling up the DagBag from /Users/davispecia/Documents/GitHub/Pf_pipeline_dados/Projeto_final_fase3/venv/lib/python3.9/site-packages/airflow/example_dags/tutorial_taskflow_api.py
[2025-11-27T14:10:34.610-0300] {processor.py:840} INFO - DAG(s) 'tutorial_taskflow_api' retrieved from /Users/davispecia/Documents/GitHub/Pf_pipeline_dados/Projeto_final_fase3/venv/lib/python3.9/site-packages/airflow/example_dags/tutorial_taskflow_api.py
[2025-11-27T14:10:34.679-0300] {logging_mixin.py:188} INFO - [2025-11-27T14:10:34.679-0300] {dag.py:3089} INFO - Sync 1 DAGs
[2025-11-27T14:10:34.684-0300] {logging_mixin.py:188} INFO - [2025-11-27T14:10:34.684-0300] {dag.py:3947} INFO - Setting next_dagrun for tutorial_taskflow_api to None, run_after=None
[2025-11-27T14:10:34.693-0300] {processor.py:183} INFO - Processing /Users/davispecia/Documents/GitHub/Pf_pipeline_dados/Projeto_final_fase3/venv/lib/python3.9/site-packages/airflow/example_dags/tutorial_taskflow_api.py took 0.104 seconds
[2025-11-27T14:11:36.332-0300] {processor.py:161} INFO - Started process (PID=3811) to work on /Users/davispecia/Documents/GitHub/Pf_pipeline_dados/Projeto_final_fase3/venv/lib/python3.9/site-packages/airflow/example_dags/tutorial_taskflow_api.py
[2025-11-27T14:11:36.333-0300] {processor.py:830} INFO - Processing file /Users/davispecia/Documents/GitHub/Pf_pipeline_dados/Projeto_final_fase3/venv/lib/python3.9/site-packages/airflow/example_dags/tutorial_taskflow_api.py for tasks to queue
[2025-11-27T14:11:36.334-0300] {logging_mixin.py:188} INFO - [2025-11-27T14:11:36.334-0300] {dagbag.py:545} INFO - Filling up the DagBag from /Users/davispecia/Documents/GitHub/Pf_pipeline_dados/Projeto_final_fase3/venv/lib/python3.9/site-packages/airflow/example_dags/tutorial_taskflow_api.py
[2025-11-27T14:11:36.351-0300] {processor.py:840} INFO - DAG(s) 'tutorial_taskflow_api' retrieved from /Users/davispecia/Documents/GitHub/Pf_pipeline_dados/Projeto_final_fase3/venv/lib/python3.9/site-packages/airflow/example_dags/tutorial_taskflow_api.py
[2025-11-27T14:11:36.419-0300] {logging_mixin.py:188} INFO - [2025-11-27T14:11:36.419-0300] {dag.py:3089} INFO - Sync 1 DAGs
[2025-11-27T14:11:36.425-0300] {logging_mixin.py:188} INFO - [2025-11-27T14:11:36.425-0300] {dag.py:3947} INFO - Setting next_dagrun for tutorial_taskflow_api to None, run_after=None
[2025-11-27T14:11:36.436-0300] {processor.py:183} INFO - Processing /Users/davispecia/Documents/GitHub/Pf_pipeline_dados/Projeto_final_fase3/venv/lib/python3.9/site-packages/airflow/example_dags/tutorial_taskflow_api.py took 0.106 seconds
[2025-11-27T14:12:35.578-0300] {processor.py:161} INFO - Started process (PID=3960) to work on /Users/davispecia/Documents/GitHub/Pf_pipeline_dados/Projeto_final_fase3/venv/lib/python3.9/site-packages/airflow/example_dags/tutorial_taskflow_api.py
[2025-11-27T14:12:35.579-0300] {processor.py:830} INFO - Processing file /Users/davispecia/Documents/GitHub/Pf_pipeline_dados/Projeto_final_fase3/venv/lib/python3.9/site-packages/airflow/example_dags/tutorial_taskflow_api.py for tasks to queue
[2025-11-27T14:12:35.579-0300] {logging_mixin.py:188} INFO - [2025-11-27T14:12:35.579-0300] {dagbag.py:545} INFO - Filling up the DagBag from /Users/davispecia/Documents/GitHub/Pf_pipeline_dados/Projeto_final_fase3/venv/lib/python3.9/site-packages/airflow/example_dags/tutorial_taskflow_api.py
[2025-11-27T14:12:35.597-0300] {processor.py:840} INFO - DAG(s) 'tutorial_taskflow_api' retrieved from /Users/davispecia/Documents/GitHub/Pf_pipeline_dados/Projeto_final_fase3/venv/lib/python3.9/site-packages/airflow/example_dags/tutorial_taskflow_api.py
[2025-11-27T14:12:35.668-0300] {logging_mixin.py:188} INFO - [2025-11-27T14:12:35.667-0300] {dag.py:3089} INFO - Sync 1 DAGs
[2025-11-27T14:12:35.673-0300] {logging_mixin.py:188} INFO - [2025-11-27T14:12:35.673-0300] {dag.py:3947} INFO - Setting next_dagrun for tutorial_taskflow_api to None, run_after=None
[2025-11-27T14:12:35.683-0300] {processor.py:183} INFO - Processing /Users/davispecia/Documents/GitHub/Pf_pipeline_dados/Projeto_final_fase3/venv/lib/python3.9/site-packages/airflow/example_dags/tutorial_taskflow_api.py took 0.107 seconds
[2025-11-27T14:13:40.894-0300] {processor.py:161} INFO - Started process (PID=4133) to work on /Users/davispecia/Documents/GitHub/Pf_pipeline_dados/Projeto_final_fase3/venv/lib/python3.9/site-packages/airflow/example_dags/tutorial_taskflow_api.py
[2025-11-27T14:13:40.895-0300] {processor.py:830} INFO - Processing file /Users/davispecia/Documents/GitHub/Pf_pipeline_dados/Projeto_final_fase3/venv/lib/python3.9/site-packages/airflow/example_dags/tutorial_taskflow_api.py for tasks to queue
[2025-11-27T14:13:40.896-0300] {logging_mixin.py:188} INFO - [2025-11-27T14:13:40.896-0300] {dagbag.py:545} INFO - Filling up the DagBag from /Users/davispecia/Documents/GitHub/Pf_pipeline_dados/Projeto_final_fase3/venv/lib/python3.9/site-packages/airflow/example_dags/tutorial_taskflow_api.py
[2025-11-27T14:13:40.917-0300] {processor.py:840} INFO - DAG(s) 'tutorial_taskflow_api' retrieved from /Users/davispecia/Documents/GitHub/Pf_pipeline_dados/Projeto_final_fase3/venv/lib/python3.9/site-packages/airflow/example_dags/tutorial_taskflow_api.py
[2025-11-27T14:13:41.003-0300] {logging_mixin.py:188} INFO - [2025-11-27T14:13:41.003-0300] {dag.py:3089} INFO - Sync 1 DAGs
[2025-11-27T14:13:41.009-0300] {logging_mixin.py:188} INFO - [2025-11-27T14:13:41.009-0300] {dag.py:3947} INFO - Setting next_dagrun for tutorial_taskflow_api to None, run_after=None
[2025-11-27T14:13:41.019-0300] {processor.py:183} INFO - Processing /Users/davispecia/Documents/GitHub/Pf_pipeline_dados/Projeto_final_fase3/venv/lib/python3.9/site-packages/airflow/example_dags/tutorial_taskflow_api.py took 0.127 seconds
[2025-11-27T14:14:59.202-0300] {processor.py:161} INFO - Started process (PID=4394) to work on /Users/davispecia/Documents/GitHub/Pf_pipeline_dados/Projeto_final_fase3/venv/lib/python3.9/site-packages/airflow/example_dags/tutorial_taskflow_api.py
[2025-11-27T14:14:59.203-0300] {processor.py:830} INFO - Processing file /Users/davispecia/Documents/GitHub/Pf_pipeline_dados/Projeto_final_fase3/venv/lib/python3.9/site-packages/airflow/example_dags/tutorial_taskflow_api.py for tasks to queue
[2025-11-27T14:14:59.203-0300] {logging_mixin.py:188} INFO - [2025-11-27T14:14:59.203-0300] {dagbag.py:545} INFO - Filling up the DagBag from /Users/davispecia/Documents/GitHub/Pf_pipeline_dados/Projeto_final_fase3/venv/lib/python3.9/site-packages/airflow/example_dags/tutorial_taskflow_api.py
[2025-11-27T14:14:59.222-0300] {processor.py:840} INFO - DAG(s) 'tutorial_taskflow_api' retrieved from /Users/davispecia/Documents/GitHub/Pf_pipeline_dados/Projeto_final_fase3/venv/lib/python3.9/site-packages/airflow/example_dags/tutorial_taskflow_api.py
[2025-11-27T14:14:59.299-0300] {logging_mixin.py:188} INFO - [2025-11-27T14:14:59.299-0300] {dag.py:3089} INFO - Sync 1 DAGs
[2025-11-27T14:14:59.305-0300] {logging_mixin.py:188} INFO - [2025-11-27T14:14:59.305-0300] {dag.py:3947} INFO - Setting next_dagrun for tutorial_taskflow_api to None, run_after=None
[2025-11-27T14:14:59.314-0300] {processor.py:183} INFO - Processing /Users/davispecia/Documents/GitHub/Pf_pipeline_dados/Projeto_final_fase3/venv/lib/python3.9/site-packages/airflow/example_dags/tutorial_taskflow_api.py took 0.114 seconds
[2025-11-27T14:16:05.786-0300] {processor.py:161} INFO - Started process (PID=4552) to work on /Users/davispecia/Documents/GitHub/Pf_pipeline_dados/Projeto_final_fase3/venv/lib/python3.9/site-packages/airflow/example_dags/tutorial_taskflow_api.py
[2025-11-27T14:16:05.788-0300] {processor.py:830} INFO - Processing file /Users/davispecia/Documents/GitHub/Pf_pipeline_dados/Projeto_final_fase3/venv/lib/python3.9/site-packages/airflow/example_dags/tutorial_taskflow_api.py for tasks to queue
[2025-11-27T14:16:05.788-0300] {logging_mixin.py:188} INFO - [2025-11-27T14:16:05.788-0300] {dagbag.py:545} INFO - Filling up the DagBag from /Users/davispecia/Documents/GitHub/Pf_pipeline_dados/Projeto_final_fase3/venv/lib/python3.9/site-packages/airflow/example_dags/tutorial_taskflow_api.py
[2025-11-27T14:16:05.808-0300] {processor.py:840} INFO - DAG(s) 'tutorial_taskflow_api' retrieved from /Users/davispecia/Documents/GitHub/Pf_pipeline_dados/Projeto_final_fase3/venv/lib/python3.9/site-packages/airflow/example_dags/tutorial_taskflow_api.py
[2025-11-27T14:16:05.887-0300] {logging_mixin.py:188} INFO - [2025-11-27T14:16:05.887-0300] {dag.py:3089} INFO - Sync 1 DAGs
[2025-11-27T14:16:05.893-0300] {logging_mixin.py:188} INFO - [2025-11-27T14:16:05.892-0300] {dag.py:3947} INFO - Setting next_dagrun for tutorial_taskflow_api to None, run_after=None
[2025-11-27T14:16:05.901-0300] {processor.py:183} INFO - Processing /Users/davispecia/Documents/GitHub/Pf_pipeline_dados/Projeto_final_fase3/venv/lib/python3.9/site-packages/airflow/example_dags/tutorial_taskflow_api.py took 0.117 seconds
[2025-11-27T14:17:11.655-0300] {processor.py:161} INFO - Started process (PID=4712) to work on /Users/davispecia/Documents/GitHub/Pf_pipeline_dados/Projeto_final_fase3/venv/lib/python3.9/site-packages/airflow/example_dags/tutorial_taskflow_api.py
[2025-11-27T14:17:11.656-0300] {processor.py:830} INFO - Processing file /Users/davispecia/Documents/GitHub/Pf_pipeline_dados/Projeto_final_fase3/venv/lib/python3.9/site-packages/airflow/example_dags/tutorial_taskflow_api.py for tasks to queue
[2025-11-27T14:17:11.656-0300] {logging_mixin.py:188} INFO - [2025-11-27T14:17:11.656-0300] {dagbag.py:545} INFO - Filling up the DagBag from /Users/davispecia/Documents/GitHub/Pf_pipeline_dados/Projeto_final_fase3/venv/lib/python3.9/site-packages/airflow/example_dags/tutorial_taskflow_api.py
[2025-11-27T14:17:11.679-0300] {processor.py:840} INFO - DAG(s) 'tutorial_taskflow_api' retrieved from /Users/davispecia/Documents/GitHub/Pf_pipeline_dados/Projeto_final_fase3/venv/lib/python3.9/site-packages/airflow/example_dags/tutorial_taskflow_api.py
[2025-11-27T14:17:11.764-0300] {logging_mixin.py:188} INFO - [2025-11-27T14:17:11.764-0300] {dag.py:3089} INFO - Sync 1 DAGs
[2025-11-27T14:17:11.770-0300] {logging_mixin.py:188} INFO - [2025-11-27T14:17:11.770-0300] {dag.py:3947} INFO - Setting next_dagrun for tutorial_taskflow_api to None, run_after=None
[2025-11-27T14:17:11.782-0300] {processor.py:183} INFO - Processing /Users/davispecia/Documents/GitHub/Pf_pipeline_dados/Projeto_final_fase3/venv/lib/python3.9/site-packages/airflow/example_dags/tutorial_taskflow_api.py took 0.129 seconds
[2025-11-27T14:18:21.872-0300] {processor.py:161} INFO - Started process (PID=4879) to work on /Users/davispecia/Documents/GitHub/Pf_pipeline_dados/Projeto_final_fase3/venv/lib/python3.9/site-packages/airflow/example_dags/tutorial_taskflow_api.py
[2025-11-27T14:18:21.873-0300] {processor.py:830} INFO - Processing file /Users/davispecia/Documents/GitHub/Pf_pipeline_dados/Projeto_final_fase3/venv/lib/python3.9/site-packages/airflow/example_dags/tutorial_taskflow_api.py for tasks to queue
[2025-11-27T14:18:21.873-0300] {logging_mixin.py:188} INFO - [2025-11-27T14:18:21.873-0300] {dagbag.py:545} INFO - Filling up the DagBag from /Users/davispecia/Documents/GitHub/Pf_pipeline_dados/Projeto_final_fase3/venv/lib/python3.9/site-packages/airflow/example_dags/tutorial_taskflow_api.py
[2025-11-27T14:18:21.895-0300] {processor.py:840} INFO - DAG(s) 'tutorial_taskflow_api' retrieved from /Users/davispecia/Documents/GitHub/Pf_pipeline_dados/Projeto_final_fase3/venv/lib/python3.9/site-packages/airflow/example_dags/tutorial_taskflow_api.py
[2025-11-27T14:18:21.977-0300] {logging_mixin.py:188} INFO - [2025-11-27T14:18:21.977-0300] {dag.py:3089} INFO - Sync 1 DAGs
[2025-11-27T14:18:21.984-0300] {logging_mixin.py:188} INFO - [2025-11-27T14:18:21.984-0300] {dag.py:3947} INFO - Setting next_dagrun for tutorial_taskflow_api to None, run_after=None
[2025-11-27T14:18:21.994-0300] {processor.py:183} INFO - Processing /Users/davispecia/Documents/GitHub/Pf_pipeline_dados/Projeto_final_fase3/venv/lib/python3.9/site-packages/airflow/example_dags/tutorial_taskflow_api.py took 0.124 seconds
[2025-11-27T14:19:30.989-0300] {processor.py:161} INFO - Started process (PID=5041) to work on /Users/davispecia/Documents/GitHub/Pf_pipeline_dados/Projeto_final_fase3/venv/lib/python3.9/site-packages/airflow/example_dags/tutorial_taskflow_api.py
[2025-11-27T14:19:30.990-0300] {processor.py:830} INFO - Processing file /Users/davispecia/Documents/GitHub/Pf_pipeline_dados/Projeto_final_fase3/venv/lib/python3.9/site-packages/airflow/example_dags/tutorial_taskflow_api.py for tasks to queue
[2025-11-27T14:19:30.991-0300] {logging_mixin.py:188} INFO - [2025-11-27T14:19:30.991-0300] {dagbag.py:545} INFO - Filling up the DagBag from /Users/davispecia/Documents/GitHub/Pf_pipeline_dados/Projeto_final_fase3/venv/lib/python3.9/site-packages/airflow/example_dags/tutorial_taskflow_api.py
[2025-11-27T14:19:31.009-0300] {processor.py:840} INFO - DAG(s) 'tutorial_taskflow_api' retrieved from /Users/davispecia/Documents/GitHub/Pf_pipeline_dados/Projeto_final_fase3/venv/lib/python3.9/site-packages/airflow/example_dags/tutorial_taskflow_api.py
[2025-11-27T14:19:31.086-0300] {logging_mixin.py:188} INFO - [2025-11-27T14:19:31.086-0300] {dag.py:3089} INFO - Sync 1 DAGs
[2025-11-27T14:19:31.091-0300] {logging_mixin.py:188} INFO - [2025-11-27T14:19:31.091-0300] {dag.py:3947} INFO - Setting next_dagrun for tutorial_taskflow_api to None, run_after=None
[2025-11-27T14:19:31.100-0300] {processor.py:183} INFO - Processing /Users/davispecia/Documents/GitHub/Pf_pipeline_dados/Projeto_final_fase3/venv/lib/python3.9/site-packages/airflow/example_dags/tutorial_taskflow_api.py took 0.113 seconds
[2025-11-27T14:20:47.025-0300] {processor.py:161} INFO - Started process (PID=5283) to work on /Users/davispecia/Documents/GitHub/Pf_pipeline_dados/Projeto_final_fase3/venv/lib/python3.9/site-packages/airflow/example_dags/tutorial_taskflow_api.py
[2025-11-27T14:20:47.026-0300] {processor.py:830} INFO - Processing file /Users/davispecia/Documents/GitHub/Pf_pipeline_dados/Projeto_final_fase3/venv/lib/python3.9/site-packages/airflow/example_dags/tutorial_taskflow_api.py for tasks to queue
[2025-11-27T14:20:47.027-0300] {logging_mixin.py:188} INFO - [2025-11-27T14:20:47.026-0300] {dagbag.py:545} INFO - Filling up the DagBag from /Users/davispecia/Documents/GitHub/Pf_pipeline_dados/Projeto_final_fase3/venv/lib/python3.9/site-packages/airflow/example_dags/tutorial_taskflow_api.py
[2025-11-27T14:20:47.047-0300] {processor.py:840} INFO - DAG(s) 'tutorial_taskflow_api' retrieved from /Users/davispecia/Documents/GitHub/Pf_pipeline_dados/Projeto_final_fase3/venv/lib/python3.9/site-packages/airflow/example_dags/tutorial_taskflow_api.py
[2025-11-27T14:20:47.141-0300] {logging_mixin.py:188} INFO - [2025-11-27T14:20:47.141-0300] {dag.py:3089} INFO - Sync 1 DAGs
[2025-11-27T14:20:47.150-0300] {logging_mixin.py:188} INFO - [2025-11-27T14:20:47.150-0300] {dag.py:3947} INFO - Setting next_dagrun for tutorial_taskflow_api to None, run_after=None
[2025-11-27T14:20:47.162-0300] {processor.py:183} INFO - Processing /Users/davispecia/Documents/GitHub/Pf_pipeline_dados/Projeto_final_fase3/venv/lib/python3.9/site-packages/airflow/example_dags/tutorial_taskflow_api.py took 0.140 seconds
[2025-11-27T14:21:52.046-0300] {processor.py:161} INFO - Started process (PID=5433) to work on /Users/davispecia/Documents/GitHub/Pf_pipeline_dados/Projeto_final_fase3/venv/lib/python3.9/site-packages/airflow/example_dags/tutorial_taskflow_api.py
[2025-11-27T14:21:52.047-0300] {processor.py:830} INFO - Processing file /Users/davispecia/Documents/GitHub/Pf_pipeline_dados/Projeto_final_fase3/venv/lib/python3.9/site-packages/airflow/example_dags/tutorial_taskflow_api.py for tasks to queue
[2025-11-27T14:21:52.048-0300] {logging_mixin.py:188} INFO - [2025-11-27T14:21:52.048-0300] {dagbag.py:545} INFO - Filling up the DagBag from /Users/davispecia/Documents/GitHub/Pf_pipeline_dados/Projeto_final_fase3/venv/lib/python3.9/site-packages/airflow/example_dags/tutorial_taskflow_api.py
[2025-11-27T14:21:52.067-0300] {processor.py:840} INFO - DAG(s) 'tutorial_taskflow_api' retrieved from /Users/davispecia/Documents/GitHub/Pf_pipeline_dados/Projeto_final_fase3/venv/lib/python3.9/site-packages/airflow/example_dags/tutorial_taskflow_api.py
[2025-11-27T14:21:52.147-0300] {logging_mixin.py:188} INFO - [2025-11-27T14:21:52.147-0300] {dag.py:3089} INFO - Sync 1 DAGs
[2025-11-27T14:21:52.153-0300] {logging_mixin.py:188} INFO - [2025-11-27T14:21:52.153-0300] {dag.py:3947} INFO - Setting next_dagrun for tutorial_taskflow_api to None, run_after=None
[2025-11-27T14:21:52.164-0300] {processor.py:183} INFO - Processing /Users/davispecia/Documents/GitHub/Pf_pipeline_dados/Projeto_final_fase3/venv/lib/python3.9/site-packages/airflow/example_dags/tutorial_taskflow_api.py took 0.120 seconds
[2025-11-27T14:22:56.458-0300] {processor.py:161} INFO - Started process (PID=5588) to work on /Users/davispecia/Documents/GitHub/Pf_pipeline_dados/Projeto_final_fase3/venv/lib/python3.9/site-packages/airflow/example_dags/tutorial_taskflow_api.py
[2025-11-27T14:22:56.459-0300] {processor.py:830} INFO - Processing file /Users/davispecia/Documents/GitHub/Pf_pipeline_dados/Projeto_final_fase3/venv/lib/python3.9/site-packages/airflow/example_dags/tutorial_taskflow_api.py for tasks to queue
[2025-11-27T14:22:56.459-0300] {logging_mixin.py:188} INFO - [2025-11-27T14:22:56.459-0300] {dagbag.py:545} INFO - Filling up the DagBag from /Users/davispecia/Documents/GitHub/Pf_pipeline_dados/Projeto_final_fase3/venv/lib/python3.9/site-packages/airflow/example_dags/tutorial_taskflow_api.py
[2025-11-27T14:22:56.483-0300] {processor.py:840} INFO - DAG(s) 'tutorial_taskflow_api' retrieved from /Users/davispecia/Documents/GitHub/Pf_pipeline_dados/Projeto_final_fase3/venv/lib/python3.9/site-packages/airflow/example_dags/tutorial_taskflow_api.py
[2025-11-27T14:22:56.566-0300] {logging_mixin.py:188} INFO - [2025-11-27T14:22:56.566-0300] {dag.py:3089} INFO - Sync 1 DAGs
[2025-11-27T14:22:56.572-0300] {logging_mixin.py:188} INFO - [2025-11-27T14:22:56.572-0300] {dag.py:3947} INFO - Setting next_dagrun for tutorial_taskflow_api to None, run_after=None
[2025-11-27T14:22:56.582-0300] {processor.py:183} INFO - Processing /Users/davispecia/Documents/GitHub/Pf_pipeline_dados/Projeto_final_fase3/venv/lib/python3.9/site-packages/airflow/example_dags/tutorial_taskflow_api.py took 0.126 seconds
[2025-11-27T14:24:03.674-0300] {processor.py:161} INFO - Started process (PID=5743) to work on /Users/davispecia/Documents/GitHub/Pf_pipeline_dados/Projeto_final_fase3/venv/lib/python3.9/site-packages/airflow/example_dags/tutorial_taskflow_api.py
[2025-11-27T14:24:03.676-0300] {processor.py:830} INFO - Processing file /Users/davispecia/Documents/GitHub/Pf_pipeline_dados/Projeto_final_fase3/venv/lib/python3.9/site-packages/airflow/example_dags/tutorial_taskflow_api.py for tasks to queue
[2025-11-27T14:24:03.676-0300] {logging_mixin.py:188} INFO - [2025-11-27T14:24:03.676-0300] {dagbag.py:545} INFO - Filling up the DagBag from /Users/davispecia/Documents/GitHub/Pf_pipeline_dados/Projeto_final_fase3/venv/lib/python3.9/site-packages/airflow/example_dags/tutorial_taskflow_api.py
[2025-11-27T14:24:03.696-0300] {processor.py:840} INFO - DAG(s) 'tutorial_taskflow_api' retrieved from /Users/davispecia/Documents/GitHub/Pf_pipeline_dados/Projeto_final_fase3/venv/lib/python3.9/site-packages/airflow/example_dags/tutorial_taskflow_api.py
[2025-11-27T14:24:03.772-0300] {logging_mixin.py:188} INFO - [2025-11-27T14:24:03.771-0300] {dag.py:3089} INFO - Sync 1 DAGs
[2025-11-27T14:24:03.777-0300] {logging_mixin.py:188} INFO - [2025-11-27T14:24:03.777-0300] {dag.py:3947} INFO - Setting next_dagrun for tutorial_taskflow_api to None, run_after=None
[2025-11-27T14:24:03.787-0300] {processor.py:183} INFO - Processing /Users/davispecia/Documents/GitHub/Pf_pipeline_dados/Projeto_final_fase3/venv/lib/python3.9/site-packages/airflow/example_dags/tutorial_taskflow_api.py took 0.115 seconds
[2025-11-27T14:25:14.795-0300] {processor.py:161} INFO - Started process (PID=5904) to work on /Users/davispecia/Documents/GitHub/Pf_pipeline_dados/Projeto_final_fase3/venv/lib/python3.9/site-packages/airflow/example_dags/tutorial_taskflow_api.py
[2025-11-27T14:25:14.796-0300] {processor.py:830} INFO - Processing file /Users/davispecia/Documents/GitHub/Pf_pipeline_dados/Projeto_final_fase3/venv/lib/python3.9/site-packages/airflow/example_dags/tutorial_taskflow_api.py for tasks to queue
[2025-11-27T14:25:14.796-0300] {logging_mixin.py:188} INFO - [2025-11-27T14:25:14.796-0300] {dagbag.py:545} INFO - Filling up the DagBag from /Users/davispecia/Documents/GitHub/Pf_pipeline_dados/Projeto_final_fase3/venv/lib/python3.9/site-packages/airflow/example_dags/tutorial_taskflow_api.py
[2025-11-27T14:25:14.816-0300] {processor.py:840} INFO - DAG(s) 'tutorial_taskflow_api' retrieved from /Users/davispecia/Documents/GitHub/Pf_pipeline_dados/Projeto_final_fase3/venv/lib/python3.9/site-packages/airflow/example_dags/tutorial_taskflow_api.py
[2025-11-27T14:25:14.894-0300] {logging_mixin.py:188} INFO - [2025-11-27T14:25:14.893-0300] {dag.py:3089} INFO - Sync 1 DAGs
[2025-11-27T14:25:14.899-0300] {logging_mixin.py:188} INFO - [2025-11-27T14:25:14.899-0300] {dag.py:3947} INFO - Setting next_dagrun for tutorial_taskflow_api to None, run_after=None
[2025-11-27T14:25:14.909-0300] {processor.py:183} INFO - Processing /Users/davispecia/Documents/GitHub/Pf_pipeline_dados/Projeto_final_fase3/venv/lib/python3.9/site-packages/airflow/example_dags/tutorial_taskflow_api.py took 0.116 seconds
[2025-11-27T14:26:36.992-0300] {processor.py:161} INFO - Started process (PID=6156) to work on /Users/davispecia/Documents/GitHub/Pf_pipeline_dados/Projeto_final_fase3/venv/lib/python3.9/site-packages/airflow/example_dags/tutorial_taskflow_api.py
[2025-11-27T14:26:36.993-0300] {processor.py:830} INFO - Processing file /Users/davispecia/Documents/GitHub/Pf_pipeline_dados/Projeto_final_fase3/venv/lib/python3.9/site-packages/airflow/example_dags/tutorial_taskflow_api.py for tasks to queue
[2025-11-27T14:26:36.993-0300] {logging_mixin.py:188} INFO - [2025-11-27T14:26:36.993-0300] {dagbag.py:545} INFO - Filling up the DagBag from /Users/davispecia/Documents/GitHub/Pf_pipeline_dados/Projeto_final_fase3/venv/lib/python3.9/site-packages/airflow/example_dags/tutorial_taskflow_api.py
[2025-11-27T14:26:37.014-0300] {processor.py:840} INFO - DAG(s) 'tutorial_taskflow_api' retrieved from /Users/davispecia/Documents/GitHub/Pf_pipeline_dados/Projeto_final_fase3/venv/lib/python3.9/site-packages/airflow/example_dags/tutorial_taskflow_api.py
[2025-11-27T14:26:37.099-0300] {logging_mixin.py:188} INFO - [2025-11-27T14:26:37.098-0300] {dag.py:3089} INFO - Sync 1 DAGs
[2025-11-27T14:26:37.106-0300] {logging_mixin.py:188} INFO - [2025-11-27T14:26:37.106-0300] {dag.py:3947} INFO - Setting next_dagrun for tutorial_taskflow_api to None, run_after=None
[2025-11-27T14:26:37.116-0300] {processor.py:183} INFO - Processing /Users/davispecia/Documents/GitHub/Pf_pipeline_dados/Projeto_final_fase3/venv/lib/python3.9/site-packages/airflow/example_dags/tutorial_taskflow_api.py took 0.127 seconds
[2025-11-27T14:27:55.089-0300] {processor.py:161} INFO - Started process (PID=6392) to work on /Users/davispecia/Documents/GitHub/Pf_pipeline_dados/Projeto_final_fase3/venv/lib/python3.9/site-packages/airflow/example_dags/tutorial_taskflow_api.py
[2025-11-27T14:27:55.089-0300] {processor.py:830} INFO - Processing file /Users/davispecia/Documents/GitHub/Pf_pipeline_dados/Projeto_final_fase3/venv/lib/python3.9/site-packages/airflow/example_dags/tutorial_taskflow_api.py for tasks to queue
[2025-11-27T14:27:55.090-0300] {logging_mixin.py:188} INFO - [2025-11-27T14:27:55.090-0300] {dagbag.py:545} INFO - Filling up the DagBag from /Users/davispecia/Documents/GitHub/Pf_pipeline_dados/Projeto_final_fase3/venv/lib/python3.9/site-packages/airflow/example_dags/tutorial_taskflow_api.py
[2025-11-27T14:27:55.109-0300] {processor.py:840} INFO - DAG(s) 'tutorial_taskflow_api' retrieved from /Users/davispecia/Documents/GitHub/Pf_pipeline_dados/Projeto_final_fase3/venv/lib/python3.9/site-packages/airflow/example_dags/tutorial_taskflow_api.py
[2025-11-27T14:27:55.186-0300] {logging_mixin.py:188} INFO - [2025-11-27T14:27:55.186-0300] {dag.py:3089} INFO - Sync 1 DAGs
[2025-11-27T14:27:55.191-0300] {logging_mixin.py:188} INFO - [2025-11-27T14:27:55.191-0300] {dag.py:3947} INFO - Setting next_dagrun for tutorial_taskflow_api to None, run_after=None
[2025-11-27T14:27:55.201-0300] {processor.py:183} INFO - Processing /Users/davispecia/Documents/GitHub/Pf_pipeline_dados/Projeto_final_fase3/venv/lib/python3.9/site-packages/airflow/example_dags/tutorial_taskflow_api.py took 0.115 seconds
[2025-11-27T14:28:59.183-0300] {processor.py:161} INFO - Started process (PID=6553) to work on /Users/davispecia/Documents/GitHub/Pf_pipeline_dados/Projeto_final_fase3/venv/lib/python3.9/site-packages/airflow/example_dags/tutorial_taskflow_api.py
[2025-11-27T14:28:59.184-0300] {processor.py:830} INFO - Processing file /Users/davispecia/Documents/GitHub/Pf_pipeline_dados/Projeto_final_fase3/venv/lib/python3.9/site-packages/airflow/example_dags/tutorial_taskflow_api.py for tasks to queue
[2025-11-27T14:28:59.185-0300] {logging_mixin.py:188} INFO - [2025-11-27T14:28:59.184-0300] {dagbag.py:545} INFO - Filling up the DagBag from /Users/davispecia/Documents/GitHub/Pf_pipeline_dados/Projeto_final_fase3/venv/lib/python3.9/site-packages/airflow/example_dags/tutorial_taskflow_api.py
[2025-11-27T14:28:59.206-0300] {processor.py:840} INFO - DAG(s) 'tutorial_taskflow_api' retrieved from /Users/davispecia/Documents/GitHub/Pf_pipeline_dados/Projeto_final_fase3/venv/lib/python3.9/site-packages/airflow/example_dags/tutorial_taskflow_api.py
[2025-11-27T14:28:59.295-0300] {logging_mixin.py:188} INFO - [2025-11-27T14:28:59.295-0300] {dag.py:3089} INFO - Sync 1 DAGs
[2025-11-27T14:28:59.301-0300] {logging_mixin.py:188} INFO - [2025-11-27T14:28:59.301-0300] {dag.py:3947} INFO - Setting next_dagrun for tutorial_taskflow_api to None, run_after=None
[2025-11-27T14:28:59.311-0300] {processor.py:183} INFO - Processing /Users/davispecia/Documents/GitHub/Pf_pipeline_dados/Projeto_final_fase3/venv/lib/python3.9/site-packages/airflow/example_dags/tutorial_taskflow_api.py took 0.130 seconds
[2025-11-27T14:30:04.381-0300] {processor.py:161} INFO - Started process (PID=6703) to work on /Users/davispecia/Documents/GitHub/Pf_pipeline_dados/Projeto_final_fase3/venv/lib/python3.9/site-packages/airflow/example_dags/tutorial_taskflow_api.py
[2025-11-27T14:30:04.382-0300] {processor.py:830} INFO - Processing file /Users/davispecia/Documents/GitHub/Pf_pipeline_dados/Projeto_final_fase3/venv/lib/python3.9/site-packages/airflow/example_dags/tutorial_taskflow_api.py for tasks to queue
[2025-11-27T14:30:04.382-0300] {logging_mixin.py:188} INFO - [2025-11-27T14:30:04.382-0300] {dagbag.py:545} INFO - Filling up the DagBag from /Users/davispecia/Documents/GitHub/Pf_pipeline_dados/Projeto_final_fase3/venv/lib/python3.9/site-packages/airflow/example_dags/tutorial_taskflow_api.py
[2025-11-27T14:30:04.403-0300] {processor.py:840} INFO - DAG(s) 'tutorial_taskflow_api' retrieved from /Users/davispecia/Documents/GitHub/Pf_pipeline_dados/Projeto_final_fase3/venv/lib/python3.9/site-packages/airflow/example_dags/tutorial_taskflow_api.py
[2025-11-27T14:30:04.486-0300] {logging_mixin.py:188} INFO - [2025-11-27T14:30:04.485-0300] {dag.py:3089} INFO - Sync 1 DAGs
[2025-11-27T14:30:04.491-0300] {logging_mixin.py:188} INFO - [2025-11-27T14:30:04.491-0300] {dag.py:3947} INFO - Setting next_dagrun for tutorial_taskflow_api to None, run_after=None
[2025-11-27T14:30:04.502-0300] {processor.py:183} INFO - Processing /Users/davispecia/Documents/GitHub/Pf_pipeline_dados/Projeto_final_fase3/venv/lib/python3.9/site-packages/airflow/example_dags/tutorial_taskflow_api.py took 0.124 seconds
[2025-11-27T14:31:11.098-0300] {processor.py:161} INFO - Started process (PID=6860) to work on /Users/davispecia/Documents/GitHub/Pf_pipeline_dados/Projeto_final_fase3/venv/lib/python3.9/site-packages/airflow/example_dags/tutorial_taskflow_api.py
[2025-11-27T14:31:11.099-0300] {processor.py:830} INFO - Processing file /Users/davispecia/Documents/GitHub/Pf_pipeline_dados/Projeto_final_fase3/venv/lib/python3.9/site-packages/airflow/example_dags/tutorial_taskflow_api.py for tasks to queue
[2025-11-27T14:31:11.099-0300] {logging_mixin.py:188} INFO - [2025-11-27T14:31:11.099-0300] {dagbag.py:545} INFO - Filling up the DagBag from /Users/davispecia/Documents/GitHub/Pf_pipeline_dados/Projeto_final_fase3/venv/lib/python3.9/site-packages/airflow/example_dags/tutorial_taskflow_api.py
[2025-11-27T14:31:11.118-0300] {processor.py:840} INFO - DAG(s) 'tutorial_taskflow_api' retrieved from /Users/davispecia/Documents/GitHub/Pf_pipeline_dados/Projeto_final_fase3/venv/lib/python3.9/site-packages/airflow/example_dags/tutorial_taskflow_api.py
[2025-11-27T14:31:11.197-0300] {logging_mixin.py:188} INFO - [2025-11-27T14:31:11.196-0300] {dag.py:3089} INFO - Sync 1 DAGs
[2025-11-27T14:31:11.202-0300] {logging_mixin.py:188} INFO - [2025-11-27T14:31:11.202-0300] {dag.py:3947} INFO - Setting next_dagrun for tutorial_taskflow_api to None, run_after=None
[2025-11-27T14:31:11.211-0300] {processor.py:183} INFO - Processing /Users/davispecia/Documents/GitHub/Pf_pipeline_dados/Projeto_final_fase3/venv/lib/python3.9/site-packages/airflow/example_dags/tutorial_taskflow_api.py took 0.116 seconds
[2025-11-27T14:32:13.879-0300] {processor.py:161} INFO - Started process (PID=7013) to work on /Users/davispecia/Documents/GitHub/Pf_pipeline_dados/Projeto_final_fase3/venv/lib/python3.9/site-packages/airflow/example_dags/tutorial_taskflow_api.py
[2025-11-27T14:32:13.880-0300] {processor.py:830} INFO - Processing file /Users/davispecia/Documents/GitHub/Pf_pipeline_dados/Projeto_final_fase3/venv/lib/python3.9/site-packages/airflow/example_dags/tutorial_taskflow_api.py for tasks to queue
[2025-11-27T14:32:13.880-0300] {logging_mixin.py:188} INFO - [2025-11-27T14:32:13.880-0300] {dagbag.py:545} INFO - Filling up the DagBag from /Users/davispecia/Documents/GitHub/Pf_pipeline_dados/Projeto_final_fase3/venv/lib/python3.9/site-packages/airflow/example_dags/tutorial_taskflow_api.py
[2025-11-27T14:32:13.900-0300] {processor.py:840} INFO - DAG(s) 'tutorial_taskflow_api' retrieved from /Users/davispecia/Documents/GitHub/Pf_pipeline_dados/Projeto_final_fase3/venv/lib/python3.9/site-packages/airflow/example_dags/tutorial_taskflow_api.py
[2025-11-27T14:32:13.976-0300] {logging_mixin.py:188} INFO - [2025-11-27T14:32:13.976-0300] {dag.py:3089} INFO - Sync 1 DAGs
[2025-11-27T14:32:13.981-0300] {logging_mixin.py:188} INFO - [2025-11-27T14:32:13.981-0300] {dag.py:3947} INFO - Setting next_dagrun for tutorial_taskflow_api to None, run_after=None
[2025-11-27T14:32:13.990-0300] {processor.py:183} INFO - Processing /Users/davispecia/Documents/GitHub/Pf_pipeline_dados/Projeto_final_fase3/venv/lib/python3.9/site-packages/airflow/example_dags/tutorial_taskflow_api.py took 0.113 seconds
[2025-11-27T14:33:29.279-0300] {processor.py:161} INFO - Started process (PID=7271) to work on /Users/davispecia/Documents/GitHub/Pf_pipeline_dados/Projeto_final_fase3/venv/lib/python3.9/site-packages/airflow/example_dags/tutorial_taskflow_api.py
[2025-11-27T14:33:29.279-0300] {processor.py:830} INFO - Processing file /Users/davispecia/Documents/GitHub/Pf_pipeline_dados/Projeto_final_fase3/venv/lib/python3.9/site-packages/airflow/example_dags/tutorial_taskflow_api.py for tasks to queue
[2025-11-27T14:33:29.280-0300] {logging_mixin.py:188} INFO - [2025-11-27T14:33:29.280-0300] {dagbag.py:545} INFO - Filling up the DagBag from /Users/davispecia/Documents/GitHub/Pf_pipeline_dados/Projeto_final_fase3/venv/lib/python3.9/site-packages/airflow/example_dags/tutorial_taskflow_api.py
[2025-11-27T14:33:29.304-0300] {processor.py:840} INFO - DAG(s) 'tutorial_taskflow_api' retrieved from /Users/davispecia/Documents/GitHub/Pf_pipeline_dados/Projeto_final_fase3/venv/lib/python3.9/site-packages/airflow/example_dags/tutorial_taskflow_api.py
[2025-11-27T14:33:29.384-0300] {logging_mixin.py:188} INFO - [2025-11-27T14:33:29.384-0300] {dag.py:3089} INFO - Sync 1 DAGs
[2025-11-27T14:33:29.389-0300] {logging_mixin.py:188} INFO - [2025-11-27T14:33:29.389-0300] {dag.py:3947} INFO - Setting next_dagrun for tutorial_taskflow_api to None, run_after=None
[2025-11-27T14:33:29.398-0300] {processor.py:183} INFO - Processing /Users/davispecia/Documents/GitHub/Pf_pipeline_dados/Projeto_final_fase3/venv/lib/python3.9/site-packages/airflow/example_dags/tutorial_taskflow_api.py took 0.122 seconds
[2025-11-27T14:34:34.526-0300] {processor.py:161} INFO - Started process (PID=7425) to work on /Users/davispecia/Documents/GitHub/Pf_pipeline_dados/Projeto_final_fase3/venv/lib/python3.9/site-packages/airflow/example_dags/tutorial_taskflow_api.py
[2025-11-27T14:34:34.527-0300] {processor.py:830} INFO - Processing file /Users/davispecia/Documents/GitHub/Pf_pipeline_dados/Projeto_final_fase3/venv/lib/python3.9/site-packages/airflow/example_dags/tutorial_taskflow_api.py for tasks to queue
[2025-11-27T14:34:34.528-0300] {logging_mixin.py:188} INFO - [2025-11-27T14:34:34.527-0300] {dagbag.py:545} INFO - Filling up the DagBag from /Users/davispecia/Documents/GitHub/Pf_pipeline_dados/Projeto_final_fase3/venv/lib/python3.9/site-packages/airflow/example_dags/tutorial_taskflow_api.py
[2025-11-27T14:34:34.546-0300] {processor.py:840} INFO - DAG(s) 'tutorial_taskflow_api' retrieved from /Users/davispecia/Documents/GitHub/Pf_pipeline_dados/Projeto_final_fase3/venv/lib/python3.9/site-packages/airflow/example_dags/tutorial_taskflow_api.py
[2025-11-27T14:34:34.625-0300] {logging_mixin.py:188} INFO - [2025-11-27T14:34:34.625-0300] {dag.py:3089} INFO - Sync 1 DAGs
[2025-11-27T14:34:34.632-0300] {logging_mixin.py:188} INFO - [2025-11-27T14:34:34.632-0300] {dag.py:3947} INFO - Setting next_dagrun for tutorial_taskflow_api to None, run_after=None
[2025-11-27T14:34:34.641-0300] {processor.py:183} INFO - Processing /Users/davispecia/Documents/GitHub/Pf_pipeline_dados/Projeto_final_fase3/venv/lib/python3.9/site-packages/airflow/example_dags/tutorial_taskflow_api.py took 0.117 seconds
[2025-11-27T14:35:47.978-0300] {processor.py:161} INFO - Started process (PID=7731) to work on /Users/davispecia/Documents/GitHub/Pf_pipeline_dados/Projeto_final_fase3/venv/lib/python3.9/site-packages/airflow/example_dags/tutorial_taskflow_api.py
[2025-11-27T14:35:47.980-0300] {processor.py:830} INFO - Processing file /Users/davispecia/Documents/GitHub/Pf_pipeline_dados/Projeto_final_fase3/venv/lib/python3.9/site-packages/airflow/example_dags/tutorial_taskflow_api.py for tasks to queue
[2025-11-27T14:35:47.980-0300] {logging_mixin.py:188} INFO - [2025-11-27T14:35:47.980-0300] {dagbag.py:545} INFO - Filling up the DagBag from /Users/davispecia/Documents/GitHub/Pf_pipeline_dados/Projeto_final_fase3/venv/lib/python3.9/site-packages/airflow/example_dags/tutorial_taskflow_api.py
[2025-11-27T14:35:47.999-0300] {processor.py:840} INFO - DAG(s) 'tutorial_taskflow_api' retrieved from /Users/davispecia/Documents/GitHub/Pf_pipeline_dados/Projeto_final_fase3/venv/lib/python3.9/site-packages/airflow/example_dags/tutorial_taskflow_api.py
[2025-11-27T14:35:48.076-0300] {logging_mixin.py:188} INFO - [2025-11-27T14:35:48.076-0300] {dag.py:3089} INFO - Sync 1 DAGs
[2025-11-27T14:35:48.081-0300] {logging_mixin.py:188} INFO - [2025-11-27T14:35:48.081-0300] {dag.py:3947} INFO - Setting next_dagrun for tutorial_taskflow_api to None, run_after=None
[2025-11-27T14:35:48.091-0300] {processor.py:183} INFO - Processing /Users/davispecia/Documents/GitHub/Pf_pipeline_dados/Projeto_final_fase3/venv/lib/python3.9/site-packages/airflow/example_dags/tutorial_taskflow_api.py took 0.116 seconds
[2025-11-27T14:36:55.941-0300] {processor.py:161} INFO - Started process (PID=7894) to work on /Users/davispecia/Documents/GitHub/Pf_pipeline_dados/Projeto_final_fase3/venv/lib/python3.9/site-packages/airflow/example_dags/tutorial_taskflow_api.py
[2025-11-27T14:36:55.942-0300] {processor.py:830} INFO - Processing file /Users/davispecia/Documents/GitHub/Pf_pipeline_dados/Projeto_final_fase3/venv/lib/python3.9/site-packages/airflow/example_dags/tutorial_taskflow_api.py for tasks to queue
[2025-11-27T14:36:55.942-0300] {logging_mixin.py:188} INFO - [2025-11-27T14:36:55.942-0300] {dagbag.py:545} INFO - Filling up the DagBag from /Users/davispecia/Documents/GitHub/Pf_pipeline_dados/Projeto_final_fase3/venv/lib/python3.9/site-packages/airflow/example_dags/tutorial_taskflow_api.py
[2025-11-27T14:36:55.961-0300] {processor.py:840} INFO - DAG(s) 'tutorial_taskflow_api' retrieved from /Users/davispecia/Documents/GitHub/Pf_pipeline_dados/Projeto_final_fase3/venv/lib/python3.9/site-packages/airflow/example_dags/tutorial_taskflow_api.py
[2025-11-27T14:36:56.039-0300] {logging_mixin.py:188} INFO - [2025-11-27T14:36:56.038-0300] {dag.py:3089} INFO - Sync 1 DAGs
[2025-11-27T14:36:56.044-0300] {logging_mixin.py:188} INFO - [2025-11-27T14:36:56.044-0300] {dag.py:3947} INFO - Setting next_dagrun for tutorial_taskflow_api to None, run_after=None
[2025-11-27T14:36:56.055-0300] {processor.py:183} INFO - Processing /Users/davispecia/Documents/GitHub/Pf_pipeline_dados/Projeto_final_fase3/venv/lib/python3.9/site-packages/airflow/example_dags/tutorial_taskflow_api.py took 0.116 seconds
[2025-11-27T14:38:02.524-0300] {processor.py:161} INFO - Started process (PID=8053) to work on /Users/davispecia/Documents/GitHub/Pf_pipeline_dados/Projeto_final_fase3/venv/lib/python3.9/site-packages/airflow/example_dags/tutorial_taskflow_api.py
[2025-11-27T14:38:02.525-0300] {processor.py:830} INFO - Processing file /Users/davispecia/Documents/GitHub/Pf_pipeline_dados/Projeto_final_fase3/venv/lib/python3.9/site-packages/airflow/example_dags/tutorial_taskflow_api.py for tasks to queue
[2025-11-27T14:38:02.526-0300] {logging_mixin.py:188} INFO - [2025-11-27T14:38:02.526-0300] {dagbag.py:545} INFO - Filling up the DagBag from /Users/davispecia/Documents/GitHub/Pf_pipeline_dados/Projeto_final_fase3/venv/lib/python3.9/site-packages/airflow/example_dags/tutorial_taskflow_api.py
[2025-11-27T14:38:02.545-0300] {processor.py:840} INFO - DAG(s) 'tutorial_taskflow_api' retrieved from /Users/davispecia/Documents/GitHub/Pf_pipeline_dados/Projeto_final_fase3/venv/lib/python3.9/site-packages/airflow/example_dags/tutorial_taskflow_api.py
[2025-11-27T14:38:02.622-0300] {logging_mixin.py:188} INFO - [2025-11-27T14:38:02.622-0300] {dag.py:3089} INFO - Sync 1 DAGs
[2025-11-27T14:38:02.628-0300] {logging_mixin.py:188} INFO - [2025-11-27T14:38:02.628-0300] {dag.py:3947} INFO - Setting next_dagrun for tutorial_taskflow_api to None, run_after=None
[2025-11-27T14:38:02.638-0300] {processor.py:183} INFO - Processing /Users/davispecia/Documents/GitHub/Pf_pipeline_dados/Projeto_final_fase3/venv/lib/python3.9/site-packages/airflow/example_dags/tutorial_taskflow_api.py took 0.116 seconds
[2025-11-27T14:39:18.900-0300] {processor.py:161} INFO - Started process (PID=8295) to work on /Users/davispecia/Documents/GitHub/Pf_pipeline_dados/Projeto_final_fase3/venv/lib/python3.9/site-packages/airflow/example_dags/tutorial_taskflow_api.py
[2025-11-27T14:39:18.901-0300] {processor.py:830} INFO - Processing file /Users/davispecia/Documents/GitHub/Pf_pipeline_dados/Projeto_final_fase3/venv/lib/python3.9/site-packages/airflow/example_dags/tutorial_taskflow_api.py for tasks to queue
[2025-11-27T14:39:18.901-0300] {logging_mixin.py:188} INFO - [2025-11-27T14:39:18.901-0300] {dagbag.py:545} INFO - Filling up the DagBag from /Users/davispecia/Documents/GitHub/Pf_pipeline_dados/Projeto_final_fase3/venv/lib/python3.9/site-packages/airflow/example_dags/tutorial_taskflow_api.py
[2025-11-27T14:39:18.921-0300] {processor.py:840} INFO - DAG(s) 'tutorial_taskflow_api' retrieved from /Users/davispecia/Documents/GitHub/Pf_pipeline_dados/Projeto_final_fase3/venv/lib/python3.9/site-packages/airflow/example_dags/tutorial_taskflow_api.py
[2025-11-27T14:39:18.997-0300] {logging_mixin.py:188} INFO - [2025-11-27T14:39:18.997-0300] {dag.py:3089} INFO - Sync 1 DAGs
[2025-11-27T14:39:19.003-0300] {logging_mixin.py:188} INFO - [2025-11-27T14:39:19.002-0300] {dag.py:3947} INFO - Setting next_dagrun for tutorial_taskflow_api to None, run_after=None
[2025-11-27T14:39:19.012-0300] {processor.py:183} INFO - Processing /Users/davispecia/Documents/GitHub/Pf_pipeline_dados/Projeto_final_fase3/venv/lib/python3.9/site-packages/airflow/example_dags/tutorial_taskflow_api.py took 0.114 seconds
[2025-11-27T14:40:23.644-0300] {processor.py:161} INFO - Started process (PID=8456) to work on /Users/davispecia/Documents/GitHub/Pf_pipeline_dados/Projeto_final_fase3/venv/lib/python3.9/site-packages/airflow/example_dags/tutorial_taskflow_api.py
[2025-11-27T14:40:23.645-0300] {processor.py:830} INFO - Processing file /Users/davispecia/Documents/GitHub/Pf_pipeline_dados/Projeto_final_fase3/venv/lib/python3.9/site-packages/airflow/example_dags/tutorial_taskflow_api.py for tasks to queue
[2025-11-27T14:40:23.645-0300] {logging_mixin.py:188} INFO - [2025-11-27T14:40:23.645-0300] {dagbag.py:545} INFO - Filling up the DagBag from /Users/davispecia/Documents/GitHub/Pf_pipeline_dados/Projeto_final_fase3/venv/lib/python3.9/site-packages/airflow/example_dags/tutorial_taskflow_api.py
[2025-11-27T14:40:23.665-0300] {processor.py:840} INFO - DAG(s) 'tutorial_taskflow_api' retrieved from /Users/davispecia/Documents/GitHub/Pf_pipeline_dados/Projeto_final_fase3/venv/lib/python3.9/site-packages/airflow/example_dags/tutorial_taskflow_api.py
[2025-11-27T14:40:23.741-0300] {logging_mixin.py:188} INFO - [2025-11-27T14:40:23.741-0300] {dag.py:3089} INFO - Sync 1 DAGs
[2025-11-27T14:40:23.746-0300] {logging_mixin.py:188} INFO - [2025-11-27T14:40:23.746-0300] {dag.py:3947} INFO - Setting next_dagrun for tutorial_taskflow_api to None, run_after=None
[2025-11-27T14:40:23.756-0300] {processor.py:183} INFO - Processing /Users/davispecia/Documents/GitHub/Pf_pipeline_dados/Projeto_final_fase3/venv/lib/python3.9/site-packages/airflow/example_dags/tutorial_taskflow_api.py took 0.114 seconds
[2025-11-27T14:41:26.507-0300] {processor.py:161} INFO - Started process (PID=8664) to work on /Users/davispecia/Documents/GitHub/Pf_pipeline_dados/Projeto_final_fase3/venv/lib/python3.9/site-packages/airflow/example_dags/tutorial_taskflow_api.py
[2025-11-27T14:41:26.507-0300] {processor.py:830} INFO - Processing file /Users/davispecia/Documents/GitHub/Pf_pipeline_dados/Projeto_final_fase3/venv/lib/python3.9/site-packages/airflow/example_dags/tutorial_taskflow_api.py for tasks to queue
[2025-11-27T14:41:26.508-0300] {logging_mixin.py:188} INFO - [2025-11-27T14:41:26.508-0300] {dagbag.py:545} INFO - Filling up the DagBag from /Users/davispecia/Documents/GitHub/Pf_pipeline_dados/Projeto_final_fase3/venv/lib/python3.9/site-packages/airflow/example_dags/tutorial_taskflow_api.py
[2025-11-27T14:41:26.529-0300] {processor.py:840} INFO - DAG(s) 'tutorial_taskflow_api' retrieved from /Users/davispecia/Documents/GitHub/Pf_pipeline_dados/Projeto_final_fase3/venv/lib/python3.9/site-packages/airflow/example_dags/tutorial_taskflow_api.py
[2025-11-27T14:41:26.611-0300] {logging_mixin.py:188} INFO - [2025-11-27T14:41:26.611-0300] {dag.py:3089} INFO - Sync 1 DAGs
[2025-11-27T14:41:26.617-0300] {logging_mixin.py:188} INFO - [2025-11-27T14:41:26.617-0300] {dag.py:3947} INFO - Setting next_dagrun for tutorial_taskflow_api to None, run_after=None
[2025-11-27T14:41:26.628-0300] {processor.py:183} INFO - Processing /Users/davispecia/Documents/GitHub/Pf_pipeline_dados/Projeto_final_fase3/venv/lib/python3.9/site-packages/airflow/example_dags/tutorial_taskflow_api.py took 0.124 seconds
[2025-11-27T14:42:28.188-0300] {processor.py:161} INFO - Started process (PID=8827) to work on /Users/davispecia/Documents/GitHub/Pf_pipeline_dados/Projeto_final_fase3/venv/lib/python3.9/site-packages/airflow/example_dags/tutorial_taskflow_api.py
[2025-11-27T14:42:28.188-0300] {processor.py:830} INFO - Processing file /Users/davispecia/Documents/GitHub/Pf_pipeline_dados/Projeto_final_fase3/venv/lib/python3.9/site-packages/airflow/example_dags/tutorial_taskflow_api.py for tasks to queue
[2025-11-27T14:42:28.189-0300] {logging_mixin.py:188} INFO - [2025-11-27T14:42:28.188-0300] {dagbag.py:545} INFO - Filling up the DagBag from /Users/davispecia/Documents/GitHub/Pf_pipeline_dados/Projeto_final_fase3/venv/lib/python3.9/site-packages/airflow/example_dags/tutorial_taskflow_api.py
[2025-11-27T14:42:28.207-0300] {processor.py:840} INFO - DAG(s) 'tutorial_taskflow_api' retrieved from /Users/davispecia/Documents/GitHub/Pf_pipeline_dados/Projeto_final_fase3/venv/lib/python3.9/site-packages/airflow/example_dags/tutorial_taskflow_api.py
[2025-11-27T14:42:28.280-0300] {logging_mixin.py:188} INFO - [2025-11-27T14:42:28.280-0300] {dag.py:3089} INFO - Sync 1 DAGs
[2025-11-27T14:42:28.285-0300] {logging_mixin.py:188} INFO - [2025-11-27T14:42:28.285-0300] {dag.py:3947} INFO - Setting next_dagrun for tutorial_taskflow_api to None, run_after=None
[2025-11-27T14:42:28.295-0300] {processor.py:183} INFO - Processing /Users/davispecia/Documents/GitHub/Pf_pipeline_dados/Projeto_final_fase3/venv/lib/python3.9/site-packages/airflow/example_dags/tutorial_taskflow_api.py took 0.110 seconds
[2025-11-27T14:43:30.141-0300] {processor.py:161} INFO - Started process (PID=8996) to work on /Users/davispecia/Documents/GitHub/Pf_pipeline_dados/Projeto_final_fase3/venv/lib/python3.9/site-packages/airflow/example_dags/tutorial_taskflow_api.py
[2025-11-27T14:43:30.142-0300] {processor.py:830} INFO - Processing file /Users/davispecia/Documents/GitHub/Pf_pipeline_dados/Projeto_final_fase3/venv/lib/python3.9/site-packages/airflow/example_dags/tutorial_taskflow_api.py for tasks to queue
[2025-11-27T14:43:30.142-0300] {logging_mixin.py:188} INFO - [2025-11-27T14:43:30.142-0300] {dagbag.py:545} INFO - Filling up the DagBag from /Users/davispecia/Documents/GitHub/Pf_pipeline_dados/Projeto_final_fase3/venv/lib/python3.9/site-packages/airflow/example_dags/tutorial_taskflow_api.py
[2025-11-27T14:43:30.161-0300] {processor.py:840} INFO - DAG(s) 'tutorial_taskflow_api' retrieved from /Users/davispecia/Documents/GitHub/Pf_pipeline_dados/Projeto_final_fase3/venv/lib/python3.9/site-packages/airflow/example_dags/tutorial_taskflow_api.py
[2025-11-27T14:43:30.235-0300] {logging_mixin.py:188} INFO - [2025-11-27T14:43:30.235-0300] {dag.py:3089} INFO - Sync 1 DAGs
[2025-11-27T14:43:30.240-0300] {logging_mixin.py:188} INFO - [2025-11-27T14:43:30.240-0300] {dag.py:3947} INFO - Setting next_dagrun for tutorial_taskflow_api to None, run_after=None
[2025-11-27T14:43:30.250-0300] {processor.py:183} INFO - Processing /Users/davispecia/Documents/GitHub/Pf_pipeline_dados/Projeto_final_fase3/venv/lib/python3.9/site-packages/airflow/example_dags/tutorial_taskflow_api.py took 0.112 seconds
[2025-11-27T14:44:43.302-0300] {processor.py:161} INFO - Started process (PID=9284) to work on /Users/davispecia/Documents/GitHub/Pf_pipeline_dados/Projeto_final_fase3/venv/lib/python3.9/site-packages/airflow/example_dags/tutorial_taskflow_api.py
[2025-11-27T14:44:43.303-0300] {processor.py:830} INFO - Processing file /Users/davispecia/Documents/GitHub/Pf_pipeline_dados/Projeto_final_fase3/venv/lib/python3.9/site-packages/airflow/example_dags/tutorial_taskflow_api.py for tasks to queue
[2025-11-27T14:44:43.304-0300] {logging_mixin.py:188} INFO - [2025-11-27T14:44:43.304-0300] {dagbag.py:545} INFO - Filling up the DagBag from /Users/davispecia/Documents/GitHub/Pf_pipeline_dados/Projeto_final_fase3/venv/lib/python3.9/site-packages/airflow/example_dags/tutorial_taskflow_api.py
[2025-11-27T14:44:43.321-0300] {processor.py:840} INFO - DAG(s) 'tutorial_taskflow_api' retrieved from /Users/davispecia/Documents/GitHub/Pf_pipeline_dados/Projeto_final_fase3/venv/lib/python3.9/site-packages/airflow/example_dags/tutorial_taskflow_api.py
[2025-11-27T14:44:43.394-0300] {logging_mixin.py:188} INFO - [2025-11-27T14:44:43.394-0300] {dag.py:3089} INFO - Sync 1 DAGs
[2025-11-27T14:44:43.400-0300] {logging_mixin.py:188} INFO - [2025-11-27T14:44:43.400-0300] {dag.py:3947} INFO - Setting next_dagrun for tutorial_taskflow_api to None, run_after=None
[2025-11-27T14:44:43.411-0300] {processor.py:183} INFO - Processing /Users/davispecia/Documents/GitHub/Pf_pipeline_dados/Projeto_final_fase3/venv/lib/python3.9/site-packages/airflow/example_dags/tutorial_taskflow_api.py took 0.111 seconds
[2025-11-27T14:45:48.955-0300] {processor.py:161} INFO - Started process (PID=9441) to work on /Users/davispecia/Documents/GitHub/Pf_pipeline_dados/Projeto_final_fase3/venv/lib/python3.9/site-packages/airflow/example_dags/tutorial_taskflow_api.py
[2025-11-27T14:45:48.957-0300] {processor.py:830} INFO - Processing file /Users/davispecia/Documents/GitHub/Pf_pipeline_dados/Projeto_final_fase3/venv/lib/python3.9/site-packages/airflow/example_dags/tutorial_taskflow_api.py for tasks to queue
[2025-11-27T14:45:48.957-0300] {logging_mixin.py:188} INFO - [2025-11-27T14:45:48.957-0300] {dagbag.py:545} INFO - Filling up the DagBag from /Users/davispecia/Documents/GitHub/Pf_pipeline_dados/Projeto_final_fase3/venv/lib/python3.9/site-packages/airflow/example_dags/tutorial_taskflow_api.py
[2025-11-27T14:45:48.974-0300] {processor.py:840} INFO - DAG(s) 'tutorial_taskflow_api' retrieved from /Users/davispecia/Documents/GitHub/Pf_pipeline_dados/Projeto_final_fase3/venv/lib/python3.9/site-packages/airflow/example_dags/tutorial_taskflow_api.py
[2025-11-27T14:45:49.044-0300] {logging_mixin.py:188} INFO - [2025-11-27T14:45:49.044-0300] {dag.py:3089} INFO - Sync 1 DAGs
[2025-11-27T14:45:49.049-0300] {logging_mixin.py:188} INFO - [2025-11-27T14:45:49.049-0300] {dag.py:3947} INFO - Setting next_dagrun for tutorial_taskflow_api to None, run_after=None
[2025-11-27T14:45:49.061-0300] {processor.py:183} INFO - Processing /Users/davispecia/Documents/GitHub/Pf_pipeline_dados/Projeto_final_fase3/venv/lib/python3.9/site-packages/airflow/example_dags/tutorial_taskflow_api.py took 0.107 seconds
[2025-11-27T14:46:54.778-0300] {processor.py:161} INFO - Started process (PID=9593) to work on /Users/davispecia/Documents/GitHub/Pf_pipeline_dados/Projeto_final_fase3/venv/lib/python3.9/site-packages/airflow/example_dags/tutorial_taskflow_api.py
[2025-11-27T14:46:54.779-0300] {processor.py:830} INFO - Processing file /Users/davispecia/Documents/GitHub/Pf_pipeline_dados/Projeto_final_fase3/venv/lib/python3.9/site-packages/airflow/example_dags/tutorial_taskflow_api.py for tasks to queue
[2025-11-27T14:46:54.780-0300] {logging_mixin.py:188} INFO - [2025-11-27T14:46:54.780-0300] {dagbag.py:545} INFO - Filling up the DagBag from /Users/davispecia/Documents/GitHub/Pf_pipeline_dados/Projeto_final_fase3/venv/lib/python3.9/site-packages/airflow/example_dags/tutorial_taskflow_api.py
[2025-11-27T14:46:54.799-0300] {processor.py:840} INFO - DAG(s) 'tutorial_taskflow_api' retrieved from /Users/davispecia/Documents/GitHub/Pf_pipeline_dados/Projeto_final_fase3/venv/lib/python3.9/site-packages/airflow/example_dags/tutorial_taskflow_api.py
[2025-11-27T14:46:54.877-0300] {logging_mixin.py:188} INFO - [2025-11-27T14:46:54.877-0300] {dag.py:3089} INFO - Sync 1 DAGs
[2025-11-27T14:46:54.883-0300] {logging_mixin.py:188} INFO - [2025-11-27T14:46:54.883-0300] {dag.py:3947} INFO - Setting next_dagrun for tutorial_taskflow_api to None, run_after=None
[2025-11-27T14:46:54.896-0300] {processor.py:183} INFO - Processing /Users/davispecia/Documents/GitHub/Pf_pipeline_dados/Projeto_final_fase3/venv/lib/python3.9/site-packages/airflow/example_dags/tutorial_taskflow_api.py took 0.120 seconds
[2025-11-27T14:47:58.982-0300] {processor.py:161} INFO - Started process (PID=9762) to work on /Users/davispecia/Documents/GitHub/Pf_pipeline_dados/Projeto_final_fase3/venv/lib/python3.9/site-packages/airflow/example_dags/tutorial_taskflow_api.py
[2025-11-27T14:47:58.982-0300] {processor.py:830} INFO - Processing file /Users/davispecia/Documents/GitHub/Pf_pipeline_dados/Projeto_final_fase3/venv/lib/python3.9/site-packages/airflow/example_dags/tutorial_taskflow_api.py for tasks to queue
[2025-11-27T14:47:58.983-0300] {logging_mixin.py:188} INFO - [2025-11-27T14:47:58.983-0300] {dagbag.py:545} INFO - Filling up the DagBag from /Users/davispecia/Documents/GitHub/Pf_pipeline_dados/Projeto_final_fase3/venv/lib/python3.9/site-packages/airflow/example_dags/tutorial_taskflow_api.py
[2025-11-27T14:47:59.001-0300] {processor.py:840} INFO - DAG(s) 'tutorial_taskflow_api' retrieved from /Users/davispecia/Documents/GitHub/Pf_pipeline_dados/Projeto_final_fase3/venv/lib/python3.9/site-packages/airflow/example_dags/tutorial_taskflow_api.py
[2025-11-27T14:47:59.076-0300] {logging_mixin.py:188} INFO - [2025-11-27T14:47:59.075-0300] {dag.py:3089} INFO - Sync 1 DAGs
[2025-11-27T14:47:59.082-0300] {logging_mixin.py:188} INFO - [2025-11-27T14:47:59.082-0300] {dag.py:3947} INFO - Setting next_dagrun for tutorial_taskflow_api to None, run_after=None
[2025-11-27T14:47:59.091-0300] {processor.py:183} INFO - Processing /Users/davispecia/Documents/GitHub/Pf_pipeline_dados/Projeto_final_fase3/venv/lib/python3.9/site-packages/airflow/example_dags/tutorial_taskflow_api.py took 0.111 seconds
[2025-11-27T14:49:01.808-0300] {processor.py:161} INFO - Started process (PID=9911) to work on /Users/davispecia/Documents/GitHub/Pf_pipeline_dados/Projeto_final_fase3/venv/lib/python3.9/site-packages/airflow/example_dags/tutorial_taskflow_api.py
[2025-11-27T14:49:01.809-0300] {processor.py:830} INFO - Processing file /Users/davispecia/Documents/GitHub/Pf_pipeline_dados/Projeto_final_fase3/venv/lib/python3.9/site-packages/airflow/example_dags/tutorial_taskflow_api.py for tasks to queue
[2025-11-27T14:49:01.809-0300] {logging_mixin.py:188} INFO - [2025-11-27T14:49:01.809-0300] {dagbag.py:545} INFO - Filling up the DagBag from /Users/davispecia/Documents/GitHub/Pf_pipeline_dados/Projeto_final_fase3/venv/lib/python3.9/site-packages/airflow/example_dags/tutorial_taskflow_api.py
[2025-11-27T14:49:01.828-0300] {processor.py:840} INFO - DAG(s) 'tutorial_taskflow_api' retrieved from /Users/davispecia/Documents/GitHub/Pf_pipeline_dados/Projeto_final_fase3/venv/lib/python3.9/site-packages/airflow/example_dags/tutorial_taskflow_api.py
[2025-11-27T14:49:01.903-0300] {logging_mixin.py:188} INFO - [2025-11-27T14:49:01.903-0300] {dag.py:3089} INFO - Sync 1 DAGs
[2025-11-27T14:49:01.908-0300] {logging_mixin.py:188} INFO - [2025-11-27T14:49:01.908-0300] {dag.py:3947} INFO - Setting next_dagrun for tutorial_taskflow_api to None, run_after=None
[2025-11-27T14:49:01.918-0300] {processor.py:183} INFO - Processing /Users/davispecia/Documents/GitHub/Pf_pipeline_dados/Projeto_final_fase3/venv/lib/python3.9/site-packages/airflow/example_dags/tutorial_taskflow_api.py took 0.113 seconds
[2025-11-27T14:50:15.692-0300] {processor.py:161} INFO - Started process (PID=10157) to work on /Users/davispecia/Documents/GitHub/Pf_pipeline_dados/Projeto_final_fase3/venv/lib/python3.9/site-packages/airflow/example_dags/tutorial_taskflow_api.py
[2025-11-27T14:50:15.694-0300] {processor.py:830} INFO - Processing file /Users/davispecia/Documents/GitHub/Pf_pipeline_dados/Projeto_final_fase3/venv/lib/python3.9/site-packages/airflow/example_dags/tutorial_taskflow_api.py for tasks to queue
[2025-11-27T14:50:15.694-0300] {logging_mixin.py:188} INFO - [2025-11-27T14:50:15.694-0300] {dagbag.py:545} INFO - Filling up the DagBag from /Users/davispecia/Documents/GitHub/Pf_pipeline_dados/Projeto_final_fase3/venv/lib/python3.9/site-packages/airflow/example_dags/tutorial_taskflow_api.py
[2025-11-27T14:50:15.713-0300] {processor.py:840} INFO - DAG(s) 'tutorial_taskflow_api' retrieved from /Users/davispecia/Documents/GitHub/Pf_pipeline_dados/Projeto_final_fase3/venv/lib/python3.9/site-packages/airflow/example_dags/tutorial_taskflow_api.py
[2025-11-27T14:50:15.791-0300] {logging_mixin.py:188} INFO - [2025-11-27T14:50:15.791-0300] {dag.py:3089} INFO - Sync 1 DAGs
[2025-11-27T14:50:15.796-0300] {logging_mixin.py:188} INFO - [2025-11-27T14:50:15.796-0300] {dag.py:3947} INFO - Setting next_dagrun for tutorial_taskflow_api to None, run_after=None
[2025-11-27T14:50:15.807-0300] {processor.py:183} INFO - Processing /Users/davispecia/Documents/GitHub/Pf_pipeline_dados/Projeto_final_fase3/venv/lib/python3.9/site-packages/airflow/example_dags/tutorial_taskflow_api.py took 0.117 seconds
[2025-11-27T14:51:19.283-0300] {processor.py:161} INFO - Started process (PID=10307) to work on /Users/davispecia/Documents/GitHub/Pf_pipeline_dados/Projeto_final_fase3/venv/lib/python3.9/site-packages/airflow/example_dags/tutorial_taskflow_api.py
[2025-11-27T14:51:19.284-0300] {processor.py:830} INFO - Processing file /Users/davispecia/Documents/GitHub/Pf_pipeline_dados/Projeto_final_fase3/venv/lib/python3.9/site-packages/airflow/example_dags/tutorial_taskflow_api.py for tasks to queue
[2025-11-27T14:51:19.285-0300] {logging_mixin.py:188} INFO - [2025-11-27T14:51:19.284-0300] {dagbag.py:545} INFO - Filling up the DagBag from /Users/davispecia/Documents/GitHub/Pf_pipeline_dados/Projeto_final_fase3/venv/lib/python3.9/site-packages/airflow/example_dags/tutorial_taskflow_api.py
[2025-11-27T14:51:19.303-0300] {processor.py:840} INFO - DAG(s) 'tutorial_taskflow_api' retrieved from /Users/davispecia/Documents/GitHub/Pf_pipeline_dados/Projeto_final_fase3/venv/lib/python3.9/site-packages/airflow/example_dags/tutorial_taskflow_api.py
[2025-11-27T14:51:19.375-0300] {logging_mixin.py:188} INFO - [2025-11-27T14:51:19.375-0300] {dag.py:3089} INFO - Sync 1 DAGs
[2025-11-27T14:51:19.381-0300] {logging_mixin.py:188} INFO - [2025-11-27T14:51:19.380-0300] {dag.py:3947} INFO - Setting next_dagrun for tutorial_taskflow_api to None, run_after=None
[2025-11-27T14:51:19.390-0300] {processor.py:183} INFO - Processing /Users/davispecia/Documents/GitHub/Pf_pipeline_dados/Projeto_final_fase3/venv/lib/python3.9/site-packages/airflow/example_dags/tutorial_taskflow_api.py took 0.109 seconds
[2025-11-27T14:52:24.227-0300] {processor.py:161} INFO - Started process (PID=10480) to work on /Users/davispecia/Documents/GitHub/Pf_pipeline_dados/Projeto_final_fase3/venv/lib/python3.9/site-packages/airflow/example_dags/tutorial_taskflow_api.py
[2025-11-27T14:52:24.229-0300] {processor.py:830} INFO - Processing file /Users/davispecia/Documents/GitHub/Pf_pipeline_dados/Projeto_final_fase3/venv/lib/python3.9/site-packages/airflow/example_dags/tutorial_taskflow_api.py for tasks to queue
[2025-11-27T14:52:24.229-0300] {logging_mixin.py:188} INFO - [2025-11-27T14:52:24.229-0300] {dagbag.py:545} INFO - Filling up the DagBag from /Users/davispecia/Documents/GitHub/Pf_pipeline_dados/Projeto_final_fase3/venv/lib/python3.9/site-packages/airflow/example_dags/tutorial_taskflow_api.py
[2025-11-27T14:52:24.248-0300] {processor.py:840} INFO - DAG(s) 'tutorial_taskflow_api' retrieved from /Users/davispecia/Documents/GitHub/Pf_pipeline_dados/Projeto_final_fase3/venv/lib/python3.9/site-packages/airflow/example_dags/tutorial_taskflow_api.py
[2025-11-27T14:52:24.323-0300] {logging_mixin.py:188} INFO - [2025-11-27T14:52:24.323-0300] {dag.py:3089} INFO - Sync 1 DAGs
[2025-11-27T14:52:24.328-0300] {logging_mixin.py:188} INFO - [2025-11-27T14:52:24.328-0300] {dag.py:3947} INFO - Setting next_dagrun for tutorial_taskflow_api to None, run_after=None
[2025-11-27T14:52:24.337-0300] {processor.py:183} INFO - Processing /Users/davispecia/Documents/GitHub/Pf_pipeline_dados/Projeto_final_fase3/venv/lib/python3.9/site-packages/airflow/example_dags/tutorial_taskflow_api.py took 0.111 seconds
[2025-11-27T14:53:25.667-0300] {processor.py:161} INFO - Started process (PID=10623) to work on /Users/davispecia/Documents/GitHub/Pf_pipeline_dados/Projeto_final_fase3/venv/lib/python3.9/site-packages/airflow/example_dags/tutorial_taskflow_api.py
[2025-11-27T14:53:25.668-0300] {processor.py:830} INFO - Processing file /Users/davispecia/Documents/GitHub/Pf_pipeline_dados/Projeto_final_fase3/venv/lib/python3.9/site-packages/airflow/example_dags/tutorial_taskflow_api.py for tasks to queue
[2025-11-27T14:53:25.668-0300] {logging_mixin.py:188} INFO - [2025-11-27T14:53:25.668-0300] {dagbag.py:545} INFO - Filling up the DagBag from /Users/davispecia/Documents/GitHub/Pf_pipeline_dados/Projeto_final_fase3/venv/lib/python3.9/site-packages/airflow/example_dags/tutorial_taskflow_api.py
[2025-11-27T14:53:25.686-0300] {processor.py:840} INFO - DAG(s) 'tutorial_taskflow_api' retrieved from /Users/davispecia/Documents/GitHub/Pf_pipeline_dados/Projeto_final_fase3/venv/lib/python3.9/site-packages/airflow/example_dags/tutorial_taskflow_api.py
[2025-11-27T14:53:25.757-0300] {logging_mixin.py:188} INFO - [2025-11-27T14:53:25.757-0300] {dag.py:3089} INFO - Sync 1 DAGs
[2025-11-27T14:53:25.762-0300] {logging_mixin.py:188} INFO - [2025-11-27T14:53:25.762-0300] {dag.py:3947} INFO - Setting next_dagrun for tutorial_taskflow_api to None, run_after=None
[2025-11-27T14:53:25.772-0300] {processor.py:183} INFO - Processing /Users/davispecia/Documents/GitHub/Pf_pipeline_dados/Projeto_final_fase3/venv/lib/python3.9/site-packages/airflow/example_dags/tutorial_taskflow_api.py took 0.108 seconds
[2025-11-27T14:54:27.285-0300] {processor.py:161} INFO - Started process (PID=10771) to work on /Users/davispecia/Documents/GitHub/Pf_pipeline_dados/Projeto_final_fase3/venv/lib/python3.9/site-packages/airflow/example_dags/tutorial_taskflow_api.py
[2025-11-27T14:54:27.286-0300] {processor.py:830} INFO - Processing file /Users/davispecia/Documents/GitHub/Pf_pipeline_dados/Projeto_final_fase3/venv/lib/python3.9/site-packages/airflow/example_dags/tutorial_taskflow_api.py for tasks to queue
[2025-11-27T14:54:27.287-0300] {logging_mixin.py:188} INFO - [2025-11-27T14:54:27.286-0300] {dagbag.py:545} INFO - Filling up the DagBag from /Users/davispecia/Documents/GitHub/Pf_pipeline_dados/Projeto_final_fase3/venv/lib/python3.9/site-packages/airflow/example_dags/tutorial_taskflow_api.py
[2025-11-27T14:54:27.303-0300] {processor.py:840} INFO - DAG(s) 'tutorial_taskflow_api' retrieved from /Users/davispecia/Documents/GitHub/Pf_pipeline_dados/Projeto_final_fase3/venv/lib/python3.9/site-packages/airflow/example_dags/tutorial_taskflow_api.py
[2025-11-27T14:54:27.371-0300] {logging_mixin.py:188} INFO - [2025-11-27T14:54:27.371-0300] {dag.py:3089} INFO - Sync 1 DAGs
[2025-11-27T14:54:27.376-0300] {logging_mixin.py:188} INFO - [2025-11-27T14:54:27.376-0300] {dag.py:3947} INFO - Setting next_dagrun for tutorial_taskflow_api to None, run_after=None
[2025-11-27T14:54:27.387-0300] {processor.py:183} INFO - Processing /Users/davispecia/Documents/GitHub/Pf_pipeline_dados/Projeto_final_fase3/venv/lib/python3.9/site-packages/airflow/example_dags/tutorial_taskflow_api.py took 0.104 seconds
[2025-11-27T14:55:38.457-0300] {processor.py:161} INFO - Started process (PID=11000) to work on /Users/davispecia/Documents/GitHub/Pf_pipeline_dados/Projeto_final_fase3/venv/lib/python3.9/site-packages/airflow/example_dags/tutorial_taskflow_api.py
[2025-11-27T14:55:38.458-0300] {processor.py:830} INFO - Processing file /Users/davispecia/Documents/GitHub/Pf_pipeline_dados/Projeto_final_fase3/venv/lib/python3.9/site-packages/airflow/example_dags/tutorial_taskflow_api.py for tasks to queue
[2025-11-27T14:55:38.458-0300] {logging_mixin.py:188} INFO - [2025-11-27T14:55:38.458-0300] {dagbag.py:545} INFO - Filling up the DagBag from /Users/davispecia/Documents/GitHub/Pf_pipeline_dados/Projeto_final_fase3/venv/lib/python3.9/site-packages/airflow/example_dags/tutorial_taskflow_api.py
[2025-11-27T14:55:38.476-0300] {processor.py:840} INFO - DAG(s) 'tutorial_taskflow_api' retrieved from /Users/davispecia/Documents/GitHub/Pf_pipeline_dados/Projeto_final_fase3/venv/lib/python3.9/site-packages/airflow/example_dags/tutorial_taskflow_api.py
[2025-11-27T14:55:38.553-0300] {logging_mixin.py:188} INFO - [2025-11-27T14:55:38.552-0300] {dag.py:3089} INFO - Sync 1 DAGs
[2025-11-27T14:55:38.558-0300] {logging_mixin.py:188} INFO - [2025-11-27T14:55:38.558-0300] {dag.py:3947} INFO - Setting next_dagrun for tutorial_taskflow_api to None, run_after=None
[2025-11-27T14:55:38.567-0300] {processor.py:183} INFO - Processing /Users/davispecia/Documents/GitHub/Pf_pipeline_dados/Projeto_final_fase3/venv/lib/python3.9/site-packages/airflow/example_dags/tutorial_taskflow_api.py took 0.112 seconds
[2025-11-27T14:56:44.994-0300] {processor.py:161} INFO - Started process (PID=11176) to work on /Users/davispecia/Documents/GitHub/Pf_pipeline_dados/Projeto_final_fase3/venv/lib/python3.9/site-packages/airflow/example_dags/tutorial_taskflow_api.py
[2025-11-27T14:56:44.995-0300] {processor.py:830} INFO - Processing file /Users/davispecia/Documents/GitHub/Pf_pipeline_dados/Projeto_final_fase3/venv/lib/python3.9/site-packages/airflow/example_dags/tutorial_taskflow_api.py for tasks to queue
[2025-11-27T14:56:44.995-0300] {logging_mixin.py:188} INFO - [2025-11-27T14:56:44.995-0300] {dagbag.py:545} INFO - Filling up the DagBag from /Users/davispecia/Documents/GitHub/Pf_pipeline_dados/Projeto_final_fase3/venv/lib/python3.9/site-packages/airflow/example_dags/tutorial_taskflow_api.py
[2025-11-27T14:56:45.014-0300] {processor.py:840} INFO - DAG(s) 'tutorial_taskflow_api' retrieved from /Users/davispecia/Documents/GitHub/Pf_pipeline_dados/Projeto_final_fase3/venv/lib/python3.9/site-packages/airflow/example_dags/tutorial_taskflow_api.py
[2025-11-27T14:56:45.086-0300] {logging_mixin.py:188} INFO - [2025-11-27T14:56:45.086-0300] {dag.py:3089} INFO - Sync 1 DAGs
[2025-11-27T14:56:45.091-0300] {logging_mixin.py:188} INFO - [2025-11-27T14:56:45.091-0300] {dag.py:3947} INFO - Setting next_dagrun for tutorial_taskflow_api to None, run_after=None
[2025-11-27T14:56:45.101-0300] {processor.py:183} INFO - Processing /Users/davispecia/Documents/GitHub/Pf_pipeline_dados/Projeto_final_fase3/venv/lib/python3.9/site-packages/airflow/example_dags/tutorial_taskflow_api.py took 0.109 seconds
[2025-11-27T14:57:44.162-0300] {processor.py:161} INFO - Started process (PID=11317) to work on /Users/davispecia/Documents/GitHub/Pf_pipeline_dados/Projeto_final_fase3/venv/lib/python3.9/site-packages/airflow/example_dags/tutorial_taskflow_api.py
[2025-11-27T14:57:44.163-0300] {processor.py:830} INFO - Processing file /Users/davispecia/Documents/GitHub/Pf_pipeline_dados/Projeto_final_fase3/venv/lib/python3.9/site-packages/airflow/example_dags/tutorial_taskflow_api.py for tasks to queue
[2025-11-27T14:57:44.163-0300] {logging_mixin.py:188} INFO - [2025-11-27T14:57:44.163-0300] {dagbag.py:545} INFO - Filling up the DagBag from /Users/davispecia/Documents/GitHub/Pf_pipeline_dados/Projeto_final_fase3/venv/lib/python3.9/site-packages/airflow/example_dags/tutorial_taskflow_api.py
[2025-11-27T14:57:44.181-0300] {processor.py:840} INFO - DAG(s) 'tutorial_taskflow_api' retrieved from /Users/davispecia/Documents/GitHub/Pf_pipeline_dados/Projeto_final_fase3/venv/lib/python3.9/site-packages/airflow/example_dags/tutorial_taskflow_api.py
[2025-11-27T14:57:44.256-0300] {logging_mixin.py:188} INFO - [2025-11-27T14:57:44.256-0300] {dag.py:3089} INFO - Sync 1 DAGs
[2025-11-27T14:57:44.261-0300] {logging_mixin.py:188} INFO - [2025-11-27T14:57:44.261-0300] {dag.py:3947} INFO - Setting next_dagrun for tutorial_taskflow_api to None, run_after=None
[2025-11-27T14:57:44.270-0300] {processor.py:183} INFO - Processing /Users/davispecia/Documents/GitHub/Pf_pipeline_dados/Projeto_final_fase3/venv/lib/python3.9/site-packages/airflow/example_dags/tutorial_taskflow_api.py took 0.110 seconds
[2025-11-27T14:58:49.139-0300] {processor.py:161} INFO - Started process (PID=11470) to work on /Users/davispecia/Documents/GitHub/Pf_pipeline_dados/Projeto_final_fase3/venv/lib/python3.9/site-packages/airflow/example_dags/tutorial_taskflow_api.py
[2025-11-27T14:58:49.141-0300] {processor.py:830} INFO - Processing file /Users/davispecia/Documents/GitHub/Pf_pipeline_dados/Projeto_final_fase3/venv/lib/python3.9/site-packages/airflow/example_dags/tutorial_taskflow_api.py for tasks to queue
[2025-11-27T14:58:49.141-0300] {logging_mixin.py:188} INFO - [2025-11-27T14:58:49.141-0300] {dagbag.py:545} INFO - Filling up the DagBag from /Users/davispecia/Documents/GitHub/Pf_pipeline_dados/Projeto_final_fase3/venv/lib/python3.9/site-packages/airflow/example_dags/tutorial_taskflow_api.py
[2025-11-27T14:58:49.159-0300] {processor.py:840} INFO - DAG(s) 'tutorial_taskflow_api' retrieved from /Users/davispecia/Documents/GitHub/Pf_pipeline_dados/Projeto_final_fase3/venv/lib/python3.9/site-packages/airflow/example_dags/tutorial_taskflow_api.py
[2025-11-27T14:58:49.231-0300] {logging_mixin.py:188} INFO - [2025-11-27T14:58:49.231-0300] {dag.py:3089} INFO - Sync 1 DAGs
[2025-11-27T14:58:49.236-0300] {logging_mixin.py:188} INFO - [2025-11-27T14:58:49.236-0300] {dag.py:3947} INFO - Setting next_dagrun for tutorial_taskflow_api to None, run_after=None
[2025-11-27T14:58:49.245-0300] {processor.py:183} INFO - Processing /Users/davispecia/Documents/GitHub/Pf_pipeline_dados/Projeto_final_fase3/venv/lib/python3.9/site-packages/airflow/example_dags/tutorial_taskflow_api.py took 0.108 seconds
[2025-11-27T14:59:52.365-0300] {processor.py:161} INFO - Started process (PID=11619) to work on /Users/davispecia/Documents/GitHub/Pf_pipeline_dados/Projeto_final_fase3/venv/lib/python3.9/site-packages/airflow/example_dags/tutorial_taskflow_api.py
[2025-11-27T14:59:52.366-0300] {processor.py:830} INFO - Processing file /Users/davispecia/Documents/GitHub/Pf_pipeline_dados/Projeto_final_fase3/venv/lib/python3.9/site-packages/airflow/example_dags/tutorial_taskflow_api.py for tasks to queue
[2025-11-27T14:59:52.367-0300] {logging_mixin.py:188} INFO - [2025-11-27T14:59:52.366-0300] {dagbag.py:545} INFO - Filling up the DagBag from /Users/davispecia/Documents/GitHub/Pf_pipeline_dados/Projeto_final_fase3/venv/lib/python3.9/site-packages/airflow/example_dags/tutorial_taskflow_api.py
[2025-11-27T14:59:52.384-0300] {processor.py:840} INFO - DAG(s) 'tutorial_taskflow_api' retrieved from /Users/davispecia/Documents/GitHub/Pf_pipeline_dados/Projeto_final_fase3/venv/lib/python3.9/site-packages/airflow/example_dags/tutorial_taskflow_api.py
[2025-11-27T14:59:52.458-0300] {logging_mixin.py:188} INFO - [2025-11-27T14:59:52.458-0300] {dag.py:3089} INFO - Sync 1 DAGs
[2025-11-27T14:59:52.463-0300] {logging_mixin.py:188} INFO - [2025-11-27T14:59:52.463-0300] {dag.py:3947} INFO - Setting next_dagrun for tutorial_taskflow_api to None, run_after=None
[2025-11-27T14:59:52.472-0300] {processor.py:183} INFO - Processing /Users/davispecia/Documents/GitHub/Pf_pipeline_dados/Projeto_final_fase3/venv/lib/python3.9/site-packages/airflow/example_dags/tutorial_taskflow_api.py took 0.109 seconds
[2025-11-27T15:01:04.781-0300] {processor.py:161} INFO - Started process (PID=11853) to work on /Users/davispecia/Documents/GitHub/Pf_pipeline_dados/Projeto_final_fase3/venv/lib/python3.9/site-packages/airflow/example_dags/tutorial_taskflow_api.py
[2025-11-27T15:01:04.782-0300] {processor.py:830} INFO - Processing file /Users/davispecia/Documents/GitHub/Pf_pipeline_dados/Projeto_final_fase3/venv/lib/python3.9/site-packages/airflow/example_dags/tutorial_taskflow_api.py for tasks to queue
[2025-11-27T15:01:04.782-0300] {logging_mixin.py:188} INFO - [2025-11-27T15:01:04.782-0300] {dagbag.py:545} INFO - Filling up the DagBag from /Users/davispecia/Documents/GitHub/Pf_pipeline_dados/Projeto_final_fase3/venv/lib/python3.9/site-packages/airflow/example_dags/tutorial_taskflow_api.py
[2025-11-27T15:01:04.802-0300] {processor.py:840} INFO - DAG(s) 'tutorial_taskflow_api' retrieved from /Users/davispecia/Documents/GitHub/Pf_pipeline_dados/Projeto_final_fase3/venv/lib/python3.9/site-packages/airflow/example_dags/tutorial_taskflow_api.py
[2025-11-27T15:01:04.885-0300] {logging_mixin.py:188} INFO - [2025-11-27T15:01:04.885-0300] {dag.py:3089} INFO - Sync 1 DAGs
[2025-11-27T15:01:04.892-0300] {logging_mixin.py:188} INFO - [2025-11-27T15:01:04.892-0300] {dag.py:3947} INFO - Setting next_dagrun for tutorial_taskflow_api to None, run_after=None
[2025-11-27T15:01:04.905-0300] {processor.py:183} INFO - Processing /Users/davispecia/Documents/GitHub/Pf_pipeline_dados/Projeto_final_fase3/venv/lib/python3.9/site-packages/airflow/example_dags/tutorial_taskflow_api.py took 0.126 seconds
[2025-11-27T15:02:07.071-0300] {processor.py:161} INFO - Started process (PID=12000) to work on /Users/davispecia/Documents/GitHub/Pf_pipeline_dados/Projeto_final_fase3/venv/lib/python3.9/site-packages/airflow/example_dags/tutorial_taskflow_api.py
[2025-11-27T15:02:07.072-0300] {processor.py:830} INFO - Processing file /Users/davispecia/Documents/GitHub/Pf_pipeline_dados/Projeto_final_fase3/venv/lib/python3.9/site-packages/airflow/example_dags/tutorial_taskflow_api.py for tasks to queue
[2025-11-27T15:02:07.072-0300] {logging_mixin.py:188} INFO - [2025-11-27T15:02:07.072-0300] {dagbag.py:545} INFO - Filling up the DagBag from /Users/davispecia/Documents/GitHub/Pf_pipeline_dados/Projeto_final_fase3/venv/lib/python3.9/site-packages/airflow/example_dags/tutorial_taskflow_api.py
[2025-11-27T15:02:07.091-0300] {processor.py:840} INFO - DAG(s) 'tutorial_taskflow_api' retrieved from /Users/davispecia/Documents/GitHub/Pf_pipeline_dados/Projeto_final_fase3/venv/lib/python3.9/site-packages/airflow/example_dags/tutorial_taskflow_api.py
[2025-11-27T15:02:07.164-0300] {logging_mixin.py:188} INFO - [2025-11-27T15:02:07.164-0300] {dag.py:3089} INFO - Sync 1 DAGs
[2025-11-27T15:02:07.169-0300] {logging_mixin.py:188} INFO - [2025-11-27T15:02:07.169-0300] {dag.py:3947} INFO - Setting next_dagrun for tutorial_taskflow_api to None, run_after=None
[2025-11-27T15:02:07.179-0300] {processor.py:183} INFO - Processing /Users/davispecia/Documents/GitHub/Pf_pipeline_dados/Projeto_final_fase3/venv/lib/python3.9/site-packages/airflow/example_dags/tutorial_taskflow_api.py took 0.110 seconds
[2025-11-27T15:03:12.677-0300] {processor.py:161} INFO - Started process (PID=12159) to work on /Users/davispecia/Documents/GitHub/Pf_pipeline_dados/Projeto_final_fase3/venv/lib/python3.9/site-packages/airflow/example_dags/tutorial_taskflow_api.py
[2025-11-27T15:03:12.678-0300] {processor.py:830} INFO - Processing file /Users/davispecia/Documents/GitHub/Pf_pipeline_dados/Projeto_final_fase3/venv/lib/python3.9/site-packages/airflow/example_dags/tutorial_taskflow_api.py for tasks to queue
[2025-11-27T15:03:12.678-0300] {logging_mixin.py:188} INFO - [2025-11-27T15:03:12.678-0300] {dagbag.py:545} INFO - Filling up the DagBag from /Users/davispecia/Documents/GitHub/Pf_pipeline_dados/Projeto_final_fase3/venv/lib/python3.9/site-packages/airflow/example_dags/tutorial_taskflow_api.py
[2025-11-27T15:03:12.696-0300] {processor.py:840} INFO - DAG(s) 'tutorial_taskflow_api' retrieved from /Users/davispecia/Documents/GitHub/Pf_pipeline_dados/Projeto_final_fase3/venv/lib/python3.9/site-packages/airflow/example_dags/tutorial_taskflow_api.py
[2025-11-27T15:03:12.769-0300] {logging_mixin.py:188} INFO - [2025-11-27T15:03:12.769-0300] {dag.py:3089} INFO - Sync 1 DAGs
[2025-11-27T15:03:12.774-0300] {logging_mixin.py:188} INFO - [2025-11-27T15:03:12.774-0300] {dag.py:3947} INFO - Setting next_dagrun for tutorial_taskflow_api to None, run_after=None
[2025-11-27T15:03:12.784-0300] {processor.py:183} INFO - Processing /Users/davispecia/Documents/GitHub/Pf_pipeline_dados/Projeto_final_fase3/venv/lib/python3.9/site-packages/airflow/example_dags/tutorial_taskflow_api.py took 0.109 seconds
[2025-11-27T15:04:14.339-0300] {processor.py:161} INFO - Started process (PID=12302) to work on /Users/davispecia/Documents/GitHub/Pf_pipeline_dados/Projeto_final_fase3/venv/lib/python3.9/site-packages/airflow/example_dags/tutorial_taskflow_api.py
[2025-11-27T15:04:14.339-0300] {processor.py:830} INFO - Processing file /Users/davispecia/Documents/GitHub/Pf_pipeline_dados/Projeto_final_fase3/venv/lib/python3.9/site-packages/airflow/example_dags/tutorial_taskflow_api.py for tasks to queue
[2025-11-27T15:04:14.340-0300] {logging_mixin.py:188} INFO - [2025-11-27T15:04:14.340-0300] {dagbag.py:545} INFO - Filling up the DagBag from /Users/davispecia/Documents/GitHub/Pf_pipeline_dados/Projeto_final_fase3/venv/lib/python3.9/site-packages/airflow/example_dags/tutorial_taskflow_api.py
[2025-11-27T15:04:14.358-0300] {processor.py:840} INFO - DAG(s) 'tutorial_taskflow_api' retrieved from /Users/davispecia/Documents/GitHub/Pf_pipeline_dados/Projeto_final_fase3/venv/lib/python3.9/site-packages/airflow/example_dags/tutorial_taskflow_api.py
[2025-11-27T15:04:14.432-0300] {logging_mixin.py:188} INFO - [2025-11-27T15:04:14.431-0300] {dag.py:3089} INFO - Sync 1 DAGs
[2025-11-27T15:04:14.437-0300] {logging_mixin.py:188} INFO - [2025-11-27T15:04:14.437-0300] {dag.py:3947} INFO - Setting next_dagrun for tutorial_taskflow_api to None, run_after=None
[2025-11-27T15:04:14.446-0300] {processor.py:183} INFO - Processing /Users/davispecia/Documents/GitHub/Pf_pipeline_dados/Projeto_final_fase3/venv/lib/python3.9/site-packages/airflow/example_dags/tutorial_taskflow_api.py took 0.110 seconds
[2025-11-27T15:05:18.126-0300] {processor.py:161} INFO - Started process (PID=12457) to work on /Users/davispecia/Documents/GitHub/Pf_pipeline_dados/Projeto_final_fase3/venv/lib/python3.9/site-packages/airflow/example_dags/tutorial_taskflow_api.py
[2025-11-27T15:05:18.127-0300] {processor.py:830} INFO - Processing file /Users/davispecia/Documents/GitHub/Pf_pipeline_dados/Projeto_final_fase3/venv/lib/python3.9/site-packages/airflow/example_dags/tutorial_taskflow_api.py for tasks to queue
[2025-11-27T15:05:18.127-0300] {logging_mixin.py:188} INFO - [2025-11-27T15:05:18.127-0300] {dagbag.py:545} INFO - Filling up the DagBag from /Users/davispecia/Documents/GitHub/Pf_pipeline_dados/Projeto_final_fase3/venv/lib/python3.9/site-packages/airflow/example_dags/tutorial_taskflow_api.py
[2025-11-27T15:05:18.146-0300] {processor.py:840} INFO - DAG(s) 'tutorial_taskflow_api' retrieved from /Users/davispecia/Documents/GitHub/Pf_pipeline_dados/Projeto_final_fase3/venv/lib/python3.9/site-packages/airflow/example_dags/tutorial_taskflow_api.py
[2025-11-27T15:05:18.222-0300] {logging_mixin.py:188} INFO - [2025-11-27T15:05:18.222-0300] {dag.py:3089} INFO - Sync 1 DAGs
[2025-11-27T15:05:18.227-0300] {logging_mixin.py:188} INFO - [2025-11-27T15:05:18.227-0300] {dag.py:3947} INFO - Setting next_dagrun for tutorial_taskflow_api to None, run_after=None
[2025-11-27T15:05:18.236-0300] {processor.py:183} INFO - Processing /Users/davispecia/Documents/GitHub/Pf_pipeline_dados/Projeto_final_fase3/venv/lib/python3.9/site-packages/airflow/example_dags/tutorial_taskflow_api.py took 0.113 seconds
[2025-11-27T15:06:21.185-0300] {processor.py:161} INFO - Started process (PID=12610) to work on /Users/davispecia/Documents/GitHub/Pf_pipeline_dados/Projeto_final_fase3/venv/lib/python3.9/site-packages/airflow/example_dags/tutorial_taskflow_api.py
[2025-11-27T15:06:21.186-0300] {processor.py:830} INFO - Processing file /Users/davispecia/Documents/GitHub/Pf_pipeline_dados/Projeto_final_fase3/venv/lib/python3.9/site-packages/airflow/example_dags/tutorial_taskflow_api.py for tasks to queue
[2025-11-27T15:06:21.186-0300] {logging_mixin.py:188} INFO - [2025-11-27T15:06:21.186-0300] {dagbag.py:545} INFO - Filling up the DagBag from /Users/davispecia/Documents/GitHub/Pf_pipeline_dados/Projeto_final_fase3/venv/lib/python3.9/site-packages/airflow/example_dags/tutorial_taskflow_api.py
[2025-11-27T15:06:21.213-0300] {processor.py:840} INFO - DAG(s) 'tutorial_taskflow_api' retrieved from /Users/davispecia/Documents/GitHub/Pf_pipeline_dados/Projeto_final_fase3/venv/lib/python3.9/site-packages/airflow/example_dags/tutorial_taskflow_api.py
[2025-11-27T15:06:21.300-0300] {logging_mixin.py:188} INFO - [2025-11-27T15:06:21.300-0300] {dag.py:3089} INFO - Sync 1 DAGs
[2025-11-27T15:06:21.307-0300] {logging_mixin.py:188} INFO - [2025-11-27T15:06:21.307-0300] {dag.py:3947} INFO - Setting next_dagrun for tutorial_taskflow_api to None, run_after=None
[2025-11-27T15:06:21.317-0300] {processor.py:183} INFO - Processing /Users/davispecia/Documents/GitHub/Pf_pipeline_dados/Projeto_final_fase3/venv/lib/python3.9/site-packages/airflow/example_dags/tutorial_taskflow_api.py took 0.134 seconds
[2025-11-27T15:07:34.953-0300] {processor.py:161} INFO - Started process (PID=12840) to work on /Users/davispecia/Documents/GitHub/Pf_pipeline_dados/Projeto_final_fase3/venv/lib/python3.9/site-packages/airflow/example_dags/tutorial_taskflow_api.py
[2025-11-27T15:07:34.955-0300] {processor.py:830} INFO - Processing file /Users/davispecia/Documents/GitHub/Pf_pipeline_dados/Projeto_final_fase3/venv/lib/python3.9/site-packages/airflow/example_dags/tutorial_taskflow_api.py for tasks to queue
[2025-11-27T15:07:34.955-0300] {logging_mixin.py:188} INFO - [2025-11-27T15:07:34.955-0300] {dagbag.py:545} INFO - Filling up the DagBag from /Users/davispecia/Documents/GitHub/Pf_pipeline_dados/Projeto_final_fase3/venv/lib/python3.9/site-packages/airflow/example_dags/tutorial_taskflow_api.py
[2025-11-27T15:07:34.972-0300] {processor.py:840} INFO - DAG(s) 'tutorial_taskflow_api' retrieved from /Users/davispecia/Documents/GitHub/Pf_pipeline_dados/Projeto_final_fase3/venv/lib/python3.9/site-packages/airflow/example_dags/tutorial_taskflow_api.py
[2025-11-27T15:07:35.040-0300] {logging_mixin.py:188} INFO - [2025-11-27T15:07:35.040-0300] {dag.py:3089} INFO - Sync 1 DAGs
[2025-11-27T15:07:35.046-0300] {logging_mixin.py:188} INFO - [2025-11-27T15:07:35.046-0300] {dag.py:3947} INFO - Setting next_dagrun for tutorial_taskflow_api to None, run_after=None
[2025-11-27T15:07:35.056-0300] {processor.py:183} INFO - Processing /Users/davispecia/Documents/GitHub/Pf_pipeline_dados/Projeto_final_fase3/venv/lib/python3.9/site-packages/airflow/example_dags/tutorial_taskflow_api.py took 0.104 seconds
[2025-11-27T15:08:36.911-0300] {processor.py:161} INFO - Started process (PID=12991) to work on /Users/davispecia/Documents/GitHub/Pf_pipeline_dados/Projeto_final_fase3/venv/lib/python3.9/site-packages/airflow/example_dags/tutorial_taskflow_api.py
[2025-11-27T15:08:36.912-0300] {processor.py:830} INFO - Processing file /Users/davispecia/Documents/GitHub/Pf_pipeline_dados/Projeto_final_fase3/venv/lib/python3.9/site-packages/airflow/example_dags/tutorial_taskflow_api.py for tasks to queue
[2025-11-27T15:08:36.912-0300] {logging_mixin.py:188} INFO - [2025-11-27T15:08:36.912-0300] {dagbag.py:545} INFO - Filling up the DagBag from /Users/davispecia/Documents/GitHub/Pf_pipeline_dados/Projeto_final_fase3/venv/lib/python3.9/site-packages/airflow/example_dags/tutorial_taskflow_api.py
[2025-11-27T15:08:36.929-0300] {processor.py:840} INFO - DAG(s) 'tutorial_taskflow_api' retrieved from /Users/davispecia/Documents/GitHub/Pf_pipeline_dados/Projeto_final_fase3/venv/lib/python3.9/site-packages/airflow/example_dags/tutorial_taskflow_api.py
[2025-11-27T15:08:36.996-0300] {logging_mixin.py:188} INFO - [2025-11-27T15:08:36.996-0300] {dag.py:3089} INFO - Sync 1 DAGs
[2025-11-27T15:08:37.002-0300] {logging_mixin.py:188} INFO - [2025-11-27T15:08:37.002-0300] {dag.py:3947} INFO - Setting next_dagrun for tutorial_taskflow_api to None, run_after=None
[2025-11-27T15:08:37.012-0300] {processor.py:183} INFO - Processing /Users/davispecia/Documents/GitHub/Pf_pipeline_dados/Projeto_final_fase3/venv/lib/python3.9/site-packages/airflow/example_dags/tutorial_taskflow_api.py took 0.103 seconds
[2025-11-27T15:09:40.633-0300] {processor.py:161} INFO - Started process (PID=13144) to work on /Users/davispecia/Documents/GitHub/Pf_pipeline_dados/Projeto_final_fase3/venv/lib/python3.9/site-packages/airflow/example_dags/tutorial_taskflow_api.py
[2025-11-27T15:09:40.634-0300] {processor.py:830} INFO - Processing file /Users/davispecia/Documents/GitHub/Pf_pipeline_dados/Projeto_final_fase3/venv/lib/python3.9/site-packages/airflow/example_dags/tutorial_taskflow_api.py for tasks to queue
[2025-11-27T15:09:40.634-0300] {logging_mixin.py:188} INFO - [2025-11-27T15:09:40.634-0300] {dagbag.py:545} INFO - Filling up the DagBag from /Users/davispecia/Documents/GitHub/Pf_pipeline_dados/Projeto_final_fase3/venv/lib/python3.9/site-packages/airflow/example_dags/tutorial_taskflow_api.py
[2025-11-27T15:09:40.651-0300] {processor.py:840} INFO - DAG(s) 'tutorial_taskflow_api' retrieved from /Users/davispecia/Documents/GitHub/Pf_pipeline_dados/Projeto_final_fase3/venv/lib/python3.9/site-packages/airflow/example_dags/tutorial_taskflow_api.py
[2025-11-27T15:09:40.718-0300] {logging_mixin.py:188} INFO - [2025-11-27T15:09:40.718-0300] {dag.py:3089} INFO - Sync 1 DAGs
[2025-11-27T15:09:40.723-0300] {logging_mixin.py:188} INFO - [2025-11-27T15:09:40.723-0300] {dag.py:3947} INFO - Setting next_dagrun for tutorial_taskflow_api to None, run_after=None
[2025-11-27T15:09:40.734-0300] {processor.py:183} INFO - Processing /Users/davispecia/Documents/GitHub/Pf_pipeline_dados/Projeto_final_fase3/venv/lib/python3.9/site-packages/airflow/example_dags/tutorial_taskflow_api.py took 0.103 seconds
[2025-11-27T15:10:43.630-0300] {processor.py:161} INFO - Started process (PID=13294) to work on /Users/davispecia/Documents/GitHub/Pf_pipeline_dados/Projeto_final_fase3/venv/lib/python3.9/site-packages/airflow/example_dags/tutorial_taskflow_api.py
[2025-11-27T15:10:43.632-0300] {processor.py:830} INFO - Processing file /Users/davispecia/Documents/GitHub/Pf_pipeline_dados/Projeto_final_fase3/venv/lib/python3.9/site-packages/airflow/example_dags/tutorial_taskflow_api.py for tasks to queue
[2025-11-27T15:10:43.632-0300] {logging_mixin.py:188} INFO - [2025-11-27T15:10:43.632-0300] {dagbag.py:545} INFO - Filling up the DagBag from /Users/davispecia/Documents/GitHub/Pf_pipeline_dados/Projeto_final_fase3/venv/lib/python3.9/site-packages/airflow/example_dags/tutorial_taskflow_api.py
[2025-11-27T15:10:43.650-0300] {processor.py:840} INFO - DAG(s) 'tutorial_taskflow_api' retrieved from /Users/davispecia/Documents/GitHub/Pf_pipeline_dados/Projeto_final_fase3/venv/lib/python3.9/site-packages/airflow/example_dags/tutorial_taskflow_api.py
[2025-11-27T15:10:43.723-0300] {logging_mixin.py:188} INFO - [2025-11-27T15:10:43.722-0300] {dag.py:3089} INFO - Sync 1 DAGs
[2025-11-27T15:10:43.728-0300] {logging_mixin.py:188} INFO - [2025-11-27T15:10:43.727-0300] {dag.py:3947} INFO - Setting next_dagrun for tutorial_taskflow_api to None, run_after=None
[2025-11-27T15:10:43.737-0300] {processor.py:183} INFO - Processing /Users/davispecia/Documents/GitHub/Pf_pipeline_dados/Projeto_final_fase3/venv/lib/python3.9/site-packages/airflow/example_dags/tutorial_taskflow_api.py took 0.109 seconds
[2025-11-27T15:11:47.515-0300] {processor.py:161} INFO - Started process (PID=13484) to work on /Users/davispecia/Documents/GitHub/Pf_pipeline_dados/Projeto_final_fase3/venv/lib/python3.9/site-packages/airflow/example_dags/tutorial_taskflow_api.py
[2025-11-27T15:11:47.516-0300] {processor.py:830} INFO - Processing file /Users/davispecia/Documents/GitHub/Pf_pipeline_dados/Projeto_final_fase3/venv/lib/python3.9/site-packages/airflow/example_dags/tutorial_taskflow_api.py for tasks to queue
[2025-11-27T15:11:47.516-0300] {logging_mixin.py:188} INFO - [2025-11-27T15:11:47.516-0300] {dagbag.py:545} INFO - Filling up the DagBag from /Users/davispecia/Documents/GitHub/Pf_pipeline_dados/Projeto_final_fase3/venv/lib/python3.9/site-packages/airflow/example_dags/tutorial_taskflow_api.py
[2025-11-27T15:11:47.539-0300] {processor.py:840} INFO - DAG(s) 'tutorial_taskflow_api' retrieved from /Users/davispecia/Documents/GitHub/Pf_pipeline_dados/Projeto_final_fase3/venv/lib/python3.9/site-packages/airflow/example_dags/tutorial_taskflow_api.py
[2025-11-27T15:11:47.625-0300] {logging_mixin.py:188} INFO - [2025-11-27T15:11:47.625-0300] {dag.py:3089} INFO - Sync 1 DAGs
[2025-11-27T15:11:47.630-0300] {logging_mixin.py:188} INFO - [2025-11-27T15:11:47.630-0300] {dag.py:3947} INFO - Setting next_dagrun for tutorial_taskflow_api to None, run_after=None
[2025-11-27T15:11:47.643-0300] {processor.py:183} INFO - Processing /Users/davispecia/Documents/GitHub/Pf_pipeline_dados/Projeto_final_fase3/venv/lib/python3.9/site-packages/airflow/example_dags/tutorial_taskflow_api.py took 0.130 seconds
[2025-11-27T15:12:59.908-0300] {processor.py:161} INFO - Started process (PID=13754) to work on /Users/davispecia/Documents/GitHub/Pf_pipeline_dados/Projeto_final_fase3/venv/lib/python3.9/site-packages/airflow/example_dags/tutorial_taskflow_api.py
[2025-11-27T15:12:59.909-0300] {processor.py:830} INFO - Processing file /Users/davispecia/Documents/GitHub/Pf_pipeline_dados/Projeto_final_fase3/venv/lib/python3.9/site-packages/airflow/example_dags/tutorial_taskflow_api.py for tasks to queue
[2025-11-27T15:12:59.909-0300] {logging_mixin.py:188} INFO - [2025-11-27T15:12:59.909-0300] {dagbag.py:545} INFO - Filling up the DagBag from /Users/davispecia/Documents/GitHub/Pf_pipeline_dados/Projeto_final_fase3/venv/lib/python3.9/site-packages/airflow/example_dags/tutorial_taskflow_api.py
[2025-11-27T15:12:59.928-0300] {processor.py:840} INFO - DAG(s) 'tutorial_taskflow_api' retrieved from /Users/davispecia/Documents/GitHub/Pf_pipeline_dados/Projeto_final_fase3/venv/lib/python3.9/site-packages/airflow/example_dags/tutorial_taskflow_api.py
[2025-11-27T15:13:00.007-0300] {logging_mixin.py:188} INFO - [2025-11-27T15:13:00.007-0300] {dag.py:3089} INFO - Sync 1 DAGs
[2025-11-27T15:13:00.013-0300] {logging_mixin.py:188} INFO - [2025-11-27T15:13:00.013-0300] {dag.py:3947} INFO - Setting next_dagrun for tutorial_taskflow_api to None, run_after=None
[2025-11-27T15:13:00.023-0300] {processor.py:183} INFO - Processing /Users/davispecia/Documents/GitHub/Pf_pipeline_dados/Projeto_final_fase3/venv/lib/python3.9/site-packages/airflow/example_dags/tutorial_taskflow_api.py took 0.117 seconds
[2025-11-27T15:13:58.360-0300] {processor.py:161} INFO - Started process (PID=13912) to work on /Users/davispecia/Documents/GitHub/Pf_pipeline_dados/Projeto_final_fase3/venv/lib/python3.9/site-packages/airflow/example_dags/tutorial_taskflow_api.py
[2025-11-27T15:13:58.361-0300] {processor.py:830} INFO - Processing file /Users/davispecia/Documents/GitHub/Pf_pipeline_dados/Projeto_final_fase3/venv/lib/python3.9/site-packages/airflow/example_dags/tutorial_taskflow_api.py for tasks to queue
[2025-11-27T15:13:58.361-0300] {logging_mixin.py:188} INFO - [2025-11-27T15:13:58.361-0300] {dagbag.py:545} INFO - Filling up the DagBag from /Users/davispecia/Documents/GitHub/Pf_pipeline_dados/Projeto_final_fase3/venv/lib/python3.9/site-packages/airflow/example_dags/tutorial_taskflow_api.py
[2025-11-27T15:13:58.379-0300] {processor.py:840} INFO - DAG(s) 'tutorial_taskflow_api' retrieved from /Users/davispecia/Documents/GitHub/Pf_pipeline_dados/Projeto_final_fase3/venv/lib/python3.9/site-packages/airflow/example_dags/tutorial_taskflow_api.py
[2025-11-27T15:13:58.452-0300] {logging_mixin.py:188} INFO - [2025-11-27T15:13:58.452-0300] {dag.py:3089} INFO - Sync 1 DAGs
[2025-11-27T15:13:58.457-0300] {logging_mixin.py:188} INFO - [2025-11-27T15:13:58.457-0300] {dag.py:3947} INFO - Setting next_dagrun for tutorial_taskflow_api to None, run_after=None
[2025-11-27T15:13:58.466-0300] {processor.py:183} INFO - Processing /Users/davispecia/Documents/GitHub/Pf_pipeline_dados/Projeto_final_fase3/venv/lib/python3.9/site-packages/airflow/example_dags/tutorial_taskflow_api.py took 0.108 seconds
[2025-11-27T15:14:55.888-0300] {processor.py:161} INFO - Started process (PID=14052) to work on /Users/davispecia/Documents/GitHub/Pf_pipeline_dados/Projeto_final_fase3/venv/lib/python3.9/site-packages/airflow/example_dags/tutorial_taskflow_api.py
[2025-11-27T15:14:55.890-0300] {processor.py:830} INFO - Processing file /Users/davispecia/Documents/GitHub/Pf_pipeline_dados/Projeto_final_fase3/venv/lib/python3.9/site-packages/airflow/example_dags/tutorial_taskflow_api.py for tasks to queue
[2025-11-27T15:14:55.891-0300] {logging_mixin.py:188} INFO - [2025-11-27T15:14:55.891-0300] {dagbag.py:545} INFO - Filling up the DagBag from /Users/davispecia/Documents/GitHub/Pf_pipeline_dados/Projeto_final_fase3/venv/lib/python3.9/site-packages/airflow/example_dags/tutorial_taskflow_api.py
[2025-11-27T15:14:55.909-0300] {processor.py:840} INFO - DAG(s) 'tutorial_taskflow_api' retrieved from /Users/davispecia/Documents/GitHub/Pf_pipeline_dados/Projeto_final_fase3/venv/lib/python3.9/site-packages/airflow/example_dags/tutorial_taskflow_api.py
[2025-11-27T15:14:55.982-0300] {logging_mixin.py:188} INFO - [2025-11-27T15:14:55.982-0300] {dag.py:3089} INFO - Sync 1 DAGs
[2025-11-27T15:14:55.987-0300] {logging_mixin.py:188} INFO - [2025-11-27T15:14:55.987-0300] {dag.py:3947} INFO - Setting next_dagrun for tutorial_taskflow_api to None, run_after=None
[2025-11-27T15:14:55.996-0300] {processor.py:183} INFO - Processing /Users/davispecia/Documents/GitHub/Pf_pipeline_dados/Projeto_final_fase3/venv/lib/python3.9/site-packages/airflow/example_dags/tutorial_taskflow_api.py took 0.110 seconds
[2025-11-27T15:15:54.481-0300] {processor.py:161} INFO - Started process (PID=14192) to work on /Users/davispecia/Documents/GitHub/Pf_pipeline_dados/Projeto_final_fase3/venv/lib/python3.9/site-packages/airflow/example_dags/tutorial_taskflow_api.py
[2025-11-27T15:15:54.483-0300] {processor.py:830} INFO - Processing file /Users/davispecia/Documents/GitHub/Pf_pipeline_dados/Projeto_final_fase3/venv/lib/python3.9/site-packages/airflow/example_dags/tutorial_taskflow_api.py for tasks to queue
[2025-11-27T15:15:54.483-0300] {logging_mixin.py:188} INFO - [2025-11-27T15:15:54.483-0300] {dagbag.py:545} INFO - Filling up the DagBag from /Users/davispecia/Documents/GitHub/Pf_pipeline_dados/Projeto_final_fase3/venv/lib/python3.9/site-packages/airflow/example_dags/tutorial_taskflow_api.py
[2025-11-27T15:15:54.501-0300] {processor.py:840} INFO - DAG(s) 'tutorial_taskflow_api' retrieved from /Users/davispecia/Documents/GitHub/Pf_pipeline_dados/Projeto_final_fase3/venv/lib/python3.9/site-packages/airflow/example_dags/tutorial_taskflow_api.py
[2025-11-27T15:15:54.573-0300] {logging_mixin.py:188} INFO - [2025-11-27T15:15:54.573-0300] {dag.py:3089} INFO - Sync 1 DAGs
[2025-11-27T15:15:54.579-0300] {logging_mixin.py:188} INFO - [2025-11-27T15:15:54.578-0300] {dag.py:3947} INFO - Setting next_dagrun for tutorial_taskflow_api to None, run_after=None
[2025-11-27T15:15:54.588-0300] {processor.py:183} INFO - Processing /Users/davispecia/Documents/GitHub/Pf_pipeline_dados/Projeto_final_fase3/venv/lib/python3.9/site-packages/airflow/example_dags/tutorial_taskflow_api.py took 0.109 seconds
[2025-11-27T15:16:56.389-0300] {processor.py:161} INFO - Started process (PID=14345) to work on /Users/davispecia/Documents/GitHub/Pf_pipeline_dados/Projeto_final_fase3/venv/lib/python3.9/site-packages/airflow/example_dags/tutorial_taskflow_api.py
[2025-11-27T15:16:56.391-0300] {processor.py:830} INFO - Processing file /Users/davispecia/Documents/GitHub/Pf_pipeline_dados/Projeto_final_fase3/venv/lib/python3.9/site-packages/airflow/example_dags/tutorial_taskflow_api.py for tasks to queue
[2025-11-27T15:16:56.391-0300] {logging_mixin.py:188} INFO - [2025-11-27T15:16:56.391-0300] {dagbag.py:545} INFO - Filling up the DagBag from /Users/davispecia/Documents/GitHub/Pf_pipeline_dados/Projeto_final_fase3/venv/lib/python3.9/site-packages/airflow/example_dags/tutorial_taskflow_api.py
[2025-11-27T15:16:56.409-0300] {processor.py:840} INFO - DAG(s) 'tutorial_taskflow_api' retrieved from /Users/davispecia/Documents/GitHub/Pf_pipeline_dados/Projeto_final_fase3/venv/lib/python3.9/site-packages/airflow/example_dags/tutorial_taskflow_api.py
[2025-11-27T15:16:56.485-0300] {logging_mixin.py:188} INFO - [2025-11-27T15:16:56.485-0300] {dag.py:3089} INFO - Sync 1 DAGs
[2025-11-27T15:16:56.490-0300] {logging_mixin.py:188} INFO - [2025-11-27T15:16:56.490-0300] {dag.py:3947} INFO - Setting next_dagrun for tutorial_taskflow_api to None, run_after=None
[2025-11-27T15:16:56.499-0300] {processor.py:183} INFO - Processing /Users/davispecia/Documents/GitHub/Pf_pipeline_dados/Projeto_final_fase3/venv/lib/python3.9/site-packages/airflow/example_dags/tutorial_taskflow_api.py took 0.112 seconds
[2025-11-27T15:18:07.714-0300] {processor.py:161} INFO - Started process (PID=14585) to work on /Users/davispecia/Documents/GitHub/Pf_pipeline_dados/Projeto_final_fase3/venv/lib/python3.9/site-packages/airflow/example_dags/tutorial_taskflow_api.py
[2025-11-27T15:18:07.715-0300] {processor.py:830} INFO - Processing file /Users/davispecia/Documents/GitHub/Pf_pipeline_dados/Projeto_final_fase3/venv/lib/python3.9/site-packages/airflow/example_dags/tutorial_taskflow_api.py for tasks to queue
[2025-11-27T15:18:07.716-0300] {logging_mixin.py:188} INFO - [2025-11-27T15:18:07.715-0300] {dagbag.py:545} INFO - Filling up the DagBag from /Users/davispecia/Documents/GitHub/Pf_pipeline_dados/Projeto_final_fase3/venv/lib/python3.9/site-packages/airflow/example_dags/tutorial_taskflow_api.py
[2025-11-27T15:18:07.734-0300] {processor.py:840} INFO - DAG(s) 'tutorial_taskflow_api' retrieved from /Users/davispecia/Documents/GitHub/Pf_pipeline_dados/Projeto_final_fase3/venv/lib/python3.9/site-packages/airflow/example_dags/tutorial_taskflow_api.py
[2025-11-27T15:18:07.808-0300] {logging_mixin.py:188} INFO - [2025-11-27T15:18:07.807-0300] {dag.py:3089} INFO - Sync 1 DAGs
[2025-11-27T15:18:07.813-0300] {logging_mixin.py:188} INFO - [2025-11-27T15:18:07.813-0300] {dag.py:3947} INFO - Setting next_dagrun for tutorial_taskflow_api to None, run_after=None
[2025-11-27T15:18:07.823-0300] {processor.py:183} INFO - Processing /Users/davispecia/Documents/GitHub/Pf_pipeline_dados/Projeto_final_fase3/venv/lib/python3.9/site-packages/airflow/example_dags/tutorial_taskflow_api.py took 0.110 seconds
[2025-11-27T15:19:04.438-0300] {processor.py:161} INFO - Started process (PID=14723) to work on /Users/davispecia/Documents/GitHub/Pf_pipeline_dados/Projeto_final_fase3/venv/lib/python3.9/site-packages/airflow/example_dags/tutorial_taskflow_api.py
[2025-11-27T15:19:04.439-0300] {processor.py:830} INFO - Processing file /Users/davispecia/Documents/GitHub/Pf_pipeline_dados/Projeto_final_fase3/venv/lib/python3.9/site-packages/airflow/example_dags/tutorial_taskflow_api.py for tasks to queue
[2025-11-27T15:19:04.439-0300] {logging_mixin.py:188} INFO - [2025-11-27T15:19:04.439-0300] {dagbag.py:545} INFO - Filling up the DagBag from /Users/davispecia/Documents/GitHub/Pf_pipeline_dados/Projeto_final_fase3/venv/lib/python3.9/site-packages/airflow/example_dags/tutorial_taskflow_api.py
[2025-11-27T15:19:04.456-0300] {processor.py:840} INFO - DAG(s) 'tutorial_taskflow_api' retrieved from /Users/davispecia/Documents/GitHub/Pf_pipeline_dados/Projeto_final_fase3/venv/lib/python3.9/site-packages/airflow/example_dags/tutorial_taskflow_api.py
[2025-11-27T15:19:04.523-0300] {logging_mixin.py:188} INFO - [2025-11-27T15:19:04.523-0300] {dag.py:3089} INFO - Sync 1 DAGs
[2025-11-27T15:19:04.529-0300] {logging_mixin.py:188} INFO - [2025-11-27T15:19:04.528-0300] {dag.py:3947} INFO - Setting next_dagrun for tutorial_taskflow_api to None, run_after=None
[2025-11-27T15:19:04.539-0300] {processor.py:183} INFO - Processing /Users/davispecia/Documents/GitHub/Pf_pipeline_dados/Projeto_final_fase3/venv/lib/python3.9/site-packages/airflow/example_dags/tutorial_taskflow_api.py took 0.103 seconds
[2025-11-27T15:23:36.862-0300] {processor.py:161} INFO - Started process (PID=14887) to work on /Users/davispecia/Documents/GitHub/Pf_pipeline_dados/Projeto_final_fase3/venv/lib/python3.9/site-packages/airflow/example_dags/tutorial_taskflow_api.py
[2025-11-27T15:23:36.864-0300] {processor.py:830} INFO - Processing file /Users/davispecia/Documents/GitHub/Pf_pipeline_dados/Projeto_final_fase3/venv/lib/python3.9/site-packages/airflow/example_dags/tutorial_taskflow_api.py for tasks to queue
[2025-11-27T15:23:36.865-0300] {logging_mixin.py:188} INFO - [2025-11-27T15:23:36.865-0300] {dagbag.py:545} INFO - Filling up the DagBag from /Users/davispecia/Documents/GitHub/Pf_pipeline_dados/Projeto_final_fase3/venv/lib/python3.9/site-packages/airflow/example_dags/tutorial_taskflow_api.py
[2025-11-27T15:23:36.889-0300] {processor.py:840} INFO - DAG(s) 'tutorial_taskflow_api' retrieved from /Users/davispecia/Documents/GitHub/Pf_pipeline_dados/Projeto_final_fase3/venv/lib/python3.9/site-packages/airflow/example_dags/tutorial_taskflow_api.py
[2025-11-27T15:23:36.978-0300] {logging_mixin.py:188} INFO - [2025-11-27T15:23:36.978-0300] {dag.py:3089} INFO - Sync 1 DAGs
[2025-11-27T15:23:36.985-0300] {logging_mixin.py:188} INFO - [2025-11-27T15:23:36.985-0300] {dag.py:3947} INFO - Setting next_dagrun for tutorial_taskflow_api to None, run_after=None
[2025-11-27T15:23:36.996-0300] {processor.py:183} INFO - Processing /Users/davispecia/Documents/GitHub/Pf_pipeline_dados/Projeto_final_fase3/venv/lib/python3.9/site-packages/airflow/example_dags/tutorial_taskflow_api.py took 0.136 seconds
[2025-11-27T15:24:51.963-0300] {processor.py:161} INFO - Started process (PID=15161) to work on /Users/davispecia/Documents/GitHub/Pf_pipeline_dados/Projeto_final_fase3/venv/lib/python3.9/site-packages/airflow/example_dags/tutorial_taskflow_api.py
[2025-11-27T15:24:51.965-0300] {processor.py:830} INFO - Processing file /Users/davispecia/Documents/GitHub/Pf_pipeline_dados/Projeto_final_fase3/venv/lib/python3.9/site-packages/airflow/example_dags/tutorial_taskflow_api.py for tasks to queue
[2025-11-27T15:24:51.965-0300] {logging_mixin.py:188} INFO - [2025-11-27T15:24:51.965-0300] {dagbag.py:545} INFO - Filling up the DagBag from /Users/davispecia/Documents/GitHub/Pf_pipeline_dados/Projeto_final_fase3/venv/lib/python3.9/site-packages/airflow/example_dags/tutorial_taskflow_api.py
[2025-11-27T15:24:51.986-0300] {processor.py:840} INFO - DAG(s) 'tutorial_taskflow_api' retrieved from /Users/davispecia/Documents/GitHub/Pf_pipeline_dados/Projeto_final_fase3/venv/lib/python3.9/site-packages/airflow/example_dags/tutorial_taskflow_api.py
[2025-11-27T15:24:52.065-0300] {logging_mixin.py:188} INFO - [2025-11-27T15:24:52.064-0300] {dag.py:3089} INFO - Sync 1 DAGs
[2025-11-27T15:24:52.071-0300] {logging_mixin.py:188} INFO - [2025-11-27T15:24:52.071-0300] {dag.py:3947} INFO - Setting next_dagrun for tutorial_taskflow_api to None, run_after=None
[2025-11-27T15:24:52.080-0300] {processor.py:183} INFO - Processing /Users/davispecia/Documents/GitHub/Pf_pipeline_dados/Projeto_final_fase3/venv/lib/python3.9/site-packages/airflow/example_dags/tutorial_taskflow_api.py took 0.119 seconds
[2025-11-27T15:25:53.599-0300] {processor.py:161} INFO - Started process (PID=15317) to work on /Users/davispecia/Documents/GitHub/Pf_pipeline_dados/Projeto_final_fase3/venv/lib/python3.9/site-packages/airflow/example_dags/tutorial_taskflow_api.py
[2025-11-27T15:25:53.599-0300] {processor.py:830} INFO - Processing file /Users/davispecia/Documents/GitHub/Pf_pipeline_dados/Projeto_final_fase3/venv/lib/python3.9/site-packages/airflow/example_dags/tutorial_taskflow_api.py for tasks to queue
[2025-11-27T15:25:53.600-0300] {logging_mixin.py:188} INFO - [2025-11-27T15:25:53.599-0300] {dagbag.py:545} INFO - Filling up the DagBag from /Users/davispecia/Documents/GitHub/Pf_pipeline_dados/Projeto_final_fase3/venv/lib/python3.9/site-packages/airflow/example_dags/tutorial_taskflow_api.py
[2025-11-27T15:25:53.617-0300] {processor.py:840} INFO - DAG(s) 'tutorial_taskflow_api' retrieved from /Users/davispecia/Documents/GitHub/Pf_pipeline_dados/Projeto_final_fase3/venv/lib/python3.9/site-packages/airflow/example_dags/tutorial_taskflow_api.py
[2025-11-27T15:25:53.691-0300] {logging_mixin.py:188} INFO - [2025-11-27T15:25:53.691-0300] {dag.py:3089} INFO - Sync 1 DAGs
[2025-11-27T15:25:53.696-0300] {logging_mixin.py:188} INFO - [2025-11-27T15:25:53.696-0300] {dag.py:3947} INFO - Setting next_dagrun for tutorial_taskflow_api to None, run_after=None
[2025-11-27T15:25:53.706-0300] {processor.py:183} INFO - Processing /Users/davispecia/Documents/GitHub/Pf_pipeline_dados/Projeto_final_fase3/venv/lib/python3.9/site-packages/airflow/example_dags/tutorial_taskflow_api.py took 0.109 seconds
