[2025-11-27T11:11:57.109-0300] {processor.py:161} INFO - Started process (PID=88768) to work on /Users/davispecia/Documents/GitHub/Pf_pipeline_dados/Projeto_final_fase3/venv/lib/python3.9/site-packages/airflow/example_dags/tutorial_dag.py
[2025-11-27T11:11:57.109-0300] {processor.py:830} INFO - Processing file /Users/davispecia/Documents/GitHub/Pf_pipeline_dados/Projeto_final_fase3/venv/lib/python3.9/site-packages/airflow/example_dags/tutorial_dag.py for tasks to queue
[2025-11-27T11:11:57.110-0300] {logging_mixin.py:188} INFO - [2025-11-27T11:11:57.110-0300] {dagbag.py:545} INFO - Filling up the DagBag from /Users/davispecia/Documents/GitHub/Pf_pipeline_dados/Projeto_final_fase3/venv/lib/python3.9/site-packages/airflow/example_dags/tutorial_dag.py
[2025-11-27T11:11:57.123-0300] {processor.py:840} INFO - DAG(s) 'tutorial_dag' retrieved from /Users/davispecia/Documents/GitHub/Pf_pipeline_dados/Projeto_final_fase3/venv/lib/python3.9/site-packages/airflow/example_dags/tutorial_dag.py
[2025-11-27T11:11:57.241-0300] {logging_mixin.py:188} INFO - [2025-11-27T11:11:57.240-0300] {override.py:1858} INFO - Created Permission View: can edit on DAG:tutorial_dag
[2025-11-27T11:11:57.245-0300] {logging_mixin.py:188} INFO - [2025-11-27T11:11:57.245-0300] {override.py:1858} INFO - Created Permission View: can read on DAG:tutorial_dag
[2025-11-27T11:11:57.247-0300] {logging_mixin.py:188} INFO - [2025-11-27T11:11:57.247-0300] {override.py:1858} INFO - Created Permission View: can delete on DAG:tutorial_dag
[2025-11-27T11:11:57.248-0300] {logging_mixin.py:188} INFO - [2025-11-27T11:11:57.247-0300] {dag.py:3089} INFO - Sync 1 DAGs
[2025-11-27T11:11:57.253-0300] {logging_mixin.py:188} INFO - [2025-11-27T11:11:57.252-0300] {dag.py:3111} INFO - Creating ORM DAG for tutorial_dag
[2025-11-27T11:11:57.253-0300] {logging_mixin.py:188} INFO - [2025-11-27T11:11:57.253-0300] {dag.py:3947} INFO - Setting next_dagrun for tutorial_dag to None, run_after=None
[2025-11-27T11:11:57.261-0300] {processor.py:183} INFO - Processing /Users/davispecia/Documents/GitHub/Pf_pipeline_dados/Projeto_final_fase3/venv/lib/python3.9/site-packages/airflow/example_dags/tutorial_dag.py took 0.154 seconds
[2025-11-27T11:13:43.109-0300] {processor.py:161} INFO - Started process (PID=89149) to work on /Users/davispecia/Documents/GitHub/Pf_pipeline_dados/Projeto_final_fase3/venv/lib/python3.9/site-packages/airflow/example_dags/tutorial_dag.py
[2025-11-27T11:13:43.110-0300] {processor.py:830} INFO - Processing file /Users/davispecia/Documents/GitHub/Pf_pipeline_dados/Projeto_final_fase3/venv/lib/python3.9/site-packages/airflow/example_dags/tutorial_dag.py for tasks to queue
[2025-11-27T11:13:43.110-0300] {logging_mixin.py:188} INFO - [2025-11-27T11:13:43.110-0300] {dagbag.py:545} INFO - Filling up the DagBag from /Users/davispecia/Documents/GitHub/Pf_pipeline_dados/Projeto_final_fase3/venv/lib/python3.9/site-packages/airflow/example_dags/tutorial_dag.py
[2025-11-27T11:13:43.125-0300] {processor.py:840} INFO - DAG(s) 'tutorial_dag' retrieved from /Users/davispecia/Documents/GitHub/Pf_pipeline_dados/Projeto_final_fase3/venv/lib/python3.9/site-packages/airflow/example_dags/tutorial_dag.py
[2025-11-27T11:13:43.199-0300] {logging_mixin.py:188} INFO - [2025-11-27T11:13:43.199-0300] {dag.py:3089} INFO - Sync 1 DAGs
[2025-11-27T11:13:43.205-0300] {logging_mixin.py:188} INFO - [2025-11-27T11:13:43.205-0300] {dag.py:3947} INFO - Setting next_dagrun for tutorial_dag to None, run_after=None
[2025-11-27T11:13:43.215-0300] {processor.py:183} INFO - Processing /Users/davispecia/Documents/GitHub/Pf_pipeline_dados/Projeto_final_fase3/venv/lib/python3.9/site-packages/airflow/example_dags/tutorial_dag.py took 0.108 seconds
[2025-11-27T11:14:45.349-0300] {processor.py:161} INFO - Started process (PID=90069) to work on /Users/davispecia/Documents/GitHub/Pf_pipeline_dados/Projeto_final_fase3/venv/lib/python3.9/site-packages/airflow/example_dags/tutorial_dag.py
[2025-11-27T11:14:45.350-0300] {processor.py:830} INFO - Processing file /Users/davispecia/Documents/GitHub/Pf_pipeline_dados/Projeto_final_fase3/venv/lib/python3.9/site-packages/airflow/example_dags/tutorial_dag.py for tasks to queue
[2025-11-27T11:14:45.350-0300] {logging_mixin.py:188} INFO - [2025-11-27T11:14:45.350-0300] {dagbag.py:545} INFO - Filling up the DagBag from /Users/davispecia/Documents/GitHub/Pf_pipeline_dados/Projeto_final_fase3/venv/lib/python3.9/site-packages/airflow/example_dags/tutorial_dag.py
[2025-11-27T11:14:45.363-0300] {processor.py:840} INFO - DAG(s) 'tutorial_dag' retrieved from /Users/davispecia/Documents/GitHub/Pf_pipeline_dados/Projeto_final_fase3/venv/lib/python3.9/site-packages/airflow/example_dags/tutorial_dag.py
[2025-11-27T11:14:45.438-0300] {logging_mixin.py:188} INFO - [2025-11-27T11:14:45.438-0300] {dag.py:3089} INFO - Sync 1 DAGs
[2025-11-27T11:14:45.443-0300] {logging_mixin.py:188} INFO - [2025-11-27T11:14:45.443-0300] {dag.py:3947} INFO - Setting next_dagrun for tutorial_dag to None, run_after=None
[2025-11-27T11:14:45.453-0300] {processor.py:183} INFO - Processing /Users/davispecia/Documents/GitHub/Pf_pipeline_dados/Projeto_final_fase3/venv/lib/python3.9/site-packages/airflow/example_dags/tutorial_dag.py took 0.106 seconds
[2025-11-27T11:17:07.430-0300] {processor.py:161} INFO - Started process (PID=90937) to work on /Users/davispecia/Documents/GitHub/Pf_pipeline_dados/Projeto_final_fase3/venv/lib/python3.9/site-packages/airflow/example_dags/tutorial_dag.py
[2025-11-27T11:17:07.431-0300] {processor.py:830} INFO - Processing file /Users/davispecia/Documents/GitHub/Pf_pipeline_dados/Projeto_final_fase3/venv/lib/python3.9/site-packages/airflow/example_dags/tutorial_dag.py for tasks to queue
[2025-11-27T11:17:07.432-0300] {logging_mixin.py:188} INFO - [2025-11-27T11:17:07.431-0300] {dagbag.py:545} INFO - Filling up the DagBag from /Users/davispecia/Documents/GitHub/Pf_pipeline_dados/Projeto_final_fase3/venv/lib/python3.9/site-packages/airflow/example_dags/tutorial_dag.py
[2025-11-27T11:17:07.444-0300] {processor.py:840} INFO - DAG(s) 'tutorial_dag' retrieved from /Users/davispecia/Documents/GitHub/Pf_pipeline_dados/Projeto_final_fase3/venv/lib/python3.9/site-packages/airflow/example_dags/tutorial_dag.py
[2025-11-27T11:17:07.518-0300] {logging_mixin.py:188} INFO - [2025-11-27T11:17:07.518-0300] {dag.py:3089} INFO - Sync 1 DAGs
[2025-11-27T11:17:07.523-0300] {logging_mixin.py:188} INFO - [2025-11-27T11:17:07.522-0300] {dag.py:3947} INFO - Setting next_dagrun for tutorial_dag to None, run_after=None
[2025-11-27T11:17:07.532-0300] {processor.py:183} INFO - Processing /Users/davispecia/Documents/GitHub/Pf_pipeline_dados/Projeto_final_fase3/venv/lib/python3.9/site-packages/airflow/example_dags/tutorial_dag.py took 0.105 seconds
[2025-11-27T11:18:10.855-0300] {processor.py:161} INFO - Started process (PID=91093) to work on /Users/davispecia/Documents/GitHub/Pf_pipeline_dados/Projeto_final_fase3/venv/lib/python3.9/site-packages/airflow/example_dags/tutorial_dag.py
[2025-11-27T11:18:10.856-0300] {processor.py:830} INFO - Processing file /Users/davispecia/Documents/GitHub/Pf_pipeline_dados/Projeto_final_fase3/venv/lib/python3.9/site-packages/airflow/example_dags/tutorial_dag.py for tasks to queue
[2025-11-27T11:18:10.856-0300] {logging_mixin.py:188} INFO - [2025-11-27T11:18:10.856-0300] {dagbag.py:545} INFO - Filling up the DagBag from /Users/davispecia/Documents/GitHub/Pf_pipeline_dados/Projeto_final_fase3/venv/lib/python3.9/site-packages/airflow/example_dags/tutorial_dag.py
[2025-11-27T11:18:10.868-0300] {processor.py:840} INFO - DAG(s) 'tutorial_dag' retrieved from /Users/davispecia/Documents/GitHub/Pf_pipeline_dados/Projeto_final_fase3/venv/lib/python3.9/site-packages/airflow/example_dags/tutorial_dag.py
[2025-11-27T11:18:10.938-0300] {logging_mixin.py:188} INFO - [2025-11-27T11:18:10.938-0300] {dag.py:3089} INFO - Sync 1 DAGs
[2025-11-27T11:18:10.942-0300] {logging_mixin.py:188} INFO - [2025-11-27T11:18:10.942-0300] {dag.py:3947} INFO - Setting next_dagrun for tutorial_dag to None, run_after=None
[2025-11-27T11:18:10.952-0300] {processor.py:183} INFO - Processing /Users/davispecia/Documents/GitHub/Pf_pipeline_dados/Projeto_final_fase3/venv/lib/python3.9/site-packages/airflow/example_dags/tutorial_dag.py took 0.100 seconds
[2025-11-27T11:19:25.927-0300] {processor.py:161} INFO - Started process (PID=91332) to work on /Users/davispecia/Documents/GitHub/Pf_pipeline_dados/Projeto_final_fase3/venv/lib/python3.9/site-packages/airflow/example_dags/tutorial_dag.py
[2025-11-27T11:19:25.928-0300] {processor.py:830} INFO - Processing file /Users/davispecia/Documents/GitHub/Pf_pipeline_dados/Projeto_final_fase3/venv/lib/python3.9/site-packages/airflow/example_dags/tutorial_dag.py for tasks to queue
[2025-11-27T11:19:25.928-0300] {logging_mixin.py:188} INFO - [2025-11-27T11:19:25.928-0300] {dagbag.py:545} INFO - Filling up the DagBag from /Users/davispecia/Documents/GitHub/Pf_pipeline_dados/Projeto_final_fase3/venv/lib/python3.9/site-packages/airflow/example_dags/tutorial_dag.py
[2025-11-27T11:19:25.941-0300] {processor.py:840} INFO - DAG(s) 'tutorial_dag' retrieved from /Users/davispecia/Documents/GitHub/Pf_pipeline_dados/Projeto_final_fase3/venv/lib/python3.9/site-packages/airflow/example_dags/tutorial_dag.py
[2025-11-27T11:19:26.011-0300] {logging_mixin.py:188} INFO - [2025-11-27T11:19:26.011-0300] {dag.py:3089} INFO - Sync 1 DAGs
[2025-11-27T11:19:26.016-0300] {logging_mixin.py:188} INFO - [2025-11-27T11:19:26.016-0300] {dag.py:3947} INFO - Setting next_dagrun for tutorial_dag to None, run_after=None
[2025-11-27T11:19:26.027-0300] {processor.py:183} INFO - Processing /Users/davispecia/Documents/GitHub/Pf_pipeline_dados/Projeto_final_fase3/venv/lib/python3.9/site-packages/airflow/example_dags/tutorial_dag.py took 0.102 seconds
[2025-11-27T11:20:28.302-0300] {processor.py:161} INFO - Started process (PID=91486) to work on /Users/davispecia/Documents/GitHub/Pf_pipeline_dados/Projeto_final_fase3/venv/lib/python3.9/site-packages/airflow/example_dags/tutorial_dag.py
[2025-11-27T11:20:28.303-0300] {processor.py:830} INFO - Processing file /Users/davispecia/Documents/GitHub/Pf_pipeline_dados/Projeto_final_fase3/venv/lib/python3.9/site-packages/airflow/example_dags/tutorial_dag.py for tasks to queue
[2025-11-27T11:20:28.303-0300] {logging_mixin.py:188} INFO - [2025-11-27T11:20:28.303-0300] {dagbag.py:545} INFO - Filling up the DagBag from /Users/davispecia/Documents/GitHub/Pf_pipeline_dados/Projeto_final_fase3/venv/lib/python3.9/site-packages/airflow/example_dags/tutorial_dag.py
[2025-11-27T11:20:28.317-0300] {processor.py:840} INFO - DAG(s) 'tutorial_dag' retrieved from /Users/davispecia/Documents/GitHub/Pf_pipeline_dados/Projeto_final_fase3/venv/lib/python3.9/site-packages/airflow/example_dags/tutorial_dag.py
[2025-11-27T11:20:28.387-0300] {logging_mixin.py:188} INFO - [2025-11-27T11:20:28.387-0300] {dag.py:3089} INFO - Sync 1 DAGs
[2025-11-27T11:20:28.392-0300] {logging_mixin.py:188} INFO - [2025-11-27T11:20:28.392-0300] {dag.py:3947} INFO - Setting next_dagrun for tutorial_dag to None, run_after=None
[2025-11-27T11:20:28.401-0300] {processor.py:183} INFO - Processing /Users/davispecia/Documents/GitHub/Pf_pipeline_dados/Projeto_final_fase3/venv/lib/python3.9/site-packages/airflow/example_dags/tutorial_dag.py took 0.101 seconds
[2025-11-27T11:21:31.154-0300] {processor.py:161} INFO - Started process (PID=91642) to work on /Users/davispecia/Documents/GitHub/Pf_pipeline_dados/Projeto_final_fase3/venv/lib/python3.9/site-packages/airflow/example_dags/tutorial_dag.py
[2025-11-27T11:21:31.156-0300] {processor.py:830} INFO - Processing file /Users/davispecia/Documents/GitHub/Pf_pipeline_dados/Projeto_final_fase3/venv/lib/python3.9/site-packages/airflow/example_dags/tutorial_dag.py for tasks to queue
[2025-11-27T11:21:31.156-0300] {logging_mixin.py:188} INFO - [2025-11-27T11:21:31.156-0300] {dagbag.py:545} INFO - Filling up the DagBag from /Users/davispecia/Documents/GitHub/Pf_pipeline_dados/Projeto_final_fase3/venv/lib/python3.9/site-packages/airflow/example_dags/tutorial_dag.py
[2025-11-27T11:21:31.169-0300] {processor.py:840} INFO - DAG(s) 'tutorial_dag' retrieved from /Users/davispecia/Documents/GitHub/Pf_pipeline_dados/Projeto_final_fase3/venv/lib/python3.9/site-packages/airflow/example_dags/tutorial_dag.py
[2025-11-27T11:21:31.238-0300] {logging_mixin.py:188} INFO - [2025-11-27T11:21:31.237-0300] {dag.py:3089} INFO - Sync 1 DAGs
[2025-11-27T11:21:31.242-0300] {logging_mixin.py:188} INFO - [2025-11-27T11:21:31.242-0300] {dag.py:3947} INFO - Setting next_dagrun for tutorial_dag to None, run_after=None
[2025-11-27T11:21:31.252-0300] {processor.py:183} INFO - Processing /Users/davispecia/Documents/GitHub/Pf_pipeline_dados/Projeto_final_fase3/venv/lib/python3.9/site-packages/airflow/example_dags/tutorial_dag.py took 0.099 seconds
[2025-11-27T11:22:31.701-0300] {processor.py:161} INFO - Started process (PID=91788) to work on /Users/davispecia/Documents/GitHub/Pf_pipeline_dados/Projeto_final_fase3/venv/lib/python3.9/site-packages/airflow/example_dags/tutorial_dag.py
[2025-11-27T11:22:31.701-0300] {processor.py:830} INFO - Processing file /Users/davispecia/Documents/GitHub/Pf_pipeline_dados/Projeto_final_fase3/venv/lib/python3.9/site-packages/airflow/example_dags/tutorial_dag.py for tasks to queue
[2025-11-27T11:22:31.702-0300] {logging_mixin.py:188} INFO - [2025-11-27T11:22:31.701-0300] {dagbag.py:545} INFO - Filling up the DagBag from /Users/davispecia/Documents/GitHub/Pf_pipeline_dados/Projeto_final_fase3/venv/lib/python3.9/site-packages/airflow/example_dags/tutorial_dag.py
[2025-11-27T11:22:31.715-0300] {processor.py:840} INFO - DAG(s) 'tutorial_dag' retrieved from /Users/davispecia/Documents/GitHub/Pf_pipeline_dados/Projeto_final_fase3/venv/lib/python3.9/site-packages/airflow/example_dags/tutorial_dag.py
[2025-11-27T11:22:31.801-0300] {logging_mixin.py:188} INFO - [2025-11-27T11:22:31.800-0300] {dag.py:3089} INFO - Sync 1 DAGs
[2025-11-27T11:22:31.806-0300] {logging_mixin.py:188} INFO - [2025-11-27T11:22:31.806-0300] {dag.py:3947} INFO - Setting next_dagrun for tutorial_dag to None, run_after=None
[2025-11-27T11:22:31.816-0300] {processor.py:183} INFO - Processing /Users/davispecia/Documents/GitHub/Pf_pipeline_dados/Projeto_final_fase3/venv/lib/python3.9/site-packages/airflow/example_dags/tutorial_dag.py took 0.118 seconds
[2025-11-27T11:23:33.656-0300] {processor.py:161} INFO - Started process (PID=91945) to work on /Users/davispecia/Documents/GitHub/Pf_pipeline_dados/Projeto_final_fase3/venv/lib/python3.9/site-packages/airflow/example_dags/tutorial_dag.py
[2025-11-27T11:23:33.657-0300] {processor.py:830} INFO - Processing file /Users/davispecia/Documents/GitHub/Pf_pipeline_dados/Projeto_final_fase3/venv/lib/python3.9/site-packages/airflow/example_dags/tutorial_dag.py for tasks to queue
[2025-11-27T11:23:33.658-0300] {logging_mixin.py:188} INFO - [2025-11-27T11:23:33.658-0300] {dagbag.py:545} INFO - Filling up the DagBag from /Users/davispecia/Documents/GitHub/Pf_pipeline_dados/Projeto_final_fase3/venv/lib/python3.9/site-packages/airflow/example_dags/tutorial_dag.py
[2025-11-27T11:23:33.670-0300] {processor.py:840} INFO - DAG(s) 'tutorial_dag' retrieved from /Users/davispecia/Documents/GitHub/Pf_pipeline_dados/Projeto_final_fase3/venv/lib/python3.9/site-packages/airflow/example_dags/tutorial_dag.py
[2025-11-27T11:23:33.737-0300] {logging_mixin.py:188} INFO - [2025-11-27T11:23:33.737-0300] {dag.py:3089} INFO - Sync 1 DAGs
[2025-11-27T11:23:33.742-0300] {logging_mixin.py:188} INFO - [2025-11-27T11:23:33.742-0300] {dag.py:3947} INFO - Setting next_dagrun for tutorial_dag to None, run_after=None
[2025-11-27T11:23:33.751-0300] {processor.py:183} INFO - Processing /Users/davispecia/Documents/GitHub/Pf_pipeline_dados/Projeto_final_fase3/venv/lib/python3.9/site-packages/airflow/example_dags/tutorial_dag.py took 0.096 seconds
[2025-11-27T11:24:36.405-0300] {processor.py:161} INFO - Started process (PID=92092) to work on /Users/davispecia/Documents/GitHub/Pf_pipeline_dados/Projeto_final_fase3/venv/lib/python3.9/site-packages/airflow/example_dags/tutorial_dag.py
[2025-11-27T11:24:36.406-0300] {processor.py:830} INFO - Processing file /Users/davispecia/Documents/GitHub/Pf_pipeline_dados/Projeto_final_fase3/venv/lib/python3.9/site-packages/airflow/example_dags/tutorial_dag.py for tasks to queue
[2025-11-27T11:24:36.406-0300] {logging_mixin.py:188} INFO - [2025-11-27T11:24:36.406-0300] {dagbag.py:545} INFO - Filling up the DagBag from /Users/davispecia/Documents/GitHub/Pf_pipeline_dados/Projeto_final_fase3/venv/lib/python3.9/site-packages/airflow/example_dags/tutorial_dag.py
[2025-11-27T11:24:36.418-0300] {processor.py:840} INFO - DAG(s) 'tutorial_dag' retrieved from /Users/davispecia/Documents/GitHub/Pf_pipeline_dados/Projeto_final_fase3/venv/lib/python3.9/site-packages/airflow/example_dags/tutorial_dag.py
[2025-11-27T11:24:36.487-0300] {logging_mixin.py:188} INFO - [2025-11-27T11:24:36.487-0300] {dag.py:3089} INFO - Sync 1 DAGs
[2025-11-27T11:24:36.492-0300] {logging_mixin.py:188} INFO - [2025-11-27T11:24:36.492-0300] {dag.py:3947} INFO - Setting next_dagrun for tutorial_dag to None, run_after=None
[2025-11-27T11:24:36.501-0300] {processor.py:183} INFO - Processing /Users/davispecia/Documents/GitHub/Pf_pipeline_dados/Projeto_final_fase3/venv/lib/python3.9/site-packages/airflow/example_dags/tutorial_dag.py took 0.098 seconds
[2025-11-27T11:25:47.838-0300] {processor.py:161} INFO - Started process (PID=92326) to work on /Users/davispecia/Documents/GitHub/Pf_pipeline_dados/Projeto_final_fase3/venv/lib/python3.9/site-packages/airflow/example_dags/tutorial_dag.py
[2025-11-27T11:25:47.839-0300] {processor.py:830} INFO - Processing file /Users/davispecia/Documents/GitHub/Pf_pipeline_dados/Projeto_final_fase3/venv/lib/python3.9/site-packages/airflow/example_dags/tutorial_dag.py for tasks to queue
[2025-11-27T11:25:47.839-0300] {logging_mixin.py:188} INFO - [2025-11-27T11:25:47.839-0300] {dagbag.py:545} INFO - Filling up the DagBag from /Users/davispecia/Documents/GitHub/Pf_pipeline_dados/Projeto_final_fase3/venv/lib/python3.9/site-packages/airflow/example_dags/tutorial_dag.py
[2025-11-27T11:25:47.851-0300] {processor.py:840} INFO - DAG(s) 'tutorial_dag' retrieved from /Users/davispecia/Documents/GitHub/Pf_pipeline_dados/Projeto_final_fase3/venv/lib/python3.9/site-packages/airflow/example_dags/tutorial_dag.py
[2025-11-27T11:25:47.919-0300] {logging_mixin.py:188} INFO - [2025-11-27T11:25:47.919-0300] {dag.py:3089} INFO - Sync 1 DAGs
[2025-11-27T11:25:47.923-0300] {logging_mixin.py:188} INFO - [2025-11-27T11:25:47.923-0300] {dag.py:3947} INFO - Setting next_dagrun for tutorial_dag to None, run_after=None
[2025-11-27T11:25:47.933-0300] {processor.py:183} INFO - Processing /Users/davispecia/Documents/GitHub/Pf_pipeline_dados/Projeto_final_fase3/venv/lib/python3.9/site-packages/airflow/example_dags/tutorial_dag.py took 0.097 seconds
[2025-11-27T11:26:49.952-0300] {processor.py:161} INFO - Started process (PID=92482) to work on /Users/davispecia/Documents/GitHub/Pf_pipeline_dados/Projeto_final_fase3/venv/lib/python3.9/site-packages/airflow/example_dags/tutorial_dag.py
[2025-11-27T11:26:49.954-0300] {processor.py:830} INFO - Processing file /Users/davispecia/Documents/GitHub/Pf_pipeline_dados/Projeto_final_fase3/venv/lib/python3.9/site-packages/airflow/example_dags/tutorial_dag.py for tasks to queue
[2025-11-27T11:26:49.954-0300] {logging_mixin.py:188} INFO - [2025-11-27T11:26:49.954-0300] {dagbag.py:545} INFO - Filling up the DagBag from /Users/davispecia/Documents/GitHub/Pf_pipeline_dados/Projeto_final_fase3/venv/lib/python3.9/site-packages/airflow/example_dags/tutorial_dag.py
[2025-11-27T11:26:49.966-0300] {processor.py:840} INFO - DAG(s) 'tutorial_dag' retrieved from /Users/davispecia/Documents/GitHub/Pf_pipeline_dados/Projeto_final_fase3/venv/lib/python3.9/site-packages/airflow/example_dags/tutorial_dag.py
[2025-11-27T11:26:50.037-0300] {logging_mixin.py:188} INFO - [2025-11-27T11:26:50.036-0300] {dag.py:3089} INFO - Sync 1 DAGs
[2025-11-27T11:26:50.041-0300] {logging_mixin.py:188} INFO - [2025-11-27T11:26:50.041-0300] {dag.py:3947} INFO - Setting next_dagrun for tutorial_dag to None, run_after=None
[2025-11-27T11:26:50.050-0300] {processor.py:183} INFO - Processing /Users/davispecia/Documents/GitHub/Pf_pipeline_dados/Projeto_final_fase3/venv/lib/python3.9/site-packages/airflow/example_dags/tutorial_dag.py took 0.100 seconds
[2025-11-27T11:27:49.709-0300] {processor.py:161} INFO - Started process (PID=92645) to work on /Users/davispecia/Documents/GitHub/Pf_pipeline_dados/Projeto_final_fase3/venv/lib/python3.9/site-packages/airflow/example_dags/tutorial_dag.py
[2025-11-27T11:27:49.710-0300] {processor.py:830} INFO - Processing file /Users/davispecia/Documents/GitHub/Pf_pipeline_dados/Projeto_final_fase3/venv/lib/python3.9/site-packages/airflow/example_dags/tutorial_dag.py for tasks to queue
[2025-11-27T11:27:49.710-0300] {logging_mixin.py:188} INFO - [2025-11-27T11:27:49.710-0300] {dagbag.py:545} INFO - Filling up the DagBag from /Users/davispecia/Documents/GitHub/Pf_pipeline_dados/Projeto_final_fase3/venv/lib/python3.9/site-packages/airflow/example_dags/tutorial_dag.py
[2025-11-27T11:27:49.722-0300] {processor.py:840} INFO - DAG(s) 'tutorial_dag' retrieved from /Users/davispecia/Documents/GitHub/Pf_pipeline_dados/Projeto_final_fase3/venv/lib/python3.9/site-packages/airflow/example_dags/tutorial_dag.py
[2025-11-27T11:27:49.791-0300] {logging_mixin.py:188} INFO - [2025-11-27T11:27:49.791-0300] {dag.py:3089} INFO - Sync 1 DAGs
[2025-11-27T11:27:49.796-0300] {logging_mixin.py:188} INFO - [2025-11-27T11:27:49.796-0300] {dag.py:3947} INFO - Setting next_dagrun for tutorial_dag to None, run_after=None
[2025-11-27T11:27:49.805-0300] {processor.py:183} INFO - Processing /Users/davispecia/Documents/GitHub/Pf_pipeline_dados/Projeto_final_fase3/venv/lib/python3.9/site-packages/airflow/example_dags/tutorial_dag.py took 0.098 seconds
[2025-11-27T11:28:51.204-0300] {processor.py:161} INFO - Started process (PID=92791) to work on /Users/davispecia/Documents/GitHub/Pf_pipeline_dados/Projeto_final_fase3/venv/lib/python3.9/site-packages/airflow/example_dags/tutorial_dag.py
[2025-11-27T11:28:51.205-0300] {processor.py:830} INFO - Processing file /Users/davispecia/Documents/GitHub/Pf_pipeline_dados/Projeto_final_fase3/venv/lib/python3.9/site-packages/airflow/example_dags/tutorial_dag.py for tasks to queue
[2025-11-27T11:28:51.205-0300] {logging_mixin.py:188} INFO - [2025-11-27T11:28:51.205-0300] {dagbag.py:545} INFO - Filling up the DagBag from /Users/davispecia/Documents/GitHub/Pf_pipeline_dados/Projeto_final_fase3/venv/lib/python3.9/site-packages/airflow/example_dags/tutorial_dag.py
[2025-11-27T11:28:51.217-0300] {processor.py:840} INFO - DAG(s) 'tutorial_dag' retrieved from /Users/davispecia/Documents/GitHub/Pf_pipeline_dados/Projeto_final_fase3/venv/lib/python3.9/site-packages/airflow/example_dags/tutorial_dag.py
[2025-11-27T11:28:51.285-0300] {logging_mixin.py:188} INFO - [2025-11-27T11:28:51.285-0300] {dag.py:3089} INFO - Sync 1 DAGs
[2025-11-27T11:28:51.290-0300] {logging_mixin.py:188} INFO - [2025-11-27T11:28:51.290-0300] {dag.py:3947} INFO - Setting next_dagrun for tutorial_dag to None, run_after=None
[2025-11-27T11:28:51.299-0300] {processor.py:183} INFO - Processing /Users/davispecia/Documents/GitHub/Pf_pipeline_dados/Projeto_final_fase3/venv/lib/python3.9/site-packages/airflow/example_dags/tutorial_dag.py took 0.097 seconds
[2025-11-27T11:29:55.006-0300] {processor.py:161} INFO - Started process (PID=92950) to work on /Users/davispecia/Documents/GitHub/Pf_pipeline_dados/Projeto_final_fase3/venv/lib/python3.9/site-packages/airflow/example_dags/tutorial_dag.py
[2025-11-27T11:29:55.007-0300] {processor.py:830} INFO - Processing file /Users/davispecia/Documents/GitHub/Pf_pipeline_dados/Projeto_final_fase3/venv/lib/python3.9/site-packages/airflow/example_dags/tutorial_dag.py for tasks to queue
[2025-11-27T11:29:55.007-0300] {logging_mixin.py:188} INFO - [2025-11-27T11:29:55.007-0300] {dagbag.py:545} INFO - Filling up the DagBag from /Users/davispecia/Documents/GitHub/Pf_pipeline_dados/Projeto_final_fase3/venv/lib/python3.9/site-packages/airflow/example_dags/tutorial_dag.py
[2025-11-27T11:29:55.019-0300] {processor.py:840} INFO - DAG(s) 'tutorial_dag' retrieved from /Users/davispecia/Documents/GitHub/Pf_pipeline_dados/Projeto_final_fase3/venv/lib/python3.9/site-packages/airflow/example_dags/tutorial_dag.py
[2025-11-27T11:29:55.089-0300] {logging_mixin.py:188} INFO - [2025-11-27T11:29:55.089-0300] {dag.py:3089} INFO - Sync 1 DAGs
[2025-11-27T11:29:55.094-0300] {logging_mixin.py:188} INFO - [2025-11-27T11:29:55.094-0300] {dag.py:3947} INFO - Setting next_dagrun for tutorial_dag to None, run_after=None
[2025-11-27T11:29:55.103-0300] {processor.py:183} INFO - Processing /Users/davispecia/Documents/GitHub/Pf_pipeline_dados/Projeto_final_fase3/venv/lib/python3.9/site-packages/airflow/example_dags/tutorial_dag.py took 0.099 seconds
[2025-11-27T11:31:06.452-0300] {processor.py:161} INFO - Started process (PID=93172) to work on /Users/davispecia/Documents/GitHub/Pf_pipeline_dados/Projeto_final_fase3/venv/lib/python3.9/site-packages/airflow/example_dags/tutorial_dag.py
[2025-11-27T11:31:06.453-0300] {processor.py:830} INFO - Processing file /Users/davispecia/Documents/GitHub/Pf_pipeline_dados/Projeto_final_fase3/venv/lib/python3.9/site-packages/airflow/example_dags/tutorial_dag.py for tasks to queue
[2025-11-27T11:31:06.453-0300] {logging_mixin.py:188} INFO - [2025-11-27T11:31:06.453-0300] {dagbag.py:545} INFO - Filling up the DagBag from /Users/davispecia/Documents/GitHub/Pf_pipeline_dados/Projeto_final_fase3/venv/lib/python3.9/site-packages/airflow/example_dags/tutorial_dag.py
[2025-11-27T11:31:06.465-0300] {processor.py:840} INFO - DAG(s) 'tutorial_dag' retrieved from /Users/davispecia/Documents/GitHub/Pf_pipeline_dados/Projeto_final_fase3/venv/lib/python3.9/site-packages/airflow/example_dags/tutorial_dag.py
[2025-11-27T11:31:06.533-0300] {logging_mixin.py:188} INFO - [2025-11-27T11:31:06.532-0300] {dag.py:3089} INFO - Sync 1 DAGs
[2025-11-27T11:31:06.537-0300] {logging_mixin.py:188} INFO - [2025-11-27T11:31:06.537-0300] {dag.py:3947} INFO - Setting next_dagrun for tutorial_dag to None, run_after=None
[2025-11-27T11:31:06.546-0300] {processor.py:183} INFO - Processing /Users/davispecia/Documents/GitHub/Pf_pipeline_dados/Projeto_final_fase3/venv/lib/python3.9/site-packages/airflow/example_dags/tutorial_dag.py took 0.096 seconds
[2025-11-27T11:32:03.669-0300] {processor.py:161} INFO - Started process (PID=93310) to work on /Users/davispecia/Documents/GitHub/Pf_pipeline_dados/Projeto_final_fase3/venv/lib/python3.9/site-packages/airflow/example_dags/tutorial_dag.py
[2025-11-27T11:32:03.671-0300] {processor.py:830} INFO - Processing file /Users/davispecia/Documents/GitHub/Pf_pipeline_dados/Projeto_final_fase3/venv/lib/python3.9/site-packages/airflow/example_dags/tutorial_dag.py for tasks to queue
[2025-11-27T11:32:03.671-0300] {logging_mixin.py:188} INFO - [2025-11-27T11:32:03.671-0300] {dagbag.py:545} INFO - Filling up the DagBag from /Users/davispecia/Documents/GitHub/Pf_pipeline_dados/Projeto_final_fase3/venv/lib/python3.9/site-packages/airflow/example_dags/tutorial_dag.py
[2025-11-27T11:32:03.683-0300] {processor.py:840} INFO - DAG(s) 'tutorial_dag' retrieved from /Users/davispecia/Documents/GitHub/Pf_pipeline_dados/Projeto_final_fase3/venv/lib/python3.9/site-packages/airflow/example_dags/tutorial_dag.py
[2025-11-27T11:32:03.750-0300] {logging_mixin.py:188} INFO - [2025-11-27T11:32:03.750-0300] {dag.py:3089} INFO - Sync 1 DAGs
[2025-11-27T11:32:03.755-0300] {logging_mixin.py:188} INFO - [2025-11-27T11:32:03.755-0300] {dag.py:3947} INFO - Setting next_dagrun for tutorial_dag to None, run_after=None
[2025-11-27T11:32:03.764-0300] {processor.py:183} INFO - Processing /Users/davispecia/Documents/GitHub/Pf_pipeline_dados/Projeto_final_fase3/venv/lib/python3.9/site-packages/airflow/example_dags/tutorial_dag.py took 0.097 seconds
[2025-11-27T11:33:07.647-0300] {processor.py:161} INFO - Started process (PID=93465) to work on /Users/davispecia/Documents/GitHub/Pf_pipeline_dados/Projeto_final_fase3/venv/lib/python3.9/site-packages/airflow/example_dags/tutorial_dag.py
[2025-11-27T11:33:07.648-0300] {processor.py:830} INFO - Processing file /Users/davispecia/Documents/GitHub/Pf_pipeline_dados/Projeto_final_fase3/venv/lib/python3.9/site-packages/airflow/example_dags/tutorial_dag.py for tasks to queue
[2025-11-27T11:33:07.648-0300] {logging_mixin.py:188} INFO - [2025-11-27T11:33:07.648-0300] {dagbag.py:545} INFO - Filling up the DagBag from /Users/davispecia/Documents/GitHub/Pf_pipeline_dados/Projeto_final_fase3/venv/lib/python3.9/site-packages/airflow/example_dags/tutorial_dag.py
[2025-11-27T11:33:07.660-0300] {processor.py:840} INFO - DAG(s) 'tutorial_dag' retrieved from /Users/davispecia/Documents/GitHub/Pf_pipeline_dados/Projeto_final_fase3/venv/lib/python3.9/site-packages/airflow/example_dags/tutorial_dag.py
[2025-11-27T11:33:07.727-0300] {logging_mixin.py:188} INFO - [2025-11-27T11:33:07.727-0300] {dag.py:3089} INFO - Sync 1 DAGs
[2025-11-27T11:33:07.732-0300] {logging_mixin.py:188} INFO - [2025-11-27T11:33:07.732-0300] {dag.py:3947} INFO - Setting next_dagrun for tutorial_dag to None, run_after=None
[2025-11-27T11:33:07.741-0300] {processor.py:183} INFO - Processing /Users/davispecia/Documents/GitHub/Pf_pipeline_dados/Projeto_final_fase3/venv/lib/python3.9/site-packages/airflow/example_dags/tutorial_dag.py took 0.096 seconds
[2025-11-27T11:34:11.708-0300] {processor.py:161} INFO - Started process (PID=93616) to work on /Users/davispecia/Documents/GitHub/Pf_pipeline_dados/Projeto_final_fase3/venv/lib/python3.9/site-packages/airflow/example_dags/tutorial_dag.py
[2025-11-27T11:34:11.709-0300] {processor.py:830} INFO - Processing file /Users/davispecia/Documents/GitHub/Pf_pipeline_dados/Projeto_final_fase3/venv/lib/python3.9/site-packages/airflow/example_dags/tutorial_dag.py for tasks to queue
[2025-11-27T11:34:11.709-0300] {logging_mixin.py:188} INFO - [2025-11-27T11:34:11.709-0300] {dagbag.py:545} INFO - Filling up the DagBag from /Users/davispecia/Documents/GitHub/Pf_pipeline_dados/Projeto_final_fase3/venv/lib/python3.9/site-packages/airflow/example_dags/tutorial_dag.py
[2025-11-27T11:34:11.721-0300] {processor.py:840} INFO - DAG(s) 'tutorial_dag' retrieved from /Users/davispecia/Documents/GitHub/Pf_pipeline_dados/Projeto_final_fase3/venv/lib/python3.9/site-packages/airflow/example_dags/tutorial_dag.py
[2025-11-27T11:34:11.790-0300] {logging_mixin.py:188} INFO - [2025-11-27T11:34:11.790-0300] {dag.py:3089} INFO - Sync 1 DAGs
[2025-11-27T11:34:11.795-0300] {logging_mixin.py:188} INFO - [2025-11-27T11:34:11.795-0300] {dag.py:3947} INFO - Setting next_dagrun for tutorial_dag to None, run_after=None
[2025-11-27T11:34:11.805-0300] {processor.py:183} INFO - Processing /Users/davispecia/Documents/GitHub/Pf_pipeline_dados/Projeto_final_fase3/venv/lib/python3.9/site-packages/airflow/example_dags/tutorial_dag.py took 0.100 seconds
[2025-11-27T11:35:13.820-0300] {processor.py:161} INFO - Started process (PID=93771) to work on /Users/davispecia/Documents/GitHub/Pf_pipeline_dados/Projeto_final_fase3/venv/lib/python3.9/site-packages/airflow/example_dags/tutorial_dag.py
[2025-11-27T11:35:13.820-0300] {processor.py:830} INFO - Processing file /Users/davispecia/Documents/GitHub/Pf_pipeline_dados/Projeto_final_fase3/venv/lib/python3.9/site-packages/airflow/example_dags/tutorial_dag.py for tasks to queue
[2025-11-27T11:35:13.821-0300] {logging_mixin.py:188} INFO - [2025-11-27T11:35:13.821-0300] {dagbag.py:545} INFO - Filling up the DagBag from /Users/davispecia/Documents/GitHub/Pf_pipeline_dados/Projeto_final_fase3/venv/lib/python3.9/site-packages/airflow/example_dags/tutorial_dag.py
[2025-11-27T11:35:13.833-0300] {processor.py:840} INFO - DAG(s) 'tutorial_dag' retrieved from /Users/davispecia/Documents/GitHub/Pf_pipeline_dados/Projeto_final_fase3/venv/lib/python3.9/site-packages/airflow/example_dags/tutorial_dag.py
[2025-11-27T11:35:13.903-0300] {logging_mixin.py:188} INFO - [2025-11-27T11:35:13.903-0300] {dag.py:3089} INFO - Sync 1 DAGs
[2025-11-27T11:35:13.909-0300] {logging_mixin.py:188} INFO - [2025-11-27T11:35:13.909-0300] {dag.py:3947} INFO - Setting next_dagrun for tutorial_dag to None, run_after=None
[2025-11-27T11:35:13.918-0300] {processor.py:183} INFO - Processing /Users/davispecia/Documents/GitHub/Pf_pipeline_dados/Projeto_final_fase3/venv/lib/python3.9/site-packages/airflow/example_dags/tutorial_dag.py took 0.101 seconds
[2025-11-27T11:36:27.329-0300] {processor.py:161} INFO - Started process (PID=93997) to work on /Users/davispecia/Documents/GitHub/Pf_pipeline_dados/Projeto_final_fase3/venv/lib/python3.9/site-packages/airflow/example_dags/tutorial_dag.py
[2025-11-27T11:36:27.330-0300] {processor.py:830} INFO - Processing file /Users/davispecia/Documents/GitHub/Pf_pipeline_dados/Projeto_final_fase3/venv/lib/python3.9/site-packages/airflow/example_dags/tutorial_dag.py for tasks to queue
[2025-11-27T11:36:27.330-0300] {logging_mixin.py:188} INFO - [2025-11-27T11:36:27.330-0300] {dagbag.py:545} INFO - Filling up the DagBag from /Users/davispecia/Documents/GitHub/Pf_pipeline_dados/Projeto_final_fase3/venv/lib/python3.9/site-packages/airflow/example_dags/tutorial_dag.py
[2025-11-27T11:36:27.342-0300] {processor.py:840} INFO - DAG(s) 'tutorial_dag' retrieved from /Users/davispecia/Documents/GitHub/Pf_pipeline_dados/Projeto_final_fase3/venv/lib/python3.9/site-packages/airflow/example_dags/tutorial_dag.py
[2025-11-27T11:36:27.411-0300] {logging_mixin.py:188} INFO - [2025-11-27T11:36:27.411-0300] {dag.py:3089} INFO - Sync 1 DAGs
[2025-11-27T11:36:27.416-0300] {logging_mixin.py:188} INFO - [2025-11-27T11:36:27.416-0300] {dag.py:3947} INFO - Setting next_dagrun for tutorial_dag to None, run_after=None
[2025-11-27T11:36:27.425-0300] {processor.py:183} INFO - Processing /Users/davispecia/Documents/GitHub/Pf_pipeline_dados/Projeto_final_fase3/venv/lib/python3.9/site-packages/airflow/example_dags/tutorial_dag.py took 0.098 seconds
[2025-11-27T11:37:29.542-0300] {processor.py:161} INFO - Started process (PID=94146) to work on /Users/davispecia/Documents/GitHub/Pf_pipeline_dados/Projeto_final_fase3/venv/lib/python3.9/site-packages/airflow/example_dags/tutorial_dag.py
[2025-11-27T11:37:29.542-0300] {processor.py:830} INFO - Processing file /Users/davispecia/Documents/GitHub/Pf_pipeline_dados/Projeto_final_fase3/venv/lib/python3.9/site-packages/airflow/example_dags/tutorial_dag.py for tasks to queue
[2025-11-27T11:37:29.542-0300] {logging_mixin.py:188} INFO - [2025-11-27T11:37:29.542-0300] {dagbag.py:545} INFO - Filling up the DagBag from /Users/davispecia/Documents/GitHub/Pf_pipeline_dados/Projeto_final_fase3/venv/lib/python3.9/site-packages/airflow/example_dags/tutorial_dag.py
[2025-11-27T11:37:29.554-0300] {processor.py:840} INFO - DAG(s) 'tutorial_dag' retrieved from /Users/davispecia/Documents/GitHub/Pf_pipeline_dados/Projeto_final_fase3/venv/lib/python3.9/site-packages/airflow/example_dags/tutorial_dag.py
[2025-11-27T11:37:29.623-0300] {logging_mixin.py:188} INFO - [2025-11-27T11:37:29.623-0300] {dag.py:3089} INFO - Sync 1 DAGs
[2025-11-27T11:37:29.628-0300] {logging_mixin.py:188} INFO - [2025-11-27T11:37:29.628-0300] {dag.py:3947} INFO - Setting next_dagrun for tutorial_dag to None, run_after=None
[2025-11-27T11:37:29.637-0300] {processor.py:183} INFO - Processing /Users/davispecia/Documents/GitHub/Pf_pipeline_dados/Projeto_final_fase3/venv/lib/python3.9/site-packages/airflow/example_dags/tutorial_dag.py took 0.098 seconds
[2025-11-27T11:38:33.888-0300] {processor.py:161} INFO - Started process (PID=94295) to work on /Users/davispecia/Documents/GitHub/Pf_pipeline_dados/Projeto_final_fase3/venv/lib/python3.9/site-packages/airflow/example_dags/tutorial_dag.py
[2025-11-27T11:38:33.889-0300] {processor.py:830} INFO - Processing file /Users/davispecia/Documents/GitHub/Pf_pipeline_dados/Projeto_final_fase3/venv/lib/python3.9/site-packages/airflow/example_dags/tutorial_dag.py for tasks to queue
[2025-11-27T11:38:33.889-0300] {logging_mixin.py:188} INFO - [2025-11-27T11:38:33.889-0300] {dagbag.py:545} INFO - Filling up the DagBag from /Users/davispecia/Documents/GitHub/Pf_pipeline_dados/Projeto_final_fase3/venv/lib/python3.9/site-packages/airflow/example_dags/tutorial_dag.py
[2025-11-27T11:38:33.904-0300] {processor.py:840} INFO - DAG(s) 'tutorial_dag' retrieved from /Users/davispecia/Documents/GitHub/Pf_pipeline_dados/Projeto_final_fase3/venv/lib/python3.9/site-packages/airflow/example_dags/tutorial_dag.py
[2025-11-27T11:38:33.974-0300] {logging_mixin.py:188} INFO - [2025-11-27T11:38:33.974-0300] {dag.py:3089} INFO - Sync 1 DAGs
[2025-11-27T11:38:33.979-0300] {logging_mixin.py:188} INFO - [2025-11-27T11:38:33.978-0300] {dag.py:3947} INFO - Setting next_dagrun for tutorial_dag to None, run_after=None
[2025-11-27T11:38:33.988-0300] {processor.py:183} INFO - Processing /Users/davispecia/Documents/GitHub/Pf_pipeline_dados/Projeto_final_fase3/venv/lib/python3.9/site-packages/airflow/example_dags/tutorial_dag.py took 0.102 seconds
[2025-11-27T11:39:36.669-0300] {processor.py:161} INFO - Started process (PID=94440) to work on /Users/davispecia/Documents/GitHub/Pf_pipeline_dados/Projeto_final_fase3/venv/lib/python3.9/site-packages/airflow/example_dags/tutorial_dag.py
[2025-11-27T11:39:36.670-0300] {processor.py:830} INFO - Processing file /Users/davispecia/Documents/GitHub/Pf_pipeline_dados/Projeto_final_fase3/venv/lib/python3.9/site-packages/airflow/example_dags/tutorial_dag.py for tasks to queue
[2025-11-27T11:39:36.670-0300] {logging_mixin.py:188} INFO - [2025-11-27T11:39:36.670-0300] {dagbag.py:545} INFO - Filling up the DagBag from /Users/davispecia/Documents/GitHub/Pf_pipeline_dados/Projeto_final_fase3/venv/lib/python3.9/site-packages/airflow/example_dags/tutorial_dag.py
[2025-11-27T11:39:36.683-0300] {processor.py:840} INFO - DAG(s) 'tutorial_dag' retrieved from /Users/davispecia/Documents/GitHub/Pf_pipeline_dados/Projeto_final_fase3/venv/lib/python3.9/site-packages/airflow/example_dags/tutorial_dag.py
[2025-11-27T11:39:36.754-0300] {logging_mixin.py:188} INFO - [2025-11-27T11:39:36.754-0300] {dag.py:3089} INFO - Sync 1 DAGs
[2025-11-27T11:39:36.759-0300] {logging_mixin.py:188} INFO - [2025-11-27T11:39:36.759-0300] {dag.py:3947} INFO - Setting next_dagrun for tutorial_dag to None, run_after=None
[2025-11-27T11:39:36.769-0300] {processor.py:183} INFO - Processing /Users/davispecia/Documents/GitHub/Pf_pipeline_dados/Projeto_final_fase3/venv/lib/python3.9/site-packages/airflow/example_dags/tutorial_dag.py took 0.102 seconds
[2025-11-27T11:40:39.328-0300] {processor.py:161} INFO - Started process (PID=94590) to work on /Users/davispecia/Documents/GitHub/Pf_pipeline_dados/Projeto_final_fase3/venv/lib/python3.9/site-packages/airflow/example_dags/tutorial_dag.py
[2025-11-27T11:40:39.329-0300] {processor.py:830} INFO - Processing file /Users/davispecia/Documents/GitHub/Pf_pipeline_dados/Projeto_final_fase3/venv/lib/python3.9/site-packages/airflow/example_dags/tutorial_dag.py for tasks to queue
[2025-11-27T11:40:39.329-0300] {logging_mixin.py:188} INFO - [2025-11-27T11:40:39.329-0300] {dagbag.py:545} INFO - Filling up the DagBag from /Users/davispecia/Documents/GitHub/Pf_pipeline_dados/Projeto_final_fase3/venv/lib/python3.9/site-packages/airflow/example_dags/tutorial_dag.py
[2025-11-27T11:40:39.344-0300] {processor.py:840} INFO - DAG(s) 'tutorial_dag' retrieved from /Users/davispecia/Documents/GitHub/Pf_pipeline_dados/Projeto_final_fase3/venv/lib/python3.9/site-packages/airflow/example_dags/tutorial_dag.py
[2025-11-27T11:40:39.420-0300] {logging_mixin.py:188} INFO - [2025-11-27T11:40:39.419-0300] {dag.py:3089} INFO - Sync 1 DAGs
[2025-11-27T11:40:39.424-0300] {logging_mixin.py:188} INFO - [2025-11-27T11:40:39.424-0300] {dag.py:3947} INFO - Setting next_dagrun for tutorial_dag to None, run_after=None
[2025-11-27T11:40:39.434-0300] {processor.py:183} INFO - Processing /Users/davispecia/Documents/GitHub/Pf_pipeline_dados/Projeto_final_fase3/venv/lib/python3.9/site-packages/airflow/example_dags/tutorial_dag.py took 0.109 seconds
[2025-11-27T11:41:49.702-0300] {processor.py:161} INFO - Started process (PID=94829) to work on /Users/davispecia/Documents/GitHub/Pf_pipeline_dados/Projeto_final_fase3/venv/lib/python3.9/site-packages/airflow/example_dags/tutorial_dag.py
[2025-11-27T11:41:49.704-0300] {processor.py:830} INFO - Processing file /Users/davispecia/Documents/GitHub/Pf_pipeline_dados/Projeto_final_fase3/venv/lib/python3.9/site-packages/airflow/example_dags/tutorial_dag.py for tasks to queue
[2025-11-27T11:41:49.704-0300] {logging_mixin.py:188} INFO - [2025-11-27T11:41:49.704-0300] {dagbag.py:545} INFO - Filling up the DagBag from /Users/davispecia/Documents/GitHub/Pf_pipeline_dados/Projeto_final_fase3/venv/lib/python3.9/site-packages/airflow/example_dags/tutorial_dag.py
[2025-11-27T11:41:49.716-0300] {processor.py:840} INFO - DAG(s) 'tutorial_dag' retrieved from /Users/davispecia/Documents/GitHub/Pf_pipeline_dados/Projeto_final_fase3/venv/lib/python3.9/site-packages/airflow/example_dags/tutorial_dag.py
[2025-11-27T11:41:49.784-0300] {logging_mixin.py:188} INFO - [2025-11-27T11:41:49.784-0300] {dag.py:3089} INFO - Sync 1 DAGs
[2025-11-27T11:41:49.789-0300] {logging_mixin.py:188} INFO - [2025-11-27T11:41:49.788-0300] {dag.py:3947} INFO - Setting next_dagrun for tutorial_dag to None, run_after=None
[2025-11-27T11:41:49.798-0300] {processor.py:183} INFO - Processing /Users/davispecia/Documents/GitHub/Pf_pipeline_dados/Projeto_final_fase3/venv/lib/python3.9/site-packages/airflow/example_dags/tutorial_dag.py took 0.097 seconds
[2025-11-27T11:42:54.735-0300] {processor.py:161} INFO - Started process (PID=94983) to work on /Users/davispecia/Documents/GitHub/Pf_pipeline_dados/Projeto_final_fase3/venv/lib/python3.9/site-packages/airflow/example_dags/tutorial_dag.py
[2025-11-27T11:42:54.736-0300] {processor.py:830} INFO - Processing file /Users/davispecia/Documents/GitHub/Pf_pipeline_dados/Projeto_final_fase3/venv/lib/python3.9/site-packages/airflow/example_dags/tutorial_dag.py for tasks to queue
[2025-11-27T11:42:54.736-0300] {logging_mixin.py:188} INFO - [2025-11-27T11:42:54.736-0300] {dagbag.py:545} INFO - Filling up the DagBag from /Users/davispecia/Documents/GitHub/Pf_pipeline_dados/Projeto_final_fase3/venv/lib/python3.9/site-packages/airflow/example_dags/tutorial_dag.py
[2025-11-27T11:42:54.748-0300] {processor.py:840} INFO - DAG(s) 'tutorial_dag' retrieved from /Users/davispecia/Documents/GitHub/Pf_pipeline_dados/Projeto_final_fase3/venv/lib/python3.9/site-packages/airflow/example_dags/tutorial_dag.py
[2025-11-27T11:42:54.816-0300] {logging_mixin.py:188} INFO - [2025-11-27T11:42:54.816-0300] {dag.py:3089} INFO - Sync 1 DAGs
[2025-11-27T11:42:54.821-0300] {logging_mixin.py:188} INFO - [2025-11-27T11:42:54.821-0300] {dag.py:3947} INFO - Setting next_dagrun for tutorial_dag to None, run_after=None
[2025-11-27T11:42:54.830-0300] {processor.py:183} INFO - Processing /Users/davispecia/Documents/GitHub/Pf_pipeline_dados/Projeto_final_fase3/venv/lib/python3.9/site-packages/airflow/example_dags/tutorial_dag.py took 0.097 seconds
[2025-11-27T11:43:58.794-0300] {processor.py:161} INFO - Started process (PID=95133) to work on /Users/davispecia/Documents/GitHub/Pf_pipeline_dados/Projeto_final_fase3/venv/lib/python3.9/site-packages/airflow/example_dags/tutorial_dag.py
[2025-11-27T11:43:58.795-0300] {processor.py:830} INFO - Processing file /Users/davispecia/Documents/GitHub/Pf_pipeline_dados/Projeto_final_fase3/venv/lib/python3.9/site-packages/airflow/example_dags/tutorial_dag.py for tasks to queue
[2025-11-27T11:43:58.795-0300] {logging_mixin.py:188} INFO - [2025-11-27T11:43:58.795-0300] {dagbag.py:545} INFO - Filling up the DagBag from /Users/davispecia/Documents/GitHub/Pf_pipeline_dados/Projeto_final_fase3/venv/lib/python3.9/site-packages/airflow/example_dags/tutorial_dag.py
[2025-11-27T11:43:58.808-0300] {processor.py:840} INFO - DAG(s) 'tutorial_dag' retrieved from /Users/davispecia/Documents/GitHub/Pf_pipeline_dados/Projeto_final_fase3/venv/lib/python3.9/site-packages/airflow/example_dags/tutorial_dag.py
[2025-11-27T11:43:58.876-0300] {logging_mixin.py:188} INFO - [2025-11-27T11:43:58.876-0300] {dag.py:3089} INFO - Sync 1 DAGs
[2025-11-27T11:43:58.881-0300] {logging_mixin.py:188} INFO - [2025-11-27T11:43:58.881-0300] {dag.py:3947} INFO - Setting next_dagrun for tutorial_dag to None, run_after=None
[2025-11-27T11:43:58.890-0300] {processor.py:183} INFO - Processing /Users/davispecia/Documents/GitHub/Pf_pipeline_dados/Projeto_final_fase3/venv/lib/python3.9/site-packages/airflow/example_dags/tutorial_dag.py took 0.098 seconds
[2025-11-27T11:45:02.415-0300] {processor.py:161} INFO - Started process (PID=95284) to work on /Users/davispecia/Documents/GitHub/Pf_pipeline_dados/Projeto_final_fase3/venv/lib/python3.9/site-packages/airflow/example_dags/tutorial_dag.py
[2025-11-27T11:45:02.415-0300] {processor.py:830} INFO - Processing file /Users/davispecia/Documents/GitHub/Pf_pipeline_dados/Projeto_final_fase3/venv/lib/python3.9/site-packages/airflow/example_dags/tutorial_dag.py for tasks to queue
[2025-11-27T11:45:02.416-0300] {logging_mixin.py:188} INFO - [2025-11-27T11:45:02.416-0300] {dagbag.py:545} INFO - Filling up the DagBag from /Users/davispecia/Documents/GitHub/Pf_pipeline_dados/Projeto_final_fase3/venv/lib/python3.9/site-packages/airflow/example_dags/tutorial_dag.py
[2025-11-27T11:45:02.428-0300] {processor.py:840} INFO - DAG(s) 'tutorial_dag' retrieved from /Users/davispecia/Documents/GitHub/Pf_pipeline_dados/Projeto_final_fase3/venv/lib/python3.9/site-packages/airflow/example_dags/tutorial_dag.py
[2025-11-27T11:45:02.496-0300] {logging_mixin.py:188} INFO - [2025-11-27T11:45:02.495-0300] {dag.py:3089} INFO - Sync 1 DAGs
[2025-11-27T11:45:02.502-0300] {logging_mixin.py:188} INFO - [2025-11-27T11:45:02.501-0300] {dag.py:3947} INFO - Setting next_dagrun for tutorial_dag to None, run_after=None
[2025-11-27T11:45:02.511-0300] {processor.py:183} INFO - Processing /Users/davispecia/Documents/GitHub/Pf_pipeline_dados/Projeto_final_fase3/venv/lib/python3.9/site-packages/airflow/example_dags/tutorial_dag.py took 0.098 seconds
[2025-11-27T11:46:03.461-0300] {processor.py:161} INFO - Started process (PID=95433) to work on /Users/davispecia/Documents/GitHub/Pf_pipeline_dados/Projeto_final_fase3/venv/lib/python3.9/site-packages/airflow/example_dags/tutorial_dag.py
[2025-11-27T11:46:03.462-0300] {processor.py:830} INFO - Processing file /Users/davispecia/Documents/GitHub/Pf_pipeline_dados/Projeto_final_fase3/venv/lib/python3.9/site-packages/airflow/example_dags/tutorial_dag.py for tasks to queue
[2025-11-27T11:46:03.462-0300] {logging_mixin.py:188} INFO - [2025-11-27T11:46:03.462-0300] {dagbag.py:545} INFO - Filling up the DagBag from /Users/davispecia/Documents/GitHub/Pf_pipeline_dados/Projeto_final_fase3/venv/lib/python3.9/site-packages/airflow/example_dags/tutorial_dag.py
[2025-11-27T11:46:03.474-0300] {processor.py:840} INFO - DAG(s) 'tutorial_dag' retrieved from /Users/davispecia/Documents/GitHub/Pf_pipeline_dados/Projeto_final_fase3/venv/lib/python3.9/site-packages/airflow/example_dags/tutorial_dag.py
[2025-11-27T11:46:03.542-0300] {logging_mixin.py:188} INFO - [2025-11-27T11:46:03.542-0300] {dag.py:3089} INFO - Sync 1 DAGs
[2025-11-27T11:46:03.547-0300] {logging_mixin.py:188} INFO - [2025-11-27T11:46:03.546-0300] {dag.py:3947} INFO - Setting next_dagrun for tutorial_dag to None, run_after=None
[2025-11-27T11:46:03.556-0300] {processor.py:183} INFO - Processing /Users/davispecia/Documents/GitHub/Pf_pipeline_dados/Projeto_final_fase3/venv/lib/python3.9/site-packages/airflow/example_dags/tutorial_dag.py took 0.096 seconds
[2025-11-27T11:47:14.263-0300] {processor.py:161} INFO - Started process (PID=95703) to work on /Users/davispecia/Documents/GitHub/Pf_pipeline_dados/Projeto_final_fase3/venv/lib/python3.9/site-packages/airflow/example_dags/tutorial_dag.py
[2025-11-27T11:47:14.263-0300] {processor.py:830} INFO - Processing file /Users/davispecia/Documents/GitHub/Pf_pipeline_dados/Projeto_final_fase3/venv/lib/python3.9/site-packages/airflow/example_dags/tutorial_dag.py for tasks to queue
[2025-11-27T11:47:14.264-0300] {logging_mixin.py:188} INFO - [2025-11-27T11:47:14.264-0300] {dagbag.py:545} INFO - Filling up the DagBag from /Users/davispecia/Documents/GitHub/Pf_pipeline_dados/Projeto_final_fase3/venv/lib/python3.9/site-packages/airflow/example_dags/tutorial_dag.py
[2025-11-27T11:47:14.276-0300] {processor.py:840} INFO - DAG(s) 'tutorial_dag' retrieved from /Users/davispecia/Documents/GitHub/Pf_pipeline_dados/Projeto_final_fase3/venv/lib/python3.9/site-packages/airflow/example_dags/tutorial_dag.py
[2025-11-27T11:47:14.347-0300] {logging_mixin.py:188} INFO - [2025-11-27T11:47:14.347-0300] {dag.py:3089} INFO - Sync 1 DAGs
[2025-11-27T11:47:14.352-0300] {logging_mixin.py:188} INFO - [2025-11-27T11:47:14.352-0300] {dag.py:3947} INFO - Setting next_dagrun for tutorial_dag to None, run_after=None
[2025-11-27T11:47:14.362-0300] {processor.py:183} INFO - Processing /Users/davispecia/Documents/GitHub/Pf_pipeline_dados/Projeto_final_fase3/venv/lib/python3.9/site-packages/airflow/example_dags/tutorial_dag.py took 0.101 seconds
[2025-11-27T11:48:17.630-0300] {processor.py:161} INFO - Started process (PID=95850) to work on /Users/davispecia/Documents/GitHub/Pf_pipeline_dados/Projeto_final_fase3/venv/lib/python3.9/site-packages/airflow/example_dags/tutorial_dag.py
[2025-11-27T11:48:17.632-0300] {processor.py:830} INFO - Processing file /Users/davispecia/Documents/GitHub/Pf_pipeline_dados/Projeto_final_fase3/venv/lib/python3.9/site-packages/airflow/example_dags/tutorial_dag.py for tasks to queue
[2025-11-27T11:48:17.632-0300] {logging_mixin.py:188} INFO - [2025-11-27T11:48:17.632-0300] {dagbag.py:545} INFO - Filling up the DagBag from /Users/davispecia/Documents/GitHub/Pf_pipeline_dados/Projeto_final_fase3/venv/lib/python3.9/site-packages/airflow/example_dags/tutorial_dag.py
[2025-11-27T11:48:17.644-0300] {processor.py:840} INFO - DAG(s) 'tutorial_dag' retrieved from /Users/davispecia/Documents/GitHub/Pf_pipeline_dados/Projeto_final_fase3/venv/lib/python3.9/site-packages/airflow/example_dags/tutorial_dag.py
[2025-11-27T11:48:17.712-0300] {logging_mixin.py:188} INFO - [2025-11-27T11:48:17.712-0300] {dag.py:3089} INFO - Sync 1 DAGs
[2025-11-27T11:48:17.717-0300] {logging_mixin.py:188} INFO - [2025-11-27T11:48:17.717-0300] {dag.py:3947} INFO - Setting next_dagrun for tutorial_dag to None, run_after=None
[2025-11-27T11:48:17.726-0300] {processor.py:183} INFO - Processing /Users/davispecia/Documents/GitHub/Pf_pipeline_dados/Projeto_final_fase3/venv/lib/python3.9/site-packages/airflow/example_dags/tutorial_dag.py took 0.098 seconds
[2025-11-27T11:49:21.770-0300] {processor.py:161} INFO - Started process (PID=96004) to work on /Users/davispecia/Documents/GitHub/Pf_pipeline_dados/Projeto_final_fase3/venv/lib/python3.9/site-packages/airflow/example_dags/tutorial_dag.py
[2025-11-27T11:49:21.771-0300] {processor.py:830} INFO - Processing file /Users/davispecia/Documents/GitHub/Pf_pipeline_dados/Projeto_final_fase3/venv/lib/python3.9/site-packages/airflow/example_dags/tutorial_dag.py for tasks to queue
[2025-11-27T11:49:21.771-0300] {logging_mixin.py:188} INFO - [2025-11-27T11:49:21.771-0300] {dagbag.py:545} INFO - Filling up the DagBag from /Users/davispecia/Documents/GitHub/Pf_pipeline_dados/Projeto_final_fase3/venv/lib/python3.9/site-packages/airflow/example_dags/tutorial_dag.py
[2025-11-27T11:49:21.784-0300] {processor.py:840} INFO - DAG(s) 'tutorial_dag' retrieved from /Users/davispecia/Documents/GitHub/Pf_pipeline_dados/Projeto_final_fase3/venv/lib/python3.9/site-packages/airflow/example_dags/tutorial_dag.py
[2025-11-27T11:49:21.856-0300] {logging_mixin.py:188} INFO - [2025-11-27T11:49:21.856-0300] {dag.py:3089} INFO - Sync 1 DAGs
[2025-11-27T11:49:21.860-0300] {logging_mixin.py:188} INFO - [2025-11-27T11:49:21.860-0300] {dag.py:3947} INFO - Setting next_dagrun for tutorial_dag to None, run_after=None
[2025-11-27T11:49:21.870-0300] {processor.py:183} INFO - Processing /Users/davispecia/Documents/GitHub/Pf_pipeline_dados/Projeto_final_fase3/venv/lib/python3.9/site-packages/airflow/example_dags/tutorial_dag.py took 0.101 seconds
[2025-11-27T11:50:26.073-0300] {processor.py:161} INFO - Started process (PID=96164) to work on /Users/davispecia/Documents/GitHub/Pf_pipeline_dados/Projeto_final_fase3/venv/lib/python3.9/site-packages/airflow/example_dags/tutorial_dag.py
[2025-11-27T11:50:26.073-0300] {processor.py:830} INFO - Processing file /Users/davispecia/Documents/GitHub/Pf_pipeline_dados/Projeto_final_fase3/venv/lib/python3.9/site-packages/airflow/example_dags/tutorial_dag.py for tasks to queue
[2025-11-27T11:50:26.074-0300] {logging_mixin.py:188} INFO - [2025-11-27T11:50:26.074-0300] {dagbag.py:545} INFO - Filling up the DagBag from /Users/davispecia/Documents/GitHub/Pf_pipeline_dados/Projeto_final_fase3/venv/lib/python3.9/site-packages/airflow/example_dags/tutorial_dag.py
[2025-11-27T11:50:26.086-0300] {processor.py:840} INFO - DAG(s) 'tutorial_dag' retrieved from /Users/davispecia/Documents/GitHub/Pf_pipeline_dados/Projeto_final_fase3/venv/lib/python3.9/site-packages/airflow/example_dags/tutorial_dag.py
[2025-11-27T11:50:26.154-0300] {logging_mixin.py:188} INFO - [2025-11-27T11:50:26.154-0300] {dag.py:3089} INFO - Sync 1 DAGs
[2025-11-27T11:50:26.159-0300] {logging_mixin.py:188} INFO - [2025-11-27T11:50:26.159-0300] {dag.py:3947} INFO - Setting next_dagrun for tutorial_dag to None, run_after=None
[2025-11-27T11:50:26.168-0300] {processor.py:183} INFO - Processing /Users/davispecia/Documents/GitHub/Pf_pipeline_dados/Projeto_final_fase3/venv/lib/python3.9/site-packages/airflow/example_dags/tutorial_dag.py took 0.097 seconds
[2025-11-27T11:51:30.535-0300] {processor.py:161} INFO - Started process (PID=96324) to work on /Users/davispecia/Documents/GitHub/Pf_pipeline_dados/Projeto_final_fase3/venv/lib/python3.9/site-packages/airflow/example_dags/tutorial_dag.py
[2025-11-27T11:51:30.536-0300] {processor.py:830} INFO - Processing file /Users/davispecia/Documents/GitHub/Pf_pipeline_dados/Projeto_final_fase3/venv/lib/python3.9/site-packages/airflow/example_dags/tutorial_dag.py for tasks to queue
[2025-11-27T11:51:30.536-0300] {logging_mixin.py:188} INFO - [2025-11-27T11:51:30.536-0300] {dagbag.py:545} INFO - Filling up the DagBag from /Users/davispecia/Documents/GitHub/Pf_pipeline_dados/Projeto_final_fase3/venv/lib/python3.9/site-packages/airflow/example_dags/tutorial_dag.py
[2025-11-27T11:51:30.548-0300] {processor.py:840} INFO - DAG(s) 'tutorial_dag' retrieved from /Users/davispecia/Documents/GitHub/Pf_pipeline_dados/Projeto_final_fase3/venv/lib/python3.9/site-packages/airflow/example_dags/tutorial_dag.py
[2025-11-27T11:51:30.616-0300] {logging_mixin.py:188} INFO - [2025-11-27T11:51:30.616-0300] {dag.py:3089} INFO - Sync 1 DAGs
[2025-11-27T11:51:30.621-0300] {logging_mixin.py:188} INFO - [2025-11-27T11:51:30.621-0300] {dag.py:3947} INFO - Setting next_dagrun for tutorial_dag to None, run_after=None
[2025-11-27T11:51:30.630-0300] {processor.py:183} INFO - Processing /Users/davispecia/Documents/GitHub/Pf_pipeline_dados/Projeto_final_fase3/venv/lib/python3.9/site-packages/airflow/example_dags/tutorial_dag.py took 0.096 seconds
[2025-11-27T11:52:31.924-0300] {processor.py:161} INFO - Started process (PID=96507) to work on /Users/davispecia/Documents/GitHub/Pf_pipeline_dados/Projeto_final_fase3/venv/lib/python3.9/site-packages/airflow/example_dags/tutorial_dag.py
[2025-11-27T11:52:31.924-0300] {processor.py:830} INFO - Processing file /Users/davispecia/Documents/GitHub/Pf_pipeline_dados/Projeto_final_fase3/venv/lib/python3.9/site-packages/airflow/example_dags/tutorial_dag.py for tasks to queue
[2025-11-27T11:52:31.925-0300] {logging_mixin.py:188} INFO - [2025-11-27T11:52:31.925-0300] {dagbag.py:545} INFO - Filling up the DagBag from /Users/davispecia/Documents/GitHub/Pf_pipeline_dados/Projeto_final_fase3/venv/lib/python3.9/site-packages/airflow/example_dags/tutorial_dag.py
[2025-11-27T11:52:31.938-0300] {processor.py:840} INFO - DAG(s) 'tutorial_dag' retrieved from /Users/davispecia/Documents/GitHub/Pf_pipeline_dados/Projeto_final_fase3/venv/lib/python3.9/site-packages/airflow/example_dags/tutorial_dag.py
[2025-11-27T11:52:32.007-0300] {logging_mixin.py:188} INFO - [2025-11-27T11:52:32.007-0300] {dag.py:3089} INFO - Sync 1 DAGs
[2025-11-27T11:52:32.012-0300] {logging_mixin.py:188} INFO - [2025-11-27T11:52:32.011-0300] {dag.py:3947} INFO - Setting next_dagrun for tutorial_dag to None, run_after=None
[2025-11-27T11:52:32.021-0300] {processor.py:183} INFO - Processing /Users/davispecia/Documents/GitHub/Pf_pipeline_dados/Projeto_final_fase3/venv/lib/python3.9/site-packages/airflow/example_dags/tutorial_dag.py took 0.099 seconds
[2025-11-27T11:53:40.812-0300] {processor.py:161} INFO - Started process (PID=96797) to work on /Users/davispecia/Documents/GitHub/Pf_pipeline_dados/Projeto_final_fase3/venv/lib/python3.9/site-packages/airflow/example_dags/tutorial_dag.py
[2025-11-27T11:53:40.812-0300] {processor.py:830} INFO - Processing file /Users/davispecia/Documents/GitHub/Pf_pipeline_dados/Projeto_final_fase3/venv/lib/python3.9/site-packages/airflow/example_dags/tutorial_dag.py for tasks to queue
[2025-11-27T11:53:40.813-0300] {logging_mixin.py:188} INFO - [2025-11-27T11:53:40.813-0300] {dagbag.py:545} INFO - Filling up the DagBag from /Users/davispecia/Documents/GitHub/Pf_pipeline_dados/Projeto_final_fase3/venv/lib/python3.9/site-packages/airflow/example_dags/tutorial_dag.py
[2025-11-27T11:53:40.825-0300] {processor.py:840} INFO - DAG(s) 'tutorial_dag' retrieved from /Users/davispecia/Documents/GitHub/Pf_pipeline_dados/Projeto_final_fase3/venv/lib/python3.9/site-packages/airflow/example_dags/tutorial_dag.py
[2025-11-27T11:53:40.892-0300] {logging_mixin.py:188} INFO - [2025-11-27T11:53:40.892-0300] {dag.py:3089} INFO - Sync 1 DAGs
[2025-11-27T11:53:40.897-0300] {logging_mixin.py:188} INFO - [2025-11-27T11:53:40.897-0300] {dag.py:3947} INFO - Setting next_dagrun for tutorial_dag to None, run_after=None
[2025-11-27T11:53:40.907-0300] {processor.py:183} INFO - Processing /Users/davispecia/Documents/GitHub/Pf_pipeline_dados/Projeto_final_fase3/venv/lib/python3.9/site-packages/airflow/example_dags/tutorial_dag.py took 0.097 seconds
[2025-11-27T11:54:44.653-0300] {processor.py:161} INFO - Started process (PID=96948) to work on /Users/davispecia/Documents/GitHub/Pf_pipeline_dados/Projeto_final_fase3/venv/lib/python3.9/site-packages/airflow/example_dags/tutorial_dag.py
[2025-11-27T11:54:44.654-0300] {processor.py:830} INFO - Processing file /Users/davispecia/Documents/GitHub/Pf_pipeline_dados/Projeto_final_fase3/venv/lib/python3.9/site-packages/airflow/example_dags/tutorial_dag.py for tasks to queue
[2025-11-27T11:54:44.655-0300] {logging_mixin.py:188} INFO - [2025-11-27T11:54:44.655-0300] {dagbag.py:545} INFO - Filling up the DagBag from /Users/davispecia/Documents/GitHub/Pf_pipeline_dados/Projeto_final_fase3/venv/lib/python3.9/site-packages/airflow/example_dags/tutorial_dag.py
[2025-11-27T11:54:44.666-0300] {processor.py:840} INFO - DAG(s) 'tutorial_dag' retrieved from /Users/davispecia/Documents/GitHub/Pf_pipeline_dados/Projeto_final_fase3/venv/lib/python3.9/site-packages/airflow/example_dags/tutorial_dag.py
[2025-11-27T11:54:44.736-0300] {logging_mixin.py:188} INFO - [2025-11-27T11:54:44.736-0300] {dag.py:3089} INFO - Sync 1 DAGs
[2025-11-27T11:54:44.741-0300] {logging_mixin.py:188} INFO - [2025-11-27T11:54:44.740-0300] {dag.py:3947} INFO - Setting next_dagrun for tutorial_dag to None, run_after=None
[2025-11-27T11:54:44.750-0300] {processor.py:183} INFO - Processing /Users/davispecia/Documents/GitHub/Pf_pipeline_dados/Projeto_final_fase3/venv/lib/python3.9/site-packages/airflow/example_dags/tutorial_dag.py took 0.099 seconds
[2025-11-27T11:55:41.901-0300] {processor.py:161} INFO - Started process (PID=97086) to work on /Users/davispecia/Documents/GitHub/Pf_pipeline_dados/Projeto_final_fase3/venv/lib/python3.9/site-packages/airflow/example_dags/tutorial_dag.py
[2025-11-27T11:55:41.902-0300] {processor.py:830} INFO - Processing file /Users/davispecia/Documents/GitHub/Pf_pipeline_dados/Projeto_final_fase3/venv/lib/python3.9/site-packages/airflow/example_dags/tutorial_dag.py for tasks to queue
[2025-11-27T11:55:41.902-0300] {logging_mixin.py:188} INFO - [2025-11-27T11:55:41.902-0300] {dagbag.py:545} INFO - Filling up the DagBag from /Users/davispecia/Documents/GitHub/Pf_pipeline_dados/Projeto_final_fase3/venv/lib/python3.9/site-packages/airflow/example_dags/tutorial_dag.py
[2025-11-27T11:55:41.915-0300] {processor.py:840} INFO - DAG(s) 'tutorial_dag' retrieved from /Users/davispecia/Documents/GitHub/Pf_pipeline_dados/Projeto_final_fase3/venv/lib/python3.9/site-packages/airflow/example_dags/tutorial_dag.py
[2025-11-27T11:55:41.983-0300] {logging_mixin.py:188} INFO - [2025-11-27T11:55:41.983-0300] {dag.py:3089} INFO - Sync 1 DAGs
[2025-11-27T11:55:41.988-0300] {logging_mixin.py:188} INFO - [2025-11-27T11:55:41.988-0300] {dag.py:3947} INFO - Setting next_dagrun for tutorial_dag to None, run_after=None
[2025-11-27T11:55:41.997-0300] {processor.py:183} INFO - Processing /Users/davispecia/Documents/GitHub/Pf_pipeline_dados/Projeto_final_fase3/venv/lib/python3.9/site-packages/airflow/example_dags/tutorial_dag.py took 0.098 seconds
[2025-11-27T11:56:42.930-0300] {processor.py:161} INFO - Started process (PID=97231) to work on /Users/davispecia/Documents/GitHub/Pf_pipeline_dados/Projeto_final_fase3/venv/lib/python3.9/site-packages/airflow/example_dags/tutorial_dag.py
[2025-11-27T11:56:42.931-0300] {processor.py:830} INFO - Processing file /Users/davispecia/Documents/GitHub/Pf_pipeline_dados/Projeto_final_fase3/venv/lib/python3.9/site-packages/airflow/example_dags/tutorial_dag.py for tasks to queue
[2025-11-27T11:56:42.931-0300] {logging_mixin.py:188} INFO - [2025-11-27T11:56:42.931-0300] {dagbag.py:545} INFO - Filling up the DagBag from /Users/davispecia/Documents/GitHub/Pf_pipeline_dados/Projeto_final_fase3/venv/lib/python3.9/site-packages/airflow/example_dags/tutorial_dag.py
[2025-11-27T11:56:42.944-0300] {processor.py:840} INFO - DAG(s) 'tutorial_dag' retrieved from /Users/davispecia/Documents/GitHub/Pf_pipeline_dados/Projeto_final_fase3/venv/lib/python3.9/site-packages/airflow/example_dags/tutorial_dag.py
[2025-11-27T11:56:43.011-0300] {logging_mixin.py:188} INFO - [2025-11-27T11:56:43.011-0300] {dag.py:3089} INFO - Sync 1 DAGs
[2025-11-27T11:56:43.016-0300] {logging_mixin.py:188} INFO - [2025-11-27T11:56:43.016-0300] {dag.py:3947} INFO - Setting next_dagrun for tutorial_dag to None, run_after=None
[2025-11-27T11:56:43.025-0300] {processor.py:183} INFO - Processing /Users/davispecia/Documents/GitHub/Pf_pipeline_dados/Projeto_final_fase3/venv/lib/python3.9/site-packages/airflow/example_dags/tutorial_dag.py took 0.097 seconds
[2025-11-27T11:57:47.064-0300] {processor.py:161} INFO - Started process (PID=97388) to work on /Users/davispecia/Documents/GitHub/Pf_pipeline_dados/Projeto_final_fase3/venv/lib/python3.9/site-packages/airflow/example_dags/tutorial_dag.py
[2025-11-27T11:57:47.066-0300] {processor.py:830} INFO - Processing file /Users/davispecia/Documents/GitHub/Pf_pipeline_dados/Projeto_final_fase3/venv/lib/python3.9/site-packages/airflow/example_dags/tutorial_dag.py for tasks to queue
[2025-11-27T11:57:47.066-0300] {logging_mixin.py:188} INFO - [2025-11-27T11:57:47.066-0300] {dagbag.py:545} INFO - Filling up the DagBag from /Users/davispecia/Documents/GitHub/Pf_pipeline_dados/Projeto_final_fase3/venv/lib/python3.9/site-packages/airflow/example_dags/tutorial_dag.py
[2025-11-27T11:57:47.078-0300] {processor.py:840} INFO - DAG(s) 'tutorial_dag' retrieved from /Users/davispecia/Documents/GitHub/Pf_pipeline_dados/Projeto_final_fase3/venv/lib/python3.9/site-packages/airflow/example_dags/tutorial_dag.py
[2025-11-27T11:57:47.145-0300] {logging_mixin.py:188} INFO - [2025-11-27T11:57:47.145-0300] {dag.py:3089} INFO - Sync 1 DAGs
[2025-11-27T11:57:47.150-0300] {logging_mixin.py:188} INFO - [2025-11-27T11:57:47.150-0300] {dag.py:3947} INFO - Setting next_dagrun for tutorial_dag to None, run_after=None
[2025-11-27T11:57:47.159-0300] {processor.py:183} INFO - Processing /Users/davispecia/Documents/GitHub/Pf_pipeline_dados/Projeto_final_fase3/venv/lib/python3.9/site-packages/airflow/example_dags/tutorial_dag.py took 0.096 seconds
[2025-11-27T11:59:00.639-0300] {processor.py:161} INFO - Started process (PID=97623) to work on /Users/davispecia/Documents/GitHub/Pf_pipeline_dados/Projeto_final_fase3/venv/lib/python3.9/site-packages/airflow/example_dags/tutorial_dag.py
[2025-11-27T11:59:00.639-0300] {processor.py:830} INFO - Processing file /Users/davispecia/Documents/GitHub/Pf_pipeline_dados/Projeto_final_fase3/venv/lib/python3.9/site-packages/airflow/example_dags/tutorial_dag.py for tasks to queue
[2025-11-27T11:59:00.640-0300] {logging_mixin.py:188} INFO - [2025-11-27T11:59:00.640-0300] {dagbag.py:545} INFO - Filling up the DagBag from /Users/davispecia/Documents/GitHub/Pf_pipeline_dados/Projeto_final_fase3/venv/lib/python3.9/site-packages/airflow/example_dags/tutorial_dag.py
[2025-11-27T11:59:00.672-0300] {processor.py:840} INFO - DAG(s) 'tutorial_dag' retrieved from /Users/davispecia/Documents/GitHub/Pf_pipeline_dados/Projeto_final_fase3/venv/lib/python3.9/site-packages/airflow/example_dags/tutorial_dag.py
[2025-11-27T11:59:00.782-0300] {logging_mixin.py:188} INFO - [2025-11-27T11:59:00.782-0300] {dag.py:3089} INFO - Sync 1 DAGs
[2025-11-27T11:59:00.787-0300] {logging_mixin.py:188} INFO - [2025-11-27T11:59:00.787-0300] {dag.py:3947} INFO - Setting next_dagrun for tutorial_dag to None, run_after=None
[2025-11-27T11:59:00.797-0300] {processor.py:183} INFO - Processing /Users/davispecia/Documents/GitHub/Pf_pipeline_dados/Projeto_final_fase3/venv/lib/python3.9/site-packages/airflow/example_dags/tutorial_dag.py took 0.160 seconds
[2025-11-27T12:00:05.879-0300] {processor.py:161} INFO - Started process (PID=97794) to work on /Users/davispecia/Documents/GitHub/Pf_pipeline_dados/Projeto_final_fase3/venv/lib/python3.9/site-packages/airflow/example_dags/tutorial_dag.py
[2025-11-27T12:00:05.880-0300] {processor.py:830} INFO - Processing file /Users/davispecia/Documents/GitHub/Pf_pipeline_dados/Projeto_final_fase3/venv/lib/python3.9/site-packages/airflow/example_dags/tutorial_dag.py for tasks to queue
[2025-11-27T12:00:05.880-0300] {logging_mixin.py:188} INFO - [2025-11-27T12:00:05.880-0300] {dagbag.py:545} INFO - Filling up the DagBag from /Users/davispecia/Documents/GitHub/Pf_pipeline_dados/Projeto_final_fase3/venv/lib/python3.9/site-packages/airflow/example_dags/tutorial_dag.py
[2025-11-27T12:00:05.892-0300] {processor.py:840} INFO - DAG(s) 'tutorial_dag' retrieved from /Users/davispecia/Documents/GitHub/Pf_pipeline_dados/Projeto_final_fase3/venv/lib/python3.9/site-packages/airflow/example_dags/tutorial_dag.py
[2025-11-27T12:00:05.961-0300] {logging_mixin.py:188} INFO - [2025-11-27T12:00:05.960-0300] {dag.py:3089} INFO - Sync 1 DAGs
[2025-11-27T12:00:05.965-0300] {logging_mixin.py:188} INFO - [2025-11-27T12:00:05.965-0300] {dag.py:3947} INFO - Setting next_dagrun for tutorial_dag to None, run_after=None
[2025-11-27T12:00:05.974-0300] {processor.py:183} INFO - Processing /Users/davispecia/Documents/GitHub/Pf_pipeline_dados/Projeto_final_fase3/venv/lib/python3.9/site-packages/airflow/example_dags/tutorial_dag.py took 0.097 seconds
[2025-11-27T12:01:11.767-0300] {processor.py:161} INFO - Started process (PID=97950) to work on /Users/davispecia/Documents/GitHub/Pf_pipeline_dados/Projeto_final_fase3/venv/lib/python3.9/site-packages/airflow/example_dags/tutorial_dag.py
[2025-11-27T12:01:11.768-0300] {processor.py:830} INFO - Processing file /Users/davispecia/Documents/GitHub/Pf_pipeline_dados/Projeto_final_fase3/venv/lib/python3.9/site-packages/airflow/example_dags/tutorial_dag.py for tasks to queue
[2025-11-27T12:01:11.769-0300] {logging_mixin.py:188} INFO - [2025-11-27T12:01:11.769-0300] {dagbag.py:545} INFO - Filling up the DagBag from /Users/davispecia/Documents/GitHub/Pf_pipeline_dados/Projeto_final_fase3/venv/lib/python3.9/site-packages/airflow/example_dags/tutorial_dag.py
[2025-11-27T12:01:11.781-0300] {processor.py:840} INFO - DAG(s) 'tutorial_dag' retrieved from /Users/davispecia/Documents/GitHub/Pf_pipeline_dados/Projeto_final_fase3/venv/lib/python3.9/site-packages/airflow/example_dags/tutorial_dag.py
[2025-11-27T12:01:11.848-0300] {logging_mixin.py:188} INFO - [2025-11-27T12:01:11.848-0300] {dag.py:3089} INFO - Sync 1 DAGs
[2025-11-27T12:01:11.853-0300] {logging_mixin.py:188} INFO - [2025-11-27T12:01:11.853-0300] {dag.py:3947} INFO - Setting next_dagrun for tutorial_dag to None, run_after=None
[2025-11-27T12:01:11.862-0300] {processor.py:183} INFO - Processing /Users/davispecia/Documents/GitHub/Pf_pipeline_dados/Projeto_final_fase3/venv/lib/python3.9/site-packages/airflow/example_dags/tutorial_dag.py took 0.097 seconds
[2025-11-27T12:02:15.024-0300] {processor.py:161} INFO - Started process (PID=98099) to work on /Users/davispecia/Documents/GitHub/Pf_pipeline_dados/Projeto_final_fase3/venv/lib/python3.9/site-packages/airflow/example_dags/tutorial_dag.py
[2025-11-27T12:02:15.025-0300] {processor.py:830} INFO - Processing file /Users/davispecia/Documents/GitHub/Pf_pipeline_dados/Projeto_final_fase3/venv/lib/python3.9/site-packages/airflow/example_dags/tutorial_dag.py for tasks to queue
[2025-11-27T12:02:15.026-0300] {logging_mixin.py:188} INFO - [2025-11-27T12:02:15.025-0300] {dagbag.py:545} INFO - Filling up the DagBag from /Users/davispecia/Documents/GitHub/Pf_pipeline_dados/Projeto_final_fase3/venv/lib/python3.9/site-packages/airflow/example_dags/tutorial_dag.py
[2025-11-27T12:02:15.037-0300] {processor.py:840} INFO - DAG(s) 'tutorial_dag' retrieved from /Users/davispecia/Documents/GitHub/Pf_pipeline_dados/Projeto_final_fase3/venv/lib/python3.9/site-packages/airflow/example_dags/tutorial_dag.py
[2025-11-27T12:02:15.104-0300] {logging_mixin.py:188} INFO - [2025-11-27T12:02:15.104-0300] {dag.py:3089} INFO - Sync 1 DAGs
[2025-11-27T12:02:15.109-0300] {logging_mixin.py:188} INFO - [2025-11-27T12:02:15.109-0300] {dag.py:3947} INFO - Setting next_dagrun for tutorial_dag to None, run_after=None
[2025-11-27T12:02:15.119-0300] {processor.py:183} INFO - Processing /Users/davispecia/Documents/GitHub/Pf_pipeline_dados/Projeto_final_fase3/venv/lib/python3.9/site-packages/airflow/example_dags/tutorial_dag.py took 0.096 seconds
[2025-11-27T12:03:16.262-0300] {processor.py:161} INFO - Started process (PID=98245) to work on /Users/davispecia/Documents/GitHub/Pf_pipeline_dados/Projeto_final_fase3/venv/lib/python3.9/site-packages/airflow/example_dags/tutorial_dag.py
[2025-11-27T12:03:16.263-0300] {processor.py:830} INFO - Processing file /Users/davispecia/Documents/GitHub/Pf_pipeline_dados/Projeto_final_fase3/venv/lib/python3.9/site-packages/airflow/example_dags/tutorial_dag.py for tasks to queue
[2025-11-27T12:03:16.263-0300] {logging_mixin.py:188} INFO - [2025-11-27T12:03:16.263-0300] {dagbag.py:545} INFO - Filling up the DagBag from /Users/davispecia/Documents/GitHub/Pf_pipeline_dados/Projeto_final_fase3/venv/lib/python3.9/site-packages/airflow/example_dags/tutorial_dag.py
[2025-11-27T12:03:16.275-0300] {processor.py:840} INFO - DAG(s) 'tutorial_dag' retrieved from /Users/davispecia/Documents/GitHub/Pf_pipeline_dados/Projeto_final_fase3/venv/lib/python3.9/site-packages/airflow/example_dags/tutorial_dag.py
[2025-11-27T12:03:16.344-0300] {logging_mixin.py:188} INFO - [2025-11-27T12:03:16.344-0300] {dag.py:3089} INFO - Sync 1 DAGs
[2025-11-27T12:03:16.349-0300] {logging_mixin.py:188} INFO - [2025-11-27T12:03:16.349-0300] {dag.py:3947} INFO - Setting next_dagrun for tutorial_dag to None, run_after=None
[2025-11-27T12:03:16.358-0300] {processor.py:183} INFO - Processing /Users/davispecia/Documents/GitHub/Pf_pipeline_dados/Projeto_final_fase3/venv/lib/python3.9/site-packages/airflow/example_dags/tutorial_dag.py took 0.098 seconds
[2025-11-27T12:04:23.842-0300] {processor.py:161} INFO - Started process (PID=98465) to work on /Users/davispecia/Documents/GitHub/Pf_pipeline_dados/Projeto_final_fase3/venv/lib/python3.9/site-packages/airflow/example_dags/tutorial_dag.py
[2025-11-27T12:04:23.843-0300] {processor.py:830} INFO - Processing file /Users/davispecia/Documents/GitHub/Pf_pipeline_dados/Projeto_final_fase3/venv/lib/python3.9/site-packages/airflow/example_dags/tutorial_dag.py for tasks to queue
[2025-11-27T12:04:23.844-0300] {logging_mixin.py:188} INFO - [2025-11-27T12:04:23.844-0300] {dagbag.py:545} INFO - Filling up the DagBag from /Users/davispecia/Documents/GitHub/Pf_pipeline_dados/Projeto_final_fase3/venv/lib/python3.9/site-packages/airflow/example_dags/tutorial_dag.py
[2025-11-27T12:04:23.856-0300] {processor.py:840} INFO - DAG(s) 'tutorial_dag' retrieved from /Users/davispecia/Documents/GitHub/Pf_pipeline_dados/Projeto_final_fase3/venv/lib/python3.9/site-packages/airflow/example_dags/tutorial_dag.py
[2025-11-27T12:04:23.924-0300] {logging_mixin.py:188} INFO - [2025-11-27T12:04:23.924-0300] {dag.py:3089} INFO - Sync 1 DAGs
[2025-11-27T12:04:23.929-0300] {logging_mixin.py:188} INFO - [2025-11-27T12:04:23.929-0300] {dag.py:3947} INFO - Setting next_dagrun for tutorial_dag to None, run_after=None
[2025-11-27T12:04:23.939-0300] {processor.py:183} INFO - Processing /Users/davispecia/Documents/GitHub/Pf_pipeline_dados/Projeto_final_fase3/venv/lib/python3.9/site-packages/airflow/example_dags/tutorial_dag.py took 0.099 seconds
[2025-11-27T12:05:31.767-0300] {processor.py:161} INFO - Started process (PID=98678) to work on /Users/davispecia/Documents/GitHub/Pf_pipeline_dados/Projeto_final_fase3/venv/lib/python3.9/site-packages/airflow/example_dags/tutorial_dag.py
[2025-11-27T12:05:31.769-0300] {processor.py:830} INFO - Processing file /Users/davispecia/Documents/GitHub/Pf_pipeline_dados/Projeto_final_fase3/venv/lib/python3.9/site-packages/airflow/example_dags/tutorial_dag.py for tasks to queue
[2025-11-27T12:05:31.769-0300] {logging_mixin.py:188} INFO - [2025-11-27T12:05:31.769-0300] {dagbag.py:545} INFO - Filling up the DagBag from /Users/davispecia/Documents/GitHub/Pf_pipeline_dados/Projeto_final_fase3/venv/lib/python3.9/site-packages/airflow/example_dags/tutorial_dag.py
[2025-11-27T12:05:31.781-0300] {processor.py:840} INFO - DAG(s) 'tutorial_dag' retrieved from /Users/davispecia/Documents/GitHub/Pf_pipeline_dados/Projeto_final_fase3/venv/lib/python3.9/site-packages/airflow/example_dags/tutorial_dag.py
[2025-11-27T12:05:31.849-0300] {logging_mixin.py:188} INFO - [2025-11-27T12:05:31.848-0300] {dag.py:3089} INFO - Sync 1 DAGs
[2025-11-27T12:05:31.853-0300] {logging_mixin.py:188} INFO - [2025-11-27T12:05:31.853-0300] {dag.py:3947} INFO - Setting next_dagrun for tutorial_dag to None, run_after=None
[2025-11-27T12:05:31.863-0300] {processor.py:183} INFO - Processing /Users/davispecia/Documents/GitHub/Pf_pipeline_dados/Projeto_final_fase3/venv/lib/python3.9/site-packages/airflow/example_dags/tutorial_dag.py took 0.097 seconds
[2025-11-27T12:06:37.034-0300] {processor.py:161} INFO - Started process (PID=98830) to work on /Users/davispecia/Documents/GitHub/Pf_pipeline_dados/Projeto_final_fase3/venv/lib/python3.9/site-packages/airflow/example_dags/tutorial_dag.py
[2025-11-27T12:06:37.036-0300] {processor.py:830} INFO - Processing file /Users/davispecia/Documents/GitHub/Pf_pipeline_dados/Projeto_final_fase3/venv/lib/python3.9/site-packages/airflow/example_dags/tutorial_dag.py for tasks to queue
[2025-11-27T12:06:37.036-0300] {logging_mixin.py:188} INFO - [2025-11-27T12:06:37.036-0300] {dagbag.py:545} INFO - Filling up the DagBag from /Users/davispecia/Documents/GitHub/Pf_pipeline_dados/Projeto_final_fase3/venv/lib/python3.9/site-packages/airflow/example_dags/tutorial_dag.py
[2025-11-27T12:06:37.048-0300] {processor.py:840} INFO - DAG(s) 'tutorial_dag' retrieved from /Users/davispecia/Documents/GitHub/Pf_pipeline_dados/Projeto_final_fase3/venv/lib/python3.9/site-packages/airflow/example_dags/tutorial_dag.py
[2025-11-27T12:06:37.115-0300] {logging_mixin.py:188} INFO - [2025-11-27T12:06:37.115-0300] {dag.py:3089} INFO - Sync 1 DAGs
[2025-11-27T12:06:37.120-0300] {logging_mixin.py:188} INFO - [2025-11-27T12:06:37.120-0300] {dag.py:3947} INFO - Setting next_dagrun for tutorial_dag to None, run_after=None
[2025-11-27T12:06:37.128-0300] {processor.py:183} INFO - Processing /Users/davispecia/Documents/GitHub/Pf_pipeline_dados/Projeto_final_fase3/venv/lib/python3.9/site-packages/airflow/example_dags/tutorial_dag.py took 0.096 seconds
[2025-11-27T12:07:42.847-0300] {processor.py:161} INFO - Started process (PID=98994) to work on /Users/davispecia/Documents/GitHub/Pf_pipeline_dados/Projeto_final_fase3/venv/lib/python3.9/site-packages/airflow/example_dags/tutorial_dag.py
[2025-11-27T12:07:42.848-0300] {processor.py:830} INFO - Processing file /Users/davispecia/Documents/GitHub/Pf_pipeline_dados/Projeto_final_fase3/venv/lib/python3.9/site-packages/airflow/example_dags/tutorial_dag.py for tasks to queue
[2025-11-27T12:07:42.848-0300] {logging_mixin.py:188} INFO - [2025-11-27T12:07:42.848-0300] {dagbag.py:545} INFO - Filling up the DagBag from /Users/davispecia/Documents/GitHub/Pf_pipeline_dados/Projeto_final_fase3/venv/lib/python3.9/site-packages/airflow/example_dags/tutorial_dag.py
[2025-11-27T12:07:42.860-0300] {processor.py:840} INFO - DAG(s) 'tutorial_dag' retrieved from /Users/davispecia/Documents/GitHub/Pf_pipeline_dados/Projeto_final_fase3/venv/lib/python3.9/site-packages/airflow/example_dags/tutorial_dag.py
[2025-11-27T12:07:42.929-0300] {logging_mixin.py:188} INFO - [2025-11-27T12:07:42.929-0300] {dag.py:3089} INFO - Sync 1 DAGs
[2025-11-27T12:07:42.934-0300] {logging_mixin.py:188} INFO - [2025-11-27T12:07:42.934-0300] {dag.py:3947} INFO - Setting next_dagrun for tutorial_dag to None, run_after=None
[2025-11-27T12:07:42.943-0300] {processor.py:183} INFO - Processing /Users/davispecia/Documents/GitHub/Pf_pipeline_dados/Projeto_final_fase3/venv/lib/python3.9/site-packages/airflow/example_dags/tutorial_dag.py took 0.099 seconds
[2025-11-27T12:08:46.176-0300] {processor.py:161} INFO - Started process (PID=99145) to work on /Users/davispecia/Documents/GitHub/Pf_pipeline_dados/Projeto_final_fase3/venv/lib/python3.9/site-packages/airflow/example_dags/tutorial_dag.py
[2025-11-27T12:08:46.177-0300] {processor.py:830} INFO - Processing file /Users/davispecia/Documents/GitHub/Pf_pipeline_dados/Projeto_final_fase3/venv/lib/python3.9/site-packages/airflow/example_dags/tutorial_dag.py for tasks to queue
[2025-11-27T12:08:46.177-0300] {logging_mixin.py:188} INFO - [2025-11-27T12:08:46.177-0300] {dagbag.py:545} INFO - Filling up the DagBag from /Users/davispecia/Documents/GitHub/Pf_pipeline_dados/Projeto_final_fase3/venv/lib/python3.9/site-packages/airflow/example_dags/tutorial_dag.py
[2025-11-27T12:08:46.189-0300] {processor.py:840} INFO - DAG(s) 'tutorial_dag' retrieved from /Users/davispecia/Documents/GitHub/Pf_pipeline_dados/Projeto_final_fase3/venv/lib/python3.9/site-packages/airflow/example_dags/tutorial_dag.py
[2025-11-27T12:08:46.257-0300] {logging_mixin.py:188} INFO - [2025-11-27T12:08:46.257-0300] {dag.py:3089} INFO - Sync 1 DAGs
[2025-11-27T12:08:46.262-0300] {logging_mixin.py:188} INFO - [2025-11-27T12:08:46.262-0300] {dag.py:3947} INFO - Setting next_dagrun for tutorial_dag to None, run_after=None
[2025-11-27T12:08:46.271-0300] {processor.py:183} INFO - Processing /Users/davispecia/Documents/GitHub/Pf_pipeline_dados/Projeto_final_fase3/venv/lib/python3.9/site-packages/airflow/example_dags/tutorial_dag.py took 0.097 seconds
[2025-11-27T12:09:48.956-0300] {processor.py:161} INFO - Started process (PID=99300) to work on /Users/davispecia/Documents/GitHub/Pf_pipeline_dados/Projeto_final_fase3/venv/lib/python3.9/site-packages/airflow/example_dags/tutorial_dag.py
[2025-11-27T12:09:48.957-0300] {processor.py:830} INFO - Processing file /Users/davispecia/Documents/GitHub/Pf_pipeline_dados/Projeto_final_fase3/venv/lib/python3.9/site-packages/airflow/example_dags/tutorial_dag.py for tasks to queue
[2025-11-27T12:09:48.957-0300] {logging_mixin.py:188} INFO - [2025-11-27T12:09:48.957-0300] {dagbag.py:545} INFO - Filling up the DagBag from /Users/davispecia/Documents/GitHub/Pf_pipeline_dados/Projeto_final_fase3/venv/lib/python3.9/site-packages/airflow/example_dags/tutorial_dag.py
[2025-11-27T12:09:48.969-0300] {processor.py:840} INFO - DAG(s) 'tutorial_dag' retrieved from /Users/davispecia/Documents/GitHub/Pf_pipeline_dados/Projeto_final_fase3/venv/lib/python3.9/site-packages/airflow/example_dags/tutorial_dag.py
[2025-11-27T12:09:49.043-0300] {logging_mixin.py:188} INFO - [2025-11-27T12:09:49.043-0300] {dag.py:3089} INFO - Sync 1 DAGs
[2025-11-27T12:09:49.048-0300] {logging_mixin.py:188} INFO - [2025-11-27T12:09:49.047-0300] {dag.py:3947} INFO - Setting next_dagrun for tutorial_dag to None, run_after=None
[2025-11-27T12:09:49.058-0300] {processor.py:183} INFO - Processing /Users/davispecia/Documents/GitHub/Pf_pipeline_dados/Projeto_final_fase3/venv/lib/python3.9/site-packages/airflow/example_dags/tutorial_dag.py took 0.104 seconds
[2025-11-27T12:11:01.385-0300] {processor.py:161} INFO - Started process (PID=99528) to work on /Users/davispecia/Documents/GitHub/Pf_pipeline_dados/Projeto_final_fase3/venv/lib/python3.9/site-packages/airflow/example_dags/tutorial_dag.py
[2025-11-27T12:11:01.386-0300] {processor.py:830} INFO - Processing file /Users/davispecia/Documents/GitHub/Pf_pipeline_dados/Projeto_final_fase3/venv/lib/python3.9/site-packages/airflow/example_dags/tutorial_dag.py for tasks to queue
[2025-11-27T12:11:01.386-0300] {logging_mixin.py:188} INFO - [2025-11-27T12:11:01.386-0300] {dagbag.py:545} INFO - Filling up the DagBag from /Users/davispecia/Documents/GitHub/Pf_pipeline_dados/Projeto_final_fase3/venv/lib/python3.9/site-packages/airflow/example_dags/tutorial_dag.py
[2025-11-27T12:11:01.401-0300] {processor.py:840} INFO - DAG(s) 'tutorial_dag' retrieved from /Users/davispecia/Documents/GitHub/Pf_pipeline_dados/Projeto_final_fase3/venv/lib/python3.9/site-packages/airflow/example_dags/tutorial_dag.py
[2025-11-27T12:11:01.469-0300] {logging_mixin.py:188} INFO - [2025-11-27T12:11:01.469-0300] {dag.py:3089} INFO - Sync 1 DAGs
[2025-11-27T12:11:01.474-0300] {logging_mixin.py:188} INFO - [2025-11-27T12:11:01.474-0300] {dag.py:3947} INFO - Setting next_dagrun for tutorial_dag to None, run_after=None
[2025-11-27T12:11:01.484-0300] {processor.py:183} INFO - Processing /Users/davispecia/Documents/GitHub/Pf_pipeline_dados/Projeto_final_fase3/venv/lib/python3.9/site-packages/airflow/example_dags/tutorial_dag.py took 0.101 seconds
[2025-11-27T12:12:04.628-0300] {processor.py:161} INFO - Started process (PID=99676) to work on /Users/davispecia/Documents/GitHub/Pf_pipeline_dados/Projeto_final_fase3/venv/lib/python3.9/site-packages/airflow/example_dags/tutorial_dag.py
[2025-11-27T12:12:04.629-0300] {processor.py:830} INFO - Processing file /Users/davispecia/Documents/GitHub/Pf_pipeline_dados/Projeto_final_fase3/venv/lib/python3.9/site-packages/airflow/example_dags/tutorial_dag.py for tasks to queue
[2025-11-27T12:12:04.629-0300] {logging_mixin.py:188} INFO - [2025-11-27T12:12:04.629-0300] {dagbag.py:545} INFO - Filling up the DagBag from /Users/davispecia/Documents/GitHub/Pf_pipeline_dados/Projeto_final_fase3/venv/lib/python3.9/site-packages/airflow/example_dags/tutorial_dag.py
[2025-11-27T12:12:04.641-0300] {processor.py:840} INFO - DAG(s) 'tutorial_dag' retrieved from /Users/davispecia/Documents/GitHub/Pf_pipeline_dados/Projeto_final_fase3/venv/lib/python3.9/site-packages/airflow/example_dags/tutorial_dag.py
[2025-11-27T12:12:04.708-0300] {logging_mixin.py:188} INFO - [2025-11-27T12:12:04.708-0300] {dag.py:3089} INFO - Sync 1 DAGs
[2025-11-27T12:12:04.713-0300] {logging_mixin.py:188} INFO - [2025-11-27T12:12:04.713-0300] {dag.py:3947} INFO - Setting next_dagrun for tutorial_dag to None, run_after=None
[2025-11-27T12:12:04.722-0300] {processor.py:183} INFO - Processing /Users/davispecia/Documents/GitHub/Pf_pipeline_dados/Projeto_final_fase3/venv/lib/python3.9/site-packages/airflow/example_dags/tutorial_dag.py took 0.096 seconds
[2025-11-27T12:13:07.557-0300] {processor.py:161} INFO - Started process (PID=99822) to work on /Users/davispecia/Documents/GitHub/Pf_pipeline_dados/Projeto_final_fase3/venv/lib/python3.9/site-packages/airflow/example_dags/tutorial_dag.py
[2025-11-27T12:13:07.558-0300] {processor.py:830} INFO - Processing file /Users/davispecia/Documents/GitHub/Pf_pipeline_dados/Projeto_final_fase3/venv/lib/python3.9/site-packages/airflow/example_dags/tutorial_dag.py for tasks to queue
[2025-11-27T12:13:07.558-0300] {logging_mixin.py:188} INFO - [2025-11-27T12:13:07.558-0300] {dagbag.py:545} INFO - Filling up the DagBag from /Users/davispecia/Documents/GitHub/Pf_pipeline_dados/Projeto_final_fase3/venv/lib/python3.9/site-packages/airflow/example_dags/tutorial_dag.py
[2025-11-27T12:13:07.571-0300] {processor.py:840} INFO - DAG(s) 'tutorial_dag' retrieved from /Users/davispecia/Documents/GitHub/Pf_pipeline_dados/Projeto_final_fase3/venv/lib/python3.9/site-packages/airflow/example_dags/tutorial_dag.py
[2025-11-27T12:13:07.638-0300] {logging_mixin.py:188} INFO - [2025-11-27T12:13:07.637-0300] {dag.py:3089} INFO - Sync 1 DAGs
[2025-11-27T12:13:07.642-0300] {logging_mixin.py:188} INFO - [2025-11-27T12:13:07.642-0300] {dag.py:3947} INFO - Setting next_dagrun for tutorial_dag to None, run_after=None
[2025-11-27T12:13:07.651-0300] {processor.py:183} INFO - Processing /Users/davispecia/Documents/GitHub/Pf_pipeline_dados/Projeto_final_fase3/venv/lib/python3.9/site-packages/airflow/example_dags/tutorial_dag.py took 0.096 seconds
[2025-11-27T12:14:11.127-0300] {processor.py:161} INFO - Started process (PID=99974) to work on /Users/davispecia/Documents/GitHub/Pf_pipeline_dados/Projeto_final_fase3/venv/lib/python3.9/site-packages/airflow/example_dags/tutorial_dag.py
[2025-11-27T12:14:11.128-0300] {processor.py:830} INFO - Processing file /Users/davispecia/Documents/GitHub/Pf_pipeline_dados/Projeto_final_fase3/venv/lib/python3.9/site-packages/airflow/example_dags/tutorial_dag.py for tasks to queue
[2025-11-27T12:14:11.129-0300] {logging_mixin.py:188} INFO - [2025-11-27T12:14:11.129-0300] {dagbag.py:545} INFO - Filling up the DagBag from /Users/davispecia/Documents/GitHub/Pf_pipeline_dados/Projeto_final_fase3/venv/lib/python3.9/site-packages/airflow/example_dags/tutorial_dag.py
[2025-11-27T12:14:11.141-0300] {processor.py:840} INFO - DAG(s) 'tutorial_dag' retrieved from /Users/davispecia/Documents/GitHub/Pf_pipeline_dados/Projeto_final_fase3/venv/lib/python3.9/site-packages/airflow/example_dags/tutorial_dag.py
[2025-11-27T12:14:11.210-0300] {logging_mixin.py:188} INFO - [2025-11-27T12:14:11.210-0300] {dag.py:3089} INFO - Sync 1 DAGs
[2025-11-27T12:14:11.215-0300] {logging_mixin.py:188} INFO - [2025-11-27T12:14:11.215-0300] {dag.py:3947} INFO - Setting next_dagrun for tutorial_dag to None, run_after=None
[2025-11-27T12:14:11.225-0300] {processor.py:183} INFO - Processing /Users/davispecia/Documents/GitHub/Pf_pipeline_dados/Projeto_final_fase3/venv/lib/python3.9/site-packages/airflow/example_dags/tutorial_dag.py took 0.100 seconds
[2025-11-27T12:15:11.885-0300] {processor.py:161} INFO - Started process (PID=276) to work on /Users/davispecia/Documents/GitHub/Pf_pipeline_dados/Projeto_final_fase3/venv/lib/python3.9/site-packages/airflow/example_dags/tutorial_dag.py
[2025-11-27T12:15:11.886-0300] {processor.py:830} INFO - Processing file /Users/davispecia/Documents/GitHub/Pf_pipeline_dados/Projeto_final_fase3/venv/lib/python3.9/site-packages/airflow/example_dags/tutorial_dag.py for tasks to queue
[2025-11-27T12:15:11.887-0300] {logging_mixin.py:188} INFO - [2025-11-27T12:15:11.887-0300] {dagbag.py:545} INFO - Filling up the DagBag from /Users/davispecia/Documents/GitHub/Pf_pipeline_dados/Projeto_final_fase3/venv/lib/python3.9/site-packages/airflow/example_dags/tutorial_dag.py
[2025-11-27T12:15:11.899-0300] {processor.py:840} INFO - DAG(s) 'tutorial_dag' retrieved from /Users/davispecia/Documents/GitHub/Pf_pipeline_dados/Projeto_final_fase3/venv/lib/python3.9/site-packages/airflow/example_dags/tutorial_dag.py
[2025-11-27T12:15:11.971-0300] {logging_mixin.py:188} INFO - [2025-11-27T12:15:11.971-0300] {dag.py:3089} INFO - Sync 1 DAGs
[2025-11-27T12:15:11.976-0300] {logging_mixin.py:188} INFO - [2025-11-27T12:15:11.976-0300] {dag.py:3947} INFO - Setting next_dagrun for tutorial_dag to None, run_after=None
[2025-11-27T12:15:11.985-0300] {processor.py:183} INFO - Processing /Users/davispecia/Documents/GitHub/Pf_pipeline_dados/Projeto_final_fase3/venv/lib/python3.9/site-packages/airflow/example_dags/tutorial_dag.py took 0.101 seconds
[2025-11-27T12:16:23.845-0300] {processor.py:161} INFO - Started process (PID=574) to work on /Users/davispecia/Documents/GitHub/Pf_pipeline_dados/Projeto_final_fase3/venv/lib/python3.9/site-packages/airflow/example_dags/tutorial_dag.py
[2025-11-27T12:16:23.846-0300] {processor.py:830} INFO - Processing file /Users/davispecia/Documents/GitHub/Pf_pipeline_dados/Projeto_final_fase3/venv/lib/python3.9/site-packages/airflow/example_dags/tutorial_dag.py for tasks to queue
[2025-11-27T12:16:23.846-0300] {logging_mixin.py:188} INFO - [2025-11-27T12:16:23.846-0300] {dagbag.py:545} INFO - Filling up the DagBag from /Users/davispecia/Documents/GitHub/Pf_pipeline_dados/Projeto_final_fase3/venv/lib/python3.9/site-packages/airflow/example_dags/tutorial_dag.py
[2025-11-27T12:16:23.858-0300] {processor.py:840} INFO - DAG(s) 'tutorial_dag' retrieved from /Users/davispecia/Documents/GitHub/Pf_pipeline_dados/Projeto_final_fase3/venv/lib/python3.9/site-packages/airflow/example_dags/tutorial_dag.py
[2025-11-27T12:16:23.926-0300] {logging_mixin.py:188} INFO - [2025-11-27T12:16:23.926-0300] {dag.py:3089} INFO - Sync 1 DAGs
[2025-11-27T12:16:23.931-0300] {logging_mixin.py:188} INFO - [2025-11-27T12:16:23.931-0300] {dag.py:3947} INFO - Setting next_dagrun for tutorial_dag to None, run_after=None
[2025-11-27T12:16:23.941-0300] {processor.py:183} INFO - Processing /Users/davispecia/Documents/GitHub/Pf_pipeline_dados/Projeto_final_fase3/venv/lib/python3.9/site-packages/airflow/example_dags/tutorial_dag.py took 0.098 seconds
[2025-11-27T12:17:22.045-0300] {processor.py:161} INFO - Started process (PID=736) to work on /Users/davispecia/Documents/GitHub/Pf_pipeline_dados/Projeto_final_fase3/venv/lib/python3.9/site-packages/airflow/example_dags/tutorial_dag.py
[2025-11-27T12:17:22.046-0300] {processor.py:830} INFO - Processing file /Users/davispecia/Documents/GitHub/Pf_pipeline_dados/Projeto_final_fase3/venv/lib/python3.9/site-packages/airflow/example_dags/tutorial_dag.py for tasks to queue
[2025-11-27T12:17:22.047-0300] {logging_mixin.py:188} INFO - [2025-11-27T12:17:22.047-0300] {dagbag.py:545} INFO - Filling up the DagBag from /Users/davispecia/Documents/GitHub/Pf_pipeline_dados/Projeto_final_fase3/venv/lib/python3.9/site-packages/airflow/example_dags/tutorial_dag.py
[2025-11-27T12:17:22.059-0300] {processor.py:840} INFO - DAG(s) 'tutorial_dag' retrieved from /Users/davispecia/Documents/GitHub/Pf_pipeline_dados/Projeto_final_fase3/venv/lib/python3.9/site-packages/airflow/example_dags/tutorial_dag.py
[2025-11-27T12:17:22.127-0300] {logging_mixin.py:188} INFO - [2025-11-27T12:17:22.127-0300] {dag.py:3089} INFO - Sync 1 DAGs
[2025-11-27T12:17:22.132-0300] {logging_mixin.py:188} INFO - [2025-11-27T12:17:22.132-0300] {dag.py:3947} INFO - Setting next_dagrun for tutorial_dag to None, run_after=None
[2025-11-27T12:17:22.141-0300] {processor.py:183} INFO - Processing /Users/davispecia/Documents/GitHub/Pf_pipeline_dados/Projeto_final_fase3/venv/lib/python3.9/site-packages/airflow/example_dags/tutorial_dag.py took 0.098 seconds
[2025-11-27T12:18:23.708-0300] {processor.py:161} INFO - Started process (PID=924) to work on /Users/davispecia/Documents/GitHub/Pf_pipeline_dados/Projeto_final_fase3/venv/lib/python3.9/site-packages/airflow/example_dags/tutorial_dag.py
[2025-11-27T12:18:23.709-0300] {processor.py:830} INFO - Processing file /Users/davispecia/Documents/GitHub/Pf_pipeline_dados/Projeto_final_fase3/venv/lib/python3.9/site-packages/airflow/example_dags/tutorial_dag.py for tasks to queue
[2025-11-27T12:18:23.709-0300] {logging_mixin.py:188} INFO - [2025-11-27T12:18:23.709-0300] {dagbag.py:545} INFO - Filling up the DagBag from /Users/davispecia/Documents/GitHub/Pf_pipeline_dados/Projeto_final_fase3/venv/lib/python3.9/site-packages/airflow/example_dags/tutorial_dag.py
[2025-11-27T12:18:23.721-0300] {processor.py:840} INFO - DAG(s) 'tutorial_dag' retrieved from /Users/davispecia/Documents/GitHub/Pf_pipeline_dados/Projeto_final_fase3/venv/lib/python3.9/site-packages/airflow/example_dags/tutorial_dag.py
[2025-11-27T12:18:23.790-0300] {logging_mixin.py:188} INFO - [2025-11-27T12:18:23.790-0300] {dag.py:3089} INFO - Sync 1 DAGs
[2025-11-27T12:18:23.795-0300] {logging_mixin.py:188} INFO - [2025-11-27T12:18:23.795-0300] {dag.py:3947} INFO - Setting next_dagrun for tutorial_dag to None, run_after=None
[2025-11-27T12:18:23.804-0300] {processor.py:183} INFO - Processing /Users/davispecia/Documents/GitHub/Pf_pipeline_dados/Projeto_final_fase3/venv/lib/python3.9/site-packages/airflow/example_dags/tutorial_dag.py took 0.098 seconds
[2025-11-27T12:19:24.131-0300] {processor.py:161} INFO - Started process (PID=1072) to work on /Users/davispecia/Documents/GitHub/Pf_pipeline_dados/Projeto_final_fase3/venv/lib/python3.9/site-packages/airflow/example_dags/tutorial_dag.py
[2025-11-27T12:19:24.133-0300] {processor.py:830} INFO - Processing file /Users/davispecia/Documents/GitHub/Pf_pipeline_dados/Projeto_final_fase3/venv/lib/python3.9/site-packages/airflow/example_dags/tutorial_dag.py for tasks to queue
[2025-11-27T12:19:24.133-0300] {logging_mixin.py:188} INFO - [2025-11-27T12:19:24.133-0300] {dagbag.py:545} INFO - Filling up the DagBag from /Users/davispecia/Documents/GitHub/Pf_pipeline_dados/Projeto_final_fase3/venv/lib/python3.9/site-packages/airflow/example_dags/tutorial_dag.py
[2025-11-27T12:19:24.145-0300] {processor.py:840} INFO - DAG(s) 'tutorial_dag' retrieved from /Users/davispecia/Documents/GitHub/Pf_pipeline_dados/Projeto_final_fase3/venv/lib/python3.9/site-packages/airflow/example_dags/tutorial_dag.py
[2025-11-27T12:19:24.213-0300] {logging_mixin.py:188} INFO - [2025-11-27T12:19:24.213-0300] {dag.py:3089} INFO - Sync 1 DAGs
[2025-11-27T12:19:24.217-0300] {logging_mixin.py:188} INFO - [2025-11-27T12:19:24.217-0300] {dag.py:3947} INFO - Setting next_dagrun for tutorial_dag to None, run_after=None
[2025-11-27T12:19:24.226-0300] {processor.py:183} INFO - Processing /Users/davispecia/Documents/GitHub/Pf_pipeline_dados/Projeto_final_fase3/venv/lib/python3.9/site-packages/airflow/example_dags/tutorial_dag.py took 0.097 seconds
[2025-11-27T12:20:25.084-0300] {processor.py:161} INFO - Started process (PID=1221) to work on /Users/davispecia/Documents/GitHub/Pf_pipeline_dados/Projeto_final_fase3/venv/lib/python3.9/site-packages/airflow/example_dags/tutorial_dag.py
[2025-11-27T12:20:25.086-0300] {processor.py:830} INFO - Processing file /Users/davispecia/Documents/GitHub/Pf_pipeline_dados/Projeto_final_fase3/venv/lib/python3.9/site-packages/airflow/example_dags/tutorial_dag.py for tasks to queue
[2025-11-27T12:20:25.086-0300] {logging_mixin.py:188} INFO - [2025-11-27T12:20:25.086-0300] {dagbag.py:545} INFO - Filling up the DagBag from /Users/davispecia/Documents/GitHub/Pf_pipeline_dados/Projeto_final_fase3/venv/lib/python3.9/site-packages/airflow/example_dags/tutorial_dag.py
[2025-11-27T12:20:25.098-0300] {processor.py:840} INFO - DAG(s) 'tutorial_dag' retrieved from /Users/davispecia/Documents/GitHub/Pf_pipeline_dados/Projeto_final_fase3/venv/lib/python3.9/site-packages/airflow/example_dags/tutorial_dag.py
[2025-11-27T12:20:25.165-0300] {logging_mixin.py:188} INFO - [2025-11-27T12:20:25.165-0300] {dag.py:3089} INFO - Sync 1 DAGs
[2025-11-27T12:20:25.170-0300] {logging_mixin.py:188} INFO - [2025-11-27T12:20:25.170-0300] {dag.py:3947} INFO - Setting next_dagrun for tutorial_dag to None, run_after=None
[2025-11-27T12:20:25.179-0300] {processor.py:183} INFO - Processing /Users/davispecia/Documents/GitHub/Pf_pipeline_dados/Projeto_final_fase3/venv/lib/python3.9/site-packages/airflow/example_dags/tutorial_dag.py took 0.097 seconds
[2025-11-27T12:21:36.817-0300] {processor.py:161} INFO - Started process (PID=1483) to work on /Users/davispecia/Documents/GitHub/Pf_pipeline_dados/Projeto_final_fase3/venv/lib/python3.9/site-packages/airflow/example_dags/tutorial_dag.py
[2025-11-27T12:21:36.818-0300] {processor.py:830} INFO - Processing file /Users/davispecia/Documents/GitHub/Pf_pipeline_dados/Projeto_final_fase3/venv/lib/python3.9/site-packages/airflow/example_dags/tutorial_dag.py for tasks to queue
[2025-11-27T12:21:36.818-0300] {logging_mixin.py:188} INFO - [2025-11-27T12:21:36.818-0300] {dagbag.py:545} INFO - Filling up the DagBag from /Users/davispecia/Documents/GitHub/Pf_pipeline_dados/Projeto_final_fase3/venv/lib/python3.9/site-packages/airflow/example_dags/tutorial_dag.py
[2025-11-27T12:21:36.830-0300] {processor.py:840} INFO - DAG(s) 'tutorial_dag' retrieved from /Users/davispecia/Documents/GitHub/Pf_pipeline_dados/Projeto_final_fase3/venv/lib/python3.9/site-packages/airflow/example_dags/tutorial_dag.py
[2025-11-27T12:21:36.897-0300] {logging_mixin.py:188} INFO - [2025-11-27T12:21:36.897-0300] {dag.py:3089} INFO - Sync 1 DAGs
[2025-11-27T12:21:36.902-0300] {logging_mixin.py:188} INFO - [2025-11-27T12:21:36.902-0300] {dag.py:3947} INFO - Setting next_dagrun for tutorial_dag to None, run_after=None
[2025-11-27T12:21:36.912-0300] {processor.py:183} INFO - Processing /Users/davispecia/Documents/GitHub/Pf_pipeline_dados/Projeto_final_fase3/venv/lib/python3.9/site-packages/airflow/example_dags/tutorial_dag.py took 0.097 seconds
[2025-11-27T12:22:38.746-0300] {processor.py:161} INFO - Started process (PID=1632) to work on /Users/davispecia/Documents/GitHub/Pf_pipeline_dados/Projeto_final_fase3/venv/lib/python3.9/site-packages/airflow/example_dags/tutorial_dag.py
[2025-11-27T12:22:38.747-0300] {processor.py:830} INFO - Processing file /Users/davispecia/Documents/GitHub/Pf_pipeline_dados/Projeto_final_fase3/venv/lib/python3.9/site-packages/airflow/example_dags/tutorial_dag.py for tasks to queue
[2025-11-27T12:22:38.747-0300] {logging_mixin.py:188} INFO - [2025-11-27T12:22:38.747-0300] {dagbag.py:545} INFO - Filling up the DagBag from /Users/davispecia/Documents/GitHub/Pf_pipeline_dados/Projeto_final_fase3/venv/lib/python3.9/site-packages/airflow/example_dags/tutorial_dag.py
[2025-11-27T12:22:38.759-0300] {processor.py:840} INFO - DAG(s) 'tutorial_dag' retrieved from /Users/davispecia/Documents/GitHub/Pf_pipeline_dados/Projeto_final_fase3/venv/lib/python3.9/site-packages/airflow/example_dags/tutorial_dag.py
[2025-11-27T12:22:38.828-0300] {logging_mixin.py:188} INFO - [2025-11-27T12:22:38.827-0300] {dag.py:3089} INFO - Sync 1 DAGs
[2025-11-27T12:22:38.832-0300] {logging_mixin.py:188} INFO - [2025-11-27T12:22:38.832-0300] {dag.py:3947} INFO - Setting next_dagrun for tutorial_dag to None, run_after=None
[2025-11-27T12:22:38.842-0300] {processor.py:183} INFO - Processing /Users/davispecia/Documents/GitHub/Pf_pipeline_dados/Projeto_final_fase3/venv/lib/python3.9/site-packages/airflow/example_dags/tutorial_dag.py took 0.097 seconds
[2025-11-27T12:23:38.973-0300] {processor.py:161} INFO - Started process (PID=1794) to work on /Users/davispecia/Documents/GitHub/Pf_pipeline_dados/Projeto_final_fase3/venv/lib/python3.9/site-packages/airflow/example_dags/tutorial_dag.py
[2025-11-27T12:23:38.973-0300] {processor.py:830} INFO - Processing file /Users/davispecia/Documents/GitHub/Pf_pipeline_dados/Projeto_final_fase3/venv/lib/python3.9/site-packages/airflow/example_dags/tutorial_dag.py for tasks to queue
[2025-11-27T12:23:38.974-0300] {logging_mixin.py:188} INFO - [2025-11-27T12:23:38.974-0300] {dagbag.py:545} INFO - Filling up the DagBag from /Users/davispecia/Documents/GitHub/Pf_pipeline_dados/Projeto_final_fase3/venv/lib/python3.9/site-packages/airflow/example_dags/tutorial_dag.py
[2025-11-27T12:23:38.986-0300] {processor.py:840} INFO - DAG(s) 'tutorial_dag' retrieved from /Users/davispecia/Documents/GitHub/Pf_pipeline_dados/Projeto_final_fase3/venv/lib/python3.9/site-packages/airflow/example_dags/tutorial_dag.py
[2025-11-27T12:23:39.054-0300] {logging_mixin.py:188} INFO - [2025-11-27T12:23:39.054-0300] {dag.py:3089} INFO - Sync 1 DAGs
[2025-11-27T12:23:39.059-0300] {logging_mixin.py:188} INFO - [2025-11-27T12:23:39.059-0300] {dag.py:3947} INFO - Setting next_dagrun for tutorial_dag to None, run_after=None
[2025-11-27T12:23:39.070-0300] {processor.py:183} INFO - Processing /Users/davispecia/Documents/GitHub/Pf_pipeline_dados/Projeto_final_fase3/venv/lib/python3.9/site-packages/airflow/example_dags/tutorial_dag.py took 0.099 seconds
[2025-11-27T12:24:39.637-0300] {processor.py:161} INFO - Started process (PID=1938) to work on /Users/davispecia/Documents/GitHub/Pf_pipeline_dados/Projeto_final_fase3/venv/lib/python3.9/site-packages/airflow/example_dags/tutorial_dag.py
[2025-11-27T12:24:39.638-0300] {processor.py:830} INFO - Processing file /Users/davispecia/Documents/GitHub/Pf_pipeline_dados/Projeto_final_fase3/venv/lib/python3.9/site-packages/airflow/example_dags/tutorial_dag.py for tasks to queue
[2025-11-27T12:24:39.638-0300] {logging_mixin.py:188} INFO - [2025-11-27T12:24:39.638-0300] {dagbag.py:545} INFO - Filling up the DagBag from /Users/davispecia/Documents/GitHub/Pf_pipeline_dados/Projeto_final_fase3/venv/lib/python3.9/site-packages/airflow/example_dags/tutorial_dag.py
[2025-11-27T12:24:39.650-0300] {processor.py:840} INFO - DAG(s) 'tutorial_dag' retrieved from /Users/davispecia/Documents/GitHub/Pf_pipeline_dados/Projeto_final_fase3/venv/lib/python3.9/site-packages/airflow/example_dags/tutorial_dag.py
[2025-11-27T12:24:39.718-0300] {logging_mixin.py:188} INFO - [2025-11-27T12:24:39.718-0300] {dag.py:3089} INFO - Sync 1 DAGs
[2025-11-27T12:24:39.723-0300] {logging_mixin.py:188} INFO - [2025-11-27T12:24:39.723-0300] {dag.py:3947} INFO - Setting next_dagrun for tutorial_dag to None, run_after=None
[2025-11-27T12:24:39.733-0300] {processor.py:183} INFO - Processing /Users/davispecia/Documents/GitHub/Pf_pipeline_dados/Projeto_final_fase3/venv/lib/python3.9/site-packages/airflow/example_dags/tutorial_dag.py took 0.098 seconds
[2025-11-27T12:25:42.982-0300] {processor.py:161} INFO - Started process (PID=2097) to work on /Users/davispecia/Documents/GitHub/Pf_pipeline_dados/Projeto_final_fase3/venv/lib/python3.9/site-packages/airflow/example_dags/tutorial_dag.py
[2025-11-27T12:25:42.984-0300] {processor.py:830} INFO - Processing file /Users/davispecia/Documents/GitHub/Pf_pipeline_dados/Projeto_final_fase3/venv/lib/python3.9/site-packages/airflow/example_dags/tutorial_dag.py for tasks to queue
[2025-11-27T12:25:42.984-0300] {logging_mixin.py:188} INFO - [2025-11-27T12:25:42.984-0300] {dagbag.py:545} INFO - Filling up the DagBag from /Users/davispecia/Documents/GitHub/Pf_pipeline_dados/Projeto_final_fase3/venv/lib/python3.9/site-packages/airflow/example_dags/tutorial_dag.py
[2025-11-27T12:25:42.996-0300] {processor.py:840} INFO - DAG(s) 'tutorial_dag' retrieved from /Users/davispecia/Documents/GitHub/Pf_pipeline_dados/Projeto_final_fase3/venv/lib/python3.9/site-packages/airflow/example_dags/tutorial_dag.py
[2025-11-27T12:25:43.064-0300] {logging_mixin.py:188} INFO - [2025-11-27T12:25:43.063-0300] {dag.py:3089} INFO - Sync 1 DAGs
[2025-11-27T12:25:43.068-0300] {logging_mixin.py:188} INFO - [2025-11-27T12:25:43.068-0300] {dag.py:3947} INFO - Setting next_dagrun for tutorial_dag to None, run_after=None
[2025-11-27T12:25:43.078-0300] {processor.py:183} INFO - Processing /Users/davispecia/Documents/GitHub/Pf_pipeline_dados/Projeto_final_fase3/venv/lib/python3.9/site-packages/airflow/example_dags/tutorial_dag.py took 0.098 seconds
[2025-11-27T12:26:53.702-0300] {processor.py:161} INFO - Started process (PID=2327) to work on /Users/davispecia/Documents/GitHub/Pf_pipeline_dados/Projeto_final_fase3/venv/lib/python3.9/site-packages/airflow/example_dags/tutorial_dag.py
[2025-11-27T12:26:53.702-0300] {processor.py:830} INFO - Processing file /Users/davispecia/Documents/GitHub/Pf_pipeline_dados/Projeto_final_fase3/venv/lib/python3.9/site-packages/airflow/example_dags/tutorial_dag.py for tasks to queue
[2025-11-27T12:26:53.703-0300] {logging_mixin.py:188} INFO - [2025-11-27T12:26:53.702-0300] {dagbag.py:545} INFO - Filling up the DagBag from /Users/davispecia/Documents/GitHub/Pf_pipeline_dados/Projeto_final_fase3/venv/lib/python3.9/site-packages/airflow/example_dags/tutorial_dag.py
[2025-11-27T12:26:53.715-0300] {processor.py:840} INFO - DAG(s) 'tutorial_dag' retrieved from /Users/davispecia/Documents/GitHub/Pf_pipeline_dados/Projeto_final_fase3/venv/lib/python3.9/site-packages/airflow/example_dags/tutorial_dag.py
[2025-11-27T12:26:53.783-0300] {logging_mixin.py:188} INFO - [2025-11-27T12:26:53.782-0300] {dag.py:3089} INFO - Sync 1 DAGs
[2025-11-27T12:26:53.787-0300] {logging_mixin.py:188} INFO - [2025-11-27T12:26:53.787-0300] {dag.py:3947} INFO - Setting next_dagrun for tutorial_dag to None, run_after=None
[2025-11-27T12:26:53.797-0300] {processor.py:183} INFO - Processing /Users/davispecia/Documents/GitHub/Pf_pipeline_dados/Projeto_final_fase3/venv/lib/python3.9/site-packages/airflow/example_dags/tutorial_dag.py took 0.097 seconds
[2025-11-27T12:27:57.732-0300] {processor.py:161} INFO - Started process (PID=2493) to work on /Users/davispecia/Documents/GitHub/Pf_pipeline_dados/Projeto_final_fase3/venv/lib/python3.9/site-packages/airflow/example_dags/tutorial_dag.py
[2025-11-27T12:27:57.733-0300] {processor.py:830} INFO - Processing file /Users/davispecia/Documents/GitHub/Pf_pipeline_dados/Projeto_final_fase3/venv/lib/python3.9/site-packages/airflow/example_dags/tutorial_dag.py for tasks to queue
[2025-11-27T12:27:57.734-0300] {logging_mixin.py:188} INFO - [2025-11-27T12:27:57.733-0300] {dagbag.py:545} INFO - Filling up the DagBag from /Users/davispecia/Documents/GitHub/Pf_pipeline_dados/Projeto_final_fase3/venv/lib/python3.9/site-packages/airflow/example_dags/tutorial_dag.py
[2025-11-27T12:27:57.745-0300] {processor.py:840} INFO - DAG(s) 'tutorial_dag' retrieved from /Users/davispecia/Documents/GitHub/Pf_pipeline_dados/Projeto_final_fase3/venv/lib/python3.9/site-packages/airflow/example_dags/tutorial_dag.py
[2025-11-27T12:27:57.813-0300] {logging_mixin.py:188} INFO - [2025-11-27T12:27:57.813-0300] {dag.py:3089} INFO - Sync 1 DAGs
[2025-11-27T12:27:57.818-0300] {logging_mixin.py:188} INFO - [2025-11-27T12:27:57.818-0300] {dag.py:3947} INFO - Setting next_dagrun for tutorial_dag to None, run_after=None
[2025-11-27T12:27:57.827-0300] {processor.py:183} INFO - Processing /Users/davispecia/Documents/GitHub/Pf_pipeline_dados/Projeto_final_fase3/venv/lib/python3.9/site-packages/airflow/example_dags/tutorial_dag.py took 0.097 seconds
[2025-11-27T13:23:56.882-0300] {processor.py:161} INFO - Started process (PID=2792) to work on /Users/davispecia/Documents/GitHub/Pf_pipeline_dados/Projeto_final_fase3/venv/lib/python3.9/site-packages/airflow/example_dags/tutorial_dag.py
[2025-11-27T13:23:56.883-0300] {processor.py:830} INFO - Processing file /Users/davispecia/Documents/GitHub/Pf_pipeline_dados/Projeto_final_fase3/venv/lib/python3.9/site-packages/airflow/example_dags/tutorial_dag.py for tasks to queue
[2025-11-27T13:23:56.883-0300] {logging_mixin.py:188} INFO - [2025-11-27T13:23:56.883-0300] {dagbag.py:545} INFO - Filling up the DagBag from /Users/davispecia/Documents/GitHub/Pf_pipeline_dados/Projeto_final_fase3/venv/lib/python3.9/site-packages/airflow/example_dags/tutorial_dag.py
[2025-11-27T13:23:56.895-0300] {processor.py:840} INFO - DAG(s) 'tutorial_dag' retrieved from /Users/davispecia/Documents/GitHub/Pf_pipeline_dados/Projeto_final_fase3/venv/lib/python3.9/site-packages/airflow/example_dags/tutorial_dag.py
[2025-11-27T13:23:56.961-0300] {logging_mixin.py:188} INFO - [2025-11-27T13:23:56.961-0300] {dag.py:3089} INFO - Sync 1 DAGs
[2025-11-27T13:23:56.966-0300] {logging_mixin.py:188} INFO - [2025-11-27T13:23:56.966-0300] {dag.py:3947} INFO - Setting next_dagrun for tutorial_dag to None, run_after=None
[2025-11-27T13:23:56.974-0300] {processor.py:183} INFO - Processing /Users/davispecia/Documents/GitHub/Pf_pipeline_dados/Projeto_final_fase3/venv/lib/python3.9/site-packages/airflow/example_dags/tutorial_dag.py took 0.094 seconds
[2025-11-27T14:08:00.146-0300] {processor.py:161} INFO - Started process (PID=3237) to work on /Users/davispecia/Documents/GitHub/Pf_pipeline_dados/Projeto_final_fase3/venv/lib/python3.9/site-packages/airflow/example_dags/tutorial_dag.py
[2025-11-27T14:08:00.147-0300] {processor.py:830} INFO - Processing file /Users/davispecia/Documents/GitHub/Pf_pipeline_dados/Projeto_final_fase3/venv/lib/python3.9/site-packages/airflow/example_dags/tutorial_dag.py for tasks to queue
[2025-11-27T14:08:00.147-0300] {logging_mixin.py:188} INFO - [2025-11-27T14:08:00.147-0300] {dagbag.py:545} INFO - Filling up the DagBag from /Users/davispecia/Documents/GitHub/Pf_pipeline_dados/Projeto_final_fase3/venv/lib/python3.9/site-packages/airflow/example_dags/tutorial_dag.py
[2025-11-27T14:08:00.162-0300] {processor.py:840} INFO - DAG(s) 'tutorial_dag' retrieved from /Users/davispecia/Documents/GitHub/Pf_pipeline_dados/Projeto_final_fase3/venv/lib/python3.9/site-packages/airflow/example_dags/tutorial_dag.py
[2025-11-27T14:08:00.242-0300] {logging_mixin.py:188} INFO - [2025-11-27T14:08:00.242-0300] {dag.py:3089} INFO - Sync 1 DAGs
[2025-11-27T14:08:00.248-0300] {logging_mixin.py:188} INFO - [2025-11-27T14:08:00.247-0300] {dag.py:3947} INFO - Setting next_dagrun for tutorial_dag to None, run_after=None
[2025-11-27T14:08:00.258-0300] {processor.py:183} INFO - Processing /Users/davispecia/Documents/GitHub/Pf_pipeline_dados/Projeto_final_fase3/venv/lib/python3.9/site-packages/airflow/example_dags/tutorial_dag.py took 0.115 seconds
[2025-11-27T14:09:36.357-0300] {processor.py:161} INFO - Started process (PID=3528) to work on /Users/davispecia/Documents/GitHub/Pf_pipeline_dados/Projeto_final_fase3/venv/lib/python3.9/site-packages/airflow/example_dags/tutorial_dag.py
[2025-11-27T14:09:36.358-0300] {processor.py:830} INFO - Processing file /Users/davispecia/Documents/GitHub/Pf_pipeline_dados/Projeto_final_fase3/venv/lib/python3.9/site-packages/airflow/example_dags/tutorial_dag.py for tasks to queue
[2025-11-27T14:09:36.358-0300] {logging_mixin.py:188} INFO - [2025-11-27T14:09:36.358-0300] {dagbag.py:545} INFO - Filling up the DagBag from /Users/davispecia/Documents/GitHub/Pf_pipeline_dados/Projeto_final_fase3/venv/lib/python3.9/site-packages/airflow/example_dags/tutorial_dag.py
[2025-11-27T14:09:36.371-0300] {processor.py:840} INFO - DAG(s) 'tutorial_dag' retrieved from /Users/davispecia/Documents/GitHub/Pf_pipeline_dados/Projeto_final_fase3/venv/lib/python3.9/site-packages/airflow/example_dags/tutorial_dag.py
[2025-11-27T14:09:36.441-0300] {logging_mixin.py:188} INFO - [2025-11-27T14:09:36.440-0300] {dag.py:3089} INFO - Sync 1 DAGs
[2025-11-27T14:09:36.445-0300] {logging_mixin.py:188} INFO - [2025-11-27T14:09:36.445-0300] {dag.py:3947} INFO - Setting next_dagrun for tutorial_dag to None, run_after=None
[2025-11-27T14:09:36.455-0300] {processor.py:183} INFO - Processing /Users/davispecia/Documents/GitHub/Pf_pipeline_dados/Projeto_final_fase3/venv/lib/python3.9/site-packages/airflow/example_dags/tutorial_dag.py took 0.100 seconds
[2025-11-27T14:10:38.434-0300] {processor.py:161} INFO - Started process (PID=3673) to work on /Users/davispecia/Documents/GitHub/Pf_pipeline_dados/Projeto_final_fase3/venv/lib/python3.9/site-packages/airflow/example_dags/tutorial_dag.py
[2025-11-27T14:10:38.436-0300] {processor.py:830} INFO - Processing file /Users/davispecia/Documents/GitHub/Pf_pipeline_dados/Projeto_final_fase3/venv/lib/python3.9/site-packages/airflow/example_dags/tutorial_dag.py for tasks to queue
[2025-11-27T14:10:38.436-0300] {logging_mixin.py:188} INFO - [2025-11-27T14:10:38.436-0300] {dagbag.py:545} INFO - Filling up the DagBag from /Users/davispecia/Documents/GitHub/Pf_pipeline_dados/Projeto_final_fase3/venv/lib/python3.9/site-packages/airflow/example_dags/tutorial_dag.py
[2025-11-27T14:10:38.448-0300] {processor.py:840} INFO - DAG(s) 'tutorial_dag' retrieved from /Users/davispecia/Documents/GitHub/Pf_pipeline_dados/Projeto_final_fase3/venv/lib/python3.9/site-packages/airflow/example_dags/tutorial_dag.py
[2025-11-27T14:10:38.516-0300] {logging_mixin.py:188} INFO - [2025-11-27T14:10:38.516-0300] {dag.py:3089} INFO - Sync 1 DAGs
[2025-11-27T14:10:38.521-0300] {logging_mixin.py:188} INFO - [2025-11-27T14:10:38.521-0300] {dag.py:3947} INFO - Setting next_dagrun for tutorial_dag to None, run_after=None
[2025-11-27T14:10:38.530-0300] {processor.py:183} INFO - Processing /Users/davispecia/Documents/GitHub/Pf_pipeline_dados/Projeto_final_fase3/venv/lib/python3.9/site-packages/airflow/example_dags/tutorial_dag.py took 0.098 seconds
[2025-11-27T14:11:40.213-0300] {processor.py:161} INFO - Started process (PID=3826) to work on /Users/davispecia/Documents/GitHub/Pf_pipeline_dados/Projeto_final_fase3/venv/lib/python3.9/site-packages/airflow/example_dags/tutorial_dag.py
[2025-11-27T14:11:40.214-0300] {processor.py:830} INFO - Processing file /Users/davispecia/Documents/GitHub/Pf_pipeline_dados/Projeto_final_fase3/venv/lib/python3.9/site-packages/airflow/example_dags/tutorial_dag.py for tasks to queue
[2025-11-27T14:11:40.214-0300] {logging_mixin.py:188} INFO - [2025-11-27T14:11:40.214-0300] {dagbag.py:545} INFO - Filling up the DagBag from /Users/davispecia/Documents/GitHub/Pf_pipeline_dados/Projeto_final_fase3/venv/lib/python3.9/site-packages/airflow/example_dags/tutorial_dag.py
[2025-11-27T14:11:40.226-0300] {processor.py:840} INFO - DAG(s) 'tutorial_dag' retrieved from /Users/davispecia/Documents/GitHub/Pf_pipeline_dados/Projeto_final_fase3/venv/lib/python3.9/site-packages/airflow/example_dags/tutorial_dag.py
[2025-11-27T14:11:40.297-0300] {logging_mixin.py:188} INFO - [2025-11-27T14:11:40.296-0300] {dag.py:3089} INFO - Sync 1 DAGs
[2025-11-27T14:11:40.301-0300] {logging_mixin.py:188} INFO - [2025-11-27T14:11:40.301-0300] {dag.py:3947} INFO - Setting next_dagrun for tutorial_dag to None, run_after=None
[2025-11-27T14:11:40.311-0300] {processor.py:183} INFO - Processing /Users/davispecia/Documents/GitHub/Pf_pipeline_dados/Projeto_final_fase3/venv/lib/python3.9/site-packages/airflow/example_dags/tutorial_dag.py took 0.101 seconds
[2025-11-27T14:12:38.941-0300] {processor.py:161} INFO - Started process (PID=3968) to work on /Users/davispecia/Documents/GitHub/Pf_pipeline_dados/Projeto_final_fase3/venv/lib/python3.9/site-packages/airflow/example_dags/tutorial_dag.py
[2025-11-27T14:12:38.941-0300] {processor.py:830} INFO - Processing file /Users/davispecia/Documents/GitHub/Pf_pipeline_dados/Projeto_final_fase3/venv/lib/python3.9/site-packages/airflow/example_dags/tutorial_dag.py for tasks to queue
[2025-11-27T14:12:38.942-0300] {logging_mixin.py:188} INFO - [2025-11-27T14:12:38.942-0300] {dagbag.py:545} INFO - Filling up the DagBag from /Users/davispecia/Documents/GitHub/Pf_pipeline_dados/Projeto_final_fase3/venv/lib/python3.9/site-packages/airflow/example_dags/tutorial_dag.py
[2025-11-27T14:12:38.955-0300] {processor.py:840} INFO - DAG(s) 'tutorial_dag' retrieved from /Users/davispecia/Documents/GitHub/Pf_pipeline_dados/Projeto_final_fase3/venv/lib/python3.9/site-packages/airflow/example_dags/tutorial_dag.py
[2025-11-27T14:12:39.037-0300] {logging_mixin.py:188} INFO - [2025-11-27T14:12:39.037-0300] {dag.py:3089} INFO - Sync 1 DAGs
[2025-11-27T14:12:39.042-0300] {logging_mixin.py:188} INFO - [2025-11-27T14:12:39.042-0300] {dag.py:3947} INFO - Setting next_dagrun for tutorial_dag to None, run_after=None
[2025-11-27T14:12:39.053-0300] {processor.py:183} INFO - Processing /Users/davispecia/Documents/GitHub/Pf_pipeline_dados/Projeto_final_fase3/venv/lib/python3.9/site-packages/airflow/example_dags/tutorial_dag.py took 0.114 seconds
[2025-11-27T14:13:44.310-0300] {processor.py:161} INFO - Started process (PID=4153) to work on /Users/davispecia/Documents/GitHub/Pf_pipeline_dados/Projeto_final_fase3/venv/lib/python3.9/site-packages/airflow/example_dags/tutorial_dag.py
[2025-11-27T14:13:44.311-0300] {processor.py:830} INFO - Processing file /Users/davispecia/Documents/GitHub/Pf_pipeline_dados/Projeto_final_fase3/venv/lib/python3.9/site-packages/airflow/example_dags/tutorial_dag.py for tasks to queue
[2025-11-27T14:13:44.311-0300] {logging_mixin.py:188} INFO - [2025-11-27T14:13:44.311-0300] {dagbag.py:545} INFO - Filling up the DagBag from /Users/davispecia/Documents/GitHub/Pf_pipeline_dados/Projeto_final_fase3/venv/lib/python3.9/site-packages/airflow/example_dags/tutorial_dag.py
[2025-11-27T14:13:44.324-0300] {processor.py:840} INFO - DAG(s) 'tutorial_dag' retrieved from /Users/davispecia/Documents/GitHub/Pf_pipeline_dados/Projeto_final_fase3/venv/lib/python3.9/site-packages/airflow/example_dags/tutorial_dag.py
[2025-11-27T14:13:44.401-0300] {logging_mixin.py:188} INFO - [2025-11-27T14:13:44.401-0300] {dag.py:3089} INFO - Sync 1 DAGs
[2025-11-27T14:13:44.406-0300] {logging_mixin.py:188} INFO - [2025-11-27T14:13:44.406-0300] {dag.py:3947} INFO - Setting next_dagrun for tutorial_dag to None, run_after=None
[2025-11-27T14:13:44.417-0300] {processor.py:183} INFO - Processing /Users/davispecia/Documents/GitHub/Pf_pipeline_dados/Projeto_final_fase3/venv/lib/python3.9/site-packages/airflow/example_dags/tutorial_dag.py took 0.110 seconds
[2025-11-27T14:15:02.508-0300] {processor.py:161} INFO - Started process (PID=4404) to work on /Users/davispecia/Documents/GitHub/Pf_pipeline_dados/Projeto_final_fase3/venv/lib/python3.9/site-packages/airflow/example_dags/tutorial_dag.py
[2025-11-27T14:15:02.510-0300] {processor.py:830} INFO - Processing file /Users/davispecia/Documents/GitHub/Pf_pipeline_dados/Projeto_final_fase3/venv/lib/python3.9/site-packages/airflow/example_dags/tutorial_dag.py for tasks to queue
[2025-11-27T14:15:02.510-0300] {logging_mixin.py:188} INFO - [2025-11-27T14:15:02.510-0300] {dagbag.py:545} INFO - Filling up the DagBag from /Users/davispecia/Documents/GitHub/Pf_pipeline_dados/Projeto_final_fase3/venv/lib/python3.9/site-packages/airflow/example_dags/tutorial_dag.py
[2025-11-27T14:15:02.523-0300] {processor.py:840} INFO - DAG(s) 'tutorial_dag' retrieved from /Users/davispecia/Documents/GitHub/Pf_pipeline_dados/Projeto_final_fase3/venv/lib/python3.9/site-packages/airflow/example_dags/tutorial_dag.py
[2025-11-27T14:15:02.597-0300] {logging_mixin.py:188} INFO - [2025-11-27T14:15:02.597-0300] {dag.py:3089} INFO - Sync 1 DAGs
[2025-11-27T14:15:02.603-0300] {logging_mixin.py:188} INFO - [2025-11-27T14:15:02.603-0300] {dag.py:3947} INFO - Setting next_dagrun for tutorial_dag to None, run_after=None
[2025-11-27T14:15:02.614-0300] {processor.py:183} INFO - Processing /Users/davispecia/Documents/GitHub/Pf_pipeline_dados/Projeto_final_fase3/venv/lib/python3.9/site-packages/airflow/example_dags/tutorial_dag.py took 0.108 seconds
[2025-11-27T14:16:08.701-0300] {processor.py:161} INFO - Started process (PID=4558) to work on /Users/davispecia/Documents/GitHub/Pf_pipeline_dados/Projeto_final_fase3/venv/lib/python3.9/site-packages/airflow/example_dags/tutorial_dag.py
[2025-11-27T14:16:08.702-0300] {processor.py:830} INFO - Processing file /Users/davispecia/Documents/GitHub/Pf_pipeline_dados/Projeto_final_fase3/venv/lib/python3.9/site-packages/airflow/example_dags/tutorial_dag.py for tasks to queue
[2025-11-27T14:16:08.702-0300] {logging_mixin.py:188} INFO - [2025-11-27T14:16:08.702-0300] {dagbag.py:545} INFO - Filling up the DagBag from /Users/davispecia/Documents/GitHub/Pf_pipeline_dados/Projeto_final_fase3/venv/lib/python3.9/site-packages/airflow/example_dags/tutorial_dag.py
[2025-11-27T14:16:08.715-0300] {processor.py:840} INFO - DAG(s) 'tutorial_dag' retrieved from /Users/davispecia/Documents/GitHub/Pf_pipeline_dados/Projeto_final_fase3/venv/lib/python3.9/site-packages/airflow/example_dags/tutorial_dag.py
[2025-11-27T14:16:08.784-0300] {logging_mixin.py:188} INFO - [2025-11-27T14:16:08.784-0300] {dag.py:3089} INFO - Sync 1 DAGs
[2025-11-27T14:16:08.789-0300] {logging_mixin.py:188} INFO - [2025-11-27T14:16:08.789-0300] {dag.py:3947} INFO - Setting next_dagrun for tutorial_dag to None, run_after=None
[2025-11-27T14:16:08.798-0300] {processor.py:183} INFO - Processing /Users/davispecia/Documents/GitHub/Pf_pipeline_dados/Projeto_final_fase3/venv/lib/python3.9/site-packages/airflow/example_dags/tutorial_dag.py took 0.099 seconds
[2025-11-27T14:17:14.772-0300] {processor.py:161} INFO - Started process (PID=4720) to work on /Users/davispecia/Documents/GitHub/Pf_pipeline_dados/Projeto_final_fase3/venv/lib/python3.9/site-packages/airflow/example_dags/tutorial_dag.py
[2025-11-27T14:17:14.773-0300] {processor.py:830} INFO - Processing file /Users/davispecia/Documents/GitHub/Pf_pipeline_dados/Projeto_final_fase3/venv/lib/python3.9/site-packages/airflow/example_dags/tutorial_dag.py for tasks to queue
[2025-11-27T14:17:14.773-0300] {logging_mixin.py:188} INFO - [2025-11-27T14:17:14.773-0300] {dagbag.py:545} INFO - Filling up the DagBag from /Users/davispecia/Documents/GitHub/Pf_pipeline_dados/Projeto_final_fase3/venv/lib/python3.9/site-packages/airflow/example_dags/tutorial_dag.py
[2025-11-27T14:17:14.787-0300] {processor.py:840} INFO - DAG(s) 'tutorial_dag' retrieved from /Users/davispecia/Documents/GitHub/Pf_pipeline_dados/Projeto_final_fase3/venv/lib/python3.9/site-packages/airflow/example_dags/tutorial_dag.py
[2025-11-27T14:17:14.857-0300] {logging_mixin.py:188} INFO - [2025-11-27T14:17:14.857-0300] {dag.py:3089} INFO - Sync 1 DAGs
[2025-11-27T14:17:14.862-0300] {logging_mixin.py:188} INFO - [2025-11-27T14:17:14.862-0300] {dag.py:3947} INFO - Setting next_dagrun for tutorial_dag to None, run_after=None
[2025-11-27T14:17:14.872-0300] {processor.py:183} INFO - Processing /Users/davispecia/Documents/GitHub/Pf_pipeline_dados/Projeto_final_fase3/venv/lib/python3.9/site-packages/airflow/example_dags/tutorial_dag.py took 0.102 seconds
[2025-11-27T14:18:24.910-0300] {processor.py:161} INFO - Started process (PID=4890) to work on /Users/davispecia/Documents/GitHub/Pf_pipeline_dados/Projeto_final_fase3/venv/lib/python3.9/site-packages/airflow/example_dags/tutorial_dag.py
[2025-11-27T14:18:24.911-0300] {processor.py:830} INFO - Processing file /Users/davispecia/Documents/GitHub/Pf_pipeline_dados/Projeto_final_fase3/venv/lib/python3.9/site-packages/airflow/example_dags/tutorial_dag.py for tasks to queue
[2025-11-27T14:18:24.912-0300] {logging_mixin.py:188} INFO - [2025-11-27T14:18:24.912-0300] {dagbag.py:545} INFO - Filling up the DagBag from /Users/davispecia/Documents/GitHub/Pf_pipeline_dados/Projeto_final_fase3/venv/lib/python3.9/site-packages/airflow/example_dags/tutorial_dag.py
[2025-11-27T14:18:24.927-0300] {processor.py:840} INFO - DAG(s) 'tutorial_dag' retrieved from /Users/davispecia/Documents/GitHub/Pf_pipeline_dados/Projeto_final_fase3/venv/lib/python3.9/site-packages/airflow/example_dags/tutorial_dag.py
[2025-11-27T14:18:25.019-0300] {logging_mixin.py:188} INFO - [2025-11-27T14:18:25.018-0300] {dag.py:3089} INFO - Sync 1 DAGs
[2025-11-27T14:18:25.025-0300] {logging_mixin.py:188} INFO - [2025-11-27T14:18:25.025-0300] {dag.py:3947} INFO - Setting next_dagrun for tutorial_dag to None, run_after=None
[2025-11-27T14:18:25.037-0300] {processor.py:183} INFO - Processing /Users/davispecia/Documents/GitHub/Pf_pipeline_dados/Projeto_final_fase3/venv/lib/python3.9/site-packages/airflow/example_dags/tutorial_dag.py took 0.129 seconds
[2025-11-27T14:19:34.909-0300] {processor.py:161} INFO - Started process (PID=5049) to work on /Users/davispecia/Documents/GitHub/Pf_pipeline_dados/Projeto_final_fase3/venv/lib/python3.9/site-packages/airflow/example_dags/tutorial_dag.py
[2025-11-27T14:19:34.911-0300] {processor.py:830} INFO - Processing file /Users/davispecia/Documents/GitHub/Pf_pipeline_dados/Projeto_final_fase3/venv/lib/python3.9/site-packages/airflow/example_dags/tutorial_dag.py for tasks to queue
[2025-11-27T14:19:34.911-0300] {logging_mixin.py:188} INFO - [2025-11-27T14:19:34.911-0300] {dagbag.py:545} INFO - Filling up the DagBag from /Users/davispecia/Documents/GitHub/Pf_pipeline_dados/Projeto_final_fase3/venv/lib/python3.9/site-packages/airflow/example_dags/tutorial_dag.py
[2025-11-27T14:19:34.924-0300] {processor.py:840} INFO - DAG(s) 'tutorial_dag' retrieved from /Users/davispecia/Documents/GitHub/Pf_pipeline_dados/Projeto_final_fase3/venv/lib/python3.9/site-packages/airflow/example_dags/tutorial_dag.py
[2025-11-27T14:19:35.000-0300] {logging_mixin.py:188} INFO - [2025-11-27T14:19:35.000-0300] {dag.py:3089} INFO - Sync 1 DAGs
[2025-11-27T14:19:35.005-0300] {logging_mixin.py:188} INFO - [2025-11-27T14:19:35.005-0300] {dag.py:3947} INFO - Setting next_dagrun for tutorial_dag to None, run_after=None
[2025-11-27T14:19:35.015-0300] {processor.py:183} INFO - Processing /Users/davispecia/Documents/GitHub/Pf_pipeline_dados/Projeto_final_fase3/venv/lib/python3.9/site-packages/airflow/example_dags/tutorial_dag.py took 0.107 seconds
[2025-11-27T14:20:50.166-0300] {processor.py:161} INFO - Started process (PID=5288) to work on /Users/davispecia/Documents/GitHub/Pf_pipeline_dados/Projeto_final_fase3/venv/lib/python3.9/site-packages/airflow/example_dags/tutorial_dag.py
[2025-11-27T14:20:50.167-0300] {processor.py:830} INFO - Processing file /Users/davispecia/Documents/GitHub/Pf_pipeline_dados/Projeto_final_fase3/venv/lib/python3.9/site-packages/airflow/example_dags/tutorial_dag.py for tasks to queue
[2025-11-27T14:20:50.168-0300] {logging_mixin.py:188} INFO - [2025-11-27T14:20:50.168-0300] {dagbag.py:545} INFO - Filling up the DagBag from /Users/davispecia/Documents/GitHub/Pf_pipeline_dados/Projeto_final_fase3/venv/lib/python3.9/site-packages/airflow/example_dags/tutorial_dag.py
[2025-11-27T14:20:50.186-0300] {processor.py:840} INFO - DAG(s) 'tutorial_dag' retrieved from /Users/davispecia/Documents/GitHub/Pf_pipeline_dados/Projeto_final_fase3/venv/lib/python3.9/site-packages/airflow/example_dags/tutorial_dag.py
[2025-11-27T14:20:50.518-0300] {logging_mixin.py:188} INFO - [2025-11-27T14:20:50.517-0300] {dag.py:3089} INFO - Sync 1 DAGs
[2025-11-27T14:20:50.522-0300] {logging_mixin.py:188} INFO - [2025-11-27T14:20:50.522-0300] {dag.py:3947} INFO - Setting next_dagrun for tutorial_dag to None, run_after=None
[2025-11-27T14:20:50.533-0300] {processor.py:183} INFO - Processing /Users/davispecia/Documents/GitHub/Pf_pipeline_dados/Projeto_final_fase3/venv/lib/python3.9/site-packages/airflow/example_dags/tutorial_dag.py took 0.369 seconds
[2025-11-27T14:21:55.338-0300] {processor.py:161} INFO - Started process (PID=5444) to work on /Users/davispecia/Documents/GitHub/Pf_pipeline_dados/Projeto_final_fase3/venv/lib/python3.9/site-packages/airflow/example_dags/tutorial_dag.py
[2025-11-27T14:21:55.339-0300] {processor.py:830} INFO - Processing file /Users/davispecia/Documents/GitHub/Pf_pipeline_dados/Projeto_final_fase3/venv/lib/python3.9/site-packages/airflow/example_dags/tutorial_dag.py for tasks to queue
[2025-11-27T14:21:55.340-0300] {logging_mixin.py:188} INFO - [2025-11-27T14:21:55.339-0300] {dagbag.py:545} INFO - Filling up the DagBag from /Users/davispecia/Documents/GitHub/Pf_pipeline_dados/Projeto_final_fase3/venv/lib/python3.9/site-packages/airflow/example_dags/tutorial_dag.py
[2025-11-27T14:21:55.353-0300] {processor.py:840} INFO - DAG(s) 'tutorial_dag' retrieved from /Users/davispecia/Documents/GitHub/Pf_pipeline_dados/Projeto_final_fase3/venv/lib/python3.9/site-packages/airflow/example_dags/tutorial_dag.py
[2025-11-27T14:21:55.425-0300] {logging_mixin.py:188} INFO - [2025-11-27T14:21:55.424-0300] {dag.py:3089} INFO - Sync 1 DAGs
[2025-11-27T14:21:55.429-0300] {logging_mixin.py:188} INFO - [2025-11-27T14:21:55.429-0300] {dag.py:3947} INFO - Setting next_dagrun for tutorial_dag to None, run_after=None
[2025-11-27T14:21:55.439-0300] {processor.py:183} INFO - Processing /Users/davispecia/Documents/GitHub/Pf_pipeline_dados/Projeto_final_fase3/venv/lib/python3.9/site-packages/airflow/example_dags/tutorial_dag.py took 0.103 seconds
[2025-11-27T14:23:00.602-0300] {processor.py:161} INFO - Started process (PID=5597) to work on /Users/davispecia/Documents/GitHub/Pf_pipeline_dados/Projeto_final_fase3/venv/lib/python3.9/site-packages/airflow/example_dags/tutorial_dag.py
[2025-11-27T14:23:00.602-0300] {processor.py:830} INFO - Processing file /Users/davispecia/Documents/GitHub/Pf_pipeline_dados/Projeto_final_fase3/venv/lib/python3.9/site-packages/airflow/example_dags/tutorial_dag.py for tasks to queue
[2025-11-27T14:23:00.603-0300] {logging_mixin.py:188} INFO - [2025-11-27T14:23:00.603-0300] {dagbag.py:545} INFO - Filling up the DagBag from /Users/davispecia/Documents/GitHub/Pf_pipeline_dados/Projeto_final_fase3/venv/lib/python3.9/site-packages/airflow/example_dags/tutorial_dag.py
[2025-11-27T14:23:00.616-0300] {processor.py:840} INFO - DAG(s) 'tutorial_dag' retrieved from /Users/davispecia/Documents/GitHub/Pf_pipeline_dados/Projeto_final_fase3/venv/lib/python3.9/site-packages/airflow/example_dags/tutorial_dag.py
[2025-11-27T14:23:00.685-0300] {logging_mixin.py:188} INFO - [2025-11-27T14:23:00.685-0300] {dag.py:3089} INFO - Sync 1 DAGs
[2025-11-27T14:23:00.690-0300] {logging_mixin.py:188} INFO - [2025-11-27T14:23:00.690-0300] {dag.py:3947} INFO - Setting next_dagrun for tutorial_dag to None, run_after=None
[2025-11-27T14:23:00.701-0300] {processor.py:183} INFO - Processing /Users/davispecia/Documents/GitHub/Pf_pipeline_dados/Projeto_final_fase3/venv/lib/python3.9/site-packages/airflow/example_dags/tutorial_dag.py took 0.102 seconds
[2025-11-27T14:24:08.217-0300] {processor.py:161} INFO - Started process (PID=5751) to work on /Users/davispecia/Documents/GitHub/Pf_pipeline_dados/Projeto_final_fase3/venv/lib/python3.9/site-packages/airflow/example_dags/tutorial_dag.py
[2025-11-27T14:24:08.218-0300] {processor.py:830} INFO - Processing file /Users/davispecia/Documents/GitHub/Pf_pipeline_dados/Projeto_final_fase3/venv/lib/python3.9/site-packages/airflow/example_dags/tutorial_dag.py for tasks to queue
[2025-11-27T14:24:08.218-0300] {logging_mixin.py:188} INFO - [2025-11-27T14:24:08.218-0300] {dagbag.py:545} INFO - Filling up the DagBag from /Users/davispecia/Documents/GitHub/Pf_pipeline_dados/Projeto_final_fase3/venv/lib/python3.9/site-packages/airflow/example_dags/tutorial_dag.py
[2025-11-27T14:24:08.232-0300] {processor.py:840} INFO - DAG(s) 'tutorial_dag' retrieved from /Users/davispecia/Documents/GitHub/Pf_pipeline_dados/Projeto_final_fase3/venv/lib/python3.9/site-packages/airflow/example_dags/tutorial_dag.py
[2025-11-27T14:24:08.317-0300] {logging_mixin.py:188} INFO - [2025-11-27T14:24:08.317-0300] {dag.py:3089} INFO - Sync 1 DAGs
[2025-11-27T14:24:08.322-0300] {logging_mixin.py:188} INFO - [2025-11-27T14:24:08.322-0300] {dag.py:3947} INFO - Setting next_dagrun for tutorial_dag to None, run_after=None
[2025-11-27T14:24:08.332-0300] {processor.py:183} INFO - Processing /Users/davispecia/Documents/GitHub/Pf_pipeline_dados/Projeto_final_fase3/venv/lib/python3.9/site-packages/airflow/example_dags/tutorial_dag.py took 0.117 seconds
[2025-11-27T14:25:18.078-0300] {processor.py:161} INFO - Started process (PID=5910) to work on /Users/davispecia/Documents/GitHub/Pf_pipeline_dados/Projeto_final_fase3/venv/lib/python3.9/site-packages/airflow/example_dags/tutorial_dag.py
[2025-11-27T14:25:18.083-0300] {processor.py:830} INFO - Processing file /Users/davispecia/Documents/GitHub/Pf_pipeline_dados/Projeto_final_fase3/venv/lib/python3.9/site-packages/airflow/example_dags/tutorial_dag.py for tasks to queue
[2025-11-27T14:25:18.084-0300] {logging_mixin.py:188} INFO - [2025-11-27T14:25:18.084-0300] {dagbag.py:545} INFO - Filling up the DagBag from /Users/davispecia/Documents/GitHub/Pf_pipeline_dados/Projeto_final_fase3/venv/lib/python3.9/site-packages/airflow/example_dags/tutorial_dag.py
[2025-11-27T14:25:18.101-0300] {processor.py:840} INFO - DAG(s) 'tutorial_dag' retrieved from /Users/davispecia/Documents/GitHub/Pf_pipeline_dados/Projeto_final_fase3/venv/lib/python3.9/site-packages/airflow/example_dags/tutorial_dag.py
[2025-11-27T14:25:18.195-0300] {logging_mixin.py:188} INFO - [2025-11-27T14:25:18.195-0300] {dag.py:3089} INFO - Sync 1 DAGs
[2025-11-27T14:25:18.202-0300] {logging_mixin.py:188} INFO - [2025-11-27T14:25:18.202-0300] {dag.py:3947} INFO - Setting next_dagrun for tutorial_dag to None, run_after=None
[2025-11-27T14:25:18.223-0300] {processor.py:183} INFO - Processing /Users/davispecia/Documents/GitHub/Pf_pipeline_dados/Projeto_final_fase3/venv/lib/python3.9/site-packages/airflow/example_dags/tutorial_dag.py took 0.147 seconds
[2025-11-27T14:26:41.334-0300] {processor.py:161} INFO - Started process (PID=6173) to work on /Users/davispecia/Documents/GitHub/Pf_pipeline_dados/Projeto_final_fase3/venv/lib/python3.9/site-packages/airflow/example_dags/tutorial_dag.py
[2025-11-27T14:26:41.334-0300] {processor.py:830} INFO - Processing file /Users/davispecia/Documents/GitHub/Pf_pipeline_dados/Projeto_final_fase3/venv/lib/python3.9/site-packages/airflow/example_dags/tutorial_dag.py for tasks to queue
[2025-11-27T14:26:41.335-0300] {logging_mixin.py:188} INFO - [2025-11-27T14:26:41.335-0300] {dagbag.py:545} INFO - Filling up the DagBag from /Users/davispecia/Documents/GitHub/Pf_pipeline_dados/Projeto_final_fase3/venv/lib/python3.9/site-packages/airflow/example_dags/tutorial_dag.py
[2025-11-27T14:26:41.349-0300] {processor.py:840} INFO - DAG(s) 'tutorial_dag' retrieved from /Users/davispecia/Documents/GitHub/Pf_pipeline_dados/Projeto_final_fase3/venv/lib/python3.9/site-packages/airflow/example_dags/tutorial_dag.py
[2025-11-27T14:26:41.430-0300] {logging_mixin.py:188} INFO - [2025-11-27T14:26:41.429-0300] {dag.py:3089} INFO - Sync 1 DAGs
[2025-11-27T14:26:41.435-0300] {logging_mixin.py:188} INFO - [2025-11-27T14:26:41.435-0300] {dag.py:3947} INFO - Setting next_dagrun for tutorial_dag to None, run_after=None
[2025-11-27T14:26:41.446-0300] {processor.py:183} INFO - Processing /Users/davispecia/Documents/GitHub/Pf_pipeline_dados/Projeto_final_fase3/venv/lib/python3.9/site-packages/airflow/example_dags/tutorial_dag.py took 0.115 seconds
[2025-11-27T14:27:58.125-0300] {processor.py:161} INFO - Started process (PID=6403) to work on /Users/davispecia/Documents/GitHub/Pf_pipeline_dados/Projeto_final_fase3/venv/lib/python3.9/site-packages/airflow/example_dags/tutorial_dag.py
[2025-11-27T14:27:58.127-0300] {processor.py:830} INFO - Processing file /Users/davispecia/Documents/GitHub/Pf_pipeline_dados/Projeto_final_fase3/venv/lib/python3.9/site-packages/airflow/example_dags/tutorial_dag.py for tasks to queue
[2025-11-27T14:27:58.127-0300] {logging_mixin.py:188} INFO - [2025-11-27T14:27:58.127-0300] {dagbag.py:545} INFO - Filling up the DagBag from /Users/davispecia/Documents/GitHub/Pf_pipeline_dados/Projeto_final_fase3/venv/lib/python3.9/site-packages/airflow/example_dags/tutorial_dag.py
[2025-11-27T14:27:58.141-0300] {processor.py:840} INFO - DAG(s) 'tutorial_dag' retrieved from /Users/davispecia/Documents/GitHub/Pf_pipeline_dados/Projeto_final_fase3/venv/lib/python3.9/site-packages/airflow/example_dags/tutorial_dag.py
[2025-11-27T14:27:58.216-0300] {logging_mixin.py:188} INFO - [2025-11-27T14:27:58.216-0300] {dag.py:3089} INFO - Sync 1 DAGs
[2025-11-27T14:27:58.223-0300] {logging_mixin.py:188} INFO - [2025-11-27T14:27:58.223-0300] {dag.py:3947} INFO - Setting next_dagrun for tutorial_dag to None, run_after=None
[2025-11-27T14:27:58.232-0300] {processor.py:183} INFO - Processing /Users/davispecia/Documents/GitHub/Pf_pipeline_dados/Projeto_final_fase3/venv/lib/python3.9/site-packages/airflow/example_dags/tutorial_dag.py took 0.109 seconds
[2025-11-27T14:29:03.288-0300] {processor.py:161} INFO - Started process (PID=6561) to work on /Users/davispecia/Documents/GitHub/Pf_pipeline_dados/Projeto_final_fase3/venv/lib/python3.9/site-packages/airflow/example_dags/tutorial_dag.py
[2025-11-27T14:29:03.289-0300] {processor.py:830} INFO - Processing file /Users/davispecia/Documents/GitHub/Pf_pipeline_dados/Projeto_final_fase3/venv/lib/python3.9/site-packages/airflow/example_dags/tutorial_dag.py for tasks to queue
[2025-11-27T14:29:03.289-0300] {logging_mixin.py:188} INFO - [2025-11-27T14:29:03.289-0300] {dagbag.py:545} INFO - Filling up the DagBag from /Users/davispecia/Documents/GitHub/Pf_pipeline_dados/Projeto_final_fase3/venv/lib/python3.9/site-packages/airflow/example_dags/tutorial_dag.py
[2025-11-27T14:29:03.304-0300] {processor.py:840} INFO - DAG(s) 'tutorial_dag' retrieved from /Users/davispecia/Documents/GitHub/Pf_pipeline_dados/Projeto_final_fase3/venv/lib/python3.9/site-packages/airflow/example_dags/tutorial_dag.py
[2025-11-27T14:29:03.386-0300] {logging_mixin.py:188} INFO - [2025-11-27T14:29:03.386-0300] {dag.py:3089} INFO - Sync 1 DAGs
[2025-11-27T14:29:03.391-0300] {logging_mixin.py:188} INFO - [2025-11-27T14:29:03.391-0300] {dag.py:3947} INFO - Setting next_dagrun for tutorial_dag to None, run_after=None
[2025-11-27T14:29:03.401-0300] {processor.py:183} INFO - Processing /Users/davispecia/Documents/GitHub/Pf_pipeline_dados/Projeto_final_fase3/venv/lib/python3.9/site-packages/airflow/example_dags/tutorial_dag.py took 0.115 seconds
[2025-11-27T14:30:08.250-0300] {processor.py:161} INFO - Started process (PID=6714) to work on /Users/davispecia/Documents/GitHub/Pf_pipeline_dados/Projeto_final_fase3/venv/lib/python3.9/site-packages/airflow/example_dags/tutorial_dag.py
[2025-11-27T14:30:08.252-0300] {processor.py:830} INFO - Processing file /Users/davispecia/Documents/GitHub/Pf_pipeline_dados/Projeto_final_fase3/venv/lib/python3.9/site-packages/airflow/example_dags/tutorial_dag.py for tasks to queue
[2025-11-27T14:30:08.252-0300] {logging_mixin.py:188} INFO - [2025-11-27T14:30:08.252-0300] {dagbag.py:545} INFO - Filling up the DagBag from /Users/davispecia/Documents/GitHub/Pf_pipeline_dados/Projeto_final_fase3/venv/lib/python3.9/site-packages/airflow/example_dags/tutorial_dag.py
[2025-11-27T14:30:08.266-0300] {processor.py:840} INFO - DAG(s) 'tutorial_dag' retrieved from /Users/davispecia/Documents/GitHub/Pf_pipeline_dados/Projeto_final_fase3/venv/lib/python3.9/site-packages/airflow/example_dags/tutorial_dag.py
[2025-11-27T14:30:08.342-0300] {logging_mixin.py:188} INFO - [2025-11-27T14:30:08.342-0300] {dag.py:3089} INFO - Sync 1 DAGs
[2025-11-27T14:30:08.347-0300] {logging_mixin.py:188} INFO - [2025-11-27T14:30:08.347-0300] {dag.py:3947} INFO - Setting next_dagrun for tutorial_dag to None, run_after=None
[2025-11-27T14:30:08.356-0300] {processor.py:183} INFO - Processing /Users/davispecia/Documents/GitHub/Pf_pipeline_dados/Projeto_final_fase3/venv/lib/python3.9/site-packages/airflow/example_dags/tutorial_dag.py took 0.109 seconds
[2025-11-27T14:31:14.533-0300] {processor.py:161} INFO - Started process (PID=6871) to work on /Users/davispecia/Documents/GitHub/Pf_pipeline_dados/Projeto_final_fase3/venv/lib/python3.9/site-packages/airflow/example_dags/tutorial_dag.py
[2025-11-27T14:31:14.534-0300] {processor.py:830} INFO - Processing file /Users/davispecia/Documents/GitHub/Pf_pipeline_dados/Projeto_final_fase3/venv/lib/python3.9/site-packages/airflow/example_dags/tutorial_dag.py for tasks to queue
[2025-11-27T14:31:14.534-0300] {logging_mixin.py:188} INFO - [2025-11-27T14:31:14.534-0300] {dagbag.py:545} INFO - Filling up the DagBag from /Users/davispecia/Documents/GitHub/Pf_pipeline_dados/Projeto_final_fase3/venv/lib/python3.9/site-packages/airflow/example_dags/tutorial_dag.py
[2025-11-27T14:31:14.547-0300] {processor.py:840} INFO - DAG(s) 'tutorial_dag' retrieved from /Users/davispecia/Documents/GitHub/Pf_pipeline_dados/Projeto_final_fase3/venv/lib/python3.9/site-packages/airflow/example_dags/tutorial_dag.py
[2025-11-27T14:31:14.616-0300] {logging_mixin.py:188} INFO - [2025-11-27T14:31:14.616-0300] {dag.py:3089} INFO - Sync 1 DAGs
[2025-11-27T14:31:14.621-0300] {logging_mixin.py:188} INFO - [2025-11-27T14:31:14.621-0300] {dag.py:3947} INFO - Setting next_dagrun for tutorial_dag to None, run_after=None
[2025-11-27T14:31:14.630-0300] {processor.py:183} INFO - Processing /Users/davispecia/Documents/GitHub/Pf_pipeline_dados/Projeto_final_fase3/venv/lib/python3.9/site-packages/airflow/example_dags/tutorial_dag.py took 0.100 seconds
[2025-11-27T14:32:17.625-0300] {processor.py:161} INFO - Started process (PID=7021) to work on /Users/davispecia/Documents/GitHub/Pf_pipeline_dados/Projeto_final_fase3/venv/lib/python3.9/site-packages/airflow/example_dags/tutorial_dag.py
[2025-11-27T14:32:17.626-0300] {processor.py:830} INFO - Processing file /Users/davispecia/Documents/GitHub/Pf_pipeline_dados/Projeto_final_fase3/venv/lib/python3.9/site-packages/airflow/example_dags/tutorial_dag.py for tasks to queue
[2025-11-27T14:32:17.626-0300] {logging_mixin.py:188} INFO - [2025-11-27T14:32:17.626-0300] {dagbag.py:545} INFO - Filling up the DagBag from /Users/davispecia/Documents/GitHub/Pf_pipeline_dados/Projeto_final_fase3/venv/lib/python3.9/site-packages/airflow/example_dags/tutorial_dag.py
[2025-11-27T14:32:17.639-0300] {processor.py:840} INFO - DAG(s) 'tutorial_dag' retrieved from /Users/davispecia/Documents/GitHub/Pf_pipeline_dados/Projeto_final_fase3/venv/lib/python3.9/site-packages/airflow/example_dags/tutorial_dag.py
[2025-11-27T14:32:17.711-0300] {logging_mixin.py:188} INFO - [2025-11-27T14:32:17.711-0300] {dag.py:3089} INFO - Sync 1 DAGs
[2025-11-27T14:32:17.716-0300] {logging_mixin.py:188} INFO - [2025-11-27T14:32:17.716-0300] {dag.py:3947} INFO - Setting next_dagrun for tutorial_dag to None, run_after=None
[2025-11-27T14:32:17.726-0300] {processor.py:183} INFO - Processing /Users/davispecia/Documents/GitHub/Pf_pipeline_dados/Projeto_final_fase3/venv/lib/python3.9/site-packages/airflow/example_dags/tutorial_dag.py took 0.103 seconds
[2025-11-27T14:33:33.193-0300] {processor.py:161} INFO - Started process (PID=7279) to work on /Users/davispecia/Documents/GitHub/Pf_pipeline_dados/Projeto_final_fase3/venv/lib/python3.9/site-packages/airflow/example_dags/tutorial_dag.py
[2025-11-27T14:33:33.194-0300] {processor.py:830} INFO - Processing file /Users/davispecia/Documents/GitHub/Pf_pipeline_dados/Projeto_final_fase3/venv/lib/python3.9/site-packages/airflow/example_dags/tutorial_dag.py for tasks to queue
[2025-11-27T14:33:33.194-0300] {logging_mixin.py:188} INFO - [2025-11-27T14:33:33.194-0300] {dagbag.py:545} INFO - Filling up the DagBag from /Users/davispecia/Documents/GitHub/Pf_pipeline_dados/Projeto_final_fase3/venv/lib/python3.9/site-packages/airflow/example_dags/tutorial_dag.py
[2025-11-27T14:33:33.207-0300] {processor.py:840} INFO - DAG(s) 'tutorial_dag' retrieved from /Users/davispecia/Documents/GitHub/Pf_pipeline_dados/Projeto_final_fase3/venv/lib/python3.9/site-packages/airflow/example_dags/tutorial_dag.py
[2025-11-27T14:33:33.277-0300] {logging_mixin.py:188} INFO - [2025-11-27T14:33:33.277-0300] {dag.py:3089} INFO - Sync 1 DAGs
[2025-11-27T14:33:33.282-0300] {logging_mixin.py:188} INFO - [2025-11-27T14:33:33.282-0300] {dag.py:3947} INFO - Setting next_dagrun for tutorial_dag to None, run_after=None
[2025-11-27T14:33:33.292-0300] {processor.py:183} INFO - Processing /Users/davispecia/Documents/GitHub/Pf_pipeline_dados/Projeto_final_fase3/venv/lib/python3.9/site-packages/airflow/example_dags/tutorial_dag.py took 0.102 seconds
[2025-11-27T14:34:37.663-0300] {processor.py:161} INFO - Started process (PID=7433) to work on /Users/davispecia/Documents/GitHub/Pf_pipeline_dados/Projeto_final_fase3/venv/lib/python3.9/site-packages/airflow/example_dags/tutorial_dag.py
[2025-11-27T14:34:37.664-0300] {processor.py:830} INFO - Processing file /Users/davispecia/Documents/GitHub/Pf_pipeline_dados/Projeto_final_fase3/venv/lib/python3.9/site-packages/airflow/example_dags/tutorial_dag.py for tasks to queue
[2025-11-27T14:34:37.665-0300] {logging_mixin.py:188} INFO - [2025-11-27T14:34:37.665-0300] {dagbag.py:545} INFO - Filling up the DagBag from /Users/davispecia/Documents/GitHub/Pf_pipeline_dados/Projeto_final_fase3/venv/lib/python3.9/site-packages/airflow/example_dags/tutorial_dag.py
[2025-11-27T14:34:37.677-0300] {processor.py:840} INFO - DAG(s) 'tutorial_dag' retrieved from /Users/davispecia/Documents/GitHub/Pf_pipeline_dados/Projeto_final_fase3/venv/lib/python3.9/site-packages/airflow/example_dags/tutorial_dag.py
[2025-11-27T14:34:37.749-0300] {logging_mixin.py:188} INFO - [2025-11-27T14:34:37.749-0300] {dag.py:3089} INFO - Sync 1 DAGs
[2025-11-27T14:34:37.754-0300] {logging_mixin.py:188} INFO - [2025-11-27T14:34:37.754-0300] {dag.py:3947} INFO - Setting next_dagrun for tutorial_dag to None, run_after=None
[2025-11-27T14:34:37.764-0300] {processor.py:183} INFO - Processing /Users/davispecia/Documents/GitHub/Pf_pipeline_dados/Projeto_final_fase3/venv/lib/python3.9/site-packages/airflow/example_dags/tutorial_dag.py took 0.103 seconds
[2025-11-27T14:35:51.373-0300] {processor.py:161} INFO - Started process (PID=7739) to work on /Users/davispecia/Documents/GitHub/Pf_pipeline_dados/Projeto_final_fase3/venv/lib/python3.9/site-packages/airflow/example_dags/tutorial_dag.py
[2025-11-27T14:35:51.373-0300] {processor.py:830} INFO - Processing file /Users/davispecia/Documents/GitHub/Pf_pipeline_dados/Projeto_final_fase3/venv/lib/python3.9/site-packages/airflow/example_dags/tutorial_dag.py for tasks to queue
[2025-11-27T14:35:51.374-0300] {logging_mixin.py:188} INFO - [2025-11-27T14:35:51.374-0300] {dagbag.py:545} INFO - Filling up the DagBag from /Users/davispecia/Documents/GitHub/Pf_pipeline_dados/Projeto_final_fase3/venv/lib/python3.9/site-packages/airflow/example_dags/tutorial_dag.py
[2025-11-27T14:35:51.387-0300] {processor.py:840} INFO - DAG(s) 'tutorial_dag' retrieved from /Users/davispecia/Documents/GitHub/Pf_pipeline_dados/Projeto_final_fase3/venv/lib/python3.9/site-packages/airflow/example_dags/tutorial_dag.py
[2025-11-27T14:35:51.458-0300] {logging_mixin.py:188} INFO - [2025-11-27T14:35:51.458-0300] {dag.py:3089} INFO - Sync 1 DAGs
[2025-11-27T14:35:51.463-0300] {logging_mixin.py:188} INFO - [2025-11-27T14:35:51.463-0300] {dag.py:3947} INFO - Setting next_dagrun for tutorial_dag to None, run_after=None
[2025-11-27T14:35:51.472-0300] {processor.py:183} INFO - Processing /Users/davispecia/Documents/GitHub/Pf_pipeline_dados/Projeto_final_fase3/venv/lib/python3.9/site-packages/airflow/example_dags/tutorial_dag.py took 0.101 seconds
[2025-11-27T14:36:58.994-0300] {processor.py:161} INFO - Started process (PID=7905) to work on /Users/davispecia/Documents/GitHub/Pf_pipeline_dados/Projeto_final_fase3/venv/lib/python3.9/site-packages/airflow/example_dags/tutorial_dag.py
[2025-11-27T14:36:58.994-0300] {processor.py:830} INFO - Processing file /Users/davispecia/Documents/GitHub/Pf_pipeline_dados/Projeto_final_fase3/venv/lib/python3.9/site-packages/airflow/example_dags/tutorial_dag.py for tasks to queue
[2025-11-27T14:36:58.995-0300] {logging_mixin.py:188} INFO - [2025-11-27T14:36:58.995-0300] {dagbag.py:545} INFO - Filling up the DagBag from /Users/davispecia/Documents/GitHub/Pf_pipeline_dados/Projeto_final_fase3/venv/lib/python3.9/site-packages/airflow/example_dags/tutorial_dag.py
[2025-11-27T14:36:59.009-0300] {processor.py:840} INFO - DAG(s) 'tutorial_dag' retrieved from /Users/davispecia/Documents/GitHub/Pf_pipeline_dados/Projeto_final_fase3/venv/lib/python3.9/site-packages/airflow/example_dags/tutorial_dag.py
[2025-11-27T14:36:59.081-0300] {logging_mixin.py:188} INFO - [2025-11-27T14:36:59.081-0300] {dag.py:3089} INFO - Sync 1 DAGs
[2025-11-27T14:36:59.086-0300] {logging_mixin.py:188} INFO - [2025-11-27T14:36:59.086-0300] {dag.py:3947} INFO - Setting next_dagrun for tutorial_dag to None, run_after=None
[2025-11-27T14:36:59.095-0300] {processor.py:183} INFO - Processing /Users/davispecia/Documents/GitHub/Pf_pipeline_dados/Projeto_final_fase3/venv/lib/python3.9/site-packages/airflow/example_dags/tutorial_dag.py took 0.104 seconds
[2025-11-27T14:38:05.741-0300] {processor.py:161} INFO - Started process (PID=8061) to work on /Users/davispecia/Documents/GitHub/Pf_pipeline_dados/Projeto_final_fase3/venv/lib/python3.9/site-packages/airflow/example_dags/tutorial_dag.py
[2025-11-27T14:38:05.741-0300] {processor.py:830} INFO - Processing file /Users/davispecia/Documents/GitHub/Pf_pipeline_dados/Projeto_final_fase3/venv/lib/python3.9/site-packages/airflow/example_dags/tutorial_dag.py for tasks to queue
[2025-11-27T14:38:05.742-0300] {logging_mixin.py:188} INFO - [2025-11-27T14:38:05.742-0300] {dagbag.py:545} INFO - Filling up the DagBag from /Users/davispecia/Documents/GitHub/Pf_pipeline_dados/Projeto_final_fase3/venv/lib/python3.9/site-packages/airflow/example_dags/tutorial_dag.py
[2025-11-27T14:38:05.754-0300] {processor.py:840} INFO - DAG(s) 'tutorial_dag' retrieved from /Users/davispecia/Documents/GitHub/Pf_pipeline_dados/Projeto_final_fase3/venv/lib/python3.9/site-packages/airflow/example_dags/tutorial_dag.py
[2025-11-27T14:38:05.823-0300] {logging_mixin.py:188} INFO - [2025-11-27T14:38:05.823-0300] {dag.py:3089} INFO - Sync 1 DAGs
[2025-11-27T14:38:05.828-0300] {logging_mixin.py:188} INFO - [2025-11-27T14:38:05.828-0300] {dag.py:3947} INFO - Setting next_dagrun for tutorial_dag to None, run_after=None
[2025-11-27T14:38:05.837-0300] {processor.py:183} INFO - Processing /Users/davispecia/Documents/GitHub/Pf_pipeline_dados/Projeto_final_fase3/venv/lib/python3.9/site-packages/airflow/example_dags/tutorial_dag.py took 0.098 seconds
[2025-11-27T14:39:22.340-0300] {processor.py:161} INFO - Started process (PID=8304) to work on /Users/davispecia/Documents/GitHub/Pf_pipeline_dados/Projeto_final_fase3/venv/lib/python3.9/site-packages/airflow/example_dags/tutorial_dag.py
[2025-11-27T14:39:22.340-0300] {processor.py:830} INFO - Processing file /Users/davispecia/Documents/GitHub/Pf_pipeline_dados/Projeto_final_fase3/venv/lib/python3.9/site-packages/airflow/example_dags/tutorial_dag.py for tasks to queue
[2025-11-27T14:39:22.341-0300] {logging_mixin.py:188} INFO - [2025-11-27T14:39:22.341-0300] {dagbag.py:545} INFO - Filling up the DagBag from /Users/davispecia/Documents/GitHub/Pf_pipeline_dados/Projeto_final_fase3/venv/lib/python3.9/site-packages/airflow/example_dags/tutorial_dag.py
[2025-11-27T14:39:22.354-0300] {processor.py:840} INFO - DAG(s) 'tutorial_dag' retrieved from /Users/davispecia/Documents/GitHub/Pf_pipeline_dados/Projeto_final_fase3/venv/lib/python3.9/site-packages/airflow/example_dags/tutorial_dag.py
[2025-11-27T14:39:22.425-0300] {logging_mixin.py:188} INFO - [2025-11-27T14:39:22.424-0300] {dag.py:3089} INFO - Sync 1 DAGs
[2025-11-27T14:39:22.429-0300] {logging_mixin.py:188} INFO - [2025-11-27T14:39:22.429-0300] {dag.py:3947} INFO - Setting next_dagrun for tutorial_dag to None, run_after=None
[2025-11-27T14:39:22.440-0300] {processor.py:183} INFO - Processing /Users/davispecia/Documents/GitHub/Pf_pipeline_dados/Projeto_final_fase3/venv/lib/python3.9/site-packages/airflow/example_dags/tutorial_dag.py took 0.102 seconds
[2025-11-27T14:40:27.173-0300] {processor.py:161} INFO - Started process (PID=8461) to work on /Users/davispecia/Documents/GitHub/Pf_pipeline_dados/Projeto_final_fase3/venv/lib/python3.9/site-packages/airflow/example_dags/tutorial_dag.py
[2025-11-27T14:40:27.174-0300] {processor.py:830} INFO - Processing file /Users/davispecia/Documents/GitHub/Pf_pipeline_dados/Projeto_final_fase3/venv/lib/python3.9/site-packages/airflow/example_dags/tutorial_dag.py for tasks to queue
[2025-11-27T14:40:27.175-0300] {logging_mixin.py:188} INFO - [2025-11-27T14:40:27.175-0300] {dagbag.py:545} INFO - Filling up the DagBag from /Users/davispecia/Documents/GitHub/Pf_pipeline_dados/Projeto_final_fase3/venv/lib/python3.9/site-packages/airflow/example_dags/tutorial_dag.py
[2025-11-27T14:40:27.188-0300] {processor.py:840} INFO - DAG(s) 'tutorial_dag' retrieved from /Users/davispecia/Documents/GitHub/Pf_pipeline_dados/Projeto_final_fase3/venv/lib/python3.9/site-packages/airflow/example_dags/tutorial_dag.py
[2025-11-27T14:40:27.260-0300] {logging_mixin.py:188} INFO - [2025-11-27T14:40:27.260-0300] {dag.py:3089} INFO - Sync 1 DAGs
[2025-11-27T14:40:27.265-0300] {logging_mixin.py:188} INFO - [2025-11-27T14:40:27.265-0300] {dag.py:3947} INFO - Setting next_dagrun for tutorial_dag to None, run_after=None
[2025-11-27T14:40:27.274-0300] {processor.py:183} INFO - Processing /Users/davispecia/Documents/GitHub/Pf_pipeline_dados/Projeto_final_fase3/venv/lib/python3.9/site-packages/airflow/example_dags/tutorial_dag.py took 0.103 seconds
[2025-11-27T14:41:30.421-0300] {processor.py:161} INFO - Started process (PID=8675) to work on /Users/davispecia/Documents/GitHub/Pf_pipeline_dados/Projeto_final_fase3/venv/lib/python3.9/site-packages/airflow/example_dags/tutorial_dag.py
[2025-11-27T14:41:30.422-0300] {processor.py:830} INFO - Processing file /Users/davispecia/Documents/GitHub/Pf_pipeline_dados/Projeto_final_fase3/venv/lib/python3.9/site-packages/airflow/example_dags/tutorial_dag.py for tasks to queue
[2025-11-27T14:41:30.423-0300] {logging_mixin.py:188} INFO - [2025-11-27T14:41:30.423-0300] {dagbag.py:545} INFO - Filling up the DagBag from /Users/davispecia/Documents/GitHub/Pf_pipeline_dados/Projeto_final_fase3/venv/lib/python3.9/site-packages/airflow/example_dags/tutorial_dag.py
[2025-11-27T14:41:30.436-0300] {processor.py:840} INFO - DAG(s) 'tutorial_dag' retrieved from /Users/davispecia/Documents/GitHub/Pf_pipeline_dados/Projeto_final_fase3/venv/lib/python3.9/site-packages/airflow/example_dags/tutorial_dag.py
[2025-11-27T14:41:30.510-0300] {logging_mixin.py:188} INFO - [2025-11-27T14:41:30.510-0300] {dag.py:3089} INFO - Sync 1 DAGs
[2025-11-27T14:41:30.515-0300] {logging_mixin.py:188} INFO - [2025-11-27T14:41:30.515-0300] {dag.py:3947} INFO - Setting next_dagrun for tutorial_dag to None, run_after=None
[2025-11-27T14:41:30.524-0300] {processor.py:183} INFO - Processing /Users/davispecia/Documents/GitHub/Pf_pipeline_dados/Projeto_final_fase3/venv/lib/python3.9/site-packages/airflow/example_dags/tutorial_dag.py took 0.105 seconds
[2025-11-27T14:42:32.220-0300] {processor.py:161} INFO - Started process (PID=8836) to work on /Users/davispecia/Documents/GitHub/Pf_pipeline_dados/Projeto_final_fase3/venv/lib/python3.9/site-packages/airflow/example_dags/tutorial_dag.py
[2025-11-27T14:42:32.221-0300] {processor.py:830} INFO - Processing file /Users/davispecia/Documents/GitHub/Pf_pipeline_dados/Projeto_final_fase3/venv/lib/python3.9/site-packages/airflow/example_dags/tutorial_dag.py for tasks to queue
[2025-11-27T14:42:32.221-0300] {logging_mixin.py:188} INFO - [2025-11-27T14:42:32.221-0300] {dagbag.py:545} INFO - Filling up the DagBag from /Users/davispecia/Documents/GitHub/Pf_pipeline_dados/Projeto_final_fase3/venv/lib/python3.9/site-packages/airflow/example_dags/tutorial_dag.py
[2025-11-27T14:42:32.239-0300] {processor.py:840} INFO - DAG(s) 'tutorial_dag' retrieved from /Users/davispecia/Documents/GitHub/Pf_pipeline_dados/Projeto_final_fase3/venv/lib/python3.9/site-packages/airflow/example_dags/tutorial_dag.py
[2025-11-27T14:42:32.313-0300] {logging_mixin.py:188} INFO - [2025-11-27T14:42:32.312-0300] {dag.py:3089} INFO - Sync 1 DAGs
[2025-11-27T14:42:32.317-0300] {logging_mixin.py:188} INFO - [2025-11-27T14:42:32.317-0300] {dag.py:3947} INFO - Setting next_dagrun for tutorial_dag to None, run_after=None
[2025-11-27T14:42:32.326-0300] {processor.py:183} INFO - Processing /Users/davispecia/Documents/GitHub/Pf_pipeline_dados/Projeto_final_fase3/venv/lib/python3.9/site-packages/airflow/example_dags/tutorial_dag.py took 0.108 seconds
[2025-11-27T14:43:34.038-0300] {processor.py:161} INFO - Started process (PID=9004) to work on /Users/davispecia/Documents/GitHub/Pf_pipeline_dados/Projeto_final_fase3/venv/lib/python3.9/site-packages/airflow/example_dags/tutorial_dag.py
[2025-11-27T14:43:34.039-0300] {processor.py:830} INFO - Processing file /Users/davispecia/Documents/GitHub/Pf_pipeline_dados/Projeto_final_fase3/venv/lib/python3.9/site-packages/airflow/example_dags/tutorial_dag.py for tasks to queue
[2025-11-27T14:43:34.039-0300] {logging_mixin.py:188} INFO - [2025-11-27T14:43:34.039-0300] {dagbag.py:545} INFO - Filling up the DagBag from /Users/davispecia/Documents/GitHub/Pf_pipeline_dados/Projeto_final_fase3/venv/lib/python3.9/site-packages/airflow/example_dags/tutorial_dag.py
[2025-11-27T14:43:34.052-0300] {processor.py:840} INFO - DAG(s) 'tutorial_dag' retrieved from /Users/davispecia/Documents/GitHub/Pf_pipeline_dados/Projeto_final_fase3/venv/lib/python3.9/site-packages/airflow/example_dags/tutorial_dag.py
[2025-11-27T14:43:34.124-0300] {logging_mixin.py:188} INFO - [2025-11-27T14:43:34.124-0300] {dag.py:3089} INFO - Sync 1 DAGs
[2025-11-27T14:43:34.129-0300] {logging_mixin.py:188} INFO - [2025-11-27T14:43:34.129-0300] {dag.py:3947} INFO - Setting next_dagrun for tutorial_dag to None, run_after=None
[2025-11-27T14:43:34.138-0300] {processor.py:183} INFO - Processing /Users/davispecia/Documents/GitHub/Pf_pipeline_dados/Projeto_final_fase3/venv/lib/python3.9/site-packages/airflow/example_dags/tutorial_dag.py took 0.103 seconds
[2025-11-27T14:44:46.677-0300] {processor.py:161} INFO - Started process (PID=9292) to work on /Users/davispecia/Documents/GitHub/Pf_pipeline_dados/Projeto_final_fase3/venv/lib/python3.9/site-packages/airflow/example_dags/tutorial_dag.py
[2025-11-27T14:44:46.678-0300] {processor.py:830} INFO - Processing file /Users/davispecia/Documents/GitHub/Pf_pipeline_dados/Projeto_final_fase3/venv/lib/python3.9/site-packages/airflow/example_dags/tutorial_dag.py for tasks to queue
[2025-11-27T14:44:46.679-0300] {logging_mixin.py:188} INFO - [2025-11-27T14:44:46.678-0300] {dagbag.py:545} INFO - Filling up the DagBag from /Users/davispecia/Documents/GitHub/Pf_pipeline_dados/Projeto_final_fase3/venv/lib/python3.9/site-packages/airflow/example_dags/tutorial_dag.py
[2025-11-27T14:44:46.691-0300] {processor.py:840} INFO - DAG(s) 'tutorial_dag' retrieved from /Users/davispecia/Documents/GitHub/Pf_pipeline_dados/Projeto_final_fase3/venv/lib/python3.9/site-packages/airflow/example_dags/tutorial_dag.py
[2025-11-27T14:44:46.761-0300] {logging_mixin.py:188} INFO - [2025-11-27T14:44:46.761-0300] {dag.py:3089} INFO - Sync 1 DAGs
[2025-11-27T14:44:46.766-0300] {logging_mixin.py:188} INFO - [2025-11-27T14:44:46.765-0300] {dag.py:3947} INFO - Setting next_dagrun for tutorial_dag to None, run_after=None
[2025-11-27T14:44:46.776-0300] {processor.py:183} INFO - Processing /Users/davispecia/Documents/GitHub/Pf_pipeline_dados/Projeto_final_fase3/venv/lib/python3.9/site-packages/airflow/example_dags/tutorial_dag.py took 0.100 seconds
[2025-11-27T14:45:52.368-0300] {processor.py:161} INFO - Started process (PID=9449) to work on /Users/davispecia/Documents/GitHub/Pf_pipeline_dados/Projeto_final_fase3/venv/lib/python3.9/site-packages/airflow/example_dags/tutorial_dag.py
[2025-11-27T14:45:52.369-0300] {processor.py:830} INFO - Processing file /Users/davispecia/Documents/GitHub/Pf_pipeline_dados/Projeto_final_fase3/venv/lib/python3.9/site-packages/airflow/example_dags/tutorial_dag.py for tasks to queue
[2025-11-27T14:45:52.369-0300] {logging_mixin.py:188} INFO - [2025-11-27T14:45:52.369-0300] {dagbag.py:545} INFO - Filling up the DagBag from /Users/davispecia/Documents/GitHub/Pf_pipeline_dados/Projeto_final_fase3/venv/lib/python3.9/site-packages/airflow/example_dags/tutorial_dag.py
[2025-11-27T14:45:52.382-0300] {processor.py:840} INFO - DAG(s) 'tutorial_dag' retrieved from /Users/davispecia/Documents/GitHub/Pf_pipeline_dados/Projeto_final_fase3/venv/lib/python3.9/site-packages/airflow/example_dags/tutorial_dag.py
[2025-11-27T14:45:52.453-0300] {logging_mixin.py:188} INFO - [2025-11-27T14:45:52.453-0300] {dag.py:3089} INFO - Sync 1 DAGs
[2025-11-27T14:45:52.458-0300] {logging_mixin.py:188} INFO - [2025-11-27T14:45:52.458-0300] {dag.py:3947} INFO - Setting next_dagrun for tutorial_dag to None, run_after=None
[2025-11-27T14:45:52.467-0300] {processor.py:183} INFO - Processing /Users/davispecia/Documents/GitHub/Pf_pipeline_dados/Projeto_final_fase3/venv/lib/python3.9/site-packages/airflow/example_dags/tutorial_dag.py took 0.101 seconds
[2025-11-27T14:46:56.860-0300] {processor.py:161} INFO - Started process (PID=9598) to work on /Users/davispecia/Documents/GitHub/Pf_pipeline_dados/Projeto_final_fase3/venv/lib/python3.9/site-packages/airflow/example_dags/tutorial_dag.py
[2025-11-27T14:46:56.862-0300] {processor.py:830} INFO - Processing file /Users/davispecia/Documents/GitHub/Pf_pipeline_dados/Projeto_final_fase3/venv/lib/python3.9/site-packages/airflow/example_dags/tutorial_dag.py for tasks to queue
[2025-11-27T14:46:56.862-0300] {logging_mixin.py:188} INFO - [2025-11-27T14:46:56.862-0300] {dagbag.py:545} INFO - Filling up the DagBag from /Users/davispecia/Documents/GitHub/Pf_pipeline_dados/Projeto_final_fase3/venv/lib/python3.9/site-packages/airflow/example_dags/tutorial_dag.py
[2025-11-27T14:46:56.875-0300] {processor.py:840} INFO - DAG(s) 'tutorial_dag' retrieved from /Users/davispecia/Documents/GitHub/Pf_pipeline_dados/Projeto_final_fase3/venv/lib/python3.9/site-packages/airflow/example_dags/tutorial_dag.py
[2025-11-27T14:46:56.951-0300] {logging_mixin.py:188} INFO - [2025-11-27T14:46:56.950-0300] {dag.py:3089} INFO - Sync 1 DAGs
[2025-11-27T14:46:56.956-0300] {logging_mixin.py:188} INFO - [2025-11-27T14:46:56.956-0300] {dag.py:3947} INFO - Setting next_dagrun for tutorial_dag to None, run_after=None
[2025-11-27T14:46:56.965-0300] {processor.py:183} INFO - Processing /Users/davispecia/Documents/GitHub/Pf_pipeline_dados/Projeto_final_fase3/venv/lib/python3.9/site-packages/airflow/example_dags/tutorial_dag.py took 0.107 seconds
[2025-11-27T14:48:02.543-0300] {processor.py:161} INFO - Started process (PID=9769) to work on /Users/davispecia/Documents/GitHub/Pf_pipeline_dados/Projeto_final_fase3/venv/lib/python3.9/site-packages/airflow/example_dags/tutorial_dag.py
[2025-11-27T14:48:02.544-0300] {processor.py:830} INFO - Processing file /Users/davispecia/Documents/GitHub/Pf_pipeline_dados/Projeto_final_fase3/venv/lib/python3.9/site-packages/airflow/example_dags/tutorial_dag.py for tasks to queue
[2025-11-27T14:48:02.544-0300] {logging_mixin.py:188} INFO - [2025-11-27T14:48:02.544-0300] {dagbag.py:545} INFO - Filling up the DagBag from /Users/davispecia/Documents/GitHub/Pf_pipeline_dados/Projeto_final_fase3/venv/lib/python3.9/site-packages/airflow/example_dags/tutorial_dag.py
[2025-11-27T14:48:02.556-0300] {processor.py:840} INFO - DAG(s) 'tutorial_dag' retrieved from /Users/davispecia/Documents/GitHub/Pf_pipeline_dados/Projeto_final_fase3/venv/lib/python3.9/site-packages/airflow/example_dags/tutorial_dag.py
[2025-11-27T14:48:02.626-0300] {logging_mixin.py:188} INFO - [2025-11-27T14:48:02.626-0300] {dag.py:3089} INFO - Sync 1 DAGs
[2025-11-27T14:48:02.631-0300] {logging_mixin.py:188} INFO - [2025-11-27T14:48:02.631-0300] {dag.py:3947} INFO - Setting next_dagrun for tutorial_dag to None, run_after=None
[2025-11-27T14:48:02.640-0300] {processor.py:183} INFO - Processing /Users/davispecia/Documents/GitHub/Pf_pipeline_dados/Projeto_final_fase3/venv/lib/python3.9/site-packages/airflow/example_dags/tutorial_dag.py took 0.099 seconds
[2025-11-27T14:49:05.273-0300] {processor.py:161} INFO - Started process (PID=9916) to work on /Users/davispecia/Documents/GitHub/Pf_pipeline_dados/Projeto_final_fase3/venv/lib/python3.9/site-packages/airflow/example_dags/tutorial_dag.py
[2025-11-27T14:49:05.274-0300] {processor.py:830} INFO - Processing file /Users/davispecia/Documents/GitHub/Pf_pipeline_dados/Projeto_final_fase3/venv/lib/python3.9/site-packages/airflow/example_dags/tutorial_dag.py for tasks to queue
[2025-11-27T14:49:05.275-0300] {logging_mixin.py:188} INFO - [2025-11-27T14:49:05.275-0300] {dagbag.py:545} INFO - Filling up the DagBag from /Users/davispecia/Documents/GitHub/Pf_pipeline_dados/Projeto_final_fase3/venv/lib/python3.9/site-packages/airflow/example_dags/tutorial_dag.py
[2025-11-27T14:49:05.287-0300] {processor.py:840} INFO - DAG(s) 'tutorial_dag' retrieved from /Users/davispecia/Documents/GitHub/Pf_pipeline_dados/Projeto_final_fase3/venv/lib/python3.9/site-packages/airflow/example_dags/tutorial_dag.py
[2025-11-27T14:49:05.359-0300] {logging_mixin.py:188} INFO - [2025-11-27T14:49:05.359-0300] {dag.py:3089} INFO - Sync 1 DAGs
[2025-11-27T14:49:05.364-0300] {logging_mixin.py:188} INFO - [2025-11-27T14:49:05.364-0300] {dag.py:3947} INFO - Setting next_dagrun for tutorial_dag to None, run_after=None
[2025-11-27T14:49:05.373-0300] {processor.py:183} INFO - Processing /Users/davispecia/Documents/GitHub/Pf_pipeline_dados/Projeto_final_fase3/venv/lib/python3.9/site-packages/airflow/example_dags/tutorial_dag.py took 0.103 seconds
[2025-11-27T14:50:19.053-0300] {processor.py:161} INFO - Started process (PID=10165) to work on /Users/davispecia/Documents/GitHub/Pf_pipeline_dados/Projeto_final_fase3/venv/lib/python3.9/site-packages/airflow/example_dags/tutorial_dag.py
[2025-11-27T14:50:19.054-0300] {processor.py:830} INFO - Processing file /Users/davispecia/Documents/GitHub/Pf_pipeline_dados/Projeto_final_fase3/venv/lib/python3.9/site-packages/airflow/example_dags/tutorial_dag.py for tasks to queue
[2025-11-27T14:50:19.055-0300] {logging_mixin.py:188} INFO - [2025-11-27T14:50:19.055-0300] {dagbag.py:545} INFO - Filling up the DagBag from /Users/davispecia/Documents/GitHub/Pf_pipeline_dados/Projeto_final_fase3/venv/lib/python3.9/site-packages/airflow/example_dags/tutorial_dag.py
[2025-11-27T14:50:19.067-0300] {processor.py:840} INFO - DAG(s) 'tutorial_dag' retrieved from /Users/davispecia/Documents/GitHub/Pf_pipeline_dados/Projeto_final_fase3/venv/lib/python3.9/site-packages/airflow/example_dags/tutorial_dag.py
[2025-11-27T14:50:19.135-0300] {logging_mixin.py:188} INFO - [2025-11-27T14:50:19.134-0300] {dag.py:3089} INFO - Sync 1 DAGs
[2025-11-27T14:50:19.139-0300] {logging_mixin.py:188} INFO - [2025-11-27T14:50:19.139-0300] {dag.py:3947} INFO - Setting next_dagrun for tutorial_dag to None, run_after=None
[2025-11-27T14:50:19.150-0300] {processor.py:183} INFO - Processing /Users/davispecia/Documents/GitHub/Pf_pipeline_dados/Projeto_final_fase3/venv/lib/python3.9/site-packages/airflow/example_dags/tutorial_dag.py took 0.099 seconds
[2025-11-27T14:51:22.692-0300] {processor.py:161} INFO - Started process (PID=10313) to work on /Users/davispecia/Documents/GitHub/Pf_pipeline_dados/Projeto_final_fase3/venv/lib/python3.9/site-packages/airflow/example_dags/tutorial_dag.py
[2025-11-27T14:51:22.693-0300] {processor.py:830} INFO - Processing file /Users/davispecia/Documents/GitHub/Pf_pipeline_dados/Projeto_final_fase3/venv/lib/python3.9/site-packages/airflow/example_dags/tutorial_dag.py for tasks to queue
[2025-11-27T14:51:22.693-0300] {logging_mixin.py:188} INFO - [2025-11-27T14:51:22.693-0300] {dagbag.py:545} INFO - Filling up the DagBag from /Users/davispecia/Documents/GitHub/Pf_pipeline_dados/Projeto_final_fase3/venv/lib/python3.9/site-packages/airflow/example_dags/tutorial_dag.py
[2025-11-27T14:51:22.705-0300] {processor.py:840} INFO - DAG(s) 'tutorial_dag' retrieved from /Users/davispecia/Documents/GitHub/Pf_pipeline_dados/Projeto_final_fase3/venv/lib/python3.9/site-packages/airflow/example_dags/tutorial_dag.py
[2025-11-27T14:51:22.773-0300] {logging_mixin.py:188} INFO - [2025-11-27T14:51:22.773-0300] {dag.py:3089} INFO - Sync 1 DAGs
[2025-11-27T14:51:22.778-0300] {logging_mixin.py:188} INFO - [2025-11-27T14:51:22.778-0300] {dag.py:3947} INFO - Setting next_dagrun for tutorial_dag to None, run_after=None
[2025-11-27T14:51:22.788-0300] {processor.py:183} INFO - Processing /Users/davispecia/Documents/GitHub/Pf_pipeline_dados/Projeto_final_fase3/venv/lib/python3.9/site-packages/airflow/example_dags/tutorial_dag.py took 0.098 seconds
[2025-11-27T14:52:27.977-0300] {processor.py:161} INFO - Started process (PID=10485) to work on /Users/davispecia/Documents/GitHub/Pf_pipeline_dados/Projeto_final_fase3/venv/lib/python3.9/site-packages/airflow/example_dags/tutorial_dag.py
[2025-11-27T14:52:27.979-0300] {processor.py:830} INFO - Processing file /Users/davispecia/Documents/GitHub/Pf_pipeline_dados/Projeto_final_fase3/venv/lib/python3.9/site-packages/airflow/example_dags/tutorial_dag.py for tasks to queue
[2025-11-27T14:52:27.979-0300] {logging_mixin.py:188} INFO - [2025-11-27T14:52:27.979-0300] {dagbag.py:545} INFO - Filling up the DagBag from /Users/davispecia/Documents/GitHub/Pf_pipeline_dados/Projeto_final_fase3/venv/lib/python3.9/site-packages/airflow/example_dags/tutorial_dag.py
[2025-11-27T14:52:27.991-0300] {processor.py:840} INFO - DAG(s) 'tutorial_dag' retrieved from /Users/davispecia/Documents/GitHub/Pf_pipeline_dados/Projeto_final_fase3/venv/lib/python3.9/site-packages/airflow/example_dags/tutorial_dag.py
[2025-11-27T14:52:28.058-0300] {logging_mixin.py:188} INFO - [2025-11-27T14:52:28.058-0300] {dag.py:3089} INFO - Sync 1 DAGs
[2025-11-27T14:52:28.063-0300] {logging_mixin.py:188} INFO - [2025-11-27T14:52:28.062-0300] {dag.py:3947} INFO - Setting next_dagrun for tutorial_dag to None, run_after=None
[2025-11-27T14:52:28.073-0300] {processor.py:183} INFO - Processing /Users/davispecia/Documents/GitHub/Pf_pipeline_dados/Projeto_final_fase3/venv/lib/python3.9/site-packages/airflow/example_dags/tutorial_dag.py took 0.098 seconds
[2025-11-27T14:53:29.576-0300] {processor.py:161} INFO - Started process (PID=10634) to work on /Users/davispecia/Documents/GitHub/Pf_pipeline_dados/Projeto_final_fase3/venv/lib/python3.9/site-packages/airflow/example_dags/tutorial_dag.py
[2025-11-27T14:53:29.577-0300] {processor.py:830} INFO - Processing file /Users/davispecia/Documents/GitHub/Pf_pipeline_dados/Projeto_final_fase3/venv/lib/python3.9/site-packages/airflow/example_dags/tutorial_dag.py for tasks to queue
[2025-11-27T14:53:29.577-0300] {logging_mixin.py:188} INFO - [2025-11-27T14:53:29.577-0300] {dagbag.py:545} INFO - Filling up the DagBag from /Users/davispecia/Documents/GitHub/Pf_pipeline_dados/Projeto_final_fase3/venv/lib/python3.9/site-packages/airflow/example_dags/tutorial_dag.py
[2025-11-27T14:53:29.589-0300] {processor.py:840} INFO - DAG(s) 'tutorial_dag' retrieved from /Users/davispecia/Documents/GitHub/Pf_pipeline_dados/Projeto_final_fase3/venv/lib/python3.9/site-packages/airflow/example_dags/tutorial_dag.py
[2025-11-27T14:53:29.659-0300] {logging_mixin.py:188} INFO - [2025-11-27T14:53:29.659-0300] {dag.py:3089} INFO - Sync 1 DAGs
[2025-11-27T14:53:29.664-0300] {logging_mixin.py:188} INFO - [2025-11-27T14:53:29.664-0300] {dag.py:3947} INFO - Setting next_dagrun for tutorial_dag to None, run_after=None
[2025-11-27T14:53:29.673-0300] {processor.py:183} INFO - Processing /Users/davispecia/Documents/GitHub/Pf_pipeline_dados/Projeto_final_fase3/venv/lib/python3.9/site-packages/airflow/example_dags/tutorial_dag.py took 0.099 seconds
[2025-11-27T14:54:31.129-0300] {processor.py:161} INFO - Started process (PID=10782) to work on /Users/davispecia/Documents/GitHub/Pf_pipeline_dados/Projeto_final_fase3/venv/lib/python3.9/site-packages/airflow/example_dags/tutorial_dag.py
[2025-11-27T14:54:31.131-0300] {processor.py:830} INFO - Processing file /Users/davispecia/Documents/GitHub/Pf_pipeline_dados/Projeto_final_fase3/venv/lib/python3.9/site-packages/airflow/example_dags/tutorial_dag.py for tasks to queue
[2025-11-27T14:54:31.131-0300] {logging_mixin.py:188} INFO - [2025-11-27T14:54:31.131-0300] {dagbag.py:545} INFO - Filling up the DagBag from /Users/davispecia/Documents/GitHub/Pf_pipeline_dados/Projeto_final_fase3/venv/lib/python3.9/site-packages/airflow/example_dags/tutorial_dag.py
[2025-11-27T14:54:31.143-0300] {processor.py:840} INFO - DAG(s) 'tutorial_dag' retrieved from /Users/davispecia/Documents/GitHub/Pf_pipeline_dados/Projeto_final_fase3/venv/lib/python3.9/site-packages/airflow/example_dags/tutorial_dag.py
[2025-11-27T14:54:31.213-0300] {logging_mixin.py:188} INFO - [2025-11-27T14:54:31.213-0300] {dag.py:3089} INFO - Sync 1 DAGs
[2025-11-27T14:54:31.219-0300] {logging_mixin.py:188} INFO - [2025-11-27T14:54:31.218-0300] {dag.py:3947} INFO - Setting next_dagrun for tutorial_dag to None, run_after=None
[2025-11-27T14:54:31.228-0300] {processor.py:183} INFO - Processing /Users/davispecia/Documents/GitHub/Pf_pipeline_dados/Projeto_final_fase3/venv/lib/python3.9/site-packages/airflow/example_dags/tutorial_dag.py took 0.100 seconds
[2025-11-27T14:55:41.708-0300] {processor.py:161} INFO - Started process (PID=11008) to work on /Users/davispecia/Documents/GitHub/Pf_pipeline_dados/Projeto_final_fase3/venv/lib/python3.9/site-packages/airflow/example_dags/tutorial_dag.py
[2025-11-27T14:55:41.709-0300] {processor.py:830} INFO - Processing file /Users/davispecia/Documents/GitHub/Pf_pipeline_dados/Projeto_final_fase3/venv/lib/python3.9/site-packages/airflow/example_dags/tutorial_dag.py for tasks to queue
[2025-11-27T14:55:41.709-0300] {logging_mixin.py:188} INFO - [2025-11-27T14:55:41.709-0300] {dagbag.py:545} INFO - Filling up the DagBag from /Users/davispecia/Documents/GitHub/Pf_pipeline_dados/Projeto_final_fase3/venv/lib/python3.9/site-packages/airflow/example_dags/tutorial_dag.py
[2025-11-27T14:55:41.722-0300] {processor.py:840} INFO - DAG(s) 'tutorial_dag' retrieved from /Users/davispecia/Documents/GitHub/Pf_pipeline_dados/Projeto_final_fase3/venv/lib/python3.9/site-packages/airflow/example_dags/tutorial_dag.py
[2025-11-27T14:55:41.790-0300] {logging_mixin.py:188} INFO - [2025-11-27T14:55:41.790-0300] {dag.py:3089} INFO - Sync 1 DAGs
[2025-11-27T14:55:41.795-0300] {logging_mixin.py:188} INFO - [2025-11-27T14:55:41.795-0300] {dag.py:3947} INFO - Setting next_dagrun for tutorial_dag to None, run_after=None
[2025-11-27T14:55:41.804-0300] {processor.py:183} INFO - Processing /Users/davispecia/Documents/GitHub/Pf_pipeline_dados/Projeto_final_fase3/venv/lib/python3.9/site-packages/airflow/example_dags/tutorial_dag.py took 0.098 seconds
[2025-11-27T14:56:48.447-0300] {processor.py:161} INFO - Started process (PID=11184) to work on /Users/davispecia/Documents/GitHub/Pf_pipeline_dados/Projeto_final_fase3/venv/lib/python3.9/site-packages/airflow/example_dags/tutorial_dag.py
[2025-11-27T14:56:48.448-0300] {processor.py:830} INFO - Processing file /Users/davispecia/Documents/GitHub/Pf_pipeline_dados/Projeto_final_fase3/venv/lib/python3.9/site-packages/airflow/example_dags/tutorial_dag.py for tasks to queue
[2025-11-27T14:56:48.449-0300] {logging_mixin.py:188} INFO - [2025-11-27T14:56:48.449-0300] {dagbag.py:545} INFO - Filling up the DagBag from /Users/davispecia/Documents/GitHub/Pf_pipeline_dados/Projeto_final_fase3/venv/lib/python3.9/site-packages/airflow/example_dags/tutorial_dag.py
[2025-11-27T14:56:48.461-0300] {processor.py:840} INFO - DAG(s) 'tutorial_dag' retrieved from /Users/davispecia/Documents/GitHub/Pf_pipeline_dados/Projeto_final_fase3/venv/lib/python3.9/site-packages/airflow/example_dags/tutorial_dag.py
[2025-11-27T14:56:48.528-0300] {logging_mixin.py:188} INFO - [2025-11-27T14:56:48.528-0300] {dag.py:3089} INFO - Sync 1 DAGs
[2025-11-27T14:56:48.533-0300] {logging_mixin.py:188} INFO - [2025-11-27T14:56:48.533-0300] {dag.py:3947} INFO - Setting next_dagrun for tutorial_dag to None, run_after=None
[2025-11-27T14:56:48.542-0300] {processor.py:183} INFO - Processing /Users/davispecia/Documents/GitHub/Pf_pipeline_dados/Projeto_final_fase3/venv/lib/python3.9/site-packages/airflow/example_dags/tutorial_dag.py took 0.097 seconds
[2025-11-27T14:57:48.030-0300] {processor.py:161} INFO - Started process (PID=11322) to work on /Users/davispecia/Documents/GitHub/Pf_pipeline_dados/Projeto_final_fase3/venv/lib/python3.9/site-packages/airflow/example_dags/tutorial_dag.py
[2025-11-27T14:57:48.031-0300] {processor.py:830} INFO - Processing file /Users/davispecia/Documents/GitHub/Pf_pipeline_dados/Projeto_final_fase3/venv/lib/python3.9/site-packages/airflow/example_dags/tutorial_dag.py for tasks to queue
[2025-11-27T14:57:48.031-0300] {logging_mixin.py:188} INFO - [2025-11-27T14:57:48.031-0300] {dagbag.py:545} INFO - Filling up the DagBag from /Users/davispecia/Documents/GitHub/Pf_pipeline_dados/Projeto_final_fase3/venv/lib/python3.9/site-packages/airflow/example_dags/tutorial_dag.py
[2025-11-27T14:57:48.043-0300] {processor.py:840} INFO - DAG(s) 'tutorial_dag' retrieved from /Users/davispecia/Documents/GitHub/Pf_pipeline_dados/Projeto_final_fase3/venv/lib/python3.9/site-packages/airflow/example_dags/tutorial_dag.py
[2025-11-27T14:57:48.111-0300] {logging_mixin.py:188} INFO - [2025-11-27T14:57:48.111-0300] {dag.py:3089} INFO - Sync 1 DAGs
[2025-11-27T14:57:48.116-0300] {logging_mixin.py:188} INFO - [2025-11-27T14:57:48.116-0300] {dag.py:3947} INFO - Setting next_dagrun for tutorial_dag to None, run_after=None
[2025-11-27T14:57:48.125-0300] {processor.py:183} INFO - Processing /Users/davispecia/Documents/GitHub/Pf_pipeline_dados/Projeto_final_fase3/venv/lib/python3.9/site-packages/airflow/example_dags/tutorial_dag.py took 0.097 seconds
[2025-11-27T14:58:52.955-0300] {processor.py:161} INFO - Started process (PID=11478) to work on /Users/davispecia/Documents/GitHub/Pf_pipeline_dados/Projeto_final_fase3/venv/lib/python3.9/site-packages/airflow/example_dags/tutorial_dag.py
[2025-11-27T14:58:52.956-0300] {processor.py:830} INFO - Processing file /Users/davispecia/Documents/GitHub/Pf_pipeline_dados/Projeto_final_fase3/venv/lib/python3.9/site-packages/airflow/example_dags/tutorial_dag.py for tasks to queue
[2025-11-27T14:58:52.957-0300] {logging_mixin.py:188} INFO - [2025-11-27T14:58:52.957-0300] {dagbag.py:545} INFO - Filling up the DagBag from /Users/davispecia/Documents/GitHub/Pf_pipeline_dados/Projeto_final_fase3/venv/lib/python3.9/site-packages/airflow/example_dags/tutorial_dag.py
[2025-11-27T14:58:52.969-0300] {processor.py:840} INFO - DAG(s) 'tutorial_dag' retrieved from /Users/davispecia/Documents/GitHub/Pf_pipeline_dados/Projeto_final_fase3/venv/lib/python3.9/site-packages/airflow/example_dags/tutorial_dag.py
[2025-11-27T14:58:53.036-0300] {logging_mixin.py:188} INFO - [2025-11-27T14:58:53.036-0300] {dag.py:3089} INFO - Sync 1 DAGs
[2025-11-27T14:58:53.041-0300] {logging_mixin.py:188} INFO - [2025-11-27T14:58:53.041-0300] {dag.py:3947} INFO - Setting next_dagrun for tutorial_dag to None, run_after=None
[2025-11-27T14:58:53.050-0300] {processor.py:183} INFO - Processing /Users/davispecia/Documents/GitHub/Pf_pipeline_dados/Projeto_final_fase3/venv/lib/python3.9/site-packages/airflow/example_dags/tutorial_dag.py took 0.097 seconds
[2025-11-27T14:59:56.232-0300] {processor.py:161} INFO - Started process (PID=11628) to work on /Users/davispecia/Documents/GitHub/Pf_pipeline_dados/Projeto_final_fase3/venv/lib/python3.9/site-packages/airflow/example_dags/tutorial_dag.py
[2025-11-27T14:59:56.234-0300] {processor.py:830} INFO - Processing file /Users/davispecia/Documents/GitHub/Pf_pipeline_dados/Projeto_final_fase3/venv/lib/python3.9/site-packages/airflow/example_dags/tutorial_dag.py for tasks to queue
[2025-11-27T14:59:56.234-0300] {logging_mixin.py:188} INFO - [2025-11-27T14:59:56.234-0300] {dagbag.py:545} INFO - Filling up the DagBag from /Users/davispecia/Documents/GitHub/Pf_pipeline_dados/Projeto_final_fase3/venv/lib/python3.9/site-packages/airflow/example_dags/tutorial_dag.py
[2025-11-27T14:59:56.246-0300] {processor.py:840} INFO - DAG(s) 'tutorial_dag' retrieved from /Users/davispecia/Documents/GitHub/Pf_pipeline_dados/Projeto_final_fase3/venv/lib/python3.9/site-packages/airflow/example_dags/tutorial_dag.py
[2025-11-27T14:59:56.313-0300] {logging_mixin.py:188} INFO - [2025-11-27T14:59:56.313-0300] {dag.py:3089} INFO - Sync 1 DAGs
[2025-11-27T14:59:56.318-0300] {logging_mixin.py:188} INFO - [2025-11-27T14:59:56.318-0300] {dag.py:3947} INFO - Setting next_dagrun for tutorial_dag to None, run_after=None
[2025-11-27T14:59:56.328-0300] {processor.py:183} INFO - Processing /Users/davispecia/Documents/GitHub/Pf_pipeline_dados/Projeto_final_fase3/venv/lib/python3.9/site-packages/airflow/example_dags/tutorial_dag.py took 0.097 seconds
[2025-11-27T15:01:08.100-0300] {processor.py:161} INFO - Started process (PID=11858) to work on /Users/davispecia/Documents/GitHub/Pf_pipeline_dados/Projeto_final_fase3/venv/lib/python3.9/site-packages/airflow/example_dags/tutorial_dag.py
[2025-11-27T15:01:08.102-0300] {processor.py:830} INFO - Processing file /Users/davispecia/Documents/GitHub/Pf_pipeline_dados/Projeto_final_fase3/venv/lib/python3.9/site-packages/airflow/example_dags/tutorial_dag.py for tasks to queue
[2025-11-27T15:01:08.103-0300] {logging_mixin.py:188} INFO - [2025-11-27T15:01:08.103-0300] {dagbag.py:545} INFO - Filling up the DagBag from /Users/davispecia/Documents/GitHub/Pf_pipeline_dados/Projeto_final_fase3/venv/lib/python3.9/site-packages/airflow/example_dags/tutorial_dag.py
[2025-11-27T15:01:08.117-0300] {processor.py:840} INFO - DAG(s) 'tutorial_dag' retrieved from /Users/davispecia/Documents/GitHub/Pf_pipeline_dados/Projeto_final_fase3/venv/lib/python3.9/site-packages/airflow/example_dags/tutorial_dag.py
[2025-11-27T15:01:08.185-0300] {logging_mixin.py:188} INFO - [2025-11-27T15:01:08.185-0300] {dag.py:3089} INFO - Sync 1 DAGs
[2025-11-27T15:01:08.190-0300] {logging_mixin.py:188} INFO - [2025-11-27T15:01:08.190-0300] {dag.py:3947} INFO - Setting next_dagrun for tutorial_dag to None, run_after=None
[2025-11-27T15:01:08.201-0300] {processor.py:183} INFO - Processing /Users/davispecia/Documents/GitHub/Pf_pipeline_dados/Projeto_final_fase3/venv/lib/python3.9/site-packages/airflow/example_dags/tutorial_dag.py took 0.103 seconds
[2025-11-27T15:02:10.916-0300] {processor.py:161} INFO - Started process (PID=12008) to work on /Users/davispecia/Documents/GitHub/Pf_pipeline_dados/Projeto_final_fase3/venv/lib/python3.9/site-packages/airflow/example_dags/tutorial_dag.py
[2025-11-27T15:02:10.916-0300] {processor.py:830} INFO - Processing file /Users/davispecia/Documents/GitHub/Pf_pipeline_dados/Projeto_final_fase3/venv/lib/python3.9/site-packages/airflow/example_dags/tutorial_dag.py for tasks to queue
[2025-11-27T15:02:10.917-0300] {logging_mixin.py:188} INFO - [2025-11-27T15:02:10.916-0300] {dagbag.py:545} INFO - Filling up the DagBag from /Users/davispecia/Documents/GitHub/Pf_pipeline_dados/Projeto_final_fase3/venv/lib/python3.9/site-packages/airflow/example_dags/tutorial_dag.py
[2025-11-27T15:02:10.929-0300] {processor.py:840} INFO - DAG(s) 'tutorial_dag' retrieved from /Users/davispecia/Documents/GitHub/Pf_pipeline_dados/Projeto_final_fase3/venv/lib/python3.9/site-packages/airflow/example_dags/tutorial_dag.py
[2025-11-27T15:02:10.998-0300] {logging_mixin.py:188} INFO - [2025-11-27T15:02:10.998-0300] {dag.py:3089} INFO - Sync 1 DAGs
[2025-11-27T15:02:11.002-0300] {logging_mixin.py:188} INFO - [2025-11-27T15:02:11.002-0300] {dag.py:3947} INFO - Setting next_dagrun for tutorial_dag to None, run_after=None
[2025-11-27T15:02:11.012-0300] {processor.py:183} INFO - Processing /Users/davispecia/Documents/GitHub/Pf_pipeline_dados/Projeto_final_fase3/venv/lib/python3.9/site-packages/airflow/example_dags/tutorial_dag.py took 0.098 seconds
[2025-11-27T15:03:16.078-0300] {processor.py:161} INFO - Started process (PID=12167) to work on /Users/davispecia/Documents/GitHub/Pf_pipeline_dados/Projeto_final_fase3/venv/lib/python3.9/site-packages/airflow/example_dags/tutorial_dag.py
[2025-11-27T15:03:16.079-0300] {processor.py:830} INFO - Processing file /Users/davispecia/Documents/GitHub/Pf_pipeline_dados/Projeto_final_fase3/venv/lib/python3.9/site-packages/airflow/example_dags/tutorial_dag.py for tasks to queue
[2025-11-27T15:03:16.079-0300] {logging_mixin.py:188} INFO - [2025-11-27T15:03:16.079-0300] {dagbag.py:545} INFO - Filling up the DagBag from /Users/davispecia/Documents/GitHub/Pf_pipeline_dados/Projeto_final_fase3/venv/lib/python3.9/site-packages/airflow/example_dags/tutorial_dag.py
[2025-11-27T15:03:16.092-0300] {processor.py:840} INFO - DAG(s) 'tutorial_dag' retrieved from /Users/davispecia/Documents/GitHub/Pf_pipeline_dados/Projeto_final_fase3/venv/lib/python3.9/site-packages/airflow/example_dags/tutorial_dag.py
[2025-11-27T15:03:16.162-0300] {logging_mixin.py:188} INFO - [2025-11-27T15:03:16.161-0300] {dag.py:3089} INFO - Sync 1 DAGs
[2025-11-27T15:03:16.166-0300] {logging_mixin.py:188} INFO - [2025-11-27T15:03:16.166-0300] {dag.py:3947} INFO - Setting next_dagrun for tutorial_dag to None, run_after=None
[2025-11-27T15:03:16.176-0300] {processor.py:183} INFO - Processing /Users/davispecia/Documents/GitHub/Pf_pipeline_dados/Projeto_final_fase3/venv/lib/python3.9/site-packages/airflow/example_dags/tutorial_dag.py took 0.100 seconds
[2025-11-27T15:04:18.196-0300] {processor.py:161} INFO - Started process (PID=12313) to work on /Users/davispecia/Documents/GitHub/Pf_pipeline_dados/Projeto_final_fase3/venv/lib/python3.9/site-packages/airflow/example_dags/tutorial_dag.py
[2025-11-27T15:04:18.197-0300] {processor.py:830} INFO - Processing file /Users/davispecia/Documents/GitHub/Pf_pipeline_dados/Projeto_final_fase3/venv/lib/python3.9/site-packages/airflow/example_dags/tutorial_dag.py for tasks to queue
[2025-11-27T15:04:18.198-0300] {logging_mixin.py:188} INFO - [2025-11-27T15:04:18.197-0300] {dagbag.py:545} INFO - Filling up the DagBag from /Users/davispecia/Documents/GitHub/Pf_pipeline_dados/Projeto_final_fase3/venv/lib/python3.9/site-packages/airflow/example_dags/tutorial_dag.py
[2025-11-27T15:04:18.210-0300] {processor.py:840} INFO - DAG(s) 'tutorial_dag' retrieved from /Users/davispecia/Documents/GitHub/Pf_pipeline_dados/Projeto_final_fase3/venv/lib/python3.9/site-packages/airflow/example_dags/tutorial_dag.py
[2025-11-27T15:04:18.279-0300] {logging_mixin.py:188} INFO - [2025-11-27T15:04:18.279-0300] {dag.py:3089} INFO - Sync 1 DAGs
[2025-11-27T15:04:18.284-0300] {logging_mixin.py:188} INFO - [2025-11-27T15:04:18.284-0300] {dag.py:3947} INFO - Setting next_dagrun for tutorial_dag to None, run_after=None
[2025-11-27T15:04:18.293-0300] {processor.py:183} INFO - Processing /Users/davispecia/Documents/GitHub/Pf_pipeline_dados/Projeto_final_fase3/venv/lib/python3.9/site-packages/airflow/example_dags/tutorial_dag.py took 0.098 seconds
[2025-11-27T15:05:22.022-0300] {processor.py:161} INFO - Started process (PID=12462) to work on /Users/davispecia/Documents/GitHub/Pf_pipeline_dados/Projeto_final_fase3/venv/lib/python3.9/site-packages/airflow/example_dags/tutorial_dag.py
[2025-11-27T15:05:22.023-0300] {processor.py:830} INFO - Processing file /Users/davispecia/Documents/GitHub/Pf_pipeline_dados/Projeto_final_fase3/venv/lib/python3.9/site-packages/airflow/example_dags/tutorial_dag.py for tasks to queue
[2025-11-27T15:05:22.023-0300] {logging_mixin.py:188} INFO - [2025-11-27T15:05:22.023-0300] {dagbag.py:545} INFO - Filling up the DagBag from /Users/davispecia/Documents/GitHub/Pf_pipeline_dados/Projeto_final_fase3/venv/lib/python3.9/site-packages/airflow/example_dags/tutorial_dag.py
[2025-11-27T15:05:22.035-0300] {processor.py:840} INFO - DAG(s) 'tutorial_dag' retrieved from /Users/davispecia/Documents/GitHub/Pf_pipeline_dados/Projeto_final_fase3/venv/lib/python3.9/site-packages/airflow/example_dags/tutorial_dag.py
[2025-11-27T15:05:22.103-0300] {logging_mixin.py:188} INFO - [2025-11-27T15:05:22.102-0300] {dag.py:3089} INFO - Sync 1 DAGs
[2025-11-27T15:05:22.107-0300] {logging_mixin.py:188} INFO - [2025-11-27T15:05:22.107-0300] {dag.py:3947} INFO - Setting next_dagrun for tutorial_dag to None, run_after=None
[2025-11-27T15:05:22.117-0300] {processor.py:183} INFO - Processing /Users/davispecia/Documents/GitHub/Pf_pipeline_dados/Projeto_final_fase3/venv/lib/python3.9/site-packages/airflow/example_dags/tutorial_dag.py took 0.098 seconds
[2025-11-27T15:06:25.137-0300] {processor.py:161} INFO - Started process (PID=12625) to work on /Users/davispecia/Documents/GitHub/Pf_pipeline_dados/Projeto_final_fase3/venv/lib/python3.9/site-packages/airflow/example_dags/tutorial_dag.py
[2025-11-27T15:06:25.144-0300] {processor.py:830} INFO - Processing file /Users/davispecia/Documents/GitHub/Pf_pipeline_dados/Projeto_final_fase3/venv/lib/python3.9/site-packages/airflow/example_dags/tutorial_dag.py for tasks to queue
[2025-11-27T15:06:25.144-0300] {logging_mixin.py:188} INFO - [2025-11-27T15:06:25.144-0300] {dagbag.py:545} INFO - Filling up the DagBag from /Users/davispecia/Documents/GitHub/Pf_pipeline_dados/Projeto_final_fase3/venv/lib/python3.9/site-packages/airflow/example_dags/tutorial_dag.py
[2025-11-27T15:06:25.156-0300] {processor.py:840} INFO - DAG(s) 'tutorial_dag' retrieved from /Users/davispecia/Documents/GitHub/Pf_pipeline_dados/Projeto_final_fase3/venv/lib/python3.9/site-packages/airflow/example_dags/tutorial_dag.py
[2025-11-27T15:06:25.224-0300] {logging_mixin.py:188} INFO - [2025-11-27T15:06:25.224-0300] {dag.py:3089} INFO - Sync 1 DAGs
[2025-11-27T15:06:25.235-0300] {logging_mixin.py:188} INFO - [2025-11-27T15:06:25.235-0300] {dag.py:3947} INFO - Setting next_dagrun for tutorial_dag to None, run_after=None
[2025-11-27T15:06:25.246-0300] {processor.py:183} INFO - Processing /Users/davispecia/Documents/GitHub/Pf_pipeline_dados/Projeto_final_fase3/venv/lib/python3.9/site-packages/airflow/example_dags/tutorial_dag.py took 0.111 seconds
[2025-11-27T15:07:38.494-0300] {processor.py:161} INFO - Started process (PID=12848) to work on /Users/davispecia/Documents/GitHub/Pf_pipeline_dados/Projeto_final_fase3/venv/lib/python3.9/site-packages/airflow/example_dags/tutorial_dag.py
[2025-11-27T15:07:38.494-0300] {processor.py:830} INFO - Processing file /Users/davispecia/Documents/GitHub/Pf_pipeline_dados/Projeto_final_fase3/venv/lib/python3.9/site-packages/airflow/example_dags/tutorial_dag.py for tasks to queue
[2025-11-27T15:07:38.494-0300] {logging_mixin.py:188} INFO - [2025-11-27T15:07:38.494-0300] {dagbag.py:545} INFO - Filling up the DagBag from /Users/davispecia/Documents/GitHub/Pf_pipeline_dados/Projeto_final_fase3/venv/lib/python3.9/site-packages/airflow/example_dags/tutorial_dag.py
[2025-11-27T15:07:38.506-0300] {processor.py:840} INFO - DAG(s) 'tutorial_dag' retrieved from /Users/davispecia/Documents/GitHub/Pf_pipeline_dados/Projeto_final_fase3/venv/lib/python3.9/site-packages/airflow/example_dags/tutorial_dag.py
[2025-11-27T15:07:38.573-0300] {logging_mixin.py:188} INFO - [2025-11-27T15:07:38.573-0300] {dag.py:3089} INFO - Sync 1 DAGs
[2025-11-27T15:07:38.578-0300] {logging_mixin.py:188} INFO - [2025-11-27T15:07:38.578-0300] {dag.py:3947} INFO - Setting next_dagrun for tutorial_dag to None, run_after=None
[2025-11-27T15:07:38.587-0300] {processor.py:183} INFO - Processing /Users/davispecia/Documents/GitHub/Pf_pipeline_dados/Projeto_final_fase3/venv/lib/python3.9/site-packages/airflow/example_dags/tutorial_dag.py took 0.096 seconds
[2025-11-27T15:08:40.736-0300] {processor.py:161} INFO - Started process (PID=12996) to work on /Users/davispecia/Documents/GitHub/Pf_pipeline_dados/Projeto_final_fase3/venv/lib/python3.9/site-packages/airflow/example_dags/tutorial_dag.py
[2025-11-27T15:08:40.738-0300] {processor.py:830} INFO - Processing file /Users/davispecia/Documents/GitHub/Pf_pipeline_dados/Projeto_final_fase3/venv/lib/python3.9/site-packages/airflow/example_dags/tutorial_dag.py for tasks to queue
[2025-11-27T15:08:40.738-0300] {logging_mixin.py:188} INFO - [2025-11-27T15:08:40.738-0300] {dagbag.py:545} INFO - Filling up the DagBag from /Users/davispecia/Documents/GitHub/Pf_pipeline_dados/Projeto_final_fase3/venv/lib/python3.9/site-packages/airflow/example_dags/tutorial_dag.py
[2025-11-27T15:08:40.750-0300] {processor.py:840} INFO - DAG(s) 'tutorial_dag' retrieved from /Users/davispecia/Documents/GitHub/Pf_pipeline_dados/Projeto_final_fase3/venv/lib/python3.9/site-packages/airflow/example_dags/tutorial_dag.py
[2025-11-27T15:08:40.820-0300] {logging_mixin.py:188} INFO - [2025-11-27T15:08:40.820-0300] {dag.py:3089} INFO - Sync 1 DAGs
[2025-11-27T15:08:40.825-0300] {logging_mixin.py:188} INFO - [2025-11-27T15:08:40.825-0300] {dag.py:3947} INFO - Setting next_dagrun for tutorial_dag to None, run_after=None
[2025-11-27T15:08:40.834-0300] {processor.py:183} INFO - Processing /Users/davispecia/Documents/GitHub/Pf_pipeline_dados/Projeto_final_fase3/venv/lib/python3.9/site-packages/airflow/example_dags/tutorial_dag.py took 0.100 seconds
[2025-11-27T15:09:44.498-0300] {processor.py:161} INFO - Started process (PID=13154) to work on /Users/davispecia/Documents/GitHub/Pf_pipeline_dados/Projeto_final_fase3/venv/lib/python3.9/site-packages/airflow/example_dags/tutorial_dag.py
[2025-11-27T15:09:44.500-0300] {processor.py:830} INFO - Processing file /Users/davispecia/Documents/GitHub/Pf_pipeline_dados/Projeto_final_fase3/venv/lib/python3.9/site-packages/airflow/example_dags/tutorial_dag.py for tasks to queue
[2025-11-27T15:09:44.500-0300] {logging_mixin.py:188} INFO - [2025-11-27T15:09:44.500-0300] {dagbag.py:545} INFO - Filling up the DagBag from /Users/davispecia/Documents/GitHub/Pf_pipeline_dados/Projeto_final_fase3/venv/lib/python3.9/site-packages/airflow/example_dags/tutorial_dag.py
[2025-11-27T15:09:44.512-0300] {processor.py:840} INFO - DAG(s) 'tutorial_dag' retrieved from /Users/davispecia/Documents/GitHub/Pf_pipeline_dados/Projeto_final_fase3/venv/lib/python3.9/site-packages/airflow/example_dags/tutorial_dag.py
[2025-11-27T15:09:44.580-0300] {logging_mixin.py:188} INFO - [2025-11-27T15:09:44.579-0300] {dag.py:3089} INFO - Sync 1 DAGs
[2025-11-27T15:09:44.584-0300] {logging_mixin.py:188} INFO - [2025-11-27T15:09:44.584-0300] {dag.py:3947} INFO - Setting next_dagrun for tutorial_dag to None, run_after=None
[2025-11-27T15:09:44.593-0300] {processor.py:183} INFO - Processing /Users/davispecia/Documents/GitHub/Pf_pipeline_dados/Projeto_final_fase3/venv/lib/python3.9/site-packages/airflow/example_dags/tutorial_dag.py took 0.097 seconds
[2025-11-27T15:10:47.471-0300] {processor.py:161} INFO - Started process (PID=13305) to work on /Users/davispecia/Documents/GitHub/Pf_pipeline_dados/Projeto_final_fase3/venv/lib/python3.9/site-packages/airflow/example_dags/tutorial_dag.py
[2025-11-27T15:10:47.473-0300] {processor.py:830} INFO - Processing file /Users/davispecia/Documents/GitHub/Pf_pipeline_dados/Projeto_final_fase3/venv/lib/python3.9/site-packages/airflow/example_dags/tutorial_dag.py for tasks to queue
[2025-11-27T15:10:47.473-0300] {logging_mixin.py:188} INFO - [2025-11-27T15:10:47.473-0300] {dagbag.py:545} INFO - Filling up the DagBag from /Users/davispecia/Documents/GitHub/Pf_pipeline_dados/Projeto_final_fase3/venv/lib/python3.9/site-packages/airflow/example_dags/tutorial_dag.py
[2025-11-27T15:10:47.485-0300] {processor.py:840} INFO - DAG(s) 'tutorial_dag' retrieved from /Users/davispecia/Documents/GitHub/Pf_pipeline_dados/Projeto_final_fase3/venv/lib/python3.9/site-packages/airflow/example_dags/tutorial_dag.py
[2025-11-27T15:10:47.552-0300] {logging_mixin.py:188} INFO - [2025-11-27T15:10:47.552-0300] {dag.py:3089} INFO - Sync 1 DAGs
[2025-11-27T15:10:47.557-0300] {logging_mixin.py:188} INFO - [2025-11-27T15:10:47.556-0300] {dag.py:3947} INFO - Setting next_dagrun for tutorial_dag to None, run_after=None
[2025-11-27T15:10:47.566-0300] {processor.py:183} INFO - Processing /Users/davispecia/Documents/GitHub/Pf_pipeline_dados/Projeto_final_fase3/venv/lib/python3.9/site-packages/airflow/example_dags/tutorial_dag.py took 0.097 seconds
[2025-11-27T15:11:51.265-0300] {processor.py:161} INFO - Started process (PID=13508) to work on /Users/davispecia/Documents/GitHub/Pf_pipeline_dados/Projeto_final_fase3/venv/lib/python3.9/site-packages/airflow/example_dags/tutorial_dag.py
[2025-11-27T15:11:51.266-0300] {processor.py:830} INFO - Processing file /Users/davispecia/Documents/GitHub/Pf_pipeline_dados/Projeto_final_fase3/venv/lib/python3.9/site-packages/airflow/example_dags/tutorial_dag.py for tasks to queue
[2025-11-27T15:11:51.266-0300] {logging_mixin.py:188} INFO - [2025-11-27T15:11:51.266-0300] {dagbag.py:545} INFO - Filling up the DagBag from /Users/davispecia/Documents/GitHub/Pf_pipeline_dados/Projeto_final_fase3/venv/lib/python3.9/site-packages/airflow/example_dags/tutorial_dag.py
[2025-11-27T15:11:51.280-0300] {processor.py:840} INFO - DAG(s) 'tutorial_dag' retrieved from /Users/davispecia/Documents/GitHub/Pf_pipeline_dados/Projeto_final_fase3/venv/lib/python3.9/site-packages/airflow/example_dags/tutorial_dag.py
[2025-11-27T15:11:51.354-0300] {logging_mixin.py:188} INFO - [2025-11-27T15:11:51.354-0300] {dag.py:3089} INFO - Sync 1 DAGs
[2025-11-27T15:11:51.360-0300] {logging_mixin.py:188} INFO - [2025-11-27T15:11:51.360-0300] {dag.py:3947} INFO - Setting next_dagrun for tutorial_dag to None, run_after=None
[2025-11-27T15:11:51.370-0300] {processor.py:183} INFO - Processing /Users/davispecia/Documents/GitHub/Pf_pipeline_dados/Projeto_final_fase3/venv/lib/python3.9/site-packages/airflow/example_dags/tutorial_dag.py took 0.107 seconds
[2025-11-27T15:13:03.342-0300] {processor.py:161} INFO - Started process (PID=13766) to work on /Users/davispecia/Documents/GitHub/Pf_pipeline_dados/Projeto_final_fase3/venv/lib/python3.9/site-packages/airflow/example_dags/tutorial_dag.py
[2025-11-27T15:13:03.343-0300] {processor.py:830} INFO - Processing file /Users/davispecia/Documents/GitHub/Pf_pipeline_dados/Projeto_final_fase3/venv/lib/python3.9/site-packages/airflow/example_dags/tutorial_dag.py for tasks to queue
[2025-11-27T15:13:03.343-0300] {logging_mixin.py:188} INFO - [2025-11-27T15:13:03.343-0300] {dagbag.py:545} INFO - Filling up the DagBag from /Users/davispecia/Documents/GitHub/Pf_pipeline_dados/Projeto_final_fase3/venv/lib/python3.9/site-packages/airflow/example_dags/tutorial_dag.py
[2025-11-27T15:13:03.355-0300] {processor.py:840} INFO - DAG(s) 'tutorial_dag' retrieved from /Users/davispecia/Documents/GitHub/Pf_pipeline_dados/Projeto_final_fase3/venv/lib/python3.9/site-packages/airflow/example_dags/tutorial_dag.py
[2025-11-27T15:13:03.422-0300] {logging_mixin.py:188} INFO - [2025-11-27T15:13:03.422-0300] {dag.py:3089} INFO - Sync 1 DAGs
[2025-11-27T15:13:03.427-0300] {logging_mixin.py:188} INFO - [2025-11-27T15:13:03.427-0300] {dag.py:3947} INFO - Setting next_dagrun for tutorial_dag to None, run_after=None
[2025-11-27T15:13:03.437-0300] {processor.py:183} INFO - Processing /Users/davispecia/Documents/GitHub/Pf_pipeline_dados/Projeto_final_fase3/venv/lib/python3.9/site-packages/airflow/example_dags/tutorial_dag.py took 0.098 seconds
[2025-11-27T15:14:01.307-0300] {processor.py:161} INFO - Started process (PID=13923) to work on /Users/davispecia/Documents/GitHub/Pf_pipeline_dados/Projeto_final_fase3/venv/lib/python3.9/site-packages/airflow/example_dags/tutorial_dag.py
[2025-11-27T15:14:01.308-0300] {processor.py:830} INFO - Processing file /Users/davispecia/Documents/GitHub/Pf_pipeline_dados/Projeto_final_fase3/venv/lib/python3.9/site-packages/airflow/example_dags/tutorial_dag.py for tasks to queue
[2025-11-27T15:14:01.308-0300] {logging_mixin.py:188} INFO - [2025-11-27T15:14:01.308-0300] {dagbag.py:545} INFO - Filling up the DagBag from /Users/davispecia/Documents/GitHub/Pf_pipeline_dados/Projeto_final_fase3/venv/lib/python3.9/site-packages/airflow/example_dags/tutorial_dag.py
[2025-11-27T15:14:01.320-0300] {processor.py:840} INFO - DAG(s) 'tutorial_dag' retrieved from /Users/davispecia/Documents/GitHub/Pf_pipeline_dados/Projeto_final_fase3/venv/lib/python3.9/site-packages/airflow/example_dags/tutorial_dag.py
[2025-11-27T15:14:01.388-0300] {logging_mixin.py:188} INFO - [2025-11-27T15:14:01.388-0300] {dag.py:3089} INFO - Sync 1 DAGs
[2025-11-27T15:14:01.393-0300] {logging_mixin.py:188} INFO - [2025-11-27T15:14:01.392-0300] {dag.py:3947} INFO - Setting next_dagrun for tutorial_dag to None, run_after=None
[2025-11-27T15:14:01.402-0300] {processor.py:183} INFO - Processing /Users/davispecia/Documents/GitHub/Pf_pipeline_dados/Projeto_final_fase3/venv/lib/python3.9/site-packages/airflow/example_dags/tutorial_dag.py took 0.097 seconds
[2025-11-27T15:14:59.267-0300] {processor.py:161} INFO - Started process (PID=14062) to work on /Users/davispecia/Documents/GitHub/Pf_pipeline_dados/Projeto_final_fase3/venv/lib/python3.9/site-packages/airflow/example_dags/tutorial_dag.py
[2025-11-27T15:14:59.268-0300] {processor.py:830} INFO - Processing file /Users/davispecia/Documents/GitHub/Pf_pipeline_dados/Projeto_final_fase3/venv/lib/python3.9/site-packages/airflow/example_dags/tutorial_dag.py for tasks to queue
[2025-11-27T15:14:59.269-0300] {logging_mixin.py:188} INFO - [2025-11-27T15:14:59.269-0300] {dagbag.py:545} INFO - Filling up the DagBag from /Users/davispecia/Documents/GitHub/Pf_pipeline_dados/Projeto_final_fase3/venv/lib/python3.9/site-packages/airflow/example_dags/tutorial_dag.py
[2025-11-27T15:14:59.281-0300] {processor.py:840} INFO - DAG(s) 'tutorial_dag' retrieved from /Users/davispecia/Documents/GitHub/Pf_pipeline_dados/Projeto_final_fase3/venv/lib/python3.9/site-packages/airflow/example_dags/tutorial_dag.py
[2025-11-27T15:14:59.348-0300] {logging_mixin.py:188} INFO - [2025-11-27T15:14:59.348-0300] {dag.py:3089} INFO - Sync 1 DAGs
[2025-11-27T15:14:59.353-0300] {logging_mixin.py:188} INFO - [2025-11-27T15:14:59.353-0300] {dag.py:3947} INFO - Setting next_dagrun for tutorial_dag to None, run_after=None
[2025-11-27T15:14:59.362-0300] {processor.py:183} INFO - Processing /Users/davispecia/Documents/GitHub/Pf_pipeline_dados/Projeto_final_fase3/venv/lib/python3.9/site-packages/airflow/example_dags/tutorial_dag.py took 0.097 seconds
[2025-11-27T15:15:58.302-0300] {processor.py:161} INFO - Started process (PID=14200) to work on /Users/davispecia/Documents/GitHub/Pf_pipeline_dados/Projeto_final_fase3/venv/lib/python3.9/site-packages/airflow/example_dags/tutorial_dag.py
[2025-11-27T15:15:58.304-0300] {processor.py:830} INFO - Processing file /Users/davispecia/Documents/GitHub/Pf_pipeline_dados/Projeto_final_fase3/venv/lib/python3.9/site-packages/airflow/example_dags/tutorial_dag.py for tasks to queue
[2025-11-27T15:15:58.304-0300] {logging_mixin.py:188} INFO - [2025-11-27T15:15:58.304-0300] {dagbag.py:545} INFO - Filling up the DagBag from /Users/davispecia/Documents/GitHub/Pf_pipeline_dados/Projeto_final_fase3/venv/lib/python3.9/site-packages/airflow/example_dags/tutorial_dag.py
[2025-11-27T15:15:58.316-0300] {processor.py:840} INFO - DAG(s) 'tutorial_dag' retrieved from /Users/davispecia/Documents/GitHub/Pf_pipeline_dados/Projeto_final_fase3/venv/lib/python3.9/site-packages/airflow/example_dags/tutorial_dag.py
[2025-11-27T15:15:58.383-0300] {logging_mixin.py:188} INFO - [2025-11-27T15:15:58.383-0300] {dag.py:3089} INFO - Sync 1 DAGs
[2025-11-27T15:15:58.388-0300] {logging_mixin.py:188} INFO - [2025-11-27T15:15:58.388-0300] {dag.py:3947} INFO - Setting next_dagrun for tutorial_dag to None, run_after=None
[2025-11-27T15:15:58.397-0300] {processor.py:183} INFO - Processing /Users/davispecia/Documents/GitHub/Pf_pipeline_dados/Projeto_final_fase3/venv/lib/python3.9/site-packages/airflow/example_dags/tutorial_dag.py took 0.097 seconds
[2025-11-27T15:16:59.955-0300] {processor.py:161} INFO - Started process (PID=14353) to work on /Users/davispecia/Documents/GitHub/Pf_pipeline_dados/Projeto_final_fase3/venv/lib/python3.9/site-packages/airflow/example_dags/tutorial_dag.py
[2025-11-27T15:16:59.955-0300] {processor.py:830} INFO - Processing file /Users/davispecia/Documents/GitHub/Pf_pipeline_dados/Projeto_final_fase3/venv/lib/python3.9/site-packages/airflow/example_dags/tutorial_dag.py for tasks to queue
[2025-11-27T15:16:59.956-0300] {logging_mixin.py:188} INFO - [2025-11-27T15:16:59.956-0300] {dagbag.py:545} INFO - Filling up the DagBag from /Users/davispecia/Documents/GitHub/Pf_pipeline_dados/Projeto_final_fase3/venv/lib/python3.9/site-packages/airflow/example_dags/tutorial_dag.py
[2025-11-27T15:16:59.968-0300] {processor.py:840} INFO - DAG(s) 'tutorial_dag' retrieved from /Users/davispecia/Documents/GitHub/Pf_pipeline_dados/Projeto_final_fase3/venv/lib/python3.9/site-packages/airflow/example_dags/tutorial_dag.py
[2025-11-27T15:17:00.051-0300] {logging_mixin.py:188} INFO - [2025-11-27T15:17:00.050-0300] {dag.py:3089} INFO - Sync 1 DAGs
[2025-11-27T15:17:00.056-0300] {logging_mixin.py:188} INFO - [2025-11-27T15:17:00.055-0300] {dag.py:3947} INFO - Setting next_dagrun for tutorial_dag to None, run_after=None
[2025-11-27T15:17:00.066-0300] {processor.py:183} INFO - Processing /Users/davispecia/Documents/GitHub/Pf_pipeline_dados/Projeto_final_fase3/venv/lib/python3.9/site-packages/airflow/example_dags/tutorial_dag.py took 0.114 seconds
[2025-11-27T15:18:10.940-0300] {processor.py:161} INFO - Started process (PID=14593) to work on /Users/davispecia/Documents/GitHub/Pf_pipeline_dados/Projeto_final_fase3/venv/lib/python3.9/site-packages/airflow/example_dags/tutorial_dag.py
[2025-11-27T15:18:10.941-0300] {processor.py:830} INFO - Processing file /Users/davispecia/Documents/GitHub/Pf_pipeline_dados/Projeto_final_fase3/venv/lib/python3.9/site-packages/airflow/example_dags/tutorial_dag.py for tasks to queue
[2025-11-27T15:18:10.942-0300] {logging_mixin.py:188} INFO - [2025-11-27T15:18:10.942-0300] {dagbag.py:545} INFO - Filling up the DagBag from /Users/davispecia/Documents/GitHub/Pf_pipeline_dados/Projeto_final_fase3/venv/lib/python3.9/site-packages/airflow/example_dags/tutorial_dag.py
[2025-11-27T15:18:10.954-0300] {processor.py:840} INFO - DAG(s) 'tutorial_dag' retrieved from /Users/davispecia/Documents/GitHub/Pf_pipeline_dados/Projeto_final_fase3/venv/lib/python3.9/site-packages/airflow/example_dags/tutorial_dag.py
[2025-11-27T15:18:11.021-0300] {logging_mixin.py:188} INFO - [2025-11-27T15:18:11.020-0300] {dag.py:3089} INFO - Sync 1 DAGs
[2025-11-27T15:18:11.025-0300] {logging_mixin.py:188} INFO - [2025-11-27T15:18:11.025-0300] {dag.py:3947} INFO - Setting next_dagrun for tutorial_dag to None, run_after=None
[2025-11-27T15:18:11.035-0300] {processor.py:183} INFO - Processing /Users/davispecia/Documents/GitHub/Pf_pipeline_dados/Projeto_final_fase3/venv/lib/python3.9/site-packages/airflow/example_dags/tutorial_dag.py took 0.097 seconds
[2025-11-27T15:19:08.267-0300] {processor.py:161} INFO - Started process (PID=14731) to work on /Users/davispecia/Documents/GitHub/Pf_pipeline_dados/Projeto_final_fase3/venv/lib/python3.9/site-packages/airflow/example_dags/tutorial_dag.py
[2025-11-27T15:19:08.268-0300] {processor.py:830} INFO - Processing file /Users/davispecia/Documents/GitHub/Pf_pipeline_dados/Projeto_final_fase3/venv/lib/python3.9/site-packages/airflow/example_dags/tutorial_dag.py for tasks to queue
[2025-11-27T15:19:08.268-0300] {logging_mixin.py:188} INFO - [2025-11-27T15:19:08.268-0300] {dagbag.py:545} INFO - Filling up the DagBag from /Users/davispecia/Documents/GitHub/Pf_pipeline_dados/Projeto_final_fase3/venv/lib/python3.9/site-packages/airflow/example_dags/tutorial_dag.py
[2025-11-27T15:19:08.280-0300] {processor.py:840} INFO - DAG(s) 'tutorial_dag' retrieved from /Users/davispecia/Documents/GitHub/Pf_pipeline_dados/Projeto_final_fase3/venv/lib/python3.9/site-packages/airflow/example_dags/tutorial_dag.py
[2025-11-27T15:19:08.347-0300] {logging_mixin.py:188} INFO - [2025-11-27T15:19:08.347-0300] {dag.py:3089} INFO - Sync 1 DAGs
[2025-11-27T15:19:08.352-0300] {logging_mixin.py:188} INFO - [2025-11-27T15:19:08.352-0300] {dag.py:3947} INFO - Setting next_dagrun for tutorial_dag to None, run_after=None
[2025-11-27T15:19:08.361-0300] {processor.py:183} INFO - Processing /Users/davispecia/Documents/GitHub/Pf_pipeline_dados/Projeto_final_fase3/venv/lib/python3.9/site-packages/airflow/example_dags/tutorial_dag.py took 0.097 seconds
[2025-11-27T15:23:42.316-0300] {processor.py:161} INFO - Started process (PID=14908) to work on /Users/davispecia/Documents/GitHub/Pf_pipeline_dados/Projeto_final_fase3/venv/lib/python3.9/site-packages/airflow/example_dags/tutorial_dag.py
[2025-11-27T15:23:42.320-0300] {processor.py:830} INFO - Processing file /Users/davispecia/Documents/GitHub/Pf_pipeline_dados/Projeto_final_fase3/venv/lib/python3.9/site-packages/airflow/example_dags/tutorial_dag.py for tasks to queue
[2025-11-27T15:23:42.322-0300] {logging_mixin.py:188} INFO - [2025-11-27T15:23:42.321-0300] {dagbag.py:545} INFO - Filling up the DagBag from /Users/davispecia/Documents/GitHub/Pf_pipeline_dados/Projeto_final_fase3/venv/lib/python3.9/site-packages/airflow/example_dags/tutorial_dag.py
[2025-11-27T15:23:42.392-0300] {processor.py:840} INFO - DAG(s) 'tutorial_dag' retrieved from /Users/davispecia/Documents/GitHub/Pf_pipeline_dados/Projeto_final_fase3/venv/lib/python3.9/site-packages/airflow/example_dags/tutorial_dag.py
[2025-11-27T15:23:42.532-0300] {logging_mixin.py:188} INFO - [2025-11-27T15:23:42.532-0300] {dag.py:3089} INFO - Sync 1 DAGs
[2025-11-27T15:23:42.540-0300] {logging_mixin.py:188} INFO - [2025-11-27T15:23:42.540-0300] {dag.py:3947} INFO - Setting next_dagrun for tutorial_dag to None, run_after=None
[2025-11-27T15:23:42.556-0300] {processor.py:183} INFO - Processing /Users/davispecia/Documents/GitHub/Pf_pipeline_dados/Projeto_final_fase3/venv/lib/python3.9/site-packages/airflow/example_dags/tutorial_dag.py took 0.254 seconds
[2025-11-27T15:24:55.250-0300] {processor.py:161} INFO - Started process (PID=15170) to work on /Users/davispecia/Documents/GitHub/Pf_pipeline_dados/Projeto_final_fase3/venv/lib/python3.9/site-packages/airflow/example_dags/tutorial_dag.py
[2025-11-27T15:24:55.251-0300] {processor.py:830} INFO - Processing file /Users/davispecia/Documents/GitHub/Pf_pipeline_dados/Projeto_final_fase3/venv/lib/python3.9/site-packages/airflow/example_dags/tutorial_dag.py for tasks to queue
[2025-11-27T15:24:55.251-0300] {logging_mixin.py:188} INFO - [2025-11-27T15:24:55.251-0300] {dagbag.py:545} INFO - Filling up the DagBag from /Users/davispecia/Documents/GitHub/Pf_pipeline_dados/Projeto_final_fase3/venv/lib/python3.9/site-packages/airflow/example_dags/tutorial_dag.py
[2025-11-27T15:24:55.264-0300] {processor.py:840} INFO - DAG(s) 'tutorial_dag' retrieved from /Users/davispecia/Documents/GitHub/Pf_pipeline_dados/Projeto_final_fase3/venv/lib/python3.9/site-packages/airflow/example_dags/tutorial_dag.py
[2025-11-27T15:24:55.335-0300] {logging_mixin.py:188} INFO - [2025-11-27T15:24:55.334-0300] {dag.py:3089} INFO - Sync 1 DAGs
[2025-11-27T15:24:55.340-0300] {logging_mixin.py:188} INFO - [2025-11-27T15:24:55.340-0300] {dag.py:3947} INFO - Setting next_dagrun for tutorial_dag to None, run_after=None
[2025-11-27T15:24:55.350-0300] {processor.py:183} INFO - Processing /Users/davispecia/Documents/GitHub/Pf_pipeline_dados/Projeto_final_fase3/venv/lib/python3.9/site-packages/airflow/example_dags/tutorial_dag.py took 0.103 seconds
[2025-11-27T15:25:57.443-0300] {processor.py:161} INFO - Started process (PID=15323) to work on /Users/davispecia/Documents/GitHub/Pf_pipeline_dados/Projeto_final_fase3/venv/lib/python3.9/site-packages/airflow/example_dags/tutorial_dag.py
[2025-11-27T15:25:57.444-0300] {processor.py:830} INFO - Processing file /Users/davispecia/Documents/GitHub/Pf_pipeline_dados/Projeto_final_fase3/venv/lib/python3.9/site-packages/airflow/example_dags/tutorial_dag.py for tasks to queue
[2025-11-27T15:25:57.445-0300] {logging_mixin.py:188} INFO - [2025-11-27T15:25:57.444-0300] {dagbag.py:545} INFO - Filling up the DagBag from /Users/davispecia/Documents/GitHub/Pf_pipeline_dados/Projeto_final_fase3/venv/lib/python3.9/site-packages/airflow/example_dags/tutorial_dag.py
[2025-11-27T15:25:57.457-0300] {processor.py:840} INFO - DAG(s) 'tutorial_dag' retrieved from /Users/davispecia/Documents/GitHub/Pf_pipeline_dados/Projeto_final_fase3/venv/lib/python3.9/site-packages/airflow/example_dags/tutorial_dag.py
[2025-11-27T15:25:57.525-0300] {logging_mixin.py:188} INFO - [2025-11-27T15:25:57.525-0300] {dag.py:3089} INFO - Sync 1 DAGs
[2025-11-27T15:25:57.530-0300] {logging_mixin.py:188} INFO - [2025-11-27T15:25:57.530-0300] {dag.py:3947} INFO - Setting next_dagrun for tutorial_dag to None, run_after=None
[2025-11-27T15:25:57.539-0300] {processor.py:183} INFO - Processing /Users/davispecia/Documents/GitHub/Pf_pipeline_dados/Projeto_final_fase3/venv/lib/python3.9/site-packages/airflow/example_dags/tutorial_dag.py took 0.098 seconds
