[2025-11-27T11:11:31.445-0300] {processor.py:161} INFO - Started process (PID=88639) to work on /Users/davispecia/Documents/GitHub/Pf_pipeline_dados/Projeto_final_fase3/airflow_home/dags/pipeline_credito.py
[2025-11-27T11:11:31.446-0300] {processor.py:830} INFO - Processing file /Users/davispecia/Documents/GitHub/Pf_pipeline_dados/Projeto_final_fase3/airflow_home/dags/pipeline_credito.py for tasks to queue
[2025-11-27T11:11:31.446-0300] {logging_mixin.py:188} INFO - [2025-11-27T11:11:31.446-0300] {dagbag.py:545} INFO - Filling up the DagBag from /Users/davispecia/Documents/GitHub/Pf_pipeline_dados/Projeto_final_fase3/airflow_home/dags/pipeline_credito.py
[2025-11-27T11:11:31.453-0300] {processor.py:840} INFO - DAG(s) 'pipeline_credito' retrieved from /Users/davispecia/Documents/GitHub/Pf_pipeline_dados/Projeto_final_fase3/airflow_home/dags/pipeline_credito.py
[2025-11-27T11:11:31.577-0300] {logging_mixin.py:188} INFO - [2025-11-27T11:11:31.577-0300] {override.py:1858} INFO - Created Permission View: can read on DAG:pipeline_credito
[2025-11-27T11:11:31.581-0300] {logging_mixin.py:188} INFO - [2025-11-27T11:11:31.581-0300] {override.py:1858} INFO - Created Permission View: can edit on DAG:pipeline_credito
[2025-11-27T11:11:31.586-0300] {logging_mixin.py:188} INFO - [2025-11-27T11:11:31.586-0300] {override.py:1858} INFO - Created Permission View: can delete on DAG:pipeline_credito
[2025-11-27T11:11:31.586-0300] {logging_mixin.py:188} INFO - [2025-11-27T11:11:31.586-0300] {dag.py:3089} INFO - Sync 1 DAGs
[2025-11-27T11:11:31.592-0300] {logging_mixin.py:188} INFO - [2025-11-27T11:11:31.592-0300] {dag.py:3111} INFO - Creating ORM DAG for pipeline_credito
[2025-11-27T11:11:31.597-0300] {logging_mixin.py:188} INFO - [2025-11-27T11:11:31.597-0300] {dag.py:3947} INFO - Setting next_dagrun for pipeline_credito to 2025-11-26 00:00:00+00:00, run_after=2025-11-27 00:00:00+00:00
[2025-11-27T11:11:31.606-0300] {processor.py:183} INFO - Processing /Users/davispecia/Documents/GitHub/Pf_pipeline_dados/Projeto_final_fase3/airflow_home/dags/pipeline_credito.py took 0.165 seconds
[2025-11-27T11:13:18.215-0300] {processor.py:161} INFO - Started process (PID=89036) to work on /Users/davispecia/Documents/GitHub/Pf_pipeline_dados/Projeto_final_fase3/airflow_home/dags/pipeline_credito.py
[2025-11-27T11:13:18.215-0300] {processor.py:830} INFO - Processing file /Users/davispecia/Documents/GitHub/Pf_pipeline_dados/Projeto_final_fase3/airflow_home/dags/pipeline_credito.py for tasks to queue
[2025-11-27T11:13:18.215-0300] {logging_mixin.py:188} INFO - [2025-11-27T11:13:18.215-0300] {dagbag.py:545} INFO - Filling up the DagBag from /Users/davispecia/Documents/GitHub/Pf_pipeline_dados/Projeto_final_fase3/airflow_home/dags/pipeline_credito.py
[2025-11-27T11:13:18.220-0300] {processor.py:840} INFO - DAG(s) 'pipeline_credito' retrieved from /Users/davispecia/Documents/GitHub/Pf_pipeline_dados/Projeto_final_fase3/airflow_home/dags/pipeline_credito.py
[2025-11-27T11:13:18.290-0300] {logging_mixin.py:188} INFO - [2025-11-27T11:13:18.290-0300] {dag.py:3089} INFO - Sync 1 DAGs
[2025-11-27T11:13:18.300-0300] {logging_mixin.py:188} INFO - [2025-11-27T11:13:18.300-0300] {dag.py:3947} INFO - Setting next_dagrun for pipeline_credito to 2025-11-26 00:00:00+00:00, run_after=2025-11-27 00:00:00+00:00
[2025-11-27T11:13:18.308-0300] {processor.py:183} INFO - Processing /Users/davispecia/Documents/GitHub/Pf_pipeline_dados/Projeto_final_fase3/airflow_home/dags/pipeline_credito.py took 0.095 seconds
[2025-11-27T11:14:28.025-0300] {processor.py:161} INFO - Started process (PID=89587) to work on /Users/davispecia/Documents/GitHub/Pf_pipeline_dados/Projeto_final_fase3/airflow_home/dags/pipeline_credito.py
[2025-11-27T11:14:28.025-0300] {processor.py:830} INFO - Processing file /Users/davispecia/Documents/GitHub/Pf_pipeline_dados/Projeto_final_fase3/airflow_home/dags/pipeline_credito.py for tasks to queue
[2025-11-27T11:14:28.026-0300] {logging_mixin.py:188} INFO - [2025-11-27T11:14:28.026-0300] {dagbag.py:545} INFO - Filling up the DagBag from /Users/davispecia/Documents/GitHub/Pf_pipeline_dados/Projeto_final_fase3/airflow_home/dags/pipeline_credito.py
[2025-11-27T11:14:28.031-0300] {processor.py:840} INFO - DAG(s) 'pipeline_credito' retrieved from /Users/davispecia/Documents/GitHub/Pf_pipeline_dados/Projeto_final_fase3/airflow_home/dags/pipeline_credito.py
[2025-11-27T11:14:28.103-0300] {logging_mixin.py:188} INFO - [2025-11-27T11:14:28.102-0300] {dag.py:3089} INFO - Sync 1 DAGs
[2025-11-27T11:14:28.111-0300] {logging_mixin.py:188} INFO - [2025-11-27T11:14:28.111-0300] {dag.py:3947} INFO - Setting next_dagrun for pipeline_credito to 2025-11-26 00:00:00+00:00, run_after=2025-11-27 00:00:00+00:00
[2025-11-27T11:14:28.119-0300] {processor.py:183} INFO - Processing /Users/davispecia/Documents/GitHub/Pf_pipeline_dados/Projeto_final_fase3/airflow_home/dags/pipeline_credito.py took 0.096 seconds
[2025-11-27T11:15:32.680-0300] {processor.py:161} INFO - Started process (PID=90258) to work on /Users/davispecia/Documents/GitHub/Pf_pipeline_dados/Projeto_final_fase3/airflow_home/dags/pipeline_credito.py
[2025-11-27T11:15:32.681-0300] {processor.py:830} INFO - Processing file /Users/davispecia/Documents/GitHub/Pf_pipeline_dados/Projeto_final_fase3/airflow_home/dags/pipeline_credito.py for tasks to queue
[2025-11-27T11:15:32.681-0300] {logging_mixin.py:188} INFO - [2025-11-27T11:15:32.681-0300] {dagbag.py:545} INFO - Filling up the DagBag from /Users/davispecia/Documents/GitHub/Pf_pipeline_dados/Projeto_final_fase3/airflow_home/dags/pipeline_credito.py
[2025-11-27T11:15:32.687-0300] {processor.py:840} INFO - DAG(s) 'pipeline_credito' retrieved from /Users/davispecia/Documents/GitHub/Pf_pipeline_dados/Projeto_final_fase3/airflow_home/dags/pipeline_credito.py
[2025-11-27T11:15:32.770-0300] {logging_mixin.py:188} INFO - [2025-11-27T11:15:32.770-0300] {dag.py:3089} INFO - Sync 1 DAGs
[2025-11-27T11:15:32.780-0300] {logging_mixin.py:188} INFO - [2025-11-27T11:15:32.779-0300] {dag.py:3947} INFO - Setting next_dagrun for pipeline_credito to 2025-11-26 00:00:00+00:00, run_after=2025-11-27 00:00:00+00:00
[2025-11-27T11:15:32.789-0300] {processor.py:183} INFO - Processing /Users/davispecia/Documents/GitHub/Pf_pipeline_dados/Projeto_final_fase3/airflow_home/dags/pipeline_credito.py took 0.112 seconds
[2025-11-27T11:17:55.239-0300] {processor.py:161} INFO - Started process (PID=91055) to work on /Users/davispecia/Documents/GitHub/Pf_pipeline_dados/Projeto_final_fase3/airflow_home/dags/pipeline_credito.py
[2025-11-27T11:17:55.240-0300] {processor.py:830} INFO - Processing file /Users/davispecia/Documents/GitHub/Pf_pipeline_dados/Projeto_final_fase3/airflow_home/dags/pipeline_credito.py for tasks to queue
[2025-11-27T11:17:55.240-0300] {logging_mixin.py:188} INFO - [2025-11-27T11:17:55.240-0300] {dagbag.py:545} INFO - Filling up the DagBag from /Users/davispecia/Documents/GitHub/Pf_pipeline_dados/Projeto_final_fase3/airflow_home/dags/pipeline_credito.py
[2025-11-27T11:17:55.246-0300] {processor.py:840} INFO - DAG(s) 'pipeline_credito' retrieved from /Users/davispecia/Documents/GitHub/Pf_pipeline_dados/Projeto_final_fase3/airflow_home/dags/pipeline_credito.py
[2025-11-27T11:17:55.321-0300] {logging_mixin.py:188} INFO - [2025-11-27T11:17:55.321-0300] {dag.py:3089} INFO - Sync 1 DAGs
[2025-11-27T11:17:55.330-0300] {logging_mixin.py:188} INFO - [2025-11-27T11:17:55.330-0300] {dag.py:3947} INFO - Setting next_dagrun for pipeline_credito to 2025-11-27 00:00:00+00:00, run_after=2025-11-28 00:00:00+00:00
[2025-11-27T11:17:55.339-0300] {processor.py:183} INFO - Processing /Users/davispecia/Documents/GitHub/Pf_pipeline_dados/Projeto_final_fase3/airflow_home/dags/pipeline_credito.py took 0.102 seconds
[2025-11-27T11:18:59.966-0300] {processor.py:161} INFO - Started process (PID=91207) to work on /Users/davispecia/Documents/GitHub/Pf_pipeline_dados/Projeto_final_fase3/airflow_home/dags/pipeline_credito.py
[2025-11-27T11:18:59.967-0300] {processor.py:830} INFO - Processing file /Users/davispecia/Documents/GitHub/Pf_pipeline_dados/Projeto_final_fase3/airflow_home/dags/pipeline_credito.py for tasks to queue
[2025-11-27T11:18:59.967-0300] {logging_mixin.py:188} INFO - [2025-11-27T11:18:59.967-0300] {dagbag.py:545} INFO - Filling up the DagBag from /Users/davispecia/Documents/GitHub/Pf_pipeline_dados/Projeto_final_fase3/airflow_home/dags/pipeline_credito.py
[2025-11-27T11:18:59.972-0300] {processor.py:840} INFO - DAG(s) 'pipeline_credito' retrieved from /Users/davispecia/Documents/GitHub/Pf_pipeline_dados/Projeto_final_fase3/airflow_home/dags/pipeline_credito.py
[2025-11-27T11:19:00.045-0300] {logging_mixin.py:188} INFO - [2025-11-27T11:19:00.045-0300] {dag.py:3089} INFO - Sync 1 DAGs
[2025-11-27T11:19:00.054-0300] {logging_mixin.py:188} INFO - [2025-11-27T11:19:00.054-0300] {dag.py:3947} INFO - Setting next_dagrun for pipeline_credito to 2025-11-27 00:00:00+00:00, run_after=2025-11-28 00:00:00+00:00
[2025-11-27T11:19:00.062-0300] {processor.py:183} INFO - Processing /Users/davispecia/Documents/GitHub/Pf_pipeline_dados/Projeto_final_fase3/airflow_home/dags/pipeline_credito.py took 0.098 seconds
[2025-11-27T11:20:11.656-0300] {processor.py:161} INFO - Started process (PID=91446) to work on /Users/davispecia/Documents/GitHub/Pf_pipeline_dados/Projeto_final_fase3/airflow_home/dags/pipeline_credito.py
[2025-11-27T11:20:11.658-0300] {processor.py:830} INFO - Processing file /Users/davispecia/Documents/GitHub/Pf_pipeline_dados/Projeto_final_fase3/airflow_home/dags/pipeline_credito.py for tasks to queue
[2025-11-27T11:20:11.658-0300] {logging_mixin.py:188} INFO - [2025-11-27T11:20:11.658-0300] {dagbag.py:545} INFO - Filling up the DagBag from /Users/davispecia/Documents/GitHub/Pf_pipeline_dados/Projeto_final_fase3/airflow_home/dags/pipeline_credito.py
[2025-11-27T11:20:11.663-0300] {processor.py:840} INFO - DAG(s) 'pipeline_credito' retrieved from /Users/davispecia/Documents/GitHub/Pf_pipeline_dados/Projeto_final_fase3/airflow_home/dags/pipeline_credito.py
[2025-11-27T11:20:11.736-0300] {logging_mixin.py:188} INFO - [2025-11-27T11:20:11.736-0300] {dag.py:3089} INFO - Sync 1 DAGs
[2025-11-27T11:20:11.745-0300] {logging_mixin.py:188} INFO - [2025-11-27T11:20:11.745-0300] {dag.py:3947} INFO - Setting next_dagrun for pipeline_credito to 2025-11-27 00:00:00+00:00, run_after=2025-11-28 00:00:00+00:00
[2025-11-27T11:20:11.754-0300] {processor.py:183} INFO - Processing /Users/davispecia/Documents/GitHub/Pf_pipeline_dados/Projeto_final_fase3/airflow_home/dags/pipeline_credito.py took 0.100 seconds
[2025-11-27T11:21:15.189-0300] {processor.py:161} INFO - Started process (PID=91605) to work on /Users/davispecia/Documents/GitHub/Pf_pipeline_dados/Projeto_final_fase3/airflow_home/dags/pipeline_credito.py
[2025-11-27T11:21:15.190-0300] {processor.py:830} INFO - Processing file /Users/davispecia/Documents/GitHub/Pf_pipeline_dados/Projeto_final_fase3/airflow_home/dags/pipeline_credito.py for tasks to queue
[2025-11-27T11:21:15.191-0300] {logging_mixin.py:188} INFO - [2025-11-27T11:21:15.190-0300] {dagbag.py:545} INFO - Filling up the DagBag from /Users/davispecia/Documents/GitHub/Pf_pipeline_dados/Projeto_final_fase3/airflow_home/dags/pipeline_credito.py
[2025-11-27T11:21:15.195-0300] {processor.py:840} INFO - DAG(s) 'pipeline_credito' retrieved from /Users/davispecia/Documents/GitHub/Pf_pipeline_dados/Projeto_final_fase3/airflow_home/dags/pipeline_credito.py
[2025-11-27T11:21:15.268-0300] {logging_mixin.py:188} INFO - [2025-11-27T11:21:15.268-0300] {dag.py:3089} INFO - Sync 1 DAGs
[2025-11-27T11:21:15.277-0300] {logging_mixin.py:188} INFO - [2025-11-27T11:21:15.277-0300] {dag.py:3947} INFO - Setting next_dagrun for pipeline_credito to 2025-11-27 00:00:00+00:00, run_after=2025-11-28 00:00:00+00:00
[2025-11-27T11:21:15.288-0300] {processor.py:183} INFO - Processing /Users/davispecia/Documents/GitHub/Pf_pipeline_dados/Projeto_final_fase3/airflow_home/dags/pipeline_credito.py took 0.101 seconds
[2025-11-27T11:22:15.138-0300] {processor.py:161} INFO - Started process (PID=91752) to work on /Users/davispecia/Documents/GitHub/Pf_pipeline_dados/Projeto_final_fase3/airflow_home/dags/pipeline_credito.py
[2025-11-27T11:22:15.139-0300] {processor.py:830} INFO - Processing file /Users/davispecia/Documents/GitHub/Pf_pipeline_dados/Projeto_final_fase3/airflow_home/dags/pipeline_credito.py for tasks to queue
[2025-11-27T11:22:15.139-0300] {logging_mixin.py:188} INFO - [2025-11-27T11:22:15.139-0300] {dagbag.py:545} INFO - Filling up the DagBag from /Users/davispecia/Documents/GitHub/Pf_pipeline_dados/Projeto_final_fase3/airflow_home/dags/pipeline_credito.py
[2025-11-27T11:22:15.144-0300] {processor.py:840} INFO - DAG(s) 'pipeline_credito' retrieved from /Users/davispecia/Documents/GitHub/Pf_pipeline_dados/Projeto_final_fase3/airflow_home/dags/pipeline_credito.py
[2025-11-27T11:22:15.217-0300] {logging_mixin.py:188} INFO - [2025-11-27T11:22:15.217-0300] {dag.py:3089} INFO - Sync 1 DAGs
[2025-11-27T11:22:15.226-0300] {logging_mixin.py:188} INFO - [2025-11-27T11:22:15.226-0300] {dag.py:3947} INFO - Setting next_dagrun for pipeline_credito to 2025-11-27 00:00:00+00:00, run_after=2025-11-28 00:00:00+00:00
[2025-11-27T11:22:15.235-0300] {processor.py:183} INFO - Processing /Users/davispecia/Documents/GitHub/Pf_pipeline_dados/Projeto_final_fase3/airflow_home/dags/pipeline_credito.py took 0.099 seconds
[2025-11-27T11:23:18.851-0300] {processor.py:161} INFO - Started process (PID=91909) to work on /Users/davispecia/Documents/GitHub/Pf_pipeline_dados/Projeto_final_fase3/airflow_home/dags/pipeline_credito.py
[2025-11-27T11:23:18.852-0300] {processor.py:830} INFO - Processing file /Users/davispecia/Documents/GitHub/Pf_pipeline_dados/Projeto_final_fase3/airflow_home/dags/pipeline_credito.py for tasks to queue
[2025-11-27T11:23:18.853-0300] {logging_mixin.py:188} INFO - [2025-11-27T11:23:18.853-0300] {dagbag.py:545} INFO - Filling up the DagBag from /Users/davispecia/Documents/GitHub/Pf_pipeline_dados/Projeto_final_fase3/airflow_home/dags/pipeline_credito.py
[2025-11-27T11:23:18.857-0300] {processor.py:840} INFO - DAG(s) 'pipeline_credito' retrieved from /Users/davispecia/Documents/GitHub/Pf_pipeline_dados/Projeto_final_fase3/airflow_home/dags/pipeline_credito.py
[2025-11-27T11:23:18.925-0300] {logging_mixin.py:188} INFO - [2025-11-27T11:23:18.925-0300] {dag.py:3089} INFO - Sync 1 DAGs
[2025-11-27T11:23:18.934-0300] {logging_mixin.py:188} INFO - [2025-11-27T11:23:18.934-0300] {dag.py:3947} INFO - Setting next_dagrun for pipeline_credito to 2025-11-27 00:00:00+00:00, run_after=2025-11-28 00:00:00+00:00
[2025-11-27T11:23:18.943-0300] {processor.py:183} INFO - Processing /Users/davispecia/Documents/GitHub/Pf_pipeline_dados/Projeto_final_fase3/airflow_home/dags/pipeline_credito.py took 0.094 seconds
[2025-11-27T11:24:19.551-0300] {processor.py:161} INFO - Started process (PID=92051) to work on /Users/davispecia/Documents/GitHub/Pf_pipeline_dados/Projeto_final_fase3/airflow_home/dags/pipeline_credito.py
[2025-11-27T11:24:19.552-0300] {processor.py:830} INFO - Processing file /Users/davispecia/Documents/GitHub/Pf_pipeline_dados/Projeto_final_fase3/airflow_home/dags/pipeline_credito.py for tasks to queue
[2025-11-27T11:24:19.552-0300] {logging_mixin.py:188} INFO - [2025-11-27T11:24:19.552-0300] {dagbag.py:545} INFO - Filling up the DagBag from /Users/davispecia/Documents/GitHub/Pf_pipeline_dados/Projeto_final_fase3/airflow_home/dags/pipeline_credito.py
[2025-11-27T11:24:19.557-0300] {processor.py:840} INFO - DAG(s) 'pipeline_credito' retrieved from /Users/davispecia/Documents/GitHub/Pf_pipeline_dados/Projeto_final_fase3/airflow_home/dags/pipeline_credito.py
[2025-11-27T11:24:19.625-0300] {logging_mixin.py:188} INFO - [2025-11-27T11:24:19.625-0300] {dag.py:3089} INFO - Sync 1 DAGs
[2025-11-27T11:24:19.634-0300] {logging_mixin.py:188} INFO - [2025-11-27T11:24:19.634-0300] {dag.py:3947} INFO - Setting next_dagrun for pipeline_credito to 2025-11-27 00:00:00+00:00, run_after=2025-11-28 00:00:00+00:00
[2025-11-27T11:24:19.643-0300] {processor.py:183} INFO - Processing /Users/davispecia/Documents/GitHub/Pf_pipeline_dados/Projeto_final_fase3/airflow_home/dags/pipeline_credito.py took 0.094 seconds
[2025-11-27T11:25:22.677-0300] {processor.py:161} INFO - Started process (PID=92213) to work on /Users/davispecia/Documents/GitHub/Pf_pipeline_dados/Projeto_final_fase3/airflow_home/dags/pipeline_credito.py
[2025-11-27T11:25:22.678-0300] {processor.py:830} INFO - Processing file /Users/davispecia/Documents/GitHub/Pf_pipeline_dados/Projeto_final_fase3/airflow_home/dags/pipeline_credito.py for tasks to queue
[2025-11-27T11:25:22.678-0300] {logging_mixin.py:188} INFO - [2025-11-27T11:25:22.678-0300] {dagbag.py:545} INFO - Filling up the DagBag from /Users/davispecia/Documents/GitHub/Pf_pipeline_dados/Projeto_final_fase3/airflow_home/dags/pipeline_credito.py
[2025-11-27T11:25:22.683-0300] {processor.py:840} INFO - DAG(s) 'pipeline_credito' retrieved from /Users/davispecia/Documents/GitHub/Pf_pipeline_dados/Projeto_final_fase3/airflow_home/dags/pipeline_credito.py
[2025-11-27T11:25:22.753-0300] {logging_mixin.py:188} INFO - [2025-11-27T11:25:22.753-0300] {dag.py:3089} INFO - Sync 1 DAGs
[2025-11-27T11:25:22.762-0300] {logging_mixin.py:188} INFO - [2025-11-27T11:25:22.761-0300] {dag.py:3947} INFO - Setting next_dagrun for pipeline_credito to 2025-11-27 00:00:00+00:00, run_after=2025-11-28 00:00:00+00:00
[2025-11-27T11:25:22.770-0300] {processor.py:183} INFO - Processing /Users/davispecia/Documents/GitHub/Pf_pipeline_dados/Projeto_final_fase3/airflow_home/dags/pipeline_credito.py took 0.095 seconds
[2025-11-27T11:26:33.410-0300] {processor.py:161} INFO - Started process (PID=92437) to work on /Users/davispecia/Documents/GitHub/Pf_pipeline_dados/Projeto_final_fase3/airflow_home/dags/pipeline_credito.py
[2025-11-27T11:26:33.411-0300] {processor.py:830} INFO - Processing file /Users/davispecia/Documents/GitHub/Pf_pipeline_dados/Projeto_final_fase3/airflow_home/dags/pipeline_credito.py for tasks to queue
[2025-11-27T11:26:33.411-0300] {logging_mixin.py:188} INFO - [2025-11-27T11:26:33.411-0300] {dagbag.py:545} INFO - Filling up the DagBag from /Users/davispecia/Documents/GitHub/Pf_pipeline_dados/Projeto_final_fase3/airflow_home/dags/pipeline_credito.py
[2025-11-27T11:26:33.416-0300] {processor.py:840} INFO - DAG(s) 'pipeline_credito' retrieved from /Users/davispecia/Documents/GitHub/Pf_pipeline_dados/Projeto_final_fase3/airflow_home/dags/pipeline_credito.py
[2025-11-27T11:26:33.486-0300] {logging_mixin.py:188} INFO - [2025-11-27T11:26:33.486-0300] {dag.py:3089} INFO - Sync 1 DAGs
[2025-11-27T11:26:33.495-0300] {logging_mixin.py:188} INFO - [2025-11-27T11:26:33.495-0300] {dag.py:3947} INFO - Setting next_dagrun for pipeline_credito to 2025-11-27 00:00:00+00:00, run_after=2025-11-28 00:00:00+00:00
[2025-11-27T11:26:33.503-0300] {processor.py:183} INFO - Processing /Users/davispecia/Documents/GitHub/Pf_pipeline_dados/Projeto_final_fase3/airflow_home/dags/pipeline_credito.py took 0.096 seconds
[2025-11-27T11:27:34.900-0300] {processor.py:161} INFO - Started process (PID=92588) to work on /Users/davispecia/Documents/GitHub/Pf_pipeline_dados/Projeto_final_fase3/airflow_home/dags/pipeline_credito.py
[2025-11-27T11:27:34.901-0300] {processor.py:830} INFO - Processing file /Users/davispecia/Documents/GitHub/Pf_pipeline_dados/Projeto_final_fase3/airflow_home/dags/pipeline_credito.py for tasks to queue
[2025-11-27T11:27:34.902-0300] {logging_mixin.py:188} INFO - [2025-11-27T11:27:34.902-0300] {dagbag.py:545} INFO - Filling up the DagBag from /Users/davispecia/Documents/GitHub/Pf_pipeline_dados/Projeto_final_fase3/airflow_home/dags/pipeline_credito.py
[2025-11-27T11:27:34.906-0300] {processor.py:840} INFO - DAG(s) 'pipeline_credito' retrieved from /Users/davispecia/Documents/GitHub/Pf_pipeline_dados/Projeto_final_fase3/airflow_home/dags/pipeline_credito.py
[2025-11-27T11:27:34.977-0300] {logging_mixin.py:188} INFO - [2025-11-27T11:27:34.977-0300] {dag.py:3089} INFO - Sync 1 DAGs
[2025-11-27T11:27:34.986-0300] {logging_mixin.py:188} INFO - [2025-11-27T11:27:34.986-0300] {dag.py:3947} INFO - Setting next_dagrun for pipeline_credito to 2025-11-27 00:00:00+00:00, run_after=2025-11-28 00:00:00+00:00
[2025-11-27T11:27:34.995-0300] {processor.py:183} INFO - Processing /Users/davispecia/Documents/GitHub/Pf_pipeline_dados/Projeto_final_fase3/airflow_home/dags/pipeline_credito.py took 0.097 seconds
[2025-11-27T11:28:35.089-0300] {processor.py:161} INFO - Started process (PID=92753) to work on /Users/davispecia/Documents/GitHub/Pf_pipeline_dados/Projeto_final_fase3/airflow_home/dags/pipeline_credito.py
[2025-11-27T11:28:35.089-0300] {processor.py:830} INFO - Processing file /Users/davispecia/Documents/GitHub/Pf_pipeline_dados/Projeto_final_fase3/airflow_home/dags/pipeline_credito.py for tasks to queue
[2025-11-27T11:28:35.090-0300] {logging_mixin.py:188} INFO - [2025-11-27T11:28:35.090-0300] {dagbag.py:545} INFO - Filling up the DagBag from /Users/davispecia/Documents/GitHub/Pf_pipeline_dados/Projeto_final_fase3/airflow_home/dags/pipeline_credito.py
[2025-11-27T11:28:35.094-0300] {processor.py:840} INFO - DAG(s) 'pipeline_credito' retrieved from /Users/davispecia/Documents/GitHub/Pf_pipeline_dados/Projeto_final_fase3/airflow_home/dags/pipeline_credito.py
[2025-11-27T11:28:35.163-0300] {logging_mixin.py:188} INFO - [2025-11-27T11:28:35.162-0300] {dag.py:3089} INFO - Sync 1 DAGs
[2025-11-27T11:28:35.171-0300] {logging_mixin.py:188} INFO - [2025-11-27T11:28:35.171-0300] {dag.py:3947} INFO - Setting next_dagrun for pipeline_credito to 2025-11-27 00:00:00+00:00, run_after=2025-11-28 00:00:00+00:00
[2025-11-27T11:28:35.180-0300] {processor.py:183} INFO - Processing /Users/davispecia/Documents/GitHub/Pf_pipeline_dados/Projeto_final_fase3/airflow_home/dags/pipeline_credito.py took 0.093 seconds
[2025-11-27T11:29:38.615-0300] {processor.py:161} INFO - Started process (PID=92906) to work on /Users/davispecia/Documents/GitHub/Pf_pipeline_dados/Projeto_final_fase3/airflow_home/dags/pipeline_credito.py
[2025-11-27T11:29:38.615-0300] {processor.py:830} INFO - Processing file /Users/davispecia/Documents/GitHub/Pf_pipeline_dados/Projeto_final_fase3/airflow_home/dags/pipeline_credito.py for tasks to queue
[2025-11-27T11:29:38.615-0300] {logging_mixin.py:188} INFO - [2025-11-27T11:29:38.615-0300] {dagbag.py:545} INFO - Filling up the DagBag from /Users/davispecia/Documents/GitHub/Pf_pipeline_dados/Projeto_final_fase3/airflow_home/dags/pipeline_credito.py
[2025-11-27T11:29:38.620-0300] {processor.py:840} INFO - DAG(s) 'pipeline_credito' retrieved from /Users/davispecia/Documents/GitHub/Pf_pipeline_dados/Projeto_final_fase3/airflow_home/dags/pipeline_credito.py
[2025-11-27T11:29:38.692-0300] {logging_mixin.py:188} INFO - [2025-11-27T11:29:38.692-0300] {dag.py:3089} INFO - Sync 1 DAGs
[2025-11-27T11:29:38.702-0300] {logging_mixin.py:188} INFO - [2025-11-27T11:29:38.702-0300] {dag.py:3947} INFO - Setting next_dagrun for pipeline_credito to 2025-11-27 00:00:00+00:00, run_after=2025-11-28 00:00:00+00:00
[2025-11-27T11:29:38.710-0300] {processor.py:183} INFO - Processing /Users/davispecia/Documents/GitHub/Pf_pipeline_dados/Projeto_final_fase3/airflow_home/dags/pipeline_credito.py took 0.097 seconds
[2025-11-27T11:30:41.141-0300] {processor.py:161} INFO - Started process (PID=93065) to work on /Users/davispecia/Documents/GitHub/Pf_pipeline_dados/Projeto_final_fase3/airflow_home/dags/pipeline_credito.py
[2025-11-27T11:30:41.142-0300] {processor.py:830} INFO - Processing file /Users/davispecia/Documents/GitHub/Pf_pipeline_dados/Projeto_final_fase3/airflow_home/dags/pipeline_credito.py for tasks to queue
[2025-11-27T11:30:41.142-0300] {logging_mixin.py:188} INFO - [2025-11-27T11:30:41.142-0300] {dagbag.py:545} INFO - Filling up the DagBag from /Users/davispecia/Documents/GitHub/Pf_pipeline_dados/Projeto_final_fase3/airflow_home/dags/pipeline_credito.py
[2025-11-27T11:30:41.146-0300] {processor.py:840} INFO - DAG(s) 'pipeline_credito' retrieved from /Users/davispecia/Documents/GitHub/Pf_pipeline_dados/Projeto_final_fase3/airflow_home/dags/pipeline_credito.py
[2025-11-27T11:30:41.215-0300] {logging_mixin.py:188} INFO - [2025-11-27T11:30:41.215-0300] {dag.py:3089} INFO - Sync 1 DAGs
[2025-11-27T11:30:41.224-0300] {logging_mixin.py:188} INFO - [2025-11-27T11:30:41.223-0300] {dag.py:3947} INFO - Setting next_dagrun for pipeline_credito to 2025-11-27 00:00:00+00:00, run_after=2025-11-28 00:00:00+00:00
[2025-11-27T11:30:41.232-0300] {processor.py:183} INFO - Processing /Users/davispecia/Documents/GitHub/Pf_pipeline_dados/Projeto_final_fase3/airflow_home/dags/pipeline_credito.py took 0.093 seconds
[2025-11-27T11:31:48.099-0300] {processor.py:161} INFO - Started process (PID=93275) to work on /Users/davispecia/Documents/GitHub/Pf_pipeline_dados/Projeto_final_fase3/airflow_home/dags/pipeline_credito.py
[2025-11-27T11:31:48.100-0300] {processor.py:830} INFO - Processing file /Users/davispecia/Documents/GitHub/Pf_pipeline_dados/Projeto_final_fase3/airflow_home/dags/pipeline_credito.py for tasks to queue
[2025-11-27T11:31:48.100-0300] {logging_mixin.py:188} INFO - [2025-11-27T11:31:48.100-0300] {dagbag.py:545} INFO - Filling up the DagBag from /Users/davispecia/Documents/GitHub/Pf_pipeline_dados/Projeto_final_fase3/airflow_home/dags/pipeline_credito.py
[2025-11-27T11:31:48.105-0300] {processor.py:840} INFO - DAG(s) 'pipeline_credito' retrieved from /Users/davispecia/Documents/GitHub/Pf_pipeline_dados/Projeto_final_fase3/airflow_home/dags/pipeline_credito.py
[2025-11-27T11:31:48.175-0300] {logging_mixin.py:188} INFO - [2025-11-27T11:31:48.175-0300] {dag.py:3089} INFO - Sync 1 DAGs
[2025-11-27T11:31:48.184-0300] {logging_mixin.py:188} INFO - [2025-11-27T11:31:48.184-0300] {dag.py:3947} INFO - Setting next_dagrun for pipeline_credito to 2025-11-27 00:00:00+00:00, run_after=2025-11-28 00:00:00+00:00
[2025-11-27T11:31:48.193-0300] {processor.py:183} INFO - Processing /Users/davispecia/Documents/GitHub/Pf_pipeline_dados/Projeto_final_fase3/airflow_home/dags/pipeline_credito.py took 0.096 seconds
[2025-11-27T11:32:51.394-0300] {processor.py:161} INFO - Started process (PID=93423) to work on /Users/davispecia/Documents/GitHub/Pf_pipeline_dados/Projeto_final_fase3/airflow_home/dags/pipeline_credito.py
[2025-11-27T11:32:51.395-0300] {processor.py:830} INFO - Processing file /Users/davispecia/Documents/GitHub/Pf_pipeline_dados/Projeto_final_fase3/airflow_home/dags/pipeline_credito.py for tasks to queue
[2025-11-27T11:32:51.395-0300] {logging_mixin.py:188} INFO - [2025-11-27T11:32:51.395-0300] {dagbag.py:545} INFO - Filling up the DagBag from /Users/davispecia/Documents/GitHub/Pf_pipeline_dados/Projeto_final_fase3/airflow_home/dags/pipeline_credito.py
[2025-11-27T11:32:51.400-0300] {processor.py:840} INFO - DAG(s) 'pipeline_credito' retrieved from /Users/davispecia/Documents/GitHub/Pf_pipeline_dados/Projeto_final_fase3/airflow_home/dags/pipeline_credito.py
[2025-11-27T11:32:51.470-0300] {logging_mixin.py:188} INFO - [2025-11-27T11:32:51.470-0300] {dag.py:3089} INFO - Sync 1 DAGs
[2025-11-27T11:32:51.479-0300] {logging_mixin.py:188} INFO - [2025-11-27T11:32:51.479-0300] {dag.py:3947} INFO - Setting next_dagrun for pipeline_credito to 2025-11-27 00:00:00+00:00, run_after=2025-11-28 00:00:00+00:00
[2025-11-27T11:32:51.489-0300] {processor.py:183} INFO - Processing /Users/davispecia/Documents/GitHub/Pf_pipeline_dados/Projeto_final_fase3/airflow_home/dags/pipeline_credito.py took 0.099 seconds
[2025-11-27T11:33:55.339-0300] {processor.py:161} INFO - Started process (PID=93577) to work on /Users/davispecia/Documents/GitHub/Pf_pipeline_dados/Projeto_final_fase3/airflow_home/dags/pipeline_credito.py
[2025-11-27T11:33:55.340-0300] {processor.py:830} INFO - Processing file /Users/davispecia/Documents/GitHub/Pf_pipeline_dados/Projeto_final_fase3/airflow_home/dags/pipeline_credito.py for tasks to queue
[2025-11-27T11:33:55.340-0300] {logging_mixin.py:188} INFO - [2025-11-27T11:33:55.340-0300] {dagbag.py:545} INFO - Filling up the DagBag from /Users/davispecia/Documents/GitHub/Pf_pipeline_dados/Projeto_final_fase3/airflow_home/dags/pipeline_credito.py
[2025-11-27T11:33:55.345-0300] {processor.py:840} INFO - DAG(s) 'pipeline_credito' retrieved from /Users/davispecia/Documents/GitHub/Pf_pipeline_dados/Projeto_final_fase3/airflow_home/dags/pipeline_credito.py
[2025-11-27T11:33:55.415-0300] {logging_mixin.py:188} INFO - [2025-11-27T11:33:55.415-0300] {dag.py:3089} INFO - Sync 1 DAGs
[2025-11-27T11:33:55.424-0300] {logging_mixin.py:188} INFO - [2025-11-27T11:33:55.424-0300] {dag.py:3947} INFO - Setting next_dagrun for pipeline_credito to 2025-11-27 00:00:00+00:00, run_after=2025-11-28 00:00:00+00:00
[2025-11-27T11:33:55.433-0300] {processor.py:183} INFO - Processing /Users/davispecia/Documents/GitHub/Pf_pipeline_dados/Projeto_final_fase3/airflow_home/dags/pipeline_credito.py took 0.097 seconds
[2025-11-27T11:34:58.526-0300] {processor.py:161} INFO - Started process (PID=93732) to work on /Users/davispecia/Documents/GitHub/Pf_pipeline_dados/Projeto_final_fase3/airflow_home/dags/pipeline_credito.py
[2025-11-27T11:34:58.527-0300] {processor.py:830} INFO - Processing file /Users/davispecia/Documents/GitHub/Pf_pipeline_dados/Projeto_final_fase3/airflow_home/dags/pipeline_credito.py for tasks to queue
[2025-11-27T11:34:58.527-0300] {logging_mixin.py:188} INFO - [2025-11-27T11:34:58.527-0300] {dagbag.py:545} INFO - Filling up the DagBag from /Users/davispecia/Documents/GitHub/Pf_pipeline_dados/Projeto_final_fase3/airflow_home/dags/pipeline_credito.py
[2025-11-27T11:34:58.532-0300] {processor.py:840} INFO - DAG(s) 'pipeline_credito' retrieved from /Users/davispecia/Documents/GitHub/Pf_pipeline_dados/Projeto_final_fase3/airflow_home/dags/pipeline_credito.py
[2025-11-27T11:34:58.600-0300] {logging_mixin.py:188} INFO - [2025-11-27T11:34:58.600-0300] {dag.py:3089} INFO - Sync 1 DAGs
[2025-11-27T11:34:58.609-0300] {logging_mixin.py:188} INFO - [2025-11-27T11:34:58.609-0300] {dag.py:3947} INFO - Setting next_dagrun for pipeline_credito to 2025-11-27 00:00:00+00:00, run_after=2025-11-28 00:00:00+00:00
[2025-11-27T11:34:58.618-0300] {processor.py:183} INFO - Processing /Users/davispecia/Documents/GitHub/Pf_pipeline_dados/Projeto_final_fase3/airflow_home/dags/pipeline_credito.py took 0.093 seconds
[2025-11-27T11:36:02.645-0300] {processor.py:161} INFO - Started process (PID=93891) to work on /Users/davispecia/Documents/GitHub/Pf_pipeline_dados/Projeto_final_fase3/airflow_home/dags/pipeline_credito.py
[2025-11-27T11:36:02.646-0300] {processor.py:830} INFO - Processing file /Users/davispecia/Documents/GitHub/Pf_pipeline_dados/Projeto_final_fase3/airflow_home/dags/pipeline_credito.py for tasks to queue
[2025-11-27T11:36:02.646-0300] {logging_mixin.py:188} INFO - [2025-11-27T11:36:02.646-0300] {dagbag.py:545} INFO - Filling up the DagBag from /Users/davispecia/Documents/GitHub/Pf_pipeline_dados/Projeto_final_fase3/airflow_home/dags/pipeline_credito.py
[2025-11-27T11:36:02.651-0300] {processor.py:840} INFO - DAG(s) 'pipeline_credito' retrieved from /Users/davispecia/Documents/GitHub/Pf_pipeline_dados/Projeto_final_fase3/airflow_home/dags/pipeline_credito.py
[2025-11-27T11:36:02.722-0300] {logging_mixin.py:188} INFO - [2025-11-27T11:36:02.722-0300] {dag.py:3089} INFO - Sync 1 DAGs
[2025-11-27T11:36:02.732-0300] {logging_mixin.py:188} INFO - [2025-11-27T11:36:02.732-0300] {dag.py:3947} INFO - Setting next_dagrun for pipeline_credito to 2025-11-27 00:00:00+00:00, run_after=2025-11-28 00:00:00+00:00
[2025-11-27T11:36:02.740-0300] {processor.py:183} INFO - Processing /Users/davispecia/Documents/GitHub/Pf_pipeline_dados/Projeto_final_fase3/airflow_home/dags/pipeline_credito.py took 0.097 seconds
[2025-11-27T11:37:13.008-0300] {processor.py:161} INFO - Started process (PID=94110) to work on /Users/davispecia/Documents/GitHub/Pf_pipeline_dados/Projeto_final_fase3/airflow_home/dags/pipeline_credito.py
[2025-11-27T11:37:13.009-0300] {processor.py:830} INFO - Processing file /Users/davispecia/Documents/GitHub/Pf_pipeline_dados/Projeto_final_fase3/airflow_home/dags/pipeline_credito.py for tasks to queue
[2025-11-27T11:37:13.009-0300] {logging_mixin.py:188} INFO - [2025-11-27T11:37:13.009-0300] {dagbag.py:545} INFO - Filling up the DagBag from /Users/davispecia/Documents/GitHub/Pf_pipeline_dados/Projeto_final_fase3/airflow_home/dags/pipeline_credito.py
[2025-11-27T11:37:13.014-0300] {processor.py:840} INFO - DAG(s) 'pipeline_credito' retrieved from /Users/davispecia/Documents/GitHub/Pf_pipeline_dados/Projeto_final_fase3/airflow_home/dags/pipeline_credito.py
[2025-11-27T11:37:13.082-0300] {logging_mixin.py:188} INFO - [2025-11-27T11:37:13.082-0300] {dag.py:3089} INFO - Sync 1 DAGs
[2025-11-27T11:37:13.091-0300] {logging_mixin.py:188} INFO - [2025-11-27T11:37:13.091-0300] {dag.py:3947} INFO - Setting next_dagrun for pipeline_credito to 2025-11-27 00:00:00+00:00, run_after=2025-11-28 00:00:00+00:00
[2025-11-27T11:37:13.100-0300] {processor.py:183} INFO - Processing /Users/davispecia/Documents/GitHub/Pf_pipeline_dados/Projeto_final_fase3/airflow_home/dags/pipeline_credito.py took 0.093 seconds
[2025-11-27T11:38:17.382-0300] {processor.py:161} INFO - Started process (PID=94259) to work on /Users/davispecia/Documents/GitHub/Pf_pipeline_dados/Projeto_final_fase3/airflow_home/dags/pipeline_credito.py
[2025-11-27T11:38:17.383-0300] {processor.py:830} INFO - Processing file /Users/davispecia/Documents/GitHub/Pf_pipeline_dados/Projeto_final_fase3/airflow_home/dags/pipeline_credito.py for tasks to queue
[2025-11-27T11:38:17.383-0300] {logging_mixin.py:188} INFO - [2025-11-27T11:38:17.383-0300] {dagbag.py:545} INFO - Filling up the DagBag from /Users/davispecia/Documents/GitHub/Pf_pipeline_dados/Projeto_final_fase3/airflow_home/dags/pipeline_credito.py
[2025-11-27T11:38:17.388-0300] {processor.py:840} INFO - DAG(s) 'pipeline_credito' retrieved from /Users/davispecia/Documents/GitHub/Pf_pipeline_dados/Projeto_final_fase3/airflow_home/dags/pipeline_credito.py
[2025-11-27T11:38:17.456-0300] {logging_mixin.py:188} INFO - [2025-11-27T11:38:17.456-0300] {dag.py:3089} INFO - Sync 1 DAGs
[2025-11-27T11:38:17.465-0300] {logging_mixin.py:188} INFO - [2025-11-27T11:38:17.465-0300] {dag.py:3947} INFO - Setting next_dagrun for pipeline_credito to 2025-11-27 00:00:00+00:00, run_after=2025-11-28 00:00:00+00:00
[2025-11-27T11:38:17.474-0300] {processor.py:183} INFO - Processing /Users/davispecia/Documents/GitHub/Pf_pipeline_dados/Projeto_final_fase3/airflow_home/dags/pipeline_credito.py took 0.094 seconds
[2025-11-27T11:39:20.088-0300] {processor.py:161} INFO - Started process (PID=94404) to work on /Users/davispecia/Documents/GitHub/Pf_pipeline_dados/Projeto_final_fase3/airflow_home/dags/pipeline_credito.py
[2025-11-27T11:39:20.089-0300] {processor.py:830} INFO - Processing file /Users/davispecia/Documents/GitHub/Pf_pipeline_dados/Projeto_final_fase3/airflow_home/dags/pipeline_credito.py for tasks to queue
[2025-11-27T11:39:20.090-0300] {logging_mixin.py:188} INFO - [2025-11-27T11:39:20.090-0300] {dagbag.py:545} INFO - Filling up the DagBag from /Users/davispecia/Documents/GitHub/Pf_pipeline_dados/Projeto_final_fase3/airflow_home/dags/pipeline_credito.py
[2025-11-27T11:39:20.094-0300] {processor.py:840} INFO - DAG(s) 'pipeline_credito' retrieved from /Users/davispecia/Documents/GitHub/Pf_pipeline_dados/Projeto_final_fase3/airflow_home/dags/pipeline_credito.py
[2025-11-27T11:39:20.164-0300] {logging_mixin.py:188} INFO - [2025-11-27T11:39:20.164-0300] {dag.py:3089} INFO - Sync 1 DAGs
[2025-11-27T11:39:20.173-0300] {logging_mixin.py:188} INFO - [2025-11-27T11:39:20.173-0300] {dag.py:3947} INFO - Setting next_dagrun for pipeline_credito to 2025-11-27 00:00:00+00:00, run_after=2025-11-28 00:00:00+00:00
[2025-11-27T11:39:20.182-0300] {processor.py:183} INFO - Processing /Users/davispecia/Documents/GitHub/Pf_pipeline_dados/Projeto_final_fase3/airflow_home/dags/pipeline_credito.py took 0.096 seconds
[2025-11-27T11:40:22.674-0300] {processor.py:161} INFO - Started process (PID=94547) to work on /Users/davispecia/Documents/GitHub/Pf_pipeline_dados/Projeto_final_fase3/airflow_home/dags/pipeline_credito.py
[2025-11-27T11:40:22.675-0300] {processor.py:830} INFO - Processing file /Users/davispecia/Documents/GitHub/Pf_pipeline_dados/Projeto_final_fase3/airflow_home/dags/pipeline_credito.py for tasks to queue
[2025-11-27T11:40:22.676-0300] {logging_mixin.py:188} INFO - [2025-11-27T11:40:22.675-0300] {dagbag.py:545} INFO - Filling up the DagBag from /Users/davispecia/Documents/GitHub/Pf_pipeline_dados/Projeto_final_fase3/airflow_home/dags/pipeline_credito.py
[2025-11-27T11:40:22.680-0300] {processor.py:840} INFO - DAG(s) 'pipeline_credito' retrieved from /Users/davispecia/Documents/GitHub/Pf_pipeline_dados/Projeto_final_fase3/airflow_home/dags/pipeline_credito.py
[2025-11-27T11:40:22.751-0300] {logging_mixin.py:188} INFO - [2025-11-27T11:40:22.751-0300] {dag.py:3089} INFO - Sync 1 DAGs
[2025-11-27T11:40:22.760-0300] {logging_mixin.py:188} INFO - [2025-11-27T11:40:22.760-0300] {dag.py:3947} INFO - Setting next_dagrun for pipeline_credito to 2025-11-27 00:00:00+00:00, run_after=2025-11-28 00:00:00+00:00
[2025-11-27T11:40:22.769-0300] {processor.py:183} INFO - Processing /Users/davispecia/Documents/GitHub/Pf_pipeline_dados/Projeto_final_fase3/airflow_home/dags/pipeline_credito.py took 0.097 seconds
[2025-11-27T11:41:26.944-0300] {processor.py:161} INFO - Started process (PID=94720) to work on /Users/davispecia/Documents/GitHub/Pf_pipeline_dados/Projeto_final_fase3/airflow_home/dags/pipeline_credito.py
[2025-11-27T11:41:26.944-0300] {processor.py:830} INFO - Processing file /Users/davispecia/Documents/GitHub/Pf_pipeline_dados/Projeto_final_fase3/airflow_home/dags/pipeline_credito.py for tasks to queue
[2025-11-27T11:41:26.945-0300] {logging_mixin.py:188} INFO - [2025-11-27T11:41:26.945-0300] {dagbag.py:545} INFO - Filling up the DagBag from /Users/davispecia/Documents/GitHub/Pf_pipeline_dados/Projeto_final_fase3/airflow_home/dags/pipeline_credito.py
[2025-11-27T11:41:26.949-0300] {processor.py:840} INFO - DAG(s) 'pipeline_credito' retrieved from /Users/davispecia/Documents/GitHub/Pf_pipeline_dados/Projeto_final_fase3/airflow_home/dags/pipeline_credito.py
[2025-11-27T11:41:27.019-0300] {logging_mixin.py:188} INFO - [2025-11-27T11:41:27.019-0300] {dag.py:3089} INFO - Sync 1 DAGs
[2025-11-27T11:41:27.028-0300] {logging_mixin.py:188} INFO - [2025-11-27T11:41:27.028-0300] {dag.py:3947} INFO - Setting next_dagrun for pipeline_credito to 2025-11-27 00:00:00+00:00, run_after=2025-11-28 00:00:00+00:00
[2025-11-27T11:41:27.036-0300] {processor.py:183} INFO - Processing /Users/davispecia/Documents/GitHub/Pf_pipeline_dados/Projeto_final_fase3/airflow_home/dags/pipeline_credito.py took 0.094 seconds
[2025-11-27T11:42:38.761-0300] {processor.py:161} INFO - Started process (PID=94943) to work on /Users/davispecia/Documents/GitHub/Pf_pipeline_dados/Projeto_final_fase3/airflow_home/dags/pipeline_credito.py
[2025-11-27T11:42:38.762-0300] {processor.py:830} INFO - Processing file /Users/davispecia/Documents/GitHub/Pf_pipeline_dados/Projeto_final_fase3/airflow_home/dags/pipeline_credito.py for tasks to queue
[2025-11-27T11:42:38.763-0300] {logging_mixin.py:188} INFO - [2025-11-27T11:42:38.763-0300] {dagbag.py:545} INFO - Filling up the DagBag from /Users/davispecia/Documents/GitHub/Pf_pipeline_dados/Projeto_final_fase3/airflow_home/dags/pipeline_credito.py
[2025-11-27T11:42:38.767-0300] {processor.py:840} INFO - DAG(s) 'pipeline_credito' retrieved from /Users/davispecia/Documents/GitHub/Pf_pipeline_dados/Projeto_final_fase3/airflow_home/dags/pipeline_credito.py
[2025-11-27T11:42:38.838-0300] {logging_mixin.py:188} INFO - [2025-11-27T11:42:38.838-0300] {dag.py:3089} INFO - Sync 1 DAGs
[2025-11-27T11:42:38.848-0300] {logging_mixin.py:188} INFO - [2025-11-27T11:42:38.848-0300] {dag.py:3947} INFO - Setting next_dagrun for pipeline_credito to 2025-11-27 00:00:00+00:00, run_after=2025-11-28 00:00:00+00:00
[2025-11-27T11:42:38.856-0300] {processor.py:183} INFO - Processing /Users/davispecia/Documents/GitHub/Pf_pipeline_dados/Projeto_final_fase3/airflow_home/dags/pipeline_credito.py took 0.097 seconds
[2025-11-27T11:43:42.629-0300] {processor.py:161} INFO - Started process (PID=95096) to work on /Users/davispecia/Documents/GitHub/Pf_pipeline_dados/Projeto_final_fase3/airflow_home/dags/pipeline_credito.py
[2025-11-27T11:43:42.630-0300] {processor.py:830} INFO - Processing file /Users/davispecia/Documents/GitHub/Pf_pipeline_dados/Projeto_final_fase3/airflow_home/dags/pipeline_credito.py for tasks to queue
[2025-11-27T11:43:42.630-0300] {logging_mixin.py:188} INFO - [2025-11-27T11:43:42.630-0300] {dagbag.py:545} INFO - Filling up the DagBag from /Users/davispecia/Documents/GitHub/Pf_pipeline_dados/Projeto_final_fase3/airflow_home/dags/pipeline_credito.py
[2025-11-27T11:43:42.635-0300] {processor.py:840} INFO - DAG(s) 'pipeline_credito' retrieved from /Users/davispecia/Documents/GitHub/Pf_pipeline_dados/Projeto_final_fase3/airflow_home/dags/pipeline_credito.py
[2025-11-27T11:43:42.704-0300] {logging_mixin.py:188} INFO - [2025-11-27T11:43:42.704-0300] {dag.py:3089} INFO - Sync 1 DAGs
[2025-11-27T11:43:42.713-0300] {logging_mixin.py:188} INFO - [2025-11-27T11:43:42.712-0300] {dag.py:3947} INFO - Setting next_dagrun for pipeline_credito to 2025-11-27 00:00:00+00:00, run_after=2025-11-28 00:00:00+00:00
[2025-11-27T11:43:42.722-0300] {processor.py:183} INFO - Processing /Users/davispecia/Documents/GitHub/Pf_pipeline_dados/Projeto_final_fase3/airflow_home/dags/pipeline_credito.py took 0.095 seconds
[2025-11-27T11:44:45.915-0300] {processor.py:161} INFO - Started process (PID=95246) to work on /Users/davispecia/Documents/GitHub/Pf_pipeline_dados/Projeto_final_fase3/airflow_home/dags/pipeline_credito.py
[2025-11-27T11:44:45.917-0300] {processor.py:830} INFO - Processing file /Users/davispecia/Documents/GitHub/Pf_pipeline_dados/Projeto_final_fase3/airflow_home/dags/pipeline_credito.py for tasks to queue
[2025-11-27T11:44:45.917-0300] {logging_mixin.py:188} INFO - [2025-11-27T11:44:45.917-0300] {dagbag.py:545} INFO - Filling up the DagBag from /Users/davispecia/Documents/GitHub/Pf_pipeline_dados/Projeto_final_fase3/airflow_home/dags/pipeline_credito.py
[2025-11-27T11:44:45.921-0300] {processor.py:840} INFO - DAG(s) 'pipeline_credito' retrieved from /Users/davispecia/Documents/GitHub/Pf_pipeline_dados/Projeto_final_fase3/airflow_home/dags/pipeline_credito.py
[2025-11-27T11:44:45.990-0300] {logging_mixin.py:188} INFO - [2025-11-27T11:44:45.990-0300] {dag.py:3089} INFO - Sync 1 DAGs
[2025-11-27T11:44:45.999-0300] {logging_mixin.py:188} INFO - [2025-11-27T11:44:45.999-0300] {dag.py:3947} INFO - Setting next_dagrun for pipeline_credito to 2025-11-27 00:00:00+00:00, run_after=2025-11-28 00:00:00+00:00
[2025-11-27T11:44:46.008-0300] {processor.py:183} INFO - Processing /Users/davispecia/Documents/GitHub/Pf_pipeline_dados/Projeto_final_fase3/airflow_home/dags/pipeline_credito.py took 0.095 seconds
[2025-11-27T11:45:46.832-0300] {processor.py:161} INFO - Started process (PID=95391) to work on /Users/davispecia/Documents/GitHub/Pf_pipeline_dados/Projeto_final_fase3/airflow_home/dags/pipeline_credito.py
[2025-11-27T11:45:46.833-0300] {processor.py:830} INFO - Processing file /Users/davispecia/Documents/GitHub/Pf_pipeline_dados/Projeto_final_fase3/airflow_home/dags/pipeline_credito.py for tasks to queue
[2025-11-27T11:45:46.834-0300] {logging_mixin.py:188} INFO - [2025-11-27T11:45:46.834-0300] {dagbag.py:545} INFO - Filling up the DagBag from /Users/davispecia/Documents/GitHub/Pf_pipeline_dados/Projeto_final_fase3/airflow_home/dags/pipeline_credito.py
[2025-11-27T11:45:46.838-0300] {processor.py:840} INFO - DAG(s) 'pipeline_credito' retrieved from /Users/davispecia/Documents/GitHub/Pf_pipeline_dados/Projeto_final_fase3/airflow_home/dags/pipeline_credito.py
[2025-11-27T11:45:46.906-0300] {logging_mixin.py:188} INFO - [2025-11-27T11:45:46.906-0300] {dag.py:3089} INFO - Sync 1 DAGs
[2025-11-27T11:45:46.915-0300] {logging_mixin.py:188} INFO - [2025-11-27T11:45:46.915-0300] {dag.py:3947} INFO - Setting next_dagrun for pipeline_credito to 2025-11-27 00:00:00+00:00, run_after=2025-11-28 00:00:00+00:00
[2025-11-27T11:45:46.924-0300] {processor.py:183} INFO - Processing /Users/davispecia/Documents/GitHub/Pf_pipeline_dados/Projeto_final_fase3/airflow_home/dags/pipeline_credito.py took 0.094 seconds
[2025-11-27T11:46:49.345-0300] {processor.py:161} INFO - Started process (PID=95543) to work on /Users/davispecia/Documents/GitHub/Pf_pipeline_dados/Projeto_final_fase3/airflow_home/dags/pipeline_credito.py
[2025-11-27T11:46:49.346-0300] {processor.py:830} INFO - Processing file /Users/davispecia/Documents/GitHub/Pf_pipeline_dados/Projeto_final_fase3/airflow_home/dags/pipeline_credito.py for tasks to queue
[2025-11-27T11:46:49.346-0300] {logging_mixin.py:188} INFO - [2025-11-27T11:46:49.346-0300] {dagbag.py:545} INFO - Filling up the DagBag from /Users/davispecia/Documents/GitHub/Pf_pipeline_dados/Projeto_final_fase3/airflow_home/dags/pipeline_credito.py
[2025-11-27T11:46:49.351-0300] {processor.py:840} INFO - DAG(s) 'pipeline_credito' retrieved from /Users/davispecia/Documents/GitHub/Pf_pipeline_dados/Projeto_final_fase3/airflow_home/dags/pipeline_credito.py
[2025-11-27T11:46:49.423-0300] {logging_mixin.py:188} INFO - [2025-11-27T11:46:49.423-0300] {dag.py:3089} INFO - Sync 1 DAGs
[2025-11-27T11:46:49.432-0300] {logging_mixin.py:188} INFO - [2025-11-27T11:46:49.432-0300] {dag.py:3947} INFO - Setting next_dagrun for pipeline_credito to 2025-11-27 00:00:00+00:00, run_after=2025-11-28 00:00:00+00:00
[2025-11-27T11:46:49.441-0300] {processor.py:183} INFO - Processing /Users/davispecia/Documents/GitHub/Pf_pipeline_dados/Projeto_final_fase3/airflow_home/dags/pipeline_credito.py took 0.097 seconds
[2025-11-27T11:48:01.709-0300] {processor.py:161} INFO - Started process (PID=95813) to work on /Users/davispecia/Documents/GitHub/Pf_pipeline_dados/Projeto_final_fase3/airflow_home/dags/pipeline_credito.py
[2025-11-27T11:48:01.710-0300] {processor.py:830} INFO - Processing file /Users/davispecia/Documents/GitHub/Pf_pipeline_dados/Projeto_final_fase3/airflow_home/dags/pipeline_credito.py for tasks to queue
[2025-11-27T11:48:01.710-0300] {logging_mixin.py:188} INFO - [2025-11-27T11:48:01.710-0300] {dagbag.py:545} INFO - Filling up the DagBag from /Users/davispecia/Documents/GitHub/Pf_pipeline_dados/Projeto_final_fase3/airflow_home/dags/pipeline_credito.py
[2025-11-27T11:48:01.715-0300] {processor.py:840} INFO - DAG(s) 'pipeline_credito' retrieved from /Users/davispecia/Documents/GitHub/Pf_pipeline_dados/Projeto_final_fase3/airflow_home/dags/pipeline_credito.py
[2025-11-27T11:48:01.783-0300] {logging_mixin.py:188} INFO - [2025-11-27T11:48:01.783-0300] {dag.py:3089} INFO - Sync 1 DAGs
[2025-11-27T11:48:01.793-0300] {logging_mixin.py:188} INFO - [2025-11-27T11:48:01.793-0300] {dag.py:3947} INFO - Setting next_dagrun for pipeline_credito to 2025-11-27 00:00:00+00:00, run_after=2025-11-28 00:00:00+00:00
[2025-11-27T11:48:01.801-0300] {processor.py:183} INFO - Processing /Users/davispecia/Documents/GitHub/Pf_pipeline_dados/Projeto_final_fase3/airflow_home/dags/pipeline_credito.py took 0.094 seconds
[2025-11-27T11:49:05.210-0300] {processor.py:161} INFO - Started process (PID=95963) to work on /Users/davispecia/Documents/GitHub/Pf_pipeline_dados/Projeto_final_fase3/airflow_home/dags/pipeline_credito.py
[2025-11-27T11:49:05.211-0300] {processor.py:830} INFO - Processing file /Users/davispecia/Documents/GitHub/Pf_pipeline_dados/Projeto_final_fase3/airflow_home/dags/pipeline_credito.py for tasks to queue
[2025-11-27T11:49:05.211-0300] {logging_mixin.py:188} INFO - [2025-11-27T11:49:05.211-0300] {dagbag.py:545} INFO - Filling up the DagBag from /Users/davispecia/Documents/GitHub/Pf_pipeline_dados/Projeto_final_fase3/airflow_home/dags/pipeline_credito.py
[2025-11-27T11:49:05.216-0300] {processor.py:840} INFO - DAG(s) 'pipeline_credito' retrieved from /Users/davispecia/Documents/GitHub/Pf_pipeline_dados/Projeto_final_fase3/airflow_home/dags/pipeline_credito.py
[2025-11-27T11:49:05.284-0300] {logging_mixin.py:188} INFO - [2025-11-27T11:49:05.284-0300] {dag.py:3089} INFO - Sync 1 DAGs
[2025-11-27T11:49:05.293-0300] {logging_mixin.py:188} INFO - [2025-11-27T11:49:05.293-0300] {dag.py:3947} INFO - Setting next_dagrun for pipeline_credito to 2025-11-27 00:00:00+00:00, run_after=2025-11-28 00:00:00+00:00
[2025-11-27T11:49:05.301-0300] {processor.py:183} INFO - Processing /Users/davispecia/Documents/GitHub/Pf_pipeline_dados/Projeto_final_fase3/airflow_home/dags/pipeline_credito.py took 0.094 seconds
[2025-11-27T11:50:10.133-0300] {processor.py:161} INFO - Started process (PID=96125) to work on /Users/davispecia/Documents/GitHub/Pf_pipeline_dados/Projeto_final_fase3/airflow_home/dags/pipeline_credito.py
[2025-11-27T11:50:10.134-0300] {processor.py:830} INFO - Processing file /Users/davispecia/Documents/GitHub/Pf_pipeline_dados/Projeto_final_fase3/airflow_home/dags/pipeline_credito.py for tasks to queue
[2025-11-27T11:50:10.134-0300] {logging_mixin.py:188} INFO - [2025-11-27T11:50:10.134-0300] {dagbag.py:545} INFO - Filling up the DagBag from /Users/davispecia/Documents/GitHub/Pf_pipeline_dados/Projeto_final_fase3/airflow_home/dags/pipeline_credito.py
[2025-11-27T11:50:10.138-0300] {processor.py:840} INFO - DAG(s) 'pipeline_credito' retrieved from /Users/davispecia/Documents/GitHub/Pf_pipeline_dados/Projeto_final_fase3/airflow_home/dags/pipeline_credito.py
[2025-11-27T11:50:10.208-0300] {logging_mixin.py:188} INFO - [2025-11-27T11:50:10.208-0300] {dag.py:3089} INFO - Sync 1 DAGs
[2025-11-27T11:50:10.217-0300] {logging_mixin.py:188} INFO - [2025-11-27T11:50:10.217-0300] {dag.py:3947} INFO - Setting next_dagrun for pipeline_credito to 2025-11-27 00:00:00+00:00, run_after=2025-11-28 00:00:00+00:00
[2025-11-27T11:50:10.226-0300] {processor.py:183} INFO - Processing /Users/davispecia/Documents/GitHub/Pf_pipeline_dados/Projeto_final_fase3/airflow_home/dags/pipeline_credito.py took 0.096 seconds
[2025-11-27T11:51:13.876-0300] {processor.py:161} INFO - Started process (PID=96285) to work on /Users/davispecia/Documents/GitHub/Pf_pipeline_dados/Projeto_final_fase3/airflow_home/dags/pipeline_credito.py
[2025-11-27T11:51:13.876-0300] {processor.py:830} INFO - Processing file /Users/davispecia/Documents/GitHub/Pf_pipeline_dados/Projeto_final_fase3/airflow_home/dags/pipeline_credito.py for tasks to queue
[2025-11-27T11:51:13.877-0300] {logging_mixin.py:188} INFO - [2025-11-27T11:51:13.877-0300] {dagbag.py:545} INFO - Filling up the DagBag from /Users/davispecia/Documents/GitHub/Pf_pipeline_dados/Projeto_final_fase3/airflow_home/dags/pipeline_credito.py
[2025-11-27T11:51:13.882-0300] {processor.py:840} INFO - DAG(s) 'pipeline_credito' retrieved from /Users/davispecia/Documents/GitHub/Pf_pipeline_dados/Projeto_final_fase3/airflow_home/dags/pipeline_credito.py
[2025-11-27T11:51:13.954-0300] {logging_mixin.py:188} INFO - [2025-11-27T11:51:13.954-0300] {dag.py:3089} INFO - Sync 1 DAGs
[2025-11-27T11:51:13.963-0300] {logging_mixin.py:188} INFO - [2025-11-27T11:51:13.963-0300] {dag.py:3947} INFO - Setting next_dagrun for pipeline_credito to 2025-11-27 00:00:00+00:00, run_after=2025-11-28 00:00:00+00:00
[2025-11-27T11:51:13.972-0300] {processor.py:183} INFO - Processing /Users/davispecia/Documents/GitHub/Pf_pipeline_dados/Projeto_final_fase3/airflow_home/dags/pipeline_credito.py took 0.098 seconds
[2025-11-27T11:52:15.242-0300] {processor.py:161} INFO - Started process (PID=96438) to work on /Users/davispecia/Documents/GitHub/Pf_pipeline_dados/Projeto_final_fase3/airflow_home/dags/pipeline_credito.py
[2025-11-27T11:52:15.245-0300] {processor.py:830} INFO - Processing file /Users/davispecia/Documents/GitHub/Pf_pipeline_dados/Projeto_final_fase3/airflow_home/dags/pipeline_credito.py for tasks to queue
[2025-11-27T11:52:15.245-0300] {logging_mixin.py:188} INFO - [2025-11-27T11:52:15.245-0300] {dagbag.py:545} INFO - Filling up the DagBag from /Users/davispecia/Documents/GitHub/Pf_pipeline_dados/Projeto_final_fase3/airflow_home/dags/pipeline_credito.py
[2025-11-27T11:52:15.250-0300] {processor.py:840} INFO - DAG(s) 'pipeline_credito' retrieved from /Users/davispecia/Documents/GitHub/Pf_pipeline_dados/Projeto_final_fase3/airflow_home/dags/pipeline_credito.py
[2025-11-27T11:52:15.319-0300] {logging_mixin.py:188} INFO - [2025-11-27T11:52:15.319-0300] {dag.py:3089} INFO - Sync 1 DAGs
[2025-11-27T11:52:15.328-0300] {logging_mixin.py:188} INFO - [2025-11-27T11:52:15.328-0300] {dag.py:3947} INFO - Setting next_dagrun for pipeline_credito to 2025-11-27 00:00:00+00:00, run_after=2025-11-28 00:00:00+00:00
[2025-11-27T11:52:15.337-0300] {processor.py:183} INFO - Processing /Users/davispecia/Documents/GitHub/Pf_pipeline_dados/Projeto_final_fase3/airflow_home/dags/pipeline_credito.py took 0.097 seconds
[2025-11-27T11:53:17.696-0300] {processor.py:161} INFO - Started process (PID=96680) to work on /Users/davispecia/Documents/GitHub/Pf_pipeline_dados/Projeto_final_fase3/airflow_home/dags/pipeline_credito.py
[2025-11-27T11:53:17.697-0300] {processor.py:830} INFO - Processing file /Users/davispecia/Documents/GitHub/Pf_pipeline_dados/Projeto_final_fase3/airflow_home/dags/pipeline_credito.py for tasks to queue
[2025-11-27T11:53:17.697-0300] {logging_mixin.py:188} INFO - [2025-11-27T11:53:17.697-0300] {dagbag.py:545} INFO - Filling up the DagBag from /Users/davispecia/Documents/GitHub/Pf_pipeline_dados/Projeto_final_fase3/airflow_home/dags/pipeline_credito.py
[2025-11-27T11:53:17.702-0300] {processor.py:840} INFO - DAG(s) 'pipeline_credito' retrieved from /Users/davispecia/Documents/GitHub/Pf_pipeline_dados/Projeto_final_fase3/airflow_home/dags/pipeline_credito.py
[2025-11-27T11:53:17.772-0300] {logging_mixin.py:188} INFO - [2025-11-27T11:53:17.772-0300] {dag.py:3089} INFO - Sync 1 DAGs
[2025-11-27T11:53:17.782-0300] {logging_mixin.py:188} INFO - [2025-11-27T11:53:17.782-0300] {dag.py:3947} INFO - Setting next_dagrun for pipeline_credito to 2025-11-27 00:00:00+00:00, run_after=2025-11-28 00:00:00+00:00
[2025-11-27T11:53:17.791-0300] {processor.py:183} INFO - Processing /Users/davispecia/Documents/GitHub/Pf_pipeline_dados/Projeto_final_fase3/airflow_home/dags/pipeline_credito.py took 0.097 seconds
[2025-11-27T11:54:27.265-0300] {processor.py:161} INFO - Started process (PID=96903) to work on /Users/davispecia/Documents/GitHub/Pf_pipeline_dados/Projeto_final_fase3/airflow_home/dags/pipeline_credito.py
[2025-11-27T11:54:27.266-0300] {processor.py:830} INFO - Processing file /Users/davispecia/Documents/GitHub/Pf_pipeline_dados/Projeto_final_fase3/airflow_home/dags/pipeline_credito.py for tasks to queue
[2025-11-27T11:54:27.267-0300] {logging_mixin.py:188} INFO - [2025-11-27T11:54:27.266-0300] {dagbag.py:545} INFO - Filling up the DagBag from /Users/davispecia/Documents/GitHub/Pf_pipeline_dados/Projeto_final_fase3/airflow_home/dags/pipeline_credito.py
[2025-11-27T11:54:27.271-0300] {processor.py:840} INFO - DAG(s) 'pipeline_credito' retrieved from /Users/davispecia/Documents/GitHub/Pf_pipeline_dados/Projeto_final_fase3/airflow_home/dags/pipeline_credito.py
[2025-11-27T11:54:27.340-0300] {logging_mixin.py:188} INFO - [2025-11-27T11:54:27.340-0300] {dag.py:3089} INFO - Sync 1 DAGs
[2025-11-27T11:54:27.349-0300] {logging_mixin.py:188} INFO - [2025-11-27T11:54:27.349-0300] {dag.py:3947} INFO - Setting next_dagrun for pipeline_credito to 2025-11-27 00:00:00+00:00, run_after=2025-11-28 00:00:00+00:00
[2025-11-27T11:54:27.357-0300] {processor.py:183} INFO - Processing /Users/davispecia/Documents/GitHub/Pf_pipeline_dados/Projeto_final_fase3/airflow_home/dags/pipeline_credito.py took 0.094 seconds
[2025-11-27T11:55:25.967-0300] {processor.py:161} INFO - Started process (PID=97045) to work on /Users/davispecia/Documents/GitHub/Pf_pipeline_dados/Projeto_final_fase3/airflow_home/dags/pipeline_credito.py
[2025-11-27T11:55:25.968-0300] {processor.py:830} INFO - Processing file /Users/davispecia/Documents/GitHub/Pf_pipeline_dados/Projeto_final_fase3/airflow_home/dags/pipeline_credito.py for tasks to queue
[2025-11-27T11:55:25.968-0300] {logging_mixin.py:188} INFO - [2025-11-27T11:55:25.968-0300] {dagbag.py:545} INFO - Filling up the DagBag from /Users/davispecia/Documents/GitHub/Pf_pipeline_dados/Projeto_final_fase3/airflow_home/dags/pipeline_credito.py
[2025-11-27T11:55:25.972-0300] {processor.py:840} INFO - DAG(s) 'pipeline_credito' retrieved from /Users/davispecia/Documents/GitHub/Pf_pipeline_dados/Projeto_final_fase3/airflow_home/dags/pipeline_credito.py
[2025-11-27T11:55:26.044-0300] {logging_mixin.py:188} INFO - [2025-11-27T11:55:26.044-0300] {dag.py:3089} INFO - Sync 1 DAGs
[2025-11-27T11:55:26.053-0300] {logging_mixin.py:188} INFO - [2025-11-27T11:55:26.053-0300] {dag.py:3947} INFO - Setting next_dagrun for pipeline_credito to 2025-11-27 00:00:00+00:00, run_after=2025-11-28 00:00:00+00:00
[2025-11-27T11:55:26.061-0300] {processor.py:183} INFO - Processing /Users/davispecia/Documents/GitHub/Pf_pipeline_dados/Projeto_final_fase3/airflow_home/dags/pipeline_credito.py took 0.096 seconds
[2025-11-27T11:56:27.010-0300] {processor.py:161} INFO - Started process (PID=97190) to work on /Users/davispecia/Documents/GitHub/Pf_pipeline_dados/Projeto_final_fase3/airflow_home/dags/pipeline_credito.py
[2025-11-27T11:56:27.011-0300] {processor.py:830} INFO - Processing file /Users/davispecia/Documents/GitHub/Pf_pipeline_dados/Projeto_final_fase3/airflow_home/dags/pipeline_credito.py for tasks to queue
[2025-11-27T11:56:27.011-0300] {logging_mixin.py:188} INFO - [2025-11-27T11:56:27.011-0300] {dagbag.py:545} INFO - Filling up the DagBag from /Users/davispecia/Documents/GitHub/Pf_pipeline_dados/Projeto_final_fase3/airflow_home/dags/pipeline_credito.py
[2025-11-27T11:56:27.016-0300] {processor.py:840} INFO - DAG(s) 'pipeline_credito' retrieved from /Users/davispecia/Documents/GitHub/Pf_pipeline_dados/Projeto_final_fase3/airflow_home/dags/pipeline_credito.py
[2025-11-27T11:56:27.085-0300] {logging_mixin.py:188} INFO - [2025-11-27T11:56:27.085-0300] {dag.py:3089} INFO - Sync 1 DAGs
[2025-11-27T11:56:27.094-0300] {logging_mixin.py:188} INFO - [2025-11-27T11:56:27.093-0300] {dag.py:3947} INFO - Setting next_dagrun for pipeline_credito to 2025-11-27 00:00:00+00:00, run_after=2025-11-28 00:00:00+00:00
[2025-11-27T11:56:27.104-0300] {processor.py:183} INFO - Processing /Users/davispecia/Documents/GitHub/Pf_pipeline_dados/Projeto_final_fase3/airflow_home/dags/pipeline_credito.py took 0.096 seconds
[2025-11-27T11:57:31.441-0300] {processor.py:161} INFO - Started process (PID=97349) to work on /Users/davispecia/Documents/GitHub/Pf_pipeline_dados/Projeto_final_fase3/airflow_home/dags/pipeline_credito.py
[2025-11-27T11:57:31.441-0300] {processor.py:830} INFO - Processing file /Users/davispecia/Documents/GitHub/Pf_pipeline_dados/Projeto_final_fase3/airflow_home/dags/pipeline_credito.py for tasks to queue
[2025-11-27T11:57:31.442-0300] {logging_mixin.py:188} INFO - [2025-11-27T11:57:31.441-0300] {dagbag.py:545} INFO - Filling up the DagBag from /Users/davispecia/Documents/GitHub/Pf_pipeline_dados/Projeto_final_fase3/airflow_home/dags/pipeline_credito.py
[2025-11-27T11:57:31.446-0300] {processor.py:840} INFO - DAG(s) 'pipeline_credito' retrieved from /Users/davispecia/Documents/GitHub/Pf_pipeline_dados/Projeto_final_fase3/airflow_home/dags/pipeline_credito.py
[2025-11-27T11:57:31.514-0300] {logging_mixin.py:188} INFO - [2025-11-27T11:57:31.514-0300] {dag.py:3089} INFO - Sync 1 DAGs
[2025-11-27T11:57:31.523-0300] {logging_mixin.py:188} INFO - [2025-11-27T11:57:31.523-0300] {dag.py:3947} INFO - Setting next_dagrun for pipeline_credito to 2025-11-27 00:00:00+00:00, run_after=2025-11-28 00:00:00+00:00
[2025-11-27T11:57:31.532-0300] {processor.py:183} INFO - Processing /Users/davispecia/Documents/GitHub/Pf_pipeline_dados/Projeto_final_fase3/airflow_home/dags/pipeline_credito.py took 0.093 seconds
[2025-11-27T11:58:34.303-0300] {processor.py:161} INFO - Started process (PID=97507) to work on /Users/davispecia/Documents/GitHub/Pf_pipeline_dados/Projeto_final_fase3/airflow_home/dags/pipeline_credito.py
[2025-11-27T11:58:34.304-0300] {processor.py:830} INFO - Processing file /Users/davispecia/Documents/GitHub/Pf_pipeline_dados/Projeto_final_fase3/airflow_home/dags/pipeline_credito.py for tasks to queue
[2025-11-27T11:58:34.304-0300] {logging_mixin.py:188} INFO - [2025-11-27T11:58:34.304-0300] {dagbag.py:545} INFO - Filling up the DagBag from /Users/davispecia/Documents/GitHub/Pf_pipeline_dados/Projeto_final_fase3/airflow_home/dags/pipeline_credito.py
[2025-11-27T11:58:34.309-0300] {processor.py:840} INFO - DAG(s) 'pipeline_credito' retrieved from /Users/davispecia/Documents/GitHub/Pf_pipeline_dados/Projeto_final_fase3/airflow_home/dags/pipeline_credito.py
[2025-11-27T11:58:34.380-0300] {logging_mixin.py:188} INFO - [2025-11-27T11:58:34.380-0300] {dag.py:3089} INFO - Sync 1 DAGs
[2025-11-27T11:58:34.389-0300] {logging_mixin.py:188} INFO - [2025-11-27T11:58:34.388-0300] {dag.py:3947} INFO - Setting next_dagrun for pipeline_credito to 2025-11-27 00:00:00+00:00, run_after=2025-11-28 00:00:00+00:00
[2025-11-27T11:58:34.397-0300] {processor.py:183} INFO - Processing /Users/davispecia/Documents/GitHub/Pf_pipeline_dados/Projeto_final_fase3/airflow_home/dags/pipeline_credito.py took 0.095 seconds
[2025-11-27T11:59:49.947-0300] {processor.py:161} INFO - Started process (PID=97746) to work on /Users/davispecia/Documents/GitHub/Pf_pipeline_dados/Projeto_final_fase3/airflow_home/dags/pipeline_credito.py
[2025-11-27T11:59:49.948-0300] {processor.py:830} INFO - Processing file /Users/davispecia/Documents/GitHub/Pf_pipeline_dados/Projeto_final_fase3/airflow_home/dags/pipeline_credito.py for tasks to queue
[2025-11-27T11:59:49.949-0300] {logging_mixin.py:188} INFO - [2025-11-27T11:59:49.948-0300] {dagbag.py:545} INFO - Filling up the DagBag from /Users/davispecia/Documents/GitHub/Pf_pipeline_dados/Projeto_final_fase3/airflow_home/dags/pipeline_credito.py
[2025-11-27T11:59:49.953-0300] {processor.py:840} INFO - DAG(s) 'pipeline_credito' retrieved from /Users/davispecia/Documents/GitHub/Pf_pipeline_dados/Projeto_final_fase3/airflow_home/dags/pipeline_credito.py
[2025-11-27T11:59:50.024-0300] {logging_mixin.py:188} INFO - [2025-11-27T11:59:50.024-0300] {dag.py:3089} INFO - Sync 1 DAGs
[2025-11-27T11:59:50.034-0300] {logging_mixin.py:188} INFO - [2025-11-27T11:59:50.034-0300] {dag.py:3947} INFO - Setting next_dagrun for pipeline_credito to 2025-11-27 00:00:00+00:00, run_after=2025-11-28 00:00:00+00:00
[2025-11-27T11:59:50.042-0300] {processor.py:183} INFO - Processing /Users/davispecia/Documents/GitHub/Pf_pipeline_dados/Projeto_final_fase3/airflow_home/dags/pipeline_credito.py took 0.097 seconds
[2025-11-27T12:00:54.894-0300] {processor.py:161} INFO - Started process (PID=97908) to work on /Users/davispecia/Documents/GitHub/Pf_pipeline_dados/Projeto_final_fase3/airflow_home/dags/pipeline_credito.py
[2025-11-27T12:00:54.896-0300] {processor.py:830} INFO - Processing file /Users/davispecia/Documents/GitHub/Pf_pipeline_dados/Projeto_final_fase3/airflow_home/dags/pipeline_credito.py for tasks to queue
[2025-11-27T12:00:54.896-0300] {logging_mixin.py:188} INFO - [2025-11-27T12:00:54.896-0300] {dagbag.py:545} INFO - Filling up the DagBag from /Users/davispecia/Documents/GitHub/Pf_pipeline_dados/Projeto_final_fase3/airflow_home/dags/pipeline_credito.py
[2025-11-27T12:00:54.900-0300] {processor.py:840} INFO - DAG(s) 'pipeline_credito' retrieved from /Users/davispecia/Documents/GitHub/Pf_pipeline_dados/Projeto_final_fase3/airflow_home/dags/pipeline_credito.py
[2025-11-27T12:00:54.968-0300] {logging_mixin.py:188} INFO - [2025-11-27T12:00:54.968-0300] {dag.py:3089} INFO - Sync 1 DAGs
[2025-11-27T12:00:54.977-0300] {logging_mixin.py:188} INFO - [2025-11-27T12:00:54.977-0300] {dag.py:3947} INFO - Setting next_dagrun for pipeline_credito to 2025-11-27 00:00:00+00:00, run_after=2025-11-28 00:00:00+00:00
[2025-11-27T12:00:54.986-0300] {processor.py:183} INFO - Processing /Users/davispecia/Documents/GitHub/Pf_pipeline_dados/Projeto_final_fase3/airflow_home/dags/pipeline_credito.py took 0.093 seconds
[2025-11-27T12:01:59.105-0300] {processor.py:161} INFO - Started process (PID=98060) to work on /Users/davispecia/Documents/GitHub/Pf_pipeline_dados/Projeto_final_fase3/airflow_home/dags/pipeline_credito.py
[2025-11-27T12:01:59.106-0300] {processor.py:830} INFO - Processing file /Users/davispecia/Documents/GitHub/Pf_pipeline_dados/Projeto_final_fase3/airflow_home/dags/pipeline_credito.py for tasks to queue
[2025-11-27T12:01:59.106-0300] {logging_mixin.py:188} INFO - [2025-11-27T12:01:59.106-0300] {dagbag.py:545} INFO - Filling up the DagBag from /Users/davispecia/Documents/GitHub/Pf_pipeline_dados/Projeto_final_fase3/airflow_home/dags/pipeline_credito.py
[2025-11-27T12:01:59.110-0300] {processor.py:840} INFO - DAG(s) 'pipeline_credito' retrieved from /Users/davispecia/Documents/GitHub/Pf_pipeline_dados/Projeto_final_fase3/airflow_home/dags/pipeline_credito.py
[2025-11-27T12:01:59.179-0300] {logging_mixin.py:188} INFO - [2025-11-27T12:01:59.178-0300] {dag.py:3089} INFO - Sync 1 DAGs
[2025-11-27T12:01:59.187-0300] {logging_mixin.py:188} INFO - [2025-11-27T12:01:59.187-0300] {dag.py:3947} INFO - Setting next_dagrun for pipeline_credito to 2025-11-27 00:00:00+00:00, run_after=2025-11-28 00:00:00+00:00
[2025-11-27T12:01:59.196-0300] {processor.py:183} INFO - Processing /Users/davispecia/Documents/GitHub/Pf_pipeline_dados/Projeto_final_fase3/airflow_home/dags/pipeline_credito.py took 0.094 seconds
[2025-11-27T12:03:00.355-0300] {processor.py:161} INFO - Started process (PID=98206) to work on /Users/davispecia/Documents/GitHub/Pf_pipeline_dados/Projeto_final_fase3/airflow_home/dags/pipeline_credito.py
[2025-11-27T12:03:00.356-0300] {processor.py:830} INFO - Processing file /Users/davispecia/Documents/GitHub/Pf_pipeline_dados/Projeto_final_fase3/airflow_home/dags/pipeline_credito.py for tasks to queue
[2025-11-27T12:03:00.356-0300] {logging_mixin.py:188} INFO - [2025-11-27T12:03:00.356-0300] {dagbag.py:545} INFO - Filling up the DagBag from /Users/davispecia/Documents/GitHub/Pf_pipeline_dados/Projeto_final_fase3/airflow_home/dags/pipeline_credito.py
[2025-11-27T12:03:00.360-0300] {processor.py:840} INFO - DAG(s) 'pipeline_credito' retrieved from /Users/davispecia/Documents/GitHub/Pf_pipeline_dados/Projeto_final_fase3/airflow_home/dags/pipeline_credito.py
[2025-11-27T12:03:00.430-0300] {logging_mixin.py:188} INFO - [2025-11-27T12:03:00.430-0300] {dag.py:3089} INFO - Sync 1 DAGs
[2025-11-27T12:03:00.439-0300] {logging_mixin.py:188} INFO - [2025-11-27T12:03:00.439-0300] {dag.py:3947} INFO - Setting next_dagrun for pipeline_credito to 2025-11-27 00:00:00+00:00, run_after=2025-11-28 00:00:00+00:00
[2025-11-27T12:03:00.447-0300] {processor.py:183} INFO - Processing /Users/davispecia/Documents/GitHub/Pf_pipeline_dados/Projeto_final_fase3/airflow_home/dags/pipeline_credito.py took 0.094 seconds
[2025-11-27T12:03:58.935-0300] {processor.py:161} INFO - Started process (PID=98345) to work on /Users/davispecia/Documents/GitHub/Pf_pipeline_dados/Projeto_final_fase3/airflow_home/dags/pipeline_credito.py
[2025-11-27T12:03:58.936-0300] {processor.py:830} INFO - Processing file /Users/davispecia/Documents/GitHub/Pf_pipeline_dados/Projeto_final_fase3/airflow_home/dags/pipeline_credito.py for tasks to queue
[2025-11-27T12:03:58.937-0300] {logging_mixin.py:188} INFO - [2025-11-27T12:03:58.936-0300] {dagbag.py:545} INFO - Filling up the DagBag from /Users/davispecia/Documents/GitHub/Pf_pipeline_dados/Projeto_final_fase3/airflow_home/dags/pipeline_credito.py
[2025-11-27T12:03:58.941-0300] {processor.py:840} INFO - DAG(s) 'pipeline_credito' retrieved from /Users/davispecia/Documents/GitHub/Pf_pipeline_dados/Projeto_final_fase3/airflow_home/dags/pipeline_credito.py
[2025-11-27T12:03:59.012-0300] {logging_mixin.py:188} INFO - [2025-11-27T12:03:59.012-0300] {dag.py:3089} INFO - Sync 1 DAGs
[2025-11-27T12:03:59.021-0300] {logging_mixin.py:188} INFO - [2025-11-27T12:03:59.021-0300] {dag.py:3947} INFO - Setting next_dagrun for pipeline_credito to 2025-11-27 00:00:00+00:00, run_after=2025-11-28 00:00:00+00:00
[2025-11-27T12:03:59.029-0300] {processor.py:183} INFO - Processing /Users/davispecia/Documents/GitHub/Pf_pipeline_dados/Projeto_final_fase3/airflow_home/dags/pipeline_credito.py took 0.096 seconds
[2025-11-27T12:05:06.497-0300] {processor.py:161} INFO - Started process (PID=98569) to work on /Users/davispecia/Documents/GitHub/Pf_pipeline_dados/Projeto_final_fase3/airflow_home/dags/pipeline_credito.py
[2025-11-27T12:05:06.498-0300] {processor.py:830} INFO - Processing file /Users/davispecia/Documents/GitHub/Pf_pipeline_dados/Projeto_final_fase3/airflow_home/dags/pipeline_credito.py for tasks to queue
[2025-11-27T12:05:06.498-0300] {logging_mixin.py:188} INFO - [2025-11-27T12:05:06.498-0300] {dagbag.py:545} INFO - Filling up the DagBag from /Users/davispecia/Documents/GitHub/Pf_pipeline_dados/Projeto_final_fase3/airflow_home/dags/pipeline_credito.py
[2025-11-27T12:05:06.502-0300] {processor.py:840} INFO - DAG(s) 'pipeline_credito' retrieved from /Users/davispecia/Documents/GitHub/Pf_pipeline_dados/Projeto_final_fase3/airflow_home/dags/pipeline_credito.py
[2025-11-27T12:05:06.570-0300] {logging_mixin.py:188} INFO - [2025-11-27T12:05:06.570-0300] {dag.py:3089} INFO - Sync 1 DAGs
[2025-11-27T12:05:06.579-0300] {logging_mixin.py:188} INFO - [2025-11-27T12:05:06.579-0300] {dag.py:3947} INFO - Setting next_dagrun for pipeline_credito to 2025-11-27 00:00:00+00:00, run_after=2025-11-28 00:00:00+00:00
[2025-11-27T12:05:06.587-0300] {processor.py:183} INFO - Processing /Users/davispecia/Documents/GitHub/Pf_pipeline_dados/Projeto_final_fase3/airflow_home/dags/pipeline_credito.py took 0.092 seconds
[2025-11-27T12:06:21.150-0300] {processor.py:161} INFO - Started process (PID=98795) to work on /Users/davispecia/Documents/GitHub/Pf_pipeline_dados/Projeto_final_fase3/airflow_home/dags/pipeline_credito.py
[2025-11-27T12:06:21.152-0300] {processor.py:830} INFO - Processing file /Users/davispecia/Documents/GitHub/Pf_pipeline_dados/Projeto_final_fase3/airflow_home/dags/pipeline_credito.py for tasks to queue
[2025-11-27T12:06:21.152-0300] {logging_mixin.py:188} INFO - [2025-11-27T12:06:21.152-0300] {dagbag.py:545} INFO - Filling up the DagBag from /Users/davispecia/Documents/GitHub/Pf_pipeline_dados/Projeto_final_fase3/airflow_home/dags/pipeline_credito.py
[2025-11-27T12:06:21.156-0300] {processor.py:840} INFO - DAG(s) 'pipeline_credito' retrieved from /Users/davispecia/Documents/GitHub/Pf_pipeline_dados/Projeto_final_fase3/airflow_home/dags/pipeline_credito.py
[2025-11-27T12:06:21.225-0300] {logging_mixin.py:188} INFO - [2025-11-27T12:06:21.225-0300] {dag.py:3089} INFO - Sync 1 DAGs
[2025-11-27T12:06:21.234-0300] {logging_mixin.py:188} INFO - [2025-11-27T12:06:21.234-0300] {dag.py:3947} INFO - Setting next_dagrun for pipeline_credito to 2025-11-27 00:00:00+00:00, run_after=2025-11-28 00:00:00+00:00
[2025-11-27T12:06:21.242-0300] {processor.py:183} INFO - Processing /Users/davispecia/Documents/GitHub/Pf_pipeline_dados/Projeto_final_fase3/airflow_home/dags/pipeline_credito.py took 0.094 seconds
[2025-11-27T12:07:25.813-0300] {processor.py:161} INFO - Started process (PID=98948) to work on /Users/davispecia/Documents/GitHub/Pf_pipeline_dados/Projeto_final_fase3/airflow_home/dags/pipeline_credito.py
[2025-11-27T12:07:25.814-0300] {processor.py:830} INFO - Processing file /Users/davispecia/Documents/GitHub/Pf_pipeline_dados/Projeto_final_fase3/airflow_home/dags/pipeline_credito.py for tasks to queue
[2025-11-27T12:07:25.815-0300] {logging_mixin.py:188} INFO - [2025-11-27T12:07:25.815-0300] {dagbag.py:545} INFO - Filling up the DagBag from /Users/davispecia/Documents/GitHub/Pf_pipeline_dados/Projeto_final_fase3/airflow_home/dags/pipeline_credito.py
[2025-11-27T12:07:25.819-0300] {processor.py:840} INFO - DAG(s) 'pipeline_credito' retrieved from /Users/davispecia/Documents/GitHub/Pf_pipeline_dados/Projeto_final_fase3/airflow_home/dags/pipeline_credito.py
[2025-11-27T12:07:25.887-0300] {logging_mixin.py:188} INFO - [2025-11-27T12:07:25.887-0300] {dag.py:3089} INFO - Sync 1 DAGs
[2025-11-27T12:07:25.896-0300] {logging_mixin.py:188} INFO - [2025-11-27T12:07:25.896-0300] {dag.py:3947} INFO - Setting next_dagrun for pipeline_credito to 2025-11-27 00:00:00+00:00, run_after=2025-11-28 00:00:00+00:00
[2025-11-27T12:07:25.905-0300] {processor.py:183} INFO - Processing /Users/davispecia/Documents/GitHub/Pf_pipeline_dados/Projeto_final_fase3/airflow_home/dags/pipeline_credito.py took 0.094 seconds
[2025-11-27T12:08:30.282-0300] {processor.py:161} INFO - Started process (PID=99104) to work on /Users/davispecia/Documents/GitHub/Pf_pipeline_dados/Projeto_final_fase3/airflow_home/dags/pipeline_credito.py
[2025-11-27T12:08:30.283-0300] {processor.py:830} INFO - Processing file /Users/davispecia/Documents/GitHub/Pf_pipeline_dados/Projeto_final_fase3/airflow_home/dags/pipeline_credito.py for tasks to queue
[2025-11-27T12:08:30.283-0300] {logging_mixin.py:188} INFO - [2025-11-27T12:08:30.283-0300] {dagbag.py:545} INFO - Filling up the DagBag from /Users/davispecia/Documents/GitHub/Pf_pipeline_dados/Projeto_final_fase3/airflow_home/dags/pipeline_credito.py
[2025-11-27T12:08:30.287-0300] {processor.py:840} INFO - DAG(s) 'pipeline_credito' retrieved from /Users/davispecia/Documents/GitHub/Pf_pipeline_dados/Projeto_final_fase3/airflow_home/dags/pipeline_credito.py
[2025-11-27T12:08:30.358-0300] {logging_mixin.py:188} INFO - [2025-11-27T12:08:30.357-0300] {dag.py:3089} INFO - Sync 1 DAGs
[2025-11-27T12:08:30.367-0300] {logging_mixin.py:188} INFO - [2025-11-27T12:08:30.367-0300] {dag.py:3947} INFO - Setting next_dagrun for pipeline_credito to 2025-11-27 00:00:00+00:00, run_after=2025-11-28 00:00:00+00:00
[2025-11-27T12:08:30.375-0300] {processor.py:183} INFO - Processing /Users/davispecia/Documents/GitHub/Pf_pipeline_dados/Projeto_final_fase3/airflow_home/dags/pipeline_credito.py took 0.095 seconds
[2025-11-27T12:09:33.121-0300] {processor.py:161} INFO - Started process (PID=99254) to work on /Users/davispecia/Documents/GitHub/Pf_pipeline_dados/Projeto_final_fase3/airflow_home/dags/pipeline_credito.py
[2025-11-27T12:09:33.122-0300] {processor.py:830} INFO - Processing file /Users/davispecia/Documents/GitHub/Pf_pipeline_dados/Projeto_final_fase3/airflow_home/dags/pipeline_credito.py for tasks to queue
[2025-11-27T12:09:33.122-0300] {logging_mixin.py:188} INFO - [2025-11-27T12:09:33.122-0300] {dagbag.py:545} INFO - Filling up the DagBag from /Users/davispecia/Documents/GitHub/Pf_pipeline_dados/Projeto_final_fase3/airflow_home/dags/pipeline_credito.py
[2025-11-27T12:09:33.126-0300] {processor.py:840} INFO - DAG(s) 'pipeline_credito' retrieved from /Users/davispecia/Documents/GitHub/Pf_pipeline_dados/Projeto_final_fase3/airflow_home/dags/pipeline_credito.py
[2025-11-27T12:09:33.196-0300] {logging_mixin.py:188} INFO - [2025-11-27T12:09:33.196-0300] {dag.py:3089} INFO - Sync 1 DAGs
[2025-11-27T12:09:33.205-0300] {logging_mixin.py:188} INFO - [2025-11-27T12:09:33.205-0300] {dag.py:3947} INFO - Setting next_dagrun for pipeline_credito to 2025-11-27 00:00:00+00:00, run_after=2025-11-28 00:00:00+00:00
[2025-11-27T12:09:33.215-0300] {processor.py:183} INFO - Processing /Users/davispecia/Documents/GitHub/Pf_pipeline_dados/Projeto_final_fase3/airflow_home/dags/pipeline_credito.py took 0.097 seconds
[2025-11-27T12:10:36.082-0300] {processor.py:161} INFO - Started process (PID=99415) to work on /Users/davispecia/Documents/GitHub/Pf_pipeline_dados/Projeto_final_fase3/airflow_home/dags/pipeline_credito.py
[2025-11-27T12:10:36.083-0300] {processor.py:830} INFO - Processing file /Users/davispecia/Documents/GitHub/Pf_pipeline_dados/Projeto_final_fase3/airflow_home/dags/pipeline_credito.py for tasks to queue
[2025-11-27T12:10:36.084-0300] {logging_mixin.py:188} INFO - [2025-11-27T12:10:36.084-0300] {dagbag.py:545} INFO - Filling up the DagBag from /Users/davispecia/Documents/GitHub/Pf_pipeline_dados/Projeto_final_fase3/airflow_home/dags/pipeline_credito.py
[2025-11-27T12:10:36.088-0300] {processor.py:840} INFO - DAG(s) 'pipeline_credito' retrieved from /Users/davispecia/Documents/GitHub/Pf_pipeline_dados/Projeto_final_fase3/airflow_home/dags/pipeline_credito.py
[2025-11-27T12:10:36.158-0300] {logging_mixin.py:188} INFO - [2025-11-27T12:10:36.158-0300] {dag.py:3089} INFO - Sync 1 DAGs
[2025-11-27T12:10:36.167-0300] {logging_mixin.py:188} INFO - [2025-11-27T12:10:36.166-0300] {dag.py:3947} INFO - Setting next_dagrun for pipeline_credito to 2025-11-27 00:00:00+00:00, run_after=2025-11-28 00:00:00+00:00
[2025-11-27T12:10:36.175-0300] {processor.py:183} INFO - Processing /Users/davispecia/Documents/GitHub/Pf_pipeline_dados/Projeto_final_fase3/airflow_home/dags/pipeline_credito.py took 0.095 seconds
[2025-11-27T12:11:48.621-0300] {processor.py:161} INFO - Started process (PID=99638) to work on /Users/davispecia/Documents/GitHub/Pf_pipeline_dados/Projeto_final_fase3/airflow_home/dags/pipeline_credito.py
[2025-11-27T12:11:48.621-0300] {processor.py:830} INFO - Processing file /Users/davispecia/Documents/GitHub/Pf_pipeline_dados/Projeto_final_fase3/airflow_home/dags/pipeline_credito.py for tasks to queue
[2025-11-27T12:11:48.621-0300] {logging_mixin.py:188} INFO - [2025-11-27T12:11:48.621-0300] {dagbag.py:545} INFO - Filling up the DagBag from /Users/davispecia/Documents/GitHub/Pf_pipeline_dados/Projeto_final_fase3/airflow_home/dags/pipeline_credito.py
[2025-11-27T12:11:48.626-0300] {processor.py:840} INFO - DAG(s) 'pipeline_credito' retrieved from /Users/davispecia/Documents/GitHub/Pf_pipeline_dados/Projeto_final_fase3/airflow_home/dags/pipeline_credito.py
[2025-11-27T12:11:48.696-0300] {logging_mixin.py:188} INFO - [2025-11-27T12:11:48.696-0300] {dag.py:3089} INFO - Sync 1 DAGs
[2025-11-27T12:11:48.706-0300] {logging_mixin.py:188} INFO - [2025-11-27T12:11:48.705-0300] {dag.py:3947} INFO - Setting next_dagrun for pipeline_credito to 2025-11-27 00:00:00+00:00, run_after=2025-11-28 00:00:00+00:00
[2025-11-27T12:11:48.714-0300] {processor.py:183} INFO - Processing /Users/davispecia/Documents/GitHub/Pf_pipeline_dados/Projeto_final_fase3/airflow_home/dags/pipeline_credito.py took 0.096 seconds
[2025-11-27T12:12:52.164-0300] {processor.py:161} INFO - Started process (PID=99787) to work on /Users/davispecia/Documents/GitHub/Pf_pipeline_dados/Projeto_final_fase3/airflow_home/dags/pipeline_credito.py
[2025-11-27T12:12:52.165-0300] {processor.py:830} INFO - Processing file /Users/davispecia/Documents/GitHub/Pf_pipeline_dados/Projeto_final_fase3/airflow_home/dags/pipeline_credito.py for tasks to queue
[2025-11-27T12:12:52.166-0300] {logging_mixin.py:188} INFO - [2025-11-27T12:12:52.165-0300] {dagbag.py:545} INFO - Filling up the DagBag from /Users/davispecia/Documents/GitHub/Pf_pipeline_dados/Projeto_final_fase3/airflow_home/dags/pipeline_credito.py
[2025-11-27T12:12:52.170-0300] {processor.py:840} INFO - DAG(s) 'pipeline_credito' retrieved from /Users/davispecia/Documents/GitHub/Pf_pipeline_dados/Projeto_final_fase3/airflow_home/dags/pipeline_credito.py
[2025-11-27T12:12:52.238-0300] {logging_mixin.py:188} INFO - [2025-11-27T12:12:52.238-0300] {dag.py:3089} INFO - Sync 1 DAGs
[2025-11-27T12:12:52.247-0300] {logging_mixin.py:188} INFO - [2025-11-27T12:12:52.247-0300] {dag.py:3947} INFO - Setting next_dagrun for pipeline_credito to 2025-11-27 00:00:00+00:00, run_after=2025-11-28 00:00:00+00:00
[2025-11-27T12:12:52.255-0300] {processor.py:183} INFO - Processing /Users/davispecia/Documents/GitHub/Pf_pipeline_dados/Projeto_final_fase3/airflow_home/dags/pipeline_credito.py took 0.093 seconds
[2025-11-27T12:13:54.542-0300] {processor.py:161} INFO - Started process (PID=99934) to work on /Users/davispecia/Documents/GitHub/Pf_pipeline_dados/Projeto_final_fase3/airflow_home/dags/pipeline_credito.py
[2025-11-27T12:13:54.543-0300] {processor.py:830} INFO - Processing file /Users/davispecia/Documents/GitHub/Pf_pipeline_dados/Projeto_final_fase3/airflow_home/dags/pipeline_credito.py for tasks to queue
[2025-11-27T12:13:54.543-0300] {logging_mixin.py:188} INFO - [2025-11-27T12:13:54.543-0300] {dagbag.py:545} INFO - Filling up the DagBag from /Users/davispecia/Documents/GitHub/Pf_pipeline_dados/Projeto_final_fase3/airflow_home/dags/pipeline_credito.py
[2025-11-27T12:13:54.548-0300] {processor.py:840} INFO - DAG(s) 'pipeline_credito' retrieved from /Users/davispecia/Documents/GitHub/Pf_pipeline_dados/Projeto_final_fase3/airflow_home/dags/pipeline_credito.py
[2025-11-27T12:13:54.616-0300] {logging_mixin.py:188} INFO - [2025-11-27T12:13:54.616-0300] {dag.py:3089} INFO - Sync 1 DAGs
[2025-11-27T12:13:54.625-0300] {logging_mixin.py:188} INFO - [2025-11-27T12:13:54.625-0300] {dag.py:3947} INFO - Setting next_dagrun for pipeline_credito to 2025-11-27 00:00:00+00:00, run_after=2025-11-28 00:00:00+00:00
[2025-11-27T12:13:54.634-0300] {processor.py:183} INFO - Processing /Users/davispecia/Documents/GitHub/Pf_pipeline_dados/Projeto_final_fase3/airflow_home/dags/pipeline_credito.py took 0.093 seconds
[2025-11-27T12:14:56.572-0300] {processor.py:161} INFO - Started process (PID=228) to work on /Users/davispecia/Documents/GitHub/Pf_pipeline_dados/Projeto_final_fase3/airflow_home/dags/pipeline_credito.py
[2025-11-27T12:14:56.573-0300] {processor.py:830} INFO - Processing file /Users/davispecia/Documents/GitHub/Pf_pipeline_dados/Projeto_final_fase3/airflow_home/dags/pipeline_credito.py for tasks to queue
[2025-11-27T12:14:56.573-0300] {logging_mixin.py:188} INFO - [2025-11-27T12:14:56.573-0300] {dagbag.py:545} INFO - Filling up the DagBag from /Users/davispecia/Documents/GitHub/Pf_pipeline_dados/Projeto_final_fase3/airflow_home/dags/pipeline_credito.py
[2025-11-27T12:14:56.578-0300] {processor.py:840} INFO - DAG(s) 'pipeline_credito' retrieved from /Users/davispecia/Documents/GitHub/Pf_pipeline_dados/Projeto_final_fase3/airflow_home/dags/pipeline_credito.py
[2025-11-27T12:14:56.646-0300] {logging_mixin.py:188} INFO - [2025-11-27T12:14:56.646-0300] {dag.py:3089} INFO - Sync 1 DAGs
[2025-11-27T12:14:56.655-0300] {logging_mixin.py:188} INFO - [2025-11-27T12:14:56.655-0300] {dag.py:3947} INFO - Setting next_dagrun for pipeline_credito to 2025-11-27 00:00:00+00:00, run_after=2025-11-28 00:00:00+00:00
[2025-11-27T12:14:56.663-0300] {processor.py:183} INFO - Processing /Users/davispecia/Documents/GitHub/Pf_pipeline_dados/Projeto_final_fase3/airflow_home/dags/pipeline_credito.py took 0.094 seconds
[2025-11-27T12:15:58.443-0300] {processor.py:161} INFO - Started process (PID=416) to work on /Users/davispecia/Documents/GitHub/Pf_pipeline_dados/Projeto_final_fase3/airflow_home/dags/pipeline_credito.py
[2025-11-27T12:15:58.444-0300] {processor.py:830} INFO - Processing file /Users/davispecia/Documents/GitHub/Pf_pipeline_dados/Projeto_final_fase3/airflow_home/dags/pipeline_credito.py for tasks to queue
[2025-11-27T12:15:58.445-0300] {logging_mixin.py:188} INFO - [2025-11-27T12:15:58.445-0300] {dagbag.py:545} INFO - Filling up the DagBag from /Users/davispecia/Documents/GitHub/Pf_pipeline_dados/Projeto_final_fase3/airflow_home/dags/pipeline_credito.py
[2025-11-27T12:15:58.449-0300] {processor.py:840} INFO - DAG(s) 'pipeline_credito' retrieved from /Users/davispecia/Documents/GitHub/Pf_pipeline_dados/Projeto_final_fase3/airflow_home/dags/pipeline_credito.py
[2025-11-27T12:15:58.519-0300] {logging_mixin.py:188} INFO - [2025-11-27T12:15:58.519-0300] {dag.py:3089} INFO - Sync 1 DAGs
[2025-11-27T12:15:58.528-0300] {logging_mixin.py:188} INFO - [2025-11-27T12:15:58.528-0300] {dag.py:3947} INFO - Setting next_dagrun for pipeline_credito to 2025-11-27 00:00:00+00:00, run_after=2025-11-28 00:00:00+00:00
[2025-11-27T12:15:58.537-0300] {processor.py:183} INFO - Processing /Users/davispecia/Documents/GitHub/Pf_pipeline_dados/Projeto_final_fase3/airflow_home/dags/pipeline_credito.py took 0.096 seconds
[2025-11-27T12:17:06.440-0300] {processor.py:161} INFO - Started process (PID=698) to work on /Users/davispecia/Documents/GitHub/Pf_pipeline_dados/Projeto_final_fase3/airflow_home/dags/pipeline_credito.py
[2025-11-27T12:17:06.441-0300] {processor.py:830} INFO - Processing file /Users/davispecia/Documents/GitHub/Pf_pipeline_dados/Projeto_final_fase3/airflow_home/dags/pipeline_credito.py for tasks to queue
[2025-11-27T12:17:06.441-0300] {logging_mixin.py:188} INFO - [2025-11-27T12:17:06.441-0300] {dagbag.py:545} INFO - Filling up the DagBag from /Users/davispecia/Documents/GitHub/Pf_pipeline_dados/Projeto_final_fase3/airflow_home/dags/pipeline_credito.py
[2025-11-27T12:17:06.446-0300] {processor.py:840} INFO - DAG(s) 'pipeline_credito' retrieved from /Users/davispecia/Documents/GitHub/Pf_pipeline_dados/Projeto_final_fase3/airflow_home/dags/pipeline_credito.py
[2025-11-27T12:17:06.513-0300] {logging_mixin.py:188} INFO - [2025-11-27T12:17:06.513-0300] {dag.py:3089} INFO - Sync 1 DAGs
[2025-11-27T12:17:06.522-0300] {logging_mixin.py:188} INFO - [2025-11-27T12:17:06.522-0300] {dag.py:3947} INFO - Setting next_dagrun for pipeline_credito to 2025-11-27 00:00:00+00:00, run_after=2025-11-28 00:00:00+00:00
[2025-11-27T12:17:06.532-0300] {processor.py:183} INFO - Processing /Users/davispecia/Documents/GitHub/Pf_pipeline_dados/Projeto_final_fase3/airflow_home/dags/pipeline_credito.py took 0.094 seconds
[2025-11-27T12:18:07.106-0300] {processor.py:161} INFO - Started process (PID=886) to work on /Users/davispecia/Documents/GitHub/Pf_pipeline_dados/Projeto_final_fase3/airflow_home/dags/pipeline_credito.py
[2025-11-27T12:18:07.106-0300] {processor.py:830} INFO - Processing file /Users/davispecia/Documents/GitHub/Pf_pipeline_dados/Projeto_final_fase3/airflow_home/dags/pipeline_credito.py for tasks to queue
[2025-11-27T12:18:07.107-0300] {logging_mixin.py:188} INFO - [2025-11-27T12:18:07.107-0300] {dagbag.py:545} INFO - Filling up the DagBag from /Users/davispecia/Documents/GitHub/Pf_pipeline_dados/Projeto_final_fase3/airflow_home/dags/pipeline_credito.py
[2025-11-27T12:18:07.111-0300] {processor.py:840} INFO - DAG(s) 'pipeline_credito' retrieved from /Users/davispecia/Documents/GitHub/Pf_pipeline_dados/Projeto_final_fase3/airflow_home/dags/pipeline_credito.py
[2025-11-27T12:18:07.180-0300] {logging_mixin.py:188} INFO - [2025-11-27T12:18:07.180-0300] {dag.py:3089} INFO - Sync 1 DAGs
[2025-11-27T12:18:07.189-0300] {logging_mixin.py:188} INFO - [2025-11-27T12:18:07.188-0300] {dag.py:3947} INFO - Setting next_dagrun for pipeline_credito to 2025-11-27 00:00:00+00:00, run_after=2025-11-28 00:00:00+00:00
[2025-11-27T12:18:07.198-0300] {processor.py:183} INFO - Processing /Users/davispecia/Documents/GitHub/Pf_pipeline_dados/Projeto_final_fase3/airflow_home/dags/pipeline_credito.py took 0.095 seconds
[2025-11-27T12:19:08.260-0300] {processor.py:161} INFO - Started process (PID=1031) to work on /Users/davispecia/Documents/GitHub/Pf_pipeline_dados/Projeto_final_fase3/airflow_home/dags/pipeline_credito.py
[2025-11-27T12:19:08.261-0300] {processor.py:830} INFO - Processing file /Users/davispecia/Documents/GitHub/Pf_pipeline_dados/Projeto_final_fase3/airflow_home/dags/pipeline_credito.py for tasks to queue
[2025-11-27T12:19:08.261-0300] {logging_mixin.py:188} INFO - [2025-11-27T12:19:08.261-0300] {dagbag.py:545} INFO - Filling up the DagBag from /Users/davispecia/Documents/GitHub/Pf_pipeline_dados/Projeto_final_fase3/airflow_home/dags/pipeline_credito.py
[2025-11-27T12:19:08.266-0300] {processor.py:840} INFO - DAG(s) 'pipeline_credito' retrieved from /Users/davispecia/Documents/GitHub/Pf_pipeline_dados/Projeto_final_fase3/airflow_home/dags/pipeline_credito.py
[2025-11-27T12:19:08.336-0300] {logging_mixin.py:188} INFO - [2025-11-27T12:19:08.336-0300] {dag.py:3089} INFO - Sync 1 DAGs
[2025-11-27T12:19:08.345-0300] {logging_mixin.py:188} INFO - [2025-11-27T12:19:08.345-0300] {dag.py:3947} INFO - Setting next_dagrun for pipeline_credito to 2025-11-27 00:00:00+00:00, run_after=2025-11-28 00:00:00+00:00
[2025-11-27T12:19:08.354-0300] {processor.py:183} INFO - Processing /Users/davispecia/Documents/GitHub/Pf_pipeline_dados/Projeto_final_fase3/airflow_home/dags/pipeline_credito.py took 0.096 seconds
[2025-11-27T12:20:09.137-0300] {processor.py:161} INFO - Started process (PID=1181) to work on /Users/davispecia/Documents/GitHub/Pf_pipeline_dados/Projeto_final_fase3/airflow_home/dags/pipeline_credito.py
[2025-11-27T12:20:09.138-0300] {processor.py:830} INFO - Processing file /Users/davispecia/Documents/GitHub/Pf_pipeline_dados/Projeto_final_fase3/airflow_home/dags/pipeline_credito.py for tasks to queue
[2025-11-27T12:20:09.139-0300] {logging_mixin.py:188} INFO - [2025-11-27T12:20:09.139-0300] {dagbag.py:545} INFO - Filling up the DagBag from /Users/davispecia/Documents/GitHub/Pf_pipeline_dados/Projeto_final_fase3/airflow_home/dags/pipeline_credito.py
[2025-11-27T12:20:09.143-0300] {processor.py:840} INFO - DAG(s) 'pipeline_credito' retrieved from /Users/davispecia/Documents/GitHub/Pf_pipeline_dados/Projeto_final_fase3/airflow_home/dags/pipeline_credito.py
[2025-11-27T12:20:09.213-0300] {logging_mixin.py:188} INFO - [2025-11-27T12:20:09.213-0300] {dag.py:3089} INFO - Sync 1 DAGs
[2025-11-27T12:20:09.222-0300] {logging_mixin.py:188} INFO - [2025-11-27T12:20:09.222-0300] {dag.py:3947} INFO - Setting next_dagrun for pipeline_credito to 2025-11-27 00:00:00+00:00, run_after=2025-11-28 00:00:00+00:00
[2025-11-27T12:20:09.230-0300] {processor.py:183} INFO - Processing /Users/davispecia/Documents/GitHub/Pf_pipeline_dados/Projeto_final_fase3/airflow_home/dags/pipeline_credito.py took 0.095 seconds
[2025-11-27T12:21:12.098-0300] {processor.py:161} INFO - Started process (PID=1360) to work on /Users/davispecia/Documents/GitHub/Pf_pipeline_dados/Projeto_final_fase3/airflow_home/dags/pipeline_credito.py
[2025-11-27T12:21:12.099-0300] {processor.py:830} INFO - Processing file /Users/davispecia/Documents/GitHub/Pf_pipeline_dados/Projeto_final_fase3/airflow_home/dags/pipeline_credito.py for tasks to queue
[2025-11-27T12:21:12.099-0300] {logging_mixin.py:188} INFO - [2025-11-27T12:21:12.099-0300] {dagbag.py:545} INFO - Filling up the DagBag from /Users/davispecia/Documents/GitHub/Pf_pipeline_dados/Projeto_final_fase3/airflow_home/dags/pipeline_credito.py
[2025-11-27T12:21:12.103-0300] {processor.py:840} INFO - DAG(s) 'pipeline_credito' retrieved from /Users/davispecia/Documents/GitHub/Pf_pipeline_dados/Projeto_final_fase3/airflow_home/dags/pipeline_credito.py
[2025-11-27T12:21:12.174-0300] {logging_mixin.py:188} INFO - [2025-11-27T12:21:12.174-0300] {dag.py:3089} INFO - Sync 1 DAGs
[2025-11-27T12:21:12.185-0300] {logging_mixin.py:188} INFO - [2025-11-27T12:21:12.185-0300] {dag.py:3947} INFO - Setting next_dagrun for pipeline_credito to 2025-11-27 00:00:00+00:00, run_after=2025-11-28 00:00:00+00:00
[2025-11-27T12:21:12.193-0300] {processor.py:183} INFO - Processing /Users/davispecia/Documents/GitHub/Pf_pipeline_dados/Projeto_final_fase3/airflow_home/dags/pipeline_credito.py took 0.097 seconds
[2025-11-27T12:22:22.347-0300] {processor.py:161} INFO - Started process (PID=1595) to work on /Users/davispecia/Documents/GitHub/Pf_pipeline_dados/Projeto_final_fase3/airflow_home/dags/pipeline_credito.py
[2025-11-27T12:22:22.348-0300] {processor.py:830} INFO - Processing file /Users/davispecia/Documents/GitHub/Pf_pipeline_dados/Projeto_final_fase3/airflow_home/dags/pipeline_credito.py for tasks to queue
[2025-11-27T12:22:22.348-0300] {logging_mixin.py:188} INFO - [2025-11-27T12:22:22.348-0300] {dagbag.py:545} INFO - Filling up the DagBag from /Users/davispecia/Documents/GitHub/Pf_pipeline_dados/Projeto_final_fase3/airflow_home/dags/pipeline_credito.py
[2025-11-27T12:22:22.353-0300] {processor.py:840} INFO - DAG(s) 'pipeline_credito' retrieved from /Users/davispecia/Documents/GitHub/Pf_pipeline_dados/Projeto_final_fase3/airflow_home/dags/pipeline_credito.py
[2025-11-27T12:22:22.421-0300] {logging_mixin.py:188} INFO - [2025-11-27T12:22:22.421-0300] {dag.py:3089} INFO - Sync 1 DAGs
[2025-11-27T12:22:22.430-0300] {logging_mixin.py:188} INFO - [2025-11-27T12:22:22.430-0300] {dag.py:3947} INFO - Setting next_dagrun for pipeline_credito to 2025-11-27 00:00:00+00:00, run_after=2025-11-28 00:00:00+00:00
[2025-11-27T12:22:22.439-0300] {processor.py:183} INFO - Processing /Users/davispecia/Documents/GitHub/Pf_pipeline_dados/Projeto_final_fase3/airflow_home/dags/pipeline_credito.py took 0.094 seconds
[2025-11-27T12:23:23.376-0300] {processor.py:161} INFO - Started process (PID=1738) to work on /Users/davispecia/Documents/GitHub/Pf_pipeline_dados/Projeto_final_fase3/airflow_home/dags/pipeline_credito.py
[2025-11-27T12:23:23.377-0300] {processor.py:830} INFO - Processing file /Users/davispecia/Documents/GitHub/Pf_pipeline_dados/Projeto_final_fase3/airflow_home/dags/pipeline_credito.py for tasks to queue
[2025-11-27T12:23:23.377-0300] {logging_mixin.py:188} INFO - [2025-11-27T12:23:23.377-0300] {dagbag.py:545} INFO - Filling up the DagBag from /Users/davispecia/Documents/GitHub/Pf_pipeline_dados/Projeto_final_fase3/airflow_home/dags/pipeline_credito.py
[2025-11-27T12:23:23.382-0300] {processor.py:840} INFO - DAG(s) 'pipeline_credito' retrieved from /Users/davispecia/Documents/GitHub/Pf_pipeline_dados/Projeto_final_fase3/airflow_home/dags/pipeline_credito.py
[2025-11-27T12:23:23.452-0300] {logging_mixin.py:188} INFO - [2025-11-27T12:23:23.451-0300] {dag.py:3089} INFO - Sync 1 DAGs
[2025-11-27T12:23:23.461-0300] {logging_mixin.py:188} INFO - [2025-11-27T12:23:23.461-0300] {dag.py:3947} INFO - Setting next_dagrun for pipeline_credito to 2025-11-27 00:00:00+00:00, run_after=2025-11-28 00:00:00+00:00
[2025-11-27T12:23:23.469-0300] {processor.py:183} INFO - Processing /Users/davispecia/Documents/GitHub/Pf_pipeline_dados/Projeto_final_fase3/airflow_home/dags/pipeline_credito.py took 0.096 seconds
[2025-11-27T12:24:24.109-0300] {processor.py:161} INFO - Started process (PID=1898) to work on /Users/davispecia/Documents/GitHub/Pf_pipeline_dados/Projeto_final_fase3/airflow_home/dags/pipeline_credito.py
[2025-11-27T12:24:24.110-0300] {processor.py:830} INFO - Processing file /Users/davispecia/Documents/GitHub/Pf_pipeline_dados/Projeto_final_fase3/airflow_home/dags/pipeline_credito.py for tasks to queue
[2025-11-27T12:24:24.111-0300] {logging_mixin.py:188} INFO - [2025-11-27T12:24:24.111-0300] {dagbag.py:545} INFO - Filling up the DagBag from /Users/davispecia/Documents/GitHub/Pf_pipeline_dados/Projeto_final_fase3/airflow_home/dags/pipeline_credito.py
[2025-11-27T12:24:24.115-0300] {processor.py:840} INFO - DAG(s) 'pipeline_credito' retrieved from /Users/davispecia/Documents/GitHub/Pf_pipeline_dados/Projeto_final_fase3/airflow_home/dags/pipeline_credito.py
[2025-11-27T12:24:24.183-0300] {logging_mixin.py:188} INFO - [2025-11-27T12:24:24.183-0300] {dag.py:3089} INFO - Sync 1 DAGs
[2025-11-27T12:24:24.192-0300] {logging_mixin.py:188} INFO - [2025-11-27T12:24:24.192-0300] {dag.py:3947} INFO - Setting next_dagrun for pipeline_credito to 2025-11-27 00:00:00+00:00, run_after=2025-11-28 00:00:00+00:00
[2025-11-27T12:24:24.200-0300] {processor.py:183} INFO - Processing /Users/davispecia/Documents/GitHub/Pf_pipeline_dados/Projeto_final_fase3/airflow_home/dags/pipeline_credito.py took 0.093 seconds
[2025-11-27T12:25:25.952-0300] {processor.py:161} INFO - Started process (PID=2052) to work on /Users/davispecia/Documents/GitHub/Pf_pipeline_dados/Projeto_final_fase3/airflow_home/dags/pipeline_credito.py
[2025-11-27T12:25:25.953-0300] {processor.py:830} INFO - Processing file /Users/davispecia/Documents/GitHub/Pf_pipeline_dados/Projeto_final_fase3/airflow_home/dags/pipeline_credito.py for tasks to queue
[2025-11-27T12:25:25.953-0300] {logging_mixin.py:188} INFO - [2025-11-27T12:25:25.953-0300] {dagbag.py:545} INFO - Filling up the DagBag from /Users/davispecia/Documents/GitHub/Pf_pipeline_dados/Projeto_final_fase3/airflow_home/dags/pipeline_credito.py
[2025-11-27T12:25:25.958-0300] {processor.py:840} INFO - DAG(s) 'pipeline_credito' retrieved from /Users/davispecia/Documents/GitHub/Pf_pipeline_dados/Projeto_final_fase3/airflow_home/dags/pipeline_credito.py
[2025-11-27T12:25:26.026-0300] {logging_mixin.py:188} INFO - [2025-11-27T12:25:26.026-0300] {dag.py:3089} INFO - Sync 1 DAGs
[2025-11-27T12:25:26.036-0300] {logging_mixin.py:188} INFO - [2025-11-27T12:25:26.036-0300] {dag.py:3947} INFO - Setting next_dagrun for pipeline_credito to 2025-11-27 00:00:00+00:00, run_after=2025-11-28 00:00:00+00:00
[2025-11-27T12:25:26.044-0300] {processor.py:183} INFO - Processing /Users/davispecia/Documents/GitHub/Pf_pipeline_dados/Projeto_final_fase3/airflow_home/dags/pipeline_credito.py took 0.095 seconds
[2025-11-27T12:26:28.125-0300] {processor.py:161} INFO - Started process (PID=2202) to work on /Users/davispecia/Documents/GitHub/Pf_pipeline_dados/Projeto_final_fase3/airflow_home/dags/pipeline_credito.py
[2025-11-27T12:26:28.126-0300] {processor.py:830} INFO - Processing file /Users/davispecia/Documents/GitHub/Pf_pipeline_dados/Projeto_final_fase3/airflow_home/dags/pipeline_credito.py for tasks to queue
[2025-11-27T12:26:28.126-0300] {logging_mixin.py:188} INFO - [2025-11-27T12:26:28.126-0300] {dagbag.py:545} INFO - Filling up the DagBag from /Users/davispecia/Documents/GitHub/Pf_pipeline_dados/Projeto_final_fase3/airflow_home/dags/pipeline_credito.py
[2025-11-27T12:26:28.131-0300] {processor.py:840} INFO - DAG(s) 'pipeline_credito' retrieved from /Users/davispecia/Documents/GitHub/Pf_pipeline_dados/Projeto_final_fase3/airflow_home/dags/pipeline_credito.py
[2025-11-27T12:26:28.200-0300] {logging_mixin.py:188} INFO - [2025-11-27T12:26:28.200-0300] {dag.py:3089} INFO - Sync 1 DAGs
[2025-11-27T12:26:28.209-0300] {logging_mixin.py:188} INFO - [2025-11-27T12:26:28.209-0300] {dag.py:3947} INFO - Setting next_dagrun for pipeline_credito to 2025-11-27 00:00:00+00:00, run_after=2025-11-28 00:00:00+00:00
[2025-11-27T12:26:28.218-0300] {processor.py:183} INFO - Processing /Users/davispecia/Documents/GitHub/Pf_pipeline_dados/Projeto_final_fase3/airflow_home/dags/pipeline_credito.py took 0.095 seconds
[2025-11-27T12:27:39.339-0300] {processor.py:161} INFO - Started process (PID=2432) to work on /Users/davispecia/Documents/GitHub/Pf_pipeline_dados/Projeto_final_fase3/airflow_home/dags/pipeline_credito.py
[2025-11-27T12:27:39.339-0300] {processor.py:830} INFO - Processing file /Users/davispecia/Documents/GitHub/Pf_pipeline_dados/Projeto_final_fase3/airflow_home/dags/pipeline_credito.py for tasks to queue
[2025-11-27T12:27:39.340-0300] {logging_mixin.py:188} INFO - [2025-11-27T12:27:39.340-0300] {dagbag.py:545} INFO - Filling up the DagBag from /Users/davispecia/Documents/GitHub/Pf_pipeline_dados/Projeto_final_fase3/airflow_home/dags/pipeline_credito.py
[2025-11-27T12:27:39.344-0300] {processor.py:840} INFO - DAG(s) 'pipeline_credito' retrieved from /Users/davispecia/Documents/GitHub/Pf_pipeline_dados/Projeto_final_fase3/airflow_home/dags/pipeline_credito.py
[2025-11-27T12:27:39.412-0300] {logging_mixin.py:188} INFO - [2025-11-27T12:27:39.412-0300] {dag.py:3089} INFO - Sync 1 DAGs
[2025-11-27T12:27:39.422-0300] {logging_mixin.py:188} INFO - [2025-11-27T12:27:39.422-0300] {dag.py:3947} INFO - Setting next_dagrun for pipeline_credito to 2025-11-27 00:00:00+00:00, run_after=2025-11-28 00:00:00+00:00
[2025-11-27T12:27:39.431-0300] {processor.py:183} INFO - Processing /Users/davispecia/Documents/GitHub/Pf_pipeline_dados/Projeto_final_fase3/airflow_home/dags/pipeline_credito.py took 0.095 seconds
[2025-11-27T13:06:51.623-0300] {processor.py:161} INFO - Started process (PID=2662) to work on /Users/davispecia/Documents/GitHub/Pf_pipeline_dados/Projeto_final_fase3/airflow_home/dags/pipeline_credito.py
[2025-11-27T13:06:51.624-0300] {processor.py:830} INFO - Processing file /Users/davispecia/Documents/GitHub/Pf_pipeline_dados/Projeto_final_fase3/airflow_home/dags/pipeline_credito.py for tasks to queue
[2025-11-27T13:06:51.624-0300] {logging_mixin.py:188} INFO - [2025-11-27T13:06:51.624-0300] {dagbag.py:545} INFO - Filling up the DagBag from /Users/davispecia/Documents/GitHub/Pf_pipeline_dados/Projeto_final_fase3/airflow_home/dags/pipeline_credito.py
[2025-11-27T13:06:51.629-0300] {processor.py:840} INFO - DAG(s) 'pipeline_credito' retrieved from /Users/davispecia/Documents/GitHub/Pf_pipeline_dados/Projeto_final_fase3/airflow_home/dags/pipeline_credito.py
[2025-11-27T13:06:51.697-0300] {logging_mixin.py:188} INFO - [2025-11-27T13:06:51.697-0300] {dag.py:3089} INFO - Sync 1 DAGs
[2025-11-27T13:06:51.706-0300] {logging_mixin.py:188} INFO - [2025-11-27T13:06:51.706-0300] {dag.py:3947} INFO - Setting next_dagrun for pipeline_credito to 2025-11-27 00:00:00+00:00, run_after=2025-11-28 00:00:00+00:00
[2025-11-27T13:06:51.715-0300] {processor.py:183} INFO - Processing /Users/davispecia/Documents/GitHub/Pf_pipeline_dados/Projeto_final_fase3/airflow_home/dags/pipeline_credito.py took 0.093 seconds
[2025-11-27T14:07:30.409-0300] {processor.py:161} INFO - Started process (PID=3041) to work on /Users/davispecia/Documents/GitHub/Pf_pipeline_dados/Projeto_final_fase3/airflow_home/dags/pipeline_credito.py
[2025-11-27T14:07:30.410-0300] {processor.py:830} INFO - Processing file /Users/davispecia/Documents/GitHub/Pf_pipeline_dados/Projeto_final_fase3/airflow_home/dags/pipeline_credito.py for tasks to queue
[2025-11-27T14:07:30.411-0300] {logging_mixin.py:188} INFO - [2025-11-27T14:07:30.411-0300] {dagbag.py:545} INFO - Filling up the DagBag from /Users/davispecia/Documents/GitHub/Pf_pipeline_dados/Projeto_final_fase3/airflow_home/dags/pipeline_credito.py
[2025-11-27T14:07:30.418-0300] {processor.py:840} INFO - DAG(s) 'pipeline_credito' retrieved from /Users/davispecia/Documents/GitHub/Pf_pipeline_dados/Projeto_final_fase3/airflow_home/dags/pipeline_credito.py
[2025-11-27T14:07:30.496-0300] {logging_mixin.py:188} INFO - [2025-11-27T14:07:30.496-0300] {dag.py:3089} INFO - Sync 1 DAGs
[2025-11-27T14:07:30.506-0300] {logging_mixin.py:188} INFO - [2025-11-27T14:07:30.506-0300] {dag.py:3947} INFO - Setting next_dagrun for pipeline_credito to 2025-11-27 00:00:00+00:00, run_after=2025-11-28 00:00:00+00:00
[2025-11-27T14:07:30.515-0300] {processor.py:183} INFO - Processing /Users/davispecia/Documents/GitHub/Pf_pipeline_dados/Projeto_final_fase3/airflow_home/dags/pipeline_credito.py took 0.109 seconds
[2025-11-27T14:09:11.028-0300] {processor.py:161} INFO - Started process (PID=3418) to work on /Users/davispecia/Documents/GitHub/Pf_pipeline_dados/Projeto_final_fase3/airflow_home/dags/pipeline_credito.py
[2025-11-27T14:09:11.028-0300] {processor.py:830} INFO - Processing file /Users/davispecia/Documents/GitHub/Pf_pipeline_dados/Projeto_final_fase3/airflow_home/dags/pipeline_credito.py for tasks to queue
[2025-11-27T14:09:11.029-0300] {logging_mixin.py:188} INFO - [2025-11-27T14:09:11.028-0300] {dagbag.py:545} INFO - Filling up the DagBag from /Users/davispecia/Documents/GitHub/Pf_pipeline_dados/Projeto_final_fase3/airflow_home/dags/pipeline_credito.py
[2025-11-27T14:09:11.034-0300] {processor.py:840} INFO - DAG(s) 'pipeline_credito' retrieved from /Users/davispecia/Documents/GitHub/Pf_pipeline_dados/Projeto_final_fase3/airflow_home/dags/pipeline_credito.py
[2025-11-27T14:09:11.108-0300] {logging_mixin.py:188} INFO - [2025-11-27T14:09:11.108-0300] {dag.py:3089} INFO - Sync 1 DAGs
[2025-11-27T14:09:11.117-0300] {logging_mixin.py:188} INFO - [2025-11-27T14:09:11.117-0300] {dag.py:3947} INFO - Setting next_dagrun for pipeline_credito to 2025-11-27 00:00:00+00:00, run_after=2025-11-28 00:00:00+00:00
[2025-11-27T14:09:11.126-0300] {processor.py:183} INFO - Processing /Users/davispecia/Documents/GitHub/Pf_pipeline_dados/Projeto_final_fase3/airflow_home/dags/pipeline_credito.py took 0.100 seconds
[2025-11-27T14:10:22.029-0300] {processor.py:161} INFO - Started process (PID=3637) to work on /Users/davispecia/Documents/GitHub/Pf_pipeline_dados/Projeto_final_fase3/airflow_home/dags/pipeline_credito.py
[2025-11-27T14:10:22.029-0300] {processor.py:830} INFO - Processing file /Users/davispecia/Documents/GitHub/Pf_pipeline_dados/Projeto_final_fase3/airflow_home/dags/pipeline_credito.py for tasks to queue
[2025-11-27T14:10:22.030-0300] {logging_mixin.py:188} INFO - [2025-11-27T14:10:22.030-0300] {dagbag.py:545} INFO - Filling up the DagBag from /Users/davispecia/Documents/GitHub/Pf_pipeline_dados/Projeto_final_fase3/airflow_home/dags/pipeline_credito.py
[2025-11-27T14:10:22.035-0300] {processor.py:840} INFO - DAG(s) 'pipeline_credito' retrieved from /Users/davispecia/Documents/GitHub/Pf_pipeline_dados/Projeto_final_fase3/airflow_home/dags/pipeline_credito.py
[2025-11-27T14:10:22.106-0300] {logging_mixin.py:188} INFO - [2025-11-27T14:10:22.106-0300] {dag.py:3089} INFO - Sync 1 DAGs
[2025-11-27T14:10:22.115-0300] {logging_mixin.py:188} INFO - [2025-11-27T14:10:22.115-0300] {dag.py:3947} INFO - Setting next_dagrun for pipeline_credito to 2025-11-27 00:00:00+00:00, run_after=2025-11-28 00:00:00+00:00
[2025-11-27T14:10:22.124-0300] {processor.py:183} INFO - Processing /Users/davispecia/Documents/GitHub/Pf_pipeline_dados/Projeto_final_fase3/airflow_home/dags/pipeline_credito.py took 0.098 seconds
[2025-11-27T14:11:23.530-0300] {processor.py:161} INFO - Started process (PID=3783) to work on /Users/davispecia/Documents/GitHub/Pf_pipeline_dados/Projeto_final_fase3/airflow_home/dags/pipeline_credito.py
[2025-11-27T14:11:23.531-0300] {processor.py:830} INFO - Processing file /Users/davispecia/Documents/GitHub/Pf_pipeline_dados/Projeto_final_fase3/airflow_home/dags/pipeline_credito.py for tasks to queue
[2025-11-27T14:11:23.531-0300] {logging_mixin.py:188} INFO - [2025-11-27T14:11:23.531-0300] {dagbag.py:545} INFO - Filling up the DagBag from /Users/davispecia/Documents/GitHub/Pf_pipeline_dados/Projeto_final_fase3/airflow_home/dags/pipeline_credito.py
[2025-11-27T14:11:23.535-0300] {processor.py:840} INFO - DAG(s) 'pipeline_credito' retrieved from /Users/davispecia/Documents/GitHub/Pf_pipeline_dados/Projeto_final_fase3/airflow_home/dags/pipeline_credito.py
[2025-11-27T14:11:23.605-0300] {logging_mixin.py:188} INFO - [2025-11-27T14:11:23.605-0300] {dag.py:3089} INFO - Sync 1 DAGs
[2025-11-27T14:11:23.614-0300] {logging_mixin.py:188} INFO - [2025-11-27T14:11:23.614-0300] {dag.py:3947} INFO - Setting next_dagrun for pipeline_credito to 2025-11-27 00:00:00+00:00, run_after=2025-11-28 00:00:00+00:00
[2025-11-27T14:11:23.623-0300] {processor.py:183} INFO - Processing /Users/davispecia/Documents/GitHub/Pf_pipeline_dados/Projeto_final_fase3/airflow_home/dags/pipeline_credito.py took 0.095 seconds
[2025-11-27T14:12:23.812-0300] {processor.py:161} INFO - Started process (PID=3921) to work on /Users/davispecia/Documents/GitHub/Pf_pipeline_dados/Projeto_final_fase3/airflow_home/dags/pipeline_credito.py
[2025-11-27T14:12:23.812-0300] {processor.py:830} INFO - Processing file /Users/davispecia/Documents/GitHub/Pf_pipeline_dados/Projeto_final_fase3/airflow_home/dags/pipeline_credito.py for tasks to queue
[2025-11-27T14:12:23.813-0300] {logging_mixin.py:188} INFO - [2025-11-27T14:12:23.812-0300] {dagbag.py:545} INFO - Filling up the DagBag from /Users/davispecia/Documents/GitHub/Pf_pipeline_dados/Projeto_final_fase3/airflow_home/dags/pipeline_credito.py
[2025-11-27T14:12:23.817-0300] {processor.py:840} INFO - DAG(s) 'pipeline_credito' retrieved from /Users/davispecia/Documents/GitHub/Pf_pipeline_dados/Projeto_final_fase3/airflow_home/dags/pipeline_credito.py
[2025-11-27T14:12:23.891-0300] {logging_mixin.py:188} INFO - [2025-11-27T14:12:23.891-0300] {dag.py:3089} INFO - Sync 1 DAGs
[2025-11-27T14:12:23.900-0300] {logging_mixin.py:188} INFO - [2025-11-27T14:12:23.900-0300] {dag.py:3947} INFO - Setting next_dagrun for pipeline_credito to 2025-11-27 00:00:00+00:00, run_after=2025-11-28 00:00:00+00:00
[2025-11-27T14:12:23.908-0300] {processor.py:183} INFO - Processing /Users/davispecia/Documents/GitHub/Pf_pipeline_dados/Projeto_final_fase3/airflow_home/dags/pipeline_credito.py took 0.099 seconds
[2025-11-27T14:13:27.451-0300] {processor.py:161} INFO - Started process (PID=4103) to work on /Users/davispecia/Documents/GitHub/Pf_pipeline_dados/Projeto_final_fase3/airflow_home/dags/pipeline_credito.py
[2025-11-27T14:13:27.452-0300] {processor.py:830} INFO - Processing file /Users/davispecia/Documents/GitHub/Pf_pipeline_dados/Projeto_final_fase3/airflow_home/dags/pipeline_credito.py for tasks to queue
[2025-11-27T14:13:27.453-0300] {logging_mixin.py:188} INFO - [2025-11-27T14:13:27.453-0300] {dagbag.py:545} INFO - Filling up the DagBag from /Users/davispecia/Documents/GitHub/Pf_pipeline_dados/Projeto_final_fase3/airflow_home/dags/pipeline_credito.py
[2025-11-27T14:13:27.457-0300] {processor.py:840} INFO - DAG(s) 'pipeline_credito' retrieved from /Users/davispecia/Documents/GitHub/Pf_pipeline_dados/Projeto_final_fase3/airflow_home/dags/pipeline_credito.py
[2025-11-27T14:13:27.530-0300] {logging_mixin.py:188} INFO - [2025-11-27T14:13:27.530-0300] {dag.py:3089} INFO - Sync 1 DAGs
[2025-11-27T14:13:27.539-0300] {logging_mixin.py:188} INFO - [2025-11-27T14:13:27.539-0300] {dag.py:3947} INFO - Setting next_dagrun for pipeline_credito to 2025-11-27 00:00:00+00:00, run_after=2025-11-28 00:00:00+00:00
[2025-11-27T14:13:27.548-0300] {processor.py:183} INFO - Processing /Users/davispecia/Documents/GitHub/Pf_pipeline_dados/Projeto_final_fase3/airflow_home/dags/pipeline_credito.py took 0.099 seconds
[2025-11-27T14:14:36.284-0300] {processor.py:161} INFO - Started process (PID=4288) to work on /Users/davispecia/Documents/GitHub/Pf_pipeline_dados/Projeto_final_fase3/airflow_home/dags/pipeline_credito.py
[2025-11-27T14:14:36.285-0300] {processor.py:830} INFO - Processing file /Users/davispecia/Documents/GitHub/Pf_pipeline_dados/Projeto_final_fase3/airflow_home/dags/pipeline_credito.py for tasks to queue
[2025-11-27T14:14:36.285-0300] {logging_mixin.py:188} INFO - [2025-11-27T14:14:36.285-0300] {dagbag.py:545} INFO - Filling up the DagBag from /Users/davispecia/Documents/GitHub/Pf_pipeline_dados/Projeto_final_fase3/airflow_home/dags/pipeline_credito.py
[2025-11-27T14:14:36.290-0300] {processor.py:840} INFO - DAG(s) 'pipeline_credito' retrieved from /Users/davispecia/Documents/GitHub/Pf_pipeline_dados/Projeto_final_fase3/airflow_home/dags/pipeline_credito.py
[2025-11-27T14:14:36.370-0300] {logging_mixin.py:188} INFO - [2025-11-27T14:14:36.370-0300] {dag.py:3089} INFO - Sync 1 DAGs
[2025-11-27T14:14:36.381-0300] {logging_mixin.py:188} INFO - [2025-11-27T14:14:36.381-0300] {dag.py:3947} INFO - Setting next_dagrun for pipeline_credito to 2025-11-27 00:00:00+00:00, run_after=2025-11-28 00:00:00+00:00
[2025-11-27T14:14:36.390-0300] {processor.py:183} INFO - Processing /Users/davispecia/Documents/GitHub/Pf_pipeline_dados/Projeto_final_fase3/airflow_home/dags/pipeline_credito.py took 0.108 seconds
[2025-11-27T14:15:53.619-0300] {processor.py:161} INFO - Started process (PID=4522) to work on /Users/davispecia/Documents/GitHub/Pf_pipeline_dados/Projeto_final_fase3/airflow_home/dags/pipeline_credito.py
[2025-11-27T14:15:53.620-0300] {processor.py:830} INFO - Processing file /Users/davispecia/Documents/GitHub/Pf_pipeline_dados/Projeto_final_fase3/airflow_home/dags/pipeline_credito.py for tasks to queue
[2025-11-27T14:15:53.620-0300] {logging_mixin.py:188} INFO - [2025-11-27T14:15:53.620-0300] {dagbag.py:545} INFO - Filling up the DagBag from /Users/davispecia/Documents/GitHub/Pf_pipeline_dados/Projeto_final_fase3/airflow_home/dags/pipeline_credito.py
[2025-11-27T14:15:53.625-0300] {processor.py:840} INFO - DAG(s) 'pipeline_credito' retrieved from /Users/davispecia/Documents/GitHub/Pf_pipeline_dados/Projeto_final_fase3/airflow_home/dags/pipeline_credito.py
[2025-11-27T14:15:53.696-0300] {logging_mixin.py:188} INFO - [2025-11-27T14:15:53.696-0300] {dag.py:3089} INFO - Sync 1 DAGs
[2025-11-27T14:15:53.705-0300] {logging_mixin.py:188} INFO - [2025-11-27T14:15:53.704-0300] {dag.py:3947} INFO - Setting next_dagrun for pipeline_credito to 2025-11-27 00:00:00+00:00, run_after=2025-11-28 00:00:00+00:00
[2025-11-27T14:15:53.713-0300] {processor.py:183} INFO - Processing /Users/davispecia/Documents/GitHub/Pf_pipeline_dados/Projeto_final_fase3/airflow_home/dags/pipeline_credito.py took 0.096 seconds
[2025-11-27T14:16:58.830-0300] {processor.py:161} INFO - Started process (PID=4683) to work on /Users/davispecia/Documents/GitHub/Pf_pipeline_dados/Projeto_final_fase3/airflow_home/dags/pipeline_credito.py
[2025-11-27T14:16:58.831-0300] {processor.py:830} INFO - Processing file /Users/davispecia/Documents/GitHub/Pf_pipeline_dados/Projeto_final_fase3/airflow_home/dags/pipeline_credito.py for tasks to queue
[2025-11-27T14:16:58.831-0300] {logging_mixin.py:188} INFO - [2025-11-27T14:16:58.831-0300] {dagbag.py:545} INFO - Filling up the DagBag from /Users/davispecia/Documents/GitHub/Pf_pipeline_dados/Projeto_final_fase3/airflow_home/dags/pipeline_credito.py
[2025-11-27T14:16:58.838-0300] {processor.py:840} INFO - DAG(s) 'pipeline_credito' retrieved from /Users/davispecia/Documents/GitHub/Pf_pipeline_dados/Projeto_final_fase3/airflow_home/dags/pipeline_credito.py
[2025-11-27T14:16:58.916-0300] {logging_mixin.py:188} INFO - [2025-11-27T14:16:58.916-0300] {dag.py:3089} INFO - Sync 1 DAGs
[2025-11-27T14:16:58.926-0300] {logging_mixin.py:188} INFO - [2025-11-27T14:16:58.925-0300] {dag.py:3947} INFO - Setting next_dagrun for pipeline_credito to 2025-11-27 00:00:00+00:00, run_after=2025-11-28 00:00:00+00:00
[2025-11-27T14:16:58.945-0300] {processor.py:183} INFO - Processing /Users/davispecia/Documents/GitHub/Pf_pipeline_dados/Projeto_final_fase3/airflow_home/dags/pipeline_credito.py took 0.118 seconds
[2025-11-27T14:18:07.595-0300] {processor.py:161} INFO - Started process (PID=4847) to work on /Users/davispecia/Documents/GitHub/Pf_pipeline_dados/Projeto_final_fase3/airflow_home/dags/pipeline_credito.py
[2025-11-27T14:18:07.596-0300] {processor.py:830} INFO - Processing file /Users/davispecia/Documents/GitHub/Pf_pipeline_dados/Projeto_final_fase3/airflow_home/dags/pipeline_credito.py for tasks to queue
[2025-11-27T14:18:07.596-0300] {logging_mixin.py:188} INFO - [2025-11-27T14:18:07.596-0300] {dagbag.py:545} INFO - Filling up the DagBag from /Users/davispecia/Documents/GitHub/Pf_pipeline_dados/Projeto_final_fase3/airflow_home/dags/pipeline_credito.py
[2025-11-27T14:18:07.601-0300] {processor.py:840} INFO - DAG(s) 'pipeline_credito' retrieved from /Users/davispecia/Documents/GitHub/Pf_pipeline_dados/Projeto_final_fase3/airflow_home/dags/pipeline_credito.py
[2025-11-27T14:18:07.682-0300] {logging_mixin.py:188} INFO - [2025-11-27T14:18:07.682-0300] {dag.py:3089} INFO - Sync 1 DAGs
[2025-11-27T14:18:07.693-0300] {logging_mixin.py:188} INFO - [2025-11-27T14:18:07.692-0300] {dag.py:3947} INFO - Setting next_dagrun for pipeline_credito to 2025-11-27 00:00:00+00:00, run_after=2025-11-28 00:00:00+00:00
[2025-11-27T14:18:07.701-0300] {processor.py:183} INFO - Processing /Users/davispecia/Documents/GitHub/Pf_pipeline_dados/Projeto_final_fase3/airflow_home/dags/pipeline_credito.py took 0.109 seconds
[2025-11-27T14:19:16.982-0300] {processor.py:161} INFO - Started process (PID=5010) to work on /Users/davispecia/Documents/GitHub/Pf_pipeline_dados/Projeto_final_fase3/airflow_home/dags/pipeline_credito.py
[2025-11-27T14:19:16.983-0300] {processor.py:830} INFO - Processing file /Users/davispecia/Documents/GitHub/Pf_pipeline_dados/Projeto_final_fase3/airflow_home/dags/pipeline_credito.py for tasks to queue
[2025-11-27T14:19:16.984-0300] {logging_mixin.py:188} INFO - [2025-11-27T14:19:16.984-0300] {dagbag.py:545} INFO - Filling up the DagBag from /Users/davispecia/Documents/GitHub/Pf_pipeline_dados/Projeto_final_fase3/airflow_home/dags/pipeline_credito.py
[2025-11-27T14:19:16.988-0300] {processor.py:840} INFO - DAG(s) 'pipeline_credito' retrieved from /Users/davispecia/Documents/GitHub/Pf_pipeline_dados/Projeto_final_fase3/airflow_home/dags/pipeline_credito.py
[2025-11-27T14:19:17.060-0300] {logging_mixin.py:188} INFO - [2025-11-27T14:19:17.060-0300] {dag.py:3089} INFO - Sync 1 DAGs
[2025-11-27T14:19:17.069-0300] {logging_mixin.py:188} INFO - [2025-11-27T14:19:17.069-0300] {dag.py:3947} INFO - Setting next_dagrun for pipeline_credito to 2025-11-27 00:00:00+00:00, run_after=2025-11-28 00:00:00+00:00
[2025-11-27T14:19:17.077-0300] {processor.py:183} INFO - Processing /Users/davispecia/Documents/GitHub/Pf_pipeline_dados/Projeto_final_fase3/airflow_home/dags/pipeline_credito.py took 0.097 seconds
[2025-11-27T14:20:24.191-0300] {processor.py:161} INFO - Started process (PID=5177) to work on /Users/davispecia/Documents/GitHub/Pf_pipeline_dados/Projeto_final_fase3/airflow_home/dags/pipeline_credito.py
[2025-11-27T14:20:24.192-0300] {processor.py:830} INFO - Processing file /Users/davispecia/Documents/GitHub/Pf_pipeline_dados/Projeto_final_fase3/airflow_home/dags/pipeline_credito.py for tasks to queue
[2025-11-27T14:20:24.192-0300] {logging_mixin.py:188} INFO - [2025-11-27T14:20:24.192-0300] {dagbag.py:545} INFO - Filling up the DagBag from /Users/davispecia/Documents/GitHub/Pf_pipeline_dados/Projeto_final_fase3/airflow_home/dags/pipeline_credito.py
[2025-11-27T14:20:24.198-0300] {processor.py:840} INFO - DAG(s) 'pipeline_credito' retrieved from /Users/davispecia/Documents/GitHub/Pf_pipeline_dados/Projeto_final_fase3/airflow_home/dags/pipeline_credito.py
[2025-11-27T14:20:24.270-0300] {logging_mixin.py:188} INFO - [2025-11-27T14:20:24.270-0300] {dag.py:3089} INFO - Sync 1 DAGs
[2025-11-27T14:20:24.279-0300] {logging_mixin.py:188} INFO - [2025-11-27T14:20:24.279-0300] {dag.py:3947} INFO - Setting next_dagrun for pipeline_credito to 2025-11-27 00:00:00+00:00, run_after=2025-11-28 00:00:00+00:00
[2025-11-27T14:20:24.287-0300] {processor.py:183} INFO - Processing /Users/davispecia/Documents/GitHub/Pf_pipeline_dados/Projeto_final_fase3/airflow_home/dags/pipeline_credito.py took 0.098 seconds
[2025-11-27T14:21:38.343-0300] {processor.py:161} INFO - Started process (PID=5400) to work on /Users/davispecia/Documents/GitHub/Pf_pipeline_dados/Projeto_final_fase3/airflow_home/dags/pipeline_credito.py
[2025-11-27T14:21:38.344-0300] {processor.py:830} INFO - Processing file /Users/davispecia/Documents/GitHub/Pf_pipeline_dados/Projeto_final_fase3/airflow_home/dags/pipeline_credito.py for tasks to queue
[2025-11-27T14:21:38.344-0300] {logging_mixin.py:188} INFO - [2025-11-27T14:21:38.344-0300] {dagbag.py:545} INFO - Filling up the DagBag from /Users/davispecia/Documents/GitHub/Pf_pipeline_dados/Projeto_final_fase3/airflow_home/dags/pipeline_credito.py
[2025-11-27T14:21:38.349-0300] {processor.py:840} INFO - DAG(s) 'pipeline_credito' retrieved from /Users/davispecia/Documents/GitHub/Pf_pipeline_dados/Projeto_final_fase3/airflow_home/dags/pipeline_credito.py
[2025-11-27T14:21:38.419-0300] {logging_mixin.py:188} INFO - [2025-11-27T14:21:38.419-0300] {dag.py:3089} INFO - Sync 1 DAGs
[2025-11-27T14:21:38.428-0300] {logging_mixin.py:188} INFO - [2025-11-27T14:21:38.428-0300] {dag.py:3947} INFO - Setting next_dagrun for pipeline_credito to 2025-11-27 00:00:00+00:00, run_after=2025-11-28 00:00:00+00:00
[2025-11-27T14:21:38.437-0300] {processor.py:183} INFO - Processing /Users/davispecia/Documents/GitHub/Pf_pipeline_dados/Projeto_final_fase3/airflow_home/dags/pipeline_credito.py took 0.096 seconds
[2025-11-27T14:22:43.455-0300] {processor.py:161} INFO - Started process (PID=5557) to work on /Users/davispecia/Documents/GitHub/Pf_pipeline_dados/Projeto_final_fase3/airflow_home/dags/pipeline_credito.py
[2025-11-27T14:22:43.455-0300] {processor.py:830} INFO - Processing file /Users/davispecia/Documents/GitHub/Pf_pipeline_dados/Projeto_final_fase3/airflow_home/dags/pipeline_credito.py for tasks to queue
[2025-11-27T14:22:43.456-0300] {logging_mixin.py:188} INFO - [2025-11-27T14:22:43.456-0300] {dagbag.py:545} INFO - Filling up the DagBag from /Users/davispecia/Documents/GitHub/Pf_pipeline_dados/Projeto_final_fase3/airflow_home/dags/pipeline_credito.py
[2025-11-27T14:22:43.461-0300] {processor.py:840} INFO - DAG(s) 'pipeline_credito' retrieved from /Users/davispecia/Documents/GitHub/Pf_pipeline_dados/Projeto_final_fase3/airflow_home/dags/pipeline_credito.py
[2025-11-27T14:22:43.542-0300] {logging_mixin.py:188} INFO - [2025-11-27T14:22:43.542-0300] {dag.py:3089} INFO - Sync 1 DAGs
[2025-11-27T14:22:43.552-0300] {logging_mixin.py:188} INFO - [2025-11-27T14:22:43.552-0300] {dag.py:3947} INFO - Setting next_dagrun for pipeline_credito to 2025-11-27 00:00:00+00:00, run_after=2025-11-28 00:00:00+00:00
[2025-11-27T14:22:43.562-0300] {processor.py:183} INFO - Processing /Users/davispecia/Documents/GitHub/Pf_pipeline_dados/Projeto_final_fase3/airflow_home/dags/pipeline_credito.py took 0.109 seconds
[2025-11-27T14:23:51.191-0300] {processor.py:161} INFO - Started process (PID=5713) to work on /Users/davispecia/Documents/GitHub/Pf_pipeline_dados/Projeto_final_fase3/airflow_home/dags/pipeline_credito.py
[2025-11-27T14:23:51.192-0300] {processor.py:830} INFO - Processing file /Users/davispecia/Documents/GitHub/Pf_pipeline_dados/Projeto_final_fase3/airflow_home/dags/pipeline_credito.py for tasks to queue
[2025-11-27T14:23:51.192-0300] {logging_mixin.py:188} INFO - [2025-11-27T14:23:51.192-0300] {dagbag.py:545} INFO - Filling up the DagBag from /Users/davispecia/Documents/GitHub/Pf_pipeline_dados/Projeto_final_fase3/airflow_home/dags/pipeline_credito.py
[2025-11-27T14:23:51.204-0300] {processor.py:840} INFO - DAG(s) 'pipeline_credito' retrieved from /Users/davispecia/Documents/GitHub/Pf_pipeline_dados/Projeto_final_fase3/airflow_home/dags/pipeline_credito.py
[2025-11-27T14:23:51.284-0300] {logging_mixin.py:188} INFO - [2025-11-27T14:23:51.284-0300] {dag.py:3089} INFO - Sync 1 DAGs
[2025-11-27T14:23:51.293-0300] {logging_mixin.py:188} INFO - [2025-11-27T14:23:51.293-0300] {dag.py:3947} INFO - Setting next_dagrun for pipeline_credito to 2025-11-27 00:00:00+00:00, run_after=2025-11-28 00:00:00+00:00
[2025-11-27T14:23:51.304-0300] {processor.py:183} INFO - Processing /Users/davispecia/Documents/GitHub/Pf_pipeline_dados/Projeto_final_fase3/airflow_home/dags/pipeline_credito.py took 0.115 seconds
[2025-11-27T14:25:00.189-0300] {processor.py:161} INFO - Started process (PID=5872) to work on /Users/davispecia/Documents/GitHub/Pf_pipeline_dados/Projeto_final_fase3/airflow_home/dags/pipeline_credito.py
[2025-11-27T14:25:00.190-0300] {processor.py:830} INFO - Processing file /Users/davispecia/Documents/GitHub/Pf_pipeline_dados/Projeto_final_fase3/airflow_home/dags/pipeline_credito.py for tasks to queue
[2025-11-27T14:25:00.191-0300] {logging_mixin.py:188} INFO - [2025-11-27T14:25:00.191-0300] {dagbag.py:545} INFO - Filling up the DagBag from /Users/davispecia/Documents/GitHub/Pf_pipeline_dados/Projeto_final_fase3/airflow_home/dags/pipeline_credito.py
[2025-11-27T14:25:00.196-0300] {processor.py:840} INFO - DAG(s) 'pipeline_credito' retrieved from /Users/davispecia/Documents/GitHub/Pf_pipeline_dados/Projeto_final_fase3/airflow_home/dags/pipeline_credito.py
[2025-11-27T14:25:00.275-0300] {logging_mixin.py:188} INFO - [2025-11-27T14:25:00.275-0300] {dag.py:3089} INFO - Sync 1 DAGs
[2025-11-27T14:25:00.285-0300] {logging_mixin.py:188} INFO - [2025-11-27T14:25:00.285-0300] {dag.py:3947} INFO - Setting next_dagrun for pipeline_credito to 2025-11-27 00:00:00+00:00, run_after=2025-11-28 00:00:00+00:00
[2025-11-27T14:25:00.294-0300] {processor.py:183} INFO - Processing /Users/davispecia/Documents/GitHub/Pf_pipeline_dados/Projeto_final_fase3/airflow_home/dags/pipeline_credito.py took 0.108 seconds
[2025-11-27T14:26:11.705-0300] {processor.py:161} INFO - Started process (PID=6042) to work on /Users/davispecia/Documents/GitHub/Pf_pipeline_dados/Projeto_final_fase3/airflow_home/dags/pipeline_credito.py
[2025-11-27T14:26:11.706-0300] {processor.py:830} INFO - Processing file /Users/davispecia/Documents/GitHub/Pf_pipeline_dados/Projeto_final_fase3/airflow_home/dags/pipeline_credito.py for tasks to queue
[2025-11-27T14:26:11.706-0300] {logging_mixin.py:188} INFO - [2025-11-27T14:26:11.706-0300] {dagbag.py:545} INFO - Filling up the DagBag from /Users/davispecia/Documents/GitHub/Pf_pipeline_dados/Projeto_final_fase3/airflow_home/dags/pipeline_credito.py
[2025-11-27T14:26:11.711-0300] {processor.py:840} INFO - DAG(s) 'pipeline_credito' retrieved from /Users/davispecia/Documents/GitHub/Pf_pipeline_dados/Projeto_final_fase3/airflow_home/dags/pipeline_credito.py
[2025-11-27T14:26:11.791-0300] {logging_mixin.py:188} INFO - [2025-11-27T14:26:11.791-0300] {dag.py:3089} INFO - Sync 1 DAGs
[2025-11-27T14:26:11.802-0300] {logging_mixin.py:188} INFO - [2025-11-27T14:26:11.801-0300] {dag.py:3947} INFO - Setting next_dagrun for pipeline_credito to 2025-11-27 00:00:00+00:00, run_after=2025-11-28 00:00:00+00:00
[2025-11-27T14:26:11.810-0300] {processor.py:183} INFO - Processing /Users/davispecia/Documents/GitHub/Pf_pipeline_dados/Projeto_final_fase3/airflow_home/dags/pipeline_credito.py took 0.108 seconds
[2025-11-27T14:27:32.603-0300] {processor.py:161} INFO - Started process (PID=6292) to work on /Users/davispecia/Documents/GitHub/Pf_pipeline_dados/Projeto_final_fase3/airflow_home/dags/pipeline_credito.py
[2025-11-27T14:27:32.603-0300] {processor.py:830} INFO - Processing file /Users/davispecia/Documents/GitHub/Pf_pipeline_dados/Projeto_final_fase3/airflow_home/dags/pipeline_credito.py for tasks to queue
[2025-11-27T14:27:32.604-0300] {logging_mixin.py:188} INFO - [2025-11-27T14:27:32.604-0300] {dagbag.py:545} INFO - Filling up the DagBag from /Users/davispecia/Documents/GitHub/Pf_pipeline_dados/Projeto_final_fase3/airflow_home/dags/pipeline_credito.py
[2025-11-27T14:27:32.608-0300] {processor.py:840} INFO - DAG(s) 'pipeline_credito' retrieved from /Users/davispecia/Documents/GitHub/Pf_pipeline_dados/Projeto_final_fase3/airflow_home/dags/pipeline_credito.py
[2025-11-27T14:27:32.681-0300] {logging_mixin.py:188} INFO - [2025-11-27T14:27:32.681-0300] {dag.py:3089} INFO - Sync 1 DAGs
[2025-11-27T14:27:32.690-0300] {logging_mixin.py:188} INFO - [2025-11-27T14:27:32.690-0300] {dag.py:3947} INFO - Setting next_dagrun for pipeline_credito to 2025-11-27 00:00:00+00:00, run_after=2025-11-28 00:00:00+00:00
[2025-11-27T14:27:32.699-0300] {processor.py:183} INFO - Processing /Users/davispecia/Documents/GitHub/Pf_pipeline_dados/Projeto_final_fase3/airflow_home/dags/pipeline_credito.py took 0.099 seconds
[2025-11-27T14:28:46.668-0300] {processor.py:161} INFO - Started process (PID=6523) to work on /Users/davispecia/Documents/GitHub/Pf_pipeline_dados/Projeto_final_fase3/airflow_home/dags/pipeline_credito.py
[2025-11-27T14:28:46.670-0300] {processor.py:830} INFO - Processing file /Users/davispecia/Documents/GitHub/Pf_pipeline_dados/Projeto_final_fase3/airflow_home/dags/pipeline_credito.py for tasks to queue
[2025-11-27T14:28:46.670-0300] {logging_mixin.py:188} INFO - [2025-11-27T14:28:46.670-0300] {dagbag.py:545} INFO - Filling up the DagBag from /Users/davispecia/Documents/GitHub/Pf_pipeline_dados/Projeto_final_fase3/airflow_home/dags/pipeline_credito.py
[2025-11-27T14:28:46.675-0300] {processor.py:840} INFO - DAG(s) 'pipeline_credito' retrieved from /Users/davispecia/Documents/GitHub/Pf_pipeline_dados/Projeto_final_fase3/airflow_home/dags/pipeline_credito.py
[2025-11-27T14:28:46.751-0300] {logging_mixin.py:188} INFO - [2025-11-27T14:28:46.751-0300] {dag.py:3089} INFO - Sync 1 DAGs
[2025-11-27T14:28:46.761-0300] {logging_mixin.py:188} INFO - [2025-11-27T14:28:46.761-0300] {dag.py:3947} INFO - Setting next_dagrun for pipeline_credito to 2025-11-27 00:00:00+00:00, run_after=2025-11-28 00:00:00+00:00
[2025-11-27T14:28:46.769-0300] {processor.py:183} INFO - Processing /Users/davispecia/Documents/GitHub/Pf_pipeline_dados/Projeto_final_fase3/airflow_home/dags/pipeline_credito.py took 0.103 seconds
[2025-11-27T14:29:51.214-0300] {processor.py:161} INFO - Started process (PID=6669) to work on /Users/davispecia/Documents/GitHub/Pf_pipeline_dados/Projeto_final_fase3/airflow_home/dags/pipeline_credito.py
[2025-11-27T14:29:51.217-0300] {processor.py:830} INFO - Processing file /Users/davispecia/Documents/GitHub/Pf_pipeline_dados/Projeto_final_fase3/airflow_home/dags/pipeline_credito.py for tasks to queue
[2025-11-27T14:29:51.217-0300] {logging_mixin.py:188} INFO - [2025-11-27T14:29:51.217-0300] {dagbag.py:545} INFO - Filling up the DagBag from /Users/davispecia/Documents/GitHub/Pf_pipeline_dados/Projeto_final_fase3/airflow_home/dags/pipeline_credito.py
[2025-11-27T14:29:51.223-0300] {processor.py:840} INFO - DAG(s) 'pipeline_credito' retrieved from /Users/davispecia/Documents/GitHub/Pf_pipeline_dados/Projeto_final_fase3/airflow_home/dags/pipeline_credito.py
[2025-11-27T14:29:51.301-0300] {logging_mixin.py:188} INFO - [2025-11-27T14:29:51.301-0300] {dag.py:3089} INFO - Sync 1 DAGs
[2025-11-27T14:29:51.310-0300] {logging_mixin.py:188} INFO - [2025-11-27T14:29:51.310-0300] {dag.py:3947} INFO - Setting next_dagrun for pipeline_credito to 2025-11-27 00:00:00+00:00, run_after=2025-11-28 00:00:00+00:00
[2025-11-27T14:29:51.321-0300] {processor.py:183} INFO - Processing /Users/davispecia/Documents/GitHub/Pf_pipeline_dados/Projeto_final_fase3/airflow_home/dags/pipeline_credito.py took 0.109 seconds
[2025-11-27T14:30:58.080-0300] {processor.py:161} INFO - Started process (PID=6832) to work on /Users/davispecia/Documents/GitHub/Pf_pipeline_dados/Projeto_final_fase3/airflow_home/dags/pipeline_credito.py
[2025-11-27T14:30:58.080-0300] {processor.py:830} INFO - Processing file /Users/davispecia/Documents/GitHub/Pf_pipeline_dados/Projeto_final_fase3/airflow_home/dags/pipeline_credito.py for tasks to queue
[2025-11-27T14:30:58.081-0300] {logging_mixin.py:188} INFO - [2025-11-27T14:30:58.081-0300] {dagbag.py:545} INFO - Filling up the DagBag from /Users/davispecia/Documents/GitHub/Pf_pipeline_dados/Projeto_final_fase3/airflow_home/dags/pipeline_credito.py
[2025-11-27T14:30:58.085-0300] {processor.py:840} INFO - DAG(s) 'pipeline_credito' retrieved from /Users/davispecia/Documents/GitHub/Pf_pipeline_dados/Projeto_final_fase3/airflow_home/dags/pipeline_credito.py
[2025-11-27T14:30:58.161-0300] {logging_mixin.py:188} INFO - [2025-11-27T14:30:58.161-0300] {dag.py:3089} INFO - Sync 1 DAGs
[2025-11-27T14:30:58.170-0300] {logging_mixin.py:188} INFO - [2025-11-27T14:30:58.170-0300] {dag.py:3947} INFO - Setting next_dagrun for pipeline_credito to 2025-11-27 00:00:00+00:00, run_after=2025-11-28 00:00:00+00:00
[2025-11-27T14:30:58.179-0300] {processor.py:183} INFO - Processing /Users/davispecia/Documents/GitHub/Pf_pipeline_dados/Projeto_final_fase3/airflow_home/dags/pipeline_credito.py took 0.102 seconds
[2025-11-27T14:32:00.976-0300] {processor.py:161} INFO - Started process (PID=6985) to work on /Users/davispecia/Documents/GitHub/Pf_pipeline_dados/Projeto_final_fase3/airflow_home/dags/pipeline_credito.py
[2025-11-27T14:32:00.976-0300] {processor.py:830} INFO - Processing file /Users/davispecia/Documents/GitHub/Pf_pipeline_dados/Projeto_final_fase3/airflow_home/dags/pipeline_credito.py for tasks to queue
[2025-11-27T14:32:00.977-0300] {logging_mixin.py:188} INFO - [2025-11-27T14:32:00.977-0300] {dagbag.py:545} INFO - Filling up the DagBag from /Users/davispecia/Documents/GitHub/Pf_pipeline_dados/Projeto_final_fase3/airflow_home/dags/pipeline_credito.py
[2025-11-27T14:32:00.984-0300] {processor.py:840} INFO - DAG(s) 'pipeline_credito' retrieved from /Users/davispecia/Documents/GitHub/Pf_pipeline_dados/Projeto_final_fase3/airflow_home/dags/pipeline_credito.py
[2025-11-27T14:32:01.055-0300] {logging_mixin.py:188} INFO - [2025-11-27T14:32:01.055-0300] {dag.py:3089} INFO - Sync 1 DAGs
[2025-11-27T14:32:01.066-0300] {logging_mixin.py:188} INFO - [2025-11-27T14:32:01.065-0300] {dag.py:3947} INFO - Setting next_dagrun for pipeline_credito to 2025-11-27 00:00:00+00:00, run_after=2025-11-28 00:00:00+00:00
[2025-11-27T14:32:01.075-0300] {processor.py:183} INFO - Processing /Users/davispecia/Documents/GitHub/Pf_pipeline_dados/Projeto_final_fase3/airflow_home/dags/pipeline_credito.py took 0.102 seconds
[2025-11-27T14:33:04.343-0300] {processor.py:161} INFO - Started process (PID=7143) to work on /Users/davispecia/Documents/GitHub/Pf_pipeline_dados/Projeto_final_fase3/airflow_home/dags/pipeline_credito.py
[2025-11-27T14:33:04.344-0300] {processor.py:830} INFO - Processing file /Users/davispecia/Documents/GitHub/Pf_pipeline_dados/Projeto_final_fase3/airflow_home/dags/pipeline_credito.py for tasks to queue
[2025-11-27T14:33:04.344-0300] {logging_mixin.py:188} INFO - [2025-11-27T14:33:04.344-0300] {dagbag.py:545} INFO - Filling up the DagBag from /Users/davispecia/Documents/GitHub/Pf_pipeline_dados/Projeto_final_fase3/airflow_home/dags/pipeline_credito.py
[2025-11-27T14:33:04.354-0300] {processor.py:840} INFO - DAG(s) 'pipeline_credito' retrieved from /Users/davispecia/Documents/GitHub/Pf_pipeline_dados/Projeto_final_fase3/airflow_home/dags/pipeline_credito.py
[2025-11-27T14:33:04.434-0300] {logging_mixin.py:188} INFO - [2025-11-27T14:33:04.433-0300] {dag.py:3089} INFO - Sync 1 DAGs
[2025-11-27T14:33:04.443-0300] {logging_mixin.py:188} INFO - [2025-11-27T14:33:04.443-0300] {dag.py:3947} INFO - Setting next_dagrun for pipeline_credito to 2025-11-27 00:00:00+00:00, run_after=2025-11-28 00:00:00+00:00
[2025-11-27T14:33:04.451-0300] {processor.py:183} INFO - Processing /Users/davispecia/Documents/GitHub/Pf_pipeline_dados/Projeto_final_fase3/airflow_home/dags/pipeline_credito.py took 0.111 seconds
[2025-11-27T14:34:21.747-0300] {processor.py:161} INFO - Started process (PID=7397) to work on /Users/davispecia/Documents/GitHub/Pf_pipeline_dados/Projeto_final_fase3/airflow_home/dags/pipeline_credito.py
[2025-11-27T14:34:21.747-0300] {processor.py:830} INFO - Processing file /Users/davispecia/Documents/GitHub/Pf_pipeline_dados/Projeto_final_fase3/airflow_home/dags/pipeline_credito.py for tasks to queue
[2025-11-27T14:34:21.747-0300] {logging_mixin.py:188} INFO - [2025-11-27T14:34:21.747-0300] {dagbag.py:545} INFO - Filling up the DagBag from /Users/davispecia/Documents/GitHub/Pf_pipeline_dados/Projeto_final_fase3/airflow_home/dags/pipeline_credito.py
[2025-11-27T14:34:21.752-0300] {processor.py:840} INFO - DAG(s) 'pipeline_credito' retrieved from /Users/davispecia/Documents/GitHub/Pf_pipeline_dados/Projeto_final_fase3/airflow_home/dags/pipeline_credito.py
[2025-11-27T14:34:21.822-0300] {logging_mixin.py:188} INFO - [2025-11-27T14:34:21.822-0300] {dag.py:3089} INFO - Sync 1 DAGs
[2025-11-27T14:34:21.831-0300] {logging_mixin.py:188} INFO - [2025-11-27T14:34:21.831-0300] {dag.py:3947} INFO - Setting next_dagrun for pipeline_credito to 2025-11-27 00:00:00+00:00, run_after=2025-11-28 00:00:00+00:00
[2025-11-27T14:34:21.839-0300] {processor.py:183} INFO - Processing /Users/davispecia/Documents/GitHub/Pf_pipeline_dados/Projeto_final_fase3/airflow_home/dags/pipeline_credito.py took 0.095 seconds
[2025-11-27T14:35:32.882-0300] {processor.py:161} INFO - Started process (PID=7657) to work on /Users/davispecia/Documents/GitHub/Pf_pipeline_dados/Projeto_final_fase3/airflow_home/dags/pipeline_credito.py
[2025-11-27T14:35:32.883-0300] {processor.py:830} INFO - Processing file /Users/davispecia/Documents/GitHub/Pf_pipeline_dados/Projeto_final_fase3/airflow_home/dags/pipeline_credito.py for tasks to queue
[2025-11-27T14:35:32.883-0300] {logging_mixin.py:188} INFO - [2025-11-27T14:35:32.883-0300] {dagbag.py:545} INFO - Filling up the DagBag from /Users/davispecia/Documents/GitHub/Pf_pipeline_dados/Projeto_final_fase3/airflow_home/dags/pipeline_credito.py
[2025-11-27T14:35:32.891-0300] {processor.py:840} INFO - DAG(s) 'pipeline_credito' retrieved from /Users/davispecia/Documents/GitHub/Pf_pipeline_dados/Projeto_final_fase3/airflow_home/dags/pipeline_credito.py
[2025-11-27T14:35:32.975-0300] {logging_mixin.py:188} INFO - [2025-11-27T14:35:32.975-0300] {dag.py:3089} INFO - Sync 1 DAGs
[2025-11-27T14:35:32.985-0300] {logging_mixin.py:188} INFO - [2025-11-27T14:35:32.985-0300] {dag.py:3947} INFO - Setting next_dagrun for pipeline_credito to 2025-11-27 00:00:00+00:00, run_after=2025-11-28 00:00:00+00:00
[2025-11-27T14:35:32.995-0300] {processor.py:183} INFO - Processing /Users/davispecia/Documents/GitHub/Pf_pipeline_dados/Projeto_final_fase3/airflow_home/dags/pipeline_credito.py took 0.116 seconds
[2025-11-27T14:36:43.086-0300] {processor.py:161} INFO - Started process (PID=7868) to work on /Users/davispecia/Documents/GitHub/Pf_pipeline_dados/Projeto_final_fase3/airflow_home/dags/pipeline_credito.py
[2025-11-27T14:36:43.087-0300] {processor.py:830} INFO - Processing file /Users/davispecia/Documents/GitHub/Pf_pipeline_dados/Projeto_final_fase3/airflow_home/dags/pipeline_credito.py for tasks to queue
[2025-11-27T14:36:43.087-0300] {logging_mixin.py:188} INFO - [2025-11-27T14:36:43.087-0300] {dagbag.py:545} INFO - Filling up the DagBag from /Users/davispecia/Documents/GitHub/Pf_pipeline_dados/Projeto_final_fase3/airflow_home/dags/pipeline_credito.py
[2025-11-27T14:36:43.091-0300] {processor.py:840} INFO - DAG(s) 'pipeline_credito' retrieved from /Users/davispecia/Documents/GitHub/Pf_pipeline_dados/Projeto_final_fase3/airflow_home/dags/pipeline_credito.py
[2025-11-27T14:36:43.165-0300] {logging_mixin.py:188} INFO - [2025-11-27T14:36:43.165-0300] {dag.py:3089} INFO - Sync 1 DAGs
[2025-11-27T14:36:43.174-0300] {logging_mixin.py:188} INFO - [2025-11-27T14:36:43.174-0300] {dag.py:3947} INFO - Setting next_dagrun for pipeline_credito to 2025-11-27 00:00:00+00:00, run_after=2025-11-28 00:00:00+00:00
[2025-11-27T14:36:43.182-0300] {processor.py:183} INFO - Processing /Users/davispecia/Documents/GitHub/Pf_pipeline_dados/Projeto_final_fase3/airflow_home/dags/pipeline_credito.py took 0.098 seconds
[2025-11-27T14:37:50.056-0300] {processor.py:161} INFO - Started process (PID=8024) to work on /Users/davispecia/Documents/GitHub/Pf_pipeline_dados/Projeto_final_fase3/airflow_home/dags/pipeline_credito.py
[2025-11-27T14:37:50.057-0300] {processor.py:830} INFO - Processing file /Users/davispecia/Documents/GitHub/Pf_pipeline_dados/Projeto_final_fase3/airflow_home/dags/pipeline_credito.py for tasks to queue
[2025-11-27T14:37:50.057-0300] {logging_mixin.py:188} INFO - [2025-11-27T14:37:50.057-0300] {dagbag.py:545} INFO - Filling up the DagBag from /Users/davispecia/Documents/GitHub/Pf_pipeline_dados/Projeto_final_fase3/airflow_home/dags/pipeline_credito.py
[2025-11-27T14:37:50.062-0300] {processor.py:840} INFO - DAG(s) 'pipeline_credito' retrieved from /Users/davispecia/Documents/GitHub/Pf_pipeline_dados/Projeto_final_fase3/airflow_home/dags/pipeline_credito.py
[2025-11-27T14:37:50.136-0300] {logging_mixin.py:188} INFO - [2025-11-27T14:37:50.136-0300] {dag.py:3089} INFO - Sync 1 DAGs
[2025-11-27T14:37:50.145-0300] {logging_mixin.py:188} INFO - [2025-11-27T14:37:50.145-0300] {dag.py:3947} INFO - Setting next_dagrun for pipeline_credito to 2025-11-27 00:00:00+00:00, run_after=2025-11-28 00:00:00+00:00
[2025-11-27T14:37:50.155-0300] {processor.py:183} INFO - Processing /Users/davispecia/Documents/GitHub/Pf_pipeline_dados/Projeto_final_fase3/airflow_home/dags/pipeline_credito.py took 0.101 seconds
[2025-11-27T14:38:56.796-0300] {processor.py:161} INFO - Started process (PID=8193) to work on /Users/davispecia/Documents/GitHub/Pf_pipeline_dados/Projeto_final_fase3/airflow_home/dags/pipeline_credito.py
[2025-11-27T14:38:56.796-0300] {processor.py:830} INFO - Processing file /Users/davispecia/Documents/GitHub/Pf_pipeline_dados/Projeto_final_fase3/airflow_home/dags/pipeline_credito.py for tasks to queue
[2025-11-27T14:38:56.797-0300] {logging_mixin.py:188} INFO - [2025-11-27T14:38:56.797-0300] {dagbag.py:545} INFO - Filling up the DagBag from /Users/davispecia/Documents/GitHub/Pf_pipeline_dados/Projeto_final_fase3/airflow_home/dags/pipeline_credito.py
[2025-11-27T14:38:56.801-0300] {processor.py:840} INFO - DAG(s) 'pipeline_credito' retrieved from /Users/davispecia/Documents/GitHub/Pf_pipeline_dados/Projeto_final_fase3/airflow_home/dags/pipeline_credito.py
[2025-11-27T14:38:56.876-0300] {logging_mixin.py:188} INFO - [2025-11-27T14:38:56.876-0300] {dag.py:3089} INFO - Sync 1 DAGs
[2025-11-27T14:38:56.890-0300] {logging_mixin.py:188} INFO - [2025-11-27T14:38:56.890-0300] {dag.py:3947} INFO - Setting next_dagrun for pipeline_credito to 2025-11-27 00:00:00+00:00, run_after=2025-11-28 00:00:00+00:00
[2025-11-27T14:38:56.900-0300] {processor.py:183} INFO - Processing /Users/davispecia/Documents/GitHub/Pf_pipeline_dados/Projeto_final_fase3/airflow_home/dags/pipeline_credito.py took 0.106 seconds
[2025-11-27T14:40:10.105-0300] {processor.py:161} INFO - Started process (PID=8422) to work on /Users/davispecia/Documents/GitHub/Pf_pipeline_dados/Projeto_final_fase3/airflow_home/dags/pipeline_credito.py
[2025-11-27T14:40:10.108-0300] {processor.py:830} INFO - Processing file /Users/davispecia/Documents/GitHub/Pf_pipeline_dados/Projeto_final_fase3/airflow_home/dags/pipeline_credito.py for tasks to queue
[2025-11-27T14:40:10.109-0300] {logging_mixin.py:188} INFO - [2025-11-27T14:40:10.109-0300] {dagbag.py:545} INFO - Filling up the DagBag from /Users/davispecia/Documents/GitHub/Pf_pipeline_dados/Projeto_final_fase3/airflow_home/dags/pipeline_credito.py
[2025-11-27T14:40:10.113-0300] {processor.py:840} INFO - DAG(s) 'pipeline_credito' retrieved from /Users/davispecia/Documents/GitHub/Pf_pipeline_dados/Projeto_final_fase3/airflow_home/dags/pipeline_credito.py
[2025-11-27T14:40:10.187-0300] {logging_mixin.py:188} INFO - [2025-11-27T14:40:10.187-0300] {dag.py:3089} INFO - Sync 1 DAGs
[2025-11-27T14:40:10.196-0300] {logging_mixin.py:188} INFO - [2025-11-27T14:40:10.196-0300] {dag.py:3947} INFO - Setting next_dagrun for pipeline_credito to 2025-11-27 00:00:00+00:00, run_after=2025-11-28 00:00:00+00:00
[2025-11-27T14:40:10.205-0300] {processor.py:183} INFO - Processing /Users/davispecia/Documents/GitHub/Pf_pipeline_dados/Projeto_final_fase3/airflow_home/dags/pipeline_credito.py took 0.102 seconds
[2025-11-27T14:41:14.372-0300] {processor.py:161} INFO - Started process (PID=8633) to work on /Users/davispecia/Documents/GitHub/Pf_pipeline_dados/Projeto_final_fase3/airflow_home/dags/pipeline_credito.py
[2025-11-27T14:41:14.373-0300] {processor.py:830} INFO - Processing file /Users/davispecia/Documents/GitHub/Pf_pipeline_dados/Projeto_final_fase3/airflow_home/dags/pipeline_credito.py for tasks to queue
[2025-11-27T14:41:14.373-0300] {logging_mixin.py:188} INFO - [2025-11-27T14:41:14.373-0300] {dagbag.py:545} INFO - Filling up the DagBag from /Users/davispecia/Documents/GitHub/Pf_pipeline_dados/Projeto_final_fase3/airflow_home/dags/pipeline_credito.py
[2025-11-27T14:41:14.378-0300] {processor.py:840} INFO - DAG(s) 'pipeline_credito' retrieved from /Users/davispecia/Documents/GitHub/Pf_pipeline_dados/Projeto_final_fase3/airflow_home/dags/pipeline_credito.py
[2025-11-27T14:41:14.462-0300] {logging_mixin.py:188} INFO - [2025-11-27T14:41:14.462-0300] {dag.py:3089} INFO - Sync 1 DAGs
[2025-11-27T14:41:14.473-0300] {logging_mixin.py:188} INFO - [2025-11-27T14:41:14.473-0300] {dag.py:3947} INFO - Setting next_dagrun for pipeline_credito to 2025-11-27 00:00:00+00:00, run_after=2025-11-28 00:00:00+00:00
[2025-11-27T14:41:14.486-0300] {processor.py:183} INFO - Processing /Users/davispecia/Documents/GitHub/Pf_pipeline_dados/Projeto_final_fase3/airflow_home/dags/pipeline_credito.py took 0.117 seconds
[2025-11-27T14:42:16.159-0300] {processor.py:161} INFO - Started process (PID=8793) to work on /Users/davispecia/Documents/GitHub/Pf_pipeline_dados/Projeto_final_fase3/airflow_home/dags/pipeline_credito.py
[2025-11-27T14:42:16.160-0300] {processor.py:830} INFO - Processing file /Users/davispecia/Documents/GitHub/Pf_pipeline_dados/Projeto_final_fase3/airflow_home/dags/pipeline_credito.py for tasks to queue
[2025-11-27T14:42:16.161-0300] {logging_mixin.py:188} INFO - [2025-11-27T14:42:16.161-0300] {dagbag.py:545} INFO - Filling up the DagBag from /Users/davispecia/Documents/GitHub/Pf_pipeline_dados/Projeto_final_fase3/airflow_home/dags/pipeline_credito.py
[2025-11-27T14:42:16.165-0300] {processor.py:840} INFO - DAG(s) 'pipeline_credito' retrieved from /Users/davispecia/Documents/GitHub/Pf_pipeline_dados/Projeto_final_fase3/airflow_home/dags/pipeline_credito.py
[2025-11-27T14:42:16.240-0300] {logging_mixin.py:188} INFO - [2025-11-27T14:42:16.239-0300] {dag.py:3089} INFO - Sync 1 DAGs
[2025-11-27T14:42:16.250-0300] {logging_mixin.py:188} INFO - [2025-11-27T14:42:16.250-0300] {dag.py:3947} INFO - Setting next_dagrun for pipeline_credito to 2025-11-27 00:00:00+00:00, run_after=2025-11-28 00:00:00+00:00
[2025-11-27T14:42:16.258-0300] {processor.py:183} INFO - Processing /Users/davispecia/Documents/GitHub/Pf_pipeline_dados/Projeto_final_fase3/airflow_home/dags/pipeline_credito.py took 0.102 seconds
[2025-11-27T14:43:17.322-0300] {processor.py:161} INFO - Started process (PID=8964) to work on /Users/davispecia/Documents/GitHub/Pf_pipeline_dados/Projeto_final_fase3/airflow_home/dags/pipeline_credito.py
[2025-11-27T14:43:17.322-0300] {processor.py:830} INFO - Processing file /Users/davispecia/Documents/GitHub/Pf_pipeline_dados/Projeto_final_fase3/airflow_home/dags/pipeline_credito.py for tasks to queue
[2025-11-27T14:43:17.323-0300] {logging_mixin.py:188} INFO - [2025-11-27T14:43:17.323-0300] {dagbag.py:545} INFO - Filling up the DagBag from /Users/davispecia/Documents/GitHub/Pf_pipeline_dados/Projeto_final_fase3/airflow_home/dags/pipeline_credito.py
[2025-11-27T14:43:17.328-0300] {processor.py:840} INFO - DAG(s) 'pipeline_credito' retrieved from /Users/davispecia/Documents/GitHub/Pf_pipeline_dados/Projeto_final_fase3/airflow_home/dags/pipeline_credito.py
[2025-11-27T14:43:17.401-0300] {logging_mixin.py:188} INFO - [2025-11-27T14:43:17.401-0300] {dag.py:3089} INFO - Sync 1 DAGs
[2025-11-27T14:43:17.411-0300] {logging_mixin.py:188} INFO - [2025-11-27T14:43:17.411-0300] {dag.py:3947} INFO - Setting next_dagrun for pipeline_credito to 2025-11-27 00:00:00+00:00, run_after=2025-11-28 00:00:00+00:00
[2025-11-27T14:43:17.420-0300] {processor.py:183} INFO - Processing /Users/davispecia/Documents/GitHub/Pf_pipeline_dados/Projeto_final_fase3/airflow_home/dags/pipeline_credito.py took 0.100 seconds
[2025-11-27T14:44:22.080-0300] {processor.py:161} INFO - Started process (PID=9183) to work on /Users/davispecia/Documents/GitHub/Pf_pipeline_dados/Projeto_final_fase3/airflow_home/dags/pipeline_credito.py
[2025-11-27T14:44:22.081-0300] {processor.py:830} INFO - Processing file /Users/davispecia/Documents/GitHub/Pf_pipeline_dados/Projeto_final_fase3/airflow_home/dags/pipeline_credito.py for tasks to queue
[2025-11-27T14:44:22.081-0300] {logging_mixin.py:188} INFO - [2025-11-27T14:44:22.081-0300] {dagbag.py:545} INFO - Filling up the DagBag from /Users/davispecia/Documents/GitHub/Pf_pipeline_dados/Projeto_final_fase3/airflow_home/dags/pipeline_credito.py
[2025-11-27T14:44:22.085-0300] {processor.py:840} INFO - DAG(s) 'pipeline_credito' retrieved from /Users/davispecia/Documents/GitHub/Pf_pipeline_dados/Projeto_final_fase3/airflow_home/dags/pipeline_credito.py
[2025-11-27T14:44:22.162-0300] {logging_mixin.py:188} INFO - [2025-11-27T14:44:22.162-0300] {dag.py:3089} INFO - Sync 1 DAGs
[2025-11-27T14:44:22.172-0300] {logging_mixin.py:188} INFO - [2025-11-27T14:44:22.172-0300] {dag.py:3947} INFO - Setting next_dagrun for pipeline_credito to 2025-11-27 00:00:00+00:00, run_after=2025-11-28 00:00:00+00:00
[2025-11-27T14:44:22.180-0300] {processor.py:183} INFO - Processing /Users/davispecia/Documents/GitHub/Pf_pipeline_dados/Projeto_final_fase3/airflow_home/dags/pipeline_credito.py took 0.103 seconds
[2025-11-27T14:45:36.313-0300] {processor.py:161} INFO - Started process (PID=9411) to work on /Users/davispecia/Documents/GitHub/Pf_pipeline_dados/Projeto_final_fase3/airflow_home/dags/pipeline_credito.py
[2025-11-27T14:45:36.314-0300] {processor.py:830} INFO - Processing file /Users/davispecia/Documents/GitHub/Pf_pipeline_dados/Projeto_final_fase3/airflow_home/dags/pipeline_credito.py for tasks to queue
[2025-11-27T14:45:36.314-0300] {logging_mixin.py:188} INFO - [2025-11-27T14:45:36.314-0300] {dagbag.py:545} INFO - Filling up the DagBag from /Users/davispecia/Documents/GitHub/Pf_pipeline_dados/Projeto_final_fase3/airflow_home/dags/pipeline_credito.py
[2025-11-27T14:45:36.318-0300] {processor.py:840} INFO - DAG(s) 'pipeline_credito' retrieved from /Users/davispecia/Documents/GitHub/Pf_pipeline_dados/Projeto_final_fase3/airflow_home/dags/pipeline_credito.py
[2025-11-27T14:45:36.391-0300] {logging_mixin.py:188} INFO - [2025-11-27T14:45:36.391-0300] {dag.py:3089} INFO - Sync 1 DAGs
[2025-11-27T14:45:36.401-0300] {logging_mixin.py:188} INFO - [2025-11-27T14:45:36.401-0300] {dag.py:3947} INFO - Setting next_dagrun for pipeline_credito to 2025-11-27 00:00:00+00:00, run_after=2025-11-28 00:00:00+00:00
[2025-11-27T14:45:36.410-0300] {processor.py:183} INFO - Processing /Users/davispecia/Documents/GitHub/Pf_pipeline_dados/Projeto_final_fase3/airflow_home/dags/pipeline_credito.py took 0.099 seconds
[2025-11-27T14:46:41.818-0300] {processor.py:161} INFO - Started process (PID=9563) to work on /Users/davispecia/Documents/GitHub/Pf_pipeline_dados/Projeto_final_fase3/airflow_home/dags/pipeline_credito.py
[2025-11-27T14:46:41.819-0300] {processor.py:830} INFO - Processing file /Users/davispecia/Documents/GitHub/Pf_pipeline_dados/Projeto_final_fase3/airflow_home/dags/pipeline_credito.py for tasks to queue
[2025-11-27T14:46:41.819-0300] {logging_mixin.py:188} INFO - [2025-11-27T14:46:41.819-0300] {dagbag.py:545} INFO - Filling up the DagBag from /Users/davispecia/Documents/GitHub/Pf_pipeline_dados/Projeto_final_fase3/airflow_home/dags/pipeline_credito.py
[2025-11-27T14:46:41.824-0300] {processor.py:840} INFO - DAG(s) 'pipeline_credito' retrieved from /Users/davispecia/Documents/GitHub/Pf_pipeline_dados/Projeto_final_fase3/airflow_home/dags/pipeline_credito.py
[2025-11-27T14:46:41.895-0300] {logging_mixin.py:188} INFO - [2025-11-27T14:46:41.894-0300] {dag.py:3089} INFO - Sync 1 DAGs
[2025-11-27T14:46:41.904-0300] {logging_mixin.py:188} INFO - [2025-11-27T14:46:41.904-0300] {dag.py:3947} INFO - Setting next_dagrun for pipeline_credito to 2025-11-27 00:00:00+00:00, run_after=2025-11-28 00:00:00+00:00
[2025-11-27T14:46:41.914-0300] {processor.py:183} INFO - Processing /Users/davispecia/Documents/GitHub/Pf_pipeline_dados/Projeto_final_fase3/airflow_home/dags/pipeline_credito.py took 0.098 seconds
[2025-11-27T14:47:45.478-0300] {processor.py:161} INFO - Started process (PID=9728) to work on /Users/davispecia/Documents/GitHub/Pf_pipeline_dados/Projeto_final_fase3/airflow_home/dags/pipeline_credito.py
[2025-11-27T14:47:45.478-0300] {processor.py:830} INFO - Processing file /Users/davispecia/Documents/GitHub/Pf_pipeline_dados/Projeto_final_fase3/airflow_home/dags/pipeline_credito.py for tasks to queue
[2025-11-27T14:47:45.479-0300] {logging_mixin.py:188} INFO - [2025-11-27T14:47:45.479-0300] {dagbag.py:545} INFO - Filling up the DagBag from /Users/davispecia/Documents/GitHub/Pf_pipeline_dados/Projeto_final_fase3/airflow_home/dags/pipeline_credito.py
[2025-11-27T14:47:45.483-0300] {processor.py:840} INFO - DAG(s) 'pipeline_credito' retrieved from /Users/davispecia/Documents/GitHub/Pf_pipeline_dados/Projeto_final_fase3/airflow_home/dags/pipeline_credito.py
[2025-11-27T14:47:45.554-0300] {logging_mixin.py:188} INFO - [2025-11-27T14:47:45.554-0300] {dag.py:3089} INFO - Sync 1 DAGs
[2025-11-27T14:47:45.564-0300] {logging_mixin.py:188} INFO - [2025-11-27T14:47:45.564-0300] {dag.py:3947} INFO - Setting next_dagrun for pipeline_credito to 2025-11-27 00:00:00+00:00, run_after=2025-11-28 00:00:00+00:00
[2025-11-27T14:47:45.573-0300] {processor.py:183} INFO - Processing /Users/davispecia/Documents/GitHub/Pf_pipeline_dados/Projeto_final_fase3/airflow_home/dags/pipeline_credito.py took 0.097 seconds
[2025-11-27T14:48:48.363-0300] {processor.py:161} INFO - Started process (PID=9876) to work on /Users/davispecia/Documents/GitHub/Pf_pipeline_dados/Projeto_final_fase3/airflow_home/dags/pipeline_credito.py
[2025-11-27T14:48:48.364-0300] {processor.py:830} INFO - Processing file /Users/davispecia/Documents/GitHub/Pf_pipeline_dados/Projeto_final_fase3/airflow_home/dags/pipeline_credito.py for tasks to queue
[2025-11-27T14:48:48.365-0300] {logging_mixin.py:188} INFO - [2025-11-27T14:48:48.365-0300] {dagbag.py:545} INFO - Filling up the DagBag from /Users/davispecia/Documents/GitHub/Pf_pipeline_dados/Projeto_final_fase3/airflow_home/dags/pipeline_credito.py
[2025-11-27T14:48:48.369-0300] {processor.py:840} INFO - DAG(s) 'pipeline_credito' retrieved from /Users/davispecia/Documents/GitHub/Pf_pipeline_dados/Projeto_final_fase3/airflow_home/dags/pipeline_credito.py
[2025-11-27T14:48:48.441-0300] {logging_mixin.py:188} INFO - [2025-11-27T14:48:48.441-0300] {dag.py:3089} INFO - Sync 1 DAGs
[2025-11-27T14:48:48.451-0300] {logging_mixin.py:188} INFO - [2025-11-27T14:48:48.451-0300] {dag.py:3947} INFO - Setting next_dagrun for pipeline_credito to 2025-11-27 00:00:00+00:00, run_after=2025-11-28 00:00:00+00:00
[2025-11-27T14:48:48.459-0300] {processor.py:183} INFO - Processing /Users/davispecia/Documents/GitHub/Pf_pipeline_dados/Projeto_final_fase3/airflow_home/dags/pipeline_credito.py took 0.098 seconds
[2025-11-27T14:49:53.421-0300] {processor.py:161} INFO - Started process (PID=10050) to work on /Users/davispecia/Documents/GitHub/Pf_pipeline_dados/Projeto_final_fase3/airflow_home/dags/pipeline_credito.py
[2025-11-27T14:49:53.422-0300] {processor.py:830} INFO - Processing file /Users/davispecia/Documents/GitHub/Pf_pipeline_dados/Projeto_final_fase3/airflow_home/dags/pipeline_credito.py for tasks to queue
[2025-11-27T14:49:53.422-0300] {logging_mixin.py:188} INFO - [2025-11-27T14:49:53.422-0300] {dagbag.py:545} INFO - Filling up the DagBag from /Users/davispecia/Documents/GitHub/Pf_pipeline_dados/Projeto_final_fase3/airflow_home/dags/pipeline_credito.py
[2025-11-27T14:49:53.426-0300] {processor.py:840} INFO - DAG(s) 'pipeline_credito' retrieved from /Users/davispecia/Documents/GitHub/Pf_pipeline_dados/Projeto_final_fase3/airflow_home/dags/pipeline_credito.py
[2025-11-27T14:49:53.498-0300] {logging_mixin.py:188} INFO - [2025-11-27T14:49:53.498-0300] {dag.py:3089} INFO - Sync 1 DAGs
[2025-11-27T14:49:53.507-0300] {logging_mixin.py:188} INFO - [2025-11-27T14:49:53.507-0300] {dag.py:3947} INFO - Setting next_dagrun for pipeline_credito to 2025-11-27 00:00:00+00:00, run_after=2025-11-28 00:00:00+00:00
[2025-11-27T14:49:53.516-0300] {processor.py:183} INFO - Processing /Users/davispecia/Documents/GitHub/Pf_pipeline_dados/Projeto_final_fase3/airflow_home/dags/pipeline_credito.py took 0.098 seconds
[2025-11-27T14:51:06.722-0300] {processor.py:161} INFO - Started process (PID=10276) to work on /Users/davispecia/Documents/GitHub/Pf_pipeline_dados/Projeto_final_fase3/airflow_home/dags/pipeline_credito.py
[2025-11-27T14:51:06.723-0300] {processor.py:830} INFO - Processing file /Users/davispecia/Documents/GitHub/Pf_pipeline_dados/Projeto_final_fase3/airflow_home/dags/pipeline_credito.py for tasks to queue
[2025-11-27T14:51:06.723-0300] {logging_mixin.py:188} INFO - [2025-11-27T14:51:06.723-0300] {dagbag.py:545} INFO - Filling up the DagBag from /Users/davispecia/Documents/GitHub/Pf_pipeline_dados/Projeto_final_fase3/airflow_home/dags/pipeline_credito.py
[2025-11-27T14:51:06.728-0300] {processor.py:840} INFO - DAG(s) 'pipeline_credito' retrieved from /Users/davispecia/Documents/GitHub/Pf_pipeline_dados/Projeto_final_fase3/airflow_home/dags/pipeline_credito.py
[2025-11-27T14:51:06.796-0300] {logging_mixin.py:188} INFO - [2025-11-27T14:51:06.796-0300] {dag.py:3089} INFO - Sync 1 DAGs
[2025-11-27T14:51:06.805-0300] {logging_mixin.py:188} INFO - [2025-11-27T14:51:06.804-0300] {dag.py:3947} INFO - Setting next_dagrun for pipeline_credito to 2025-11-27 00:00:00+00:00, run_after=2025-11-28 00:00:00+00:00
[2025-11-27T14:51:06.815-0300] {processor.py:183} INFO - Processing /Users/davispecia/Documents/GitHub/Pf_pipeline_dados/Projeto_final_fase3/airflow_home/dags/pipeline_credito.py took 0.095 seconds
[2025-11-27T14:52:11.976-0300] {processor.py:161} INFO - Started process (PID=10438) to work on /Users/davispecia/Documents/GitHub/Pf_pipeline_dados/Projeto_final_fase3/airflow_home/dags/pipeline_credito.py
[2025-11-27T14:52:11.976-0300] {processor.py:830} INFO - Processing file /Users/davispecia/Documents/GitHub/Pf_pipeline_dados/Projeto_final_fase3/airflow_home/dags/pipeline_credito.py for tasks to queue
[2025-11-27T14:52:11.977-0300] {logging_mixin.py:188} INFO - [2025-11-27T14:52:11.977-0300] {dagbag.py:545} INFO - Filling up the DagBag from /Users/davispecia/Documents/GitHub/Pf_pipeline_dados/Projeto_final_fase3/airflow_home/dags/pipeline_credito.py
[2025-11-27T14:52:11.982-0300] {processor.py:840} INFO - DAG(s) 'pipeline_credito' retrieved from /Users/davispecia/Documents/GitHub/Pf_pipeline_dados/Projeto_final_fase3/airflow_home/dags/pipeline_credito.py
[2025-11-27T14:52:12.062-0300] {logging_mixin.py:188} INFO - [2025-11-27T14:52:12.062-0300] {dag.py:3089} INFO - Sync 1 DAGs
[2025-11-27T14:52:12.072-0300] {logging_mixin.py:188} INFO - [2025-11-27T14:52:12.072-0300] {dag.py:3947} INFO - Setting next_dagrun for pipeline_credito to 2025-11-27 00:00:00+00:00, run_after=2025-11-28 00:00:00+00:00
[2025-11-27T14:52:12.081-0300] {processor.py:183} INFO - Processing /Users/davispecia/Documents/GitHub/Pf_pipeline_dados/Projeto_final_fase3/airflow_home/dags/pipeline_credito.py took 0.108 seconds
[2025-11-27T14:53:14.588-0300] {processor.py:161} INFO - Started process (PID=10597) to work on /Users/davispecia/Documents/GitHub/Pf_pipeline_dados/Projeto_final_fase3/airflow_home/dags/pipeline_credito.py
[2025-11-27T14:53:14.589-0300] {processor.py:830} INFO - Processing file /Users/davispecia/Documents/GitHub/Pf_pipeline_dados/Projeto_final_fase3/airflow_home/dags/pipeline_credito.py for tasks to queue
[2025-11-27T14:53:14.589-0300] {logging_mixin.py:188} INFO - [2025-11-27T14:53:14.589-0300] {dagbag.py:545} INFO - Filling up the DagBag from /Users/davispecia/Documents/GitHub/Pf_pipeline_dados/Projeto_final_fase3/airflow_home/dags/pipeline_credito.py
[2025-11-27T14:53:14.594-0300] {processor.py:840} INFO - DAG(s) 'pipeline_credito' retrieved from /Users/davispecia/Documents/GitHub/Pf_pipeline_dados/Projeto_final_fase3/airflow_home/dags/pipeline_credito.py
[2025-11-27T14:53:14.664-0300] {logging_mixin.py:188} INFO - [2025-11-27T14:53:14.663-0300] {dag.py:3089} INFO - Sync 1 DAGs
[2025-11-27T14:53:14.673-0300] {logging_mixin.py:188} INFO - [2025-11-27T14:53:14.673-0300] {dag.py:3947} INFO - Setting next_dagrun for pipeline_credito to 2025-11-27 00:00:00+00:00, run_after=2025-11-28 00:00:00+00:00
[2025-11-27T14:53:14.681-0300] {processor.py:183} INFO - Processing /Users/davispecia/Documents/GitHub/Pf_pipeline_dados/Projeto_final_fase3/airflow_home/dags/pipeline_credito.py took 0.095 seconds
[2025-11-27T14:54:15.330-0300] {processor.py:161} INFO - Started process (PID=10744) to work on /Users/davispecia/Documents/GitHub/Pf_pipeline_dados/Projeto_final_fase3/airflow_home/dags/pipeline_credito.py
[2025-11-27T14:54:15.331-0300] {processor.py:830} INFO - Processing file /Users/davispecia/Documents/GitHub/Pf_pipeline_dados/Projeto_final_fase3/airflow_home/dags/pipeline_credito.py for tasks to queue
[2025-11-27T14:54:15.332-0300] {logging_mixin.py:188} INFO - [2025-11-27T14:54:15.332-0300] {dagbag.py:545} INFO - Filling up the DagBag from /Users/davispecia/Documents/GitHub/Pf_pipeline_dados/Projeto_final_fase3/airflow_home/dags/pipeline_credito.py
[2025-11-27T14:54:15.336-0300] {processor.py:840} INFO - DAG(s) 'pipeline_credito' retrieved from /Users/davispecia/Documents/GitHub/Pf_pipeline_dados/Projeto_final_fase3/airflow_home/dags/pipeline_credito.py
[2025-11-27T14:54:15.405-0300] {logging_mixin.py:188} INFO - [2025-11-27T14:54:15.405-0300] {dag.py:3089} INFO - Sync 1 DAGs
[2025-11-27T14:54:15.414-0300] {logging_mixin.py:188} INFO - [2025-11-27T14:54:15.414-0300] {dag.py:3947} INFO - Setting next_dagrun for pipeline_credito to 2025-11-27 00:00:00+00:00, run_after=2025-11-28 00:00:00+00:00
[2025-11-27T14:54:15.422-0300] {processor.py:183} INFO - Processing /Users/davispecia/Documents/GitHub/Pf_pipeline_dados/Projeto_final_fase3/airflow_home/dags/pipeline_credito.py took 0.094 seconds
[2025-11-27T14:55:18.888-0300] {processor.py:161} INFO - Started process (PID=10900) to work on /Users/davispecia/Documents/GitHub/Pf_pipeline_dados/Projeto_final_fase3/airflow_home/dags/pipeline_credito.py
[2025-11-27T14:55:18.889-0300] {processor.py:830} INFO - Processing file /Users/davispecia/Documents/GitHub/Pf_pipeline_dados/Projeto_final_fase3/airflow_home/dags/pipeline_credito.py for tasks to queue
[2025-11-27T14:55:18.889-0300] {logging_mixin.py:188} INFO - [2025-11-27T14:55:18.889-0300] {dagbag.py:545} INFO - Filling up the DagBag from /Users/davispecia/Documents/GitHub/Pf_pipeline_dados/Projeto_final_fase3/airflow_home/dags/pipeline_credito.py
[2025-11-27T14:55:18.894-0300] {processor.py:840} INFO - DAG(s) 'pipeline_credito' retrieved from /Users/davispecia/Documents/GitHub/Pf_pipeline_dados/Projeto_final_fase3/airflow_home/dags/pipeline_credito.py
[2025-11-27T14:55:18.964-0300] {logging_mixin.py:188} INFO - [2025-11-27T14:55:18.964-0300] {dag.py:3089} INFO - Sync 1 DAGs
[2025-11-27T14:55:18.973-0300] {logging_mixin.py:188} INFO - [2025-11-27T14:55:18.973-0300] {dag.py:3947} INFO - Setting next_dagrun for pipeline_credito to 2025-11-27 00:00:00+00:00, run_after=2025-11-28 00:00:00+00:00
[2025-11-27T14:55:18.982-0300] {processor.py:183} INFO - Processing /Users/davispecia/Documents/GitHub/Pf_pipeline_dados/Projeto_final_fase3/airflow_home/dags/pipeline_credito.py took 0.095 seconds
[2025-11-27T14:56:28.438-0300] {processor.py:161} INFO - Started process (PID=11118) to work on /Users/davispecia/Documents/GitHub/Pf_pipeline_dados/Projeto_final_fase3/airflow_home/dags/pipeline_credito.py
[2025-11-27T14:56:28.439-0300] {processor.py:830} INFO - Processing file /Users/davispecia/Documents/GitHub/Pf_pipeline_dados/Projeto_final_fase3/airflow_home/dags/pipeline_credito.py for tasks to queue
[2025-11-27T14:56:28.439-0300] {logging_mixin.py:188} INFO - [2025-11-27T14:56:28.439-0300] {dagbag.py:545} INFO - Filling up the DagBag from /Users/davispecia/Documents/GitHub/Pf_pipeline_dados/Projeto_final_fase3/airflow_home/dags/pipeline_credito.py
[2025-11-27T14:56:28.444-0300] {processor.py:840} INFO - DAG(s) 'pipeline_credito' retrieved from /Users/davispecia/Documents/GitHub/Pf_pipeline_dados/Projeto_final_fase3/airflow_home/dags/pipeline_credito.py
[2025-11-27T14:56:28.515-0300] {logging_mixin.py:188} INFO - [2025-11-27T14:56:28.515-0300] {dag.py:3089} INFO - Sync 1 DAGs
[2025-11-27T14:56:28.524-0300] {logging_mixin.py:188} INFO - [2025-11-27T14:56:28.524-0300] {dag.py:3947} INFO - Setting next_dagrun for pipeline_credito to 2025-11-27 00:00:00+00:00, run_after=2025-11-28 00:00:00+00:00
[2025-11-27T14:56:28.533-0300] {processor.py:183} INFO - Processing /Users/davispecia/Documents/GitHub/Pf_pipeline_dados/Projeto_final_fase3/airflow_home/dags/pipeline_credito.py took 0.097 seconds
[2025-11-27T14:57:32.199-0300] {processor.py:161} INFO - Started process (PID=11287) to work on /Users/davispecia/Documents/GitHub/Pf_pipeline_dados/Projeto_final_fase3/airflow_home/dags/pipeline_credito.py
[2025-11-27T14:57:32.200-0300] {processor.py:830} INFO - Processing file /Users/davispecia/Documents/GitHub/Pf_pipeline_dados/Projeto_final_fase3/airflow_home/dags/pipeline_credito.py for tasks to queue
[2025-11-27T14:57:32.200-0300] {logging_mixin.py:188} INFO - [2025-11-27T14:57:32.200-0300] {dagbag.py:545} INFO - Filling up the DagBag from /Users/davispecia/Documents/GitHub/Pf_pipeline_dados/Projeto_final_fase3/airflow_home/dags/pipeline_credito.py
[2025-11-27T14:57:32.205-0300] {processor.py:840} INFO - DAG(s) 'pipeline_credito' retrieved from /Users/davispecia/Documents/GitHub/Pf_pipeline_dados/Projeto_final_fase3/airflow_home/dags/pipeline_credito.py
[2025-11-27T14:57:32.275-0300] {logging_mixin.py:188} INFO - [2025-11-27T14:57:32.275-0300] {dag.py:3089} INFO - Sync 1 DAGs
[2025-11-27T14:57:32.284-0300] {logging_mixin.py:188} INFO - [2025-11-27T14:57:32.284-0300] {dag.py:3947} INFO - Setting next_dagrun for pipeline_credito to 2025-11-27 00:00:00+00:00, run_after=2025-11-28 00:00:00+00:00
[2025-11-27T14:57:32.293-0300] {processor.py:183} INFO - Processing /Users/davispecia/Documents/GitHub/Pf_pipeline_dados/Projeto_final_fase3/airflow_home/dags/pipeline_credito.py took 0.096 seconds
[2025-11-27T14:58:36.578-0300] {processor.py:161} INFO - Started process (PID=11434) to work on /Users/davispecia/Documents/GitHub/Pf_pipeline_dados/Projeto_final_fase3/airflow_home/dags/pipeline_credito.py
[2025-11-27T14:58:36.578-0300] {processor.py:830} INFO - Processing file /Users/davispecia/Documents/GitHub/Pf_pipeline_dados/Projeto_final_fase3/airflow_home/dags/pipeline_credito.py for tasks to queue
[2025-11-27T14:58:36.579-0300] {logging_mixin.py:188} INFO - [2025-11-27T14:58:36.579-0300] {dagbag.py:545} INFO - Filling up the DagBag from /Users/davispecia/Documents/GitHub/Pf_pipeline_dados/Projeto_final_fase3/airflow_home/dags/pipeline_credito.py
[2025-11-27T14:58:36.583-0300] {processor.py:840} INFO - DAG(s) 'pipeline_credito' retrieved from /Users/davispecia/Documents/GitHub/Pf_pipeline_dados/Projeto_final_fase3/airflow_home/dags/pipeline_credito.py
[2025-11-27T14:58:36.652-0300] {logging_mixin.py:188} INFO - [2025-11-27T14:58:36.652-0300] {dag.py:3089} INFO - Sync 1 DAGs
[2025-11-27T14:58:36.661-0300] {logging_mixin.py:188} INFO - [2025-11-27T14:58:36.660-0300] {dag.py:3947} INFO - Setting next_dagrun for pipeline_credito to 2025-11-27 00:00:00+00:00, run_after=2025-11-28 00:00:00+00:00
[2025-11-27T14:58:36.669-0300] {processor.py:183} INFO - Processing /Users/davispecia/Documents/GitHub/Pf_pipeline_dados/Projeto_final_fase3/airflow_home/dags/pipeline_credito.py took 0.093 seconds
[2025-11-27T14:59:39.606-0300] {processor.py:161} INFO - Started process (PID=11589) to work on /Users/davispecia/Documents/GitHub/Pf_pipeline_dados/Projeto_final_fase3/airflow_home/dags/pipeline_credito.py
[2025-11-27T14:59:39.607-0300] {processor.py:830} INFO - Processing file /Users/davispecia/Documents/GitHub/Pf_pipeline_dados/Projeto_final_fase3/airflow_home/dags/pipeline_credito.py for tasks to queue
[2025-11-27T14:59:39.608-0300] {logging_mixin.py:188} INFO - [2025-11-27T14:59:39.608-0300] {dagbag.py:545} INFO - Filling up the DagBag from /Users/davispecia/Documents/GitHub/Pf_pipeline_dados/Projeto_final_fase3/airflow_home/dags/pipeline_credito.py
[2025-11-27T14:59:39.612-0300] {processor.py:840} INFO - DAG(s) 'pipeline_credito' retrieved from /Users/davispecia/Documents/GitHub/Pf_pipeline_dados/Projeto_final_fase3/airflow_home/dags/pipeline_credito.py
[2025-11-27T14:59:39.681-0300] {logging_mixin.py:188} INFO - [2025-11-27T14:59:39.681-0300] {dag.py:3089} INFO - Sync 1 DAGs
[2025-11-27T14:59:39.691-0300] {logging_mixin.py:188} INFO - [2025-11-27T14:59:39.691-0300] {dag.py:3947} INFO - Setting next_dagrun for pipeline_credito to 2025-11-27 00:00:00+00:00, run_after=2025-11-28 00:00:00+00:00
[2025-11-27T14:59:39.699-0300] {processor.py:183} INFO - Processing /Users/davispecia/Documents/GitHub/Pf_pipeline_dados/Projeto_final_fase3/airflow_home/dags/pipeline_credito.py took 0.094 seconds
[2025-11-27T15:00:43.103-0300] {processor.py:161} INFO - Started process (PID=11739) to work on /Users/davispecia/Documents/GitHub/Pf_pipeline_dados/Projeto_final_fase3/airflow_home/dags/pipeline_credito.py
[2025-11-27T15:00:43.104-0300] {processor.py:830} INFO - Processing file /Users/davispecia/Documents/GitHub/Pf_pipeline_dados/Projeto_final_fase3/airflow_home/dags/pipeline_credito.py for tasks to queue
[2025-11-27T15:00:43.104-0300] {logging_mixin.py:188} INFO - [2025-11-27T15:00:43.104-0300] {dagbag.py:545} INFO - Filling up the DagBag from /Users/davispecia/Documents/GitHub/Pf_pipeline_dados/Projeto_final_fase3/airflow_home/dags/pipeline_credito.py
[2025-11-27T15:00:43.109-0300] {processor.py:840} INFO - DAG(s) 'pipeline_credito' retrieved from /Users/davispecia/Documents/GitHub/Pf_pipeline_dados/Projeto_final_fase3/airflow_home/dags/pipeline_credito.py
[2025-11-27T15:00:43.176-0300] {logging_mixin.py:188} INFO - [2025-11-27T15:00:43.176-0300] {dag.py:3089} INFO - Sync 1 DAGs
[2025-11-27T15:00:43.185-0300] {logging_mixin.py:188} INFO - [2025-11-27T15:00:43.185-0300] {dag.py:3947} INFO - Setting next_dagrun for pipeline_credito to 2025-11-27 00:00:00+00:00, run_after=2025-11-28 00:00:00+00:00
[2025-11-27T15:00:43.193-0300] {processor.py:183} INFO - Processing /Users/davispecia/Documents/GitHub/Pf_pipeline_dados/Projeto_final_fase3/airflow_home/dags/pipeline_credito.py took 0.093 seconds
[2025-11-27T15:01:53.734-0300] {processor.py:161} INFO - Started process (PID=11967) to work on /Users/davispecia/Documents/GitHub/Pf_pipeline_dados/Projeto_final_fase3/airflow_home/dags/pipeline_credito.py
[2025-11-27T15:01:53.736-0300] {processor.py:830} INFO - Processing file /Users/davispecia/Documents/GitHub/Pf_pipeline_dados/Projeto_final_fase3/airflow_home/dags/pipeline_credito.py for tasks to queue
[2025-11-27T15:01:53.736-0300] {logging_mixin.py:188} INFO - [2025-11-27T15:01:53.736-0300] {dagbag.py:545} INFO - Filling up the DagBag from /Users/davispecia/Documents/GitHub/Pf_pipeline_dados/Projeto_final_fase3/airflow_home/dags/pipeline_credito.py
[2025-11-27T15:01:53.740-0300] {processor.py:840} INFO - DAG(s) 'pipeline_credito' retrieved from /Users/davispecia/Documents/GitHub/Pf_pipeline_dados/Projeto_final_fase3/airflow_home/dags/pipeline_credito.py
[2025-11-27T15:01:53.811-0300] {logging_mixin.py:188} INFO - [2025-11-27T15:01:53.811-0300] {dag.py:3089} INFO - Sync 1 DAGs
[2025-11-27T15:01:53.821-0300] {logging_mixin.py:188} INFO - [2025-11-27T15:01:53.821-0300] {dag.py:3947} INFO - Setting next_dagrun for pipeline_credito to 2025-11-27 00:00:00+00:00, run_after=2025-11-28 00:00:00+00:00
[2025-11-27T15:01:53.829-0300] {processor.py:183} INFO - Processing /Users/davispecia/Documents/GitHub/Pf_pipeline_dados/Projeto_final_fase3/airflow_home/dags/pipeline_credito.py took 0.097 seconds
[2025-11-27T15:03:00.067-0300] {processor.py:161} INFO - Started process (PID=12129) to work on /Users/davispecia/Documents/GitHub/Pf_pipeline_dados/Projeto_final_fase3/airflow_home/dags/pipeline_credito.py
[2025-11-27T15:03:00.068-0300] {processor.py:830} INFO - Processing file /Users/davispecia/Documents/GitHub/Pf_pipeline_dados/Projeto_final_fase3/airflow_home/dags/pipeline_credito.py for tasks to queue
[2025-11-27T15:03:00.068-0300] {logging_mixin.py:188} INFO - [2025-11-27T15:03:00.068-0300] {dagbag.py:545} INFO - Filling up the DagBag from /Users/davispecia/Documents/GitHub/Pf_pipeline_dados/Projeto_final_fase3/airflow_home/dags/pipeline_credito.py
[2025-11-27T15:03:00.073-0300] {processor.py:840} INFO - DAG(s) 'pipeline_credito' retrieved from /Users/davispecia/Documents/GitHub/Pf_pipeline_dados/Projeto_final_fase3/airflow_home/dags/pipeline_credito.py
[2025-11-27T15:03:00.144-0300] {logging_mixin.py:188} INFO - [2025-11-27T15:03:00.144-0300] {dag.py:3089} INFO - Sync 1 DAGs
[2025-11-27T15:03:00.153-0300] {logging_mixin.py:188} INFO - [2025-11-27T15:03:00.152-0300] {dag.py:3947} INFO - Setting next_dagrun for pipeline_credito to 2025-11-27 00:00:00+00:00, run_after=2025-11-28 00:00:00+00:00
[2025-11-27T15:03:00.161-0300] {processor.py:183} INFO - Processing /Users/davispecia/Documents/GitHub/Pf_pipeline_dados/Projeto_final_fase3/airflow_home/dags/pipeline_credito.py took 0.096 seconds
[2025-11-27T15:04:02.368-0300] {processor.py:161} INFO - Started process (PID=12277) to work on /Users/davispecia/Documents/GitHub/Pf_pipeline_dados/Projeto_final_fase3/airflow_home/dags/pipeline_credito.py
[2025-11-27T15:04:02.370-0300] {processor.py:830} INFO - Processing file /Users/davispecia/Documents/GitHub/Pf_pipeline_dados/Projeto_final_fase3/airflow_home/dags/pipeline_credito.py for tasks to queue
[2025-11-27T15:04:02.370-0300] {logging_mixin.py:188} INFO - [2025-11-27T15:04:02.370-0300] {dagbag.py:545} INFO - Filling up the DagBag from /Users/davispecia/Documents/GitHub/Pf_pipeline_dados/Projeto_final_fase3/airflow_home/dags/pipeline_credito.py
[2025-11-27T15:04:02.374-0300] {processor.py:840} INFO - DAG(s) 'pipeline_credito' retrieved from /Users/davispecia/Documents/GitHub/Pf_pipeline_dados/Projeto_final_fase3/airflow_home/dags/pipeline_credito.py
[2025-11-27T15:04:02.445-0300] {logging_mixin.py:188} INFO - [2025-11-27T15:04:02.444-0300] {dag.py:3089} INFO - Sync 1 DAGs
[2025-11-27T15:04:02.455-0300] {logging_mixin.py:188} INFO - [2025-11-27T15:04:02.454-0300] {dag.py:3947} INFO - Setting next_dagrun for pipeline_credito to 2025-11-27 00:00:00+00:00, run_after=2025-11-28 00:00:00+00:00
[2025-11-27T15:04:02.463-0300] {processor.py:183} INFO - Processing /Users/davispecia/Documents/GitHub/Pf_pipeline_dados/Projeto_final_fase3/airflow_home/dags/pipeline_credito.py took 0.097 seconds
[2025-11-27T15:05:05.571-0300] {processor.py:161} INFO - Started process (PID=12426) to work on /Users/davispecia/Documents/GitHub/Pf_pipeline_dados/Projeto_final_fase3/airflow_home/dags/pipeline_credito.py
[2025-11-27T15:05:05.572-0300] {processor.py:830} INFO - Processing file /Users/davispecia/Documents/GitHub/Pf_pipeline_dados/Projeto_final_fase3/airflow_home/dags/pipeline_credito.py for tasks to queue
[2025-11-27T15:05:05.573-0300] {logging_mixin.py:188} INFO - [2025-11-27T15:05:05.573-0300] {dagbag.py:545} INFO - Filling up the DagBag from /Users/davispecia/Documents/GitHub/Pf_pipeline_dados/Projeto_final_fase3/airflow_home/dags/pipeline_credito.py
[2025-11-27T15:05:05.577-0300] {processor.py:840} INFO - DAG(s) 'pipeline_credito' retrieved from /Users/davispecia/Documents/GitHub/Pf_pipeline_dados/Projeto_final_fase3/airflow_home/dags/pipeline_credito.py
[2025-11-27T15:05:05.646-0300] {logging_mixin.py:188} INFO - [2025-11-27T15:05:05.646-0300] {dag.py:3089} INFO - Sync 1 DAGs
[2025-11-27T15:05:05.655-0300] {logging_mixin.py:188} INFO - [2025-11-27T15:05:05.655-0300] {dag.py:3947} INFO - Setting next_dagrun for pipeline_credito to 2025-11-27 00:00:00+00:00, run_after=2025-11-28 00:00:00+00:00
[2025-11-27T15:05:05.664-0300] {processor.py:183} INFO - Processing /Users/davispecia/Documents/GitHub/Pf_pipeline_dados/Projeto_final_fase3/airflow_home/dags/pipeline_credito.py took 0.094 seconds
[2025-11-27T15:06:08.451-0300] {processor.py:161} INFO - Started process (PID=12574) to work on /Users/davispecia/Documents/GitHub/Pf_pipeline_dados/Projeto_final_fase3/airflow_home/dags/pipeline_credito.py
[2025-11-27T15:06:08.453-0300] {processor.py:830} INFO - Processing file /Users/davispecia/Documents/GitHub/Pf_pipeline_dados/Projeto_final_fase3/airflow_home/dags/pipeline_credito.py for tasks to queue
[2025-11-27T15:06:08.453-0300] {logging_mixin.py:188} INFO - [2025-11-27T15:06:08.453-0300] {dagbag.py:545} INFO - Filling up the DagBag from /Users/davispecia/Documents/GitHub/Pf_pipeline_dados/Projeto_final_fase3/airflow_home/dags/pipeline_credito.py
[2025-11-27T15:06:08.457-0300] {processor.py:840} INFO - DAG(s) 'pipeline_credito' retrieved from /Users/davispecia/Documents/GitHub/Pf_pipeline_dados/Projeto_final_fase3/airflow_home/dags/pipeline_credito.py
[2025-11-27T15:06:08.525-0300] {logging_mixin.py:188} INFO - [2025-11-27T15:06:08.525-0300] {dag.py:3089} INFO - Sync 1 DAGs
[2025-11-27T15:06:08.534-0300] {logging_mixin.py:188} INFO - [2025-11-27T15:06:08.534-0300] {dag.py:3947} INFO - Setting next_dagrun for pipeline_credito to 2025-11-27 00:00:00+00:00, run_after=2025-11-28 00:00:00+00:00
[2025-11-27T15:06:08.542-0300] {processor.py:183} INFO - Processing /Users/davispecia/Documents/GitHub/Pf_pipeline_dados/Projeto_final_fase3/airflow_home/dags/pipeline_credito.py took 0.093 seconds
[2025-11-27T15:07:13.770-0300] {processor.py:161} INFO - Started process (PID=12737) to work on /Users/davispecia/Documents/GitHub/Pf_pipeline_dados/Projeto_final_fase3/airflow_home/dags/pipeline_credito.py
[2025-11-27T15:07:13.771-0300] {processor.py:830} INFO - Processing file /Users/davispecia/Documents/GitHub/Pf_pipeline_dados/Projeto_final_fase3/airflow_home/dags/pipeline_credito.py for tasks to queue
[2025-11-27T15:07:13.772-0300] {logging_mixin.py:188} INFO - [2025-11-27T15:07:13.772-0300] {dagbag.py:545} INFO - Filling up the DagBag from /Users/davispecia/Documents/GitHub/Pf_pipeline_dados/Projeto_final_fase3/airflow_home/dags/pipeline_credito.py
[2025-11-27T15:07:13.776-0300] {processor.py:840} INFO - DAG(s) 'pipeline_credito' retrieved from /Users/davispecia/Documents/GitHub/Pf_pipeline_dados/Projeto_final_fase3/airflow_home/dags/pipeline_credito.py
[2025-11-27T15:07:13.845-0300] {logging_mixin.py:188} INFO - [2025-11-27T15:07:13.844-0300] {dag.py:3089} INFO - Sync 1 DAGs
[2025-11-27T15:07:13.853-0300] {logging_mixin.py:188} INFO - [2025-11-27T15:07:13.853-0300] {dag.py:3947} INFO - Setting next_dagrun for pipeline_credito to 2025-11-27 00:00:00+00:00, run_after=2025-11-28 00:00:00+00:00
[2025-11-27T15:07:13.862-0300] {processor.py:183} INFO - Processing /Users/davispecia/Documents/GitHub/Pf_pipeline_dados/Projeto_final_fase3/airflow_home/dags/pipeline_credito.py took 0.094 seconds
[2025-11-27T15:08:25.481-0300] {processor.py:161} INFO - Started process (PID=12963) to work on /Users/davispecia/Documents/GitHub/Pf_pipeline_dados/Projeto_final_fase3/airflow_home/dags/pipeline_credito.py
[2025-11-27T15:08:25.483-0300] {processor.py:830} INFO - Processing file /Users/davispecia/Documents/GitHub/Pf_pipeline_dados/Projeto_final_fase3/airflow_home/dags/pipeline_credito.py for tasks to queue
[2025-11-27T15:08:25.483-0300] {logging_mixin.py:188} INFO - [2025-11-27T15:08:25.483-0300] {dagbag.py:545} INFO - Filling up the DagBag from /Users/davispecia/Documents/GitHub/Pf_pipeline_dados/Projeto_final_fase3/airflow_home/dags/pipeline_credito.py
[2025-11-27T15:08:25.487-0300] {processor.py:840} INFO - DAG(s) 'pipeline_credito' retrieved from /Users/davispecia/Documents/GitHub/Pf_pipeline_dados/Projeto_final_fase3/airflow_home/dags/pipeline_credito.py
[2025-11-27T15:08:25.555-0300] {logging_mixin.py:188} INFO - [2025-11-27T15:08:25.555-0300] {dag.py:3089} INFO - Sync 1 DAGs
[2025-11-27T15:08:25.564-0300] {logging_mixin.py:188} INFO - [2025-11-27T15:08:25.563-0300] {dag.py:3947} INFO - Setting next_dagrun for pipeline_credito to 2025-11-27 00:00:00+00:00, run_after=2025-11-28 00:00:00+00:00
[2025-11-27T15:08:25.572-0300] {processor.py:183} INFO - Processing /Users/davispecia/Documents/GitHub/Pf_pipeline_dados/Projeto_final_fase3/airflow_home/dags/pipeline_credito.py took 0.093 seconds
[2025-11-27T15:09:27.978-0300] {processor.py:161} INFO - Started process (PID=13116) to work on /Users/davispecia/Documents/GitHub/Pf_pipeline_dados/Projeto_final_fase3/airflow_home/dags/pipeline_credito.py
[2025-11-27T15:09:27.979-0300] {processor.py:830} INFO - Processing file /Users/davispecia/Documents/GitHub/Pf_pipeline_dados/Projeto_final_fase3/airflow_home/dags/pipeline_credito.py for tasks to queue
[2025-11-27T15:09:27.979-0300] {logging_mixin.py:188} INFO - [2025-11-27T15:09:27.979-0300] {dagbag.py:545} INFO - Filling up the DagBag from /Users/davispecia/Documents/GitHub/Pf_pipeline_dados/Projeto_final_fase3/airflow_home/dags/pipeline_credito.py
[2025-11-27T15:09:27.984-0300] {processor.py:840} INFO - DAG(s) 'pipeline_credito' retrieved from /Users/davispecia/Documents/GitHub/Pf_pipeline_dados/Projeto_final_fase3/airflow_home/dags/pipeline_credito.py
[2025-11-27T15:09:28.053-0300] {logging_mixin.py:188} INFO - [2025-11-27T15:09:28.053-0300] {dag.py:3089} INFO - Sync 1 DAGs
[2025-11-27T15:09:28.062-0300] {logging_mixin.py:188} INFO - [2025-11-27T15:09:28.062-0300] {dag.py:3947} INFO - Setting next_dagrun for pipeline_credito to 2025-11-27 00:00:00+00:00, run_after=2025-11-28 00:00:00+00:00
[2025-11-27T15:09:28.071-0300] {processor.py:183} INFO - Processing /Users/davispecia/Documents/GitHub/Pf_pipeline_dados/Projeto_final_fase3/airflow_home/dags/pipeline_credito.py took 0.095 seconds
[2025-11-27T15:10:30.730-0300] {processor.py:161} INFO - Started process (PID=13267) to work on /Users/davispecia/Documents/GitHub/Pf_pipeline_dados/Projeto_final_fase3/airflow_home/dags/pipeline_credito.py
[2025-11-27T15:10:30.731-0300] {processor.py:830} INFO - Processing file /Users/davispecia/Documents/GitHub/Pf_pipeline_dados/Projeto_final_fase3/airflow_home/dags/pipeline_credito.py for tasks to queue
[2025-11-27T15:10:30.731-0300] {logging_mixin.py:188} INFO - [2025-11-27T15:10:30.731-0300] {dagbag.py:545} INFO - Filling up the DagBag from /Users/davispecia/Documents/GitHub/Pf_pipeline_dados/Projeto_final_fase3/airflow_home/dags/pipeline_credito.py
[2025-11-27T15:10:30.735-0300] {processor.py:840} INFO - DAG(s) 'pipeline_credito' retrieved from /Users/davispecia/Documents/GitHub/Pf_pipeline_dados/Projeto_final_fase3/airflow_home/dags/pipeline_credito.py
[2025-11-27T15:10:30.806-0300] {logging_mixin.py:188} INFO - [2025-11-27T15:10:30.805-0300] {dag.py:3089} INFO - Sync 1 DAGs
[2025-11-27T15:10:30.815-0300] {logging_mixin.py:188} INFO - [2025-11-27T15:10:30.815-0300] {dag.py:3947} INFO - Setting next_dagrun for pipeline_credito to 2025-11-27 00:00:00+00:00, run_after=2025-11-28 00:00:00+00:00
[2025-11-27T15:10:30.824-0300] {processor.py:183} INFO - Processing /Users/davispecia/Documents/GitHub/Pf_pipeline_dados/Projeto_final_fase3/airflow_home/dags/pipeline_credito.py took 0.097 seconds
[2025-11-27T15:11:34.376-0300] {processor.py:161} INFO - Started process (PID=13427) to work on /Users/davispecia/Documents/GitHub/Pf_pipeline_dados/Projeto_final_fase3/airflow_home/dags/pipeline_credito.py
[2025-11-27T15:11:34.376-0300] {processor.py:830} INFO - Processing file /Users/davispecia/Documents/GitHub/Pf_pipeline_dados/Projeto_final_fase3/airflow_home/dags/pipeline_credito.py for tasks to queue
[2025-11-27T15:11:34.377-0300] {logging_mixin.py:188} INFO - [2025-11-27T15:11:34.377-0300] {dagbag.py:545} INFO - Filling up the DagBag from /Users/davispecia/Documents/GitHub/Pf_pipeline_dados/Projeto_final_fase3/airflow_home/dags/pipeline_credito.py
[2025-11-27T15:11:34.381-0300] {processor.py:840} INFO - DAG(s) 'pipeline_credito' retrieved from /Users/davispecia/Documents/GitHub/Pf_pipeline_dados/Projeto_final_fase3/airflow_home/dags/pipeline_credito.py
[2025-11-27T15:11:34.462-0300] {logging_mixin.py:188} INFO - [2025-11-27T15:11:34.462-0300] {dag.py:3089} INFO - Sync 1 DAGs
[2025-11-27T15:11:34.472-0300] {logging_mixin.py:188} INFO - [2025-11-27T15:11:34.472-0300] {dag.py:3947} INFO - Setting next_dagrun for pipeline_credito to 2025-11-27 00:00:00+00:00, run_after=2025-11-28 00:00:00+00:00
[2025-11-27T15:11:34.483-0300] {processor.py:183} INFO - Processing /Users/davispecia/Documents/GitHub/Pf_pipeline_dados/Projeto_final_fase3/airflow_home/dags/pipeline_credito.py took 0.109 seconds
[2025-11-27T15:12:38.731-0300] {processor.py:161} INFO - Started process (PID=13656) to work on /Users/davispecia/Documents/GitHub/Pf_pipeline_dados/Projeto_final_fase3/airflow_home/dags/pipeline_credito.py
[2025-11-27T15:12:38.732-0300] {processor.py:830} INFO - Processing file /Users/davispecia/Documents/GitHub/Pf_pipeline_dados/Projeto_final_fase3/airflow_home/dags/pipeline_credito.py for tasks to queue
[2025-11-27T15:12:38.732-0300] {logging_mixin.py:188} INFO - [2025-11-27T15:12:38.732-0300] {dagbag.py:545} INFO - Filling up the DagBag from /Users/davispecia/Documents/GitHub/Pf_pipeline_dados/Projeto_final_fase3/airflow_home/dags/pipeline_credito.py
[2025-11-27T15:12:38.736-0300] {processor.py:840} INFO - DAG(s) 'pipeline_credito' retrieved from /Users/davispecia/Documents/GitHub/Pf_pipeline_dados/Projeto_final_fase3/airflow_home/dags/pipeline_credito.py
[2025-11-27T15:12:38.806-0300] {logging_mixin.py:188} INFO - [2025-11-27T15:12:38.806-0300] {dag.py:3089} INFO - Sync 1 DAGs
[2025-11-27T15:12:38.815-0300] {logging_mixin.py:188} INFO - [2025-11-27T15:12:38.815-0300] {dag.py:3947} INFO - Setting next_dagrun for pipeline_credito to 2025-11-27 00:00:00+00:00, run_after=2025-11-28 00:00:00+00:00
[2025-11-27T15:12:38.823-0300] {processor.py:183} INFO - Processing /Users/davispecia/Documents/GitHub/Pf_pipeline_dados/Projeto_final_fase3/airflow_home/dags/pipeline_credito.py took 0.095 seconds
[2025-11-27T15:13:45.818-0300] {processor.py:161} INFO - Started process (PID=13883) to work on /Users/davispecia/Documents/GitHub/Pf_pipeline_dados/Projeto_final_fase3/airflow_home/dags/pipeline_credito.py
[2025-11-27T15:13:45.819-0300] {processor.py:830} INFO - Processing file /Users/davispecia/Documents/GitHub/Pf_pipeline_dados/Projeto_final_fase3/airflow_home/dags/pipeline_credito.py for tasks to queue
[2025-11-27T15:13:45.820-0300] {logging_mixin.py:188} INFO - [2025-11-27T15:13:45.820-0300] {dagbag.py:545} INFO - Filling up the DagBag from /Users/davispecia/Documents/GitHub/Pf_pipeline_dados/Projeto_final_fase3/airflow_home/dags/pipeline_credito.py
[2025-11-27T15:13:45.824-0300] {processor.py:840} INFO - DAG(s) 'pipeline_credito' retrieved from /Users/davispecia/Documents/GitHub/Pf_pipeline_dados/Projeto_final_fase3/airflow_home/dags/pipeline_credito.py
[2025-11-27T15:13:45.893-0300] {logging_mixin.py:188} INFO - [2025-11-27T15:13:45.893-0300] {dag.py:3089} INFO - Sync 1 DAGs
[2025-11-27T15:13:45.902-0300] {logging_mixin.py:188} INFO - [2025-11-27T15:13:45.902-0300] {dag.py:3947} INFO - Setting next_dagrun for pipeline_credito to 2025-11-27 00:00:00+00:00, run_after=2025-11-28 00:00:00+00:00
[2025-11-27T15:13:45.911-0300] {processor.py:183} INFO - Processing /Users/davispecia/Documents/GitHub/Pf_pipeline_dados/Projeto_final_fase3/airflow_home/dags/pipeline_credito.py took 0.094 seconds
[2025-11-27T15:14:42.853-0300] {processor.py:161} INFO - Started process (PID=14022) to work on /Users/davispecia/Documents/GitHub/Pf_pipeline_dados/Projeto_final_fase3/airflow_home/dags/pipeline_credito.py
[2025-11-27T15:14:42.854-0300] {processor.py:830} INFO - Processing file /Users/davispecia/Documents/GitHub/Pf_pipeline_dados/Projeto_final_fase3/airflow_home/dags/pipeline_credito.py for tasks to queue
[2025-11-27T15:14:42.854-0300] {logging_mixin.py:188} INFO - [2025-11-27T15:14:42.854-0300] {dagbag.py:545} INFO - Filling up the DagBag from /Users/davispecia/Documents/GitHub/Pf_pipeline_dados/Projeto_final_fase3/airflow_home/dags/pipeline_credito.py
[2025-11-27T15:14:42.858-0300] {processor.py:840} INFO - DAG(s) 'pipeline_credito' retrieved from /Users/davispecia/Documents/GitHub/Pf_pipeline_dados/Projeto_final_fase3/airflow_home/dags/pipeline_credito.py
[2025-11-27T15:14:42.927-0300] {logging_mixin.py:188} INFO - [2025-11-27T15:14:42.927-0300] {dag.py:3089} INFO - Sync 1 DAGs
[2025-11-27T15:14:42.937-0300] {logging_mixin.py:188} INFO - [2025-11-27T15:14:42.937-0300] {dag.py:3947} INFO - Setting next_dagrun for pipeline_credito to 2025-11-27 00:00:00+00:00, run_after=2025-11-28 00:00:00+00:00
[2025-11-27T15:14:42.945-0300] {processor.py:183} INFO - Processing /Users/davispecia/Documents/GitHub/Pf_pipeline_dados/Projeto_final_fase3/airflow_home/dags/pipeline_credito.py took 0.094 seconds
[2025-11-27T15:15:42.487-0300] {processor.py:161} INFO - Started process (PID=14162) to work on /Users/davispecia/Documents/GitHub/Pf_pipeline_dados/Projeto_final_fase3/airflow_home/dags/pipeline_credito.py
[2025-11-27T15:15:42.488-0300] {processor.py:830} INFO - Processing file /Users/davispecia/Documents/GitHub/Pf_pipeline_dados/Projeto_final_fase3/airflow_home/dags/pipeline_credito.py for tasks to queue
[2025-11-27T15:15:42.488-0300] {logging_mixin.py:188} INFO - [2025-11-27T15:15:42.488-0300] {dagbag.py:545} INFO - Filling up the DagBag from /Users/davispecia/Documents/GitHub/Pf_pipeline_dados/Projeto_final_fase3/airflow_home/dags/pipeline_credito.py
[2025-11-27T15:15:42.493-0300] {processor.py:840} INFO - DAG(s) 'pipeline_credito' retrieved from /Users/davispecia/Documents/GitHub/Pf_pipeline_dados/Projeto_final_fase3/airflow_home/dags/pipeline_credito.py
[2025-11-27T15:15:42.564-0300] {logging_mixin.py:188} INFO - [2025-11-27T15:15:42.564-0300] {dag.py:3089} INFO - Sync 1 DAGs
[2025-11-27T15:15:42.573-0300] {logging_mixin.py:188} INFO - [2025-11-27T15:15:42.573-0300] {dag.py:3947} INFO - Setting next_dagrun for pipeline_credito to 2025-11-27 00:00:00+00:00, run_after=2025-11-28 00:00:00+00:00
[2025-11-27T15:15:42.581-0300] {processor.py:183} INFO - Processing /Users/davispecia/Documents/GitHub/Pf_pipeline_dados/Projeto_final_fase3/airflow_home/dags/pipeline_credito.py took 0.096 seconds
[2025-11-27T15:16:43.688-0300] {processor.py:161} INFO - Started process (PID=14315) to work on /Users/davispecia/Documents/GitHub/Pf_pipeline_dados/Projeto_final_fase3/airflow_home/dags/pipeline_credito.py
[2025-11-27T15:16:43.689-0300] {processor.py:830} INFO - Processing file /Users/davispecia/Documents/GitHub/Pf_pipeline_dados/Projeto_final_fase3/airflow_home/dags/pipeline_credito.py for tasks to queue
[2025-11-27T15:16:43.689-0300] {logging_mixin.py:188} INFO - [2025-11-27T15:16:43.689-0300] {dagbag.py:545} INFO - Filling up the DagBag from /Users/davispecia/Documents/GitHub/Pf_pipeline_dados/Projeto_final_fase3/airflow_home/dags/pipeline_credito.py
[2025-11-27T15:16:43.694-0300] {processor.py:840} INFO - DAG(s) 'pipeline_credito' retrieved from /Users/davispecia/Documents/GitHub/Pf_pipeline_dados/Projeto_final_fase3/airflow_home/dags/pipeline_credito.py
[2025-11-27T15:16:43.763-0300] {logging_mixin.py:188} INFO - [2025-11-27T15:16:43.763-0300] {dag.py:3089} INFO - Sync 1 DAGs
[2025-11-27T15:16:43.772-0300] {logging_mixin.py:188} INFO - [2025-11-27T15:16:43.772-0300] {dag.py:3947} INFO - Setting next_dagrun for pipeline_credito to 2025-11-27 00:00:00+00:00, run_after=2025-11-28 00:00:00+00:00
[2025-11-27T15:16:43.781-0300] {processor.py:183} INFO - Processing /Users/davispecia/Documents/GitHub/Pf_pipeline_dados/Projeto_final_fase3/airflow_home/dags/pipeline_credito.py took 0.095 seconds
[2025-11-27T15:17:45.562-0300] {processor.py:161} INFO - Started process (PID=14480) to work on /Users/davispecia/Documents/GitHub/Pf_pipeline_dados/Projeto_final_fase3/airflow_home/dags/pipeline_credito.py
[2025-11-27T15:17:45.562-0300] {processor.py:830} INFO - Processing file /Users/davispecia/Documents/GitHub/Pf_pipeline_dados/Projeto_final_fase3/airflow_home/dags/pipeline_credito.py for tasks to queue
[2025-11-27T15:17:45.563-0300] {logging_mixin.py:188} INFO - [2025-11-27T15:17:45.563-0300] {dagbag.py:545} INFO - Filling up the DagBag from /Users/davispecia/Documents/GitHub/Pf_pipeline_dados/Projeto_final_fase3/airflow_home/dags/pipeline_credito.py
[2025-11-27T15:17:45.567-0300] {processor.py:840} INFO - DAG(s) 'pipeline_credito' retrieved from /Users/davispecia/Documents/GitHub/Pf_pipeline_dados/Projeto_final_fase3/airflow_home/dags/pipeline_credito.py
[2025-11-27T15:17:45.640-0300] {logging_mixin.py:188} INFO - [2025-11-27T15:17:45.640-0300] {dag.py:3089} INFO - Sync 1 DAGs
[2025-11-27T15:17:45.654-0300] {logging_mixin.py:188} INFO - [2025-11-27T15:17:45.654-0300] {dag.py:3947} INFO - Setting next_dagrun for pipeline_credito to 2025-11-27 00:00:00+00:00, run_after=2025-11-28 00:00:00+00:00
[2025-11-27T15:17:45.665-0300] {processor.py:183} INFO - Processing /Users/davispecia/Documents/GitHub/Pf_pipeline_dados/Projeto_final_fase3/airflow_home/dags/pipeline_credito.py took 0.105 seconds
[2025-11-27T15:18:54.625-0300] {processor.py:161} INFO - Started process (PID=14694) to work on /Users/davispecia/Documents/GitHub/Pf_pipeline_dados/Projeto_final_fase3/airflow_home/dags/pipeline_credito.py
[2025-11-27T15:18:54.626-0300] {processor.py:830} INFO - Processing file /Users/davispecia/Documents/GitHub/Pf_pipeline_dados/Projeto_final_fase3/airflow_home/dags/pipeline_credito.py for tasks to queue
[2025-11-27T15:18:54.626-0300] {logging_mixin.py:188} INFO - [2025-11-27T15:18:54.626-0300] {dagbag.py:545} INFO - Filling up the DagBag from /Users/davispecia/Documents/GitHub/Pf_pipeline_dados/Projeto_final_fase3/airflow_home/dags/pipeline_credito.py
[2025-11-27T15:18:54.631-0300] {processor.py:840} INFO - DAG(s) 'pipeline_credito' retrieved from /Users/davispecia/Documents/GitHub/Pf_pipeline_dados/Projeto_final_fase3/airflow_home/dags/pipeline_credito.py
[2025-11-27T15:18:54.703-0300] {logging_mixin.py:188} INFO - [2025-11-27T15:18:54.702-0300] {dag.py:3089} INFO - Sync 1 DAGs
[2025-11-27T15:18:54.713-0300] {logging_mixin.py:188} INFO - [2025-11-27T15:18:54.712-0300] {dag.py:3947} INFO - Setting next_dagrun for pipeline_credito to 2025-11-27 00:00:00+00:00, run_after=2025-11-28 00:00:00+00:00
[2025-11-27T15:18:54.721-0300] {processor.py:183} INFO - Processing /Users/davispecia/Documents/GitHub/Pf_pipeline_dados/Projeto_final_fase3/airflow_home/dags/pipeline_credito.py took 0.098 seconds
[2025-11-27T15:19:53.486-0300] {processor.py:161} INFO - Started process (PID=14847) to work on /Users/davispecia/Documents/GitHub/Pf_pipeline_dados/Projeto_final_fase3/airflow_home/dags/pipeline_credito.py
[2025-11-27T15:19:53.487-0300] {processor.py:830} INFO - Processing file /Users/davispecia/Documents/GitHub/Pf_pipeline_dados/Projeto_final_fase3/airflow_home/dags/pipeline_credito.py for tasks to queue
[2025-11-27T15:19:53.487-0300] {logging_mixin.py:188} INFO - [2025-11-27T15:19:53.487-0300] {dagbag.py:545} INFO - Filling up the DagBag from /Users/davispecia/Documents/GitHub/Pf_pipeline_dados/Projeto_final_fase3/airflow_home/dags/pipeline_credito.py
[2025-11-27T15:19:53.492-0300] {processor.py:840} INFO - DAG(s) 'pipeline_credito' retrieved from /Users/davispecia/Documents/GitHub/Pf_pipeline_dados/Projeto_final_fase3/airflow_home/dags/pipeline_credito.py
[2025-11-27T15:19:53.560-0300] {logging_mixin.py:188} INFO - [2025-11-27T15:19:53.560-0300] {dag.py:3089} INFO - Sync 1 DAGs
[2025-11-27T15:19:53.570-0300] {logging_mixin.py:188} INFO - [2025-11-27T15:19:53.569-0300] {dag.py:3947} INFO - Setting next_dagrun for pipeline_credito to 2025-11-27 00:00:00+00:00, run_after=2025-11-28 00:00:00+00:00
[2025-11-27T15:19:53.578-0300] {processor.py:183} INFO - Processing /Users/davispecia/Documents/GitHub/Pf_pipeline_dados/Projeto_final_fase3/airflow_home/dags/pipeline_credito.py took 0.093 seconds
[2025-11-27T15:24:29.838-0300] {processor.py:161} INFO - Started process (PID=15050) to work on /Users/davispecia/Documents/GitHub/Pf_pipeline_dados/Projeto_final_fase3/airflow_home/dags/pipeline_credito.py
[2025-11-27T15:24:29.839-0300] {processor.py:830} INFO - Processing file /Users/davispecia/Documents/GitHub/Pf_pipeline_dados/Projeto_final_fase3/airflow_home/dags/pipeline_credito.py for tasks to queue
[2025-11-27T15:24:29.840-0300] {logging_mixin.py:188} INFO - [2025-11-27T15:24:29.839-0300] {dagbag.py:545} INFO - Filling up the DagBag from /Users/davispecia/Documents/GitHub/Pf_pipeline_dados/Projeto_final_fase3/airflow_home/dags/pipeline_credito.py
[2025-11-27T15:24:29.882-0300] {processor.py:840} INFO - DAG(s) 'pipeline_credito' retrieved from /Users/davispecia/Documents/GitHub/Pf_pipeline_dados/Projeto_final_fase3/airflow_home/dags/pipeline_credito.py
[2025-11-27T15:24:29.980-0300] {logging_mixin.py:188} INFO - [2025-11-27T15:24:29.980-0300] {dag.py:3089} INFO - Sync 1 DAGs
[2025-11-27T15:24:29.990-0300] {logging_mixin.py:188} INFO - [2025-11-27T15:24:29.990-0300] {dag.py:3947} INFO - Setting next_dagrun for pipeline_credito to 2025-11-27 00:00:00+00:00, run_after=2025-11-28 00:00:00+00:00
[2025-11-27T15:24:30.000-0300] {processor.py:183} INFO - Processing /Users/davispecia/Documents/GitHub/Pf_pipeline_dados/Projeto_final_fase3/airflow_home/dags/pipeline_credito.py took 0.166 seconds
[2025-11-27T15:25:39.987-0300] {processor.py:161} INFO - Started process (PID=15283) to work on /Users/davispecia/Documents/GitHub/Pf_pipeline_dados/Projeto_final_fase3/airflow_home/dags/pipeline_credito.py
[2025-11-27T15:25:39.987-0300] {processor.py:830} INFO - Processing file /Users/davispecia/Documents/GitHub/Pf_pipeline_dados/Projeto_final_fase3/airflow_home/dags/pipeline_credito.py for tasks to queue
[2025-11-27T15:25:39.988-0300] {logging_mixin.py:188} INFO - [2025-11-27T15:25:39.988-0300] {dagbag.py:545} INFO - Filling up the DagBag from /Users/davispecia/Documents/GitHub/Pf_pipeline_dados/Projeto_final_fase3/airflow_home/dags/pipeline_credito.py
[2025-11-27T15:25:39.992-0300] {processor.py:840} INFO - DAG(s) 'pipeline_credito' retrieved from /Users/davispecia/Documents/GitHub/Pf_pipeline_dados/Projeto_final_fase3/airflow_home/dags/pipeline_credito.py
[2025-11-27T15:25:40.062-0300] {logging_mixin.py:188} INFO - [2025-11-27T15:25:40.062-0300] {dag.py:3089} INFO - Sync 1 DAGs
[2025-11-27T15:25:40.072-0300] {logging_mixin.py:188} INFO - [2025-11-27T15:25:40.072-0300] {dag.py:3947} INFO - Setting next_dagrun for pipeline_credito to 2025-11-27 00:00:00+00:00, run_after=2025-11-28 00:00:00+00:00
[2025-11-27T15:25:40.080-0300] {processor.py:183} INFO - Processing /Users/davispecia/Documents/GitHub/Pf_pipeline_dados/Projeto_final_fase3/airflow_home/dags/pipeline_credito.py took 0.096 seconds
[2025-11-27T15:26:41.680-0300] {processor.py:161} INFO - Started process (PID=15431) to work on /Users/davispecia/Documents/GitHub/Pf_pipeline_dados/Projeto_final_fase3/airflow_home/dags/pipeline_credito.py
[2025-11-27T15:26:41.682-0300] {processor.py:830} INFO - Processing file /Users/davispecia/Documents/GitHub/Pf_pipeline_dados/Projeto_final_fase3/airflow_home/dags/pipeline_credito.py for tasks to queue
[2025-11-27T15:26:41.682-0300] {logging_mixin.py:188} INFO - [2025-11-27T15:26:41.682-0300] {dagbag.py:545} INFO - Filling up the DagBag from /Users/davispecia/Documents/GitHub/Pf_pipeline_dados/Projeto_final_fase3/airflow_home/dags/pipeline_credito.py
[2025-11-27T15:26:41.687-0300] {processor.py:840} INFO - DAG(s) 'pipeline_credito' retrieved from /Users/davispecia/Documents/GitHub/Pf_pipeline_dados/Projeto_final_fase3/airflow_home/dags/pipeline_credito.py
[2025-11-27T15:26:41.764-0300] {logging_mixin.py:188} INFO - [2025-11-27T15:26:41.764-0300] {dag.py:3089} INFO - Sync 1 DAGs
[2025-11-27T15:26:41.774-0300] {logging_mixin.py:188} INFO - [2025-11-27T15:26:41.774-0300] {dag.py:3947} INFO - Setting next_dagrun for pipeline_credito to 2025-11-27 00:00:00+00:00, run_after=2025-11-28 00:00:00+00:00
[2025-11-27T15:26:41.783-0300] {processor.py:183} INFO - Processing /Users/davispecia/Documents/GitHub/Pf_pipeline_dados/Projeto_final_fase3/airflow_home/dags/pipeline_credito.py took 0.105 seconds
